age_1h,aligned_1h_4h,close_with_1h,close_with_4h,ema20_rising,gap,gap_over_atr,prior_ret,ret_1h,ret_4h,rth_close,rth_high,rth_low,rth_open,rth_return,strength_1h,structure_1h,trading_date,trend_1h,trend_4h,year
0,False,,,,,,,0.000538585827498661,,3258.5,3258.75,3235.5,3246.5,0.0036962883104882938,weak,MIXED,2020-01-02,NEUTRAL,NEUTRAL,2020
0,False,,False,False,-37.0,,12.0,0.001240983479407376,-0.015330369461904025,3234.25,3246.25,3220.75,3221.5,0.003957783641160839,weak,HH_HL,2020-01-03,NEUTRAL,BEARISH,2020
0,False,,False,False,-19.75,,12.75,0.001244555071561848,-0.0058723535774996005,3246.5,3247.5,3213.25,3214.5,0.009954891896095885,weak,MIXED,2020-01-06,NEUTRAL,BEARISH,2020
1,False,True,,False,-7.0,,32.0,-0.002847468062182501,0.0014648061059285844,3237.25,3244.75,3231.75,3239.5,-0.0006945516283377584,weak,MIXED,2020-01-07,BEARISH,NEUTRAL,2020
5,True,True,True,True,1.75,,-2.25,0.0023977105731300963,0.00270646458397783,3253.75,3267.75,3236.0,3239.0,0.004553874652670542,weak,MIXED,2020-01-08,BULLISH,BULLISH,2020
0,False,,True,True,17.25,0.675146771037182,14.75,7.644091117575691e-05,0.0029910269192423566,3275.5,3276.75,3264.25,3271.0,0.0013757260776521285,weak,MIXED,2020-01-09,NEUTRAL,BULLISH,2020
0,False,,False,False,6.5,0.27807486631016043,4.5,-0.0005329678696512907,0.0024425616365162384,3265.75,3283.75,3260.75,3282.0,-0.004951249238269395,weak,LH_LL,2020-01-10,NEUTRAL,BULLISH,2020
0,False,,True,False,7.25,0.3108728943338438,-16.25,-0.0010677242220866745,0.0044430825800521045,3288.5,3288.75,3268.0,3273.0,0.0047357164680721375,weak,MIXED,2020-01-13,NEUTRAL,BULLISH,2020
0,False,,,True,-4.75,-0.20652173913043478,15.5,-0.0007596475235490674,-0.0008361204013378476,3283.25,3295.0,3277.25,3283.75,-0.00015226494099729315,weak,MIXED,2020-01-14,NEUTRAL,NEUTRAL,2020
0,False,,,False,-1.0,-0.04460966542750929,-0.5,-0.0009137983551629203,-0.0007603984487871696,3291.0,3299.0,3281.25,3282.25,0.0026658542158579657,weak,MIXED,2020-01-15,NEUTRAL,NEUTRAL,2020
0,False,,True,False,14.25,0.6492027334851936,8.75,0.0003784724850504073,0.0031873719359489794,3317.5,3317.75,3302.75,3305.25,0.003706224945162928,weak,MIXED,2020-01-16,NEUTRAL,BULLISH,2020
0,False,,True,True,7.75,0.36353944562899787,12.25,0.00030081973377460436,0.0021855452558594557,3328.25,3330.25,3319.0,3325.25,0.0009021878054280563,weak,MIXED,2020-01-17,NEUTRAL,BULLISH,2020
0,False,,False,False,-11.75,-0.5737538148524923,3.0,0.000754944889023168,-0.003909480490188688,3321.25,3329.75,3316.0,3316.5,0.0014322327755162956,weak,MIXED,2020-01-21,NEUTRAL,BEARISH,2020
0,False,,False,True,9.25,0.4633911368015415,4.75,-7.50356419298992e-05,0.003538890143814477,3321.5,3337.5,3319.5,3330.5,-0.002702296952409533,weak,MIXED,2020-01-22,NEUTRAL,BULLISH,2020
0,False,,,False,-8.0,-0.4036036036036036,-9.0,-0.001205636349935979,0.0009043635541488015,3325.25,3327.0,3301.25,3313.5,0.0035460992907800915,weak,LH_LL,2020-01-23,NEUTRAL,NEUTRAL,2020
0,False,,,True,6.25,0.3125,11.75,-0.0003000300030002734,0.001728803367408327,3294.5,3332.5,3280.5,3331.5,-0.0111061083595978,weak,MIXED,2020-01-24,NEUTRAL,NEUTRAL,2020
4,True,False,False,False,-57.75,-2.637846655791191,-37.0,-0.0031506954583877533,-0.015724703737465817,3241.25,3257.75,3233.0,3236.75,0.0013902834633505723,weak,MIXED,2020-01-27,BEARISH,BEARISH,2020
2,True,True,True,True,15.75,0.7424242424242424,4.5,0.003232509812976181,0.002314279102059613,3276.0,3285.0,3251.75,3257.0,0.005833589192508537,weak,MIXED,2020-01-28,BULLISH,BULLISH,2020
0,False,,,True,14.25,0.6288416075650118,19.0,0.0009137983551630313,0.0014468473956745775,3272.5,3292.75,3270.25,3290.25,-0.005394726844464737,weak,MIXED,2020-01-29,NEUTRAL,NEUTRAL,2020
0,False,,False,False,-23.5,-1.0681818181818181,-17.75,-0.000614722606423812,-0.006114805472750895,3282.75,3285.25,3241.0,3249.0,0.010387811634348987,weak,MIXED,2020-01-30,NEUTRAL,BEARISH,2020
0,False,,True,False,-7.25,-0.29874908020603386,33.75,-0.0003050873312485658,-0.006678303103893168,3222.5,3277.5,3212.75,3275.5,-0.01618073576553203,weak,MIXED,2020-01-31,NEUTRAL,BEARISH,2020
1,True,True,True,False,16.75,0.6146788990825688,-53.0,0.0023189302002009082,0.0030988534242331056,3247.0,3267.25,3237.75,3239.25,0.0023925291348305677,weak,MIXED,2020-02-03,BULLISH,BULLISH,2020
0,False,,True,True,39.5,1.4170403587443947,7.75,0.0016750418760469454,0.010400616332819634,3296.0,3305.25,3282.25,3286.5,0.0028906131142552027,weak,HH_HL,2020-02-04,NEUTRAL,BULLISH,2020
0,False,,True,True,32.0,1.1327433628318584,9.5,-0.00022530980097634767,0.007499431861222705,3333.5,3336.0,3311.75,3328.0,0.0016526442307691624,weak,MIXED,2020-02-05,NEUTRAL,BULLISH,2020
0,False,,,True,10.5,0.3656716417910448,5.5,0.00029906542056079566,0.0017238794783391853,3344.5,3346.5,3332.75,3344.0,0.00014952153110048272,weak,MIXED,2020-02-06,NEUTRAL,NEUTRAL,2020
0,False,,True,True,-11.5,-0.4017467248908297,0.5,-0.0006745615350022272,-0.005451015531660719,3326.75,3341.25,3320.75,3333.0,-0.0018751875187519307,weak,MIXED,2020-02-07,NEUTRAL,BEARISH,2020
0,False,,,False,-10.25,-0.35000000000000003,-6.25,-0.0003762510346903003,0.0011284983448691666,3351.5,3351.75,3316.25,3316.5,0.01055329413538364,weak,MIXED,2020-02-10,NEUTRAL,NEUTRAL,2020
0,False,,False,True,14.75,0.47828604516502604,35.0,0.0015628488501897575,0.0028339175180849274,3356.75,3374.5,3351.75,3366.25,-0.0028221314519123464,weak,HH_HL,2020-02-11,NEUTRAL,BULLISH,2020
0,False,,True,True,15.75,0.5051546391752577,-9.5,0.0007421701053882401,0.0034233831956538285,3378.25,3380.75,3368.5,3372.5,0.001704966641957073,weak,MIXED,2020-02-12,NEUTRAL,BULLISH,2020
1,False,True,False,False,-16.0,-0.5295508274231678,5.75,0.002234304014299582,-0.007247448602277773,3374.75,3384.75,3359.0,3362.25,0.0037177485314894287,weak,HH_HL,2020-02-13,BULLISH,BEARISH,2020
0,False,,,False,3.25,0.1146817895400126,12.5,-0.0008133086876155327,0.0013318534961155315,3379.5,3380.75,3365.25,3378.0,0.000444049733570262,weak,MIXED,2020-02-14,NEUTRAL,NEUTRAL,2020
0,False,,False,False,-11.0,-0.3974193548387097,1.5,0.0009660399791930896,-0.005681818181818232,3370.0,3375.0,3355.25,3368.5,0.00044530206323289967,weak,MIXED,2020-02-18,NEUTRAL,BEARISH,2020
0,False,,True,True,10.75,0.40240641711229946,1.5,0.0010365763364430514,0.00200252169398496,3386.25,3393.75,3377.75,3380.75,0.0016268579457221488,weak,HH_HL,2020-02-19,NEUTRAL,BULLISH,2020
0,False,,,False,-6.25,-0.23809523809523808,5.5,-0.0018463810930575697,-0.001549472441525812,3372.0,3389.0,3339.25,3380.0,-0.002366863905325478,weak,MIXED,2020-02-20,NEUTRAL,NEUTRAL,2020
0,False,,True,True,-14.75,-0.5536193029490617,-8.0,0.0008202833706190127,-0.003266518188567158,3337.0,3360.5,3328.0,3357.25,-0.006031722391838579,weak,MIXED,2020-02-21,NEUTRAL,BEARISH,2020
7,True,True,True,False,-104.25,-4.283198826118856,-20.25,-0.004370495322803203,-0.0272597918070846,3225.5,3260.0,3213.75,3232.75,-0.0022426726471270753,medium,MIXED,2020-02-24,BEARISH,BEARISH,2020
1,False,False,,False,15.0,0.5874125874125874,-7.25,0.0020867145838163736,0.0009296560272700205,3127.75,3247.25,3117.25,3240.5,-0.03479401326955722,weak,HH_HL,2020-02-25,BULLISH,NEUTRAL,2020
2,False,False,True,False,14.5,0.4370290635091496,-112.75,0.008590927338418375,-0.006372470925601448,3116.25,3182.0,3107.5,3142.25,-0.008274325722014475,strong,MIXED,2020-02-26,BULLISH,BEARISH,2020
4,True,True,True,False,-62.0,-1.686255463817387,-26.0,-0.009461426491994218,-0.007258064516128981,2973.75,3096.25,2973.75,3054.25,-0.026356716051403772,strong,LH_LL,2020-02-27,BEARISH,BEARISH,2020
0,False,,False,False,-88.0,-1.9759422614274258,-80.5,-0.0014633726435396843,-0.005594642705772701,2963.75,2966.0,2853.25,2885.75,0.027029368448410196,weak,MIXED,2020-02-28,NEUTRAL,BEARISH,2020
4,True,False,False,True,16.75,0.3276283618581907,78.0,-0.004456402926090952,-0.010040160642570295,3089.5,3090.75,2942.5,2980.5,0.03657104512665654,medium,MIXED,2020-03-02,BEARISH,BEARISH,2020
2,False,True,False,True,4.0,0.0675920337960169,109.0,-0.007022925411688696,0.007487588508179321,3001.0,3137.0,2973.0,3093.5,-0.02990140617423631,medium,MIXED,2020-03-03,BEARISH,BULLISH,2020
0,False,,True,False,57.75,0.8337200309358083,-92.5,0.0,0.02165914032446903,3127.0,3129.0,3030.75,3058.75,0.02231303637106663,weak,MIXED,2020-03-04,NEUTRAL,BULLISH,2020
6,True,True,True,True,-80.0,-1.0608572105138527,68.25,-0.0056220972867269126,-0.019046853652656126,3021.5,3082.25,2996.5,3047.0,-0.00836888743025932,medium,MIXED,2020-03-05,BEARISH,BEARISH,2020
5,True,False,False,False,-93.25,-1.1700649787138697,-25.5,-0.008460952703274405,-0.027295285359801524,2970.5,2984.25,2898.0,2928.25,0.01442841287458374,strong,MIXED,2020-03-06,BEARISH,BEARISH,2020
0,False,,True,False,-208.5,-2.4601769911504423,42.25,0.0,-0.04884015183466894,2735.75,2836.75,2715.0,2762.0,-0.009503982621288931,weak,MIXED,2020-03-09,NEUTRAL,BEARISH,2020
1,False,False,True,False,104.5,1.135428793170353,-26.25,-0.00525762355415349,0.0514907627583685,2881.25,2882.0,2728.5,2840.25,0.014435349000968323,medium,LH_LL,2020-03-10,BEARISH,BULLISH,2020
2,True,True,True,True,-79.0,-0.7755960729312763,41.0,-0.02131800088456437,-0.022073520465803464,2738.0,2814.5,2702.75,2802.25,-0.02292800428227315,strong,LH_LL,2020-03-11,BEARISH,BEARISH,2020
5,True,True,True,False,-175.0,-1.646505376344086,-64.25,-0.0031618281115263214,-0.04496534111638084,2469.75,2658.75,2465.0,2563.0,-0.03638314475224347,weak,MIXED,2020-03-12,BEARISH,BEARISH,2020
9,True,True,True,True,152.75,1.2966499924207973,-93.25,0.022962451956243246,0.05163792223696295,2703.75,2706.0,2488.75,2622.5,0.030981887511916106,strong,MIXED,2020-03-13,BULLISH,BULLISH,2020
0,False,,True,True,-190.25,-1.4632605411344597,81.25,0.0,-0.03649498076742663,2387.0,2562.5,2360.25,2513.5,-0.05032822757111599,weak,MIXED,2020-03-16,NEUTRAL,BEARISH,2020
1,False,True,,False,56.75,0.4198150594451784,-126.5,0.0026598465473146593,-0.000622277535780924,2549.0,2554.5,2365.0,2443.75,0.04306905370843994,weak,MIXED,2020-03-17,BULLISH,NEUTRAL,2020
0,False,,False,False,-196.0,-1.3668742216687422,105.25,0.0,-0.037111535753796665,2392.75,2442.0,2262.0,2353.0,0.0168933276668084,weak,MIXED,2020-03-18,NEUTRAL,BEARISH,2020
2,True,False,False,False,-18.0,-0.12203389830508475,39.75,-0.01590932723302485,-0.012470123662059684,2398.25,2457.25,2306.25,2374.75,0.009895778503000274,strong,MIXED,2020-03-19,BEARISH,BEARISH,2020
2,False,True,False,False,22.5,0.1497682158564127,23.5,-0.03327301970245278,0.05870488322717615,2284.25,2442.5,2280.75,2420.75,-0.0563874832180109,strong,LH_LL,2020-03-20,BEARISH,BULLISH,2020
4,False,False,True,True,-4.75,-0.03141608598086689,-136.5,0.06270552216804637,-0.02073681888374146,2216.75,2290.75,2179.5,2279.5,-0.027527966659355085,strong,MIXED,2020-03-23,BULLISH,BEARISH,2020
7,True,True,True,True,130.0,0.8817829457364342,-62.75,0.00419580419580412,0.05242981170368699,2433.0,2437.75,2334.0,2346.75,0.036752956216043575,medium,MIXED,2020-03-24,BULLISH,BULLISH,2020
3,False,False,True,False,11.0,0.07441410968833051,86.25,-0.021561712846347558,0.014022517911975507,2466.75,2560.75,2393.5,2444.0,0.009308510638297962,strong,MIXED,2020-03-25,BEARISH,BULLISH,2020
1,False,True,False,True,26.25,0.1708507670850767,22.75,0.013292117465224074,-0.01448981659742632,2609.0,2625.75,2487.25,2493.0,0.04653028479743271,strong,MIXED,2020-03-26,BULLISH,BEARISH,2020
4,True,False,False,False,-81.0,-0.5146942017474185,116.0,-0.013956666016006203,-0.026343418917629147,2532.0,2605.0,2505.25,2528.0,0.0015822784810126667,strong,LH_LL,2020-03-27,BEARISH,BEARISH,2020
2,False,True,,True,20.75,0.13318051575931233,4.0,0.01477295260757483,-0.0017857142857142794,2614.0,2621.75,2532.25,2552.75,0.023993732249534716,strong,HH_HL,2020-03-30,BULLISH,NEUTRAL,2020
3,False,True,False,False,-11.5,-0.07604203565946392,61.25,-0.01501615662421596,0.004974648426289141,2571.75,2629.5,2558.5,2602.5,-0.011815561959654164,strong,LH_LL,2020-03-31,BEARISH,BULLISH,2020
3,True,True,True,False,-96.25,-0.6489284854322176,-30.75,-0.004414125200642105,-0.025370804059328678,2455.75,2509.75,2434.25,2475.5,-0.007978186225005013,medium,LH_LL,2020-04-01,BEARISH,BEARISH,2020
1,False,False,True,True,-8.0,-0.05719392314566577,-19.75,-0.014042126379137376,0.011081740544937047,2516.0,2523.0,2441.25,2447.75,0.02788274946379321,strong,MIXED,2020-04-02,BEARISH,BULLISH,2020
2,False,False,True,True,-12.5,-0.09600877794541214,68.25,0.00894652191395262,-0.010233482364629953,2479.5,2529.5,2449.0,2503.5,-0.009586578789694378,strong,MIXED,2020-04-03,BULLISH,BEARISH,2020
0,False,,True,True,95.75,0.7880658436213992,-24.0,-0.0008726849607292309,0.04041931256929754,2646.75,2668.5,2564.0,2575.25,0.02776429472866715,weak,MIXED,2020-04-06,NEUTRAL,BULLISH,2020
8,True,False,False,True,93.0,0.8056930693069306,71.5,0.010256884124930643,0.02596789423984891,2649.75,2750.0,2647.5,2739.75,-0.03284971256501501,strong,MIXED,2020-04-07,BULLISH,BULLISH,2020
3,False,True,,True,28.0,0.25479363015924605,-90.0,0.011645521681499682,0.00037918286093474585,2738.5,2752.5,2653.5,2677.75,0.02268695733358239,strong,HH_HL,2020-04-08,BULLISH,NEUTRAL,2020
1,False,True,False,True,34.75,0.3272788429196098,60.75,0.011331444759206777,-0.004015331264829336,2780.0,2809.5,2752.25,2773.25,0.0024339673668078987,strong,MIXED,2020-04-09,BULLISH,BEARISH,2020
2,False,False,True,True,-11.25,-0.11396526772793054,6.75,0.010023692363768877,-0.015877287405812734,2753.0,2771.75,2711.0,2768.75,-0.005688487584650126,strong,HH_HL,2020-04-13,BULLISH,BEARISH,2020
1,True,True,True,True,54.5,0.573037927149831,-15.75,0.00664511494252884,0.010687437732089577,2837.0,2846.0,2796.25,2807.5,0.010507569011576123,medium,HH_HL,2020-04-14,BULLISH,BULLISH,2020
6,True,False,False,False,-64.25,-0.7041095890410959,29.5,-0.012615191911962031,-0.017929337317630467,2775.0,2792.75,2751.25,2772.75,0.000811468758452838,strong,MIXED,2020-04-15,BEARISH,BEARISH,2020
0,False,,False,True,13.75,0.16713696548730195,2.25,-0.0009852216748768017,0.007674943566591486,2788.75,2797.75,2754.75,2788.75,0.0,weak,MIXED,2020-04-16,NEUTRAL,BULLISH,2020
0,False,,True,False,61.5,0.8151479289940828,0.0,0.00131302521008414,0.012456930824277679,2864.5,2871.0,2821.0,2850.25,0.004999561441978884,weak,MIXED,2020-04-17,NEUTRAL,BULLISH,2020
6,True,True,True,False,-41.75,-0.5807252856433185,14.25,-0.011411516853932602,-0.011240850470547237,2813.25,2860.75,2810.75,2822.75,-0.003365512354972955,strong,MIXED,2020-04-20,BEARISH,BEARISH,2020
4,True,True,True,False,-49.0,-0.7094105480868667,-9.5,-0.01512981199641894,-0.011648586163969465,2727.0,2777.5,2717.25,2764.25,-0.013475626300081367,strong,LH_LL,2020-04-21,BEARISH,BEARISH,2020
8,True,True,True,True,53.75,0.7869281045751634,-37.25,0.0029753854476601838,0.013171133266258073,2789.0,2808.0,2766.25,2780.75,0.0029668254967185614,weak,MIXED,2020-04-22,BULLISH,BULLISH,2020
2,True,False,False,True,13.0,0.19728997289972902,8.25,0.007723394701391939,0.00232974910394268,2788.0,2836.75,2785.0,2802.0,-0.0049964311206280865,medium,MIXED,2020-04-23,BULLISH,BULLISH,2020
8,True,True,True,False,17.0,0.26666666666666666,-14.0,0.010539591027835415,0.003774602318684206,2828.0,2835.0,2782.25,2805.0,0.008199643493761233,strong,MIXED,2020-04-24,BULLISH,BULLISH,2020
0,False,,True,True,21.0,0.33998265394622723,23.0,0.00026274303730944304,0.011492220650636487,2869.25,2881.25,2843.75,2849.0,0.007107757107757129,weak,MIXED,2020-04-27,NEUTRAL,BULLISH,2020
6,True,False,False,True,39.25,0.6888122845502977,20.25,0.012164393083673675,0.0132542727589815,2856.0,2912.25,2852.0,2908.5,-0.018050541516245522,strong,MIXED,2020-04-28,BULLISH,BULLISH,2020
1,True,True,True,True,57.25,1.0608868299139642,-52.5,0.00915371329879111,0.011449047369340937,2929.75,2947.25,2902.25,2913.25,0.005663777568008177,strong,MIXED,2020-04-29,BULLISH,BULLISH,2020
6,True,True,True,False,-15.0,-0.2993585174625802,16.5,-0.010962862241862825,-0.003464593544025729,2901.25,2920.0,2883.25,2914.75,-0.004631615061326033,strong,LH_LL,2020-04-30,BEARISH,BEARISH,2020
1,True,True,True,False,-51.0,-1.0484581497797356,-13.5,-0.0025440828142819782,-0.013529921942758039,2824.25,2857.75,2811.75,2850.25,-0.009122006841505104,weak,MIXED,2020-05-01,BEARISH,BEARISH,2020
1,False,True,False,False,-20.0,-0.42026266416510316,-26.0,0.0025049203793165997,-0.0073659921902733405,2833.0,2835.75,2788.5,2804.25,0.010252295622715568,weak,HH_HL,2020-05-04,BULLISH,BEARISH,2020
1,True,False,False,True,30.25,0.6380414312617703,28.75,0.009615384615384581,0.008045977011494232,2858.75,2889.75,2854.25,2863.25,-0.0015716406181786047,strong,HH_HL,2020-05-05,BULLISH,BULLISH,2020
0,False,,False,False,18.75,0.39908779931584953,-4.5,-0.0017377704405248107,0.008130081300812941,2840.0,2881.75,2837.75,2877.5,-0.013032145960034769,weak,LH_LL,2020-05-06,NEUTRAL,BULLISH,2020
12,True,False,False,True,34.5,0.7332068311195445,-37.5,0.0025265725736189903,0.014643613267466549,2874.0,2895.0,2867.75,2874.5,-0.00017394329448594537,weak,MIXED,2020-05-07,BULLISH,BULLISH,2020
0,False,,True,True,34.0,0.7484276729559748,-0.5,0.0011178949178776154,0.010233284190443115,2921.5,2926.0,2895.75,2908.0,0.004642365887207678,weak,MIXED,2020-05-08,NEUTRAL,BULLISH,2020
5,True,False,False,False,-21.25,-0.48275862068965514,13.5,-0.010512820512820542,-0.004350793379969242,2922.25,2937.0,2895.5,2900.25,0.007585552969571641,strong,LH_LL,2020-05-11,BEARISH,BEARISH,2020
4,False,False,,True,12.75,0.29874476987447696,22.0,0.007293633087352092,0.0005995203836930418,2862.75,2939.25,2862.0,2935.0,-0.02461669505962516,medium,MIXED,2020-05-12,BULLISH,NEUTRAL,2020
4,True,False,False,False,-5.5,-0.12164296998420221,-72.25,0.005085042959845687,0.009509553579290397,2813.25,2868.75,2786.0,2857.25,-0.015399422521655493,medium,MIXED,2020-05-13,BULLISH,BULLISH,2020
2,False,False,,False,-27.0,-0.5692771084337349,-44.0,-0.00827696689213242,-0.0007981553742462122,2846.75,2847.5,2760.25,2786.25,0.021713772992373315,strong,LH_LL,2020-05-14,BEARISH,NEUTRAL,2020
3,False,False,,True,-26.25,-0.5261274158911954,60.5,-0.012778993435448527,0.000877808988763995,2859.0,2859.5,2809.5,2820.5,0.013650062045736489,strong,LH_LL,2020-05-15,BEARISH,NEUTRAL,2020
6,True,True,True,True,68.0,1.3389592123769338,38.5,0.014178265756030095,0.011384534547683733,2946.25,2964.75,2923.5,2927.0,0.00657669969251784,strong,HH_HL,2020-05-18,BULLISH,BULLISH,2020
0,False,,True,False,-6.5,-0.1315028901734104,19.25,-0.00016989466530747954,-0.002037697401935823,2916.25,2958.5,2915.75,2939.75,-0.007993877030359697,weak,MIXED,2020-05-19,NEUTRAL,BEARISH,2020
5,True,True,True,True,38.25,0.7763682493657121,-23.5,0.0032274503142517563,0.012170037709976045,2966.25,2975.75,2952.25,2954.5,0.003976984261296224,weak,MIXED,2020-05-20,BULLISH,BULLISH,2020
1,False,False,True,False,-2.0,-0.04138950480413895,11.75,0.002879403794037838,-0.008581524482584535,2944.0,2973.0,2933.0,2964.25,-0.006831407607320594,weak,HH_HL,2020-05-21,BULLISH,BEARISH,2020
3,False,True,False,True,-2.25,-0.046979865771812075,-20.25,0.00633236351189459,-0.005704069470457984,2950.25,2952.75,2928.25,2941.75,0.0028894365598708394,medium,HH_HL,2020-05-22,BULLISH,BEARISH,2020
0,False,,False,True,66.0,1.4264762639907371,8.5,0.001328572614796908,0.006690081953503846,2987.75,3019.0,2983.5,3016.25,-0.009448818897637823,weak,MIXED,2020-05-26,NEUTRAL,BULLISH,2020
0,False,,True,True,29.75,0.6429949826321883,-28.5,-0.0011579818031430822,0.012771285475793093,3031.25,3032.0,2965.5,3017.5,0.004556752278376042,weak,LH_LL,2020-05-27,NEUTRAL,BULLISH,2020
0,False,,,True,12.25,0.2558746736292428,13.75,0.0018928483252407258,-0.0018109976950938522,3026.5,3065.5,3019.5,3043.5,-0.0055856743880401405,weak,MIXED,2020-05-28,NEUTRAL,NEUTRAL,2020
0,False,,False,True,-5.25,-0.10667634252539912,-17.0,0.0012418246543588474,-0.0023870277389085315,3038.25,3046.25,2992.0,3021.25,0.005626810095159307,weak,MIXED,2020-05-29,NEUTRAL,BEARISH,2020
0,False,,False,False,-5.5,-0.10799438990182328,17.0,-8.236553825879955e-05,-0.008504374846675988,3052.75,3059.0,3027.0,3032.75,0.006594674800098899,weak,MIXED,2020-06-01,NEUTRAL,BEARISH,2020
0,False,,True,True,9.5,0.1890547263681592,20.0,-0.0008153281695882919,0.006386114295071188,3078.0,3078.25,3047.75,3062.25,0.005143277002204183,weak,LH_LL,2020-06-02,NEUTRAL,BULLISH,2020
1,True,True,True,True,20.75,0.44232965359725923,15.75,0.0020228173800469484,0.004954515919428193,3119.25,3129.5,3096.0,3098.75,0.006615570794675341,weak,MIXED,2020-06-03,BULLISH,BULLISH,2020
0,False,,False,False,-11.5,-0.2650205761316872,20.5,-0.0016901408450704647,-0.005693208243124026,3110.0,3126.75,3087.5,3107.75,0.0007239964604617288,weak,MIXED,2020-06-04,NEUTRAL,BEARISH,2020
1,True,True,True,True,59.5,1.4888293118856122,2.25,0.007089938660081341,0.007145724608590864,3189.5,3210.5,3168.5,3169.5,0.006310143555765979,medium,MIXED,2020-06-05,BULLISH,BULLISH,2020
0,False,,True,True,10.25,0.2601994560290118,20.0,0.0010147529466864036,0.0041597990738559965,3229.75,3231.25,3193.5,3199.75,0.009375732479099952,weak,HH_HL,2020-06-08,NEUTRAL,BULLISH,2020
0,False,,False,False,-29.5,-0.7536496350364963,30.0,0.00070433557677263,-0.010072053924227165,3205.75,3221.0,3190.75,3200.25,0.0017186157331459118,weak,MIXED,2020-06-09,NEUTRAL,BEARISH,2020
0,False,,,True,6.0,0.1568627450980392,5.5,0.0014007782101166377,-0.0005459792527884311,3188.0,3221.25,3179.75,3211.75,-0.007394722503308193,weak,HH_HL,2020-06-10,NEUTRAL,NEUTRAL,2020
3,True,True,True,False,-76.25,-1.928635953026197,-23.75,-0.006160985757721282,-0.01264133165829151,3003.5,3118.25,2996.25,3111.75,-0.03478749899574196,medium,LH_LL,2020-06-11,BEARISH,BEARISH,2020
0,False,,False,False,76.0,1.6742722265932335,-108.25,0.0013050570962480634,0.019079220240564077,3039.0,3087.75,2982.0,3079.5,-0.013151485630784165,weak,MIXED,2020-06-12,NEUTRAL,BULLISH,2020
0,False,,False,False,-62.25,-1.215905127310778,-40.5,-0.0013416065738721672,-0.015893930659639288,3066.75,3079.25,2963.5,2976.75,0.030234315948601598,weak,MIXED,2020-06-15,NEUTRAL,BEARISH,2020
3,True,False,False,True,85.0,1.493099121706399,90.0,0.016814159292035447,0.010238907849829282,3126.75,3153.5,3072.75,3151.75,-0.007932101213611431,strong,MIXED,2020-06-16,BULLISH,BULLISH,2020
1,False,True,,True,0.5,0.008628659476117104,-25.0,-0.004377238360525282,-0.001119462657924175,3102.0,3130.25,3094.5,3127.25,-0.008074186585658283,medium,MIXED,2020-06-17,BEARISH,NEUTRAL,2020
2,False,False,,False,-16.0,-0.27965043695380776,-25.25,-0.008429672447013536,0.0004828585224530002,3103.0,3109.0,3080.75,3086.0,0.00550874918988975,strong,LH_LL,2020-06-18,BEARISH,NEUTRAL,2020
8,True,False,False,True,38.25,0.6909677419354839,17.0,0.005289733108920336,0.008389126401548763,3084.5,3144.0,3071.0,3141.25,-0.018066056506167882,medium,MIXED,2020-06-19,BULLISH,BULLISH,2020
1,False,False,True,False,-5.5,-0.09436274509803921,-56.75,-0.002992801100056619,0.010056414029923966,3106.0,3109.5,3066.25,3079.0,0.008769080870412393,weak,MIXED,2020-06-22,BEARISH,BULLISH,2020
1,True,False,False,True,28.25,0.4772247360482655,27.0,0.004637032299328325,0.0069935691318328,3119.75,3145.0,3115.5,3134.25,-0.004626306133843849,medium,MIXED,2020-06-23,BULLISH,BULLISH,2020
1,False,False,True,False,-22.25,-0.3776902091542892,-14.5,0.0020177562550443007,-0.007549594410087512,3040.25,3104.5,3019.75,3097.5,-0.018482647296206633,weak,HH_HL,2020-06-24,BULLISH,BEARISH,2020
1,True,False,False,True,-6.25,-0.1005458201666188,-57.25,-0.004765426012653062,-0.003360655737704943,3072.5,3076.0,3011.5,3034.0,0.01268951878707969,medium,LH_LL,2020-06-25,BEARISH,BEARISH,2020
0,False,,,True,-11.5,-0.18034164099691963,38.5,0.0003268775026559201,-0.0016268098259313302,2999.75,3063.25,2992.5,3061.0,-0.020009800718719384,weak,MIXED,2020-06-26,NEUTRAL,NEUTRAL,2020
0,False,,True,False,13.5,0.20415879017013233,-61.25,0.0002489213408563007,0.004412254412254457,3043.5,3043.75,2988.5,3013.25,0.01003899444121803,weak,MIXED,2020-06-29,NEUTRAL,BULLISH,2020
0,False,,,True,-5.25,-0.07730738890349723,30.25,0.0016477179106937356,-0.0013131976362442677,3088.75,3101.25,3037.5,3038.25,0.01662141035135356,weak,MIXED,2020-06-30,NEUTRAL,NEUTRAL,2020
1,False,True,,True,5.75,0.08273381294964029,50.5,0.0026731470230862975,-0.001701782820097253,3104.75,3117.75,3089.25,3094.5,0.0033123283244465007,weak,MIXED,2020-07-01,BULLISH,NEUTRAL,2020
1,True,False,False,True,37.25,0.5929505400795907,10.25,0.006961670800992303,0.006772555027009686,3121.5,3156.5,3114.25,3142.0,-0.006524506683641018,medium,MIXED,2020-07-02,BULLISH,BULLISH,2020
0,False,,True,True,42.0,0.7205882352941176,-20.5,0.0018170327065887282,0.015727812550152542,3169.25,3174.5,3155.0,3163.5,0.0018176070807649491,weak,MIXED,2020-07-06,NEUTRAL,BULLISH,2020
0,False,,True,False,-16.25,-0.3160819729072595,5.75,0.0017478350679271948,-0.007811267161117241,3136.5,3174.25,3132.5,3153.0,-0.005233111322549999,weak,MIXED,2020-07-07,NEUTRAL,BEARISH,2020
0,False,,,False,8.5,0.17480719794344474,-16.5,-0.0004773269689737347,-0.0004783926008611328,3160.25,3162.25,3126.0,3145.0,0.004848966613672401,weak,MIXED,2020-07-08,NEUTRAL,NEUTRAL,2020
1,False,False,,True,7.0,0.1438532110091743,15.25,0.0026898734177214223,-0.0011848341232227888,3143.25,3170.0,3105.25,3167.25,-0.007577551503670343,weak,HH_HL,2020-07-09,BULLISH,NEUTRAL,2020
1,False,True,False,True,-1.75,-0.034134447927551374,-24.0,0.0035202816225297084,-0.004456115222407853,3175.25,3177.75,3126.5,3141.5,0.010743275505331829,weak,MIXED,2020-07-10,BULLISH,BEARISH,2020
2,True,False,False,True,25.25,0.5079022988505747,33.75,0.003607843137254818,0.003931435760339719,3148.0,3226.25,3140.5,3200.5,-0.016403686923918137,weak,MIXED,2020-07-13,BULLISH,BULLISH,2020
1,False,False,True,False,-16.25,-0.3080568720379147,-52.5,-0.007122507122507171,0.0031761156106082655,3188.0,3192.25,3119.0,3131.75,0.01796120379979249,medium,MIXED,2020-07-14,BEARISH,BULLISH,2020
3,True,False,False,True,35.0,0.6263982102908278,56.25,0.008818479787732203,0.005496231155778908,3218.25,3229.75,3192.0,3223.0,-0.0014737821905057569,strong,HH_HL,2020-07-15,BULLISH,BULLISH,2020
0,False,,False,True,-21.0,-0.3998639918395103,-4.75,0.00015649452269173025,-0.0084594489716725,3207.25,3212.0,3190.25,3197.25,0.0031276878567518818,weak,MIXED,2020-07-16,NEUTRAL,BEARISH,2020
3,False,False,,True,10.5,0.21227436823104692,10.0,0.0030447341712858123,0.0018769062328927166,3216.5,3225.25,3196.5,3217.75,-0.00038847020433530055,weak,MIXED,2020-07-17,BULLISH,NEUTRAL,2020
3,False,True,,True,-2.75,-0.05918524212144504,-1.25,0.0021041147132170313,-0.001555814858031912,3242.75,3250.5,3205.25,3213.75,0.00902372617658509,weak,HH_HL,2020-07-20,BULLISH,NEUTRAL,2020
0,False,,False,True,21.0,0.45901639344262296,29.0,-0.0002295508455122386,0.007321772639691693,3249.5,3268.75,3239.25,3263.75,-0.004366143240137843,weak,MIXED,2020-07-21,NEUTRAL,BULLISH,2020
1,False,True,False,True,-3.75,-0.0865979381443299,-14.25,0.0037085683380977397,-0.0029233017924455984,3267.75,3271.75,3244.5,3245.75,0.006778094431179271,weak,MIXED,2020-07-22,BULLISH,BEARISH,2020
1,False,True,False,False,-3.5,-0.08099173553719008,22.0,-0.003969162659338998,0.0033672610392592173,3228.75,3271.75,3214.25,3264.25,-0.01087539250976488,weak,LH_LL,2020-07-23,BEARISH,BULLISH,2020
0,False,,True,False,-19.75,-0.4457879887142281,-35.5,-0.00015547263681592316,-0.003096454559529338,3208.0,3219.25,3191.5,3209.0,-0.00031162355874103653,weak,MIXED,2020-07-24,NEUTRAL,BEARISH,2020
0,False,,True,False,8.0,0.17820206841686553,-1.0,0.0007776654483240275,0.005072576869049383,3231.0,3233.75,3207.25,3216.0,0.004664179104477695,weak,MIXED,2020-07-27,NEUTRAL,BULLISH,2020
4,True,True,True,True,-7.25,-0.16551161842641662,15.0,-0.0033230293663060184,-0.0033235430514763076,3211.75,3236.25,3208.0,3223.75,-0.0037223730127956545,weak,MIXED,2020-07-28,BEARISH,BEARISH,2020
0,False,,,True,8.75,0.20239570425444034,-12.0,0.0011651390399254336,0.0016339869281045694,3250.25,3257.0,3220.0,3220.5,0.009237696009936291,weak,MIXED,2020-07-29,NEUTRAL,NEUTRAL,2020
0,False,,False,False,-32.0,-0.7757575757575758,29.75,-0.001476416193954444,-0.009750479846449167,3239.0,3243.75,3195.0,3218.25,0.006447603511225086,weak,MIXED,2020-07-30,NEUTRAL,BEARISH,2020
0,False,,False,True,19.0,0.46260869565217394,20.75,-0.0009974679659325858,-0.0045903144365389,3265.0,3265.25,3212.5,3258.0,0.0021485573971762317,weak,HH_HL,2020-07-31,NEUTRAL,BEARISH,2020
3,False,True,,True,18.0,0.46494464944649444,7.0,0.00751649025924217,-0.0007646429117602604,3286.75,3295.5,3276.5,3283.0,0.0011422479439537891,medium,HH_HL,2020-08-03,BULLISH,NEUTRAL,2020
0,False,,False,False,-8.75,-0.25115325474115835,3.75,-0.0018289894833104503,-0.0027361860606521793,3300.0,3300.5,3277.75,3278.0,0.006711409395973256,weak,MIXED,2020-08-04,NEUTRAL,BEARISH,2020
0,False,,True,True,14.25,0.4219989423585404,22.0,-0.0007535227187099869,0.005910434189588587,3320.0,3323.25,3311.25,3314.25,0.0017349324884965434,weak,MIXED,2020-08-05,NEUTRAL,BULLISH,2020
0,False,,,True,-6.25,-0.18898488120950324,5.75,-0.00030143180105501877,0.0006781704468390437,3342.5,3344.0,3310.5,3313.75,0.00867597133157294,weak,MIXED,2020-08-06,NEUTRAL,NEUTRAL,2020
0,False,,False,True,-10.5,-0.3142704436130412,28.75,0.00037520636349985814,-0.00500897129186606,3344.75,3346.75,3322.25,3332.0,0.003826530612244916,weak,MIXED,2020-08-07,NEUTRAL,BEARISH,2020
0,False,,,True,5.25,0.1644295302013423,12.75,-0.00022389730576910516,0.0010456344760625402,3355.0,3357.25,3329.0,3350.0,0.0014925373134329067,weak,MIXED,2020-08-10,NEUTRAL,NEUTRAL,2020
0,False,,False,True,13.25,0.41615255187885586,5.0,-0.001998519615099892,0.006935123042505653,3328.0,3374.75,3319.5,3368.25,-0.011949825577080131,weak,MIXED,2020-08-11,NEUTRAL,BULLISH,2020
0,False,,True,True,25.75,0.7609498680738787,-40.25,0.00022359692926876562,0.005320344698388935,3373.5,3382.5,3353.5,3353.75,0.005888930301900963,weak,MIXED,2020-08-12,NEUTRAL,BULLISH,2020
0,False,,,False,-8.25,-0.25940482874789444,19.75,0.0006679035250463095,-0.0008904719501335867,3367.75,3382.0,3357.5,3365.25,0.0007428868583314596,weak,MIXED,2020-08-13,NEUTRAL,NEUTRAL,2020
1,False,True,False,True,-4.25,-0.1346153846153846,2.5,0.0032065622669650296,-0.0036355542365336113,3367.75,3373.5,3356.0,3363.5,0.001263564739111045,weak,HH_HL,2020-08-14,BULLISH,BEARISH,2020
0,False,,False,True,11.0,0.35565819861431874,4.25,0.001334123925289088,0.0024526198439240865,3378.25,3382.75,3374.0,3378.75,-0.00014798372179058994,weak,MIXED,2020-08-17,NEUTRAL,BULLISH,2020
0,False,,,True,4.5,0.1523579201934704,-0.5,0.0012571175035125393,0.0017755419101872505,3385.75,3390.75,3365.25,3382.75,0.0008868524129777011,weak,MIXED,2020-08-18,NEUTRAL,NEUTRAL,2020
0,False,,,True,4.25,0.1480099502487562,3.0,-0.00044251050962462735,0.0013281192355936167,3371.75,3395.75,3365.5,3390.0,-0.005383480825958742,weak,LH_LL,2020-08-19,NEUTRAL,NEUTRAL,2020
0,False,,False,False,-19.0,-0.6936114732724903,-18.25,-0.0001488870691580546,-0.0025972098545562483,3382.0,3387.0,3351.25,3352.75,0.008724181641935669,weak,MIXED,2020-08-20,NEUTRAL,BEARISH,2020
3,False,False,,False,-3.5,-0.13369713506139155,29.25,-0.003034339846062717,-0.0004433606739082663,3393.75,3396.25,3374.75,3378.5,0.00451383750184986,weak,LH_LL,2020-08-21,BEARISH,NEUTRAL,2020
0,False,,True,True,26.75,1.0149051490514904,15.25,0.0013171374213376552,0.0073713696004718,3428.5,3429.5,3409.5,3420.5,0.0023388393509720107,weak,MIXED,2020-08-24,NEUTRAL,BULLISH,2020
0,False,,True,True,6.25,0.23890784982935154,8.0,0.00021807080031988058,0.003866637484496893,3440.25,3441.5,3421.75,3434.75,0.0016012810248198228,weak,MIXED,2020-08-25,NEUTRAL,BULLISH,2020
0,False,,,True,6.5,0.24331550802139038,5.5,-0.00021773842357386552,-0.0006532152707214856,3475.0,3478.0,3441.0,3446.75,0.00819612678610282,weak,MIXED,2020-08-26,NEUTRAL,NEUTRAL,2020
0,False,,True,True,9.5,0.352317880794702,28.25,0.00035989347153253526,-0.0021551724137931494,3482.25,3498.25,3464.75,3484.5,-0.0006457167455875545,weak,MIXED,2020-08-27,NEUTRAL,BEARISH,2020
0,False,,True,False,11.5,0.4165588615782665,-2.25,-0.0010010725777619411,0.0029388574295750036,3505.0,3506.75,3480.75,3493.75,0.003220035778175312,weak,MIXED,2020-08-28,NEUTRAL,BULLISH,2020
1,False,True,False,True,-2.25,-0.08197787898503578,11.25,-0.0028433323855558967,0.0022100235260569256,3492.5,3513.0,3490.25,3502.75,-0.0029262722146884412,weak,LH_LL,2020-08-31,BEARISH,BULLISH,2020
0,False,,True,True,9.0,0.3582089552238806,-10.25,-0.0007132667617688604,0.00436462507155122,3525.0,3526.5,3491.75,3501.5,0.006711409395973256,weak,LH_LL,2020-09-01,NEUTRAL,BULLISH,2020
0,False,,True,True,21.25,0.8321678321678322,23.5,-0.0016188063063062863,0.007083156254426903,3576.5,3587.0,3533.75,3546.25,0.00853013746915754,weak,LH_LL,2020-09-02,NEUTRAL,BULLISH,2020
3,True,True,True,True,-18.5,-0.6705501618122978,30.25,-0.004053959600195722,-0.003284646026975979,3453.25,3563.5,3424.5,3558.0,-0.029440697020798212,medium,MIXED,2020-09-03,BEARISH,BEARISH,2020
2,False,True,False,False,7.0,0.1930083702609552,-104.75,-0.002950064757519022,0.005559566787003645,3425.5,3477.25,3347.75,3460.25,-0.010042626977819546,weak,MIXED,2020-09-04,BEARISH,BULLISH,2020
5,True,True,True,False,-59.75,-1.3309466984884646,-34.75,-0.008960047003525262,-0.01063210020390326,3332.25,3379.5,3327.5,3365.75,-0.009953205080591276,strong,LH_LL,2020-09-08,BEARISH,BEARISH,2020
0,False,,True,True,42.75,0.9137404580152672,-33.5,0.0018619200119163182,0.00944315371355775,3396.5,3424.0,3365.0,3375.0,0.00637037037037036,weak,MIXED,2020-09-09,NEUTRAL,BULLISH,2020
2,False,False,,True,20.75,0.42486288848263254,21.5,0.007242628039317189,-0.0008835873647007331,3338.0,3424.25,3327.25,3417.25,-0.023191162484453853,medium,MIXED,2020-09-10,BULLISH,NEUTRAL,2020
1,False,True,False,False,19.0,0.35704697986577183,-79.25,-0.0033417495915639694,0.009800254357746674,3339.75,3368.5,3308.75,3357.0,-0.005138516532618431,weak,LH_LL,2020-09-11,BEARISH,BULLISH,2020
0,False,,True,False,23.75,0.42451324609000957,-17.25,-0.0004460966542750855,0.00569331036032672,3373.0,3392.5,3358.25,3363.5,0.0028244388286011723,weak,MIXED,2020-09-14,NEUTRAL,BULLISH,2020
4,True,False,False,True,27.0,0.47398119122257054,9.5,0.0040584415584414835,0.008386522190886092,3390.25,3409.0,3378.5,3400.0,-0.002867647058823475,medium,MIXED,2020-09-15,BULLISH,BULLISH,2020
0,False,,False,True,14.0,0.2424992267244046,-9.75,0.0003667033370002848,0.005228276877761395,3376.75,3419.5,3373.75,3404.25,-0.008078137622090087,weak,LH_LL,2020-09-16,NEUTRAL,BULLISH,2020
1,True,False,False,False,-53.25,-0.912484700122399,-27.5,-0.005686920083807223,-0.010279544446087807,3347.25,3365.25,3317.75,3323.5,0.007146080938769339,medium,LH_LL,2020-09-17,BEARISH,BEARISH,2020
1,False,False,,True,7.75,0.1305655836341757,23.75,0.0031347962382444194,0.0008215085884988316,3307.75,3357.25,3280.75,3355.0,-0.014083457526080423,weak,MIXED,2020-09-18,BULLISH,NEUTRAL,2020
0,False,,False,False,-49.75,-0.7901304594441293,-47.25,0.001382700875710574,-0.018162634712487802,3270.5,3271.5,3217.75,3258.0,0.0038367096378146837,weak,MIXED,2020-09-21,NEUTRAL,BEARISH,2020
1,False,True,,True,15.5,0.23780821917808218,12.5,0.002446670234727444,0.001145475372279492,3303.75,3309.5,3258.75,3286.0,0.005401704199634816,weak,MIXED,2020-09-22,BULLISH,NEUTRAL,2020
1,False,True,False,True,5.5,0.08292945611200862,17.75,-0.0027897157505842873,0.005529046428841999,3226.75,3312.5,3221.0,3309.25,-0.02493012011785145,weak,LH_LL,2020-09-23,BEARISH,BULLISH,2020
2,False,False,,False,-14.5,-0.2099818981122317,-82.5,-0.005350496277915617,-0.001702259362426517,3235.25,3268.25,3198.0,3212.25,0.007160090279399123,medium,LH_LL,2020-09-24,BEARISH,NEUTRAL,2020
6,True,False,False,False,-9.5,-0.14810690423162584,23.0,-0.0030090270812437314,-0.0029314201959422803,3287.5,3296.25,3216.0,3225.75,0.019142834999612557,weak,MIXED,2020-09-25,BEARISH,BEARISH,2020
9,True,True,True,True,45.5,0.7505154639175258,61.75,0.006490076220662555,0.009891949474965855,3343.0,3350.75,3321.75,3333.0,0.003000300030002956,medium,MIXED,2020-09-28,BULLISH,BULLISH,2020
0,False,,,True,-2.25,-0.03814713896457766,10.0,0.000598533592697903,-0.0015677491601343574,3324.75,3348.25,3316.5,3340.75,-0.004789343710244753,weak,MIXED,2020-09-29,NEUTRAL,NEUTRAL,2020
4,False,True,False,True,7.0,0.12273011897307452,-16.0,0.006195693237627475,-0.006607102635332929,3349.5,3384.0,3329.25,3331.75,0.005327530577024175,medium,MIXED,2020-09-30,BULLISH,BEARISH,2020
2,True,False,False,True,27.75,0.5137190082644628,17.75,0.0022258495325715444,0.01340422345364689,3370.25,3387.5,3350.0,3377.25,-0.0020726922792212443,weak,MIXED,2020-10-01,BULLISH,BULLISH,2020
2,True,False,False,False,-53.5,-1.0204359673024523,-7.0,-0.004355335285724959,-0.01595902612826605,3338.5,3359.5,3311.5,3316.75,0.006557624180296928,medium,MIXED,2020-10-02,BEARISH,BEARISH,2020
0,False,,True,True,22.0,0.41190237378803074,21.75,0.0014899798852714419,0.004483634733223774,3397.5,3400.0,3360.5,3360.5,0.011010266329415375,weak,MIXED,2020-10-05,NEUTRAL,BULLISH,2020
2,False,False,True,True,1.75,0.032375289065080935,37.0,0.0042097488921712944,-0.0024320141499004633,3349.25,3421.75,3343.75,3399.25,-0.014709127013311729,medium,HH_HL,2020-10-06,BULLISH,BEARISH,2020
0,False,,True,True,32.0,0.5678073510773131,-50.0,0.0019272107330812194,0.010047990401919726,3407.0,3416.75,3381.0,3381.25,0.00761552680221822,weak,HH_HL,2020-10-07,NEUTRAL,BULLISH,2020
0,False,,True,True,21.5,0.3872627854615632,25.75,0.0018266842028349384,0.003227936321619884,3437.5,3438.75,3418.75,3428.5,0.0026250546886392723,weak,MIXED,2020-10-08,NEUTRAL,BULLISH,2020
1,False,True,,True,18.75,0.3642039542143601,9.0,0.0021008403361344463,0.0014508523757708058,3468.75,3474.0,3449.5,3456.25,0.003616636528029016,weak,MIXED,2020-10-09,BULLISH,NEUTRAL,2020
3,False,True,,True,28.0,0.5668835864063629,12.5,0.004380610412926478,0.0014382281029772237,3525.0,3541.0,3491.25,3496.75,0.008078930435404308,medium,HH_HL,2020-10-12,BULLISH,NEUTRAL,2020
0,False,,,True,-1.5,-0.03041274438812455,28.25,-0.0014882006944936244,-0.0005662914985489209,3502.25,3524.75,3491.5,3523.5,-0.0060309351497090935,weak,MIXED,2020-10-13,NEUTRAL,NEUTRAL,2020
3,False,True,False,False,5.75,0.12732305258995652,-21.25,-0.0024856189191108102,0.003141286499607432,3480.5,3520.25,3472.0,3508.0,-0.00783922462941844,weak,MIXED,2020-10-14,BEARISH,BULLISH,2020
0,False,,False,False,-43.5,-0.9979516591560835,-27.5,-0.0017419073885904801,-0.010705561143842468,3475.75,3481.0,3431.5,3437.0,0.011274367180680755,weak,MIXED,2020-10-15,NEUTRAL,BEARISH,2020
1,False,False,,True,14.25,0.3442622950819672,38.75,0.0033057851239668423,-7.192174913694949e-05,3473.5,3508.5,3472.0,3490.0,-0.004727793696275073,weak,HH_HL,2020-10-16,BULLISH,NEUTRAL,2020
1,False,True,False,False,13.75,0.32793867120954,-16.5,-0.00200415145658861,0.007792770041128438,3421.0,3493.75,3410.75,3487.25,-0.018997777618467326,weak,MIXED,2020-10-19,BEARISH,BULLISH,2020
0,False,,False,False,14.0,0.3070896983940462,-66.25,-0.001526051885764157,0.0029850746268655914,3434.25,3469.75,3426.75,3435.0,-0.00021834061135372895,weak,MIXED,2020-10-20,NEUTRAL,BULLISH,2020
1,True,False,False,True,-0.5,-0.0111731843575419,-0.75,0.0035789934993790684,0.0025525087514586264,3427.25,3457.25,3424.5,3433.75,-0.0018929741536221067,weak,MIXED,2020-10-21,BULLISH,BULLISH,2020
0,False,,False,False,2.75,0.06192199437072778,-6.5,0.0004382120946537782,-0.002622759726067292,3447.5,3453.0,3406.75,3430.0,0.005102040816326481,weak,MIXED,2020-10-22,NEUTRAL,BEARISH,2020
1,False,False,,True,12.5,0.28225806451612906,17.5,0.0021718670817345576,0.0012317055499202478,3458.25,3460.5,3431.5,3460.0,-0.0005057803468208055,weak,HH_HL,2020-10-23,BULLISH,NEUTRAL,2020
0,False,,True,False,-36.5,-0.8383921246923708,-1.75,-0.0012424175984798724,-0.009992035334153937,3394.5,3430.0,3356.0,3421.75,-0.007963761233287014,weak,MIXED,2020-10-26,NEUTRAL,BEARISH,2020
0,False,,,False,2.75,0.06358381502890173,-27.25,-0.0004411440335269079,0.0012519331320421934,3383.25,3401.5,3380.0,3397.25,-0.004120980204577185,weak,MIXED,2020-10-27,NEUTRAL,NEUTRAL,2020
6,True,True,True,False,-62.25,-1.4739957716701904,-14.0,-0.007331487992818131,-0.008980258275196662,3266.75,3328.25,3260.75,3321.0,-0.0163354411321891,medium,LH_LL,2020-10-28,BEARISH,BEARISH,2020
5,False,False,True,False,2.0,0.043835616438356165,-54.25,-0.0053975976889159005,0.004885869150316857,3299.75,3333.75,3250.25,3268.75,0.009483747609942528,medium,MIXED,2020-10-29,BEARISH,BULLISH,2020
4,False,False,,True,-18.25,-0.3661769974919384,31.0,0.008610748058737627,-0.001144863379636707,3265.25,3296.25,3225.0,3281.5,-0.004952003656864212,strong,MIXED,2020-10-30,BULLISH,NEUTRAL,2020
0,False,,False,True,36.75,0.7153284671532847,-16.25,-0.00037861578070574886,0.011667810569663706,3301.75,3323.5,3272.0,3302.0,-7.57116898849608e-05,weak,MIXED,2020-11-02,NEUTRAL,BULLISH,2020
1,False,False,True,False,35.25,0.6691525423728814,-0.25,-0.0032113517550410586,0.011275919479340146,3359.25,3382.75,3331.5,3337.0,0.006667665567875236,weak,MIXED,2020-11-03,BEARISH,BULLISH,2020
3,True,True,True,True,49.75,0.9405806887238352,22.25,0.010059171597633032,0.004687499999999956,3435.0,3480.0,3395.75,3409.0,0.007626870049868062,strong,HH_HL,2020-11-04,BULLISH,BULLISH,2020
0,False,,True,True,57.25,1.0338600451467268,26.0,0.0012177650429798792,0.019107817494914192,3502.5,3522.5,3488.75,3492.25,0.0029350705132793475,weak,MIXED,2020-11-05,NEUTRAL,BULLISH,2020
1,False,True,False,True,-3.25,-0.05889967637540453,10.25,0.010756569448455044,-0.010393678365487324,3501.75,3515.75,3476.5,3499.25,0.0007144388083160091,strong,MIXED,2020-11-06,BULLISH,BEARISH,2020
3,True,False,False,True,138.75,2.665523156089194,2.5,0.02865995352439965,0.01289173789173792,3546.5,3645.25,3541.25,3640.5,-0.02582062903447324,strong,MIXED,2020-11-09,BULLISH,BULLISH,2020
2,True,False,False,True,-11.25,-0.19943019943019943,-94.0,-0.005487547488391753,-0.006413870876797345,3541.75,3552.5,3506.5,3535.25,0.0018386252740258957,medium,MIXED,2020-11-10,BEARISH,BEARISH,2020
0,False,,True,True,23.0,0.4009962640099627,6.5,0.0004910213243547457,0.00585207642952823,3567.0,3576.75,3551.25,3564.75,0.0006311803071743505,weak,MIXED,2020-11-11,NEUTRAL,BULLISH,2020
0,False,,True,True,-10.0,-0.1789709172259508,2.25,-0.0008422234699606568,-0.0024485798237022793,3533.5,3565.25,3513.0,3557.0,-0.006606691031768364,weak,MIXED,2020-11-12,NEUTRAL,BEARISH,2020
0,False,,True,False,20.0,0.34761018001241467,-23.5,-0.0016835016835017313,0.007347227128223333,3581.75,3590.0,3547.5,3553.5,0.007949908540875184,weak,MIXED,2020-11-13,NEUTRAL,BULLISH,2020
0,False,,True,True,29.25,0.5290697674418605,28.25,0.0,0.00816582914572872,3626.25,3626.5,3596.75,3611.0,0.004223206867903562,weak,MIXED,2020-11-16,NEUTRAL,BULLISH,2020
2,True,False,False,False,-25.5,-0.4563758389261745,15.25,-0.0033919424062024417,-0.00544339557637985,3607.5,3620.25,3584.25,3600.75,0.0018746094563633076,weak,MIXED,2020-11-17,BEARISH,BEARISH,2020
0,False,,False,True,2.25,0.04195804195804196,6.75,0.0012464510767953296,0.0031215316315205133,3563.5,3616.25,3563.0,3609.75,-0.012812521642773023,weak,MIXED,2020-11-18,NEUTRAL,BULLISH,2020
2,False,True,,False,-6.75,-0.1311589174184594,-46.25,0.0032403493941954853,-0.0018960674157303403,3578.0,3582.75,3542.25,3556.75,0.005974555422787686,weak,MIXED,2020-11-19,BULLISH,NEUTRAL,2020
0,False,,False,False,-2.5,-0.050743022834360274,21.25,-0.00041987403778864785,0.003930100357919963,3553.5,3577.5,3552.75,3575.5,-0.00615298559642008,weak,MIXED,2020-11-20,NEUTRAL,BULLISH,2020
1,False,False,True,True,19.5,0.411764705882353,-22.0,-0.002166317260656858,0.00696888638603399,3575.5,3588.0,3548.75,3573.0,0.0006996921354605057,weak,MIXED,2020-11-23,BEARISH,BULLISH,2020
0,False,,True,True,27.0,0.5806451612903226,2.5,6.938180808990779e-05,0.007829977628635243,3632.5,3638.75,3593.25,3602.5,0.00832755031228305,weak,MIXED,2020-11-24,NEUTRAL,BULLISH,2020
0,False,,True,False,-0.75,-0.0171498570845243,30.0,-0.0006194507536650962,-0.0033670033670033517,3627.25,3632.0,3615.25,3631.75,-0.0012390720726922488,weak,MIXED,2020-11-25,NEUTRAL,BEARISH,2020
0,False,,True,True,1.25,0.029399412011759763,-4.5,0.0014489753674187256,-0.003643112455320341,3620.75,3631.5,3592.25,3628.5,-0.002135868816315334,weak,MIXED,2020-11-30,NEUTRAL,BEARISH,2020
0,False,,True,True,35.5,0.8349433011339773,-7.75,0.00027333606669399657,0.008396421197522264,3660.75,3677.5,3650.25,3656.25,0.0012307692307691465,weak,LH_LL,2020-12-01,NEUTRAL,BULLISH,2020
0,False,,,False,-12.0,-0.32401157184185153,4.5,-0.0010946907498631253,-0.0008879781420765287,3668.0,3669.75,3642.25,3648.75,0.005275779376498813,weak,MIXED,2020-12-02,NEUTRAL,NEUTRAL,2020
0,False,,,False,-1.0,-0.028,19.25,0.001297105406881549,-0.0012260745180846522,3667.0,3682.0,3655.25,3667.0,0.0,weak,MIXED,2020-12-03,NEUTRAL,NEUTRAL,2020
0,False,,True,False,5.75,0.16059850374064838,0.0,-0.0006120783460282775,0.002658486707566521,3698.75,3699.0,3672.25,3672.75,0.0070791641140834916,weak,MIXED,2020-12-04,NEUTRAL,BULLISH,2020
2,False,True,False,True,-8.25,-0.24277456647398846,26.0,0.0021728797446867176,-0.002371113068220354,3691.25,3696.5,3677.25,3690.5,0.00020322449532583775,weak,MIXED,2020-12-07,BULLISH,BEARISH,2020
0,False,,,False,-14.25,-0.4408839779005525,0.75,-0.00033988172116106163,-0.0010865136493277694,3701.75,3708.0,3676.5,3677.0,0.006731030731574661,weak,MIXED,2020-12-08,NEUTRAL,NEUTRAL,2020
0,False,,,True,7.0,0.21574023115024768,24.75,-0.0008083529808016188,0.0019578719956792057,3668.75,3710.5,3659.5,3708.75,-0.010785305021907665,weak,MIXED,2020-12-09,NEUTRAL,NEUTRAL,2020
2,False,False,,False,-15.25,-0.4549813532232285,-40.0,-0.006392383543012525,0.0014981273408238849,3667.25,3678.5,3644.0,3653.5,0.0037635144382099917,medium,LH_LL,2020-12-10,BEARISH,NEUTRAL,2020
0,False,,False,False,-18.75,-0.5826859045504994,13.75,6.858240175566799e-05,-0.008591885441527447,3662.5,3665.5,3632.25,3648.5,0.0038371933671372815,weak,HH_HL,2020-12-11,NEUTRAL,BEARISH,2020
0,False,,False,True,16.25,0.5132543711223915,14.0,0.0013604516699543545,0.004576502732240417,3638.75,3691.5,3637.5,3678.75,-0.010873258579680578,weak,MIXED,2020-12-14,NEUTRAL,BULLISH,2020
0,False,,True,False,28.5,0.8444444444444444,-40.0,0.0010922247252371786,0.004458773494306456,3687.75,3688.25,3652.25,3667.25,0.005590019769582177,weak,MIXED,2020-12-15,NEUTRAL,BULLISH,2020
0,False,,True,True,3.25,0.09696323921150772,20.5,-0.0008792695299290054,0.003526140910015574,3694.75,3704.5,3681.25,3691.0,0.0010159848279598371,weak,MIXED,2020-12-16,NEUTRAL,BULLISH,2020
0,False,,True,True,16.75,0.5246085011185683,3.75,-0.0010772234565408212,0.005414551607445084,3713.5,3717.0,3702.0,3711.5,0.00053886568772743,weak,MIXED,2020-12-17,NEUTRAL,BULLISH,2020
0,False,,,True,2.5,0.07860752386299832,2.0,0.0002019114281868184,0.0005384304751649971,3700.25,3718.5,3677.25,3716.0,-0.004238428417653428,weak,MIXED,2020-12-18,NEUTRAL,NEUTRAL,2020
7,True,False,False,False,-44.5,-1.392956959195081,-15.75,-0.004366216400600309,-0.029328669447060363,3685.5,3694.25,3625.0,3655.75,0.00813786500718039,medium,MIXED,2020-12-21,BEARISH,BEARISH,2020
0,False,,,True,2.25,0.06438426162493613,29.75,0.0010174320016278493,0.0014249847323064557,3678.25,3689.0,3665.75,3687.75,-0.002576096535828132,weak,MIXED,2020-12-22,NEUTRAL,NEUTRAL,2020
0,False,,False,True,10.0,0.28865979381443296,-9.5,-0.0001355932203389587,0.004013878495135792,3681.0,3701.75,3679.25,3688.25,-0.0019657018911407587,weak,MIXED,2020-12-23,NEUTRAL,BULLISH,2020
0,False,,True,True,41.75,1.2158086323452937,-7.25,0.0011430876815492486,0.007040823234716775,3727.75,3732.25,3716.0,3722.75,0.001343093143509444,weak,MIXED,2020-12-28,NEUTRAL,BULLISH,2020
0,False,,False,True,16.5,0.49122807017543857,5.0,-0.0004006142752219777,0.004290119318943519,3721.25,3746.25,3714.5,3744.25,-0.0061427522200707685,weak,MIXED,2020-12-29,NEUTRAL,BULLISH,2020
0,False,,False,False,8.0,0.23200414293112379,-23.0,-0.00127252025986202,0.0030878700409477933,3725.0,3736.25,3721.0,3729.25,-0.0011396393376684744,weak,LH_LL,2020-12-30,NEUTRAL,BULLISH,2020
0,False,,,False,-1.75,-0.05251875669882101,-4.25,0.0010757748941034873,-6.711859856367575e-05,3744.25,3753.0,3717.75,3723.25,0.005640233666823313,weak,LH_LL,2020-12-31,NEUTRAL,NEUTRAL,2020
1,False,True,False,True,14.25,0.44259567387687193,21.0,-0.0023866348448687846,0.0051350450150049465,3693.5,3760.0,3652.5,3758.5,-0.017294133297858227,weak,LH_LL,2021-01-04,BEARISH,BULLISH,2021
1,False,False,,False,-8.0,-0.21384248210023868,-65.0,-0.006421956330696976,0.0006087662337661559,3717.5,3730.0,3685.25,3685.5,0.008682675349342084,medium,LH_LL,2021-01-05,BEARISH,NEUTRAL,2021
1,True,False,False,True,-15.5,-0.40541802895843065,32.0,-0.0025615099427030996,-0.00235373234700742,3740.5,3774.75,3695.75,3702.0,0.010399783900594262,weak,MIXED,2021-01-06,BEARISH,BEARISH,2021
0,False,,,True,25.25,0.6309683177153056,38.5,0.000133049494411841,0.00026672001066874174,3795.25,3804.0,3763.75,3765.75,0.00783376485427878,weak,HH_HL,2021-01-07,NEUTRAL,NEUTRAL,2021
0,False,,True,True,15.0,0.3720106288751107,29.5,-0.000459679537693769,0.0025684931506848585,3817.0,3819.25,3775.0,3810.25,0.0017715373007021196,weak,MIXED,2021-01-08,NEUTRAL,BULLISH,2021
1,True,False,False,False,-34.25,-0.8189581554227157,6.75,-0.002636609320413985,-0.005756148613291434,3792.25,3810.5,3781.0,3782.75,0.0025114004361905806,weak,LH_LL,2021-01-11,BEARISH,BEARISH,2021
1,False,True,False,False,0.75,0.0175,9.5,-0.0031558185404338968,0.0024395068240259388,3792.75,3803.25,3768.0,3793.0,-6.591088847873738e-05,weak,MIXED,2021-01-12,BEARISH,BULLISH,2021
4,False,False,,False,-1.5,-0.03535353535353535,-0.25,-0.003224108435320394,-0.0002636783124587705,3802.5,3813.5,3782.75,3791.25,0.0029673590504450953,weak,MIXED,2021-01-13,BEARISH,NEUTRAL,2021
0,False,,,True,7.75,0.19531953195319532,11.25,-0.0006558237145855017,0.0005912106680681095,3790.25,3816.0,3786.25,3810.25,-0.005248999409487531,weak,MIXED,2021-01-14,NEUTRAL,NEUTRAL,2021
0,False,,True,False,-18.75,-0.4670818505338078,-20.0,-0.0018520968382060854,-0.003034500956527464,3761.75,3780.5,3741.5,3771.5,-0.002585178311016789,weak,MIXED,2021-01-15,NEUTRAL,BEARISH,2021
0,False,,True,True,26.5,0.641313742437338,-9.75,-0.0004619547284365755,0.005307151386493292,3790.25,3797.0,3772.25,3788.25,0.0005279482610704989,weak,MIXED,2021-01-19,NEUTRAL,BULLISH,2021
1,True,True,True,True,25.25,0.6022146507666098,2.0,0.0021037407139570252,0.003492356352134962,3842.75,3852.5,3811.25,3815.5,0.007141921111256666,weak,MIXED,2021-01-20,BULLISH,BULLISH,2021
0,False,,False,True,6.5,0.15255658005029338,27.25,-0.0014282004674111004,0.0030596966343336973,3846.25,3853.75,3836.5,3849.25,-0.0007793726050528971,weak,MIXED,2021-01-21,NEUTRAL,BULLISH,2021
0,False,,False,False,-20.0,-0.4678362573099415,-3.0,6.543646119627766e-05,-0.007214350708436235,3832.75,3845.0,3822.25,3826.25,0.0016987912446913,weak,MIXED,2021-01-22,NEUTRAL,BEARISH,2021
0,False,,True,False,8.25,0.19709897610921503,6.5,-0.0017563260261497238,0.004503916449086098,3848.5,3852.0,3788.5,3841.0,0.00195261650611811,weak,LH_LL,2021-01-25,NEUTRAL,BULLISH,2021
6,False,False,,True,9.75,0.2518450184501845,7.5,0.004036721140699306,-0.0014296854691967509,3842.5,3862.25,3840.0,3858.25,-0.004082161601762446,medium,MIXED,2021-01-26,BULLISH,NEUTRAL,2021
4,True,True,True,False,-36.5,-0.9836381135707412,-15.75,-0.00898905680041684,-0.004159625633692987,3749.0,3806.75,3723.25,3806.0,-0.014976353126642139,strong,LH_LL,2021-01-27,BEARISH,BEARISH,2021
3,False,True,,True,18.25,0.48759541984732824,-57.0,0.01189436193804183,-0.0012721794442585033,3779.75,3823.5,3762.5,3767.25,0.0033180702103656756,strong,MIXED,2021-01-28,BULLISH,NEUTRAL,2021
1,False,False,True,True,-19.75,-0.5075722808627811,12.5,0.006549926480416968,-0.005904989384288739,3705.0,3770.25,3685.5,3760.0,-0.0146276595744681,medium,MIXED,2021-01-29,BULLISH,BEARISH,2021
0,False,,True,False,35.75,0.8551900897052541,-55.0,-0.00013375242426272305,0.010279994589476482,3764.75,3777.0,3717.25,3740.75,0.006415825703401712,weak,MIXED,2021-02-01,NEUTRAL,BULLISH,2021
0,False,,True,True,34.5,0.784727863525589,24.0,-6.579813133311685e-05,0.00996346728661579,3818.5,3835.75,3799.0,3799.25,0.005066789497927271,weak,MIXED,2021-02-02,NEUTRAL,BULLISH,2021
0,False,,,False,8.75,0.19854132901134522,19.25,0.0005873906800679674,0.0015019917716971865,3822.0,3840.0,3807.75,3827.25,-0.00137174211248281,weak,MIXED,2021-02-03,NEUTRAL,NEUTRAL,2021
0,False,,,True,10.25,0.23201293451899757,-5.25,0.0013720109760877452,-0.000717547292889753,3865.25,3865.75,3830.5,3832.25,0.00861112923217422,weak,MIXED,2021-02-04,NEUTRAL,NEUTRAL,2021
0,False,,False,True,20.25,0.4543269230769231,33.0,0.000515729757607053,0.003814819604293307,3880.25,3888.25,3868.5,3885.5,-0.0013511774546390853,weak,LH_LL,2021-02-05,NEUTRAL,BULLISH,2021
0,False,,,True,15.75,0.364613476643241,-5.25,0.0009635767970708198,0.001158375699851888,3909.0,3909.25,3887.0,3896.0,0.0033367556468173465,weak,MIXED,2021-02-08,NEUTRAL,NEUTRAL,2021
0,False,,False,True,-9.25,-0.2150269821502698,13.0,-0.0005122294788064696,-0.0020457741976729338,3906.0,3912.25,3895.0,3899.75,0.0016026668376178943,weak,MIXED,2021-02-09,NEUTRAL,BEARISH,2021
0,False,,False,True,18.5,0.44790315607436226,6.25,0.0015311004784688276,0.0021095697756183807,3904.5,3926.0,3878.25,3924.5,-0.005096190597528305,weak,MIXED,2021-02-10,NEUTRAL,BULLISH,2021
0,False,,,True,11.5,0.264476386036961,-20.0,-6.385288295762681e-05,0.0017271157167531026,3911.25,3920.5,3884.5,3916.0,-0.0012129724208376214,weak,MIXED,2021-02-11,NEUTRAL,NEUTRAL,2021
0,False,,,False,-9.5,-0.21382636655948553,-4.75,-0.0005125576627370565,-0.0006400819304871463,3930.75,3932.75,3901.0,3901.75,0.007432562311783242,weak,MIXED,2021-02-12,NEUTRAL,NEUTRAL,2021
0,False,,,False,12.25,0.29055484963998307,29.0,-0.0016454654768685018,0.0,3927.25,3945.0,3918.75,3943.0,-0.003994420492011153,weak,MIXED,2021-02-16,NEUTRAL,NEUTRAL,2021
0,False,,,True,-19.75,-0.46529238535969714,-15.75,-0.001720621972979841,-0.0012088821021823959,3928.0,3930.0,3896.5,3907.5,0.005246321177223345,weak,MIXED,2021-02-17,NEUTRAL,NEUTRAL,2021
2,True,False,False,False,-29.25,-0.752411575562701,20.5,-0.0042748676067121405,-0.003437738731856377,3911.0,3918.5,3880.5,3898.75,0.0031420327027893435,medium,MIXED,2021-02-18,BEARISH,BEARISH,2021
8,True,False,False,True,12.75,0.3424460431654677,12.25,0.002551671344730888,0.0028766860576616704,3903.5,3927.25,3898.75,3923.75,-0.005160879260911133,weak,HH_HL,2021-02-19,BULLISH,BULLISH,2021
0,False,,False,False,-30.25,-0.910752688172043,-20.25,0.000645286184422833,-0.006475604282874858,3874.5,3899.25,3870.0,3873.25,0.00032272639256447633,weak,MIXED,2021-02-22,NEUTRAL,BEARISH,2021
0,False,,False,False,-25.25,-0.8135788262370541,1.25,-0.0009073233959818738,-0.0079948420373952,3878.0,3892.25,3804.75,3849.25,0.007468987465090615,weak,MIXED,2021-02-23,NEUTRAL,BEARISH,2021
1,False,False,,False,-12.0,-0.3462132921174652,28.75,-0.00411999485000647,0.0017414860681115307,3920.5,3925.75,3855.5,3866.0,0.014097258147956593,medium,MIXED,2021-02-24,BEARISH,NEUTRAL,2021
6,False,True,,False,-13.25,-0.35451505016722407,54.5,-0.0023602959938759938,-0.000191155855741032,3826.5,3921.75,3810.25,3907.25,-0.020666709322413435,weak,LH_LL,2021-02-25,BEARISH,NEUTRAL,2021
0,False,,,False,20.0,0.4670558798999166,-80.75,0.0016284523189160627,0.0009157509157509125,3805.5,3858.5,3785.0,3846.5,-0.010659040686338273,weak,HH_HL,2021-02-26,NEUTRAL,NEUTRAL,2021
0,False,,True,True,53.25,1.1412169919632607,-41.0,-0.00012978585334200154,0.01155538047403315,3897.75,3912.0,3858.0,3858.75,0.010106899902818212,weak,MIXED,2021-03-01,NEUTRAL,BULLISH,2021
3,False,False,True,False,3.0,0.061313868613138686,39.0,0.003996132774734207,-0.004739640043553428,3868.25,3903.5,3865.5,3900.75,-0.008331731077356963,weak,MIXED,2021-03-02,BULLISH,BEARISH,2021
1,False,True,False,False,-8.25,-0.1636556854410202,-32.5,-0.008285163776493243,0.006400724122324952,3817.0,3870.5,3815.5,3860.0,-0.011139896373057012,strong,MIXED,2021-03-03,BEARISH,BULLISH,2021
1,False,False,True,False,-2.75,-0.05399719495091164,-43.0,0.003947108742845762,-0.004718217562254212,3769.5,3842.25,3720.5,3814.25,-0.0117323195910074,weak,HH_HL,2021-03-04,BULLISH,BEARISH,2021
3,False,True,,False,37.0,0.6485133020344288,-44.75,0.010392378922123857,-0.0018583659653547135,3838.0,3850.0,3728.5,3806.5,0.008275318534086473,strong,MIXED,2021-03-05,BULLISH,NEUTRAL,2021
1,False,False,True,True,10.75,0.16938660664040517,31.5,0.008796691393684775,-0.006704856138523674,3819.75,3878.75,3816.25,3848.75,-0.007534913933095133,strong,MIXED,2021-03-08,BULLISH,BEARISH,2021
0,False,,True,True,41.0,0.6207082995404163,-29.0,-0.000323918113500854,0.0071158114636376,3873.0,3901.25,3855.25,3860.75,0.003172958622029487,weak,MIXED,2021-03-09,NEUTRAL,BULLISH,2021
1,False,False,,True,26.0,0.3883702320618832,12.25,0.0028346862517716342,0.00045199199328460615,3897.25,3916.25,3883.5,3899.0,-0.0004488330341113622,weak,MIXED,2021-03-10,BULLISH,NEUTRAL,2021
0,False,,True,True,26.75,0.40182403433476394,-1.75,-0.0011464237946627875,0.004862132940950614,3936.5,3958.5,3919.0,3924.0,0.003185524974515852,weak,LH_LL,2021-03-11,NEUTRAL,BULLISH,2021
0,False,,False,False,-13.75,-0.204135737009544,12.5,0.001788337484831093,-0.005019059720457464,3943.0,3944.25,3913.75,3922.75,0.005162194888789662,weak,HH_HL,2021-03-12,NEUTRAL,BEARISH,2021
1,False,False,,False,-7.0,-0.10378607360338894,20.25,-0.0028537002980530968,0.0008879304877276173,3957.5,3959.75,3913.0,3936.0,0.005462398373983657,weak,LH_LL,2021-03-15,BEARISH,NEUTRAL,2021
0,False,,,True,5.75,0.08909795240730492,21.5,0.0010740459944402758,6.31831680040218e-05,3951.75,3970.75,3942.75,3963.25,-0.002901658991988909,weak,HH_HL,2021-03-16,NEUTRAL,NEUTRAL,2021
2,False,False,,False,-14.25,-0.2316400580551524,-11.5,-0.0027208301695773596,-0.001831964624131377,3964.0,3973.5,3925.0,3937.5,0.006730158730158697,weak,LH_LL,2021-03-17,BEARISH,NEUTRAL,2021
0,False,,True,False,-27.75,-0.48668963357344186,26.5,-0.0012046664975906562,-0.003976017671189602,3906.0,3958.75,3900.5,3936.25,-0.0076849793585265225,weak,MIXED,2021-03-18,NEUTRAL,BEARISH,2021
0,False,,,False,-3.75,-0.06704980842911877,-30.25,-0.0015938795027096164,0.001917913310318431,3898.0,3919.5,3875.0,3902.25,-0.0010891152540201121,weak,MIXED,2021-03-19,NEUTRAL,NEUTRAL,2021
0,False,,,True,6.0,0.1085972850678733,-4.25,0.001988326598678647,0.00038493616475276937,3929.5,3944.5,3903.5,3904.0,0.006531762295082011,weak,MIXED,2021-03-22,NEUTRAL,NEUTRAL,2021
0,False,,True,True,-6.75,-0.12169993560849968,25.5,0.0002551183111167976,-0.005276206217023738,3899.0,3938.5,3890.5,3922.75,-0.00605442610413609,weak,HH_HL,2021-03-23,NEUTRAL,BEARISH,2021
0,False,,False,True,15.25,0.2774528914879792,-23.75,0.00012777919754669576,0.002561639449247588,3879.0,3931.5,3879.0,3914.25,-0.009005556620042099,weak,MIXED,2021-03-24,NEUTRAL,BULLISH,2021
2,False,False,,False,-15.0,-0.2998928953945019,-35.25,-0.006749373272481818,0.0014165217951194187,3900.75,3909.5,3843.25,3864.0,0.009510869565217295,medium,LH_LL,2021-03-25,BEARISH,NEUTRAL,2021
0,False,,,True,12.75,0.27674418604651163,36.75,-0.000766626205839116,0.001215688783671398,3963.0,3968.0,3906.75,3913.5,0.012648524338827238,weak,MIXED,2021-03-26,NEUTRAL,NEUTRAL,2021
0,False,,False,True,-15.25,-0.33165048543689324,49.5,0.0010152284263960087,-0.0034702504889898567,3961.75,3971.25,3931.75,3947.75,0.003546323855360578,weak,MIXED,2021-03-29,NEUTRAL,BEARISH,2021
2,False,False,,True,-14.0,-0.30757159670459,14.0,-0.0029062421026029295,-0.0008200857935907191,3952.0,3958.25,3933.75,3947.75,0.001076562598948838,weak,LH_LL,2021-03-30,BEARISH,NEUTRAL,2021
0,False,,,True,5.0,0.11128775834658187,4.25,0.0017098347159774097,-0.00044309406253961736,3968.75,3983.75,3956.5,3957.0,0.0029694212787465535,weak,HH_HL,2021-03-31,NEUTRAL,NEUTRAL,2021
0,False,,True,True,19.25,0.4369679773003648,11.75,0.0003765769158350363,0.003655846202332169,4009.5,4011.0,3985.0,3988.0,0.005391173520561621,weak,MIXED,2021-04-01,NEUTRAL,BULLISH,2021
1,False,True,,True,28.75,0.657411188240098,21.5,0.0021721591261714135,0.0009932335961264638,4067.0,4073.75,4037.5,4038.25,0.00711942054107606,weak,HH_HL,2021-04-05,BULLISH,NEUTRAL,2021
0,False,,False,False,-5.5,-0.1279601163273785,28.75,6.157256326577709e-05,-0.0027639579878385723,4064.5,4076.0,4058.25,4061.5,0.0007386433583651542,weak,MIXED,2021-04-06,NEUTRAL,BEARISH,2021
1,False,False,,False,-1.25,-0.029585798816568046,3.0,-0.0023976392475101305,-0.0006147792942333696,4069.5,4073.5,4058.25,4063.25,0.0015381775672183018,weak,LH_LL,2021-04-07,BEARISH,NEUTRAL,2021
0,False,,,True,13.25,0.3322884012539185,6.25,-0.00024494794856089186,0.0018403778909268365,4089.25,4090.0,4073.0,4082.75,0.001592064172432739,weak,MIXED,2021-04-08,NEUTRAL,NEUTRAL,2021
1,False,False,,False,-1.5,-0.04061895551257253,6.5,-0.0023204689789936284,-0.0010370912640312868,4119.25,4121.5,4086.75,4087.75,0.007705950706378806,weak,MIXED,2021-04-09,BEARISH,NEUTRAL,2021
0,False,,,True,-6.5,-0.1793987185805816,31.5,0.000790609986012214,-0.00012153621779287249,4121.0,4123.75,4106.0,4112.75,0.002005957084675769,weak,MIXED,2021-04-12,NEUTRAL,NEUTRAL,2021
0,False,,,True,-1.25,-0.036157024793388434,8.25,0.0003033060357902073,0.0009702850212249814,4132.5,4139.75,4115.5,4119.75,0.0030948479883488034,weak,MIXED,2021-04-13,NEUTRAL,NEUTRAL,2021
0,False,,,False,-0.25,-0.0076045627376425855,12.75,-0.0015707122575968624,0.0007256455221624769,4120.0,4144.0,4113.0,4132.25,-0.002964486659810084,weak,MIXED,2021-04-14,NEUTRAL,NEUTRAL,2021
0,False,,True,True,21.75,0.694017094017094,-12.25,0.0012085322375974261,0.0031528527253985583,4163.25,4166.5,4141.25,4141.75,0.00519104243375379,weak,HH_HL,2021-04-15,NEUTRAL,BULLISH,2021
3,False,False,,True,14.0,0.4927718416090509,21.5,0.0030044465809397902,0.0007207207207207134,4177.25,4183.5,4161.75,4177.25,0.0,weak,HH_HL,2021-04-16,BULLISH,NEUTRAL,2021
0,False,,,True,-10.5,-0.41032798325191905,0.0,-0.0008987956138774011,-0.0006591167835100498,4157.25,4171.5,4141.75,4166.75,-0.0022799544009119987,weak,MIXED,2021-04-19,NEUTRAL,NEUTRAL,2021
5,True,True,True,False,-14.0,-0.5624103299856528,-9.5,-0.0035499398315282926,-0.0039095392758330405,4126.5,4151.0,4110.5,4143.25,-0.0040427200868883295,weak,MIXED,2021-04-20,BEARISH,BEARISH,2021
0,False,,,True,-7.25,-0.2784636488340192,-16.75,-0.0016361653132953569,0.001092166737455269,4164.75,4167.25,4117.75,4119.25,0.011045700066759645,weak,MIXED,2021-04-21,NEUTRAL,NEUTRAL,2021
0,False,,,False,-1.5,-0.05429864253393665,45.5,0.0005408328826392861,0.0015637216575450363,4127.25,4171.75,4115.25,4163.25,-0.008647090614303687,weak,MIXED,2021-04-22,NEUTRAL,NEUTRAL,2021
0,False,,,True,5.5,0.18454164170161774,-36.0,-0.0016915362774119203,0.0015133171912833365,4170.75,4186.75,4131.75,4132.75,0.009194846046821192,weak,LH_LL,2021-04-23,NEUTRAL,NEUTRAL,2021
0,False,,,True,7.5,0.2408256880733945,38.0,0.0012599748005039935,0.00024003840614494898,4180.25,4186.0,4173.25,4178.25,0.00047866929934792246,weak,HH_HL,2021-04-26,NEUTRAL,NEUTRAL,2021
0,False,,,False,2.75,0.08932714617169374,2.0,-0.0007766294282812725,-0.0005979073243647104,4179.0,4185.25,4166.75,4183.0,-0.0009562514941429123,weak,MIXED,2021-04-27,NEUTRAL,NEUTRAL,2021
0,False,,,False,3.0,0.09671848013816926,-4.0,-0.0003586586167733108,0.0004784402846720326,4178.0,4193.75,4172.75,4182.0,-0.0009564801530368428,weak,MIXED,2021-04-28,NEUTRAL,NEUTRAL,2021
0,False,,False,True,29.25,0.9343981745579008,-4.0,0.001070536457713711,0.004480554393930358,4203.75,4211.0,4168.0,4207.25,-0.0008318973201022484,weak,MIXED,2021-04-29,NEUTRAL,BULLISH,2021
3,True,True,True,True,-23.75,-0.7446808510638298,-3.5,-0.0020876826722338038,-0.0029166666666666785,4177.25,4189.25,4167.25,4180.0,-0.0006578947368420796,weak,MIXED,2021-04-30,BEARISH,BEARISH,2021
0,False,,,True,21.0,0.6522462562396008,-2.75,-0.0003576751117734256,0.0017342423155124465,4186.25,4202.5,4181.0,4198.25,-0.002858333829571791,weak,MIXED,2021-05-03,NEUTRAL,NEUTRAL,2021
1,False,True,,False,-21.5,-0.671875,-12.0,-0.003470767757764337,-0.00035855145213337103,4160.75,4170.25,4120.5,4164.75,-0.000960441803229517,weak,LH_LL,2021-05-04,BEARISH,NEUTRAL,2021
0,False,,False,True,17.0,0.5099089448312801,-4.0,0.0007190795781399917,0.0035471652738532367,4161.0,4180.0,4153.0,4177.75,-0.004009335168451922,weak,MIXED,2021-05-05,NEUTRAL,BULLISH,2021
0,False,,,False,1.25,0.03735325506937033,-16.75,-0.0012605798667386647,0.0011423074610714679,4194.5,4195.75,4140.5,4162.25,0.007748213105892354,weak,LH_LL,2021-05-06,NEUTRAL,NEUTRAL,2021
0,False,,,True,8.5,0.23705179282868527,32.25,0.0018453479373772286,0.0014894250819184052,4224.5,4232.25,4195.5,4203.0,0.005115393766357279,weak,MIXED,2021-05-07,NEUTRAL,NEUTRAL,2021
0,False,,,False,4.0,0.1100196463654224,21.5,0.0011835720203574596,-0.0002957354941740542,4183.75,4231.0,4181.75,4228.5,-0.010582949036301303,weak,HH_HL,2021-05-10,NEUTRAL,NEUTRAL,2021
4,True,False,False,False,-49.5,-1.3384838242394979,-44.75,-0.005360154179715693,-0.005208645153565228,4146.25,4156.25,4103.75,4134.25,0.0029025820886496856,medium,LH_LL,2021-05-11,BEARISH,BEARISH,2021
2,False,True,,False,-30.5,-0.8199711953912626,12.0,-0.003567757150631956,-0.0016908212560386993,4057.75,4129.0,4051.0,4115.75,-0.014092206766688986,weak,MIXED,2021-05-12,BEARISH,NEUTRAL,2021
2,False,True,,True,16.0,0.41309359151682806,-58.0,0.007053582477416054,-0.0019126357354393164,4105.5,4126.75,4073.25,4073.75,0.007793801779687026,medium,HH_HL,2021-05-13,BULLISH,NEUTRAL,2021
0,False,,True,True,29.5,0.7637540453074434,31.75,0.000242028196284938,0.005351821443775551,4169.0,4178.25,4134.75,4135.0,0.008222490931076187,weak,MIXED,2021-05-14,NEUTRAL,BULLISH,2021
1,True,False,False,True,-12.25,-0.300087489063867,34.0,-0.00288201741218852,-0.0032947942251243534,4158.5,4167.0,4136.5,4156.75,0.0004210019847237234,weak,LH_LL,2021-05-17,BEARISH,BEARISH,2021
2,False,True,False,True,2.5,0.05998286203941731,1.75,-0.002158014626543525,0.002223290469895556,4123.0,4163.5,4120.5,4161.0,-0.0091324200913242,weak,LH_LL,2021-05-18,BEARISH,BULLISH,2021
6,True,False,False,False,-51.25,-1.1849710982658959,-38.0,-0.00507365975915397,-0.006987058752050523,4111.5,4113.0,4055.5,4071.75,0.009762387179959475,medium,LH_LL,2021-05-19,BEARISH,BEARISH,2021
1,False,True,False,True,9.25,0.20887096774193548,39.75,0.005497526113249052,-0.004199379222201927,4155.5,4169.25,4119.25,4120.75,0.00843293089850139,medium,HH_HL,2021-05-20,BULLISH,BEARISH,2021
0,False,,False,False,16.0,0.345679012345679,34.75,0.0017422649444278626,0.0030105973025047472,4152.5,4185.0,4147.0,4171.5,-0.004554716528826552,weak,MIXED,2021-05-21,NEUTRAL,BULLISH,2021
0,False,,True,False,23.75,0.5003762227238525,-19.0,0.0017997480352751616,0.0037881065480127596,4194.5,4206.25,4173.5,4176.25,0.004369949117030814,weak,MIXED,2021-05-24,NEUTRAL,BULLISH,2021
0,False,,False,True,11.75,0.25405405405405407,18.25,-0.0004753416518122888,0.002024170982913631,4185.75,4210.0,4179.25,4206.25,-0.004873699851411617,weak,MIXED,2021-05-25,NEUTRAL,BULLISH,2021
0,False,,,True,5.75,0.1236084452975048,-20.5,-0.0004169893369869726,0.0019696788826548683,4193.75,4199.0,4180.5,4191.5,0.0005368006680186443,weak,MIXED,2021-05-26,NEUTRAL,NEUTRAL,2021
1,False,False,True,True,10.75,0.24491456468673717,2.25,0.0037063605930176546,-0.003099850968703466,4195.0,4210.0,4194.25,4204.5,-0.0022594838863122524,weak,HH_HL,2021-05-27,BULLISH,BEARISH,2021
0,False,,,False,17.5,0.41280539174389214,-9.5,-0.001305018388895518,0.0008904719501334757,4203.5,4215.5,4201.0,4212.5,-0.002136498516320473,weak,MIXED,2021-05-28,NEUTRAL,NEUTRAL,2021
0,False,,False,True,25.25,0.632662192393736,-9.0,0.0010664770707429216,0.006859528780196911,4199.25,4230.0,4195.0,4228.75,-0.006976056754360083,weak,MIXED,2021-06-01,NEUTRAL,BULLISH,2021
1,False,False,,True,7.25,0.18752886836027713,-29.5,0.00303969483847899,0.00017863522686667466,4206.25,4215.0,4195.5,4206.5,-5.943183168910515e-05,weak,HH_HL,2021-06-02,BULLISH,NEUTRAL,2021
4,True,False,False,False,-25.25,-0.7322630761263594,-0.25,-0.005651734190017299,-0.0021394187912283646,4190.75,4202.5,4165.25,4181.0,0.002331977995694734,medium,LH_LL,2021-06-03,BEARISH,BEARISH,2021
1,False,True,,True,19.5,0.5852090032154341,9.75,0.00423652962587262,0.0001789442290485166,4228.25,4232.0,4209.25,4210.25,0.004275280565287032,medium,HH_HL,2021-06-04,BULLISH,NEUTRAL,2021
0,False,,,True,0.25,0.007851934941110488,18.0,0.0018349709956198001,-0.0019513925847082225,4225.25,4230.5,4214.5,4228.5,-0.0007685940640889122,weak,HH_HL,2021-06-07,NEUTRAL,NEUTRAL,2021
0,False,,,True,8.75,0.28405797101449276,-3.25,0.0014193624696907658,0.0005914010290377636,4225.5,4235.0,4205.75,4234.0,-0.0020075578649031423,weak,HH_HL,2021-06-08,NEUTRAL,NEUTRAL,2021
0,False,,,True,9.0,0.3017964071856287,-8.5,0.0005910864168341412,0.0005325128690609748,4219.25,4235.0,4217.0,4234.5,-0.003601369701263457,weak,MIXED,2021-06-09,NEUTRAL,NEUTRAL,2021
1,False,True,,True,13.25,0.49074074074074076,-15.25,0.0025476952245526707,-0.0003552608206525143,4238.5,4249.0,4218.25,4232.5,0.0014176018901359555,weak,MIXED,2021-06-10,BULLISH,NEUTRAL,2021
0,False,,,True,6.25,0.24390243902439024,6.0,0.0012381345439538283,0.000353898784947404,4245.5,4246.75,4230.75,4244.75,0.00017668885093358178,weak,MIXED,2021-06-11,NEUTRAL,NEUTRAL,2021
0,False,,,False,-7.75,-0.32219747587230885,0.75,-0.0008844339622641195,-0.0008833922261484162,4247.25,4247.5,4224.5,4237.75,0.0022417556486342693,weak,MIXED,2021-06-14,NEUTRAL,NEUTRAL,2021
0,False,,,False,0.5,0.021406727828746176,9.5,-0.0012345679012345512,0.0003532528701795101,4237.5,4248.25,4228.25,4247.75,-0.0024130421988111106,weak,MIXED,2021-06-15,NEUTRAL,NEUTRAL,2021
0,False,,,True,1.75,0.0774703557312253,-10.25,0.00029514196328439546,-0.0007669616519173639,4213.75,4241.5,4190.25,4239.25,-0.006015214955475634,weak,MIXED,2021-06-16,NEUTRAL,NEUTRAL,2021
0,False,,,False,-5.0,-0.2005730659025788,-25.5,0.0014307857398354606,-0.00065437239738253,4212.5,4222.75,4185.5,4208.75,0.0008910008910008038,weak,MIXED,2021-06-17,NEUTRAL,NEUTRAL,2021
2,False,True,,False,-36.75,-1.388663967611336,3.75,-0.005164430725394742,-0.0007116593523900372,4154.75,4183.75,4151.75,4175.75,-0.005029036699993994,medium,LH_LL,2021-06-18,BEARISH,NEUTRAL,2021
0,False,,True,True,18.75,0.6765463917525772,-21.0,0.0010794602698651623,0.007545119816502632,4214.0,4216.25,4164.75,4173.5,0.009704085300107801,weak,MIXED,2021-06-21,NEUTRAL,BULLISH,2021
0,False,,False,False,-0.25,-0.00865265760197775,40.5,0.0013071895424836555,-0.0023112480739599928,4236.0,4245.5,4205.75,4213.75,0.005280332245624519,weak,MIXED,2021-06-22,NEUTRAL,BEARISH,2021
0,False,,,True,1.0,0.0329605650382578,22.25,0.0004717537445453335,0.0002360299758068507,4231.75,4246.25,4230.5,4237.0,-0.0012390842577295613,weak,MIXED,2021-06-23,NEUTRAL,NEUTRAL,2021
0,False,,True,True,22.5,0.7811531308121513,-5.25,-5.880969183724716e-05,0.004310853903389589,4256.0,4260.75,4251.25,4254.25,0.00041135335252984184,weak,MIXED,2021-06-24,NEUTRAL,BULLISH,2021
0,False,,,True,8.25,0.29615384615384616,1.75,0.001174053419430665,-0.0002932723326881659,4270.75,4276.75,4260.75,4264.25,0.0015243008735417174,weak,MIXED,2021-06-25,NEUTRAL,NEUTRAL,2021
0,False,,,True,6.5,0.23333333333333334,6.5,0.0010530010530009903,-0.0002924318633757972,4280.25,4282.0,4264.25,4277.25,0.0007013852358408457,weak,HH_HL,2021-06-28,NEUTRAL,NEUTRAL,2021
0,False,,,False,4.0,0.14795244385733158,3.0,0.0009351803144543869,-0.00029197080291976096,4282.5,4291.0,4277.0,4284.25,-0.00040847289490575367,weak,MIXED,2021-06-29,NEUTRAL,NEUTRAL,2021
0,False,,False,False,-5.0,-0.18691588785046728,-1.75,0.0008773982218062137,-0.0022174242866312976,4286.25,4293.75,4277.25,4277.5,0.002045587375803626,weak,MIXED,2021-06-30,NEUTRAL,BEARISH,2021
0,False,,,True,7.75,0.3011797362942401,8.75,-0.0012212852573422195,0.00023291021311289128,4310.5,4312.0,4293.25,4294.0,0.003842571029343267,weak,HH_HL,2021-07-01,NEUTRAL,NEUTRAL,2021
1,False,True,,True,11.75,0.453168044077135,16.5,0.002609754683059684,0.0005801137022856118,4343.0,4347.0,4319.0,4322.25,0.00480074035513911,weak,MIXED,2021-07-02,BULLISH,NEUTRAL,2021
0,False,,,True,0.5,0.019021739130434784,20.75,0.0004031793572170095,-5.758378440634537e-05,4334.5,4345.75,4305.25,4343.5,-0.0020720617013928466,weak,MIXED,2021-07-06,NEUTRAL,NEUTRAL,2021
0,False,,True,True,7.75,0.27927927927927926,-9.0,5.763356578869505e-05,0.0028302431698723485,4349.75,4353.25,4320.25,4342.25,0.001727215153434214,weak,MIXED,2021-07-07,NEUTRAL,BULLISH,2021
7,True,False,False,False,-57.25,-2.164753544902093,7.5,-0.004466616393062228,-0.012006663985752897,4315.5,4322.75,4280.25,4292.5,0.005358182877111206,medium,MIXED,2021-07-08,BEARISH,BEARISH,2021
0,False,,True,True,15.5,0.5778961384820239,23.0,0.0013290956370990425,0.003190070181543936,4360.25,4364.0,4328.25,4331.0,0.0067536365735396675,weak,MIXED,2021-07-09,NEUTRAL,BULLISH,2021
0,False,,False,True,-1.0,-0.03691496374423203,29.25,0.001205787781350498,-0.0026364053186611613,4376.25,4379.25,4354.75,4359.25,0.0038997533979467924,weak,HH_HL,2021-07-12,NEUTRAL,BEARISH,2021
1,False,True,,False,-8.75,-0.34776437189496096,17.0,-0.004512222983778846,0.00017139918871045268,4361.5,4383.75,4358.5,4367.5,-0.0013737836290784733,medium,LH_LL,2021-07-13,BEARISH,NEUTRAL,2021
4,False,False,,True,17.75,0.7357512953367875,-6.0,0.004876929255837936,0.0006881917761083489,4367.75,4384.5,4354.5,4379.25,-0.0026260204372895446,medium,HH_HL,2021-07-14,BULLISH,NEUTRAL,2021
1,False,True,,True,-14.5,-0.5767045454545454,-11.5,-0.003948497854077249,-0.0003435442313197701,4353.0,4360.75,4332.5,4353.25,-5.742835812327929e-05,weak,MIXED,2021-07-15,BEARISH,NEUTRAL,2021
0,False,,False,True,12.25,0.46257585974376264,-0.25,0.0017216642754662725,0.002472401103955857,4319.0,4365.75,4314.25,4365.25,-0.010595040375694365,weak,MIXED,2021-07-16,NEUTRAL,BULLISH,2021
5,True,True,True,False,-52.25,-1.8006153846153847,-46.25,-0.004315120415184559,-0.006078499478985755,4255.0,4272.0,4224.0,4266.75,-0.0027538524638190953,medium,LH_LL,2021-07-19,BEARISH,BEARISH,2021
0,False,,,False,6.25,0.2004581901489118,-11.75,-0.0015796864029955504,0.0011734334663224821,4314.75,4329.0,4252.75,4261.25,0.01255500146670574,weak,MIXED,2021-07-20,NEUTRAL,NEUTRAL,2021
2,False,False,True,True,13.25,0.3719298245614035,53.5,-0.0024795294660362455,0.003473026163463677,4351.25,4352.25,4326.0,4328.0,0.0053719963031422235,weak,MIXED,2021-07-21,BEARISH,BULLISH,2021
0,False,,,False,0.75,0.02064896755162242,23.25,-0.0019508836355290882,0.0006888238333047081,4359.75,4362.25,4341.5,4352.0,0.0017807904411764053,weak,LH_LL,2021-07-22,NEUTRAL,NEUTRAL,2021
0,False,,True,True,20.0,0.5484818805093046,7.75,0.00022845393797465974,0.0020018302447952774,4403.75,4408.25,4372.5,4379.75,0.005479764826759492,weak,MIXED,2021-07-23,NEUTRAL,BULLISH,2021
0,False,,,True,-5.75,-0.15533043897732754,24.0,0.0016536465758112406,-0.0014775245780530577,4414.5,4415.0,4397.0,4398.0,0.003751705320600207,weak,MIXED,2021-07-26,NEUTRAL,NEUTRAL,2021
2,False,False,True,False,-11.0,-0.3106404437720625,16.5,0.0025018479558764906,-0.0033408833522083903,4395.0,4404.0,4364.75,4403.5,-0.0019302827296469038,weak,MIXED,2021-07-27,BULLISH,BEARISH,2021
0,False,,False,False,6.25,0.17430278884462153,-8.5,-0.001248864668483174,0.004334435953005533,4392.75,4407.75,4377.5,4401.25,-0.0019312695257028833,weak,MIXED,2021-07-28,NEUTRAL,BULLISH,2021
0,False,,True,False,10.0,0.28586013272077593,-8.5,0.0006251065522531185,0.0023907103825135945,4411.75,4422.5,4402.5,4402.75,0.0020441769348702454,weak,MIXED,2021-07-29,NEUTRAL,BULLISH,2021
0,False,,False,False,-27.75,-0.819620253164557,9.0,0.00017106688715284868,-0.004036843302251514,4390.0,4405.0,4382.25,4384.0,0.0013686131386860811,weak,MIXED,2021-07-30,NEUTRAL,BEARISH,2021
1,False,True,False,True,18.0,0.5336156696664902,6.0,-0.002151146334559817,0.004664126045162309,4380.0,4414.0,4377.25,4408.0,-0.006352087114337546,weak,MIXED,2021-08-02,BEARISH,BULLISH,2021
0,False,,True,False,8.5,0.24599483204134365,-28.0,-0.0008532423208190698,0.0025662959794696683,4415.5,4417.0,4365.25,4388.5,0.006152443887432968,weak,LH_LL,2021-08-03,NEUTRAL,BULLISH,2021
1,False,True,,False,-13.75,-0.380811078140455,27.0,-0.0021537066424847096,0.0006237595690388176,4394.0,4408.25,4391.25,4401.75,-0.001760663372522342,weak,LH_LL,2021-08-04,BEARISH,NEUTRAL,2021
0,False,,True,True,12.0,0.3399089529590288,-7.75,-0.00017033840563251967,0.0025588536335721113,4421.5,4422.75,4402.0,4406.0,0.0035179300953245285,weak,MIXED,2021-08-05,NEUTRAL,BULLISH,2021
0,False,,,False,3.5,0.1057173678532902,15.5,-5.652591713301014e-05,0.00045238633793265315,4429.25,4433.25,4421.75,4425.0,0.0009604519774011333,weak,MIXED,2021-08-06,NEUTRAL,NEUTRAL,2021
0,False,,,True,-0.75,-0.02459016393442623,4.25,0.0005653230821414112,-0.0017493369448676743,4425.5,4432.0,4416.75,4428.5,-0.0006774302811335398,weak,MIXED,2021-08-09,NEUTRAL,NEUTRAL,2021
0,False,,,True,4.25,0.16256830601092898,-3.0,0.00028245396000459166,-0.0006775832862789821,4430.25,4438.25,4422.25,4429.75,0.00011287318697439375,weak,HH_HL,2021-08-10,NEUTRAL,NEUTRAL,2021
1,False,False,,True,11.5,0.45256500351370343,0.5,0.0028818443804035088,-0.0010159160176091975,4441.0,4442.5,4430.0,4441.75,-0.00016885236674735182,weak,MIXED,2021-08-11,BULLISH,NEUTRAL,2021
0,False,,,True,-1.25,-0.050359712230215826,-0.75,-0.0006191950464395912,0.0001688618709896339,4454.5,4456.25,4430.25,4439.75,0.0033222591362125353,weak,MIXED,2021-08-12,NEUTRAL,NEUTRAL,2021
0,False,,,True,5.0,0.20725388601036268,14.75,5.607267018059581e-05,0.0006732495511669878,4462.75,4463.25,4454.25,4459.5,0.0007287812535037297,weak,MIXED,2021-08-13,NEUTRAL,NEUTRAL,2021
0,False,,,False,-13.5,-0.5749049429657794,3.25,-0.0014036269720959504,-0.001737765569818972,4473.75,4474.75,4432.5,4449.25,0.005506546047086669,weak,MIXED,2021-08-16,NEUTRAL,NEUTRAL,2021
0,False,,True,True,-28.0,-1.1816126601356443,24.5,-0.00016835016835015093,-0.003857334525939171,4444.5,4453.5,4411.75,4445.75,-0.00028116740707417875,weak,MIXED,2021-08-17,NEUTRAL,BEARISH,2021
0,False,,,False,-11.5,-0.4690458849235251,-1.25,-0.0007321056484766997,-5.63380281690673e-05,4395.5,4449.75,4392.5,4433.0,-0.008459282652831024,weak,MIXED,2021-08-18,NEUTRAL,NEUTRAL,2021
0,False,,False,False,-29.75,-1.0946123521681999,-37.5,0.00011480397221741434,-0.004728267061638425,4402.25,4414.75,4364.5,4365.75,0.008360533699822481,weak,LH_LL,2021-08-19,NEUTRAL,BEARISH,2021
1,False,True,False,True,3.25,0.11151960784313726,36.5,0.004393973978543686,-0.004087889626980035,4436.5,4440.5,4400.0,4405.5,0.007036658722052058,medium,MIXED,2021-08-20,BULLISH,BEARISH,2021
0,False,,True,True,18.5,0.6290224650880388,31.0,0.0006179775280898969,0.0029859154929576803,4476.0,4485.75,4454.25,4455.0,0.00471380471380467,weak,MIXED,2021-08-23,NEUTRAL,BULLISH,2021
0,False,,,True,6.75,0.24137931034482757,21.0,-0.0013934563290786128,-0.00016736401673644874,4483.0,4488.5,4477.5,4482.75,5.576933801787476e-05,weak,MIXED,2021-08-24,NEUTRAL,NEUTRAL,2021
0,False,,,True,2.0,0.07263294422827497,0.25,5.57444673616736e-05,0.0003345413994981783,4492.5,4498.0,4480.75,4485.0,0.0016722408026756952,weak,MIXED,2021-08-25,NEUTRAL,NEUTRAL,2021
0,False,,,True,-3.0,-0.1099476439790576,7.5,0.00011141440588269269,-0.0010014465338822331,4466.0,4492.0,4465.0,4489.5,-0.005234435906002921,weak,MIXED,2021-08-26,NEUTRAL,NEUTRAL,2021
0,False,,True,True,8.5,0.2993710691823899,-23.5,-0.0001116196004018466,0.002460850111856816,4505.0,4510.0,4473.75,4474.5,0.00681640406749362,weak,MIXED,2021-08-27,NEUTRAL,BULLISH,2021
0,False,,,True,8.25,0.27598566308243727,30.5,0.000554446662231145,0.0002773155851358844,4525.75,4534.5,4510.5,4513.25,0.0027696227773776894,weak,MIXED,2021-08-30,NEUTRAL,NEUTRAL,2021
3,False,True,,False,-0.75,-0.0246189917936694,12.5,-0.0029213978613162883,0.0006622516556291647,4520.25,4528.5,4512.5,4525.0,-0.0010497237569060403,weak,LH_LL,2021-08-31,BEARISH,NEUTRAL,2021
0,False,,,True,9.25,0.30116279069767443,-4.75,-0.0007713498622589077,0.0013250883392226243,4522.0,4535.0,4519.25,4529.5,-0.001655811899768156,weak,MIXED,2021-09-01,NEUTRAL,NEUTRAL,2021
0,False,,,True,15.0,0.5002977963073257,-7.5,0.0006069300375193265,0.001326626499364325,4536.0,4544.0,4522.75,4537.0,-0.0002204099625302547,weak,HH_HL,2021-09-02,NEUTRAL,NEUTRAL,2021
0,False,,,False,-12.75,-0.4131944444444444,-1.0,-0.0009356596400462713,0.001212388405158249,4534.5,4540.0,4519.25,4523.25,0.0024871497264136178,weak,MIXED,2021-09-03,NEUTRAL,NEUTRAL,2021
0,False,,True,False,-3.75,-0.1278928136419001,11.25,-0.0007162929087002334,-0.002420508306744451,4519.0,4532.0,4510.75,4530.75,-0.0025933896154057834,weak,MIXED,2021-09-07,NEUTRAL,BEARISH,2021
2,False,True,,True,-6.5,-0.23333333333333334,-11.75,0.0027751567963589796,-0.000719384649438326,4513.0,4520.25,4492.0,4512.5,0.0001108033240997397,weak,MIXED,2021-09-08,BULLISH,NEUTRAL,2021
2,False,False,,True,-2.75,-0.10664819944598339,0.5,0.0026116914869971364,-0.001995012468827939,4493.25,4529.5,4490.5,4510.25,-0.003769192395100096,weak,MIXED,2021-09-09,BULLISH,NEUTRAL,2021
0,False,,False,False,20.75,0.8305932809149392,-17.0,-0.0002769776202082852,0.004008239158269866,4458.75,4518.25,4456.5,4514.0,-0.012239698715108549,weak,MIXED,2021-09-10,NEUTRAL,BULLISH,2021
1,False,False,,True,21.75,0.8207547169811321,-55.25,0.0021820623286521457,0.0019054023761488903,4459.5,4483.5,4434.5,4480.5,-0.004686976899899609,weak,MIXED,2021-09-13,BULLISH,NEUTRAL,2021
0,False,,,True,15.75,0.5675675675675675,-21.0,0.0014556040756914523,-0.001175351206134212,4435.75,4477.25,4425.25,4475.25,-0.008826322551812704,weak,MIXED,2021-09-14,NEUTRAL,NEUTRAL,2021
0,False,,True,False,3.75,0.12223515715948778,-39.5,-0.0010123165176312288,0.002197306890528994,4472.25,4477.75,4427.5,4439.5,0.0073769568645116745,weak,LH_LL,2021-09-15,NEUTRAL,BULLISH,2021
0,False,,True,True,-6.0,-0.18162162162162163,32.75,-5.593779716950298e-05,-0.0024572768904277398,4464.5,4476.5,4433.25,4466.25,-0.0003918275958578743,weak,MIXED,2021-09-16,NEUTRAL,BEARISH,2021
0,False,,,True,-8.75,-0.2558746736292428,-1.75,-0.0009518477043672924,-0.0011770640659155562,4420.0,4460.25,4416.25,4455.75,-0.008023340627279385,weak,MIXED,2021-09-17,NEUTRAL,NEUTRAL,2021
6,True,True,True,False,-65.75,-1.8920863309352518,-35.75,-0.005320366132723131,-0.010888674644133123,4346.5,4371.25,4293.75,4354.25,-0.0017798702417178847,medium,LH_LL,2021-09-20,BEARISH,BEARISH,2021
2,False,True,False,False,24.75,0.6416666666666667,-7.75,-0.0037615410919867864,0.01007368178678325,4342.75,4385.0,4336.5,4371.25,-0.006519874177866702,weak,LH_LL,2021-09-21,BEARISH,BULLISH,2021
0,False,,True,True,23.75,0.5807860262008733,-28.5,0.000572540936677024,0.006687806284231712,4384.25,4406.5,4356.5,4366.5,0.004065040650406582,weak,MIXED,2021-09-22,NEUTRAL,BULLISH,2021
1,False,False,True,False,20.0,0.46147507210548,17.75,-0.0022646209590669875,0.006839555428897137,4437.25,4455.0,4401.25,4404.25,0.007492762672418607,weak,MIXED,2021-09-23,BEARISH,BULLISH,2021
1,True,False,False,False,-17.0,-0.37231130230739146,33.0,-0.0030492969676435555,-0.004843433205676928,4445.5,4453.0,4417.75,4420.25,0.005712346586731476,weak,LH_LL,2021-09-24,BEARISH,BEARISH,2021
4,False,True,,False,-12.0,-0.2569789674952199,25.25,-0.005103185284881073,0.0006185335132704584,4433.25,4446.5,4425.0,4433.5,-5.638885756176215e-05,medium,LH_LL,2021-09-27,BEARISH,NEUTRAL,2021
1,True,True,True,False,-30.5,-0.6529051987767583,-0.25,-0.002213268259463108,-0.008127786871366505,4343.75,4406.25,4334.75,4402.75,-0.013400715461927226,weak,MIXED,2021-09-28,BEARISH,BEARISH,2021
1,False,True,False,False,14.25,0.28612405880243813,-59.0,-0.003086243356003937,0.006672034970666152,4350.5,4376.5,4344.25,4358.0,-0.0017209729233593762,weak,LH_LL,2021-09-29,BEARISH,BULLISH,2021
3,False,True,False,False,15.5,0.3142650253439537,-7.5,-0.0037666932998515756,0.0032135888901640985,4296.75,4373.5,4294.25,4366.0,-0.015861200183234114,weak,MIXED,2021-09-30,BEARISH,BULLISH,2021
3,False,True,False,False,18.25,0.3608757062146893,-69.25,0.008719569288389462,-0.005350703733860596,4347.0,4365.75,4277.0,4315.0,0.007415990730011535,strong,HH_HL,2021-10-01,BULLISH,BEARISH,2021
0,False,,True,True,-12.25,-0.2293547308592444,32.0,0.0017896316822538783,-0.004711831293455204,4292.0,4344.5,4267.5,4334.75,-0.009862160447545953,weak,MIXED,2021-10-04,NEUTRAL,BEARISH,2021
0,False,,True,False,15.5,0.28081527013911356,-42.75,0.0018006505576209086,0.0036096879366558365,4335.0,4359.75,4298.5,4307.5,0.006384213580963527,weak,MIXED,2021-10-05,NEUTRAL,BULLISH,2021
0,False,,False,False,-38.0,-0.6787878787878788,27.5,0.001399498513032782,-0.012742158671586679,4353.5,4355.75,4279.5,4297.0,0.013148708401210074,weak,HH_HL,2021-10-06,NEUTRAL,BEARISH,2021
4,True,True,True,True,34.75,0.5956535047444138,56.5,0.0031959821938134514,0.0061420125136328885,4391.0,4421.5,4386.5,4388.25,0.0006266735031048576,weak,HH_HL,2021-10-07,BULLISH,BULLISH,2021
1,False,False,,False,8.25,0.14298978644382546,2.75,0.003820929569432474,5.694436535508274e-05,4383.0,4403.25,4376.25,4399.25,-0.0036938114451326998,weak,MIXED,2021-10-08,BULLISH,NEUTRAL,2021
0,False,,True,False,-7.0,-0.12941564872895345,-16.25,0.000743792195903481,-0.002282844424152497,4350.75,4407.5,4350.0,4376.0,-0.005770109689213876,weak,MIXED,2021-10-11,NEUTRAL,BEARISH,2021
5,False,False,,False,10.0,0.18270799347471453,-25.25,0.002358083625697338,0.001092644775432694,4340.25,4365.0,4331.75,4360.75,-0.00470102619962165,weak,MIXED,2021-10-12,BULLISH,NEUTRAL,2021
1,False,False,True,False,10.75,0.2008005336891261,-20.5,-0.0024714064026668536,0.004620271440947121,4355.25,4364.75,4318.75,4351.0,0.0009767869455297173,weak,MIXED,2021-10-13,BEARISH,BULLISH,2021
2,True,True,True,True,40.0,0.7549713515335356,4.25,0.0025094102885820924,0.0068308363469375966,4429.0,4431.0,4390.0,4395.25,0.007678744098742918,weak,HH_HL,2021-10-14,BULLISH,BULLISH,2021
0,False,,,True,23.0,0.43076923076923074,33.75,0.0016321476812246605,0.001690902942171224,4463.25,4467.5,4445.0,4452.0,0.0025269541778976112,weak,MIXED,2021-10-15,NEUTRAL,NEUTRAL,2021
0,False,,False,False,-19.5,-0.36472945891783565,11.25,-0.0019107564347532469,-0.004199092995912923,4476.75,4479.75,4436.75,4443.75,0.007426160337552723,weak,MIXED,2021-10-18,NEUTRAL,BEARISH,2021
0,False,,True,True,16.75,0.32569444444444445,33.0,0.0006681142475364332,0.003742180518319982,4511.75,4512.25,4487.25,4493.5,0.004061422054078223,weak,MIXED,2021-10-19,NEUTRAL,BULLISH,2021
0,False,,,True,4.0,0.07856892318484743,18.25,0.0,-0.000830518797408808,4529.0,4532.25,4514.5,4515.75,0.002934174832530667,weak,MIXED,2021-10-20,NEUTRAL,NEUTRAL,2021
0,False,,,False,-7.0,-0.15047984644913626,13.25,0.0005536485439043837,-0.0013259668508287525,4541.0,4543.25,4517.75,4522.0,0.004201680672268893,weak,MIXED,2021-10-21,NEUTRAL,NEUTRAL,2021
0,False,,,True,-5.0,-0.11904761904761904,19.0,0.0001652255328523644,0.0015445719329214569,4536.25,4551.5,4515.25,4536.0,5.511463844798392e-05,weak,MIXED,2021-10-22,NEUTRAL,NEUTRAL,2021
0,False,,True,True,11.5,0.29419826404751026,0.25,0.0003853564547207089,0.0024286581663630624,4560.25,4564.0,4528.75,4547.75,0.0027486119509647633,weak,MIXED,2021-10-25,NEUTRAL,BULLISH,2021
0,False,,False,True,16.25,0.43645083932853723,12.5,-5.4623914349738456e-05,0.0025737911395871116,4564.75,4590.0,4560.75,4576.5,-0.0025674642193815878,weak,MIXED,2021-10-26,NEUTRAL,BULLISH,2021
0,False,,,False,4.25,0.12546125461254612,-11.75,0.000766661190515272,-0.0007122116912288146,4544.0,4576.75,4543.75,4569.0,-0.005471656817684356,weak,HH_HL,2021-10-27,NEUTRAL,NEUTRAL,2021
0,False,,,True,15.75,0.46691371095817896,-25.0,0.0009331942690893325,0.0009895003023472349,4587.75,4588.75,4559.0,4559.75,0.006140687537693923,weak,MIXED,2021-10-28,NEUTRAL,NEUTRAL,2021
0,False,,False,False,-24.0,-0.7073684210526315,28.0,-0.0009305890081016122,-0.00278475483236873,4597.25,4601.0,4560.25,4563.75,0.007340454669953367,weak,MIXED,2021-10-29,NEUTRAL,BEARISH,2021
0,False,,False,True,10.75,0.32842334969994547,33.5,-0.0011918305433663567,0.0028245518739815623,4606.0,4612.0,4586.5,4608.0,-0.0004340277777777901,weak,MIXED,2021-11-01,NEUTRAL,BULLISH,2021
0,False,,,True,1.0,0.031076581576026635,-2.0,0.0016302575806976805,-0.0005427997611681112,4623.75,4627.0,4605.5,4607.0,0.003635771651834263,weak,HH_HL,2021-11-02,NEUTRAL,NEUTRAL,2021
0,False,,,True,-5.75,-0.18896713615023475,16.75,-0.0010277492291880241,0.00010818998160777582,4652.25,4657.0,4613.0,4618.0,0.007416630576006833,weak,MIXED,2021-11-03,NEUTRAL,NEUTRAL,2021
0,False,,,True,5.75,0.18764568764568765,34.25,0.0005369415807561229,0.0010211210834631945,4674.0,4674.75,4654.5,4658.0,0.003434950622584809,weak,MIXED,2021-11-04,NEUTRAL,NEUTRAL,2021
4,True,False,False,True,23.75,0.7791446983011131,16.0,0.004118087495988965,0.0021400674121234697,4690.0,4711.75,4674.25,4697.75,-0.001649725932627355,medium,MIXED,2021-11-05,BULLISH,BULLISH,2021
0,False,,,True,11.75,0.3905044510385757,-7.75,0.0017051206905738248,0.0015472443045403406,4694.25,4707.0,4686.75,4701.75,-0.0015951507417450994,weak,MIXED,2021-11-08,NEUTRAL,NEUTRAL,2021
0,False,,,True,4.0,0.13445378151260504,-7.5,5.32509718302876e-05,0.0006926683716965698,4678.75,4700.5,4663.25,4698.25,-0.004150481562283814,weak,MIXED,2021-11-09,NEUTRAL,NEUTRAL,2021
1,False,True,,False,-18.25,-0.5860091743119266,-19.5,-0.0024071894725580245,-0.0017646115181005895,4641.25,4678.75,4625.25,4660.5,-0.004130458105353507,weak,MIXED,2021-11-10,BEARISH,NEUTRAL,2021
0,False,,False,False,15.5,0.4676724137931034,-19.25,0.00016099602876451513,0.002637670237390255,4642.75,4657.5,4642.0,4656.75,-0.00300638857572344,weak,MIXED,2021-11-11,NEUTRAL,BULLISH,2021
0,False,,,True,13.25,0.4184997179921038,-14.0,0.0017215407789972215,0.0007532551382760655,4677.25,4683.5,4645.75,4656.0,0.004564003436426045,weak,MIXED,2021-11-12,NEUTRAL,NEUTRAL,2021
0,False,,,True,14.25,0.4475602916432978,21.25,0.0015470792211256246,0.0018158513138217813,4679.0,4692.75,4667.0,4691.5,-0.00266439305126287,weak,MIXED,2021-11-15,NEUTRAL,NEUTRAL,2021
0,False,,,True,-2.75,-0.08705483323911814,-12.5,0.0005345878327809306,-0.0015488143559068135,4697.25,4709.75,4675.5,4676.25,0.004490777866880569,weak,MIXED,2021-11-16,NEUTRAL,NEUTRAL,2021
0,False,,,False,-2.5,-0.07891770011273957,21.0,-0.0005325097183023209,-0.0004790801660811139,4686.25,4696.75,4679.25,4694.75,-0.001810533042228002,weak,MIXED,2021-11-17,NEUTRAL,NEUTRAL,2021
0,False,,True,False,11.0,0.35710144927536236,-8.5,-0.0003724394785847851,0.0033616135745158093,4702.0,4705.0,4668.0,4697.25,0.0010112299749853726,weak,LH_LL,2021-11-18,NEUTRAL,BULLISH,2021
0,False,,,False,-1.25,-0.04093567251461989,4.75,-0.0017014036580178526,-0.0011689070718877703,4693.75,4714.25,4690.0,4700.75,-0.0014891240759453694,weak,MIXED,2021-11-19,NEUTRAL,NEUTRAL,2021
0,False,,False,True,18.75,0.6158357771260997,-7.0,5.308137374604449e-05,0.0026608482784311605,4680.0,4740.5,4678.0,4712.5,-0.006896551724137945,weak,MIXED,2021-11-22,NEUTRAL,BULLISH,2021
0,False,,,True,-3.25,-0.09737827715355805,-32.5,0.0007486230682851591,-0.001974807856532923,4687.25,4695.5,4649.0,4676.75,0.0022451488747528003,weak,MIXED,2021-11-23,NEUTRAL,NEUTRAL,2021
0,False,,False,False,-22.25,-0.6631186801490154,10.5,-0.0018725589856080083,-0.003415336997705354,4698.5,4700.75,4656.25,4665.0,0.007181136120042897,weak,MIXED,2021-11-24,NEUTRAL,BEARISH,2021
1,True,True,True,True,-53.5,-1.5161943319838058,33.5,0.005086029650470669,0.011956759117711213,4650.5,4669.75,4621.25,4645.0,0.001184068891280976,medium,MIXED,2021-11-29,BULLISH,BULLISH,2021
1,False,False,True,True,-26.5,-0.7346534653465346,5.5,0.004506705760981777,-0.010793105299897965,4562.75,4644.25,4557.0,4624.0,-0.013246107266435936,medium,HH_HL,2021-11-30,BULLISH,BEARISH,2021
0,False,,False,True,57.75,1.4134615384615385,-61.25,5.4092064694089004e-05,0.007850834151128527,4508.5,4650.75,4505.5,4620.5,-0.024239800887349894,weak,MIXED,2021-12-01,NEUTRAL,BULLISH,2021
2,False,False,True,False,1.75,0.036029411764705886,-112.0,-0.0056683726817456925,0.007321131447587392,4577.5,4593.75,4506.25,4510.25,0.014910481680616483,medium,MIXED,2021-12-02,BEARISH,BULLISH,2021
1,False,False,True,True,17.5,0.3431372549019608,67.25,0.004648364869298982,-0.005125129491303615,4537.25,4606.5,4492.0,4595.0,-0.012568008705114209,medium,HH_HL,2021-12-03,BULLISH,BEARISH,2021
1,False,True,,True,27.5,0.4735547355473555,-57.75,0.002473750755868309,-5.51480725748954e-05,4591.25,4611.75,4539.25,4564.75,0.005805356262664985,weak,HH_HL,2021-12-06,BULLISH,NEUTRAL,2021
0,False,,True,True,56.5,0.9330580949572397,26.5,0.0009693053311792266,0.012512920950981998,4686.25,4692.5,4647.25,4647.75,0.008283578075412912,weak,MIXED,2021-12-07,NEUTRAL,BULLISH,2021
0,False,,False,True,4.0,0.06457192274430672,38.5,-0.000692152060483453,-0.0020766773162939067,4698.5,4703.25,4671.75,4690.25,0.0017589680720644374,weak,MIXED,2021-12-08,NEUTRAL,BEARISH,2021
0,False,,True,False,-13.75,-0.22267206477732793,8.25,-0.0014926964495148853,-0.00287371614070564,4666.75,4694.75,4665.0,4684.75,-0.0038422541224184537,weak,MIXED,2021-12-09,NEUTRAL,BEARISH,2021
1,True,True,True,True,29.25,0.46706586826347307,-18.0,0.004433523850221777,0.002516868373139136,4710.75,4712.5,4668.75,4696.0,0.0031409710391823165,medium,MIXED,2021-12-10,BULLISH,BULLISH,2021
0,False,,,True,-12.75,-0.20203735144312396,14.75,-0.0019600572124808258,0.0012202238845562263,4661.0,4701.5,4657.5,4698.0,-0.007875691783737815,weak,LH_LL,2021-12-13,NEUTRAL,NEUTRAL,2021
5,True,False,False,False,-36.25,-0.561859950179906,-37.0,-0.0025843967048941874,-0.003645330760158716,4628.75,4652.0,4596.25,4624.75,0.0008649116168442106,weak,MIXED,2021-12-14,BEARISH,BEARISH,2021
0,False,,,False,0.0,,4.0,0.00037833747702942233,0.0002700221418157067,4700.25,4703.5,4602.0,4628.75,0.01544693491763427,weak,MIXED,2021-12-15,NEUTRAL,NEUTRAL,2021
0,False,,False,True,19.75,0.2905937992643195,71.5,-0.0001587049674655061,0.006539074960127511,4658.0,4723.25,4642.0,4720.0,-0.01313559322033897,weak,LH_LL,2021-12-16,NEUTRAL,BULLISH,2021
3,True,True,True,False,-33.25,-0.4710346572223628,-62.0,-0.004191520232145751,-0.004608541878784678,4608.5,4657.0,4590.0,4624.75,-0.0035137034434293835,medium,MIXED,2021-12-17,BEARISH,BEARISH,2021
3,False,True,False,False,-55.75,-0.7752669481003227,-16.25,0.002312520647505867,-0.014071548411538681,4559.0,4563.5,4520.25,4552.75,0.0013727966613585885,weak,MIXED,2021-12-20,BULLISH,BEARISH,2021
3,True,True,True,True,35.75,0.5198649701376267,6.25,0.004146887106454944,0.005143075997154911,4640.25,4642.25,4572.25,4594.75,0.00990260623537731,medium,MIXED,2021-12-21,BULLISH,BULLISH,2021
0,False,,,True,-2.75,-0.04338028169014084,45.5,-5.399276496953487e-05,-0.00026928048255059345,4686.25,4687.5,4635.5,4637.5,0.010512129380053858,weak,MIXED,2021-12-22,NEUTRAL,NEUTRAL,2021
0,False,,,True,10.25,0.16842723004694837,48.75,0.0009056523360502222,0.0018126566081995144,4715.0,4731.25,4695.5,4696.5,0.003939103587778048,weak,MIXED,2021-12-23,NEUTRAL,NEUTRAL,2021
0,False,,,True,14.75,0.2670546395085677,18.5,0.0019051651143098258,0.0015900779138178223,4782.75,4783.5,4729.5,4729.75,0.01120566626143038,weak,HH_HL,2021-12-27,NEUTRAL,NEUTRAL,2021
0,False,,False,True,4.5,0.08347134812851938,53.0,-0.0010429159931167886,0.002613832401066496,4780.0,4798.0,4770.5,4787.25,-0.0015144393963131275,weak,MIXED,2021-12-28,NEUTRAL,BULLISH,2021
0,False,,,False,0.25,0.0047489823609226595,-7.25,-0.001931610545549467,0.0013072578958377434,4784.5,4796.0,4770.0,4780.25,0.0008890748391821024,weak,LH_LL,2021-12-29,NEUTRAL,NEUTRAL,2021
0,False,,,True,4.0,0.07655502392344497,4.25,5.218934293615973e-05,0.0010974080267558417,4772.25,4799.75,4767.25,4788.5,-0.003393547039782785,weak,MIXED,2021-12-30,NEUTRAL,NEUTRAL,2021
0,False,,,False,-6.0,-0.11440245148110317,-16.25,-0.000471821756225399,-0.0016238868517548521,4759.5,4778.5,4757.25,4766.25,-0.0014162077104642457,weak,MIXED,2021-12-31,NEUTRAL,NEUTRAL,2021
0,False,,True,True,13.5,0.2655426765015806,-6.75,-0.00141146949657589,0.005460464139451782,4786.5,4787.25,4747.5,4773.0,0.0028284098051540862,weak,LH_LL,2022-01-03,NEUTRAL,BULLISH,2022
0,False,,False,True,14.75,0.2918727915194346,13.5,0.0013030334618993056,0.004023408924652472,4783.75,4808.25,4764.5,4801.25,-0.003644884144753946,weak,MIXED,2022-01-04,NEUTRAL,BULLISH,2022
0,False,,,False,-3.5,-0.0704529115744069,-17.5,-0.0002613012803762693,-0.0004180820486020531,4692.25,4788.25,4691.0,4780.25,-0.018409079023063657,weak,MIXED,2022-01-05,NEUTRAL,NEUTRAL,2022
0,False,,,False,-5.0,-0.10126582278481013,-88.0,0.0006396588486141663,0.0006926683716965698,4687.0,4715.75,4662.0,4687.25,-5.333617792946388e-05,weak,MIXED,2022-01-06,NEUTRAL,NEUTRAL,2022
1,False,True,,False,0.0,,-0.25,-0.0030903665814151493,0.000798934753661884,4668.75,4699.5,4653.75,4687.0,-0.003893748666524477,weak,MIXED,2022-01-07,BEARISH,NEUTRAL,2022
3,False,False,,False,-35.0,-0.7626459143968871,-18.25,-0.007121057985757906,-0.0004284949116228898,4662.25,4665.0,4572.75,4633.75,0.006150526031831749,medium,LH_LL,2022-01-10,BEARISH,NEUTRAL,2022
1,False,False,True,True,-2.5,-0.05061460592913955,28.5,-0.004590829018309983,0.004128686327077746,4705.0,4706.5,4627.25,4659.75,0.009710821395997549,medium,LH_LL,2022-01-11,BEARISH,BULLISH,2022
2,False,False,,True,18.0,0.35961469853728145,45.25,0.003821250398046816,0.001594303023861432,4718.5,4739.5,4696.75,4723.0,-0.0009527842473004977,weak,MIXED,2022-01-12,BULLISH,NEUTRAL,2022
1,False,False,,True,11.0,0.222704266088214,-4.5,0.0022259910960356066,0.00026490066225171027,4653.0,4736.25,4642.5,4729.5,-0.016175071360608917,weak,MIXED,2022-01-13,BULLISH,NEUTRAL,2022
2,False,False,,False,-34.25,-0.6397598398932622,-76.5,-0.010296562449723767,0.0013433637829123324,4653.75,4658.5,4606.0,4618.75,0.007577807848443863,strong,LH_LL,2022-01-14,BEARISH,NEUTRAL,2022
1,False,False,True,False,-49.75,-0.9311497326203209,35.0,0.0025544866568836255,-0.011010849715329285,4572.5,4606.5,4560.0,4604.0,-0.006841876629018251,weak,MIXED,2022-01-18,BULLISH,BEARISH,2022
6,False,False,,False,15.5,0.28292046936114734,-31.5,0.0028931710246191678,0.0012016604762945526,4524.75,4603.0,4521.25,4588.0,-0.013785963382737632,weak,MIXED,2022-01-19,BULLISH,NEUTRAL,2022
0,False,,False,True,19.0,0.32330598602248556,-63.25,0.0011561330103502243,0.00442037794231398,4474.25,4594.25,4469.0,4543.75,-0.015295735900962892,weak,MIXED,2022-01-20,NEUTRAL,BULLISH,2022
2,False,True,False,False,-12.0,-0.18350628072091754,-69.5,-0.004416368515205771,0.004151472650771426,4385.5,4487.0,4385.25,4462.25,-0.017199843128466563,medium,MIXED,2022-01-21,BEARISH,BULLISH,2022
7,False,False,,False,-59.25,-0.8328313253012049,-76.75,-0.016929894330189765,-0.001597626383658568,4404.75,4410.0,4212.75,4326.25,0.018145044784744213,strong,LH_LL,2022-01-24,BEARISH,NEUTRAL,2022
1,True,False,False,False,-68.5,-0.8313827481577807,78.5,-0.008515258886729882,-0.011230856494611419,4351.0,4402.75,4276.5,4336.25,0.003401556644566206,strong,LH_LL,2022-01-25,BEARISH,BEARISH,2022
6,True,False,False,True,62.0,0.7022653721682848,14.75,0.0034079291150743707,0.023164005805515142,4340.0,4446.25,4294.25,4413.0,-0.01654203489689554,weak,MIXED,2022-01-26,BULLISH,BULLISH,2022
7,False,False,True,True,47.5,0.5152043385628511,-73.0,0.006671267540832693,-0.0030538749639873464,4317.75,4422.0,4298.75,4387.5,-0.015897435897435863,medium,HH_HL,2022-01-27,BULLISH,BEARISH,2022
0,False,,False,False,14.25,0.14666421613673955,-69.75,-0.0017356089094591187,-0.007654235727440173,4424.0,4425.0,4283.0,4332.0,0.02123730378578026,weak,MIXED,2022-01-28,NEUTRAL,BEARISH,2022
4,False,False,,False,-7.0,-0.0672845863371095,92.0,-0.0032181571815718124,5.65642853103121e-05,4501.75,4507.75,4402.75,4417.0,0.019187231152365758,weak,MIXED,2022-01-31,BEARISH,NEUTRAL,2022
1,False,True,,True,10.0,0.09528671090692531,84.75,0.00406323054658797,-0.0002782879723938203,4534.25,4541.0,4474.0,4511.75,0.004986978445171042,medium,HH_HL,2022-02-01,BULLISH,NEUTRAL,2022
1,False,False,True,True,25.5,0.24502402196293754,22.5,-0.0022958346999015777,0.004286185295087286,4577.25,4586.0,4535.25,4559.75,0.003837929711058674,weak,MIXED,2022-02-02,BEARISH,BULLISH,2022
1,True,True,True,True,-63.0,-0.6020477815699659,17.5,-0.0032585883132663085,-0.0050016488952402405,4471.75,4534.25,4462.0,4514.25,-0.009414631444868982,weak,MIXED,2022-02-03,BEARISH,BEARISH,2022
6,True,False,False,False,-4.0,-0.038794596466920676,-42.5,-0.011831361439760046,-0.00917735515258733,4491.25,4532.5,4442.5,4467.75,0.00525991830339656,strong,MIXED,2022-02-04,BEARISH,BEARISH,2022
2,False,False,,True,8.25,0.07798784604996624,23.5,0.0046861924686192324,-0.0012819083714190604,4476.75,4514.5,4462.75,4499.5,-0.005056117346371791,medium,HH_HL,2022-02-07,BULLISH,NEUTRAL,2022
2,False,False,,False,-5.75,-0.05416316232127838,-22.75,-0.0023423121967541816,-0.0007248801159808194,4513.25,4523.75,4456.25,4471.0,0.009449787519570485,weak,MIXED,2022-02-08,BEARISH,NEUTRAL,2022
4,True,True,True,True,43.5,0.41372282608695654,42.25,0.003028634361233573,0.005920433796270608,4579.5,4582.5,4554.5,4556.75,0.004992593405387602,weak,HH_HL,2022-02-09,BULLISH,BULLISH,2022
1,False,True,,False,-62.0,-0.6313875250045463,22.75,-0.007278498330870686,-0.0018008185538881394,4498.0,4581.75,4476.0,4517.5,-0.004316546762589968,medium,MIXED,2022-02-10,BEARISH,NEUTRAL,2022
2,False,False,True,False,0.75,0.007615593834995466,-19.5,0.00710092256080519,-0.0037263626251390347,4408.25,4520.5,4393.25,4498.75,-0.02011669908307867,medium,HH_HL,2022-02-11,BULLISH,BEARISH,2022
2,False,False,True,False,-5.25,-0.05616045845272206,-90.5,0.007502433995761892,-0.009619737437754683,4394.75,4420.0,4357.0,4403.0,-0.0018737224619577164,medium,MIXED,2022-02-14,BULLISH,BEARISH,2022
0,False,,True,True,46.75,0.525491770373344,-8.25,-0.0009552171714334312,0.013084537490044346,4464.5,4466.75,4436.0,4441.5,0.005178430710345516,weak,MIXED,2022-02-15,NEUTRAL,BULLISH,2022
2,False,False,,False,-21.0,-0.26150767178118745,23.0,-0.003697271861520357,0.0006170069553510515,4470.25,4484.5,4422.75,4443.5,0.006020029256216919,weak,MIXED,2022-02-16,BEARISH,NEUTRAL,2022
1,True,True,True,False,-34.25,-0.4511879557751117,26.75,-0.002306610407876275,-0.00375139977603578,4375.0,4441.75,4367.75,4436.0,-0.013751127141569008,weak,MIXED,2022-02-17,BEARISH,BEARISH,2022
1,False,True,False,False,2.0,0.02814777582307112,-61.0,-0.0054554753651190335,0.004628835933481845,4346.0,4390.25,4321.0,4377.0,-0.007082476582133901,medium,MIXED,2022-02-18,BEARISH,BULLISH,2022
6,True,False,False,True,-23.75,-0.3467153284671533,-31.0,0.010779001340092131,0.01089870614290711,4300.0,4358.75,4261.5,4322.25,-0.0051477818265949216,strong,MIXED,2022-02-22,BULLISH,BULLISH,2022
0,False,,False,False,30.25,0.4281020975486479,-22.25,-0.00028835063437138153,0.004406052524783988,4223.0,4335.75,4216.25,4330.25,-0.0247676231164482,weak,HH_HL,2022-02-23,NEUTRAL,BULLISH,2022
2,True,False,False,False,-110.5,-1.4621928166351608,-107.25,-0.004714700193423571,-0.019810201660735438,4285.75,4290.0,4108.75,4112.5,0.04212765957446818,medium,MIXED,2022-02-24,BEARISH,BEARISH,2022
2,False,True,False,True,13.0,0.155955441302485,173.25,0.012287612440472717,-0.0027522398547754623,4380.0,4381.75,4281.25,4298.75,0.01890084326839192,strong,HH_HL,2022-02-25,BULLISH,BEARISH,2022
0,False,,False,False,-56.5,-0.6717622080679405,81.25,0.001101640865077913,-0.013240497660084505,4369.5,4385.5,4310.0,4323.5,0.010639528160055534,weak,MIXED,2022-02-28,NEUTRAL,BEARISH,2022
1,False,False,True,False,-16.25,-0.18938605619146723,46.0,0.0033958788995049893,-0.005434471712144617,4303.25,4374.5,4275.0,4353.25,-0.011485671624648197,weak,MIXED,2022-03-01,BULLISH,BEARISH,2022
1,False,False,True,True,24.0,0.272450841273059,-50.0,-0.0035769918652281962,0.004234093150049301,4381.5,4399.25,4318.75,4327.25,0.012536830550580635,weak,MIXED,2022-03-02,BEARISH,BULLISH,2022
1,False,False,,True,26.0,0.2831032471320241,54.25,0.007196710075394019,0.00017147756501856293,4360.5,4414.0,4341.0,4407.5,-0.010663641520136102,medium,HH_HL,2022-03-03,BULLISH,NEUTRAL,2022
0,False,,False,True,-40.5,-0.45251396648044695,-47.0,-0.0010406428860496586,-0.009793253536452662,4325.5,4337.0,4281.25,4320.0,0.001273148148148051,weak,MIXED,2022-03-04,NEUTRAL,BEARISH,2022
3,False,False,True,True,-7.0,-0.08294540837917902,5.5,0.011733646230566164,-0.015103292633528165,4198.0,4321.25,4197.0,4318.5,-0.027903207132106034,strong,HH_HL,2022-03-07,BULLISH,BEARISH,2022
1,False,True,False,False,1.75,0.01971434319050493,-120.5,-0.0027293224160436225,0.006688963210702337,4165.25,4275.0,4153.25,4199.75,-0.008214774688969584,weak,MIXED,2022-03-08,BEARISH,BULLISH,2022
0,False,,True,True,89.5,0.939456419868791,-34.5,-0.0007072969468348012,0.019387079294358456,4277.25,4298.25,4230.75,4254.75,0.005288207297726055,weak,MIXED,2022-03-09,NEUTRAL,BULLISH,2022
6,True,False,False,False,-49.5,-0.5173572228443449,22.5,-0.0062371285672256915,-0.008995852561481388,4258.0,4267.5,4207.0,4227.75,0.00715510614392989,medium,MIXED,2022-03-10,BEARISH,BEARISH,2022
9,True,False,False,True,26.75,0.2824283559577677,30.25,0.0044473052841009775,0.004639144987961696,4203.5,4290.75,4198.0,4284.75,-0.01896259991831495,medium,MIXED,2022-03-11,BULLISH,BULLISH,2022
0,False,,False,False,-0.5,-0.005187106335679882,-81.25,-0.0005333017302678877,0.008084170480889163,4165.0,4239.75,4152.25,4203.0,-0.0090411610754223,weak,LH_LL,2022-03-14,NEUTRAL,BULLISH,2022
2,False,True,False,False,27.0,0.2821421907072215,-38.0,0.012209864603481613,-0.005813605034462044,4256.25,4263.25,4178.5,4192.0,0.015326812977099147,strong,HH_HL,2022-03-15,BULLISH,BEARISH,2022
0,False,,True,True,37.75,0.4049808429118774,64.25,-0.00023272050267630906,0.011176470588235343,4351.0,4351.75,4242.25,4294.0,0.01327433628318575,weak,MIXED,2022-03-16,NEUTRAL,BULLISH,2022
3,True,False,False,False,-21.0,-0.23839448611392663,57.0,-0.003279443070019039,-0.004584789959309998,4405.0,4406.5,4325.75,4330.0,0.01732101616628179,weak,MIXED,2022-03-17,BEARISH,BEARISH,2022
0,False,,,True,-17.25,-0.19901112484548825,75.0,-0.001255779439465754,-0.0016536465758111296,4452.75,4457.0,4379.0,4387.75,0.014813970713919433,weak,MIXED,2022-03-18,NEUTRAL,NEUTRAL,2022
0,False,,False,True,-1.25,-0.014391447368421052,65.0,0.0011807703120607638,-0.0038073908174691695,4453.0,4473.0,4415.0,4451.5,0.0003369650679545533,weak,MIXED,2022-03-21,NEUTRAL,BEARISH,2022
0,False,,True,False,14.25,0.1698595146871009,1.5,0.00022387642021604037,0.0020186161264998947,4505.5,4514.75,4467.0,4467.25,0.008562314623090206,weak,MIXED,2022-03-22,NEUTRAL,BULLISH,2022
5,True,True,True,False,-28.0,-0.3433326034596015,38.25,-0.004389620492304291,-0.0036619874604671976,4446.75,4493.75,4446.0,4477.5,-0.006867671691792254,medium,LH_LL,2022-03-23,BEARISH,BEARISH,2022
0,False,,True,False,21.25,0.2664576802507837,-30.75,-0.0012849879881557946,0.005225893459204212,4513.25,4513.5,4456.0,4468.0,0.010127573858549788,weak,MIXED,2022-03-24,NEUTRAL,BULLISH,2022
2,False,True,,True,7.0,0.08763693270735524,45.25,0.004269476018852192,-0.00033213396069753376,4536.0,4539.0,4493.25,4520.25,0.0034843205574912606,medium,MIXED,2022-03-25,BULLISH,NEUTRAL,2022
0,False,,,True,-6.5,-0.08752103871122867,15.75,-0.001156833581226202,-0.0008267195767195368,4569.0,4569.0,4509.75,4529.5,0.00872060933877905,weak,MIXED,2022-03-28,NEUTRAL,NEUTRAL,2022
2,True,True,True,True,41.0,0.5873624968022512,39.5,0.005456430403230295,0.003938730853391581,4627.0,4631.0,4581.75,4610.0,0.0036876355748372003,medium,HH_HL,2022-03-29,BULLISH,BULLISH,2022
0,False,,,False,-13.0,-0.1897810218978102,17.0,0.0005425052894265647,-0.0017311333513659877,4598.0,4622.5,4574.75,4614.0,-0.00346770697876031,weak,MIXED,2022-03-30,NEUTRAL,NEUTRAL,2022
0,False,,,False,-8.75,-0.12945838837516513,-16.0,-0.0013577363819040622,-5.433010974686958e-05,4527.75,4597.25,4526.25,4589.25,-0.01340088249714011,weak,MIXED,2022-03-31,NEUTRAL,NEUTRAL,2022
0,False,,False,False,15.75,0.23850730124391561,-61.5,-0.0016484422221001438,0.002587535785069317,4538.0,4545.0,4501.25,4543.5,-0.0012105205238251981,weak,MIXED,2022-04-01,NEUTRAL,BULLISH,2022
0,False,,,False,3.25,0.05166051660516605,-5.5,0.0006613027664499338,0.0018728654841908554,4577.75,4578.75,4532.75,4541.25,0.008037434627029993,weak,MIXED,2022-04-04,NEUTRAL,NEUTRAL,2022
2,False,True,,False,-15.5,-0.2577197149643705,36.5,-0.0027311957174851464,-0.0015297202797203147,4521.25,4588.75,4507.75,4562.25,-0.008986793796920356,weak,MIXED,2022-04-05,BEARISH,NEUTRAL,2022
6,True,True,True,False,-43.5,-0.7486170866625692,-41.0,-0.005439307320863618,-0.006628003314001707,4475.5,4499.5,4444.5,4477.75,-0.0005024845067277406,medium,LH_LL,2022-04-06,BEARISH,BEARISH,2022
1,False,False,True,False,-9.5,-0.16883529038400508,-2.25,-0.003511901443781662,0.0039141131737865376,4497.5,4517.25,4444.5,4466.0,0.007053291536050166,weak,MIXED,2022-04-07,BEARISH,BULLISH,2022
1,False,True,False,True,-8.25,-0.1476038338658147,31.5,-0.002439430060431347,0.0026696329254727313,4487.0,4516.0,4468.75,4489.25,-0.0005011973046722407,weak,MIXED,2022-04-08,BEARISH,BULLISH,2022
0,False,,True,False,-36.5,-0.6621315192743764,-2.25,-0.0011779223693066943,-0.0034571205531392923,4409.25,4459.5,4403.5,4450.5,-0.009268621503201846,weak,LH_LL,2022-04-11,NEUTRAL,BEARISH,2022
5,False,False,,True,31.5,0.5653846153846154,-41.25,0.011460342675592816,-0.00022675736961452753,4391.25,4466.75,4375.5,4440.75,-0.011146765749028842,strong,MIXED,2022-04-12,BULLISH,NEUTRAL,2022
2,False,False,True,False,-2.0,-0.034001214329083186,-49.5,-0.00785665837666738,0.0023324610308339544,4442.5,4449.5,4387.0,4389.25,0.012131913197015454,medium,MIXED,2022-04-13,BEARISH,BULLISH,2022
1,False,True,,True,1.5,0.025347012673506336,53.25,-0.002308038730015727,0.000901256125725336,4387.25,4455.75,4385.25,4444.0,-0.012770027002700246,weak,MIXED,2022-04-14,BEARISH,NEUTRAL,2022
0,False,,False,False,-11.0,-0.1804863756226194,-56.75,0.0010871431023631306,-0.005468215994531733,4389.0,4406.25,4364.5,4376.25,0.0029134532990573447,weak,MIXED,2022-04-18,NEUTRAL,BEARISH,2022
0,False,,False,False,-2.25,-0.037690696978761595,12.75,0.0005703530485370312,-0.005171042163882311,4459.0,4467.0,4385.0,4386.75,0.01647005186071704,weak,HH_HL,2022-04-19,NEUTRAL,BEARISH,2022
4,True,False,False,True,18.5,0.2982153137593552,72.25,0.007534439134101678,0.004053141184418019,4455.75,4484.25,4443.5,4477.5,-0.004857621440536031,medium,HH_HL,2022-04-20,BULLISH,BULLISH,2022
0,False,,False,True,38.75,0.6297156123041208,-21.75,0.0011130279926541142,0.003691894613190083,4388.75,4509.0,4380.0,4494.5,-0.023528757370119058,weak,HH_HL,2022-04-21,NEUTRAL,BULLISH,2022
0,False,,True,False,-11.5,-0.17509516041326809,-105.75,-0.0007416281590507667,-0.002679131277432578,4269.25,4380.5,4262.25,4377.25,-0.024673025301273577,weak,HH_HL,2022-04-22,NEUTRAL,BEARISH,2022
1,False,True,False,True,-25.25,-0.35563380281690143,-108.0,0.00662721893491125,-0.005233754778006472,4293.0,4294.75,4195.25,4244.0,0.011545711592837016,medium,MIXED,2022-04-25,BULLISH,BEARISH,2022
1,True,True,True,True,-27.25,-0.364200477326969,49.0,-0.0031494226058556007,-0.002677999650695706,4168.0,4267.5,4167.25,4265.75,-0.02291507941159232,weak,MIXED,2022-04-26,BEARISH,BEARISH,2022
2,False,False,True,True,11.25,0.14764471525662057,-97.75,-0.004340845572932128,0.017086276640705167,4179.5,4236.25,4157.0,4179.25,5.9819345576306304e-05,medium,MIXED,2022-04-27,BEARISH,BULLISH,2022
1,False,False,True,True,50.25,0.6448212648945921,0.25,-0.007224245271936991,0.008132494360679088,4285.25,4303.5,4182.5,4229.75,0.013121342868963826,medium,MIXED,2022-04-28,BEARISH,BULLISH,2022
4,False,True,,True,-42.75,-0.5253456221198156,55.5,-0.004868035190615849,-0.0017017780646675362,4127.75,4265.5,4118.75,4242.5,-0.027047731290512633,medium,MIXED,2022-04-29,BEARISH,NEUTRAL,2022
3,False,False,,False,-0.75,-0.008476286579212915,-114.75,-0.004834713241070876,0.0016316171138506252,4151.5,4165.75,4056.0,4127.0,0.005936515628786054,medium,LH_LL,2022-05-02,BEARISH,NEUTRAL,2022
0,False,,,False,4.5,0.04874274661508704,24.5,0.0014445648248464504,0.001688272535423474,4170.25,4195.75,4139.0,4156.0,0.0034287776708372686,weak,MIXED,2022-05-03,NEUTRAL,NEUTRAL,2022
0,False,,True,False,6.25,0.06955484896661367,14.25,-0.0007175745978592607,0.0029945499191470493,4297.0,4303.0,4142.75,4176.5,0.028851909493595063,weak,MIXED,2022-05-04,NEUTRAL,BULLISH,2022
0,False,,True,True,-46.0,-0.475013829983404,120.5,-0.0002930832356389246,-0.004141149023038748,4144.5,4252.0,4099.25,4251.0,-0.025052928722653522,weak,MIXED,2022-05-05,NEUTRAL,BEARISH,2022
1,True,False,False,True,-28.0,-0.2726008344923505,-106.5,-0.0034526621842631,-0.003794266441821237,4119.0,4153.25,4062.0,4116.5,0.0006073120369245455,weak,MIXED,2022-05-06,BEARISH,BEARISH,2022
6,True,True,True,True,-63.5,-0.5976470588235294,2.5,-0.0020301445709012267,-0.013379553609438655,3987.25,4069.0,3970.0,4055.5,-0.01682899765750212,weak,MIXED,2022-05-09,BEARISH,BEARISH,2022
1,True,False,False,True,62.75,0.5839149219009638,-68.25,0.0032254062771368552,0.007457074821406229,3995.0,4065.5,3953.0,4050.0,-0.013580246913580285,weak,MIXED,2022-05-10,BULLISH,BULLISH,2022
1,False,True,False,False,-10.0,-0.08881839809674862,-55.0,-0.020795939840316913,0.012150820493548764,3932.0,4045.0,3923.75,3985.0,-0.013299874529485556,strong,MIXED,2022-05-11,BEARISH,BULLISH,2022
0,False,,False,False,-35.0,-0.31240038253108066,-53.0,-0.001280573697016285,-0.01052498097895005,3927.75,3961.75,3855.0,3897.0,0.007890685142417198,weak,MIXED,2022-05-12,NEUTRAL,BEARISH,2022
3,True,True,True,True,43.0,0.38664097623635196,30.75,0.0030864197530864335,0.013938618925831259,4020.25,4036.0,3959.5,3970.75,0.012466158786123449,weak,MIXED,2022-05-13,BULLISH,BULLISH,2022
0,False,,False,True,-17.0,-0.15514993481095177,49.5,-0.0008716767324574715,-0.003051818634778325,4006.5,4043.5,3979.5,4003.25,0.0008118403796915086,weak,HH_HL,2022-05-16,NEUTRAL,BEARISH,2022
0,False,,True,True,63.0,0.5888833249874812,3.25,0.0009230201218386469,0.019123804762202434,4086.25,4089.75,4029.75,4069.5,0.004115984764713199,weak,LH_LL,2022-05-17,NEUTRAL,BULLISH,2022
2,True,True,True,False,-48.0,-0.45451471085559686,16.75,-0.007800503654566637,-0.0029947439188363623,3923.75,4041.5,3908.0,4038.25,-0.02835386615489388,medium,LH_LL,2022-05-18,BEARISH,BEARISH,2022
1,False,True,False,False,-35.5,-0.3333333333333333,-114.5,0.0033617791569693356,-0.013668880940214567,3897.0,3943.5,3874.0,3888.25,0.0022503697035942682,weak,MIXED,2022-05-19,BULLISH,BEARISH,2022
0,False,,False,False,38.5,0.38125552608311225,8.75,-0.001522263097805454,0.010581671262746006,3898.25,3941.0,3807.5,3935.5,-0.009465125142929742,weak,MIXED,2022-05-20,NEUTRAL,BULLISH,2022
1,True,True,True,False,32.75,0.3189565217391304,-37.25,0.003572112011226647,0.0053177857508970305,3972.0,3980.5,3906.5,3931.0,0.01042991605189525,weak,MIXED,2022-05-23,BULLISH,BULLISH,2022
1,False,True,False,False,-44.0,-0.42344045368620037,41.0,0.005303514376996832,-0.01338612368024128,3943.25,3954.5,3872.0,3928.0,0.0038823828920571124,medium,MIXED,2022-05-24,BULLISH,BEARISH,2022
6,False,False,,False,-18.25,-0.18554829339143064,15.25,-0.0035526232316183126,-0.0015189873417721378,3979.0,3997.75,3921.5,3925.0,0.013757961783439576,weak,LH_LL,2022-05-25,BEARISH,NEUTRAL,2022
4,True,True,True,True,10.25,0.11034217608612072,54.0,0.006858796878932871,0.0041561712846347465,4055.5,4073.5,3987.5,3989.25,0.016607131666353414,medium,MIXED,2022-05-26,BULLISH,BULLISH,2022
1,True,True,True,True,26.0,0.28102682879752944,66.25,0.004055797947520423,0.005739677837437451,4156.25,4157.25,4079.5,4081.5,0.018314345216219552,medium,MIXED,2022-05-27,BULLISH,BULLISH,2022
1,True,True,True,False,-18.25,-0.20054945054945056,74.75,-0.00799903770974919,-0.011549970077797678,4132.25,4167.75,4102.75,4138.0,-0.001389560173997051,medium,MIXED,2022-05-31,BEARISH,BEARISH,2022
1,False,False,,True,22.0,0.25112107623318386,-5.75,0.003386960203217715,0.0007864964607660063,4098.25,4165.0,4071.5,4154.25,-0.013480170909309752,weak,HH_HL,2022-06-01,BULLISH,NEUTRAL,2022
0,False,,True,True,-1.75,-0.020437956204379562,-56.0,-0.0009113001215066419,0.004515499145716362,4175.75,4176.5,4072.25,4096.5,0.019345782985475513,weak,MIXED,2022-06-02,NEUTRAL,BULLISH,2022
6,True,True,True,True,-50.25,-0.5880877742946709,79.25,-0.006723092622606397,-0.003590449404583862,4108.0,4142.25,4096.75,4125.5,-0.004241910071506538,medium,MIXED,2022-06-03,BEARISH,BEARISH,2022
0,False,,False,True,41.75,0.5016090967603518,-17.5,-0.0006618133686300265,0.009246867015451965,4119.25,4168.25,4107.25,4149.75,-0.007349840351828396,weak,MIXED,2022-06-06,NEUTRAL,BULLISH,2022
2,True,False,False,False,-36.75,-0.44267584426758444,-30.5,-0.006756756756756799,-0.004914153976824598,4158.75,4164.0,4077.75,4082.5,0.01867728107777089,medium,MIXED,2022-06-07,BEARISH,BEARISH,2022
0,False,,,True,-17.75,-0.20908708456037023,76.25,-0.0013270599589817467,-0.0016864422092393028,4114.25,4160.0,4105.25,4141.0,-0.00645979232069549,weak,MIXED,2022-06-08,NEUTRAL,NEUTRAL,2022
1,False,True,False,False,-19.75,-0.24915521513854472,-26.75,-0.0072621641249092095,0.002550865472213726,4015.0,4118.25,4014.75,4094.5,-0.019416290145316872,medium,MIXED,2022-06-09,BEARISH,BULLISH,2022
1,True,True,True,False,-65.5,-0.8017486338797815,-79.5,-0.016256617876051038,-0.002174993785732049,3898.0,3958.25,3897.0,3949.5,-0.01303962526902136,strong,MIXED,2022-06-10,BEARISH,BEARISH,2022
0,False,,True,False,-100.5,-1.3131124591693886,-51.5,0.0012497533381570225,-0.025156830111381367,3750.25,3818.0,3732.5,3797.5,-0.01244239631336408,weak,MIXED,2022-06-13,NEUTRAL,BEARISH,2022
0,False,,False,False,17.75,0.229455216989843,-47.25,-0.000662690523525522,0.003862289405340613,3738.0,3778.75,3705.25,3768.0,-0.0079617834394905,weak,MIXED,2022-06-14,NEUTRAL,BULLISH,2022
2,True,True,True,True,38.25,0.4986033519553073,-30.0,0.0036532713384258564,0.006217824430032826,3795.5,3843.0,3723.5,3776.25,0.005097649784839398,weak,HH_HL,2022-06-15,BULLISH,BULLISH,2022
1,False,False,True,False,-88.0,-1.1027075408368763,19.25,0.0022924954487222315,-0.021746293245469506,3673.5,3711.75,3642.0,3707.5,-0.009170600134861817,weak,MIXED,2022-06-16,BULLISH,BEARISH,2022
1,False,False,True,False,-1.0,-0.012715712988192553,-34.0,-0.003712453594330034,0.0069972826086956985,3675.25,3711.75,3639.0,3672.5,0.0007488087134104315,weak,MIXED,2022-06-17,BEARISH,BULLISH,2022
2,False,False,True,False,61.0,0.7791970802919708,2.75,-0.005004003202562002,0.006794940796555515,3768.5,3783.75,3735.5,3736.25,0.008631649381063866,medium,LH_LL,2022-06-21,BEARISH,BULLISH,2022
2,False,True,False,True,-44.5,-0.5772527217975446,32.25,0.003374957813027324,-0.01558562143520359,3760.75,3805.5,3719.25,3724.0,0.009868421052631637,weak,MIXED,2022-06-22,BULLISH,BEARISH,2022
4,True,True,True,True,23.0,0.3003731343283582,36.75,0.00625582323971785,0.003324247058041463,3798.75,3805.75,3745.75,3783.75,0.003964321110009994,medium,MIXED,2022-06-23,BULLISH,BULLISH,2022
0,False,,True,False,33.0,0.4495256628557528,15.0,6.535520554207253e-05,0.01208958181938291,3919.0,3919.5,3831.0,3831.75,0.022770274678671543,weak,MIXED,2022-06-24,NEUTRAL,BULLISH,2022
2,False,True,False,True,9.75,0.12748073780060704,87.25,-0.0035569105691056757,0.005045022032058144,3905.5,3931.75,3892.5,3928.75,-0.005917912822144489,weak,MIXED,2022-06-27,BEARISH,BULLISH,2022
0,False,,False,False,14.75,0.19685414680648236,-23.25,-0.0018461930226636447,0.002877237851662384,3825.25,3950.0,3823.0,3920.25,-0.024233148396148207,weak,MIXED,2022-06-28,NEUTRAL,BULLISH,2022
0,False,,True,True,4.75,0.06102317045193852,-95.0,-0.000848896434634927,-0.00385318704284221,3820.5,3840.0,3801.25,3830.0,-0.0024804177545691974,weak,MIXED,2022-06-29,NEUTRAL,BEARISH,2022
2,True,False,False,False,-42.5,-0.5541327124563447,-9.5,-0.002382370458606342,-0.012817159298979863,3789.5,3822.75,3741.25,3778.0,0.0030439385918474837,weak,MIXED,2022-06-30,BEARISH,BEARISH,2022
0,False,,,True,-8.5,-0.11314475873544093,11.5,0.0011915006288476526,0.0016530018513620792,3828.0,3833.5,3753.5,3781.0,0.012430573922242782,weak,MIXED,2022-07-01,NEUTRAL,NEUTRAL,2022
5,False,False,,False,-53.5,-0.6996730499766465,47.0,-0.007686748571053115,-0.0012455749311656161,3835.5,3835.75,3744.0,3774.5,0.016161080937872496,medium,LH_LL,2022-07-05,BEARISH,NEUTRAL,2022
1,False,True,,True,1.25,0.0162526120269329,61.0,0.002616602341859009,-0.00039126181936743887,3849.5,3875.0,3811.5,3836.75,0.0033231250407246282,weak,MIXED,2022-07-06,BULLISH,NEUTRAL,2022
0,False,,,True,17.5,0.22966955706585424,12.75,0.0016845924582091776,0.0003243383497664176,3904.75,3914.25,3866.5,3867.0,0.0097620894750452,weak,HH_HL,2022-07-07,NEUTRAL,NEUTRAL,2022
0,False,,,False,-17.25,-0.24271356783919598,37.75,-0.0012859255449109153,-0.0012822978777969896,3902.0,3922.0,3871.5,3887.5,0.0037299035369775524,weak,MIXED,2022-07-08,NEUTRAL,NEUTRAL,2022
0,False,,True,False,-28.75,-0.412503202664617,14.5,-0.0004513799329378676,-0.007233388810651609,3857.75,3884.0,3850.0,3873.25,-0.004001807267798307,weak,LH_LL,2022-07-11,NEUTRAL,BEARISH,2022
1,False,False,True,True,-6.75,-0.10085378868729988,-15.5,0.0024123092971704008,-0.008738995339202527,3824.0,3876.5,3804.75,3851.0,-0.007011165930926988,weak,MIXED,2022-07-12,BULLISH,BEARISH,2022
1,False,False,True,False,-58.5,-0.8526808953669963,-27.0,-0.017203179981754246,0.0022884791421471373,3803.0,3834.75,3760.5,3765.5,0.009958836807860916,strong,MIXED,2022-07-13,BEARISH,BULLISH,2022
0,False,,False,False,-53.5,-0.7896678966789668,37.5,-0.0015296621441872604,-0.007507903055848253,3794.25,3800.0,3723.75,3749.5,0.011934924656620938,weak,MIXED,2022-07-14,NEUTRAL,BEARISH,2022
1,False,True,,True,45.75,0.6639025654314589,44.75,0.006772305871523443,0.001119599578503605,3865.5,3867.0,3819.75,3840.0,0.006640624999999956,medium,MIXED,2022-07-15,BULLISH,NEUTRAL,2022
1,False,True,False,True,32.5,0.49269085002707097,25.5,-0.0031339942436839907,0.009180836619900434,3834.0,3905.25,3820.25,3898.0,-0.01641867624422777,weak,MIXED,2022-07-18,BEARISH,BULLISH,2022
5,True,True,True,False,40.5,0.5849883930874387,-64.0,0.005325366930770237,0.005601511105321366,3936.5,3943.25,3868.0,3874.5,0.016002064782552505,medium,MIXED,2022-07-19,BULLISH,BULLISH,2022
6,False,False,,True,2.0,0.03051771117166212,62.0,-0.002282960238442544,0.0001267346809454839,3962.5,3977.25,3924.75,3938.5,0.006093690491303816,weak,MIXED,2022-07-20,BEARISH,NEUTRAL,2022
1,False,True,,False,-7.75,-0.11651006711409397,24.0,0.004426457569242537,0.001074928865001601,4002.75,4003.0,3930.25,3954.75,0.012137303242935715,medium,MIXED,2022-07-21,BULLISH,NEUTRAL,2022
0,False,,,True,0.5,0.0075880758807588084,48.0,0.0018802883108743895,-0.0006890072032571526,3965.5,4016.25,3941.5,4003.25,-0.009429838256416634,weak,HH_HL,2022-07-22,NEUTRAL,NEUTRAL,2022
0,False,,False,False,5.75,0.0877623330607795,-37.75,0.0013845185651353287,0.0052986816375448775,3970.0,3979.0,3946.0,3971.25,-0.0003147623544224043,weak,MIXED,2022-07-25,NEUTRAL,BULLISH,2022
0,False,,,False,-17.25,-0.28130460104834015,-1.25,-0.0014521118757497842,-0.0003785727806170369,3923.0,3955.0,3913.25,3952.75,-0.007526405666940739,weak,MIXED,2022-07-26,NEUTRAL,NEUTRAL,2022
0,False,,True,True,34.5,0.5772333432925008,-29.75,-0.0006940063091482873,0.005330964015992867,4024.0,4042.75,3954.5,3957.5,0.016803537586860484,weak,MIXED,2022-07-27,NEUTRAL,BULLISH,2022
1,False,True,,True,7.75,0.12368196067255628,66.5,0.0030556248441007128,-0.0019898022634000645,4073.25,4081.25,3994.5,4031.75,0.010293296955416364,weak,MIXED,2022-07-28,BULLISH,NEUTRAL,2022
0,False,,,True,15.75,0.2413793103448276,41.5,-0.0014636823809233146,-6.090133982949997e-05,4133.75,4144.0,4081.0,4089.0,0.010943996087062757,weak,LH_LL,2022-07-29,NEUTRAL,NEUTRAL,2022
1,False,False,,True,-28.75,-0.4270557029177719,44.75,-0.002731577030472221,-0.001814882032667886,4119.75,4147.25,4097.0,4105.0,0.003593179049939055,weak,MIXED,2022-08-01,BEARISH,NEUTRAL,2022
0,False,,True,False,-16.0,-0.24321389793702494,14.75,0.00036641221374056343,-0.00830705796749942,4094.0,4143.0,4080.5,4103.75,-0.0023758757234236816,weak,MIXED,2022-08-02,NEUTRAL,BEARISH,2022
2,True,True,True,True,21.75,0.33489139400604895,-9.75,0.004083373963920112,0.0031126029905401698,4157.0,4170.0,4112.5,4115.75,0.010022474640102086,medium,HH_HL,2022-08-03,BULLISH,BULLISH,2022
1,True,False,False,True,-1.25,-0.01965188096574958,41.25,0.0030104160394965884,0.002287778446718791,4153.25,4163.0,4136.0,4155.75,-0.0006015761294592137,weak,LH_LL,2022-08-04,BULLISH,BULLISH,2022
1,False,False,,False,-45.25,-0.7279517380063201,-2.5,-0.010475617098133605,0.00054194014572162,4146.0,4153.25,4107.25,4108.0,0.009250243427458615,strong,MIXED,2022-08-05,BEARISH,NEUTRAL,2022
8,True,False,False,True,18.25,0.30736842105263157,38.0,0.004992180921448375,0.003621657511921228,4141.5,4188.0,4129.25,4164.25,-0.005463168637809934,medium,HH_HL,2022-08-08,BULLISH,BULLISH,2022
3,False,True,,False,-8.0,-0.13746548020865296,-22.75,-0.003917550626808097,-0.0016864422092393028,4125.0,4138.75,4113.0,4133.5,-0.0020563686948107396,weak,LH_LL,2022-08-09,BEARISH,NEUTRAL,2022
5,False,True,,True,74.0,1.3147208121827412,-8.5,0.01317220543806652,0.0013925046921354767,4210.5,4213.0,4178.5,4199.0,0.002738747320790713,strong,HH_HL,2022-08-10,BULLISH,NEUTRAL,2022
1,True,False,False,True,30.0,0.5601867289096365,11.5,0.006104065426099314,0.0029090477321300767,4211.5,4260.5,4202.75,4240.5,-0.006838816177337614,medium,HH_HL,2022-08-11,BULLISH,BULLISH,2022
0,False,,True,True,19.5,0.3725690890481064,-29.0,0.00011816838995559742,0.0034962962962963307,4281.0,4282.75,4221.0,4231.0,0.011817537225242258,weak,MIXED,2022-08-12,NEUTRAL,BULLISH,2022
1,True,False,False,False,-22.75,-0.41825344714379514,50.0,-0.0028160750953358793,-0.004730479472055182,4299.0,4304.75,4257.75,4258.25,0.00956965889743433,weak,MIXED,2022-08-15,BEARISH,BEARISH,2022
0,False,,,True,-11.25,-0.2054124551679165,40.75,-0.0018042137120242163,-0.0006403539410874126,4307.0,4327.5,4278.75,4287.75,0.004489534137951168,weak,MIXED,2022-08-16,NEUTRAL,NEUTRAL,2022
6,True,False,False,False,-37.75,-0.726710209694053,19.25,-0.004952514129231478,-0.005800127602807237,4276.5,4305.25,4255.0,4269.25,0.0016981905486912474,medium,LH_LL,2022-08-17,BEARISH,BEARISH,2022
4,False,True,,True,1.0,0.020267824828085413,7.25,0.002457002457002533,0.0002920049056824858,4288.5,4295.5,4264.0,4277.5,0.002571595558153117,weak,MIXED,2022-08-18,BULLISH,NEUTRAL,2022
0,False,,True,False,-29.5,-0.6264694728858551,11.0,-0.0011751571772724567,-0.008278435259138295,4230.0,4261.75,4220.75,4259.0,-0.006809110119746387,weak,MIXED,2022-08-19,NEUTRAL,BEARISH,2022
0,False,,True,False,-51.25,-1.1038461538461537,-29.0,-0.0013740366808052684,-0.011115052619132038,4142.75,4180.5,4131.5,4178.75,-0.008615016452288349,weak,MIXED,2022-08-22,NEUTRAL,BEARISH,2022
1,False,True,,False,-5.75,-0.12647289866457187,-36.0,-0.002530882796022871,0.001507295309296941,4131.0,4161.75,4125.0,4137.0,-0.0014503263234227903,weak,LH_LL,2022-08-23,BEARISH,NEUTRAL,2022
0,False,,,True,-2.5,-0.05684125050751117,-6.0,6.0481432200276686e-05,-0.0001211240310077244,4143.75,4158.5,4121.25,4128.5,0.003693835533486789,weak,HH_HL,2022-08-24,NEUTRAL,NEUTRAL,2022
3,False,False,True,False,15.0,0.33546325878594246,15.25,-0.004247935862151442,0.003072659356548879,4202.25,4202.75,4147.5,4158.75,0.010459873760144234,medium,MIXED,2022-08-25,BEARISH,BULLISH,2022
1,False,False,True,True,-1.5,-0.03305785123966942,43.5,0.0030442308840208376,-0.00238364817352954,4059.0,4206.25,4058.25,4200.75,-0.03374397429030529,weak,MIXED,2022-08-26,BULLISH,BEARISH,2022
0,False,,False,False,-31.0,-0.5990338164251208,-141.75,0.00192882030861119,-0.0048234493847010285,4032.0,4064.0,4017.0,4028.0,0.0009930486593843213,weak,MIXED,2022-08-29,NEUTRAL,BEARISH,2022
1,False,True,False,True,11.5,0.2158900435802883,4.0,-0.004735547355473546,0.007681347952672946,3986.25,4046.5,3964.5,4043.5,-0.014158526029429908,medium,LH_LL,2022-08-30,BEARISH,BULLISH,2022
1,False,False,,False,17.75,0.31326820044122283,-57.25,0.0033199699323478438,-0.0008152514737238548,3955.75,4017.0,3954.75,4004.0,-0.012050449550449538,weak,MIXED,2022-08-31,BULLISH,NEUTRAL,2022
0,False,,False,False,-23.75,-0.41679724224381076,-48.25,0.0010828025477707115,-0.007764171190506208,3967.5,3971.25,3903.5,3932.0,0.009028484231943024,weak,MIXED,2022-09-01,NEUTRAL,BEARISH,2022
1,False,False,,True,38.75,0.6749611197511665,35.5,0.005852369265622048,0.0007560483870967527,3925.5,4019.25,3906.0,4006.25,-0.020156006240249602,medium,MIXED,2022-09-02,BULLISH,NEUTRAL,2022
0,False,,False,True,8.5,0.1367816091954023,-80.75,-0.0007594456047085307,0.003366147983486778,3911.0,3944.5,3886.75,3934.0,-0.005846466700559216,weak,MIXED,2022-09-06,NEUTRAL,BULLISH,2022
1,False,False,True,False,-4.25,-0.0676905574516496,-23.0,-0.0039548382981438035,0.002558689950745263,3980.5,3988.75,3904.5,3906.75,0.018877583669290265,weak,LH_LL,2022-09-07,BEARISH,BULLISH,2022
1,False,False,,False,-25.25,-0.38718510405257395,73.75,-0.00445923878909682,0.000439864270453727,4005.75,4010.75,3942.75,3955.25,0.01276784021237587,medium,MIXED,2022-09-08,BEARISH,NEUTRAL,2022
0,False,,True,False,23.5,0.3464981569246972,50.5,-0.0008046546174795832,0.006733167082294322,4066.75,4077.25,4026.25,4029.25,0.009306942979462773,weak,MIXED,2022-09-09,NEUTRAL,BULLISH,2022
0,False,,True,True,22.75,0.3319437206878582,37.5,-0.0019540791402051783,0.005410390408853383,4111.25,4119.75,4086.0,4089.5,0.005318498593960053,weak,MIXED,2022-09-12,NEUTRAL,BULLISH,2022
1,False,True,False,False,-92.0,-1.3640455387873975,21.75,-0.026158038147139018,0.0021853942815517335,3932.25,4032.0,3919.75,4019.25,-0.021645829445792075,strong,MIXED,2022-09-13,BEARISH,BULLISH,2022
2,False,False,True,True,31.5,0.43245893601372887,-87.0,-0.0034591194968554007,0.00806502825935107,3964.25,3981.25,3929.0,3963.75,0.00012614317250081442,weak,LH_LL,2022-09-14,BEARISH,BULLISH,2022
3,False,True,,True,-17.25,-0.23338970765885478,0.5,-0.0022680022680022782,-0.0006291286568103072,3918.75,3977.5,3905.0,3947.0,-0.007157334684570582,weak,MIXED,2022-09-15,BEARISH,NEUTRAL,2022
1,True,False,False,False,-45.0,-0.5988593155893537,-28.25,-0.004186795491143314,-0.007352941176470562,3888.75,3895.0,3853.0,3873.75,0.0038722168441431837,medium,MIXED,2022-09-16,BEARISH,BEARISH,2022
0,False,,False,False,-34.75,-0.5142706131078224,15.0,0.0016206404771166305,-0.01236386931454192,3918.75,3918.75,3853.25,3854.0,0.01680072651790354,weak,MIXED,2022-09-19,NEUTRAL,BEARISH,2022
6,True,True,True,True,-36.0,-0.5225505443234837,64.75,-0.005241291147331406,-0.005480848894270585,3874.0,3893.25,3843.25,3882.75,-0.002253557401326378,medium,MIXED,2022-09-20,BEARISH,BEARISH,2022
4,False,False,,False,19.0,0.285254691689008,-8.75,0.004321465428276605,0.0010309942650943427,3804.0,3925.25,3804.0,3893.0,-0.022861546365271046,medium,HH_HL,2022-09-21,BULLISH,NEUTRAL,2022
1,False,True,False,False,-8.25,-0.11649016641452345,-89.0,-0.0020932818734872294,0.002831368933956746,3771.25,3806.75,3763.5,3795.75,-0.006454587367450415,weak,MIXED,2022-09-22,BEARISH,BULLISH,2022
6,True,True,True,False,-36.5,-0.5284384694932782,-24.5,-0.007338225483655814,-0.008347134812851986,3707.5,3735.25,3660.25,3734.75,-0.007296338443001593,medium,MIXED,2022-09-23,BEARISH,BEARISH,2022
0,False,,True,True,-15.5,-0.23364737550471065,-27.25,-0.0005401390858146282,-0.009362791324262432,3671.0,3730.5,3657.5,3692.0,-0.005687973997833162,weak,MIXED,2022-09-26,NEUTRAL,BEARISH,2022
0,False,,False,False,37.5,0.5561440677966102,-21.0,0.0005391925591426983,0.007635148953575532,3661.0,3733.0,3635.25,3708.5,-0.012808413105029004,weak,HH_HL,2022-09-27,NEUTRAL,BULLISH,2022
1,False,True,False,True,9.25,0.13524804177545693,-47.5,0.009349649388147974,-0.013095968897073873,3732.5,3751.25,3652.25,3670.25,0.016960697500170374,strong,MIXED,2022-09-28,BULLISH,BEARISH,2022
0,False,,True,False,-38.25,-0.5417298937784522,62.25,-0.0010168802115110287,-0.0071720624706750336,3654.5,3697.5,3622.0,3694.25,-0.010759964810177935,weak,MIXED,2022-09-29,NEUTRAL,BEARISH,2022
2,False,True,False,False,-10.5,-0.14511352418558734,-39.75,-0.008261664522245526,0.005124701059104897,3597.25,3684.5,3596.5,3644.0,-0.012829308452250276,strong,MIXED,2022-09-30,BEARISH,BULLISH,2022
3,False,True,,True,38.5,0.5050363082689154,-46.75,0.010350816255644268,0.00020808767427338282,3691.25,3711.75,3617.0,3635.75,0.015265075981571785,strong,HH_HL,2022-10-03,BULLISH,NEUTRAL,2022
0,False,,True,True,58.0,0.773517504167659,55.5,0.001335024364194748,0.014548653403708256,3804.75,3805.75,3748.5,3749.25,0.014802960592118497,weak,MIXED,2022-10-04,NEUTRAL,BULLISH,2022
2,True,False,False,False,-45.75,-0.6072529035316426,55.5,-0.0025167229617855114,-0.009793611147627224,3797.0,3820.0,3734.0,3759.0,0.01010907156158547,weak,MIXED,2022-10-05,BEARISH,BEARISH,2022
0,False,,True,True,-16.5,-0.21624151649894688,38.0,0.0018514844938173347,-0.006915629322268302,3756.0,3811.5,3750.75,3780.5,-0.006480624256050782,weak,HH_HL,2022-10-06,NEUTRAL,BEARISH,2022
1,False,True,,False,-42.25,-0.5441582336706532,-24.5,-0.010060630288493577,0.0019328179152227065,3651.25,3717.5,3632.5,3713.75,-0.016829350387075004,strong,MIXED,2022-10-07,BEARISH,NEUTRAL,2022
4,False,False,,False,11.75,0.14866696791685494,-62.5,0.009503477721920062,-0.000684790796411705,3623.5,3665.5,3600.0,3663.0,-0.010783510783510808,strong,MIXED,2022-10-10,BULLISH,NEUTRAL,2022
2,False,False,True,False,-18.75,-0.23395721925133692,-39.5,0.006333959768914932,-0.009924190213645767,3599.75,3653.25,3579.0,3604.75,-0.0013870587419376745,medium,HH_HL,2022-10-11,BULLISH,BEARISH,2022
1,False,True,False,True,4.25,0.05534883720930232,-5.0,-0.0028324697754749106,0.0053349961892883435,3587.5,3620.75,3585.5,3604.0,-0.004578246392896834,weak,MIXED,2022-10-12,BEARISH,BULLISH,2022
1,False,False,True,False,-74.25,-0.9742268041237114,-16.5,-0.022626318711826743,0.003130870381966133,3682.0,3697.75,3502.0,3513.25,0.04803244858749012,strong,MIXED,2022-10-13,BEARISH,BULLISH,2022
1,False,False,,True,25.5,0.30056830141022944,168.75,0.01533846887995094,-0.0014265335235378318,3599.25,3725.25,3591.25,3707.5,-0.02919757248819954,strong,MIXED,2022-10-14,BULLISH,NEUTRAL,2022
1,True,True,True,True,63.0,0.7063063063063063,-108.25,0.005096067763928014,0.01160850827193105,3690.0,3702.5,3661.5,3662.25,0.007577309031333135,medium,MIXED,2022-10-17,BULLISH,BULLISH,2022
1,True,False,False,True,83.5,0.9807046979865772,27.75,0.011526605012732949,0.010136504933099033,3733.75,3777.25,3697.25,3773.5,-0.010533987014707868,strong,HH_HL,2022-10-18,BULLISH,BULLISH,2022
2,False,True,,False,-21.75,-0.25959079283887465,-39.75,-0.0054948736849158575,-0.0014635444385311391,3707.0,3740.75,3676.75,3712.0,-0.0013469827586206629,medium,LH_LL,2022-10-19,BEARISH,NEUTRAL,2022
0,False,,True,False,-6.75,-0.08136030994403788,-5.0,0.0019663683211283978,-0.0038407115423488847,3674.5,3748.0,3666.25,3700.25,-0.006958989257482617,weak,MIXED,2022-10-20,NEUTRAL,BEARISH,2022
0,False,,False,False,-3.0,-0.03635576714996754,-25.75,0.0009583133684714085,-0.005507581423811803,3763.75,3769.5,3655.5,3671.5,0.02512597031186159,weak,MIXED,2022-10-21,NEUTRAL,BEARISH,2022
3,False,True,,True,15.75,0.18773946360153257,92.25,0.011669778607628745,-0.0016569459172852685,3809.5,3822.0,3751.75,3779.5,0.007937557878026302,strong,MIXED,2022-10-24,BULLISH,NEUTRAL,2022
0,False,,False,False,-0.75,-0.008842105263157894,30.0,-0.0009861284596673903,-0.003021941926159455,3870.0,3874.25,3807.0,3808.75,0.016081391532654976,weak,MIXED,2022-10-25,NEUTRAL,BEARISH,2022
1,True,False,False,False,-32.75,-0.3922994652406417,61.25,-0.0035698059323684417,-0.0036332965678324003,3842.0,3897.5,3834.25,3837.25,0.0012378656590006365,weak,MIXED,2022-10-26,BEARISH,BEARISH,2022
0,False,,True,False,8.75,0.10458911419423692,4.75,0.0010385564065948927,-0.0033084657800843686,3820.0,3870.75,3813.5,3850.75,-0.007985457378432814,weak,MIXED,2022-10-27,NEUTRAL,BEARISH,2022
3,False,True,,True,-1.5,-0.018364669873196328,-30.75,0.003824091778202643,0.001252802320981239,3910.75,3916.5,3816.5,3818.5,0.024158701060625898,weak,MIXED,2022-10-28,BULLISH,NEUTRAL,2022
0,False,,True,True,-26.5,-0.3149405772495756,92.25,0.0003214813862277843,-0.008093295946979384,3882.75,3904.5,3872.25,3884.25,-0.00038617493724657503,weak,MIXED,2022-10-31,NEUTRAL,BEARISH,2022
5,True,False,False,True,39.0,0.48063380281690143,-1.5,0.0030670926517570862,0.008563518125040304,3865.0,3924.25,3852.5,3921.75,-0.014470580735641003,weak,HH_HL,2022-11-01,BULLISH,BULLISH,2022
1,False,True,False,False,-6.5,-0.07761194029850746,-56.75,-0.003997936548878034,0.00207159966336512,3767.0,3907.0,3766.75,3858.5,-0.02371387845017492,weak,MIXED,2022-11-02,BEARISH,BULLISH,2022
6,False,True,,False,-35.0,-0.4386750223813787,-91.5,-0.009234039726300436,-0.0018576262190671544,3726.25,3758.5,3704.25,3732.0,-0.001540728831725624,strong,LH_LL,2022-11-03,BEARISH,NEUTRAL,2022
5,True,False,False,True,60.0,0.8098336948662329,-5.75,0.00720816925849288,0.007113139175949579,3780.25,3805.5,3715.25,3786.25,-0.0015846814130076048,medium,MIXED,2022-11-04,BULLISH,BULLISH,2022
0,False,,True,True,12.75,0.16428900138057984,-6.0,0.001122482667547109,0.0070240540719634925,3816.0,3821.75,3771.25,3793.0,0.006063801740047392,weak,MIXED,2022-11-07,NEUTRAL,BULLISH,2022
0,False,,,True,10.75,0.1423841059602649,23.0,0.001111765090576089,0.0011804052724768699,3835.25,3867.0,3792.75,3826.75,0.0022212059841901777,weak,MIXED,2022-11-08,NEUTRAL,NEUTRAL,2022
0,False,,,False,-22.0,-0.28859217615366595,8.5,-0.0011783960720130882,-0.0015002282956102508,3755.5,3825.75,3750.0,3813.25,-0.015144561725562222,weak,MIXED,2022-11-09,NEUTRAL,NEUTRAL,2022
1,True,True,True,True,138.75,1.8303886925795052,-57.75,0.029876510423582525,0.0032612312811979294,3961.0,3965.5,3870.75,3894.25,0.017140656095525397,strong,MIXED,2022-11-10,BULLISH,BULLISH,2022
0,False,,,False,10.25,0.13771593090211132,66.75,-0.00012550988390336304,0.0008809463881198631,4000.75,4009.75,3951.0,3971.25,0.007428391564368919,weak,MIXED,2022-11-11,NEUTRAL,NEUTRAL,2022
0,False,,True,True,-19.0,-0.2581271227559437,29.5,0.001570450405176116,-0.003687960995124362,3967.5,4017.5,3964.0,3981.75,-0.0035788284045960017,weak,HH_HL,2022-11-14,NEUTRAL,BEARISH,2022
2,True,False,False,True,59.25,0.8158347676419966,-14.25,0.01196142284569146,0.004779874213836521,4001.0,4038.75,3960.0,4026.75,-0.0063947352082944775,strong,HH_HL,2022-11-15,BULLISH,BULLISH,2022
1,False,True,False,False,-18.0,-0.2441269072414628,-25.75,-0.0057388809182209455,0.0026910319794730686,3969.5,3992.75,3962.0,3983.0,-0.0033894049711272745,medium,MIXED,2022-11-16,BEARISH,BULLISH,2022
5,True,False,False,False,-52.5,-0.7307979120059658,-13.5,-0.01142388285786422,-0.007108706592853564,3956.0,3962.5,3913.75,3917.0,0.009956599438345703,strong,LH_LL,2022-11-17,BEARISH,BEARISH,2022
5,True,False,False,True,34.5,0.5060240963855421,39.0,0.006303183107469357,0.004986114617520743,3973.25,3991.75,3942.5,3990.5,-0.004322766570605152,medium,HH_HL,2022-11-18,BULLISH,BULLISH,2022
1,False,False,True,False,-14.75,-0.21255790015440043,-17.25,0.00215040161912583,-0.004721138109026857,3958.0,3970.5,3937.5,3958.5,-0.00012631047113809135,weak,MIXED,2022-11-21,BULLISH,BEARISH,2022
2,False,True,,True,19.5,0.2926829268292683,-0.5,0.002394002394002337,0.0017685699848408731,4010.0,4012.5,3962.75,3977.5,0.00817096165933373,weak,HH_HL,2022-11-22,BULLISH,NEUTRAL,2022
1,False,False,,False,-4.25,-0.07064410804392995,32.5,-0.0029237947122862096,0.0011847602419405856,4034.5,4039.5,4003.25,4005.75,0.007177182799725346,weak,MIXED,2022-11-23,BEARISH,NEUTRAL,2022
0,False,,True,False,-34.0,-0.5774946921443737,28.75,0.001940046310782817,-0.008489806035818281,3968.5,4017.75,3960.25,4000.5,-0.007999000124984335,weak,MIXED,2022-11-28,NEUTRAL,BEARISH,2022
0,False,,,False,0.5,0.008843967150979154,-32.0,-0.001320090520492867,0.001825506735490423,3961.25,3981.75,3941.25,3969.0,-0.0019526329050139068,weak,MIXED,2022-11-29,NEUTRAL,NEUTRAL,2022
1,False,False,,False,1.5,0.026871401151631478,-7.75,-0.0028337531486145595,0.0013250047321597958,4082.25,4083.5,3942.75,3962.75,0.030155826130843444,weak,MIXED,2022-11-30,BEARISH,NEUTRAL,2022
1,False,False,True,True,13.0,0.21462264150943397,119.5,0.004230533415082727,-0.00409235279745912,4081.0,4110.0,4054.5,4095.25,-0.0034796410475550488,medium,HH_HL,2022-12-01,BULLISH,BEARISH,2022
1,False,False,,False,-52.5,-0.8879492600422833,-14.25,-0.01383955909369261,0.001103617412630209,4075.25,4085.5,4027.5,4028.5,0.01160481568822136,strong,MIXED,2022-12-02,BEARISH,NEUTRAL,2022
2,True,True,True,False,-29.5,-0.5221238938053098,46.75,-0.003570768946623115,-0.002520440154914816,4002.0,4055.5,3987.25,4045.75,-0.01081381696842365,weak,LH_LL,2022-12-05,BEARISH,BEARISH,2022
0,False,,,False,-2.0,-0.03497813866333541,-43.75,-0.00043698108496159627,-0.0007488299531981379,3943.75,4005.5,3921.5,4000.0,-0.014062499999999978,weak,MIXED,2022-12-06,NEUTRAL,NEUTRAL,2022
0,False,,,False,-10.0,-0.16847172081829123,-56.25,-0.0008891146957957785,-0.0018377693282636276,3936.25,3961.5,3924.25,3933.75,0.0006355258976802336,weak,MIXED,2022-12-07,NEUTRAL,NEUTRAL,2022
2,False,True,,True,18.75,0.3324889170360988,2.5,0.004440215667618208,0.001588511882068877,3965.75,3977.25,3937.75,3955.0,0.0027180783817952747,medium,HH_HL,2022-12-08,BULLISH,NEUTRAL,2022
1,False,True,False,False,-13.5,-0.2367679298465393,10.75,-0.003650783659595924,0.003720754241029134,3936.25,3979.5,3934.75,3952.25,-0.0040483269023973145,weak,MIXED,2022-12-09,BEARISH,BULLISH,2022
0,False,,True,False,8.25,0.14542020774315392,-16.0,0.0005706676811869649,0.003942515579295369,3992.5,3992.75,3937.0,3944.5,0.012168842692356518,weak,MIXED,2022-12-12,NEUTRAL,BULLISH,2022
4,True,False,False,True,114.0,1.9931314392756792,48.0,0.027437500000000004,0.005518279300181783,4023.0,4107.25,3993.5,4106.5,-0.020333617435772555,strong,HH_HL,2022-12-13,BULLISH,BULLISH,2022
0,False,,False,False,28.75,0.4566080544526375,-83.5,-0.0004315393625546893,0.00858102226091284,4029.25,4090.75,3997.0,4051.75,-0.0055531560436847816,weak,MIXED,2022-12-14,NEUTRAL,BULLISH,2022
1,True,True,True,False,-53.25,-0.8055105348460291,-22.5,-0.0028199022433889054,-0.012691140964526726,3927.0,3985.25,3908.0,3976.0,-0.01232394366197187,weak,MIXED,2022-12-15,BEARISH,BEARISH,2022
0,False,,True,False,-28.5,-0.412829798241076,-49.0,0.0003859265453141081,-0.011727962266556147,3877.75,3912.5,3855.25,3898.5,-0.005322559958958584,weak,MIXED,2022-12-16,NEUTRAL,BEARISH,2022
1,False,True,False,False,2.25,0.03260025873221216,-20.75,-0.00263530016711655,0.005810950413223104,3844.25,3883.5,3827.25,3880.0,-0.009213917525773163,weak,MIXED,2022-12-19,BEARISH,BULLISH,2022
0,False,,,True,-7.5,-0.10692464358452139,-35.75,-0.0016912769140701167,-6.507451031434464e-05,3849.25,3866.5,3822.25,3836.75,0.003257965726200629,weak,MIXED,2022-12-20,NEUTRAL,NEUTRAL,2022
0,False,,True,True,27.5,0.43478260869565216,12.5,0.0014191717197780118,0.003957441287141483,3906.5,3918.75,3870.5,3876.75,0.007673953698329683,weak,MIXED,2022-12-21,NEUTRAL,BULLISH,2022
5,True,True,True,False,-34.0,-0.5419869057785369,29.75,-0.008383999999999947,-0.002746550843127249,3850.0,3875.5,3788.5,3872.5,-0.005810200129115595,strong,LH_LL,2022-12-22,BEARISH,BEARISH,2022
0,False,,True,False,-12.0,-0.1851749793331496,-22.5,-0.00045445692397583226,0.003638490026638852,3871.25,3872.5,3821.25,3838.0,0.00866336633663356,weak,MIXED,2022-12-23,NEUTRAL,BULLISH,2022
2,False,True,False,False,-1.5,-0.02358887952822241,33.25,-0.006351854228153431,0.007173786596005982,3855.75,3873.0,3837.25,3869.75,-0.003617804767749866,medium,LH_LL,2022-12-27,BEARISH,BULLISH,2022
0,False,,,False,-1.75,-0.029097387173396674,-14.0,0.00012961762799745813,0.0017505186721991084,3806.75,3875.0,3804.5,3854.0,-0.012259989621172807,weak,MIXED,2022-12-28,NEUTRAL,NEUTRAL,2022
1,True,True,True,True,28.0,0.44787203656098257,-47.25,0.0036637226038600534,0.0033462371235484234,3872.25,3882.75,3829.0,3834.75,0.00977899471934296,weak,MIXED,2022-12-29,BULLISH,BULLISH,2022
1,True,False,False,False,-28.25,-0.44463181562675663,37.5,-0.002527707563678816,-0.0023906441816889945,3861.25,3862.25,3821.5,3844.0,0.004487513007284116,weak,LH_LL,2022-12-30,BEARISH,BEARISH,2022
2,False,True,False,True,19.75,0.31225296442687744,17.25,-0.005632360471070186,0.007562047569803498,3844.75,3901.5,3814.5,3881.0,-0.009340376191703137,medium,MIXED,2023-01-03,BEARISH,BULLISH,2023
0,False,,True,True,24.25,0.370329970002727,-36.25,0.0014894443724906559,0.0037077993885383798,3873.75,3896.25,3836.5,3869.0,0.0012277074179374292,weak,MIXED,2023-01-04,NEUTRAL,BULLISH,2023
1,False,True,,False,-21.0,-0.3407707910750507,4.75,-0.0048427713566217,0.0012269938650306678,3829.0,3853.5,3822.5,3852.75,-0.006164428005969724,medium,MIXED,2023-01-05,BEARISH,NEUTRAL,2023
1,False,True,,True,32.25,0.564375,-23.75,0.011293165350218626,-0.0011740917096080272,3916.25,3928.75,3829.0,3861.25,0.014244091939138892,strong,MIXED,2023-01-06,BULLISH,NEUTRAL,2023
0,False,,False,False,23.25,0.39574468085106385,55.0,0.0007634559104212624,0.004663046949856309,3913.75,3973.25,3911.75,3939.5,-0.006536362482548519,weak,MIXED,2023-01-09,NEUTRAL,BULLISH,2023
2,False,False,,False,-6.25,-0.10583610523132748,-25.75,-0.002748306276364576,-0.0007665772326561626,3941.75,3942.0,3897.25,3907.5,0.008765195137556026,weak,MIXED,2023-01-10,BEARISH,NEUTRAL,2023
3,False,True,,True,15.75,0.2704691812327507,34.25,0.0022796352583587254,0.0015857913098635823,3989.75,3990.75,3948.75,3957.5,0.00814908401768788,weak,MIXED,2023-01-11,BULLISH,NEUTRAL,2023
2,False,True,,True,10.0,0.17220172201722017,32.25,0.005763327695295306,-0.0007514559458952075,4002.75,4018.5,3957.25,3999.75,0.0007500468779297886,medium,MIXED,2023-01-12,BULLISH,NEUTRAL,2023
3,False,False,,False,-34.5,-0.5847457627118644,3.0,-0.009241913325839901,6.245706077079305e-05,4017.75,4024.25,3965.75,3968.25,0.012474012474012364,strong,LH_LL,2023-01-13,BEARISH,NEUTRAL,2023
0,False,,,True,0.5,0.00877742946708464,49.5,0.00043684473290062087,-0.00037408816010975343,4010.25,4035.25,4002.75,4018.25,-0.00199091644372551,weak,MIXED,2023-01-17,NEUTRAL,NEUTRAL,2023
2,False,False,,True,11.75,0.21123595505617979,-8.0,0.002803738317757043,0.0011224744325268876,3946.75,4033.5,3943.75,4022.0,-0.018709597215315732,weak,MIXED,2023-01-18,BULLISH,NEUTRAL,2023
6,True,True,True,False,-23.75,-0.39927949564695286,-75.25,-0.002672775868652111,-0.005132104162706708,3916.75,3940.25,3901.75,3923.0,-0.0015931684934998858,weak,MIXED,2023-01-19,BEARISH,BEARISH,2023
0,False,,,True,13.0,0.22728691851389324,-6.25,0.0006382028208564705,0.0003826286588866079,3987.75,3990.5,3912.25,3929.75,0.014759208601055951,weak,HH_HL,2023-01-20,NEUTRAL,NEUTRAL,2023
0,False,,,True,8.75,0.14843986670705847,58.0,0.0019438174065713465,-0.0006895687061183597,4035.5,4056.75,3986.25,3996.5,0.009758538721381216,weak,HH_HL,2023-01-23,NEUTRAL,NEUTRAL,2023
1,False,False,,False,-17.5,-0.28654970760233917,39.0,-0.0032880451640920905,-0.0017339608620262625,4030.5,4041.0,4005.25,4018.0,0.0031110004977601413,weak,LH_LL,2023-01-24,BEARISH,NEUTRAL,2023
5,True,False,False,False,-43.0,-0.7489891135303266,12.5,-0.0038082157572730813,-0.008789848344165851,4032.5,4035.75,3963.25,3987.5,0.011285266457680354,weak,MIXED,2023-01-25,BEARISH,BEARISH,2023
2,True,True,True,True,26.5,0.4543784445805267,45.0,0.00483211497955649,0.0027919096662116782,4074.75,4077.0,4027.25,4059.0,0.0038802660753880502,medium,MIXED,2023-01-26,BULLISH,BULLISH,2023
0,False,,,True,-11.0,-0.184375935348698,15.75,-0.0007383252322648026,-0.0006145903755147009,4084.0,4109.25,4061.75,4063.75,0.0049830821285759,weak,MIXED,2023-01-27,NEUTRAL,NEUTRAL,2023
0,False,,True,False,-29.5,-0.5274584929757343,20.25,0.0008644109656705812,-0.008080313418217466,4033.25,4078.0,4029.5,4054.5,-0.00524109014675056,weak,MIXED,2023-01-30,NEUTRAL,BEARISH,2023
1,False,True,False,False,3.5,0.06363636363636363,-21.25,0.005658500186543902,-0.006683581904820879,4090.25,4091.25,4033.25,4036.75,0.013253235895212656,medium,HH_HL,2023-01-31,BULLISH,BEARISH,2023
0,False,,False,True,-12.5,-0.2234280242578998,53.5,0.00024541382906928533,-0.003120602092639091,4134.5,4163.25,4048.5,4077.75,0.013916988535344288,weak,MIXED,2023-02-01,NEUTRAL,BEARISH,2023
1,True,True,True,True,39.25,0.6419392523364486,56.75,0.004273504273504258,0.00223295111647559,4192.75,4208.5,4153.25,4173.75,0.004552261156034687,medium,MIXED,2023-02-02,BULLISH,BULLISH,2023
1,False,False,,False,-52.25,-0.8605882352941177,19.0,-0.003667187687868223,-0.00144066270484422,4147.75,4194.0,4135.0,4140.5,0.0017509962564907777,weak,MIXED,2023-02-03,BEARISH,NEUTRAL,2023
0,False,,False,False,-26.5,-0.43621399176954734,7.25,0.0007292616226071136,-0.008080077182826773,4122.75,4136.5,4104.0,4121.25,0.00036396724294807115,weak,MIXED,2023-02-06,NEUTRAL,BEARISH,2023
1,False,False,,False,-11.75,-0.1934156378600823,1.5,-0.0032679738562091387,0.000363790699084543,4175.0,4188.25,4098.25,4111.0,0.015567988324008741,weak,MIXED,2023-02-07,BEARISH,NEUTRAL,2023
1,False,True,,True,-21.25,-0.3496914487217161,64.0,-0.0024603936629861156,-0.00018001800180023064,4129.25,4168.0,4121.25,4153.75,-0.005898284682515853,weak,MIXED,2023-02-08,BEARISH,NEUTRAL,2023
0,False,,False,True,36.25,0.590803259604191,-24.5,-0.00047990401919617565,0.00907441016333932,4092.0,4166.75,4078.25,4165.5,-0.0176449405833633,weak,MIXED,2023-02-09,NEUTRAL,BULLISH,2023
0,False,,False,False,-13.5,-0.2174288179465056,-73.5,-0.0013488657265481319,-0.005429809041547218,4100.0,4104.25,4069.75,4078.5,0.005271545911487152,weak,MIXED,2023-02-10,NEUTRAL,BEARISH,2023
0,False,,,True,7.0,0.1176117611761176,21.5,0.0007927796072690896,0.0005488474204171645,4148.25,4149.5,4101.5,4107.0,0.010043827611395217,weak,MIXED,2023-02-13,NEUTRAL,NEUTRAL,2023
0,False,,,True,-16.75,-0.2773506800709639,41.25,-0.0016857314870559748,0.0015664537896131758,4146.25,4170.0,4103.75,4131.5,0.003570131913348762,weak,MIXED,2023-02-14,NEUTRAL,NEUTRAL,2023
0,False,,False,True,-24.25,-0.40452785224903187,14.75,-0.000726128524748848,-0.0020526442888191276,4158.75,4159.25,4113.0,4122.0,0.00891557496360984,weak,MIXED,2023-02-15,NEUTRAL,BEARISH,2023
3,False,True,,False,-55.0,-0.9213281483697279,36.75,-0.010225563909774471,-0.0010818608005770392,4099.75,4145.5,4097.25,4103.75,-0.0009747182455072112,strong,MIXED,2023-02-16,BEARISH,NEUTRAL,2023
0,False,,False,False,-23.5,-0.39330543933054396,-4.0,0.0004907674375804749,-0.006409082585607018,4088.25,4090.5,4055.75,4076.25,0.0029438822447103163,weak,HH_HL,2023-02-17,NEUTRAL,BEARISH,2023
1,True,True,True,False,-43.0,-0.7316924946824673,12.0,-0.0038137417727748257,-0.005213764337851923,4006.25,4056.25,4002.0,4045.25,-0.009640936901303965,weak,MIXED,2023-02-21,BEARISH,BEARISH,2023
0,False,,,True,2.75,0.04700854700854701,-39.0,0.0011849080137200652,-0.00024951656166183334,4000.25,4025.0,3983.75,4009.0,-0.002182589174357652,weak,MIXED,2023-02-22,NEUTRAL,NEUTRAL,2023
0,False,,,True,28.25,0.5305164319248826,-8.75,0.0006848888612165371,0.0016839216664588097,4018.75,4034.25,3974.25,4028.5,-0.0024202556782921825,weak,MIXED,2023-02-23,NEUTRAL,NEUTRAL,2023
5,True,False,False,False,-53.5,-0.9983338887037654,-9.75,-0.009548773637895525,-0.003050868563601261,3975.75,3984.0,3947.5,3965.25,0.002648004539436366,strong,LH_LL,2023-02-24,BEARISH,BEARISH,2023
1,True,False,False,True,34.5,0.6636894537959465,10.5,0.0043826696719257985,0.004591772550006201,3988.25,4024.75,3978.5,4010.25,-0.005485942272925648,medium,MIXED,2023-02-27,BULLISH,BULLISH,2023
3,False,False,,True,-5.5,-0.10384356035064059,-22.0,0.003201506591337111,0.00018789928598272887,3972.0,4003.5,3971.75,3982.75,-0.0026991400414286826,weak,MIXED,2023-02-28,BULLISH,NEUTRAL,2023
1,False,True,False,True,-8.25,-0.1690450054884742,-10.75,-0.005269761606022549,0.004849477264138979,3957.75,3976.5,3943.0,3963.75,-0.00151371807000944,medium,LH_LL,2023-03-01,BEARISH,BULLISH,2023
0,False,,False,False,-22.75,-0.47537313432835826,-6.0,-6.35647088735869e-05,-0.005932845241100715,3986.25,3995.25,3931.0,3935.0,0.013024142312579423,weak,MIXED,2023-03-02,NEUTRAL,BEARISH,2023
5,True,True,True,True,18.75,0.4065040650406504,51.25,0.004386789496772625,0.002761737383881524,4049.25,4053.0,3998.0,4005.0,0.011048689138576817,medium,MIXED,2023-03-03,BULLISH,BULLISH,2023
1,False,False,,True,8.5,0.17861163227016885,44.25,0.002469745616201502,-0.00037014188772366285,4052.25,4082.5,4048.0,4057.75,-0.0013554309654365548,weak,MIXED,2023-03-06,BULLISH,NEUTRAL,2023
0,False,,,False,-1.0,-0.021447721179624665,-5.5,-0.0004928536224740876,0.0015417823003391895,3989.5,4054.0,3982.5,4051.25,-0.01524220919469299,weak,MIXED,2023-03-07,NEUTRAL,NEUTRAL,2023
0,False,,,True,0.75,0.015957446808510637,-61.75,-0.0006885758998435021,0.0016918353280279685,3995.5,4003.25,3971.5,3990.25,0.0013157070359000045,weak,MIXED,2023-03-08,NEUTRAL,NEUTRAL,2023
1,False,False,True,False,7.0,0.1522921522921523,5.25,0.005527985426220239,-0.00325142249734256,3920.25,4019.75,3909.5,4002.5,-0.02054965646470952,medium,MIXED,2023-03-09,BULLISH,BEARISH,2023
6,False,False,True,False,-6.75,-0.1339475549255847,-82.25,0.006596221581812278,-0.003189589180913499,3862.5,3934.75,3846.25,3913.5,-0.013031812955155209,medium,MIXED,2023-03-10,BULLISH,BEARISH,2023
6,True,False,False,False,-41.25,-0.7606190319394139,-51.0,-0.012680226570545794,-0.004189224026810989,3857.0,3908.0,3810.0,3821.25,0.00935557736342818,strong,MIXED,2023-03-13,BEARISH,BEARISH,2023
2,True,True,True,False,51.75,0.902241594022416,35.75,0.005348972095121418,0.0022650789541807104,3919.0,3938.0,3873.0,3908.75,0.0026223217141030375,medium,MIXED,2023-03-14,BULLISH,BULLISH,2023
5,False,False,,False,-28.25,-0.4783791956456002,10.25,-0.017796073464217854,-6.374298827127589e-05,3928.75,3928.75,3869.5,3890.75,0.009766754481783657,strong,MIXED,2023-03-15,BEARISH,NEUTRAL,2023
2,False,False,,False,-27.75,-0.4703389830508475,38.0,-0.0035657433938236505,-0.0013374092472296928,3994.75,3999.0,3895.0,3901.0,0.02403229941040763,weak,MIXED,2023-03-16,BEARISH,NEUTRAL,2023
3,False,True,,False,-13.25,-0.2076105204252938,93.75,-0.008939176095517865,0.0005630278385986287,3948.0,3992.5,3932.5,3981.5,-0.00841391435388672,strong,LH_LL,2023-03-17,BEARISH,NEUTRAL,2023
3,False,True,,True,6.5,0.10030311380545605,-33.5,0.00782641893611613,-0.0007599265404344413,3984.5,3989.5,3946.75,3954.5,0.0075862940953344005,medium,MIXED,2023-03-20,BULLISH,NEUTRAL,2023
5,True,True,True,True,35.5,0.5412469371086306,30.0,0.005255255255255165,0.00445141065830712,4038.5,4043.25,4003.5,4020.0,0.004601990049751148,medium,HH_HL,2023-03-21,BULLISH,BULLISH,2023
1,False,False,,True,-2.75,-0.04164413196322336,18.5,0.0021106213917685412,-0.0017949987620697883,3969.0,4073.75,3967.75,4035.75,-0.016539676640029755,weak,MIXED,2023-03-22,BULLISH,NEUTRAL,2023
1,False,True,False,False,27.5,0.39844760672703755,-66.75,-0.0023136568284142234,0.004469062755712239,3975.75,4039.5,3948.5,3996.5,-0.005192043037657967,weak,MIXED,2023-03-23,BEARISH,BULLISH,2023
5,True,False,False,False,-13.25,-0.18508356198553258,-20.75,-0.004090880483353265,-0.009404388714733591,4002.5,4003.5,3937.5,3962.5,0.010094637223974745,medium,MIXED,2023-03-24,BEARISH,BEARISH,2023
2,False,False,,True,23.5,0.3182587666263604,40.0,0.00280303974087448,0.001994763745168937,4010.25,4034.25,4000.25,4026.0,-0.003912071535022377,weak,MIXED,2023-03-27,BULLISH,NEUTRAL,2023
0,False,,True,False,-8.0,-0.1124215809284818,-15.75,-0.001747051850003123,-0.002864259028642624,4001.25,4009.5,3980.75,4002.25,-0.00024985945405708865,weak,MIXED,2023-03-28,NEUTRAL,BEARISH,2023
0,False,,True,True,43.25,0.6096149005789077,-1.0,6.194635445710972e-05,0.008174216897541386,4058.75,4061.25,4032.0,4044.5,0.0035233032513288798,weak,LH_LL,2023-03-29,NEUTRAL,BULLISH,2023
3,True,False,False,True,26.25,0.40285009591668947,14.25,0.002455042042595057,0.0038812222769837312,4080.75,4087.75,4061.25,4085.0,-0.0010403916768665367,weak,MIXED,2023-03-30,BULLISH,BULLISH,2023
1,False,True,,False,9.5,0.1564245810055866,-4.25,0.0023275756462084463,0.0007959833455792875,4138.0,4141.25,4088.5,4090.25,0.01167410304993588,weak,MIXED,2023-03-31,BULLISH,NEUTRAL,2023
0,False,,,True,-5.5,-0.09565217391304348,47.75,0.0008473550417624764,-0.0015702379514433984,4153.5,4157.75,4127.75,4132.5,0.005081669691469948,weak,MIXED,2023-04-03,NEUTRAL,NEUTRAL,2023
4,True,False,False,True,6.75,0.12272727272727273,21.0,0.002286539502978524,0.003069700252798846,4130.25,4163.25,4115.25,4160.25,-0.007211105101856852,weak,MIXED,2023-04-04,BULLISH,BULLISH,2023
0,False,,True,False,-10.25,-0.18912685337726526,-30.0,6.067961165046043e-05,-0.0033268812000968317,4117.25,4127.75,4099.0,4120.0,-0.0006674757281552868,weak,MIXED,2023-04-05,NEUTRAL,BEARISH,2023
0,False,,,False,-9.5,-0.19458668617410388,-2.75,-0.0015788195287831375,-0.0004860857941426655,4132.5,4135.25,4096.5,4107.75,0.006025196275333267,weak,MIXED,2023-04-06,NEUTRAL,NEUTRAL,2023
1,False,False,,False,-26.75,-0.5654964137410343,24.75,-0.005868828654404634,-0.0019920318725099584,4137.5,4137.75,4098.75,4105.75,0.007733057297692358,medium,LH_LL,2023-04-10,BEARISH,NEUTRAL,2023
0,False,,False,True,4.75,0.10098709187547457,31.75,-0.0015085686700458956,0.002113909524672275,4137.75,4151.75,4128.75,4142.25,-0.0010863661053774898,weak,MIXED,2023-04-11,NEUTRAL,BULLISH,2023
1,False,False,,True,20.5,0.4472146474483833,-4.5,0.0048306261699173625,0.0014498882377815825,4120.75,4161.0,4113.5,4158.25,-0.0090182167979318,medium,MIXED,2023-04-12,BULLISH,NEUTRAL,2023
1,True,True,True,True,9.5,0.2280325760822975,-37.5,0.002242832030066033,0.0024288056348291676,4173.25,4177.0,4124.5,4130.25,0.010410992070697844,weak,MIXED,2023-04-13,BULLISH,BULLISH,2023
0,False,,,True,-7.0,-0.17989903625516293,43.0,0.0003601008282319018,-0.0005997001499250532,4163.25,4189.0,4138.0,4166.25,-0.0007200720072007005,weak,MIXED,2023-04-14,NEUTRAL,NEUTRAL,2023
0,False,,,False,-2.25,-0.05946201038225578,-3.0,-0.0011395669645534179,-0.001558099119074674,4177.25,4177.75,4148.0,4161.0,0.003905311223263652,weak,MIXED,2023-04-17,NEUTRAL,NEUTRAL,2023
5,True,False,False,True,16.25,0.4329210275927688,16.25,0.002389200812328296,0.00335188842999945,4179.25,4194.75,4164.5,4193.5,-0.0033981161321091635,weak,MIXED,2023-04-18,BULLISH,BULLISH,2023
2,True,False,False,False,-20.75,-0.5512333965844401,-14.25,-0.002162292029551316,-0.005862646566164198,4178.5,4187.5,4157.75,4158.5,0.004809426475892664,weak,MIXED,2023-04-19,BEARISH,BEARISH,2023
0,False,,False,False,-32.25,-0.8559241706161137,20.0,0.0009043771855781202,-0.005810470827842362,4153.5,4171.75,4137.0,4146.25,0.0017485679831172884,weak,MIXED,2023-04-20,NEUTRAL,BEARISH,2023
0,False,,,True,2.25,0.05879608026131591,7.25,0.0,-0.0007222389407162133,4156.0,4161.0,4135.25,4155.75,6.015761294597688e-05,weak,MIXED,2023-04-21,NEUTRAL,NEUTRAL,2023
4,False,True,,True,-2.5,-0.0687960687960688,0.25,0.003562156614139944,-0.001384457954613838,4160.5,4164.25,4139.0,4153.5,0.0016853256289877105,weak,HH_HL,2023-04-24,BULLISH,NEUTRAL,2023
0,False,,True,True,-22.0,-0.6111111111111112,7.0,0.000604193100114836,-0.004389657245941092,4093.5,4144.25,4092.25,4138.5,-0.010873504893077257,weak,HH_HL,2023-04-25,NEUTRAL,BEARISH,2023
0,False,,,False,5.25,0.14468503937007873,-45.0,-0.0013380367351903955,-0.0009734136399586202,4074.75,4109.75,4068.75,4098.75,-0.005855443732845411,weak,MIXED,2023-04-26,NEUTRAL,NEUTRAL,2023
0,False,,True,False,25.0,0.6727534839019702,-24.0,0.0009765625,0.0023252967812996683,4154.25,4157.5,4097.25,4099.75,0.013293493505701637,weak,MIXED,2023-04-27,NEUTRAL,BULLISH,2023
0,False,,False,True,-9.75,-0.25196123673281035,54.5,0.0018741309473429002,-0.004569504569504557,4189.5,4190.0,4143.75,4144.5,0.010857763300760048,weak,MIXED,2023-04-28,NEUTRAL,BEARISH,2023
0,False,,,True,-5.25,-0.13387978142076504,45.0,5.971575301555454e-05,-0.0002982759649227118,4184.75,4206.25,4182.25,4184.25,0.00011949572802771868,weak,LH_LL,2023-05-01,NEUTRAL,NEUTRAL,2023
0,False,,,True,-7.75,-0.19727272727272727,0.5,-0.0007776049766718973,5.9815767436299794e-05,4137.25,4177.25,4105.5,4177.0,-0.009516399329662417,weak,MIXED,2023-05-02,NEUTRAL,NEUTRAL,2023
0,False,,False,True,4.25,0.10361340879407922,-39.75,-0.00036214389183963913,0.0021774632553075435,4107.5,4167.0,4105.0,4141.5,-0.00820958589882892,weak,MIXED,2023-05-03,NEUTRAL,BULLISH,2023
5,False,True,,False,-12.25,-0.2937901498929336,-34.0,-0.0023751522533496106,0.0014037229173025079,4077.25,4098.25,4062.25,4095.25,-0.004395336060069588,weak,MIXED,2023-05-04,BEARISH,NEUTRAL,2023
2,True,True,True,True,37.25,0.916923076923077,-18.0,0.0023809523809523725,0.005338078291814874,4151.75,4163.25,4111.5,4114.5,0.009053347915907173,weak,MIXED,2023-05-05,BULLISH,BULLISH,2023
0,False,,,True,3.0,0.07109606432501059,37.25,0.0013852918147323479,0.0012653651482283923,4153.25,4157.5,4137.5,4154.75,-0.00036103255310182547,weak,MIXED,2023-05-08,NEUTRAL,NEUTRAL,2023
0,False,,True,False,-17.75,-0.4280792420327304,-1.5,-0.000302096550057418,-0.0031313982897748227,4134.5,4145.25,4131.0,4135.5,-0.0002418087292951343,weak,MIXED,2023-05-09,NEUTRAL,BEARISH,2023
1,False,False,,True,28.25,0.7000000000000001,-1.0,0.009082652134423164,-0.001511395925276604,4152.5,4169.5,4112.25,4162.75,-0.002462314575701119,strong,HH_HL,2023-05-10,BULLISH,NEUTRAL,2023
2,False,False,True,False,-11.0,-0.2621276595744681,-10.25,-0.003902731912338586,0.0027692492926374435,4144.0,4146.75,4121.5,4141.5,0.0006036460219727147,weak,MIXED,2023-05-11,BEARISH,BULLISH,2023
0,False,,False,True,11.75,0.28023850085178875,2.5,-0.0013817133245224156,0.0034376696218563207,4138.0,4158.25,4111.75,4155.75,-0.004271190519160251,weak,LH_LL,2023-05-12,NEUTRAL,BULLISH,2023
0,False,,True,False,5.0,0.11508425811755035,-17.75,-0.0013852918147322368,0.0047797676669893985,4151.5,4155.25,4123.0,4143.0,0.0020516533912624535,weak,MIXED,2023-05-15,NEUTRAL,BULLISH,2023
1,False,True,,True,-12.5,-0.29736618521665253,8.5,-0.002109704641350185,-0.0004820729135281976,4123.0,4148.75,4122.5,4139.0,-0.003865668035757386,weak,MIXED,2023-05-16,BEARISH,NEUTRAL,2023
0,False,,True,True,20.75,0.5063180827886711,-16.0,0.001996007984031989,0.002059357964869779,4172.25,4179.0,4125.75,4143.75,0.006877828054298707,weak,MIXED,2023-05-17,NEUTRAL,BULLISH,2023
1,False,False,,True,-5.0,-0.1235112483458315,28.5,-0.002992578405554225,0.001977942939343169,4211.25,4215.5,4164.75,4167.25,0.010558521806947052,weak,MIXED,2023-05-18,BEARISH,NEUTRAL,2023
0,False,,,True,8.5,0.20831509846827131,44.0,0.0015402843601894922,0.0007116593523899262,4204.5,4225.75,4191.5,4219.75,-0.003613958172877574,weak,HH_HL,2023-05-19,NEUTRAL,NEUTRAL,2023
0,False,,,True,0.0,,-15.25,0.00047562425683711496,0.0008932293217411846,4205.75,4221.75,4191.0,4204.5,0.0002973005113569016,weak,MIXED,2023-05-22,NEUTRAL,NEUTRAL,2023
2,True,True,True,False,-18.0,-0.4662349676225717,1.25,-0.0020230869927406747,-0.002138910344008038,4158.0,4198.5,4153.0,4187.75,-0.007104053489343953,weak,LH_LL,2023-05-23,BEARISH,BEARISH,2023
1,True,True,True,False,-18.0,-0.4809160305343511,-29.75,-0.004150625601539892,-0.0024643866081625054,4126.75,4143.75,4114.0,4140.0,-0.0032004830917874427,medium,MIXED,2023-05-24,BEARISH,BEARISH,2023
2,False,False,,True,34.0,0.9193626267503622,-13.25,0.0032528160954159446,0.0011443714991266063,4160.0,4175.5,4137.5,4160.75,-0.00018025596346815664,weak,MIXED,2023-05-25,BULLISH,NEUTRAL,2023
2,False,True,,True,6.25,0.1736111111111111,-0.75,0.0024660170816792615,-0.001142170123234143,4213.5,4221.25,4165.5,4166.25,0.01134113411341131,weak,MIXED,2023-05-26,BULLISH,NEUTRAL,2023
0,False,,False,True,19.5,0.5057897174617878,47.25,0.0008267391047596107,0.0028404047576779945,4215.0,4238.5,4200.0,4233.0,-0.00425230333097093,weak,MIXED,2023-05-30,NEUTRAL,BULLISH,2023
1,True,True,True,False,-20.25,-0.5026595744680851,-18.0,-0.002912159752763599,-0.0022545238801542355,4191.25,4204.5,4174.0,4194.75,-0.0008343763037129692,weak,MIXED,2023-05-31,BEARISH,BEARISH,2023
1,False,False,True,True,0.0,,-3.5,-0.0022023809523809,0.002686086074136007,4228.75,4239.75,4178.0,4191.25,0.008947211452430714,weak,LH_LL,2023-06-01,BEARISH,BULLISH,2023
0,False,,True,True,26.0,0.6344226579520698,37.5,0.00082445085684002,0.003721864476871284,4289.25,4297.75,4249.0,4254.75,0.008108584523180085,weak,MIXED,2023-06-02,NEUTRAL,BULLISH,2023
0,False,,,True,2.75,0.06684027777777778,34.5,0.00017490671641784417,-0.00023316817254448452,4280.5,4305.75,4273.0,4292.0,-0.002679403541472558,weak,MIXED,2023-06-05,NEUTRAL,NEUTRAL,2023
0,False,,,True,-5.0,-0.12142237640936686,-11.5,0.00029231218941827564,-0.000817709245955256,4289.75,4294.75,4268.5,4275.5,0.0033329435153783837,weak,MIXED,2023-06-06,NEUTRAL,NEUTRAL,2023
0,False,,,False,3.0,0.07285342584562012,14.25,0.0018084237545210602,-0.001514357271827138,4274.5,4304.75,4269.25,4292.75,-0.004251354027138832,weak,MIXED,2023-06-07,NEUTRAL,NEUTRAL,2023
0,False,,,True,-2.0,-0.05011185682326622,-18.25,0.000175438596491162,0.0007605452524426237,4297.75,4302.5,4264.5,4272.5,0.005909888823873555,weak,MIXED,2023-06-08,NEUTRAL,NEUTRAL,2023
0,False,,,True,7.5,0.19230769230769232,25.25,0.0017465215113232624,-0.001279590531030106,4305.0,4325.5,4294.0,4305.25,-5.8068637129093936e-05,weak,HH_HL,2023-06-09,NEUTRAL,NEUTRAL,2023
0,False,,True,True,9.5,0.24482282558674642,-0.25,-0.0006942837306178617,0.0024972414193622505,4343.5,4344.75,4307.0,4314.5,0.006721520454282093,weak,HH_HL,2023-06-12,NEUTRAL,BULLISH,2023
1,False,True,,True,14.0,0.35620172648796,29.0,0.002755928116208395,0.0009779669792326917,4371.0,4377.75,4350.75,4357.5,0.003098106712564608,weak,MIXED,2023-06-13,BULLISH,NEUTRAL,2023
0,False,,True,True,47.5,1.2505876821814763,13.5,-0.0014120304998588296,0.01132075471698113,4419.5,4439.5,4383.5,4418.5,0.00022632114971155026,weak,MIXED,2023-06-14,NEUTRAL,BULLISH,2023
0,False,,False,False,-11.25,-0.28225806451612906,1.0,-0.0009072866458746942,-0.004124526809424212,4472.75,4485.5,4407.25,4408.25,0.014631656553053984,weak,MIXED,2023-06-15,NEUTRAL,BEARISH,2023
0,False,,,True,19.5,0.4563309653155036,64.5,0.001507958670762255,0.0016228315612758504,4455.75,4493.5,4451.0,4492.25,-0.008125104346374257,weak,HH_HL,2023-06-16,NEUTRAL,NEUTRAL,2023
1,False,False,True,True,-20.75,-0.4965811965811966,-36.5,0.002311943160031582,-0.0028662957342775464,4434.0,4444.75,4410.5,4435.0,-0.00022547914317927464,weak,HH_HL,2023-06-20,BULLISH,BEARISH,2023
1,False,True,,True,-12.0,-0.2892811020232458,-1.0,-0.0025377847958493183,0.0007899785577247798,4409.5,4430.75,4403.5,4422.0,-0.0028267752148348757,weak,LH_LL,2023-06-21,BEARISH,NEUTRAL,2023
0,False,,,False,-11.5,-0.2787878787878788,-12.5,-0.0002841554898840304,-0.0018140589569161092,4423.75,4424.5,4393.75,4398.0,0.005854934060936845,weak,MIXED,2023-06-22,NEUTRAL,NEUTRAL,2023
1,True,False,False,False,-37.75,-0.9670631290027447,25.75,-0.002726807930466424,-0.0047454946048245406,4390.25,4408.0,4381.5,4386.0,0.0009689922480620172,weak,MIXED,2023-06-23,BEARISH,BEARISH,2023
0,False,,,True,-7.25,-0.19360991893180735,4.25,0.001827214069548333,-0.0008545060954767703,4371.25,4403.0,4368.5,4383.0,-0.002680812229066798,weak,MIXED,2023-06-26,NEUTRAL,NEUTRAL,2023
0,False,,,False,8.25,0.21958174904942968,-11.75,-0.00028550219836698254,0.0006857534716269154,4418.0,4424.75,4374.5,4379.5,0.008790957871903204,weak,MIXED,2023-06-27,NEUTRAL,NEUTRAL,2023
0,False,,,True,-11.75,-0.2990909090909091,38.5,0.0001701644923426393,-0.001132566963021664,4420.75,4430.25,4399.25,4406.25,0.0032907801418440297,weak,MIXED,2023-06-28,NEUTRAL,NEUTRAL,2023
0,False,,,False,-6.75,-0.17323556370302473,14.5,-0.0003390979993218579,0.0010174665083941825,4436.5,4437.75,4409.75,4414.0,0.005097417308563612,weak,MIXED,2023-06-29,NEUTRAL,NEUTRAL,2023
3,True,True,True,True,31.75,0.8300653594771242,22.5,0.004161277624697757,0.0030434537564110187,4486.25,4498.0,4465.0,4468.25,0.004028422760588679,medium,MIXED,2023-06-30,BULLISH,BULLISH,2023
2,True,False,False,False,-15.0,-0.3910614525139665,18.0,-0.0026227678571428825,-0.00417548157220804,4483.75,4491.25,4471.0,4471.25,0.0027956388034666713,weak,LH_LL,2023-07-05,BEARISH,BEARISH,2023
1,True,False,False,False,-40.0,-1.0779595765158807,12.5,-0.0040320322562580335,-0.003904506916555084,4446.5,4451.0,4419.5,4443.75,0.0006188466947960602,medium,MIXED,2023-07-06,BEARISH,BEARISH,2023
0,False,,,True,-11.75,-0.3139312977099237,2.75,-0.0005065856129685686,-0.00022498453231345472,4434.75,4476.0,4431.75,4434.75,0.0,weak,MIXED,2023-07-07,NEUTRAL,NEUTRAL,2023
0,False,,False,True,-4.75,-0.12981942410932162,0.0,0.0018085226630495388,-0.0028729157278053474,4445.5,4446.75,4424.0,4430.0,0.003498871331828468,weak,HH_HL,2023-07-10,NEUTRAL,BEARISH,2023
2,False,True,,True,7.5,0.22988505747126436,15.5,0.0031515560808148546,0.0011810359372363965,4473.0,4478.5,4442.0,4453.0,0.004491354143274284,weak,HH_HL,2023-07-11,BULLISH,NEUTRAL,2023
1,True,False,False,True,39.5,1.2268441486411537,20.0,0.005355947333184563,0.0022919112303649847,4509.25,4523.75,4497.0,4512.5,-0.000720221606648197,medium,MIXED,2023-07-12,BULLISH,BULLISH,2023
0,False,,True,True,16.75,0.5290468133107727,-3.25,0.0002763652443069642,0.002383856303359577,4542.75,4551.5,4521.25,4526.0,0.0037008395934599037,weak,MIXED,2023-07-13,NEUTRAL,BULLISH,2023
1,False,False,,True,8.75,0.27450980392156865,16.75,0.0024778371235063545,0.00011014428901856554,4539.25,4560.5,4531.0,4551.5,-0.0026914204108535733,weak,HH_HL,2023-07-14,BULLISH,NEUTRAL,2023
0,False,,,False,-2.5,-0.07865168539325842,-12.25,-0.00044099002260078457,-0.0011024750565018504,4554.5,4565.75,4536.25,4536.75,0.003912492422990077,weak,MIXED,2023-07-17,NEUTRAL,NEUTRAL,2023
0,False,,,False,-4.5,-0.140625,17.75,-0.0007140503130835807,0.0009340659340659752,4587.75,4594.5,4545.25,4550.0,0.0082967032967034,weak,MIXED,2023-07-18,NEUTRAL,NEUTRAL,2023
0,False,,,False,7.5,0.22690437601296595,37.75,-0.0002722866633991794,0.0016364826532839771,4596.0,4609.25,4588.5,4595.25,0.00016321201240421246,weak,MIXED,2023-07-19,NEUTRAL,NEUTRAL,2023
0,False,,,False,-11.75,-0.3796884016156953,0.75,-0.0014160448777299495,-0.0012511559593102461,4565.0,4594.25,4557.25,4584.25,-0.004199160167966398,weak,LH_LL,2023-07-20,NEUTRAL,NEUTRAL,2023
1,False,False,,True,16.75,0.5338645418326693,-19.25,0.002458747677849482,0.001916233232959197,4563.75,4584.0,4563.75,4581.75,-0.003928629890325719,weak,MIXED,2023-07-21,BULLISH,NEUTRAL,2023
0,False,,True,False,11.5,0.37311703360370796,-18.0,0.0002186987424821485,0.002410166520596002,4584.25,4592.5,4568.75,4575.25,0.0019671056226435724,weak,MIXED,2023-07-24,NEUTRAL,BULLISH,2023
0,False,,,False,-4.25,-0.1409117821195974,9.0,-0.001415890649675955,0.0009268345872859296,4595.25,4608.75,4579.5,4580.0,0.0033296943231440057,weak,MIXED,2023-07-25,NEUTRAL,NEUTRAL,2023
0,False,,False,False,-10.0,-0.3246376811594203,15.25,-0.0018506422817330392,-0.002714735584753991,4596.25,4610.75,4573.75,4585.25,0.002398996783163465,weak,MIXED,2023-07-26,NEUTRAL,BEARISH,2023
0,False,,False,True,33.0,1.0578133943903834,11.0,0.001785231268596199,0.006151668572050628,4563.5,4633.5,4553.75,4629.25,-0.01420316465950211,weak,MIXED,2023-07-27,NEUTRAL,BULLISH,2023
1,True,True,True,True,33.25,0.9857067231339334,-65.75,0.0037674037674038097,0.003557939679238009,4606.75,4616.5,4588.75,4596.75,0.002175450046228322,weak,HH_HL,2023-07-28,BULLISH,BULLISH,2023
0,False,,,False,4.75,0.1393399685699319,10.0,0.001463970069945253,0.0002713262426741192,4616.0,4619.25,4597.75,4611.5,0.0009758213162744944,weak,HH_HL,2023-07-31,NEUTRAL,NEUTRAL,2023
0,False,,False,False,-16.5,-0.4997295835586803,4.5,-0.0017921146953404632,-0.003302831772158732,4601.0,4609.25,4591.0,4599.5,0.00032612240460916375,weak,MIXED,2023-08-01,NEUTRAL,BEARISH,2023
2,False,False,True,False,-33.25,-1.0258953168044078,1.5,0.002082419991231932,-0.006904800739411687,4536.25,4570.25,4527.75,4567.75,-0.006896174265229038,weak,MIXED,2023-08-02,BULLISH,BEARISH,2023
0,False,,,False,-23.0,-0.6909871244635193,-31.5,0.0007746361976428418,-0.0018193847171683597,4520.25,4540.5,4505.75,4513.25,0.0015509887553315505,weak,MIXED,2023-08-03,NEUTRAL,NEUTRAL,2023
0,False,,False,True,18.25,0.5421750663129974,7.0,-0.00038556871385297953,0.003038841924968283,4499.25,4560.75,4493.75,4538.5,-0.0086482317946458,weak,MIXED,2023-08-04,NEUTRAL,BULLISH,2023
0,False,,True,True,19.0,0.5228501228501229,-39.25,0.0012743088259736801,0.0035571365051134674,4538.25,4539.75,4510.5,4518.25,0.0044264925579593495,weak,MIXED,2023-08-07,NEUTRAL,BULLISH,2023
3,True,False,False,False,-27.5,-0.7877237851662404,20.0,-0.003812997347480085,-0.004790748898678365,4517.25,4522.25,4482.0,4510.75,0.001441002050656781,weak,LH_LL,2023-08-08,BEARISH,BEARISH,2023
1,False,True,False,True,2.5,0.06886374815543532,6.5,-0.002260447678906208,0.0029332005091593505,4486.25,4521.5,4478.25,4519.75,-0.007411914375795137,weak,MIXED,2023-08-09,BEARISH,BULLISH,2023
0,False,,False,True,22.75,0.6190476190476191,-33.5,0.0012746619374861545,0.0040060090135203286,4486.25,4544.75,4473.5,4509.0,-0.0050454646263029534,weak,MIXED,2023-08-10,NEUTRAL,BULLISH,2023
1,False,False,,False,-20.75,-0.5137046861184792,-22.75,-0.0031239540332478333,-0.0016715885663342034,4482.0,4493.0,4459.0,4465.5,0.00369499496137049,weak,MIXED,2023-08-11,BEARISH,NEUTRAL,2023
2,False,False,,False,-9.5,-0.23100303951367782,16.5,-0.003007183828033666,0.0012265150248089718,4506.75,4507.0,4469.0,4472.5,0.007657909446618261,weak,LH_LL,2023-08-14,BEARISH,NEUTRAL,2023
6,True,True,True,False,-19.5,-0.46706586826347307,34.25,-0.003507209263486022,-0.004548984799733757,4454.0,4491.0,4447.0,4487.25,-0.007409883558972652,weak,LH_LL,2023-08-15,BEARISH,BEARISH,2023
1,False,True,,False,-5.75,-0.13609467455621302,-33.25,-0.004088490618874285,0.000617630544637926,4419.75,4465.5,4418.5,4448.25,-0.006407013994267463,medium,MIXED,2023-08-16,BEARISH,NEUTRAL,2023
1,True,False,False,False,13.25,0.3319910514541387,-28.5,0.0022032653522399137,0.0021495644303655137,4383.5,4435.75,4378.5,4433.0,-0.011166253101737023,weak,HH_HL,2023-08-17,BULLISH,BULLISH,2023
3,False,False,,False,-30.0,-0.7139821504462388,-49.5,-0.005362542073135912,-0.0004567774351946774,4384.75,4396.0,4350.0,4353.5,0.00717813253703925,medium,LH_LL,2023-08-18,BEARISH,NEUTRAL,2023
0,False,,True,False,10.25,0.23419012647898815,31.25,-0.0010229016309598604,0.005593607305936166,4412.75,4421.0,4372.25,4395.0,0.004038680318543708,weak,MIXED,2023-08-21,NEUTRAL,BULLISH,2023
0,False,,False,True,18.25,0.39720171006607075,17.75,0.0006775450285132489,0.00464905318063269,4399.75,4431.25,4394.25,4431.0,-0.007052584066802092,weak,MIXED,2023-08-22,NEUTRAL,BULLISH,2023
1,False,False,True,False,10.75,0.2359858878871031,-31.25,-0.0042959697021084375,0.004942900971535602,4448.0,4455.25,4409.0,4410.5,0.008502437365378146,medium,LH_LL,2023-08-23,BEARISH,BULLISH,2023
1,True,True,True,False,15.5,0.33423180592991913,37.5,-0.0020118475466637253,-0.0021226678583398106,4385.0,4468.75,4384.25,4463.5,-0.01758709532877789,weak,MIXED,2023-08-24,BEARISH,BEARISH,2023
0,False,,,True,17.25,0.36220472440944884,-78.5,0.0018200432260266908,0.001596806387225591,4415.0,4429.0,4365.25,4402.25,0.0028962462377193354,weak,MIXED,2023-08-25,NEUTRAL,NEUTRAL,2023
1,False,True,,True,22.75,0.45418894830659534,12.75,0.0032794300576728386,0.0017560754545968837,4441.75,4449.5,4423.25,4437.75,0.0009013576699903325,weak,HH_HL,2023-08-28,BULLISH,NEUTRAL,2023
0,False,,,True,-0.75,-0.015278283012004365,4.0,0.0001689664883131048,0.0009000393767226722,4506.0,4509.0,4438.5,4441.0,0.014636343165953525,weak,LH_LL,2023-08-29,NEUTRAL,NEUTRAL,2023
1,False,True,False,True,3.25,0.06368089573128062,65.0,0.002333592621402314,-0.0020519077196096136,4524.0,4530.75,4501.0,4509.25,0.0032710539446692,weak,MIXED,2023-08-30,BULLISH,BEARISH,2023
0,False,,,True,3.75,0.07800891530460624,14.75,0.0007725416620683045,-0.00038656947205650827,4514.25,4539.75,4512.75,4527.75,-0.0029816133841311654,weak,MIXED,2023-08-31,NEUTRAL,NEUTRAL,2023
1,True,False,False,True,28.5,0.5990990990990991,-13.5,0.003812154696132497,0.0024904532624938636,4522.75,4547.5,4507.25,4542.75,-0.004402619558637411,weak,MIXED,2023-09-01,BULLISH,BULLISH,2023
2,False,False,,True,-5.25,-0.10998877665544333,-20.0,0.0021621022286284486,-0.001161825726141097,4502.25,4520.75,4501.5,4517.5,-0.003375760929717808,weak,MIXED,2023-09-05,BULLISH,NEUTRAL,2023
0,False,,,False,-9.25,-0.20124320124320125,-15.25,0.00011127802815336096,-0.001555382735251687,4471.0,4494.25,4447.0,4493.0,-0.004896505675495266,weak,LH_LL,2023-09-06,NEUTRAL,NEUTRAL,2023
2,True,False,False,False,-33.0,-0.7176699029126214,-22.0,-0.004710632570659512,-0.002125398512221044,4455.25,4463.0,4434.25,4438.0,0.0038868859846776793,medium,LH_LL,2023-09-07,BEARISH,BEARISH,2023
0,False,,False,True,0.0,,17.25,0.0012924978926664998,-0.0026361545796175223,4461.5,4477.5,4451.5,4455.25,0.0014028393468379363,weak,HH_HL,2023-09-08,NEUTRAL,BEARISH,2023
1,True,True,True,True,26.75,0.6291474170516589,6.25,0.002290502793296012,0.0036406407527724838,4490.5,4493.5,4470.0,4488.25,0.000501308973430703,weak,MIXED,2023-09-11,BULLISH,BULLISH,2023
0,False,,,True,-16.25,-0.3991228070175438,2.25,-0.00033491487580239454,-0.0017825311942959443,4464.75,4491.0,4458.75,4474.25,-0.002123260881711997,weak,MIXED,2023-09-12,NEUTRAL,NEUTRAL,2023
0,False,,True,True,50.5,1.2507739938080495,-9.5,0.0013308195630474806,0.010470324748040216,4518.0,4530.25,4503.0,4515.25,0.0006090471180997259,weak,MIXED,2023-09-13,NEUTRAL,BULLISH,2023
1,False,True,,True,24.0,0.6151029748283753,2.75,0.002318648559125558,0.0019902697921274637,4555.0,4562.0,4528.0,4542.0,0.002862175253192323,weak,MIXED,2023-09-14,BULLISH,NEUTRAL,2023
1,False,True,,False,-18.0,-0.5083207261724659,13.0,-0.002029732843271681,0.000493664637156499,4497.75,4540.5,4494.0,4537.0,-0.008651091029314495,weak,MIXED,2023-09-15,BEARISH,NEUTRAL,2023
0,False,,,False,-3.25,-0.09508881922675026,-39.25,-0.0017211703958691649,0.0007779506557012983,4501.0,4514.5,4490.0,4494.5,0.0014462120369340692,weak,MIXED,2023-09-18,NEUTRAL,NEUTRAL,2023
1,False,False,,False,-10.5,-0.3083377031987415,6.5,-0.0021084170226932653,0.0012770682953915369,4491.0,4496.75,4462.25,4490.5,0.00011134617525887514,weak,LH_LL,2023-09-19,BEARISH,NEUTRAL,2023
0,False,,,True,12.25,0.3891094724900737,0.5,0.0018901489882143796,0.001558325912733638,4448.0,4507.5,4446.0,4503.25,-0.012268916893354853,weak,HH_HL,2023-09-20,NEUTRAL,NEUTRAL,2023
3,True,True,True,False,-32.25,-0.9555555555555556,-55.25,-0.004121034210229246,-0.004500196883613694,4373.0,4418.5,4370.75,4415.75,-0.009681254600011346,medium,LH_LL,2023-09-21,BEARISH,BEARISH,2023
0,False,,False,False,9.25,0.262544348707552,-42.75,0.0018840993434199316,0.0032616159304188486,4361.5,4399.0,4357.25,4382.25,-0.004735010553939212,weak,MIXED,2023-09-22,NEUTRAL,BULLISH,2023
0,False,,,False,-13.25,-0.37493683678625567,-20.75,-0.0015502985760220689,-0.000687639676809404,4379.5,4380.25,4343.5,4348.25,0.007186799287069556,weak,LH_LL,2023-09-25,NEUTRAL,NEUTRAL,2023
0,False,,True,False,-33.25,-0.9087359687652513,31.25,-0.00143373286689219,-0.006559808339512863,4314.0,4354.0,4305.5,4346.25,-0.00742018981880932,weak,MIXED,2023-09-26,NEUTRAL,BEARISH,2023
0,False,,False,True,11.5,0.31353456669912366,-32.25,-0.00017308025154327833,0.002141451556893159,4315.0,4331.75,4277.0,4325.5,-0.0024274650329442204,weak,MIXED,2023-09-27,NEUTRAL,BULLISH,2023
0,False,,,False,-7.75,-0.20111214087117701,-10.5,-0.0011015769944341391,-0.0009255509920749194,4338.25,4355.75,4301.0,4307.25,0.007197167566312723,weak,MIXED,2023-09-28,NEUTRAL,NEUTRAL,2023
1,True,False,False,True,31.5,0.776066871975363,31.0,0.00344589937973816,0.0036271518222119603,4326.25,4371.25,4311.0,4369.75,-0.009954802906344762,weak,MIXED,2023-09-29,BULLISH,BULLISH,2023
4,False,False,,False,-9.0,-0.20826446280991734,-43.5,-0.007189692856321206,-0.0001154934457469059,4324.75,4337.75,4295.5,4317.25,0.0017372169784006797,medium,LH_LL,2023-10-02,BEARISH,NEUTRAL,2023
2,False,True,,False,-23.75,-0.540650406504065,7.5,-0.008771423625137054,0.00011558021266755425,4266.5,4317.0,4251.25,4301.0,-0.008021390374331583,strong,LH_LL,2023-10-03,BEARISH,NEUTRAL,2023
4,False,True,,True,3.0,0.06426931905126243,-34.5,0.003933540773792155,0.0007037710398216657,4296.25,4304.0,4254.25,4269.5,0.006265370652301261,weak,HH_HL,2023-10-04,BULLISH,NEUTRAL,2023
0,False,,False,False,-5.5,-0.11505416511019798,26.75,0.0006420733130982903,-0.002097535395909844,4291.5,4300.75,4258.0,4290.75,0.00017479461632574633,weak,MIXED,2023-10-05,NEUTRAL,BEARISH,2023
1,False,False,,False,-26.25,-0.5522163786626597,0.75,-0.009380644409485495,0.0019237495627841827,4342.0,4358.5,4251.5,4265.25,0.01799425590528103,strong,LH_LL,2023-10-06,BEARISH,NEUTRAL,2023
0,False,,False,False,-20.25,-0.37901069518716574,76.75,-0.001563495280560545,-0.006501352051090259,4370.0,4375.75,4316.0,4321.75,0.011164458841904423,weak,MIXED,2023-10-09,NEUTRAL,BEARISH,2023
0,False,,,True,6.0,0.10863239573229874,48.25,-0.0010846606154021332,0.0018311874105865211,4391.5,4419.0,4371.25,4376.0,0.0035420475319927203,weak,LH_LL,2023-10-10,NEUTRAL,NEUTRAL,2023
3,False,True,,True,11.0,0.20276497695852536,15.5,0.002159949980105713,0.001878629169987489,4408.75,4411.5,4377.25,4402.5,0.0014196479273140827,weak,MIXED,2023-10-11,BULLISH,NEUTRAL,2023
1,False,True,,False,5.0,0.09383378016085792,6.25,-0.002429241285803019,0.001640642679339166,4380.75,4417.5,4355.5,4413.75,-0.00747663551401867,weak,MIXED,2023-10-12,BEARISH,NEUTRAL,2023
1,False,False,True,True,14.25,0.2603588907014682,-33.0,0.00296702042679442,-0.0029104605375791515,4358.0,4407.75,4340.75,4395.0,-0.008418657565415266,weak,HH_HL,2023-10-13,BULLISH,BEARISH,2023
2,True,True,True,True,22.25,0.39108600125549275,-37.0,0.003550770288070604,0.0031598299436976784,4402.5,4414.25,4377.75,4380.25,0.0050796187432224915,weak,HH_HL,2023-10-16,BULLISH,BULLISH,2023
2,True,False,False,False,-33.25,-0.5933715742511154,22.25,-0.0026771474139895,-0.002666817975487956,4402.5,4423.25,4365.75,4369.25,0.007610001716541692,weak,MIXED,2023-10-17,BEARISH,BEARISH,2023
1,True,True,True,False,-19.75,-0.35122261035249286,33.25,-0.0036975937197792907,-0.003011363636363673,4343.0,4392.5,4330.75,4382.75,-0.00906964805202215,weak,MIXED,2023-10-18,BEARISH,BEARISH,2023
3,False,False,,False,4.75,0.08372678627636135,-39.75,0.0049679394604587035,-0.001667625071880341,4301.5,4366.5,4294.75,4347.75,-0.010637686159507775,medium,MIXED,2023-10-19,BULLISH,NEUTRAL,2023
1,False,True,,False,-5.0,-0.08687558175612783,-46.25,-0.002732717018431252,-0.000814616548353353,4248.5,4302.25,4247.25,4296.5,-0.011171884091702555,weak,MIXED,2023-10-20,BEARISH,NEUTRAL,2023
6,True,False,False,False,-17.25,-0.2950519242516799,-48.0,-0.0023579344494223387,-0.00647897278831433,4240.5,4280.75,4213.25,4231.25,0.0021861152141802176,weak,HH_HL,2023-10-23,BEARISH,BEARISH,2023
2,True,True,True,True,21.25,0.3626943005181347,9.25,0.0024666705820168833,0.002528965476680689,4271.0,4283.5,4242.0,4261.75,0.0021704698773978848,weak,MIXED,2023-10-24,BULLISH,BULLISH,2023
0,False,,True,False,-17.5,-0.3017241379310345,9.25,-0.0007634932753861623,-0.0039224869738305745,4210.25,4253.5,4203.75,4253.5,-0.010168096861408293,weak,MIXED,2023-10-25,NEUTRAL,BEARISH,2023
1,False,False,True,False,-14.0,-0.23931623931623933,-43.25,0.003646144650328642,-0.006293042032771368,4156.75,4205.0,4146.25,4196.25,-0.00941316651772417,weak,MIXED,2023-10-26,BULLISH,BEARISH,2023
2,False,True,False,False,16.0,0.29062601362309437,-39.5,-0.002569311663479956,0.004206225213315706,4138.0,4176.75,4122.25,4172.75,-0.008327841351626675,weak,MIXED,2023-10-27,BEARISH,BULLISH,2023
0,False,,True,False,27.75,0.5075114304376225,-34.75,0.0004206730769231726,0.006829445183125893,4186.0,4197.5,4152.0,4165.75,0.0048610694352757555,weak,MIXED,2023-10-30,NEUTRAL,BULLISH,2023
0,False,,True,True,5.5,0.10088437602358336,20.25,-0.0003578244274808906,0.0020310633213858065,4212.25,4215.0,4171.75,4191.5,0.004950495049504955,weak,MIXED,2023-10-31,NEUTRAL,BULLISH,2023
1,False,True,,True,9.25,0.167691809647135,20.75,0.003930911256700309,-0.001962416745956208,4256.5,4264.75,4215.5,4221.5,0.00829089186308174,weak,MIXED,2023-11-01,BULLISH,NEUTRAL,2023
5,True,True,True,True,37.5,0.6912442396313364,35.0,0.004852949774893256,0.0045206364116714415,4336.25,4337.75,4293.75,4294.0,0.009839310666045709,medium,HH_HL,2023-11-02,BULLISH,BULLISH,2023
1,False,True,,True,23.25,0.4419551934826884,42.25,0.006120799168495283,-0.0008654012577165027,4375.0,4391.75,4358.25,4359.5,0.0035554536070649956,medium,MIXED,2023-11-03,BULLISH,NEUTRAL,2023
0,False,,,True,7.5,0.14314928425357873,15.5,-0.00039922436409256523,0.0012561379467854739,4384.5,4389.5,4364.25,4382.5,0.0004563605248146807,weak,LH_LL,2023-11-06,NEUTRAL,NEUTRAL,2023
1,False,True,,False,-0.5,-0.00998217468805704,2.0,0.002058789889054058,-0.0013127104617316476,4396.5,4403.25,4372.25,4384.0,0.0028512773722628726,weak,MIXED,2023-11-07,BULLISH,NEUTRAL,2023
0,False,,,True,5.75,0.12005965697240864,12.5,0.001365809241975935,-0.0007959067652074658,4398.5,4407.75,4375.0,4402.25,-0.0008518371287410398,weak,HH_HL,2023-11-08,NEUTRAL,NEUTRAL,2023
1,True,False,False,True,10.5,0.23277909738717342,-3.75,0.002443043008919954,0.0035279390007967315,4363.0,4409.5,4357.75,4409.0,-0.01043320480834653,weak,MIXED,2023-11-09,BULLISH,BULLISH,2023
1,False,True,,True,20.75,0.4623955431754875,-46.0,0.003377991526394064,-0.0006300475399507732,4430.25,4433.5,4367.75,4383.75,0.010607356715141236,weak,HH_HL,2023-11-10,BULLISH,NEUTRAL,2023
0,False,,,True,-14.75,-0.329608938547486,46.5,-0.0013003901170350884,0.0,4425.5,4436.75,4407.25,4415.5,0.0022647491790284136,weak,MIXED,2023-11-13,NEUTRAL,NEUTRAL,2023
1,False,True,,True,61.0,1.389747762408462,10.0,0.012064494306009754,0.00016937669376693165,4510.75,4524.25,4483.75,4486.5,0.005405104201493316,strong,MIXED,2023-11-14,BULLISH,NEUTRAL,2023
0,False,,False,True,13.0,0.3007021891780256,24.25,0.0011060111707128506,0.002990364381437516,4519.5,4536.75,4510.75,4523.75,-0.0009394860458690202,weak,MIXED,2023-11-15,NEUTRAL,BULLISH,2023
0,False,,,True,-6.5,-0.15895196506550216,-4.25,0.0015503017551630194,0.0007199822773593656,4523.0,4526.25,4501.75,4513.0,0.0022158209616662816,weak,MIXED,2023-11-16,NEUTRAL,NEUTRAL,2023
0,False,,,True,-0.75,-0.01935483870967742,10.0,0.00027590773645291833,0.0012697361157116838,4528.25,4534.5,4512.75,4522.25,0.001326773177068974,weak,MIXED,2023-11-17,NEUTRAL,NEUTRAL,2023
0,False,,,True,-3.75,-0.10120481927710843,6.0,-0.0007721155967350679,0.0013263332412267737,4562.25,4571.0,4524.5,4524.5,0.00834346336611791,weak,LH_LL,2023-11-20,NEUTRAL,NEUTRAL,2023
0,False,,,False,-12.25,-0.328544061302682,37.75,-0.0014816440761674654,-0.0008221430528911888,4551.0,4554.75,4537.75,4550.0,0.00021978021978030782,weak,MIXED,2023-11-21,NEUTRAL,NEUTRAL,2023
2,True,True,True,True,15.5,0.44308320571720267,1.0,0.002965892239248591,0.0024736147757256077,4566.75,4580.5,4555.0,4566.5,5.474652359582777e-05,weak,HH_HL,2023-11-22,BULLISH,BULLISH,2023
0,False,,,False,-5.5,-0.163395225464191,0.25,0.0013171615169309536,-0.0007661577190389846,4560.25,4570.0,4555.5,4561.25,-0.00021923814743762815,weak,MIXED,2023-11-27,NEUTRAL,NEUTRAL,2023
0,False,,,False,-5.0,-0.15478164731896074,-1.0,-0.0012064049133582166,-0.0004932587964485702,4563.25,4577.25,4549.25,4555.25,0.0017562153559080862,weak,LH_LL,2023-11-28,NEUTRAL,NEUTRAL,2023
0,False,,False,False,22.0,0.676923076923077,8.0,0.0013650758982199918,0.0030674846625766694,4560.0,4597.0,4555.5,4585.25,-0.005506788070443247,weak,HH_HL,2023-11-29,NEUTRAL,BULLISH,2023
0,False,,,True,6.25,0.18796992481203006,-25.25,0.0008759923350669663,0.0012053473591935315,4574.75,4579.5,4544.75,4566.25,0.0018614837120174421,weak,HH_HL,2023-11-30,NEUTRAL,NEUTRAL,2023
2,False,False,,True,-6.0,-0.17967914438502672,8.5,-0.003328604168940319,0.0011483567561656471,4601.25,4607.75,4562.5,4568.75,0.00711354309165535,weak,MIXED,2023-12-01,BEARISH,NEUTRAL,2023
1,True,False,False,False,-35.25,-1.0704989154013014,32.5,-0.003377090255460513,-0.0032037358818418626,4576.75,4579.75,4553.5,4566.0,0.002354358300481918,weak,LH_LL,2023-12-04,BEARISH,BEARISH,2023
0,False,,False,True,-14.75,-0.48991696322657174,10.75,-0.001423487544483959,-0.0028430836522690406,4575.75,4585.5,4558.25,4562.0,0.003014028934677837,weak,MIXED,2023-12-05,NEUTRAL,BEARISH,2023
1,True,False,False,True,21.5,0.717948717948718,13.75,0.0022359164530729725,0.003279943147652009,4556.0,4597.5,4552.0,4597.25,-0.008972755451628678,weak,MIXED,2023-12-06,BULLISH,BULLISH,2023
1,False,True,,False,20.5,0.676487919858574,-41.25,0.0031282586027112647,-0.00021946669592887158,4588.5,4596.0,4569.75,4576.5,0.0026220911176664252,weak,MIXED,2023-12-07,BULLISH,NEUTRAL,2023
1,False,False,,False,-7.5,-0.24734982332155475,12.0,-0.0020693786418340965,0.0013629177342855403,4607.75,4613.75,4578.25,4581.0,0.0058393363894346795,weak,MIXED,2023-12-08,BEARISH,NEUTRAL,2023
0,False,,,True,-5.5,-0.17680826636050517,26.75,-0.00016286644951135631,-0.0010852460795485186,4625.0,4627.25,4599.75,4602.25,0.004943234287576814,weak,MIXED,2023-12-11,NEUTRAL,NEUTRAL,2023
1,False,False,,True,-4.0,-0.12691218130311616,22.75,-0.002158778131577499,0.0004324791869392275,4646.25,4647.0,4610.5,4621.0,0.005464185241289776,weak,MIXED,2023-12-12,BEARISH,NEUTRAL,2023
0,False,,True,True,54.0,1.7530434782608697,25.25,0.0011162494020091618,0.01145346023552185,4761.0,4764.25,4696.75,4700.25,0.01292484442316888,weak,MIXED,2023-12-13,NEUTRAL,BULLISH,2023
1,True,False,False,True,18.0,0.5230928905033732,60.75,0.0037735849056603765,0.0033624041189450615,4775.25,4791.75,4746.25,4779.0,-0.0007846829880727713,weak,MIXED,2023-12-14,BULLISH,BULLISH,2023
1,False,True,False,False,-7.0,-0.19531639262580966,-3.75,-0.003028878792626255,0.0035650623885918886,4766.75,4779.5,4757.25,4768.25,-0.0003145808210559542,weak,LH_LL,2023-12-15,BEARISH,BULLISH,2023
0,False,,,False,15.25,0.4190382728164867,-1.5,0.0006800230161636556,0.001624908271307346,4792.75,4802.25,4780.25,4782.0,0.00224801338352143,weak,MIXED,2023-12-18,NEUTRAL,NEUTRAL,2023
0,False,,,True,4.75,0.1320754716981132,10.75,0.0009903570497784564,0.0013047335734042154,4820.25,4821.5,4796.5,4797.5,0.004742053152683612,weak,MIXED,2023-12-19,NEUTRAL,NEUTRAL,2023
0,False,,,False,-9.75,-0.2802874743326489,22.75,-0.0003636363636363438,-0.001452809630052454,4749.75,4830.75,4748.0,4810.5,-0.012628624883068262,weak,MIXED,2023-12-20,NEUTRAL,NEUTRAL,2023
1,True,True,True,True,31.5,0.8242990654205608,-60.75,0.0023037855385099615,0.0035239046967863175,4795.25,4798.25,4755.5,4781.25,0.0029281045751634593,weak,HH_HL,2023-12-21,BULLISH,BULLISH,2023
1,False,False,,True,11.0,0.2892018779342723,14.0,0.0033394208192016883,-0.0004691654068706974,4805.25,4821.75,4784.75,4806.25,-0.0002080624187256186,weak,MIXED,2023-12-22,BULLISH,NEUTRAL,2023
0,False,,True,True,3.5,0.09019788311090658,-1.0,-0.00025978074505117466,0.0029171224670521134,4825.0,4834.5,4808.0,4808.75,0.003379256563555977,weak,MIXED,2023-12-26,NEUTRAL,BULLISH,2023
0,False,,,True,-2.75,-0.07096774193548387,16.25,0.0003109613889609175,-0.0006732960430909651,4834.75,4835.5,4816.5,4822.25,0.002592150966872264,weak,MIXED,2023-12-27,NEUTRAL,NEUTRAL,2023
0,False,,,False,-2.75,-0.0746124031007752,12.5,-0.0008792345487458331,-0.0005170898185015149,4833.0,4839.75,4828.0,4832.0,0.00020695364238410008,weak,MIXED,2023-12-28,NEUTRAL,NEUTRAL,2023
0,False,,,True,-4.5,-0.12562313060817548,1.0,-0.0012410155644035914,0.0003103341264094617,4818.75,4835.0,4796.75,4828.5,-0.002019260639950282,weak,LH_LL,2023-12-29,NEUTRAL,NEUTRAL,2023
3,False,False,,False,-35.25,-0.978681209717402,-9.75,-0.007007162877608275,0.00010389070697636171,4788.0,4797.5,4765.5,4783.5,0.0009407337723423836,medium,LH_LL,2024-01-02,BEARISH,NEUTRAL,2024
0,False,,True,False,-23.75,-0.6535626535626535,4.5,-0.001884619411579913,-0.0025060039678396206,4747.0,4771.75,4741.0,4764.25,-0.003620716796977508,weak,LH_LL,2024-01-03,NEUTRAL,BEARISH,2024
1,False,True,,True,-7.5,-0.20874751491053678,-17.25,-0.0023663038334121866,0.0006317451961042053,4729.75,4766.5,4727.0,4739.5,-0.002057179027323608,weak,LH_LL,2024-01-04,BEARISH,NEUTRAL,2024
0,False,,False,False,0.5,0.014736842105263158,-9.75,0.00031791448100459974,-0.0029055945903111446,4735.5,4760.25,4719.75,4730.25,0.0011098779134295356,weak,MIXED,2024-01-05,NEUTRAL,BEARISH,2024
1,False,True,False,False,3.75,0.11170212765957448,5.25,0.002116402116402183,-0.0023228803716608404,4801.5,4803.25,4738.0,4739.25,0.013134989713562195,weak,HH_HL,2024-01-08,BULLISH,BEARISH,2024
1,True,False,False,False,-28.5,-0.7777777777777777,62.25,-0.0029760350858872853,-0.0023968320133388454,4793.0,4804.0,4767.5,4773.0,0.004190236748376375,weak,MIXED,2024-01-09,BEARISH,BEARISH,2024
1,False,False,,False,2.25,0.05971563981042654,20.0,-0.002343383846273972,0.0012524788644192597,4819.25,4828.5,4792.25,4795.25,0.005004952817892816,weak,MIXED,2024-01-10,BEARISH,NEUTRAL,2024
2,False,True,,False,7.75,0.20139211136890953,24.0,-0.004142931123770066,0.0009854260671127157,4814.75,4832.25,4772.75,4827.0,-0.0025378081624197746,medium,MIXED,2024-01-11,BEARISH,NEUTRAL,2024
0,False,,,True,14.25,0.3870029097963143,-12.25,0.00046753246753250544,-0.00020781379883627604,4816.75,4836.5,4802.25,4829.0,-0.0025367570925657335,weak,MIXED,2024-01-12,NEUTRAL,NEUTRAL,2024
0,False,,True,False,-14.75,-0.4072978303747534,-12.25,0.0007304220796160443,-0.005245663238807485,4798.5,4815.75,4779.5,4802.0,-0.0007288629737609575,weak,MIXED,2024-01-16,NEUTRAL,BEARISH,2024
0,False,,False,False,-32.5,-0.8987654320987655,-3.5,-0.0019884877027733783,-0.004688476765992933,4771.0,4775.75,4746.25,4766.0,0.0010490977759127773,weak,MIXED,2024-01-17,NEUTRAL,BEARISH,2024
0,False,,True,True,15.0,0.41237113402061853,5.0,0.0018327485992564174,0.0022540231692613766,4811.0,4817.0,4770.0,4786.0,0.005223568742164675,weak,MIXED,2024-01-18,NEUTRAL,BULLISH,2024
0,False,,True,False,11.0,0.28664495114006516,25.0,0.0003105750815259878,0.0041573559216339095,4870.75,4874.25,4815.0,4822.0,0.010109912899211926,weak,MIXED,2024-01-19,NEUTRAL,BULLISH,2024
0,False,,False,True,15.0,0.3591278324070115,48.75,0.00035829451809377133,0.002823553570511894,4881.75,4898.25,4873.5,4885.75,-0.0008187074655886528,weak,MIXED,2024-01-22,NEUTRAL,BULLISH,2024
0,False,,,True,4.0,0.09803063457330416,-4.0,0.0013314897321656805,-0.0001536649080571273,4894.75,4897.0,4874.25,4885.75,0.001842091797574552,weak,HH_HL,2024-01-23,NEUTRAL,NEUTRAL,2024
0,False,,False,True,28.75,0.7161921708185053,9.0,0.0006610393572663575,0.0029075698836971142,4898.75,4933.25,4895.25,4923.5,-0.005026911749771545,weak,MIXED,2024-01-24,NEUTRAL,BULLISH,2024
1,False,True,,True,20.25,0.4980237154150198,-24.75,0.0028049775601795,-0.0002040191778026612,4924.0,4926.5,4896.75,4919.0,0.0010164667615368828,weak,MIXED,2024-01-25,BULLISH,NEUTRAL,2024
4,False,False,,False,-5.75,-0.14387846291331546,5.0,0.0028497277492238737,-0.0009656434234600608,4917.0,4934.25,4907.5,4918.25,-0.00025415544146800695,weak,MIXED,2024-01-26,BULLISH,NEUTRAL,2024
0,False,,,False,2.0,0.05130554283096656,-1.25,0.0005596825073777012,0.0010686479059589526,4954.75,4956.0,4912.75,4919.0,0.007267737344988756,weak,MIXED,2024-01-29,NEUTRAL,NEUTRAL,2024
0,False,,,False,-8.5,-0.22720763723150358,35.75,-0.0012627538135164817,-0.00010100499974752264,4949.25,4957.25,4941.5,4946.25,0.0006065200909779467,weak,MIXED,2024-01-30,NEUTRAL,NEUTRAL,2024
0,False,,,False,-23.25,-0.647117296222664,3.0,-0.00010151253679824279,-0.0018749366575453452,4868.75,4930.5,4868.25,4926.0,-0.01162200568412508,weak,MIXED,2024-01-31,NEUTRAL,NEUTRAL,2024
0,False,,True,True,14.5,0.3837429111531191,-57.25,0.0007675775253299655,0.0034381895622723757,4929.75,4929.75,4874.5,4883.25,0.00952234679772701,weak,MIXED,2024-02-01,NEUTRAL,BULLISH,2024
1,False,False,,True,3.25,0.08670795616960458,46.5,-0.005146576517483181,-0.0007562008469449433,4979.5,4997.75,4929.0,4933.0,0.009426312588688424,medium,MIXED,2024-02-02,BEARISH,NEUTRAL,2024
0,False,,,False,-6.5,-0.1627179257934734,46.5,-0.00015103458692045102,-0.00015082197978988354,4961.0,4977.5,4937.75,4973.0,-0.0024130303639654516,weak,MIXED,2024-02-05,NEUTRAL,NEUTRAL,2024
0,False,,,True,9.0,0.22390048867170148,-12.0,0.00105777464363066,0.0003528047981451454,4975.0,4978.25,4955.0,4970.0,0.001006036217303885,weak,MIXED,2024-02-06,NEUTRAL,NEUTRAL,2024
1,False,True,,True,22.5,0.5660377358490566,5.0,0.0028640337654506354,-0.00020111619488161203,5015.5,5020.0,4988.0,4997.5,0.0036018009004501472,weak,MIXED,2024-02-07,BULLISH,NEUTRAL,2024
0,False,,,False,-2.25,-0.05817174515235457,18.0,-0.0001995211492418214,-0.0010467550593161734,5017.0,5020.0,5005.0,5013.25,0.0007480177529546328,weak,MIXED,2024-02-08,NEUTRAL,NEUTRAL,2024
1,False,True,,True,3.0,0.08446455505279034,3.75,0.002041730989492452,0.0016452288363744128,5044.0,5048.5,5016.25,5020.0,0.004780876494023811,weak,MIXED,2024-02-09,BULLISH,NEUTRAL,2024
0,False,,,True,-1.0,-0.02773650321941555,24.0,-0.00039655001487060026,0.0004958349861166056,5041.5,5066.5,5033.25,5043.0,-0.0002974419988102106,weak,LH_LL,2024-02-12,NEUTRAL,NEUTRAL,2024
1,True,True,True,False,-66.5,-1.8068898592916058,-1.5,-0.00925465220419941,-0.002680832050836468,4971.75,4988.25,4936.5,4975.0,-0.0006532663316582976,strong,MIXED,2024-02-13,BEARISH,BEARISH,2024
0,False,,True,True,25.5,0.6748582230623819,-3.25,-0.00010012014417304371,0.0037199014728799273,5015.25,5020.25,4972.75,4997.25,0.0036019810895993043,weak,MIXED,2024-02-14,NEUTRAL,BULLISH,2024
0,False,,,True,3.75,0.09602194787379972,18.0,-0.0003482413810258489,0.0012954658694568355,5046.75,5048.5,5013.75,5019.0,0.005528989838613274,weak,MIXED,2024-02-15,NEUTRAL,NEUTRAL,2024
1,False,True,,False,-3.75,-0.0946372239747634,27.75,-0.0025722200237435766,0.0013365013365014278,5020.5,5054.5,5012.75,5043.0,-0.004461629982153492,weak,LH_LL,2024-02-16,BEARISH,NEUTRAL,2024
0,False,,True,False,-18.75,-0.474469046543154,-22.5,-0.0004995004995005381,-0.0049258632699771265,4992.5,5009.25,4968.25,5001.75,-0.0018493527265457388,weak,MIXED,2024-02-20,NEUTRAL,BEARISH,2024
0,False,,,False,-14.5,-0.3509075194468453,-9.25,-0.00030120481927709,-0.0014029461869926596,4995.75,4998.25,4959.0,4978.0,0.003565689031739705,weak,MIXED,2024-02-21,NEUTRAL,NEUTRAL,2024
1,True,True,True,True,66.5,1.6759675967596759,17.75,0.002524002771453926,0.007571606475716086,5097.5,5107.75,5052.25,5062.25,0.00696330682996682,weak,MIXED,2024-02-22,BULLISH,BULLISH,2024
1,False,False,,True,16.75,0.42195231668915884,35.25,0.002453506060160038,0.0005890148726255262,5099.75,5123.5,5092.5,5114.25,-0.0028352153297159788,weak,HH_HL,2024-02-23,BULLISH,NEUTRAL,2024
0,False,,,True,4.0,0.10810810810810811,-14.5,0.0014221960668923117,0.0008832621816576847,5080.0,5108.0,5078.75,5103.75,-0.004653441097232425,weak,MIXED,2024-02-26,NEUTRAL,NEUTRAL,2024
0,False,,,False,6.5,0.1793103448275862,-23.75,0.0002949562481564527,0.0016740521910389994,5088.5,5091.75,5067.0,5086.5,0.0003931976801336834,weak,MIXED,2024-02-27,NEUTRAL,NEUTRAL,2024
1,False,True,False,False,-16.25,-0.4469548133595285,2.0,0.002221235006663713,-0.003487058592407055,5081.5,5087.75,5068.5,5072.25,0.0018236482823204003,weak,MIXED,2024-02-28,BULLISH,BEARISH,2024
1,False,False,,True,16.5,0.4654911838790932,9.25,0.005426203630623627,-0.0007397179208995519,5096.75,5114.5,5070.0,5098.0,-0.0002451941938015345,medium,MIXED,2024-02-29,BULLISH,NEUTRAL,2024
0,False,,,True,9.0,0.2396576319543509,-1.25,-0.0011255750220221516,-0.0012253100034308462,5145.0,5149.25,5101.25,5105.75,0.007687411252019771,weak,HH_HL,2024-03-01,NEUTRAL,NEUTRAL,2024
0,False,,,True,-9.25,-0.23915050784856878,39.25,-0.0011673151750972721,0.0001459498905376222,5137.75,5157.75,5135.25,5135.75,0.00038942705544475764,weak,MIXED,2024-03-04,NEUTRAL,NEUTRAL,2024
0,False,,True,False,-21.25,-0.5605275553462082,2.0,-0.000781211854889885,-0.002142474558114671,5085.75,5121.5,5063.0,5116.5,-0.006009967751392509,weak,MIXED,2024-03-05,NEUTRAL,BEARISH,2024
1,True,False,False,True,33.5,0.8725581395348837,-30.75,0.0024979184013322886,0.0020623618954087597,5112.0,5134.5,5097.75,5119.25,-0.001416223079552692,weak,HH_HL,2024-03-06,BULLISH,BULLISH,2024
4,False,True,,True,31.0,0.8239202657807309,-7.25,0.004059076682316087,0.0019068107368112042,5159.75,5170.5,5133.25,5143.0,0.0032568539762785065,medium,MIXED,2024-03-07,BULLISH,NEUTRAL,2024
0,False,,,True,5.25,0.13887576759565423,16.75,0.001112777589626912,0.0017935915458819895,5128.25,5193.0,5121.75,5165.0,-0.007115198451113303,weak,MIXED,2024-03-08,NEUTRAL,NEUTRAL,2024
0,False,,False,False,-14.0,-0.35078299776286354,-36.75,-0.0018074349079185703,-0.002192127825409229,5122.75,5129.0,5094.75,5114.25,0.001662022779488792,weak,LH_LL,2024-03-11,NEUTRAL,BEARISH,2024
1,False,True,,True,21.0,0.5326086956521738,8.5,0.0021912738605376347,0.0005849948812948202,5177.25,5183.0,5117.75,5143.75,0.006512758201701052,weak,MIXED,2024-03-12,BULLISH,NEUTRAL,2024
0,False,,False,False,66.0,1.5986159169550174,33.5,-9.540619186187982e-05,0.012753623188405783,5233.0,5246.0,5217.5,5243.25,-0.0019548943880226544,weak,MIXED,2024-03-13,NEUTRAL,BULLISH,2024
0,False,,False,True,7.0,0.17785843920145192,-10.25,-0.0013810181437211577,0.002386520929788638,5220.25,5241.5,5188.0,5240.0,-0.0037690839694656253,weak,MIXED,2024-03-14,NEUTRAL,BULLISH,2024
0,False,,,False,-34.25,-0.8360941586748039,-19.75,0.0003832702534374288,0.0013415744334244195,5182.75,5201.75,5167.75,5186.0,-0.0006266872348631436,weak,LH_LL,2024-03-15,NEUTRAL,NEUTRAL,2024
2,True,False,False,True,42.75,1.0350194552529182,-3.25,0.00360438292964238,0.0032315632084116697,5215.25,5240.25,5210.25,5225.5,-0.00196153478136063,weak,HH_HL,2024-03-18,BULLISH,BULLISH,2024
2,True,False,False,False,-9.5,-0.22793487574978577,-10.25,-0.00278150776903896,-0.0022533320548470126,5242.5,5244.75,5195.25,5205.75,0.007059501512750366,weak,LH_LL,2024-03-19,BEARISH,BEARISH,2024
0,False,,,True,-1.5,-0.034215885947046845,36.75,0.0002864645500120222,-0.0001908579062888105,5287.75,5289.5,5233.0,5241.0,0.008920053424918972,weak,MIXED,2024-03-20,NEUTRAL,NEUTRAL,2024
0,False,,,True,27.25,0.609668397922493,46.75,0.0007063809748057981,0.001652112343639267,5302.75,5322.75,5300.0,5315.0,-0.0023047977422389065,weak,HH_HL,2024-03-21,NEUTRAL,NEUTRAL,2024
0,False,,,False,-1.5,-0.034970857618651124,-12.25,-0.0018837713101629294,0.00023551577955727154,5292.0,5306.0,5289.0,5301.25,-0.0017448714925725195,weak,LH_LL,2024-03-22,NEUTRAL,NEUTRAL,2024
1,False,False,,False,-15.25,-0.3588235294117647,-9.25,-0.002221381983174231,-0.0014178363816815809,5277.0,5288.75,5274.25,5276.75,4.7377647226065633e-05,weak,MIXED,2024-03-25,BEARISH,NEUTRAL,2024
0,False,,False,False,13.0,0.33030852994555354,0.25,-0.0007084159818645519,0.0031245561709984937,5266.0,5294.5,5263.0,5290.0,-0.004536862003780673,weak,MIXED,2024-03-26,NEUTRAL,BULLISH,2024
0,False,,True,False,27.0,0.6926248282180486,-24.0,0.0015147928994083681,0.002086296823138989,5310.25,5310.5,5270.75,5293.0,0.0032590213489513964,weak,MIXED,2024-03-27,NEUTRAL,BULLISH,2024
0,False,,,True,-0.75,-0.019151846785225718,17.25,0.0008012442852429746,-0.0008948335138698749,5305.25,5321.0,5303.25,5309.5,-0.0008004520199642595,weak,MIXED,2024-03-28,NEUTRAL,NEUTRAL,2024
1,False,True,False,False,6.5,0.18393127842344617,-4.25,-0.0025802214299117665,0.004383277560446874,5294.0,5317.25,5282.25,5311.75,-0.003341648232691674,weak,LH_LL,2024-04-01,BEARISH,BULLISH,2024
2,False,False,,False,-40.75,-1.1513622603430878,-17.75,-0.005577086681160748,-0.0012278630460448303,5261.0,5261.75,5235.0,5253.25,0.0014752772093467037,medium,LH_LL,2024-04-02,BEARISH,NEUTRAL,2024
0,False,,False,True,-13.25,-0.4059080962800875,7.75,-0.0004283674440742624,-0.0025655644241733278,5265.25,5280.75,5247.0,5247.75,0.003334762517269274,weak,MIXED,2024-04-03,NEUTRAL,BEARISH,2024
1,True,False,False,True,40.0,1.2114656571119522,17.5,0.003597803446316883,0.0025147086733725565,5197.5,5308.5,5194.25,5305.25,-0.020310070213467757,weak,MIXED,2024-04-04,BULLISH,BULLISH,2024
0,False,,True,False,13.5,0.361376673040153,-107.75,-0.00014390559792776259,0.0029343852222436517,5251.25,5272.5,5206.75,5211.0,0.007724045288812098,weak,MIXED,2024-04-05,NEUTRAL,BULLISH,2024
1,False,False,,True,7.25,0.1829652996845426,40.25,0.003956714496829772,-0.0010940398611044566,5254.25,5268.75,5245.25,5258.5,-0.0008082152705144452,weak,HH_HL,2024-04-08,BULLISH,NEUTRAL,2024
2,False,False,,True,17.5,0.4468764249886001,-4.25,0.0024747763182944027,-0.00014266692029674122,5260.0,5274.25,5208.25,5271.75,-0.00222886138379097,weak,HH_HL,2024-04-09,BULLISH,NEUTRAL,2024
1,False,False,,False,-60.25,-1.4935812306330234,-11.75,-0.014519572953736626,-0.0009020985661380987,5205.25,5226.5,5185.0,5199.75,0.001057743160728819,strong,MIXED,2024-04-10,BEARISH,NEUTRAL,2024
1,False,True,,True,13.5,0.3437926330150068,5.5,0.003368785793349094,-0.0017295219793418415,5242.5,5257.5,5181.75,5218.75,0.00455089820359289,weak,MIXED,2024-04-11,BULLISH,NEUTRAL,2024
3,False,True,,False,-38.25,-0.8884280381584404,23.75,-0.007013693401402787,-0.0013827301768940536,5167.75,5218.75,5150.0,5204.25,-0.007013498582889022,medium,MIXED,2024-04-12,BEARISH,NEUTRAL,2024
1,True,False,False,False,43.5,0.93048128342246,-36.5,0.0029372110939906992,0.004500145165973191,5103.25,5213.0,5094.0,5211.25,-0.02072439433917006,weak,HH_HL,2024-04-15,BULLISH,BULLISH,2024
2,False,False,,False,3.75,0.0691699604743083,-108.0,0.002254570406312828,-0.0008331699666731529,5092.0,5123.25,5078.75,5107.0,-0.0029371450949676747,weak,MIXED,2024-04-16,BULLISH,NEUTRAL,2024
0,False,,False,True,25.5,0.46243523316062174,-15.0,0.00034254954734525,0.003386004514672747,5060.75,5119.0,5047.0,5117.5,-0.011089399120664423,weak,LH_LL,2024-04-17,NEUTRAL,BULLISH,2024
0,False,,False,False,13.0,0.22629779297482128,-56.75,-0.0008376034686637945,0.0021238763212485523,5048.25,5095.25,5038.5,5073.75,-0.005025868440502568,weak,MIXED,2024-04-18,NEUTRAL,BULLISH,2024
2,False,False,True,False,-1.0,-0.01660243107026386,-25.5,0.004728014731498531,-0.0038629160063391454,5003.25,5058.0,4991.25,5047.25,-0.008717618505126534,medium,HH_HL,2024-04-19,BULLISH,BEARISH,2024
2,True,True,True,True,27.0,0.432,-44.0,0.0020411211231143866,0.005346257619666339,5048.5,5076.75,5006.0,5030.25,0.003628050295710894,weak,MIXED,2024-04-22,BULLISH,BULLISH,2024
1,False,True,,True,21.0,0.31991294885745375,18.25,0.002523503216229628,0.0004951475539711758,5107.75,5112.75,5063.75,5069.5,0.007545122793174874,weak,MIXED,2024-04-23,BULLISH,NEUTRAL,2024
0,False,,,True,9.0,0.13486754080813487,38.25,-0.0004400117336462728,-0.0006846300552594276,5105.25,5124.75,5082.0,5116.75,-0.0022475203986905834,weak,MIXED,2024-04-24,NEUTRAL,NEUTRAL,2024
1,False,False,,False,-65.75,-1.0669371196754565,-11.5,-0.006792341388984546,4.9215020424320244e-05,5082.75,5090.75,5022.25,5039.5,0.008582200615140367,medium,MIXED,2024-04-25,BEARISH,NEUTRAL,2024
0,False,,False,True,28.25,0.4569612940496823,43.25,0.00039083492110014717,-0.00287426316558681,5129.5,5146.5,5104.5,5111.0,0.003619643905302228,weak,MIXED,2024-04-26,NEUTRAL,BEARISH,2024
0,False,,,True,17.75,0.2811085972850679,18.5,0.0009239896902202283,0.0007307448726068255,5147.25,5154.25,5118.75,5147.25,0.0,weak,HH_HL,2024-04-29,NEUTRAL,NEUTRAL,2024
0,False,,,False,-16.25,-0.2665495020503808,0.0,-0.0018495084201304302,-0.0016027976103745178,5065.0,5141.25,5065.0,5131.0,-0.012862989670629488,weak,MIXED,2024-04-30,NEUTRAL,NEUTRAL,2024
0,False,,True,False,-7.0,-0.11032929918378835,-66.0,0.0,-0.0021760633036597143,5046.0,5126.75,5042.25,5058.0,-0.0023724792408066353,weak,HH_HL,2024-05-01,NEUTRAL,BEARISH,2024
0,False,,True,True,37.25,0.5813823857302118,-12.0,0.0014293459510079654,0.004798417017066514,5091.75,5100.75,5036.25,5083.25,0.0016721585599763777,weak,MIXED,2024-05-02,NEUTRAL,BULLISH,2024
1,False,True,,True,61.5,0.9644357322878745,8.5,0.007929515418502175,-0.0002934846409704539,5154.25,5166.75,5126.75,5153.25,0.00019405229709401617,medium,MIXED,2024-05-03,BULLISH,NEUTRAL,2024
3,False,True,,True,24.25,0.4172043010752688,1.0,0.002033110659308779,0.0012593238399689621,5207.0,5207.5,5174.0,5178.5,0.005503524186540432,weak,MIXED,2024-05-06,BULLISH,NEUTRAL,2024
0,False,,,True,9.25,0.16132046091560262,28.5,0.0001438917933713757,0.0006723980596512469,5212.25,5226.75,5205.5,5216.25,-0.0007668344116942283,weak,MIXED,2024-05-07,NEUTRAL,NEUTRAL,2024
1,False,False,,False,-20.0,-0.3723404255319149,-4.0,-0.0034535686876439042,0.0003357636224097238,5211.75,5217.25,5191.25,5192.25,0.003755597284414325,weak,LH_LL,2024-05-08,BEARISH,NEUTRAL,2024
1,False,True,,True,-0.5,-0.009705372616984401,19.5,0.0021634615384615863,-0.0019673704414587823,5239.25,5240.0,5204.25,5211.25,0.005372991124970028,weak,HH_HL,2024-05-09,BULLISH,NEUTRAL,2024
0,False,,False,True,16.25,0.3295907279971025,28.0,-0.0012365054453797875,0.0035779028718634365,5245.25,5264.0,5232.75,5255.5,-0.0019503377414137324,weak,LH_LL,2024-05-10,NEUTRAL,BULLISH,2024
0,False,,False,True,16.75,0.36035343834037653,-10.25,0.0018571428571427795,0.0020509396165220295,5245.75,5263.25,5233.25,5262.0,-0.0030881793994679274,weak,HH_HL,2024-05-13,NEUTRAL,BULLISH,2024
0,False,,,False,1.0,0.0221606648199446,-16.25,-0.0006193425440685907,0.0009059698645812464,5268.5,5274.25,5241.25,5246.75,0.00414542335731638,weak,MIXED,2024-05-14,NEUTRAL,NEUTRAL,2024
1,False,True,,True,25.0,0.562700964630225,21.75,0.004457088667614961,0.0005219206680584509,5333.5,5337.25,5286.75,5293.5,0.007556437139888628,medium,MIXED,2024-05-15,BULLISH,NEUTRAL,2024
0,False,,,True,-1.25,-0.028973509933774833,40.0,-0.0006090133982947776,0.0010318465362788576,5320.0,5349.0,5318.75,5332.25,-0.0022973416475221553,weak,MIXED,2024-05-16,NEUTRAL,NEUTRAL,2024
0,False,,,False,0.75,0.01772899957788096,-12.25,0.0018812020881342484,0.000470256289677895,5327.75,5328.75,5305.75,5320.75,0.00131560400319497,weak,HH_HL,2024-05-17,NEUTRAL,NEUTRAL,2024
0,False,,,False,0.25,0.00603708495040966,7.0,-0.0004219804951237638,0.001079254844915667,5333.25,5348.25,5323.75,5328.0,0.0009853603603604544,weak,MIXED,2024-05-20,NEUTRAL,NEUTRAL,2024
0,False,,,False,-8.75,-0.23200757575757575,5.25,-0.0006565064478312177,-0.0004220002813335455,5346.0,5347.5,5322.5,5324.5,0.004037937834538541,weak,MIXED,2024-05-21,NEUTRAL,NEUTRAL,2024
0,False,,,False,-8.0,-0.2390608324439701,21.5,-0.000468164794007464,-0.0011695359281437279,5329.25,5345.0,5306.75,5338.0,-0.0016391907081303447,weak,MIXED,2024-05-22,NEUTRAL,NEUTRAL,2024
1,True,False,False,True,28.25,0.8942905596382137,-8.75,0.0024289985052317054,0.0045019696117050145,5286.25,5358.25,5273.5,5357.5,-0.013299113392440498,weak,HH_HL,2024-05-23,BULLISH,BULLISH,2024
0,False,,True,False,18.25,0.5246406570841889,-71.25,0.0005190882921994877,0.0020807717771682555,5321.75,5329.25,5294.75,5304.5,0.003251955886511393,weak,MIXED,2024-05-24,NEUTRAL,BULLISH,2024
0,False,,,False,6.75,0.19364754098360656,17.25,-0.0016392674816168018,0.0005624296962880582,5325.5,5331.25,5296.75,5328.5,-0.0005630102280191895,weak,MIXED,2024-05-28,NEUTRAL,NEUTRAL,2024
0,False,,False,False,-43.5,-1.2149625935162094,-3.0,-0.001982721994051806,-0.005916604057099928,5287.5,5298.25,5278.75,5282.0,0.0010412722453616574,weak,MIXED,2024-05-29,NEUTRAL,BEARISH,2024
0,False,,,True,-17.75,-0.5022738756947953,5.5,0.0009974825440555168,-0.0016603415559772738,5251.5,5277.0,5238.25,5269.75,-0.003463162389107599,weak,MIXED,2024-05-30,NEUTRAL,NEUTRAL,2024
1,False,True,,True,6.25,0.1757910597689603,-18.25,0.004624332570556833,-0.001714122464527179,5296.75,5299.5,5205.5,5257.75,0.0074176216062002975,medium,HH_HL,2024-05-31,BULLISH,NEUTRAL,2024
0,False,,,True,15.5,0.3871543264942016,39.0,9.42418245217791e-05,0.0006604708213426846,5299.5,5313.25,5246.75,5312.25,-0.0024001129464915616,weak,HH_HL,2024-06-03,NEUTRAL,NEUTRAL,2024
1,False,True,False,False,-14.25,-0.3341708542713568,-12.75,0.002086989517620763,-0.006272993113857206,5304.0,5312.25,5269.5,5285.25,0.0035476089115935583,weak,HH_HL,2024-06-04,BULLISH,BEARISH,2024
2,True,True,True,True,23.5,0.542233209723939,18.75,0.002730568240666642,0.0020264856967810996,5366.5,5367.0,5306.5,5327.5,0.007320506804317173,weak,MIXED,2024-06-05,BULLISH,BULLISH,2024
0,False,,,True,2.75,0.06242399675719497,39.0,0.00027961599403480975,-0.0002795508549596759,5365.25,5373.25,5345.25,5369.25,-0.0007449830050751949,weak,MIXED,2024-06-06,NEUTRAL,NEUTRAL,2024
1,False,False,,False,-12.75,-0.290480065093572,-4.0,-0.004381671561087042,0.00013984058173677205,5356.0,5385.5,5341.0,5352.5,0.0006539000467071787,medium,MIXED,2024-06-07,BEARISH,NEUTRAL,2024
0,False,,,True,-8.75,-0.19261006289308175,3.5,0.0005146198830410231,-0.0018212384421406602,5372.75,5375.75,5341.0,5347.25,0.004768806395810898,weak,MIXED,2024-06-10,NEUTRAL,NEUTRAL,2024
0,False,,False,False,-17.25,-0.37369439071566735,25.5,-0.0008860700461689186,-0.0026073191172362176,5384.0,5385.25,5334.5,5355.5,0.005321631967136531,weak,MIXED,2024-06-11,NEUTRAL,BEARISH,2024
1,False,False,,True,46.0,0.9583333333333334,28.5,0.007933562215830081,0.001114464824703898,5426.75,5454.5,5416.25,5430.0,-0.0005985267034990249,medium,MIXED,2024-06-12,BULLISH,NEUTRAL,2024
0,False,,,True,17.5,0.3645833333333333,-3.25,0.001149795336430115,-0.001746805185253275,5436.5,5445.75,5408.5,5444.25,-0.0014235202277632641,weak,HH_HL,2024-06-13,NEUTRAL,NEUTRAL,2024
5,True,False,False,False,-17.5,-0.3923138510808647,-7.75,-0.0022112682544801476,-0.004184870085077064,5437.25,5438.5,5408.5,5419.0,0.003367780033216361,weak,MIXED,2024-06-14,BEARISH,BEARISH,2024
0,False,,,True,-7.5,-0.16935483870967744,18.25,-0.00023006487829568822,-0.00032194269420038335,5479.75,5494.0,5424.75,5429.75,0.00920852709609088,weak,MIXED,2024-06-17,NEUTRAL,NEUTRAL,2024
0,False,,,True,-0.5,-0.010691103474608629,50.0,-9.128251939749532e-05,9.124920156944327e-05,5492.75,5494.0,5475.0,5479.25,0.002463840854131538,weak,MIXED,2024-06-18,NEUTRAL,NEUTRAL,2024
0,False,,False,False,77.5,1.6583874665647689,13.5,-0.0018363416491243845,0.003640940351508082,5545.25,5576.75,5525.5,5570.25,-0.004488128899062027,weak,MIXED,2024-06-20,NEUTRAL,BULLISH,2024
0,False,,,False,-11.0,-0.23097112860892388,-25.0,0.0016722408026756952,-0.0013528138528138278,5530.25,5545.75,5519.0,5534.25,-0.0007227718299679387,weak,MIXED,2024-06-21,NEUTRAL,NEUTRAL,2024
0,False,,,False,0.75,0.017514595496246874,-4.0,-0.0019395579612088154,9.030976248536327e-05,5514.5,5558.5,5514.5,5531.0,-0.0029831856807087664,weak,MIXED,2024-06-24,NEUTRAL,NEUTRAL,2024
0,False,,True,False,12.75,0.3093587521663778,-16.5,0.0005884483070794921,0.0020849385849612823,5535.25,5539.75,5511.75,5527.25,0.001447374372427479,weak,MIXED,2024-06-25,NEUTRAL,BULLISH,2024
2,False,False,,False,-12.25,-0.30502445531347266,8.0,-0.004370353683261996,0.0013550135501354532,5541.5,5549.0,5516.25,5523.0,0.003349628824913964,medium,LH_LL,2024-06-26,BEARISH,NEUTRAL,2024
0,False,,,True,-2.75,-0.07202993451824134,18.5,0.0018528561099060425,0.0002258968103370229,5548.0,5555.0,5530.0,5538.75,0.0016700519070187436,weak,MIXED,2024-06-27,NEUTRAL,NEUTRAL,2024
0,False,,False,True,4.75,0.1251175917215428,9.25,-0.0011235450092130783,0.002883142625461854,5523.25,5585.0,5510.75,5552.75,-0.005312682904866972,weak,MIXED,2024-06-28,NEUTRAL,BULLISH,2024
0,False,,,False,13.75,0.3429844097995546,-29.5,0.001583567098000227,-0.0007682226942021808,5533.75,5539.5,5504.5,5537.0,-0.0005869604478959678,weak,MIXED,2024-07-01,NEUTRAL,NEUTRAL,2024
0,False,,False,True,-17.75,-0.4425645592163847,-3.25,-0.00031741713145605477,-0.003660520607375317,5569.5,5569.75,5515.0,5516.0,0.009699057287889667,weak,MIXED,2024-07-02,NEUTRAL,BEARISH,2024
0,False,,,True,22.75,0.5632183908045977,53.5,-4.471272076911337e-05,0.0005815514001967781,5622.0,5626.0,5585.5,5592.25,0.005319862309446144,weak,MIXED,2024-07-05,NEUTRAL,NEUTRAL,2024
0,False,,,True,7.0,0.17261118450022017,29.75,0.0013347570742126003,0.0007569011576136209,5627.5,5637.5,5615.25,5629.0,-0.00026647717178895913,weak,MIXED,2024-07-08,NEUTRAL,NEUTRAL,2024
0,False,,,False,8.5,0.21528720036182725,-1.5,-0.00048771836481331654,0.0016878386781558063,5631.75,5645.75,5628.25,5636.0,-0.0007540809084457534,weak,LH_LL,2024-07-09,NEUTRAL,NEUTRAL,2024
0,False,,,True,11.5,0.29801018047200367,-4.25,0.0009310986964619072,0.0013316761363635354,5686.25,5690.5,5640.25,5643.25,0.00761972267753519,weak,MIXED,2024-07-10,NEUTRAL,NEUTRAL,2024
0,False,,,True,0.25,0.006714628297362111,43.0,0.0002199445739674566,-0.0003518339343829835,5636.0,5695.75,5630.0,5686.5,-0.008880682317770172,weak,MIXED,2024-07-11,NEUTRAL,NEUTRAL,2024
0,False,,,False,10.0,0.24647887323943662,-50.5,-0.00017715576420562762,0.0007535460992906806,5670.25,5708.25,5642.5,5646.0,0.004295076160113265,weak,MIXED,2024-07-12,NEUTRAL,NEUTRAL,2024
0,False,,False,True,20.25,0.4866952789699571,24.25,-0.00043946385409798783,0.003705337450375046,5685.5,5718.75,5666.0,5690.5,-0.0008786574114753032,weak,MIXED,2024-07-15,NEUTRAL,BULLISH,2024
0,False,,,False,12.75,0.2933442892358258,-5.0,0.0016270888302549746,-0.0003076517382323285,5717.75,5721.25,5690.25,5698.25,0.003422103277322064,weak,MIXED,2024-07-16,NEUTRAL,NEUTRAL,2024
7,True,True,True,False,-62.5,-1.4693534844668346,19.5,-0.0030830213609337465,-0.006867290700726114,5637.25,5672.75,5633.25,5655.25,-0.0031828831616639297,weak,MIXED,2024-07-17,BEARISH,BEARISH,2024
0,False,,,False,14.5,0.3344316309719934,-18.0,-0.0002651933701657283,0.0006202374623427431,5593.25,5661.75,5570.25,5651.75,-0.01035077630822312,weak,HH_HL,2024-07-18,NEUTRAL,NEUTRAL,2024
2,False,False,True,True,-6.0,-0.12617348854675178,-58.5,0.00317815577439573,-0.0023214285714285854,5553.75,5604.75,5542.0,5587.25,-0.0059957939952570705,weak,HH_HL,2024-07-19,BULLISH,BEARISH,2024
4,True,True,True,False,39.75,0.7910447761194029,-33.5,0.0025574300071786737,0.004412228175228572,5609.5,5616.0,5572.75,5593.5,0.0028604630374542417,weak,HH_HL,2024-07-22,BULLISH,BULLISH,2024
0,False,,,True,-2.0,-0.04163568773234201,16.0,0.0017860332202179752,-0.0003120402977756509,5598.75,5629.75,5594.5,5607.5,-0.0015604101649576707,weak,MIXED,2024-07-23,NEUTRAL,NEUTRAL,2024
1,True,True,True,False,-50.25,-1.0457079152731326,-8.75,-0.00301110062469101,-0.007809362309786239,5471.75,5551.75,5462.0,5548.5,-0.013832567360547943,weak,LH_LL,2024-07-24,BEARISH,BEARISH,2024
0,False,,True,False,0.0,,-76.75,4.5660015524306985e-05,-0.0036930652441526934,5441.25,5533.25,5432.5,5471.75,-0.005574085073331236,weak,MIXED,2024-07-25,NEUTRAL,BEARISH,2024
0,False,,True,True,37.25,0.6790364583333334,-30.5,-0.0011844562890073185,0.006841452775609547,5499.25,5528.25,5470.0,5478.5,0.0037875330838732513,weak,MIXED,2024-07-26,NEUTRAL,BULLISH,2024
2,True,False,False,True,15.0,0.26119402985074625,20.75,0.0020866409616693282,0.003409555848524759,5503.0,5525.25,5481.0,5514.25,-0.002040168653942076,weak,HH_HL,2024-07-29,BULLISH,BULLISH,2024
0,False,,,True,13.25,0.2232922058380981,-11.25,0.0002268190890946098,0.0009537651012807569,5472.75,5527.5,5438.0,5516.25,-0.007885791978246126,weak,MIXED,2024-07-30,NEUTRAL,NEUTRAL,2024
1,True,True,True,True,70.5,1.1344827586206896,-43.5,0.0032133966960850024,0.013022743947175286,5556.5,5588.5,5528.75,5543.25,0.002390294502322643,weak,HH_HL,2024-07-31,BULLISH,BULLISH,2024
1,False,False,,True,21.5,0.34837962962962965,13.25,0.004449638185985982,0.001166913513756196,5480.75,5600.75,5444.75,5578.0,-0.017434564359985694,medium,MIXED,2024-08-01,BULLISH,NEUTRAL,2024
2,True,True,True,False,-76.25,-1.1186795913020695,-97.25,-0.00708828132191841,-0.009915467214987483,5376.25,5417.25,5331.75,5404.5,-0.005227125543528555,medium,MIXED,2024-08-02,BEARISH,BEARISH,2024
2,True,False,False,False,-216.75,-3.074468085106383,-28.25,-0.017639206712433242,-0.021183277342291862,5218.75,5279.5,5146.0,5159.5,0.01148367089834279,strong,LH_LL,2024-08-05,BEARISH,BEARISH,2024
1,False,False,,False,16.5,0.21202386415787058,59.25,-0.0035194521069152884,-0.0017624922593245662,5264.75,5342.0,5221.75,5235.25,0.005634878945609101,weak,MIXED,2024-08-06,BEARISH,NEUTRAL,2024
0,False,,False,True,63.0,0.7536851100192267,29.5,0.0014571092831963117,0.014050295294341764,5228.75,5359.25,5222.25,5327.75,-0.018581952982028027,weak,MIXED,2024-08-07,NEUTRAL,BULLISH,2024
2,False,True,,False,52.0,0.5988073205840017,-99.0,0.007510165032288851,0.0015377961458984402,5348.25,5355.5,5259.75,5280.75,0.012782275244993535,medium,HH_HL,2024-08-08,BULLISH,NEUTRAL,2024
1,False,False,True,False,-10.75,-0.12052052052052052,67.5,-0.00726358429948315,0.00228843639080889,5368.5,5385.25,5324.75,5337.5,0.005807962529273958,medium,LH_LL,2024-08-09,BEARISH,BULLISH,2024
0,False,,,True,12.5,0.1382306477093207,31.0,0.0018615040953089412,0.0018639328984155767,5371.75,5396.75,5347.75,5381.0,-0.0017190113361829074,weak,HH_HL,2024-08-12,NEUTRAL,NEUTRAL,2024
1,True,True,True,False,31.75,0.34733346356710293,-9.25,0.0024117619776449217,0.004377998230170821,5458.75,5461.25,5401.5,5403.5,0.010224854261126959,weak,MIXED,2024-08-13,BULLISH,BULLISH,2024
0,False,,,True,7.5,0.08401680336067213,55.25,0.001373815084489527,0.0006415543946476365,5475.25,5487.75,5438.75,5466.25,0.0016464669563229783,weak,MIXED,2024-08-14,NEUTRAL,NEUTRAL,2024
1,False,True,,True,57.25,0.6690317195325542,9.0,0.008207560074779963,0.0007753352184620699,5568.5,5571.75,5526.25,5532.5,0.006507004066877542,strong,MIXED,2024-08-15,BULLISH,NEUTRAL,2024
3,False,False,,False,-19.0,-0.22442522674541235,36.0,-0.005517426995020891,0.000628704867972063,5578.25,5586.25,5547.5,5549.5,0.00518064690512654,medium,LH_LL,2024-08-16,BEARISH,NEUTRAL,2024
0,False,,,True,4.0,0.0474676838313202,28.75,0.0011206741975973156,-0.0007616146230007281,5631.0,5631.25,5573.5,5582.25,0.008733037753593909,weak,MIXED,2024-08-19,NEUTRAL,NEUTRAL,2024
0,False,,,True,-5.0,-0.06097560975609756,48.75,-0.0004881729019660108,0.0013332740767078022,5621.0,5643.75,5607.75,5626.0,-0.000888730892285805,weak,MIXED,2024-08-20,NEUTRAL,NEUTRAL,2024
0,False,,,False,10.25,0.12764064932177008,-5.0,0.0016459074733095047,0.00013345195729530523,5640.25,5655.25,5613.5,5631.25,0.0015982241953385046,weak,MIXED,2024-08-21,NEUTRAL,NEUTRAL,2024
0,False,,,True,18.5,0.25643564356435644,9.0,0.0017270392347887853,0.0004874590091288322,5595.25,5665.25,5582.75,5658.75,-0.011221559531698677,weak,MIXED,2024-08-22,NEUTRAL,NEUTRAL,2024
0,False,,True,True,30.75,0.4275074478649454,-63.5,0.001824411516041513,0.0037510047334108343,5651.25,5662.25,5603.0,5626.0,0.004488091006043415,weak,MIXED,2024-08-23,NEUTRAL,BULLISH,2024
0,False,,False,True,9.75,0.14634146341463414,25.25,-0.00030899620376090287,0.0020351280803432292,5637.25,5669.0,5619.75,5661.0,-0.004195371842430684,weak,MIXED,2024-08-26,NEUTRAL,BULLISH,2024
1,False,False,True,True,-14.0,-0.22744415433710471,-23.75,-0.0036339463771327685,0.0020872191135981044,5643.75,5649.5,5611.5,5623.25,0.00364557862446091,weak,LH_LL,2024-08-27,BEARISH,BULLISH,2024
0,False,,,True,-3.75,-0.0688298918387414,20.5,-0.0012390477033366043,0.0009303561935141147,5611.5,5644.5,5577.5,5640.0,-0.005053191489361675,weak,LH_LL,2024-08-28,NEUTRAL,NEUTRAL,2024
8,True,False,False,True,19.0,0.3623978201634877,-28.5,0.0020932614795350357,0.005720926074908483,5610.25,5663.75,5598.0,5630.5,-0.0035964834384157873,weak,MIXED,2024-08-29,BULLISH,BULLISH,2024
0,False,,True,True,21.0,0.3977003719986473,-20.25,-0.0007990056818182323,0.002803488786044861,5658.25,5665.0,5594.25,5631.25,0.004794672586015514,weak,MIXED,2024-08-30,NEUTRAL,BULLISH,2024
0,False,,True,False,-32.0,-0.5886990801576872,27.0,-0.0019948577001507317,-0.006222418358340698,5543.25,5630.0,5516.75,5626.25,-0.014752277271717351,weak,MIXED,2024-09-03,NEUTRAL,BEARISH,2024
0,False,,False,False,-20.5,-0.3523634131368938,-83.0,0.0007695789950203924,-0.0023472059221810726,5528.0,5565.0,5515.0,5522.75,0.0009506133719614507,weak,MIXED,2024-09-04,NEUTRAL,BEARISH,2024
2,False,True,,False,0.25,0.004291845493562232,5.25,-0.002393316775795906,0.0005427653896603601,5515.0,5557.25,5490.0,5528.25,-0.002396780174557911,weak,MIXED,2024-09-05,BEARISH,NEUTRAL,2024
1,False,False,True,True,0.5,0.008360704687966557,-13.25,0.007215600310544801,-0.005851401614805352,5420.5,5532.5,5410.25,5515.5,-0.01722418638382739,medium,MIXED,2024-09-06,BULLISH,BEARISH,2024
0,False,,True,True,41.5,0.6310073309801792,-95.0,0.0008254230293025522,0.010131852879944558,5479.5,5493.0,5442.5,5462.0,0.00320395459538636,weak,MIXED,2024-09-09,NEUTRAL,BULLISH,2024
1,False,True,False,True,18.75,0.28735632183908044,17.5,0.003743779390950941,-0.002369020501138963,5502.0,5506.0,5448.25,5498.25,0.0006820351930159063,weak,HH_HL,2024-09-10,BULLISH,BEARISH,2024
1,False,True,,True,-1.5,-0.022453889334402566,3.75,0.0023260056553862096,-0.0019092644785889679,5556.75,5567.5,5412.0,5500.5,0.01022634305972181,weak,MIXED,2024-09-11,BULLISH,NEUTRAL,2024
0,False,,True,True,6.0,0.08007626310772163,56.25,-0.0008080082596400029,0.002069182672844283,5603.5,5607.0,5540.25,5562.75,0.007325513460069155,weak,MIXED,2024-09-12,NEUTRAL,BULLISH,2024
0,False,,True,True,4.25,0.057585289136220665,40.75,0.0007132031737542288,0.003082283570088551,5630.0,5641.5,5605.0,5607.75,0.003967723240158705,weak,MIXED,2024-09-13,NEUTRAL,BULLISH,2024
0,False,,,False,-2.25,-0.031172686788718457,22.25,-0.0016858917480035984,0.0011107655396098703,5639.0,5641.5,5609.25,5627.75,0.0019990227000132865,weak,LH_LL,2024-09-16,NEUTRAL,NEUTRAL,2024
0,False,,False,True,21.75,0.30649219929542026,11.25,0.001990533905427583,0.0041712891058354185,5640.75,5675.5,5617.0,5660.75,-0.0035331007375347667,weak,MIXED,2024-09-17,NEUTRAL,BULLISH,2024
0,False,,False,False,66.5,0.9181459566074951,-20.0,0.0009642778873548696,0.01214539007092208,5680.75,5755.75,5675.25,5707.25,-0.004643216960883101,weak,MIXED,2024-09-18,NEUTRAL,BULLISH,2024
14,True,False,False,True,97.5,1.3284671532846717,-26.5,0.002128121606948863,0.013577046443165264,5778.0,5797.5,5748.25,5778.25,-4.326569463075636e-05,weak,MIXED,2024-09-19,BULLISH,BULLISH,2024
0,False,,,True,-17.5,-0.24233432245301684,-0.25,0.0011273957158963732,-0.0016884578751407142,5763.0,5775.0,5733.5,5760.5,0.00043399010502565005,weak,MIXED,2024-09-20,NEUTRAL,NEUTRAL,2024
0,False,,True,True,11.5,0.16399286987522282,2.5,0.0016045099739809832,0.002301046324838296,5776.25,5784.5,5761.0,5774.5,0.0003030565416919373,weak,MIXED,2024-09-23,NEUTRAL,BULLISH,2024
0,False,,,False,8.0,0.12556053811659193,1.75,-0.0017696059389701313,0.0019914282003550277,5793.0,5794.25,5754.75,5784.25,0.0015127285300600146,weak,MIXED,2024-09-24,NEUTRAL,NEUTRAL,2024
0,False,,,True,-2.5,-0.03970504821327283,8.75,0.0012970168612191912,-0.0014673514306676738,5779.5,5798.75,5768.0,5790.5,-0.0018996632415162473,weak,MIXED,2024-09-25,NEUTRAL,NEUTRAL,2024
0,False,,False,True,44.25,0.7331360946745562,-11.0,0.00021459227467812703,0.007046211040504957,5803.0,5827.25,5778.25,5823.75,-0.0035629963511483176,weak,MIXED,2024-09-26,NEUTRAL,BULLISH,2024
2,False,False,,False,8.5,0.15419501133786848,-20.75,0.0026302173163159637,-0.0006030583674347945,5791.0,5821.5,5782.0,5811.5,-0.0035274886001892547,weak,MIXED,2024-09-27,BULLISH,NEUTRAL,2024
0,False,,,False,-10.75,-0.19783108774235952,-20.5,-0.0018137847642080152,0.0006049345374410375,5816.0,5820.25,5756.25,5780.25,0.006184853596297835,weak,MIXED,2024-09-30,NEUTRAL,NEUTRAL,2024
0,False,,,True,-7.5,-0.13689700130378096,35.75,0.00043040371868818816,0.0005597416576963443,5760.5,5809.5,5733.0,5808.5,-0.00826375139881208,weak,MIXED,2024-10-01,NEUTRAL,NEUTRAL,2024
0,False,,False,True,-10.75,-0.21875,-48.0,0.0003912873353333346,-0.0027352060087699748,5760.75,5772.25,5724.0,5749.75,0.0019131266576808414,weak,MIXED,2024-10-02,NEUTRAL,BEARISH,2024
0,False,,False,False,-16.25,-0.33980582524271846,11.0,0.0008711939713377248,-0.004982668977469684,5749.0,5770.0,5725.75,5744.5,0.0007833579946034952,weak,MIXED,2024-10-03,NEUTRAL,BEARISH,2024
1,True,True,True,True,44.5,0.9198966408268734,4.5,0.00856484500673882,0.0023502785515321367,5799.75,5804.75,5749.5,5793.5,0.0010787952015189894,strong,HH_HL,2024-10-04,BULLISH,BULLISH,2024
0,False,,True,True,-18.0,-0.35987147447340234,6.25,0.0007793894782419653,-0.0043999654904667285,5747.0,5788.75,5734.25,5781.75,-0.006010291001859347,weak,HH_HL,2024-10-07,NEUTRAL,BEARISH,2024
4,True,True,True,True,25.5,0.5127468581687612,-34.75,0.002259690596210673,0.002565217391304442,5800.75,5806.75,5763.75,5772.5,0.004893893460372389,weak,MIXED,2024-10-08,BULLISH,BULLISH,2024
0,False,,,False,-1.25,-0.026565464895635674,28.25,0.0015980650455664769,-0.0007329797783813818,5839.75,5846.5,5793.75,5799.5,0.006940253470126834,weak,MIXED,2024-10-09,NEUTRAL,NEUTRAL,2024
0,False,,,False,-14.25,-0.3012457531143828,40.25,-0.0016722408026755842,-0.0004711727919129993,5828.75,5843.25,5811.5,5825.5,0.0005578920264355247,weak,MIXED,2024-10-10,NEUTRAL,NEUTRAL,2024
0,False,,False,False,-4.5,-0.09655172413793105,3.25,0.0015042117930204046,-0.0021865889212827616,5859.5,5868.25,5823.25,5824.25,0.00605228140962355,weak,MIXED,2024-10-11,NEUTRAL,BEARISH,2024
0,False,,True,True,17.0,0.35311572700296734,35.25,0.0017056114617091112,0.0023918335967196835,5909.25,5918.5,5873.0,5876.5,0.00557304517995405,weak,MIXED,2024-10-14,NEUTRAL,BULLISH,2024
0,False,,,True,1.75,0.036029411764705886,32.75,0.000931453490833567,-0.0016487000634115567,5863.0,5914.0,5850.0,5911.0,-0.008120453391981086,weak,MIXED,2024-10-15,NEUTRAL,NEUTRAL,2024
0,False,,,True,-1.25,-0.024535576586049775,-48.0,0.00012793176972292208,0.0007251631617113397,5886.0,5892.75,5853.25,5861.75,0.004136989806798219,weak,MIXED,2024-10-16,NEUTRAL,NEUTRAL,2024
0,False,,False,True,37.0,0.736056838365897,24.25,0.001819566689234886,0.004631400042489853,5886.25,5925.0,5884.75,5923.0,-0.006204626034104321,weak,MIXED,2024-10-17,NEUTRAL,BULLISH,2024
0,False,,,True,15.25,0.3030518097941803,-36.75,0.0005087116876509867,0.0011889596602971952,5906.25,5915.5,5886.5,5901.5,0.0008048801152249485,weak,HH_HL,2024-10-18,NEUTRAL,NEUTRAL,2024
0,False,,,True,-7.75,-0.16206123973114264,4.75,-0.001905487804878092,-0.0017350825222175459,5897.0,5908.5,5865.0,5898.5,-0.0002543019411714864,weak,MIXED,2024-10-21,NEUTRAL,NEUTRAL,2024
0,False,,False,False,-27.75,-0.610369206598586,-1.5,-0.0013615862479788854,-0.0056367874549693164,5892.5,5904.25,5862.25,5869.25,0.003961323848873377,weak,MIXED,2024-10-22,NEUTRAL,BEARISH,2024
0,False,,,False,-22.25,-0.4942483141610472,23.25,-0.0018697943226244629,-0.0008917954815695905,5837.25,5874.75,5801.0,5870.25,-0.005621566372812081,weak,MIXED,2024-10-23,NEUTRAL,NEUTRAL,2024
0,False,,False,False,19.75,0.41909814323607425,-33.0,0.00012794268167870548,0.003423485107839852,5849.0,5857.75,5822.5,5857.0,-0.0013658869728530032,weak,HH_HL,2024-10-24,NEUTRAL,BULLISH,2024
1,False,False,,True,21.0,0.45955451348182885,-8.0,0.0022190927324712284,0.0017085985220621769,5845.5,5900.75,5835.0,5870.0,-0.004173764906303279,weak,MIXED,2024-10-25,BULLISH,NEUTRAL,2024
0,False,,False,True,34.25,0.7365591397849462,-24.5,-0.00029755579171097946,0.007061542412051702,5862.75,5880.75,5859.5,5879.75,-0.0028912793911305412,weak,MIXED,2024-10-28,NEUTRAL,BULLISH,2024
1,False,False,,False,-10.75,-0.2391736193881605,-17.0,-0.0023873470605789704,-0.00021315598755167198,5871.75,5883.25,5837.5,5852.0,0.003374914559125086,weak,LH_LL,2024-10-29,BEARISH,NEUTRAL,2024
0,False,,,False,-5.5,-0.12374447569304943,19.75,-0.0019982143616342762,0.0007230350459339618,5853.0,5886.75,5845.5,5866.25,-0.0022586831451096856,weak,LH_LL,2024-10-30,NEUTRAL,NEUTRAL,2024
0,False,,True,False,-45.75,-1.0138504155124655,-13.25,0.0013780629602515582,-0.006629314400581676,5735.5,5807.25,5734.5,5807.25,-0.012355245598174691,weak,HH_HL,2024-10-31,NEUTRAL,BEARISH,2024
1,True,False,False,True,25.25,0.5360121304018196,-71.75,0.0022159461220943033,0.0030060120240480437,5756.75,5803.75,5752.5,5760.75,-0.000694354033762945,weak,MIXED,2024-11-01,BULLISH,BULLISH,2024
0,False,,False,False,1.0,0.021044720030063885,-4.0,-0.0005203590477429465,0.002387463645439958,5744.25,5771.5,5724.25,5757.75,-0.0023446658851113966,weak,MIXED,2024-11-04,NEUTRAL,BULLISH,2024
0,False,,,True,8.75,0.18889745566692367,-13.5,-0.00047799070090814855,0.0006957731779440035,5813.0,5813.5,5750.5,5753.0,0.010429341213280097,weak,MIXED,2024-11-05,NEUTRAL,NEUTRAL,2024
1,False,False,True,True,126.0,2.625,60.0,-0.0025216441119609856,0.02073940486925152,5957.5,5967.0,5900.75,5939.0,0.003115002525677646,weak,MIXED,2024-11-06,BEARISH,BULLISH,2024
0,False,,,True,19.5,0.3911174785100287,18.5,0.0009635525764557507,0.0007961449821916045,6002.5,6013.0,5976.0,5977.0,0.004266354358373858,weak,MIXED,2024-11-07,NEUTRAL,NEUTRAL,2024
0,False,,False,True,2.25,0.04461756373937677,25.5,-0.001331945889698205,-0.002081078831266181,6027.0,6040.5,6004.75,6004.75,0.0037053998917524478,weak,HH_HL,2024-11-08,NEUTRAL,BEARISH,2024
0,False,,False,True,15.0,0.3007518796992481,22.25,0.00020691082143597939,0.0026562629700339624,6032.25,6045.25,6013.5,6042.0,-0.001613704071499522,weak,MIXED,2024-11-11,NEUTRAL,BULLISH,2024
0,False,,,False,-1.75,-0.03561046511627907,-9.75,0.0017025164022921313,-0.0017417267977108963,6012.5,6036.5,5986.75,6030.5,-0.0029848271287621353,weak,MIXED,2024-11-12,NEUTRAL,NEUTRAL,2024
0,False,,,False,3.5,0.07379518072289157,-18.0,0.0008737621702588072,-0.0017048525926234293,6015.75,6035.25,5991.75,6016.0,-4.155585106380144e-05,weak,MIXED,2024-11-13,NEUTRAL,NEUTRAL,2024
0,False,,,True,-0.5,-0.01041279285979918,-0.25,-0.0006231306081754262,0.00012462094462684092,5976.75,6020.5,5968.75,6015.25,-0.006400398985910827,weak,MIXED,2024-11-14,NEUTRAL,NEUTRAL,2024
0,False,,True,False,-40.0,-0.850740600075959,-38.5,0.0007156086883313151,-0.005481859647654463,5897.0,5941.75,5876.75,5936.75,-0.006695582599907324,weak,MIXED,2024-11-15,NEUTRAL,BEARISH,2024
0,False,,,False,3.25,0.06481481481481481,-39.75,0.0005087332541970913,0.0006355932203390147,5920.25,5933.0,5891.25,5900.25,0.0033896868776746025,weak,MIXED,2024-11-18,NEUTRAL,NEUTRAL,2024
1,True,False,False,False,-36.5,-0.7320916905444127,20.0,-0.004796061287721254,-0.0036325237592397253,5939.0,5947.5,5876.25,5883.75,0.009390269810919838,medium,MIXED,2024-11-19,BEARISH,BEARISH,2024
0,False,,,True,-0.25,-0.004807692307692308,55.25,-0.0007563660811833461,0.0010947368421052595,5939.25,5942.75,5880.0,5938.75,8.419280151539255e-05,weak,MIXED,2024-11-20,NEUTRAL,NEUTRAL,2024
3,False,True,False,True,28.5,0.5557103064066853,0.5,0.00785970843017103,-0.0027778946925375303,5970.0,5985.0,5907.25,5967.75,0.0003770265175317977,medium,HH_HL,2024-11-21,BULLISH,BEARISH,2024
0,False,,False,True,-1.75,-0.03290799194089993,2.25,0.0014269526167793867,-0.0022626330344422962,5986.0,5993.5,5962.75,5968.25,0.0029740711263770425,weak,HH_HL,2024-11-22,NEUTRAL,BEARISH,2024
0,False,,False,True,40.75,0.7836538461538461,17.75,0.001953125,0.004506760140210231,6005.5,6040.0,5982.5,6026.75,-0.0035259468204256184,weak,MIXED,2024-11-25,NEUTRAL,BULLISH,2024
3,False,True,,True,13.0,0.25190311418685124,-21.25,0.0022893772893772812,-0.00045736144027275216,6037.0,6044.0,6011.25,6018.5,0.003073855611863463,weak,MIXED,2024-11-26,BULLISH,NEUTRAL,2024
0,False,,,True,-4.0,-0.08127721335268505,18.5,0.0013271400132714994,-0.0018207398824795495,6015.75,6037.0,6000.25,6033.0,-0.0028592739930383138,weak,HH_HL,2024-11-27,NEUTRAL,NEUTRAL,2024
0,False,,,True,39.5,0.8029038112522686,-17.25,0.001986837203526548,-0.001859043212426692,6062.0,6068.5,6049.75,6055.25,0.0011147351471862965,weak,HH_HL,2024-12-02,NEUTRAL,NEUTRAL,2024
0,False,,,False,-3.5,-0.07294380349832527,6.75,-0.0005771291944924872,-0.0004123371268348608,6062.75,6066.0,6047.5,6058.5,0.0007014937690847933,weak,MIXED,2024-12-03,NEUTRAL,NEUTRAL,2024
0,False,,,True,17.25,0.36674259681093396,4.25,0.001234110823151946,0.0019367865826018793,6099.0,6102.25,6072.5,6080.0,0.0031250000000000444,weak,HH_HL,2024-12-04,NEUTRAL,NEUTRAL,2024
0,False,,,True,-0.25,-0.0054815974941268605,19.0,8.202772537124758e-05,-0.00020506931342789692,6088.75,6107.25,6085.5,6098.75,-0.0016396802623488416,weak,MIXED,2024-12-05,NEUTRAL,NEUTRAL,2024
0,False,,,True,5.75,0.13052290231049857,-10.0,0.0016023665721680569,-0.0008215914225855325,6098.5,6111.0,6090.0,6094.5,0.000656329477397577,weak,MIXED,2024-12-06,NEUTRAL,NEUTRAL,2024
0,False,,,False,-2.5,-0.05972696245733789,4.0,8.202099737530943e-05,-0.0005330708984294663,6065.75,6097.75,6060.0,6096.0,-0.004962270341207331,weak,MIXED,2024-12-09,NEUTRAL,NEUTRAL,2024
0,False,,,False,6.0,0.15033557046979867,-30.25,0.0010726072607261106,0.0004947841504143735,6047.5,6075.25,6039.75,6071.75,-0.003993906204965647,weak,MIXED,2024-12-10,NEUTRAL,NEUTRAL,2024
1,False,True,,True,28.0,0.709502262443439,-24.25,0.0031810294968188657,-0.0002891247779934769,6092.25,6102.5,6072.5,6075.5,0.00275697473458969,weak,MIXED,2024-12-11,BULLISH,NEUTRAL,2024
0,False,,,False,-10.0,-0.27383863080684595,16.75,-0.0006165988407941247,-0.0006981806234341859,6059.75,6087.75,6059.5,6082.25,-0.0036992889144642493,weak,MIXED,2024-12-12,NEUTRAL,NEUTRAL,2024
0,False,,False,True,17.5,0.5138961719979024,-22.5,0.0004523584323723462,0.0035898493913761875,6055.75,6084.75,6041.25,6077.25,-0.0035377843597022007,weak,HH_HL,2024-12-13,NEUTRAL,BULLISH,2024
1,True,True,True,True,16.75,0.5299435028248588,-21.5,0.0020202853137627486,0.002437512910555606,6080.0,6090.5,6064.75,6072.5,0.00123507616302998,weak,HH_HL,2024-12-16,BULLISH,BULLISH,2024
0,False,,,False,-27.25,-0.872,7.5,-0.0013190980666969443,-0.0019748210318439874,6054.0,6063.5,6040.75,6052.75,0.00020651769856683266,weak,LH_LL,2024-12-17,NEUTRAL,NEUTRAL,2024
0,False,,False,True,70.0,2.4332712600869026,1.25,-0.001262317778320754,0.015284203569068122,5939.25,6148.0,5934.75,6124.0,-0.03016819072501631,weak,MIXED,2024-12-18,NEUTRAL,BULLISH,2024
2,True,False,False,False,49.5,1.1881697385340764,-184.75,0.00243084660519699,0.0037040154895193744,5934.25,6005.25,5931.75,5988.75,-0.009100396576915082,weak,HH_HL,2024-12-19,BULLISH,BULLISH,2024
1,False,True,False,False,-27.0,-0.6096774193548388,-54.5,0.0027606710554257674,-0.00896276036187671,6002.25,6050.75,5898.25,5907.25,0.016081933217656275,weak,MIXED,2024-12-20,BULLISH,BEARISH,2024
1,False,False,,False,-3.5,-0.06500829187396351,95.0,-0.004860216840443687,0.0016259484699407967,6036.75,6043.0,5965.0,5998.75,0.006334653052719297,medium,MIXED,2024-12-23,BEARISH,NEUTRAL,2024
0,False,,False,True,42.5,0.7316323393790347,38.0,8.228759514494755e-05,-0.004140022954582712,6094.75,6107.5,6063.25,6079.25,0.0025496566188263348,weak,MIXED,2024-12-26,NEUTRAL,BEARISH,2024
0,False,,True,False,-42.25,-0.7145877378435518,15.5,-0.0009881016097822437,-0.0028728556184848264,6028.5,6055.5,5982.75,6052.5,-0.003965303593556402,weak,MIXED,2024-12-27,NEUTRAL,BEARISH,2024
2,True,False,False,False,-73.25,-1.1669985775248932,-24.0,-0.010437458416500345,-0.002736658788406565,5958.0,5993.25,5918.25,5955.25,0.0004617774232820171,strong,LH_LL,2024-12-30,BEARISH,BEARISH,2024
0,False,,False,True,14.5,0.2176360225140713,2.75,-0.00033472803347278646,0.003778813452575802,5935.0,5980.25,5917.25,5972.5,-0.006278777731268281,weak,MIXED,2024-12-31,NEUTRAL,BULLISH,2024
0,False,,False,True,32.75,0.47860125260960334,-37.5,0.0010465505693235677,0.005725592556729664,5917.25,5985.0,5874.75,5967.75,-0.008462150726823325,weak,MIXED,2025-01-02,NEUTRAL,BULLISH,2025
0,False,,,False,27.75,0.37618010167029775,-50.5,-0.001347141534057461,0.0015624999999999112,5988.0,5996.75,5934.0,5945.0,0.007232968881413004,weak,MIXED,2025-01-03,NEUTRAL,NEUTRAL,2025
7,True,False,False,True,44.75,0.5879868606288128,43.0,0.003905438530890315,0.004970552608495993,6022.5,6068.25,6004.0,6032.75,-0.0016990593013136435,weak,HH_HL,2025-01-06,BULLISH,BULLISH,2025
1,False,False,,False,19.5,0.24784384929641398,-10.25,0.002948627434694151,-8.294281093190747e-05,5955.0,6045.5,5935.0,6042.0,-0.014399205561072548,weak,MIXED,2025-01-07,BULLISH,NEUTRAL,2025
0,False,,True,False,-1.0,-0.011981172443303382,-87.0,-0.001967844582147049,0.0033166799613753017,5959.0,5971.75,5917.0,5954.0,0.0008397715821295559,weak,MIXED,2025-01-08,NEUTRAL,BULLISH,2025
1,False,True,,False,-38.25,-0.4471816283924843,5.0,-0.006145039774401284,0.0004205391311662421,5866.5,5921.75,5845.25,5920.75,-0.009162690537516394,medium,MIXED,2025-01-10,BEARISH,NEUTRAL,2025
1,False,True,False,True,-49.0,-0.5482517482517483,-54.25,0.002537525267730434,-0.007506610935767322,5875.25,5878.25,5813.0,5817.5,0.009926944563816154,weak,MIXED,2025-01-13,BULLISH,BEARISH,2025
0,False,,False,True,27.5,0.3489689553591661,57.75,-0.001397002794005564,0.00403791388617325,5882.0,5909.75,5842.5,5902.75,-0.003515310660285431,weak,MIXED,2025-01-14,NEUTRAL,BULLISH,2025
3,False,True,,True,82.75,1.0560619872379216,-20.75,0.01388240288686049,0.00012730204531963274,5988.5,6001.25,5952.5,5964.75,0.003981725973427164,strong,MIXED,2025-01-15,BULLISH,NEUTRAL,2025
0,False,,False,True,13.25,0.18676063428139944,23.75,-0.0009163993835131778,0.0032566489916914243,5976.25,6004.25,5969.0,6001.75,-0.004248760778106431,weak,LH_LL,2025-01-16,NEUTRAL,BULLISH,2025
1,True,True,True,True,50.5,0.7438190426091531,-25.5,0.003961469496684966,0.004229834994555759,6033.0,6051.5,6012.75,6026.75,0.0010370431824782145,weak,MIXED,2025-01-17,BULLISH,BULLISH,2025
0,False,,,True,30.75,0.45555555555555555,6.25,0.0003299921626860325,0.0001651459477312045,6086.5,6087.25,6043.5,6063.75,0.0037518037518038394,weak,MIXED,2025-01-21,NEUTRAL,NEUTRAL,2025
0,False,,True,True,29.75,0.4546943231441048,22.75,0.0013091682690340445,0.0032831288217671784,6120.25,6135.75,6111.25,6116.25,0.0006539955037809797,weak,HH_HL,2025-01-22,NEUTRAL,BULLISH,2025
0,False,,False,False,-6.75,-0.10918544194107453,4.0,0.0009821976672805821,-0.0022057922470487545,6153.5,6154.0,6111.25,6113.5,0.006542896867588022,weak,HH_HL,2025-01-23,NEUTRAL,BEARISH,2025
0,False,,,True,-1.5,-0.024844720496894408,40.0,-0.0003661215523553807,-0.0008538667967796787,6132.75,6162.25,6122.0,6152.0,-0.003129063719115699,weak,MIXED,2025-01-24,NEUTRAL,NEUTRAL,2025
0,False,,False,False,-134.75,-2.433408577878104,-19.25,-0.000499126528574978,-0.02584801043705154,6046.75,6048.75,5996.75,5998.0,0.00812770923641204,weak,HH_HL,2025-01-27,NEUTRAL,BEARISH,2025
1,False,False,True,False,10.75,0.19686069326357097,48.75,-0.0021012731243047478,0.002975083674228385,6096.0,6105.5,6023.5,6057.5,0.00635575732562943,weak,MIXED,2025-01-28,BEARISH,BULLISH,2025
1,False,True,False,True,-8.75,-0.15659955257270694,38.5,-0.0025813324592313114,0.00201108146932083,6068.25,6091.25,6042.25,6087.25,-0.0031212780812354124,weak,LH_LL,2025-01-29,BEARISH,BULLISH,2025
0,False,,,True,21.25,0.4127644814429414,-19.0,0.0,0.001810252612523655,6099.25,6116.25,6056.5,6089.5,0.0016011166762459617,weak,MIXED,2025-01-30,NEUTRAL,NEUTRAL,2025
0,False,,False,True,23.25,0.4485015501205649,9.75,0.0004490162462242875,0.005087596931030225,6064.75,6147.75,6057.75,6122.5,-0.009432421396488366,weak,MIXED,2025-01-31,NEUTRAL,BULLISH,2025
0,False,,False,False,-92.5,-1.7517754480892795,-57.75,0.00050278627393463,-0.014137334102712007,6023.0,6049.25,5950.25,5972.25,0.00849763489472144,weak,MIXED,2025-02-03,NEUTRAL,BEARISH,2025
2,False,True,False,True,0.5,0.009055627425614488,50.75,0.002455366432227768,-0.007307406489967749,6062.5,6068.75,6018.0,6023.5,0.006474640989458047,weak,MIXED,2025-02-04,BULLISH,BEARISH,2025
1,False,True,False,False,-11.5,-0.21282220753469927,39.0,0.003694785785453236,-0.002398379026588904,6086.0,6088.5,6029.5,6051.0,0.005784167906131232,weak,HH_HL,2025-02-05,BULLISH,BEARISH,2025
0,False,,,True,17.75,0.3240952070427127,35.0,0.0004099368697221273,0.0008210180623973162,6107.0,6108.5,6070.0,6103.75,0.0005324595535531884,weak,MIXED,2025-02-06,NEUTRAL,NEUTRAL,2025
0,False,,,True,3.5,0.06363636363636363,3.25,0.0007781145056924288,0.001558846453624252,6049.25,6123.25,6041.25,6110.5,-0.01002372964569187,weak,MIXED,2025-02-07,NEUTRAL,NEUTRAL,2025
1,True,True,True,True,31.5,0.5422686750691669,-61.25,0.0023472245099653843,0.004090909090909145,6088.25,6096.0,6067.75,6080.75,0.0012334004851375369,weak,HH_HL,2025-02-10,BULLISH,BULLISH,2025
0,False,,False,False,-23.25,-0.40802256345973054,7.5,-0.0015653964984552182,-0.0035727485524208458,6092.5,6098.75,6064.0,6065.0,0.004534212695795459,weak,MIXED,2025-02-11,NEUTRAL,BEARISH,2025
1,False,False,,False,-61.75,-1.0699257425742574,27.5,-0.008466913275791188,-0.0006567605286922351,6072.75,6084.75,6023.75,6030.75,0.00696430792190017,strong,MIXED,2025-02-12,BEARISH,NEUTRAL,2025
1,False,True,,True,10.75,0.1821482602118003,42.0,0.002264959024832258,-0.0011513631317077166,6135.25,6138.0,6070.25,6083.5,0.008506616257088817,weak,MIXED,2025-02-13,BULLISH,NEUTRAL,2025
0,False,,,True,-0.75,-0.012298682284040996,51.75,-0.00028526019805208414,-0.000529984915813908,6131.75,6145.25,6125.75,6134.5,-0.0004482842937484355,weak,MIXED,2025-02-14,NEUTRAL,NEUTRAL,2025
0,False,,,True,11.5,0.19604261796042619,-2.75,0.0014640097600651103,0.0009762447120078566,6148.0,6148.5,6118.25,6143.25,0.0007732063647092335,weak,MIXED,2025-02-18,NEUTRAL,NEUTRAL,2025
1,False,False,,False,-13.75,-0.25016244314489927,4.75,-0.0023173557750945095,-0.0005695919280687134,6163.0,6166.5,6129.25,6134.25,0.004686799527244601,weak,MIXED,2025-02-19,BEARISH,NEUTRAL,2025
0,False,,,False,-14.5,-0.2678983833718245,28.75,-0.000934617416392336,-0.0005280259951259136,6137.25,6150.0,6102.75,6148.5,-0.0018297145645279622,weak,MIXED,2025-02-20,NEUTRAL,NEUTRAL,2025
0,False,,,True,-4.75,-0.08923180140892319,-11.25,0.00032585230744164306,0.0008152616990053652,6030.25,6133.0,6024.5,6132.5,-0.016673461068079876,weak,MIXED,2025-02-21,NEUTRAL,NEUTRAL,2025
0,False,,False,False,19.75,0.3620294599018003,-102.25,0.0,0.004850947385878435,6002.25,6060.0,5994.5,6050.0,-0.007892561983471102,weak,MIXED,2025-02-24,NEUTRAL,BULLISH,2025
3,False,False,True,True,-1.75,-0.03355015405682985,-47.75,0.0038043478260869623,-0.004162850720173195,5970.5,6007.75,5924.0,6000.5,-0.004999583368052618,weak,HH_HL,2025-02-25,BULLISH,BEARISH,2025
0,False,,False,True,16.75,0.30723878152636747,-30.0,-0.0007919636530365759,0.003428236966428466,5972.0,6023.75,5945.5,5987.25,-0.002547079209987868,weak,MIXED,2025-02-26,NEUTRAL,BULLISH,2025
1,False,True,False,False,23.5,0.4204472843450479,-15.25,-0.00320552849589939,0.0024206001418971557,5877.5,6007.25,5873.0,5995.5,-0.019681427737469726,weak,MIXED,2025-02-27,BEARISH,BULLISH,2025
0,False,,True,True,2.25,0.035866780529462,-118.0,-0.0010182003309151533,0.002380547525930865,5964.0,5971.0,5848.0,5879.75,0.014328840511926622,weak,MIXED,2025-02-28,NEUTRAL,BULLISH,2025
0,False,,False,False,20.75,0.31601849333695947,84.25,0.0005432965563356706,0.004028197381671594,5862.75,5997.0,5821.75,5984.75,-0.02038514557834492,weak,MIXED,2025-03-03,NEUTRAL,BULLISH,2025
2,True,True,True,False,-43.75,-0.574443141852286,-122.0,-0.007248539632456419,-0.003276595744680866,5790.75,5875.75,5744.0,5819.0,-0.004854786045712323,medium,LH_LL,2025-03-04,BEARISH,BEARISH,2025
3,False,False,,False,-2.75,-0.03309692671394799,-28.25,-0.008733624454148492,-0.0003004291845493112,5850.75,5869.5,5750.75,5788.0,0.010841395991707081,strong,MIXED,2025-03-05,BEARISH,NEUTRAL,2025
7,True,True,True,True,-77.0,-0.882882882882883,62.75,-0.0022442813983599708,-0.010948592934736157,5747.75,5821.25,5720.0,5773.75,-0.004503139207620688,weak,MIXED,2025-03-06,BEARISH,BEARISH,2025
1,False,False,,False,-21.5,-0.23993622957353528,-26.0,-0.0057648129686619365,0.00039054024734208603,5775.0,5791.0,5673.0,5726.25,0.008513425016371867,medium,MIXED,2025-03-07,BEARISH,NEUTRAL,2025
0,False,,True,True,-83.75,-0.8665927568366593,48.75,-0.0008324935372212572,-0.009225971325854343,5623.5,5711.25,5571.5,5691.25,-0.011904238963320934,weak,LH_LL,2025-03-10,NEUTRAL,BEARISH,2025
1,False,True,False,False,-14.5,-0.13880341880341882,-67.75,-0.004385187810063806,0.0021319120586276163,5575.75,5643.75,5534.0,5609.0,-0.005927972900695355,medium,MIXED,2025-03-11,BEARISH,BULLISH,2025
5,True,False,False,True,59.75,0.5449511400651466,-33.25,0.005791935843172169,0.006948491504908727,5602.75,5645.0,5550.25,5635.5,-0.005811374323484997,medium,HH_HL,2025-03-12,BULLISH,BULLISH,2025
4,False,False,,False,-4.75,-0.042022116903633486,-32.75,0.0026433691756271305,0.0012952789316182933,5528.25,5603.75,5509.25,5598.0,-0.012459807073954998,weak,MIXED,2025-03-13,BULLISH,NEUTRAL,2025
2,True,True,True,True,43.75,0.3905004781638508,-69.75,0.0025596120167048486,0.005733634311512414,5637.5,5648.75,5564.0,5572.0,0.011755204594400492,weak,HH_HL,2025-03-14,BULLISH,BULLISH,2025
3,False,True,False,True,-0.25,-0.002204377263423083,65.5,0.00507727252482959,-0.002620475238729769,5680.5,5707.5,5632.75,5637.25,0.007672180584504806,medium,MIXED,2025-03-17,BULLISH,BEARISH,2025
1,False,True,,False,-23.25,-0.20617577197149645,43.25,-0.0044894366197183455,-0.001540425157343428,5620.5,5659.25,5600.0,5657.25,-0.006496089089221835,medium,MIXED,2025-03-18,BEARISH,NEUTRAL,2025
0,False,,True,True,67.25,0.60362237538067,-36.75,0.001189741781968845,0.011524941040359504,5730.75,5770.5,5675.75,5687.75,0.007560107248033132,weak,MIXED,2025-03-19,NEUTRAL,BULLISH,2025
4,False,False,,False,-38.75,-0.35684920243381024,43.0,-0.008994134260265074,0.0,5714.5,5765.25,5684.5,5692.0,0.003952916373858084,strong,MIXED,2025-03-20,BEARISH,NEUTRAL,2025
1,True,False,False,False,-50.5,-0.4783491204330176,22.5,-0.004568015109588486,-0.004067173970086602,5714.5,5722.25,5652.25,5664.0,0.008915960451977512,medium,MIXED,2025-03-21,BEARISH,BEARISH,2025
0,False,,True,True,68.0,0.6934984520123839,50.5,0.0017745076823199035,0.009178321678321666,5813.5,5825.5,5776.0,5782.5,0.005361003026372657,weak,HH_HL,2025-03-24,NEUTRAL,BULLISH,2025
2,False,False,,True,12.5,0.13560635412630764,31.0,0.0036601644920983833,-0.00030104937209707305,5826.0,5837.25,5809.5,5826.0,0.0,weak,HH_HL,2025-03-25,BULLISH,NEUTRAL,2025
0,False,,True,True,-2.0,-0.02334305960817007,0.0,0.0018905216120992385,-0.0029578189300411006,5758.25,5834.5,5743.0,5824.0,-0.011289491758241788,weak,MIXED,2025-03-26,NEUTRAL,BEARISH,2025
1,False,True,,False,-15.5,-0.18239125866778735,-65.75,-0.002081887578070818,0.0018245796950344673,5740.5,5779.75,5720.0,5742.75,-0.000391798354446915,weak,MIXED,2025-03-27,BEARISH,NEUTRAL,2025
1,True,True,True,False,-17.0,-0.21034025629695097,-2.25,-0.002401432126795666,-0.002917483126496867,5624.5,5731.25,5617.25,5723.5,-0.017297108412684503,weak,MIXED,2025-03-28,BEARISH,BEARISH,2025
0,False,,False,False,-61.0,-0.7723264752430476,-99.0,0.0002242957114659827,-0.005979473449353012,5656.25,5672.75,5533.75,5563.5,0.016671160240855576,weak,MIXED,2025-03-31,NEUTRAL,BEARISH,2025
3,False,False,True,True,-17.5,-0.21585903083700442,92.75,-0.0033606013707716542,0.0026574541589157175,5674.75,5694.75,5600.25,5638.75,0.006384393704278457,weak,MIXED,2025-04-01,BEARISH,BULLISH,2025
3,True,False,False,False,-61.75,-0.7618418153778365,36.0,-0.005789031773388076,-0.003129269690158254,5710.0,5739.25,5610.75,5613.0,0.017281311241760244,medium,LH_LL,2025-04-02,BEARISH,BEARISH,2025
4,True,True,True,False,-198.0,-2.3717647058823528,97.0,-0.009772133657570015,-0.010564956576237794,5436.0,5540.5,5428.5,5512.0,-0.013788098693759077,strong,MIXED,2025-04-03,BEARISH,BEARISH,2025
4,True,True,True,False,-144.0,-1.68561872909699,-76.0,-0.01627637375376767,-0.005949086884338706,5108.5,5314.5,5103.0,5292.0,-0.034674981103552494,strong,MIXED,2025-04-04,BEARISH,BEARISH,2025
3,False,True,False,False,-166.75,-1.7516413430876008,-183.5,0.017304374302242964,-0.03149065581007504,5098.75,5286.5,4867.0,4941.75,0.03177012192037232,strong,MIXED,2025-04-07,BULLISH,BEARISH,2025
2,True,False,False,True,173.25,1.432663910218547,157.0,0.008203049604323498,0.008010941774130531,5017.5,5305.25,4940.5,5272.0,-0.04827389984825492,strong,HH_HL,2025-04-08,BULLISH,BULLISH,2025
2,False,False,,False,-34.75,-0.2478349465104432,-254.5,-0.013271696987772197,-0.0013467005835702262,5489.5,5520.0,4980.0,4982.75,0.10170086799458122,strong,MIXED,2025-04-09,BEARISH,NEUTRAL,2025
1,False,False,True,True,-114.0,-0.6588915264733203,506.75,0.002419730107026563,-0.024213294640428096,5299.5,5389.0,5146.75,5375.5,-0.014138219700493004,weak,MIXED,2025-04-10,BULLISH,BEARISH,2025
1,True,True,True,True,-18.25,-0.09847754866062824,-76.0,0.005875384979862508,0.00692807993213318,5390.0,5418.25,5251.5,5281.25,0.02059171597633136,medium,MIXED,2025-04-11,BULLISH,BULLISH,2025
1,True,False,False,True,103.25,0.5330506130727389,108.75,0.002240307242135975,0.011027197331232808,5442.5,5496.5,5391.0,5493.25,-0.009238611022618692,weak,MIXED,2025-04-14,BULLISH,BULLISH,2025
2,False,True,False,False,6.75,0.033877038895859475,-50.75,-0.0033016921172100977,0.002393115191679396,5427.75,5485.0,5419.5,5449.25,-0.003945497086755068,weak,LH_LL,2025-04-15,BEARISH,BULLISH,2025
1,True,True,True,False,-60.5,-0.3064953862855075,-21.5,-0.00250487058168658,-0.007833379412035768,5305.25,5401.0,5251.0,5367.25,-0.011551539428944047,weak,LH_LL,2025-04-16,BEARISH,BEARISH,2025
3,False,True,False,False,17.5,0.08585194918966273,-62.0,-0.002151342250491073,0.009529200868006349,5310.75,5359.5,5285.5,5322.75,-0.0022544737212907284,weak,MIXED,2025-04-17,BEARISH,BULLISH,2025
0,False,,True,True,-53.5,-0.2661928031985784,-12.0,-0.0005705591479649996,-0.013094902844269174,5183.5,5262.5,5127.25,5257.25,-0.014028246706928482,weak,MIXED,2025-04-21,NEUTRAL,BEARISH,2025
0,False,,True,True,62.0,0.30889679715302487,-73.75,0.00028643719864418493,0.009500385802469147,5314.25,5339.25,5236.0,5245.5,0.013106472214278853,weak,MIXED,2025-04-22,NEUTRAL,BULLISH,2025
6,True,False,False,True,135.75,0.6742350332594235,68.75,0.005576036866359546,0.02126258349797716,5398.25,5499.75,5383.75,5450.0,-0.009495412844036655,medium,MIXED,2025-04-23,BULLISH,BULLISH,2025
3,False,True,False,True,13.5,0.06734966592427616,-51.75,0.007409133271202295,-0.006696840938481441,5510.5,5520.0,5398.5,5411.75,0.01824733219383745,medium,MIXED,2025-04-24,BULLISH,BEARISH,2025
3,False,False,True,True,0.0,,98.75,-0.006507298115594917,0.00203813578513512,5548.25,5554.5,5480.25,5510.5,0.006850558025587539,medium,MIXED,2025-04-25,BEARISH,BULLISH,2025
2,False,False,,True,8.75,0.04573455292141124,37.75,0.0021208429222507874,-0.0016208914903196314,5551.5,5578.75,5492.0,5557.0,-0.0009897426669066567,weak,MIXED,2025-04-28,BULLISH,NEUTRAL,2025
2,False,False,True,False,-20.5,-0.1223489289139934,-5.5,-0.005344711430496307,0.003290956631502917,5583.5,5597.25,5527.75,5531.0,0.009491954438618722,medium,MIXED,2025-04-29,BEARISH,BULLISH,2025
1,False,False,,False,-67.25,-0.4591563033406486,52.5,-0.010590558248070314,-0.0012090815458331017,5584.0,5606.75,5455.5,5516.25,0.012281894402900617,strong,MIXED,2025-04-30,BEARISH,NEUTRAL,2025
1,False,True,False,True,61.0,0.5139160523544456,67.75,-0.002123330089356834,0.007296347377319101,5625.0,5682.5,5618.75,5645.0,-0.003542958370239102,weak,MIXED,2025-05-01,BEARISH,BULLISH,2025
1,True,True,True,True,61.5,0.5804820495533457,-20.0,0.009714767333540264,0.0062369136187463425,5706.0,5724.75,5663.0,5686.5,0.003429174360327192,strong,MIXED,2025-05-02,BULLISH,BULLISH,2025
0,False,,False,True,-41.75,-0.4240885180482496,19.5,0.0009276437847867136,-0.008099115664127465,5674.5,5706.25,5655.25,5664.25,0.0018095952685703853,weak,MIXED,2025-05-05,NEUTRAL,BEARISH,2025
0,False,,False,False,-58.0,-0.6134088762983947,10.25,-0.0013310852781968086,-0.006656380868415246,5625.5,5671.75,5607.0,5616.5,0.0016024214368379752,weak,MIXED,2025-05-06,NEUTRAL,BEARISH,2025
1,False,False,True,False,13.0,0.13756613756613756,9.0,-0.002517890272992318,0.007435440783615244,5648.75,5675.0,5596.0,5638.5,0.0018178593597588666,weak,MIXED,2025-05-07,BEARISH,BULLISH,2025
1,False,True,False,True,40.0,0.4472843450479233,10.25,-0.002234490010515233,0.011690209449585875,5686.5,5741.0,5653.0,5688.75,-0.00039551746868815574,weak,MIXED,2025-05-08,BEARISH,BULLISH,2025
1,False,False,,True,13.25,0.14652448657187994,-2.25,0.0031218396869365783,0.0014513149793298208,5677.75,5710.0,5662.5,5699.75,-0.003859818413088245,weak,MIXED,2025-05-09,BULLISH,NEUTRAL,2025
6,True,True,True,True,172.5,2.049649904519414,-22.0,0.003087346168689109,0.027269528501055573,5864.25,5866.25,5805.75,5850.25,0.002393060125635671,weak,MIXED,2025-05-12,BULLISH,BULLISH,2025
2,False,True,False,True,5.5,0.06781153676794363,14.0,0.005052234971741676,-0.0031099561197972525,5903.5,5927.0,5863.5,5869.75,0.0057498189871800776,medium,HH_HL,2025-05-13,BULLISH,BEARISH,2025
0,False,,,True,9.75,0.1260387811634349,33.75,0.0016934084077726563,-0.00029657246960135275,5909.5,5925.0,5890.0,5913.25,-0.0006341690271847167,weak,HH_HL,2025-05-14,NEUTRAL,NEUTRAL,2025
1,False,True,False,False,-20.5,-0.2880080280983442,-3.75,0.002810663486926046,-0.00406366407043679,5938.25,5944.5,5884.5,5889.0,0.008363049753778329,weak,MIXED,2025-05-15,BULLISH,BEARISH,2025
0,False,,,True,6.25,0.08908119114278441,49.25,-0.0005463562242582487,0.0018958543983822462,5975.25,5977.5,5924.75,5944.5,0.005172848851879852,weak,MIXED,2025-05-16,NEUTRAL,NEUTRAL,2025
1,False,True,False,True,-63.0,-0.9301344582124966,30.75,0.0033487346869569556,-0.007564932335882957,5981.25,5987.5,5912.25,5912.25,0.011670683749841482,weak,HH_HL,2025-05-19,BULLISH,BEARISH,2025
0,False,,True,True,-19.25,-0.28249475890985326,69.0,0.0007128480375713231,-0.003344201989800233,5959.25,5971.0,5926.75,5962.0,-0.00046125461254609146,weak,MIXED,2025-05-20,NEUTRAL,BEARISH,2025
0,False,,True,False,-44.75,-0.7396694214876033,-2.75,-0.0006748776784207822,-0.006634195498824269,5859.25,5956.25,5847.75,5914.5,-0.009341448981317058,weak,MIXED,2025-05-21,NEUTRAL,BEARISH,2025
0,False,,,False,-3.75,-0.05887300252312868,-55.25,-0.0016612710853637358,0.0015361638574782344,5858.5,5895.0,5842.75,5855.5,0.0005123388267440632,weak,MIXED,2025-05-22,NEUTRAL,NEUTRAL,2025
2,False,False,,False,-74.5,-1.1822045905355625,3.0,-0.014673889860512768,-0.0017041581458759891,5817.0,5843.75,5780.5,5784.0,0.005705394190871349,strong,LH_LL,2025-05-23,BEARISH,NEUTRAL,2025
0,False,,True,False,69.25,1.0838457238680828,33.0,-0.0015675309269614912,0.002418944152096314,5936.0,5938.75,5868.25,5886.25,0.008451900615842112,weak,LH_LL,2025-05-27,NEUTRAL,BULLISH,2025
3,False,False,True,True,4.25,0.06609275201332963,49.75,0.0026593499366820428,-0.0025672320188544484,5901.5,5952.5,5894.5,5940.25,-0.0065232944741382415,weak,MIXED,2025-05-28,BULLISH,BEARISH,2025
4,False,True,False,False,53.5,0.8518623827125391,-38.75,-0.007386079118678057,0.00991477512446215,5923.25,5956.25,5884.0,5955.0,-0.005331654072208258,medium,LH_LL,2025-05-29,BEARISH,BULLISH,2025
1,False,False,,True,-12.75,-0.20671685002895193,-31.75,-0.0021567217828900587,-0.0011407326038277432,5914.75,5932.75,5853.25,5910.5,0.0007190593012436075,weak,MIXED,2025-05-30,BEARISH,NEUTRAL,2025
0,False,,False,False,-17.25,-0.2696817420435511,4.25,0.0019532908704882335,-0.0052842950750370266,5947.25,5949.0,5870.5,5897.5,0.008435777871979688,weak,HH_HL,2025-06-02,NEUTRAL,BEARISH,2025
2,False,True,False,True,-3.75,-0.05747126436781609,49.75,0.0034629840787194777,-0.004538387191662774,5981.5,5991.25,5938.25,5943.5,0.006393539160427286,weak,HH_HL,2025-06-03,BULLISH,BEARISH,2025
0,False,,False,True,7.75,0.12015503875968993,38.0,-0.0010436670284712513,0.002006605075038692,5978.25,5999.0,5974.25,5989.25,-0.0018366239512459526,weak,MIXED,2025-06-04,NEUTRAL,BULLISH,2025
0,False,,,True,16.75,0.2626715205824699,-11.0,0.0007516285284783208,0.0012130338394611417,5947.75,6009.0,5928.75,5995.0,-0.007881567973311077,weak,MIXED,2025-06-05,NEUTRAL,NEUTRAL,2025
1,True,True,True,False,55.0,0.8433734939759037,-47.25,0.00389430928353085,0.005555789385075061,6006.5,6025.0,5984.5,6002.75,0.0006247136728998459,weak,MIXED,2025-06-06,BULLISH,BULLISH,2025
0,False,,,False,6.25,0.0971412711629198,3.75,-0.0001662717712100914,0.00012479201331117018,6010.0,6027.75,6000.0,6012.75,-0.00045736144027275216,weak,MIXED,2025-06-09,NEUTRAL,NEUTRAL,2025
0,False,,,True,6.25,0.10254907705830647,-2.75,0.0017892065077185215,-4.1583499667319224e-05,6045.0,6049.5,6005.0,6016.25,0.004778724288385661,weak,MIXED,2025-06-10,NEUTRAL,NEUTRAL,2025
1,False,False,,True,10.5,0.17223198594024605,28.75,0.003477972838688226,-0.0014485555831470487,6028.5,6064.75,6006.25,6055.5,-0.004458756502353278,weak,MIXED,2025-06-11,BULLISH,NEUTRAL,2025
0,False,,False,False,-14.5,-0.25264467952706904,-27.0,0.0015405754257400428,-0.004147312541473158,6050.5,6051.0,6008.5,6014.0,0.00606917193215839,weak,MIXED,2025-06-12,NEUTRAL,BEARISH,2025
7,False,False,True,False,-54.5,-0.9612598425196851,36.5,0.0028453073350349634,-0.010467521721141959,5980.0,6029.75,5965.25,5996.0,-0.0026684456304202353,weak,HH_HL,2025-06-13,BULLISH,BEARISH,2025
0,False,,True,True,34.25,0.6031446540880503,-16.0,0.0008315662550413272,0.004265462300840461,6038.0,6055.25,6013.5,6014.25,0.0039489545662385606,weak,HH_HL,2025-06-16,NEUTRAL,BULLISH,2025
0,False,,True,False,-26.5,-0.4841761827079935,23.75,-0.00024968789013735115,-0.00612836438923392,5985.0,6027.0,5976.75,6011.5,-0.004408217582965945,weak,HH_HL,2025-06-17,NEUTRAL,BEARISH,2025
1,False,True,False,False,60.0,1.107448912326961,-26.5,-0.0021469859620149023,0.011780432784693762,6035.5,6073.75,6026.25,6045.0,-0.0015715467328371036,weak,MIXED,2025-06-18,BEARISH,BULLISH,2025
1,True,False,False,True,25.0,0.47700170357751276,-9.5,0.00673540661899219,0.007610922928950714,6016.75,6071.0,6003.25,6060.5,-0.0072188763303357995,medium,HH_HL,2025-06-20,BULLISH,BULLISH,2025
0,False,,,True,8.25,0.15997229916897507,-43.75,-0.001035968838057344,0.0007053941908714556,6076.75,6081.5,5993.25,6025.0,0.00858921161825732,weak,MIXED,2025-06-23,NEUTRAL,NEUTRAL,2025
0,False,,True,False,41.75,0.7987700717458148,51.75,-0.0010203248714391044,0.008227067050596393,6143.75,6155.25,6109.0,6118.5,0.004126828471030519,weak,LH_LL,2025-06-24,NEUTRAL,BULLISH,2025
0,False,,,True,11.25,0.21724137931034485,25.25,0.001463890696161263,0.00016277366322126063,6147.5,6160.25,6130.75,6155.0,-0.0012185215272136896,weak,HH_HL,2025-06-25,NEUTRAL,NEUTRAL,2025
0,False,,True,True,18.0,0.34532374100719426,-7.5,4.054327995128837e-05,0.0027660266840221492,6196.25,6200.0,6159.25,6165.5,0.004987430054334663,weak,MIXED,2025-06-26,NEUTRAL,BULLISH,2025
0,False,,True,True,8.0,0.16226005070626584,30.75,-0.00040244687701218584,0.0023806641649517513,6223.25,6239.0,6183.25,6204.25,0.0030624168916468797,weak,MIXED,2025-06-27,NEUTRAL,BULLISH,2025
0,False,,True,True,25.0,0.4961020552799433,19.0,-0.00024012486492974716,0.004219748422617853,6251.5,6265.5,6224.25,6248.25,0.0005201456407795124,weak,MIXED,2025-06-30,NEUTRAL,BULLISH,2025
0,False,,,False,-16.25,-0.31641168289290683,3.25,-0.0015614990390775407,-0.0006805171930667209,6249.0,6261.5,6227.5,6235.25,0.0022052042821056883,weak,MIXED,2025-07-01,NEUTRAL,NEUTRAL,2025
1,False,False,,False,-4.0,-0.07904022582921666,13.75,-0.0023980815347721673,0.0014003921097907046,6275.25,6276.5,6238.25,6245.0,0.004843875100080108,weak,MIXED,2025-07-02,BEARISH,NEUTRAL,2025
0,False,,False,True,26.75,0.5441336723574283,30.25,0.0013902129011758024,0.0036603803612635932,6275.5,6309.75,6246.25,6302.0,-0.004205014281180586,weak,MIXED,2025-07-07,NEUTRAL,BULLISH,2025
0,False,,False,False,5.5,0.10856538597109623,-26.5,-0.00011936972783699318,0.0023550073843452424,6270.5,6288.75,6262.5,6281.0,-0.0016717083266996058,weak,MIXED,2025-07-08,NEUTRAL,BULLISH,2025
1,False,True,,True,24.75,0.5163934426229508,-10.5,0.0024315382469006774,0.0013552836130266144,6307.0,6315.25,6276.0,6295.25,0.001866486636749931,weak,HH_HL,2025-07-09,BULLISH,NEUTRAL,2025
0,False,,,True,0.75,0.015706806282722512,11.75,0.0003174351241965745,-0.0013082259663033113,6324.5,6335.5,6296.0,6307.75,0.002655463517101886,weak,MIXED,2025-07-10,NEUTRAL,NEUTRAL,2025
0,False,,False,False,-34.0,-0.7236792094260738,16.75,-0.0002384358607534498,-0.006485802420311604,6299.0,6312.75,6278.5,6290.5,0.0013512439392735498,weak,MIXED,2025-07-11,NEUTRAL,BEARISH,2025
0,False,,,True,-4.75,-0.10318076027928627,8.5,0.0005574136008918984,-0.0017079758500159192,6310.75,6315.0,6280.5,6294.25,0.0026214402033601925,weak,MIXED,2025-07-14,NEUTRAL,NEUTRAL,2025
0,False,,False,True,27.25,0.6241308793456033,16.5,0.0009875177753200237,0.003962279102940114,6282.25,6341.75,6282.0,6338.0,-0.008796150205112041,weak,MIXED,2025-07-15,NEUTRAL,BULLISH,2025
1,False,True,,False,16.25,0.39039039039039036,-55.75,0.0029065137760790893,0.000796971508268518,6302.75,6308.75,6241.0,6298.5,0.0006747638326585204,weak,MIXED,2025-07-16,BULLISH,NEUTRAL,2025
0,False,,,True,1.75,0.04054613156805958,4.25,0.001308277830637472,0.0012700428639467187,6342.25,6345.5,6302.0,6304.5,0.005987786501705061,weak,MIXED,2025-07-17,NEUTRAL,NEUTRAL,2025
0,False,,,False,9.75,0.2207844723008492,37.75,-0.00011813349084466296,0.0009460365012416982,6334.75,6353.5,6323.25,6352.0,-0.002715680100755624,weak,MIXED,2025-07-18,NEUTRAL,NEUTRAL,2025
0,False,,False,False,10.75,0.24763471822295352,-17.25,-0.0014955919395466255,0.0025255514778421695,6345.25,6374.0,6341.0,6345.5,-3.939799858165838e-05,weak,MIXED,2025-07-21,NEUTRAL,BULLISH,2025
0,False,,,True,2.75,0.06581196581196581,-0.25,0.0016963193814352184,-0.0017326927620697763,6345.5,6353.75,6318.75,6348.0,-0.00039382482671712626,weak,HH_HL,2025-07-22,NEUTRAL,NEUTRAL,2025
0,False,,True,True,27.25,0.6591792656587473,-2.5,-0.00027467137531878016,0.003859939343810348,6399.0,6399.25,6353.5,6372.75,0.004119100859126812,weak,MIXED,2025-07-23,NEUTRAL,BULLISH,2025
0,False,,,False,3.25,0.07705334462320067,26.25,-0.00042963715189625606,-0.00042930179916478295,6401.75,6418.25,6396.25,6402.25,-7.80975438322562e-05,weak,MIXED,2025-07-24,NEUTRAL,NEUTRAL,2025
0,False,,,False,3.25,0.07923378319547235,-0.5,0.0001170731707316186,0.00015609146960127163,6425.75,6431.0,6402.5,6405.0,0.0032396565183450132,weak,MIXED,2025-07-25,NEUTRAL,NEUTRAL,2025
0,False,,,True,3.25,0.0843764487714418,20.75,-0.0008146481495848734,0.001983432504958582,6423.0,6434.25,6408.75,6429.0,-0.0009332711152589823,weak,MIXED,2025-07-28,NEUTRAL,NEUTRAL,2025
0,False,,False,False,13.75,0.35747446610956357,-6.0,-0.0003883947644385266,0.0024126391158845184,6406.0,6440.0,6396.25,6436.75,-0.004777255602594455,weak,MIXED,2025-07-29,NEUTRAL,BULLISH,2025
0,False,,,True,6.0,0.15469613259668508,-30.75,0.0001170046801872715,0.0013664402280002541,6397.5,6429.75,6366.75,6412.0,-0.002261384903306296,weak,MIXED,2025-07-30,NEUTRAL,NEUTRAL,2025
0,False,,False,True,49.25,1.2171226831421005,-14.5,-0.0008511955428306406,0.004863434752159446,6371.0,6451.0,6358.25,6446.75,-0.011750106642882119,weak,MIXED,2025-07-31,NEUTRAL,BULLISH,2025
0,False,,True,False,-60.0,-1.3439999999999999,-75.75,-0.001306413301662701,-0.008478900883218787,6263.5,6311.5,6239.5,6311.0,-0.007526540960228201,weak,HH_HL,2025-08-01,NEUTRAL,BEARISH,2025
0,False,,True,False,39.75,0.8400000000000001,-47.5,-0.0009118661539071482,0.006546122220891792,6357.0,6358.5,6302.0,6303.25,0.008527347003529862,weak,MIXED,2025-08-04,NEUTRAL,BULLISH,2025
0,False,,,True,6.75,0.14334470989761092,53.75,0.00019644821625020015,-0.0005887432294529038,6325.25,6371.75,6315.5,6363.75,-0.00604989196621486,weak,MIXED,2025-08-05,NEUTRAL,NEUTRAL,2025
0,False,,True,True,9.75,0.2107294480895407,-38.5,-0.001024307607453756,0.0024903154399558147,6371.75,6379.5,6325.75,6335.0,0.005801104972375626,weak,MIXED,2025-08-06,NEUTRAL,BULLISH,2025
0,False,,False,True,35.5,0.7553191489361702,36.75,0.0003122194903015796,0.007455951026174246,6367.5,6414.5,6334.5,6407.25,-0.006203909633618165,weak,LH_LL,2025-08-07,NEUTRAL,BULLISH,2025
0,False,,,False,15.5,0.30660543977393145,-39.75,-0.00019591708788835316,0.0014904883310453698,6414.0,6419.0,6379.75,6383.0,0.004856650477831792,weak,MIXED,2025-08-08,NEUTRAL,NEUTRAL,2025
0,False,,,True,2.25,0.04411764705882353,31.0,0.0007016449676464642,-0.0009727247967005193,6400.0,6431.5,6387.5,6416.25,-0.0025326319890901505,weak,MIXED,2025-08-11,NEUTRAL,NEUTRAL,2025
1,False,True,,True,23.75,0.4598893499308437,-16.25,0.004646803858018744,0.0006253419838975205,6467.5,6470.0,6408.5,6423.75,0.006810663553220575,medium,MIXED,2025-08-12,BULLISH,NEUTRAL,2025
0,False,,False,True,22.0,0.41692047377326563,43.75,0.0010804136440809575,0.0023189302002009082,6489.0,6502.5,6466.75,6489.5,-7.704753833115419e-05,weak,MIXED,2025-08-13,NEUTRAL,BULLISH,2025
1,False,False,,False,-21.5,-0.4,-0.5,-0.002968388589051685,0.0004626773596545508,6488.75,6496.0,6462.75,6467.5,0.003285659064553581,weak,MIXED,2025-08-14,BEARISH,NEUTRAL,2025
0,False,,,True,8.0,0.14790359854737536,21.25,0.0005773894299241356,0.0003081782811356071,6471.5,6498.0,6461.5,6496.75,-0.0038865586639473815,weak,MIXED,2025-08-15,NEUTRAL,NEUTRAL,2025
0,False,,,True,-7.0,-0.1275626423690205,-25.25,0.0003480682213714559,-0.0011983455100699203,6468.75,6475.25,6457.25,6464.5,0.0006574367700518113,weak,MIXED,2025-08-18,NEUTRAL,NEUTRAL,2025
0,False,,,False,-2.5,-0.04713804713804714,4.25,-0.00030934611963961967,-0.0001932890057213532,6432.75,6476.25,6419.25,6466.25,-0.005180746182099405,weak,HH_HL,2025-08-19,NEUTRAL,NEUTRAL,2025
0,False,,,False,-4.75,-0.09029192124915139,-33.5,0.0011683152893526838,-0.0017094017094017033,6413.75,6430.75,6362.75,6428.0,-0.002216863721219653,weak,MIXED,2025-08-20,NEUTRAL,NEUTRAL,2025
3,False,True,,False,-18.5,-0.36389181594661046,-14.25,-0.002537773786748909,-0.0016758905604490337,6388.25,6412.25,6370.25,6395.25,-0.001094562370509311,weak,MIXED,2025-08-21,BEARISH,NEUTRAL,2025
0,False,,,False,19.5,0.4004400440044005,-7.0,-0.00027335207747580803,0.0017603567656379049,6483.25,6496.25,6402.5,6407.75,0.011782606999336753,weak,MIXED,2025-08-22,NEUTRAL,NEUTRAL,2025
0,False,,True,False,-13.25,-0.2579972183588317,75.5,-0.0010431154381085328,-0.002274567253941928,6454.5,6482.75,6453.25,6470.0,-0.0023956723338485197,weak,MIXED,2025-08-25,NEUTRAL,BEARISH,2025
0,False,,,False,-3.75,-0.07583965330444203,-15.5,0.0007368910952527674,-0.0015481074386561877,6481.0,6485.0,6444.5,6450.75,0.0046893772042011506,weak,LH_LL,2025-08-26,NEUTRAL,NEUTRAL,2025
0,False,,,True,-7.0,-0.14432989690721648,30.25,-0.00023140113386554972,-0.0003468475412363725,6494.25,6502.5,6472.75,6474.0,0.003127896200185276,weak,MIXED,2025-08-27,NEUTRAL,NEUTRAL,2025
0,False,,,True,5.75,0.12803180914512924,20.25,-3.846745653179884e-05,0.0019274507536333196,6517.0,6523.0,6480.75,6500.0,0.002615384615384686,weak,MIXED,2025-08-28,NEUTRAL,NEUTRAL,2025
0,False,,True,True,-18.0,-0.3988919667590028,17.0,0.001309152516268064,-0.0031459812008440835,6475.25,6502.75,6455.5,6499.0,-0.003654408370518558,weak,MIXED,2025-08-29,NEUTRAL,BEARISH,2025
1,True,False,False,False,-77.0,-1.6976377952755906,-23.75,-0.007102107346606101,-0.006941230911615026,6426.0,6427.75,6371.75,6398.25,0.0043371234321885055,medium,LH_LL,2025-09-02,BEARISH,BEARISH,2025
0,False,,,True,22.75,0.505957108816521,27.75,-0.0009299802379199029,0.0012408391174532074,6458.5,6464.25,6426.5,6448.75,0.0015119209149059287,weak,MIXED,2025-09-03,NEUTRAL,NEUTRAL,2025
0,False,,,False,7.25,0.16072842438638163,9.75,-0.00019330395113270615,0.0014704744214844023,6511.25,6512.75,6456.25,6465.75,0.007037079998453377,weak,LH_LL,2025-09-04,NEUTRAL,NEUTRAL,2025
0,False,,,True,22.25,0.475754104620084,45.5,0.001417352997510113,0.0016506717850288677,6491.0,6541.75,6452.0,6533.5,-0.0065049360985689475,weak,MIXED,2025-09-05,NEUTRAL,NEUTRAL,2025
0,False,,True,True,13.5,0.2669491525423729,-42.5,0.0001922041977395761,0.00265844731265652,6507.0,6516.5,6490.25,6504.5,0.0003843492966408846,weak,LH_LL,2025-09-08,NEUTRAL,BULLISH,2025
0,False,,,False,0.25,0.004886561954624782,2.5,-0.00015354496948294383,0.0007299830951283948,6521.0,6526.25,6489.25,6507.25,0.0021130277767105188,weak,MIXED,2025-09-09,NEUTRAL,NEUTRAL,2025
1,False,False,,True,32.25,0.6484739676840215,13.75,0.0033676476215989126,0.0008422342176792608,6539.25,6562.25,6522.5,6553.25,-0.0021363445618586274,weak,MIXED,2025-09-10,BULLISH,NEUTRAL,2025
0,False,,,True,18.5,0.38772455089820357,-14.0,0.0016036655211912887,0.0016827934371055342,6592.25,6600.0,6552.0,6557.75,0.005260950783424256,weak,MIXED,2025-09-11,NEUTRAL,NEUTRAL,2025
0,False,,,True,-2.5,-0.05192878338278931,34.5,0.001101279763034979,-0.0012515644555695093,6587.75,6606.0,6583.0,6589.75,-0.0003035016502902499,weak,HH_HL,2025-09-12,NEUTRAL,NEUTRAL,2025
1,False,True,,True,21.5,0.4989639452963116,-2.0,0.002312620843917035,0.0009106776959855178,6621.75,6623.5,6605.5,6609.25,0.001891288724136686,weak,HH_HL,2025-09-15,BULLISH,NEUTRAL,2025
0,False,,False,False,5.25,0.12420785804816223,12.5,-0.0015067615926469546,0.0026448029621792823,6611.5,6630.25,6604.25,6627.0,-0.0023389165534932754,weak,LH_LL,2025-09-16,NEUTRAL,BULLISH,2025
0,False,,False,True,57.5,1.3945430922477264,-15.5,0.00033755907283783415,0.008127929835173076,6660.25,6686.5,6611.0,6669.0,-0.0013120407857249994,weak,MIXED,2025-09-17,NEUTRAL,BULLISH,2025
1,False,False,True,False,26.5,0.5955056179775281,-8.75,-0.0037213456385829513,0.007426021077898248,6692.25,6718.0,6670.25,6686.75,0.0008225221520170578,weak,LH_LL,2025-09-18,BEARISH,BULLISH,2025
0,False,,,True,14.75,0.32856006364359586,5.5,0.0014193933960855443,-0.0008583690987123971,6721.75,6731.5,6687.25,6707.0,0.0021991948710302633,weak,HH_HL,2025-09-19,NEUTRAL,NEUTRAL,2025
0,False,,False,True,-15.75,-0.35251798561151076,14.75,-0.00014915911548640803,-0.002529856021429411,6751.75,6756.75,6705.75,6706.0,0.0068222487324782755,weak,MIXED,2025-09-22,NEUTRAL,BEARISH,2025
0,False,,,True,-1.5,-0.03384367445608381,45.75,0.00018517146878016533,0.00040742249712955037,6715.75,6756.5,6701.75,6750.25,-0.005110921817710445,weak,MIXED,2025-09-23,NEUTRAL,NEUTRAL,2025
0,False,,,False,11.5,0.25254901960784315,-34.5,0.00033459736783414407,0.0013772053897118663,6692.0,6728.5,6678.0,6727.25,-0.005239882567170784,weak,MIXED,2025-09-24,NEUTRAL,NEUTRAL,2025
2,False,False,,False,-32.0,-0.7094220110847189,-35.25,-0.004671150971599425,-0.0013812154696132284,6660.5,6675.0,6624.25,6660.0,7.507507507509281e-05,medium,LH_LL,2025-09-25,BEARISH,NEUTRAL,2025
1,False,True,,True,13.0,0.3071729957805907,0.5,0.0031905709245148017,0.00037526268387866324,6696.25,6703.75,6657.25,6673.5,0.0034090057690867592,weak,MIXED,2025-09-26,BULLISH,NEUTRAL,2025
0,False,,False,True,26.0,0.5940432476540187,22.75,0.00033427425345422535,0.004665745959463896,6714.25,6731.25,6696.25,6722.25,-0.001190077726951566,weak,MIXED,2025-09-29,NEUTRAL,BULLISH,2025
0,False,,,False,-7.5,-0.17191977077363896,-8.0,0.0007459346561240476,-0.001043452336587869,6737.25,6743.5,6693.0,6706.75,0.004547657211018796,weak,MIXED,2025-09-30,NEUTRAL,NEUTRAL,2025
3,False,True,False,True,-30.5,-0.6870474658085277,30.5,0.002165471923536444,-0.0032718619869125387,6760.5,6769.5,6705.25,6706.75,0.008014313937451112,weak,MIXED,2025-10-01,BULLISH,BEARISH,2025
0,False,,,True,18.5,0.40611524892199136,53.75,0.0007750221434899007,0.001997928074589206,6766.75,6780.25,6741.5,6779.0,-0.0018070511874908046,weak,HH_HL,2025-10-02,NEUTRAL,NEUTRAL,2025
1,False,True,False,False,5.25,0.11247130833970925,-12.25,-0.0020635271574913627,0.003288987435328794,6765.0,6800.0,6754.0,6772.0,-0.0010336680448906899,weak,LH_LL,2025-10-03,BEARISH,BULLISH,2025
0,False,,False,False,23.5,0.48275862068965514,-7.0,0.0,0.00377051604317602,6788.5,6797.75,6766.5,6788.5,0.0,weak,MIXED,2025-10-06,NEUTRAL,BULLISH,2025
1,False,False,,True,8.75,0.17837641062977794,0.0,0.0022850403567611366,-0.0005890799307830541,6762.5,6801.75,6747.25,6797.25,-0.005112361616830374,weak,HH_HL,2025-10-07,BULLISH,NEUTRAL,2025
0,False,,,True,10.75,0.22606083364626361,-34.75,0.00018463810930580138,0.0008869179600887733,6802.0,6803.25,6764.5,6773.25,0.004244638836599757,weak,MIXED,2025-10-08,NEUTRAL,NEUTRAL,2025
0,False,,,True,3.5,0.07460982108869434,28.75,0.0011401669792932,-0.00040421857200600986,6781.25,6809.5,6760.75,6805.5,-0.0035632943942399686,weak,MIXED,2025-10-09,NEUTRAL,NEUTRAL,2025
0,False,,,False,6.75,0.14291115311909264,-24.25,-0.0007365668618568577,-0.0008849883845274409,6595.0,6806.5,6591.75,6788.0,-0.02843252799057161,weak,MIXED,2025-10-10,NEUTRAL,NEUTRAL,2025
2,False,False,True,False,75.25,1.2769696969696969,-193.0,-0.0029153429265558195,0.019803113553113594,6694.5,6711.5,6661.75,6670.25,0.003635545894081993,weak,MIXED,2025-10-13,BEARISH,BULLISH,2025
1,True,False,False,False,-60.5,-1.0329268292682927,24.25,-0.0025196495054717882,-0.008146791733622316,6686.0,6722.5,6593.25,6634.0,0.00783840820018078,weak,MIXED,2025-10-14,BEARISH,BEARISH,2025
4,True,False,False,True,46.0,0.7165507649513213,52.0,0.003163496966764656,0.0065071054599850076,6715.0,6766.75,6651.5,6732.0,-0.002525252525252486,weak,MIXED,2025-10-15,BULLISH,BULLISH,2025
0,False,,False,True,16.5,0.2398131326239294,-17.0,0.0018575621354535166,0.0033886944216876547,6668.5,6750.5,6632.0,6731.5,-0.009358983881749938,weak,MIXED,2025-10-16,NEUTRAL,BULLISH,2025
2,False,True,False,True,-14.0,-0.18932624969814055,-63.0,0.010241238051889034,-0.010098734842512336,6703.75,6718.0,6640.5,6654.5,0.007401006837478352,strong,HH_HL,2025-10-17,BULLISH,BEARISH,2025
1,False,True,,True,29.75,0.3864532591046161,49.25,0.0020460548342695617,0.0017136045298762337,6773.25,6783.0,6733.0,6733.5,0.005903319224771719,weak,MIXED,2025-10-20,BULLISH,NEUTRAL,2025
0,False,,,True,1.0,0.012996054769087956,39.75,0.0013673823866366952,-0.001732974447844815,6772.0,6789.75,6759.25,6774.25,-0.0003321400893088189,weak,HH_HL,2025-10-21,NEUTRAL,NEUTRAL,2025
0,False,,,False,7.0,0.09391471011020602,-2.25,0.0005165479836179987,0.0008859357696566761,6737.0,6779.25,6690.75,6779.0,-0.006195604071396965,weak,MIXED,2025-10-22,NEUTRAL,NEUTRAL,2025
0,False,,,False,2.25,0.028813171735650584,-42.0,-0.001297305311538599,0.0002597402597401821,6774.75,6785.75,6736.0,6739.25,0.005267648477204512,weak,LH_LL,2025-10-23,NEUTRAL,NEUTRAL,2025
1,True,True,True,True,46.0,0.5870556061987238,35.5,0.003387459037519802,0.0024713216037770547,6827.25,6841.25,6812.5,6820.75,0.000952974379650362,weak,MIXED,2025-10-24,BULLISH,BULLISH,2025
0,False,,True,True,55.75,0.7131110095934217,6.5,0.00029065542799022737,0.009047287645141289,6907.5,6911.75,6877.0,6883.0,0.003559494406508712,weak,MIXED,2025-10-27,NEUTRAL,BULLISH,2025
0,False,,,True,18.25,0.23772970458246104,24.5,0.0013392695551452949,-0.0009762800115706849,6925.5,6944.75,6903.0,6925.75,-3.60971735913207e-05,weak,HH_HL,2025-10-28,NEUTRAL,NEUTRAL,2025
0,False,,,True,16.5,0.21433542101600556,-0.25,0.000684709358895752,0.00119090581017689,6928.0,6952.0,6882.25,6942.0,-0.002016709881878409,weak,MIXED,2025-10-29,NEUTRAL,NEUTRAL,2025
1,False,True,,False,-35.0,-0.4459613196814562,-14.0,-0.004478474429355672,-0.001409366869037254,6853.75,6913.75,6852.5,6893.0,-0.005694182503989564,medium,MIXED,2025-10-30,BEARISH,NEUTRAL,2025
0,False,,,True,48.25,0.7146257603808517,-39.25,0.00036214826349900697,0.000834058601682619,6872.0,6902.5,6843.5,6902.0,-0.004346566212692027,weak,HH_HL,2025-10-31,NEUTRAL,NEUTRAL,2025
0,False,,False,False,36.25,0.5316919853326348,-30.0,0.0002538163095109347,0.003419549638036923,6885.25,6909.5,6849.5,6908.25,-0.0033293525856765704,weak,LH_LL,2025-11-03,NEUTRAL,BULLISH,2025
1,False,False,True,False,-75.0,-1.1861056198813895,-23.0,0.0023922564498914944,-0.010241138872748357,6803.5,6849.25,6794.75,6810.25,-0.0009911530413714287,weak,MIXED,2025-11-04,BULLISH,BEARISH,2025
0,False,,False,False,-5.0,-0.08489993935718616,-6.75,0.001692670002943819,-0.004811753902662974,6824.25,6857.75,6789.75,6798.5,0.0037876002059278324,weak,HH_HL,2025-11-05,NEUTRAL,BEARISH,2025
0,False,,,True,-12.0,-0.21705426356589147,25.75,0.0012090126396775425,0.00021969974368363232,6750.0,6821.5,6733.5,6812.25,-0.009137950016514407,weak,HH_HL,2025-11-06,NEUTRAL,NEUTRAL,2025
4,True,False,False,True,-26.5,-0.47291268323773106,-62.25,-0.004257997630331745,-0.0030673712997524305,6753.25,6755.5,6655.5,6723.5,0.004424778761061843,medium,MIXED,2025-11-07,BEARISH,BEARISH,2025
0,False,,True,True,62.5,1.048532055122828,29.75,7.332184624408988e-05,0.007686622320768555,6857.0,6865.75,6792.75,6815.75,0.006052158603235158,weak,MIXED,2025-11-10,NEUTRAL,BULLISH,2025
0,False,,False,True,-14.5,-0.23147092360319269,41.25,0.00014619348708011515,-0.002150851226714323,6872.75,6879.75,6830.5,6842.5,0.00442089879430041,weak,MIXED,2025-11-11,NEUTRAL,BEARISH,2025
0,False,,False,True,18.5,0.30916144434497167,30.25,-0.0004348929076215535,0.0028731451847541223,6876.0,6892.75,6852.0,6891.25,-0.002212951206239766,weak,MIXED,2025-11-12,NEUTRAL,BULLISH,2025
5,False,True,,True,-28.75,-0.4856711915535445,-15.25,-0.0020755953681450556,-0.00043647473902452827,6762.0,6850.5,6746.0,6847.25,-0.012450253751506102,weak,MIXED,2025-11-13,BEARISH,NEUTRAL,2025
5,True,False,False,False,-70.0,-1.0834715312327252,-85.25,-0.006863799948057747,-0.0034750462107209223,6758.0,6795.5,6670.5,6692.0,0.00986252241482366,medium,LH_LL,2025-11-14,BEARISH,BEARISH,2025
3,False,True,,False,-23.75,-0.3342548378989696,66.0,-0.005893186003683271,0.0005543032408261706,6693.75,6774.75,6658.5,6734.25,-0.00601403274306711,medium,LH_LL,2025-11-17,BEARISH,NEUTRAL,2025
2,True,True,True,False,-37.0,-0.4844517184942717,-40.5,-0.0028439920667590046,-0.0025383552950838384,6637.5,6687.5,6594.0,6656.75,-0.002891801554812834,weak,MIXED,2025-11-18,BEARISH,BEARISH,2025
0,False,,True,True,5.0,0.06404391582799634,-19.25,-0.0007885250826074053,0.005393987401455913,6661.75,6709.0,6622.0,6642.5,0.0028980052691005564,weak,LH_LL,2025-11-19,NEUTRAL,BULLISH,2025
1,True,False,False,True,103.25,1.292067039106145,19.25,0.005758656561153153,0.007205794504181684,6558.75,6791.25,6552.5,6765.0,-0.030487804878048808,medium,MIXED,2025-11-20,BULLISH,BULLISH,2025
1,False,True,,False,22.75,0.24528301886792453,-206.25,0.005837466615795428,0.0013354700854701917,6622.5,6677.5,6539.0,6581.5,0.006229582921826404,medium,MIXED,2025-11-21,BULLISH,NEUTRAL,2025
1,False,True,,False,35.25,0.35838779956427014,41.0,0.0022597167821634123,0.0001884943074719203,6718.75,6731.75,6646.75,6657.75,0.009162254515414414,weak,HH_HL,2025-11-24,BULLISH,NEUTRAL,2025
0,False,,,True,-2.25,-0.022380106571936054,61.0,0.0014907573047107103,-0.001784386617100342,6780.25,6792.5,6674.5,6716.5,0.009491550658825343,weak,MIXED,2025-11-25,NEUTRAL,NEUTRAL,2025
0,False,,True,True,24.75,0.23773584905660378,63.75,0.0012508737721201868,0.0033182170113925658,6825.25,6846.75,6795.75,6805.0,0.002975753122703928,weak,MIXED,2025-11-26,NEUTRAL,BULLISH,2025
0,False,,False,False,-11.75,-0.11580429426258361,20.25,0.00014670823399964839,-0.0053592912610740395,6829.0,6855.75,6812.75,6813.5,0.0022748954281939238,weak,MIXED,2025-12-01,NEUTRAL,BEARISH,2025
5,True,False,False,True,15.25,0.15658232489915658,15.5,0.002048430755724695,0.0026733072106053246,6839.25,6863.5,6818.0,6844.25,-0.0007305402345033629,weak,MIXED,2025-12-02,BULLISH,BULLISH,2025
0,False,,,True,-10.0,-0.10479041916167664,-5.0,0.0005107997664914876,0.0010229805268349157,6862.5,6873.25,6820.25,6829.25,0.004868763041329549,weak,MIXED,2025-12-03,NEUTRAL,NEUTRAL,2025
0,False,,,True,13.75,0.1436835230453443,33.25,-0.000582389982892284,-0.00032776138970824764,6867.5,6876.75,6836.25,6876.25,-0.0012724959098345812,weak,MIXED,2025-12-04,NEUTRAL,NEUTRAL,2025
1,False,False,,False,7.75,0.08100037327360955,-8.75,-0.002108017736425105,0.001747806139169139,6876.75,6905.0,6866.5,6875.25,0.00021817388458611475,weak,MIXED,2025-12-05,BEARISH,NEUTRAL,2025
0,False,,,True,9.0,0.09893992932862192,1.5,0.0006173287820465667,0.001126535358674241,6856.5,6886.25,6835.25,6885.75,-0.00424790327850999,weak,MIXED,2025-12-08,NEUTRAL,NEUTRAL,2025
0,False,,,True,-6.0,-0.07002917882451021,-29.25,-0.0009843596193809256,-0.000509869619054526,6849.25,6872.75,6844.5,6850.5,-0.0001824684329611026,weak,MIXED,2025-12-09,NEUTRAL,NEUTRAL,2025
0,False,,,False,-5.75,-0.0724246513720198,-1.25,-0.0008391098139365338,-0.0008033595033777319,6892.0,6908.0,6830.75,6843.5,0.007087016877328933,weak,MIXED,2025-12-10,NEUTRAL,NEUTRAL,2025
0,False,,False,True,-24.0,-0.30677927413832456,48.5,0.0013128624047262782,-0.005875312806005839,6908.0,6909.25,6838.0,6868.0,0.0058241118229469535,weak,MIXED,2025-12-11,NEUTRAL,BEARISH,2025
0,False,,True,True,-11.75,-0.15238536359425658,40.0,0.0015586486878353956,-0.003898916967508992,6831.25,6903.0,6805.0,6896.25,-0.009425412361790841,weak,MIXED,2025-12-12,NEUTRAL,BEARISH,2025
0,False,,False,True,39.75,0.5928095872170439,-65.0,0.0008744125040986983,0.004499890246579374,6820.75,6871.75,6806.25,6871.0,-0.007313345946732608,weak,MIXED,2025-12-15,NEUTRAL,BULLISH,2025
4,False,False,True,True,-15.5,-0.2506497256713832,-50.25,0.0026129839540702804,-0.002637652489284492,6800.25,6823.75,6762.0,6805.25,-0.0007347268652878602,weak,MIXED,2025-12-16,BULLISH,BEARISH,2025
0,False,,False,False,65.25,1.084272997032641,-5.0,-0.0003272251308900076,0.012917709406742306,6777.0,6871.25,6775.5,6865.5,-0.012890539654795696,weak,MIXED,2025-12-17,NEUTRAL,BULLISH,2025
1,True,False,False,True,62.75,1.0710149344711979,-88.5,0.003231848396929804,0.0027628379871804665,6828.5,6872.0,6811.75,6839.75,-0.001644796958953143,weak,MIXED,2025-12-18,BULLISH,BULLISH,2025
2,False,False,True,False,18.75,0.31645569620253167,-11.25,-0.0024442741964905146,0.0035542852955186,6888.5,6893.75,6845.75,6847.25,0.006024316331374013,weak,MIXED,2025-12-19,BEARISH,BULLISH,2025
0,False,,True,True,33.25,0.5578190533253445,41.25,0.001266189132479667,0.0025386233408282166,6929.5,6936.25,6908.5,6921.75,0.0011196590457616118,weak,MIXED,2025-12-22,NEUTRAL,BULLISH,2025
1,False,False,,False,-10.25,-0.17569635751453933,7.75,-0.0028836102800706698,0.00028856905818264167,6960.25,6963.75,6918.75,6919.25,0.005925497705676186,weak,LH_LL,2025-12-23,BEARISH,NEUTRAL,2025
0,False,,,True,23.25,0.4024729520865533,41.0,0.0004298456137836748,0.0,6980.0,6994.0,6969.0,6983.5,-0.0005011813560535927,weak,HH_HL,2025-12-26,NEUTRAL,NEUTRAL,2025
0,False,,False,False,-28.75,-0.5074062401512764,-3.5,-0.001758983379401946,-0.002078257130571859,6955.0,6967.75,6936.0,6951.25,0.0005394713181081645,weak,LH_LL,2025-12-29,NEUTRAL,BEARISH,2025
0,False,,,False,-5.25,-0.09345200254291162,3.75,-0.00028758357897762377,-0.0006828146337957142,6945.25,6961.5,6940.75,6949.75,-0.000647505305946261,weak,MIXED,2025-12-30,NEUTRAL,NEUTRAL,2025
1,False,False,True,True,0.0,,-4.5,0.0035380338640385034,-0.002699589662371271,6891.75,6947.5,6890.25,6945.25,-0.007703106439652996,weak,HH_HL,2025-12-31,BULLISH,BEARISH,2025
0,False,,False,False,36.0,0.6418338108882521,-53.5,-0.0012253135361106615,0.006092475067996483,6900.25,6939.75,6866.75,6927.75,-0.003969542780845159,weak,LH_LL,2026-01-02,NEUTRAL,BULLISH,2026
0,False,,True,True,34.0,0.6094750320102433,-27.5,0.0013017066820943946,0.002862111441199966,6946.0,6963.5,6932.75,6934.25,0.0016944875076612131,weak,MIXED,2026-01-05,NEUTRAL,BULLISH,2026
0,False,,,False,0.75,0.014179608372721133,11.75,0.0006484850668300179,-0.00043205875999130505,6986.25,6991.5,6945.5,6946.75,0.005686112210746108,weak,MIXED,2026-01-06,NEUTRAL,NEUTRAL,2026
0,False,,,True,2.75,0.05591866376180101,39.5,0.0015403904710729055,-0.0014309222293767965,6963.0,7006.75,6959.25,6989.0,-0.0037201316354270597,weak,HH_HL,2026-01-07,NEUTRAL,NEUTRAL,2026
0,False,,False,False,-9.25,-0.1931394481730052,-26.0,0.0010072667098353083,-0.002404191187024507,6960.75,6972.5,6940.0,6953.75,0.0010066510875426093,weak,MIXED,2026-01-08,NEUTRAL,BEARISH,2026
2,False,True,,True,9.5,0.2074074074074074,7.0,0.0027987082884821657,-0.0006455083378160698,7004.75,7017.5,6955.75,6970.25,0.004949607259423949,weak,MIXED,2026-01-09,BULLISH,NEUTRAL,2026
0,False,,False,False,-35.25,-0.8126801152737753,34.5,0.0012935216125902205,-0.006460593946316373,7016.0,7025.25,6968.75,6969.5,0.0066719276849127596,weak,MIXED,2026-01-12,NEUTRAL,BEARISH,2026
0,False,,,True,2.5,0.057995028997514506,46.5,0.0016408646643362168,-0.000891392711973138,7000.75,7024.25,6976.75,7018.5,-0.0025290304196052826,weak,MIXED,2026-01-13,NEUTRAL,NEUTRAL,2026
1,True,True,True,False,-28.5,-0.6616915422885572,-17.75,-0.002753934191702445,-0.003964710504696933,6968.0,6979.75,6923.25,6972.25,-0.0006095593244648256,weak,MIXED,2026-01-14,BEARISH,BEARISH,2026
0,False,,False,True,41.0,0.9085872576177285,-4.25,0.0014309734196686907,0.004238505747126364,6984.75,7017.25,6974.75,7009.0,-0.0034598373519760806,weak,MIXED,2026-01-15,NEUTRAL,BULLISH,2026
0,False,,False,False,11.75,0.2614223281684545,-24.25,-0.0010360102886538547,0.0026133027851364954,6976.5,7002.25,6960.5,6996.5,-0.0028585721432144995,weak,MIXED,2026-01-16,NEUTRAL,BULLISH,2026
2,False,False,True,False,-104.75,-2.2701238390092877,-20.0,0.002225546353387564,-0.007340975662676774,6833.75,6904.75,6822.25,6871.75,-0.0055298868556045155,weak,MIXED,2026-01-20,BULLISH,BEARISH,2026
0,False,,,False,19.0,0.38177251524937206,-38.0,-0.001755219951000142,0.000694698354661849,6911.0,6945.25,6837.25,6852.75,0.008500237131078725,weak,MIXED,2026-01-21,NEUTRAL,NEUTRAL,2026
0,False,,False,True,45.0,0.8035714285714286,58.25,0.0006472026463397729,0.005133210425477985,6946.0,6969.0,6925.5,6956.0,-0.0014376078205865506,weak,MIXED,2026-01-22,NEUTRAL,BULLISH,2026
0,False,,,False,-11.0,-0.19993508601103538,-10.0,-0.00021646583447576528,-0.0015129137999351228,6945.5,6964.0,6925.0,6935.0,0.001514059120403699,weak,MIXED,2026-01-23,NEUTRAL,NEUTRAL,2026
1,False,True,,False,12.25,0.232937181663837,10.5,0.0033919099339660974,7.21110510186751e-05,6980.75,6995.5,6952.0,6957.75,0.0033056663432862177,weak,HH_HL,2026-01-26,BULLISH,NEUTRAL,2026
0,False,,True,True,13.5,0.2523364485981308,23.0,-7.14745193338695e-05,0.003153217715350376,7008.75,7018.5,6988.25,6994.25,0.0020731315008757356,weak,LH_LL,2026-01-27,NEUTRAL,BULLISH,2026
0,False,,False,False,14.0,0.26730310262529833,14.5,-0.001315508781910002,0.0037092517297951932,7006.5,7031.0,6991.25,7022.75,-0.0023139083692286233,weak,LH_LL,2026-01-28,NEUTRAL,BULLISH,2026
0,False,,,True,8.5,0.16402481047553413,-16.25,0.0006054777932116284,-0.00042754836640890304,6989.75,7021.5,6898.25,7015.0,-0.0035994297933000796,weak,HH_HL,2026-01-29,NEUTRAL,NEUTRAL,2026
3,False,True,False,True,-23.5,-0.403062787136294,-25.25,0.004403378329603802,-0.007296398297507056,6968.0,6991.25,6918.75,6966.25,0.0002512111968420161,medium,MIXED,2026-01-30,BULLISH,BEARISH,2026
6,False,True,False,False,-24.5,-0.4147521160822249,1.75,0.0024908848056026667,-0.0063207038965702456,7003.0,7017.25,6941.75,6943.5,0.008569165406495216,weak,MIXED,2026-02-02,BULLISH,BEARISH,2026
0,False,,,True,6.5,0.10756501182033097,59.5,0.00014256691734693128,0.0011423267768535528,6940.5,7017.0,6886.25,7009.5,-0.009843783436764397,weak,MIXED,2026-02-03,NEUTRAL,NEUTRAL,2026
0,False,,,False,8.75,0.1318267419962335,-69.0,0.0008284407304686159,0.0016573590344082234,6906.25,6960.75,6862.5,6949.25,-0.006187718099075479,weak,MIXED,2026-02-04,NEUTRAL,NEUTRAL,2026
2,True,True,True,False,-52.75,-0.7605561277033985,-43.0,-0.006951232757684389,-0.0029587933896225715,6817.75,6881.25,6801.5,6853.5,-0.005216312832859171,medium,MIXED,2026-02-05,BEARISH,BEARISH,2026
6,True,True,True,True,38.5,0.5345896355070667,-35.75,0.002009279216746318,0.008911802614619768,6948.75,6965.5,6850.25,6856.25,0.01349134001823149,weak,MIXED,2026-02-06,BULLISH,BULLISH,2026
0,False,,,True,-13.25,-0.17148139588629535,92.5,-0.0008280828082808389,-0.001439729330885764,6980.25,7000.5,6924.25,6935.5,0.0064523105760219135,weak,MIXED,2026-02-09,NEUTRAL,NEUTRAL,2026
0,False,,,False,9.5,0.12366341236634124,44.75,-0.000715409929889832,0.0007517182130585276,6961.25,7006.5,6957.0,6989.75,-0.004077399048606933,weak,MIXED,2026-02-10,NEUTRAL,NEUTRAL,2026
1,False,False,,True,42.5,0.5850540806293019,-28.5,0.005598822811613946,-0.0008966358223944093,6958.75,7011.5,6931.0,7003.75,-0.0064251293949669774,medium,MIXED,2026-02-11,BULLISH,NEUTRAL,2026
0,False,,False,True,22.75,0.3021821631878558,-45.0,0.0004295840194745715,0.0023696682464455776,6850.5,6992.75,6842.0,6981.5,-0.018763875957888754,weak,MIXED,2026-02-12,NEUTRAL,BULLISH,2026
0,False,,True,False,1.0,0.012009435985417115,-131.0,0.0012049512542446905,-0.0034612161620577453,6850.0,6897.75,6808.75,6851.5,-0.00021893016127860765,weak,MIXED,2026-02-13,NEUTRAL,BEARISH,2026
1,True,False,False,False,-15.0,-0.17337461300309598,-1.5,-0.0022291247944454806,-0.004158004158004158,6862.5,6883.75,6791.0,6835.0,0.004023408924652472,weak,MIXED,2026-02-17,BEARISH,BEARISH,2026
1,False,False,True,False,11.25,0.12365063788027478,27.5,-0.0032265081206496182,0.005246092753834475,6895.5,6925.75,6861.5,6873.75,0.003164211674850037,weak,MIXED,2026-02-18,BEARISH,BULLISH,2026
0,False,,False,False,-24.75,-0.266897746967071,21.75,-0.001344232515894661,-0.0027568195008705887,6878.25,6894.5,6847.75,6870.75,0.0010915838882217255,weak,MIXED,2026-02-19,NEUTRAL,BEARISH,2026
4,False,False,,False,-25.5,-0.29220380601596074,7.5,-0.004497642364889365,0.0015278838808250317,6924.75,6931.5,6847.25,6852.75,0.010506730874466408,medium,MIXED,2026-02-20,BEARISH,NEUTRAL,2026
0,False,,True,False,-16.75,-0.19010944466963922,72.0,-0.0011219688744118494,-0.00263547420484489,6854.0,6930.25,6832.75,6908.0,-0.007817023740590567,weak,MIXED,2026-02-23,NEUTRAL,BEARISH,2026
0,False,,,True,-6.5,-0.0724810832337714,-54.0,-0.0006916132789749341,0.001130025881237895,6903.25,6912.75,6828.5,6847.5,0.008141657539247893,weak,MIXED,2026-02-24,NEUTRAL,NEUTRAL,2026
0,False,,,True,27.25,0.31555004135649295,55.75,0.0017715752557938558,0.0017753623188405676,6959.5,6965.75,6929.75,6930.5,0.004184402279777899,weak,HH_HL,2026-02-25,NEUTRAL,NEUTRAL,2026
0,False,,True,True,1.5,0.01831262262916939,29.0,0.0011137057661216865,-0.003153895778080451,6921.5,6961.25,6870.75,6961.0,-0.005674472058612268,weak,HH_HL,2026-02-26,NEUTRAL,BEARISH,2026
3,False,False,,False,-65.75,-0.7952483801295896,-39.5,-0.005216257335361907,-0.00133985152996563,6888.25,6894.0,6841.5,6855.75,0.004740546256791767,medium,LH_LL,2026-02-27,BEARISH,NEUTRAL,2026
0,False,,False,False,-77.25,-0.9878967800867778,32.5,-0.0007339449541284848,-0.008217882986073288,6887.25,6911.25,6804.5,6811.0,0.011195125532227346,weak,MIXED,2026-03-02,NEUTRAL,BEARISH,2026
0,False,,False,False,-114.5,-1.4245723172628304,76.25,0.00014775959513868564,-0.01746677318614276,6825.75,6849.75,6718.75,6772.75,0.007825477095714461,weak,MIXED,2026-03-03,NEUTRAL,BEARISH,2026
5,True,True,True,True,13.0,0.15081831365237208,53.0,0.003406593406593439,0.004219254476078627,6873.0,6894.0,6817.75,6838.75,0.005008225187351556,weak,MIXED,2026-03-04,BULLISH,BULLISH,2026
1,False,True,,False,-30.75,-0.358004158004158,34.25,-0.003929273084479323,-0.0013446721907254267,6835.0,6877.5,6777.0,6842.25,-0.0010595929701486817,weak,MIXED,2026-03-05,BEARISH,NEUTRAL,2026
5,False,True,,False,-82.75,-1.0054241701019744,-7.25,-0.008889868488722308,-0.0014652551375508027,6742.5,6780.5,6715.75,6752.25,-0.0014439631234033357,strong,MIXED,2026-03-06,BEARISH,NEUTRAL,2026
8,False,True,False,False,-61.0,-0.7570921985815603,-9.75,0.0020656501164275642,-0.008419881305637977,6801.75,6818.5,6641.0,6681.5,0.01799745566115396,weak,MIXED,2026-03-09,BULLISH,BEARISH,2026
2,False,True,False,True,-6.75,-0.07792207792207792,120.25,-0.005058651026392913,0.003900643974241058,6788.0,6852.0,6765.0,6795.0,-0.0010301692420897623,medium,MIXED,2026-03-10,BEARISH,BULLISH,2026
0,False,,True,False,4.5,0.05099150141643059,-7.0,-0.001511353583013908,-0.004082533377468778,6779.75,6818.0,6749.75,6792.5,-0.001877070298122896,weak,MIXED,2026-03-11,NEUTRAL,BEARISH,2026
0,False,,,True,-53.0,-0.5902943516308671,-12.75,-0.0018148148148148247,-0.0018464492780383424,6676.25,6732.0,6675.25,6726.75,-0.007507340097372417,weak,MIXED,2026-03-12,NEUTRAL,NEUTRAL,2026
3,False,False,,True,30.25,0.34444896299308664,-50.5,0.006109903291101393,-0.0016080176507984323,6637.0,6737.5,6627.0,6706.5,-0.010363080593454144,medium,HH_HL,2026-03-13,BULLISH,NEUTRAL,2026
2,True,True,True,True,60.25,0.6788732394366197,-69.5,0.004237605940148548,0.004716803139504178,6703.0,6734.25,6684.5,6697.25,0.0008585613498077738,medium,HH_HL,2026-03-16,BULLISH,BULLISH,2026
4,False,False,,True,33.75,0.39114238410596025,5.75,0.0065141701920556905,-0.0003358584916222096,6720.5,6757.5,6713.75,6736.75,-0.0024121423535087283,medium,HH_HL,2026-03-17,BULLISH,NEUTRAL,2026
1,False,True,False,False,26.0,0.29940366029200083,-16.25,-0.010174471992653866,0.012345679012345734,6677.25,6759.75,6673.75,6746.5,-0.010264581634921832,strong,LH_LL,2026-03-18,BEARISH,BULLISH,2026
1,False,False,,False,-48.0,-0.5547987616099072,-69.25,-0.004205782951558379,0.001913265306122458,6658.75,6692.0,6611.75,6629.25,0.004449975487423208,medium,LH_LL,2026-03-19,BEARISH,NEUTRAL,2026
4,True,True,True,False,-16.0,-0.1807909604519774,29.5,-0.0027769438607024854,-0.005696724383479457,6562.75,6643.0,6523.75,6642.75,-0.012043204997930101,weak,HH_HL,2026-03-20,BEARISH,BEARISH,2026
2,False,False,True,True,95.25,1.0655213743507792,-80.0,0.026385426653882993,-0.012483873415800262,6631.5,6704.75,6616.0,6658.0,-0.003980174226494437,strong,MIXED,2026-03-23,BULLISH,BEARISH,2026
2,False,False,,False,-42.25,-0.48914616497829233,-26.5,-0.003435258588146417,-0.00015076702725114188,6607.0,6646.0,6573.5,6589.25,0.002693781538111395,weak,LH_LL,2026-03-24,BEARISH,NEUTRAL,2026
0,False,,,True,54.75,0.6358357527996682,17.75,0.000563316809373493,0.0019559902200489976,6642.0,6684.75,6616.5,6661.75,-0.002964686456261467,weak,MIXED,2026-03-25,NEUTRAL,NEUTRAL,2026
6,True,True,True,False,-49.0,-0.5847006179416152,-19.75,-0.0023856407149348557,-0.007566631531395918,6523.0,6622.0,6520.25,6593.0,-0.010617321401486413,weak,LH_LL,2026-03-26,BEARISH,BEARISH,2026
5,True,True,True,False,-28.25,-0.3267919851270399,-70.0,-0.00505863416877439,-0.0030984622446638133,6407.25,6495.75,6398.25,6494.75,-0.013472420031563903,medium,LH_LL,2026-03-27,BEARISH,BEARISH,2026
11,True,False,False,True,60.5,0.7493917274939172,-87.5,0.0027924294135899252,0.006134729603000988,6387.75,6471.25,6359.5,6467.75,-0.012369061883962695,weak,MIXED,2026-03-30,BULLISH,BULLISH,2026
1,True,True,True,False,69.5,0.8424242424242424,-80.0,0.002057373549163355,0.00861630047389661,6569.0,6583.25,6447.0,6457.25,0.01730612876998716,weak,HH_HL,2026-03-31,BULLISH,BULLISH,2026
0,False,,True,True,37.25,0.42641046606704824,111.75,-0.0007574323044877707,0.005367339170156082,6619.5,6653.75,6598.0,6606.25,0.002005676442762505,weak,MIXED,2026-04-01,NEUTRAL,BULLISH,2026
2,True,False,False,False,-91.75,-1.0511456628477904,13.25,-0.003859675940079521,-0.011522913597038054,6623.25,6644.5,6514.25,6527.75,0.014629849488721147,weak,LH_LL,2026-04-02,BEARISH,BEARISH,2026
1,False,False,True,True,-1.5,-0.016911616670022146,95.5,-0.002370203160270923,0.005072875260268894,6653.0,6661.0,6617.75,6621.75,0.0047192962585418385,weak,MIXED,2026-04-06,BEARISH,BULLISH,2026
1,False,False,,False,-23.5,-0.26634284557781823,31.25,-0.004620759607798952,0.0015411795662143568,6655.5,6659.5,6572.75,6629.5,0.003921864393996444,medium,MIXED,2026-04-07,BEARISH,NEUTRAL,2026
0,False,,False,True,174.0,1.9057304909055348,26.0,-0.0003292361720808046,0.025287011330382025,6823.5,6836.75,6780.0,6829.5,-0.0008785416209092789,weak,MIXED,2026-04-08,NEUTRAL,BULLISH,2026
0,False,,False,True,-10.75,-0.12049639711769417,-6.0,0.001729149037930977,-0.002090592334494823,6861.75,6876.0,6801.75,6812.75,0.007192396609298823,weak,MIXED,2026-04-09,NEUTRAL,BEARISH,2026
1,False,False,,True,13.25,0.1492357200321802,49.0,0.002919068817047288,0.00029151331851484663,6855.5,6883.0,6846.25,6875.0,-0.002836363636363637,weak,HH_HL,2026-04-10,BULLISH,NEUTRAL,2026
0,False,,False,True,-20.75,-0.25032313657906075,-19.5,0.001357648699225722,-0.0073210708431979965,6921.25,6924.75,6826.5,6834.75,0.012655912798566149,weak,MIXED,2026-04-13,NEUTRAL,BEARISH,2026
0,False,,,True,16.5,0.19743589743589743,86.5,0.0,0.000866113316492223,7006.0,7008.0,6937.5,6937.75,0.00983748333393386,weak,MIXED,2026-04-14,NEUTRAL,NEUTRAL,2026
0,False,,,True,8.25,0.09888698630136986,68.25,0.0,-0.0005710818431666764,7060.0,7064.5,7004.0,7014.25,0.0065224364686173875,weak,MIXED,2026-04-15,NEUTRAL,NEUTRAL,2026
0,False,,,True,11.5,0.138763197586727,45.75,0.0002476035513423458,0.0014522013246909271,7076.75,7089.0,7046.5,7071.5,0.0007424167432652506,weak,MIXED,2026-04-16,NEUTRAL,NEUTRAL,2026
2,True,True,True,True,44.5,0.5658492279745686,5.25,0.006381553432288634,0.0020838484088581133,7161.5,7185.75,7117.0,7121.25,0.005652097595225447,medium,HH_HL,2026-04-17,BULLISH,BULLISH,2026
0,False,,False,True,-13.25,-0.17300069946374447,40.25,0.0009818360333824216,-0.00505984576194296,7148.25,7159.5,7121.5,7148.25,0.0,weak,MIXED,2026-04-20,NEUTRAL,BEARISH,2026
0,False,,False,True,14.25,0.199799699549324,0.0,0.0,0.0023070469798658344,7100.5,7172.5,7085.0,7162.5,-0.0086561954624782,weak,MIXED,2026-04-21,NEUTRAL,BULLISH,2026
0,False,,True,False,49.75,0.7333508818110029,-62.0,7.004272606292439e-05,0.0022464810979676564,7170.25,7173.0,7140.75,7150.25,0.002797104996328903,weak,MIXED,2026-04-22,NEUTRAL,BULLISH,2026
1,False,False,True,False,-18.0,-0.2720647773279352,20.0,0.0026636758727043297,-0.004117523902575249,7141.75,7181.5,7079.25,7152.25,-0.0014680694886224366,weak,HH_HL,2026-04-23,BULLISH,BEARISH,2026
2,False,True,,True,20.75,0.32340662399109377,-10.5,0.002624763771260641,0.001577287066246047,7194.75,7200.5,7145.0,7162.5,0.004502617801047215,weak,MIXED,2026-04-24,BULLISH,NEUTRAL,2026
0,False,,,False,-8.5,-0.13069741900054913,32.25,-6.955312119627521e-05,-0.0009033423667570428,7207.25,7211.25,7177.0,7186.25,0.0029222473473646815,weak,MIXED,2026-04-27,NEUTRAL,NEUTRAL,2026
2,False,True,,False,-35.25,-0.5751748251748252,21.0,-0.004305256579404171,-0.0018736338086812188,7171.5,7183.0,7146.25,7172.0,-6.971556051316163e-05,medium,LH_LL,2026-04-28,BEARISH,NEUTRAL,2026
0,False,,,False,-8.25,-0.13782816229116945,-0.5,-0.0005228120316475016,-0.00041826420355528526,7170.25,7175.25,7137.0,7163.25,0.000977210065263634,weak,MIXED,2026-04-29,NEUTRAL,NEUTRAL,2026
5,True,True,True,True,29.75,0.5193266832917706,7.0,0.005443126308443791,0.0041657915003849855,7238.25,7251.75,7157.25,7200.0,0.005312500000000053,medium,HH_HL,2026-04-30,BULLISH,BULLISH,2026
0,False,,,True,26.25,0.42744984006978776,38.25,0.0011378917968345448,0.0008969538068790417,7257.5,7300.75,7255.5,7264.5,-0.0009635900612567916,weak,HH_HL,2026-05-01,NEUTRAL,NEUTRAL,2026
0,False,,False,False,-7.0,-0.12147505422993492,-7.0,-0.001790078832317854,0.002207581663274727,7231.0,7271.0,7199.5,7250.5,-0.0026894696917454386,weak,MIXED,2026-05-04,NEUTRAL,BULLISH,2026
0,False,,True,True,36.5,0.6326214794181368,-19.5,0.000964885075295463,0.004186706342341084,7287.0,7299.75,7264.25,7267.5,0.002683178534571784,weak,MIXED,2026-05-05,NEUTRAL,BULLISH,2026
0,False,,True,True,44.0,0.7869690194825935,19.5,0.0004430660168364131,0.00633952436433427,7386.75,7395.75,7327.25,7331.0,0.0076046924021280216,weak,MIXED,2026-05-06,NEUTRAL,BULLISH,2026
0,False,,,True,12.5,0.21638330757341576,55.75,0.0008789425644839532,0.0009814871222120214,7364.25,7410.0,7345.5,7399.25,-0.00473020914281852,weak,HH_HL,2026-05-07,NEUTRAL,NEUTRAL,2026
0,False,,True,False,31.5,0.54816656308266,-35.0,0.0006086221470837927,0.005746540174776493,7421.0,7427.75,7391.75,7395.75,0.0034141229760336067,weak,MIXED,2026-05-08,NEUTRAL,BULLISH,2026
0,False,,,False,-11.0,-0.19190031152647977,25.25,-0.0007081197734016831,-0.000741189946769083,7438.75,7454.75,7410.0,7410.0,0.003879892037786714,weak,MIXED,2026-05-11,NEUTRAL,NEUTRAL,2026
0,False,,False,False,-24.75,-0.456071076011846,28.75,0.0013496187327080023,-0.0031607262945527737,7428.25,7433.75,7363.25,7414.0,0.0019220393849475048,weak,MIXED,2026-05-12,NEUTRAL,BEARISH,2026
1,False,False,True,False,1.0,0.017543859649122806,14.25,-0.003558241020476638,0.0035711879253419454,7468.5,7483.75,7399.0,7429.25,0.005283171248780194,weak,MIXED,2026-05-13,BEARISH,BULLISH,2026
0,False,,,True,12.5,0.2242152466367713,39.25,0.0002671029347935949,0.0012038523274477964,7526.0,7540.0,7479.75,7481.0,0.006015238604464734,weak,MIXED,2026-05-14,NEUTRAL,NEUTRAL,2026
0,False,,True,False,-66.5,-1.1856096784463546,45.0,-0.0016442953020133766,-0.010368204173866857,7432.5,7475.75,7420.25,7459.5,-0.003619545545948122,weak,MIXED,2026-05-15,NEUTRAL,BEARISH,2026
2,False,False,,True,6.0,0.10415375077495351,-27.0,0.004550817461655088,-0.00101105419250469,7426.25,7454.25,7373.5,7438.5,-0.0016468374000134789,medium,MIXED,2026-05-18,BULLISH,NEUTRAL,2026
0,False,,True,False,-39.5,-0.6502057613168725,-12.25,-0.0016187232320507006,-0.002998551261749971,7377.5,7415.25,7354.25,7386.75,-0.0012522421904085368,weak,MIXED,2026-05-19,NEUTRAL,BEARISH,2026
0,False,,True,True,17.5,0.280561122244489,-9.25,0.0006420871210841561,0.0040013563919973905,7451.5,7458.0,7376.75,7395.0,0.007640297498309634,weak,MIXED,2026-05-20,NEUTRAL,BULLISH,2026
1,False,False,True,False,-27.75,-0.4517441860465116,56.5,-0.004461590070446109,0.002892409107725369,7465.25,7486.75,7408.5,7423.75,0.005590166694729781,medium,MIXED,2026-05-21,BEARISH,BULLISH,2026
1,True,False,False,True,31.5,0.49384098544232924,41.5,0.0023379312648208472,0.002176242132047701,7490.75,7524.0,7478.75,7496.75,-0.0008003468169540673,weak,HH_HL,2026-05-22,BULLISH,BULLISH,2026
0,False,,False,False,43.25,0.6985866743582348,-6.0,0.001493478477315735,-0.0035693039857227493,7539.25,7555.25,7517.0,7534.0,0.0006968409875232062,weak,MIXED,2026-05-26,NEUTRAL,BEARISH,2026
0,False,,False,True,2.75,0.04427832087406556,5.25,-0.0006615725579702803,0.0036175367561648297,7540.0,7547.0,7515.0,7542.0,-0.00026518164942990197,weak,MIXED,2026-05-27,NEUTRAL,BULLISH,2026
0,False,,False,True,-4.75,-0.07983193277310924,-2.0,0.0006637241562406082,-0.0029122679286494035,7582.0,7586.5,7525.25,7535.25,0.006204173716864103,weak,MIXED,2026-05-28,NEUTRAL,BEARISH,2026
0,False,,,True,8.75,0.1476348297680024,46.75,0.0006920643290271311,0.0003294784356364655,7595.0,7611.5,7577.5,7590.75,0.0005598919737839214,weak,MIXED,2026-05-29,NEUTRAL,NEUTRAL,2026
0,False,,True,True,-12.0,-0.2029598308668076,4.25,-0.000689519306540598,0.002535981293021017,7614.0,7632.25,7576.25,7583.0,0.0040880917842542885,weak,MIXED,2026-06-01,NEUTRAL,BULLISH,2026
0,False,,,True,-15.75,-0.2628128724672229,31.0,-0.0011504453867140496,-0.0009200236577512344,7623.5,7632.0,7595.5,7598.25,0.003323133616293328,weak,MIXED,2026-06-02,NEUTRAL,NEUTRAL,2026
0,False,,True,False,-15.0,-0.2608695652173913,25.25,-0.0015422477440525384,-0.0021302395700193433,7572.5,7614.75,7562.5,7608.5,-0.004731550239863269,weak,MIXED,2026-06-03,NEUTRAL,BEARISH,2026
0,False,,,False,-24.25,-0.4394822006472492,-36.0,0.0012598216357788683,3.3123550844615934e-05,7599.5,7611.5,7541.75,7548.25,0.006789653230881321,weak,MIXED,2026-06-04,NEUTRAL,NEUTRAL,2026
0,False,,True,True,-51.75,-0.9264705882352942,51.25,-0.0013888429615422915,-0.002635827485091058,7400.25,7553.0,7379.75,7547.75,-0.019542247689708803,weak,LH_LL,2026-06-05,NEUTRAL,BEARISH,2026
4,True,False,False,True,57.0,0.8869130313976105,-147.5,0.006137244983982493,0.008041530944625341,7416.0,7476.75,7403.75,7457.25,-0.00553152971940063,medium,HH_HL,2026-06-08,BULLISH,BULLISH,2026
0,False,,False,True,42.5,0.6670403587443946,-41.25,0.0019148078473527619,0.004924280751458676,7392.0,7491.0,7247.25,7458.5,-0.008916001877052993,weak,MIXED,2026-06-09,NEUTRAL,BULLISH,2026
0,False,,True,False,-37.0,-0.4819725517562224,-66.5,0.0019083319134434173,-0.007104194857916135,7276.0,7404.75,7275.25,7355.0,-0.010740992522093817,weak,MIXED,2026-06-10,NEUTRAL,BEARISH,2026
1,False,False,True,False,32.0,0.39893143365983974,-79.0,-0.002726095549648977,0.009185358469794958,7394.25,7420.0,7263.0,7308.0,0.011802134646962337,weak,MIXED,2026-06-11,BEARISH,BULLISH,2026
0,False,,True,False,29.25,0.34075306844185566,86.25,-0.0014160485502360265,0.005541851113439078,7433.5,7461.75,7366.5,7423.5,0.0013470734828584519,weak,MIXED,2026-06-12,NEUTRAL,BULLISH,2026
0,False,,True,True,101.5,1.1352107050129818,10.0,0.0003653150011624362,0.011665826189275474,7564.5,7584.5,7534.25,7535.0,0.003915063039150679,weak,MIXED,2026-06-15,NEUTRAL,BULLISH,2026
0,False,,,False,-3.0,-0.03323442136498517,29.5,-0.00023143556172722235,-0.0004960973673766578,7519.25,7570.5,7514.25,7561.5,-0.0055875157045559565,weak,MIXED,2026-06-16,NEUTRAL,NEUTRAL,2026
0,False,,False,True,76.5,0.8315217391304348,-42.25,-0.0005921247409453878,0.010245833471940413,7492.25,7604.25,7472.25,7595.75,-0.01362604087812258,weak,MIXED,2026-06-17,NEUTRAL,BULLISH,2026
0,False,,False,False,85.0,0.8758049678012879,-103.5,0.0016892451392798158,0.006956463853015515,7564.25,7581.5,7535.5,7577.25,-0.0017156620145831747,weak,MIXED,2026-06-18,NEUTRAL,BULLISH,2026
0,False,,,True,9.0,0.09192048148823637,-13.0,0.0011244129902772126,-0.0001985111662531347,7540.25,7599.25,7527.25,7573.25,-0.004357442313405735,weak,MIXED,2026-06-22,NEUTRAL,NEUTRAL,2026
0,False,,False,False,-110.75,-1.118081846042906,-33.0,0.0003028060022878254,-0.012763982362497095,7434.75,7491.0,7415.25,7429.5,0.0007066424389259307,weak,MIXED,2026-06-23,NEUTRAL,BEARISH,2026
0,False,,,True,12.5,0.12272089761570827,5.25,0.00040281973816713723,0.0003021959572895305,7428.25,7496.5,7404.25,7447.25,-0.0025512773171304515,weak,HH_HL,2026-06-24,NEUTRAL,NEUTRAL,2026
0,False,,,False,57.5,0.5491132332878581,-19.0,0.0013374348000534386,0.0004346372450685365,7428.5,7490.5,7390.5,7485.75,-0.007647864275456717,weak,MIXED,2026-06-25,NEUTRAL,NEUTRAL,2026
0,False,,True,False,-47.75,-0.44678362573099417,-57.25,-0.0006090546118968643,-0.0065242979653606925,7380.25,7459.5,7360.0,7380.75,-6.774379297491695e-05,weak,HH_HL,2026-06-26,NEUTRAL,BEARISH,2026
0,False,,True,True,77.0,0.7578207381370826,-0.5,0.0016775145943770386,0.007739362600966526,7497.0,7505.0,7409.0,7457.25,0.005330383184149579,weak,MIXED,2026-06-29,NEUTRAL,BULLISH,2026
0,False,,,True,3.0,0.029055690072639227,39.75,-0.0006331855900290062,0.001668112364048735,7544.75,7567.75,7495.75,7500.0,0.005966666666666676,weak,MIXED,2026-06-30,NEUTRAL,NEUTRAL,2026
0,False,,,True,-12.5,-0.13738959764474976,44.75,-6.640988179040797e-05,-0.0014584990718642388,7542.0,7579.0,7505.75,7532.25,0.001294433934083461,weak,MIXED,2026-07-01,NEUTRAL,NEUTRAL,2026
1,False,False,,False,13.25,0.15236139630390144,9.75,0.002585435380688894,0.000597391390926294,7526.25,7593.75,7479.5,7555.25,-0.0038383905231461624,weak,HH_HL,2026-07-02,BULLISH,NEUTRAL,2026
0,False,,,True,38.5,0.4588210257501596,-29.0,0.0,0.0010586211459573391,7593.5,7602.5,7552.5,7564.75,0.0038005221586965288,weak,LH_LL,2026-07-06,NEUTRAL,NEUTRAL,2026
0,False,,,False,-12.75,-0.15803452855245684,28.75,0.00026389576117424873,-0.001974528581301205,7553.0,7587.5,7529.5,7580.75,-0.003660587672723703,weak,MIXED,2026-07-07,NEUTRAL,NEUTRAL,2026
1,False,True,False,False,-46.0,-0.5662783029237195,-27.75,0.0032750726865622415,-0.01022941702254443,7526.75,7536.5,7469.5,7507.0,0.0026308778473425054,weak,HH_HL,2026-07-08,BULLISH,BEARISH,2026
0,False,,True,True,20.0,0.24390243902439024,19.75,-0.0001656561640658305,0.003492781584724991,7590.75,7595.0,7529.5,7546.75,0.0058303243117898695,weak,HH_HL,2026-07-09,NEUTRAL,BULLISH,2026
0,False,,,True,1.5,0.019417475728155338,44.0,0.00181536125689008,-0.0006920415224913601,7620.75,7627.25,7552.75,7592.25,0.003753827916625596,weak,MIXED,2026-07-10,NEUTRAL,NEUTRAL,2026
0,False,,True,True,-25.25,-0.31846846846846844,28.5,-0.00019740738303608563,-0.003212693417256718,7563.25,7610.5,7551.0,7595.5,-0.004245935093147302,weak,MIXED,2026-07-13,NEUTRAL,BEARISH,2026
1,False,True,,True,16.25,0.20728929384965833,-32.25,0.003342489327199827,0.0004302213985505343,7590.0,7603.75,7556.5,7579.5,0.0013853156540668543,weak,MIXED,2026-07-14,BULLISH,NEUTRAL,2026
0,False,,,True,22.5,0.29466791393826003,10.5,0.0006244453938935024,0.0017784218153076292,7617.0,7626.25,7571.75,7612.5,0.000591133004926192,weak,MIXED,2026-07-15,NEUTRAL,NEUTRAL,2026
1,False,True,,False,-20.0,-0.2715151515151515,4.5,-0.0030225376174518592,-0.0014443277310924874,7577.0,7615.0,7548.25,7597.0,-0.0026326181387389402,weak,LH_LL,2026-07-16,BEARISH,NEUTRAL,2026
0,False,,False,False,-91.75,-1.287074148296593,-20.0,0.0006333755583705081,-0.007794695643557836,7497.0,7539.0,7473.0,7485.25,0.0015697538492367435,weak,MIXED,2026-07-17,NEUTRAL,BEARISH,2026
0,False,,False,True,37.5,0.5443234836702955,11.75,0.0017300462454670207,0.0036025217652355668,7486.0,7552.0,7478.0,7534.5,-0.006437056208109415,weak,MIXED,2026-07-20,NEUTRAL,BULLISH,2026
0,False,,True,False,40.0,0.5941644562334217,-48.5,-0.0010301398996444,0.005245047272241399,7545.75,7554.0,7504.5,7526.0,0.0026242359819292904,weak,LH_LL,2026-07-21,NEUTRAL,BULLISH,2026
0,False,,False,False,-18.0,-0.2739130434782609,19.75,-0.001362126245847195,-0.0021875310728846076,7536.5,7563.5,7525.25,7527.75,0.0011623659127892871,weak,LH_LL,2026-07-22,NEUTRAL,BEARISH,2026
1,True,True,True,False,-83.0,-1.312994350282486,8.75,-0.007015793848711538,-0.0039451001193475665,7444.0,7486.25,7411.75,7453.5,-0.0012745689944321237,medium,LH_LL,2026-07-23,BEARISH,BEARISH,2026
0,False,,,True,0.0,,-9.5,-0.0009386838311710166,0.001341246688797204,7447.75,7496.5,7431.5,7444.0,0.0005037614185920969,weak,MIXED,2026-07-24,NEUTRAL,NEUTRAL,2026
0,False,,False,False,60.0,0.976460331299041,3.75,-0.0007979519233966004,0.010511821601289606,7449.25,7514.0,7416.25,7507.75,-0.007791948320069242,weak,LH_LL,2026-07-27,NEUTRAL,BULLISH,2026
0,False,,,True,0.5,0.007777777777777777,-58.5,0.0019484009674819447,-0.0018447709129938428,7466.0,7485.75,7417.0,7449.75,0.0021812812510486612,weak,MIXED,2026-07-28,NEUTRAL,NEUTRAL,2026
1,False,True,False,False,-9.75,-0.1513723315774882,16.25,-0.002305918524212136,0.0024439236692332944,7350.25,7482.75,7345.75,7456.25,-0.014216261525565765,weak,MIXED,2026-07-29,BEARISH,BULLISH,2026
3,True,True,True,True,64.25,0.9242229642948883,-106.0,0.003526499610050582,0.005350874203333245,7472.75,7478.5,7399.0,7414.5,0.007856227662013548,weak,HH_HL,2026-07-30,BULLISH,BULLISH,2026
1,False,False,True,True,26.25,0.3756708407871199,58.25,-0.0039930786636496185,0.003980199344437718,7520.0,7541.0,7427.5,7499.0,0.0028003733831176714,weak,LH_LL,2026-07-31,BEARISH,BULLISH,2026
0,False,,True,True,26.25,0.35601840639379995,21.0,0.0004960645545339926,0.007196641567268625,7628.5,7637.75,7542.75,7546.25,0.010899453370879497,weak,MIXED,2026-08-03,NEUTRAL,BULLISH,2026
0,False,,,True,29.0,0.37592592592592594,82.25,0.0018003862646895907,0.0008190008190007703,7764.0,7786.0,7656.0,7657.5,0.013907933398628725,weak,MIXED,2026-08-04,NEUTRAL,NEUTRAL,2026
0,False,,,True,45.75,0.5543054954565123,106.5,0.0019590840479173366,0.0018007588912469785,7747.75,7820.25,7745.75,7809.75,-0.00793879445564838,weak,HH_HL,2026-08-05,NEUTRAL,NEUTRAL,2026
0,False,,,True,4.25,0.051149795830646896,-62.0,-0.0013522650439485862,0.001063315611406379,7735.25,7768.5,7724.25,7752.0,-0.0021607327141383026,weak,MIXED,2026-08-06,NEUTRAL,NEUTRAL,2026
1,False,True,,True,22.0,0.26982041173893995,-16.75,0.0038087860301474485,0.0018431093578219482,7778.25,7786.75,7743.5,7757.25,0.0027071449289375327,weak,HH_HL,2026-08-07,BULLISH,NEUTRAL,2026
1,False,False,,False,-5.25,-0.0661715057393653,21.0,-0.0023101357204735606,0.001510816805426085,7778.0,7798.0,7764.5,7773.0,0.000643252283545559,weak,LH_LL,2026-08-10,BEARISH,NEUTRAL,2026
0,False,,,False,13.75,0.17583923270153004,5.0,0.001607717041800738,9.643511523993453e-05,7749.75,7792.5,7738.0,7791.75,-0.005390316681105012,weak,MIXED,2026-08-11,NEUTRAL,NEUTRAL,2026
1,False,False,,True,42.0,0.5292529252925292,-42.0,0.0028986440787142076,0.0017089607583915534,7769.5,7794.0,7756.5,7791.75,-0.0028555844322520896,weak,MIXED,2026-08-12,BULLISH,NEUTRAL,2026
0,False,,True,True,23.75,0.30959031657355685,-22.25,0.0008995694917433017,0.0022531947082113923,7823.25,7838.5,7785.5,7793.25,0.003849485131363739,weak,MIXED,2026-08-13,NEUTRAL,BULLISH,2026
0,False,,,True,4.5,0.05932203389830508,30.0,0.0005430442421339166,0.00031947861090708685,7805.5,7830.75,7796.5,7827.75,-0.0028424515346044954,weak,MIXED,2026-08-14,NEUTRAL,NEUTRAL,2026
