candidate,direction,entry,entry_ts,exit,exit_ts,extras,family,hold_sec,instrument,mae,mfe,news_blackout,outcome,points,r_multiple,stop,target,trading_date
ES_VWAP_MR_V2_PORT,bullish,3246.4273181542194,1577977800,3245.25,1577977860,"{""sigma"": 2.0, ""target_r"": 2.0, ""risk"": 1.1773181542193925, ""theo"": 3246.4273181542194}",VWAP_MR,60,ES,2.1773181542193925,0.5726818457806075,False,STOP_HIT,-1.7573181542193925,-1.492645083167483,3245.25,3248.781954462658,2020-01-02
ES_VWAP_MR_V2_PORT,bearish,3242.5021425363393,1578072600,3244.0,1578072780,"{""sigma"": 2.0, ""target_r"": 2.0, ""risk"": 1.4978574636606936, ""theo"": 3242.5021425363393}",VWAP_MR,180,ES,2.2478574636606936,0.2521425363393064,False,STOP_HIT,-2.0778574636606937,-1.3872197549308245,3244.0,3239.506427609018,2020-01-03
ES_VWAP_MR_V2_PORT,bearish,3232.893264348492,1578326100,3234.5,1578326100,"{""sigma"": 2.0, ""target_r"": 2.0, ""risk"": 1.6067356515081883, ""theo"": 3232.893264348492}",VWAP_MR,0,ES,1.6067356515081883,0.0,False,STOP_HIT,-2.1867356515081884,-1.360980351345023,3234.5,3229.6797930454754,2020-01-06
ES_VWAP_MR_V2_PORT,bearish,3241.2269791778126,1578414900,3238.0,1578430500,"{""sigma"": 2.0, ""target_r"": 2.0, ""risk"": 3.523020822187391, ""theo"": 3241.2269791778126}",VWAP_MR,15600,ES,1.7730208221873909,5.476979177812609,False,TIME_EXIT,2.646979177812609,0.7513379316813517,3244.75,3234.180937533438,2020-01-07
ES_VWAP_MR_V2_PORT,bearish,3249.609057491763,1578501300,3252.5,1578501420,"{""sigma"": 2.0, ""target_r"": 2.0, ""risk"": 2.8909425082370035, ""theo"": 3249.609057491763}",VWAP_MR,120,ES,3.1409425082370035,2.8590574917629965,False,STOP_HIT,-3.4709425082370036,-1.2006266116837114,3252.5,3243.827172475289,2020-01-08
ES_VWAP_MR_V2_PORT,bearish,3273.182411008647,1578584700,3274.75,1578585000,"{""sigma"": 2.0, ""target_r"": 2.0, ""risk"": 1.5675889913532046, ""theo"": 3273.182411008647}",VWAP_MR,300,ES,1.5675889913532046,0.6824110086467954,False,STOP_HIT,-2.1475889913532047,-1.3699949433169476,3274.75,3270.0472330259404,2020-01-09
ES_VWAP_MR_V2_PORT,bullish,3274.7741892542285,1578675300,3273.25,1578675660,"{""sigma"": 2.0, ""target_r"": 2.0, ""risk"": 1.5241892542285314, ""theo"": 3274.7741892542285}",VWAP_MR,360,ES,1.5241892542285314,1.2258107457714686,False,STOP_HIT,-2.1041892542285314,-1.38053017260876,3273.25,3277.8225677626856,2020-01-10
ES_VWAP_MR_V2_PORT,bearish,3274.659895657211,1578927900,3271.9796869716333,1578928800,"{""sigma"": 2.0, ""target_r"": 2.0, ""risk"": 1.3401043427888908, ""theo"": 3274.659895657211}",VWAP_MR,900,ES,0.3401043427888908,2.909895657211109,False,TARGET_HIT,2.1002086855777815,1.5671978804329803,3276.0,3271.9796869716333,2020-01-13
ES_VWAP_MR_V2_PORT,bearish,3285.440646640348,1579017600,3286.75,1579018800,"{""sigma"": 2.0, ""target_r"": 2.0, ""risk"": 1.3093533596520501, ""theo"": 3285.440646640348}",VWAP_MR,1200,ES,1.3093533596520501,1.6906466403479499,False,STOP_HIT,-1.8893533596520502,-1.4429667482230544,3286.75,3282.821939921044,2020-01-14
ES_VWAP_MR_V2_PORT,bullish,3304.0335365524274,1579191900,3306.1006096572823,1579192080,"{""sigma"": 2.0, ""target_r"": 2.0, ""risk"": 1.0335365524274494, ""theo"": 3304.0335365524274}",VWAP_MR,180,ES,0.28353655242744935,2.2164634475725506,False,TARGET_HIT,1.4870731048548986,1.4388200411124656,3303.0,3306.1006096572823,2020-01-16
ES_VWAP_MR_V2_PORT,bearish,3323.9902372938304,1579273800,3325.5,1579274580,"{""sigma"": 2.0, ""target_r"": 2.0, ""risk"": 1.5097627061695675, ""theo"": 3323.9902372938304}",VWAP_MR,780,ES,1.5097627061695675,2.4902372938304325,False,STOP_HIT,-2.0897627061695676,-1.384166331324691,3325.5,3320.9707118814913,2020-01-17
ES_VWAP_MR_V2_PORT,bearish,3321.9037282866598,1579620600,3323.0,1579621080,"{""sigma"": 2.0, ""target_r"": 2.0, ""risk"": 1.0962717133402293, ""theo"": 3321.9037282866598}",VWAP_MR,480,ES,1.0962717133402293,1.1537282866597707,False,STOP_HIT,-1.6762717133402294,-1.5290659176389754,3323.0,3319.7111848599793,2020-01-21
ES_VWAP_MR_V2_PORT,bullish,3328.716423177452,1579710600,3326.0,1579713540,"{""sigma"": 2.0, ""target_r"": 2.0, ""risk"": 2.7164231774518157, ""theo"": 3328.716423177452}",VWAP_MR,2940,ES,3.2164231774518157,1.5335768225481843,False,STOP_HIT,-3.296423177451816,-1.2135160695190645,3326.0,3334.1492695323554,2020-01-22
ES_VWAP_MR_V2_PORT,bearish,3312.5483586123664,1579792800,3311.1450758370993,1579792800,"{""sigma"": 2.0, ""target_r"": 2.0, ""risk"": 0.7016413876335719, ""theo"": 3312.5483586123664}",VWAP_MR,0,ES,0.45164138763357187,2.048358612366428,False,TARGET_HIT,0.8232827752671437,1.173366893369606,3313.25,3311.1450758370993,2020-01-23
ES_VWAP_MR_V2_PORT,bullish,3325.0134592306995,1579878900,3323.75,1579879020,"{""sigma"": 2.0, ""target_r"": 2.0, ""risk"": 1.2634592306994819, ""theo"": 3325.0134592306995}",VWAP_MR,120,ES,1.7634592306994819,1.4865407693005181,False,STOP_HIT,-1.843459230699482,-1.4590571550764626,3323.75,3327.5403776920984,2020-01-24
ES_VWAP_MR_V2_PORT,bearish,3252.9149323811826,1580147700,3243.2447971435477,1580158080,"{""sigma"": 2.0, ""target_r"": 2.0, ""risk"": 4.8350676188174475, ""theo"": 3252.9149323811826}",VWAP_MR,10380,ES,4.3350676188174475,10.414932381182552,False,TARGET_HIT,9.090135237634895,1.88004304267789,3257.75,3243.2447971435477,2020-01-27
ES_VWAP_MR_V2_PORT,bearish,3274.959731647333,1580226600,3271.3791949419983,1580227740,"{""sigma"": 2.0, ""target_r"": 2.0, ""risk"": 1.7902683526672263, ""theo"": 3274.959731647333}",VWAP_MR,1140,ES,1.2902683526672263,4.209731647332774,False,TARGET_HIT,3.0005367053344525,1.6760262230319334,3276.75,3271.3791949419983,2020-01-28
ES_VWAP_MR_V2_PORT,bullish,3279.049414839557,1580311500,3274.25,1580331300,"{""sigma"": 2.0, ""target_r"": 2.0, ""risk"": 7.799414839556903, ""theo"": 3279.049414839557}",VWAP_MR,19800,ES,5.549414839556903,13.700585160443097,False,TIME_EXIT,-5.379414839556903,-0.6897203123846809,3271.25,3294.6482445186707,2020-01-29
ES_VWAP_MR_V2_PORT,bullish,3252.3736696134247,1580401200,3275.121008840274,1580416860,"{""sigma"": 2.0, ""target_r"": 2.0, ""risk"": 11.373669613424681, ""theo"": 3252.3736696134247}",VWAP_MR,15660,ES,8.373669613424681,23.37633038657532,False,TARGET_HIT,22.167339226849364,1.9490050247885338,3241.0,3275.121008840274,2020-01-30
ES_VWAP_MR_V2_PORT,bearish,3296.379353447407,1580830500,,1580830500,"{""sigma"": 2.0, ""target_r"": 2.0, ""risk"": 0.3706465525929161, ""theo"": 3296.379353447407}",VWAP_MR,0,ES,1.3706465525929161,0.8793534474070839,False,AMBIGUOUS,,,3296.75,3295.6380603422213,2020-02-04
ES_VWAP_MR_V2_PORT,bullish,3317.8135443861297,1580917500,3326.440633158389,1580922360,"{""sigma"": 2.0, ""target_r"": 2.0, ""risk"": 4.313544386129706, ""theo"": 3317.8135443861297}",VWAP_MR,4860,ES,3.5635443861297063,8.936455613870294,False,TARGET_HIT,8.047088772259412,1.8655398094743147,3313.5,3326.440633158389,2020-02-05
ES_VWAP_MR_V2_PORT,bearish,3344.366270350861,1581006600,3345.5,1581007260,"{""sigma"": 2.0, ""target_r"": 2.0, ""risk"": 1.133729649138786, ""theo"": 3344.366270350861}",VWAP_MR,660,ES,1.133729649138786,2.116270350861214,False,STOP_HIT,-1.7137296491387861,-1.5115858092276098,3345.5,3342.0988110525836,2020-02-06
ES_VWAP_MR_V2_PORT,bearish,3332.447095790488,1581090000,3335.75,1581090180,"{""sigma"": 2.0, ""target_r"": 2.0, ""risk"": 3.30290420951178, ""theo"": 3332.447095790488}",VWAP_MR,180,ES,4.05290420951178,0.6970957904882198,False,STOP_HIT,-3.8829042095117803,-1.1756030339389507,3335.75,3325.8412873714647,2020-02-07
ES_VWAP_MR_V2_PORT,bullish,3371.1740259949215,1581520200,3376.5220779847646,1581529020,"{""sigma"": 2.0, ""target_r"": 2.0, ""risk"": 2.6740259949215215, ""theo"": 3371.1740259949215}",VWAP_MR,8820,ES,2.1740259949215215,5.5759740050784785,False,TARGET_HIT,4.768051989843043,1.7830985932442207,3368.5,3376.5220779847646,2020-02-12
ES_VWAP_MR_V2_PORT,bearish,3375.385080504787,1581612300,3379.75,1581613680,"{""sigma"": 2.0, ""target_r"": 2.0, ""risk"": 4.364919495213144, ""theo"": 3375.385080504787}",VWAP_MR,1380,ES,4.364919495213144,0.8850805047868562,False,STOP_HIT,-4.944919495213144,-1.1328775938791233,3379.75,3366.6552415143606,2020-02-13
ES_VWAP_MR_V2_PORT,bullish,3370.683659161616,1581704100,3368.75,1581704280,"{""sigma"": 2.0, ""target_r"": 2.0, ""risk"": 1.9336591616161058, ""theo"": 3370.683659161616}",VWAP_MR,180,ES,1.9336591616161058,0.8163408383838942,False,STOP_HIT,-2.513659161616106,-1.2999494489583419,3368.75,3374.5509774848483,2020-02-14
ES_VWAP_MR_V2_PORT,bullish,3366.683583186428,1582040400,3362.5,1582042320,"{""sigma"": 2.0, ""target_r"": 2.0, ""risk"": 4.183583186428223, ""theo"": 3366.683583186428}",VWAP_MR,1920,ES,4.933583186428223,2.8164168135717773,False,STOP_HIT,-4.763583186428223,-1.1386371381072455,3362.5,3375.0507495592847,2020-02-18
ES_VWAP_MR_V2_PORT,bearish,3387.2822886347317,1582212000,3389.0,1582213500,"{""sigma"": 2.0, ""target_r"": 2.0, ""risk"": 1.7177113652683147, ""theo"": 3387.2822886347317}",VWAP_MR,1500,ES,1.7177113652683147,3.2822886347316853,False,STOP_HIT,-2.2977113652683148,-1.3376585913835422,3389.0,3383.846865904195,2020-02-20
ES_VWAP_MR_V2_PORT,bullish,3331.3678942841707,1582311600,3328.0,1582317240,"{""sigma"": 2.0, ""target_r"": 2.0, ""risk"": 3.3678942841706885, ""theo"": 3331.3678942841707}",VWAP_MR,5640,ES,3.3678942841706885,6.1321057158293115,False,STOP_HIT,-3.9478942841706886,-1.172214431648296,3328.0,3338.103682852512,2020-02-21
ES_VWAP_MR_V2_PORT,bullish,3233.821665463448,1582565700,3224.5,1582567200,"{""sigma"": 2.0, ""target_r"": 2.0, ""risk"": 9.321665463447971, ""theo"": 3233.821665463448}",VWAP_MR,1500,ES,12.071665463447971,1.928334536552029,False,STOP_HIT,-9.901665463447971,-1.0622206409653179,3224.5,3252.464996390344,2020-02-24
ES_VWAP_MR_V2_PORT,bullish,3142.461589121159,1582658100,3131.0,1582658820,"{""sigma"": 2.0, ""target_r"": 2.0, ""risk"": 11.461589121158795, ""theo"": 3142.461589121159}",VWAP_MR,720,ES,11.461589121158795,4.538410878841205,False,STOP_HIT,-12.041589121158795,-1.0506038031785039,3131.0,3165.3847673634764,2020-02-25
ES_VWAP_MR_V2_PORT,bearish,3177.3247664065484,1582732200,3179.25,1582732200,"{""sigma"": 2.0, ""target_r"": 2.0, ""risk"": 1.925233593451594, ""theo"": 3177.3247664065484}",VWAP_MR,0,ES,2.925233593451594,0.07476640654840594,False,STOP_HIT,-2.505233593451594,-1.3012621439667305,3179.25,3173.474299219645,2020-02-26
ES_VWAP_MR_V2_PORT,bullish,3033.335696805448,1582818300,3088.0070904163445,1582824780,"{""sigma"": 2.0, ""target_r"": 2.0, ""risk"": 27.33569680544815, ""theo"": 3033.335696805448}",VWAP_MR,6480,ES,13.835696805448151,55.66430319455185,False,TARGET_HIT,54.091393610896304,1.9787823224654584,3006.0,3088.0070904163445,2020-02-27
ES_VWAP_MR_V2_PORT,bearish,2925.660243610817,1582908600,2917.75,1582923300,"{""sigma"": 2.0, ""target_r"": 2.0, ""risk"": 33.589756389183094, ""theo"": 2925.660243610817}",VWAP_MR,14700,ES,23.589756389183094,47.410243610816906,False,TIME_EXIT,7.330243610816906,0.21822854342514564,2959.25,2858.4807308324507,2020-02-28
ES_VWAP_MR_V2_PORT,bullish,2950.423998907789,1583162400,2966.2719967233675,1583163360,"{""sigma"": 2.0, ""target_r"": 2.0, ""risk"": 7.923998907789155, ""theo"": 2950.423998907789}",VWAP_MR,960,ES,4.673998907789155,16.326001092210845,False,TARGET_HIT,15.26799781557831,1.9268046340301903,2942.5,2966.2719967233675,2020-03-02
ES_VWAP_MR_V2_PORT,bullish,3046.677852844272,1583253300,3023.5,1583259660,"{""sigma"": 2.0, ""target_r"": 2.0, ""risk"": 23.17785284427191, ""theo"": 3046.677852844272}",VWAP_MR,6360,ES,24.17785284427191,34.32214715572809,False,STOP_HIT,-23.75785284427191,-1.0250238882737293,3023.5,3093.0335585328157,2020-03-03
ES_VWAP_MR_V2_PORT,bearish,3064.899258839428,1583335500,3069.75,1583335560,"{""sigma"": 2.0, ""target_r"": 2.0, ""risk"": 4.850741160571943, ""theo"": 3064.899258839428}",VWAP_MR,60,ES,5.850741160571943,1.8992588394280574,False,STOP_HIT,-5.430741160571943,-1.1195693566819,3069.75,3055.197776518284,2020-03-04
ES_VWAP_MR_V2_PORT,bearish,3066.6301151544712,1583426100,3040.8903454634137,1583428980,"{""sigma"": 2.0, ""target_r"": 2.0, ""risk"": 12.869884845528759, ""theo"": 3066.6301151544712}",VWAP_MR,2880,ES,3.619884845528759,26.38011515447124,False,TARGET_HIT,25.15976969105752,1.9549335517013968,3079.5,3040.8903454634137,2020-03-05
ES_VWAP_MR_V2_PORT,bearish,2951.7796016442926,1583508900,2969.5,1583509320,"{""sigma"": 2.0, ""target_r"": 2.0, ""risk"": 17.720398355707403, ""theo"": 2951.7796016442926}",VWAP_MR,420,ES,22.970398355707403,5.0296016442925975,False,STOP_HIT,-18.3003983557074,-1.0327306411716863,2969.5,2916.338804932878,2020-03-06
ES_VWAP_MR_V2_PORT,bullish,2751.2108738120974,1583776800,2747.75,1583776920,"{""sigma"": 2.0, ""target_r"": 2.0, ""risk"": 3.4608738120973612, ""theo"": 2751.2108738120974}",VWAP_MR,120,ES,7.710873812097361,4.789126187902639,False,STOP_HIT,-4.040873812097361,-1.1675877340493117,2747.75,2758.132621436292,2020-03-09
ES_VWAP_MR_V2_PORT,bullish,2797.2112357250317,1583852700,2776.25,1583853240,"{""sigma"": 2.0, ""target_r"": 2.0, ""risk"": 20.961235725031656, ""theo"": 2797.2112357250317}",VWAP_MR,540,ES,21.711235725031656,0.28876427496834367,False,STOP_HIT,-21.541235725031655,-1.0276701243957373,2776.25,2839.133707175095,2020-03-10
ES_VWAP_MR_V2_PORT,bullish,2783.6606923789645,1583938800,2766.75,1583939940,"{""sigma"": 2.0, ""target_r"": 2.0, ""risk"": 16.91069237896454, ""theo"": 2783.6606923789645}",VWAP_MR,1140,ES,19.91069237896454,5.089307621035459,False,STOP_HIT,-17.49069237896454,-1.0342978269016039,2766.75,2817.4820771368936,2020-03-11
ES_VWAP_MR_V2_PORT,bullish,2505.070464706816,1584029700,2523.711394120448,1584030240,"{""sigma"": 2.0, ""target_r"": 2.0, ""risk"": 9.320464706815983, ""theo"": 2505.070464706816}",VWAP_MR,540,ES,5.320464706815983,25.679535293184017,False,TARGET_HIT,18.060929413631968,1.9377713431417374,2495.75,2523.711394120448,2020-03-12
ES_VWAP_MR_V2_PORT,bullish,2539.115518391955,1584112500,2547.346555175865,1584112500,"{""sigma"": 2.0, ""target_r"": 2.0, ""risk"": 4.115518391954993, ""theo"": 2539.115518391955}",VWAP_MR,0,ES,0.0,22.884481608045007,False,TARGET_HIT,7.651036783909985,1.8590700016955863,2535.0,2547.346555175865,2020-03-13
ES_VWAP_MR_V2_PORT,bearish,2547.6139105283164,1584372600,2517.8417315849492,1584373320,"{""sigma"": 2.0, ""target_r"": 2.0, ""risk"": 14.88608947168359, ""theo"": 2547.6139105283164}",VWAP_MR,720,ES,11.13608947168359,38.61391052831641,False,TARGET_HIT,29.192178943367182,1.9610374503590564,2562.5,2517.8417315849492,2020-03-16
ES_VWAP_MR_V2_PORT,bearish,2531.160375507715,1584462000,2484.4811265231447,1584463080,"{""sigma"": 2.0, ""target_r"": 2.0, ""risk"": 23.33962449228511, ""theo"": 2531.160375507715}",VWAP_MR,1080,ES,3.339624492285111,47.41037550771489,False,TARGET_HIT,46.099248984570224,1.9751495573464897,2554.5,2484.4811265231447,2020-03-17
ES_VWAP_MR_V2_PORT,bearish,2425.4614110093844,1584540600,2392.384233028153,1584543120,"{""sigma"": 2.0, ""target_r"": 2.0, ""risk"": 16.538588990615608, ""theo"": 2425.4614110093844}",VWAP_MR,2520,ES,10.038588990615608,33.46141100938439,False,TARGET_HIT,32.49717798123122,1.9649305028180395,2442.0,2392.384233028153,2020-03-18
ES_VWAP_MR_V2_PORT,bearish,2386.3662433664845,1584628500,2422.75,1584631680,"{""sigma"": 2.0, ""target_r"": 2.0, ""risk"": 36.38375663351553, ""theo"": 2386.3662433664845}",VWAP_MR,3180,ES,46.88375663351553,23.36624336648447,False,STOP_HIT,-36.96375663351553,-1.0159411796270021,2422.75,2313.5987300994534,2020-03-19
ES_VWAP_MR_V2_PORT,bullish,2359.8959946669197,1584721200,2355.0,1584721260,"{""sigma"": 2.0, ""target_r"": 2.0, ""risk"": 4.895994666919705, ""theo"": 2359.8959946669197}",VWAP_MR,60,ES,5.895994666919705,8.604005333080295,False,STOP_HIT,-5.475994666919705,-1.1184641813274083,2355.0,2369.687984000759,2020-03-20
ES_VWAP_MR_V2_PORT,bullish,2220.7687440307946,1584980100,2241.25,1584993300,"{""sigma"": 2.0, ""target_r"": 2.0, ""risk"": 41.26874403079455, ""theo"": 2220.7687440307946}",VWAP_MR,13200,ES,36.26874403079455,69.98125596920545,False,TIME_EXIT,19.90125596920545,0.4822355619631948,2179.5,2303.3062320923837,2020-03-23
ES_VWAP_MR_V2_PORT,bearish,2387.470839738735,1585064700,2396.25,1585064760,"{""sigma"": 2.0, ""target_r"": 2.0, ""risk"": 8.779160261265133, ""theo"": 2387.470839738735}",VWAP_MR,60,ES,8.779160261265133,0.22083973873486684,False,STOP_HIT,-9.359160261265133,-1.066065544168164,2396.25,2369.9125192162046,2020-03-24
ES_VWAP_MR_V2_PORT,bearish,2522.982667975284,1585156500,2529.5,1585156620,"{""sigma"": 2.0, ""target_r"": 2.0, ""risk"": 6.51733202471587, ""theo"": 2522.982667975284}",VWAP_MR,120,ES,9.76733202471587,3.73266797528413,False,STOP_HIT,-7.09733202471587,-1.0889934712241833,2529.5,2509.9480039258524,2020-03-25
ES_VWAP_MR_V2_PORT,bearish,2546.6678977593715,1585232100,2555.0,1585232220,"{""sigma"": 2.0, ""target_r"": 2.0, ""risk"": 8.332102240628501, ""theo"": 2546.6678977593715}",VWAP_MR,120,ES,10.832102240628501,6.167897759371499,False,STOP_HIT,-8.912102240628501,-1.0696102836054793,2555.0,2530.0036932781145,2020-03-26
ES_VWAP_MR_V2_PORT,bearish,2539.850702933828,1585322400,2546.5,1585322400,"{""sigma"": 2.0, ""target_r"": 2.0, ""risk"": 6.649297066172039, ""theo"": 2539.850702933828}",VWAP_MR,0,ES,13.39929706617204,0.0,False,STOP_HIT,-7.229297066172039,-1.087227265412869,2546.5,2526.552108801484,2020-03-27
ES_VWAP_MR_V2_PORT,bearish,2568.7175570098448,1585578300,2572.0,1585578840,"{""sigma"": 2.0, ""target_r"": 2.0, ""risk"": 3.282442990155232, ""theo"": 2568.7175570098448}",VWAP_MR,540,ES,5.282442990155232,4.967557009844768,False,STOP_HIT,-3.862442990155232,-1.1766976613880415,2572.0,2562.1526710295343,2020-03-30
ES_VWAP_MR_V2_PORT,bearish,2612.422606371034,1585664700,2625.5,1585665480,"{""sigma"": 2.0, ""target_r"": 2.0, ""risk"": 13.077393628966092, ""theo"": 2612.422606371034}",VWAP_MR,780,ES,14.827393628966092,0.17260637103390764,False,STOP_HIT,-13.657393628966092,-1.0443513452646493,2625.5,2586.2678191131017,2020-03-31
ES_VWAP_MR_V2_PORT,bearish,2493.32412847228,1585750800,2500.0,1585752360,"{""sigma"": 2.0, ""target_r"": 2.0, ""risk"": 6.675871527720119, ""theo"": 2493.32412847228}",VWAP_MR,1560,ES,8.675871527720119,7.574128472279881,False,STOP_HIT,-7.255871527720119,-1.0868800421924951,2500.0,2479.9723854168396,2020-04-01
ES_VWAP_MR_V2_PORT,bearish,2473.033028907261,1585836900,2480.0,1585837140,"{""sigma"": 2.0, ""target_r"": 2.0, ""risk"": 6.966971092739186, ""theo"": 2473.033028907261}",VWAP_MR,240,ES,6.966971092739186,3.533028907260814,False,STOP_HIT,-7.546971092739186,-1.0832499507001634,2480.0,2459.0990867217824,2020-04-02
ES_VWAP_MR_V2_PORT,bullish,2499.401142149474,1585926000,2484.25,1585926900,"{""sigma"": 2.0, ""target_r"": 2.0, ""risk"": 15.151142149473799, ""theo"": 2499.401142149474}",VWAP_MR,900,ES,15.901142149473799,0.5988578505262012,False,STOP_HIT,-15.731142149473799,-1.0382809424053978,2484.25,2529.7034264484214,2020-04-03
ES_VWAP_MR_V2_PORT,bearish,2620.4522209660818,1586190600,2623.75,1586192400,"{""sigma"": 2.0, ""target_r"": 2.0, ""risk"": 3.297779033918232, ""theo"": 2620.4522209660818}",VWAP_MR,1800,ES,3.547779033918232,5.952220966081768,False,STOP_HIT,-3.877779033918232,-1.175875943789623,2623.75,2613.8566628982453,2020-04-06
ES_VWAP_MR_V2_PORT,bullish,2694.711495684177,1586269800,2702.134487052531,1586269860,"{""sigma"": 2.0, ""target_r"": 2.0, ""risk"": 3.7114956841769526, ""theo"": 2694.711495684177}",VWAP_MR,60,ES,1.4614956841769526,7.538504315823047,False,TARGET_HIT,6.842991368353905,1.8437287688430604,2691.0,2702.134487052531,2020-04-07
ES_VWAP_MR_V2_PORT,bullish,2664.0965068468663,1586355300,2685.289520540599,1586357580,"{""sigma"": 2.0, ""target_r"": 2.0, ""risk"": 10.596506846866305, ""theo"": 2664.0965068468663}",VWAP_MR,2280,ES,2.346506846866305,22.153493153133695,False,TARGET_HIT,20.61301369373261,1.9452649813394383,2653.5,2685.289520540599,2020-04-08
ES_VWAP_MR_V2_PORT,bullish,2769.4587913243554,1586459400,2782.25,1586462100,"{""sigma"": 2.0, ""target_r"": 2.0, ""risk"": 17.20879132435539, ""theo"": 2769.4587913243554}",VWAP_MR,2700,ES,3.2087913243553885,17.54120867564461,False,TIME_EXIT,12.211208675644611,0.7095913039727688,2752.25,2803.876373973066,2020-04-09
ES_VWAP_MR_V2_PORT,bullish,2728.444647540286,1586788200,2725.0,1586788620,"{""sigma"": 2.0, ""target_r"": 2.0, ""risk"": 3.4446475402860415, ""theo"": 2728.444647540286}",VWAP_MR,420,ES,4.6946475402860415,6.5553524597139585,False,STOP_HIT,-4.0246475402860415,-1.1683771686991922,2725.0,2735.333942620858,2020-04-13
ES_VWAP_MR_V2_PORT,bearish,2826.1182154465314,1586873400,2823.354646339594,1586873400,"{""sigma"": 2.0, ""target_r"": 2.0, ""risk"": 1.3817845534686057, ""theo"": 2826.1182154465314}",VWAP_MR,0,ES,0.13178455346860574,2.8682154465313943,False,TARGET_HIT,2.1835691069372114,1.5802529428020722,2827.5,2823.354646339594,2020-04-14
ES_VWAP_MR_V2_PORT,bullish,2757.02327153045,1586960700,2753.0,1586961480,"{""sigma"": 2.0, ""target_r"": 2.0, ""risk"": 4.023271530450074, ""theo"": 2757.02327153045}",VWAP_MR,780,ES,5.773271530450074,5.726728469549926,False,STOP_HIT,-4.603271530450074,-1.1441612865575386,2753.0,2765.06981459135,2020-04-15
ES_VWAP_MR_V2_PORT,bullish,2767.233110896038,1587046800,2785.199332688114,1587049500,"{""sigma"": 2.0, ""target_r"": 2.0, ""risk"": 8.983110896037942, ""theo"": 2767.233110896038}",VWAP_MR,2700,ES,7.483110896037942,18.516889103962058,False,TARGET_HIT,17.386221792075887,1.935434393862842,2758.25,2785.199332688114,2020-04-16
ES_VWAP_MR_V2_PORT,bearish,2849.1374302222503,1587132300,2839.412290666751,1587132840,"{""sigma"": 2.0, ""target_r"": 2.0, ""risk"": 4.862569777749741, ""theo"": 2849.1374302222503}",VWAP_MR,540,ES,4.362569777749741,11.38743022225026,False,TARGET_HIT,9.145139555499481,1.8807215060123192,2854.0,2839.412290666751,2020-04-17
ES_VWAP_MR_V2_PORT,bearish,2858.163042081877,1587397500,2852.989126245631,1587398580,"{""sigma"": 2.0, ""target_r"": 2.0, ""risk"": 2.586957918123062, ""theo"": 2858.163042081877}",VWAP_MR,1080,ES,0.836957918123062,5.413042081876938,False,TARGET_HIT,4.593915836246124,1.7757984403469491,2860.75,2852.989126245631,2020-04-20
ES_VWAP_MR_V2_PORT,bullish,2730.7592459518196,1587482700,2723.5,1587482940,"{""sigma"": 2.0, ""target_r"": 2.0, ""risk"": 7.259245951819594, ""theo"": 2730.7592459518196}",VWAP_MR,240,ES,8.509245951819594,2.4907540481804062,False,STOP_HIT,-7.839245951819594,-1.0798981056503008,2723.5,2745.277737855459,2020-04-21
ES_VWAP_MR_V2_PORT,bearish,2784.5433329423217,1587571200,2788.0,1587571320,"{""sigma"": 2.0, ""target_r"": 2.0, ""risk"": 3.45666705767826, ""theo"": 2784.5433329423217}",VWAP_MR,120,ES,4.20666705767826,0.2933329423217401,False,STOP_HIT,-4.03666705767826,-1.1677916878663948,2788.0,2777.629998826965,2020-04-22
ES_VWAP_MR_V2_PORT,bearish,2821.6479392251204,1587652200,2823.5,1587652200,"{""sigma"": 2.0, ""target_r"": 2.0, ""risk"": 1.8520607748796465, ""theo"": 2821.6479392251204}",VWAP_MR,0,ES,3.1020607748796465,0.1479392251203535,False,STOP_HIT,-2.4320607748796466,-1.3131646692521148,2823.5,2817.943817675361,2020-04-23
ES_VWAP_MR_V2_PORT,bearish,2819.1642947768864,1587755100,2821.0,1587755280,"{""sigma"": 2.0, ""target_r"": 2.0, ""risk"": 1.835705223113564, ""theo"": 2819.1642947768864}",VWAP_MR,180,ES,2.835705223113564,2.664294776886436,False,STOP_HIT,-2.415705223113564,-1.315954867206977,2821.0,2815.4928843306593,2020-04-24
ES_VWAP_MR_V2_PORT,bearish,2856.2821706945997,1587997500,2860.75,1587999120,"{""sigma"": 2.0, ""target_r"": 2.0, ""risk"": 4.467829305400301, ""theo"": 2856.2821706945997}",VWAP_MR,1620,ES,5.217829305400301,3.7821706945996993,False,STOP_HIT,-5.047829305400301,-1.1298169559206188,2860.75,2847.346512083799,2020-04-27
ES_VWAP_MR_V2_PORT,bullish,2897.2394305086714,1588082700,2886.75,1588083660,"{""sigma"": 2.0, ""target_r"": 2.0, ""risk"": 10.489430508671376, ""theo"": 2897.2394305086714}",VWAP_MR,960,ES,11.239430508671376,0.7605694913286243,False,STOP_HIT,-11.069430508671376,-1.0552937549393675,2886.75,2918.218291526014,2020-04-28
ES_VWAP_MR_V2_PORT,bearish,2931.1544673095427,1588176600,2933.25,1588176660,"{""sigma"": 2.0, ""target_r"": 2.0, ""risk"": 2.0955326904572757, ""theo"": 2931.1544673095427}",VWAP_MR,60,ES,2.0955326904572757,0.15446730954272425,False,STOP_HIT,-2.675532690457276,-1.2767792660268333,2933.25,2926.963401928628,2020-04-29
ES_VWAP_MR_V2_PORT,bearish,2917.1229027174204,1588257300,2911.368708152261,1588257780,"{""sigma"": 2.0, ""target_r"": 2.0, ""risk"": 2.877097282579598, ""theo"": 2917.1229027174204}",VWAP_MR,480,ES,2.627097282579598,9.622902717420402,False,TARGET_HIT,5.174194565159196,1.798407928883109,2920.0,2911.368708152261,2020-04-30
ES_VWAP_MR_V2_PORT,bullish,2841.551696248237,1588343100,2848.155088744711,1588343400,"{""sigma"": 2.0, ""target_r"": 2.0, ""risk"": 3.301696248237022, ""theo"": 2841.551696248237}",VWAP_MR,300,ES,1.5516962482370218,8.198303751762978,False,TARGET_HIT,6.0233924964740435,1.8243327197922288,2838.25,2848.155088744711,2020-05-01
ES_VWAP_MR_V2_PORT,bearish,2808.485540445558,1588601400,2813.0,1588601760,"{""sigma"": 2.0, ""target_r"": 2.0, ""risk"": 4.514459554442055, ""theo"": 2808.485540445558}",VWAP_MR,360,ES,5.514459554442055,1.9855404455579446,False,STOP_HIT,-5.0944595544420554,-1.1284760651868733,2813.0,2799.456621336674,2020-05-04
ES_VWAP_MR_V2_PORT,bearish,2877.654603781883,1588687500,2881.75,1588692120,"{""sigma"": 2.0, ""target_r"": 2.0, ""risk"": 4.095396218117003, ""theo"": 2877.654603781883}",VWAP_MR,4620,ES,5.095396218117003,7.404603781882997,False,STOP_HIT,-4.675396218117003,-1.1416224387360192,2881.75,2869.463811345649,2020-05-05
ES_VWAP_MR_V2_PORT,bullish,2872.8791114223704,1588862700,2881.1373342671113,1588862700,"{""sigma"": 2.0, ""target_r"": 2.0, ""risk"": 4.129111422370443, ""theo"": 2872.8791114223704}",VWAP_MR,0,ES,0.0,8.620888577629557,False,TARGET_HIT,7.678222844740885,1.8595339431002729,2868.75,2881.1373342671113,2020-05-07
ES_VWAP_MR_V2_PORT,bearish,2912.0536936273115,1588951800,2913.5,1588951860,"{""sigma"": 2.0, ""target_r"": 2.0, ""risk"": 1.4463063726884684, ""theo"": 2912.0536936273115}",VWAP_MR,60,ES,2.1963063726884684,0.3036936273115316,False,STOP_HIT,-2.0263063726884685,-1.4010215338551446,2913.5,2909.1610808819346,2020-05-08
ES_VWAP_MR_V2_PORT,bearish,2910.8367616190317,1589210700,2909.010284857095,1589210700,"{""sigma"": 2.0, ""target_r"": 2.0, ""risk"": 0.9132383809683233, ""theo"": 2910.8367616190317}",VWAP_MR,0,ES,0.0,2.5867616190316767,False,TARGET_HIT,1.2464767619366466,1.3648974768394913,2911.75,2909.010284857095,2020-05-11
ES_VWAP_MR_V2_PORT,bullish,2912.2813113279058,1589306400,2901.75,1589307420,"{""sigma"": 2.0, ""target_r"": 2.0, ""risk"": 10.531311327905769, ""theo"": 2912.2813113279058}",VWAP_MR,1020,ES,11.031311327905769,0.21868867209423115,False,STOP_HIT,-11.111311327905769,-1.0550738632579517,2901.75,2933.3439339837173,2020-05-12
ES_VWAP_MR_V2_PORT,bearish,2852.1424334789494,1589379300,2857.5,1589380080,"{""sigma"": 2.0, ""target_r"": 2.0, ""risk"": 5.357566521050558, ""theo"": 2852.1424334789494}",VWAP_MR,780,ES,9.357566521050558,5.142433478949442,False,STOP_HIT,-5.937566521050558,-1.1082581051903149,2857.5,2841.4273004368483,2020-05-13
ES_VWAP_MR_V2_PORT,bearish,2790.222932277387,1589467500,2789.1687968321608,1589467500,"{""sigma"": 2.0, ""target_r"": 2.0, ""risk"": 0.5270677226130829, ""theo"": 2790.222932277387}",VWAP_MR,0,ES,0.0,4.472932277386917,False,TARGET_HIT,0.4741354452261658,0.8995721515169042,2790.75,2789.1687968321608,2020-05-14
ES_VWAP_MR_V2_PORT,bearish,2846.5657993244877,1589564100,2845.197397973463,1589564100,"{""sigma"": 2.0, ""target_r"": 2.0, ""risk"": 0.6842006755123293, ""theo"": 2846.5657993244877}",VWAP_MR,0,ES,0.0,4.065799324487671,False,TARGET_HIT,0.7884013510246586,1.1522954876276668,2847.25,2845.197397973463,2020-05-15
ES_VWAP_MR_V2_PORT,bearish,2946.5175498199997,1589816100,2952.75,1589822520,"{""sigma"": 2.0, ""target_r"": 2.0, ""risk"": 6.232450180000342, ""theo"": 2946.5175498199997}",VWAP_MR,6420,ES,6.982450180000342,4.267549819999658,False,STOP_HIT,-6.812450180000342,-1.0930613134881038,2952.75,2934.052649459999,2020-05-18
ES_VWAP_MR_V2_PORT,bearish,2942.0443078747867,1589899200,2955.0,1589902200,"{""sigma"": 2.0, ""target_r"": 2.0, ""risk"": 12.955692125213318, ""theo"": 2942.0443078747867}",VWAP_MR,3000,ES,12.955692125213318,3.794307874786682,False,STOP_HIT,-13.535692125213318,-1.0447679671911354,2955.0,2916.13292362436,2020-05-19
ES_VWAP_MR_V2_PORT,bearish,2969.4392427836565,1589984400,2970.5,1589984400,"{""sigma"": 2.0, ""target_r"": 2.0, ""risk"": 1.060757216343518, ""theo"": 2969.4392427836565}",VWAP_MR,0,ES,2.310757216343518,0.43924278365648206,False,STOP_HIT,-1.640757216343518,-1.5467792168308678,2970.5,2967.3177283509694,2020-05-20
ES_VWAP_MR_V2_PORT,bullish,2958.650308910567,1590072900,2949.25,1590073200,"{""sigma"": 2.0, ""target_r"": 2.0, ""risk"": 9.400308910567219, ""theo"": 2958.650308910567}",VWAP_MR,300,ES,11.900308910567219,0.09969108943278115,False,STOP_HIT,-9.980308910567219,-1.061700100019905,2949.25,2977.4509267317017,2020-05-21
ES_VWAP_MR_V2_PORT,bearish,2940.7210729648027,1590166200,2943.5,1590168180,"{""sigma"": 2.0, ""target_r"": 2.0, ""risk"": 2.7789270351972846, ""theo"": 2940.7210729648027}",VWAP_MR,1980,ES,3.0289270351972846,1.7210729648027154,False,STOP_HIT,-3.3589270351972846,-1.2087136483447916,2943.5,2935.163218894408,2020-05-22
ES_VWAP_MR_V2_PORT,bullish,3006.076881812077,1590501900,3003.5,1590502020,"{""sigma"": 2.0, ""target_r"": 2.0, ""risk"": 2.576881812076863, ""theo"": 3006.076881812077}",VWAP_MR,120,ES,4.326881812076863,1.6731181879231372,False,STOP_HIT,-3.156881812076863,-1.225078231093782,3003.5,3011.2306454362306,2020-05-26
ES_VWAP_MR_V2_PORT,bullish,2971.910563721196,1590591300,2984.731691163588,1590592740,"{""sigma"": 2.0, ""target_r"": 2.0, ""risk"": 6.410563721196013, ""theo"": 2971.910563721196}",VWAP_MR,1440,ES,0.9105637211960129,13.339436278803987,False,TARGET_HIT,12.241127442392026,1.9095243374490956,2965.5,2984.731691163588,2020-05-27
ES_VWAP_MR_V2_PORT,bearish,3040.8641902822487,1590675300,3046.25,1590676920,"{""sigma"": 2.0, ""target_r"": 2.0, ""risk"": 5.385809717751272, ""theo"": 3040.8641902822487}",VWAP_MR,1620,ES,5.885809717751272,6.364190282248728,False,STOP_HIT,-5.965809717751272,-1.1076903994748197,3046.25,3030.092570846746,2020-05-28
ES_VWAP_MR_V2_PORT,bullish,3015.3827938109935,1590761700,3011.25,1590762480,"{""sigma"": 2.0, ""target_r"": 2.0, ""risk"": 4.132793810993462, ""theo"": 3015.3827938109935}",VWAP_MR,780,ES,6.882793810993462,3.117206189006538,False,STOP_HIT,-4.712793810993462,-1.1403408992863782,3011.25,3023.6483814329804,2020-05-29
ES_VWAP_MR_V2_PORT,bearish,3055.5078273325175,1591033800,3053.75,1591041300,"{""sigma"": 2.0, ""target_r"": 2.0, ""risk"": 3.492172667482464, ""theo"": 3055.5078273325175}",VWAP_MR,7500,ES,2.492172667482464,6.257827332517536,False,TIME_EXIT,1.177827332517536,0.33727637338351923,3059.0,3048.5234819975526,2020-06-01
ES_VWAP_MR_V2_PORT,bearish,3065.4824694158833,1591108500,3057.44740824765,1591109340,"{""sigma"": 2.0, ""target_r"": 2.0, ""risk"": 4.017530584116685, ""theo"": 3065.4824694158833}",VWAP_MR,840,ES,2.7675305841166846,8.482469415883315,False,TARGET_HIT,7.455061168233369,1.8556327107270743,3069.5,3057.44740824765,2020-06-02
ES_VWAP_MR_V2_PORT,bearish,3104.4907487118935,1591193400,3106.5,1591194480,"{""sigma"": 2.0, ""target_r"": 2.0, ""risk"": 2.0092512881064977, ""theo"": 3104.4907487118935}",VWAP_MR,1080,ES,2.0092512881064977,3.2407487118935023,False,STOP_HIT,-2.5892512881064977,-1.2886647396635924,3106.5,3100.4722461356805,2020-06-03
ES_VWAP_MR_V2_PORT,bearish,3125.965092643834,1591281600,3124.395277931502,1591281660,"{""sigma"": 2.0, ""target_r"": 2.0, ""risk"": 0.7849073561660589, ""theo"": 3125.965092643834}",VWAP_MR,60,ES,0.03490735616605889,2.965092643833941,False,TARGET_HIT,0.9898147123321177,1.2610592887891188,3126.75,3124.395277931502,2020-06-04
ES_VWAP_MR_V2_PORT,bullish,3198.0283791919123,1591626300,3195.5,1591626480,"{""sigma"": 2.0, ""target_r"": 2.0, ""risk"": 2.528379191912336, ""theo"": 3198.0283791919123}",VWAP_MR,180,ES,4.028379191912336,2.221620808087664,False,STOP_HIT,-3.108379191912336,-1.2293959710850642,3195.5,3203.085137575737,2020-06-08
ES_VWAP_MR_V2_PORT,bullish,3195.938805176806,1591711500,3191.0,1591711920,"{""sigma"": 2.0, ""target_r"": 2.0, ""risk"": 4.9388051768059995, ""theo"": 3195.938805176806}",VWAP_MR,420,ES,5.1888051768059995,0.06119482319400049,False,STOP_HIT,-5.518805176806,-1.1174373110978018,3191.0,3205.816415530418,2020-06-09
ES_VWAP_MR_V2_PORT,bullish,3192.2251768272577,1591799400,3183.75,1591800840,"{""sigma"": 2.0, ""target_r"": 2.0, ""risk"": 8.475176827257656, ""theo"": 3192.2251768272577}",VWAP_MR,1440,ES,9.225176827257656,5.5248231727423445,False,STOP_HIT,-9.055176827257656,-1.0684351503008902,3183.75,3209.175530481773,2020-06-10
ES_VWAP_MR_V2_PORT,bullish,3099.947118037532,1591886400,3103.3413541125965,1591886400,"{""sigma"": 2.0, ""target_r"": 2.0, ""risk"": 1.6971180375321637, ""theo"": 3099.947118037532}",VWAP_MR,0,ES,0.0,6.552881962467836,False,TARGET_HIT,2.8142360750643274,1.6582441602922342,3098.25,3103.3413541125965,2020-06-11
ES_VWAP_MR_V2_PORT,bullish,3067.195467138176,1591971900,3063.75,1591971960,"{""sigma"": 2.0, ""target_r"": 2.0, ""risk"": 3.4454671381759, ""theo"": 3067.195467138176}",VWAP_MR,60,ES,4.4454671381759,4.0545328618241,False,STOP_HIT,-4.0254671381759,-1.1683371156188314,3063.75,3074.0864014145277,2020-06-12
ES_VWAP_MR_V2_PORT,bearish,3030.961508844572,1592238600,3034.0,1592239320,"{""sigma"": 2.0, ""target_r"": 2.0, ""risk"": 3.0384911554278915, ""theo"": 3030.961508844572}",VWAP_MR,720,ES,3.2884911554278915,4.2115088445721085,False,STOP_HIT,-3.6184911554278916,-1.1908842153329626,3034.0,3024.8845265337163,2020-06-15
ES_VWAP_MR_V2_PORT,bearish,3148.9292031381847,1592317500,3152.75,1592317800,"{""sigma"": 2.0, ""target_r"": 2.0, ""risk"": 3.8207968618153245, ""theo"": 3148.9292031381847}",VWAP_MR,300,ES,4.5707968618153245,3.4292031381846755,False,STOP_HIT,-4.400796861815325,-1.151800794697165,3152.75,3141.287609414554,2020-06-16
ES_VWAP_MR_V2_PORT,bullish,3110.4679278622725,1592403300,3113.4037835868176,1592403300,"{""sigma"": 2.0, ""target_r"": 2.0, ""risk"": 1.4679278622725178, ""theo"": 3110.4679278622725}",VWAP_MR,0,ES,0.0,6.032072137727482,False,TARGET_HIT,2.3558557245450356,1.6048852161562663,3109.0,3113.4037835868176,2020-06-17
ES_VWAP_MR_V2_PORT,bearish,3107.314479380192,1592492700,3103.9434381405763,1592493720,"{""sigma"": 2.0, ""target_r"": 2.0, ""risk"": 1.6855206198079031, ""theo"": 3107.314479380192}",VWAP_MR,1020,ES,1.1855206198079031,3.814479380192097,False,TARGET_HIT,2.791041239615806,1.6558926700842722,3109.0,3103.9434381405763,2020-06-18
ES_VWAP_MR_V2_PORT,bullish,3130.943641688324,1592575500,3126.0,1592577120,"{""sigma"": 2.0, ""target_r"": 2.0, ""risk"": 4.943641688324078, ""theo"": 3130.943641688324}",VWAP_MR,1620,ES,6.693641688324078,2.056358311675922,False,STOP_HIT,-5.523641688324078,-1.117322418687796,3126.0,3140.8309250649722,2020-06-19
ES_VWAP_MR_V2_PORT,bearish,3101.934861543643,1592844000,3103.75,1592844360,"{""sigma"": 2.0, ""target_r"": 2.0, ""risk"": 1.81513845635709, ""theo"": 3101.934861543643}",VWAP_MR,360,ES,3.56513845635709,2.93486154364291,False,STOP_HIT,-2.39513845635709,-1.3195348530954696,3103.75,3098.3045846309287,2020-06-22
ES_VWAP_MR_V2_PORT,bearish,3137.5233313781036,1592926500,3141.25,1592932800,"{""sigma"": 2.0, ""target_r"": 2.0, ""risk"": 3.7266686218963514, ""theo"": 3137.5233313781036}",VWAP_MR,6300,ES,3.9766686218963514,6.773331378103649,False,STOP_HIT,-4.3066686218963515,-1.1556349809564934,3141.25,3130.069994134311,2020-06-23
ES_VWAP_MR_V2_PORT,bullish,3048.9742787436257,1593012300,3043.75,1593012300,"{""sigma"": 2.0, ""target_r"": 2.0, ""risk"": 5.224278743625746, ""theo"": 3048.9742787436257}",VWAP_MR,0,ES,5.974278743625746,0.0,False,STOP_HIT,-5.804278743625746,-1.1110201098491672,3043.75,3059.4228362308772,2020-06-24
ES_VWAP_MR_V2_PORT,bearish,3053.041262246151,1593526500,3055.25,1593527040,"{""sigma"": 2.0, ""target_r"": 2.0, ""risk"": 2.2087377538491637, ""theo"": 3053.041262246151}",VWAP_MR,540,ES,4.958737753849164,2.5412622461508363,False,STOP_HIT,-2.788737753849164,-1.2625934196983029,3055.25,3048.6237867384525,2020-06-30
ES_VWAP_MR_V2_PORT,bullish,3094.4351378487136,1593617700,3104.8054135461407,1593620100,"{""sigma"": 2.0, ""target_r"": 2.0, ""risk"": 5.185137848713566, ""theo"": 3094.4351378487136}",VWAP_MR,2400,ES,2.185137848713566,10.564862151286434,False,TARGET_HIT,9.790275697427132,1.8881418359699158,3089.25,3104.8054135461407,2020-07-01
ES_VWAP_MR_V2_PORT,bearish,3152.540822030605,1593698700,3144.6224660918147,1593699720,"{""sigma"": 2.0, ""target_r"": 2.0, ""risk"": 3.959177969395114, ""theo"": 3152.540822030605}",VWAP_MR,1020,ES,2.459177969395114,9.290822030604886,False,TARGET_HIT,7.338355938790228,1.8535049435808482,3156.5,3144.6224660918147,2020-07-02
ES_VWAP_MR_V2_PORT,bearish,3166.869102088544,1594044300,3170.0,1594065300,"{""sigma"": 2.0, ""target_r"": 2.0, ""risk"": 7.630897911456032, ""theo"": 3166.869102088544}",VWAP_MR,21000,ES,5.380897911456032,11.869102088543968,False,TIME_EXIT,-3.7108979114560317,-0.4862989853245154,3174.5,3151.607306265632,2020-07-06
ES_VWAP_MR_V2_PORT,bearish,3163.040710799307,1594131000,3165.0,1594131000,"{""sigma"": 2.0, ""target_r"": 2.0, ""risk"": 1.9592892006930924, ""theo"": 3163.040710799307}",VWAP_MR,0,ES,2.7092892006930924,0.040710799306907575,False,STOP_HIT,-2.5392892006930925,-1.2960257218764983,3165.0,3159.1221323979207,2020-07-07
ES_VWAP_MR_V2_PORT,bullish,3137.9750004218963,1594222500,3159.25,1594238100,"{""sigma"": 2.0, ""target_r"": 2.0, ""risk"": 11.975000421896311, ""theo"": 3137.9750004218963}",VWAP_MR,15600,ES,3.4750004218963113,21.77499957810369,False,TIME_EXIT,20.69499957810369,1.7281836199573608,3126.0,3161.925001265689,2020-07-08
ES_VWAP_MR_V2_PORT,bullish,3148.4323474202515,1594304700,3144.5,1594305480,"{""sigma"": 2.0, ""target_r"": 2.0, ""risk"": 3.932347420251517, ""theo"": 3148.4323474202515}",VWAP_MR,780,ES,6.682347420251517,4.567652579748483,False,STOP_HIT,-4.512347420251517,-1.1474945975050452,3144.5,3156.2970422607546,2020-07-09
ES_VWAP_MR_V2_PORT,bearish,3152.59263281874,1594394100,3156.0,1594395660,"{""sigma"": 2.0, ""target_r"": 2.0, ""risk"": 3.407367181259815, ""theo"": 3152.59263281874}",VWAP_MR,1560,ES,3.657367181259815,5.092632818740185,False,STOP_HIT,-3.987367181259815,-1.1702194008294566,3156.0,3145.7778984562206,2020-07-10
ES_VWAP_MR_V2_PORT,bullish,3196.182973787452,1594649100,3206.5489213623555,1594650000,"{""sigma"": 2.0, ""target_r"": 2.0, ""risk"": 5.182973787451829, ""theo"": 3196.182973787452}",VWAP_MR,900,ES,1.4329737874518287,11.317026212548171,False,TARGET_HIT,9.785947574903657,1.888095131523875,3191.0,3206.5489213623555,2020-07-13
ES_VWAP_MR_V2_PORT,bearish,3149.68566810147,1594737600,3154.75,1594737660,"{""sigma"": 2.0, ""target_r"": 2.0, ""risk"": 5.064331898529872, ""theo"": 3149.68566810147}",VWAP_MR,60,ES,6.064331898529872,4.935668101470128,False,STOP_HIT,-5.644331898529872,-1.114526459090955,3154.75,3139.5570043044104,2020-07-14
ES_VWAP_MR_V2_PORT,bullish,3213.8685602412843,1594822200,3220.605680723853,1594822860,"{""sigma"": 2.0, ""target_r"": 2.0, ""risk"": 3.3685602412842854, ""theo"": 3213.8685602412843}",VWAP_MR,660,ES,2.8685602412842854,8.131439758715715,False,TARGET_HIT,6.157120482568571,1.8278196147743906,3210.5,3220.605680723853,2020-07-15
ES_VWAP_MR_V2_PORT,bearish,3201.032750382462,1594911000,3206.75,1594927740,"{""sigma"": 2.0, ""target_r"": 2.0, ""risk"": 5.717249617538073, ""theo"": 3201.032750382462}",VWAP_MR,16740,ES,6.717249617538073,9.782750382461927,False,STOP_HIT,-6.297249617538073,-1.1014473809610845,3206.75,3189.598251147386,2020-07-16
ES_VWAP_MR_V2_PORT,bullish,3208.517476951212,1594995000,3206.25,1594995720,"{""sigma"": 2.0, ""target_r"": 2.0, ""risk"": 2.2674769512118473, ""theo"": 3208.517476951212}",VWAP_MR,720,ES,2.2674769512118473,3.2325230487881527,False,STOP_HIT,-2.8474769512118474,-1.2557909131954001,3206.25,3213.0524308536355,2020-07-17
ES_VWAP_MR_V2_PORT,bullish,3258.460770907004,1595342100,3254.25,1595342640,"{""sigma"": 2.0, ""target_r"": 2.0, ""risk"": 4.210770907004189, ""theo"": 3258.460770907004}",VWAP_MR,540,ES,4.460770907004189,2.789229092995811,False,STOP_HIT,-4.790770907004189,-1.137741998510351,3254.25,3266.8823127210126,2020-07-21
ES_VWAP_MR_V2_PORT,bearish,3260.209799010336,1595434800,3254.1293970310085,1595440020,"{""sigma"": 2.0, ""target_r"": 2.0, ""risk"": 3.0402009896638447, ""theo"": 3260.209799010336}",VWAP_MR,5220,ES,1.0402009896638447,6.459799010336155,False,TARGET_HIT,5.500401979327689,1.8092231395319258,3263.25,3254.1293970310085,2020-07-22
ES_VWAP_MR_V2_PORT,bullish,3257.084943880353,1595520900,3254.5,1595521560,"{""sigma"": 2.0, ""target_r"": 2.0, ""risk"": 2.5849438803529665, ""theo"": 3257.084943880353}",VWAP_MR,660,ES,3.3349438803529665,3.9150561196470335,False,STOP_HIT,-3.1649438803529666,-1.2243762444547936,3254.5,3262.254831641059,2020-07-23
ES_VWAP_MR_V2_PORT,bearish,3210.8884715994895,1595600100,3212.5,1595600160,"{""sigma"": 2.0, ""target_r"": 2.0, ""risk"": 1.6115284005104513, ""theo"": 3210.8884715994895}",VWAP_MR,60,ES,2.1115284005104513,2.8884715994895487,False,STOP_HIT,-2.1915284005104514,-1.3599067815474335,3212.5,3207.6654147984686,2020-07-24
ES_VWAP_MR_V2_PORT,bearish,3232.378113038968,1595951100,3228.634339116904,1595951760,"{""sigma"": 2.0, ""target_r"": 2.0, ""risk"": 1.8718869610320326, ""theo"": 3232.378113038968}",VWAP_MR,660,ES,0.6218869610320326,3.8781130389679674,False,TARGET_HIT,3.163773922064065,1.690152230303358,3234.25,3228.634339116904,2020-07-28
ES_VWAP_MR_V2_PORT,bearish,3246.2698390451424,1596048900,3254.25,1596050460,"{""sigma"": 2.0, ""target_r"": 2.0, ""risk"": 7.980160954857638, ""theo"": 3246.2698390451424}",VWAP_MR,1560,ES,7.980160954857638,8.269839045142362,False,STOP_HIT,-8.560160954857638,-1.0726802383161138,3254.25,3230.309517135427,2020-07-29
ES_VWAP_MR_V2_PORT,bearish,3233.5276015485797,1596126300,3238.75,1596128760,"{""sigma"": 2.0, ""target_r"": 2.0, ""risk"": 5.222398451420304, ""theo"": 3233.5276015485797}",VWAP_MR,2460,ES,6.222398451420304,2.027601548579696,False,STOP_HIT,-5.802398451420304,-1.111060081951859,3238.75,3223.082804645739,2020-07-30
ES_VWAP_MR_V2_PORT,bullish,3217.095897214035,1596213900,3214.75,1596214440,"{""sigma"": 2.0, ""target_r"": 2.0, ""risk"": 2.345897214035176, ""theo"": 3217.095897214035}",VWAP_MR,540,ES,2.595897214035176,3.154102785964824,False,STOP_HIT,-2.925897214035176,-1.2472401589165718,3214.75,3221.7876916421055,2020-07-31
ES_VWAP_MR_V2_PORT,bearish,3295.0700876759643,1596480900,3294.210263027893,1596480900,"{""sigma"": 2.0, ""target_r"": 2.0, ""risk"": 0.4299123240357403, ""theo"": 3295.0700876759643}",VWAP_MR,0,ES,0.0,2.0700876759642597,False,TARGET_HIT,0.27982464807148066,0.6508877099513382,3295.5,3294.210263027893,2020-08-03
ES_VWAP_MR_V2_PORT,bearish,3289.8352477651056,1596550800,3292.5,1596552420,"{""sigma"": 2.0, ""target_r"": 2.0, ""risk"": 2.664752234894422, ""theo"": 3289.8352477651056}",VWAP_MR,1620,ES,2.914752234894422,4.835247765105578,False,STOP_HIT,-3.244752234894422,-1.2176562580209187,3292.5,3284.5057432953167,2020-08-04
ES_VWAP_MR_V2_PORT,bearish,3322.2233743940083,1596640500,3320.170123182025,1596641220,"{""sigma"": 2.0, ""target_r"": 2.0, ""risk"": 1.0266256059917396, ""theo"": 3322.2233743940083}",VWAP_MR,720,ES,0.7766256059917396,2.4733743940082604,False,TARGET_HIT,1.473251211983479,1.4350423400556922,3323.25,3320.170123182025,2020-08-05
ES_VWAP_MR_V2_PORT,bearish,3320.461443945816,1596722700,3322.75,1596723120,"{""sigma"": 2.0, ""target_r"": 2.0, ""risk"": 2.2885560541840277, ""theo"": 3320.461443945816}",VWAP_MR,420,ES,4.038556054184028,1.9614439458159723,False,STOP_HIT,-2.868556054184028,-1.2534349110390464,3322.75,3315.884331837448,2020-08-06
ES_VWAP_MR_V2_PORT,bearish,3341.0309504641414,1596811200,3342.0,1596811320,"{""sigma"": 2.0, ""target_r"": 2.0, ""risk"": 0.9690495358586304, ""theo"": 3341.0309504641414}",VWAP_MR,120,ES,0.9690495358586304,1.5309504641413696,False,STOP_HIT,-1.5490495358586305,-1.598524614622604,3342.0,3339.092851392424,2020-08-07
ES_VWAP_MR_V2_PORT,bullish,3344.5547767688677,1597073400,3353.75,1597089300,"{""sigma"": 2.0, ""target_r"": 2.0, ""risk"": 15.554776768867669, ""theo"": 3344.5547767688677}",VWAP_MR,15900,ES,2.8047767688676686,12.695223231132331,False,TIME_EXIT,8.615223231132331,0.5538635082423936,3329.0,3375.664330306603,2020-08-10
ES_VWAP_MR_V2_PORT,bullish,3364.118038423114,1597155900,3354.5,1597173000,"{""sigma"": 2.0, ""target_r"": 2.0, ""risk"": 9.61803842311383, ""theo"": 3364.118038423114}",VWAP_MR,17100,ES,9.86803842311383,10.63196157688617,False,STOP_HIT,-10.19803842311383,-1.0603033565145839,3354.5,3383.3541152693415,2020-08-11
ES_VWAP_MR_V2_PORT,bearish,3369.0616278900034,1597243500,3373.75,1597244160,"{""sigma"": 2.0, ""target_r"": 2.0, ""risk"": 4.688372109996635, ""theo"": 3369.0616278900034}",VWAP_MR,660,ES,5.438372109996635,0.8116278900033649,False,STOP_HIT,-5.268372109996635,-1.1237103170124472,3373.75,3359.68488367001,2020-08-12
ES_VWAP_MR_V2_PORT,bullish,3367.98158657657,1597343400,3361.5,1597344600,"{""sigma"": 2.0, ""target_r"": 2.0, ""risk"": 6.481586576569953, ""theo"": 3367.98158657657}",VWAP_MR,1200,ES,6.731586576569953,2.5184134234300473,False,STOP_HIT,-7.061586576569953,-1.0894842633278432,3361.5,3380.94475972971,2020-08-13
ES_VWAP_MR_V2_PORT,bearish,3365.222056016673,1597413900,3368.5,1597416060,"{""sigma"": 2.0, ""target_r"": 2.0, ""risk"": 3.277943983327077, ""theo"": 3365.222056016673}",VWAP_MR,2160,ES,3.277943983327077,4.222056016672923,False,STOP_HIT,-3.857943983327077,-1.176940180475966,3368.5,3358.6661680500188,2020-08-14
ES_VWAP_MR_V2_PORT,bullish,3375.3895497516137,1597760400,3370.75,1597760820,"{""sigma"": 2.0, ""target_r"": 2.0, ""risk"": 4.639549751613686, ""theo"": 3375.3895497516137}",VWAP_MR,420,ES,5.889549751613686,1.8604502483863143,False,STOP_HIT,-5.219549751613686,-1.1250121307133887,3370.75,3384.668649254841,2020-08-18
ES_VWAP_MR_V2_PORT,bearish,3391.3213910511445,1597848000,3392.5,1597848720,"{""sigma"": 2.0, ""target_r"": 2.0, ""risk"": 1.1786089488555263, ""theo"": 3391.3213910511445}",VWAP_MR,720,ES,1.1786089488555263,0.5713910511444737,False,STOP_HIT,-1.7586089488555263,-1.4921055457479786,3392.5,3388.9641731534334,2020-08-19
ES_VWAP_MR_V2_PORT,bearish,3388.886991131128,1598034300,3389.75,1598034540,"{""sigma"": 2.0, ""target_r"": 2.0, ""risk"": 0.8630088688719297, ""theo"": 3388.886991131128}",VWAP_MR,240,ES,0.8630088688719297,0.38699113112807026,False,STOP_HIT,-1.4430088688719298,-1.6720672532115912,3389.75,3387.160973393384,2020-08-21
ES_VWAP_MR_V2_PORT,bearish,3421.8121566925647,1598279100,3418.436470077694,1598279640,"{""sigma"": 2.0, ""target_r"": 2.0, ""risk"": 1.687843307435287, ""theo"": 3421.8121566925647}",VWAP_MR,540,ES,1.187843307435287,3.562156692564713,False,TARGET_HIT,2.795686614870574,1.6563662056513277,3423.5,3418.436470077694,2020-08-24
ES_VWAP_MR_V2_PORT,bullish,3427.439359376042,1598365500,3424.25,1598365800,"{""sigma"": 2.0, ""target_r"": 2.0, ""risk"": 3.1893593760419208, ""theo"": 3427.439359376042}",VWAP_MR,300,ES,4.939359376041921,2.3106406239580792,False,STOP_HIT,-3.769359376041921,-1.1818547023445805,3424.25,3433.8180781281258,2020-08-25
ES_VWAP_MR_V2_PORT,bearish,3445.3356631744646,1598451300,3447.5,1598451420,"{""sigma"": 2.0, ""target_r"": 2.0, ""risk"": 2.164336825535429, ""theo"": 3445.3356631744646}",VWAP_MR,120,ES,2.164336825535429,0.08566317446457106,False,STOP_HIT,-2.744336825535429,-1.267980470117684,3447.5,3441.0069895233937,2020-08-26
ES_VWAP_MR_V2_PORT,bearish,3493.8808327753027,1598539800,3490.142498325908,1598539800,"{""sigma"": 2.0, ""target_r"": 2.0, ""risk"": 1.8691672246973212, ""theo"": 3493.8808327753027}",VWAP_MR,0,ES,0.0,7.880832775302679,False,TARGET_HIT,3.1583344493946424,1.6897013855494278,3495.75,3490.142498325908,2020-08-27
ES_VWAP_MR_V2_PORT,bearish,3491.4202549544143,1598623500,3488.260764863243,1598623500,"{""sigma"": 2.0, ""target_r"": 2.0, ""risk"": 1.579745045585696, ""theo"": 3491.4202549544143}",VWAP_MR,0,ES,0.0,3.170254954414304,False,TARGET_HIT,2.579490091171392,1.632852148123077,3493.0,3488.260764863243,2020-08-28
ES_VWAP_MR_V2_PORT,bearish,3504.7265897257444,1598885100,3501.679769177233,1598885100,"{""sigma"": 2.0, ""target_r"": 2.0, ""risk"": 1.5234102742556388, ""theo"": 3504.7265897257444}",VWAP_MR,0,ES,0.0,4.226589725744361,False,TARGET_HIT,2.4668205485112775,1.61927524725183,3506.25,3501.679769177233,2020-08-31
ES_VWAP_MR_V2_PORT,bullish,3536.98617856,1599055500,3540.9585356800003,1599055500,"{""sigma"": 2.0, ""target_r"": 2.0, ""risk"": 1.9861785600000985, ""theo"": 3536.98617856}",VWAP_MR,0,ES,0.0,5.5138214399999015,False,TARGET_HIT,3.392357120000197,1.707981944986874,3535.0,3540.9585356800003,2020-09-02
ES_VWAP_MR_V2_PORT,bullish,3503.7583350440245,1599145200,3505.7750051320736,1599145200,"{""sigma"": 2.0, ""target_r"": 2.0, ""risk"": 1.008335044024534, ""theo"": 3503.7583350440245}",VWAP_MR,0,ES,0.0,10.491664955975466,False,TARGET_HIT,1.436670088049068,1.4247943642967467,3502.75,3505.7750051320736,2020-09-03
ES_VWAP_MR_V2_PORT,bullish,3405.487941524055,1599229500,3398.75,1599229680,"{""sigma"": 2.0, ""target_r"": 2.0, ""risk"": 6.737941524054804, ""theo"": 3405.487941524055}",VWAP_MR,180,ES,8.987941524054804,5.512058475945196,False,STOP_HIT,-7.317941524054804,-1.086079702224985,3398.75,3418.9638245721644,2020-09-04
ES_VWAP_MR_V2_PORT,bearish,3370.413036807714,1599574800,3364.739110423142,1599574800,"{""sigma"": 2.0, ""target_r"": 2.0, ""risk"": 2.836963192286021, ""theo"": 3370.413036807714}",VWAP_MR,0,ES,0.0,9.41303680771398,False,TARGET_HIT,5.0939263845720415,1.7955560362654417,3373.25,3364.739110423142,2020-09-08
ES_VWAP_MR_V2_PORT,bearish,3412.4110778057525,1599670800,3413.25,1599670800,"{""sigma"": 2.0, ""target_r"": 2.0, ""risk"": 0.838922194247516, ""theo"": 3412.4110778057525}",VWAP_MR,0,ES,0.838922194247516,1.411077805752484,False,STOP_HIT,-1.418922194247516,-1.6913632801433272,3413.25,3410.7332334172575,2020-09-09
ES_VWAP_MR_V2_PORT,bullish,3415.7080633762453,1599747000,3418.624190128736,1599747000,"{""sigma"": 2.0, ""target_r"": 2.0, ""risk"": 1.4580633762452635, ""theo"": 3415.7080633762453}",VWAP_MR,0,ES,0.0,6.0419366237547365,False,TARGET_HIT,2.336126752490527,1.6022120783984104,3414.25,3418.624190128736,2020-09-10
ES_VWAP_MR_V2_PORT,bullish,3342.8150382690915,1599833100,3338.0,1599833460,"{""sigma"": 2.0, ""target_r"": 2.0, ""risk"": 4.815038269091474, ""theo"": 3342.8150382690915}",VWAP_MR,360,ES,7.065038269091474,9.434961730908526,False,STOP_HIT,-5.395038269091474,-1.1204559481329808,3338.0,3352.4451148072744,2020-09-11
ES_VWAP_MR_V2_PORT,bullish,3399.837459113841,1600180800,3397.5,1600180980,"{""sigma"": 2.0, ""target_r"": 2.0, ""risk"": 2.3374591138408505, ""theo"": 3399.837459113841}",VWAP_MR,180,ES,3.5874591138408505,2.1625408861591495,False,STOP_HIT,-2.9174591138408505,-1.2481326824352275,3397.5,3404.5123773415226,2020-09-15
ES_VWAP_MR_V2_PORT,bearish,3406.724534813243,1600271700,3395.1736044397285,1600277340,"{""sigma"": 2.0, ""target_r"": 2.0, ""risk"": 5.775465186757174, ""theo"": 3406.724534813243}",VWAP_MR,5640,ES,1.7754651867571738,11.724534813242826,False,TARGET_HIT,10.970930373514348,1.8995751889683434,3412.5,3395.1736044397285,2020-09-16
ES_VWAP_MR_V2_PORT,bearish,3339.6059055991104,1600353000,3344.0,1600353000,"{""sigma"": 2.0, ""target_r"": 2.0, ""risk"": 4.394094400889571, ""theo"": 3339.6059055991104}",VWAP_MR,0,ES,8.144094400889571,0.0,False,STOP_HIT,-4.974094400889571,-1.1319953435416819,3344.0,3330.8177167973313,2020-09-17
ES_VWAP_MR_V2_PORT,bullish,3331.288168579409,1600441500,3326.75,1600441980,"{""sigma"": 2.0, ""target_r"": 2.0, ""risk"": 4.538168579409103, ""theo"": 3331.288168579409}",VWAP_MR,480,ES,5.538168579409103,3.2118314205908973,False,STOP_HIT,-5.118168579409103,-1.127804860011507,3326.75,3340.3645057382273,2020-09-18
ES_VWAP_MR_V2_PORT,bullish,3234.478456607116,1600700400,3222.5,1600701480,"{""sigma"": 2.0, ""target_r"": 2.0, ""risk"": 11.978456607116186, ""theo"": 3234.478456607116}",VWAP_MR,1080,ES,11.978456607116186,4.521543392883814,False,STOP_HIT,-12.558456607116186,-1.0484202613928937,3222.5,3258.4353698213486,2020-09-21
ES_VWAP_MR_V2_PORT,bullish,3269.1341942246668,1600787700,3289.9025826740003,1600796940,"{""sigma"": 2.0, ""target_r"": 2.0, ""risk"": 10.384194224666771, ""theo"": 3269.1341942246668}",VWAP_MR,9240,ES,5.884194224666771,21.11580577533323,False,TARGET_HIT,20.188388449333544,1.9441458829205778,3258.75,3289.9025826740003,2020-09-22
ES_VWAP_MR_V2_PORT,bullish,3299.5063977319214,1600869900,3297.5,1600869900,"{""sigma"": 2.0, ""target_r"": 2.0, ""risk"": 2.0063977319214246, ""theo"": 3299.5063977319214}",VWAP_MR,0,ES,3.2563977319214246,3.2436022680785754,False,STOP_HIT,-2.5863977319214246,-1.2890752869046376,3297.5,3303.5191931957643,2020-09-23
ES_VWAP_MR_V2_PORT,bearish,3249.5600616717693,1600964100,3251.75,1600964160,"{""sigma"": 2.0, ""target_r"": 2.0, ""risk"": 2.18993832823071, ""theo"": 3249.5600616717693}",VWAP_MR,60,ES,2.93993832823071,3.06006167176929,False,STOP_HIT,-2.76993832823071,-1.2648476409235654,3251.75,3245.180185015308,2020-09-24
ES_VWAP_MR_V2_PORT,bearish,3232.549647909139,1601043600,3237.0,1601043720,"{""sigma"": 2.0, ""target_r"": 2.0, ""risk"": 4.450352090861088, ""theo"": 3232.549647909139}",VWAP_MR,120,ES,6.950352090861088,4.049647909138912,False,STOP_HIT,-5.030352090861088,-1.1303267669969406,3237.0,3223.6489437274167,2020-09-25
ES_VWAP_MR_V2_PORT,bearish,3337.7354878132483,1601303700,3346.5,1601314320,"{""sigma"": 2.0, ""target_r"": 2.0, ""risk"": 8.764512186751745, ""theo"": 3337.7354878132483}",VWAP_MR,10620,ES,8.764512186751745,9.235487813248255,False,STOP_HIT,-9.344512186751745,-1.0661759590997792,3346.5,3320.2064634397448,2020-09-28
ES_VWAP_MR_V2_PORT,bearish,3343.0084310992806,1601389800,3333.525293297842,1601390220,"{""sigma"": 2.0, ""target_r"": 2.0, ""risk"": 4.741568900719358, ""theo"": 3343.0084310992806}",VWAP_MR,420,ES,2.9915689007193578,10.508431099280642,False,TARGET_HIT,8.903137801438715,1.8776776184962731,3347.75,3333.525293297842,2020-09-29
ES_VWAP_MR_V2_PORT,bullish,3368.756192108238,1601562600,3362.5,1601562600,"{""sigma"": 2.0, ""target_r"": 2.0, ""risk"": 6.256192108237883, ""theo"": 3368.756192108238}",VWAP_MR,0,ES,9.006192108237883,0.0,False,STOP_HIT,-6.836192108237883,-1.0927081505755363,3362.5,3381.2685763247136,2020-10-01
ES_VWAP_MR_V2_PORT,bearish,3401.8427731837896,1601994300,3405.75,1601995320,"{""sigma"": 2.0, ""target_r"": 2.0, ""risk"": 3.9072268162103683, ""theo"": 3401.8427731837896}",VWAP_MR,1020,ES,3.9072268162103683,2.5927731837896317,False,STOP_HIT,-4.487226816210368,-1.148442879638747,3405.75,3394.028319551369,2020-10-06
ES_VWAP_MR_V2_PORT,bearish,3396.8159307645387,1602085200,3392.447792293616,1602088020,"{""sigma"": 2.0, ""target_r"": 2.0, ""risk"": 2.1840692354612656, ""theo"": 3396.8159307645387}",VWAP_MR,2820,ES,0.6840692354612656,11.565930764538734,False,TARGET_HIT,3.788138470922531,1.7344406529871264,3399.0,3392.447792293616,2020-10-07
ES_VWAP_MR_V2_PORT,bearish,3430.756415145056,1602166500,3434.75,1602167700,"{""sigma"": 2.0, ""target_r"": 2.0, ""risk"": 3.993584854943947, ""theo"": 3430.756415145056}",VWAP_MR,1200,ES,3.993584854943947,6.506415145056053,False,STOP_HIT,-4.573584854943947,-1.1452329225662943,3434.75,3422.769245435168,2020-10-08
ES_VWAP_MR_V2_PORT,bullish,3453.693302212489,1602253200,3449.5,1602253620,"{""sigma"": 2.0, ""target_r"": 2.0, ""risk"": 4.193302212489016, ""theo"": 3453.693302212489}",VWAP_MR,420,ES,4.193302212489016,0.3066977875109842,False,STOP_HIT,-4.773302212489016,-1.138315811885099,3449.5,3462.079906637467,2020-10-09
ES_VWAP_MR_V2_PORT,bearish,3496.922130974676,1602511800,3499.5,1602511920,"{""sigma"": 2.0, ""target_r"": 2.0, ""risk"": 2.577869025324162, ""theo"": 3496.922130974676}",VWAP_MR,120,ES,2.577869025324162,0.6721309746758379,False,STOP_HIT,-3.157869025324162,-1.224992035787026,3499.5,3491.7663929240275,2020-10-12
ES_VWAP_MR_V2_PORT,bullish,3509.0128609952394,1602600600,3514.038582985718,1602600960,"{""sigma"": 2.0, ""target_r"": 2.0, ""risk"": 2.512860995239407, ""theo"": 3509.0128609952394}",VWAP_MR,360,ES,0.5128609952394072,5.237139004760593,False,TARGET_HIT,4.445721990478814,1.7691873919413748,3506.5,3514.038582985718,2020-10-13
ES_VWAP_MR_V2_PORT,bullish,3502.9207461429346,1602687600,3498.75,1602690060,"{""sigma"": 2.0, ""target_r"": 2.0, ""risk"": 4.170746142934604, ""theo"": 3502.9207461429346}",VWAP_MR,2460,ES,6.420746142934604,7.079253857065396,False,STOP_HIT,-4.750746142934604,-1.1390638461615654,3498.75,3511.262238428804,2020-10-14
ES_VWAP_MR_V2_PORT,bearish,3457.9147206307493,1602776400,3461.0,1602777120,"{""sigma"": 2.0, ""target_r"": 2.0, ""risk"": 3.0852793692506566, ""theo"": 3457.9147206307493}",VWAP_MR,720,ES,6.085279369250657,3.9147206307493434,False,STOP_HIT,-3.6652793692506567,-1.1879894591655304,3461.0,3451.744161892248,2020-10-15
ES_VWAP_MR_V2_PORT,bearish,3499.7557808550673,1602859800,3482.267342565202,1602877260,"{""sigma"": 2.0, ""target_r"": 2.0, ""risk"": 8.744219144932686, ""theo"": 3499.7557808550673}",VWAP_MR,17460,ES,2.4942191449326856,17.755780855067314,False,TARGET_HIT,16.908438289865373,1.933670463835972,3508.5,3482.267342565202,2020-10-16
ES_VWAP_MR_V2_PORT,bullish,3476.2955806814625,1603116900,3468.75,1603118640,"{""sigma"": 2.0, ""target_r"": 2.0, ""risk"": 7.545580681462525, ""theo"": 3476.2955806814625}",VWAP_MR,1740,ES,8.045580681462525,7.954419318537475,False,STOP_HIT,-8.125580681462525,-1.076866184921315,3468.75,3491.3867420443876,2020-10-19
ES_VWAP_MR_V2_PORT,bearish,3445.0179874244454,1603203600,3434.0539622733363,1603206000,"{""sigma"": 2.0, ""target_r"": 2.0, ""risk"": 5.482012575554563, ""theo"": 3445.0179874244454}",VWAP_MR,2400,ES,2.9820125755545632,13.767987424445437,False,TARGET_HIT,10.384025151109126,1.8941994400767446,3450.5,3434.0539622733363,2020-10-20
ES_VWAP_MR_V2_PORT,bullish,3430.978145055747,1603293900,3425.25,1603293900,"{""sigma"": 2.0, ""target_r"": 2.0, ""risk"": 5.7281450557470635, ""theo"": 3430.978145055747}",VWAP_MR,0,ES,5.9781450557470635,0.0,False,STOP_HIT,-6.3081450557470635,-1.1012544190755233,3425.25,3442.434435167241,2020-10-21
ES_VWAP_MR_V2_PORT,bullish,3431.845385025614,1603376100,3427.75,1603376400,"{""sigma"": 2.0, ""target_r"": 2.0, ""risk"": 4.095385025614178, ""theo"": 3431.845385025614}",VWAP_MR,300,ES,5.345385025614178,1.4046149743858223,False,STOP_HIT,-4.675385025614178,-1.1416228257837657,3427.75,3440.0361550768425,2020-10-22
ES_VWAP_MR_V2_PORT,bullish,3449.130098981197,1603462200,3447.25,1603462260,"{""sigma"": 2.0, ""target_r"": 2.0, ""risk"": 1.8800989811970794, ""theo"": 3449.130098981197}",VWAP_MR,60,ES,1.8800989811970794,1.1199010188029206,False,STOP_HIT,-2.4600989811970795,-1.308494396199666,3447.25,3452.8902969435912,2020-10-23
ES_VWAP_MR_V2_PORT,bearish,3427.6576326688664,1603721400,3422.9728980065993,1603722120,"{""sigma"": 2.0, ""target_r"": 2.0, ""risk"": 2.3423673311335733, ""theo"": 3427.6576326688664}",VWAP_MR,720,ES,1.8423673311335733,5.407632668866427,False,TARGET_HIT,4.104734662267147,1.7523872569895718,3430.0,3422.9728980065993,2020-10-26
ES_VWAP_MR_V2_PORT,bearish,3396.3578768036155,1603807500,3393.0736304108464,1603807500,"{""sigma"": 2.0, ""target_r"": 2.0, ""risk"": 1.6421231963845457, ""theo"": 3396.3578768036155}",VWAP_MR,0,ES,0.14212319638454574,5.357876803615454,False,TARGET_HIT,2.7042463927690914,1.6467987290618735,3398.0,3393.0736304108464,2020-10-27
ES_VWAP_MR_V2_PORT,bullish,3304.93118113794,1603894200,3301.5,1603894560,"{""sigma"": 2.0, ""target_r"": 2.0, ""risk"": 3.4311811379398023, ""theo"": 3304.93118113794}",VWAP_MR,360,ES,5.681181137939802,4.568818862060198,False,STOP_HIT,-4.011181137939802,-1.1690380008174828,3301.5,3311.7935434138194,2020-10-28
ES_VWAP_MR_V2_PORT,bullish,3290.9672935001026,1604340000,3286.5,1604340120,"{""sigma"": 2.0, ""target_r"": 2.0, ""risk"": 4.467293500102642, ""theo"": 3290.9672935001026}",VWAP_MR,120,ES,4.967293500102642,3.5327064998973583,False,STOP_HIT,-5.047293500102642,-1.1298325261115425,3286.5,3299.901880500308,2020-11-02
ES_VWAP_MR_V2_PORT,bearish,3518.437306893377,1604589900,3510.3119206801307,1604590140,"{""sigma"": 2.0, ""target_r"": 2.0, ""risk"": 4.062693106623101, ""theo"": 3518.437306893377}",VWAP_MR,240,ES,1.062693106623101,9.687306893376899,False,TARGET_HIT,7.545386213246202,1.8572375552919638,3522.5,3510.3119206801307,2020-11-05
ES_VWAP_MR_V2_PORT,bearish,3497.7620017033964,1604676600,3501.5,1604677920,"{""sigma"": 2.0, ""target_r"": 2.0, ""risk"": 3.737998296603564, ""theo"": 3497.7620017033964}",VWAP_MR,1320,ES,3.987998296603564,5.012001703396436,False,STOP_HIT,-4.317998296603564,-1.1551632595785295,3501.5,3490.2860051101893,2020-11-06
ES_VWAP_MR_V2_PORT,bullish,3605.932582311195,1604936700,3601.25,1604936880,"{""sigma"": 2.0, ""target_r"": 2.0, ""risk"": 4.682582311194892, ""theo"": 3605.932582311195}",VWAP_MR,180,ES,9.432582311194892,2.067417688805108,False,STOP_HIT,-5.262582311194892,-1.1238632791597414,3601.25,3615.2977469335847,2020-11-09
ES_VWAP_MR_V2_PORT,bearish,3543.448837716818,1605021000,3546.0,1605021000,"{""sigma"": 2.0, ""target_r"": 2.0, ""risk"": 2.5511622831818386, ""theo"": 3543.448837716818}",VWAP_MR,0,ES,2.8011622831818386,1.6988377168181614,False,STOP_HIT,-3.1311622831818386,-1.2273473560751367,3546.0,3538.3465131504545,2020-11-10
ES_VWAP_MR_V2_PORT,bullish,3555.7816110444287,1605107100,3563.844833133286,1605108660,"{""sigma"": 2.0, ""target_r"": 2.0, ""risk"": 4.0316110444287006, ""theo"": 3555.7816110444287}",VWAP_MR,1560,ES,3.7816110444287006,8.4683889555713,False,TARGET_HIT,7.483222088857401,1.8561369155882474,3551.75,3563.844833133286,2020-11-11
ES_VWAP_MR_V2_PORT,bearish,3559.398162022714,1605194400,3563.25,1605195660,"{""sigma"": 2.0, ""target_r"": 2.0, ""risk"": 3.851837977285868, ""theo"": 3559.398162022714}",VWAP_MR,1260,ES,3.851837977285868,7.148162022714132,False,STOP_HIT,-4.431837977285868,-1.1505774654646006,3563.25,3551.6944860681424,2020-11-12
ES_VWAP_MR_V2_PORT,bullish,3554.398245452835,1605281100,3551.0,1605283020,"{""sigma"": 2.0, ""target_r"": 2.0, ""risk"": 3.398245452834999, ""theo"": 3554.398245452835}",VWAP_MR,1920,ES,6.898245452834999,5.351754547165001,False,STOP_HIT,-3.978245452834999,-1.1706763116584569,3551.0,3561.194736358505,2020-11-13
ES_VWAP_MR_V2_PORT,bearish,3617.1529343253515,1605541800,3618.0,1605541980,"{""sigma"": 2.0, ""target_r"": 2.0, ""risk"": 0.8470656746485474, ""theo"": 3617.1529343253515}",VWAP_MR,180,ES,0.8470656746485474,1.4029343253514526,False,STOP_HIT,-1.4270656746485475,-1.6847166841468881,3618.0,3615.4588029760544,2020-11-16
ES_VWAP_MR_V2_PORT,bearish,3606.910833346517,1605630000,3609.75,1605630660,"{""sigma"": 2.0, ""target_r"": 2.0, ""risk"": 2.839166653483062, ""theo"": 3606.910833346517}",VWAP_MR,660,ES,5.839166653483062,2.660833346516938,False,STOP_HIT,-3.419166653483062,-1.2042852959295156,3609.75,3601.232500039551,2020-11-17
ES_VWAP_MR_V2_PORT,bearish,3613.225973438291,1605714900,3614.5,1605715440,"{""sigma"": 2.0, ""target_r"": 2.0, ""risk"": 1.274026561708979, ""theo"": 3613.225973438291}",VWAP_MR,540,ES,2.024026561708979,1.475973438291021,False,STOP_HIT,-1.854026561708979,-1.455249535160388,3614.5,3610.677920314873,2020-11-18
ES_VWAP_MR_V2_PORT,bearish,3566.1226021454254,1605812400,3564.367806436276,1605812400,"{""sigma"": 2.0, ""target_r"": 2.0, ""risk"": 0.8773978545746104, ""theo"": 3566.1226021454254}",VWAP_MR,0,ES,0.3773978545746104,2.1226021454253896,False,TARGET_HIT,1.1747957091492207,1.3389543899885623,3567.0,3564.367806436276,2020-11-19
ES_VWAP_MR_V2_PORT,bullish,3566.066663870012,1605886200,3574.1999916100353,1605888540,"{""sigma"": 2.0, ""target_r"": 2.0, ""risk"": 4.06666387001178, ""theo"": 3566.066663870012}",VWAP_MR,2340,ES,3.06666387001178,9.18333612998822,False,TARGET_HIT,7.55332774002356,1.8573769510981688,3562.0,3574.1999916100353,2020-11-20
ES_VWAP_MR_V2_PORT,bullish,3555.7328499599457,1606148400,3553.0,1606149120,"{""sigma"": 2.0, ""target_r"": 2.0, ""risk"": 2.7328499599457245, ""theo"": 3555.7328499599457}",VWAP_MR,720,ES,2.7328499599457245,3.5171500400542755,False,STOP_HIT,-3.3128499599457246,-1.2122326540061932,3553.0,3561.198549879837,2020-11-23
ES_VWAP_MR_V2_PORT,bearish,3613.9333232034596,1606233300,3618.0,1606233780,"{""sigma"": 2.0, ""target_r"": 2.0, ""risk"": 4.066676796540378, ""theo"": 3613.9333232034596}",VWAP_MR,480,ES,5.066676796540378,0.18332320345962216,False,STOP_HIT,-4.646676796540378,-1.1426225955535538,3618.0,3605.799969610379,2020-11-24
ES_VWAP_MR_V2_PORT,bullish,3618.5913746477727,1606317000,3625.274123943318,1606319520,"{""sigma"": 2.0, ""target_r"": 2.0, ""risk"": 3.341374647772682, ""theo"": 3618.5913746477727}",VWAP_MR,2520,ES,1.5913746477726818,6.908625352227318,False,TARGET_HIT,6.1027492955453635,1.8264187464322144,3615.25,3625.274123943318,2020-11-25
ES_VWAP_MR_V2_PORT,bearish,3640.9422153717423,1606491000,3637.326646115227,1606494840,"{""sigma"": 2.0, ""target_r"": 2.0, ""risk"": 1.8077846282576502, ""theo"": 3640.9422153717423}",VWAP_MR,3840,ES,1.3077846282576502,4.44221537174235,False,TARGET_HIT,3.0355692565153003,1.6791653215023703,3642.75,3637.326646115227,2020-11-27
ES_VWAP_MR_V2_PORT,bullish,3616.9804673399976,1606749900,3615.5,1606750020,"{""sigma"": 2.0, ""target_r"": 2.0, ""risk"": 1.480467339997631, ""theo"": 3616.9804673399976}",VWAP_MR,120,ES,1.980467339997631,0.7695326600023691,False,STOP_HIT,-2.060467339997631,-1.3917681831474433,3615.5,3619.941402019993,2020-11-30
ES_VWAP_MR_V2_PORT,bearish,3653.337991010927,1606921500,3656.5,1606922880,"{""sigma"": 2.0, ""target_r"": 2.0, ""risk"": 3.1620089890730014, ""theo"": 3653.337991010927}",VWAP_MR,1380,ES,4.162008989073001,3.5879910109269986,False,STOP_HIT,-3.7420089890730015,-1.1834276885373554,3656.5,3647.013973032781,2020-12-02
ES_VWAP_MR_V2_PORT,bearish,3690.829006584587,1607097000,3685.9870197537616,1607110080,"{""sigma"": 2.0, ""target_r"": 2.0, ""risk"": 2.420993415412795, ""theo"": 3690.829006584587}",VWAP_MR,13080,ES,2.170993415412795,5.329006584587205,False,TARGET_HIT,4.26198683082559,1.760428922975362,3693.25,3685.9870197537616,2020-12-04
ES_VWAP_MR_V2_PORT,bearish,3692.196428646601,1607353500,3694.5,1607353860,"{""sigma"": 2.0, ""target_r"": 2.0, ""risk"": 2.303571353399093, ""theo"": 3692.196428646601}",VWAP_MR,360,ES,2.303571353399093,1.446428646600907,False,STOP_HIT,-2.883571353399093,-1.251782953952855,3694.5,3687.5892859398027,2020-12-07
ES_VWAP_MR_V2_PORT,bearish,3685.633097401159,1607440500,3681.3992922034768,1607440680,"{""sigma"": 2.0, ""target_r"": 2.0, ""risk"": 2.1169025988410795, ""theo"": 3685.633097401159}",VWAP_MR,180,ES,1.3669025988410795,4.8830974011589205,False,TARGET_HIT,3.653805197682159,1.726014791461106,3687.75,3681.3992922034768,2020-12-08
ES_VWAP_MR_V2_PORT,bullish,3704.6644152147774,1607527500,3693.75,1607529840,"{""sigma"": 2.0, ""target_r"": 2.0, ""risk"": 10.914415214777364, ""theo"": 3704.6644152147774}",VWAP_MR,2340,ES,11.414415214777364,0.5855847852226361,False,STOP_HIT,-11.494415214777364,-1.0531407307296428,3693.75,3726.493245644332,2020-12-09
ES_VWAP_MR_V2_PORT,bearish,3656.6835083063384,1607700000,3652.050524919015,1607700660,"{""sigma"": 2.0, ""target_r"": 2.0, ""risk"": 2.3164916936616464, ""theo"": 3656.6835083063384}",VWAP_MR,660,ES,1.0664916936616464,5.183508306338354,False,TARGET_HIT,4.052983387323293,1.7496213771942337,3659.0,3652.050524919015,2020-12-11
ES_VWAP_MR_V2_PORT,bullish,3679.188807646418,1607961300,3677.75,1607961480,"{""sigma"": 2.0, ""target_r"": 2.0, ""risk"": 1.4388076464178994, ""theo"": 3679.188807646418}",VWAP_MR,180,ES,2.4388076464178994,2.3111923535821006,False,STOP_HIT,-2.0188076464178994,-1.4031115635533258,3677.75,3682.0664229392537,2020-12-14
ES_VWAP_MR_V2_PORT,bullish,3663.157580255553,1608044700,3659.5,1608045000,"{""sigma"": 2.0, ""target_r"": 2.0, ""risk"": 3.657580255553057, ""theo"": 3663.157580255553}",VWAP_MR,300,ES,4.157580255553057,2.092419744446943,False,STOP_HIT,-4.237580255553057,-1.1585747842769616,3659.5,3670.472740766659,2020-12-15
ES_VWAP_MR_V2_PORT,bearish,3692.05650592196,1608133500,3695.0,1608136440,"{""sigma"": 2.0, ""target_r"": 2.0, ""risk"": 2.943494078040203, ""theo"": 3692.05650592196}",VWAP_MR,2940,ES,3.693494078040203,3.306505921959797,False,STOP_HIT,-3.523494078040203,-1.1970447314051225,3695.0,3686.1695177658794,2020-12-16
ES_VWAP_MR_V2_PORT,bullish,3704.127143909024,1608225300,3708.3814317270726,1608227280,"{""sigma"": 2.0, ""target_r"": 2.0, ""risk"": 2.1271439090241984, ""theo"": 3704.127143909024}",VWAP_MR,1980,ES,0.6271439090241984,4.372856090975802,False,TARGET_HIT,3.6742878180483967,1.7273339158956724,3702.0,3708.3814317270726,2020-12-17
ES_VWAP_MR_V2_PORT,bearish,3677.602471651401,1608573900,3681.5,1608574140,"{""sigma"": 2.0, ""target_r"": 2.0, ""risk"": 3.8975283485988257, ""theo"": 3677.602471651401}",VWAP_MR,240,ES,3.8975283485988257,0.3524716514011743,False,STOP_HIT,-4.477528348598826,-1.148812259494793,3681.5,3669.8074149542035,2020-12-21
ES_VWAP_MR_V2_PORT,bearish,3685.0647960018305,1608650700,3681.1943880054914,1608650760,"{""sigma"": 2.0, ""target_r"": 2.0, ""risk"": 1.935203998169527, ""theo"": 3685.0647960018305}",VWAP_MR,60,ES,0.0,4.064796001830473,False,TARGET_HIT,3.290407996339054,1.700289994983159,3687.0,3681.1943880054914,2020-12-22
ES_VWAP_MR_V2_PORT,bearish,3696.1536354057157,1608743400,3697.25,1608743580,"{""sigma"": 2.0, ""target_r"": 2.0, ""risk"": 1.096364594284296, ""theo"": 3696.1536354057157}",VWAP_MR,180,ES,1.096364594284296,0.1536354057157041,False,STOP_HIT,-1.676364594284296,-1.5290210966531828,3697.25,3693.960906217147,2020-12-23
ES_VWAP_MR_V2_PORT,bearish,3690.5135571227943,1608824400,3686.540671368383,1608825480,"{""sigma"": 2.0, ""target_r"": 2.0, ""risk"": 1.986442877205718, ""theo"": 3690.5135571227943}",VWAP_MR,1080,ES,0.2364428772057181,4.013557122794282,False,TARGET_HIT,3.392885754411436,1.708020801073388,3692.5,3686.540671368383,2020-12-24
ES_VWAP_MR_V2_PORT,bullish,3720.7977477423674,1609263900,3718.25,1609263960,"{""sigma"": 2.0, ""target_r"": 2.0, ""risk"": 2.5477477423673918, ""theo"": 3720.7977477423674}",VWAP_MR,60,ES,3.7977477423673918,0.20225225763260823,False,STOP_HIT,-3.127747742367392,-1.2276520514001352,3718.25,3725.893243227102,2020-12-29
ES_VWAP_MR_V2_PORT,bullish,3728.935218882856,1609343100,3732.3056566485684,1609343460,"{""sigma"": 2.0, ""target_r"": 2.0, ""risk"": 1.6852188828561339, ""theo"": 3728.935218882856}",VWAP_MR,360,ES,0.18521888285613386,4.064781117143866,False,TARGET_HIT,2.7904377657122676,1.655831057970934,3727.25,3732.3056566485684,2020-12-30
ES_VWAP_MR_V2_PORT,bullish,3731.1146528458357,1609773600,3728.25,1609773780,"{""sigma"": 2.0, ""target_r"": 2.0, ""risk"": 2.864652845835735, ""theo"": 3731.1146528458357}",VWAP_MR,180,ES,2.864652845835735,1.3853471541642648,False,STOP_HIT,-3.4446528458357353,-1.202467814151767,3728.25,3736.843958537507,2021-01-04
ES_VWAP_MR_V2_PORT,bullish,3691.0474140572937,1609862700,3696.142242171881,1609862700,"{""sigma"": 2.0, ""target_r"": 2.0, ""risk"": 2.547414057293736, ""theo"": 3691.0474140572937}",VWAP_MR,0,ES,0.0,6.702585942706264,False,TARGET_HIT,4.514828114587472,1.7723181285196459,3688.5,3696.142242171881,2021-01-05
ES_VWAP_MR_V2_PORT,bearish,3813.9235849499987,1610118600,3812.270754849996,1610118600,"{""sigma"": 2.0, ""target_r"": 2.0, ""risk"": 0.8264150500012875, ""theo"": 3813.9235849499987}",VWAP_MR,0,ES,0.0,3.1735849499987125,False,TARGET_HIT,1.0728301000025748,1.2981734783277525,3814.75,3812.270754849996,2021-01-08
ES_VWAP_MR_V2_PORT,bearish,3793.1434931927047,1610378100,3798.25,1610378820,"{""sigma"": 2.0, ""target_r"": 2.0, ""risk"": 5.106506807295318, ""theo"": 3793.1434931927047}",VWAP_MR,720,ES,8.106506807295318,0.39349319270468186,False,STOP_HIT,-5.686506807295318,-1.113580579031324,3798.25,3782.930479578114,2021-01-11
ES_VWAP_MR_V2_PORT,bearish,3798.0197886829337,1610465100,3800.25,1610465160,"{""sigma"": 2.0, ""target_r"": 2.0, ""risk"": 2.230211317066278, ""theo"": 3798.0197886829337}",VWAP_MR,60,ES,2.980211317066278,0.0,False,STOP_HIT,-2.810211317066278,-1.2600650420709723,3800.25,3793.559366048801,2021-01-12
ES_VWAP_MR_V2_PORT,bearish,3799.6188087542523,1610553900,3803.75,1610559900,"{""sigma"": 2.0, ""target_r"": 2.0, ""risk"": 4.1311912457476865, ""theo"": 3799.6188087542523}",VWAP_MR,6000,ES,5.1311912457476865,4.1188087542523135,False,STOP_HIT,-4.7111912457476866,-1.140395340108499,3803.75,3791.356426262757,2021-01-13
ES_VWAP_MR_V2_PORT,bearish,3811.579878957833,1610637000,3815.25,1610637420,"{""sigma"": 2.0, ""target_r"": 2.0, ""risk"": 3.670121042167011, ""theo"": 3811.579878957833}",VWAP_MR,420,ES,3.670121042167011,1.8298789578329888,False,STOP_HIT,-4.250121042167011,-1.1580329349730496,3815.25,3804.239636873499,2021-01-14
ES_VWAP_MR_V2_PORT,bearish,3792.422659790349,1611081000,3794.0,1611081300,"{""sigma"": 2.0, ""target_r"": 2.0, ""risk"": 1.5773402096510836, ""theo"": 3792.422659790349}",VWAP_MR,300,ES,2.3273402096510836,0.9226597903489164,False,STOP_HIT,-2.1573402096510836,-1.36770761085733,3794.0,3789.2679793710467,2021-01-19
ES_VWAP_MR_V2_PORT,bearish,3837.081819114953,1611335100,3842.5,1611345660,"{""sigma"": 2.0, ""target_r"": 2.0, ""risk"": 5.41818088504715, ""theo"": 3837.081819114953}",VWAP_MR,10560,ES,5.41818088504715,3.58181911495285,False,STOP_HIT,-5.99818088504715,-1.10704699830171,3842.5,3826.2454573448586,2021-01-22
ES_VWAP_MR_V2_PORT,bearish,3848.0639362329093,1611587700,3846.191808698728,1611587700,"{""sigma"": 2.0, ""target_r"": 2.0, ""risk"": 0.9360637670906726, ""theo"": 3848.0639362329093}",VWAP_MR,0,ES,0.0,2.3139362329093274,False,TARGET_HIT,1.2921275341813452,1.38038409305953,3849.0,3846.191808698728,2021-01-25
ES_VWAP_MR_V2_PORT,bullish,3841.400842184386,1611680400,3844.202526553158,1611680580,"{""sigma"": 2.0, ""target_r"": 2.0, ""risk"": 1.400842184385965, ""theo"": 3841.400842184386}",VWAP_MR,180,ES,1.150842184385965,3.099157815614035,False,TARGET_HIT,2.22168436877193,1.5859633537133713,3840.0,3844.202526553158,2021-01-26
ES_VWAP_MR_V2_PORT,bullish,3760.330203358278,1611776700,3749.5,1611776940,"{""sigma"": 2.0, ""target_r"": 2.0, ""risk"": 10.83020335827814, ""theo"": 3760.330203358278}",VWAP_MR,240,ES,14.83020335827814,2.1697966417218595,False,STOP_HIT,-11.41020335827814,-1.0535539343826517,3749.5,3781.9906100748344,2021-01-27
ES_VWAP_MR_V2_PORT,bearish,3801.9373690165353,1611848700,3793.312107049606,1611848700,"{""sigma"": 2.0, ""target_r"": 2.0, ""risk"": 4.3126309834647145, ""theo"": 3801.9373690165353}",VWAP_MR,0,ES,0.0,9.937369016535285,False,TARGET_HIT,8.045261966929429,1.8655113311980995,3806.25,3793.312107049606,2021-01-28
ES_VWAP_MR_V2_PORT,bearish,3767.6571981561087,1611934200,3769.75,1611934200,"{""sigma"": 2.0, ""target_r"": 2.0, ""risk"": 2.092801843891266, ""theo"": 3767.6571981561087}",VWAP_MR,0,ES,2.592801843891266,1.657198156108734,False,STOP_HIT,-2.672801843891266,-1.2771404286043504,3769.75,3763.471594468326,2021-01-29
ES_VWAP_MR_V2_PORT,bearish,3760.4386273975747,1612201500,3766.75,1612202280,"{""sigma"": 2.0, ""target_r"": 2.0, ""risk"": 6.311372602425308, ""theo"": 3760.4386273975747}",VWAP_MR,780,ES,7.061372602425308,0.6886273975746917,False,STOP_HIT,-6.891372602425308,-1.0918976008130339,3766.75,3747.815882192724,2021-02-01
ES_VWAP_MR_V2_PORT,bearish,3817.7136281521753,1612278600,3819.5,1612278600,"{""sigma"": 2.0, ""target_r"": 2.0, ""risk"": 1.7863718478247392, ""theo"": 3817.7136281521753}",VWAP_MR,0,ES,3.0363718478247392,0.0,False,STOP_HIT,-2.3663718478247393,-1.3246804413685005,3819.5,3814.140884456526,2021-02-02
ES_VWAP_MR_V2_PORT,bearish,3829.4938744334936,1612364700,3820.981623300481,1612365240,"{""sigma"": 2.0, ""target_r"": 2.0, ""risk"": 4.256125566506398, ""theo"": 3829.4938744334936}",VWAP_MR,540,ES,2.506125566506398,10.243874433493602,False,TARGET_HIT,7.932251133012796,1.8637258250639237,3833.75,3820.981623300481,2021-02-03
ES_VWAP_MR_V2_PORT,bearish,3840.811460782981,1612451100,3843.25,1612451100,"{""sigma"": 2.0, ""target_r"": 2.0, ""risk"": 2.4385392170188425, ""theo"": 3840.811460782981}",VWAP_MR,0,ES,2.4385392170188425,1.0614607829811575,False,STOP_HIT,-3.0185392170188425,-1.2378473128306136,3843.25,3835.9343823489435,2021-02-04
ES_VWAP_MR_V2_PORT,bullish,3875.8497139801784,1612537500,3873.0,1612537860,"{""sigma"": 2.0, ""target_r"": 2.0, ""risk"": 2.8497139801784215, ""theo"": 3875.8497139801784}",VWAP_MR,360,ES,3.3497139801784215,2.1502860198215785,False,STOP_HIT,-3.4297139801784216,-1.2035291976788793,3873.0,3881.5491419405353,2021-02-05
ES_VWAP_MR_V2_PORT,bearish,3901.3300311801167,1612797600,3899.4900935403502,1612797720,"{""sigma"": 2.0, ""target_r"": 2.0, ""risk"": 0.9199688198832519, ""theo"": 3901.3300311801167}",VWAP_MR,120,ES,0.16996881988325185,2.330031180116748,False,TARGET_HIT,1.2599376397665036,1.3695438503300528,3902.25,3899.4900935403502,2021-02-08
ES_VWAP_MR_V2_PORT,bearish,3908.1929451242813,1612891200,3909.5,1612891860,"{""sigma"": 2.0, ""target_r"": 2.0, ""risk"": 1.307054875718677, ""theo"": 3908.1929451242813}",VWAP_MR,660,ES,1.307054875718677,1.692945124281323,False,STOP_HIT,-1.8870548757186771,-1.4437457147169053,3909.5,3905.578835372844,2021-02-09
ES_VWAP_MR_V2_PORT,bullish,3908.9668578961036,1613057400,3913.900573688311,1613057400,"{""sigma"": 2.0, ""target_r"": 2.0, ""risk"": 2.4668578961036474, ""theo"": 3908.9668578961036}",VWAP_MR,0,ES,0.0,5.033142103896353,False,TARGET_HIT,4.353715792207295,1.764883092408323,3906.5,3913.900573688311,2021-02-11
ES_VWAP_MR_V2_PORT,bullish,3937.091631939216,1613490300,3931.5,1613490780,"{""sigma"": 2.0, ""target_r"": 2.0, ""risk"": 5.591631939215858, ""theo"": 3937.091631939216}",VWAP_MR,480,ES,7.591631939215858,6.158368060784142,False,STOP_HIT,-6.1716319392158585,-1.103726426614792,3931.5,3948.2748958176476,2021-02-16
ES_VWAP_MR_V2_PORT,bullish,3900.3078738849104,1613579100,3902.423621654731,1613579100,"{""sigma"": 2.0, ""target_r"": 2.0, ""risk"": 1.0578738849103502, ""theo"": 3900.3078738849104}",VWAP_MR,0,ES,0.8078738849103502,2.44212611508965,False,TARGET_HIT,1.5357477698207003,1.4517304867118896,3899.25,3902.423621654731,2021-02-17
ES_VWAP_MR_V2_PORT,bullish,3891.0971841747046,1613661300,3886.5,1613661720,"{""sigma"": 2.0, ""target_r"": 2.0, ""risk"": 4.59718417470458, ""theo"": 3891.0971841747046}",VWAP_MR,420,ES,6.09718417470458,1.65281582529542,False,STOP_HIT,-5.17718417470458,-1.1261641861536407,3886.5,3900.2915525241137,2021-02-18
ES_VWAP_MR_V2_PORT,bearish,3924.1279215615536,1613751300,3926.75,1613752320,"{""sigma"": 2.0, ""target_r"": 2.0, ""risk"": 2.6220784384463514, ""theo"": 3924.1279215615536}",VWAP_MR,1020,ES,3.1220784384463514,2.3779215615536486,False,STOP_HIT,-3.2020784384463514,-1.2211985696139833,3926.75,3918.883764684661,2021-02-19
ES_VWAP_MR_V2_PORT,bearish,3894.987560734483,1614021900,3896.5,1614022320,"{""sigma"": 2.0, ""target_r"": 2.0, ""risk"": 1.5124392655170595, ""theo"": 3894.987560734483}",VWAP_MR,420,ES,1.7624392655170595,0.7375607344829405,False,STOP_HIT,-2.0924392655170596,-1.3834864732910215,3896.5,3891.962682203449,2021-02-22
ES_VWAP_MR_V2_PORT,bearish,3856.0453708756545,1614096000,3859.75,1614096120,"{""sigma"": 2.0, ""target_r"": 2.0, ""risk"": 3.7046291243455016, ""theo"": 3856.0453708756545}",VWAP_MR,120,ES,3.9546291243455016,3.0453708756544984,False,STOP_HIT,-4.284629124345502,-1.156560881138802,3859.75,3848.6361126269635,2021-02-23
ES_VWAP_MR_V2_PORT,bullish,3863.412129944795,1614179700,3879.2363898343856,1614180240,"{""sigma"": 2.0, ""target_r"": 2.0, ""risk"": 7.912129944795197, ""theo"": 3863.412129944795}",VWAP_MR,540,ES,2.412129944795197,15.837870055204803,False,TARGET_HIT,15.244259889590394,1.9266948338757328,3855.5,3879.2363898343856,2021-02-24
ES_VWAP_MR_V2_PORT,bullish,3906.889457758156,1614266400,3895.5,1614267000,"{""sigma"": 2.0, ""target_r"": 2.0, ""risk"": 11.389457758155913, ""theo"": 3906.889457758156}",VWAP_MR,600,ES,11.889457758155913,3.3605422418440867,False,STOP_HIT,-11.969457758155913,-1.05092428562586,3895.5,3929.6683732744677,2021-02-25
ES_VWAP_MR_V2_PORT,bullish,3825.5395323260404,1614351900,3814.5,1614352020,"{""sigma"": 2.0, ""target_r"": 2.0, ""risk"": 11.039532326040444, ""theo"": 3825.5395323260404}",VWAP_MR,120,ES,12.039532326040444,1.2104676739595561,False,STOP_HIT,-11.619532326040444,-1.0525384575062002,3814.5,3847.6185969781213,2021-02-26
ES_VWAP_MR_V2_PORT,bearish,3888.4967075954805,1614614400,3891.25,1614614400,"{""sigma"": 2.0, ""target_r"": 2.0, ""risk"": 2.7532924045194704, ""theo"": 3888.4967075954805}",VWAP_MR,0,ES,5.00329240451947,0.0,False,STOP_HIT,-3.3332924045194705,-1.2106568844805377,3891.25,3882.9901227864416,2021-03-01
ES_VWAP_MR_V2_PORT,bullish,3883.4526130249687,1614699300,3877.0,1614699480,"{""sigma"": 2.0, ""target_r"": 2.0, ""risk"": 6.452613024968741, ""theo"": 3883.4526130249687}",VWAP_MR,180,ES,6.952613024968741,1.5473869750312588,False,STOP_HIT,-7.032613024968741,-1.0898860659636116,3877.0,3896.357839074906,2021-03-02
ES_VWAP_MR_V2_PORT,bullish,3850.1487486600477,1614783900,3844.5,1614783960,"{""sigma"": 2.0, ""target_r"": 2.0, ""risk"": 5.648748660047659, ""theo"": 3850.1487486600477}",VWAP_MR,60,ES,6.898748660047659,0.0,False,STOP_HIT,-6.228748660047659,-1.1026776078925604,3844.5,3861.446245980143,2021-03-03
ES_VWAP_MR_V2_PORT,bullish,3760.1595474145365,1614883200,3753.5,1614883380,"{""sigma"": 2.0, ""target_r"": 2.0, ""risk"": 6.659547414536519, ""theo"": 3760.1595474145365}",VWAP_MR,180,ES,9.159547414536519,6.090452585463481,False,STOP_HIT,-7.239547414536519,-1.087093005559803,3753.5,3773.4786422436096,2021-03-04
ES_VWAP_MR_V2_PORT,bullish,3744.671482558433,1614962100,3777.0144476752994,1614965040,"{""sigma"": 2.0, ""target_r"": 2.0, ""risk"": 16.171482558433127, ""theo"": 3744.671482558433}",VWAP_MR,2940,ES,7.6714825584331265,35.07851744156687,False,TARGET_HIT,31.762965116866255,1.964134395352791,3728.5,3777.0144476752994,2021-03-05
ES_VWAP_MR_V2_PORT,bearish,3862.471390499742,1615217100,3868.75,1615217340,"{""sigma"": 2.0, ""target_r"": 2.0, ""risk"": 6.278609500257971, ""theo"": 3862.471390499742}",VWAP_MR,240,ES,9.028609500257971,2.9713904997420286,False,STOP_HIT,-6.8586095002579714,-1.0923771417821366,3868.75,3849.914171499226,2021-03-08
ES_VWAP_MR_V2_PORT,bullish,3891.2509142473286,1615390500,3886.0,1615390740,"{""sigma"": 2.0, ""target_r"": 2.0, ""risk"": 5.250914247328637, ""theo"": 3891.2509142473286}",VWAP_MR,240,ES,6.750914247328637,2.7490857526713626,False,STOP_HIT,-5.8309142473286375,-1.1104569552426171,3886.0,3901.752742741986,2021-03-10
ES_VWAP_MR_V2_PORT,bearish,3928.991465601674,1615475700,3934.5,1615476780,"{""sigma"": 2.0, ""target_r"": 2.0, ""risk"": 5.508534398325992, ""theo"": 3928.991465601674}",VWAP_MR,1080,ES,5.508534398325992,7.491465601674008,False,STOP_HIT,-6.088534398325992,-1.1052911642298646,3934.5,3917.974396805022,2021-03-11
ES_VWAP_MR_V2_PORT,bearish,3929.8682601415085,1615561500,3931.25,1615561500,"{""sigma"": 2.0, ""target_r"": 2.0, ""risk"": 1.3817398584915281, ""theo"": 3929.8682601415085}",VWAP_MR,0,ES,2.881739858491528,0.11826014150847186,False,STOP_HIT,-1.9617398584915282,-1.4197606347067364,3931.25,3927.1047804245254,2021-03-12
ES_VWAP_MR_V2_PORT,bullish,3930.455994676896,1615817700,3926.25,1615818660,"{""sigma"": 2.0, ""target_r"": 2.0, ""risk"": 4.205994676895898, ""theo"": 3930.455994676896}",VWAP_MR,960,ES,4.205994676895898,2.544005323104102,False,STOP_HIT,-4.785994676895898,-1.137898415132577,3926.25,3938.8679840306877,2021-03-15
ES_VWAP_MR_V2_PORT,bullish,3960.235997655787,1615912500,3952.5,1615917960,"{""sigma"": 2.0, ""target_r"": 2.0, ""risk"": 7.735997655786832, ""theo"": 3960.235997655787}",VWAP_MR,5460,ES,8.485997655786832,6.264002344213168,False,STOP_HIT,-8.315997655786832,-1.074974169565077,3952.5,3975.7079929673605,2021-03-16
ES_VWAP_MR_V2_PORT,bullish,3930.661115224169,1615992900,3926.25,1615993200,"{""sigma"": 2.0, ""target_r"": 2.0, ""risk"": 4.411115224168952, ""theo"": 3930.661115224169}",VWAP_MR,300,ES,4.411115224168952,1.0888847758310476,False,STOP_HIT,-4.9911152241689525,-1.131486023494041,3926.25,3939.483345672507,2021-03-17
ES_VWAP_MR_V2_PORT,bearish,3944.3478869731066,1616079300,3947.0,1616079960,"{""sigma"": 2.0, ""target_r"": 2.0, ""risk"": 2.652113026893403, ""theo"": 3944.3478869731066}",VWAP_MR,660,ES,3.652113026893403,3.597886973106597,False,STOP_HIT,-3.232113026893403,-1.21869354515384,3947.0,3939.04366091932,2021-03-18
ES_VWAP_MR_V2_PORT,bearish,3910.8682548929883,1616171100,3913.75,1616172060,"{""sigma"": 2.0, ""target_r"": 2.0, ""risk"": 2.8817451070117386, ""theo"": 3910.8682548929883}",VWAP_MR,960,ES,2.8817451070117386,3.1182548929882614,False,STOP_HIT,-3.4617451070117387,-1.2012669332165322,3913.75,3905.104764678965,2021-03-19
ES_VWAP_MR_V2_PORT,bearish,3935.1327341172755,1616431800,3933.3982023518265,1616432460,"{""sigma"": 2.0, ""target_r"": 2.0, ""risk"": 0.8672658827244959, ""theo"": 3935.1327341172755}",VWAP_MR,660,ES,0.6172658827244959,2.132734117275504,False,TARGET_HIT,1.1545317654489917,1.3312316193299991,3936.0,3933.3982023518265,2021-03-22
ES_VWAP_MR_V2_PORT,bearish,3926.452614127805,1616508300,3930.5,1616508540,"{""sigma"": 2.0, ""target_r"": 2.0, ""risk"": 4.047385872194809, ""theo"": 3926.452614127805}",VWAP_MR,240,ES,5.047385872194809,0.20261412780519095,False,STOP_HIT,-4.627385872194809,-1.1433023730167537,3930.5,3918.3578423834156,2021-03-23
ES_VWAP_MR_V2_PORT,bullish,3909.5340086055267,1616595900,3915.60202581658,1616596560,"{""sigma"": 2.0, ""target_r"": 2.0, ""risk"": 3.034008605526651, ""theo"": 3909.5340086055267}",VWAP_MR,660,ES,0.7840086055266511,6.965991394473349,False,TARGET_HIT,5.488017211053302,1.808833765684286,3906.5,3915.60202581658,2021-03-24
ES_VWAP_MR_V2_PORT,bearish,3871.1058145995125,1616681700,3858.8174437985376,1616683020,"{""sigma"": 2.0, ""target_r"": 2.0, ""risk"": 6.1441854004874585, ""theo"": 3871.1058145995125}",VWAP_MR,1320,ES,4.3941854004874585,12.605814599512541,False,TARGET_HIT,11.708370800974917,1.9056018068800487,3877.25,3858.8174437985376,2021-03-25
ES_VWAP_MR_V2_PORT,bearish,3922.79609596374,1616769900,3913.3882878912195,1616771580,"{""sigma"": 2.0, ""target_r"": 2.0, ""risk"": 4.703904036260155, ""theo"": 3922.79609596374}",VWAP_MR,1680,ES,4.203904036260155,9.546095963739845,False,TARGET_HIT,8.82780807252031,1.876698164858582,3927.5,3913.3882878912195,2021-03-26
ES_VWAP_MR_V2_PORT,bullish,3945.2063749380663,1617026700,3941.0,1617026940,"{""sigma"": 2.0, ""target_r"": 2.0, ""risk"": 4.206374938066347, ""theo"": 3945.2063749380663}",VWAP_MR,240,ES,5.456374938066347,2.2936250619336533,False,STOP_HIT,-4.786374938066347,-1.1378859489559967,3941.0,3953.619124814199,2021-03-29
ES_VWAP_MR_V2_PORT,bullish,3938.923593949076,1617114300,3949.2707818472277,1617115380,"{""sigma"": 2.0, ""target_r"": 2.0, ""risk"": 5.173593949075894, ""theo"": 3938.923593949076}",VWAP_MR,1080,ES,2.9235939490758938,11.576406050924106,False,TARGET_HIT,9.767187898151787,1.8878922455629517,3933.75,3949.2707818472277,2021-03-30
ES_VWAP_MR_V2_PORT,bearish,3970.78765571808,1617202200,3973.25,1617202320,"{""sigma"": 2.0, ""target_r"": 2.0, ""risk"": 2.4623442819201955, ""theo"": 3970.78765571808}",VWAP_MR,120,ES,2.4623442819201955,1.0376557180798045,False,STOP_HIT,-3.0423442819201956,-1.2355478899756869,3973.25,3965.8629671542394,2021-03-31
ES_VWAP_MR_V2_PORT,bearish,3991.799168683096,1617288600,3995.75,1617288600,"{""sigma"": 2.0, ""target_r"": 2.0, ""risk"": 3.9508313169039866, ""theo"": 3991.799168683096}",VWAP_MR,0,ES,4.450831316903987,0.0,False,STOP_HIT,-4.530831316903987,-1.1468045465566747,3995.75,3983.897506049288,2021-04-01
ES_VWAP_MR_V2_PORT,bearish,4069.7773997945687,1617808800,4062.332199383706,1617809940,"{""sigma"": 2.0, ""target_r"": 2.0, ""risk"": 3.722600205431263, ""theo"": 4069.7773997945687}",VWAP_MR,1140,ES,0.722600205431263,9.027399794568737,False,TARGET_HIT,6.865200410862526,1.8441949261288435,4073.5,4062.332199383706,2021-04-07
ES_VWAP_MR_V2_PORT,bearish,4084.1305605419884,1617898200,4083.3916816259652,1617898200,"{""sigma"": 2.0, ""target_r"": 2.0, ""risk"": 0.36943945801158407, ""theo"": 4084.1305605419884}",VWAP_MR,0,ES,0.0,1.380560541988416,False,TARGET_HIT,0.15887891602316817,0.4300539982336873,4084.5,4083.3916816259652,2021-04-08
ES_VWAP_MR_V2_PORT,bearish,4094.365795525539,1617977400,4090.097386576617,1617978480,"{""sigma"": 2.0, ""target_r"": 2.0, ""risk"": 2.1342044744610575, ""theo"": 4094.365795525539}",VWAP_MR,1080,ES,1.8842044744610575,4.3657955255389425,False,TARGET_HIT,3.688408948922115,1.7282359741343598,4096.5,4090.097386576617,2021-04-09
ES_VWAP_MR_V2_PORT,bearish,4118.59166714658,1618247400,4111.275001439741,1618250340,"{""sigma"": 2.0, ""target_r"": 2.0, ""risk"": 3.658332853419779, ""theo"": 4118.59166714658}",VWAP_MR,2940,ES,1.658332853419779,8.091667146580221,False,TARGET_HIT,6.736665706839558,1.8414578379717907,4122.25,4111.275001439741,2021-04-12
ES_VWAP_MR_V2_PORT,bearish,4121.7680458396735,1618323600,4125.75,1618324320,"{""sigma"": 2.0, ""target_r"": 2.0, ""risk"": 3.981954160326495, ""theo"": 4121.7680458396735}",VWAP_MR,720,ES,4.731954160326495,0.018045839673504815,False,STOP_HIT,-4.561954160326495,-1.14565712628707,4125.75,4113.8041375190205,2021-04-13
ES_VWAP_MR_V2_PORT,bullish,4120.350960410084,1618427700,4115.5,1618430100,"{""sigma"": 2.0, ""target_r"": 2.0, ""risk"": 7.350960410083644, ""theo"": 4120.350960410084}",VWAP_MR,2400,ES,7.100960410083644,5.399039589916356,False,TIME_EXIT,-5.430960410083644,-0.7388096394361954,4113.0,4135.052881230251,2021-04-14
ES_VWAP_MR_V2_PORT,bearish,4154.657961130166,1618498800,4155.75,1618498860,"{""sigma"": 2.0, ""target_r"": 2.0, ""risk"": 1.0920388698341412, ""theo"": 4154.657961130166}",VWAP_MR,60,ES,2.8420388698341412,1.1579611301658588,False,STOP_HIT,-1.6720388698341413,-1.5311166259934414,4155.75,4152.473883390498,2021-04-15
ES_VWAP_MR_V2_PORT,bullish,4164.265449657228,1618842600,4155.0,1618843500,"{""sigma"": 2.0, ""target_r"": 2.0, ""risk"": 9.265449657227691, ""theo"": 4164.265449657228}",VWAP_MR,900,ES,11.765449657227691,0.4845503427723088,False,STOP_HIT,-9.845449657227691,-1.062598149194795,4155.0,4182.796348971683,2021-04-19
ES_VWAP_MR_V2_PORT,bullish,4143.1313605795385,1618927800,4145.394081738616,1618927800,"{""sigma"": 2.0, ""target_r"": 2.0, ""risk"": 1.1313605795385229, ""theo"": 4143.1313605795385}",VWAP_MR,0,ES,0.8813605795385229,3.868639420461477,False,TARGET_HIT,1.6827211590770457,1.4873429298406529,4142.0,4145.394081738616,2021-04-20
ES_VWAP_MR_V2_PORT,bearish,4162.688602329102,1619103600,4165.75,1619104080,"{""sigma"": 2.0, ""target_r"": 2.0, ""risk"": 3.061397670898259, ""theo"": 4162.688602329102}",VWAP_MR,480,ES,3.811397670898259,0.6886023291017409,False,STOP_HIT,-3.641397670898259,-1.189455948671255,4165.75,4156.565806987305,2021-04-22
ES_VWAP_MR_V2_PORT,bearish,4183.1591417961945,1619446800,4178.4774253885835,1619453220,"{""sigma"": 2.0, ""target_r"": 2.0, ""risk"": 2.34085820380551, ""theo"": 4183.1591417961945}",VWAP_MR,6420,ES,2.09085820380551,4.90914179619449,False,TARGET_HIT,4.10171640761102,1.7522276235881782,4185.5,4178.4774253885835,2021-04-26
ES_VWAP_MR_V2_PORT,bearish,4181.401769486345,1619549100,4180.705308459035,1619549160,"{""sigma"": 2.0, ""target_r"": 2.0, ""risk"": 0.34823051365492574, ""theo"": 4181.401769486345}",VWAP_MR,60,ES,0.09823051365492574,1.1517694863450743,False,TARGET_HIT,0.11646102730985153,0.3344365951378316,4181.75,4180.705308459035,2021-04-27
ES_VWAP_MR_V2_PORT,bearish,4186.8953806491645,1619618700,4184.1861419474935,1619620380,"{""sigma"": 2.0, ""target_r"": 2.0, ""risk"": 1.3546193508354918, ""theo"": 4186.8953806491645}",VWAP_MR,1680,ES,0.8546193508354918,3.145380649164508,False,TARGET_HIT,2.1292387016709835,1.5718354387582962,4188.25,4184.1861419474935,2021-04-28
ES_VWAP_MR_V2_PORT,bullish,4192.358250811181,1619706300,4190.25,1619706600,"{""sigma"": 2.0, ""target_r"": 2.0, ""risk"": 2.1082508111812786, ""theo"": 4192.358250811181}",VWAP_MR,300,ES,2.6082508111812786,2.3917491888187214,False,STOP_HIT,-2.6882508111812786,-1.2751095822773661,4190.25,4196.574752433544,2021-04-29
ES_VWAP_MR_V2_PORT,bullish,4174.607854061962,1619796300,4171.75,1619796600,"{""sigma"": 2.0, ""target_r"": 2.0, ""risk"": 2.857854061961916, ""theo"": 4174.607854061962}",VWAP_MR,300,ES,3.857854061961916,1.3921459380380838,False,STOP_HIT,-3.4378540619619162,-1.2029494814727628,4171.75,4180.323562185886,2021-04-30
ES_VWAP_MR_V2_PORT,bullish,4190.552127537789,1620054600,4188.0,1620054660,"{""sigma"": 2.0, ""target_r"": 2.0, ""risk"": 2.5521275377886923, ""theo"": 4190.552127537789}",VWAP_MR,60,ES,4.052127537788692,1.4478724622113077,False,STOP_HIT,-3.1321275377886924,-1.2272613697442978,4188.0,4195.656382613366,2021-05-03
ES_VWAP_MR_V2_PORT,bullish,4127.711527232345,1620141600,4123.75,1620141660,"{""sigma"": 2.0, ""target_r"": 2.0, ""risk"": 3.961527232345361, ""theo"": 4127.711527232345}",VWAP_MR,60,ES,4.461527232345361,1.038472767654639,False,STOP_HIT,-4.541527232345361,-1.1464081819921303,4123.75,4135.634581697036,2021-05-04
ES_VWAP_MR_V2_PORT,bullish,4161.038746637232,1620223800,4156.25,1620224520,"{""sigma"": 2.0, ""target_r"": 2.0, ""risk"": 4.78874663723218, ""theo"": 4161.038746637232}",VWAP_MR,720,ES,7.53874663723218,2.2112533627678204,False,STOP_HIT,-5.36874663723218,-1.1211172868262729,4156.25,4170.6162399116965,2021-05-05
ES_VWAP_MR_V2_PORT,bullish,4145.990399972134,1620310500,,1620310560,"{""sigma"": 2.0, ""target_r"": 2.0, ""risk"": 0.9903999721336731, ""theo"": 4145.990399972134}",VWAP_MR,60,ES,0.9903999721336731,3.009600027866327,False,AMBIGUOUS,,,4145.0,4147.971199916401,2021-05-06
ES_VWAP_MR_V2_PORT,bearish,4226.023294818189,1620656400,4222.069884454568,1620656700,"{""sigma"": 2.0, ""target_r"": 2.0, ""risk"": 1.9767051818107575, ""theo"": 4226.023294818189}",VWAP_MR,300,ES,0.9767051818107575,4.2732948181892425,False,TARGET_HIT,3.373410363621515,1.7065824457096368,4228.0,4222.069884454568,2021-05-10
ES_VWAP_MR_V2_PORT,bearish,4149.540222035929,1620741900,4136.120666107788,1620742560,"{""sigma"": 2.0, ""target_r"": 2.0, ""risk"": 6.709777964070781, ""theo"": 4149.540222035929}",VWAP_MR,660,ES,4.209777964070781,16.54022203592922,False,TARGET_HIT,12.839555928141563,1.9135589876288368,4156.25,4136.120666107788,2021-05-11
ES_VWAP_MR_V2_PORT,bullish,4115.390624069242,1620828600,4106.25,1620829800,"{""sigma"": 2.0, ""target_r"": 2.0, ""risk"": 9.140624069242222, ""theo"": 4115.390624069242}",VWAP_MR,1200,ES,10.390624069242222,2.8593759307577784,False,STOP_HIT,-9.720624069242222,-1.0634529979141876,4106.25,4133.671872207727,2021-05-12
ES_VWAP_MR_V2_PORT,bullish,4084.3782312697463,1620927600,4090.134693809239,1620927900,"{""sigma"": 2.0, ""target_r"": 2.0, ""risk"": 2.8782312697462658, ""theo"": 4084.3782312697463}",VWAP_MR,300,ES,0.6282312697462658,7.121768730253734,False,TARGET_HIT,5.176462539492531,1.7984873536409287,4081.5,4090.134693809239,2021-05-13
ES_VWAP_MR_V2_PORT,bearish,4150.8505873033455,1621001100,4145.0517619100365,1621001160,"{""sigma"": 2.0, ""target_r"": 2.0, ""risk"": 2.899412696654508, ""theo"": 4150.8505873033455}",VWAP_MR,60,ES,0.6494126966545082,5.850587303345492,False,TARGET_HIT,5.218825393309016,1.799959488116599,4153.75,4145.0517619100365,2021-05-14
ES_VWAP_MR_V2_PORT,bullish,4065.6674714146707,1621433700,4056.5,1621433700,"{""sigma"": 2.0, ""target_r"": 2.0, ""risk"": 9.167471414670672, ""theo"": 4065.6674714146707}",VWAP_MR,0,ES,10.167471414670672,0.0,False,STOP_HIT,-9.747471414670672,-1.0632671730038699,4056.5,4084.002414244012,2021-05-19
ES_VWAP_MR_V2_PORT,bearish,4137.7795415807295,1621520100,4139.5,1621520640,"{""sigma"": 2.0, ""target_r"": 2.0, ""risk"": 1.7204584192704715, ""theo"": 4137.7795415807295}",VWAP_MR,540,ES,1.7204584192704715,3.0295415807295285,False,STOP_HIT,-2.3004584192704716,-1.337119452294545,4139.5,4134.338624742189,2021-05-20
ES_VWAP_MR_V2_PORT,bullish,4171.146211761501,1621607700,4174.938635284503,1621607700,"{""sigma"": 2.0, ""target_r"": 2.0, ""risk"": 1.8962117615010357, ""theo"": 4171.146211761501}",VWAP_MR,0,ES,0.0,5.103788238498964,False,TARGET_HIT,3.2124235230020712,1.6941269895188955,4169.25,4174.938635284503,2021-05-21
ES_VWAP_MR_V2_PORT,bullish,4186.204084412874,1621957200,4193.6122532386225,1621958820,"{""sigma"": 2.0, ""target_r"": 2.0, ""risk"": 3.704084412874181, ""theo"": 4186.204084412874}",VWAP_MR,1620,ES,1.454084412874181,7.545915587125819,False,TARGET_HIT,6.828168825748362,1.8434160954906669,4182.5,4193.6122532386225,2021-05-25
ES_VWAP_MR_V2_PORT,bullish,4202.481862296051,1622129100,4205.445586888153,1622129220,"{""sigma"": 2.0, ""target_r"": 2.0, ""risk"": 1.4818622960510766, ""theo"": 4202.481862296051}",VWAP_MR,120,ES,0.0,3.0181377039489234,False,TARGET_HIT,2.383724592102153,1.6086006091486327,4201.0,4205.445586888153,2021-05-27
ES_VWAP_MR_V2_PORT,bullish,4208.591945187053,1622212800,4202.5,1622231700,"{""sigma"": 2.0, ""target_r"": 2.0, ""risk"": 6.09194518705317, ""theo"": 4208.591945187053}",VWAP_MR,18900,ES,6.34194518705317,6.90805481294683,False,STOP_HIT,-6.67194518705317,-1.0952076852616202,4202.5,4220.7758355611595,2021-05-28
ES_VWAP_MR_V2_PORT,bullish,4199.87772215561,1622655900,4198.5,1622656080,"{""sigma"": 2.0, ""target_r"": 2.0, ""risk"": 1.3777221556101722, ""theo"": 4199.87772215561}",VWAP_MR,180,ES,1.6277221556101722,2.622277844389828,False,STOP_HIT,-1.9577221556101723,-1.4209847374800524,4198.5,4202.6331664668305,2021-06-02
ES_VWAP_MR_V2_PORT,bearish,4224.374071895871,1622829600,4224.75,1622829600,"{""sigma"": 2.0, ""target_r"": 2.0, ""risk"": 0.3759281041293434, ""theo"": 4224.374071895871}",VWAP_MR,0,ES,0.8759281041293434,0.12407189587065659,False,STOP_HIT,-0.9559281041293435,-2.5428482032310167,4224.75,4223.622215687612,2021-06-04
ES_VWAP_MR_V2_PORT,bullish,4221.362571969084,1623075000,4220.0,1623075060,"{""sigma"": 2.0, ""target_r"": 2.0, ""risk"": 1.3625719690835467, ""theo"": 4221.362571969084}",VWAP_MR,60,ES,1.3625719690835467,1.1374280309164533,False,STOP_HIT,-1.9425719690835468,-1.425665589165248,4220.0,4224.087715907251,2021-06-07
ES_VWAP_MR_V2_PORT,bullish,4214.943158771604,1623166200,4228.25,1623182100,"{""sigma"": 2.0, ""target_r"": 2.0, ""risk"": 9.19315877160443, ""theo"": 4214.943158771604}",VWAP_MR,15900,ES,3.4431587716044305,17.05684122839557,False,TIME_EXIT,12.72684122839557,1.3843817500145736,4205.75,4233.329476314813,2021-06-08
ES_VWAP_MR_V2_PORT,bullish,4227.793756525452,1623248400,4231.381269576357,1623248820,"{""sigma"": 2.0, ""target_r"": 2.0, ""risk"": 1.7937565254524088, ""theo"": 4227.793756525452}",VWAP_MR,420,ES,0.04375652545240882,3.706243474547591,False,TARGET_HIT,3.0075130509048176,1.6766562285515776,4226.0,4231.381269576357,2021-06-09
ES_VWAP_MR_V2_PORT,bullish,4242.839587216418,1623420300,4240.5,1623420720,"{""sigma"": 2.0, ""target_r"": 2.0, ""risk"": 2.3395872164182947, ""theo"": 4242.839587216418}",VWAP_MR,420,ES,2.3395872164182947,1.1604127835817053,False,STOP_HIT,-2.9195872164182948,-1.247906979457654,4240.5,4247.518761649255,2021-06-11
ES_VWAP_MR_V2_PORT,bullish,4230.169601086049,1623680400,4227.0,1623681300,"{""sigma"": 2.0, ""target_r"": 2.0, ""risk"": 3.169601086048715, ""theo"": 4230.169601086049}",VWAP_MR,900,ES,3.169601086048715,0.5803989139512851,False,STOP_HIT,-3.749601086048715,-1.1829883270020705,4227.0,4236.508803258146,2021-06-14
ES_VWAP_MR_V2_PORT,bullish,4238.992769934846,1623766200,4236.75,1623766380,"{""sigma"": 2.0, ""target_r"": 2.0, ""risk"": 2.2427699348463648, ""theo"": 4238.992769934846}",VWAP_MR,180,ES,2.4927699348463648,0.5072300651536352,False,STOP_HIT,-2.822769934846365,-1.2586087814841924,4236.75,4243.478309804539,2021-06-15
ES_VWAP_MR_V2_PORT,bullish,4224.945549312422,1623865200,4222.25,1623865680,"{""sigma"": 2.0, ""target_r"": 2.0, ""risk"": 2.695549312422372, ""theo"": 4224.945549312422}",VWAP_MR,480,ES,3.195549312422372,2.304450687577628,False,STOP_HIT,-3.2755493124223722,-1.2151695008238523,4222.25,4230.336647937267,2021-06-16
ES_VWAP_MR_V2_PORT,bullish,4206.509017823202,1623939300,4213.0270534696065,1623939960,"{""sigma"": 2.0, ""target_r"": 2.0, ""risk"": 3.259017823202157, ""theo"": 4206.509017823202}",VWAP_MR,660,ES,1.5090178232021572,7.240982176797843,False,TARGET_HIT,5.938035646404314,1.8220322712349823,4203.25,4213.0270534696065,2021-06-17
ES_VWAP_MR_V2_PORT,bullish,4170.167193088996,1624025700,4166.5,1624026000,"{""sigma"": 2.0, ""target_r"": 2.0, ""risk"": 3.6671930889961004, ""theo"": 4170.167193088996}",VWAP_MR,300,ES,3.9171930889961004,5.5828069110039,False,STOP_HIT,-4.2471930889961005,-1.1581591113215082,4166.5,4177.501579266988,2021-06-18
ES_VWAP_MR_V2_PORT,bearish,4241.580095336105,1624457100,4243.25,1624457280,"{""sigma"": 2.0, ""target_r"": 2.0, ""risk"": 1.6699046638950676, ""theo"": 4241.580095336105}",VWAP_MR,180,ES,1.9199046638950676,1.3300953361049324,False,STOP_HIT,-2.2499046638950677,-1.347325217145717,4243.25,4238.240286008315,2021-06-23
ES_VWAP_MR_V2_PORT,bearish,4256.80733129893,1624546200,4260.5,1624554780,"{""sigma"": 2.0, ""target_r"": 2.0, ""risk"": 3.6926687010700334, ""theo"": 4256.80733129893}",VWAP_MR,8580,ES,3.6926687010700334,5.557331298929967,False,STOP_HIT,-4.2726687010700335,-1.1570679762936578,4260.5,4249.42199389679,2021-06-24
ES_VWAP_MR_V2_PORT,bearish,4266.203455148653,1624632000,4270.0,1624646220,"{""sigma"": 2.0, ""target_r"": 2.0, ""risk"": 3.79654485134688, ""theo"": 4266.203455148653}",VWAP_MR,14220,ES,3.79654485134688,2.45345514865312,False,STOP_HIT,-4.37654485134688,-1.1527704854571221,4270.0,4258.610365445959,2021-06-25
ES_VWAP_MR_V2_PORT,bullish,4266.4456384383675,1624901700,4270.8369153151025,1624903200,"{""sigma"": 2.0, ""target_r"": 2.0, ""risk"": 2.195638438367496, ""theo"": 4266.4456384383675}",VWAP_MR,1500,ES,0.9456384383674958,5.054361561632504,False,TARGET_HIT,3.8112768767349916,1.7358399316277036,4264.25,4270.8369153151025,2021-06-28
ES_VWAP_MR_V2_PORT,bearish,4288.595895790137,1624977600,4283.78768737041,1624984440,"{""sigma"": 2.0, ""target_r"": 2.0, ""risk"": 2.4041042098633625, ""theo"": 4288.595895790137}",VWAP_MR,6840,ES,1.4041042098633625,4.8458957901366375,False,TARGET_HIT,4.228208419726725,1.758745898942141,4291.0,4283.78768737041,2021-06-29
ES_VWAP_MR_V2_PORT,bearish,4286.363418959733,1625064000,4288.0,1625064300,"{""sigma"": 2.0, ""target_r"": 2.0, ""risk"": 1.6365810402667194, ""theo"": 4286.363418959733}",VWAP_MR,300,ES,1.6365810402667194,1.1134189597332806,False,STOP_HIT,-2.2165810402667194,-1.3543973599409873,4288.0,4283.0902568792,2021-06-30
ES_VWAP_MR_V2_PORT,bearish,4305.40130091142,1625163000,4306.0,1625163420,"{""sigma"": 2.0, ""target_r"": 2.0, ""risk"": 0.5986990885803607, ""theo"": 4305.40130091142}",VWAP_MR,420,ES,0.5986990885803607,0.9013009114196393,False,STOP_HIT,-1.1786990885803608,-1.9687671337120287,4306.0,4304.203902734259,2021-07-01
ES_VWAP_MR_V2_PORT,bearish,4330.325306336971,1625243100,4331.25,1625243160,"{""sigma"": 2.0, ""target_r"": 2.0, ""risk"": 0.9246936630288474, ""theo"": 4330.325306336971}",VWAP_MR,60,ES,0.9246936630288474,0.07530633697115263,False,STOP_HIT,-1.5046936630288474,-1.6272347515610757,4331.25,4328.4759190109135,2021-07-02
ES_VWAP_MR_V2_PORT,bullish,4321.109247690229,1625582700,4318.25,1625583360,"{""sigma"": 2.0, ""target_r"": 2.0, ""risk"": 2.8592476902285853, ""theo"": 4321.109247690229}",VWAP_MR,660,ES,2.8592476902285853,3.8907523097714147,False,STOP_HIT,-3.4392476902285853,-1.202850561699197,4318.25,4326.827743070686,2021-07-06
ES_VWAP_MR_V2_PORT,bullish,4338.389538639668,1625667900,4335.5,1625668080,"{""sigma"": 2.0, ""target_r"": 2.0, ""risk"": 2.8895386396679896, ""theo"": 4338.389538639668}",VWAP_MR,180,ES,4.13953863966799,1.1104613603320104,False,STOP_HIT,-3.4695386396679897,-1.2007240851662888,4335.5,4344.168615919004,2021-07-07
ES_VWAP_MR_V2_PORT,bearish,4368.469728470904,1626099900,,1626099900,"{""sigma"": 2.0, ""target_r"": 2.0, ""risk"": 0.28027152909635333, ""theo"": 4368.469728470904}",VWAP_MR,0,ES,0.5302715290963533,1.2197284709036467,False,AMBIGUOUS,,,4368.75,4367.909185412711,2021-07-12
ES_VWAP_MR_V2_PORT,bearish,4376.428361619631,1626186300,4374.785084858892,1626186360,"{""sigma"": 2.0, ""target_r"": 2.0, ""risk"": 0.8216383803692224, ""theo"": 4376.428361619631}",VWAP_MR,60,ES,0.32163838036922243,1.6783616196307776,False,TARGET_HIT,1.0632767607384448,1.2940933458593262,4377.25,4374.785084858892,2021-07-13
ES_VWAP_MR_V2_PORT,bullish,4376.556306992656,1626271500,4374.5,1626272880,"{""sigma"": 2.0, ""target_r"": 2.0, ""risk"": 2.0563069926556636, ""theo"": 4376.556306992656}",VWAP_MR,1380,ES,3.8063069926556636,3.1936930073443364,False,STOP_HIT,-2.6363069926556637,-1.282059051528559,4374.5,4380.668920977967,2021-07-14
ES_VWAP_MR_V2_PORT,bearish,4357.260552680571,1626358500,4350.281658041713,1626359280,"{""sigma"": 2.0, ""target_r"": 2.0, ""risk"": 3.4894473194290185, ""theo"": 4357.260552680571}",VWAP_MR,780,ES,3.2394473194290185,7.2605526805709815,False,TARGET_HIT,6.398894638858037,1.8337845661774008,4360.75,4350.281658041713,2021-07-15
ES_VWAP_MR_V2_PORT,bullish,4340.267014530496,1626445800,4336.5,1626447960,"{""sigma"": 2.0, ""target_r"": 2.0, ""risk"": 3.7670145304964535, ""theo"": 4340.267014530496}",VWAP_MR,2160,ES,5.0170145304964535,6.2329854695035465,False,STOP_HIT,-4.347014530496454,-1.1539680814354496,4336.5,4347.801043591489,2021-07-16
ES_VWAP_MR_V2_PORT,bullish,4229.357432881376,1626713400,4227.5,1626713400,"{""sigma"": 2.0, ""target_r"": 2.0, ""risk"": 1.8574328813756438, ""theo"": 4229.357432881376}",VWAP_MR,0,ES,2.3574328813756438,0.0,False,STOP_HIT,-2.437432881375644,-1.3122589278006336,4227.5,4233.072298644127,2021-07-19
ES_VWAP_MR_V2_PORT,bearish,4344.42543223513,1626883500,4343.2762967053895,1626883620,"{""sigma"": 2.0, ""target_r"": 2.0, ""risk"": 0.574567764870153, ""theo"": 4344.42543223513}",VWAP_MR,120,ES,0.07456776487015304,1.425432235129847,False,TARGET_HIT,0.569135529740306,0.9905455275043585,4345.0,4343.2762967053895,2021-07-21
ES_VWAP_MR_V2_PORT,bearish,4354.280138301047,1626966000,4345.840414903142,1626969840,"{""sigma"": 2.0, ""target_r"": 2.0, ""risk"": 4.219861698952627, ""theo"": 4354.280138301047}",VWAP_MR,3840,ES,1.9698616989526272,8.530138301047373,False,TARGET_HIT,7.859723397905254,1.8625547372455462,4358.5,4345.840414903142,2021-07-22
ES_VWAP_MR_V2_PORT,bearish,4392.480669213884,1627055700,4400.0,1627059900,"{""sigma"": 2.0, ""target_r"": 2.0, ""risk"": 7.51933078611637, ""theo"": 4392.480669213884}",VWAP_MR,4200,ES,7.51933078611637,0.4806692138836297,False,STOP_HIT,-8.09933078611637,-1.0771345238689203,4400.0,4377.442007641651,2021-07-23
ES_VWAP_MR_V2_PORT,bullish,4400.087664640281,1627309200,4399.0,1627309260,"{""sigma"": 2.0, ""target_r"": 2.0, ""risk"": 1.0876646402812185, ""theo"": 4400.087664640281}",VWAP_MR,60,ES,1.0876646402812185,1.1623353597187815,False,STOP_HIT,-1.6676646402812185,-1.5332526024290352,4399.0,4402.262993920844,2021-07-26
ES_VWAP_MR_V2_PORT,bullish,4389.673165484738,1627395600,4385.25,1627397520,"{""sigma"": 2.0, ""target_r"": 2.0, ""risk"": 4.423165484738092, ""theo"": 4389.673165484738}",VWAP_MR,1920,ES,4.673165484738092,6.826834515261908,False,STOP_HIT,-5.003165484738092,-1.131127809258157,4385.25,4398.519496454214,2021-07-27
ES_VWAP_MR_V2_PORT,bullish,4384.995209437032,1627495200,,1627495200,"{""sigma"": 2.0, ""target_r"": 2.0, ""risk"": 1.2452094370319173, ""theo"": 4384.995209437032}",VWAP_MR,0,ES,7.495209437031917,2.5047905629680827,False,AMBIGUOUS,,,4383.75,4387.485628311096,2021-07-28
ES_VWAP_MR_V2_PORT,bearish,4413.799032940992,1627569300,4414.75,1627569360,"{""sigma"": 2.0, ""target_r"": 2.0, ""risk"": 0.9509670590077803, ""theo"": 4413.799032940992}",VWAP_MR,60,ES,1.2009670590077803,0.29903294099221966,False,STOP_HIT,-1.5309670590077804,-1.609905458350114,4414.75,4411.897098822977,2021-07-29
ES_VWAP_MR_V2_PORT,bullish,4404.669874015639,1627917600,4403.0,1627918740,"{""sigma"": 2.0, ""target_r"": 2.0, ""risk"": 1.669874015638925, ""theo"": 4404.669874015639}",VWAP_MR,1140,ES,1.669874015638925,3.330125984361075,False,STOP_HIT,-2.249874015638925,-1.3473315918255553,4403.0,4408.009622046917,2021-08-02
ES_VWAP_MR_V2_PORT,bearish,4405.773088866418,1628010900,4407.25,1628013600,"{""sigma"": 2.0, ""target_r"": 2.0, ""risk"": 1.4769111335817797, ""theo"": 4405.773088866418}",VWAP_MR,2700,ES,1.9769111335817797,2.0230888664182203,False,STOP_HIT,-2.05691113358178,-1.392711509048885,4407.25,4402.819266599255,2021-08-03
ES_VWAP_MR_V2_PORT,bearish,4402.966171615126,1628086800,4392.398514845378,1628091720,"{""sigma"": 2.0, ""target_r"": 2.0, ""risk"": 5.283828384874141, ""theo"": 4402.966171615126}",VWAP_MR,4920,ES,1.5338283848741412,11.716171615125859,False,TARGET_HIT,9.987656769748282,1.8902311056013195,4408.25,4392.398514845378,2021-08-04
ES_VWAP_MR_V2_PORT,bearish,4411.300611601691,1628172300,4408.401834805074,1628173380,"{""sigma"": 2.0, ""target_r"": 2.0, ""risk"": 1.4493883983086562, ""theo"": 4411.300611601691}",VWAP_MR,1080,ES,1.1993883983086562,3.300611601691344,False,TARGET_HIT,2.3187767966173123,1.5998312110978512,4412.75,4408.401834805074,2021-08-05
ES_VWAP_MR_V2_PORT,bearish,4431.721885937275,1628269800,4432.25,1628270340,"{""sigma"": 2.0, ""target_r"": 2.0, ""risk"": 0.5281140627248533, ""theo"": 4431.721885937275}",VWAP_MR,540,ES,0.5281140627248533,0.9718859372751467,False,STOP_HIT,-1.1081140627248534,-2.0982475963761247,4432.25,4430.665657811825,2021-08-06
ES_VWAP_MR_V2_PORT,bearish,4426.530852083502,1628525100,4424.592556250507,1628526120,"{""sigma"": 2.0, ""target_r"": 2.0, ""risk"": 0.9691479164976045, ""theo"": 4426.530852083502}",VWAP_MR,1020,ES,0.21914791649760446,2.0308520835023955,False,TARGET_HIT,1.3582958329952088,1.4015361431141933,4427.5,4424.592556250507,2021-08-09
ES_VWAP_MR_V2_PORT,bullish,4424.536518038409,1628607000,4425.609554115226,1628607000,"{""sigma"": 2.0, ""target_r"": 2.0, ""risk"": 0.536518038408758, ""theo"": 4424.536518038409}",VWAP_MR,0,ES,0.0,3.463481961591242,False,TARGET_HIT,0.49303607681751604,0.9189552662195595,4424.0,4425.609554115226,2021-08-10
ES_VWAP_MR_V2_PORT,bullish,4438.2562999472,1628692800,4436.25,1628694000,"{""sigma"": 2.0, ""target_r"": 2.0, ""risk"": 2.0062999472002048, ""theo"": 4438.2562999472}",VWAP_MR,1200,ES,2.0062999472002048,2.7437000527997952,False,STOP_HIT,-2.586299947200205,-1.2890893760972237,4436.25,4442.268899841601,2021-08-11
ES_VWAP_MR_V2_PORT,bearish,4439.921675404178,1628781300,4437.765026212534,1628781300,"{""sigma"": 2.0, ""target_r"": 2.0, ""risk"": 1.0783245958218686, ""theo"": 4439.921675404178}",VWAP_MR,0,ES,0.0,2.6716754041781314,False,TARGET_HIT,1.576649191643737,1.4621285629138965,4441.0,4437.765026212534,2021-08-12
ES_VWAP_MR_V2_PORT,bearish,4460.6980060055175,1628877000,4458.594018016553,1628879820,"{""sigma"": 2.0, ""target_r"": 2.0, ""risk"": 1.0519939944824728, ""theo"": 4460.6980060055175}",VWAP_MR,2820,ES,0.5519939944824728,2.4480060055175272,False,TARGET_HIT,1.5239879889649455,1.4486660541390919,4461.75,4458.594018016553,2021-08-13
ES_VWAP_MR_V2_PORT,bearish,4447.950761577583,1629130200,4448.75,1629130380,"{""sigma"": 2.0, ""target_r"": 2.0, ""risk"": 0.7992384224171474, ""theo"": 4447.950761577583}",VWAP_MR,180,ES,1.0492384224171474,0.9507615775828526,False,STOP_HIT,-1.3792384224171474,-1.725690837342252,4448.75,4446.352284732749,2021-08-16
ES_VWAP_MR_V2_PORT,bullish,4430.068461520366,1629311100,4420.25,1629314940,"{""sigma"": 2.0, ""target_r"": 2.0, ""risk"": 9.818461520366327, ""theo"": 4430.068461520366}",VWAP_MR,3840,ES,11.568461520366327,9.181538479633673,False,STOP_HIT,-10.398461520366327,-1.0590723912088378,4420.25,4449.705384561099,2021-08-18
ES_VWAP_MR_V2_PORT,bearish,4394.913683786305,1629382200,4397.75,1629382380,"{""sigma"": 2.0, ""target_r"": 2.0, ""risk"": 2.836316213694772, ""theo"": 4394.913683786305}",VWAP_MR,180,ES,3.336316213694772,2.663683786305228,False,STOP_HIT,-3.4163162136947722,-1.2044905984740164,4397.75,4389.241051358916,2021-08-19
ES_VWAP_MR_V2_PORT,bearish,4470.9538442772655,1629727800,4472.5,1629728100,"{""sigma"": 2.0, ""target_r"": 2.0, ""risk"": 1.546155722734511, ""theo"": 4470.9538442772655}",VWAP_MR,300,ES,2.296155722734511,1.453844277265489,False,STOP_HIT,-2.126155722734511,-1.3751239228182137,4472.5,4467.8615328317965,2021-08-23
ES_VWAP_MR_V2_PORT,bearish,4486.020759770445,1629815100,4487.0,1629815340,"{""sigma"": 2.0, ""target_r"": 2.0, ""risk"": 0.9792402295552165, ""theo"": 4486.020759770445}",VWAP_MR,240,ES,0.9792402295552165,0.7707597704447835,False,STOP_HIT,-1.5592402295552166,-1.592295927490074,4487.0,4484.062279311334,2021-08-24
ES_VWAP_MR_V2_PORT,bearish,4484.87773033517,1629900600,4487.5,1629900900,"{""sigma"": 2.0, ""target_r"": 2.0, ""risk"": 2.622269664830128, ""theo"": 4484.87773033517}",VWAP_MR,300,ES,2.622269664830128,0.12773033516987198,False,STOP_HIT,-3.202269664830128,-1.2211824389302741,4487.5,4479.63319100551,2021-08-25
ES_VWAP_MR_V2_PORT,bullish,4486.569156589577,1629986700,4484.75,1629987840,"{""sigma"": 2.0, ""target_r"": 2.0, ""risk"": 1.819156589576778, ""theo"": 4486.569156589577}",VWAP_MR,1140,ES,2.569156589576778,2.930843410423222,False,STOP_HIT,-2.399156589576778,-1.3188290679995478,4484.75,4490.20746976873,2021-08-26
ES_VWAP_MR_V2_PORT,bearish,4516.788655713281,1630332600,4519.25,1630332900,"{""sigma"": 2.0, ""target_r"": 2.0, ""risk"": 2.4613442867193953, ""theo"": 4516.788655713281}",VWAP_MR,300,ES,2.4613442867193953,0.2886557132806047,False,STOP_HIT,-3.0413442867193954,-1.235643588395776,4519.25,4511.865967139842,2021-08-30
ES_VWAP_MR_V2_PORT,bearish,4524.489982529178,1630422900,4522.469947587533,1630422900,"{""sigma"": 2.0, ""target_r"": 2.0, ""risk"": 1.0100174708222767, ""theo"": 4524.489982529178}",VWAP_MR,0,ES,0.0,2.2399825291777233,False,TARGET_HIT,1.4400349416445533,1.4257525075008755,4525.5,4522.469947587533,2021-08-31
ES_VWAP_MR_V2_PORT,bullish,4524.691060918197,1630505400,4530.573182754591,1630513500,"{""sigma"": 2.0, ""target_r"": 2.0, ""risk"": 2.941060918196854, ""theo"": 4524.691060918197}",VWAP_MR,8100,ES,0.1910609181968539,6.558939081803146,False,TARGET_HIT,5.302121836393708,1.8027922521388662,4521.75,4530.573182754591,2021-09-01
ES_VWAP_MR_V2_PORT,bullish,4535.3110435915905,1630591800,4534.25,1630591800,"{""sigma"": 2.0, ""target_r"": 2.0, ""risk"": 1.0610435915905327, ""theo"": 4535.3110435915905}",VWAP_MR,0,ES,1.3110435915905327,0.6889564084094673,False,STOP_HIT,-1.6410435915905328,-1.546631641335833,4534.25,4537.433130774772,2021-09-02
ES_VWAP_MR_V2_PORT,bearish,4530.606631291314,1630678200,4533.0,1630678380,"{""sigma"": 2.0, ""target_r"": 2.0, ""risk"": 2.393368708685557, ""theo"": 4530.606631291314}",VWAP_MR,180,ES,2.643368708685557,1.856631291314443,False,STOP_HIT,-2.973368708685557,-1.2423362509483702,4533.0,4525.819893873943,2021-09-03
ES_VWAP_MR_V2_PORT,bullish,4506.517522262001,1631114100,4511.0,1631130900,"{""sigma"": 2.0, ""target_r"": 2.0, ""risk"": 12.517522262000966, ""theo"": 4506.517522262001}",VWAP_MR,16800,ES,11.517522262000966,8.232477737999034,False,TIME_EXIT,3.9024777379990336,0.31176119812829556,4494.0,4531.552566786003,2021-09-08
ES_VWAP_MR_V2_PORT,bullish,4512.191320611619,1631202600,4513.573961834856,1631202600,"{""sigma"": 2.0, ""target_r"": 2.0, ""risk"": 0.6913206116187212, ""theo"": 4512.191320611619}",VWAP_MR,0,ES,0.0,4.058679388381279,False,TARGET_HIT,0.8026412232374422,1.1610260272119832,4511.5,4513.573961834856,2021-09-09
ES_VWAP_MR_V2_PORT,bullish,4456.649391753968,1631542800,4452.0,1631542800,"{""sigma"": 2.0, ""target_r"": 2.0, ""risk"": 4.6493917539683025, ""theo"": 4456.649391753968}",VWAP_MR,0,ES,4.6493917539683025,0.0,False,STOP_HIT,-5.229391753968303,-1.1247475004671232,4452.0,4465.948175261905,2021-09-13
ES_VWAP_MR_V2_PORT,bullish,4429.395131015466,1631645100,4427.75,1631645340,"{""sigma"": 2.0, ""target_r"": 2.0, ""risk"": 1.645131015466177, ""theo"": 4429.395131015466}",VWAP_MR,240,ES,2.395131015466177,2.604868984533823,False,STOP_HIT,-2.225131015466177,-1.3525555074625146,4427.75,4432.6853930463985,2021-09-14
ES_VWAP_MR_V2_PORT,bullish,4348.099919200777,1632149100,4344.25,1632150060,"{""sigma"": 2.0, ""target_r"": 2.0, ""risk"": 3.8499192007766396, ""theo"": 4348.099919200777}",VWAP_MR,960,ES,4.59991920077664,7.40008079922336,False,STOP_HIT,-4.42991920077664,-1.1506525123651938,4344.25,4355.79975760233,2021-09-20
ES_VWAP_MR_V2_PORT,bullish,4358.720373564435,1632233700,4351.5,1632234180,"{""sigma"": 2.0, ""target_r"": 2.0, ""risk"": 7.220373564435249, ""theo"": 4358.720373564435}",VWAP_MR,480,ES,7.720373564435249,4.529626435564751,False,STOP_HIT,-7.800373564435249,-1.0803282537702557,4351.5,4373.161120693306,2021-09-21
ES_VWAP_MR_V2_PORT,bearish,4438.4430704372935,1632492600,4445.0,1632509880,"{""sigma"": 2.0, ""target_r"": 2.0, ""risk"": 6.5569295627065, ""theo"": 4438.4430704372935}",VWAP_MR,17280,ES,6.5569295627065,11.4430704372935,False,STOP_HIT,-7.1369295627065,-1.0884560363891713,4445.0,4425.3292113118805,2021-09-24
ES_VWAP_MR_V2_PORT,bearish,4442.778719053042,1632753900,4446.5,1632753900,"{""sigma"": 2.0, ""target_r"": 2.0, ""risk"": 3.721280946958359, ""theo"": 4442.778719053042}",VWAP_MR,0,ES,3.721280946958359,0.0,False,STOP_HIT,-4.301280946958359,-1.1558603094652316,4446.5,4435.336157159125,2021-09-27
ES_VWAP_MR_V2_PORT,bullish,4368.5853504302095,1632838500,4366.0,1632838500,"{""sigma"": 2.0, ""target_r"": 2.0, ""risk"": 2.5853504302094734, ""theo"": 4368.5853504302095}",VWAP_MR,0,ES,3.5853504302094734,0.0,False,STOP_HIT,-3.1653504302094735,-1.224340960986479,4366.0,4373.756051290628,2021-09-28
ES_VWAP_MR_V2_PORT,bullish,4355.193647080988,1633011600,4359.0809412429635,1633011600,"{""sigma"": 2.0, ""target_r"": 2.0, ""risk"": 1.9436470809878301, ""theo"": 4355.193647080988}",VWAP_MR,0,ES,0.0,11.55635291901217,False,TARGET_HIT,3.30729416197566,1.7015919167253226,4353.25,4359.0809412429635,2021-09-30
ES_VWAP_MR_V2_PORT,bullish,4288.36798537993,1633099200,4277.25,1633099500,"{""sigma"": 2.0, ""target_r"": 2.0, ""risk"": 11.11798537993036, ""theo"": 4288.36798537993}",VWAP_MR,300,ES,11.36798537993036,0.13201462006963993,False,STOP_HIT,-11.69798537993036,-1.052167724653334,4277.25,4310.603956139791,2021-10-01
ES_VWAP_MR_V2_PORT,bullish,4322.376265381359,1633356600,4317.75,1633357080,"{""sigma"": 2.0, ""target_r"": 2.0, ""risk"": 4.62626538135919, ""theo"": 4322.376265381359}",VWAP_MR,480,ES,4.62626538135919,4.37373461864081,False,STOP_HIT,-5.20626538135919,-1.1253711043765493,4317.75,4331.628796144078,2021-10-04
ES_VWAP_MR_V2_PORT,bearish,4396.566935050411,1633702200,4400.75,1633702620,"{""sigma"": 2.0, ""target_r"": 2.0, ""risk"": 4.183064949588697, ""theo"": 4396.566935050411}",VWAP_MR,420,ES,4.683064949588697,3.3169350504113027,False,STOP_HIT,-4.763064949588697,-1.1386543137603036,4400.75,4388.200805151234,2021-10-08
ES_VWAP_MR_V2_PORT,bullish,4372.493354481387,1633974000,4366.25,1633974480,"{""sigma"": 2.0, ""target_r"": 2.0, ""risk"": 6.243354481386632, ""theo"": 4372.493354481387}",VWAP_MR,480,ES,8.993354481386632,0.00664551861336804,False,STOP_HIT,-6.823354481386632,-1.0928987776890067,4366.25,4384.98006344416,2021-10-11
ES_VWAP_MR_V2_PORT,bearish,4359.671002944054,1634055300,4349.013008832161,1634056380,"{""sigma"": 2.0, ""target_r"": 2.0, ""risk"": 5.3289970559462745, ""theo"": 4359.671002944054}",VWAP_MR,1080,ES,2.3289970559462745,12.421002944053726,False,TARGET_HIT,10.077994111892549,1.891161508645831,4365.0,4349.013008832161,2021-10-12
ES_VWAP_MR_V2_PORT,bearish,4355.32016206654,1634148000,4353.460486199621,1634148000,"{""sigma"": 2.0, ""target_r"": 2.0, ""risk"": 0.9298379334595666, ""theo"": 4355.32016206654}",VWAP_MR,0,ES,0.0,5.320162066540433,False,TARGET_HIT,1.279675866919133,1.3762353856203253,4356.25,4353.460486199621,2021-10-13
ES_VWAP_MR_V2_PORT,bearish,4411.271416085061,1634221200,4414.0,1634221200,"{""sigma"": 2.0, ""target_r"": 2.0, ""risk"": 2.7285839149390085, ""theo"": 4411.271416085061}",VWAP_MR,0,ES,2.7285839149390085,1.0214160850609915,False,STOP_HIT,-3.3085839149390086,-1.2125644722980655,4414.0,4405.814248255183,2021-10-14
ES_VWAP_MR_V2_PORT,bearish,4454.925571359354,1634307900,4448.776714078062,1634308140,"{""sigma"": 2.0, ""target_r"": 2.0, ""risk"": 3.074428640646147, ""theo"": 4454.925571359354}",VWAP_MR,240,ES,2.574428640646147,7.175571359353853,False,TARGET_HIT,5.568857281292294,1.8113470606108775,4458.0,4448.776714078062,2021-10-15
ES_VWAP_MR_V2_PORT,bearish,4496.051953737857,1634654100,4502.25,1634655300,"{""sigma"": 2.0, ""target_r"": 2.0, ""risk"": 6.19804626214318, ""theo"": 4496.051953737857}",VWAP_MR,1200,ES,6.19804626214318,1.3019537378568202,False,STOP_HIT,-6.77804626214318,-1.0935778752641072,4502.25,4483.6558612135705,2021-10-19
ES_VWAP_MR_V2_PORT,bearish,4526.7727535232125,1634741700,4515.8182605696375,1634750460,"{""sigma"": 2.0, ""target_r"": 2.0, ""risk"": 5.4772464767875135, ""theo"": 4526.7727535232125}",VWAP_MR,8760,ES,3.7272464767875135,11.772753523212486,False,TARGET_HIT,10.374492953575027,1.8941073763143523,4532.25,4515.8182605696375,2021-10-20
ES_VWAP_MR_V2_PORT,bearish,4526.664298075246,1634825700,4524.9928942257375,1634825760,"{""sigma"": 2.0, ""target_r"": 2.0, ""risk"": 0.8357019247541757, ""theo"": 4526.664298075246}",VWAP_MR,60,ES,0.0,1.9142980752458243,False,TARGET_HIT,1.0914038495083513,1.3059726406988845,4527.5,4524.9928942257375,2021-10-21
ES_VWAP_MR_V2_PORT,bearish,4550.623708490599,1635175200,4548.371125471796,1635175560,"{""sigma"": 2.0, ""target_r"": 2.0, ""risk"": 1.1262915094011987, ""theo"": 4550.623708490599}",VWAP_MR,360,ES,0.3762915094011987,2.3737084905988013,False,TARGET_HIT,1.6725830188023973,1.485035627847038,4551.75,4548.371125471796,2021-10-25
ES_VWAP_MR_V2_PORT,bearish,4583.316865636829,1635259500,4569.950596910487,1635266160,"{""sigma"": 2.0, ""target_r"": 2.0, ""risk"": 6.683134363171121, ""theo"": 4583.316865636829}",VWAP_MR,6660,ES,5.933134363171121,14.56686563682888,False,TARGET_HIT,12.786268726342241,1.9132143739027279,4590.0,4569.950596910487,2021-10-26
ES_VWAP_MR_V2_PORT,bearish,4572.979890685794,1635355800,4574.0,1635356700,"{""sigma"": 2.0, ""target_r"": 2.0, ""risk"": 1.0201093142059108, ""theo"": 4572.979890685794}",VWAP_MR,900,ES,1.0201093142059108,1.9798906857940892,False,STOP_HIT,-1.6001093142059108,-1.5685665172575085,4574.0,4570.939672057382,2021-10-27
ES_VWAP_MR_V2_PORT,bullish,4615.752349236412,1635948600,4621.257047709235,1635962400,"{""sigma"": 2.0, ""target_r"": 2.0, ""risk"": 2.7523492364116464, ""theo"": 4615.752349236412}",VWAP_MR,13800,ES,2.5023492364116464,9.247650763588354,False,TARGET_HIT,4.924698472823293,1.7892709281485766,4613.0,4621.257047709235,2021-11-03
ES_VWAP_MR_V2_PORT,bullish,4699.204872014322,1636128300,4697.5,1636130280,"{""sigma"": 2.0, ""target_r"": 2.0, ""risk"": 1.7048720143220635, ""theo"": 4699.204872014322}",VWAP_MR,1980,ES,1.7048720143220635,2.7951279856779365,False,STOP_HIT,-2.2848720143220635,-1.3402014902747026,4697.5,4702.614616042966,2021-11-05
ES_VWAP_MR_V2_PORT,bullish,4695.972706385544,1636384200,4700.918119156633,1636384560,"{""sigma"": 2.0, ""target_r"": 2.0, ""risk"": 2.4727063855443703, ""theo"": 4695.972706385544}",VWAP_MR,360,ES,1.2227063855443703,5.02729361445563,False,TARGET_HIT,4.3654127710887405,1.7654391951301924,4693.5,4700.918119156633,2021-11-08
ES_VWAP_MR_V2_PORT,bearish,4675.706501101838,1636556700,4677.5,1636556700,"{""sigma"": 2.0, ""target_r"": 2.0, ""risk"": 1.7934988981623974, ""theo"": 4675.706501101838}",VWAP_MR,0,ES,1.7934988981623974,0.0,False,STOP_HIT,-2.3734988981623975,-1.3233902181898538,4677.5,4672.119503305513,2021-11-10
ES_VWAP_MR_V2_PORT,bullish,4647.279218854118,1636646700,4654.337656562354,1636648620,"{""sigma"": 2.0, ""target_r"": 2.0, ""risk"": 3.529218854117971, ""theo"": 4647.279218854118}",VWAP_MR,1920,ES,0.2792188541179712,7.970781145882029,False,TARGET_HIT,6.478437708235942,1.8356576840443763,4643.75,4654.337656562354,2021-11-11
ES_VWAP_MR_V2_PORT,bearish,4653.918287256691,1636732500,4656.0,1636732680,"{""sigma"": 2.0, ""target_r"": 2.0, ""risk"": 2.0817127433092537, ""theo"": 4653.918287256691}",VWAP_MR,180,ES,2.0817127433092537,0.4182872566907463,False,STOP_HIT,-2.661712743309254,-1.2786167312777201,4656.0,4649.754861770072,2021-11-12
ES_VWAP_MR_V2_PORT,bullish,4684.147481703704,1636991400,4680.0,1636994460,"{""sigma"": 2.0, ""target_r"": 2.0, ""risk"": 4.147481703704216, ""theo"": 4684.147481703704}",VWAP_MR,3060,ES,5.397481703704216,1.3525182962957842,False,STOP_HIT,-4.727481703704216,-1.13984389599163,4680.0,4692.442445111113,2021-11-15
ES_VWAP_MR_V2_PORT,bearish,4694.448340018853,1637168700,4689.8450200565585,1637168880,"{""sigma"": 2.0, ""target_r"": 2.0, ""risk"": 2.301659981147168, ""theo"": 4694.448340018853}",VWAP_MR,180,ES,0.051659981147167855,5.448340018852832,False,TARGET_HIT,4.023319962294336,1.7480079574086687,4696.75,4689.8450200565585,2021-11-17
ES_VWAP_MR_V2_PORT,bearish,4704.227414536064,1637339100,4706.25,1637339400,"{""sigma"": 2.0, ""target_r"": 2.0, ""risk"": 2.022585463935684, ""theo"": 4704.227414536064}",VWAP_MR,300,ES,2.272585463935684,1.477414536064316,False,STOP_HIT,-2.602585463935684,-1.2867616772402768,4706.25,4700.182243608193,2021-11-19
ES_VWAP_MR_V2_PORT,bullish,4711.581817924296,1637601300,4697.5,1637614200,"{""sigma"": 2.0, ""target_r"": 2.0, ""risk"": 14.081817924296047, ""theo"": 4711.581817924296}",VWAP_MR,12900,ES,16.331817924296047,17.418182075703953,False,STOP_HIT,-14.661817924296047,-1.0411878638907337,4697.5,4739.745453772888,2021-11-22
ES_VWAP_MR_V2_PORT,bullish,4655.810550855866,1637683500,4669.431652567597,1637684220,"{""sigma"": 2.0, ""target_r"": 2.0, ""risk"": 6.810550855865586, ""theo"": 4655.810550855866}",VWAP_MR,720,ES,3.0605508558655856,14.439449144134414,False,TARGET_HIT,13.041101711731171,1.9148380193798165,4649.0,4669.431652567597,2021-11-23
ES_VWAP_MR_V2_PORT,bearish,4666.159164544308,1637766600,4677.75,1637767560,"{""sigma"": 2.0, ""target_r"": 2.0, ""risk"": 11.590835455692286, ""theo"": 4666.159164544308}",VWAP_MR,960,ES,11.590835455692286,2.409164544307714,False,STOP_HIT,-12.170835455692286,-1.0500395335795367,4677.75,4642.977493632923,2021-11-24
ES_VWAP_MR_V2_PORT,bullish,4589.204997350916,1637943900,4597.614992052747,1637944740,"{""sigma"": 2.0, ""target_r"": 2.0, ""risk"": 4.204997350915619, ""theo"": 4589.204997350916}",VWAP_MR,840,ES,1.9549973509156189,11.795002649084381,False,TARGET_HIT,7.829994701831238,1.8620688786227872,4585.0,4597.614992052747,2021-11-26
ES_VWAP_MR_V2_PORT,bullish,4631.651645460704,1638200100,4625.5,1638200220,"{""sigma"": 2.0, ""target_r"": 2.0, ""risk"": 6.1516454607035485, ""theo"": 4631.651645460704}",VWAP_MR,120,ES,7.4016454607035485,3.0983545392964515,False,STOP_HIT,-6.7316454607035485,-1.0942837170485549,4625.5,4643.954936382111,2021-11-29
ES_VWAP_MR_V2_PORT,bearish,4631.825274072108,1638285600,4643.0,1638286500,"{""sigma"": 2.0, ""target_r"": 2.0, ""risk"": 11.174725927891814, ""theo"": 4631.825274072108}",VWAP_MR,900,ES,12.424725927891814,6.575274072108186,False,STOP_HIT,-11.754725927891814,-1.0519028389369565,4643.0,4609.475822216325,2021-11-30
ES_VWAP_MR_V2_PORT,bearish,4617.480959678456,1638373200,4633.75,1638373620,"{""sigma"": 2.0, ""target_r"": 2.0, ""risk"": 16.269040321543798, ""theo"": 4617.480959678456}",VWAP_MR,420,ES,16.769040321543798,1.7309596784562018,False,STOP_HIT,-16.849040321543796,-1.0356505355286354,4633.75,4584.942879035369,2021-12-01
ES_VWAP_MR_V2_PORT,bearish,4577.850130138343,1638466500,4582.5,1638466620,"{""sigma"": 2.0, ""target_r"": 2.0, ""risk"": 4.649869861656953, ""theo"": 4577.850130138343}",VWAP_MR,120,ES,4.649869861656953,3.6001301383430473,False,STOP_HIT,-5.229869861656953,-1.124734673712636,4582.5,4568.550390415029,2021-12-02
ES_VWAP_MR_V2_PORT,bearish,4573.915146407655,1638805200,4585.75,1638805260,"{""sigma"": 2.0, ""target_r"": 2.0, ""risk"": 11.834853592345098, ""theo"": 4573.915146407655}",VWAP_MR,60,ES,12.084853592345098,0.0,False,STOP_HIT,-12.414853592345098,-1.0490077883494182,4585.75,4550.245439222965,2021-12-06
ES_VWAP_MR_V2_PORT,bullish,4681.266611247401,1638977700,4677.25,1638978420,"{""sigma"": 2.0, ""target_r"": 2.0, ""risk"": 4.0166112474007605, ""theo"": 4681.266611247401}",VWAP_MR,720,ES,6.0166112474007605,1.4833887525992395,False,STOP_HIT,-4.5966112474007605,-1.1444003325876586,4677.25,4689.299833742202,2021-12-08
ES_VWAP_MR_V2_PORT,bullish,4684.1257524533385,1639064700,4674.0,1639080540,"{""sigma"": 2.0, ""target_r"": 2.0, ""risk"": 10.125752453338464, ""theo"": 4684.1257524533385}",VWAP_MR,15840,ES,11.125752453338464,10.624247546661536,False,STOP_HIT,-10.705752453338464,-1.0572796937978446,4674.0,4704.377257360015,2021-12-09
ES_VWAP_MR_V2_PORT,bullish,4681.311225028529,1639151700,4677.25,1639152300,"{""sigma"": 2.0, ""target_r"": 2.0, ""risk"": 4.061225028529407, ""theo"": 4681.311225028529}",VWAP_MR,600,ES,6.311225028529407,3.9387749714705933,False,STOP_HIT,-4.641225028529407,-1.1428140514070508,4677.25,4689.433675085588,2021-12-10
ES_VWAP_MR_V2_PORT,bullish,4673.541771277326,1639409700,4667.75,1639411380,"{""sigma"": 2.0, ""target_r"": 2.0, ""risk"": 5.791771277326006, ""theo"": 4673.541771277326}",VWAP_MR,1680,ES,7.541771277326006,6.208228722673994,False,STOP_HIT,-6.3717712773260065,-1.1001420760986576,4667.75,4685.125313831978,2021-12-13
ES_VWAP_MR_V2_PORT,bearish,4626.597295062274,1639596300,4650.5,1639598100,"{""sigma"": 2.0, ""target_r"": 2.0, ""risk"": 23.902704937726412, ""theo"": 4626.597295062274}",VWAP_MR,1800,ES,26.652704937726412,2.347295062273588,False,STOP_HIT,-24.48270493772641,-1.0242650361752392,4650.5,4578.791885186821,2021-12-15
ES_VWAP_MR_V2_PORT,bullish,4705.038254801682,1639667700,4695.25,1639670820,"{""sigma"": 2.0, ""target_r"": 2.0, ""risk"": 9.788254801682342, ""theo"": 4705.038254801682}",VWAP_MR,3120,ES,10.288254801682342,12.711745198317658,False,STOP_HIT,-10.368254801682342,-1.0592546896000616,4695.25,4724.614764405047,2021-12-16
ES_VWAP_MR_V2_PORT,bullish,4597.569625215722,1639754700,4612.708875647167,1639755180,"{""sigma"": 2.0, ""target_r"": 2.0, ""risk"": 7.569625215722226, ""theo"": 4597.569625215722}",VWAP_MR,480,ES,4.319625215722226,16.930374784277774,False,TARGET_HIT,14.559250431444452,1.923377976653939,4590.0,4612.708875647167,2021-12-17
ES_VWAP_MR_V2_PORT,bullish,4533.556896435449,1640014500,4529.0,1640015580,"{""sigma"": 2.0, ""target_r"": 2.0, ""risk"": 4.556896435448834, ""theo"": 4533.556896435449}",VWAP_MR,1080,ES,5.806896435448834,8.443103564551166,False,STOP_HIT,-5.1368964354488345,-1.1272796097554656,4529.0,4542.6706893063465,2021-12-20
ES_VWAP_MR_V2_PORT,bearish,4632.082488579754,1640112900,4635.0,1640113380,"{""sigma"": 2.0, ""target_r"": 2.0, ""risk"": 2.9175114202462282, ""theo"": 4632.082488579754}",VWAP_MR,480,ES,3.1675114202462282,2.0824885797537718,False,STOP_HIT,-3.4975114202462283,-1.1987995645792708,4635.0,4626.247465739261,2021-12-21
ES_VWAP_MR_V2_PORT,bearish,4673.863855116157,1640190000,4671.59156534847,1640190120,"{""sigma"": 2.0, ""target_r"": 2.0, ""risk"": 1.1361448838433716, ""theo"": 4673.863855116157}",VWAP_MR,120,ES,0.13614488384337164,2.6138551161566284,False,TARGET_HIT,1.6922897676867432,1.4895017279504306,4675.0,4671.59156534847,2021-12-22
ES_VWAP_MR_V2_PORT,bearish,4720.212857675916,1640275500,4721.75,1640275500,"{""sigma"": 2.0, ""target_r"": 2.0, ""risk"": 1.5371423240840159, ""theo"": 4720.212857675916}",VWAP_MR,0,ES,1.5371423240840159,0.21285767591598415,False,STOP_HIT,-2.117142324084016,-1.3773235509246826,4721.75,4717.138573027748,2021-12-23
ES_VWAP_MR_V2_PORT,bullish,4778.241665034593,1640791200,4794.724995103779,1640811000,"{""sigma"": 2.0, ""target_r"": 2.0, ""risk"": 8.241665034593098, ""theo"": 4778.241665034593}",VWAP_MR,19800,ES,6.4916650345930975,17.758334965406902,False,TARGET_HIT,15.903330069186197,1.9296258707960663,4770.0,4794.724995103779,2021-12-29
ES_VWAP_MR_V2_PORT,bearish,4797.647952007956,1640877900,4799.5,1640877960,"{""sigma"": 2.0, ""target_r"": 2.0, ""risk"": 1.8520479920443904, ""theo"": 4797.647952007956}",VWAP_MR,60,ES,2.1020479920443904,0.1479520079556096,False,STOP_HIT,-2.4320479920443905,-1.3131668307146647,4799.5,4793.943856023867,2021-12-30
ES_VWAP_MR_V2_PORT,bearish,4782.280211149883,1641239700,4785.75,1641242220,"{""sigma"": 2.0, ""target_r"": 2.0, ""risk"": 3.4697888501168563, ""theo"": 4782.280211149883}",VWAP_MR,2520,ES,3.9697888501168563,3.5302111498831437,False,STOP_HIT,-4.049788850116856,-1.1671571455941667,4785.75,4775.340633449649,2022-01-03
ES_VWAP_MR_V2_PORT,bullish,4801.095293180918,1641309000,4798.25,1641309360,"{""sigma"": 2.0, ""target_r"": 2.0, ""risk"": 2.8452931809179063, ""theo"": 4801.095293180918}",VWAP_MR,360,ES,3.0952931809179063,2.9047068190820937,False,STOP_HIT,-3.4252931809179064,-1.203845425803498,4798.25,4806.785879542754,2022-01-04
ES_VWAP_MR_V2_PORT,bearish,4782.091238447491,1641396900,4769.773715342474,1641404580,"{""sigma"": 2.0, ""target_r"": 2.0, ""risk"": 6.158761552508622, ""theo"": 4782.091238447491}",VWAP_MR,7680,ES,0.4087615525086221,13.091238447491378,False,TARGET_HIT,11.737523105017244,1.9058252223186412,4788.25,4769.773715342474,2022-01-05
ES_VWAP_MR_V2_PORT,bullish,4678.812255854503,1641482100,4702.9367675635085,1641484140,"{""sigma"": 2.0, ""target_r"": 2.0, ""risk"": 12.062255854502837, ""theo"": 4678.812255854503}",VWAP_MR,2040,ES,7.562255854502837,24.187744145497163,False,TARGET_HIT,23.544511709005675,1.9519161252259887,4666.75,4702.9367675635085,2022-01-06
ES_VWAP_MR_V2_PORT,bullish,4671.683024316059,1641572700,4672.25,1641588900,"{""sigma"": 2.0, ""target_r"": 2.0, ""risk"": 17.933024316059345, ""theo"": 4671.683024316059}",VWAP_MR,16200,ES,8.183024316059345,16.566975683940655,False,TIME_EXIT,-0.013024316059345453,-0.0007262754920642105,4653.75,4707.549072948178,2022-01-07
ES_VWAP_MR_V2_PORT,bearish,4625.97653698944,1641841200,4629.0,1641841260,"{""sigma"": 2.0, ""target_r"": 2.0, ""risk"": 3.0234630105596807, ""theo"": 4625.97653698944}",VWAP_MR,60,ES,5.523463010559681,2.7265369894403193,False,STOP_HIT,-3.6034630105596808,-1.1918330067126024,4629.0,4619.929610968321,2022-01-10
ES_VWAP_MR_V2_PORT,bearish,4732.047060409853,1641999900,4736.75,1642000140,"{""sigma"": 2.0, ""target_r"": 2.0, ""risk"": 4.702939590147253, ""theo"": 4732.047060409853}",VWAP_MR,240,ES,5.452939590147253,4.047060409852747,False,STOP_HIT,-5.282939590147253,-1.1233271210234363,4736.75,4722.641181229558,2022-01-12
ES_VWAP_MR_V2_PORT,bullish,4703.725691510141,1642089600,4712.677074530422,1642091040,"{""sigma"": 2.0, ""target_r"": 2.0, ""risk"": 4.475691510140678, ""theo"": 4703.725691510141}",VWAP_MR,1440,ES,1.9756915101406776,9.774308489859322,False,TARGET_HIT,8.371383020281355,1.870411086491131,4699.25,4712.677074530422,2022-01-13
ES_VWAP_MR_V2_PORT,bullish,4614.337431437731,1642183500,4610.75,1642183800,"{""sigma"": 2.0, ""target_r"": 2.0, ""risk"": 3.587431437730629, ""theo"": 4614.337431437731}",VWAP_MR,300,ES,5.087431437730629,4.162568562269371,False,STOP_HIT,-4.167431437730629,-1.1616755637194567,4610.75,4621.512294313192,2022-01-14
ES_VWAP_MR_V2_PORT,bullish,4582.371537023595,1642521600,4579.0,1642522020,"{""sigma"": 2.0, ""target_r"": 2.0, ""risk"": 3.3715370235950104, ""theo"": 4582.371537023595}",VWAP_MR,420,ES,4.12153702359501,3.3784629764049896,False,STOP_HIT,-3.9515370235950105,-1.1720283644939946,4579.0,4589.114611070785,2022-01-18
ES_VWAP_MR_V2_PORT,bearish,4586.834065796953,1642695000,4579.502197390859,1642695840,"{""sigma"": 2.0, ""target_r"": 2.0, ""risk"": 3.6659342030470725, ""theo"": 4586.834065796953}",VWAP_MR,840,ES,2.9159342030470725,7.3340657969529275,False,TARGET_HIT,6.751868406094145,1.8417865766608925,4590.5,4579.502197390859,2022-01-20
ES_VWAP_MR_V2_PORT,bullish,4412.5265519848135,1642797600,4391.25,1642798500,"{""sigma"": 2.0, ""target_r"": 2.0, ""risk"": 26.526551984813523, ""theo"": 4412.5265519848135}",VWAP_MR,900,ES,23.026551984813523,6.223448015186477,False,TIME_EXIT,-21.85655198481352,-0.8239499802811319,4386.0,4465.579655954441,2022-01-21
ES_VWAP_MR_V2_PORT,bullish,4287.576937680259,1643037600,4263.0,1643042220,"{""sigma"": 2.0, ""target_r"": 2.0, ""risk"": 24.576937680259107, ""theo"": 4287.576937680259}",VWAP_MR,4620,ES,27.076937680259107,27.423062319740893,False,STOP_HIT,-25.156937680259105,-1.0235993599994304,4263.0,4336.730813040777,2022-01-24
ES_VWAP_MR_V2_PORT,bullish,4339.403284609945,1643310000,4305.25,1643311980,"{""sigma"": 2.0, ""target_r"": 2.0, ""risk"": 34.15328460994533, ""theo"": 4339.403284609945}",VWAP_MR,1980,ES,36.15328460994533,8.09671539005467,False,STOP_HIT,-34.73328460994533,-1.0169822611975394,4305.25,4407.709853829836,2022-01-27
ES_VWAP_MR_V2_PORT,bearish,4320.403811784996,1643384700,4304.711435354988,1643384700,"{""sigma"": 2.0, ""target_r"": 2.0, ""risk"": 7.8461882150040765, ""theo"": 4320.403811784996}",VWAP_MR,0,ES,0.0,23.403811784995924,False,TARGET_HIT,15.112376430008153,1.926078755173005,4328.25,4304.711435354988,2022-01-28
ES_VWAP_MR_V2_PORT,bearish,4451.831817299061,1643642100,4456.75,1643642280,"{""sigma"": 2.0, ""target_r"": 2.0, ""risk"": 4.918182700938814, ""theo"": 4451.831817299061}",VWAP_MR,180,ES,6.418182700938814,0.08181729906118562,False,STOP_HIT,-5.4981827009388144,-1.1179297385372216,4456.75,4441.995451897184,2022-01-31
ES_VWAP_MR_V2_PORT,bullish,4486.964140165574,1643728200,4512.892420496721,1643732040,"{""sigma"": 2.0, ""target_r"": 2.0, ""risk"": 12.964140165573554, ""theo"": 4486.964140165574}",VWAP_MR,3840,ES,5.7141401655735535,26.035859834426446,False,TARGET_HIT,25.34828033114711,1.955261205711105,4474.0,4512.892420496721,2022-02-01
ES_VWAP_MR_V2_PORT,bullish,4544.163224085758,1643818800,4561.989672257274,1643821740,"{""sigma"": 2.0, ""target_r"": 2.0, ""risk"": 8.913224085757975, ""theo"": 4544.163224085758}",VWAP_MR,2940,ES,7.6632240857579745,18.336775914242025,False,TARGET_HIT,17.24644817151595,1.934928147837464,4535.25,4561.989672257274,2022-02-02
ES_VWAP_MR_V2_PORT,bearish,4524.909005104075,1643901900,4532.75,1643902200,"{""sigma"": 2.0, ""target_r"": 2.0, ""risk"": 7.840994895925178, ""theo"": 4524.909005104075}",VWAP_MR,300,ES,8.840994895925178,3.409005104074822,False,STOP_HIT,-8.420994895925178,-1.0739702050184239,4532.75,4509.2270153122245,2022-02-03
ES_VWAP_MR_V2_PORT,bullish,4456.50487510518,1643990100,4446.25,1643991000,"{""sigma"": 2.0, ""target_r"": 2.0, ""risk"": 10.254875105179963, ""theo"": 4456.50487510518}",VWAP_MR,900,ES,12.754875105179963,1.9951248948200373,False,STOP_HIT,-10.834875105179963,-1.056558465515297,4446.25,4477.01462531554,2022-02-04
ES_VWAP_MR_V2_PORT,bearish,4507.058405815315,1644248400,4495.175217445946,1644249840,"{""sigma"": 2.0, ""target_r"": 2.0, ""risk"": 5.941594184684618, ""theo"": 4507.058405815315}",VWAP_MR,1440,ES,0.9415941846846181,12.308405815315382,False,TARGET_HIT,11.303188369369236,1.9023831009032828,4513.0,4495.175217445946,2022-02-07
ES_VWAP_MR_V2_PORT,bullish,4468.755216983924,1644333000,4493.765650951771,1644336780,"{""sigma"": 2.0, ""target_r"": 2.0, ""risk"": 12.505216983923674, ""theo"": 4468.755216983924}",VWAP_MR,3780,ES,6.255216983923674,26.244783016076326,False,TARGET_HIT,24.43043396784735,1.9536193573653597,4456.25,4493.765650951771,2022-02-08
ES_VWAP_MR_V2_PORT,bearish,4567.762969057282,1644421200,4571.75,1644422340,"{""sigma"": 2.0, ""target_r"": 2.0, ""risk"": 3.9870309427178654, ""theo"": 4567.762969057282}",VWAP_MR,1140,ES,4.987030942717865,4.012969057282135,False,STOP_HIT,-4.5670309427178655,-1.1454716575649717,4571.75,4559.788907171846,2022-02-09
ES_VWAP_MR_V2_PORT,bullish,4527.356095267793,1644517500,4523.5,1644517680,"{""sigma"": 2.0, ""target_r"": 2.0, ""risk"": 3.8560952677926252, ""theo"": 4527.356095267793}",VWAP_MR,180,ES,4.856095267792625,3.6439047322073748,False,STOP_HIT,-4.436095267792625,-1.1504112216428755,4523.5,4535.068285803378,2022-02-10
ES_VWAP_MR_V2_PORT,bullish,4491.261809796211,1644596700,4481.25,1644597240,"{""sigma"": 2.0, ""target_r"": 2.0, ""risk"": 10.01180979621131, ""theo"": 4491.261809796211}",VWAP_MR,540,ES,10.76180979621131,1.2381902037886903,False,STOP_HIT,-10.59180979621131,-1.0579315839799,4481.25,4511.285429388634,2022-02-11
ES_VWAP_MR_V2_PORT,bullish,4393.0153862086845,1644851400,4385.0,1644851700,"{""sigma"": 2.0, ""target_r"": 2.0, ""risk"": 8.015386208684504, ""theo"": 4393.0153862086845}",VWAP_MR,300,ES,9.265386208684504,14.734613791315496,False,STOP_HIT,-8.595386208684504,-1.072360830145849,4385.0,4409.0461586260535,2022-02-14
ES_VWAP_MR_V2_PORT,bearish,4458.704875137024,1644940800,4463.5,1644941340,"{""sigma"": 2.0, ""target_r"": 2.0, ""risk"": 4.795124862976081, ""theo"": 4458.704875137024}",VWAP_MR,540,ES,5.545124862976081,1.2048751370239188,False,STOP_HIT,-5.375124862976081,-1.1209561829094945,4463.5,4449.114625411072,2022-02-15
ES_VWAP_MR_V2_PORT,bullish,4348.63360493282,1645200900,4339.0,1645203420,"{""sigma"": 2.0, ""target_r"": 2.0, ""risk"": 9.633604932820163, ""theo"": 4348.63360493282}",VWAP_MR,2520,ES,12.133604932820163,10.866395067179837,False,STOP_HIT,-10.213604932820163,-1.0602059150281358,4339.0,4367.9008147984605,2022-02-18
ES_VWAP_MR_V2_PORT,bullish,4298.314056050234,1645552500,4295.5,1645552740,"{""sigma"": 2.0, ""target_r"": 2.0, ""risk"": 2.814056050234285, ""theo"": 4298.314056050234}",VWAP_MR,240,ES,3.064056050234285,2.185943949765715,False,STOP_HIT,-3.394056050234285,-1.206108190329653,4295.5,4303.942168150703,2022-02-22
ES_VWAP_MR_V2_PORT,bullish,4237.848629208145,1645645800,4232.75,1645646580,"{""sigma"": 2.0, ""target_r"": 2.0, ""risk"": 5.098629208145212, ""theo"": 4237.848629208145}",VWAP_MR,780,ES,6.598629208145212,5.651370791854788,False,STOP_HIT,-5.678629208145212,-1.113756065860493,4232.75,4248.045887624436,2022-02-23
ES_VWAP_MR_V2_PORT,bearish,4164.636098837379,1645716300,4183.5,1645718940,"{""sigma"": 2.0, ""target_r"": 2.0, ""risk"": 18.863901162621005, ""theo"": 4164.636098837379}",VWAP_MR,2640,ES,23.363901162621005,18.636098837378995,False,STOP_HIT,-19.443901162621003,-1.030746556345899,4183.5,4126.908296512137,2022-02-24
ES_VWAP_MR_V2_PORT,bullish,4292.436363923067,1645801500,4314.809091769201,1645802580,"{""sigma"": 2.0, ""target_r"": 2.0, ""risk"": 11.186363923066892, ""theo"": 4292.436363923067}",VWAP_MR,1080,ES,6.436363923066892,26.563636076933108,False,TARGET_HIT,21.792727846133786,1.9481511593946979,4281.25,4314.809091769201,2022-02-25
ES_VWAP_MR_V2_PORT,bearish,4360.0464004147125,1646064600,4369.0,1646065080,"{""sigma"": 2.0, ""target_r"": 2.0, ""risk"": 8.95359958528752, ""theo"": 4360.0464004147125}",VWAP_MR,480,ES,11.70359958528752,2.0464004147124797,False,STOP_HIT,-9.53359958528752,-1.0647784161526557,4369.0,4342.139201244137,2022-02-28
ES_VWAP_MR_V2_PORT,bullish,4346.308208092243,1646147700,4336.75,1646149200,"{""sigma"": 2.0, ""target_r"": 2.0, ""risk"": 9.558208092243149, ""theo"": 4346.308208092243}",VWAP_MR,1500,ES,9.558208092243149,13.191791907756851,False,STOP_HIT,-10.138208092243149,-1.060680829963379,4336.75,4365.424624276729,2022-03-01
ES_VWAP_MR_V2_PORT,bullish,4352.621186314628,1646323500,4351.0,1646323560,"{""sigma"": 2.0, ""target_r"": 2.0, ""risk"": 1.6211863146281758, ""theo"": 4352.621186314628}",VWAP_MR,60,ES,3.8711863146281758,3.1288136853718242,False,STOP_HIT,-2.201186314628176,-1.357762704241076,4351.0,4355.8635589438845,2022-03-03
ES_VWAP_MR_V2_PORT,bullish,4295.280323320861,1646407200,4306.840969962582,1646408220,"{""sigma"": 2.0, ""target_r"": 2.0, ""risk"": 5.780323320860589, ""theo"": 4295.280323320861}",VWAP_MR,1020,ES,3.780323320860589,12.969676679139411,False,TARGET_HIT,10.980646641721178,1.8996595920669628,4289.5,4306.840969962582,2022-03-04
ES_VWAP_MR_V2_PORT,bullish,4229.249502181632,1646674200,4238.248506544896,1646675340,"{""sigma"": 2.0, ""target_r"": 2.0, ""risk"": 4.499502181632124, ""theo"": 4229.249502181632}",VWAP_MR,1140,ES,3.749502181632124,12.000497818367876,False,TARGET_HIT,8.419004363264248,1.8710968510321704,4224.75,4238.248506544896,2022-03-07
ES_VWAP_MR_V2_PORT,bullish,4179.3103916025775,1646752500,4160.25,1646753580,"{""sigma"": 2.0, ""target_r"": 2.0, ""risk"": 19.06039160257751, ""theo"": 4179.3103916025775}",VWAP_MR,1080,ES,19.31039160257751,16.18960839742249,False,STOP_HIT,-19.64039160257751,-1.0304295951569833,4160.25,4217.4311748077325,2022-03-08
ES_VWAP_MR_V2_PORT,bearish,4258.575829989452,1646838600,4264.5,1646838900,"{""sigma"": 2.0, ""target_r"": 2.0, ""risk"": 5.924170010547641, ""theo"": 4258.575829989452}",VWAP_MR,300,ES,8.924170010547641,6.825829989452359,False,STOP_HIT,-6.504170010547641,-1.0979040100077047,4264.5,4246.727489968357,2022-03-09
ES_VWAP_MR_V2_PORT,bearish,4243.379387847241,1646924700,4252.75,1646925540,"{""sigma"": 2.0, ""target_r"": 2.0, ""risk"": 9.37061215275935, ""theo"": 4243.379387847241}",VWAP_MR,840,ES,12.87061215275935,6.1293878472406504,False,STOP_HIT,-9.95061215275935,-1.061895636116922,4252.75,4224.638163541722,2022-03-10
ES_VWAP_MR_V2_PORT,bearish,4225.02517268051,1647268500,4229.25,1647269460,"{""sigma"": 2.0, ""target_r"": 2.0, ""risk"": 4.224827319490032, ""theo"": 4225.02517268051}",VWAP_MR,960,ES,5.474827319490032,6.025172680509968,False,STOP_HIT,-4.804827319490032,-1.1372837174490744,4229.25,4216.57551804153,2022-03-14
ES_VWAP_MR_V2_PORT,bearish,4229.417812717526,1647358800,4233.5,1647359160,"{""sigma"": 2.0, ""target_r"": 2.0, ""risk"": 4.082187282473569, ""theo"": 4229.417812717526}",VWAP_MR,360,ES,5.082187282473569,1.6678127175264308,False,STOP_HIT,-4.662187282473569,-1.1420806934777754,4233.5,4221.253438152579,2022-03-15
ES_VWAP_MR_V2_PORT,bearish,4333.154086460769,1647440700,4319.962259382306,1647441780,"{""sigma"": 2.0, ""target_r"": 2.0, ""risk"": 6.595913539231333, ""theo"": 4333.154086460769}",VWAP_MR,1080,ES,4.595913539231333,16.654086460768667,False,TARGET_HIT,12.611827078462666,1.9120667673173304,4339.75,4319.962259382306,2022-03-16
ES_VWAP_MR_V2_PORT,bearish,4352.565868870607,1647527400,4363.0,1647534000,"{""sigma"": 2.0, ""target_r"": 2.0, ""risk"": 10.434131129392881, ""theo"": 4352.565868870607}",VWAP_MR,6600,ES,10.684131129392881,18.56586887060712,False,STOP_HIT,-11.014131129392881,-1.0555868038083347,4363.0,4331.697606611821,2022-03-17
ES_VWAP_MR_V2_PORT,bearish,4397.216676874667,1647614100,4416.0,1647617760,"{""sigma"": 2.0, ""target_r"": 2.0, ""risk"": 18.783323125332572, ""theo"": 4397.216676874667}",VWAP_MR,3660,ES,20.533323125332572,4.966676874667428,False,STOP_HIT,-19.36332312533257,-1.0308784551130767,4416.0,4359.650030624002,2022-03-18
ES_VWAP_MR_V2_PORT,bullish,4428.901459466213,1647884100,4445.5,1647892500,"{""sigma"": 2.0, ""target_r"": 2.0, ""risk"": 13.901459466213055, ""theo"": 4428.901459466213}",VWAP_MR,8400,ES,6.401459466213055,20.848540533786945,False,TIME_EXIT,16.018540533786947,1.1522920001831012,4415.0,4456.704378398639,2022-03-21
ES_VWAP_MR_V2_PORT,bearish,4488.867303827007,1647958200,4490.25,1647958200,"{""sigma"": 2.0, ""target_r"": 2.0, ""risk"": 1.382696172992837, ""theo"": 4488.867303827007}",VWAP_MR,0,ES,1.382696172992837,1.117303827007163,False,STOP_HIT,-1.9626961729928372,-1.4194703155535564,4490.25,4486.1019114810215,2022-03-22
ES_VWAP_MR_V2_PORT,bearish,4480.790134738692,1648045200,4487.75,1648045980,"{""sigma"": 2.0, ""target_r"": 2.0, ""risk"": 6.959865261307641, ""theo"": 4480.790134738692}",VWAP_MR,780,ES,7.709865261307641,0.540134738692359,False,STOP_HIT,-7.539865261307641,-1.0833349466151918,4487.75,4466.870404216077,2022-03-23
ES_VWAP_MR_V2_PORT,bearish,4473.054902547799,1648131000,4462.664707643398,1648131540,"{""sigma"": 2.0, ""target_r"": 2.0, ""risk"": 5.195097452200571, ""theo"": 4473.054902547799}",VWAP_MR,540,ES,3.695097452200571,10.80490254779943,False,TARGET_HIT,9.810194904401142,1.8883562810252346,4478.25,4462.664707643398,2022-03-24
ES_VWAP_MR_V2_PORT,bearish,4530.69556481585,1648219800,4514.08669444755,1648221000,"{""sigma"": 2.0, ""target_r"": 2.0, ""risk"": 8.304435184149952, ""theo"": 4530.69556481585}",VWAP_MR,1200,ES,6.554435184149952,20.695564815850048,False,TARGET_HIT,16.028870368299906,1.930157802771825,4539.0,4514.08669444755,2022-03-25
ES_VWAP_MR_V2_PORT,bullish,4517.086483782928,1648484700,4531.759451348783,1648488300,"{""sigma"": 2.0, ""target_r"": 2.0, ""risk"": 7.336483782927644, ""theo"": 4517.086483782928}",VWAP_MR,3600,ES,3.336483782927644,15.663516217072356,False,TARGET_HIT,14.092967565855288,1.9209430543076114,4509.75,4531.759451348783,2022-03-28
ES_VWAP_MR_V2_PORT,bullish,4586.880992871519,1648563600,4597.142978614557,1648564140,"{""sigma"": 2.0, ""target_r"": 2.0, ""risk"": 5.130992871519084, ""theo"": 4586.880992871519}",VWAP_MR,540,ES,2.8809928715190836,10.619007128480916,False,TARGET_HIT,9.681985743038167,1.886961448880695,4581.75,4597.142978614557,2022-03-29
ES_VWAP_MR_V2_PORT,bearish,4618.601456315822,1648649100,4610.804368947467,1648650360,"{""sigma"": 2.0, ""target_r"": 2.0, ""risk"": 3.898543684177639, ""theo"": 4618.601456315822}",VWAP_MR,1260,ES,2.148543684177639,7.851456315822361,False,TARGET_HIT,7.217087368355278,1.85122649712662,4622.5,4610.804368947467,2022-03-30
ES_VWAP_MR_V2_PORT,bullish,4579.816460935872,1648735800,4575.5,1648736700,"{""sigma"": 2.0, ""target_r"": 2.0, ""risk"": 4.3164609358718735, ""theo"": 4579.816460935872}",VWAP_MR,900,ES,4.8164609358718735,4.6835390641281265,False,STOP_HIT,-4.896460935871874,-1.1343693383577087,4575.5,4588.449382807616,2022-03-31
ES_VWAP_MR_V2_PORT,bullish,4523.695409373069,1648823700,4518.0,1648824060,"{""sigma"": 2.0, ""target_r"": 2.0, ""risk"": 5.695409373069197, ""theo"": 4523.695409373069}",VWAP_MR,360,ES,5.695409373069197,3.5545906269308034,False,STOP_HIT,-6.275409373069197,-1.1018364022685596,4518.0,4535.086228119208,2022-04-01
ES_VWAP_MR_V2_PORT,bullish,4459.829255738933,1649254500,4470.4877672167995,1649260140,"{""sigma"": 2.0, ""target_r"": 2.0, ""risk"": 5.3292557389331705, ""theo"": 4459.829255738933}",VWAP_MR,5640,ES,3.8292557389331705,11.92074426106683,False,TARGET_HIT,10.078511477866341,1.8911667916848542,4454.5,4470.4877672167995,2022-04-06
ES_VWAP_MR_V2_PORT,bullish,4460.776563837823,1649343300,4453.25,1649345340,"{""sigma"": 2.0, ""target_r"": 2.0, ""risk"": 7.5265638378232325, ""theo"": 4460.776563837823}",VWAP_MR,2040,ES,10.526563837823232,9.223436162176768,False,STOP_HIT,-8.106563837823233,-1.0770603973469708,4453.25,4475.82969151347,2022-04-07
ES_VWAP_MR_V2_PORT,bullish,4445.614219638573,1649686500,4451.842658915718,1649686560,"{""sigma"": 2.0, ""target_r"": 2.0, ""risk"": 3.1142196385726493, ""theo"": 4445.614219638573}",VWAP_MR,60,ES,0.0,8.63578036142735,False,TARGET_HIT,5.6484392771452985,1.8137575163883324,4442.5,4451.842658915718,2022-04-11
ES_VWAP_MR_V2_PORT,bullish,4428.746745391154,1649781600,4425.5,1649781720,"{""sigma"": 2.0, ""target_r"": 2.0, ""risk"": 3.246745391154036, ""theo"": 4428.746745391154}",VWAP_MR,120,ES,4.496745391154036,1.003254608845964,False,STOP_HIT,-3.826745391154036,-1.1786404322249127,4425.5,4435.240236173462,2022-04-12
ES_VWAP_MR_V2_PORT,bearish,4431.225590130709,1649868900,4434.75,1649869860,"{""sigma"": 2.0, ""target_r"": 2.0, ""risk"": 3.5244098692910484, ""theo"": 4431.225590130709}",VWAP_MR,960,ES,5.274409869291048,3.2255901307089516,False,STOP_HIT,-4.1044098692910485,-1.1645665576678996,4434.75,4424.176770392127,2022-04-13
ES_VWAP_MR_V2_PORT,bearish,4400.766653645597,1650292800,4403.75,1650292800,"{""sigma"": 2.0, ""target_r"": 2.0, ""risk"": 2.9833463544027836, ""theo"": 4400.766653645597}",VWAP_MR,0,ES,2.9833463544027836,1.2666536455972164,False,STOP_HIT,-3.5633463544027837,-1.1944125592873398,4403.75,4394.799960936792,2022-04-18
ES_VWAP_MR_V2_PORT,bullish,4452.978476318999,1650481500,4471.935428956997,1650484020,"{""sigma"": 2.0, ""target_r"": 2.0, ""risk"": 9.478476318999128, ""theo"": 4452.978476318999}",VWAP_MR,2520,ES,1.4784763189991281,19.271523681000872,False,TARGET_HIT,18.376952637998258,1.9388087303823909,4443.5,4471.935428956997,2022-04-20
ES_VWAP_MR_V2_PORT,bullish,4497.862212157481,1650551700,4487.75,1650552060,"{""sigma"": 2.0, ""target_r"": 2.0, ""risk"": 10.112212157480826, ""theo"": 4497.862212157481}",VWAP_MR,360,ES,11.362212157480826,0.8877878425191739,False,STOP_HIT,-10.692212157480826,-1.0573563915558206,4487.75,4518.0866364724425,2022-04-21
ES_VWAP_MR_V2_PORT,bullish,4337.566371632595,1650638400,4334.0,1650638460,"{""sigma"": 2.0, ""target_r"": 2.0, ""risk"": 3.566371632595292, ""theo"": 4337.566371632595}",VWAP_MR,60,ES,4.816371632595292,1.6836283674047081,False,STOP_HIT,-4.146371632595292,-1.1626302751791258,4334.0,4344.699114897786,2022-04-22
ES_VWAP_MR_V2_PORT,bullish,4216.976764857057,1650895800,4236.430294571171,1650896700,"{""sigma"": 2.0, ""target_r"": 2.0, ""risk"": 9.726764857056878, ""theo"": 4216.976764857057}",VWAP_MR,900,ES,6.726764857056878,20.773235142943122,False,TARGET_HIT,18.873529714113758,1.9403707184738612,4207.25,4236.430294571171,2022-04-25
ES_VWAP_MR_V2_PORT,bullish,4231.159076792806,1650983100,4221.25,1650983880,"{""sigma"": 2.0, ""target_r"": 2.0, ""risk"": 9.909076792806445, ""theo"": 4231.159076792806}",VWAP_MR,780,ES,14.659076792806445,1.5909232071935548,False,STOP_HIT,-10.489076792806445,-1.0585321934754865,4221.25,4250.977230378419,2022-04-26
ES_VWAP_MR_V2_PORT,bearish,4227.910277540691,1651077600,4232.0,1651077780,"{""sigma"": 2.0, ""target_r"": 2.0, ""risk"": 4.089722459309087, ""theo"": 4227.910277540691}",VWAP_MR,180,ES,8.339722459309087,4.660277540690913,False,STOP_HIT,-4.669722459309087,-1.1418189145524522,4232.0,4219.730832622073,2022-04-27
ES_VWAP_MR_V2_PORT,bullish,4197.359848383208,1651155000,4206.579545149625,1651155360,"{""sigma"": 2.0, ""target_r"": 2.0, ""risk"": 4.609848383208373, ""theo"": 4197.359848383208}",VWAP_MR,360,ES,2.109848383208373,11.140151616791627,False,TARGET_HIT,8.639696766416746,1.874182413002414,4192.75,4206.579545149625,2022-04-28
ES_VWAP_MR_V2_PORT,bearish,4257.568944188923,1651241100,4241.706832566768,1651241760,"{""sigma"": 2.0, ""target_r"": 2.0, ""risk"": 7.931055811077385, ""theo"": 4257.568944188923}",VWAP_MR,660,ES,0.18105581107738544,19.568944188922615,False,TARGET_HIT,15.28211162215477,1.926869761880895,4265.5,4241.706832566768,2022-04-29
ES_VWAP_MR_V2_PORT,bearish,4136.560082354766,1651503300,4078.180247064297,1651513620,"{""sigma"": 2.0, ""target_r"": 2.0, ""risk"": 29.189917645234345, ""theo"": 4136.560082354766}",VWAP_MR,10320,ES,9.189917645234345,60.310082354765655,False,TARGET_HIT,57.79983529046869,1.9801301255094603,4165.75,4078.180247064297,2022-05-02
ES_VWAP_MR_V2_PORT,bearish,4159.2429418559195,1651587000,4168.25,1651588320,"{""sigma"": 2.0, ""target_r"": 2.0, ""risk"": 9.007058144080474, ""theo"": 4159.2429418559195}",VWAP_MR,1320,ES,12.257058144080474,15.492941855919526,False,STOP_HIT,-9.587058144080475,-1.064393944251507,4168.25,4141.228825567759,2022-05-03
ES_VWAP_MR_V2_PORT,bearish,4179.575181333172,1651682700,4183.25,1651683240,"{""sigma"": 2.0, ""target_r"": 2.0, ""risk"": 3.674818666828287, ""theo"": 4179.575181333172}",VWAP_MR,540,ES,4.424818666828287,5.075181333171713,False,STOP_HIT,-4.254818666828287,-1.1578309170015713,4183.25,4172.225543999515,2022-05-04
ES_VWAP_MR_V2_PORT,bearish,4121.515230706958,1651849500,4139.5,1651850220,"{""sigma"": 2.0, ""target_r"": 2.0, ""risk"": 17.98476929304161, ""theo"": 4121.515230706958}",VWAP_MR,720,ES,21.98476929304161,6.015230706958391,False,STOP_HIT,-18.564769293041607,-1.032249510157709,4139.5,4085.545692120875,2022-05-06
ES_VWAP_MR_V2_PORT,bullish,4042.557450931114,1652105700,4033.75,1652106240,"{""sigma"": 2.0, ""target_r"": 2.0, ""risk"": 8.80745093111409, ""theo"": 4042.557450931114}",VWAP_MR,540,ES,11.30745093111409,11.19254906888591,False,STOP_HIT,-9.38745093111409,-1.0658533331081113,4033.75,4060.1723527933423,2022-05-09
ES_VWAP_MR_V2_PORT,bullish,3965.272027249144,1652290500,3956.5,1652290680,"{""sigma"": 2.0, ""target_r"": 2.0, ""risk"": 8.772027249143775, ""theo"": 3965.272027249144}",VWAP_MR,180,ES,9.022027249143775,2.7279727508562246,False,STOP_HIT,-9.352027249143775,-1.06611926565283,3956.5,3982.8160817474313,2022-05-11
ES_VWAP_MR_V2_PORT,bearish,3930.7464850712654,1652365800,3941.0,1652367360,"{""sigma"": 2.0, ""target_r"": 2.0, ""risk"": 10.253514928734603, ""theo"": 3930.7464850712654}",VWAP_MR,1560,ES,12.753514928734603,20.246485071265397,False,STOP_HIT,-10.833514928734603,-1.0565659682588064,3941.0,3910.239455213796,2022-05-12
ES_VWAP_MR_V2_PORT,bearish,4000.096700384965,1652451000,4003.75,1652451000,"{""sigma"": 2.0, ""target_r"": 2.0, ""risk"": 3.653299615034939, ""theo"": 4000.096700384965}",VWAP_MR,0,ES,5.153299615034939,1.596700384965061,False,STOP_HIT,-4.233299615034939,-1.1587605893622972,4003.75,3992.790101154895,2022-05-13
ES_VWAP_MR_V2_PORT,bearish,4021.214717444657,1652724000,4032.0,1652724300,"{""sigma"": 2.0, ""target_r"": 2.0, ""risk"": 10.785282555343201, ""theo"": 4021.214717444657}",VWAP_MR,300,ES,12.785282555343201,2.4647174446567988,False,STOP_HIT,-11.365282555343201,-1.0537769870213236,4032.0,3999.6441523339704,2022-05-16
ES_VWAP_MR_V2_PORT,bullish,4049.651874364987,1652800500,4089.4556230949615,1652814360,"{""sigma"": 2.0, ""target_r"": 2.0, ""risk"": 19.90187436498718, ""theo"": 4049.651874364987}",VWAP_MR,13860,ES,10.65187436498718,40.09812563501282,False,TARGET_HIT,39.22374872997436,1.9708570163109673,4029.75,4089.4556230949615,2022-05-17
ES_VWAP_MR_V2_PORT,bullish,4008.199028175546,1652884800,4005.0,1652884800,"{""sigma"": 2.0, ""target_r"": 2.0, ""risk"": 3.1990281755461183, ""theo"": 4008.199028175546}",VWAP_MR,0,ES,4.449028175546118,0.0,False,STOP_HIT,-3.7790281755461184,-1.181305061466358,4005.0,4014.5970845266384,2022-05-18
ES_VWAP_MR_V2_PORT,bearish,3916.7474667084475,1652975700,3936.0,1652986920,"{""sigma"": 2.0, ""target_r"": 2.0, ""risk"": 19.25253329155248, ""theo"": 3916.7474667084475}",VWAP_MR,11220,ES,24.00253329155248,30.99746670844752,False,STOP_HIT,-19.83253329155248,-1.0301259055739167,3936.0,3878.2424001253426,2022-05-19
ES_VWAP_MR_V2_PORT,bearish,3973.2038090008286,1653322500,3961.611427002486,1653324480,"{""sigma"": 2.0, ""target_r"": 2.0, ""risk"": 5.796190999171358, ""theo"": 3973.2038090008286}",VWAP_MR,1980,ES,3.2961909991713583,12.453809000828642,False,TARGET_HIT,11.012381998342716,1.8999342844148996,3979.0,3961.611427002486,2022-05-23
ES_VWAP_MR_V2_PORT,bearish,3962.9508105679924,1653489900,3933.8524317039773,1653502020,"{""sigma"": 2.0, ""target_r"": 2.0, ""risk"": 14.549189432007552, ""theo"": 3962.9508105679924}",VWAP_MR,12120,ES,7.049189432007552,34.45081056799245,False,TARGET_HIT,28.518378864015105,1.9601352362129518,3977.5,3933.8524317039773,2022-05-25
ES_VWAP_MR_V2_PORT,bearish,4132.575536654366,1654008600,4137.5,1654009260,"{""sigma"": 2.0, ""target_r"": 2.0, ""risk"": 4.92446334563374, ""theo"": 4132.575536654366}",VWAP_MR,660,ES,5.42446334563374,4.57553665436626,False,STOP_HIT,-5.50446334563374,-1.1177793313284086,4137.5,4122.726609963099,2022-05-31
ES_VWAP_MR_V2_PORT,bullish,4079.003122317203,1654180200,4092.5093669516095,1654180800,"{""sigma"": 2.0, ""target_r"": 2.0, ""risk"": 6.753122317203179, ""theo"": 4079.003122317203}",VWAP_MR,600,ES,1.0031223172031787,14.996877682796821,False,TARGET_HIT,12.926244634406357,1.9141138020671586,4072.25,4092.5093669516095,2022-06-02
ES_VWAP_MR_V2_PORT,bullish,4118.247800812612,1654267800,4109.0,1654268580,"{""sigma"": 2.0, ""target_r"": 2.0, ""risk"": 9.247800812611786, ""theo"": 4118.247800812612}",VWAP_MR,780,ES,10.247800812611786,1.7521991873882143,False,STOP_HIT,-9.827800812611786,-1.0627176138146293,4109.0,4136.743402437835,2022-06-03
ES_VWAP_MR_V2_PORT,bullish,4136.907831627108,1654529400,4129.5,1654531320,"{""sigma"": 2.0, ""target_r"": 2.0, ""risk"": 7.407831627107953, ""theo"": 4136.907831627108}",VWAP_MR,1920,ES,10.407831627107953,7.592168372892047,False,STOP_HIT,-7.987831627107953,-1.07829551604245,4129.5,4151.723494881324,2022-06-06
ES_VWAP_MR_V2_PORT,bullish,4124.197251138412,1654708200,4120.25,1654709100,"{""sigma"": 2.0, ""target_r"": 2.0, ""risk"": 3.947251138411957, ""theo"": 4124.197251138412}",VWAP_MR,900,ES,4.197251138411957,3.552748861588043,False,STOP_HIT,-4.527251138411957,-1.1469376990878122,4120.25,4132.091753415236,2022-06-08
ES_VWAP_MR_V2_PORT,bullish,4087.0486174811513,1654787400,4097.645852443454,1654789320,"{""sigma"": 2.0, ""target_r"": 2.0, ""risk"": 5.298617481151268, ""theo"": 4087.0486174811513}",VWAP_MR,1920,ES,1.0486174811512683,14.201382518848732,False,TARGET_HIT,10.017234962302537,1.8905374841525682,4081.75,4097.645852443454,2022-06-09
ES_VWAP_MR_V2_PORT,bullish,3919.574434423525,1654872000,3906.0,1654873260,"{""sigma"": 2.0, ""target_r"": 2.0, ""risk"": 13.574434423524963, ""theo"": 3919.574434423525}",VWAP_MR,1260,ES,13.574434423524963,5.425565576475037,False,STOP_HIT,-14.154434423524963,-1.042727378681416,3906.0,3946.723303270575,2022-06-10
ES_VWAP_MR_V2_PORT,bullish,3758.2787439084573,1655132400,3754.25,1655132580,"{""sigma"": 2.0, ""target_r"": 2.0, ""risk"": 4.0287439084572725, ""theo"": 3758.2787439084573}",VWAP_MR,180,ES,4.7787439084572725,3.9712560915427275,False,STOP_HIT,-4.6087439084572726,-1.1439654674456832,3754.25,3766.336231725372,2022-06-13
ES_VWAP_MR_V2_PORT,bullish,3741.2518821837803,1655217300,3736.5,1655217720,"{""sigma"": 2.0, ""target_r"": 2.0, ""risk"": 4.751882183780253, ""theo"": 3741.2518821837803}",VWAP_MR,420,ES,10.251882183780253,6.498117816219747,False,STOP_HIT,-5.3318821837802535,-1.1220568982075634,3736.5,3750.7556465513408,2022-06-14
ES_VWAP_MR_V2_PORT,bullish,3771.2462042523375,1655305500,3766.75,1655305860,"{""sigma"": 2.0, ""target_r"": 2.0, ""risk"": 4.49620425233752, ""theo"": 3771.2462042523375}",VWAP_MR,360,ES,5.74620425233752,5.75379574766248,False,STOP_HIT,-5.07620425233752,-1.128997698380465,3766.75,3780.2386127570126,2022-06-15
ES_VWAP_MR_V2_PORT,bullish,3673.435224273123,1655392200,3658.75,1655402400,"{""sigma"": 2.0, ""target_r"": 2.0, ""risk"": 14.685224273122913, ""theo"": 3673.435224273123}",VWAP_MR,10200,ES,15.185224273122913,17.564775726877087,False,STOP_HIT,-15.265224273122913,-1.039495481254687,3658.75,3702.8056728193687,2022-06-16
ES_VWAP_MR_V2_PORT,bullish,3676.2345189962048,1655478300,3683.0,1655495700,"{""sigma"": 2.0, ""target_r"": 2.0, ""risk"": 32.23451899620477, ""theo"": 3676.2345189962048}",VWAP_MR,17400,ES,17.98451899620477,32.51548100379523,False,TIME_EXIT,6.18548100379523,0.19188997374285302,3644.0,3740.7035569886143,2022-06-17
ES_VWAP_MR_V2_PORT,bearish,3766.3975880180265,1655820300,3769.25,1655820300,"{""sigma"": 2.0, ""target_r"": 2.0, ""risk"": 2.852411981973546, ""theo"": 3766.3975880180265}",VWAP_MR,0,ES,3.352411981973546,0.14758801802645394,False,STOP_HIT,-3.432411981973546,-1.2033366861678605,3769.25,3760.6927640540794,2022-06-21
ES_VWAP_MR_V2_PORT,bearish,3787.216826222025,1655993100,3775.1504786660744,1655993400,"{""sigma"": 2.0, ""target_r"": 2.0, ""risk"": 6.0331737779752075, ""theo"": 3787.216826222025}",VWAP_MR,300,ES,4.5331737779752075,13.716826222024793,False,TARGET_HIT,11.486347555950415,1.9038648609596898,3793.25,3775.1504786660744,2022-06-23
ES_VWAP_MR_V2_PORT,bearish,3920.101651449039,1656342900,3927.0,1656343440,"{""sigma"": 2.0, ""target_r"": 2.0, ""risk"": 6.8983485509611455, ""theo"": 3920.101651449039}",VWAP_MR,540,ES,7.8983485509611455,6.6016514490388545,False,STOP_HIT,-7.478348550961146,-1.0840780943026123,3927.0,3906.3049543471166,2022-06-27
ES_VWAP_MR_V2_PORT,bullish,3905.987160462887,1656427200,3902.75,1656427320,"{""sigma"": 2.0, ""target_r"": 2.0, ""risk"": 3.2371604628870045, ""theo"": 3905.987160462887}",VWAP_MR,120,ES,4.9871604628870045,2.5128395371129955,False,STOP_HIT,-3.8171604628870046,-1.179169369776232,3902.75,3912.461481388661,2022-06-28
ES_VWAP_MR_V2_PORT,bullish,3806.623191919146,1656520500,3816.869575757438,1656522540,"{""sigma"": 2.0, ""target_r"": 2.0, ""risk"": 5.123191919145938, ""theo"": 3806.623191919146}",VWAP_MR,2040,ES,2.1231919191459383,12.126808080854062,False,TARGET_HIT,9.666383838291877,1.8867893279905297,3801.5,3816.869575757438,2022-06-29
ES_VWAP_MR_V2_PORT,bearish,3777.862998812712,1656602100,3774.5889964381354,1656602100,"{""sigma"": 2.0, ""target_r"": 2.0, ""risk"": 1.637001187288206, ""theo"": 3777.862998812712}",VWAP_MR,0,ES,0.0,4.112998812711794,False,TARGET_HIT,2.694002374576412,1.6456935984507097,3779.5,3774.5889964381354,2022-06-30
ES_VWAP_MR_V2_PORT,bullish,3773.154987710964,1656685200,3766.25,1656685560,"{""sigma"": 2.0, ""target_r"": 2.0, ""risk"": 6.904987710964178, ""theo"": 3773.154987710964}",VWAP_MR,360,ES,9.154987710964178,3.8450122890358216,False,STOP_HIT,-7.4849877109641785,-1.0839972530405868,3766.25,3786.9649631328925,2022-07-01
ES_VWAP_MR_V2_PORT,bearish,3769.9967296266723,1657036800,3773.0,1657036920,"{""sigma"": 2.0, ""target_r"": 2.0, ""risk"": 3.003270373327723, ""theo"": 3769.9967296266723}",VWAP_MR,120,ES,3.003270373327723,3.496729626672277,False,STOP_HIT,-3.583270373327723,-1.1931228054427017,3773.0,3763.990188880017,2022-07-05
ES_VWAP_MR_V2_PORT,bullish,3823.5170051851546,1657121100,3817.25,1657121400,"{""sigma"": 2.0, ""target_r"": 2.0, ""risk"": 6.2670051851546305, ""theo"": 3823.5170051851546}",VWAP_MR,300,ES,7.5170051851546305,3.2329948148453695,False,STOP_HIT,-6.8470051851546305,-1.0925481921371172,3817.25,3836.051015555464,2022-07-06
ES_VWAP_MR_V2_PORT,bearish,3892.0111915676466,1657206000,3894.0,1657206240,"{""sigma"": 2.0, ""target_r"": 2.0, ""risk"": 1.9888084323533803, ""theo"": 3892.0111915676466}",VWAP_MR,240,ES,2.4888084323533803,3.5111915676466197,False,STOP_HIT,-2.5688084323533804,-1.2916319091194115,3894.0,3888.03357470294,2022-07-07
ES_VWAP_MR_V2_PORT,bearish,3903.949066634993,1657291800,3913.75,1657292940,"{""sigma"": 2.0, ""target_r"": 2.0, ""risk"": 9.80093336500704, ""theo"": 3903.949066634993}",VWAP_MR,1140,ES,14.30093336500704,1.6990666349929597,False,STOP_HIT,-10.38093336500704,-1.0591780372745738,3913.75,3884.347199904979,2022-07-08
ES_VWAP_MR_V2_PORT,bearish,3872.441710368032,1657562700,3850.8251311040963,1657569000,"{""sigma"": 2.0, ""target_r"": 2.0, ""risk"": 10.80828963196791, ""theo"": 3872.441710368032}",VWAP_MR,6300,ES,4.808289631967909,22.44171036803209,False,TARGET_HIT,21.03657926393582,1.946337485416331,3883.25,3850.8251311040963,2022-07-11
ES_VWAP_MR_V2_PORT,bullish,3843.212919622349,1657635000,3849.6387588670473,1657635120,"{""sigma"": 2.0, ""target_r"": 2.0, ""risk"": 3.212919622349091, ""theo"": 3843.212919622349}",VWAP_MR,120,ES,1.2129196223490908,10.53708037765091,False,TARGET_HIT,5.8458392446981815,1.8194788329077651,3840.0,3849.6387588670473,2022-07-12
ES_VWAP_MR_V2_PORT,bullish,3769.895042295697,1657722300,3780.1851268870905,1657722660,"{""sigma"": 2.0, ""target_r"": 2.0, ""risk"": 5.14504229569684, ""theo"": 3769.895042295697}",VWAP_MR,360,ES,2.6450422956968396,20.35495770430316,False,TARGET_HIT,9.710084591393679,1.887270120114446,3764.75,3780.1851268870905,2022-07-13
ES_VWAP_MR_V2_PORT,bullish,3727.427507914365,1657807800,3725.25,1657807800,"{""sigma"": 2.0, ""target_r"": 2.0, ""risk"": 2.1775079143649236, ""theo"": 3727.427507914365}",VWAP_MR,0,ES,3.1775079143649236,0.8224920856350764,False,STOP_HIT,-2.7575079143649237,-1.2663595370532368,3725.25,3731.7825237430948,2022-07-14
ES_VWAP_MR_V2_PORT,bearish,3853.782847065628,1657895700,3844.8485411968845,1657896300,"{""sigma"": 2.0, ""target_r"": 2.0, ""risk"": 4.467152934371825, ""theo"": 3853.782847065628}",VWAP_MR,600,ES,3.967152934371825,9.032847065628175,False,TARGET_HIT,8.35430586874365,1.8701633885114435,3858.25,3844.8485411968845,2022-07-15
ES_VWAP_MR_V2_PORT,bullish,3894.8151583826902,1658154000,3886.5,1658163420,"{""sigma"": 2.0, ""target_r"": 2.0, ""risk"": 8.315158382690242, ""theo"": 3894.8151583826902}",VWAP_MR,9420,ES,9.065158382690242,4.184841617309758,False,STOP_HIT,-8.895158382690243,-1.069752128980176,3886.5,3911.4454751480707,2022-07-18
ES_VWAP_MR_V2_PORT,bearish,3879.3645066828312,1658239800,3884.75,1658239920,"{""sigma"": 2.0, ""target_r"": 2.0, ""risk"": 5.385493317168766, ""theo"": 3879.3645066828312}",VWAP_MR,120,ES,8.385493317168766,0.11450668283123377,False,STOP_HIT,-5.965493317168766,-1.1076967263427808,3884.75,3868.5935200484937,2022-07-19
ES_VWAP_MR_V2_PORT,bullish,3930.9451462396587,1658325900,3926.25,1658325960,"{""sigma"": 2.0, ""target_r"": 2.0, ""risk"": 4.695146239658698, ""theo"": 3930.9451462396587}",VWAP_MR,60,ES,6.195146239658698,0.3048537603413024,False,STOP_HIT,-5.275146239658698,-1.123531828487234,3926.25,3940.335438718976,2022-07-20
ES_VWAP_MR_V2_PORT,bullish,3942.3570861375965,1658413200,3953.5712584127896,1658413200,"{""sigma"": 2.0, ""target_r"": 2.0, ""risk"": 5.607086137596525, ""theo"": 3942.3570861375965}",VWAP_MR,0,ES,0.0,11.642913862403475,False,TARGET_HIT,10.63417227519305,1.8965594631922995,3936.75,3953.5712584127896,2022-07-21
ES_VWAP_MR_V2_PORT,bullish,3996.7384373740533,1658499000,3988.5,1658499000,"{""sigma"": 2.0, ""target_r"": 2.0, ""risk"": 8.23843737405332, ""theo"": 3996.7384373740533}",VWAP_MR,0,ES,8.23843737405332,0.0,False,STOP_HIT,-8.81843737405332,-1.0704017004276432,3988.5,4013.21531212216,2022-07-22
ES_VWAP_MR_V2_PORT,bearish,3972.7387514355582,1658763600,3976.0,1658763960,"{""sigma"": 2.0, ""target_r"": 2.0, ""risk"": 3.2612485644417575, ""theo"": 3972.7387514355582}",VWAP_MR,360,ES,4.2612485644417575,1.7387514355582425,False,STOP_HIT,-3.8412485644417576,-1.1778459962616439,3976.0,3966.2162543066747,2022-07-25
ES_VWAP_MR_V2_PORT,bullish,3943.0167679253104,1658845200,3940.5,1658845200,"{""sigma"": 2.0, ""target_r"": 2.0, ""risk"": 2.5167679253104325, ""theo"": 3943.0167679253104}",VWAP_MR,0,ES,5.2667679253104325,0.7332320746895675,False,STOP_HIT,-3.0967679253104325,-1.2304543037787083,3940.5,3948.0503037759313,2022-07-26
ES_VWAP_MR_V2_PORT,bearish,3978.362232891296,1658935800,3982.0,1658937420,"{""sigma"": 2.0, ""target_r"": 2.0, ""risk"": 3.6377671087038834, ""theo"": 3978.362232891296}",VWAP_MR,1620,ES,4.387767108703883,3.3622328912961166,False,STOP_HIT,-4.2177671087038835,-1.1594384639446176,3982.0,3971.0866986738883,2022-07-27
ES_VWAP_MR_V2_PORT,bearish,4128.0567609360105,1659119100,4129.5,1659119280,"{""sigma"": 2.0, ""target_r"": 2.0, ""risk"": 1.4432390639894948, ""theo"": 4128.0567609360105}",VWAP_MR,180,ES,1.6932390639894948,2.0567609360105052,False,STOP_HIT,-2.023239063989495,-1.4018738228971759,4129.5,4125.1702828080315,2022-07-29
ES_VWAP_MR_V2_PORT,bearish,4110.199746267695,1659453000,4126.5,1659456120,"{""sigma"": 2.0, ""target_r"": 2.0, ""risk"": 16.300253732304554, ""theo"": 4110.199746267695}",VWAP_MR,3120,ES,16.300253732304554,2.9497462676954456,False,STOP_HIT,-16.880253732304553,-1.0355822681981035,4126.5,4077.5992388030863,2022-08-02
ES_VWAP_MR_V2_PORT,bearish,4131.115608421927,1659536100,4120.346825265782,1659536340,"{""sigma"": 2.0, ""target_r"": 2.0, ""risk"": 5.384391578072609, ""theo"": 4131.115608421927}",VWAP_MR,240,ES,5.134391578072609,11.11560842192739,False,TARGET_HIT,10.188783156145218,1.8922812370552708,4136.5,4120.346825265782,2022-08-03
ES_VWAP_MR_V2_PORT,bullish,4143.388532954177,1659624300,4158.165598862532,1659629580,"{""sigma"": 2.0, ""target_r"": 2.0, ""risk"": 7.388532954177208, ""theo"": 4143.388532954177}",VWAP_MR,5280,ES,4.888532954177208,14.861467045822792,False,TARGET_HIT,14.197065908354416,1.9214999779256463,4136.0,4158.165598862532,2022-08-04
ES_VWAP_MR_V2_PORT,bearish,4139.659079820189,1659709800,4115.977239460566,1659713280,"{""sigma"": 2.0, ""target_r"": 2.0, ""risk"": 11.840920179811292, ""theo"": 4139.659079820189}",VWAP_MR,3480,ES,7.590920179811292,23.90907982018871,False,TARGET_HIT,23.101840359622585,1.9510173203439969,4151.5,4115.977239460566,2022-08-05
ES_VWAP_MR_V2_PORT,bullish,4122.864218741448,1660053900,4119.0,1660054200,"{""sigma"": 2.0, ""target_r"": 2.0, ""risk"": 3.864218741447985, ""theo"": 4122.864218741448}",VWAP_MR,300,ES,4.614218741447985,0.38578125855201506,False,STOP_HIT,-4.444218741447985,-1.15009502277365,4119.0,4130.592656224344,2022-08-09
ES_VWAP_MR_V2_PORT,bullish,4184.9164532687855,1660141500,4197.749359806357,1660142580,"{""sigma"": 2.0, ""target_r"": 2.0, ""risk"": 6.416453268785517, ""theo"": 4184.9164532687855}",VWAP_MR,1080,ES,0.41645326878551714,13.083546731214483,False,TARGET_HIT,12.252906537571034,1.909607383440076,4178.5,4197.749359806357,2022-08-10
ES_VWAP_MR_V2_PORT,bullish,4227.502418498505,1660232700,4224.0,1660233000,"{""sigma"": 2.0, ""target_r"": 2.0, ""risk"": 3.502418498504994, ""theo"": 4227.502418498505}",VWAP_MR,300,ES,3.752418498504994,4.747581501495006,False,STOP_HIT,-4.082418498504994,-1.1655998562843284,4224.0,4234.507255495515,2022-08-11
ES_VWAP_MR_V2_PORT,bearish,4237.323108608474,1660314600,4232.469325825423,1660315080,"{""sigma"": 2.0, ""target_r"": 2.0, ""risk"": 2.4268913915257144, ""theo"": 4237.323108608474}",VWAP_MR,480,ES,1.1768913915257144,5.823108608474286,False,TARGET_HIT,4.273782783051429,1.7610111428862207,4239.75,4232.469325825423,2022-08-12
ES_VWAP_MR_V2_PORT,bearish,4296.625206537404,1660583100,4300.0,1660583160,"{""sigma"": 2.0, ""target_r"": 2.0, ""risk"": 3.3747934625962444, ""theo"": 4296.625206537404}",VWAP_MR,60,ES,3.3747934625962444,0.12520653740375565,False,STOP_HIT,-3.9547934625962444,-1.171862369187418,4300.0,4289.875619612211,2022-08-15
ES_VWAP_MR_V2_PORT,bullish,4287.829767809616,1660661100,4305.989303428848,1660663860,"{""sigma"": 2.0, ""target_r"": 2.0, ""risk"": 9.079767809615987, ""theo"": 4287.829767809616}",VWAP_MR,2760,ES,4.329767809615987,18.420232190384013,False,TARGET_HIT,17.579535619231976,1.936121714545856,4278.75,4305.989303428848,2022-08-16
ES_VWAP_MR_V2_PORT,bullish,4268.5301683584885,1660748700,4263.0,1660749300,"{""sigma"": 2.0, ""target_r"": 2.0, ""risk"": 5.530168358488481, ""theo"": 4268.5301683584885}",VWAP_MR,600,ES,5.780168358488481,1.4698316415115187,False,STOP_HIT,-6.110168358488481,-1.1048792663083637,4263.0,4279.590505075465,2022-08-17
ES_VWAP_MR_V2_PORT,bearish,4278.4749527474205,1660834500,4282.75,1660836240,"{""sigma"": 2.0, ""target_r"": 2.0, ""risk"": 4.275047252579498, ""theo"": 4278.4749527474205}",VWAP_MR,1740,ES,6.025047252579498,7.974952747420502,False,STOP_HIT,-4.855047252579498,-1.1356710150162754,4282.75,4269.9248582422615,2022-08-18
ES_VWAP_MR_V2_PORT,bullish,4141.6300503845105,1661195400,4133.0,1661197440,"{""sigma"": 2.0, ""target_r"": 2.0, ""risk"": 8.630050384510469, ""theo"": 4141.6300503845105}",VWAP_MR,2040,ES,10.130050384510469,3.8699496154895314,False,STOP_HIT,-9.210050384510469,-1.0672070236161084,4133.0,4158.890151153531,2022-08-22
ES_VWAP_MR_V2_PORT,bearish,4153.74022727022,1661264700,4137.720681810661,1661266500,"{""sigma"": 2.0, ""target_r"": 2.0, ""risk"": 8.009772729779797, ""theo"": 4153.74022727022}",VWAP_MR,1800,ES,3.5097727297797974,16.490227270220203,False,TARGET_HIT,15.439545459559595,1.9275884573049622,4161.75,4137.720681810661,2022-08-23
ES_VWAP_MR_V2_PORT,bearish,4137.058614093406,1661351400,4142.25,1661351460,"{""sigma"": 2.0, ""target_r"": 2.0, ""risk"": 5.191385906594405, ""theo"": 4137.058614093406}",VWAP_MR,60,ES,5.191385906594405,0.0,False,STOP_HIT,-5.771385906594405,-1.1117235378828705,4142.25,4126.675842280217,2022-08-24
ES_VWAP_MR_V2_PORT,bearish,4169.411164914471,1661436600,4176.25,1661437440,"{""sigma"": 2.0, ""target_r"": 2.0, ""risk"": 6.838835085529354, ""theo"": 4169.411164914471}",VWAP_MR,840,ES,11.088835085529354,1.9111649144706462,False,STOP_HIT,-7.418835085529354,-1.0848097655150732,4176.25,4155.733494743412,2022-08-25
ES_VWAP_MR_V2_PORT,bullish,4164.9766876415815,1661523900,4157.0,1661524020,"{""sigma"": 2.0, ""target_r"": 2.0, ""risk"": 7.97668764158152, ""theo"": 4164.9766876415815}",VWAP_MR,120,ES,14.47668764158152,6.02331235841848,False,STOP_HIT,-8.55668764158152,-1.0727118856925686,4157.0,4180.930062924745,2022-08-26
ES_VWAP_MR_V2_PORT,bearish,4043.9143991328287,1661783400,4030.7431973984862,1661783700,"{""sigma"": 2.0, ""target_r"": 2.0, ""risk"": 6.585600867171252, ""theo"": 4043.9143991328287}",VWAP_MR,300,ES,1.3356008671712516,14.164399132828748,False,TARGET_HIT,12.591201734342503,1.911929068934126,4050.5,4030.7431973984862,2022-08-29
ES_VWAP_MR_V2_PORT,bullish,3989.7542640074917,1661871600,3982.75,1661872260,"{""sigma"": 2.0, ""target_r"": 2.0, ""risk"": 7.004264007491656, ""theo"": 3989.7542640074917}",VWAP_MR,660,ES,7.504264007491656,6.995735992508344,False,STOP_HIT,-7.584264007491656,-1.0828067016576817,3982.75,4003.762792022475,2022-08-30
ES_VWAP_MR_V2_PORT,bullish,3970.5338814609313,1661968500,3965.75,1661970780,"{""sigma"": 2.0, ""target_r"": 2.0, ""risk"": 4.783881460931298, ""theo"": 3970.5338814609313}",VWAP_MR,2280,ES,8.033881460931298,6.716118539068702,False,STOP_HIT,-5.363881460931298,-1.1212404623184558,3965.75,3980.101644382794,2022-08-31
ES_VWAP_MR_V2_PORT,bullish,3921.889956136348,1662042000,3908.75,1662043440,"{""sigma"": 2.0, ""target_r"": 2.0, ""risk"": 13.139956136347791, ""theo"": 3921.889956136348}",VWAP_MR,1440,ES,14.639956136347791,9.110043863652209,False,STOP_HIT,-13.719956136347792,-1.0441401777891481,3908.75,3948.1698684090434,2022-09-01
ES_VWAP_MR_V2_PORT,bearish,4003.8640758128167,1662130500,3973.09222743845,1662136980,"{""sigma"": 2.0, ""target_r"": 2.0, ""risk"": 15.385924187183264, ""theo"": 4003.8640758128167}",VWAP_MR,6480,ES,13.635924187183264,31.114075812816736,False,TARGET_HIT,30.19184837436653,1.9623032069478707,4019.25,3973.09222743845,2022-09-02
ES_VWAP_MR_V2_PORT,bearish,3951.1402454665813,1662569400,3954.0,1662570180,"{""sigma"": 2.0, ""target_r"": 2.0, ""risk"": 2.859754533418709, ""theo"": 3951.1402454665813}",VWAP_MR,780,ES,3.609754533418709,5.640245466581291,False,STOP_HIT,-3.439754533418709,-1.2028146098632584,3954.0,3945.420736399744,2022-09-07
ES_VWAP_MR_V2_PORT,bearish,3992.0229693040383,1662648600,3998.0,1662648900,"{""sigma"": 2.0, ""target_r"": 2.0, ""risk"": 5.97703069596173, ""theo"": 3992.0229693040383}",VWAP_MR,300,ES,6.22703069596173,1.52296930403827,False,STOP_HIT,-6.55703069596173,-1.097038149794323,3998.0,3980.068907912115,2022-09-08
ES_VWAP_MR_V2_PORT,bearish,4110.231651330108,1662991500,4113.25,1662992220,"{""sigma"": 2.0, ""target_r"": 2.0, ""risk"": 3.018348669891566, ""theo"": 4110.231651330108}",VWAP_MR,720,ES,4.268348669891566,1.9816513301084342,False,STOP_HIT,-3.598348669891566,-1.1921580517802923,4113.25,4104.194953990325,2022-09-12
ES_VWAP_MR_V2_PORT,bullish,4010.977955653293,1663078500,3997.5,1663079520,"{""sigma"": 2.0, ""target_r"": 2.0, ""risk"": 13.477955653293066, ""theo"": 4010.977955653293}",VWAP_MR,1020,ES,14.477955653293066,0.5220443467069344,False,STOP_HIT,-14.057955653293066,-1.043033232555435,3997.5,4037.933866959879,2022-09-13
ES_VWAP_MR_V2_PORT,bearish,3974.8937351789705,1663167900,3972.1812055369114,1663167900,"{""sigma"": 2.0, ""target_r"": 2.0, ""risk"": 1.3562648210295265, ""theo"": 3974.8937351789705}",VWAP_MR,0,ES,0.0,8.643735178970473,False,TARGET_HIT,2.132529642059053,1.5723549036981375,3976.25,3972.1812055369114,2022-09-14
ES_VWAP_MR_V2_PORT,bullish,3934.4992663283447,1663254300,3926.75,1663254600,"{""sigma"": 2.0, ""target_r"": 2.0, ""risk"": 7.7492663283446745, ""theo"": 3934.4992663283447}",VWAP_MR,300,ES,10.249266328344675,1.7507336716553255,False,STOP_HIT,-8.329266328344675,-1.074845795127536,3926.75,3949.997798985034,2022-09-15
ES_VWAP_MR_V2_PORT,bearish,3878.7524550686294,1663338000,3886.25,1663338900,"{""sigma"": 2.0, ""target_r"": 2.0, ""risk"": 7.497544931370612, ""theo"": 3878.7524550686294}",VWAP_MR,900,ES,10.997544931370612,8.752455068629388,False,STOP_HIT,-8.077544931370612,-1.0773586561079762,3886.25,3863.757365205888,2022-09-16
ES_VWAP_MR_V2_PORT,bearish,3899.818016692099,1663599600,3891.9540500762964,1663600860,"{""sigma"": 2.0, ""target_r"": 2.0, ""risk"": 3.9319833079011914, ""theo"": 3899.818016692099}",VWAP_MR,1260,ES,2.9319833079011914,9.568016692098809,False,TARGET_HIT,7.283966615802383,1.8524917440940023,3903.75,3891.9540500762964,2022-09-19
ES_VWAP_MR_V2_PORT,bearish,3881.843394470235,1663686900,3877.5301834107054,1663687080,"{""sigma"": 2.0, ""target_r"": 2.0, ""risk"": 2.1566055297648745, ""theo"": 3881.843394470235}",VWAP_MR,180,ES,0.4066055297648745,6.3433944702351255,False,TARGET_HIT,3.733211059529749,1.7310588366787527,3884.0,3877.5301834107054,2022-09-20
ES_VWAP_MR_V2_PORT,bearish,3899.567000764821,1663770300,3897.701002294463,1663770300,"{""sigma"": 2.0, ""target_r"": 2.0, ""risk"": 0.9329992351790679, ""theo"": 3899.567000764821}",VWAP_MR,0,ES,0.0,2.067000764820932,False,TARGET_HIT,1.2859984703581357,1.3783489009091392,3900.5,3897.701002294463,2022-09-21
ES_VWAP_MR_V2_PORT,bullish,3770.3220443196756,1663859400,3767.0,1663859700,"{""sigma"": 2.0, ""target_r"": 2.0, ""risk"": 3.3220443196755696, ""theo"": 3770.3220443196756}",VWAP_MR,300,ES,4.57204431967557,4.92795568032443,False,STOP_HIT,-3.9020443196755696,-1.1745912890339292,3767.0,3776.9661329590267,2022-09-22
ES_VWAP_MR_V2_PORT,bullish,3697.275736654917,1663948500,3689.25,1663949220,"{""sigma"": 2.0, ""target_r"": 2.0, ""risk"": 8.025736654917182, ""theo"": 3697.275736654917}",VWAP_MR,720,ES,10.525736654917182,0.474263345082818,False,STOP_HIT,-8.605736654917182,-1.0722675095057657,3689.25,3713.3272099647515,2022-09-23
ES_VWAP_MR_V2_PORT,bearish,3716.3869904474777,1664203200,3688.160971342433,1664205960,"{""sigma"": 2.0, ""target_r"": 2.0, ""risk"": 14.113009552522271, ""theo"": 3716.3869904474777}",VWAP_MR,2760,ES,6.113009552522271,28.63699044747773,False,TARGET_HIT,27.646019105044545,1.9589031667666985,3730.5,3688.160971342433,2022-09-26
ES_VWAP_MR_V2_PORT,bullish,3698.109933147627,1664288100,3686.25,1664292300,"{""sigma"": 2.0, ""target_r"": 2.0, ""risk"": 11.859933147627089, ""theo"": 3698.109933147627}",VWAP_MR,4200,ES,13.859933147627089,19.64006685237291,False,STOP_HIT,-12.43993314762709,-1.0489041542461008,3686.25,3721.8297994428813,2022-09-27
ES_VWAP_MR_V2_PORT,bearish,3695.137258587602,1664376900,3702.5,1664378400,"{""sigma"": 2.0, ""target_r"": 2.0, ""risk"": 7.362741412398009, ""theo"": 3695.137258587602}",VWAP_MR,1500,ES,8.612741412398009,6.637258587601991,False,STOP_HIT,-7.942741412398009,-1.078775006144226,3702.5,3680.411775762806,2022-09-28
ES_VWAP_MR_V2_PORT,bullish,3627.080463741926,1664475300,3625.5,1664475360,"{""sigma"": 2.0, ""target_r"": 2.0, ""risk"": 1.5804637419259961, ""theo"": 3627.080463741926}",VWAP_MR,60,ES,1.8304637419259961,2.669536258074004,False,STOP_HIT,-2.160463741925996,-1.3669808959319727,3625.5,3630.241391225778,2022-09-29
ES_VWAP_MR_V2_PORT,bearish,3663.5741454340978,1664549100,3671.5,1664550240,"{""sigma"": 2.0, ""target_r"": 2.0, ""risk"": 7.9258545659022275, ""theo"": 3663.5741454340978}",VWAP_MR,1140,ES,9.925854565902227,5.8241454340977725,False,STOP_HIT,-8.505854565902228,-1.0731782289439444,3671.5,3647.7224363022933,2022-09-30
ES_VWAP_MR_V2_PORT,bearish,3699.0059400368054,1664824500,3693.5,1664826900,"{""sigma"": 2.0, ""target_r"": 2.0, ""risk"": 12.744059963194559, ""theo"": 3699.0059400368054}",VWAP_MR,2400,ES,9.494059963194559,11.755940036805441,False,TIME_EXIT,4.925940036805441,0.3865283160179555,3711.75,3673.5178201104163,2022-10-03
ES_VWAP_MR_V2_PORT,bearish,3778.525231175445,1664989200,3785.5,1664989560,"{""sigma"": 2.0, ""target_r"": 2.0, ""risk"": 6.974768824555213, ""theo"": 3778.525231175445}",VWAP_MR,360,ES,8.974768824555213,2.0252311754447874,False,STOP_HIT,-7.554768824555213,-1.0831568779682081,3785.5,3764.5756935263344,2022-10-05
ES_VWAP_MR_V2_PORT,bullish,3775.0149684206563,1665065700,3766.0,1665065700,"{""sigma"": 2.0, ""target_r"": 2.0, ""risk"": 9.01496842065626, ""theo"": 3775.0149684206563}",VWAP_MR,0,ES,9.26496842065626,0.0,False,STOP_HIT,-9.59496842065626,-1.064337441124145,3766.0,3793.044905261969,2022-10-06
ES_VWAP_MR_V2_PORT,bullish,3661.5154156810995,1665162900,3657.25,1665163860,"{""sigma"": 2.0, ""target_r"": 2.0, ""risk"": 4.265415681099512, ""theo"": 3661.5154156810995}",VWAP_MR,960,ES,4.265415681099512,3.734584318900488,False,STOP_HIT,-4.845415681099512,-1.1359773685294117,3657.25,3670.0462470432985,2022-10-07
ES_VWAP_MR_V2_PORT,bullish,3640.4831535077205,1665410700,3633.75,1665410940,"{""sigma"": 2.0, ""target_r"": 2.0, ""risk"": 6.733153507720544, ""theo"": 3640.4831535077205}",VWAP_MR,240,ES,7.983153507720544,3.7668464922794556,False,STOP_HIT,-7.3131535077205445,-1.0861409144073346,3633.75,3653.9494605231616,2022-10-10
ES_VWAP_MR_V2_PORT,bullish,3588.589018307094,1665497400,3605.2670549212826,1665499200,"{""sigma"": 2.0, ""target_r"": 2.0, ""risk"": 8.339018307094193, ""theo"": 3588.589018307094}",VWAP_MR,1800,ES,6.589018307094193,18.160981692905807,False,TARGET_HIT,16.098036614188388,1.930447448531612,3580.25,3605.2670549212826,2022-10-11
ES_VWAP_MR_V2_PORT,bearish,3651.402712723504,1665675900,3675.5,1665682020,"{""sigma"": 2.0, ""target_r"": 2.0, ""risk"": 24.09728727649599, ""theo"": 3651.402712723504}",VWAP_MR,6120,ES,28.34728727649599,19.90271272350401,False,STOP_HIT,-24.67728727649599,-1.0240690992867783,3675.5,3603.208138170512,2022-10-13
ES_VWAP_MR_V2_PORT,bullish,3645.4442299066295,1665757200,3638.75,1665757200,"{""sigma"": 2.0, ""target_r"": 2.0, ""risk"": 6.694229906629516, ""theo"": 3645.4442299066295}",VWAP_MR,0,ES,13.444229906629516,0.055770093370483664,False,STOP_HIT,-7.274229906629516,-1.0866417807708706,3638.75,3658.8326897198885,2022-10-14
ES_VWAP_MR_V2_PORT,bearish,3698.6084699205585,1666016400,3701.75,1666016460,"{""sigma"": 2.0, ""target_r"": 2.0, ""risk"": 3.141530079441509, ""theo"": 3698.6084699205585}",VWAP_MR,60,ES,3.891530079441509,1.3584699205584911,False,STOP_HIT,-3.721530079441509,-1.1846234113101697,3701.75,3692.3254097616755,2022-10-17
ES_VWAP_MR_V2_PORT,bearish,3734.066747429269,1666190100,3720.700242287807,1666191180,"{""sigma"": 2.0, ""target_r"": 2.0, ""risk"": 6.683252570730929, ""theo"": 3734.066747429269}",VWAP_MR,1080,ES,0.6832525707309287,14.816747429269071,False,TARGET_HIT,12.786505141461857,1.9132159088914147,3740.75,3720.700242287807,2022-10-19
ES_VWAP_MR_V2_PORT,bearish,3742.9913822424683,1666275900,3732.974146727405,1666276320,"{""sigma"": 2.0, ""target_r"": 2.0, ""risk"": 5.008617757531738, ""theo"": 3742.9913822424683}",VWAP_MR,420,ES,3.008617757531738,11.741382242468262,False,TARGET_HIT,9.437235515063476,1.884199587974582,3748.0,3732.974146727405,2022-10-20
ES_VWAP_MR_V2_PORT,bearish,3711.088296472896,1666361100,3716.0,1666361100,"{""sigma"": 2.0, ""target_r"": 2.0, ""risk"": 4.911703527103782, ""theo"": 3711.088296472896}",VWAP_MR,0,ES,5.661703527103782,0.08829647289621789,False,STOP_HIT,-5.491703527103782,-1.1180853031538736,3716.0,3701.2648894186887,2022-10-21
ES_VWAP_MR_V2_PORT,bullish,3772.4446209464604,1666620900,3762.0,1666621200,"{""sigma"": 2.0, ""target_r"": 2.0, ""risk"": 10.444620946460418, ""theo"": 3772.4446209464604}",VWAP_MR,300,ES,11.944620946460418,3.055379053539582,False,STOP_HIT,-11.024620946460418,-1.0555309764684717,3762.0,3793.3338628393813,2022-10-24
ES_VWAP_MR_V2_PORT,bearish,3865.387290740825,1666794900,3870.25,1666795140,"{""sigma"": 2.0, ""target_r"": 2.0, ""risk"": 4.8627092591750625, ""theo"": 3865.387290740825}",VWAP_MR,240,ES,6.3627092591750625,2.1372907408249375,False,STOP_HIT,-5.4427092591750625,-1.1192750726162877,3870.25,3855.661872222475,2022-10-26
ES_VWAP_MR_V2_PORT,bullish,3875.051062605442,1667225100,3879.153187816326,1667225100,"{""sigma"": 2.0, ""target_r"": 2.0, ""risk"": 2.0510626054419845, ""theo"": 3875.051062605442}",VWAP_MR,0,ES,0.0,7.1989373945580155,False,TARGET_HIT,3.522125210883969,1.7172197482119198,3873.0,3879.153187816326,2022-10-31
ES_VWAP_MR_V2_PORT,bullish,3844.9894892828293,1667398200,3842.75,1667398560,"{""sigma"": 2.0, ""target_r"": 2.0, ""risk"": 2.239489282829254, ""theo"": 3844.9894892828293}",VWAP_MR,360,ES,2.239489282829254,4.010510717170746,False,STOP_HIT,-2.819489282829254,-1.2589876202788781,3842.75,3849.4684678484878,2022-11-02
ES_VWAP_MR_V2_PORT,bearish,3741.42342414451,1667486400,3734.2702724335304,1667486400,"{""sigma"": 2.0, ""target_r"": 2.0, ""risk"": 3.576575855489864, ""theo"": 3741.42342414451}",VWAP_MR,0,ES,0.0,8.923424144510136,False,TARGET_HIT,6.573151710979728,1.8378337204536765,3745.0,3734.2702724335304,2022-11-03
ES_VWAP_MR_V2_PORT,bullish,3734.78664903402,1667578500,3716.5,1667585160,"{""sigma"": 2.0, ""target_r"": 2.0, ""risk"": 18.286649034019774, ""theo"": 3734.78664903402}",VWAP_MR,6660,ES,19.536649034019774,11.213350965980226,False,STOP_HIT,-18.866649034019773,-1.0317171286505793,3716.5,3771.3599471020593,2022-11-04
ES_VWAP_MR_V2_PORT,bearish,3861.740964842241,1667925900,3851.2228945267225,1667931660,"{""sigma"": 2.0, ""target_r"": 2.0, ""risk"": 5.259035157759172, ""theo"": 3861.740964842241}",VWAP_MR,5760,ES,4.259035157759172,16.240964842240828,False,TARGET_HIT,9.938070315518344,1.8897136104625067,3867.0,3851.2228945267225,2022-11-08
ES_VWAP_MR_V2_PORT,bearish,3811.0779298190137,1668007500,3785.733789457041,1668017460,"{""sigma"": 2.0, ""target_r"": 2.0, ""risk"": 12.672070180986339, ""theo"": 3811.0779298190137}",VWAP_MR,9960,ES,10.922070180986339,26.07792981901366,False,TARGET_HIT,24.76414036197268,1.9542300514662354,3823.75,3785.733789457041,2022-11-09
ES_VWAP_MR_V2_PORT,bearish,3908.4934512744207,1668092700,3919.5,1668095880,"{""sigma"": 2.0, ""target_r"": 2.0, ""risk"": 11.00654872557925, ""theo"": 3908.4934512744207}",VWAP_MR,3180,ES,13.50654872557925,14.24345127442075,False,STOP_HIT,-11.58654872557925,-1.0526959008187624,3919.5,3886.4803538232622,2022-11-10
ES_VWAP_MR_V2_PORT,bearish,3977.210131790466,1668180900,3991.25,1668191040,"{""sigma"": 2.0, ""target_r"": 2.0, ""risk"": 14.039868209533779, ""theo"": 3977.210131790466}",VWAP_MR,10140,ES,14.539868209533779,21.46013179046622,False,STOP_HIT,-14.619868209533779,-1.041310929087365,3991.25,3949.1303953713987,2022-11-11
ES_VWAP_MR_V2_PORT,bearish,3994.23146195696,1668439500,4005.5,1668447360,"{""sigma"": 2.0, ""target_r"": 2.0, ""risk"": 11.268538043039825, ""theo"": 3994.23146195696}",VWAP_MR,7860,ES,13.018538043039825,15.231461956960175,False,STOP_HIT,-11.848538043039825,-1.0514707407282744,4005.5,3971.6943858708805,2022-11-14
ES_VWAP_MR_V2_PORT,bullish,3974.1752173601835,1668538800,3979.5256520805506,1668538800,"{""sigma"": 2.0, ""target_r"": 2.0, ""risk"": 2.675217360183524, ""theo"": 3974.1752173601835}",VWAP_MR,0,ES,0.0,9.574782639816476,False,TARGET_HIT,4.770434720367048,1.783195186816442,3971.5,3979.5256520805506,2022-11-15
ES_VWAP_MR_V2_PORT,bullish,3970.7565245550068,1668614400,3979.7695736650203,1668616020,"{""sigma"": 2.0, ""target_r"": 2.0, ""risk"": 4.506524555006763, ""theo"": 3970.7565245550068}",VWAP_MR,1620,ES,2.256524555006763,9.993475444993237,False,TARGET_HIT,8.433049110013526,1.8712977166948712,3966.25,3979.7695736650203,2022-11-16
ES_VWAP_MR_V2_PORT,bearish,3927.6872525940385,1668699000,3932.25,1668699000,"{""sigma"": 2.0, ""target_r"": 2.0, ""risk"": 4.562747405961545, ""theo"": 3927.6872525940385}",VWAP_MR,0,ES,5.062747405961545,0.0,False,STOP_HIT,-5.142747405961545,-1.12711639466217,3932.25,3918.5617577821154,2022-11-17
ES_VWAP_MR_V2_PORT,bullish,3963.727636796748,1668784200,3955.75,1668786960,"{""sigma"": 2.0, ""target_r"": 2.0, ""risk"": 7.977636796747902, ""theo"": 3963.727636796748}",VWAP_MR,2760,ES,8.727636796747902,6.022363203252098,False,STOP_HIT,-8.557636796747902,-1.0727032346517,3955.75,3979.6829103902437,2022-11-18
ES_VWAP_MR_V2_PORT,bullish,3952.2139680329797,1669044600,3947.25,1669045380,"{""sigma"": 2.0, ""target_r"": 2.0, ""risk"": 4.963968032979665, ""theo"": 3952.2139680329797}",VWAP_MR,780,ES,5.463968032979665,1.5360319670203353,False,STOP_HIT,-5.543968032979665,-1.1168420094864813,3947.25,3962.141904098939,2022-11-21
ES_VWAP_MR_V2_PORT,bearish,3981.314027072174,1669130400,3985.75,1669131060,"{""sigma"": 2.0, ""target_r"": 2.0, ""risk"": 4.435972927825787, ""theo"": 3981.314027072174}",VWAP_MR,660,ES,5.185972927825787,2.8140270721742127,False,STOP_HIT,-5.015972927825787,-1.1307492199426648,3985.75,3972.4420812165226,2022-11-22
ES_VWAP_MR_V2_PORT,bearish,4037.2430157994304,1669231500,4034.229047398291,1669231500,"{""sigma"": 2.0, ""target_r"": 2.0, ""risk"": 1.5069842005696046, ""theo"": 4037.2430157994304}",VWAP_MR,0,ES,0.0,4.243015799430395,False,TARGET_HIT,2.433968401139209,1.6151253611147525,4038.75,4034.229047398291,2022-11-23
ES_VWAP_MR_V2_PORT,bearish,4033.65832510031,1669390500,4037.5,1669391340,"{""sigma"": 2.0, ""target_r"": 2.0, ""risk"": 3.8416748996901333, ""theo"": 4033.65832510031}",VWAP_MR,840,ES,3.8416748996901333,0.4083251003098667,False,STOP_HIT,-4.421674899690133,-1.1509758152744216,4037.5,4025.9749753009296,2022-11-25
ES_VWAP_MR_V2_PORT,bullish,4003.9706076343045,1669649400,3997.5,1669650660,"{""sigma"": 2.0, ""target_r"": 2.0, ""risk"": 6.470607634304542, ""theo"": 4003.9706076343045}",VWAP_MR,1260,ES,6.470607634304542,1.0293923656954576,False,STOP_HIT,-7.0506076343045425,-1.089636094904762,3997.5,4016.9118229029136,2022-11-28
ES_VWAP_MR_V2_PORT,bearish,3975.784583845373,1669736100,3963.8537515361195,1669737840,"{""sigma"": 2.0, ""target_r"": 2.0, ""risk"": 5.965416154626837, ""theo"": 3975.784583845373}",VWAP_MR,1740,ES,3.465416154626837,17.034583845373163,False,TARGET_HIT,11.350832309253674,1.9027729189437779,3981.75,3963.8537515361195,2022-11-29
ES_VWAP_MR_V2_PORT,bullish,3952.2207725795643,1669821900,3950.0,1669821960,"{""sigma"": 2.0, ""target_r"": 2.0, ""risk"": 2.2207725795642546, ""theo"": 3952.2207725795643}",VWAP_MR,60,ES,4.470772579564255,0.7792274204357454,False,STOP_HIT,-2.8007725795642546,-1.2611703716702967,3950.0,3956.6623177386928,2022-11-30
ES_VWAP_MR_V2_PORT,bearish,4047.4339068372165,1669994400,4054.0,1669996020,"{""sigma"": 2.0, ""target_r"": 2.0, ""risk"": 6.566093162783545, ""theo"": 4047.4339068372165}",VWAP_MR,1620,ES,7.566093162783545,8.433906837216455,False,STOP_HIT,-7.146093162783545,-1.0883325876774679,4054.0,4034.3017205116494,2022-12-02
ES_VWAP_MR_V2_PORT,bullish,4024.747895264004,1670258400,4021.5,1670259240,"{""sigma"": 2.0, ""target_r"": 2.0, ""risk"": 3.2478952640040006, ""theo"": 4024.747895264004}",VWAP_MR,840,ES,3.2478952640040006,3.0021047359959994,False,STOP_HIT,-3.8278952640040007,-1.1785771870257222,4021.5,4031.243685792012,2022-12-05
ES_VWAP_MR_V2_PORT,bearish,3951.7808162812607,1670428200,3956.25,1670428260,"{""sigma"": 2.0, ""target_r"": 2.0, ""risk"": 4.469183718739259, ""theo"": 3951.7808162812607}",VWAP_MR,60,ES,5.719183718739259,2.5308162812607407,False,STOP_HIT,-5.049183718739259,-1.1297776141016678,3956.25,3942.842448843782,2022-12-07
ES_VWAP_MR_V2_PORT,bearish,3969.8901509198877,1670602800,3978.0,1670604300,"{""sigma"": 2.0, ""target_r"": 2.0, ""risk"": 8.109849080112326, ""theo"": 3969.8901509198877}",VWAP_MR,1500,ES,9.609849080112326,3.640150919887674,False,STOP_HIT,-8.689849080112326,-1.0715179770018564,3978.0,3953.670452759663,2022-12-09
ES_VWAP_MR_V2_PORT,bearish,3958.105385533788,1670865300,3961.5,1670866800,"{""sigma"": 2.0, ""target_r"": 2.0, ""risk"": 3.394614466211806, ""theo"": 3958.105385533788}",VWAP_MR,1500,ES,4.394614466211806,4.105385533788194,False,STOP_HIT,-3.974614466211806,-1.170858872420716,3961.5,3951.3161566013646,2022-12-12
ES_VWAP_MR_V2_PORT,bullish,4049.0159313544855,1670946300,4039.5,1670950020,"{""sigma"": 2.0, ""target_r"": 2.0, ""risk"": 9.515931354485474, ""theo"": 4049.0159313544855}",VWAP_MR,3720,ES,13.015931354485474,12.984068645514526,False,STOP_HIT,-10.095931354485474,-1.0609504186604508,4039.5,4068.0477940634564,2022-12-13
ES_VWAP_MR_V2_PORT,bearish,4087.663306271511,1671043500,4083.9899188145328,1671043740,"{""sigma"": 2.0, ""target_r"": 2.0, ""risk"": 1.836693728489081, ""theo"": 4087.663306271511}",VWAP_MR,240,ES,0.586693728489081,4.413306271510919,False,TARGET_HIT,3.093387456978162,1.6842151791539435,4089.5,4083.9899188145328,2022-12-14
ES_VWAP_MR_V2_PORT,bullish,3947.5628813671965,1671117300,3933.5,1671119820,"{""sigma"": 2.0, ""target_r"": 2.0, ""risk"": 14.062881367196496, ""theo"": 3947.5628813671965}",VWAP_MR,2520,ES,14.812881367196496,2.9371186328035037,False,STOP_HIT,-14.642881367196496,-1.0412433259483314,3933.5,3975.6886441015895,2022-12-15
ES_VWAP_MR_V2_PORT,bullish,3859.292610060318,1671466200,3856.25,1671467520,"{""sigma"": 2.0, ""target_r"": 2.0, ""risk"": 3.042610060318111, ""theo"": 3859.292610060318}",VWAP_MR,1320,ES,3.542610060318111,4.957389939681889,False,STOP_HIT,-3.6226100603181113,-1.1906258076131386,3856.25,3865.3778301809543,2022-12-19
ES_VWAP_MR_V2_PORT,bearish,3887.3402478682533,1671635700,3891.75,1671636000,"{""sigma"": 2.0, ""target_r"": 2.0, ""risk"": 4.4097521317467, ""theo"": 3887.3402478682533}",VWAP_MR,300,ES,5.6597521317467,0.3402478682533001,False,STOP_HIT,-4.9897521317467,-1.1315266669580955,3891.75,3878.52074360476,2022-12-21
ES_VWAP_MR_V2_PORT,bullish,3798.991819235793,1671732900,3793.0,1671733800,"{""sigma"": 2.0, ""target_r"": 2.0, ""risk"": 5.991819235793173, ""theo"": 3798.991819235793}",VWAP_MR,900,ES,7.741819235793173,2.008180764206827,False,STOP_HIT,-6.571819235793173,-1.096798647818891,3793.0,3810.9754577073795,2022-12-22
ES_VWAP_MR_V2_PORT,bearish,3849.111508521939,1671810900,3868.5,1671816240,"{""sigma"": 2.0, ""target_r"": 2.0, ""risk"": 19.38849147806104, ""theo"": 3849.111508521939}",VWAP_MR,5340,ES,19.38849147806104,7.861508521938958,False,STOP_HIT,-19.96849147806104,-1.0299146532702812,3868.5,3810.334525565817,2022-12-23
ES_VWAP_MR_V2_PORT,bullish,3831.651052484234,1672244400,3826.0,1672245480,"{""sigma"": 2.0, ""target_r"": 2.0, ""risk"": 5.651052484233787, ""theo"": 3831.651052484234}",VWAP_MR,1080,ES,6.401052484233787,2.3489475157662127,False,STOP_HIT,-6.231052484233787,-1.1026357482288789,3826.0,3842.9531574527014,2022-12-28
ES_VWAP_MR_V2_PORT,bullish,3831.985437098609,1672425000,3852.956311295827,1672433160,"{""sigma"": 2.0, ""target_r"": 2.0, ""risk"": 10.485437098609054, ""theo"": 3831.985437098609}",VWAP_MR,8160,ES,8.985437098609054,21.514562901390946,False,TARGET_HIT,20.39087419721811,1.9446851862687786,3821.5,3852.956311295827,2022-12-30
ES_VWAP_MR_V2_PORT,bullish,3855.922764399924,1672758300,3853.25,1672758600,"{""sigma"": 2.0, ""target_r"": 2.0, ""risk"": 2.6727643999238353, ""theo"": 3855.922764399924}",VWAP_MR,300,ES,4.422764399923835,4.577235600076165,False,STOP_HIT,-3.2527643999238354,-1.2170037882936962,3853.25,3861.2682931997715,2023-01-03
ES_VWAP_MR_V2_PORT,bullish,3857.5934189169707,1672846800,3863.25,1672865700,"{""sigma"": 2.0, ""target_r"": 2.0, ""risk"": 21.093418916970677, ""theo"": 3857.5934189169707}",VWAP_MR,18900,ES,10.843418916970677,38.65658108302932,False,TIME_EXIT,5.076581083029323,0.2406713251660198,3836.5,3899.780256750912,2023-01-04
ES_VWAP_MR_V2_PORT,bearish,3847.0755561644587,1672944000,3841.226668493376,1672944180,"{""sigma"": 2.0, ""target_r"": 2.0, ""risk"": 2.9244438355412967, ""theo"": 3847.0755561644587}",VWAP_MR,180,ES,0.6744438355412967,6.075556164458703,False,TARGET_HIT,5.268887671082593,1.8016716912285493,3850.0,3841.226668493376,2023-01-05
ES_VWAP_MR_V2_PORT,bearish,3886.639820069356,1673020500,3889.0,1673020560,"{""sigma"": 2.0, ""target_r"": 2.0, ""risk"": 2.3601799306438807, ""theo"": 3886.639820069356}",VWAP_MR,60,ES,2.6101799306438807,2.1398200693561193,False,STOP_HIT,-2.9401799306438807,-1.2457439759017739,3889.0,3881.9194602080684,2023-01-06
ES_VWAP_MR_V2_PORT,bearish,3966.8847443924687,1673279700,3963.6542331774062,1673279880,"{""sigma"": 2.0, ""target_r"": 2.0, ""risk"": 1.6152556075312532, ""theo"": 3966.8847443924687}",VWAP_MR,180,ES,1.3652556075312532,4.884744392468747,False,TARGET_HIT,2.6505112150625063,1.6409237043996594,3968.5,3963.6542331774062,2023-01-09
ES_VWAP_MR_V2_PORT,bearish,3925.9022028480085,1673364000,3907.7066085440256,1673364660,"{""sigma"": 2.0, ""target_r"": 2.0, ""risk"": 9.097797151991472, ""theo"": 3925.9022028480085}",VWAP_MR,660,ES,1.8477971519914718,20.15220284800853,False,TARGET_HIT,17.615594303982945,1.9362483038135183,3935.0,3907.7066085440256,2023-01-10
ES_VWAP_MR_V2_PORT,bullish,3954.2702867359585,1673453100,3965.3108602078755,1673456100,"{""sigma"": 2.0, ""target_r"": 2.0, ""risk"": 5.520286735958507, ""theo"": 3954.2702867359585}",VWAP_MR,3000,ES,2.270286735958507,11.229713264041493,False,TARGET_HIT,10.460573471917014,1.894932993929111,3948.75,3965.3108602078755,2023-01-11
ES_VWAP_MR_V2_PORT,bearish,4008.035923874749,1673544300,4009.5,1673544420,"{""sigma"": 2.0, ""target_r"": 2.0, ""risk"": 1.4640761252508128, ""theo"": 4008.035923874749}",VWAP_MR,120,ES,3.4640761252508128,1.0359238747491872,False,STOP_HIT,-2.044076125250813,-1.3961542641101667,4009.5,4005.1077716242476,2023-01-12
ES_VWAP_MR_V2_PORT,bearish,3995.6640132139005,1673623800,3998.75,1673623800,"{""sigma"": 2.0, ""target_r"": 2.0, ""risk"": 3.085986786099511, ""theo"": 3995.6640132139005}",VWAP_MR,0,ES,5.085986786099511,0.0,False,STOP_HIT,-3.665986786099511,-1.1879463653611695,3998.75,3989.4920396417015,2023-01-13
ES_VWAP_MR_V2_PORT,bullish,4006.8704603389397,1673972400,4004.5,1673972460,"{""sigma"": 2.0, ""target_r"": 2.0, ""risk"": 2.3704603389396652, ""theo"": 4006.8704603389397}",VWAP_MR,60,ES,2.3704603389396652,0.8795396610603348,False,STOP_HIT,-2.9504603389396653,-1.2446782131184868,4004.5,4011.611381016819,2023-01-17
ES_VWAP_MR_V2_PORT,bearish,4026.099992756667,1674054600,4013.7999782700003,1674056280,"{""sigma"": 2.0, ""target_r"": 2.0, ""risk"": 6.150007243333221, ""theo"": 4026.099992756667}",VWAP_MR,1680,ES,4.900007243333221,13.34999275666678,False,TARGET_HIT,11.720014486666441,1.905691167985414,4032.25,4013.7999782700003,2023-01-18
ES_VWAP_MR_V2_PORT,bullish,3912.4784517844246,1674144300,3904.5,1674146580,"{""sigma"": 2.0, ""target_r"": 2.0, ""risk"": 7.978451784424578, ""theo"": 3912.4784517844246}",VWAP_MR,2280,ES,10.478451784424578,7.521548215575422,False,STOP_HIT,-8.558451784424578,-1.0726958081180948,3904.5,3928.4353553532737,2023-01-19
ES_VWAP_MR_V2_PORT,bearish,3932.6223775178846,1674227700,3937.25,1674228540,"{""sigma"": 2.0, ""target_r"": 2.0, ""risk"": 4.627622482115385, ""theo"": 3932.6223775178846}",VWAP_MR,840,ES,6.877622482115385,4.872377517884615,False,STOP_HIT,-5.207622482115385,-1.1253343379330436,3937.25,3923.367132553654,2023-01-20
ES_VWAP_MR_V2_PORT,bearish,4040.180251847674,1674491100,4046.75,1674491100,"{""sigma"": 2.0, ""target_r"": 2.0, ""risk"": 6.569748152326156, ""theo"": 4040.180251847674}",VWAP_MR,0,ES,6.819748152326156,0.0,False,STOP_HIT,-7.149748152326156,-1.08828344505027,4046.75,4027.0407555430215,2023-01-23
ES_VWAP_MR_V2_PORT,bearish,4027.0080104304757,1674576900,4037.0,1674585600,"{""sigma"": 2.0, ""target_r"": 2.0, ""risk"": 9.991989569524321, ""theo"": 4027.0080104304757}",VWAP_MR,8700,ES,10.991989569524321,5.508010430475679,False,STOP_HIT,-10.571989569524321,-1.0580464977434532,4037.0,4007.024031291427,2023-01-24
ES_VWAP_MR_V2_PORT,bullish,3973.0754556822976,1674659700,3980.226367046893,1674659820,"{""sigma"": 2.0, ""target_r"": 2.0, ""risk"": 3.5754556822976156, ""theo"": 3973.0754556822976}",VWAP_MR,120,ES,0.32545568229761557,7.924544317702384,False,TARGET_HIT,6.570911364595231,1.8377829145326485,3969.5,3980.226367046893,2023-01-25
ES_VWAP_MR_V2_PORT,bullish,4034.6693630493737,1674748800,4049.508089148121,1674752520,"{""sigma"": 2.0, ""target_r"": 2.0, ""risk"": 7.419363049373715, ""theo"": 4034.6693630493737}",VWAP_MR,3720,ES,6.919363049373715,15.330636950626285,False,TARGET_HIT,14.25872609874743,1.9218261734679556,4027.25,4049.508089148121,2023-01-26
ES_VWAP_MR_V2_PORT,bearish,4101.890748744693,1674849300,4103.0,1674849300,"{""sigma"": 2.0, ""target_r"": 2.0, ""risk"": 1.1092512553068445, ""theo"": 4101.890748744693}",VWAP_MR,0,ES,1.3592512553068445,0.14074874469315546,False,STOP_HIT,-1.6892512553068446,-1.5228752252703637,4103.0,4099.6722462340795,2023-01-27
ES_VWAP_MR_V2_PORT,bearish,4074.7042660752554,1675091400,4068.1127982257663,1675091760,"{""sigma"": 2.0, ""target_r"": 2.0, ""risk"": 3.2957339247445816, ""theo"": 4074.7042660752554}",VWAP_MR,360,ES,1.7957339247445816,7.954266075255418,False,TARGET_HIT,6.011467849489163,1.8240149195160074,4078.0,4068.1127982257663,2023-01-30
ES_VWAP_MR_V2_PORT,bearish,4047.714402731483,1675178700,4052.0,1675178940,"{""sigma"": 2.0, ""target_r"": 2.0, ""risk"": 4.2855972685169945, ""theo"": 4047.714402731483}",VWAP_MR,240,ES,6.0355972685169945,3.7144027314830055,False,STOP_HIT,-4.865597268516995,-1.1353370285772806,4052.0,4039.143208194449,2023-01-31
ES_VWAP_MR_V2_PORT,bullish,4070.827401742454,1675267500,4064.75,1675271820,"{""sigma"": 2.0, ""target_r"": 2.0, ""risk"": 6.077401742454185, ""theo"": 4070.827401742454}",VWAP_MR,4320,ES,6.327401742454185,10.172598257545815,False,STOP_HIT,-6.657401742454185,-1.0954355207338629,4064.75,4082.9822052273626,2023-02-01
ES_VWAP_MR_V2_PORT,bullish,4161.253697588126,1675350300,4155.0,1675350600,"{""sigma"": 2.0, ""target_r"": 2.0, ""risk"": 6.25369758812576, ""theo"": 4161.253697588126}",VWAP_MR,300,ES,7.00369758812576,4.49630241187424,False,STOP_HIT,-6.8336975881257604,-1.0927451306729763,4155.0,4173.761092764377,2023-02-02
ES_VWAP_MR_V2_PORT,bearish,4176.4559496462325,1675438200,4184.0,1675438500,"{""sigma"": 2.0, ""target_r"": 2.0, ""risk"": 7.544050353767489, ""theo"": 4176.4559496462325}",VWAP_MR,300,ES,8.044050353767489,3.9559496462325114,False,STOP_HIT,-8.124050353767489,-1.076881777400962,4184.0,4161.3678489386975,2023-02-03
ES_VWAP_MR_V2_PORT,bullish,4117.254208002267,1675698600,4123.75,1675716900,"{""sigma"": 2.0, ""target_r"": 2.0, ""risk"": 13.25420800226675, ""theo"": 4117.254208002267}",VWAP_MR,18300,ES,6.5042080022667506,19.24579199773325,False,TIME_EXIT,5.915791997733249,0.44633311901560047,4104.0,4143.7626240068,2023-02-06
ES_VWAP_MR_V2_PORT,bullish,4109.843585263899,1675782900,4106.5,1675783680,"{""sigma"": 2.0, ""target_r"": 2.0, ""risk"": 3.3435852638986034, ""theo"": 4109.843585263899}",VWAP_MR,780,ES,3.8435852638986034,4.156414736101397,False,STOP_HIT,-3.9235852638986035,-1.1734664900765004,4106.5,4116.530755791696,2023-02-07
ES_VWAP_MR_V2_PORT,bullish,4148.59553459711,1675870800,4142.75,1675871520,"{""sigma"": 2.0, ""target_r"": 2.0, ""risk"": 5.84553459710969, ""theo"": 4148.59553459711}",VWAP_MR,720,ES,6.09553459710969,4.40446540289031,False,STOP_HIT,-6.42553459710969,-1.0992210362225519,4142.75,4160.286603791329,2023-02-08
ES_VWAP_MR_V2_PORT,bullish,4147.713455820819,1675956900,4141.25,1675958580,"{""sigma"": 2.0, ""target_r"": 2.0, ""risk"": 6.463455820819036, ""theo"": 4147.713455820819}",VWAP_MR,1680,ES,10.713455820819036,5.536544179180964,False,STOP_HIT,-7.043455820819036,-1.0897352772385012,4141.25,4160.640367462457,2023-02-09
ES_VWAP_MR_V2_PORT,bearish,4090.289600821987,1676043600,4100.75,1676053200,"{""sigma"": 2.0, ""target_r"": 2.0, ""risk"": 10.460399178013176, ""theo"": 4090.289600821987}",VWAP_MR,9600,ES,11.210399178013176,18.039600821986824,False,STOP_HIT,-11.040399178013176,-1.0554472147888112,4100.75,4069.3688024659605,2023-02-10
ES_VWAP_MR_V2_PORT,bearish,4121.912727985749,1676300700,4125.0,1676300880,"{""sigma"": 2.0, ""target_r"": 2.0, ""risk"": 3.0872720142506296, ""theo"": 4121.912727985749}",VWAP_MR,180,ES,3.0872720142506296,1.6627279857493704,False,STOP_HIT,-3.6672720142506297,-1.1878681234833735,4125.0,4115.738183957248,2023-02-13
ES_VWAP_MR_V2_PORT,bearish,4132.171109657674,1676475600,4126.013328973021,1676475720,"{""sigma"": 2.0, ""target_r"": 2.0, ""risk"": 3.0788903423263037, ""theo"": 4132.171109657674}",VWAP_MR,120,ES,1.3288903423263037,6.421109657673696,False,TARGET_HIT,5.577780684652607,1.8116204425904392,4135.25,4126.013328973021,2023-02-15
ES_VWAP_MR_V2_PORT,bullish,4105.209888755249,1676559900,4115.629666265748,1676560320,"{""sigma"": 2.0, ""target_r"": 2.0, ""risk"": 5.209888755249267, ""theo"": 4105.209888755249}",VWAP_MR,420,ES,1.959888755249267,12.040111244750733,False,TARGET_HIT,9.839777510498534,1.888673246733797,4100.0,4115.629666265748,2023-02-16
ES_VWAP_MR_V2_PORT,bearish,4081.9810792531,1676663400,4083.0,1676663400,"{""sigma"": 2.0, ""target_r"": 2.0, ""risk"": 1.0189207469002213, ""theo"": 4081.9810792531}",VWAP_MR,0,ES,1.5189207469002213,0.7310792530997787,False,STOP_HIT,-1.5989207469002213,-1.5692297480098294,4083.0,4079.9432377592993,2023-02-17
ES_VWAP_MR_V2_PORT,bullish,4040.599519716931,1676991900,4035.5,1676992260,"{""sigma"": 2.0, ""target_r"": 2.0, ""risk"": 5.0995197169308994, ""theo"": 4040.599519716931}",VWAP_MR,360,ES,6.0995197169308994,2.9004802830691006,False,STOP_HIT,-5.6795197169308995,-1.1137362010924958,4035.5,4050.7985591507927,2023-02-21
ES_VWAP_MR_V2_PORT,bearish,4021.013296978693,1677090900,4017.5398909360783,1677090960,"{""sigma"": 2.0, ""target_r"": 2.0, ""risk"": 1.7367030213072212, ""theo"": 4021.013296978693}",VWAP_MR,60,ES,0.0,3.763296978692779,False,TARGET_HIT,2.8934060426144423,1.6660338625060764,4022.75,4017.5398909360783,2023-02-22
ES_VWAP_MR_V2_PORT,bearish,3971.755674842962,1677257700,3958.267024528886,1677260820,"{""sigma"": 2.0, ""target_r"": 2.0, ""risk"": 6.74432515703802, ""theo"": 3971.755674842962}",VWAP_MR,3120,ES,1.7443251570380198,13.75567484296198,False,TARGET_HIT,12.90865031407604,1.9140017738624682,3978.5,3958.267024528886,2023-02-24
ES_VWAP_MR_V2_PORT,bearish,4011.722234893883,1677512100,3985.666704681649,1677528540,"{""sigma"": 2.0, ""target_r"": 2.0, ""risk"": 13.02776510611693, ""theo"": 4011.722234893883}",VWAP_MR,16440,ES,5.027765106116931,26.47223489388307,False,TARGET_HIT,25.475530212233863,1.9554797008331328,4024.75,3985.666704681649,2023-02-27
ES_VWAP_MR_V2_PORT,bearish,3990.6885816576482,1677600900,3992.5,1677600960,"{""sigma"": 2.0, ""target_r"": 2.0, ""risk"": 1.8114183423517716, ""theo"": 3990.6885816576482}",VWAP_MR,60,ES,3.3114183423517716,0.9385816576482284,False,STOP_HIT,-2.3914183423517716,-1.3201910825563263,3992.5,3987.0657449729447,2023-02-28
ES_VWAP_MR_V2_PORT,bullish,3956.9844063135365,1677684000,3970.4532189406095,1677685260,"{""sigma"": 2.0, ""target_r"": 2.0, ""risk"": 6.73440631353651, ""theo"": 3956.9844063135365}",VWAP_MR,1260,ES,5.23440631353651,14.51559368646349,False,TARGET_HIT,12.88881262707302,1.9138751104408165,3950.25,3970.4532189406095,2023-03-01
ES_VWAP_MR_V2_PORT,bearish,3945.456041949232,1677769800,3938.8681258476954,1677770460,"{""sigma"": 2.0, ""target_r"": 2.0, ""risk"": 3.2939580507681967, ""theo"": 3945.456041949232}",VWAP_MR,660,ES,2.7939580507681967,9.706041949231803,False,TARGET_HIT,6.007916101536393,1.8239200405528126,3948.75,3938.8681258476954,2023-03-02
ES_VWAP_MR_V2_PORT,bearish,4020.453630764257,1677858300,4015.360892292771,1677858780,"{""sigma"": 2.0, ""target_r"": 2.0, ""risk"": 2.5463692357429863, ""theo"": 4020.453630764257}",VWAP_MR,480,ES,1.2963692357429863,5.953630764257014,False,TARGET_HIT,4.512738471485973,1.772224706512068,4023.0,4015.360892292771,2023-03-03
ES_VWAP_MR_V2_PORT,bearish,4079.2025219847606,1678118700,4081.5,1678119480,"{""sigma"": 2.0, ""target_r"": 2.0, ""risk"": 2.2974780152394487, ""theo"": 4079.2025219847606}",VWAP_MR,780,ES,3.2974780152394487,2.9525219847605513,False,STOP_HIT,-2.877478015239449,-1.2524507290832774,4081.5,4074.6075659542817,2023-03-06
ES_VWAP_MR_V2_PORT,bullish,4023.540094657381,1678202400,4015.0,1678204320,"{""sigma"": 2.0, ""target_r"": 2.0, ""risk"": 8.540094657380905, ""theo"": 4023.540094657381}",VWAP_MR,1920,ES,10.790094657380905,15.959905342619095,False,STOP_HIT,-9.120094657380905,-1.0679149380971704,4015.0,4040.6202839721427,2023-03-07
ES_VWAP_MR_V2_PORT,bearish,3994.8054353361513,1678289400,3999.0,1678289460,"{""sigma"": 2.0, ""target_r"": 2.0, ""risk"": 4.194564663848723, ""theo"": 3994.8054353361513}",VWAP_MR,60,ES,4.694564663848723,5.055435336151277,False,STOP_HIT,-4.774564663848723,-1.1382741825388432,3999.0,3986.416306008454,2023-03-08
ES_VWAP_MR_V2_PORT,bullish,3998.0549551227673,1678379700,3996.75,1678379760,"{""sigma"": 2.0, ""target_r"": 2.0, ""risk"": 1.3049551227672964, ""theo"": 3998.0549551227673}",VWAP_MR,60,ES,1.8049551227672964,1.4450448772327036,False,STOP_HIT,-1.8849551227672965,-1.4444597288296384,3996.75,4000.664865368302,2023-03-09
ES_VWAP_MR_V2_PORT,bearish,3911.0551760232465,1678464300,3917.0,1678464600,"{""sigma"": 2.0, ""target_r"": 2.0, ""risk"": 5.944823976753469, ""theo"": 3911.0551760232465}",VWAP_MR,300,ES,7.944823976753469,1.3051760232465313,False,STOP_HIT,-6.524823976753469,-1.0975638643411514,3917.0,3899.1655280697396,2023-03-10
ES_VWAP_MR_V2_PORT,bearish,3898.032722950784,1678722300,3889.5981688523516,1678722300,"{""sigma"": 2.0, ""target_r"": 2.0, ""risk"": 4.217277049216136, ""theo"": 3898.032722950784}",VWAP_MR,0,ES,0.0,12.782722950783864,False,TARGET_HIT,7.854554098432272,1.8624705009342926,3902.25,3889.5981688523516,2023-03-13
ES_VWAP_MR_V2_PORT,bearish,3923.6508594136644,1678805700,3929.75,1678805700,"{""sigma"": 2.0, ""target_r"": 2.0, ""risk"": 6.099140586335579, ""theo"": 3923.6508594136644}",VWAP_MR,0,ES,8.84914058633558,0.0,False,STOP_HIT,-6.6791405863355795,-1.0950953649600115,3929.75,3911.4525782409933,2023-03-14
ES_VWAP_MR_V2_PORT,bullish,3889.021468021265,1678889700,3882.25,1678890900,"{""sigma"": 2.0, ""target_r"": 2.0, ""risk"": 6.771468021264809, ""theo"": 3889.021468021265}",VWAP_MR,1200,ES,8.021468021264809,12.728531978735191,False,STOP_HIT,-7.351468021264809,-1.085653509427881,3882.25,3902.5644040637944,2023-03-15
ES_VWAP_MR_V2_PORT,bullish,3954.3476781686427,1679064000,3946.0,1679064240,"{""sigma"": 2.0, ""target_r"": 2.0, ""risk"": 8.347678168642688, ""theo"": 3954.3476781686427}",VWAP_MR,240,ES,10.597678168642688,0.15232183135731248,False,STOP_HIT,-8.927678168642688,-1.0694803978163316,3946.0,3971.043034505928,2023-03-17
ES_VWAP_MR_V2_PORT,bearish,3969.427613991453,1679322000,3960.2828419743596,1679322000,"{""sigma"": 2.0, ""target_r"": 2.0, ""risk"": 4.5723860085468, ""theo"": 3969.427613991453}",VWAP_MR,0,ES,0.0,13.6776139914532,False,TARGET_HIT,8.5647720170936,1.873151567055832,3974.0,3960.2828419743596,2023-03-20
ES_VWAP_MR_V2_PORT,bearish,4034.052346529091,1679493900,4036.0,1679494080,"{""sigma"": 2.0, ""target_r"": 2.0, ""risk"": 1.94765347090879, ""theo"": 4034.052346529091}",VWAP_MR,180,ES,2.44765347090879,1.05234652909121,False,STOP_HIT,-2.52765347090879,-1.2977942476232014,4036.0,4030.1570395872736,2023-03-22
ES_VWAP_MR_V2_PORT,bearish,4009.7488754508026,1679581200,4018.0,1679581620,"{""sigma"": 2.0, ""target_r"": 2.0, ""risk"": 8.251124549197357, ""theo"": 4009.7488754508026}",VWAP_MR,420,ES,9.001124549197357,0.7488754508026432,False,STOP_HIT,-8.831124549197357,-1.0702934486737836,4018.0,3993.246626352408,2023-03-23
ES_VWAP_MR_V2_PORT,bearish,3967.300990984744,1679668500,3954.4029729542326,1679669160,"{""sigma"": 2.0, ""target_r"": 2.0, ""risk"": 6.449009015255797, ""theo"": 3967.300990984744}",VWAP_MR,660,ES,2.699009015255797,14.550990984744203,False,TARGET_HIT,12.318018030511594,1.9100637014729007,3973.75,3954.4029729542326,2023-03-24
ES_VWAP_MR_V2_PORT,bearish,4004.1003375557243,1680013200,3993.301012667173,1680013980,"{""sigma"": 2.0, ""target_r"": 2.0, ""risk"": 5.399662444275691, ""theo"": 4004.1003375557243}",VWAP_MR,780,ES,3.899662444275691,12.600337555724309,False,TARGET_HIT,10.219324888551382,1.8925858781015337,4009.5,3993.301012667173,2023-03-28
ES_VWAP_MR_V2_PORT,bullish,4039.488326404653,1680099600,4041.464979213959,1680099600,"{""sigma"": 2.0, ""target_r"": 2.0, ""risk"": 0.9883264046529803, ""theo"": 4039.488326404653}",VWAP_MR,0,ES,0.0,3.5116735953470197,False,TARGET_HIT,1.3966528093059605,1.4131493428998805,4038.5,4041.464979213959,2023-03-29
ES_VWAP_MR_V2_PORT,bearish,4084.2754818718035,1680186300,4077.3264456154106,1680186360,"{""sigma"": 2.0, ""target_r"": 2.0, ""risk"": 3.4745181281964506, ""theo"": 4084.2754818718035}",VWAP_MR,60,ES,0.0,7.025481871803549,False,TARGET_HIT,6.369036256392901,1.8330703773587544,4087.75,4077.3264456154106,2023-03-30
ES_VWAP_MR_V2_PORT,bearish,4103.512916200935,1680273600,4105.75,1680273660,"{""sigma"": 2.0, ""target_r"": 2.0, ""risk"": 2.2370837990647487, ""theo"": 4103.512916200935}",VWAP_MR,60,ES,2.2370837990647487,0.012916200935251254,False,STOP_HIT,-2.817083799064749,-1.2592661035954393,4105.75,4099.038748602806,2023-03-31
ES_VWAP_MR_V2_PORT,bullish,4147.230617539905,1680619200,4143.5,1680619200,"{""sigma"": 2.0, ""target_r"": 2.0, ""risk"": 3.7306175399053245, ""theo"": 4147.230617539905}",VWAP_MR,0,ES,3.9806175399053245,1.7693824600946755,False,STOP_HIT,-4.310617539905325,-1.1554702388534632,4143.5,4154.691852619716,2023-04-04
ES_VWAP_MR_V2_PORT,bullish,4118.566264354193,1680704400,4113.25,1680704940,"{""sigma"": 2.0, ""target_r"": 2.0, ""risk"": 5.316264354192754, ""theo"": 4118.566264354193}",VWAP_MR,540,ES,6.066264354192754,4.183735645807246,False,STOP_HIT,-5.896264354192754,-1.1090991646310016,4113.25,4129.198793062578,2023-04-05
ES_VWAP_MR_V2_PORT,bearish,4106.824813095929,1680790800,4113.0,1680794460,"{""sigma"": 2.0, ""target_r"": 2.0, ""risk"": 6.17518690407087, ""theo"": 4106.824813095929}",VWAP_MR,3660,ES,6.67518690407087,5.82481309592913,False,STOP_HIT,-6.75518690407087,-1.093924282618498,4113.0,4094.4744392877874,2023-04-06
ES_VWAP_MR_V2_PORT,bearish,4105.980815910187,1681136400,4111.0,1681137360,"{""sigma"": 2.0, ""target_r"": 2.0, ""risk"": 5.01918408981328, ""theo"": 4105.980815910187}",VWAP_MR,960,ES,5.01918408981328,3.4808159101867204,False,STOP_HIT,-5.59918408981328,-1.1155566302453706,4111.0,4095.94244773056,2023-04-10
ES_VWAP_MR_V2_PORT,bullish,4135.554651215613,1681221900,4133.5,1681222620,"{""sigma"": 2.0, ""target_r"": 2.0, ""risk"": 2.054651215613376, ""theo"": 4135.554651215613}",VWAP_MR,720,ES,2.554651215613376,3.445348784386624,False,STOP_HIT,-2.634651215613376,-1.2822863538066982,4133.5,4139.66395364684,2023-04-11
ES_VWAP_MR_V2_PORT,bullish,4140.535333832958,1681311000,4136.75,1681311300,"{""sigma"": 2.0, ""target_r"": 2.0, ""risk"": 3.7853338329578037, ""theo"": 4140.535333832958}",VWAP_MR,300,ES,10.035333832957804,2.9646661670421963,False,STOP_HIT,-4.365333832957804,-1.1532229456092111,4136.75,4148.106001498873,2023-04-12
ES_VWAP_MR_V2_PORT,bearish,4158.196004298703,1681406700,4159.5,1681407480,"{""sigma"": 2.0, ""target_r"": 2.0, ""risk"": 1.3039957012970262, ""theo"": 4158.196004298703}",VWAP_MR,780,ES,1.5539957012970262,2.1960042987029738,False,STOP_HIT,-1.8839957012970263,-1.4447867423359602,4159.5,4155.588012896109,2023-04-13
ES_VWAP_MR_V2_PORT,bearish,4167.579724863951,1681741800,4164.739174591853,1681741800,"{""sigma"": 2.0, ""target_r"": 2.0, ""risk"": 1.4202751360489856, ""theo"": 4167.579724863951}",VWAP_MR,0,ES,0.0,3.0797248639510144,False,TARGET_HIT,2.260550272097971,1.591628420945619,4169.0,4164.739174591853,2023-04-17
ES_VWAP_MR_V2_PORT,bearish,4162.3903247882245,1681914300,4167.0,1681914720,"{""sigma"": 2.0, ""target_r"": 2.0, ""risk"": 4.609675211775539, ""theo"": 4162.3903247882245}",VWAP_MR,420,ES,5.609675211775539,0.8903247882244614,False,STOP_HIT,-5.189675211775539,-1.1258223135804393,4167.0,4153.170974364673,2023-04-19
ES_VWAP_MR_V2_PORT,bearish,4157.059709064843,1682000400,4159.5,1682001180,"{""sigma"": 2.0, ""target_r"": 2.0, ""risk"": 2.440290935156554, ""theo"": 4157.059709064843}",VWAP_MR,780,ES,4.440290935156554,1.809709064843446,False,STOP_HIT,-3.020290935156554,-1.237676578494847,4159.5,4152.17912719453,2023-04-20
ES_VWAP_MR_V2_PORT,bullish,4144.699627397427,1682085900,4137.75,1682088300,"{""sigma"": 2.0, ""target_r"": 2.0, ""risk"": 6.949627397427321, ""theo"": 4144.699627397427}",VWAP_MR,2400,ES,8.69962739742732,13.55037260257268,False,STOP_HIT,-7.529627397427321,-1.0834577117349788,4137.75,4158.598882192282,2023-04-21
ES_VWAP_MR_V2_PORT,bullish,4117.294032478121,1682442300,4118.8820974343635,1682442300,"{""sigma"": 2.0, ""target_r"": 2.0, ""risk"": 0.794032478121153, ""theo"": 4117.294032478121}",VWAP_MR,0,ES,0.0,3.455967521878847,False,TARGET_HIT,1.0080649562423059,1.26955128917094,4116.5,4118.8820974343635,2023-04-25
ES_VWAP_MR_V2_PORT,bullish,4081.71398719418,1682532900,4078.5,1682532960,"{""sigma"": 2.0, ""target_r"": 2.0, ""risk"": 3.2139871941799356, ""theo"": 4081.71398719418}",VWAP_MR,60,ES,3.7139871941799356,0.2860128058200644,False,STOP_HIT,-3.7939871941799357,-1.1804612044037686,4078.5,4088.14196158254,2023-04-26
ES_VWAP_MR_V2_PORT,bearish,4110.869344329297,1682605200,4115.0,1682606160,"{""sigma"": 2.0, ""target_r"": 2.0, ""risk"": 4.130655670703163, ""theo"": 4110.869344329297}",VWAP_MR,960,ES,4.130655670703163,1.8693443292968368,False,STOP_HIT,-4.710655670703163,-1.1404135435721918,4115.0,4102.6080329878905,2023-04-27
ES_VWAP_MR_V2_PORT,bearish,4197.757502732385,1682952900,4199.25,1682952900,"{""sigma"": 2.0, ""target_r"": 2.0, ""risk"": 1.492497267615363, ""theo"": 4197.757502732385}",VWAP_MR,0,ES,1.992497267615363,0.5075027323846371,False,STOP_HIT,-2.072497267615363,-1.3886104266888843,4199.25,4194.772508197154,2023-05-01
ES_VWAP_MR_V2_PORT,bullish,4135.296891698392,1683126000,4133.75,1683126060,"{""sigma"": 2.0, ""target_r"": 2.0, ""risk"": 1.5468916983918461, ""theo"": 4135.296891698392}",VWAP_MR,60,ES,1.7968916983918461,2.453108301608154,False,STOP_HIT,-2.126891698391846,-1.3749454474433924,4133.75,4138.3906750951755,2023-05-03
ES_VWAP_MR_V2_PORT,bullish,4066.142147275728,1683210900,4071.4264418271837,1683210900,"{""sigma"": 2.0, ""target_r"": 2.0, ""risk"": 2.6421472757278934, ""theo"": 4066.142147275728}",VWAP_MR,0,ES,0.0,7.107852724272107,False,TARGET_HIT,4.704294551455787,1.7804815782495644,4063.5,4071.4264418271837,2023-05-04
ES_VWAP_MR_V2_PORT,bearish,4133.7887910772915,1683296100,4135.5,1683296160,"{""sigma"": 2.0, ""target_r"": 2.0, ""risk"": 1.7112089227084653, ""theo"": 4133.7887910772915}",VWAP_MR,60,ES,1.9612089227084653,0.7887910772915347,False,STOP_HIT,-2.2912089227084653,-1.3389416641668677,4135.5,4130.366373231875,2023-05-05
ES_VWAP_MR_V2_PORT,bearish,4154.725094933761,1683572700,4153.75,1683575700,"{""sigma"": 2.0, ""target_r"": 2.0, ""risk"": 2.7749050662387162, ""theo"": 4154.725094933761}",VWAP_MR,3000,ES,1.5249050662387162,5.475094933761284,False,TIME_EXIT,0.3950949337612838,0.1423814236271588,4157.5,4149.175284801284,2023-05-08
ES_VWAP_MR_V2_PORT,bearish,4139.22818558777,1683641100,4142.75,1683654900,"{""sigma"": 2.0, ""target_r"": 2.0, ""risk"": 3.5218144122300146, ""theo"": 4139.22818558777}",VWAP_MR,13800,ES,3.5218144122300146,6.728185587769985,False,STOP_HIT,-4.101814412230015,-1.1646878376060548,4142.75,4132.18455676331,2023-05-09
ES_VWAP_MR_V2_PORT,bullish,4132.942076106727,1683730200,4147.82622832018,1683733320,"{""sigma"": 2.0, ""target_r"": 2.0, ""risk"": 7.442076106726745, ""theo"": 4132.942076106727}",VWAP_MR,3120,ES,5.942076106726745,15.057923893273255,False,TARGET_HIT,14.30415221345349,1.9220647583171382,4125.5,4147.82622832018,2023-05-10
ES_VWAP_MR_V2_PORT,bearish,4139.497229454865,1683820200,4134.491688364596,1683821760,"{""sigma"": 2.0, ""target_r"": 2.0, ""risk"": 2.5027705451348083, ""theo"": 4139.497229454865}",VWAP_MR,1560,ES,2.2527705451348083,5.247229454865192,False,TARGET_HIT,4.425541090269617,1.7682568219737622,4142.0,4134.491688364596,2023-05-11
ES_VWAP_MR_V2_PORT,bullish,4117.003336445852,1683910500,4115.75,1683910500,"{""sigma"": 2.0, ""target_r"": 2.0, ""risk"": 1.2533364458522556, ""theo"": 4117.003336445852}",VWAP_MR,0,ES,1.2533364458522556,0.0,False,STOP_HIT,-1.8333364458522556,-1.4627648082200355,4115.75,4119.510009337557,2023-05-12
ES_VWAP_MR_V2_PORT,bullish,4126.249239801508,1684160400,4132.747719404525,1684160880,"{""sigma"": 2.0, ""target_r"": 2.0, ""risk"": 3.249239801508338, ""theo"": 4126.249239801508}",VWAP_MR,480,ES,1.4992398015083381,6.750760198491662,False,TARGET_HIT,5.918479603016676,1.8214967083282814,4123.0,4132.747719404525,2023-05-15
ES_VWAP_MR_V2_PORT,bearish,4176.7314128452535,1684346100,4172.194238535761,1684346880,"{""sigma"": 2.0, ""target_r"": 2.0, ""risk"": 2.268587154746456, ""theo"": 4176.7314128452535}",VWAP_MR,780,ES,1.7685871547464558,5.231412845253544,False,TARGET_HIT,3.9571743094929115,1.7443342660269878,4179.0,4172.194238535761,2023-05-17
ES_VWAP_MR_V2_PORT,bullish,4218.269622562278,1684508700,4220.308867686833,1684508700,"{""sigma"": 2.0, ""target_r"": 2.0, ""risk"": 1.0196225622776183, ""theo"": 4218.269622562278}",VWAP_MR,0,ES,0.26962256227761827,5.480377437722382,False,TARGET_HIT,1.4592451245552365,1.4311620579438686,4217.25,4220.308867686833,2023-05-19
ES_VWAP_MR_V2_PORT,bullish,4177.43793178466,1684863600,4168.5,1684865820,"{""sigma"": 2.0, ""target_r"": 2.0, ""risk"": 8.937931784659668, ""theo"": 4177.43793178466}",VWAP_MR,2220,ES,8.937931784659668,1.8120682153403322,False,STOP_HIT,-9.517931784659668,-1.0648919698621402,4168.5,4195.313795353979,2023-05-23
ES_VWAP_MR_V2_PORT,bearish,4152.955678770067,1685028000,4160.0,1685035560,"{""sigma"": 2.0, ""target_r"": 2.0, ""risk"": 7.044321229933303, ""theo"": 4152.955678770067}",VWAP_MR,7560,ES,8.544321229933303,13.455678770066697,False,STOP_HIT,-7.624321229933303,-1.082335824995518,4160.0,4138.8670363102,2023-05-25
ES_VWAP_MR_V2_PORT,bearish,4204.4582733946545,1685111700,4207.75,1685111760,"{""sigma"": 2.0, ""target_r"": 2.0, ""risk"": 3.2917266053455023, ""theo"": 4204.4582733946545}",VWAP_MR,60,ES,3.5417266053455023,0.7082733946544977,False,STOP_HIT,-3.8717266053455024,-1.176199323193526,4207.75,4197.8748201839635,2023-05-26
ES_VWAP_MR_V2_PORT,bullish,4219.75854741126,1685455800,4226.275642233781,1685456160,"{""sigma"": 2.0, ""target_r"": 2.0, ""risk"": 3.258547411260224, ""theo"": 4219.75854741126}",VWAP_MR,360,ES,1.0085474112602242,6.741452588739776,False,TARGET_HIT,5.937094822520448,1.8220065793746765,4216.5,4226.275642233781,2023-05-30
ES_VWAP_MR_V2_PORT,bearish,4188.29532834379,1685629200,4197.5,1685630460,"{""sigma"": 2.0, ""target_r"": 2.0, ""risk"": 9.204671656209939, ""theo"": 4188.29532834379}",VWAP_MR,1260,ES,11.954671656209939,4.045328343790061,False,STOP_HIT,-9.78467165620994,-1.0630114817413072,4197.5,4169.88598503137,2023-06-01
ES_VWAP_MR_V2_PORT,bullish,4256.014488272322,1685714700,4270.043464816965,1685716740,"{""sigma"": 2.0, ""target_r"": 2.0, ""risk"": 7.014488272321614, ""theo"": 4256.014488272322}",VWAP_MR,2040,ES,0.014488272321614204,14.485511727678386,False,TARGET_HIT,13.448976544643228,1.9173139967617288,4249.0,4270.043464816965,2023-06-02
ES_VWAP_MR_V2_PORT,bullish,4289.080500218964,1685974800,4295.741500656891,1685976360,"{""sigma"": 2.0, ""target_r"": 2.0, ""risk"": 3.330500218963607, ""theo"": 4289.080500218964}",VWAP_MR,1560,ES,3.080500218963607,8.669499781036393,False,TARGET_HIT,6.081000437927214,1.8258519856274065,4285.75,4295.741500656891,2023-06-05
ES_VWAP_MR_V2_PORT,bearish,4279.034590668106,1686060900,4285.0,1686061920,"{""sigma"": 2.0, ""target_r"": 2.0, ""risk"": 5.9654093318940795, ""theo"": 4279.034590668106}",VWAP_MR,1020,ES,6.9654093318940795,0.7845906681059205,False,STOP_HIT,-6.54540933189408,-1.0972271922563683,4285.0,4267.103772004318,2023-06-06
ES_VWAP_MR_V2_PORT,bullish,4291.7203096590565,1686148200,4288.0,1686148500,"{""sigma"": 2.0, ""target_r"": 2.0, ""risk"": 3.720309659056511, ""theo"": 4291.7203096590565}",VWAP_MR,300,ES,6.220309659056511,3.279690340943489,False,STOP_HIT,-4.300309659056511,-1.1559010010330943,4288.0,4299.1609289771695,2023-06-07
ES_VWAP_MR_V2_PORT,bearish,4286.959461281815,1686237300,4288.5,1686238140,"{""sigma"": 2.0, ""target_r"": 2.0, ""risk"": 1.5405387181854167, ""theo"": 4286.959461281815}",VWAP_MR,840,ES,2.2905387181854167,2.7094612818145833,False,STOP_HIT,-2.1205387181854167,-1.3764916734343267,4288.5,4283.878383845444,2023-06-08
ES_VWAP_MR_V2_PORT,bullish,4305.044201434756,1686325200,4298.5,1686326400,"{""sigma"": 2.0, ""target_r"": 2.0, ""risk"": 6.54420143475636, ""theo"": 4305.044201434756}",VWAP_MR,1200,ES,7.79420143475636,3.20579856524364,False,STOP_HIT,-7.12420143475636,-1.0886280787323586,4298.5,4318.132604304269,2023-06-09
ES_VWAP_MR_V2_PORT,bullish,4310.640933704984,1686579300,4308.0,1686580560,"{""sigma"": 2.0, ""target_r"": 2.0, ""risk"": 2.6409337049835813, ""theo"": 4310.640933704984}",VWAP_MR,1260,ES,3.3909337049835813,3.3590662950164187,False,STOP_HIT,-3.2209337049835813,-1.2196192955943987,4308.0,4315.922801114951,2023-06-12
ES_VWAP_MR_V2_PORT,bearish,4371.630856724254,1686669600,4374.5,1686669720,"{""sigma"": 2.0, ""target_r"": 2.0, ""risk"": 2.869143275745955, ""theo"": 4371.630856724254}",VWAP_MR,120,ES,3.119143275745955,0.13085672425404482,False,STOP_HIT,-3.4491432757459553,-1.202150936449559,4374.5,4365.892570172762,2023-06-13
ES_VWAP_MR_V2_PORT,bearish,4434.712851239203,1686756600,4425.138553717608,1686758700,"{""sigma"": 2.0, ""target_r"": 2.0, ""risk"": 4.7871487607972085, ""theo"": 4434.712851239203}",VWAP_MR,2100,ES,1.5371487607972085,10.462851239202791,False,TARGET_HIT,8.994297521594417,1.8788422860911027,4439.5,4425.138553717608,2023-06-14
ES_VWAP_MR_V2_PORT,bullish,4434.2105030553585,1687270200,4428.5,1687270440,"{""sigma"": 2.0, ""target_r"": 2.0, ""risk"": 5.710503055358458, ""theo"": 4434.2105030553585}",VWAP_MR,240,ES,6.960503055358458,0.5394969446415416,False,STOP_HIT,-6.290503055358458,-1.1015672339857618,4428.5,4445.631509166075,2023-06-20
ES_VWAP_MR_V2_PORT,bullish,4408.3752314375515,1687356600,4417.125694312655,1687356900,"{""sigma"": 2.0, ""target_r"": 2.0, ""risk"": 4.37523143755152, ""theo"": 4408.3752314375515}",VWAP_MR,300,ES,1.6252314375515198,10.12476856244848,False,TARGET_HIT,8.17046287510304,1.8674355840877341,4404.0,4417.125694312655,2023-06-21
ES_VWAP_MR_V2_PORT,bearish,4413.24711123752,1687443600,4402.741333712559,1687444920,"{""sigma"": 2.0, ""target_r"": 2.0, ""risk"": 5.252888762480325, ""theo"": 4413.24711123752}",VWAP_MR,1320,ES,4.002888762480325,13.247111237519675,False,TARGET_HIT,9.92577752496065,1.889584564565168,4418.5,4402.741333712559,2023-06-22
ES_VWAP_MR_V2_PORT,bearish,4395.278048923797,1687530600,4397.25,1687531140,"{""sigma"": 2.0, ""target_r"": 2.0, ""risk"": 1.9719510762033678, ""theo"": 4395.278048923797}",VWAP_MR,540,ES,3.971951076203368,2.528048923796632,False,STOP_HIT,-2.551951076203368,-1.2941249440714748,4397.25,4391.33414677139,2023-06-23
ES_VWAP_MR_V2_PORT,bullish,4386.787068945617,1687790700,4380.0,1687792860,"{""sigma"": 2.0, ""target_r"": 2.0, ""risk"": 6.787068945616738, ""theo"": 4386.787068945617}",VWAP_MR,2160,ES,7.287068945616738,6.712931054383262,False,STOP_HIT,-7.367068945616738,-1.0854566241550527,4380.0,4400.36120683685,2023-06-26
ES_VWAP_MR_V2_PORT,bearish,4388.684503741093,1687878900,4385.053511223279,1687878900,"{""sigma"": 2.0, ""target_r"": 2.0, ""risk"": 1.8154962589069328, ""theo"": 4388.684503741093}",VWAP_MR,0,ES,0.0,3.684503741093067,False,TARGET_HIT,3.0509925178138655,1.6805281216336936,4390.5,4385.053511223279,2023-06-27
ES_VWAP_MR_V2_PORT,bearish,4407.055656825123,1687961700,4404.166970475369,1687961700,"{""sigma"": 2.0, ""target_r"": 2.0, ""risk"": 1.444343174876849, ""theo"": 4407.055656825123}",VWAP_MR,0,ES,0.0,5.055656825123151,False,TARGET_HIT,2.308686349753698,1.5984333847463548,4408.5,4404.166970475369,2023-06-28
ES_VWAP_MR_V2_PORT,bearish,4425.33439663055,1688048400,4420.00318989165,1688049000,"{""sigma"": 2.0, ""target_r"": 2.0, ""risk"": 2.6656033694498547, ""theo"": 4425.33439663055}",VWAP_MR,600,ES,1.9156033694498547,7.084396630550145,False,TARGET_HIT,4.751206738899709,1.7824132402264692,4428.0,4420.00318989165,2023-06-29
ES_VWAP_MR_V2_PORT,bearish,4488.319601809455,1688144700,4490.5,1688144880,"{""sigma"": 2.0, ""target_r"": 2.0, ""risk"": 2.18039819054502, ""theo"": 4488.319601809455}",VWAP_MR,180,ES,2.18039819054502,0.56960180945498,False,STOP_HIT,-2.76039819054502,-1.2660064581391994,4490.5,4483.958805428365,2023-06-30
ES_VWAP_MR_V2_PORT,bearish,4487.486430705607,1688393100,4490.0,1688398920,"{""sigma"": 2.0, ""target_r"": 2.0, ""risk"": 2.5135692943931645, ""theo"": 4487.486430705607}",VWAP_MR,5820,ES,2.5135692943931645,4.7364307056068355,False,STOP_HIT,-3.0935692943931645,-1.2307475673313497,4490.0,4482.4592921168205,2023-07-03
ES_VWAP_MR_V2_PORT,bullish,4429.11584244286,1688652900,4423.75,1688653320,"{""sigma"": 2.0, ""target_r"": 2.0, ""risk"": 5.365842442860412, ""theo"": 4429.11584244286}",VWAP_MR,420,ES,5.365842442860412,1.8841575571395879,False,STOP_HIT,-5.945842442860412,-1.108091135022372,4423.75,4439.847527328581,2023-07-06
ES_VWAP_MR_V2_PORT,bearish,4449.873412567423,1688738700,4447.120237702268,1688738940,"{""sigma"": 2.0, ""target_r"": 2.0, ""risk"": 1.376587432577253, ""theo"": 4449.873412567423}",VWAP_MR,240,ES,0.1265874325772529,3.623412567422747,False,TARGET_HIT,2.1731748651545058,1.5786682441854627,4451.25,4447.120237702268,2023-07-07
ES_VWAP_MR_V2_PORT,bearish,4441.584079371673,1688998500,4446.75,1688999100,"{""sigma"": 2.0, ""target_r"": 2.0, ""risk"": 5.165920628326603, ""theo"": 4441.584079371673}",VWAP_MR,600,ES,5.165920628326603,1.084079371673397,False,STOP_HIT,-5.745920628326603,-1.1122742763060762,4446.75,4431.25223811502,2023-07-10
ES_VWAP_MR_V2_PORT,bullish,4445.540012352953,1689084600,4452.62003705886,1689086400,"{""sigma"": 2.0, ""target_r"": 2.0, ""risk"": 3.540012352953454, ""theo"": 4445.540012352953}",VWAP_MR,1800,ES,3.290012352953454,7.959987647046546,False,TARGET_HIT,6.500024705906908,1.836158763820103,4442.0,4452.62003705886,2023-07-11
ES_VWAP_MR_V2_PORT,bullish,4501.327252694118,1689178200,4509.981758082355,1689180600,"{""sigma"": 2.0, ""target_r"": 2.0, ""risk"": 4.327252694118215, ""theo"": 4501.327252694118}",VWAP_MR,2400,ES,2.827252694118215,8.672747305881785,False,TARGET_HIT,8.07450538823643,1.8659657660417288,4497.0,4509.981758082355,2023-07-12
ES_VWAP_MR_V2_PORT,bearish,4531.604312710557,1689265200,4534.25,1689265380,"{""sigma"": 2.0, ""target_r"": 2.0, ""risk"": 2.645687289443231, ""theo"": 4531.604312710557}",VWAP_MR,180,ES,3.145687289443231,0.6043127105567692,False,STOP_HIT,-3.225687289443231,-1.2192246991223432,4534.25,4526.31293813167,2023-07-13
ES_VWAP_MR_V2_PORT,bullish,4547.392158748988,1689346500,4541.75,1689354120,"{""sigma"": 2.0, ""target_r"": 2.0, ""risk"": 5.64215874898764, ""theo"": 4547.392158748988}",VWAP_MR,7620,ES,7.14215874898764,7.60784125101236,False,STOP_HIT,-6.22215874898764,-1.1027975329662725,4541.75,4558.676476246963,2023-07-14
ES_VWAP_MR_V2_PORT,bearish,4548.56709550969,1689610800,4553.25,1689615960,"{""sigma"": 2.0, ""target_r"": 2.0, ""risk"": 4.682904490309738, ""theo"": 4548.56709550969}",VWAP_MR,5160,ES,4.682904490309738,2.3170955096902617,False,STOP_HIT,-5.262904490309738,-1.1238547574908233,4553.25,4539.201286529071,2023-07-17
ES_VWAP_MR_V2_PORT,bearish,4577.631888676132,1689695700,4573.895666028396,1689696420,"{""sigma"": 2.0, ""target_r"": 2.0, ""risk"": 1.8681113238681064, ""theo"": 4577.631888676132}",VWAP_MR,720,ES,0.8681113238681064,3.8818886761318936,False,TARGET_HIT,3.1562226477362127,1.689525997412695,4579.5,4573.895666028396,2023-07-18
ES_VWAP_MR_V2_PORT,bullish,4598.634869241703,1689778800,4590.75,1689790080,"{""sigma"": 2.0, ""target_r"": 2.0, ""risk"": 7.8848692417032, ""theo"": 4598.634869241703}",VWAP_MR,11280,ES,9.6348692417032,10.6151307582968,False,STOP_HIT,-8.4648692417032,-1.073558607279417,4590.75,4614.40460772511,2023-07-19
ES_VWAP_MR_V2_PORT,bearish,4583.331216242122,1689962400,4582.493648726365,1689962460,"{""sigma"": 2.0, ""target_r"": 2.0, ""risk"": 0.41878375787837285, ""theo"": 4583.331216242122}",VWAP_MR,60,ES,0.16878375787837285,2.081216242121627,False,TARGET_HIT,0.25756751575674575,0.6150370230727786,4583.75,4582.493648726365,2023-07-21
ES_VWAP_MR_V2_PORT,bearish,4590.741841048005,1690222200,4587.225523144015,1690223400,"{""sigma"": 2.0, ""target_r"": 2.0, ""risk"": 1.7581589519950285, ""theo"": 4590.741841048005}",VWAP_MR,1200,ES,0.008158951995028474,4.7418410480049715,False,TARGET_HIT,2.936317903990057,1.6701094634578637,4592.5,4587.225523144015,2023-07-24
ES_VWAP_MR_V2_PORT,bearish,4595.94314613468,1690301700,4594.329438404041,1690301700,"{""sigma"": 2.0, ""target_r"": 2.0, ""risk"": 0.8068538653196811, ""theo"": 4595.94314613468}",VWAP_MR,0,ES,0.0,1.693146134680319,False,TARGET_HIT,1.033707730639362,1.2811585530792493,4596.75,4594.329438404041,2023-07-25
ES_VWAP_MR_V2_PORT,bullish,4581.79484235865,1690392000,,1690394400,"{""sigma"": 2.0, ""target_r"": 2.0, ""risk"": 1.294842358650385, ""theo"": 4581.79484235865}",VWAP_MR,2400,ES,4.044842358650385,6.205157641349615,False,AMBIGUOUS,,,4580.5,4584.384527075951,2023-07-26
ES_VWAP_MR_V2_PORT,bullish,4617.269304668949,1690469400,4615.0,1690469880,"{""sigma"": 2.0, ""target_r"": 2.0, ""risk"": 2.2693046689491894, ""theo"": 4617.269304668949}",VWAP_MR,480,ES,3.7693046689491894,3.7306953310508106,False,STOP_HIT,-2.8493046689491894,-1.2555848969669512,4615.0,4621.807914006848,2023-07-27
ES_VWAP_MR_V2_PORT,bearish,4609.338004731097,1690560000,4614.75,1690560000,"{""sigma"": 2.0, ""target_r"": 2.0, ""risk"": 5.411995268903411, ""theo"": 4609.338004731097}",VWAP_MR,0,ES,6.161995268903411,0.0,False,STOP_HIT,-5.991995268903411,-1.1071693471966986,4614.75,4598.51401419329,2023-07-28
ES_VWAP_MR_V2_PORT,bullish,4604.036331176333,1690823700,4599.5,1690832340,"{""sigma"": 2.0, ""target_r"": 2.0, ""risk"": 4.5363311763330785, ""theo"": 4604.036331176333}",VWAP_MR,8640,ES,4.5363311763330785,5.2136688236669215,False,STOP_HIT,-5.1163311763330785,-1.1278566263032057,4599.5,4613.108993528999,2023-07-31
ES_VWAP_MR_V2_PORT,bullish,4598.307604585588,1690900200,4591.5,1690907460,"{""sigma"": 2.0, ""target_r"": 2.0, ""risk"": 6.8076045855877965, ""theo"": 4598.307604585588}",VWAP_MR,7260,ES,7.3076045855877965,4.6923954144122035,False,STOP_HIT,-7.3876045855877965,-1.0851988379624609,4591.5,4611.922813756763,2023-08-01
ES_VWAP_MR_V2_PORT,bearish,4523.820057098165,1691077500,4528.0,1691077860,"{""sigma"": 2.0, ""target_r"": 2.0, ""risk"": 4.179942901834693, ""theo"": 4523.820057098165}",VWAP_MR,360,ES,6.179942901834693,0.5700570981653073,False,STOP_HIT,-4.759942901834693,-1.1387578762727648,4528.0,4515.460171294496,2023-08-03
ES_VWAP_MR_V2_PORT,bullish,4535.352142440328,1691158800,4518.75,1691173140,"{""sigma"": 2.0, ""target_r"": 2.0, ""risk"": 16.602142440327952, ""theo"": 4535.352142440328}",VWAP_MR,14340,ES,17.352142440327952,25.397857559672048,False,STOP_HIT,-17.18214244032795,-1.0349352501994642,4518.75,4568.556427320984,2023-08-04
ES_VWAP_MR_V2_PORT,bearish,4527.347891212967,1691418600,4524.0436736389,1691418600,"{""sigma"": 2.0, ""target_r"": 2.0, ""risk"": 1.652108787033285, ""theo"": 4527.347891212967}",VWAP_MR,0,ES,0.4021087870332849,3.847891212966715,False,TARGET_HIT,2.7242175740665697,1.64893352995143,4529.0,4524.0436736389,2023-08-07
ES_VWAP_MR_V2_PORT,bearish,4506.906807655529,1691519400,4509.5,1691520960,"{""sigma"": 2.0, ""target_r"": 2.0, ""risk"": 2.5931923444713902, ""theo"": 4506.906807655529}",VWAP_MR,1560,ES,6.59319234447139,2.9068076555286098,False,STOP_HIT,-3.1731923444713903,-1.2236625452163403,4509.5,4501.720422966586,2023-08-08
ES_VWAP_MR_V2_PORT,bullish,4485.209908432825,1691596800,4499.129725298474,1691600820,"{""sigma"": 2.0, ""target_r"": 2.0, ""risk"": 6.9599084328247045, ""theo"": 4485.209908432825}",VWAP_MR,4020,ES,4.2099084328247045,14.540091567175295,False,TARGET_HIT,13.339816865649409,1.9166655703019637,4478.25,4499.129725298474,2023-08-09
ES_VWAP_MR_V2_PORT,bullish,4500.972445638855,1691683200,4495.25,1691684160,"{""sigma"": 2.0, ""target_r"": 2.0, ""risk"": 5.722445638854879, ""theo"": 4500.972445638855}",VWAP_MR,960,ES,5.722445638854879,3.527554361145121,False,STOP_HIT,-6.302445638854879,-1.101355266018056,4495.25,4512.417336916565,2023-08-10
ES_VWAP_MR_V2_PORT,bearish,4475.785701612004,1691763000,4480.75,1691763240,"{""sigma"": 2.0, ""target_r"": 2.0, ""risk"": 4.964298387995768, ""theo"": 4475.785701612004}",VWAP_MR,240,ES,5.964298387995768,4.285701612004232,False,STOP_HIT,-5.544298387995768,-1.1168342340989224,4480.75,4465.857104836013,2023-08-11
ES_VWAP_MR_V2_PORT,bullish,4451.467091700713,1692201300,4448.5,1692201420,"{""sigma"": 2.0, ""target_r"": 2.0, ""risk"": 2.967091700713354, ""theo"": 4451.467091700713}",VWAP_MR,120,ES,3.467091700713354,0.7829082992866461,False,STOP_HIT,-3.547091700713354,-1.195477611918956,4448.5,4457.40127510214,2023-08-16
ES_VWAP_MR_V2_PORT,bullish,4419.898431372844,1692283200,4415.25,1692285660,"{""sigma"": 2.0, ""target_r"": 2.0, ""risk"": 4.648431372844243, ""theo"": 4419.898431372844}",VWAP_MR,2460,ES,5.648431372844243,7.351568627155757,False,STOP_HIT,-5.228431372844243,-1.1247732737086995,4415.25,4429.195294118533,2023-08-17
ES_VWAP_MR_V2_PORT,bearish,4369.0110617797245,1692370200,4365.0331853391735,1692370320,"{""sigma"": 2.0, ""target_r"": 2.0, ""risk"": 1.988938220275486, ""theo"": 4369.0110617797245}",VWAP_MR,120,ES,1.488938220275486,4.761061779724514,False,TARGET_HIT,3.397876440550972,1.7083871212854138,4371.0,4365.0331853391735,2023-08-18
ES_VWAP_MR_V2_PORT,bearish,4405.825235830506,1692626700,4407.25,1692626760,"{""sigma"": 2.0, ""target_r"": 2.0, ""risk"": 1.4247641694937556, ""theo"": 4405.825235830506}",VWAP_MR,60,ES,1.6747641694937556,1.0752358305062444,False,STOP_HIT,-2.0047641694937557,-1.4070849144150535,4407.25,4402.975707491519,2023-08-21
ES_VWAP_MR_V2_PORT,bullish,4408.795568630897,1692715200,4416.386705892691,1692716040,"{""sigma"": 2.0, ""target_r"": 2.0, ""risk"": 3.7955686308969234, ""theo"": 4408.795568630897}",VWAP_MR,840,ES,1.7955686308969234,7.704431369103077,False,TARGET_HIT,7.011137261793847,1.8471902219660454,4405.0,4416.386705892691,2023-08-22
ES_VWAP_MR_V2_PORT,bearish,4435.830497132099,1692802500,4438.0,1692802680,"{""sigma"": 2.0, ""target_r"": 2.0, ""risk"": 2.1695028679014285, ""theo"": 4435.830497132099}",VWAP_MR,180,ES,2.1695028679014285,0.33049713209857146,False,STOP_HIT,-2.7495028679014286,-1.267342352287848,4438.0,4431.491491396296,2023-08-23
ES_VWAP_MR_V2_PORT,bearish,4464.682891767745,1692885900,4456.548675303235,1692886080,"{""sigma"": 2.0, ""target_r"": 2.0, ""risk"": 4.067108232255123, ""theo"": 4464.682891767745}",VWAP_MR,180,ES,1.0671082322551229,11.432891767744877,False,TARGET_HIT,7.554216464510246,1.8573925337417434,4468.75,4456.548675303235,2023-08-24
ES_VWAP_MR_V2_PORT,bullish,4398.950461380291,1692973200,4392.5,1692973500,"{""sigma"": 2.0, ""target_r"": 2.0, ""risk"": 6.450461380291017, ""theo"": 4398.950461380291}",VWAP_MR,300,ES,6.700461380291017,9.799538619708983,False,STOP_HIT,-7.030461380291017,-1.0899160487608148,4392.5,4411.851384140873,2023-08-25
ES_VWAP_MR_V2_PORT,bullish,4431.048908233622,1693236300,4426.75,1693237320,"{""sigma"": 2.0, ""target_r"": 2.0, ""risk"": 4.29890823362166, ""theo"": 4431.048908233622}",VWAP_MR,1020,ES,7.29890823362166,3.4510917663783403,False,STOP_HIT,-4.87890823362166,-1.1349179764908295,4426.75,4439.646724700865,2023-08-28
ES_VWAP_MR_V2_PORT,bearish,4526.063551029534,1693404300,4529.0,1693404720,"{""sigma"": 2.0, ""target_r"": 2.0, ""risk"": 2.93644897046579, ""theo"": 4526.063551029534}",VWAP_MR,420,ES,3.68644897046579,1.06355102953421,False,STOP_HIT,-3.51644897046579,-1.1975174797292658,4529.0,4520.190653088603,2023-08-30
ES_VWAP_MR_V2_PORT,bearish,4534.670635100922,1693491000,4530.011905302765,1693491060,"{""sigma"": 2.0, ""target_r"": 2.0, ""risk"": 2.3293648990784277, ""theo"": 4534.670635100922}",VWAP_MR,60,ES,0.0,4.920635100921572,False,TARGET_HIT,4.078729798156855,1.7510050914609958,4537.0,4530.011905302765,2023-08-31
ES_VWAP_MR_V2_PORT,bullish,4522.682464282469,1693581300,4517.0,1693582140,"{""sigma"": 2.0, ""target_r"": 2.0, ""risk"": 5.6824642824685725, ""theo"": 4522.682464282469}",VWAP_MR,840,ES,5.6824642824685725,0.5675357175314275,False,STOP_HIT,-6.262464282468573,-1.102068393423854,4517.0,4534.047392847406,2023-09-01
ES_VWAP_MR_V2_PORT,bearish,4515.886212318995,1693927200,4506.158636956984,1693934460,"{""sigma"": 2.0, ""target_r"": 2.0, ""risk"": 4.863787681005306, ""theo"": 4515.886212318995}",VWAP_MR,7260,ES,3.363787681005306,9.886212318994694,False,TARGET_HIT,9.147575362010611,1.8807513736125672,4520.75,4506.158636956984,2023-09-05
ES_VWAP_MR_V2_PORT,bullish,4478.051762532436,1694009400,4474.0,1694010240,"{""sigma"": 2.0, ""target_r"": 2.0, ""risk"": 4.051762532436442, ""theo"": 4478.051762532436}",VWAP_MR,840,ES,5.301762532436442,4.198237467563558,False,STOP_HIT,-4.631762532436442,-1.1431475796907646,4474.0,4486.155287597309,2023-09-06
ES_VWAP_MR_V2_PORT,bearish,4449.7396765371095,1694098200,4453.5,1694099400,"{""sigma"": 2.0, ""target_r"": 2.0, ""risk"": 3.760323462890483, ""theo"": 4449.7396765371095}",VWAP_MR,1200,ES,4.010323462890483,3.989676537109517,False,STOP_HIT,-4.340323462890483,-1.1542420501118715,4453.5,4442.219029611329,2023-09-07
ES_VWAP_MR_V2_PORT,bearish,4468.29640034512,1694182200,4473.0,1694182560,"{""sigma"": 2.0, ""target_r"": 2.0, ""risk"": 4.703599654880236, ""theo"": 4468.29640034512}",VWAP_MR,360,ES,4.703599654880236,1.796400345119764,False,STOP_HIT,-5.283599654880236,-1.123309814303226,4473.0,4458.889201035359,2023-09-08
ES_VWAP_MR_V2_PORT,bearish,4488.987317911102,1694454300,4490.75,1694457060,"{""sigma"": 2.0, ""target_r"": 2.0, ""risk"": 1.7626820888981456, ""theo"": 4488.987317911102}",VWAP_MR,2760,ES,1.7626820888981456,2.7373179111018544,False,STOP_HIT,-2.3426820888981457,-1.3290440197089417,4490.75,4485.461953733306,2023-09-11
ES_VWAP_MR_V2_PORT,bullish,4468.806810911063,1694531100,4472.920432733188,1694531100,"{""sigma"": 2.0, ""target_r"": 2.0, ""risk"": 2.056810911062712, ""theo"": 4468.806810911063}",VWAP_MR,0,ES,0.0,4.193189088937288,False,TARGET_HIT,3.533621822125424,1.7180100529025655,4466.75,4472.920432733188,2023-09-12
ES_VWAP_MR_V2_PORT,bullish,4516.754913105059,1694615400,4517.5,1694634900,"{""sigma"": 2.0, ""target_r"": 2.0, ""risk"": 13.754913105059131, ""theo"": 4516.754913105059}",VWAP_MR,19500,ES,11.004913105059131,13.495086894940869,False,TIME_EXIT,0.1650868949408687,0.012002031105536309,4503.0,4544.264739315177,2023-09-13
ES_VWAP_MR_V2_PORT,bullish,4534.719258872061,1694701200,4529.0,1694701200,"{""sigma"": 2.0, ""target_r"": 2.0, ""risk"": 5.719258872060891, ""theo"": 4534.719258872061}",VWAP_MR,0,ES,6.719258872060891,0.0,False,STOP_HIT,-6.299258872060891,-1.1014117410969722,4529.0,4546.157776616183,2023-09-14
ES_VWAP_MR_V2_PORT,bullish,4525.15161340412,1694787600,4521.0,1694789160,"{""sigma"": 2.0, ""target_r"": 2.0, ""risk"": 4.151613404120326, ""theo"": 4525.15161340412}",VWAP_MR,1560,ES,4.151613404120326,4.598386595879674,False,STOP_HIT,-4.731613404120326,-1.1397047228492834,4521.0,4533.454840212361,2023-09-15
ES_VWAP_MR_V2_PORT,bearish,4512.344704953626,1695055200,4508.034114860879,1695057000,"{""sigma"": 2.0, ""target_r"": 2.0, ""risk"": 2.1552950463737943, ""theo"": 4512.344704953626}",VWAP_MR,1800,ES,0.9052950463737943,4.344704953626206,False,TARGET_HIT,3.7305900927475886,1.730895312465071,4514.5,4508.034114860879,2023-09-18
ES_VWAP_MR_V2_PORT,bullish,4499.014138756701,1695219600,4496.75,1695223320,"{""sigma"": 2.0, ""target_r"": 2.0, ""risk"": 2.2641387567009588, ""theo"": 4499.014138756701}",VWAP_MR,3720,ES,2.2641387567009588,3.9858612432990412,False,STOP_HIT,-2.844138756700959,-1.2561680454801758,4496.75,4503.542416270103,2023-09-20
ES_VWAP_MR_V2_PORT,bullish,4401.588894874752,1695305100,4398.75,1695305100,"{""sigma"": 2.0, ""target_r"": 2.0, ""risk"": 2.838894874752441, ""theo"": 4401.588894874752}",VWAP_MR,0,ES,2.838894874752441,0.0,False,STOP_HIT,-3.418894874752441,-1.2043048529757825,4398.75,4407.266684624257,2023-09-21
ES_VWAP_MR_V2_PORT,bearish,4381.903000178037,1695392100,4389.0,1695393060,"{""sigma"": 2.0, ""target_r"": 2.0, ""risk"": 7.096999821963436, ""theo"": 4381.903000178037}",VWAP_MR,960,ES,8.846999821963436,4.653000178036564,False,STOP_HIT,-7.676999821963436,-1.0817246744469466,4389.0,4367.70900053411,2023-09-22
ES_VWAP_MR_V2_PORT,bearish,4366.6807843346205,1695655800,4371.75,1695656580,"{""sigma"": 2.0, ""target_r"": 2.0, ""risk"": 5.069215665379488, ""theo"": 4366.6807843346205}",VWAP_MR,780,ES,7.069215665379488,1.1807843346205118,False,STOP_HIT,-5.649215665379488,-1.1144161223917035,4371.75,4356.5423530038615,2023-09-25
ES_VWAP_MR_V2_PORT,bullish,4338.421984706902,1695737400,4336.5,1695737520,"{""sigma"": 2.0, ""target_r"": 2.0, ""risk"": 1.9219847069016396, ""theo"": 4338.421984706902}",VWAP_MR,120,ES,3.9219847069016396,1.3280152930983604,False,STOP_HIT,-2.5019847069016397,-1.3017713917895823,4336.5,4342.265954120705,2023-09-26
ES_VWAP_MR_V2_PORT,bullish,4324.121138103361,1695824400,4313.25,1695826260,"{""sigma"": 2.0, ""target_r"": 2.0, ""risk"": 10.871138103360863, ""theo"": 4324.121138103361}",VWAP_MR,1860,ES,13.371138103360863,1.1288618966391368,False,STOP_HIT,-11.451138103360863,-1.053352279631209,4313.25,4345.863414310083,2023-09-27
ES_VWAP_MR_V2_PORT,bearish,4318.959683263225,1695910500,4306.379049789675,1695911460,"{""sigma"": 2.0, ""target_r"": 2.0, ""risk"": 6.290316736774912, ""theo"": 4318.959683263225}",VWAP_MR,960,ES,5.040316736774912,12.709683263225088,False,TARGET_HIT,12.000633473549824,1.9077947861338744,4325.25,4306.379049789675,2023-09-28
ES_VWAP_MR_V2_PORT,bullish,4357.338231140369,1695997800,4352.75,1695999900,"{""sigma"": 2.0, ""target_r"": 2.0, ""risk"": 4.588231140369317, ""theo"": 4357.338231140369}",VWAP_MR,2100,ES,5.838231140369317,8.161768859630683,False,STOP_HIT,-5.168231140369317,-1.1264103708500863,4352.75,4366.514693421108,2023-09-29
ES_VWAP_MR_V2_PORT,bearish,4329.044279040252,1696256700,4322.632837120756,1696256820,"{""sigma"": 2.0, ""target_r"": 2.0, ""risk"": 3.2057209597478504, ""theo"": 4329.044279040252}",VWAP_MR,120,ES,0.45572095974785043,7.54427904025215,False,TARGET_HIT,5.831441919495701,1.8190734604531453,4332.25,4322.632837120756,2023-10-02
ES_VWAP_MR_V2_PORT,bullish,4267.222037111006,1696428600,4259.5,1696429380,"{""sigma"": 2.0, ""target_r"": 2.0, ""risk"": 7.722037111006102, ""theo"": 4267.222037111006}",VWAP_MR,780,ES,8.972037111006102,1.5279628889938976,False,STOP_HIT,-8.302037111006102,-1.075109714141795,4259.5,4282.666111333018,2023-10-04
ES_VWAP_MR_V2_PORT,bullish,4268.752441742662,1696517700,4262.5,1696518000,"{""sigma"": 2.0, ""target_r"": 2.0, ""risk"": 6.252441742662086, ""theo"": 4268.752441742662}",VWAP_MR,300,ES,6.252441742662086,0.49755825733791426,False,STOP_HIT,-6.832441742662086,-1.092763759163481,4262.5,4281.257325227986,2023-10-05
ES_VWAP_MR_V2_PORT,bullish,4255.056009771856,1696602000,4262.168029315569,1696602120,"{""sigma"": 2.0, ""target_r"": 2.0, ""risk"": 3.5560097718562247, ""theo"": 4255.056009771856}",VWAP_MR,120,ES,2.0560097718562247,9.943990228143775,False,TARGET_HIT,6.532019543712449,1.8368958362852748,4251.5,4262.168029315569,2023-10-06
ES_VWAP_MR_V2_PORT,bullish,4320.884313442137,1696863600,4330.65294032641,1696865220,"{""sigma"": 2.0, ""target_r"": 2.0, ""risk"": 4.884313442136772, ""theo"": 4320.884313442137}",VWAP_MR,1620,ES,1.8843134421367722,10.115686557863228,False,TARGET_HIT,9.188626884273544,1.881252502143625,4316.0,4330.65294032641,2023-10-09
ES_VWAP_MR_V2_PORT,bullish,4395.665107102143,1697034000,4392.5,1697034360,"{""sigma"": 2.0, ""target_r"": 2.0, ""risk"": 3.165107102143338, ""theo"": 4395.665107102143}",VWAP_MR,360,ES,3.165107102143338,1.5848928978566619,False,STOP_HIT,-3.745107102143338,-1.1832481433589521,4392.5,4401.99532130643,2023-10-11
ES_VWAP_MR_V2_PORT,bearish,4409.976657826984,1697124000,4407.929973480951,1697124060,"{""sigma"": 2.0, ""target_r"": 2.0, ""risk"": 1.0233421730163172, ""theo"": 4409.976657826984}",VWAP_MR,60,ES,0.5233421730163172,2.9766578269836828,False,TARGET_HIT,1.4666843460326344,1.4332296515344023,4411.0,4407.929973480951,2023-10-12
ES_VWAP_MR_V2_PORT,bullish,4390.252817751887,1697207400,4384.25,1697208000,"{""sigma"": 2.0, ""target_r"": 2.0, ""risk"": 6.002817751887051, ""theo"": 4390.252817751887}",VWAP_MR,600,ES,7.502817751887051,3.7471822481129493,False,STOP_HIT,-6.582817751887051,-1.0966212908625572,4384.25,4402.258453255661,2023-10-13
ES_VWAP_MR_V2_PORT,bearish,4396.187144810015,1697553900,4391.061434430044,1697554080,"{""sigma"": 2.0, ""target_r"": 2.0, ""risk"": 2.5628551899853846, ""theo"": 4396.187144810015}",VWAP_MR,180,ES,1.5628551899853846,5.937144810014615,False,TARGET_HIT,4.545710379970769,1.7736899055918538,4398.75,4391.061434430044,2023-10-17
ES_VWAP_MR_V2_PORT,bullish,4371.096473807269,1697640300,4367.75,1697640600,"{""sigma"": 2.0, ""target_r"": 2.0, ""risk"": 3.3464738072689215, ""theo"": 4371.096473807269}",VWAP_MR,300,ES,3.3464738072689215,3.1535261927310785,False,STOP_HIT,-3.9264738072689216,-1.1733167606870774,4367.75,4377.789421421807,2023-10-18
ES_VWAP_MR_V2_PORT,bullish,4334.241094812883,1697727000,4324.5,1697728680,"{""sigma"": 2.0, ""target_r"": 2.0, ""risk"": 9.741094812882693, ""theo"": 4334.241094812883}",VWAP_MR,1680,ES,9.741094812882693,0.008905187117306923,False,STOP_HIT,-10.321094812882693,-1.0595415619230957,4324.5,4353.723284438648,2023-10-19
ES_VWAP_MR_V2_PORT,bearish,4275.618457981149,1698080700,4265.3553739434465,1698081540,"{""sigma"": 2.0, ""target_r"": 2.0, ""risk"": 5.131542018851178, ""theo"": 4275.618457981149}",VWAP_MR,840,ES,1.131542018851178,11.868457981148822,False,TARGET_HIT,9.683084037702356,1.886973545599097,4280.75,4265.3553739434465,2023-10-23
ES_VWAP_MR_V2_PORT,bearish,4273.489816352199,1698156300,4272.469449056598,1698156300,"{""sigma"": 2.0, ""target_r"": 2.0, ""risk"": 0.510183647800659, ""theo"": 4273.489816352199}",VWAP_MR,0,ES,0.0,10.489816352199341,False,TARGET_HIT,0.44036729560131793,0.8631544689832553,4274.0,4272.469449056598,2023-10-24
ES_VWAP_MR_V2_PORT,bullish,4220.565465533711,1698253200,4217.25,1698253260,"{""sigma"": 2.0, ""target_r"": 2.0, ""risk"": 3.3154655337111762, ""theo"": 4220.565465533711}",VWAP_MR,60,ES,3.5654655337111762,1.9345344662888238,False,STOP_HIT,-3.8954655337111763,-1.1749377256685807,4217.25,4227.1963966011335,2023-10-25
ES_VWAP_MR_V2_PORT,bullish,4187.57357233515,1698330300,4177.25,1698330300,"{""sigma"": 2.0, ""target_r"": 2.0, ""risk"": 10.323572335149947, ""theo"": 4187.57357233515}",VWAP_MR,0,ES,10.573572335149947,0.0,False,STOP_HIT,-10.903572335149947,-1.0561821025872218,4177.25,4208.22071700545,2023-10-26
ES_VWAP_MR_V2_PORT,bearish,4171.958829389373,1698420000,4162.376488168119,1698420840,"{""sigma"": 2.0, ""target_r"": 2.0, ""risk"": 4.791170610626978, ""theo"": 4171.958829389373}",VWAP_MR,840,ES,2.5411706106269776,10.208829389373022,False,TARGET_HIT,9.002341221253955,1.8789439894472677,4176.75,4162.376488168119,2023-10-27
ES_VWAP_MR_V2_PORT,bullish,4164.6172622545055,1698677400,4156.0,1698679320,"{""sigma"": 2.0, ""target_r"": 2.0, ""risk"": 8.617262254505476, ""theo"": 4164.6172622545055}",VWAP_MR,1920,ES,8.867262254505476,6.1327377454945236,False,STOP_HIT,-9.197262254505477,-1.0673067597190455,4156.0,4181.851786763516,2023-10-30
ES_VWAP_MR_V2_PORT,bearish,4193.976131082438,1698764400,4190.428393247314,1698764640,"{""sigma"": 2.0, ""target_r"": 2.0, ""risk"": 1.7738689175621403, ""theo"": 4193.976131082438}",VWAP_MR,240,ES,1.5238689175621403,3.7261310824378597,False,TARGET_HIT,2.9677378351242805,1.673031082365937,4195.75,4190.428393247314,2023-10-31
ES_VWAP_MR_V2_PORT,bearish,4384.962362508885,1699031400,4379.387087526656,1699032180,"{""sigma"": 2.0, ""target_r"": 2.0, ""risk"": 2.787637491114765, ""theo"": 4384.962362508885}",VWAP_MR,780,ES,0.037637491114765,7.712362508885235,False,TARGET_HIT,4.99527498222953,1.7919385135805228,4387.75,4379.387087526656,2023-11-03
ES_VWAP_MR_V2_PORT,bullish,4376.688292078013,1699293600,4372.5,1699293780,"{""sigma"": 2.0, ""target_r"": 2.0, ""risk"": 4.188292078012637, ""theo"": 4376.688292078013}",VWAP_MR,180,ES,4.188292078012637,1.061707921987363,False,STOP_HIT,-4.768292078012637,-1.1384812685449608,4372.5,4385.064876234038,2023-11-06
ES_VWAP_MR_V2_PORT,bearish,4382.353070435771,1699369800,4387.75,1699370700,"{""sigma"": 2.0, ""target_r"": 2.0, ""risk"": 5.39692956422914, ""theo"": 4382.353070435771}",VWAP_MR,900,ES,5.39692956422914,1.35307043577086,False,STOP_HIT,-5.97692956422914,-1.107468513920256,4387.75,4371.559211307313,2023-11-07
ES_VWAP_MR_V2_PORT,bullish,4398.693517650333,1699456200,4395.25,1699456860,"{""sigma"": 2.0, ""target_r"": 2.0, ""risk"": 3.4435176503329785, ""theo"": 4398.693517650333}",VWAP_MR,660,ES,4.1935176503329785,3.8064823496670215,False,STOP_HIT,-4.023517650332979,-1.1684324167596225,4395.25,4405.580552950999,2023-11-08
ES_VWAP_MR_V2_PORT,bullish,4382.6463430574495,1699555200,4375.75,1699556400,"{""sigma"": 2.0, ""target_r"": 2.0, ""risk"": 6.896343057449485, ""theo"": 4382.6463430574495}",VWAP_MR,1200,ES,11.146343057449485,2.853656942550515,False,STOP_HIT,-7.476343057449485,-1.0841025446629253,4375.75,4396.4390291723485,2023-11-09
ES_VWAP_MR_V2_PORT,bullish,4372.39168272295,1699631100,4381.675048168849,1699632000,"{""sigma"": 2.0, ""target_r"": 2.0, ""risk"": 4.641682722949554, ""theo"": 4372.39168272295}",VWAP_MR,900,ES,3.141682722949554,9.358317277050446,False,TARGET_HIT,8.703365445899108,1.8750453155420672,4367.75,4381.675048168849,2023-11-10
ES_VWAP_MR_V2_PORT,bearish,4414.549443596533,1699888800,4412.148330789599,1699888980,"{""sigma"": 2.0, ""target_r"": 2.0, ""risk"": 1.2005564034670897, ""theo"": 4414.549443596533}",VWAP_MR,180,ES,0.7005564034670897,2.7994435965329103,False,TARGET_HIT,1.8211128069341793,1.5168906697552762,4415.75,4412.148330789599,2023-11-13
ES_VWAP_MR_V2_PORT,bearish,4507.462920807515,1699974900,4505.3887624225445,1699974900,"{""sigma"": 2.0, ""target_r"": 2.0, ""risk"": 1.03707919248518, ""theo"": 4507.462920807515}",VWAP_MR,0,ES,0.0,4.46292080751482,False,TARGET_HIT,1.4941583849703601,1.4407370196965086,4508.5,4505.3887624225445,2023-11-14
ES_VWAP_MR_V2_PORT,bearish,4531.294937303872,1700062200,4535.25,1700063400,"{""sigma"": 2.0, ""target_r"": 2.0, ""risk"": 3.9550626961281523, ""theo"": 4531.294937303872}",VWAP_MR,1200,ES,4.455062696128152,4.044937303871848,False,STOP_HIT,-4.535062696128152,-1.1466474856562443,4535.25,4523.3848119116155,2023-11-15
ES_VWAP_MR_V2_PORT,bullish,4510.594588641333,1700149800,4514.2837659239985,1700149800,"{""sigma"": 2.0, ""target_r"": 2.0, ""risk"": 1.844588641332848, ""theo"": 4510.594588641333}",VWAP_MR,0,ES,0.0,4.155411358667152,False,TARGET_HIT,3.109177282665696,1.6855667507629732,4508.75,4514.2837659239985,2023-11-16
ES_VWAP_MR_V2_PORT,bearish,4522.839631446707,1700242200,4526.75,1700244840,"{""sigma"": 2.0, ""target_r"": 2.0, ""risk"": 3.9103685532927557, ""theo"": 4522.839631446707}",VWAP_MR,2640,ES,4.910368553292756,2.3396314467072443,False,STOP_HIT,-4.490368553292756,-1.1483236150494323,4526.75,4515.018894340122,2023-11-17
ES_VWAP_MR_V2_PORT,bearish,4540.375805787713,1700492700,4541.5,1700492700,"{""sigma"": 2.0, ""target_r"": 2.0, ""risk"": 1.124194212286966, ""theo"": 4540.375805787713}",VWAP_MR,0,ES,1.124194212286966,0.6258057877130341,False,STOP_HIT,-1.704194212286966,-1.5159250898651195,4541.5,4538.127417363139,2023-11-20
ES_VWAP_MR_V2_PORT,bullish,4545.388358020619,1700582100,4552.25,1700600100,"{""sigma"": 2.0, ""target_r"": 2.0, ""risk"": 7.638358020619307, ""theo"": 4545.388358020619}",VWAP_MR,18000,ES,5.138358020619307,9.361641979380693,False,TIME_EXIT,6.281641979380693,0.8223811927149476,4537.75,4560.665074061858,2023-11-21
ES_VWAP_MR_V2_PORT,bullish,4558.166739766365,1700665800,4555.75,1700666280,"{""sigma"": 2.0, ""target_r"": 2.0, ""risk"": 2.4167397663650263, ""theo"": 4558.166739766365}",VWAP_MR,480,ES,3.1667397663650263,3.0832602336349737,False,STOP_HIT,-2.9967397663650264,-1.2399927406633307,4555.75,4563.000219299095,2023-11-22
ES_VWAP_MR_V2_PORT,bearish,4564.636947017637,1701098100,4559.410841052911,1701098580,"{""sigma"": 2.0, ""target_r"": 2.0, ""risk"": 2.613052982363115, ""theo"": 4564.636947017637}",VWAP_MR,480,ES,0.363052982363115,5.636947017636885,False,TARGET_HIT,4.64610596472623,1.7780374129745058,4567.25,4559.410841052911,2023-11-27
ES_VWAP_MR_V2_PORT,bearish,4555.69699976805,1701185100,4557.25,1701185880,"{""sigma"": 2.0, ""target_r"": 2.0, ""risk"": 1.5530002319501364, ""theo"": 4555.69699976805}",VWAP_MR,780,ES,2.0530002319501364,2.1969997680498636,False,STOP_HIT,-2.1330002319501364,-1.3734706460872073,4557.25,4552.59099930415,2023-11-28
ES_VWAP_MR_V2_PORT,bullish,4552.154880609313,1701363000,4549.5,1701363360,"{""sigma"": 2.0, ""target_r"": 2.0, ""risk"": 2.6548806093132953, ""theo"": 4552.154880609313}",VWAP_MR,360,ES,2.9048806093132953,2.8451193906867047,False,STOP_HIT,-3.2348806093132954,-1.2184655678923435,4549.5,4557.46464182794,2023-11-30
ES_VWAP_MR_V2_PORT,bearish,4580.819655051375,1701447600,4586.0,1701448140,"{""sigma"": 2.0, ""target_r"": 2.0, ""risk"": 5.180344948625134, ""theo"": 4580.819655051375}",VWAP_MR,540,ES,5.930344948625134,4.069655051374866,False,STOP_HIT,-5.760344948625134,-1.1119616561738679,4586.0,4570.458965154125,2023-12-01
ES_VWAP_MR_V2_PORT,bearish,4576.557425041915,1701789600,4570.172275125745,1701789960,"{""sigma"": 2.0, ""target_r"": 2.0, ""risk"": 3.1925749580850606, ""theo"": 4576.557425041915}",VWAP_MR,360,ES,2.1925749580850606,9.30742504191494,False,TARGET_HIT,5.805149916170121,1.818328462881921,4579.75,4570.172275125745,2023-12-05
ES_VWAP_MR_V2_PORT,bullish,4581.628046424887,1701876600,4576.5,1701879720,"{""sigma"": 2.0, ""target_r"": 2.0, ""risk"": 5.128046424886634, ""theo"": 4581.628046424887}",VWAP_MR,3120,ES,5.878046424886634,2.8719535751133662,False,STOP_HIT,-5.708046424886634,-1.11310350023066,4576.5,4591.88413927466,2023-12-06
ES_VWAP_MR_V2_PORT,bullish,4571.906138549433,1701961500,4574.2184156483,1701961500,"{""sigma"": 2.0, ""target_r"": 2.0, ""risk"": 1.156138549433308, ""theo"": 4571.906138549433}",VWAP_MR,0,ES,0.0,3.843861450566692,False,TARGET_HIT,1.732277098866616,1.4983300225701388,4570.75,4574.2184156483,2023-12-07
ES_VWAP_MR_V2_PORT,bearish,4598.271605592027,1702049700,4605.5,1702051020,"{""sigma"": 2.0, ""target_r"": 2.0, ""risk"": 7.228394407972701, ""theo"": 4598.271605592027}",VWAP_MR,1320,ES,8.4783944079727,6.521605592027299,False,STOP_HIT,-7.808394407972701,-1.0802391191272405,4605.5,4583.814816776082,2023-12-08
ES_VWAP_MR_V2_PORT,bearish,4608.6597797272,1702307100,4610.25,1702307580,"{""sigma"": 2.0, ""target_r"": 2.0, ""risk"": 1.5902202728002521, ""theo"": 4608.6597797272}",VWAP_MR,480,ES,1.8402202728002521,2.659779727199748,False,STOP_HIT,-2.170220272800252,-1.3647293459406513,4610.25,4605.479339181599,2023-12-11
ES_VWAP_MR_V2_PORT,bearish,4703.3933015406565,1702481400,4704.5,1702481460,"{""sigma"": 2.0, ""target_r"": 2.0, ""risk"": 1.1066984593435336, ""theo"": 4703.3933015406565}",VWAP_MR,60,ES,1.8566984593435336,0.0,False,STOP_HIT,-1.6866984593435337,-1.5240813295647324,4704.5,4701.179904621969,2023-12-13
ES_VWAP_MR_V2_PORT,bullish,4778.2803913329735,1702567500,4772.25,1702568280,"{""sigma"": 2.0, ""target_r"": 2.0, ""risk"": 6.030391332973522, ""theo"": 4778.2803913329735}",VWAP_MR,780,ES,7.280391332973522,2.9696086670264776,False,STOP_HIT,-6.610391332973522,-1.0961794961512072,4772.25,4790.341173998921,2023-12-14
ES_VWAP_MR_V2_PORT,bearish,4771.1038546229265,1702656300,4776.0,1702656300,"{""sigma"": 2.0, ""target_r"": 2.0, ""risk"": 4.896145377073481, ""theo"": 4771.1038546229265}",VWAP_MR,0,ES,5.896145377073481,0.0,False,STOP_HIT,-5.476145377073481,-1.1184605348354009,4776.0,4761.31156386878,2023-12-15
ES_VWAP_MR_V2_PORT,bearish,4785.874031414155,1702912200,4790.75,1702912200,"{""sigma"": 2.0, ""target_r"": 2.0, ""risk"": 4.87596858584493, ""theo"": 4785.874031414155}",VWAP_MR,0,ES,4.87596858584493,0.0,False,STOP_HIT,-5.45596858584493,-1.11895072533563,4790.75,4776.122094242465,2023-12-18
ES_VWAP_MR_V2_PORT,bearish,4809.838993500005,1702999200,4810.75,1702999320,"{""sigma"": 2.0, ""target_r"": 2.0, ""risk"": 0.9110064999949827, ""theo"": 4809.838993500005}",VWAP_MR,120,ES,1.6610064999949827,0.8389935000050173,False,STOP_HIT,-1.4910064999949828,-1.6366584651187388,4810.75,4808.016980500015,2023-12-19
ES_VWAP_MR_V2_PORT,bullish,4783.455046856757,1703171700,4773.0,1703177940,"{""sigma"": 2.0, ""target_r"": 2.0, ""risk"": 10.45504685675678, ""theo"": 4783.455046856757}",VWAP_MR,6240,ES,11.70504685675678,9.04495314324322,False,STOP_HIT,-11.03504685675678,-1.0554756002480432,4773.0,4804.36514057027,2023-12-21
ES_VWAP_MR_V2_PORT,bullish,4801.524876735418,1703274300,4804.5,1703278500,"{""sigma"": 2.0, ""target_r"": 2.0, ""risk"": 16.77487673541782, ""theo"": 4801.524876735418}",VWAP_MR,4200,ES,3.52487673541782,7.22512326458218,False,TIME_EXIT,2.39512326458218,0.14278037939469387,4784.75,4835.0746302062535,2023-12-22
ES_VWAP_MR_V2_PORT,bearish,4817.041139347328,1703604000,4818.25,1703604300,"{""sigma"": 2.0, ""target_r"": 2.0, ""risk"": 1.2088606526722288, ""theo"": 4817.041139347328}",VWAP_MR,300,ES,2.2088606526722288,1.2911393473277712,False,STOP_HIT,-1.7888606526722288,-1.4797906183131115,4818.25,4814.623418041983,2023-12-26
ES_VWAP_MR_V2_PORT,bullish,4822.069514821835,1703690400,4819.5,1703690460,"{""sigma"": 2.0, ""target_r"": 2.0, ""risk"": 2.569514821834673, ""theo"": 4822.069514821835}",VWAP_MR,60,ES,3.069514821834673,0.43048517816532694,False,STOP_HIT,-3.149514821834673,-1.2257235471348134,4819.5,4827.208544465504,2023-12-27
ES_VWAP_MR_V2_PORT,bearish,4836.099938102515,1703778000,4838.0,1703778000,"{""sigma"": 2.0, ""target_r"": 2.0, ""risk"": 1.9000618974851022, ""theo"": 4836.099938102515}",VWAP_MR,0,ES,2.1500618974851022,0.0,False,STOP_HIT,-2.4800618974851023,-1.3052532134704036,4838.0,4832.299814307545,2023-12-28
ES_VWAP_MR_V2_PORT,bullish,4829.811466110012,1703863800,4830.934398330035,1703863800,"{""sigma"": 2.0, ""target_r"": 2.0, ""risk"": 0.5614661100116791, ""theo"": 4829.811466110012}",VWAP_MR,0,ES,0.0,2.438533889988321,False,TARGET_HIT,0.5429322200233582,0.9669901893313998,4829.25,4830.934398330035,2023-12-29
ES_VWAP_MR_V2_PORT,bullish,4772.45738006546,1704227400,4780.5,1704228900,"{""sigma"": 2.0, ""target_r"": 2.0, ""risk"": 6.957380065459802, ""theo"": 4772.45738006546}",VWAP_MR,1500,ES,4.707380065459802,10.042619934540198,False,TIME_EXIT,7.462619934540198,1.0726192710943996,4765.5,4786.372140196379,2024-01-02
ES_VWAP_MR_V2_PORT,bullish,4756.889813636613,1704295500,4751.75,1704296220,"{""sigma"": 2.0, ""target_r"": 2.0, ""risk"": 5.139813636613326, ""theo"": 4756.889813636613}",VWAP_MR,720,ES,7.389813636613326,0.6101863633866742,False,STOP_HIT,-5.719813636613326,-1.11284455838406,4751.75,4767.16944090984,2024-01-03
ES_VWAP_MR_V2_PORT,bearish,4762.96497024364,1704385500,4766.5,1704385560,"{""sigma"": 2.0, ""target_r"": 2.0, ""risk"": 3.535029756360018, ""theo"": 4762.96497024364}",VWAP_MR,60,ES,3.535029756360018,0.0,False,STOP_HIT,-4.115029756360018,-1.164072169111589,4766.5,4755.89491073092,2024-01-04
ES_VWAP_MR_V2_PORT,bearish,4750.097920353066,1704467700,4760.0,1704471120,"{""sigma"": 2.0, ""target_r"": 2.0, ""risk"": 9.902079646933998, ""theo"": 4750.097920353066}",VWAP_MR,3420,ES,9.902079646933998,3.0979203530660016,False,STOP_HIT,-10.482079646933999,-1.0585735543118548,4760.0,4730.293761059198,2024-01-05
ES_VWAP_MR_V2_PORT,bearish,4749.790745364458,1704726600,4754.25,1704727680,"{""sigma"": 2.0, ""target_r"": 2.0, ""risk"": 4.459254635541583, ""theo"": 4749.790745364458}",VWAP_MR,1080,ES,5.209254635541583,1.2907453644584166,False,STOP_HIT,-5.0392546355415835,-1.130066580046187,4754.25,4740.872236093375,2024-01-08
ES_VWAP_MR_V2_PORT,bearish,4776.283901844371,1704815700,4783.75,1704816960,"{""sigma"": 2.0, ""target_r"": 2.0, ""risk"": 7.46609815562897, ""theo"": 4776.283901844371}",VWAP_MR,1260,ES,9.71609815562897,0.5339018443710302,False,STOP_HIT,-8.04609815562897,-1.0776844863153474,4783.75,4761.351705533113,2024-01-09
ES_VWAP_MR_V2_PORT,bullish,4795.8460077699865,1704900000,4803.0380233099595,1704900960,"{""sigma"": 2.0, ""target_r"": 2.0, ""risk"": 3.5960077699864996, ""theo"": 4795.8460077699865}",VWAP_MR,960,ES,0.09600776998649962,7.4039922300135,False,TARGET_HIT,6.612015539972999,1.838710025923504,4792.25,4803.0380233099595,2024-01-10
ES_VWAP_MR_V2_PORT,bullish,4801.9673191821485,1704987000,4788.0,1704988860,"{""sigma"": 2.0, ""target_r"": 2.0, ""risk"": 13.967319182148458, ""theo"": 4801.9673191821485}",VWAP_MR,1860,ES,13.967319182148458,4.532680817851542,False,STOP_HIT,-14.547319182148458,-1.041525506250426,4788.0,4829.901957546445,2024-01-11
ES_VWAP_MR_V2_PORT,bullish,4824.5234054090815,1705071900,4812.5,1705072620,"{""sigma"": 2.0, ""target_r"": 2.0, ""risk"": 12.023405409081533, ""theo"": 4824.5234054090815}",VWAP_MR,720,ES,12.023405409081533,0.7265945909184666,False,STOP_HIT,-12.603405409081534,-1.0482392450612963,4812.5,4848.570216227245,2024-01-12
ES_VWAP_MR_V2_PORT,bearish,4808.606345089195,1705419000,4812.0,1705419300,"{""sigma"": 2.0, ""target_r"": 2.0, ""risk"": 3.3936549108047984, ""theo"": 4808.606345089195}",VWAP_MR,300,ES,3.3936549108047984,0.10634508919520158,False,STOP_HIT,-3.9736549108047985,-1.170907182740762,4812.0,4801.819035267586,2024-01-16
ES_VWAP_MR_V2_PORT,bearish,4764.310544539906,1705505100,4770.75,1705505940,"{""sigma"": 2.0, ""target_r"": 2.0, ""risk"": 6.4394554600939955, ""theo"": 4764.310544539906}",VWAP_MR,840,ES,6.4394554600939955,1.5605445399060045,False,STOP_HIT,-7.019455460093996,-1.0900697277268743,4770.75,4751.431633619718,2024-01-17
ES_VWAP_MR_V2_PORT,bearish,4789.163972875348,1705593300,4795.0,1705595520,"{""sigma"": 2.0, ""target_r"": 2.0, ""risk"": 5.8360271246519915, ""theo"": 4789.163972875348}",VWAP_MR,2220,ES,6.0860271246519915,6.6639728753480085,False,STOP_HIT,-6.4160271246519915,-1.0993826772240347,4795.0,4777.491918626044,2024-01-18
ES_VWAP_MR_V2_PORT,bearish,4823.396812642307,1705676700,4829.75,1705679700,"{""sigma"": 2.0, ""target_r"": 2.0, ""risk"": 6.353187357693059, ""theo"": 4823.396812642307}",VWAP_MR,3000,ES,8.60318735769306,7.896812642306941,False,STOP_HIT,-6.933187357693059,-1.0912927586336139,4829.75,4810.690437926921,2024-01-19
ES_VWAP_MR_V2_PORT,bullish,4887.123496338623,1705938000,4882.0,1705938420,"{""sigma"": 2.0, ""target_r"": 2.0, ""risk"": 5.123496338623227, ""theo"": 4887.123496338623}",VWAP_MR,420,ES,5.873496338623227,1.8765036613767734,False,STOP_HIT,-5.703496338623227,-1.1132039454439926,4882.0,4897.37048901587,2024-01-22
ES_VWAP_MR_V2_PORT,bearish,4884.850140433865,1706022300,4887.0,1706022720,"{""sigma"": 2.0, ""target_r"": 2.0, ""risk"": 2.149859566135092, ""theo"": 4884.850140433865}",VWAP_MR,420,ES,2.649859566135092,3.100140433864908,False,STOP_HIT,-2.729859566135092,-1.269785063701949,4887.0,4880.550421301595,2024-01-23
ES_VWAP_MR_V2_PORT,bearish,4923.498022565757,1706111400,4931.75,1706117700,"{""sigma"": 2.0, ""target_r"": 2.0, ""risk"": 8.25197743424269, ""theo"": 4923.498022565757}",VWAP_MR,6300,ES,8.25197743424269,3.49802256575731,False,STOP_HIT,-8.83197743424269,-1.0702861834780608,4931.75,4906.994067697272,2024-01-24
ES_VWAP_MR_V2_PORT,bearish,4919.040330695285,1706195700,4922.75,1706196000,"{""sigma"": 2.0, ""target_r"": 2.0, ""risk"": 3.709669304715135, ""theo"": 4919.040330695285}",VWAP_MR,300,ES,4.459669304715135,0.7903306952848652,False,STOP_HIT,-4.289669304715135,-1.156348168086788,4922.75,4911.620992085855,2024-01-25
ES_VWAP_MR_V2_PORT,bullish,4912.486487058094,1706291700,4909.25,1706294520,"{""sigma"": 2.0, ""target_r"": 2.0, ""risk"": 3.2364870580940988, ""theo"": 4912.486487058094}",VWAP_MR,2820,ES,3.2364870580940988,5.013512941905901,False,STOP_HIT,-3.816487058094099,-1.1792066489342152,4909.25,4918.959461174282,2024-01-26
ES_VWAP_MR_V2_PORT,bullish,4918.303803300841,1706541600,4919.411409902522,1706541600,"{""sigma"": 2.0, ""target_r"": 2.0, ""risk"": 0.5538033008406273, ""theo"": 4918.303803300841}",VWAP_MR,0,ES,0.0,5.946196699159373,False,TARGET_HIT,0.5276066016812546,0.9526967442779624,4917.75,4919.411409902522,2024-01-29
ES_VWAP_MR_V2_PORT,bullish,4945.752998221374,1706630700,4949.258994664121,1706631660,"{""sigma"": 2.0, ""target_r"": 2.0, ""risk"": 1.752998221373673, ""theo"": 4945.752998221374}",VWAP_MR,960,ES,0.502998221373673,3.997001778626327,False,TARGET_HIT,2.925996442747346,1.669138283810976,4944.0,4949.258994664121,2024-01-30
ES_VWAP_MR_V2_PORT,bullish,4905.186941958073,1706715900,4908.060825874218,1706716140,"{""sigma"": 2.0, ""target_r"": 2.0, ""risk"": 1.4369419580725662, ""theo"": 4905.186941958073}",VWAP_MR,240,ES,0.1869419580725662,3.063058041927434,False,TARGET_HIT,2.2938839161451323,1.5963650467984247,4903.75,4908.060825874218,2024-01-31
ES_VWAP_MR_V2_PORT,bearish,4893.749413291262,1706800500,4897.0,1706800560,"{""sigma"": 2.0, ""target_r"": 2.0, ""risk"": 3.2505867087384104, ""theo"": 4893.749413291262}",VWAP_MR,60,ES,3.2505867087384104,0.0,False,STOP_HIT,-3.8305867087384105,-1.178429327370598,4897.0,4887.248239873785,2024-02-01
ES_VWAP_MR_V2_PORT,bearish,4946.551265828642,1706887800,4950.0,1706888400,"{""sigma"": 2.0, ""target_r"": 2.0, ""risk"": 3.44873417135841, ""theo"": 4946.551265828642}",VWAP_MR,600,ES,5.94873417135841,6.80126582864159,False,STOP_HIT,-4.02873417135841,-1.1681776475603354,4950.0,4939.653797485925,2024-02-02
ES_VWAP_MR_V2_PORT,bullish,4947.597417512569,1707146700,4942.75,1707147660,"{""sigma"": 2.0, ""target_r"": 2.0, ""risk"": 4.847417512569336, ""theo"": 4947.597417512569}",VWAP_MR,960,ES,5.347417512569336,2.9025824874306636,False,STOP_HIT,-5.4274175125693365,-1.1196513398105408,4942.75,4957.292252537708,2024-02-05
ES_VWAP_MR_V2_PORT,bullish,5009.822108099194,1707406200,5008.5,1707406320,"{""sigma"": 2.0, ""target_r"": 2.0, ""risk"": 1.3221080991943381, ""theo"": 5009.822108099194}",VWAP_MR,120,ES,1.8221080991943381,1.4278919008056619,False,STOP_HIT,-1.9021080991943382,-1.4386933264787036,5008.5,5012.466324297583,2024-02-08
ES_VWAP_MR_V2_PORT,bearish,5025.44892342855,1707491100,5028.75,1707491880,"{""sigma"": 2.0, ""target_r"": 2.0, ""risk"": 3.301076571449812, ""theo"": 5025.44892342855}",VWAP_MR,780,ES,4.301076571449812,1.698923428550188,False,STOP_HIT,-3.881076571449812,-1.1757002564000711,5028.75,5018.846770285651,2024-02-09
ES_VWAP_MR_V2_PORT,bearish,5045.193381295387,1707751500,5044.08014388616,1707751500,"{""sigma"": 2.0, ""target_r"": 2.0, ""risk"": 0.5566187046133564, ""theo"": 5045.193381295387}",VWAP_MR,0,ES,0.0,1.9433812953866436,False,TARGET_HIT,0.5332374092267127,0.9579940537519576,5045.75,5044.08014388616,2024-02-12
ES_VWAP_MR_V2_PORT,bullish,4965.855667969393,1707837000,4964.0,1707837300,"{""sigma"": 2.0, ""target_r"": 2.0, ""risk"": 1.8556679693929254, ""theo"": 4965.855667969393}",VWAP_MR,300,ES,2.3556679693929254,2.3943320306070746,False,STOP_HIT,-2.4356679693929255,-1.3125559149408312,4964.0,4969.567003908179,2024-02-13
ES_VWAP_MR_V2_PORT,bearish,5001.214362356204,1707925200,4985.643087068613,1707926400,"{""sigma"": 2.0, ""target_r"": 2.0, ""risk"": 7.785637643795781, ""theo"": 5001.214362356204}",VWAP_MR,1200,ES,1.5356376437957806,19.46436235620422,False,TARGET_HIT,14.991275287591561,1.9255038538221476,5009.0,4985.643087068613,2024-02-14
ES_VWAP_MR_V2_PORT,bullish,5019.935447622232,1708013700,5032.306342866695,1708020480,"{""sigma"": 2.0, ""target_r"": 2.0, ""risk"": 6.18544762223155, ""theo"": 5019.935447622232}",VWAP_MR,6780,ES,2.6854476222315498,14.56455237776845,False,TARGET_HIT,11.7908952444631,1.906231523501164,5013.75,5032.306342866695,2024-02-15
ES_VWAP_MR_V2_PORT,bearish,5044.631632598403,1708101000,5046.25,1708101000,"{""sigma"": 2.0, ""target_r"": 2.0, ""risk"": 1.6183674015974248, ""theo"": 5044.631632598403}",VWAP_MR,0,ES,2.8683674015974248,0.13163259840257524,False,STOP_HIT,-2.198367401597425,-1.358385864314559,5046.25,5041.394897795208,2024-02-16
ES_VWAP_MR_V2_PORT,bullish,4978.592862603778,1708450200,4972.0,1708450680,"{""sigma"": 2.0, ""target_r"": 2.0, ""risk"": 6.592862603777576, ""theo"": 4978.592862603778}",VWAP_MR,480,ES,7.342862603777576,0.6571373962224243,False,STOP_HIT,-7.172862603777576,-1.087973924963592,4972.0,4991.778587811333,2024-02-20
ES_VWAP_MR_V2_PORT,bearish,4981.063210233578,1708528500,4984.75,1708531920,"{""sigma"": 2.0, ""target_r"": 2.0, ""risk"": 3.6867897664224074, ""theo"": 4981.063210233578}",VWAP_MR,3420,ES,4.686789766422407,6.813210233577593,False,STOP_HIT,-4.2667897664224075,-1.1573184360232238,4984.75,4973.689630700733,2024-02-21
ES_VWAP_MR_V2_PORT,bearish,5085.903426628631,1708625700,5088.5,1708626300,"{""sigma"": 2.0, ""target_r"": 2.0, ""risk"": 2.5965733713692316, ""theo"": 5085.903426628631}",VWAP_MR,600,ES,3.5965733713692316,2.4034266286307684,False,STOP_HIT,-3.1765733713692317,-1.2233713117431197,5088.5,5080.710279885892,2024-02-22
ES_VWAP_MR_V2_PORT,bullish,5115.850955174555,1708702800,5111.75,1708702980,"{""sigma"": 2.0, ""target_r"": 2.0, ""risk"": 4.100955174554656, ""theo"": 5115.850955174555}",VWAP_MR,180,ES,4.100955174554656,2.649044825445344,False,STOP_HIT,-4.680955174554656,-1.1414304656629135,5111.75,5124.052865523664,2024-02-23
ES_VWAP_MR_V2_PORT,bullish,5100.022159452466,1708960800,5098.25,1708961400,"{""sigma"": 2.0, ""target_r"": 2.0, ""risk"": 1.7721594524664397, ""theo"": 5100.022159452466}",VWAP_MR,600,ES,2.7721594524664397,3.4778405475335603,False,STOP_HIT,-2.3521594524664398,-1.327284319248346,5098.25,5103.566478357399,2024-02-26
ES_VWAP_MR_V2_PORT,bullish,5074.825617049702,1709055000,5072.75,1709055540,"{""sigma"": 2.0, ""target_r"": 2.0, ""risk"": 2.0756170497015773, ""theo"": 5074.825617049702}",VWAP_MR,540,ES,3.0756170497015773,2.4243829502984227,False,STOP_HIT,-2.6556170497015774,-1.2794349757742594,5072.75,5078.976851149105,2024-02-27
ES_VWAP_MR_V2_PORT,bullish,5080.490629166042,1709225100,5101.471887498125,1709238960,"{""sigma"": 2.0, ""target_r"": 2.0, ""risk"": 10.4906291660418, ""theo"": 5080.490629166042}",VWAP_MR,13860,ES,5.990629166041799,21.0093708339582,False,TARGET_HIT,20.4012583320836,1.9447125629149622,5070.0,5101.471887498125,2024-02-29
ES_VWAP_MR_V2_PORT,bearish,5118.109523261699,1709307600,5121.0,1709307900,"{""sigma"": 2.0, ""target_r"": 2.0, ""risk"": 2.890476738301004, ""theo"": 5118.109523261699}",VWAP_MR,300,ES,2.890476738301004,4.859523261698996,False,STOP_HIT,-3.470476738301004,-1.2006589405528028,5121.0,5112.328569785097,2024-03-01
ES_VWAP_MR_V2_PORT,bearish,5141.480708212728,1709567400,5144.25,1709572680,"{""sigma"": 2.0, ""target_r"": 2.0, ""risk"": 2.769291787271868, ""theo"": 5141.480708212728}",VWAP_MR,5280,ES,2.769291787271868,4.480708212728132,False,STOP_HIT,-3.349291787271868,-1.2094398295859532,5144.25,5135.942124638184,2024-03-04
ES_VWAP_MR_V2_PORT,bullish,5094.0045867050385,1709653500,5090.75,1709653740,"{""sigma"": 2.0, ""target_r"": 2.0, ""risk"": 3.2545867050384913, ""theo"": 5094.0045867050385}",VWAP_MR,240,ES,5.004586705038491,2.9954132949615087,False,STOP_HIT,-3.8345867050384914,-1.1782100317383126,5090.75,5100.5137601151155,2024-03-05
ES_VWAP_MR_V2_PORT,bullish,5104.4821984117625,1709737800,5117.9465952352875,1709740560,"{""sigma"": 2.0, ""target_r"": 2.0, ""risk"": 6.732198411762511, ""theo"": 5104.4821984117625}",VWAP_MR,2760,ES,3.7321984117625107,14.01780158823749,False,TARGET_HIT,12.884396823525021,1.9138468647943259,5097.75,5117.9465952352875,2024-03-06
ES_VWAP_MR_V2_PORT,bearish,5152.150001389842,1709825700,5154.25,1709825940,"{""sigma"": 2.0, ""target_r"": 2.0, ""risk"": 2.0999986101578543, ""theo"": 5152.150001389842}",VWAP_MR,240,ES,2.3499986101578543,1.6500013898421457,False,STOP_HIT,-2.6799986101578543,-1.2761906589816276,5154.25,5147.950004169526,2024-03-07
ES_VWAP_MR_V2_PORT,bullish,5160.264558961563,1709915700,5151.0,1709916480,"{""sigma"": 2.0, ""target_r"": 2.0, ""risk"": 9.264558961563125, ""theo"": 5160.264558961563}",VWAP_MR,780,ES,10.514558961563125,2.985441038436875,False,STOP_HIT,-9.844558961563125,-1.0626041673873854,5151.0,5178.793676884689,2024-03-08
ES_VWAP_MR_V2_PORT,bullish,5106.785238239279,1710167400,5117.0,1710186900,"{""sigma"": 2.0, ""target_r"": 2.0, ""risk"": 11.285238239279352, ""theo"": 5106.785238239279}",VWAP_MR,19500,ES,7.7852382392793515,22.21476176072065,False,TIME_EXIT,9.634761760720648,0.853749079677019,5095.5,5129.355714717838,2024-03-11
ES_VWAP_MR_V2_PORT,bearish,5240.794101286363,1710350400,5245.25,1710351000,"{""sigma"": 2.0, ""target_r"": 2.0, ""risk"": 4.455898713636998, ""theo"": 5240.794101286363}",VWAP_MR,600,ES,5.205898713636998,1.5441012863630021,False,STOP_HIT,-5.035898713636998,-1.130164538575562,5245.25,5231.882303859089,2024-03-13
ES_VWAP_MR_V2_PORT,bullish,5201.44476940655,1710437100,5204.834308219651,1710437100,"{""sigma"": 2.0, ""target_r"": 2.0, ""risk"": 1.694769406550222, ""theo"": 5201.44476940655}",VWAP_MR,0,ES,0.0,4.555230593449778,False,TARGET_HIT,2.8095388131004437,1.6577705511095957,5199.75,5204.834308219651,2024-03-14
ES_VWAP_MR_V2_PORT,bearish,5197.879557738576,1710514500,5190.138673215729,1710515280,"{""sigma"": 2.0, ""target_r"": 2.0, ""risk"": 3.8704422614237046, ""theo"": 5197.879557738576}",VWAP_MR,780,ES,2.6204422614237046,8.379557738576295,False,TARGET_HIT,7.160884522847409,1.850146324160213,5201.75,5190.138673215729,2024-03-15
ES_VWAP_MR_V2_PORT,bullish,5224.646361058512,1710770700,5228.939083175537,1710770820,"{""sigma"": 2.0, ""target_r"": 2.0, ""risk"": 2.1463610585124115, ""theo"": 5224.646361058512}",VWAP_MR,120,ES,0.14636105851241155,5.6036389414875885,False,TARGET_HIT,3.712722117024823,1.7297751942993302,5222.5,5228.939083175537,2024-03-18
ES_VWAP_MR_V2_PORT,bearish,5207.74665643707,1710861600,5210.5,1710862020,"{""sigma"": 2.0, ""target_r"": 2.0, ""risk"": 2.7533435629302403, ""theo"": 5207.74665643707}",VWAP_MR,420,ES,3.7533435629302403,1.4966564370697597,False,STOP_HIT,-3.3333435629302404,-1.210652970377128,5210.5,5202.239969311209,2024-03-19
ES_VWAP_MR_V2_PORT,bearish,5242.056787338743,1710945300,5247.75,1710957600,"{""sigma"": 2.0, ""target_r"": 2.0, ""risk"": 5.693212661257348, ""theo"": 5242.056787338743}",VWAP_MR,12300,ES,9.693212661257348,9.056787338742652,False,STOP_HIT,-6.273212661257348,-1.1018756955887024,5247.75,5230.670362016228,2024-03-20
ES_VWAP_MR_V2_PORT,bearish,5319.995924532491,1711032900,5317.487773597472,1711033140,"{""sigma"": 2.0, ""target_r"": 2.0, ""risk"": 1.2540754675092103, ""theo"": 5319.995924532491}",VWAP_MR,240,ES,0.7540754675092103,3.4959245324907897,False,TARGET_HIT,1.9281509350184205,1.5375078972304828,5321.25,5317.487773597472,2024-03-21
ES_VWAP_MR_V2_PORT,bullish,5293.750743673033,1711119600,5290.75,1711119600,"{""sigma"": 2.0, ""target_r"": 2.0, ""risk"": 3.0007436730329573, ""theo"": 5293.750743673033}",VWAP_MR,0,ES,4.000743673032957,0.0,False,STOP_HIT,-3.5807436730329574,-1.193285419615256,5290.75,5299.752231019099,2024-03-22
ES_VWAP_MR_V2_PORT,bearish,5284.030709176409,1711376400,5286.5,1711376460,"{""sigma"": 2.0, ""target_r"": 2.0, ""risk"": 2.469290823591109, ""theo"": 5284.030709176409}",VWAP_MR,60,ES,3.469290823591109,0.2807091764088909,False,STOP_HIT,-3.049290823591109,-1.2348852530689365,5286.5,5279.092127529227,2024-03-25
ES_VWAP_MR_V2_PORT,bearish,5292.304866372763,1711463100,5287.9145991182895,1711463340,"{""sigma"": 2.0, ""target_r"": 2.0, ""risk"": 2.195133627236828, ""theo"": 5292.304866372763}",VWAP_MR,240,ES,0.44513362723682803,4.554866372763172,False,TARGET_HIT,3.810267254473656,1.7357791831880014,5294.5,5287.9145991182895,2024-03-26
ES_VWAP_MR_V2_PORT,bullish,5277.292269911961,1711548600,5274.0,1711548720,"{""sigma"": 2.0, ""target_r"": 2.0, ""risk"": 3.2922699119608296, ""theo"": 5277.292269911961}",VWAP_MR,120,ES,4.54226991196083,1.4577300880391704,False,STOP_HIT,-3.8722699119608297,-1.176170245912359,5274.0,5283.8768097358825,2024-03-27
ES_VWAP_MR_V2_PORT,bearish,5315.139752155768,1711652700,5318.75,1711653960,"{""sigma"": 2.0, ""target_r"": 2.0, ""risk"": 3.610247844231708, ""theo"": 5315.139752155768}",VWAP_MR,1260,ES,5.360247844231708,4.139752155768292,False,STOP_HIT,-4.190247844231708,-1.160653790272792,5318.75,5307.919256467305,2024-03-28
ES_VWAP_MR_V2_PORT,bullish,5307.7069031874835,1711980900,5304.5,1711981080,"{""sigma"": 2.0, ""target_r"": 2.0, ""risk"": 3.2069031874834764, ""theo"": 5307.7069031874835}",VWAP_MR,180,ES,3.4569031874834764,4.793096812516524,False,STOP_HIT,-3.7869031874834764,-1.1808598408158177,5304.5,5314.12070956245,2024-04-01
ES_VWAP_MR_V2_PORT,bearish,5269.045016537265,1712153400,5274.0,1712153700,"{""sigma"": 2.0, ""target_r"": 2.0, ""risk"": 4.954983462735072, ""theo"": 5269.045016537265}",VWAP_MR,300,ES,6.954983462735072,3.795016537264928,False,STOP_HIT,-5.534983462735072,-1.117053871998162,5274.0,5259.135049611795,2024-04-03
ES_VWAP_MR_V2_PORT,bearish,5234.0721237407015,1712330100,5248.5,1712331480,"{""sigma"": 2.0, ""target_r"": 2.0, ""risk"": 14.4278762592985, ""theo"": 5234.0721237407015}",VWAP_MR,1380,ES,15.4278762592985,2.8221237407014996,False,STOP_HIT,-15.0078762592985,-1.0401999566378455,5248.5,5205.2163712221045,2024-04-05
ES_VWAP_MR_V2_PORT,bearish,5260.353179485952,1712588400,5268.0,1712588400,"{""sigma"": 2.0, ""target_r"": 2.0, ""risk"": 7.646820514048159, ""theo"": 5260.353179485952}",VWAP_MR,0,ES,8.146820514048159,0.0,False,STOP_HIT,-8.226820514048159,-1.0758485175550372,5268.0,5245.0595384578555,2024-04-08
ES_VWAP_MR_V2_PORT,bearish,5207.649120100986,1712758500,5211.75,1712758740,"{""sigma"": 2.0, ""target_r"": 2.0, ""risk"": 4.100879899014217, ""theo"": 5207.649120100986}",VWAP_MR,240,ES,7.600879899014217,5.899120100985783,False,STOP_HIT,-4.680879899014217,-1.1414330617532649,5211.75,5199.447360302957,2024-04-10
ES_VWAP_MR_V2_PORT,bullish,5185.629588284677,1712845500,5193.388764854031,1712845860,"{""sigma"": 2.0, ""target_r"": 2.0, ""risk"": 3.8795882846770837, ""theo"": 5185.629588284677}",VWAP_MR,360,ES,1.1295882846770837,9.620411715322916,False,TARGET_HIT,7.179176569354167,1.8504996001016958,5181.75,5193.388764854031,2024-04-11
ES_VWAP_MR_V2_PORT,bullish,5200.973556032492,1712931300,5197.25,1712931300,"{""sigma"": 2.0, ""target_r"": 2.0, ""risk"": 3.723556032491615, ""theo"": 5200.973556032492}",VWAP_MR,0,ES,4.723556032491615,1.026443967508385,False,STOP_HIT,-4.303556032491615,-1.1557650791176342,5197.25,5208.420668097475,2024-04-12
ES_VWAP_MR_V2_PORT,bullish,5090.3258594208955,1713278700,5107.977578262687,1713282840,"{""sigma"": 2.0, ""target_r"": 2.0, ""risk"": 8.82585942089554, ""theo"": 5090.3258594208955}",VWAP_MR,4140,ES,4.82585942089554,20.67414057910446,False,TARGET_HIT,17.071718841791082,1.9342840201344214,5081.5,5107.977578262687,2024-04-16
ES_VWAP_MR_V2_PORT,bullish,5103.559935062979,1713363000,5097.5,1713363060,"{""sigma"": 2.0, ""target_r"": 2.0, ""risk"": 6.059935062979093, ""theo"": 5103.559935062979}",VWAP_MR,60,ES,6.309935062979093,0.9400649370209067,False,STOP_HIT,-6.639935062979093,-1.0957105965612228,5097.5,5115.679805188937,2024-04-17
ES_VWAP_MR_V2_PORT,bullish,5047.255010452033,1713461700,5041.75,1713463740,"{""sigma"": 2.0, ""target_r"": 2.0, ""risk"": 5.505010452033275, ""theo"": 5047.255010452033}",VWAP_MR,2040,ES,5.505010452033275,6.994989547966725,False,STOP_HIT,-6.085010452033275,-1.1053585647209403,5041.75,5058.2650313561,2024-04-18
ES_VWAP_MR_V2_PORT,bullish,5042.095273210039,1713537000,5028.5,1713537480,"{""sigma"": 2.0, ""target_r"": 2.0, ""risk"": 13.595273210038613, ""theo"": 5042.095273210039}",VWAP_MR,480,ES,13.845273210038613,0.4047267899613871,False,STOP_HIT,-14.175273210038613,-1.0426618863070536,5028.5,5069.285819630116,2024-04-19
ES_VWAP_MR_V2_PORT,bullish,5021.007472089478,1713796800,5014.0,1713797520,"{""sigma"": 2.0, ""target_r"": 2.0, ""risk"": 7.007472089478142, ""theo"": 5021.007472089478}",VWAP_MR,720,ES,7.757472089478142,4.242527910521858,False,STOP_HIT,-7.587472089478142,-1.0827687920257123,5014.0,5035.022416268434,2024-04-22
ES_VWAP_MR_V2_PORT,bearish,5101.650589180669,1713884100,5103.5,1713884220,"{""sigma"": 2.0, ""target_r"": 2.0, ""risk"": 1.849410819330842, ""theo"": 5101.650589180669}",VWAP_MR,120,ES,3.599410819330842,2.650589180669158,False,STOP_HIT,-2.429410819330842,-1.3136133918638244,5103.5,5097.9517675420075,2024-04-23
ES_VWAP_MR_V2_PORT,bullish,5104.198153957943,1713970800,5100.75,1713970920,"{""sigma"": 2.0, ""target_r"": 2.0, ""risk"": 3.44815395794285, ""theo"": 5104.198153957943}",VWAP_MR,120,ES,4.19815395794285,0.80184604205715,False,STOP_HIT,-4.02815395794285,-1.1682059464496837,5100.75,5111.094461873829,2024-04-24
ES_VWAP_MR_V2_PORT,bullish,5029.62451377269,1714053900,5044.37354131807,1714055280,"{""sigma"": 2.0, ""target_r"": 2.0, ""risk"": 7.374513772690079, ""theo"": 5029.62451377269}",VWAP_MR,1380,ES,3.3745137726900793,15.37548622730992,False,TARGET_HIT,14.169027545380159,1.9213507469268136,5022.25,5044.37354131807,2024-04-25
ES_VWAP_MR_V2_PORT,bearish,5132.597553805577,1714141200,5135.0,1714141200,"{""sigma"": 2.0, ""target_r"": 2.0, ""risk"": 2.402446194422737, ""theo"": 5132.597553805577}",VWAP_MR,0,ES,3.402446194422737,0.0,False,STOP_HIT,-2.982446194422737,-1.2414205992818763,5135.0,5127.792661416732,2024-04-26
ES_VWAP_MR_V2_PORT,bullish,5137.4470914796675,1714417200,5132.25,1714417200,"{""sigma"": 2.0, ""target_r"": 2.0, ""risk"": 5.197091479667506, ""theo"": 5137.4470914796675}",VWAP_MR,0,ES,5.197091479667506,4.552908520332494,False,STOP_HIT,-5.777091479667506,-1.1116008833535305,5132.25,5147.8412744390025,2024-04-29
ES_VWAP_MR_V2_PORT,bullish,5129.704840962644,1714487700,5136.614522887932,1714488300,"{""sigma"": 2.0, ""target_r"": 2.0, ""risk"": 3.4548409626440844, ""theo"": 5129.704840962644}",VWAP_MR,600,ES,2.7048409626440844,7.295159037355916,False,TARGET_HIT,6.329681925288169,1.8321196239504727,5126.25,5136.614522887932,2024-04-30
ES_VWAP_MR_V2_PORT,bearish,5060.708808637697,1714587300,5066.75,1714587960,"{""sigma"": 2.0, ""target_r"": 2.0, ""risk"": 6.041191362302925, ""theo"": 5060.708808637697}",VWAP_MR,660,ES,9.041191362302925,4.458808637697075,False,STOP_HIT,-6.621191362302925,-1.0960075530166458,5066.75,5048.626425913091,2024-05-01
ES_VWAP_MR_V2_PORT,bearish,5079.407469148417,1714671300,5085.25,1714673220,"{""sigma"": 2.0, ""target_r"": 2.0, ""risk"": 5.842530851583433, ""theo"": 5079.407469148417}",VWAP_MR,1920,ES,6.092530851583433,4.157469148416567,False,STOP_HIT,-6.422530851583433,-1.0992720474625837,5085.25,5067.72240744525,2024-05-02
ES_VWAP_MR_V2_PORT,bearish,5159.295568953978,1714760100,5161.0,1714760280,"{""sigma"": 2.0, ""target_r"": 2.0, ""risk"": 1.7044310460223642, ""theo"": 5159.295568953978}",VWAP_MR,180,ES,1.9544310460223642,1.0455689539776358,False,STOP_HIT,-2.2844310460223642,-1.3402895067850047,5161.0,5155.886706861933,2024-05-03
ES_VWAP_MR_V2_PORT,bearish,5187.770236668555,1715016600,5191.0,1715017560,"{""sigma"": 2.0, ""target_r"": 2.0, ""risk"": 3.229763331444701, ""theo"": 5187.770236668555}",VWAP_MR,960,ES,3.479763331444701,1.0202366685552988,False,STOP_HIT,-3.8097633314447013,-1.1795797216325943,5191.0,5181.310710005666,2024-05-06
ES_VWAP_MR_V2_PORT,bullish,5213.987459459673,1715090700,5220.962378379019,1715093640,"{""sigma"": 2.0, ""target_r"": 2.0, ""risk"": 3.4874594596731185, ""theo"": 5213.987459459673}",VWAP_MR,2940,ES,1.2374594596731185,7.0125405403268815,False,TARGET_HIT,6.394918919346237,1.833689823005322,5210.5,5220.962378379019,2024-05-07
ES_VWAP_MR_V2_PORT,bearish,5214.4516228997445,1715180100,5208.8548686992335,1715181300,"{""sigma"": 2.0, ""target_r"": 2.0, ""risk"": 2.798377100255493, ""theo"": 5214.4516228997445}",VWAP_MR,1200,ES,2.298377100255493,6.451622899744507,False,TARGET_HIT,5.016754200510986,1.7927370117676256,5217.25,5208.8548686992335,2024-05-08
ES_VWAP_MR_V2_PORT,bearish,5216.651772339991,1715263800,5219.75,1715263860,"{""sigma"": 2.0, ""target_r"": 2.0, ""risk"": 3.098227660008888, ""theo"": 5216.651772339991}",VWAP_MR,60,ES,3.848227660008888,0.0,False,STOP_HIT,-3.678227660008888,-1.1872038028342746,5219.75,5210.455317019973,2024-05-09
ES_VWAP_MR_V2_PORT,bullish,5250.450887824086,1715351100,5246.5,1715351280,"{""sigma"": 2.0, ""target_r"": 2.0, ""risk"": 3.9508878240858394, ""theo"": 5250.450887824086}",VWAP_MR,180,ES,7.200887824085839,0.049112175914160616,False,STOP_HIT,-4.5308878240858395,-1.1468024468991855,5246.5,5258.3526634722575,2024-05-10
ES_VWAP_MR_V2_PORT,bullish,5245.510676917706,1715615400,5240.0,1715619960,"{""sigma"": 2.0, ""target_r"": 2.0, ""risk"": 5.510676917706405, ""theo"": 5245.510676917706}",VWAP_MR,4560,ES,7.510676917706405,4.489323082293595,False,STOP_HIT,-6.090676917706405,-1.105250227632906,5240.0,5256.532030753119,2024-05-13
ES_VWAP_MR_V2_PORT,bearish,5253.158317174068,1715696400,5248.474951522203,1715696400,"{""sigma"": 2.0, ""target_r"": 2.0, ""risk"": 2.3416828259323665, ""theo"": 5253.158317174068}",VWAP_MR,0,ES,0.0,6.4083171740676335,False,TARGET_HIT,4.103365651864733,1.752314876473902,5255.5,5248.474951522203,2024-05-14
ES_VWAP_MR_V2_PORT,bearish,5305.972737755138,1715784900,5308.0,1715785200,"{""sigma"": 2.0, ""target_r"": 2.0, ""risk"": 2.0272622448619586, ""theo"": 5305.972737755138}",VWAP_MR,300,ES,2.2772622448619586,1.2227377551380414,False,STOP_HIT,-2.6072622448619587,-1.2861001340453089,5308.0,5301.918213265414,2024-05-15
ES_VWAP_MR_V2_PORT,bearish,5335.7408513028995,1715868300,5334.7225539086985,1715868300,"{""sigma"": 2.0, ""target_r"": 2.0, ""risk"": 0.5091486971004997, ""theo"": 5335.7408513028995}",VWAP_MR,0,ES,0.009148697100499703,1.2408513028995003,False,TARGET_HIT,0.43829739420099945,0.8608435938204609,5336.25,5334.7225539086985,2024-05-16
ES_VWAP_MR_V2_PORT,bearish,5322.880190463736,1715957700,5317.640571391207,1715958240,"{""sigma"": 2.0, ""target_r"": 2.0, ""risk"": 2.619809536264256, ""theo"": 5322.880190463736}",VWAP_MR,540,ES,1.8698095362642562,6.630190463735744,False,TARGET_HIT,4.659619072528512,1.7786098600026257,5325.5,5317.640571391207,2024-05-17
ES_VWAP_MR_V2_PORT,bullish,5330.580094078301,1716228900,5330.25,1716234900,"{""sigma"": 2.0, ""target_r"": 2.0, ""risk"": 6.830094078301045, ""theo"": 5330.580094078301}",VWAP_MR,6000,ES,3.3300940783010446,6.169905921698955,False,TIME_EXIT,-0.9100940783010447,-0.13324766362917018,5323.75,5344.240282234903,2024-05-20
ES_VWAP_MR_V2_PORT,bearish,5329.117008627346,1716300900,5331.75,1716301680,"{""sigma"": 2.0, ""target_r"": 2.0, ""risk"": 2.6329913726540326, ""theo"": 5329.117008627346}",VWAP_MR,780,ES,2.6329913726540326,0.3670086273459674,False,STOP_HIT,-3.2129913726540327,-1.2202817700140678,5331.75,5323.851025882038,2024-05-21
ES_VWAP_MR_V2_PORT,bearish,5343.70451765772,1716391200,5341.113552973161,1716391680,"{""sigma"": 2.0, ""target_r"": 2.0, ""risk"": 1.2954823422796835, ""theo"": 5343.70451765772}",VWAP_MR,480,ES,0.04548234227968351,2.7045176577203165,False,TARGET_HIT,2.010964684559367,1.552290308350044,5345.0,5341.113552973161,2024-05-22
ES_VWAP_MR_V2_PORT,bullish,5283.276494495492,1716492000,5286.25,1716494100,"{""sigma"": 2.0, ""target_r"": 2.0, ""risk"": 8.276494495492443, ""theo"": 5283.276494495492}",VWAP_MR,2100,ES,6.776494495492443,5.973505504507557,False,TIME_EXIT,2.393505504507557,0.2891931488398997,5275.0,5299.829483486477,2024-05-23
ES_VWAP_MR_V2_PORT,bearish,5309.269932404561,1716561600,5313.5,1716562440,"{""sigma"": 2.0, ""target_r"": 2.0, ""risk"": 4.230067595439323, ""theo"": 5309.269932404561}",VWAP_MR,840,ES,4.730067595439323,4.769932404560677,False,STOP_HIT,-4.810067595439323,-1.1371136481661266,5313.5,5300.809797213682,2024-05-24
ES_VWAP_MR_V2_PORT,bullish,5318.131677097891,1716919500,5311.0,1716920700,"{""sigma"": 2.0, ""target_r"": 2.0, ""risk"": 7.131677097891043, ""theo"": 5318.131677097891}",VWAP_MR,1200,ES,9.631677097891043,1.6183229021089574,False,STOP_HIT,-7.711677097891043,-1.0813272939925331,5311.0,5332.395031293673,2024-05-28
ES_VWAP_MR_V2_PORT,bearish,5296.507045286677,1716993900,5293.02113586003,1716993960,"{""sigma"": 2.0, ""target_r"": 2.0, ""risk"": 1.7429547133233427, ""theo"": 5296.507045286677}",VWAP_MR,60,ES,0.0,3.5070452866766573,False,TARGET_HIT,2.9059094266466854,1.6672317441374611,5298.25,5293.02113586003,2024-05-29
ES_VWAP_MR_V2_PORT,bullish,5262.553045964899,1717078800,5258.0,1717079940,"{""sigma"": 2.0, ""target_r"": 2.0, ""risk"": 4.553045964898956, ""theo"": 5262.553045964899}",VWAP_MR,1140,ES,5.553045964898956,4.696954035101044,False,STOP_HIT,-5.133045964898956,-1.127387248991428,5258.0,5271.659137894697,2024-05-30
ES_VWAP_MR_V2_PORT,bullish,5231.940788981767,1717165800,5230.25,1717165800,"{""sigma"": 2.0, ""target_r"": 2.0, ""risk"": 1.6907889817666728, ""theo"": 5231.940788981767}",VWAP_MR,0,ES,3.690788981766673,1.0592110182333272,False,STOP_HIT,-2.270788981766673,-1.343035119257738,5230.25,5235.3223669453,2024-05-31
ES_VWAP_MR_V2_PORT,bullish,5276.012816806918,1717515600,5271.5,1717516800,"{""sigma"": 2.0, ""target_r"": 2.0, ""risk"": 4.512816806917726, ""theo"": 5276.012816806918}",VWAP_MR,1200,ES,4.512816806917726,2.2371831930822736,False,STOP_HIT,-5.092816806917726,-1.1285228328149537,5271.5,5285.038450420753,2024-06-04
ES_VWAP_MR_V2_PORT,bearish,5327.893570531899,1717598400,5331.0,1717599600,"{""sigma"": 2.0, ""target_r"": 2.0, ""risk"": 3.1064294681009414, ""theo"": 5327.893570531899}",VWAP_MR,1200,ES,3.1064294681009414,3.6435705318990586,False,STOP_HIT,-3.6864294681009415,-1.186709534517316,5331.0,5321.680711595697,2024-06-05
ES_VWAP_MR_V2_PORT,bullish,5363.885626124777,1717682700,5367.156878374332,1717682760,"{""sigma"": 2.0, ""target_r"": 2.0, ""risk"": 1.6356261247774455, ""theo"": 5363.885626124777}",VWAP_MR,60,ES,0.1356261247774455,3.6143738752225545,False,TARGET_HIT,2.691252249554891,1.6453957348725285,5362.25,5367.156878374332,2024-06-06
ES_VWAP_MR_V2_PORT,bearish,5369.808732316983,1717772100,5380.75,1717780920,"{""sigma"": 2.0, ""target_r"": 2.0, ""risk"": 10.941267683017031, ""theo"": 5369.808732316983}",VWAP_MR,8820,ES,11.941267683017031,13.808732316982969,False,STOP_HIT,-11.521267683017031,-1.0530103107613638,5380.75,5347.926196950949,2024-06-07
ES_VWAP_MR_V2_PORT,bearish,5347.426458451339,1718028900,5351.5,1718029740,"{""sigma"": 2.0, ""target_r"": 2.0, ""risk"": 4.073541548660614, ""theo"": 5347.426458451339}",VWAP_MR,840,ES,4.323541548660614,0.17645845133938565,False,STOP_HIT,-4.653541548660614,-1.1423822472587042,5351.5,5339.279375354018,2024-06-10
ES_VWAP_MR_V2_PORT,bearish,5359.814488664256,1718119800,5362.0,1718119920,"{""sigma"": 2.0, ""target_r"": 2.0, ""risk"": 2.185511335744195, ""theo"": 5359.814488664256}",VWAP_MR,120,ES,2.185511335744195,1.064488664255805,False,STOP_HIT,-2.765511335744195,-1.2653841188165251,5362.0,5355.443465992767,2024-06-11
ES_VWAP_MR_V2_PORT,bearish,5452.924413768606,1718202900,5451.773241305819,1718202900,"{""sigma"": 2.0, ""target_r"": 2.0, ""risk"": 0.5755862313935722, ""theo"": 5452.924413768606}",VWAP_MR,0,ES,0.32558623139357223,1.4244137686064278,False,TARGET_HIT,0.5711724627871444,0.9923316987695457,5453.5,5451.773241305819,2024-06-12
ES_VWAP_MR_V2_PORT,bullish,5432.808169448235,1718287800,5429.75,1718287860,"{""sigma"": 2.0, ""target_r"": 2.0, ""risk"": 3.058169448235276, ""theo"": 5432.808169448235}",VWAP_MR,60,ES,3.308169448235276,0.9418305517647241,False,STOP_HIT,-3.638169448235276,-1.1896559395473296,5429.75,5438.924508344706,2024-06-13
ES_VWAP_MR_V2_PORT,bullish,5416.946923950707,1718375400,5409.25,1718375820,"{""sigma"": 2.0, ""target_r"": 2.0, ""risk"": 7.69692395070706, ""theo"": 5416.946923950707}",VWAP_MR,420,ES,7.69692395070706,2.3030760492929403,False,STOP_HIT,-8.27692395070706,-1.0753547785731623,5409.25,5432.340771852121,2024-06-14
ES_VWAP_MR_V2_PORT,bearish,5432.783461499886,1718634000,5436.5,1718634000,"{""sigma"": 2.0, ""target_r"": 2.0, ""risk"": 3.7165385001144386, ""theo"": 5432.783461499886}",VWAP_MR,0,ES,4.466538500114439,0.0,False,STOP_HIT,-4.296538500114439,-1.156059193247195,5436.5,5425.350384499657,2024-06-17
ES_VWAP_MR_V2_PORT,bullish,5481.579631423471,1718721000,5486.238894270414,1718721180,"{""sigma"": 2.0, ""target_r"": 2.0, ""risk"": 2.3296314234712554, ""theo"": 5481.579631423471}",VWAP_MR,180,ES,0.0796314234712554,5.920368576528745,False,TARGET_HIT,4.079262846942511,1.751033578034514,5479.25,5486.238894270414,2024-06-18
ES_VWAP_MR_V2_PORT,bullish,5558.304743635593,1718898900,5558.914230906778,1718898900,"{""sigma"": 2.0, ""target_r"": 2.0, ""risk"": 0.3047436355927857, ""theo"": 5558.304743635593}",VWAP_MR,0,ES,0.0,2.9452563644072143,False,TARGET_HIT,0.029487271185571484,0.09676090897915882,5558.0,5558.914230906778,2024-06-20
ES_VWAP_MR_V2_PORT,bearish,5539.879249916553,1718984700,5535.637749749659,1718984700,"{""sigma"": 2.0, ""target_r"": 2.0, ""risk"": 2.120750083447092, ""theo"": 5539.879249916553}",VWAP_MR,0,ES,0.0,5.129249916552908,False,TARGET_HIT,3.661500166894184,1.7265118579850478,5542.0,5535.637749749659,2024-06-21
ES_VWAP_MR_V2_PORT,bullish,5526.982540169552,1719251400,5532.447620508655,1719251760,"{""sigma"": 2.0, ""target_r"": 2.0, ""risk"": 2.732540169551612, ""theo"": 5526.982540169552}",VWAP_MR,360,ES,0.732540169551612,5.767459830448388,False,TARGET_HIT,4.885080339103224,1.7877432849980122,5524.25,5532.447620508655,2024-06-24
ES_VWAP_MR_V2_PORT,bearish,5527.326391718018,1719325200,5529.0,1719325920,"{""sigma"": 2.0, ""target_r"": 2.0, ""risk"": 1.6736082819816147, ""theo"": 5527.326391718018}",VWAP_MR,720,ES,2.9236082819816147,3.3263917180183853,False,STOP_HIT,-2.253608281981615,-1.346556602428651,5529.0,5523.979175154055,2024-06-25
ES_VWAP_MR_V2_PORT,bearish,5529.915431057302,1719411000,5532.5,1719411720,"{""sigma"": 2.0, ""target_r"": 2.0, ""risk"": 2.5845689426978424, ""theo"": 5529.915431057302}",VWAP_MR,720,ES,2.8345689426978424,1.6654310573021576,False,STOP_HIT,-3.1645689426978425,-1.2244087942164084,5532.5,5524.7462931719065,2024-06-26
ES_VWAP_MR_V2_PORT,bearish,5553.689538935758,1719499200,5551.068616807273,1719499200,"{""sigma"": 2.0, ""target_r"": 2.0, ""risk"": 1.3104610642421903, ""theo"": 5553.689538935758}",VWAP_MR,0,ES,0.06046106424219033,3.6895389357578097,False,TARGET_HIT,2.0409221284843806,1.557407682054712,5555.0,5551.068616807273,2024-06-27
ES_VWAP_MR_V2_PORT,bullish,5541.451858860297,1719593100,5535.5,1719598920,"{""sigma"": 2.0, ""target_r"": 2.0, ""risk"": 5.951858860296852, ""theo"": 5541.451858860297}",VWAP_MR,5820,ES,8.201858860296852,9.548141139703148,False,STOP_HIT,-6.531858860296852,-1.0974485473553506,5535.5,5553.355576580891,2024-06-28
ES_VWAP_MR_V2_PORT,bullish,5512.077931772129,1719844800,5505.5,1719845700,"{""sigma"": 2.0, ""target_r"": 2.0, ""risk"": 6.577931772128977, ""theo"": 5512.077931772129}",VWAP_MR,900,ES,7.577931772128977,3.172068227871023,False,STOP_HIT,-7.157931772128977,-1.0881736114165077,5505.5,5525.233795316387,2024-07-01
ES_VWAP_MR_V2_PORT,bearish,5537.035460484655,1719932400,5539.0,1719932760,"{""sigma"": 2.0, ""target_r"": 2.0, ""risk"": 1.964539515344768, ""theo"": 5537.035460484655}",VWAP_MR,360,ES,1.964539515344768,1.035460484655232,False,STOP_HIT,-2.544539515344768,-1.2952345806585686,5539.0,5533.106381453966,2024-07-02
ES_VWAP_MR_V2_PORT,bearish,5572.736648855276,1720015500,5580.0,1720019700,"{""sigma"": 2.0, ""target_r"": 2.0, ""risk"": 7.263351144723856, ""theo"": 5572.736648855276}",VWAP_MR,4200,ES,8.013351144723856,4.736648855276144,False,STOP_HIT,-7.843351144723856,-1.0798529478257863,5580.0,5558.209946565828,2024-07-03
ES_VWAP_MR_V2_PORT,bearish,5599.175054398326,1720188300,5592.025163194979,1720188480,"{""sigma"": 2.0, ""target_r"": 2.0, ""risk"": 3.5749456016737895, ""theo"": 5599.175054398326}",VWAP_MR,180,ES,1.3249456016737895,10.42505439832621,False,TARGET_HIT,6.569891203347579,1.8377597690637744,5602.75,5592.025163194979,2024-07-05
ES_VWAP_MR_V2_PORT,bullish,5630.704045647632,1720448700,5626.5,1720449300,"{""sigma"": 2.0, ""target_r"": 2.0, ""risk"": 4.204045647631574, ""theo"": 5630.704045647632}",VWAP_MR,600,ES,4.204045647631574,0.29595435236842604,False,STOP_HIT,-4.784045647631574,-1.1379623459433068,5626.5,5639.112136942895,2024-07-08
ES_VWAP_MR_V2_PORT,bullish,5635.835230424516,1720535400,5630.0,1720549920,"{""sigma"": 2.0, ""target_r"": 2.0, ""risk"": 5.8352304245163396, ""theo"": 5635.835230424516}",VWAP_MR,14520,ES,6.3352304245163396,9.91476957548366,False,STOP_HIT,-6.41523042451634,-1.0993962462156024,5630.0,5647.505691273549,2024-07-09
ES_VWAP_MR_V2_PORT,bearish,5647.685334779215,1720620900,5642.5560043376445,1720623300,"{""sigma"": 2.0, ""target_r"": 2.0, ""risk"": 2.564665220785173, ""theo"": 5647.685334779215}",VWAP_MR,2400,ES,2.314665220785173,6.185334779214827,False,TARGET_HIT,4.549330441570346,1.7738496255575873,5650.25,5642.5560043376445,2024-07-10
ES_VWAP_MR_V2_PORT,bearish,5691.199831154211,1720707000,5682.099493462633,1720707180,"{""sigma"": 2.0, ""target_r"": 2.0, ""risk"": 4.550168845788903, ""theo"": 5691.199831154211}",VWAP_MR,180,ES,0.3001688457889031,9.449831154211097,False,TARGET_HIT,8.520337691577806,1.8725322027254485,5695.75,5682.099493462633,2024-07-11
ES_VWAP_MR_V2_PORT,bearish,5703.230098508741,1720807200,5693.190295526224,1720812660,"{""sigma"": 2.0, ""target_r"": 2.0, ""risk"": 5.019901491258679, ""theo"": 5703.230098508741}",VWAP_MR,5460,ES,2.519901491258679,16.98009850874132,False,TARGET_HIT,9.459802982517358,1.8844598841212377,5708.25,5693.190295526224,2024-07-12
ES_VWAP_MR_V2_PORT,bearish,5695.859182495658,1721052900,5697.25,1721053740,"{""sigma"": 2.0, ""target_r"": 2.0, ""risk"": 1.3908175043416122, ""theo"": 5695.859182495658}",VWAP_MR,840,ES,1.6408175043416122,2.359182495658388,False,STOP_HIT,-1.9708175043416123,-1.4170209234421172,5697.25,5693.077547486975,2024-07-15
ES_VWAP_MR_V2_PORT,bullish,5696.631935034817,1721139600,5709.39580510445,1721142480,"{""sigma"": 2.0, ""target_r"": 2.0, ""risk"": 6.381935034816706, ""theo"": 5696.631935034817}",VWAP_MR,2880,ES,5.881935034816706,14.868064965183294,False,TARGET_HIT,12.183870069633413,1.9091184731847308,5690.25,5709.39580510445,2024-07-16
ES_VWAP_MR_V2_PORT,bullish,5658.315029651707,1721225700,5646.25,1721229960,"{""sigma"": 2.0, ""target_r"": 2.0, ""risk"": 12.065029651706936, ""theo"": 5658.315029651707}",VWAP_MR,4260,ES,13.065029651706936,2.9349703482930636,False,STOP_HIT,-12.645029651706936,-1.048072820104337,5646.25,5682.445088955121,2024-07-17
ES_VWAP_MR_V2_PORT,bearish,5653.8013222900645,1721312400,5638.9039668701935,1721313240,"{""sigma"": 2.0, ""target_r"": 2.0, ""risk"": 7.4486777099355095, ""theo"": 5653.8013222900645}",VWAP_MR,840,ES,5.9486777099355095,17.05132229006449,False,TARGET_HIT,14.317355419871019,1.9221338306493836,5661.25,5638.9039668701935,2024-07-18
ES_VWAP_MR_V2_PORT,bullish,5580.672018172006,1721400000,5572.0,1721400120,"{""sigma"": 2.0, ""target_r"": 2.0, ""risk"": 8.672018172005664, ""theo"": 5580.672018172006}",VWAP_MR,120,ES,9.422018172005664,0.3279818279943356,False,STOP_HIT,-9.252018172005664,-1.0668817786697347,5572.0,5598.016054516017,2024-07-19
ES_VWAP_MR_V2_PORT,bearish,5610.782279080058,1721671500,5608.346837240175,1721671500,"{""sigma"": 2.0, ""target_r"": 2.0, ""risk"": 1.217720919941712, ""theo"": 5610.782279080058}",VWAP_MR,0,ES,0.0,3.282279080058288,False,TARGET_HIT,1.855441839883424,1.5237003893899084,5612.0,5608.346837240175,2024-07-22
ES_VWAP_MR_V2_PORT,bullish,5482.427527006626,1721847600,5476.75,1721849280,"{""sigma"": 2.0, ""target_r"": 2.0, ""risk"": 5.677527006626406, ""theo"": 5482.427527006626}",VWAP_MR,1680,ES,6.427527006626406,2.5724729933735944,False,STOP_HIT,-6.257527006626406,-1.1021571538670032,5476.75,5493.782581019879,2024-07-24
ES_VWAP_MR_V2_PORT,bullish,5459.251805974686,1721917200,5512.755417924059,1721924220,"{""sigma"": 2.0, ""target_r"": 2.0, ""risk"": 26.75180597468625, ""theo"": 5459.251805974686}",VWAP_MR,7020,ES,11.501805974686249,55.49819402531375,False,TARGET_HIT,52.9236119493725,1.978319220745365,5432.5,5512.755417924059,2024-07-25
ES_VWAP_MR_V2_PORT,bearish,5488.811396559282,1722004200,5501.75,1722009480,"{""sigma"": 2.0, ""target_r"": 2.0, ""risk"": 12.938603440717998, ""theo"": 5488.811396559282}",VWAP_MR,5280,ES,15.938603440717998,17.061396559282002,False,STOP_HIT,-13.518603440717998,-1.0448270945668472,5501.75,5462.934189677846,2024-07-26
ES_VWAP_MR_V2_PORT,bullish,5501.461287528614,1722264300,5506.883862585842,1722264300,"{""sigma"": 2.0, ""target_r"": 2.0, ""risk"": 2.711287528613866, ""theo"": 5501.461287528614}",VWAP_MR,0,ES,0.0,7.538712471386134,False,TARGET_HIT,4.842575057227732,1.786079494012012,5498.75,5506.883862585842,2024-07-29
ES_VWAP_MR_V2_PORT,bullish,5508.82176467468,1722348600,5503.25,1722349320,"{""sigma"": 2.0, ""target_r"": 2.0, ""risk"": 5.571764674679798, ""theo"": 5508.82176467468}",VWAP_MR,720,ES,6.571764674679798,5.178235325320202,False,STOP_HIT,-6.151764674679798,-1.1040962843667355,5503.25,5519.965294024039,2024-07-30
ES_VWAP_MR_V2_PORT,bearish,5562.954852850753,1722437100,5555.364558552259,1722437400,"{""sigma"": 2.0, ""target_r"": 2.0, ""risk"": 3.7951471492469864, ""theo"": 5562.954852850753}",VWAP_MR,300,ES,0.5451471492469864,8.454852850753014,False,TARGET_HIT,7.010294298493973,1.8471732512097507,5566.75,5555.364558552259,2024-07-31
ES_VWAP_MR_V2_PORT,bullish,5527.576588919475,1722524100,5534.729766758426,1722524220,"{""sigma"": 2.0, ""target_r"": 2.0, ""risk"": 3.576588919475398, ""theo"": 5527.576588919475}",VWAP_MR,120,ES,0.32658891947539814,7.673411080524602,False,TARGET_HIT,6.573177838950796,1.837834312788434,5524.0,5534.729766758426,2024-08-01
ES_VWAP_MR_V2_PORT,bearish,5249.3552866750015,1722871800,5242.065860025004,1722871800,"{""sigma"": 2.0, ""target_r"": 2.0, ""risk"": 3.64471332499852, ""theo"": 5249.3552866750015}",VWAP_MR,0,ES,0.0,12.10528667500148,False,TARGET_HIT,6.70942664999704,1.8408653992011195,5253.0,5242.065860025004,2024-08-05
ES_VWAP_MR_V2_PORT,bearish,5269.7009192894575,1722953700,5283.25,1722954060,"{""sigma"": 2.0, ""target_r"": 2.0, ""risk"": 13.549080710542512, ""theo"": 5269.7009192894575}",VWAP_MR,360,ES,15.049080710542512,1.200919289457488,False,STOP_HIT,-14.129080710542512,-1.0428073322752225,5283.25,5242.6027578683725,2024-08-06
ES_VWAP_MR_V2_PORT,bearish,5352.9724219996915,1723039500,5340.4172659990745,1723040220,"{""sigma"": 2.0, ""target_r"": 2.0, ""risk"": 6.277578000308495, ""theo"": 5352.9724219996915}",VWAP_MR,720,ES,2.7775780003084947,13.722421999691505,False,TARGET_HIT,11.97515600061699,1.9076076792719265,5359.25,5340.4172659990745,2024-08-07
ES_VWAP_MR_V2_PORT,bearish,5353.883404274662,1723141500,5350.650212823986,1723141560,"{""sigma"": 2.0, ""target_r"": 2.0, ""risk"": 1.616595725337902, ""theo"": 5353.883404274662}",VWAP_MR,60,ES,0.616595725337902,4.383404274662098,False,TARGET_HIT,2.653191450675804,1.6412213697529305,5355.5,5350.650212823986,2024-08-08
ES_VWAP_MR_V2_PORT,bearish,5351.076143550314,1723213200,5337.728430650941,1723213860,"{""sigma"": 2.0, ""target_r"": 2.0, ""risk"": 6.673856449686355, ""theo"": 5351.076143550314}",VWAP_MR,660,ES,0.1738564496863546,14.826143550313645,False,TARGET_HIT,12.76771289937271,1.9130937255884104,5357.75,5337.728430650941,2024-08-09
ES_VWAP_MR_V2_PORT,bearish,5420.421458189426,1723561800,5426.25,1723562460,"{""sigma"": 2.0, ""target_r"": 2.0, ""risk"": 5.828541810574279, ""theo"": 5420.421458189426}",VWAP_MR,660,ES,6.078541810574279,0.6714581894257208,False,STOP_HIT,-6.408541810574279,-1.0995103095851093,5426.25,5408.764374568277,2024-08-13
ES_VWAP_MR_V2_PORT,bearish,5474.726810826485,1723652400,5480.0,1723665300,"{""sigma"": 2.0, ""target_r"": 2.0, ""risk"": 13.023189173514766, ""theo"": 5474.726810826485}",VWAP_MR,12900,ES,10.023189173514766,18.976810826485234,False,TIME_EXIT,-5.853189173514766,-0.44944361135584093,5487.75,5448.680432479456,2024-08-14
ES_VWAP_MR_V2_PORT,bearish,5538.972130994278,1723731600,5544.25,1723732140,"{""sigma"": 2.0, ""target_r"": 2.0, ""risk"": 5.277869005722096, ""theo"": 5538.972130994278}",VWAP_MR,540,ES,5.777869005722096,3.9721309942779044,False,STOP_HIT,-5.857869005722096,-1.1098928373120256,5544.25,5528.416392982834,2024-08-15
ES_VWAP_MR_V2_PORT,bearish,5563.372377956865,1723817400,5568.75,1723817760,"{""sigma"": 2.0, ""target_r"": 2.0, ""risk"": 5.377622043134579, ""theo"": 5563.372377956865}",VWAP_MR,360,ES,5.377622043134579,1.6223779568654209,False,STOP_HIT,-5.957622043134579,-1.1078543630154272,5568.75,5552.617133870596,2024-08-16
ES_VWAP_MR_V2_PORT,bearish,5588.885879049578,1724076900,5582.657637148734,1724077020,"{""sigma"": 2.0, ""target_r"": 2.0, ""risk"": 3.114120950422148, ""theo"": 5588.885879049578}",VWAP_MR,120,ES,0.11412095042214787,13.385879049577852,False,TARGET_HIT,5.648241900844296,1.8137516142648937,5592.0,5582.657637148734,2024-08-19
ES_VWAP_MR_V2_PORT,bullish,5617.395905584703,1724165100,5623.687716754108,1724165580,"{""sigma"": 2.0, ""target_r"": 2.0, ""risk"": 3.145905584702632, ""theo"": 5617.395905584703}",VWAP_MR,480,ES,2.895905584702632,6.854094415297368,False,TARGET_HIT,5.711811169405264,1.8156333734806525,5614.25,5623.687716754108,2024-08-20
ES_VWAP_MR_V2_PORT,bearish,5636.561212051826,1724249100,5624.183636155479,1724249700,"{""sigma"": 2.0, ""target_r"": 2.0, ""risk"": 6.18878794817374, ""theo"": 5636.561212051826}",VWAP_MR,600,ES,2.18878794817374,12.56121205182626,False,TARGET_HIT,11.79757589634748,1.9062821339401113,5642.75,5624.183636155479,2024-08-21
ES_VWAP_MR_V2_PORT,bullish,5646.8001352603205,1724336700,5637.75,1724337000,"{""sigma"": 2.0, ""target_r"": 2.0, ""risk"": 9.05013526032053, ""theo"": 5646.8001352603205}",VWAP_MR,300,ES,9.80013526032053,0.1998647396794695,False,STOP_HIT,-9.63013526032053,-1.064087439946114,5637.75,5664.900405780962,2024-08-22
ES_VWAP_MR_V2_PORT,bullish,5647.265801041028,1724682300,5644.75,1724682660,"{""sigma"": 2.0, ""target_r"": 2.0, ""risk"": 2.515801041027771, ""theo"": 5647.265801041028}",VWAP_MR,360,ES,3.515801041027771,4.734198958972229,False,STOP_HIT,-3.095801041027771,-1.2305428730417627,5644.75,5652.297403123083,2024-08-26
ES_VWAP_MR_V2_PORT,bullish,5586.705143109479,1724868600,5605.115429328436,1724871540,"{""sigma"": 2.0, ""target_r"": 2.0, ""risk"": 9.20514310947874, ""theo"": 5586.705143109479}",VWAP_MR,2940,ES,4.20514310947874,22.54485689052126,False,TARGET_HIT,17.830286218957482,1.9369917454729455,5577.5,5605.115429328436,2024-08-28
ES_VWAP_MR_V2_PORT,bearish,5636.2030312779125,1724940300,5646.25,1724941680,"{""sigma"": 2.0, ""target_r"": 2.0, ""risk"": 10.046968722087513, ""theo"": 5636.2030312779125}",VWAP_MR,1380,ES,10.546968722087513,8.203031277912487,False,STOP_HIT,-10.626968722087513,-1.0577288549455632,5646.25,5616.1090938337375,2024-08-29
ES_VWAP_MR_V2_PORT,bearish,5640.282549219043,1725027000,5628.8476476571295,1725029820,"{""sigma"": 2.0, ""target_r"": 2.0, ""risk"": 5.717450780956824, ""theo"": 5640.282549219043}",VWAP_MR,2820,ES,4.967450780956824,16.532549219043176,False,TARGET_HIT,10.854901561913648,1.898556188374754,5646.0,5628.8476476571295,2024-08-30
ES_VWAP_MR_V2_PORT,bullish,5596.077891582632,1725372600,5590.75,1725372780,"{""sigma"": 2.0, ""target_r"": 2.0, ""risk"": 5.327891582632219, ""theo"": 5596.077891582632}",VWAP_MR,180,ES,5.827891582632219,2.172108417367781,False,STOP_HIT,-5.907891582632219,-1.1088610740298612,5590.75,5606.733674747897,2024-09-03
ES_VWAP_MR_V2_PORT,bearish,5545.365336175515,1725458700,5543.096008526545,1725458700,"{""sigma"": 2.0, ""target_r"": 2.0, ""risk"": 1.13466382448496, ""theo"": 5545.365336175515}",VWAP_MR,0,ES,0.0,13.36533617551504,False,TARGET_HIT,1.68932764896992,1.4888353823536498,5546.5,5543.096008526545,2024-09-04
ES_VWAP_MR_V2_PORT,bearish,5548.326936214941,1725545400,5555.5,1725546300,"{""sigma"": 2.0, ""target_r"": 2.0, ""risk"": 7.17306378505873, ""theo"": 5548.326936214941}",VWAP_MR,900,ES,8.67306378505873,13.57693621494127,False,STOP_HIT,-7.75306378505873,-1.080858056944666,5555.5,5533.980808644824,2024-09-05
ES_VWAP_MR_V2_PORT,bullish,5497.090846520972,1725631500,5490.75,1725631560,"{""sigma"": 2.0, ""target_r"": 2.0, ""risk"": 6.3408465209722635, ""theo"": 5497.090846520972}",VWAP_MR,60,ES,8.590846520972264,0.6591534790277365,False,STOP_HIT,-6.920846520972264,-1.0914704366493746,5490.75,5509.772539562917,2024-09-06
ES_VWAP_MR_V2_PORT,bearish,5468.4019761336085,1725890700,5471.0,1725890760,"{""sigma"": 2.0, ""target_r"": 2.0, ""risk"": 2.598023866391486, ""theo"": 5468.4019761336085}",VWAP_MR,60,ES,2.848023866391486,1.151976133608514,False,STOP_HIT,-3.178023866391486,-1.2232466019665895,5471.0,5463.2059284008255,2024-09-09
ES_VWAP_MR_V2_PORT,bullish,5479.42280190331,1725978000,5470.25,1725983400,"{""sigma"": 2.0, ""target_r"": 2.0, ""risk"": 9.172801903309846, ""theo"": 5479.42280190331}",VWAP_MR,5400,ES,14.672801903309846,12.577198096690154,False,STOP_HIT,-9.752801903309846,-1.063230407253286,5470.25,5497.7684057099295,2024-09-10
ES_VWAP_MR_V2_PORT,bearish,5513.915539590025,1726077300,5521.75,1726079220,"{""sigma"": 2.0, ""target_r"": 2.0, ""risk"": 7.834460409974781, ""theo"": 5513.915539590025}",VWAP_MR,1920,ES,9.834460409974781,6.665539590025219,False,STOP_HIT,-8.414460409974781,-1.0740319013242505,5521.75,5498.246618770076,2024-09-11
ES_VWAP_MR_V2_PORT,bearish,5570.5832387020855,1726151100,5572.75,1726151640,"{""sigma"": 2.0, ""target_r"": 2.0, ""risk"": 2.1667612979144906, ""theo"": 5570.5832387020855}",VWAP_MR,540,ES,4.916761297914491,2.0832387020855094,False,STOP_HIT,-2.7467612979144906,-1.2676806164842664,5572.75,5566.2497161062565,2024-09-12
ES_VWAP_MR_V2_PORT,bearish,5630.281412922872,1726238400,5634.75,1726238640,"{""sigma"": 2.0, ""target_r"": 2.0, ""risk"": 4.468587077128177, ""theo"": 5630.281412922872}",VWAP_MR,240,ES,6.468587077128177,2.781412922871823,False,STOP_HIT,-5.048587077128177,-1.1297949418886,5634.75,5621.3442387686155,2024-09-13
ES_VWAP_MR_V2_PORT,bullish,5613.420526091035,1726498800,5621.7615782731045,1726499460,"{""sigma"": 2.0, ""target_r"": 2.0, ""risk"": 4.170526091034844, ""theo"": 5613.420526091035}",VWAP_MR,660,ES,1.6705260910348443,9.579473908965156,False,TARGET_HIT,7.7610521820696885,1.8609288163316386,5609.25,5621.7615782731045,2024-09-16
ES_VWAP_MR_V2_PORT,bearish,5666.517513540805,1726582800,5672.0,1726583100,"{""sigma"": 2.0, ""target_r"": 2.0, ""risk"": 5.482486459194661, ""theo"": 5666.517513540805}",VWAP_MR,300,ES,5.482486459194661,0.5175135408053393,False,STOP_HIT,-6.062486459194661,-1.1057914149568548,5672.0,5655.552540622416,2024-09-17
ES_VWAP_MR_V2_PORT,bullish,5695.220743712772,1726669500,5700.662231138315,1726669740,"{""sigma"": 2.0, ""target_r"": 2.0, ""risk"": 2.720743712771764, ""theo"": 5695.220743712772}",VWAP_MR,240,ES,1.970743712771764,6.029256287228236,False,TARGET_HIT,4.861487425543528,1.7868229935523314,5692.5,5700.662231138315,2024-09-18
ES_VWAP_MR_V2_PORT,bearish,5779.427797967428,1726756800,5763.283393902284,1726758480,"{""sigma"": 2.0, ""target_r"": 2.0, ""risk"": 8.072202032572022, ""theo"": 5779.427797967428}",VWAP_MR,1680,ES,4.572202032572022,17.427797967427978,False,TARGET_HIT,15.564404065144046,1.9281484782393146,5787.5,5763.283393902284,2024-09-19
ES_VWAP_MR_V2_PORT,bullish,5754.455880234493,1726841100,5749.25,1726841400,"{""sigma"": 2.0, ""target_r"": 2.0, ""risk"": 5.205880234492724, ""theo"": 5754.455880234493}",VWAP_MR,300,ES,5.205880234492724,1.2941197655072756,False,STOP_HIT,-5.7858802344927245,-1.1114124747160106,5749.25,5764.867640703478,2024-09-20
ES_VWAP_MR_V2_PORT,bearish,5772.191695048283,1727100900,5778.5,1727101140,"{""sigma"": 2.0, ""target_r"": 2.0, ""risk"": 6.3083049517172185, ""theo"": 5772.191695048283}",VWAP_MR,240,ES,7.0583049517172185,3.4416950482827815,False,STOP_HIT,-6.888304951717219,-1.091942289480174,5778.5,5759.575085144848,2024-09-23
ES_VWAP_MR_V2_PORT,bearish,5786.797401548156,1727193600,5790.5,1727196300,"{""sigma"": 2.0, ""target_r"": 2.0, ""risk"": 3.7025984518440964, ""theo"": 5786.797401548156}",VWAP_MR,2700,ES,4.452598451844096,5.047401548155904,False,STOP_HIT,-4.2825984518440965,-1.1566467462090382,5790.5,5779.392204644468,2024-09-24
ES_VWAP_MR_V2_PORT,bullish,5788.818133063616,1727277000,5785.0,1727279280,"{""sigma"": 2.0, ""target_r"": 2.0, ""risk"": 3.8181330636161874, ""theo"": 5788.818133063616}",VWAP_MR,2280,ES,3.8181330636161874,3.9318669363838126,False,STOP_HIT,-4.3981330636161875,-1.151906701609471,5785.0,5796.454399190849,2024-09-25
ES_VWAP_MR_V2_PORT,bullish,5809.979976732667,1727360400,5807.25,1727360640,"{""sigma"": 2.0, ""target_r"": 2.0, ""risk"": 2.729976732666728, ""theo"": 5809.979976732667}",VWAP_MR,240,ES,4.979976732666728,1.270023267333272,False,STOP_HIT,-3.309976732666728,-1.2124560231813541,5807.25,5815.439930198,2024-09-26
ES_VWAP_MR_V2_PORT,bearish,5812.814058072144,1727446800,,1727446800,"{""sigma"": 2.0, ""target_r"": 2.0, ""risk"": 0.68594192785622, ""theo"": 5812.814058072144}",VWAP_MR,0,ES,0.68594192785622,2.56405807214378,False,AMBIGUOUS,,,5813.5,5811.442174216431,2024-09-27
ES_VWAP_MR_V2_PORT,bullish,5783.347782258479,1727705100,5780.5,1727705880,"{""sigma"": 2.0, ""target_r"": 2.0, ""risk"": 2.8477822584791284, ""theo"": 5783.347782258479}",VWAP_MR,780,ES,2.8477822584791284,3.6522177415208716,False,STOP_HIT,-3.4277822584791284,-1.203667256607516,5780.5,5789.043346775437,2024-09-30
ES_VWAP_MR_V2_PORT,bearish,5757.232753178283,1727879400,5761.5,1727879640,"{""sigma"": 2.0, ""target_r"": 2.0, ""risk"": 4.267246821716981, ""theo"": 5757.232753178283}",VWAP_MR,240,ES,5.017246821716981,4.982753178283019,False,STOP_HIT,-4.847246821716981,-1.1359190185691275,5761.5,5748.698259534849,2024-10-02
ES_VWAP_MR_V2_PORT,bearish,5760.782702762686,1727964900,5742.348108288059,1727965320,"{""sigma"": 2.0, ""target_r"": 2.0, ""risk"": 9.217297237313687, ""theo"": 5760.782702762686}",VWAP_MR,420,ES,4.967297237313687,21.282702762686313,False,TARGET_HIT,17.854594474627376,1.9370748295224733,5770.0,5742.348108288059,2024-10-03
ES_VWAP_MR_V2_PORT,bullish,5771.792993370283,1728050700,5778.378980110848,1728050700,"{""sigma"": 2.0, ""target_r"": 2.0, ""risk"": 3.292993370282602, ""theo"": 5771.792993370283}",VWAP_MR,0,ES,0.0,7.707006629717398,False,TARGET_HIT,6.005986740565204,1.8238684580314763,5768.5,5778.378980110848,2024-10-04
ES_VWAP_MR_V2_PORT,bearish,5783.625417163091,1728311100,5773.376251489272,1728317400,"{""sigma"": 2.0, ""target_r"": 2.0, ""risk"": 5.124582836909212, ""theo"": 5783.625417163091}",VWAP_MR,6300,ES,3.1245828369092123,13.875417163090788,False,TARGET_HIT,9.669165673818425,1.8868200557082193,5788.75,5773.376251489272,2024-10-07
ES_VWAP_MR_V2_PORT,bearish,5775.055262072009,1728396600,5782.75,1728398520,"{""sigma"": 2.0, ""target_r"": 2.0, ""risk"": 7.6947379279909, ""theo"": 5775.055262072009}",VWAP_MR,1920,ES,17.1947379279909,2.0552620720091,False,STOP_HIT,-8.2747379279909,-1.0753761863532938,5782.75,5759.665786216027,2024-10-08
ES_VWAP_MR_V2_PORT,bearish,5828.9367984478895,1728490500,5840.0,1728502380,"{""sigma"": 2.0, ""target_r"": 2.0, ""risk"": 11.063201552110513, ""theo"": 5828.9367984478895}",VWAP_MR,11880,ES,14.813201552110513,10.186798447889487,False,STOP_HIT,-11.643201552110513,-1.0524260538206822,5840.0,5806.8103953436685,2024-10-09
ES_VWAP_MR_V2_PORT,bearish,5828.493500386686,1728569700,5834.0,1728575700,"{""sigma"": 2.0, ""target_r"": 2.0, ""risk"": 5.50649961331419, ""theo"": 5828.493500386686}",VWAP_MR,6000,ES,6.00649961331419,10.24350038668581,False,STOP_HIT,-6.08649961331419,-1.105330071865912,5834.0,5817.480501160057,2024-10-10
ES_VWAP_MR_V2_PORT,bullish,5908.426981982249,1729001100,5906.0,1729001400,"{""sigma"": 2.0, ""target_r"": 2.0, ""risk"": 2.4269819822493446, ""theo"": 5908.426981982249}",VWAP_MR,300,ES,3.4269819822493446,2.5730180177506554,False,STOP_HIT,-3.0069819822493447,-1.2389799364981078,5906.0,5913.280945946748,2024-10-15
ES_VWAP_MR_V2_PORT,bearish,5861.132221400143,1729089600,5868.0,1729090500,"{""sigma"": 2.0, ""target_r"": 2.0, ""risk"": 6.867778599857047, ""theo"": 5861.132221400143}",VWAP_MR,900,ES,6.867778599857047,2.632221400142953,False,STOP_HIT,-7.447778599857047,-1.0844523438790052,5868.0,5847.396664200429,2024-10-16
ES_VWAP_MR_V2_PORT,bullish,5890.018919406664,1729189500,5887.75,1729190160,"{""sigma"": 2.0, ""target_r"": 2.0, ""risk"": 2.2689194066642813, ""theo"": 5890.018919406664}",VWAP_MR,660,ES,2.7689194066642813,2.9810805933357187,False,STOP_HIT,-2.8489194066642813,-1.255628295256509,5887.75,5894.556758219993,2024-10-17
ES_VWAP_MR_V2_PORT,bearish,5899.675554996769,1729266900,5905.75,1729269600,"{""sigma"": 2.0, ""target_r"": 2.0, ""risk"": 6.074445003230721, ""theo"": 5899.675554996769}",VWAP_MR,2700,ES,6.574445003230721,1.9255549967692787,False,STOP_HIT,-6.654445003230721,-1.095481974022569,5905.75,5887.526664990308,2024-10-18
ES_VWAP_MR_V2_PORT,bearish,5904.096421944904,1729520400,5895.289265834713,1729521060,"{""sigma"": 2.0, ""target_r"": 2.0, ""risk"": 4.40357805509575, ""theo"": 5904.096421944904}",VWAP_MR,660,ES,3.4035780550957497,10.84642194490425,False,TARGET_HIT,8.2271561101915,1.8682889248826116,5908.5,5895.289265834713,2024-10-21
ES_VWAP_MR_V2_PORT,bearish,5871.413661374923,1729605900,5872.75,1729605900,"{""sigma"": 2.0, ""target_r"": 2.0, ""risk"": 1.336338625076678, ""theo"": 5871.413661374923}",VWAP_MR,0,ES,1.836338625076678,0.913661374923322,False,STOP_HIT,-1.916338625076678,-1.4340217285620402,5872.75,5868.74098412477,2024-10-22
ES_VWAP_MR_V2_PORT,bullish,5867.333823857905,1729693500,5859.5,1729693500,"{""sigma"": 2.0, ""target_r"": 2.0, ""risk"": 7.833823857905372, ""theo"": 5867.333823857905}",VWAP_MR,0,ES,8.583823857905372,0.0,False,STOP_HIT,-8.413823857905372,-1.0740379169254237,5859.5,5883.001471573716,2024-10-23
ES_VWAP_MR_V2_PORT,bearish,5853.640131685384,1729780800,5849.920395056153,1729781100,"{""sigma"": 2.0, ""target_r"": 2.0, ""risk"": 1.8598683146155963, ""theo"": 5853.640131685384}",VWAP_MR,300,ES,0.6098683146155963,6.140131685384404,False,TARGET_HIT,3.1397366292311926,1.6881499644667712,5855.5,5849.920395056153,2024-10-24
ES_VWAP_MR_V2_PORT,bullish,5841.746995064432,1729880100,5855.240985193295,1729880940,"{""sigma"": 2.0, ""target_r"": 2.0, ""risk"": 6.746995064431758, ""theo"": 5841.746995064432}",VWAP_MR,840,ES,0.9969950644317578,13.503004935568242,False,TARGET_HIT,12.913990128863515,1.9140358049085295,5835.0,5855.240985193295,2024-10-25
ES_VWAP_MR_V2_PORT,bearish,5878.032801120986,1730126700,5874.5984033629575,1730127360,"{""sigma"": 2.0, ""target_r"": 2.0, ""risk"": 1.7171988790141768, ""theo"": 5878.032801120986}",VWAP_MR,660,ES,0.9671988790141768,3.532801120985823,False,TARGET_HIT,2.8543977580283535,1.662240636720558,5879.75,5874.5984033629575,2024-10-28
ES_VWAP_MR_V2_PORT,bearish,5866.419436645434,1730212500,5872.25,1730217600,"{""sigma"": 2.0, ""target_r"": 2.0, ""risk"": 5.8305633545660385, ""theo"": 5866.419436645434}",VWAP_MR,5100,ES,6.3305633545660385,7.4194366454339615,False,STOP_HIT,-6.4105633545660385,-1.099475807864396,5872.25,5854.758309936302,2024-10-29
ES_VWAP_MR_V2_PORT,bullish,5762.19129494755,1730386500,5760.0,1730386500,"{""sigma"": 2.0, ""target_r"": 2.0, ""risk"": 2.1912949475499772, ""theo"": 5762.19129494755}",VWAP_MR,0,ES,2.1912949475499772,0.0,False,STOP_HIT,-2.7712949475499773,-1.2646836751248303,5760.0,5766.57388484265,2024-10-31
ES_VWAP_MR_V2_PORT,bearish,5790.66161026999,1730472000,5776.48483080997,1730472360,"{""sigma"": 2.0, ""target_r"": 2.0, ""risk"": 7.088389730010022, ""theo"": 5790.66161026999}",VWAP_MR,360,ES,5.338389730010022,14.411610269989978,False,TARGET_HIT,13.596779460020043,1.9181760566092378,5797.75,5776.48483080997,2024-11-01
ES_VWAP_MR_V2_PORT,bullish,5745.176023637862,1730741100,5742.0,1730753700,"{""sigma"": 2.0, ""target_r"": 2.0, ""risk"": 16.926023637862272, ""theo"": 5745.176023637862}",VWAP_MR,12600,ES,7.676023637862272,13.573976362137728,False,TIME_EXIT,-3.7560236378622722,-0.22190821177044343,5728.25,5779.028070913587,2024-11-04
ES_VWAP_MR_V2_PORT,bearish,5785.742461587727,1730819400,5791.5,1730820180,"{""sigma"": 2.0, ""target_r"": 2.0, ""risk"": 5.757538412272879, ""theo"": 5785.742461587727}",VWAP_MR,780,ES,6.507538412272879,4.742461587727121,False,STOP_HIT,-6.337538412272879,-1.1007374955178173,5791.5,5774.227384763181,2024-11-05
ES_VWAP_MR_V2_PORT,bearish,5984.313008855549,1730991900,5987.75,1730991900,"{""sigma"": 2.0, ""target_r"": 2.0, ""risk"": 3.4369911444509853, ""theo"": 5984.313008855549}",VWAP_MR,0,ES,4.186991144450985,0.0,False,STOP_HIT,-4.016991144450985,-1.168752253242319,5987.75,5977.439026566647,2024-11-07
ES_VWAP_MR_V2_PORT,bearish,6013.971139194924,1731078900,6018.25,1731079620,"{""sigma"": 2.0, ""target_r"": 2.0, ""risk"": 4.278860805075965, ""theo"": 6013.971139194924}",VWAP_MR,720,ES,4.778860805075965,5.471139194924035,False,STOP_HIT,-4.858860805075965,-1.1355500976596276,6018.25,6005.413417584772,2024-11-08
ES_VWAP_MR_V2_PORT,bullish,6028.731290360137,1731351000,6026.25,1731358500,"{""sigma"": 2.0, ""target_r"": 2.0, ""risk"": 15.231290360136882, ""theo"": 6028.731290360137}",VWAP_MR,7500,ES,5.231290360136882,1.5187096398631184,False,TIME_EXIT,-3.0612903601368817,-0.20098693464270417,6013.5,6059.193871080411,2024-11-11
ES_VWAP_MR_V2_PORT,bullish,6026.603979421962,1731424200,6021.25,1731425400,"{""sigma"": 2.0, ""target_r"": 2.0, ""risk"": 5.353979421962322, ""theo"": 6026.603979421962}",VWAP_MR,1200,ES,5.603979421962322,2.646020578037678,False,STOP_HIT,-5.933979421962322,-1.1083306367635273,6021.25,6037.311938265887,2024-11-12
ES_VWAP_MR_V2_PORT,bullish,6005.641565377881,1731510600,6033.424696133644,1731518160,"{""sigma"": 2.0, ""target_r"": 2.0, ""risk"": 13.891565377881307, ""theo"": 6005.641565377881}",VWAP_MR,7560,ES,4.391565377881307,27.858434622118693,False,TARGET_HIT,27.203130755762615,1.95824804590248,5991.75,6033.424696133644,2024-11-13
ES_VWAP_MR_V2_PORT,bullish,5993.8406861156245,1731606000,5980.5,1731606540,"{""sigma"": 2.0, ""target_r"": 2.0, ""risk"": 13.340686115624521, ""theo"": 5993.8406861156245}",VWAP_MR,540,ES,15.090686115624521,1.1593138843754787,False,STOP_HIT,-13.920686115624521,-1.043476024769124,5980.5,6020.522058346874,2024-11-14
ES_VWAP_MR_V2_PORT,bearish,5905.367724692512,1731943200,5908.75,1731943620,"{""sigma"": 2.0, ""target_r"": 2.0, ""risk"": 3.382275307488271, ""theo"": 5905.367724692512}",VWAP_MR,420,ES,5.132275307488271,2.117724692511729,False,STOP_HIT,-3.9622753074882713,-1.1714821968264661,5908.75,5898.603174077535,2024-11-18
ES_VWAP_MR_V2_PORT,bullish,5895.03535287496,1732116300,5911.1060586248805,1732121220,"{""sigma"": 2.0, ""target_r"": 2.0, ""risk"": 8.035352874960154, ""theo"": 5895.03535287496}",VWAP_MR,4920,ES,6.035352874960154,18.214647125039846,False,TARGET_HIT,15.490705749920307,1.9278189758402022,5887.0,5911.1060586248805,2024-11-20
ES_VWAP_MR_V2_PORT,bullish,5912.377657432615,1732203600,5922.632972297844,1732203720,"{""sigma"": 2.0, ""target_r"": 2.0, ""risk"": 5.127657432614797, ""theo"": 5912.377657432615}",VWAP_MR,120,ES,0.8776574326147966,13.122342567385203,False,TARGET_HIT,9.675314865229593,1.886887919557404,5907.25,5922.632972297844,2024-11-21
ES_VWAP_MR_V2_PORT,bullish,5997.928574651323,1732557600,6007.25,1732568100,"{""sigma"": 2.0, ""target_r"": 2.0, ""risk"": 9.928574651323288, ""theo"": 5997.928574651323}",VWAP_MR,10500,ES,3.178574651323288,10.321425348676712,False,TIME_EXIT,8.741425348676712,0.8804310443001653,5988.0,6017.78572395397,2024-11-25
ES_VWAP_MR_V2_PORT,bullish,6016.804555859682,1732634100,6013.0,1732634280,"{""sigma"": 2.0, ""target_r"": 2.0, ""risk"": 3.8045558596822957, ""theo"": 6016.804555859682}",VWAP_MR,180,ES,4.054555859682296,2.1954441403177043,False,STOP_HIT,-4.384555859682296,-1.1524488064812994,6013.0,6024.413667579047,2024-11-26
ES_VWAP_MR_V2_PORT,bullish,6027.731291907987,1732720800,6024.25,1732720980,"{""sigma"": 2.0, ""target_r"": 2.0, ""risk"": 3.481291907986815, ""theo"": 6027.731291907987}",VWAP_MR,180,ES,3.481291907986815,0.018708092013184796,False,STOP_HIT,-4.061291907986815,-1.1666048166398681,6024.25,6034.69387572396,2024-11-27
ES_VWAP_MR_V2_PORT,bearish,6059.323710405941,1733154000,6061.25,1733154180,"{""sigma"": 2.0, ""target_r"": 2.0, ""risk"": 1.9262895940591989, ""theo"": 6059.323710405941}",VWAP_MR,180,ES,1.9262895940591989,0.07371040594080114,False,STOP_HIT,-2.506289594059199,-1.301096990706256,6061.25,6055.471131217822,2024-12-02
ES_VWAP_MR_V2_PORT,bullish,6050.871331402641,1733240100,6048.75,1733240700,"{""sigma"": 2.0, ""target_r"": 2.0, ""risk"": 2.1213314026408625, ""theo"": 6050.871331402641}",VWAP_MR,600,ES,2.1213314026408625,3.3786685973591375,False,STOP_HIT,-2.7013314026408626,-1.2734131966735387,6048.75,6055.113994207923,2024-12-03
ES_VWAP_MR_V2_PORT,bullish,6078.232836368125,1733325600,6089.698509104376,1733339940,"{""sigma"": 2.0, ""target_r"": 2.0, ""risk"": 5.73283636812539, ""theo"": 6078.232836368125}",VWAP_MR,14340,ES,2.9828363681253904,12.01716363187461,False,TARGET_HIT,10.88567273625078,1.898828439753696,6072.5,6089.698509104376,2024-12-04
ES_VWAP_MR_V2_PORT,bearish,6100.017247480866,1733411400,6090.551742442598,1733413140,"{""sigma"": 2.0, ""target_r"": 2.0, ""risk"": 4.73275251913401, ""theo"": 6100.017247480866}",VWAP_MR,1740,ES,1.73275251913401,9.76724748086599,False,TARGET_HIT,8.88550503826802,1.8774497509313826,6104.75,6090.551742442598,2024-12-05
ES_VWAP_MR_V2_PORT,bullish,6095.538555670941,1733505000,6093.0,1733506800,"{""sigma"": 2.0, ""target_r"": 2.0, ""risk"": 2.5385556709406956, ""theo"": 6095.538555670941}",VWAP_MR,1800,ES,3.0385556709406956,2.4614443290593044,False,STOP_HIT,-3.1185556709406956,-1.228476376011511,6093.0,6100.615667012822,2024-12-06
ES_VWAP_MR_V2_PORT,bearish,6072.199325557079,1733844300,6070.097976671236,1733844300,"{""sigma"": 2.0, ""target_r"": 2.0, ""risk"": 1.050674442921263, ""theo"": 6072.199325557079}",VWAP_MR,0,ES,0.0,2.199325557078737,False,TARGET_HIT,1.5213488858425261,1.447973628836554,6073.25,6070.097976671236,2024-12-10
ES_VWAP_MR_V2_PORT,bearish,6096.817877673012,1733937300,6100.0,1733940000,"{""sigma"": 2.0, ""target_r"": 2.0, ""risk"": 3.1821223269880647, ""theo"": 6096.817877673012}",VWAP_MR,2700,ES,3.6821223269880647,3.0678776730119353,False,STOP_HIT,-3.762122326988065,-1.1822682915364162,6100.0,6090.453633019036,2024-12-11
ES_VWAP_MR_V2_PORT,bullish,6072.333700584624,1734016500,6082.001101753873,1734017160,"{""sigma"": 2.0, ""target_r"": 2.0, ""risk"": 4.833700584624239, ""theo"": 6072.333700584624}",VWAP_MR,660,ES,3.833700584624239,10.41629941537576,False,TARGET_HIT,9.087401169248478,1.8800091172703268,6067.5,6082.001101753873,2024-12-12
ES_VWAP_MR_V2_PORT,bullish,6071.302449443254,1734102600,6064.25,1734103200,"{""sigma"": 2.0, ""target_r"": 2.0, ""risk"": 7.052449443253863, ""theo"": 6071.302449443254}",VWAP_MR,600,ES,7.052449443253863,2.197550556746137,False,STOP_HIT,-7.632449443253863,-1.082240929859456,6064.25,6085.407348329762,2024-12-13
ES_VWAP_MR_V2_PORT,bearish,6074.809600970088,1734361800,6065.928802910263,1734362460,"{""sigma"": 2.0, ""target_r"": 2.0, ""risk"": 4.440399029912442, ""theo"": 6074.809600970088}",VWAP_MR,660,ES,2.6903990299124416,9.809600970087558,False,TARGET_HIT,8.300798059824883,1.869381108298405,6079.25,6065.928802910263,2024-12-16
ES_VWAP_MR_V2_PORT,bullish,6045.982228155238,1734448800,6043.5,1734448800,"{""sigma"": 2.0, ""target_r"": 2.0, ""risk"": 2.4822281552378627, ""theo"": 6045.982228155238}",VWAP_MR,0,ES,2.4822281552378627,0.26777184476213733,False,STOP_HIT,-3.0622281552378627,-1.2336610350567958,6043.5,6050.946684465714,2024-12-17
ES_VWAP_MR_V2_PORT,bearish,6142.216563718545,1734537900,6130.649691155636,1734538800,"{""sigma"": 2.0, ""target_r"": 2.0, ""risk"": 5.783436281454669, ""theo"": 6142.216563718545}",VWAP_MR,900,ES,2.7834362814546694,11.71656371854533,False,TARGET_HIT,10.986872562909339,1.8997136007428932,6148.0,6130.649691155636,2024-12-18
ES_VWAP_MR_V2_PORT,bullish,5971.540163284943,1734621000,5962.0,1734622080,"{""sigma"": 2.0, ""target_r"": 2.0, ""risk"": 9.540163284943446, ""theo"": 5971.540163284943}",VWAP_MR,1080,ES,9.540163284943446,12.959836715056554,False,STOP_HIT,-10.120163284943446,-1.0607956051355403,5962.0,5990.62048985483,2024-12-19
ES_VWAP_MR_V2_PORT,bearish,6029.017238831119,1734713400,6040.75,1734714600,"{""sigma"": 2.0, ""target_r"": 2.0, ""risk"": 11.732761168880643, ""theo"": 6029.017238831119}",VWAP_MR,1200,ES,12.732761168880643,5.767238831119357,False,STOP_HIT,-12.312761168880643,-1.049434228793335,6040.75,6005.551716493358,2024-12-20
ES_VWAP_MR_V2_PORT,bearish,6008.237801688899,1734974100,6020.5,1734976980,"{""sigma"": 2.0, ""target_r"": 2.0, ""risk"": 12.262198311101201, ""theo"": 6008.237801688899}",VWAP_MR,2880,ES,12.262198311101201,5.737801688898799,False,STOP_HIT,-12.842198311101201,-1.047299838518752,6020.5,5983.713405066696,2024-12-23
ES_VWAP_MR_V2_PORT,bearish,6064.614849913286,1735053000,6068.25,1735053240,"{""sigma"": 2.0, ""target_r"": 2.0, ""risk"": 3.6351500867140203, ""theo"": 6064.614849913286}",VWAP_MR,240,ES,3.6351500867140203,2.3648499132859797,False,STOP_HIT,-4.21515008671402,-1.1595532470914534,6068.25,6057.344549739858,2024-12-24
ES_VWAP_MR_V2_PORT,bearish,6089.861666016496,1735230000,6091.5,1735230000,"{""sigma"": 2.0, ""target_r"": 2.0, ""risk"": 1.6383339835037987, ""theo"": 6089.861666016496}",VWAP_MR,0,ES,4.638333983503799,0.0,False,STOP_HIT,-2.2183339835037987,-1.35401817080031,6091.5,6086.584998049489,2024-12-26
ES_VWAP_MR_V2_PORT,bullish,6017.617417008133,1735314300,6003.75,1735315440,"{""sigma"": 2.0, ""target_r"": 2.0, ""risk"": 13.867417008133089, ""theo"": 6017.617417008133}",VWAP_MR,1140,ES,14.367417008133089,4.1325829918669115,False,STOP_HIT,-14.447417008133089,-1.0418246598959156,6003.75,6045.352251024399,2024-12-27
ES_VWAP_MR_V2_PORT,bullish,5928.09561395805,1735571100,5921.25,1735572240,"{""sigma"": 2.0, ""target_r"": 2.0, ""risk"": 6.845613958050308, ""theo"": 5928.09561395805}",VWAP_MR,1140,ES,9.845613958050308,8.154386041949692,False,STOP_HIT,-7.425613958050308,-1.084725782603901,5921.25,5941.786841874151,2024-12-30
ES_VWAP_MR_V2_PORT,bullish,5960.223249634829,1735659000,5971.169748904486,1735659060,"{""sigma"": 2.0, ""target_r"": 2.0, ""risk"": 5.47324963482879, ""theo"": 5960.223249634829}",VWAP_MR,60,ES,0.0,12.02675036517121,False,TARGET_HIT,10.366499269657579,1.8940300481985701,5954.75,5971.169748904486,2024-12-31
ES_VWAP_MR_V2_PORT,bullish,5889.096341878255,1735841400,5882.5,1735841700,"{""sigma"": 2.0, ""target_r"": 2.0, ""risk"": 6.5963418782548615, ""theo"": 5889.096341878255}",VWAP_MR,300,ES,8.096341878254862,7.9036581217451385,False,STOP_HIT,-7.176341878254862,-1.0879275226640384,5882.5,5902.289025634765,2025-01-02
ES_VWAP_MR_V2_PORT,bearish,5965.892508575428,1735921500,5969.25,1735921800,"{""sigma"": 2.0, ""target_r"": 2.0, ""risk"": 3.35749142457189, ""theo"": 5965.892508575428}",VWAP_MR,300,ES,4.35749142457189,5.89250857542811,False,STOP_HIT,-3.93749142457189,-1.1727480212623194,5969.25,5959.177525726284,2025-01-03
ES_VWAP_MR_V2_PORT,bullish,6030.609853618174,1736189700,6025.25,1736189940,"{""sigma"": 2.0, ""target_r"": 2.0, ""risk"": 5.359853618174384, ""theo"": 6030.609853618174}",VWAP_MR,240,ES,5.609853618174384,2.640146381825616,False,STOP_HIT,-5.939853618174384,-1.108211910495711,6025.25,6041.329560854523,2025-01-06
ES_VWAP_MR_V2_PORT,bullish,6007.747633628528,1736263500,5996.25,1736263860,"{""sigma"": 2.0, ""target_r"": 2.0, ""risk"": 11.497633628528092, ""theo"": 6007.747633628528}",VWAP_MR,360,ES,13.997633628528092,5.752366371471908,False,STOP_HIT,-12.077633628528092,-1.0504451627820959,5996.25,6030.742900885584,2025-01-07
ES_VWAP_MR_V2_PORT,bearish,5950.125300790121,1736349000,5942.875902370364,1736349000,"{""sigma"": 2.0, ""target_r"": 2.0, ""risk"": 3.6246992098785995, ""theo"": 5950.125300790121}",VWAP_MR,0,ES,2.8746992098785995,12.1253007901214,False,TARGET_HIT,6.669398419757199,1.8399867226446562,5953.75,5942.875902370364,2025-01-08
ES_VWAP_MR_V2_PORT,bullish,5864.932759564317,1736522100,5884.7982786929515,1736523180,"{""sigma"": 2.0, ""target_r"": 2.0, ""risk"": 9.932759564317166, ""theo"": 5864.932759564317}",VWAP_MR,1080,ES,9.432759564317166,20.067240435682834,False,TARGET_HIT,19.285519128634334,1.9416073653807535,5855.0,5884.7982786929515,2025-01-10
ES_VWAP_MR_V2_PORT,bearish,5838.3139117210685,1736780700,5842.75,1736780760,"{""sigma"": 2.0, ""target_r"": 2.0, ""risk"": 4.436088278931493, ""theo"": 5838.3139117210685}",VWAP_MR,60,ES,6.436088278931493,4.813911721068507,False,STOP_HIT,-5.016088278931493,-1.130745820085371,5842.75,5829.4417351632055,2025-01-13
ES_VWAP_MR_V2_PORT,bullish,5858.705539428844,1736874900,5844.75,1736876040,"{""sigma"": 2.0, ""target_r"": 2.0, ""risk"": 13.955539428843622, ""theo"": 5858.705539428844}",VWAP_MR,1140,ES,14.205539428843622,1.5444605711563781,False,STOP_HIT,-14.535539428843622,-1.0415605575805436,5844.75,5886.616618286531,2025-01-14
ES_VWAP_MR_V2_PORT,bullish,5960.516082131479,1736959200,5957.5,1736959860,"{""sigma"": 2.0, ""target_r"": 2.0, ""risk"": 3.0160821314793793, ""theo"": 5960.516082131479}",VWAP_MR,660,ES,3.0160821314793793,5.483917868520621,False,STOP_HIT,-3.5960821314793794,-1.1923024555420552,5957.5,5966.548246394438,2025-01-15
ES_VWAP_MR_V2_PORT,bullish,5977.303274046851,1737053700,5984.25,1737060900,"{""sigma"": 2.0, ""target_r"": 2.0, ""risk"": 8.303274046850674, ""theo"": 5977.303274046851}",VWAP_MR,7200,ES,7.0532740468506745,16.196725953149326,False,TIME_EXIT,6.366725953149325,0.7667729521181037,5969.0,5993.909822140552,2025-01-16
ES_VWAP_MR_V2_PORT,bearish,6026.859148857837,1737126600,6033.0,1737128340,"{""sigma"": 2.0, ""target_r"": 2.0, ""risk"": 6.140851142163228, ""theo"": 6026.859148857837}",VWAP_MR,1740,ES,7.140851142163228,9.109148857836772,False,STOP_HIT,-6.720851142163228,-1.0944494478978177,6033.0,6014.57744657351,2025-01-17
ES_VWAP_MR_V2_PORT,bearish,6068.349627314694,1737480000,6072.5,1737480480,"{""sigma"": 2.0, ""target_r"": 2.0, ""risk"": 4.150372685306138, ""theo"": 6068.349627314694}",VWAP_MR,480,ES,6.650372685306138,1.599627314693862,False,STOP_HIT,-4.730372685306138,-1.1397464863946836,6072.5,6060.048881944082,2025-01-21
ES_VWAP_MR_V2_PORT,bearish,6130.673142748871,1737564300,6134.5,1737564720,"{""sigma"": 2.0, ""target_r"": 2.0, ""risk"": 3.8268572511287857, ""theo"": 6130.673142748871}",VWAP_MR,420,ES,4.076857251128786,0.9231427488712143,False,STOP_HIT,-4.406857251128786,-1.151560395891151,6134.5,6123.019428246614,2025-01-22
ES_VWAP_MR_V2_PORT,bearish,6130.818787738103,1737650400,6132.25,1737650700,"{""sigma"": 2.0, ""target_r"": 2.0, ""risk"": 1.4312122618966896, ""theo"": 6130.818787738103}",VWAP_MR,300,ES,3.9312122618966896,2.3187877381033104,False,STOP_HIT,-2.0112122618966897,-1.4052508600166442,6132.25,6127.95636321431,2025-01-23
ES_VWAP_MR_V2_PORT,bullish,6146.080962938038,1737733500,6149.242888814115,1737733620,"{""sigma"": 2.0, ""target_r"": 2.0, ""risk"": 1.580962938038283, ""theo"": 6146.080962938038}",VWAP_MR,120,ES,0.08096293803828303,3.419037061961717,False,TARGET_HIT,2.581925876076566,1.633134979925788,6144.5,6149.242888814115,2025-01-24
ES_VWAP_MR_V2_PORT,bearish,6039.984320965604,1737992700,6025.952962896811,1737993960,"{""sigma"": 2.0, ""target_r"": 2.0, ""risk"": 7.015679034396271, ""theo"": 6039.984320965604}",VWAP_MR,1260,ES,6.765679034396271,17.73432096560373,False,TARGET_HIT,13.451358068792542,1.9173280309494787,6047.0,6025.952962896811,2025-01-27
ES_VWAP_MR_V2_PORT,bullish,6073.3100788367165,1738169700,6081.430236510149,1738170300,"{""sigma"": 2.0, ""target_r"": 2.0, ""risk"": 4.060078836716457, ""theo"": 6073.3100788367165}",VWAP_MR,600,ES,3.060078836716457,9.189921163283543,False,TARGET_HIT,7.540157673432914,1.8571456310762013,6069.25,6081.430236510149,2025-01-29
ES_VWAP_MR_V2_PORT,bullish,6077.6304654372925,1738252200,6070.0,1738252500,"{""sigma"": 2.0, ""target_r"": 2.0, ""risk"": 7.630465437292514, ""theo"": 6077.6304654372925}",VWAP_MR,300,ES,10.130465437292514,6.119534562707486,False,STOP_HIT,-8.210465437292514,-1.076011090642696,6070.0,6092.8913963118775,2025-01-30
ES_VWAP_MR_V2_PORT,bearish,6142.348833020152,1738338000,6140.046499060455,1738338060,"{""sigma"": 2.0, ""target_r"": 2.0, ""risk"": 1.1511669798483126, ""theo"": 6142.348833020152}",VWAP_MR,60,ES,0.6511669798483126,3.3488330201516874,False,TARGET_HIT,1.7223339596966252,1.4961634496531289,6143.5,6140.046499060455,2025-01-31
ES_VWAP_MR_V2_PORT,bearish,6004.368243065541,1738598700,6020.5,1738598700,"{""sigma"": 2.0, ""target_r"": 2.0, ""risk"": 16.13175693445919, ""theo"": 6004.368243065541}",VWAP_MR,0,ES,18.38175693445919,1.1182430655408098,False,STOP_HIT,-16.71175693445919,-1.0359539263055133,6020.5,5972.104729196622,2025-02-03
ES_VWAP_MR_V2_PORT,bullish,6035.594386868673,1738768200,6047.783160606018,1738769100,"{""sigma"": 2.0, ""target_r"": 2.0, ""risk"": 6.0943868686727, ""theo"": 6035.594386868673}",VWAP_MR,900,ES,1.8443868686727,13.1556131313273,False,TARGET_HIT,11.6087737373454,1.904830459158836,6029.5,6047.783160606018,2025-02-05
ES_VWAP_MR_V2_PORT,bullish,6093.29034331264,1738856100,6097.871029937921,1738856220,"{""sigma"": 2.0, ""target_r"": 2.0, ""risk"": 2.290343312640289, ""theo"": 6093.29034331264}",VWAP_MR,120,ES,0.0,5.959656687359711,False,TARGET_HIT,4.0006866252805775,1.7467628556823733,6091.0,6097.871029937921,2025-02-06
ES_VWAP_MR_V2_PORT,bullish,6092.026336145926,1738941000,6084.75,1738941120,"{""sigma"": 2.0, ""target_r"": 2.0, ""risk"": 7.2763361459255975, ""theo"": 6092.026336145926}",VWAP_MR,120,ES,10.776336145925598,6.2236638540744025,False,STOP_HIT,-7.856336145925598,-1.0797104460772846,6084.75,6106.579008437777,2025-02-07
ES_VWAP_MR_V2_PORT,bearish,6094.9853178989,1739303400,6087.455953696699,1739306400,"{""sigma"": 2.0, ""target_r"": 2.0, ""risk"": 3.764682101100334, ""theo"": 6094.9853178989}",VWAP_MR,3000,ES,1.764682101100334,8.485317898899666,False,TARGET_HIT,6.949364202200668,1.845936526797182,6098.75,6087.455953696699,2025-02-11
ES_VWAP_MR_V2_PORT,bearish,6071.2498829035485,1739379900,6076.75,1739380380,"{""sigma"": 2.0, ""target_r"": 2.0, ""risk"": 5.500117096451504, ""theo"": 6071.2498829035485}",VWAP_MR,480,ES,6.750117096451504,1.999882903548496,False,STOP_HIT,-6.080117096451504,-1.1054523003472412,6076.75,6060.2496487106455,2025-02-12
ES_VWAP_MR_V2_PORT,bearish,6097.243663406621,1739460300,6102.5,1739460720,"{""sigma"": 2.0, ""target_r"": 2.0, ""risk"": 5.256336593379274, ""theo"": 6097.243663406621}",VWAP_MR,420,ES,5.506336593379274,2.493663406620726,False,STOP_HIT,-5.836336593379274,-1.1103430097552258,6102.5,6086.730990219862,2025-02-13
ES_VWAP_MR_V2_PORT,bullish,6134.28390870713,1739550600,6129.0,1739553180,"{""sigma"": 2.0, ""target_r"": 2.0, ""risk"": 5.28390870712974, ""theo"": 6134.28390870713}",VWAP_MR,2580,ES,6.03390870712974,3.96609129287026,False,STOP_HIT,-5.86390870712974,-1.1097672257693227,6129.0,6144.851726121389,2025-02-14
ES_VWAP_MR_V2_PORT,bullish,6129.776484402074,1739892300,6131.829453206222,1739892300,"{""sigma"": 2.0, ""target_r"": 2.0, ""risk"": 1.0264844020739474, ""theo"": 6129.776484402074}",VWAP_MR,0,ES,0.0,4.223515597926053,False,TARGET_HIT,1.4729688041478948,1.434964624081821,6128.75,6131.829453206222,2025-02-18
ES_VWAP_MR_V2_PORT,bullish,6132.852236903084,1739978400,6140.056710709253,1739979060,"{""sigma"": 2.0, ""target_r"": 2.0, ""risk"": 3.6022369030843038, ""theo"": 6132.852236903084}",VWAP_MR,660,ES,2.1022369030843038,9.647763096915696,False,TARGET_HIT,6.6244738061686075,1.8389889350410593,6129.25,6140.056710709253,2025-02-19
ES_VWAP_MR_V2_PORT,bullish,6098.015593289095,1740152100,6093.0,1740152580,"{""sigma"": 2.0, ""target_r"": 2.0, ""risk"": 5.015593289094795, ""theo"": 6098.015593289095}",VWAP_MR,480,ES,5.765593289094795,2.234406710905205,False,STOP_HIT,-5.595593289094795,-1.1156393604044952,6093.0,6108.046779867284,2025-02-21
ES_VWAP_MR_V2_PORT,bearish,5895.415325644302,1740756000,5886.745976932907,1740756000,"{""sigma"": 2.0, ""target_r"": 2.0, ""risk"": 4.3346743556976435, ""theo"": 5895.415325644302}",VWAP_MR,0,ES,0.0,13.665325644302357,False,TARGET_HIT,8.089348711395287,1.8661952542668798,5899.75,5886.745976932907,2025-02-28
ES_VWAP_MR_V2_PORT,bullish,5753.09972413677,1741101900,5771.299172410311,1741102020,"{""sigma"": 2.0, ""target_r"": 2.0, ""risk"": 9.09972413677042, ""theo"": 5753.09972413677}",VWAP_MR,120,ES,2.599724136770419,18.40027586322958,False,TARGET_HIT,17.61944827354084,1.9362618040632333,5744.0,5771.299172410311,2025-03-04
ES_VWAP_MR_V2_PORT,bullish,5779.132778114099,1741188000,5796.898334342297,1741189080,"{""sigma"": 2.0, ""target_r"": 2.0, ""risk"": 8.882778114098983, ""theo"": 5779.132778114099}",VWAP_MR,1080,ES,4.632778114098983,19.367221885901017,False,TARGET_HIT,17.185556228197967,1.9347051122351682,5770.25,5796.898334342297,2025-03-05
ES_VWAP_MR_V2_PORT,bearish,5814.439574132329,1741275900,5803.318722396986,1741276440,"{""sigma"": 2.0, ""target_r"": 2.0, ""risk"": 5.560425867671256, ""theo"": 5814.439574132329}",VWAP_MR,540,ES,5.310425867671256,18.939574132328744,False,TARGET_HIT,10.540851735342512,1.8956914427414338,5820.0,5803.318722396986,2025-03-06
ES_VWAP_MR_V2_PORT,bullish,5722.71398710192,1741362300,5701.25,1741364700,"{""sigma"": 2.0, ""target_r"": 2.0, ""risk"": 21.463987101919884, ""theo"": 5722.71398710192}",VWAP_MR,2400,ES,25.463987101919884,25.036012898080116,False,STOP_HIT,-22.043987101919882,-1.0270220065473352,5701.25,5765.64196130576,2025-03-07
ES_VWAP_MR_V2_PORT,bullish,5676.388310345552,1741615800,5672.25,1741615800,"{""sigma"": 2.0, ""target_r"": 2.0, ""risk"": 4.138310345551872, ""theo"": 5676.388310345552}",VWAP_MR,0,ES,5.388310345551872,0.11168965444812784,False,STOP_HIT,-4.718310345551872,-1.1401538192087073,5672.25,5684.664931036656,2025-03-10
ES_VWAP_MR_V2_PORT,bullish,5594.62587164605,1741702200,5577.75,1741703160,"{""sigma"": 2.0, ""target_r"": 2.0, ""risk"": 16.875871646049745, ""theo"": 5594.62587164605}",VWAP_MR,960,ES,18.375871646049745,19.124128353950255,False,STOP_HIT,-17.455871646049744,-1.0343685951259154,5577.75,5628.377614938149,2025-03-11
ES_VWAP_MR_V2_PORT,bullish,5585.598014982656,1741791300,5572.75,1741791420,"{""sigma"": 2.0, ""target_r"": 2.0, ""risk"": 12.848014982656423, ""theo"": 5585.598014982656}",VWAP_MR,120,ES,13.348014982656423,1.651985017343577,False,STOP_HIT,-13.428014982656423,-1.045143160307872,5572.75,5611.294044947969,2025-03-12
ES_VWAP_MR_V2_PORT,bullish,5556.199677896701,1741880100,5553.25,1741880100,"{""sigma"": 2.0, ""target_r"": 2.0, ""risk"": 2.9496778967013597, ""theo"": 5556.199677896701}",VWAP_MR,0,ES,6.19967789670136,0.3003221032986403,False,STOP_HIT,-3.52967789670136,-1.1966316392202068,5553.25,5562.099033690104,2025-03-13
ES_VWAP_MR_V2_PORT,bearish,5625.196813918498,1741967400,5635.5,1741971660,"{""sigma"": 2.0, ""target_r"": 2.0, ""risk"": 10.303186081501735, ""theo"": 5625.196813918498}",VWAP_MR,4260,ES,12.053186081501735,14.196813918498265,False,STOP_HIT,-10.883186081501735,-1.056293266511155,5635.5,5604.590441755495,2025-03-14
ES_VWAP_MR_V2_PORT,bullish,5644.411505028087,1742226300,5657.234515084261,1742227620,"{""sigma"": 2.0, ""target_r"": 2.0, ""risk"": 6.411505028087049, ""theo"": 5644.411505028087}",VWAP_MR,1320,ES,2.911505028087049,17.08849497191295,False,TARGET_HIT,12.243010056174098,1.9095376206586163,5638.0,5657.234515084261,2025-03-17
ES_VWAP_MR_V2_PORT,bearish,5711.94163560156,1742394000,5708.32490680468,1742394060,"{""sigma"": 2.0, ""target_r"": 2.0, ""risk"": 1.8083643984400624, ""theo"": 5711.94163560156}",VWAP_MR,60,ES,0.30836439844006236,3.9416356015599376,False,TARGET_HIT,3.0367287968801246,1.6792681826183253,5713.75,5708.32490680468,2025-03-19
ES_VWAP_MR_V2_PORT,bearish,5740.081438555533,1742479800,5746.75,1742480220,"{""sigma"": 2.0, ""target_r"": 2.0, ""risk"": 6.668561444466832, ""theo"": 5740.081438555533}",VWAP_MR,420,ES,10.418561444466832,4.831438555533168,False,STOP_HIT,-7.248561444466832,-1.0869752801754942,5746.75,5726.7443156665995,2025-03-20
ES_VWAP_MR_V2_PORT,bullish,5659.280507737702,1742566500,5673.341523213105,1742566980,"{""sigma"": 2.0, ""target_r"": 2.0, ""risk"": 7.030507737701555, ""theo"": 5659.280507737702}",VWAP_MR,480,ES,0.280507737701555,15.469492262298445,False,TARGET_HIT,13.48101547540311,1.9175024021537288,5652.25,5673.341523213105,2025-03-21
ES_VWAP_MR_V2_PORT,bearish,5831.249087179047,1742914500,5822.747261537141,1742917920,"{""sigma"": 2.0, ""target_r"": 2.0, ""risk"": 4.25091282095309, ""theo"": 5831.249087179047}",VWAP_MR,3420,ES,4.00091282095309,9.49908717904691,False,TARGET_HIT,7.92182564190618,1.8635587168146255,5835.5,5822.747261537141,2025-03-25
ES_VWAP_MR_V2_PORT,bullish,5785.2352429469975,1743006600,5772.5,1743007980,"{""sigma"": 2.0, ""target_r"": 2.0, ""risk"": 12.73524294699746, ""theo"": 5785.2352429469975}",VWAP_MR,1380,ES,14.73524294699746,0.2647570530025405,False,STOP_HIT,-13.31524294699746,-1.0455429081654657,5772.5,5810.705728840992,2025-03-26
ES_VWAP_MR_V2_PORT,bearish,5578.199107872737,1743431400,5572.097323618211,1743431400,"{""sigma"": 2.0, ""target_r"": 2.0, ""risk"": 3.0508921272630687, ""theo"": 5578.199107872737}",VWAP_MR,0,ES,0.0,18.44910787273693,False,TARGET_HIT,5.521784254526137,1.8098916724006517,5581.25,5572.097323618211,2025-03-31
ES_VWAP_MR_V2_PORT,bullish,5619.798132511604,1743517500,5658.894397534813,1743519300,"{""sigma"": 2.0, ""target_r"": 2.0, ""risk"": 19.548132511604308, ""theo"": 5619.798132511604}",VWAP_MR,1800,ES,10.048132511604308,39.70186748839569,False,TARGET_HIT,38.51626502320862,1.9703296465963849,5600.25,5658.894397534813,2025-04-01
ES_VWAP_MR_V2_PORT,bearish,5718.383401272062,1743612900,5725.5,1743613380,"{""sigma"": 2.0, ""target_r"": 2.0, ""risk"": 7.116598727938253, ""theo"": 5718.383401272062}",VWAP_MR,480,ES,7.866598727938253,2.1334012720617466,False,STOP_HIT,-7.6965987279382535,-1.081499607069743,5725.5,5704.150203816185,2025-04-02
ES_VWAP_MR_V2_PORT,bullish,5243.198672349702,1743776400,5225.0,1743776880,"{""sigma"": 2.0, ""target_r"": 2.0, ""risk"": 18.198672349702065, ""theo"": 5243.198672349702}",VWAP_MR,480,ES,21.948672349702065,6.051327650297935,False,STOP_HIT,-18.778672349702063,-1.0318704567484283,5225.0,5279.596017049106,2025-04-04
ES_VWAP_MR_V2_PORT,bearish,4996.263466266146,1744034700,5025.0,1744035000,"{""sigma"": 2.0, ""target_r"": 2.0, ""risk"": 28.73653373385423, ""theo"": 4996.263466266146}",VWAP_MR,300,ES,79.48653373385423,7.76346626614577,False,STOP_HIT,-29.31653373385423,-1.0201833667682998,5025.0,4938.790398798437,2025-04-07
ES_VWAP_MR_V2_PORT,bearish,5277.4093397314755,1744121100,5292.75,1744121100,"{""sigma"": 2.0, ""target_r"": 2.0, ""risk"": 15.340660268524516, ""theo"": 5277.4093397314755}",VWAP_MR,0,ES,19.590660268524516,0.0,False,STOP_HIT,-15.920660268524516,-1.037808020635854,5292.75,5246.728019194426,2025-04-08
ES_VWAP_MR_V2_PORT,bearish,5080.858825596004,1744218900,5026.076476788012,1744219080,"{""sigma"": 2.0, ""target_r"": 2.0, ""risk"": 27.391174403996047, ""theo"": 5080.858825596004}",VWAP_MR,180,ES,6.891174403996047,55.85882559600395,False,TARGET_HIT,54.202348807992095,1.978825296373003,5108.25,5026.076476788012,2025-04-09
ES_VWAP_MR_V2_PORT,bullish,5346.389911503705,1744293900,5324.25,1744294260,"{""sigma"": 2.0, ""target_r"": 2.0, ""risk"": 22.139911503704752, ""theo"": 5346.389911503705}",VWAP_MR,360,ES,23.139911503704752,8.110088496295248,False,STOP_HIT,-22.71991150370475,-1.026197033348708,5324.25,5390.669734511114,2025-04-10
ES_VWAP_MR_V2_PORT,bearish,5336.354186237489,1744389000,5332.062558712466,1744389000,"{""sigma"": 2.0, ""target_r"": 2.0, ""risk"": 2.1458137625113523, ""theo"": 5336.354186237489}",VWAP_MR,0,ES,0.6458137625113523,10.604186237488648,False,TARGET_HIT,3.7116275250227044,1.729706272681746,5338.5,5332.062558712466,2025-04-11
ES_VWAP_MR_V2_PORT,bullish,5448.139934247336,1744644900,5434.0,1744645080,"{""sigma"": 2.0, ""target_r"": 2.0, ""risk"": 14.139934247335987, ""theo"": 5448.139934247336}",VWAP_MR,180,ES,18.639934247335987,4.360065752664013,False,STOP_HIT,-14.719934247335987,-1.0410185782942571,5434.0,5476.419802742008,2025-04-14
ES_VWAP_MR_V2_PORT,bullish,5448.76462817893,1744727100,5433.0,1744737720,"{""sigma"": 2.0, ""target_r"": 2.0, ""risk"": 15.764628178930252, ""theo"": 5448.76462817893}",VWAP_MR,10620,ES,17.014628178930252,23.735371821069748,False,STOP_HIT,-16.34462817893025,-1.0367912261181764,5433.0,5480.293884536791,2025-04-15
ES_VWAP_MR_V2_PORT,bullish,5350.868561573518,1744812600,5360.605684720553,1744812600,"{""sigma"": 2.0, ""target_r"": 2.0, ""risk"": 4.868561573517582, ""theo"": 5350.868561573518}",VWAP_MR,0,ES,0.0,13.631438426482418,False,TARGET_HIT,9.157123147035163,1.8808683034523184,5346.0,5360.605684720553,2025-04-16
ES_VWAP_MR_V2_PORT,bullish,5309.516803794375,1744902300,5357.550411383125,1744914120,"{""sigma"": 2.0, ""target_r"": 2.0, ""risk"": 24.016803794374937, ""theo"": 5309.516803794375}",VWAP_MR,11820,ES,8.266803794374937,48.48319620562506,False,TARGET_HIT,47.453607588749875,1.9758502419819974,5285.5,5357.550411383125,2025-04-17
ES_VWAP_MR_V2_PORT,bearish,5334.167820904396,1745339400,5324.003462713187,1745340060,"{""sigma"": 2.0, ""target_r"": 2.0, ""risk"": 5.0821790956042605, ""theo"": 5334.167820904396}",VWAP_MR,660,ES,3.0821790956042605,14.91782090439574,False,TARGET_HIT,9.584358191208521,1.885875725925979,5339.25,5324.003462713187,2025-04-22
ES_VWAP_MR_V2_PORT,bearish,5491.87404483128,1745419200,5477.62213449384,1745419800,"{""sigma"": 2.0, ""target_r"": 2.0, ""risk"": 7.125955168719884, ""theo"": 5491.87404483128}",VWAP_MR,600,ES,3.6259551687198837,17.374044831280116,False,TARGET_HIT,13.671910337439767,1.9186074026193751,5499.0,5477.62213449384,2025-04-23
ES_VWAP_MR_V2_PORT,bearish,5530.894196834264,1745602800,5549.5,1745610900,"{""sigma"": 2.0, ""target_r"": 2.0, ""risk"": 23.60580316573578, ""theo"": 5530.894196834264}",VWAP_MR,8100,ES,21.85580316573578,19.64419683426422,False,TIME_EXIT,-19.185803165735777,-0.8127579066483234,5554.5,5483.682590502793,2025-04-25
ES_VWAP_MR_V2_PORT,bullish,5548.373561101743,1745849100,5539.25,1745852940,"{""sigma"": 2.0, ""target_r"": 2.0, ""risk"": 9.12356110174278, ""theo"": 5548.373561101743}",VWAP_MR,3840,ES,12.37356110174278,15.87643889825722,False,STOP_HIT,-9.70356110174278,-1.0635716682918042,5539.25,5566.620683305228,2025-04-28
ES_VWAP_MR_V2_PORT,bearish,5570.597189749361,1745939100,5560.791569248083,1745939820,"{""sigma"": 2.0, ""target_r"": 2.0, ""risk"": 4.90281025063905, ""theo"": 5570.597189749361}",VWAP_MR,720,ES,0.9028102506390496,10.34718974936095,False,TARGET_HIT,9.2256205012781,1.8817005002540328,5575.5,5560.791569248083,2025-04-29
ES_VWAP_MR_V2_PORT,bearish,5662.876190388292,1746110700,5669.75,1746110880,"{""sigma"": 2.0, ""target_r"": 2.0, ""risk"": 6.873809611707657, ""theo"": 5662.876190388292}",VWAP_MR,180,ES,7.123809611707657,0.6261903882923434,False,STOP_HIT,-7.453809611707657,-1.0843782462365743,5669.75,5649.128571164877,2025-05-01
ES_VWAP_MR_V2_PORT,bearish,5700.654432321353,1746198000,5694.463296964059,1746198180,"{""sigma"": 2.0, ""target_r"": 2.0, ""risk"": 3.0955676786470576, ""theo"": 5700.654432321353}",VWAP_MR,180,ES,1.5955676786470576,7.404432321352942,False,TARGET_HIT,5.611135357294115,1.812635335353581,5703.75,5694.463296964059,2025-05-02
ES_VWAP_MR_V2_PORT,bearish,5668.625873757096,1746453900,5681.75,1746455940,"{""sigma"": 2.0, ""target_r"": 2.0, ""risk"": 13.124126242903912, ""theo"": 5668.625873757096}",VWAP_MR,2040,ES,15.374126242903912,5.8758737570960875,False,STOP_HIT,-13.704126242903913,-1.0441934182333548,5681.75,5642.377621271288,2025-05-05
ES_VWAP_MR_V2_PORT,bearish,5648.350645345238,1746626700,5652.5,1746626700,"{""sigma"": 2.0, ""target_r"": 2.0, ""risk"": 4.149354654761737, ""theo"": 5648.350645345238}",VWAP_MR,0,ES,4.649354654761737,2.350645345238263,False,STOP_HIT,-4.729354654761737,-1.1397807727364062,5652.5,5640.051936035715,2025-05-07
ES_VWAP_MR_V2_PORT,bullish,5670.850029426125,1746714000,5659.0,1746716040,"{""sigma"": 2.0, ""target_r"": 2.0, ""risk"": 11.85002942612482, ""theo"": 5670.850029426125}",VWAP_MR,2040,ES,13.85002942612482,17.14997057387518,False,STOP_HIT,-12.43002942612482,-1.04894502613819,5659.0,5694.5500882783745,2025-05-08
ES_VWAP_MR_V2_PORT,bullish,5819.9344143457965,1747060800,5848.30324303739,1747068720,"{""sigma"": 2.0, ""target_r"": 2.0, ""risk"": 14.18441434579654, ""theo"": 5819.9344143457965}",VWAP_MR,7920,ES,4.18441434579654,29.56558565420346,False,TARGET_HIT,27.788828691593082,1.9591100495332134,5805.75,5848.30324303739,2025-05-12
ES_VWAP_MR_V2_PORT,bearish,5906.55616342741,1747146000,5915.0,1747149960,"{""sigma"": 2.0, ""target_r"": 2.0, ""risk"": 8.443836572590044, ""theo"": 5906.55616342741}",VWAP_MR,3960,ES,10.193836572590044,9.806163427409956,False,STOP_HIT,-9.023836572590044,-1.068689155103116,5915.0,5889.66849028223,2025-05-13
ES_VWAP_MR_V2_PORT,bearish,5942.731062388526,1747404900,5945.75,1747405080,"{""sigma"": 2.0, ""target_r"": 2.0, ""risk"": 3.01893761147403, ""theo"": 5942.731062388526}",VWAP_MR,180,ES,3.76893761147403,4.98106238852597,False,STOP_HIT,-3.59893761147403,-1.1921205651271503,5945.75,5936.693187165578,2025-05-16
ES_VWAP_MR_V2_PORT,bearish,5984.330333443268,1747674900,5977.991000329803,1747676880,"{""sigma"": 2.0, ""target_r"": 2.0, ""risk"": 3.169666556732409, ""theo"": 5984.330333443268}",VWAP_MR,1980,ES,2.419666556732409,7.330333443267591,False,TARGET_HIT,5.759333113464818,1.8170154526923115,5987.5,5977.991000329803,2025-05-19
ES_VWAP_MR_V2_PORT,bearish,5965.375308148366,1747752900,5954.125924445097,1747757400,"{""sigma"": 2.0, ""target_r"": 2.0, ""risk"": 5.624691851634452, ""theo"": 5965.375308148366}",VWAP_MR,4500,ES,3.124691851634452,11.375308148365548,False,TARGET_HIT,10.669383703268904,1.8968832399535878,5971.0,5954.125924445097,2025-05-20
ES_VWAP_MR_V2_PORT,bearish,5868.121030577653,1747923000,5877.5,1747923000,"{""sigma"": 2.0, ""target_r"": 2.0, ""risk"": 9.378969422346927, ""theo"": 5868.121030577653}",VWAP_MR,0,ES,9.628969422346927,0.0,False,STOP_HIT,-9.958969422346927,-1.0618404830938093,5877.5,5849.363091732959,2025-05-22
ES_VWAP_MR_V2_PORT,bearish,5801.371513965236,1748009400,5807.75,1748009520,"{""sigma"": 2.0, ""target_r"": 2.0, ""risk"": 6.378486034764137, ""theo"": 5801.371513965236}",VWAP_MR,120,ES,12.128486034764137,4.371513965235863,False,STOP_HIT,-6.958486034764137,-1.0909306686318467,5807.75,5788.614541895708,2025-05-23
ES_VWAP_MR_V2_PORT,bullish,5919.180171422685,1748528100,5912.0,1748528340,"{""sigma"": 2.0, ""target_r"": 2.0, ""risk"": 7.180171422684907, ""theo"": 5919.180171422685}",VWAP_MR,240,ES,9.930171422684907,4.569828577315093,False,STOP_HIT,-7.760171422684907,-1.0807780157124882,5912.0,5933.540514268055,2025-05-29
ES_VWAP_MR_V2_PORT,bearish,5912.979151969052,1748616000,5918.0,1748616000,"{""sigma"": 2.0, ""target_r"": 2.0, ""risk"": 5.0208480309484, ""theo"": 5912.979151969052}",VWAP_MR,0,ES,6.7708480309484,0.0,False,STOP_HIT,-5.6008480309484,-1.115518334039368,5918.0,5902.937455907155,2025-05-30
ES_VWAP_MR_V2_PORT,bearish,5935.0078673501,1748889300,5939.0,1748890500,"{""sigma"": 2.0, ""target_r"": 2.0, ""risk"": 3.9921326498997587, ""theo"": 5935.0078673501}",VWAP_MR,1200,ES,3.9921326498997587,2.7578673501002413,False,STOP_HIT,-4.572132649899759,-1.145285753471785,5939.0,5927.023602050301,2025-06-02
ES_VWAP_MR_V2_PORT,bearish,5952.189401250155,1748961300,5959.25,1748962020,"{""sigma"": 2.0, ""target_r"": 2.0, ""risk"": 7.0605987498447575, ""theo"": 5952.189401250155}",VWAP_MR,720,ES,7.5605987498447575,0.43940125015524245,False,STOP_HIT,-7.640598749844758,-1.0821460078031984,5959.25,5938.068203750466,2025-06-03
ES_VWAP_MR_V2_PORT,bullish,5986.832427023661,1749046200,5982.25,1749066900,"{""sigma"": 2.0, ""target_r"": 2.0, ""risk"": 12.582427023660784, ""theo"": 5986.832427023661}",VWAP_MR,20700,ES,9.832427023660784,12.167572976339216,False,TIME_EXIT,-5.1624270236607845,-0.4102886520981233,5974.25,6011.997281070982,2025-06-04
ES_VWAP_MR_V2_PORT,bearish,5993.234052861273,1749136200,5995.0,1749136200,"{""sigma"": 2.0, ""target_r"": 2.0, ""risk"": 1.765947138726915, ""theo"": 5993.234052861273}",VWAP_MR,0,ES,1.765947138726915,0.734052861273085,False,STOP_HIT,-2.345947138726915,-1.3284356520536207,5995.0,5989.702158583819,2025-06-05
ES_VWAP_MR_V2_PORT,bullish,6001.892398563995,1749223500,5988.75,1749228900,"{""sigma"": 2.0, ""target_r"": 2.0, ""risk"": 13.142398563994902, ""theo"": 6001.892398563995}",VWAP_MR,5400,ES,17.142398563994902,8.357601436005098,False,STOP_HIT,-13.722398563994902,-1.0441319746297282,5988.75,6028.177195691985,2025-06-06
ES_VWAP_MR_V2_PORT,bearish,6010.257921068445,1749480000,6015.0,1749480000,"{""sigma"": 2.0, ""target_r"": 2.0, ""risk"": 4.742078931554715, ""theo"": 6010.257921068445}",VWAP_MR,0,ES,4.992078931554715,0.0,False,STOP_HIT,-5.3220789315547155,-1.1223092252093416,6015.0,6000.773763205336,2025-06-09
ES_VWAP_MR_V2_PORT,bearish,6026.615700514887,1749567300,6018.347101544661,1749569520,"{""sigma"": 2.0, ""target_r"": 2.0, ""risk"": 4.134299485112933, ""theo"": 6026.615700514887}",VWAP_MR,2220,ES,2.8842994851129333,15.865700514887067,False,TARGET_HIT,7.688598970225867,1.859710211587597,6030.75,6018.347101544661,2025-06-10
ES_VWAP_MR_V2_PORT,bullish,6033.151459919612,1749667200,6023.0,1749671700,"{""sigma"": 2.0, ""target_r"": 2.0, ""risk"": 26.901459919611625, ""theo"": 6033.151459919612}",VWAP_MR,4500,ES,22.151459919611625,2.348540080388375,False,TIME_EXIT,-10.731459919611625,-0.3989173803830701,6006.25,6086.954379758835,2025-06-11
ES_VWAP_MR_V2_PORT,bullish,5993.865748364474,1749823500,5989.75,1749823800,"{""sigma"": 2.0, ""target_r"": 2.0, ""risk"": 4.115748364473802, ""theo"": 5993.865748364474}",VWAP_MR,300,ES,5.615748364473802,6.634251635526198,False,STOP_HIT,-4.695748364473802,-1.140922123666847,5989.75,6002.097245093421,2025-06-13
ES_VWAP_MR_V2_PORT,bearish,6016.110871533053,1750169100,6021.75,1750169400,"{""sigma"": 2.0, ""target_r"": 2.0, ""risk"": 5.639128466947113, ""theo"": 6016.110871533053}",VWAP_MR,300,ES,7.139128466947113,2.8608715330528867,False,STOP_HIT,-6.219128466947113,-1.1028527729771687,6021.75,6004.832614599159,2025-06-17
ES_VWAP_MR_V2_PORT,bullish,6037.9653411316685,1750273500,6037.0,1750276500,"{""sigma"": 2.0, ""target_r"": 2.0, ""risk"": 11.715341131668538, ""theo"": 6037.9653411316685}",VWAP_MR,3000,ES,10.465341131668538,13.284658868331462,False,TIME_EXIT,-1.545341131668538,-0.13190748048225595,6026.25,6061.396023395006,2025-06-18
ES_VWAP_MR_V2_PORT,bullish,6038.097947519367,1750429800,6028.75,1750430460,"{""sigma"": 2.0, ""target_r"": 2.0, ""risk"": 9.347947519367153, ""theo"": 6038.097947519367}",VWAP_MR,660,ES,13.597947519367153,4.152052480632847,False,STOP_HIT,-9.927947519367153,-1.062045705626647,6028.75,6056.7938425581015,2025-06-20
ES_VWAP_MR_V2_PORT,bullish,6012.544725359363,1750696800,6051.134176078089,1750699620,"{""sigma"": 2.0, ""target_r"": 2.0, ""risk"": 19.29472535936293, ""theo"": 6012.544725359363}",VWAP_MR,2820,ES,11.294725359362928,41.45527464063707,False,TARGET_HIT,38.00945071872586,1.9699399711995098,5993.25,6051.134176078089,2025-06-23
ES_VWAP_MR_V2_PORT,bearish,6128.409030227324,1750776600,6125.727090681973,1750776600,"{""sigma"": 2.0, ""target_r"": 2.0, ""risk"": 1.3409697726756349, ""theo"": 6128.409030227324}",VWAP_MR,0,ES,0.09096977267563489,2.909030227324365,False,TARGET_HIT,2.1019395453512697,1.5674772005913846,6129.75,6125.727090681973,2025-06-24
ES_VWAP_MR_V2_PORT,bullish,6150.953544214627,1750861200,6156.360632643881,1750862640,"{""sigma"": 2.0, ""target_r"": 2.0, ""risk"": 2.7035442146270725, ""theo"": 6150.953544214627}",VWAP_MR,1440,ES,2.4535442146270725,6.2964557853729275,False,TARGET_HIT,4.827088429254145,1.7854667969319653,6148.25,6156.360632643881,2025-06-25
ES_VWAP_MR_V2_PORT,bullish,6205.9250001282,1751048700,6202.0,1751048880,"{""sigma"": 2.0, ""target_r"": 2.0, ""risk"": 3.9250001281998266, ""theo"": 6205.9250001282}",VWAP_MR,180,ES,4.925000128199827,1.3249998718001734,False,STOP_HIT,-4.505000128199827,-1.1477706958104006,6202.0,6213.7750003845995,2025-06-27
ES_VWAP_MR_V2_PORT,bullish,6235.22747457378,1751295000,6243.182423721339,1751298540,"{""sigma"": 2.0, ""target_r"": 2.0, ""risk"": 3.9774745737795456, ""theo"": 6235.22747457378}",VWAP_MR,3540,ES,3.4774745737795456,8.772525426220454,False,TARGET_HIT,7.374949147559091,1.854178828992774,6231.25,6243.182423721339,2025-06-30
ES_VWAP_MR_V2_PORT,bearish,6253.350314807602,1751391300,6255.5,1751391780,"{""sigma"": 2.0, ""target_r"": 2.0, ""risk"": 2.1496851923975555, ""theo"": 6253.350314807602}",VWAP_MR,480,ES,2.1496851923975555,1.8503148076024445,False,STOP_HIT,-2.7296851923975556,-1.2698069475712968,6255.5,6249.050944422807,2025-07-01
ES_VWAP_MR_V2_PORT,bearish,6317.4994692401915,1751551800,6319.0,1751551860,"{""sigma"": 2.0, ""target_r"": 2.0, ""risk"": 1.5005307598084983, ""theo"": 6317.4994692401915}",VWAP_MR,60,ES,1.5005307598084983,0.24946924019150174,False,STOP_HIT,-2.0805307598084983,-1.3865298969772677,6319.0,6314.4984077205745,2025-07-03
ES_VWAP_MR_V2_PORT,bullish,6297.325820899184,1751898000,6293.5,1751898900,"{""sigma"": 2.0, ""target_r"": 2.0, ""risk"": 3.825820899183782, ""theo"": 6297.325820899184}",VWAP_MR,900,ES,4.075820899183782,5.424179100816218,False,STOP_HIT,-4.405820899183782,-1.1516014511091568,6293.5,6304.977462697551,2025-07-07
ES_VWAP_MR_V2_PORT,bullish,6265.987771761575,1751986200,6270.463315284724,1751986200,"{""sigma"": 2.0, ""target_r"": 2.0, ""risk"": 2.2377717615745496, ""theo"": 6265.987771761575}",VWAP_MR,0,ES,0.0,9.26222823842545,False,TARGET_HIT,3.895543523149099,1.7408136030852859,6263.75,6270.463315284724,2025-07-08
ES_VWAP_MR_V2_PORT,bearish,6316.695177210058,1752160800,6319.5,1752161100,"{""sigma"": 2.0, ""target_r"": 2.0, ""risk"": 2.8048227899416815, ""theo"": 6316.695177210058}",VWAP_MR,300,ES,3.0548227899416815,0.6951772100583185,False,STOP_HIT,-3.3848227899416816,-1.2067866825953948,6319.5,6311.085531630175,2025-07-10
ES_VWAP_MR_V2_PORT,bearish,6303.409694366011,1752244200,6306.25,1752244440,"{""sigma"": 2.0, ""target_r"": 2.0, ""risk"": 2.8403056339893737, ""theo"": 6303.409694366011}",VWAP_MR,240,ES,3.3403056339893737,1.1596943660106263,False,STOP_HIT,-3.420305633989374,-1.2042033762350275,6306.25,6297.729083098032,2025-07-11
ES_VWAP_MR_V2_PORT,bearish,6297.327421912617,1752504900,6299.75,1752505260,"{""sigma"": 2.0, ""target_r"": 2.0, ""risk"": 2.4225780873830445, ""theo"": 6297.327421912617}",VWAP_MR,360,ES,3.4225780873830445,4.0774219126169555,False,STOP_HIT,-3.0025780873830445,-1.2394143672894098,6299.75,6292.482265737851,2025-07-14
ES_VWAP_MR_V2_PORT,bullish,6306.816760823429,1752591900,6300.0,1752598560,"{""sigma"": 2.0, ""target_r"": 2.0, ""risk"": 6.816760823428922, ""theo"": 6306.816760823429}",VWAP_MR,6660,ES,11.316760823428922,9.183239176571078,False,STOP_HIT,-7.396760823428922,-1.0850843993244657,6300.0,6320.450282470287,2025-07-15
ES_VWAP_MR_V2_PORT,bullish,6271.333826839251,1752679800,6255.25,1752679980,"{""sigma"": 2.0, ""target_r"": 2.0, ""risk"": 16.083826839250833, ""theo"": 6271.333826839251}",VWAP_MR,180,ES,16.083826839250833,3.9161731607491674,False,STOP_HIT,-16.66382683925083,-1.036061069656916,6255.25,6303.5014805177525,2025-07-16
ES_VWAP_MR_V2_PORT,bearish,6329.661131794762,1752767400,6333.0,1752767700,"{""sigma"": 2.0, ""target_r"": 2.0, ""risk"": 3.3388682052382137, ""theo"": 6329.661131794762}",VWAP_MR,300,ES,3.3388682052382137,0.1611317947617863,False,STOP_HIT,-3.9188682052382138,-1.1737115586323719,6333.0,6322.983395384285,2025-07-17
ES_VWAP_MR_V2_PORT,bullish,6332.610902589163,1752849300,6335.3327077674885,1752849300,"{""sigma"": 2.0, ""target_r"": 2.0, ""risk"": 1.3609025891628335, ""theo"": 6332.610902589163}",VWAP_MR,0,ES,0.0,3.8890974108371665,False,TARGET_HIT,2.141805178325667,1.5738122591442858,6331.25,6335.3327077674885,2025-07-18
ES_VWAP_MR_V2_PORT,bearish,6348.882904315826,1753210200,6351.0,1753210320,"{""sigma"": 2.0, ""target_r"": 2.0, ""risk"": 2.1170956841742736, ""theo"": 6348.882904315826}",VWAP_MR,120,ES,2.8670956841742736,1.1329043158257264,False,STOP_HIT,-2.6970956841742737,-1.273960220284619,6351.0,6344.648712947477,2025-07-22
ES_VWAP_MR_V2_PORT,bearish,6373.4912266246,1753287300,6385.0,1753292760,"{""sigma"": 2.0, ""target_r"": 2.0, ""risk"": 11.508773375399869, ""theo"": 6373.4912266246}",VWAP_MR,5460,ES,12.008773375399869,3.491226624600131,False,STOP_HIT,-12.08877337539987,-1.0503963351333128,6385.0,6350.4736798738,2025-07-23
ES_VWAP_MR_V2_PORT,bearish,6409.125048956424,1753453500,6410.75,1753454040,"{""sigma"": 2.0, ""target_r"": 2.0, ""risk"": 1.6249510435764023, ""theo"": 6409.125048956424}",VWAP_MR,540,ES,4.874951043576402,2.3750489564235977,False,STOP_HIT,-2.2049510435764024,-1.3569338302792564,6410.75,6405.875146869271,2025-07-25
ES_VWAP_MR_V2_PORT,bearish,6431.500132335977,1753712400,6426.00039700793,1753714560,"{""sigma"": 2.0, ""target_r"": 2.0, ""risk"": 2.7498676640234407, ""theo"": 6431.500132335977}",VWAP_MR,2160,ES,1.4998676640234407,5.750132335976559,False,TARGET_HIT,4.919735328046881,1.7890807591986522,6434.25,6426.00039700793,2025-07-28
ES_VWAP_MR_V2_PORT,bullish,6415.301395661109,1753804500,6404.0,1753807140,"{""sigma"": 2.0, ""target_r"": 2.0, ""risk"": 11.301395661109382, ""theo"": 6415.301395661109}",VWAP_MR,2640,ES,11.301395661109382,0.19860433889061824,False,STOP_HIT,-11.881395661109382,-1.0513210949684657,6404.0,6437.904186983328,2025-07-29
ES_VWAP_MR_V2_PORT,bearish,6421.166510153487,1753898400,,1753898400,"{""sigma"": 2.0, ""target_r"": 2.0, ""risk"": 1.083489846512748, ""theo"": 6421.166510153487}",VWAP_MR,0,ES,2.833489846512748,3.916510153487252,False,AMBIGUOUS,,,6422.25,6418.999530460462,2025-07-30
ES_VWAP_MR_V2_PORT,bullish,6420.106749732615,1753975800,6402.25,1753982820,"{""sigma"": 2.0, ""target_r"": 2.0, ""risk"": 17.856749732614844, ""theo"": 6420.106749732615}",VWAP_MR,7020,ES,20.606749732614844,15.143250267385156,False,STOP_HIT,-18.436749732614842,-1.0324807150620834,6402.25,6455.8202491978445,2025-07-31
ES_VWAP_MR_V2_PORT,bullish,6354.233870809779,1754403000,6348.25,1754403300,"{""sigma"": 2.0, ""target_r"": 2.0, ""risk"": 5.983870809778637, ""theo"": 6354.233870809779}",VWAP_MR,300,ES,7.483870809778637,2.7661291902213634,False,STOP_HIT,-6.563870809778637,-1.096927226278379,6348.25,6366.201612429336,2025-08-05
ES_VWAP_MR_V2_PORT,bearish,6343.0315755292595,1754490900,6351.0,1754492040,"{""sigma"": 2.0, ""target_r"": 2.0, ""risk"": 7.968424470740501, ""theo"": 6343.0315755292595}",VWAP_MR,1140,ES,7.968424470740501,10.781575529259499,False,STOP_HIT,-8.548424470740501,-1.0727872871393485,6351.0,6327.0947265877785,2025-08-06
ES_VWAP_MR_V2_PORT,bullish,6381.923066432188,1754577000,6375.25,1754578080,"{""sigma"": 2.0, ""target_r"": 2.0, ""risk"": 6.673066432187625, ""theo"": 6381.923066432188}",VWAP_MR,1080,ES,8.923066432187625,4.326933567812375,False,STOP_HIT,-7.253066432187625,-1.0869165631563869,6375.25,6395.269199296563,2025-08-07
ES_VWAP_MR_V2_PORT,bearish,6417.8093216048965,1754921100,6419.75,1754921400,"{""sigma"": 2.0, ""target_r"": 2.0, ""risk"": 1.9406783951035322, ""theo"": 6417.8093216048965}",VWAP_MR,300,ES,2.9406783951035322,2.8093216048964678,False,STOP_HIT,-2.5206783951035323,-1.2988645627546433,6419.75,6413.927964814689,2025-08-11
ES_VWAP_MR_V2_PORT,bearish,6448.553926664732,1755012300,6451.25,1755013020,"{""sigma"": 2.0, ""target_r"": 2.0, ""risk"": 2.696073335268011, ""theo"": 6448.553926664732}",VWAP_MR,720,ES,2.946073335268011,5.053926664731989,False,STOP_HIT,-3.276073335268011,-1.215127679359784,6451.25,6443.161779994196,2025-08-12
ES_VWAP_MR_V2_PORT,bearish,6479.617329804971,1755180300,6481.75,1755180420,"{""sigma"": 2.0, ""target_r"": 2.0, ""risk"": 2.1326701950292772, ""theo"": 6479.617329804971}",VWAP_MR,120,ES,2.3826701950292772,0.8673298049707228,False,STOP_HIT,-2.7126701950292773,-1.2719595375561752,6481.75,6475.351989414912,2025-08-14
ES_VWAP_MR_V2_PORT,bullish,6463.3180671874,1755527400,6467.954201562199,1755527520,"{""sigma"": 2.0, ""target_r"": 2.0, ""risk"": 2.31806718739972, ""theo"": 6463.3180671874}",VWAP_MR,120,ES,1.5680671873997198,4.93193281260028,False,TARGET_HIT,4.05613437479944,1.7497915491178613,6461.0,6467.954201562199,2025-08-18
ES_VWAP_MR_V2_PORT,bearish,6472.9585932742075,1755612600,6476.25,1755612600,"{""sigma"": 2.0, ""target_r"": 2.0, ""risk"": 3.2914067257925126, ""theo"": 6472.9585932742075}",VWAP_MR,0,ES,3.2914067257925126,0.0,False,STOP_HIT,-3.8714067257925127,-1.1762164473490726,6476.25,6466.3757798226225,2025-08-19
ES_VWAP_MR_V2_PORT,bearish,6399.926743784984,1755786900,6375.280231354952,1755796560,"{""sigma"": 2.0, ""target_r"": 2.0, ""risk"": 12.323256215016045, ""theo"": 6399.926743784984}",VWAP_MR,9660,ES,8.573256215016045,25.676743784983955,False,TARGET_HIT,24.06651243003209,1.9529345174781596,6412.25,6375.280231354952,2025-08-21
ES_VWAP_MR_V2_PORT,bearish,6471.807667254694,1756130700,6476.75,1756134660,"{""sigma"": 2.0, ""target_r"": 2.0, ""risk"": 4.9423327453059755, ""theo"": 6471.807667254694}",VWAP_MR,3960,ES,5.1923327453059755,5.0576672546940245,False,STOP_HIT,-5.522332745305976,-1.1173534907278067,6476.75,6461.923001764082,2025-08-25
ES_VWAP_MR_V2_PORT,bearish,6459.3955702798685,1756218600,6454.686710839605,1756219260,"{""sigma"": 2.0, ""target_r"": 2.0, ""risk"": 2.3544297201315203, ""theo"": 6459.3955702798685}",VWAP_MR,660,ES,1.3544297201315203,5.64557027986848,False,TARGET_HIT,4.1288594402630405,1.753655844962915,6461.75,6454.686710839605,2025-08-26
ES_VWAP_MR_V2_PORT,bearish,6499.359248346903,1756320600,6493.577745040709,1756321920,"{""sigma"": 2.0, ""target_r"": 2.0, ""risk"": 2.8907516530971407, ""theo"": 6499.359248346903}",VWAP_MR,1320,ES,2.1407516530971407,11.10924834690286,False,TARGET_HIT,5.201503306194281,1.7993601424118912,6502.25,6493.577745040709,2025-08-27
ES_VWAP_MR_V2_PORT,bearish,6507.613929405012,1756398900,6513.0,1756403520,"{""sigma"": 2.0, ""target_r"": 2.0, ""risk"": 5.386070594988269, ""theo"": 6507.613929405012}",VWAP_MR,4620,ES,5.386070594988269,5.363929405011731,False,STOP_HIT,-5.966070594988269,-1.1076851834321833,6513.0,6496.841788215035,2025-08-28
ES_VWAP_MR_V2_PORT,bullish,6471.05482695276,1756477200,6461.75,1756478940,"{""sigma"": 2.0, ""target_r"": 2.0, ""risk"": 9.304826952759868, ""theo"": 6471.05482695276}",VWAP_MR,1740,ES,11.804826952759868,4.695173047240132,False,STOP_HIT,-9.884826952759868,-1.0623332387528142,6461.75,6489.66448085828,2025-08-29
ES_VWAP_MR_V2_PORT,bullish,6378.395827994651,1756827900,6376.75,1756828140,"{""sigma"": 2.0, ""target_r"": 2.0, ""risk"": 1.645827994650972, ""theo"": 6378.395827994651}",VWAP_MR,240,ES,1.895827994650972,1.854172005349028,False,STOP_HIT,-2.225827994650972,-1.3524062064110167,6376.75,6381.687483983953,2025-09-02
ES_VWAP_MR_V2_PORT,bullish,6443.511889123,1756908600,6439.25,1756908780,"{""sigma"": 2.0, ""target_r"": 2.0, ""risk"": 4.261889123000401, ""theo"": 6443.511889123}",VWAP_MR,180,ES,5.261889123000401,6.488110876999599,False,STOP_HIT,-4.841889123000401,-1.1360898848517382,6439.25,6452.035667369001,2025-09-03
ES_VWAP_MR_V2_PORT,bullish,6465.535897446479,1756995600,6478.107692339437,1756996620,"{""sigma"": 2.0, ""target_r"": 2.0, ""risk"": 6.285897446478884, ""theo"": 6465.535897446479}",VWAP_MR,1020,ES,3.2858974464788844,12.964102553521116,False,TARGET_HIT,11.991794892957769,1.9077299614035395,6459.25,6478.107692339437,2025-09-04
ES_VWAP_MR_V2_PORT,bullish,6502.081670491548,1757340300,6497.0,1757341080,"{""sigma"": 2.0, ""target_r"": 2.0, ""risk"": 5.081670491547811, ""theo"": 6502.081670491548}",VWAP_MR,780,ES,5.331670491547811,3.1683295084521887,False,STOP_HIT,-5.661670491547811,-1.1141356963157483,6497.0,6512.245011474643,2025-09-08
ES_VWAP_MR_V2_PORT,bullish,6499.686497662452,1757429400,6520.559492987356,1757447580,"{""sigma"": 2.0, ""target_r"": 2.0, ""risk"": 10.436497662451984, ""theo"": 6499.686497662452}",VWAP_MR,18180,ES,6.186497662451984,22.063502337548016,False,TARGET_HIT,20.29299532490397,1.9444258008041626,6489.25,6520.559492987356,2025-09-09
ES_VWAP_MR_V2_PORT,bearish,6552.151969162009,1757514900,6531.955907486026,1757528400,"{""sigma"": 2.0, ""target_r"": 2.0, ""risk"": 10.098030837991246, ""theo"": 6552.151969162009}",VWAP_MR,13500,ES,4.348030837991246,20.401969162008754,False,TARGET_HIT,19.616061675982493,1.9425630591443732,6562.25,6531.955907486026,2025-09-10
ES_VWAP_MR_V2_PORT,bearish,6591.977777756271,1757685900,6594.5,1757686020,"{""sigma"": 2.0, ""target_r"": 2.0, ""risk"": 2.52222224372872, ""theo"": 6591.977777756271}",VWAP_MR,120,ES,3.27222224372872,0.47777775627127994,False,STOP_HIT,-3.10222224372872,-1.2299559451757742,6594.5,6586.933333268814,2025-09-12
ES_VWAP_MR_V2_PORT,bearish,6618.696814189511,1757946300,6620.25,1757946420,"{""sigma"": 2.0, ""target_r"": 2.0, ""risk"": 1.553185810488685, ""theo"": 6618.696814189511}",VWAP_MR,120,ES,1.553185810488685,2.946814189511315,False,STOP_HIT,-2.133185810488685,-1.373426022877142,6620.25,6615.590442568534,2025-09-15
ES_VWAP_MR_V2_PORT,bullish,6661.504069490961,1758119100,6659.75,1758119400,"{""sigma"": 2.0, ""target_r"": 2.0, ""risk"": 1.7540694909612284, ""theo"": 6661.504069490961}",VWAP_MR,300,ES,2.2540694909612284,0.9959305090387716,False,STOP_HIT,-2.3340694909612285,-1.33065964774415,6659.75,6665.012208472884,2025-09-17
ES_VWAP_MR_V2_PORT,bullish,6698.036638410763,1758293400,6693.25,1758294600,"{""sigma"": 2.0, ""target_r"": 2.0, ""risk"": 4.786638410762862, ""theo"": 6698.036638410763}",VWAP_MR,1200,ES,4.786638410762862,5.463361589237138,False,STOP_HIT,-5.366638410762862,-1.1211706317101073,6693.25,6707.609915232289,2025-09-19
ES_VWAP_MR_V2_PORT,bullish,6749.997291895378,1758637200,6747.5,1758637440,"{""sigma"": 2.0, ""target_r"": 2.0, ""risk"": 2.497291895378112, ""theo"": 6749.997291895378}",VWAP_MR,240,ES,2.997291895378112,2.002708104621888,False,STOP_HIT,-3.077291895378112,-1.2322515846359174,6747.5,6754.991875686134,2025-09-23
ES_VWAP_MR_V2_PORT,bullish,6704.790463449865,1758728400,6703.0,1758728460,"{""sigma"": 2.0, ""target_r"": 2.0, ""risk"": 1.7904634498645464, ""theo"": 6704.790463449865}",VWAP_MR,60,ES,2.0404634498645464,0.7095365501354536,False,STOP_HIT,-2.3704634498645465,-1.3239384752835244,6703.0,6708.371390349594,2025-09-24
ES_VWAP_MR_V2_PORT,bearish,6669.70589727568,1758810900,6664.117691827041,1758811860,"{""sigma"": 2.0, ""target_r"": 2.0, ""risk"": 2.7941027243196004, ""theo"": 6669.70589727568}",VWAP_MR,960,ES,2.2941027243196004,5.7058972756804,False,TARGET_HIT,5.008205448639201,1.7924199439942792,6672.5,6664.117691827041,2025-09-25
ES_VWAP_MR_V2_PORT,bullish,6668.249603433266,1758897300,6690.248810299799,1758905520,"{""sigma"": 2.0, ""target_r"": 2.0, ""risk"": 10.999603433266202, ""theo"": 6668.249603433266}",VWAP_MR,8220,ES,9.749603433266202,22.000396566733798,False,TARGET_HIT,21.419206866532406,1.9472708263058012,6657.25,6690.248810299799,2025-09-26
ES_VWAP_MR_V2_PORT,bearish,6726.9654528703595,1759155600,6718.3963586110785,1759158660,"{""sigma"": 2.0, ""target_r"": 2.0, ""risk"": 4.284547129640487, ""theo"": 6726.9654528703595}",VWAP_MR,3060,ES,3.5345471296404867,9.715452870359513,False,TARGET_HIT,7.989094259280973,1.8646298004315178,6731.25,6718.3963586110785,2025-09-29
ES_VWAP_MR_V2_PORT,bearish,6707.328005121694,1759241100,6695.984015365083,1759243080,"{""sigma"": 2.0, ""target_r"": 2.0, ""risk"": 5.671994878305668, ""theo"": 6707.328005121694}",VWAP_MR,1980,ES,3.671994878305668,11.828005121694332,False,TARGET_HIT,10.763989756611336,1.8977432080874415,6713.0,6695.984015365083,2025-09-30
ES_VWAP_MR_V2_PORT,bearish,6732.348662611238,1759330200,6735.75,1759330860,"{""sigma"": 2.0, ""target_r"": 2.0, ""risk"": 3.401337388761931, ""theo"": 6732.348662611238}",VWAP_MR,660,ES,5.151337388761931,3.598662611238069,False,STOP_HIT,-3.981337388761931,-1.1705211608575876,6735.75,6725.545987833714,2025-10-01
ES_VWAP_MR_V2_PORT,bullish,6751.816289853347,1759417800,6744.25,1759419420,"{""sigma"": 2.0, ""target_r"": 2.0, ""risk"": 7.566289853347371, ""theo"": 6751.816289853347}",VWAP_MR,1620,ES,10.06628985334737,3.683710146652629,False,STOP_HIT,-8.14628985334737,-1.0766557997700028,6744.25,6766.948869560042,2025-10-02
ES_VWAP_MR_V2_PORT,bullish,6770.674412571316,1759515300,6768.5,1759521300,"{""sigma"": 2.0, ""target_r"": 2.0, ""risk"": 16.67441257131577, ""theo"": 6770.674412571316}",VWAP_MR,6000,ES,6.17441257131577,9.07558742868423,False,TIME_EXIT,-2.75441257131577,-0.1651879824572687,6754.0,6804.023237713947,2025-10-03
ES_VWAP_MR_V2_PORT,bearish,6787.7592751897055,1759767000,6791.75,1759771260,"{""sigma"": 2.0, ""target_r"": 2.0, ""risk"": 3.990724810294523, ""theo"": 6787.7592751897055}",VWAP_MR,4260,ES,4.240724810294523,2.509275189705477,False,STOP_HIT,-4.570724810294523,-1.1453370070779687,6791.75,6779.777825569116,2025-10-06
ES_VWAP_MR_V2_PORT,bullish,6794.122402678661,1759846200,6789.0,1759846980,"{""sigma"": 2.0, ""target_r"": 2.0, ""risk"": 5.122402678661274, ""theo"": 6794.122402678661}",VWAP_MR,780,ES,5.122402678661274,1.127597321338726,False,STOP_HIT,-5.702402678661274,-1.1132281150828192,6789.0,6804.367208035984,2025-10-07
ES_VWAP_MR_V2_PORT,bullish,6696.489542716059,1760110800,6684.0,1760110800,"{""sigma"": 2.0, ""target_r"": 2.0, ""risk"": 12.489542716059077, ""theo"": 6696.489542716059}",VWAP_MR,0,ES,37.48954271605908,0.0,False,STOP_HIT,-13.069542716059077,-1.0464388499391764,6684.0,6721.468628148177,2025-10-10
ES_VWAP_MR_V2_PORT,bearish,6687.729185822581,1760364600,6669.187557467742,1760365320,"{""sigma"": 2.0, ""target_r"": 2.0, ""risk"": 9.270814177419197, ""theo"": 6687.729185822581}",VWAP_MR,720,ES,4.520814177419197,19.729185822580803,False,TARGET_HIT,17.961628354838396,1.93743807297824,6697.0,6669.187557467742,2025-10-13
ES_VWAP_MR_V2_PORT,bullish,6713.988637450255,1760543700,6702.0,1760547480,"{""sigma"": 2.0, ""target_r"": 2.0, ""risk"": 11.988637450254828, ""theo"": 6713.988637450255}",VWAP_MR,3780,ES,11.988637450254828,13.511362549745172,False,STOP_HIT,-12.568637450254828,-1.048379142534473,6702.0,6737.9659123507645,2025-10-15
ES_VWAP_MR_V2_PORT,bullish,6726.277711120665,1760624700,6744.333133361995,1760625660,"{""sigma"": 2.0, ""target_r"": 2.0, ""risk"": 9.027711120665117, ""theo"": 6726.277711120665}",VWAP_MR,960,ES,0.777711120665117,18.472288879334883,False,TARGET_HIT,17.475422241330236,1.9357533717851987,6717.25,6744.333133361995,2025-10-16
ES_VWAP_MR_V2_PORT,bearish,6684.469897471459,1760710800,6658.409692414378,1760712960,"{""sigma"": 2.0, ""target_r"": 2.0, ""risk"": 13.030102528540738, ""theo"": 6684.469897471459}",VWAP_MR,2160,ES,5.280102528540738,29.719897471459262,False,TARGET_HIT,25.480205057081477,1.9554876871667293,6697.5,6658.409692414378,2025-10-17
ES_VWAP_MR_V2_PORT,bearish,6756.47113784681,1760969700,6752.91341354043,1760969700,"{""sigma"": 2.0, ""target_r"": 2.0, ""risk"": 1.778862153189948, ""theo"": 6756.47113784681}",VWAP_MR,0,ES,0.0,3.971137846810052,False,TARGET_HIT,2.977724306379896,1.6739488785233223,6758.25,6752.91341354043,2025-10-20
ES_VWAP_MR_V2_PORT,bearish,6778.766029588185,1761059700,6787.25,1761064200,"{""sigma"": 2.0, ""target_r"": 2.0, ""risk"": 8.48397041181488, ""theo"": 6778.766029588185}",VWAP_MR,4500,ES,8.73397041181488,5.01602958818512,False,STOP_HIT,-9.06397041181488,-1.0683642176771722,6787.25,6761.798088764555,2025-10-21
ES_VWAP_MR_V2_PORT,bullish,6767.450988328645,1761142800,6762.75,1761142980,"{""sigma"": 2.0, ""target_r"": 2.0, ""risk"": 4.700988328644598, ""theo"": 6767.450988328645}",VWAP_MR,180,ES,4.700988328644598,3.7990116713554016,False,STOP_HIT,-5.280988328644598,-1.1233783109959832,6762.75,6776.852964985934,2025-10-22
ES_VWAP_MR_V2_PORT,bearish,6766.813250586652,1761236400,6761.439751759957,1761236820,"{""sigma"": 2.0, ""target_r"": 2.0, ""risk"": 2.6867494133475702, ""theo"": 6766.813250586652}",VWAP_MR,420,ES,0.4367494133475702,5.81325058665243,False,TARGET_HIT,4.79349882669514,1.7841257554133618,6769.5,6761.439751759957,2025-10-23
ES_VWAP_MR_V2_PORT,bearish,6836.152404051545,1761320400,6841.25,1761322860,"{""sigma"": 2.0, ""target_r"": 2.0, ""risk"": 5.097595948454909, ""theo"": 6836.152404051545}",VWAP_MR,2460,ES,5.097595948454909,4.652404051545091,False,STOP_HIT,-5.6775959484549094,-1.1137791237015948,6841.25,6825.957212154635,2025-10-24
ES_VWAP_MR_V2_PORT,bearish,6886.144902647125,1761574500,6892.5,1761580860,"{""sigma"": 2.0, ""target_r"": 2.0, ""risk"": 6.355097352875418, ""theo"": 6886.144902647125}",VWAP_MR,6360,ES,6.605097352875418,6.394902647124582,False,STOP_HIT,-6.9350973528754185,-1.091265321016298,6892.5,6873.434707941374,2025-10-27
ES_VWAP_MR_V2_PORT,bullish,6906.816876360627,1761666000,6914.450629081882,1761667620,"{""sigma"": 2.0, ""target_r"": 2.0, ""risk"": 3.8168763606272478, ""theo"": 6906.816876360627}",VWAP_MR,1620,ES,1.5668763606272478,8.183123639372752,False,TARGET_HIT,7.0537527212544955,1.8480432832504206,6903.0,6914.450629081882,2025-10-28
ES_VWAP_MR_V2_PORT,bullish,6938.5850917901535,1761749700,6932.5,1761753840,"{""sigma"": 2.0, ""target_r"": 2.0, ""risk"": 6.085091790153456, ""theo"": 6938.5850917901535}",VWAP_MR,4140,ES,8.335091790153456,4.164908209846544,False,STOP_HIT,-6.665091790153456,-1.0953149138914424,6932.5,6950.75527537046,2025-10-29
ES_VWAP_MR_V2_PORT,bullish,6878.283392211426,1761919800,6880.350176634278,1761919800,"{""sigma"": 2.0, ""target_r"": 2.0, ""risk"": 1.0333922114259622, ""theo"": 6878.283392211426}",VWAP_MR,0,ES,0.0,7.966607788574038,False,TARGET_HIT,1.4867844228519242,1.4387416572458323,6877.25,6880.350176634278,2025-10-31
ES_VWAP_MR_V2_PORT,bullish,6854.894162316185,1762184100,6865.682486948556,1762184400,"{""sigma"": 2.0, ""target_r"": 2.0, ""risk"": 5.3941623161854295, ""theo"": 6854.894162316185}",VWAP_MR,300,ES,3.1441623161854295,13.10583768381457,False,TARGET_HIT,10.208324632370859,1.8924763538798817,6849.5,6865.682486948556,2025-11-03
ES_VWAP_MR_V2_PORT,bearish,6842.622281435202,1762362000,6846.5,1762363260,"{""sigma"": 2.0, ""target_r"": 2.0, ""risk"": 3.8777185647977603, ""theo"": 6842.622281435202}",VWAP_MR,1260,ES,4.12771856479776,3.6222814352022397,False,STOP_HIT,-4.45771856479776,-1.1495724845184192,6846.5,6834.866844305607,2025-11-05
ES_VWAP_MR_V2_PORT,bullish,6788.8221901152265,1762441800,6772.0,1762443360,"{""sigma"": 2.0, ""target_r"": 2.0, ""risk"": 16.822190115226476, ""theo"": 6788.8221901152265}",VWAP_MR,1560,ES,18.572190115226476,11.927809884773524,False,STOP_HIT,-17.402190115226475,-1.0344782692400447,6772.0,6822.466570345679,2025-11-06
ES_VWAP_MR_V2_PORT,bullish,6677.8785114022685,1762532400,6666.25,1762533660,"{""sigma"": 2.0, ""target_r"": 2.0, ""risk"": 11.628511402268487, ""theo"": 6677.8785114022685}",VWAP_MR,1260,ES,12.378511402268487,4.371488597731513,False,STOP_HIT,-12.208511402268487,-1.0498774073426849,6666.25,6701.1355342068055,2025-11-07
ES_VWAP_MR_V2_PORT,bearish,6855.72359244556,1762806000,6860.5,1762806300,"{""sigma"": 2.0, ""target_r"": 2.0, ""risk"": 4.776407554440084, ""theo"": 6855.72359244556}",VWAP_MR,300,ES,4.776407554440084,0.7235924455599161,False,STOP_HIT,-5.356407554440084,-1.121430173909854,6860.5,6846.17077733668,2025-11-10
ES_VWAP_MR_V2_PORT,bullish,6838.497000686562,1762874700,6831.5,1762875240,"{""sigma"": 2.0, ""target_r"": 2.0, ""risk"": 6.997000686562387, ""theo"": 6838.497000686562}",VWAP_MR,540,ES,7.247000686562387,3.7529993134376127,False,STOP_HIT,-7.577000686562387,-1.0828926601527822,6831.5,6852.491002059687,2025-11-11
ES_VWAP_MR_V2_PORT,bullish,6869.089784324345,1762962000,6860.75,1762963800,"{""sigma"": 2.0, ""target_r"": 2.0, ""risk"": 8.339784324344691, ""theo"": 6869.089784324345}",VWAP_MR,1800,ES,12.839784324344691,5.160215675655309,False,STOP_HIT,-8.919784324344691,-1.0695461629993142,6860.75,6885.769352973034,2025-11-12
ES_VWAP_MR_V2_PORT,bullish,6807.062708893976,1763049600,6794.5,1763049960,"{""sigma"": 2.0, ""target_r"": 2.0, ""risk"": 12.562708893976378, ""theo"": 6807.062708893976}",VWAP_MR,360,ES,13.062708893976378,2.187291106023622,False,STOP_HIT,-13.142708893976378,-1.0461683865235547,6794.5,6832.188126681929,2025-11-13
ES_VWAP_MR_V2_PORT,bearish,6747.366592929616,1763135100,6750.75,1763135100,"{""sigma"": 2.0, ""target_r"": 2.0, ""risk"": 3.383407070384237, ""theo"": 6747.366592929616}",VWAP_MR,0,ES,10.133407070384237,0.6165929296157628,False,STOP_HIT,-3.9634070703842372,-1.171424835361041,6750.75,6740.599778788847,2025-11-14
ES_VWAP_MR_V2_PORT,bullish,6734.113283203979,1763396700,6714.75,1763405700,"{""sigma"": 2.0, ""target_r"": 2.0, ""risk"": 19.363283203979336, ""theo"": 6734.113283203979}",VWAP_MR,9000,ES,24.113283203979336,33.386716796020664,False,STOP_HIT,-19.943283203979334,-1.0299535979456627,6714.75,6772.839849611938,2025-11-17
ES_VWAP_MR_V2_PORT,bearish,6671.147982944543,1763488800,6679.75,1763489220,"{""sigma"": 2.0, ""target_r"": 2.0, ""risk"": 8.6020170554566, ""theo"": 6671.147982944543}",VWAP_MR,420,ES,8.8520170554566,2.1479829445434007,False,STOP_HIT,-9.1820170554566,-1.0674260462704015,6679.75,6653.94394883363,2025-11-18
ES_VWAP_MR_V2_PORT,bearish,6782.371554868858,1763651100,6767.114664606574,1763651280,"{""sigma"": 2.0, ""target_r"": 2.0, ""risk"": 7.6284451311421435, ""theo"": 6782.371554868858}",VWAP_MR,180,ES,3.1284451311421435,16.121554868857856,False,TARGET_HIT,14.676890262284287,1.9239687786922364,6790.0,6767.114664606574,2025-11-20
ES_VWAP_MR_V2_PORT,bullish,6570.975921594888,1763737800,6563.0,1763738220,"{""sigma"": 2.0, ""target_r"": 2.0, ""risk"": 7.97592159488795, ""theo"": 6570.975921594888}",VWAP_MR,420,ES,13.47592159488795,5.02407840511205,False,STOP_HIT,-8.55592159488795,-1.0727188692992848,6563.0,6586.927764784664,2025-11-21
ES_VWAP_MR_V2_PORT,bearish,6694.994242179981,1763999700,6703.75,1764000120,"{""sigma"": 2.0, ""target_r"": 2.0, ""risk"": 8.755757820019426, ""theo"": 6694.994242179981}",VWAP_MR,420,ES,9.755757820019426,1.4942421799805743,False,STOP_HIT,-9.335757820019426,-1.0662421245450475,6703.75,6677.482726539942,2025-11-24
ES_VWAP_MR_V2_PORT,bullish,6803.1021334337875,1764169500,6817.806400301362,1764171300,"{""sigma"": 2.0, ""target_r"": 2.0, ""risk"": 7.352133433787458, ""theo"": 6803.1021334337875}",VWAP_MR,1800,ES,1.8521334337874578,16.647866566212542,False,TARGET_HIT,14.124266867574915,1.9211113338429697,6795.75,6817.806400301362,2025-11-26
ES_VWAP_MR_V2_PORT,bearish,6847.195447727148,1764344400,6849.75,1764344880,"{""sigma"": 2.0, ""target_r"": 2.0, ""risk"": 2.5545522728516517, ""theo"": 6847.195447727148}",VWAP_MR,480,ES,3.0545522728516517,1.9454477271483483,False,STOP_HIT,-3.1345522728516517,-1.2270456573403936,6849.75,6842.086343181445,2025-11-28
ES_VWAP_MR_V2_PORT,bearish,6847.243595974426,1764608400,6850.0,1764608820,"{""sigma"": 2.0, ""target_r"": 2.0, ""risk"": 2.756404025573829, ""theo"": 6847.243595974426}",VWAP_MR,420,ES,3.506404025573829,3.493595974426171,False,STOP_HIT,-3.336404025573829,-1.2104190803012833,6850.0,6841.7307879232785,2025-12-01
ES_VWAP_MR_V2_PORT,bearish,6853.956057212316,1764688200,6846.368171636949,1764689280,"{""sigma"": 2.0, ""target_r"": 2.0, ""risk"": 3.7939427876835907, ""theo"": 6853.956057212316}",VWAP_MR,1080,ES,3.5439427876835907,13.70605721231641,False,TARGET_HIT,7.007885575367181,1.8471247373885356,6857.75,6846.368171636949,2025-12-02
ES_VWAP_MR_V2_PORT,bearish,6840.740151256072,1764774900,6847.25,1764775980,"{""sigma"": 2.0, ""target_r"": 2.0, ""risk"": 6.50984874392816, ""theo"": 6840.740151256072}",VWAP_MR,1080,ES,8.75984874392816,6.74015125607184,False,STOP_HIT,-7.08984874392816,-1.0890957720854844,6847.25,6827.7204537682155,2025-12-03
ES_VWAP_MR_V2_PORT,bullish,6853.563023166877,1764860700,6850.25,1764861180,"{""sigma"": 2.0, ""target_r"": 2.0, ""risk"": 3.3130231668774286, ""theo"": 6853.563023166877}",VWAP_MR,480,ES,4.313023166877429,4.686976833122571,False,STOP_HIT,-3.8930231668774287,-1.175066690084953,6850.25,6860.189069500632,2025-12-04
ES_VWAP_MR_V2_PORT,bearish,6903.1626065322425,1764948000,6901.487819596728,1764948000,"{""sigma"": 2.0, ""target_r"": 2.0, ""risk"": 0.8373934677574653, ""theo"": 6903.1626065322425}",VWAP_MR,0,ES,0.0,4.662606532242535,False,TARGET_HIT,1.0947869355149304,1.3073745827594803,6904.0,6901.487819596728,2025-12-05
ES_VWAP_MR_V2_PORT,bullish,6869.77045812517,1765207200,6866.0,1765207500,"{""sigma"": 2.0, ""target_r"": 2.0, ""risk"": 3.77045812517008, ""theo"": 6869.77045812517}",VWAP_MR,300,ES,7.52045812517008,1.4795418748299198,False,STOP_HIT,-4.35045812517008,-1.1538274609464962,6866.0,6877.31137437551,2025-12-08
ES_VWAP_MR_V2_PORT,bearish,6869.054957364772,1765297800,6872.25,1765298100,"{""sigma"": 2.0, ""target_r"": 2.0, ""risk"": 3.1950426352277645, ""theo"": 6869.054957364772}",VWAP_MR,300,ES,3.6950426352277645,2.5549573647722355,False,STOP_HIT,-3.7750426352277646,-1.1815312239045141,6872.25,6862.664872094317,2025-12-09
ES_VWAP_MR_V2_PORT,bearish,6852.610670371294,1765384800,6856.5,1765389240,"{""sigma"": 2.0, ""target_r"": 2.0, ""risk"": 3.8893296287060366, ""theo"": 6852.610670371294}",VWAP_MR,4440,ES,4.889329628706037,5.610670371293963,False,STOP_HIT,-4.469329628706037,-1.149125956236567,6856.5,6844.832011113882,2025-12-10
ES_VWAP_MR_V2_PORT,bearish,6881.201023010913,1765467000,6874.103069032738,1765467300,"{""sigma"": 2.0, ""target_r"": 2.0, ""risk"": 3.5489769890873504, ""theo"": 6881.201023010913}",VWAP_MR,300,ES,0.2989769890873504,7.20102301091265,False,TARGET_HIT,6.517953978174701,1.8365726231014103,6884.75,6874.103069032738,2025-12-11
ES_VWAP_MR_V2_PORT,bullish,6862.362762406409,1765553700,6846.75,1765555080,"{""sigma"": 2.0, ""target_r"": 2.0, ""risk"": 15.612762406409274, ""theo"": 6862.362762406409}",VWAP_MR,1380,ES,34.612762406409274,7.387237593590726,False,STOP_HIT,-16.192762406409273,-1.0371490953940283,6846.75,6893.588287219228,2025-12-12
ES_VWAP_MR_V2_PORT,bearish,6819.312128353923,1765897500,6810.436385061769,1765897500,"{""sigma"": 2.0, ""target_r"": 2.0, ""risk"": 4.437871646076928, ""theo"": 6819.312128353923}",VWAP_MR,0,ES,0.0,10.562128353923072,False,TARGET_HIT,8.295743292153857,1.8693067203706264,6823.75,6810.436385061769,2025-12-16
ES_VWAP_MR_V2_PORT,bullish,6816.768809132419,1765987500,6804.0,1765987980,"{""sigma"": 2.0, ""target_r"": 2.0, ""risk"": 12.768809132418937, ""theo"": 6816.768809132419}",VWAP_MR,480,ES,13.268809132418937,4.231190867581063,False,STOP_HIT,-13.348809132418937,-1.0454231866092687,6804.0,6842.306427397257,2025-12-17
ES_VWAP_MR_V2_PORT,bullish,6912.751084244025,1766417700,6916.253252732075,1766417700,"{""sigma"": 2.0, ""target_r"": 2.0, ""risk"": 1.7510842440251508, ""theo"": 6912.751084244025}",VWAP_MR,0,ES,0.0,4.498915755974849,False,TARGET_HIT,2.9221684880503016,1.6687766439684386,6911.0,6916.253252732075,2025-12-22
ES_VWAP_MR_V2_PORT,bearish,6968.309518287417,1766589600,6972.25,1766590200,"{""sigma"": 2.0, ""target_r"": 2.0, ""risk"": 3.940481712583278, ""theo"": 6968.309518287417}",VWAP_MR,600,ES,3.940481712583278,0.05951828741672216,False,STOP_HIT,-4.520481712583278,-1.1471901260568893,6972.25,6960.42855486225,2025-12-24
ES_VWAP_MR_V2_PORT,bullish,6973.271133992592,1766769900,6978.313401977775,1766770200,"{""sigma"": 2.0, ""target_r"": 2.0, ""risk"": 2.5211339925917855, ""theo"": 6973.271133992592}",VWAP_MR,300,ES,0.7711339925917855,5.4788660074082145,False,TARGET_HIT,4.462267985183571,1.7699447940076576,6970.75,6978.313401977775,2025-12-26
ES_VWAP_MR_V2_PORT,bullish,6946.515001935268,1767021300,6952.545005805803,1767021480,"{""sigma"": 2.0, ""target_r"": 2.0, ""risk"": 3.015001935267719, ""theo"": 6946.515001935268}",VWAP_MR,180,ES,0.2650019352677191,6.734998064732281,False,TARGET_HIT,5.450003870535438,1.8076286475257275,6943.5,6952.545005805803,2025-12-29
ES_VWAP_MR_V2_PORT,bullish,6944.543764914508,1767108000,6949.1312947435235,1767108240,"{""sigma"": 2.0, ""target_r"": 2.0, ""risk"": 2.2937649145078467, ""theo"": 6944.543764914508}",VWAP_MR,240,ES,1.2937649145078467,4.706235085492153,False,TARGET_HIT,4.007529829015693,1.747140608729537,6942.25,6949.1312947435235,2025-12-30
ES_VWAP_MR_V2_PORT,bullish,6917.929520009568,1767197100,6926.288560028703,1767200280,"{""sigma"": 2.0, ""target_r"": 2.0, ""risk"": 4.179520009567568, ""theo"": 6917.929520009568}",VWAP_MR,3180,ES,2.679520009567568,8.820479990432432,False,TARGET_HIT,7.779040019135136,1.8612280839253574,6913.75,6926.288560028703,2025-12-31
ES_VWAP_MR_V2_PORT,bullish,6896.812644380118,1767367800,6885.25,1767369420,"{""sigma"": 2.0, ""target_r"": 2.0, ""risk"": 11.5626443801184, ""theo"": 6896.812644380118}",VWAP_MR,1620,ES,12.0626443801184,18.9373556198816,False,STOP_HIT,-12.1426443801184,-1.050161535798618,6885.25,6919.937933140355,2026-01-02
ES_VWAP_MR_V2_PORT,bearish,6943.0475950281425,1767626100,6948.5,1767626400,"{""sigma"": 2.0, ""target_r"": 2.0, ""risk"": 5.452404971857504, ""theo"": 6943.0475950281425}",VWAP_MR,300,ES,5.702404971857504,1.2975950281424957,False,STOP_HIT,-6.032404971857504,-1.1063750772353962,6948.5,6932.1427850844275,2026-01-05
ES_VWAP_MR_V2_PORT,bearish,6988.521070781806,1767729600,6990.0,1767729780,"{""sigma"": 2.0, ""target_r"": 2.0, ""risk"": 1.4789292181940255, ""theo"": 6988.521070781806}",VWAP_MR,180,ES,1.7289292181940255,2.2710707818059745,False,STOP_HIT,-2.0589292181940255,-1.3921756314397922,6990.0,6985.563212345418,2026-01-06
ES_VWAP_MR_V2_PORT,bullish,6980.213582607575,1767799500,6984.640747822724,1767799680,"{""sigma"": 2.0, ""target_r"": 2.0, ""risk"": 2.213582607574608, ""theo"": 6980.213582607575}",VWAP_MR,180,ES,0.7135826075746081,6.036417392425392,False,TARGET_HIT,3.847165215149216,1.737981316795989,6978.0,6984.640747822724,2026-01-07
ES_VWAP_MR_V2_PORT,bearish,6958.857466600174,1767886200,6966.0,1767890760,"{""sigma"": 2.0, ""target_r"": 2.0, ""risk"": 7.142533399825879, ""theo"": 6958.857466600174}",VWAP_MR,4560,ES,8.39253339982588,8.35746660017412,False,STOP_HIT,-7.722533399825879,-1.0812036804775935,6966.0,6944.572399800522,2026-01-08
ES_VWAP_MR_V2_PORT,bearish,6988.141147297576,1767973200,6999.75,1767975180,"{""sigma"": 2.0, ""target_r"": 2.0, ""risk"": 11.608852702423974, ""theo"": 6988.141147297576}",VWAP_MR,1980,ES,12.358852702423974,10.891147297576026,False,STOP_HIT,-12.188852702423974,-1.0499618708986542,6999.75,6964.923441892728,2026-01-09
ES_VWAP_MR_V2_PORT,bullish,6950.269630471277,1768403100,6938.25,1768405560,"{""sigma"": 2.0, ""target_r"": 2.0, ""risk"": 12.019630471277196, ""theo"": 6950.269630471277}",VWAP_MR,2460,ES,15.769630471277196,20.980369528722804,False,STOP_HIT,-12.599630471277196,-1.0482543952899386,6938.25,6974.308891413832,2026-01-14
ES_VWAP_MR_V2_PORT,bullish,6999.659014678098,1768489500,6997.75,1768489560,"{""sigma"": 2.0, ""target_r"": 2.0, ""risk"": 1.909014678098174, ""theo"": 6999.659014678098}",VWAP_MR,60,ES,2.909014678098174,1.340985321901826,False,STOP_HIT,-2.489014678098174,-1.3038216555662192,6997.75,7003.4770440342945,2026-01-15
ES_VWAP_MR_V2_PORT,bullish,6981.392597447206,1768575900,6975.25,1768576740,"{""sigma"": 2.0, ""target_r"": 2.0, ""risk"": 6.142597447205844, ""theo"": 6981.392597447206}",VWAP_MR,840,ES,6.892597447205844,6.357402552794156,False,STOP_HIT,-6.722597447205844,-1.0944225964642744,6975.25,6993.6777923416175,2026-01-16
ES_VWAP_MR_V2_PORT,bullish,6875.8496235219845,1768922100,6896.048870565954,1768922880,"{""sigma"": 2.0, ""target_r"": 2.0, ""risk"": 10.09962352198454, ""theo"": 6875.8496235219845}",VWAP_MR,780,ES,7.34962352198454,21.15037647801546,False,TARGET_HIT,19.619247043969082,1.9425721167984655,6865.75,6896.048870565954,2026-01-20
ES_VWAP_MR_V2_PORT,bearish,6879.350652151093,1769007900,6884.5,1769007960,"{""sigma"": 2.0, ""target_r"": 2.0, ""risk"": 5.149347848907382, ""theo"": 6879.350652151093}",VWAP_MR,60,ES,5.149347848907382,1.1006521510926177,False,STOP_HIT,-5.729347848907382,-1.1126356224163547,6884.5,6869.051956453278,2026-01-21
ES_VWAP_MR_V2_PORT,bearish,6937.995697177143,1769181300,6948.25,1769181720,"{""sigma"": 2.0, ""target_r"": 2.0, ""risk"": 10.254302822857426, ""theo"": 6937.995697177143}",VWAP_MR,420,ES,12.254302822857426,1.4956971771425742,False,STOP_HIT,-10.834302822857426,-1.0565616219863476,6948.25,6917.487091531428,2026-01-23
ES_VWAP_MR_V2_PORT,bullish,7022.645188511484,1769613600,7012.5,1769614920,"{""sigma"": 2.0, ""target_r"": 2.0, ""risk"": 10.145188511483866, ""theo"": 7022.645188511484}",VWAP_MR,1320,ES,11.395188511483866,0.604811488516134,False,STOP_HIT,-10.725188511483866,-1.057169957891218,7012.5,7042.935565534452,2026-01-28
ES_VWAP_MR_V2_PORT,bullish,6967.4506996198315,1769786700,6960.25,1769787000,"{""sigma"": 2.0, ""target_r"": 2.0, ""risk"": 7.200699619831539, ""theo"": 6967.4506996198315}",VWAP_MR,300,ES,10.45069961983154,8.54930038016846,False,STOP_HIT,-7.780699619831539,-1.0805477287793834,6960.25,6981.852098859495,2026-01-30
ES_VWAP_MR_V2_PORT,bullish,6929.161459810132,1770140700,6925.25,1770140700,"{""sigma"": 2.0, ""target_r"": 2.0, ""risk"": 3.911459810132328, ""theo"": 6929.161459810132}",VWAP_MR,0,ES,8.411459810132328,0.0,False,STOP_HIT,-4.491459810132328,-1.148282234294612,6925.25,6936.984379430397,2026-02-03
ES_VWAP_MR_V2_PORT,bullish,6933.90932208861,1770217500,6910.5,1770222060,"{""sigma"": 2.0, ""target_r"": 2.0, ""risk"": 23.40932208860977, ""theo"": 6933.90932208861}",VWAP_MR,4560,ES,24.65932208860977,21.09067791139023,False,STOP_HIT,-23.989322088609768,-1.024776454346032,6910.5,6980.727966265829,2026-02-04
ES_VWAP_MR_V2_PORT,bullish,6818.4032779000045,1770304800,6810.5,1770305160,"{""sigma"": 2.0, ""target_r"": 2.0, ""risk"": 7.903277900004468, ""theo"": 6818.4032779000045}",VWAP_MR,360,ES,9.903277900004468,9.096722099995532,False,STOP_HIT,-8.483277900004468,-1.073387271375042,6810.5,6834.209833700013,2026-02-05
ES_VWAP_MR_V2_PORT,bearish,6908.822867634432,1770395100,6917.25,1770395520,"{""sigma"": 2.0, ""target_r"": 2.0, ""risk"": 8.427132365567559, ""theo"": 6908.822867634432}",VWAP_MR,420,ES,8.677132365567559,1.0728676344324413,False,STOP_HIT,-9.007132365567559,-1.068825310300076,6917.25,6891.968602903297,2026-02-06
ES_VWAP_MR_V2_PORT,bearish,6964.951954893359,1770650700,6970.75,1770651060,"{""sigma"": 2.0, ""target_r"": 2.0, ""risk"": 5.798045106641439, ""theo"": 6964.951954893359}",VWAP_MR,360,ES,6.298045106641439,6.701954893358561,False,STOP_HIT,-6.378045106641439,-1.1000337164220457,6970.75,6953.355864680076,2026-02-09
ES_VWAP_MR_V2_PORT,bullish,6978.825164484751,1770748800,6970.5,1770749460,"{""sigma"": 2.0, ""target_r"": 2.0, ""risk"": 8.32516448475144, ""theo"": 6978.825164484751}",VWAP_MR,660,ES,8.57516448475144,0.1748355152485601,False,STOP_HIT,-8.90516448475144,-1.0696682931685424,6970.5,6995.475493454254,2026-02-10
ES_VWAP_MR_V2_PORT,bearish,6857.338780297118,1770995700,6844.016340891355,1770995760,"{""sigma"": 2.0, ""target_r"": 2.0, ""risk"": 6.661219702881681, ""theo"": 6857.338780297118}",VWAP_MR,60,ES,0.41121970288168086,17.33878029711832,False,TARGET_HIT,12.742439405763362,1.912928858997236,6864.0,6844.016340891355,2026-02-13
ES_VWAP_MR_V2_PORT,bullish,6801.580648718278,1771341000,6812.241946154834,1771341000,"{""sigma"": 2.0, ""target_r"": 2.0, ""risk"": 5.330648718278098, ""theo"": 6801.580648718278}",VWAP_MR,0,ES,0.0,11.919351281721902,False,TARGET_HIT,10.081297436556197,1.8911952314525518,6796.25,6812.241946154834,2026-02-17
ES_VWAP_MR_V2_PORT,bearish,6889.106865364471,1771515600,6891.25,1771515660,"{""sigma"": 2.0, ""target_r"": 2.0, ""risk"": 2.14313463552935, ""theo"": 6889.106865364471}",VWAP_MR,60,ES,2.14313463552935,3.60686536447065,False,STOP_HIT,-2.72313463552935,-1.2706316207972352,6891.25,6884.820596093412,2026-02-19
ES_VWAP_MR_V2_PORT,bullish,6882.9064058379445,1771859400,6876.0,1771859580,"{""sigma"": 2.0, ""target_r"": 2.0, ""risk"": 6.906405837944476, ""theo"": 6882.9064058379445}",VWAP_MR,180,ES,8.406405837944476,3.343594162055524,False,STOP_HIT,-7.486405837944476,-1.0839800054629607,6876.0,6896.719217513833,2026-02-23
ES_VWAP_MR_V2_PORT,bearish,6891.616544104206,1771947600,6894.5,1771947840,"{""sigma"": 2.0, ""target_r"": 2.0, ""risk"": 2.8834558957942136, ""theo"": 6891.616544104206}",VWAP_MR,240,ES,3.3834558957942136,4.616544104205786,False,STOP_HIT,-3.4634558957942136,-1.2011475191439493,6894.5,6885.849632312617,2026-02-24
ES_VWAP_MR_V2_PORT,bearish,6950.518420928773,1772040900,6952.5,1772041260,"{""sigma"": 2.0, ""target_r"": 2.0, ""risk"": 1.9815790712273156, ""theo"": 6950.518420928773}",VWAP_MR,360,ES,2.7315790712273156,1.5184209287726844,False,STOP_HIT,-2.5615790712273157,-1.2926958648391305,6952.5,6946.555262786318,2026-02-25
ES_VWAP_MR_V2_PORT,bearish,6869.905516838429,1772205300,6880.0,1772206620,"{""sigma"": 2.0, ""target_r"": 2.0, ""risk"": 10.094483161570679, ""theo"": 6869.905516838429}",VWAP_MR,1320,ES,10.094483161570679,8.905516838429321,False,STOP_HIT,-10.674483161570679,-1.057457126899576,6880.0,6849.716550515288,2026-02-27
ES_VWAP_MR_V2_PORT,bearish,6866.021164586617,1772464800,6850.56349375985,1772465520,"{""sigma"": 2.0, ""target_r"": 2.0, ""risk"": 7.728835413383422, ""theo"": 6866.021164586617}",VWAP_MR,720,ES,6.478835413383422,16.021164586616578,False,TARGET_HIT,14.877670826766844,1.9249563525449567,6873.75,6850.56349375985,2026-03-02
ES_VWAP_MR_V2_PORT,bullish,6732.792976178807,1772551800,6721.0,1772551800,"{""sigma"": 2.0, ""target_r"": 2.0, ""risk"": 11.792976178807294, ""theo"": 6732.792976178807}",VWAP_MR,0,ES,12.792976178807294,0.0,False,STOP_HIT,-12.372976178807294,-1.0491818173127743,6721.0,6756.378928536422,2026-03-03
ES_VWAP_MR_V2_PORT,bearish,6863.030845408151,1772639100,6886.25,1772640060,"{""sigma"": 2.0, ""target_r"": 2.0, ""risk"": 23.219154591848564, ""theo"": 6863.030845408151}",VWAP_MR,960,ES,23.219154591848564,1.7808454081514355,False,STOP_HIT,-23.799154591848563,-1.0249793763035462,6886.25,6816.592536224454,2026-03-04
ES_VWAP_MR_V2_PORT,bullish,6840.359387852213,1772725500,6814.25,1772727060,"{""sigma"": 2.0, ""target_r"": 2.0, ""risk"": 26.10938785221333, ""theo"": 6840.359387852213}",VWAP_MR,1560,ES,28.10938785221333,7.140612147786669,False,STOP_HIT,-26.68938785221333,-1.0222142320334344,6814.25,6892.57816355664,2026-03-05
ES_VWAP_MR_V2_PORT,bearish,6750.2722503287305,1772810400,6753.75,1772810400,"{""sigma"": 2.0, ""target_r"": 2.0, ""risk"": 3.477749671269521, ""theo"": 6750.2722503287305}",VWAP_MR,0,ES,5.977749671269521,0.0,False,STOP_HIT,-4.057749671269521,-1.1667745107681302,6753.75,6743.316750986191,2026-03-06
ES_VWAP_MR_V2_PORT,bearish,6700.130554982051,1773069000,6705.0,1773069120,"{""sigma"": 2.0, ""target_r"": 2.0, ""risk"": 4.869445017949147, ""theo"": 6700.130554982051}",VWAP_MR,120,ES,7.369445017949147,2.630554982050853,False,STOP_HIT,-5.449445017949147,-1.1191100829482776,6705.0,6690.391664946153,2026-03-09
ES_VWAP_MR_V2_PORT,bullish,6777.4951184443225,1773151500,6766.75,1773151740,"{""sigma"": 2.0, ""target_r"": 2.0, ""risk"": 10.745118444322543, ""theo"": 6777.4951184443225}",VWAP_MR,240,ES,12.495118444322543,10.504881555677457,False,STOP_HIT,-11.325118444322543,-1.0539779996847274,6766.75,6798.985355332968,2026-03-10
ES_VWAP_MR_V2_PORT,bullish,6782.257097276065,1773239400,6768.5,1773239640,"{""sigma"": 2.0, ""target_r"": 2.0, ""risk"": 13.757097276064997, ""theo"": 6782.257097276065}",VWAP_MR,240,ES,13.757097276064997,2.4929027239350035,False,STOP_HIT,-14.337097276064997,-1.042160056613767,6768.5,6809.771291828195,2026-03-11
ES_VWAP_MR_V2_PORT,bullish,6700.928166805641,1773326400,6688.25,1773328320,"{""sigma"": 2.0, ""target_r"": 2.0, ""risk"": 12.678166805641013, ""theo"": 6700.928166805641}",VWAP_MR,1920,ES,13.928166805641013,20.321833194358987,False,STOP_HIT,-13.258166805641013,-1.045747938869359,6688.25,6726.284500416923,2026-03-12
ES_VWAP_MR_V2_PORT,bullish,6696.000692102936,1773412800,6691.25,1773412860,"{""sigma"": 2.0, ""target_r"": 2.0, ""risk"": 4.7506921029362275, ""theo"": 6696.000692102936}",VWAP_MR,60,ES,5.2506921029362275,6.7493078970637725,False,STOP_HIT,-5.3306921029362275,-1.1220874742948557,6691.25,6705.502076308809,2026-03-13
ES_VWAP_MR_V2_PORT,bullish,6690.506207922296,1773678900,6702.518623766889,1773679380,"{""sigma"": 2.0, ""target_r"": 2.0, ""risk"": 6.006207922296198, ""theo"": 6690.506207922296}",VWAP_MR,480,ES,2.0062079222961984,12.243792077703802,False,TARGET_HIT,11.432415844592397,1.9034332464837043,6684.5,6702.518623766889,2026-03-16
ES_VWAP_MR_V2_PORT,bullish,6738.560642194896,1773757200,6728.25,1773761520,"{""sigma"": 2.0, ""target_r"": 2.0, ""risk"": 10.31064219489599, ""theo"": 6738.560642194896}",VWAP_MR,4320,ES,10.31064219489599,9.18935780510401,False,STOP_HIT,-10.89064219489599,-1.056252558185669,6728.25,6759.181926584688,2026-03-17
ES_VWAP_MR_V2_PORT,bearish,6755.050815369541,1773842700,6750.652446108623,1773842700,"{""sigma"": 2.0, ""target_r"": 2.0, ""risk"": 2.199184630459058, ""theo"": 6755.050815369541}",VWAP_MR,0,ES,0.0,10.050815369540942,False,TARGET_HIT,3.818369260918116,1.7362658905637538,6757.25,6750.652446108623,2026-03-18
ES_VWAP_MR_V2_PORT,bullish,6611.564005219493,1774015500,6600.0,1774015860,"{""sigma"": 2.0, ""target_r"": 2.0, ""risk"": 11.564005219493083, ""theo"": 6611.564005219493}",VWAP_MR,360,ES,15.064005219493083,2.185994780506917,False,STOP_HIT,-12.144005219493083,-1.0501556328444328,6600.0,6634.692015658479,2026-03-20
ES_VWAP_MR_V2_PORT,bearish,6678.210221631959,1774275000,6685.75,1774275420,"{""sigma"": 2.0, ""target_r"": 2.0, ""risk"": 7.53977836804097, ""theo"": 6678.210221631959}",VWAP_MR,420,ES,9.28977836804097,7.71022163195903,False,STOP_HIT,-8.11977836804097,-1.0769253380786972,6685.75,6663.130664895877,2026-03-23
ES_VWAP_MR_V2_PORT,bearish,6607.592555605575,1774362300,6599.277666816726,1774362300,"{""sigma"": 2.0, ""target_r"": 2.0, ""risk"": 4.157444394424601, ""theo"": 6607.592555605575}",VWAP_MR,0,ES,0.0,14.342555605575399,False,TARGET_HIT,7.734888788849203,1.860491218889706,6611.75,6599.277666816726,2026-03-24
ES_VWAP_MR_V2_PORT,bullish,6571.897588891348,1774544400,6560.75,1774545600,"{""sigma"": 2.0, ""target_r"": 2.0, ""risk"": 11.147588891348278, ""theo"": 6571.897588891348}",VWAP_MR,1200,ES,12.647588891348278,1.1024111086517223,False,STOP_HIT,-11.727588891348278,-1.052029188163742,6560.75,6594.192766674045,2026-03-26
ES_VWAP_MR_V2_PORT,bullish,6460.918501922052,1774620300,6474.755505766157,1774621020,"{""sigma"": 2.0, ""target_r"": 2.0, ""risk"": 6.918501922052201, ""theo"": 6460.918501922052}",VWAP_MR,720,ES,5.668501922052201,14.8314980779478,False,TARGET_HIT,13.257003844104402,1.9161668224516504,6454.0,6474.755505766157,2026-03-27
ES_VWAP_MR_V2_PORT,bullish,6409.373321802409,1774892400,6393.75,1774895160,"{""sigma"": 2.0, ""target_r"": 2.0, ""risk"": 15.62332180240901, ""theo"": 6409.373321802409}",VWAP_MR,2760,ES,17.12332180240901,4.126678197590991,False,STOP_HIT,-16.203321802409008,-1.0371239872887061,6393.75,6440.619965407227,2026-03-30
ES_VWAP_MR_V2_PORT,bearish,6548.566402137402,1774977300,6537.699206412207,1774978020,"{""sigma"": 2.0, ""target_r"": 2.0, ""risk"": 5.433597862597708, ""theo"": 6548.566402137402}",VWAP_MR,720,ES,4.683597862597708,11.816402137402292,False,TARGET_HIT,10.287195725195415,1.8932567306843882,6554.0,6537.699206412207,2026-03-31
ES_VWAP_MR_V2_PORT,bearish,6637.154091067252,1775057100,6633.462273201756,1775057220,"{""sigma"": 2.0, ""target_r"": 2.0, ""risk"": 1.8459089327479887, ""theo"": 6637.154091067252}",VWAP_MR,120,ES,1.0959089327479887,3.9040910672520113,False,TARGET_HIT,3.1118178654959774,1.685791650004879,6639.0,6633.462273201756,2026-04-01
ES_VWAP_MR_V2_PORT,bearish,6559.954523338287,1775138700,6549.863570014861,1775138700,"{""sigma"": 2.0, ""target_r"": 2.0, ""risk"": 5.04547666171311, ""theo"": 6559.954523338287}",VWAP_MR,0,ES,0.0,10.45452333828689,False,TARGET_HIT,9.51095332342622,1.8850455489366844,6565.0,6549.863570014861,2026-04-02
ES_VWAP_MR_V2_PORT,bearish,6643.402312626728,1775484600,6646.75,1775505300,"{""sigma"": 2.0, ""target_r"": 2.0, ""risk"": 17.597687373271583, ""theo"": 6643.402312626728}",VWAP_MR,20700,ES,11.097687373271583,24.652312626728417,False,TIME_EXIT,-3.927687373271583,-0.22319338274171122,6661.0,6608.206937880185,2026-04-06
ES_VWAP_MR_V2_PORT,bullish,6603.785147009526,1775571600,6595.5,1775571600,"{""sigma"": 2.0, ""target_r"": 2.0, ""risk"": 8.285147009525645, ""theo"": 6603.785147009526}",VWAP_MR,0,ES,9.035147009525645,0.0,False,STOP_HIT,-8.865147009525645,-1.07000479283387,6595.5,6620.355441028577,2026-04-07
ES_VWAP_MR_V2_PORT,bullish,6802.779091461365,1775660400,6797.0,1775660400,"{""sigma"": 2.0, ""target_r"": 2.0, ""risk"": 5.779091461365169, ""theo"": 6802.779091461365}",VWAP_MR,0,ES,9.27909146136517,0.0,False,STOP_HIT,-6.3590914613651695,-1.1003617962922825,6797.0,6814.3372743840955,2026-04-08
ES_VWAP_MR_V2_PORT,bullish,6808.991650064924,1775744700,6805.75,1775744760,"{""sigma"": 2.0, ""target_r"": 2.0, ""risk"": 3.2416500649242153, ""theo"": 6808.991650064924}",VWAP_MR,60,ES,4.491650064924215,0.7583499350757847,False,STOP_HIT,-3.8216500649242153,-1.1789212248033192,6805.75,6815.474950194773,2026-04-09
ES_VWAP_MR_V2_PORT,bearish,6876.431731149806,1775831700,6882.0,1775834640,"{""sigma"": 2.0, ""target_r"": 2.0, ""risk"": 5.568268850193817, ""theo"": 6876.431731149806}",VWAP_MR,2940,ES,6.568268850193817,10.181731149806183,False,STOP_HIT,-6.148268850193817,-1.1041616372348493,6882.0,6865.295193449419,2026-04-10
ES_VWAP_MR_V2_PORT,bearish,6857.38546561244,1776089100,6849.156396837321,1776089700,"{""sigma"": 2.0, ""target_r"": 2.0, ""risk"": 4.114534387559615, ""theo"": 6857.38546561244}",VWAP_MR,600,ES,2.1145343875596154,9.635465612440385,False,TARGET_HIT,7.649068775119231,1.85903629782421,6861.5,6849.156396837321,2026-04-13
ES_VWAP_MR_V2_PORT,bearish,6970.304573109693,1776176400,6972.25,1776177300,"{""sigma"": 2.0, ""target_r"": 2.0, ""risk"": 1.945426890307317, ""theo"": 6970.304573109693}",VWAP_MR,900,ES,5.195426890307317,2.304573109692683,False,STOP_HIT,-2.525426890307317,-1.2981350791899346,6972.25,6966.413719329078,2026-04-14
ES_VWAP_MR_V2_PORT,bearish,7026.705215925273,1776263700,7032.25,1776264600,"{""sigma"": 2.0, ""target_r"": 2.0, ""risk"": 5.544784074727431, ""theo"": 7026.705215925273}",VWAP_MR,900,ES,6.294784074727431,5.955215925272569,False,STOP_HIT,-6.124784074727431,-1.1046028108909745,7032.25,7015.615647775818,2026-04-15
ES_VWAP_MR_V2_PORT,bearish,7074.85997989939,1776352800,7081.75,1776353820,"{""sigma"": 2.0, ""target_r"": 2.0, ""risk"": 6.890020100609945, ""theo"": 7074.85997989939}",VWAP_MR,1020,ES,10.890020100609945,7.359979899390055,False,STOP_HIT,-7.470020100609945,-1.0841797253898657,7081.75,7061.07993969817,2026-04-16
ES_VWAP_MR_V2_PORT,bearish,7169.474468922706,1776437700,7174.75,1776440160,"{""sigma"": 2.0, ""target_r"": 2.0, ""risk"": 5.2755310772936355, ""theo"": 7169.474468922706}",VWAP_MR,2460,ES,5.5255310772936355,9.974468922706365,False,STOP_HIT,-5.8555310772936355,-1.109941537923333,7174.75,7158.923406768119,2026-04-17
ES_VWAP_MR_V2_PORT,bearish,7155.602433794098,1776693900,7147.807301382294,1776694320,"{""sigma"": 2.0, ""target_r"": 2.0, ""risk"": 3.897566205901967, ""theo"": 7155.602433794098}",VWAP_MR,420,ES,1.147566205901967,8.852433794098033,False,TARGET_HIT,7.215132411803934,1.8511891859279457,7159.5,7147.807301382294,2026-04-20
ES_VWAP_MR_V2_PORT,bearish,7150.16897461004,1776866700,7158.25,1776867000,"{""sigma"": 2.0, ""target_r"": 2.0, ""risk"": 8.081025389959905, ""theo"": 7150.16897461004}",VWAP_MR,300,ES,8.331025389959905,3.9189746100400953,False,STOP_HIT,-8.661025389959905,-1.0717730698780639,7158.25,7134.00692383012,2026-04-22
ES_VWAP_MR_V2_PORT,bearish,7177.478952125533,1776958200,7180.5,1776958320,"{""sigma"": 2.0, ""target_r"": 2.0, ""risk"": 3.0210478744666034, ""theo"": 7177.478952125533}",VWAP_MR,120,ES,4.021047874466603,1.7289521255333966,False,STOP_HIT,-3.6010478744666035,-1.1919863650298508,7180.5,7171.4368563766,2026-04-23
ES_VWAP_MR_V2_PORT,bearish,7192.885836018148,1777046400,7185.157508054445,1777048980,"{""sigma"": 2.0, ""target_r"": 2.0, ""risk"": 3.8641639818515614, ""theo"": 7192.885836018148}",VWAP_MR,2580,ES,2.8641639818515614,8.635836018148439,False,TARGET_HIT,7.148327963703123,1.8499028502092487,7196.75,7185.157508054445,2026-04-24
ES_VWAP_MR_V2_PORT,bullish,7185.088765268572,1777302600,7182.25,1777303080,"{""sigma"": 2.0, ""target_r"": 2.0, ""risk"": 2.838765268572388, ""theo"": 7185.088765268572}",VWAP_MR,480,ES,3.588765268572388,1.6612347314276121,False,STOP_HIT,-3.418765268572388,-1.2043141806830973,7182.25,7190.766295805717,2026-04-27
ES_VWAP_MR_V2_PORT,bullish,7163.190572106904,1777388400,7150.25,1777390260,"{""sigma"": 2.0, ""target_r"": 2.0, ""risk"": 12.940572106904256, ""theo"": 7163.190572106904}",VWAP_MR,1860,ES,14.440572106904256,1.5594278930957444,False,STOP_HIT,-13.520572106904256,-1.044820274962229,7150.25,7189.071716320713,2026-04-28
ES_VWAP_MR_V2_PORT,bearish,7163.666234346099,1777472400,7167.0,1777472580,"{""sigma"": 2.0, ""target_r"": 2.0, ""risk"": 3.3337656539006275, ""theo"": 7163.666234346099}",VWAP_MR,180,ES,3.8337656539006275,0.9162343460993725,False,STOP_HIT,-3.9137656539006276,-1.1739774357928785,7167.0,7156.998703038298,2026-04-29
ES_VWAP_MR_V2_PORT,bearish,7195.1862514476,1777562100,7198.75,1777562700,"{""sigma"": 2.0, ""target_r"": 2.0, ""risk"": 3.563748552400284, ""theo"": 7195.1862514476}",VWAP_MR,600,ES,4.063748552400284,4.186251447599716,False,STOP_HIT,-4.143748552400284,-1.162749978420715,7198.75,7188.058754342799,2026-04-30
ES_VWAP_MR_V2_PORT,bearish,7288.263094953859,1777645800,7267.789284861577,1777653180,"{""sigma"": 2.0, ""target_r"": 2.0, ""risk"": 10.236905046141146, ""theo"": 7288.263094953859}",VWAP_MR,7380,ES,7.486905046141146,20.513094953858854,False,TARGET_HIT,19.893810092282294,1.9433422506718834,7298.5,7267.789284861577,2026-05-01
ES_VWAP_MR_V2_PORT,bearish,7255.953505876068,1777903500,7252.360517628205,1777903500,"{""sigma"": 2.0, ""target_r"": 2.0, ""risk"": 1.7964941239315522, ""theo"": 7255.953505876068}",VWAP_MR,0,ES,0.0,4.453505876068448,False,TARGET_HIT,3.0129882478631043,1.6771489579210566,7257.75,7252.360517628205,2026-05-04
ES_VWAP_MR_V2_PORT,bearish,7274.700497279186,1777990500,7283.5,1777991100,"{""sigma"": 2.0, ""target_r"": 2.0, ""risk"": 8.799502720814417, ""theo"": 7274.700497279186}",VWAP_MR,600,ES,11.549502720814417,7.9504972791855835,False,STOP_HIT,-9.379502720814417,-1.0659128155762783,7283.5,7257.101491837557,2026-05-05
ES_VWAP_MR_V2_PORT,bearish,7345.570267411258,1778076300,7337.710802233774,1778076420,"{""sigma"": 2.0, ""target_r"": 2.0, ""risk"": 3.9297325887418992, ""theo"": 7345.570267411258}",VWAP_MR,120,ES,0.6797325887418992,9.3202674112581,False,TARGET_HIT,7.279465177483798,1.852407260060999,7349.5,7337.710802233774,2026-05-06
ES_VWAP_MR_V2_PORT,bearish,7399.3280876162835,1778165100,7401.75,1778165100,"{""sigma"": 2.0, ""target_r"": 2.0, ""risk"": 2.421912383716517, ""theo"": 7399.3280876162835}",VWAP_MR,0,ES,3.671912383716517,0.0,False,STOP_HIT,-3.001912383716517,-1.2394801743859816,7401.75,7394.48426284885,2026-05-07
ES_VWAP_MR_V2_PORT,bearish,7412.022715654595,1778249100,7416.0,1778249580,"{""sigma"": 2.0, ""target_r"": 2.0, ""risk"": 3.977284345404769, ""theo"": 7412.022715654595}",VWAP_MR,480,ES,3.977284345404769,2.522715654595231,False,STOP_HIT,-4.557284345404769,-1.145828145445551,7416.0,7404.068146963786,2026-05-08
ES_VWAP_MR_V2_PORT,bearish,7443.879095385916,1778512800,7440.137286157748,1778512800,"{""sigma"": 2.0, ""target_r"": 2.0, ""risk"": 1.8709046140838836, ""theo"": 7443.879095385916}",VWAP_MR,0,ES,0.0,3.8790953859161164,False,TARGET_HIT,3.161809228167767,1.6899895400151088,7445.75,7440.137286157748,2026-05-11
ES_VWAP_MR_V2_PORT,bullish,7396.792845490105,1778594700,7407.378536470314,1778595300,"{""sigma"": 2.0, ""target_r"": 2.0, ""risk"": 5.29284549010481, ""theo"": 7396.792845490105}",VWAP_MR,600,ES,2.04284549010481,10.70715450989519,False,TARGET_HIT,10.00569098020962,1.8904181123208048,7391.5,7407.378536470314,2026-05-12
ES_VWAP_MR_V2_PORT,bearish,7425.821683530511,1778682600,7432.0,1778683920,"{""sigma"": 2.0, ""target_r"": 2.0, ""risk"": 6.178316469488891, ""theo"": 7425.821683530511}",VWAP_MR,1320,ES,6.178316469488891,3.821683530511109,False,STOP_HIT,-6.758316469488891,-1.093876706197276,7432.0,7413.465050591533,2026-05-13
ES_VWAP_MR_V2_PORT,bearish,7503.858734680532,1778768700,7508.0,1778769420,"{""sigma"": 2.0, ""target_r"": 2.0, ""risk"": 4.141265319468403, ""theo"": 7503.858734680532}",VWAP_MR,720,ES,4.641265319468403,4.608734680531597,False,STOP_HIT,-4.721265319468403,-1.1400538133293165,7508.0,7495.576204041595,2026-05-14
ES_VWAP_MR_V2_PORT,bearish,7449.517859020046,1778855100,7467.75,1778865900,"{""sigma"": 2.0, ""target_r"": 2.0, ""risk"": 18.232140979954238, ""theo"": 7449.517859020046}",VWAP_MR,10800,ES,19.482140979954238,17.767859020045762,False,STOP_HIT,-18.812140979954236,-1.0318119523449107,7467.75,7413.053577060137,2026-05-15
ES_VWAP_MR_V2_PORT,bullish,7417.277781303487,1779115200,7404.25,1779117480,"{""sigma"": 2.0, ""target_r"": 2.0, ""risk"": 13.027781303487245, ""theo"": 7417.277781303487}",VWAP_MR,2280,ES,13.777781303487245,13.222218696512755,False,STOP_HIT,-13.607781303487245,-1.0445202438150192,7404.25,7443.333343910462,2026-05-18
ES_VWAP_MR_V2_PORT,bearish,7407.575441248802,1779213600,7395.726323746407,1779215400,"{""sigma"": 2.0, ""target_r"": 2.0, ""risk"": 5.924558751197765, ""theo"": 7407.575441248802}",VWAP_MR,1800,ES,4.174558751197765,13.325441248802235,False,TARGET_HIT,11.26911750239553,1.9021024139759368,7413.5,7395.726323746407,2026-05-19
ES_VWAP_MR_V2_PORT,bearish,7410.925795972011,1779287100,7423.75,1779287400,"{""sigma"": 2.0, ""target_r"": 2.0, ""risk"": 12.824204027989254, ""theo"": 7410.925795972011}",VWAP_MR,300,ES,14.324204027989254,7.6757959720107465,False,STOP_HIT,-13.404204027989254,-1.045226978511425,7423.75,7385.277387916032,2026-05-20
ES_VWAP_MR_V2_PORT,bearish,7471.361367189698,1779387600,7474.0,1779389040,"{""sigma"": 2.0, ""target_r"": 2.0, ""risk"": 2.638632810301715, ""theo"": 7471.361367189698}",VWAP_MR,1440,ES,3.138632810301715,4.861367189698285,False,STOP_HIT,-3.218632810301715,-1.2198108041920694,7474.0,7466.084101569095,2026-05-21
ES_VWAP_MR_V2_PORT,bullish,7497.719142169732,1779459000,7486.0,1779459660,"{""sigma"": 2.0, ""target_r"": 2.0, ""risk"": 11.71914216973164, ""theo"": 7497.719142169732}",VWAP_MR,660,ES,11.71914216973164,0.030857830268359976,False,STOP_HIT,-12.29914216973164,-1.0494916770869145,7486.0,7521.157426509195,2026-05-22
ES_VWAP_MR_V2_PORT,bullish,7522.128699673623,1779811500,7532.386099020868,1779813000,"{""sigma"": 2.0, ""target_r"": 2.0, ""risk"": 5.128699673622577, ""theo"": 7522.128699673623}",VWAP_MR,1500,ES,2.3786996736225774,10.371300326377423,False,TARGET_HIT,9.677399347245155,1.8869109059001838,7517.0,7532.386099020868,2026-05-26
ES_VWAP_MR_V2_PORT,bullish,7526.851076846477,1779895500,7522.0,1779896580,"{""sigma"": 2.0, ""target_r"": 2.0, ""risk"": 4.851076846476644, ""theo"": 7526.851076846477}",VWAP_MR,1080,ES,4.851076846476644,8.148923153523356,False,STOP_HIT,-5.431076846476644,-1.1195610826947127,7522.0,7536.55323053943,2026-05-27
ES_VWAP_MR_V2_PORT,bearish,7534.662302617737,1779977100,7539.75,1779977340,"{""sigma"": 2.0, ""target_r"": 2.0, ""risk"": 5.087697382263286, ""theo"": 7534.662302617737}",VWAP_MR,240,ES,5.587697382263286,1.1623026177367137,False,STOP_HIT,-5.667697382263286,-1.1140004910712642,7539.75,7524.48690785321,2026-05-28
ES_VWAP_MR_V2_PORT,bullish,7587.054545579466,1780066200,7606.163636738399,1780072620,"{""sigma"": 2.0, ""target_r"": 2.0, ""risk"": 9.554545579466321, ""theo"": 7587.054545579466}",VWAP_MR,6420,ES,7.554545579466321,19.69545442053368,False,TARGET_HIT,18.529091158932644,1.939295909452096,7577.5,7606.163636738399,2026-05-29
ES_VWAP_MR_V2_PORT,bullish,7582.532907858276,1780325400,7585.598723574829,1780325400,"{""sigma"": 2.0, ""target_r"": 2.0, ""risk"": 1.5329078582763032, ""theo"": 7582.532907858276}",VWAP_MR,0,ES,0.0,3.467092141723697,False,TARGET_HIT,2.4858157165526062,1.621634140063586,7581.0,7585.598723574829,2026-06-01
ES_VWAP_MR_V2_PORT,bearish,7605.048623305723,1780410300,7612.5,1780410780,"{""sigma"": 2.0, ""target_r"": 2.0, ""risk"": 7.4513766942773145, ""theo"": 7605.048623305723}",VWAP_MR,480,ES,7.4513766942773145,2.0486233057226855,False,STOP_HIT,-8.031376694277315,-1.0778379652239891,7612.5,7590.145869917168,2026-06-02
ES_VWAP_MR_V2_PORT,bullish,7570.893325074338,1780504200,7565.75,1780504740,"{""sigma"": 2.0, ""target_r"": 2.0, ""risk"": 5.143325074337554, ""theo"": 7570.893325074338}",VWAP_MR,540,ES,5.143325074337554,2.606674925662446,False,STOP_HIT,-5.723325074337554,-1.1127675174361213,7565.75,7581.179975223013,2026-06-03
ES_VWAP_MR_V2_PORT,bearish,7560.887145177587,1780582800,7564.75,1780582920,"{""sigma"": 2.0, ""target_r"": 2.0, ""risk"": 3.862854822413283, ""theo"": 7560.887145177587}",VWAP_MR,120,ES,3.862854822413283,2.637145177586717,False,STOP_HIT,-4.442854822413283,-1.1501480191889921,7564.75,7553.16143553276,2026-06-04
ES_VWAP_MR_V2_PORT,bullish,7438.151558717178,1780927500,7456.454676151534,1780929360,"{""sigma"": 2.0, ""target_r"": 2.0, ""risk"": 9.151558717177977, ""theo"": 7438.151558717178}",VWAP_MR,1860,ES,6.651558717177977,21.598441282822023,False,TARGET_HIT,17.723117434355956,1.9366228182624992,7429.0,7456.454676151534,2026-06-08
ES_VWAP_MR_V2_PORT,bullish,7442.753127459652,1781015100,7415.25,1781016180,"{""sigma"": 2.0, ""target_r"": 2.0, ""risk"": 27.503127459652205, ""theo"": 7442.753127459652}",VWAP_MR,1080,ES,28.253127459652205,0.4968725403477947,False,STOP_HIT,-28.083127459652204,-1.0210885107830328,7415.25,7497.759382378957,2026-06-09
ES_VWAP_MR_V2_PORT,bullish,7340.536581983533,1781105100,7315.5,1781106480,"{""sigma"": 2.0, ""target_r"": 2.0, ""risk"": 25.036581983533324, ""theo"": 7340.536581983533}",VWAP_MR,1380,ES,30.786581983533324,7.963418016466676,False,STOP_HIT,-25.616581983533322,-1.0231661015222233,7315.5,7390.6097459506,2026-06-10
ES_VWAP_MR_V2_PORT,bullish,7280.59567210707,1781190300,7315.787016321209,1781194260,"{""sigma"": 2.0, ""target_r"": 2.0, ""risk"": 17.59567210706973, ""theo"": 7280.59567210707}",VWAP_MR,3960,ES,8.345672107069731,36.15432789293027,False,TARGET_HIT,34.611344214139464,1.9670373489304247,7263.0,7315.787016321209,2026-06-11
ES_VWAP_MR_V2_PORT,bearish,7446.997737528296,1781278500,7417.493212584888,1781279280,"{""sigma"": 2.0, ""target_r"": 2.0, ""risk"": 14.752262471703943, ""theo"": 7446.997737528296}",VWAP_MR,780,ES,8.502262471703943,29.747737528296057,False,TARGET_HIT,28.92452494340789,1.9606839967013543,7461.75,7417.493212584888,2026-06-12
ES_VWAP_MR_V2_PORT,bearish,7579.257628889482,1781541300,7570.272886668445,1781542980,"{""sigma"": 2.0, ""target_r"": 2.0, ""risk"": 4.492371110518434, ""theo"": 7579.257628889482}",VWAP_MR,1680,ES,1.4923711105184339,9.007628889481566,False,TARGET_HIT,8.404742221036868,1.8708922335819522,7583.75,7570.272886668445,2026-06-15
ES_VWAP_MR_V2_PORT,bullish,7560.6423428018425,1781618700,7556.25,1781619540,"{""sigma"": 2.0, ""target_r"": 2.0, ""risk"": 4.39234280184246, ""theo"": 7560.6423428018425}",VWAP_MR,840,ES,6.14234280184246,7.35765719815754,False,STOP_HIT,-4.97234280184246,-1.132047981263372,7556.25,7569.427028405527,2026-06-16
ES_VWAP_MR_V2_PORT,bullish,7584.439513058586,1781705100,7596.318539175759,1781705700,"{""sigma"": 2.0, ""target_r"": 2.0, ""risk"": 5.939513058586272, ""theo"": 7584.439513058586}",VWAP_MR,600,ES,2.1895130585862717,12.060486941413728,False,TARGET_HIT,11.299026117172543,1.9023488972447764,7578.5,7596.318539175759,2026-06-17
ES_VWAP_MR_V2_PORT,bearish,7571.597349067736,1781803500,7556.792047203208,1781809380,"{""sigma"": 2.0, ""target_r"": 2.0, ""risk"": 7.402650932263896, ""theo"": 7571.597349067736}",VWAP_MR,5880,ES,5.402650932263896,15.597349067736104,False,TARGET_HIT,14.225301864527792,1.9216496893738277,7579.0,7556.792047203208,2026-06-18
ES_VWAP_MR_V2_PORT,bearish,7594.429460386834,1782137100,7597.5,1782137400,"{""sigma"": 2.0, ""target_r"": 2.0, ""risk"": 3.0705396131661473, ""theo"": 7594.429460386834}",VWAP_MR,300,ES,4.820539613166147,3.9294603868338527,False,STOP_HIT,-3.6505396131661474,-1.1888918799526382,7597.5,7588.288381160502,2026-06-22
ES_VWAP_MR_V2_PORT,bullish,7458.629438353584,1782743400,7492.25,1782762900,"{""sigma"": 2.0, ""target_r"": 2.0, ""risk"": 49.62943835358419, ""theo"": 7458.629438353584}",VWAP_MR,19500,ES,10.879438353584192,43.37056164641581,False,TIME_EXIT,33.04056164641581,0.6657452258681394,7409.0,7557.888315060753,2026-06-29
ES_VWAP_MR_V2_PORT,bearish,7524.0600488637265,1782828600,7532.75,1782829620,"{""sigma"": 2.0, ""target_r"": 2.0, ""risk"": 8.689951136273521, ""theo"": 7524.0600488637265}",VWAP_MR,1020,ES,9.189951136273521,5.060048863726479,False,STOP_HIT,-9.269951136273521,-1.0667437584981312,7532.75,7506.680146591179,2026-06-30
ES_VWAP_MR_V2_PORT,bullish,7549.93827293983,1783003800,7543.5,1783003980,"{""sigma"": 2.0, ""target_r"": 2.0, ""risk"": 6.438272939830313, ""theo"": 7549.93827293983}",VWAP_MR,180,ES,9.688272939830313,7.811727060169687,False,STOP_HIT,-7.018272939830313,-1.090086270871158,7543.5,7562.814818819491,2026-07-02
ES_VWAP_MR_V2_PORT,bearish,7570.833179634518,1783347600,7573.75,1783347660,"{""sigma"": 2.0, ""target_r"": 2.0, ""risk"": 2.916820365481726, ""theo"": 7570.833179634518}",VWAP_MR,60,ES,3.916820365481726,1.5831796345182738,False,STOP_HIT,-3.4968203654817263,-1.1988466642868527,7573.75,7564.999538903555,2026-07-06
ES_VWAP_MR_V2_PORT,bullish,7552.087070569624,1783434000,7542.5,1783434300,"{""sigma"": 2.0, ""target_r"": 2.0, ""risk"": 9.587070569624302, ""theo"": 7552.087070569624}",VWAP_MR,300,ES,12.837070569624302,3.162929430375698,False,STOP_HIT,-10.167070569624302,-1.0604981465180483,7542.5,7571.261211708873,2026-07-07
ES_VWAP_MR_V2_PORT,bullish,7508.6346086286585,1783520400,7501.75,1783521300,"{""sigma"": 2.0, ""target_r"": 2.0, ""risk"": 6.884608628658498, ""theo"": 7508.6346086286585}",VWAP_MR,900,ES,7.884608628658498,12.115391371341502,False,STOP_HIT,-7.464608628658498,-1.0842458927273861,7501.75,7522.4038258859755,2026-07-08
ES_VWAP_MR_V2_PORT,bearish,7568.366178980359,1783610100,7570.75,1783610100,"{""sigma"": 2.0, ""target_r"": 2.0, ""risk"": 2.383821019640891, ""theo"": 7568.366178980359}",VWAP_MR,0,ES,2.383821019640891,2.116178980359109,False,STOP_HIT,-2.963821019640891,-1.243306857025438,7570.75,7563.598536941077,2026-07-09
ES_VWAP_MR_V2_PORT,bearish,7612.214225426775,1783703700,7614.0,1783704600,"{""sigma"": 2.0, ""target_r"": 2.0, ""risk"": 1.7857745732253534, ""theo"": 7612.214225426775}",VWAP_MR,900,ES,2.2857745732253534,1.9642254267746466,False,STOP_HIT,-2.3657745732253534,-1.3247890347953832,7614.0,7608.642676280324,2026-07-10
ES_VWAP_MR_V2_PORT,bullish,7587.050350217191,1783954200,7599.651050651574,1783954800,"{""sigma"": 2.0, ""target_r"": 2.0, ""risk"": 6.300350217191408, ""theo"": 7587.050350217191}",VWAP_MR,600,ES,1.0503502171914079,14.199649782808592,False,TARGET_HIT,12.020700434382816,1.9079416254643453,7580.75,7599.651050651574,2026-07-13
ES_VWAP_MR_V2_PORT,bearish,7590.072589687712,1784040000,7591.5,1784058900,"{""sigma"": 2.0, ""target_r"": 2.0, ""risk"": 13.677410312287975, ""theo"": 7590.072589687712}",VWAP_MR,18900,ES,11.427410312287975,20.072589687712025,False,TIME_EXIT,-2.007410312287975,-0.14676830382755204,7603.75,7562.717769063136,2026-07-14
ES_VWAP_MR_V2_PORT,bullish,7601.789971807327,1784127600,7610.86991542198,1784128140,"{""sigma"": 2.0, ""target_r"": 2.0, ""risk"": 4.539971807326765, ""theo"": 7601.789971807327}",VWAP_MR,540,ES,2.289971807326765,9.460028192673235,False,TARGET_HIT,8.49994361465353,1.872245902702749,7597.25,7610.86991542198,2026-07-15
ES_VWAP_MR_V2_PORT,bearish,7601.343386457895,1784211300,7605.5,1784211360,"{""sigma"": 2.0, ""target_r"": 2.0, ""risk"": 4.156613542105333, ""theo"": 7601.343386457895}",VWAP_MR,60,ES,5.156613542105333,0.0,False,STOP_HIT,-4.736613542105333,-1.139536667078804,7605.5,7593.030159373684,2026-07-16
ES_VWAP_MR_V2_PORT,bullish,7521.595561011412,1784556300,7517.5,1784556420,"{""sigma"": 2.0, ""target_r"": 2.0, ""risk"": 4.095561011412428, ""theo"": 7521.595561011412}",VWAP_MR,120,ES,4.595561011412428,3.6544389885875717,False,STOP_HIT,-4.675561011412428,-1.1416167402667936,7517.5,7529.786683034237,2026-07-20
ES_VWAP_MR_V2_PORT,bearish,7528.482757384242,1784644500,7536.0,1784645280,"{""sigma"": 2.0, ""target_r"": 2.0, ""risk"": 7.517242615757823, ""theo"": 7528.482757384242}",VWAP_MR,780,ES,8.017242615757823,7.732757384242177,False,STOP_HIT,-8.097242615757823,-1.0771559506120223,7536.0,7513.4482721527265,2026-07-21
ES_VWAP_MR_V2_PORT,bearish,7548.282114391104,1784729100,7552.0,1784729100,"{""sigma"": 2.0, ""target_r"": 2.0, ""risk"": 3.7178856088958128, ""theo"": 7548.282114391104}",VWAP_MR,0,ES,7.967885608895813,0.0,False,STOP_HIT,-4.297885608895813,-1.1560026480137608,7552.0,7540.846343173313,2026-07-22
ES_VWAP_MR_V2_PORT,bullish,7456.525521032173,1784815500,7463.576563096519,1784815500,"{""sigma"": 2.0, ""target_r"": 2.0, ""risk"": 3.5255210321729464, ""theo"": 7456.525521032173}",VWAP_MR,0,ES,0.0,11.224478967827054,False,TARGET_HIT,6.471042064345893,1.8354853099138886,7453.0,7463.576563096519,2026-07-23
ES_VWAP_MR_V2_PORT,bullish,7435.045548357726,1784901900,7442.136645073178,1784902020,"{""sigma"": 2.0, ""target_r"": 2.0, ""risk"": 3.5455483577261475, ""theo"": 7435.045548357726}",VWAP_MR,120,ES,0.045548357726147515,7.2044516422738525,False,TARGET_HIT,6.511096715452295,1.8364145848593165,7431.5,7442.136645073178,2026-07-24
ES_VWAP_MR_V2_PORT,bullish,7478.211177878684,1785161100,7469.75,1785161400,"{""sigma"": 2.0, ""target_r"": 2.0, ""risk"": 8.461177878683884, ""theo"": 7478.211177878684}",VWAP_MR,300,ES,11.211177878683884,0.28882212131611595,False,STOP_HIT,-9.041177878683884,-1.0685483756890617,7469.75,7495.133533636052,2026-07-27
ES_VWAP_MR_V2_PORT,bearish,7446.153452551545,1785250800,7456.0,1785251760,"{""sigma"": 2.0, ""target_r"": 2.0, ""risk"": 9.846547448454658, ""theo"": 7446.153452551545}",VWAP_MR,960,ES,10.596547448454658,8.653452551545342,False,STOP_HIT,-10.426547448454658,-1.0589038953030208,7456.0,7426.460357654636,2026-07-28
ES_VWAP_MR_V2_PORT,bullish,7411.55079825235,1785334800,7406.0,1785335100,"{""sigma"": 2.0, ""target_r"": 2.0, ""risk"": 5.5507982523504324, ""theo"": 7411.55079825235}",VWAP_MR,300,ES,8.300798252350432,8.949201747649568,False,STOP_HIT,-6.1307982523504325,-1.104489475861315,7406.0,7422.652394757051,2026-07-29
ES_VWAP_MR_V2_PORT,bullish,7402.153101852697,1785425100,7408.45930555809,1785425100,"{""sigma"": 2.0, ""target_r"": 2.0, ""risk"": 3.1531018526966363, ""theo"": 7402.153101852697}",VWAP_MR,0,ES,0.0,9.346898147303364,False,TARGET_HIT,5.726203705393273,1.8160541501366456,7399.0,7408.45930555809,2026-07-30
ES_VWAP_MR_V2_PORT,bearish,7511.655580617782,1785519600,7517.0,1785524400,"{""sigma"": 2.0, ""target_r"": 2.0, ""risk"": 5.344419382217893, ""theo"": 7511.655580617782}",VWAP_MR,4800,ES,5.594419382217893,8.405580617782107,False,STOP_HIT,-5.924419382217893,-1.1085244174380837,7517.0,7500.966741853346,2026-07-31
ES_VWAP_MR_V2_PORT,bearish,7586.467080463848,1785765900,7591.25,1785766260,"{""sigma"": 2.0, ""target_r"": 2.0, ""risk"": 4.782919536151894, ""theo"": 7586.467080463848}",VWAP_MR,360,ES,5.032919536151894,2.967080463848106,False,STOP_HIT,-5.362919536151894,-1.1212648457947172,7591.25,7576.901241391544,2026-08-03
ES_VWAP_MR_V2_PORT,bullish,7787.663708103606,1785942000,7776.0,1785942960,"{""sigma"": 2.0, ""target_r"": 2.0, ""risk"": 11.66370810360604, ""theo"": 7787.663708103606}",VWAP_MR,960,ES,12.66370810360604,3.836291896393959,False,STOP_HIT,-12.243708103606041,-1.0497268960135142,7776.0,7810.991124310818,2026-08-05
ES_VWAP_MR_V2_PORT,bullish,7743.4578199020625,1786030200,7736.0,1786030440,"{""sigma"": 2.0, ""target_r"": 2.0, ""risk"": 7.457819902062511, ""theo"": 7743.4578199020625}",VWAP_MR,240,ES,8.70781990206251,1.0421800979374893,False,STOP_HIT,-8.03781990206251,-1.0777707168605126,7736.0,7758.3734597061875,2026-08-06
ES_VWAP_MR_V2_PORT,bullish,7753.842141326264,1786111800,7751.25,1786111800,"{""sigma"": 2.0, ""target_r"": 2.0, ""risk"": 2.592141326264027, ""theo"": 7753.842141326264}",VWAP_MR,0,ES,3.842141326264027,0.9078586737359728,False,STOP_HIT,-3.1721413262640272,-1.223753232172698,7751.25,7759.026423978792,2026-08-07
ES_VWAP_MR_V2_PORT,bullish,7769.609596974352,1786380600,7777.328790923056,1786381740,"{""sigma"": 2.0, ""target_r"": 2.0, ""risk"": 3.8595969743519163, ""theo"": 7769.609596974352}",VWAP_MR,1140,ES,0.3595969743519163,8.140403025648084,False,TARGET_HIT,7.1391939487038325,1.8497252423363735,7765.75,7777.328790923056,2026-08-10
ES_VWAP_MR_V2_PORT,bullish,7764.417763007463,1786465200,7767.253289022388,1786465320,"{""sigma"": 2.0, ""target_r"": 2.0, ""risk"": 1.4177630074627814, ""theo"": 7764.417763007463}",VWAP_MR,120,ES,0.0,3.0822369925372186,False,TARGET_HIT,2.2555260149255627,1.5909048289826915,7763.0,7767.253289022388,2026-08-11
ES_VWAP_MR_V2_PORT,bullish,7765.971942648368,1786545000,7770.915827945104,1786545000,"{""sigma"": 2.0, ""target_r"": 2.0, ""risk"": 2.4719426483679854, ""theo"": 7765.971942648368}",VWAP_MR,0,ES,0.0,8.778057351632015,False,TARGET_HIT,4.363885296735971,1.7653667246758638,7763.5,7770.915827945104,2026-08-12
ES_VWAP_MR_V2_PORT,bearish,7826.958444743079,1786716600,7819.375334229237,1786717200,"{""sigma"": 2.0, ""target_r"": 2.0, ""risk"": 3.7915552569211286, ""theo"": 7826.958444743079}",VWAP_MR,600,ES,2.5415552569211286,8.208444743078871,False,TARGET_HIT,7.003110513842257,1.8470284723026877,7830.75,7819.375334229237,2026-08-14
