direction,entry_date,entry_fill,entry_theo,exit_date,exit_fill,exit_theo,extras,hold,hold_days,instrument,lookback,mode,n_roll_nights,overnight_points,points,points_after_cost,rv20,session_points,signal_date,signal_ret,status,vol_weight,weekend_points,year
LONG,2010-06-15,1847.25,1847.0,2010-06-15,1891.5,1891.75,{},1,1,NQ,5,fixed_hold,0,0.0,44.25,44.05,,44.75,2010-06-14,0.027971054828834108,ENTERED,,0.0,2010
LONG,2010-06-16,1890.25,1890.0,2010-06-16,1901.75,1902.0,{},1,1,NQ,5,fixed_hold,0,0.0,11.5,11.3,,12.0,2010-06-15,0.05492820298341017,ENTERED,,0.0,2010
LONG,2010-06-17,1901.0,1900.75,2010-06-17,1909.0,1909.25,{},1,1,NQ,5,fixed_hold,0,0.0,8.0,7.8,,8.5,2010-06-16,0.06959088991986495,ENTERED,,0.0,2010
LONG,2010-06-18,1908.75,1908.5,2010-06-18,1908.5,1908.75,{},1,1,NQ,5,fixed_hold,0,0.0,-0.25,-0.45,,0.25,2010-06-17,0.046737938596491224,ENTERED,,0.0,2010
LONG,2010-06-21,1932.5,1932.25,2010-06-21,1900.0,1900.25,{},1,1,NQ,5,fixed_hold,0,0.0,-32.5,-32.7,,-32.0,2010-06-18,0.035113882863340384,ENTERED,,0.0,2010
LONG,2010-06-22,1901.0,1900.75,2010-06-22,1880.25,1880.5,{},1,1,NQ,5,fixed_hold,0,0.0,-20.75,-20.95,,-20.25,2010-06-21,0.02896981183159575,ENTERED,,0.0,2010
SHORT,2010-06-23,1880.5,1880.75,2010-06-23,1867.25,1867.0,{},1,1,NQ,5,fixed_hold,0,0.0,13.25,13.05,,13.75,2010-06-22,-0.005946874587022477,ENTERED,,0.0,2010
SHORT,2010-06-24,1868.75,1869.0,2010-06-24,1849.0,1848.75,{},1,1,NQ,5,fixed_hold,0,0.0,19.75,19.55,,20.25,2010-06-23,-0.018401682439537215,ENTERED,,0.0,2010
SHORT,2010-06-25,1848.75,1849.0,2010-06-25,1839.75,1839.5,{},1,1,NQ,5,fixed_hold,0,0.0,9.0,8.8,,9.5,2010-06-24,-0.03168783553751464,ENTERED,,0.0,2010
SHORT,2010-06-28,1840.75,1841.0,2010-06-28,1833.75,1833.5,{},1,1,NQ,5,fixed_hold,0,0.0,7.0,6.8,,7.5,2010-06-25,-0.03628028814669293,ENTERED,,0.0,2010
SHORT,2010-06-29,1835.25,1835.5,2010-06-29,1762.0,1761.75,{},1,1,NQ,5,fixed_hold,0,0.0,73.25,73.05,0.011262262543067695,73.75,2010-06-28,-0.03512695697934476,ENTERED,1.0,0.0,2010
SHORT,2010-06-30,1764.25,1764.5,2010-06-30,1735.0,1734.75,{},1,1,NQ,5,fixed_hold,0,0.0,29.25,29.05,0.014871412152606634,29.75,2010-06-29,-0.06314809890986428,ENTERED,1.0,0.0,2010
SHORT,2010-07-01,1737.25,1737.5,2010-07-01,1730.0,1729.75,{},1,1,NQ,5,fixed_hold,0,0.0,7.25,7.05,0.014805880601590155,7.75,2010-06-30,-0.07083556507766464,ENTERED,1.0,0.0,2010
SHORT,2010-07-02,1732.5,1732.75,2010-07-02,1721.0,1720.75,{},1,1,NQ,5,fixed_hold,0,0.0,11.5,11.3,0.014365488556574863,12.0,2010-07-01,-0.06436781609195397,ENTERED,1.0,0.0,2010
SHORT,2010-07-05,1722.0,1722.25,2010-07-05,1713.75,1713.5,{},1,1,NQ,5,fixed_hold,0,0.0,8.25,8.05,0.013980030383445419,8.75,2010-07-02,-0.06455558575699905,ENTERED,1.0,0.0,2010
SHORT,2010-07-06,1713.25,1713.5,2010-07-06,1736.0,1735.75,{},1,1,NQ,5,fixed_hold,0,0.0,-22.75,-22.95,0.013614817299748859,-22.25,2010-07-05,-0.06544859558221972,ENTERED,1.0,0.0,2010
SHORT,2010-07-07,1734.25,1734.5,2010-07-07,1788.5,1788.25,{},1,1,NQ,5,fixed_hold,0,0.0,-54.25,-54.45,0.014036754588086687,-53.75,2010-07-06,-0.014758053072229438,ENTERED,1.0,0.0,2010
LONG,2010-07-08,1788.25,1788.0,2010-07-08,1794.75,1795.0,{},1,1,NQ,5,fixed_hold,0,0.0,6.5,6.3,0.015614399049681546,7.0,2010-07-07,0.030840178700100696,ENTERED,1.0,0.0,2010
LONG,2010-07-09,1793.5,1793.25,2010-07-09,1811.5,1811.75,{},1,1,NQ,5,fixed_hold,0,0.0,18.0,17.8,0.014469620459711072,18.5,2010-07-08,0.03772221419280242,ENTERED,1.0,0.0,2010
LONG,2010-07-12,1808.75,1808.5,2010-07-12,1824.25,1824.5,{},1,1,NQ,5,fixed_hold,0,0.0,15.5,15.3,0.01440477119515339,16.0,2010-07-09,0.05288391689670213,ENTERED,1.0,0.0,2010
LONG,2010-07-13,1825.5,1825.25,2010-07-13,1861.75,1862.0,{},1,1,NQ,5,fixed_hold,0,0.0,36.25,36.05,0.01450389882254782,36.75,2010-07-12,0.06477969069156697,ENTERED,1.0,0.0,2010
LONG,2010-07-14,1863.75,1863.5,2010-07-14,1853.0,1853.25,{},1,1,NQ,5,fixed_hold,0,0.0,-10.75,-10.95,0.014181172310833602,-10.25,2010-07-13,0.07273512890681277,ENTERED,1.0,0.0,2010
LONG,2010-07-15,1851.75,1851.5,2010-07-15,1854.25,1854.5,{},1,1,NQ,5,fixed_hold,0,0.0,2.5,2.3,0.01413194352627614,3.0,2010-07-14,0.03634838529288453,ENTERED,1.0,0.0,2010
LONG,2010-07-16,1854.75,1854.5,2010-07-16,1801.75,1802.0,{},1,1,NQ,5,fixed_hold,0,0.0,-53.0,-53.2,0.01409071125152428,-52.5,2010-07-15,0.033147632311977926,ENTERED,1.0,0.0,2010
SHORT,2010-07-19,1799.25,1799.5,2010-07-19,1797.5,1797.25,{},1,1,NQ,5,fixed_hold,0,0.0,1.75,1.55,0.015318041430997563,2.25,2010-07-16,-0.005381537187801766,ENTERED,1.0,0.0,2010
SHORT,2010-07-20,1799.75,1800.0,2010-07-20,1851.75,1851.5,{},1,1,NQ,5,fixed_hold,0,0.0,-52.0,-52.2,0.015312867107455873,-51.5,2010-07-19,-0.014935598794190041,ENTERED,1.0,0.0,2010
SHORT,2010-07-21,1850.25,1850.5,2010-07-21,1814.0,1813.75,{},1,1,NQ,5,fixed_hold,0,0.0,36.25,36.05,0.016847162256300282,36.75,2010-07-20,-0.005639097744360666,ENTERED,1.0,0.0,2010
SHORT,2010-07-22,1817.5,1817.75,2010-07-22,1851.25,1851.0,{},1,1,NQ,5,fixed_hold,0,0.0,-33.75,-33.95,0.01736785034879877,-33.25,2010-07-21,-0.021313907999460313,ENTERED,1.0,0.0,2010
SHORT,2010-07-23,1856.75,1857.0,2010-07-23,1875.25,1875.0,{},1,1,NQ,5,fixed_hold,0,0.0,-18.5,-18.7,0.017903898818311698,-18.0,2010-07-22,-0.001887301159342103,ENTERED,1.0,0.0,2010
LONG,2010-07-26,1874.5,1874.25,2010-07-26,1886.5,1886.75,{},1,1,NQ,5,fixed_hold,0,0.0,12.0,11.8,0.018078349033831615,12.5,2010-07-23,0.040510543840177604,ENTERED,1.0,0.0,2010
LONG,2010-07-27,1885.25,1885.0,2010-07-27,1886.0,1886.25,{},1,1,NQ,5,fixed_hold,0,0.0,0.75,0.55,0.01808257310548769,1.25,2010-07-26,0.04979830296286014,ENTERED,1.0,0.0,2010
LONG,2010-07-28,1887.0,1886.75,2010-07-28,1866.25,1866.5,{},1,1,NQ,5,fixed_hold,0,0.0,-20.75,-20.95,0.015359369965037938,-20.25,2010-07-27,0.018768566027544953,ENTERED,1.0,0.0,2010
LONG,2010-07-29,1869.25,1869.0,2010-07-29,1857.0,1857.25,{},1,1,NQ,5,fixed_hold,0,0.0,-12.25,-12.45,0.015081492451013215,-11.75,2010-07-28,0.02908339076498989,ENTERED,1.0,0.0,2010
LONG,2010-07-30,1855.5,1855.25,2010-07-30,1863.5,1863.75,{},1,1,NQ,5,fixed_hold,0,0.0,8.0,7.8,0.015136688917797151,8.5,2010-07-29,0.003376553214478495,ENTERED,1.0,0.0,2010
SHORT,2010-08-02,1869.25,1869.5,2010-08-02,1894.25,1894.0,{},1,1,NQ,5,fixed_hold,0,0.0,-25.0,-25.2,0.014992565981694943,-24.5,2010-07-30,-0.006000000000000005,ENTERED,1.009612959934822,0.0,2010
LONG,2010-08-03,1895.0,1894.75,2010-08-03,1894.5,1894.75,{},1,1,NQ,5,fixed_hold,0,0.0,-0.5,-0.7,0.015092111249075838,0.0,2010-08-02,0.0038425864581952407,ENTERED,1.0,0.0,2010
LONG,2010-08-04,1894.25,1894.0,2010-08-04,1905.25,1905.5,{},1,1,NQ,5,fixed_hold,0,0.0,11.0,10.8,0.015009475442638023,11.5,2010-08-03,0.0045062955599732835,ENTERED,1.0055055759112719,0.0,2010
LONG,2010-08-05,1907.0,1906.75,2010-08-05,1903.25,1903.5,{},1,1,NQ,5,fixed_hold,0,0.0,-3.75,-3.95,0.013743238061603283,-3.25,2010-08-04,0.020894722743102,ENTERED,1.097375479010935,0.0,2010
LONG,2010-08-06,1902.0,1901.75,2010-08-06,1905.25,1905.5,{},1,1,NQ,5,fixed_hold,0,0.0,3.25,3.05,0.013776212817211196,3.75,2010-08-05,0.02490240947637634,ENTERED,1.0947488000600047,0.0,2010
LONG,2010-08-09,1899.25,1899.0,2010-08-09,1912.75,1913.0,{},1,1,NQ,5,fixed_hold,0,0.0,13.5,13.3,0.013701054051850512,14.0,2010-08-06,0.022401073105298375,ENTERED,1.0954978635830424,0.0,2010
LONG,2010-08-10,1913.25,1913.0,2010-08-10,1896.75,1897.0,{},1,1,NQ,5,fixed_hold,0,0.0,-16.5,-16.7,0.013665870403641837,-16.0,2010-08-09,0.010031678986272441,ENTERED,1.098318292162212,0.0,2010
LONG,2010-08-11,1893.25,1893.0,2010-08-11,1815.5,1815.75,{},1,1,NQ,5,fixed_hold,0,0.0,-77.75,-77.95,0.013171576570711767,-77.25,2010-08-10,0.0011874917535295015,ENTERED,1.138251438710254,0.0,2010
SHORT,2010-08-12,1823.0,1823.25,2010-08-12,1830.25,1830.0,{},1,1,NQ,5,fixed_hold,0,0.0,-7.25,-7.45,0.016404964273895383,-6.75,2010-08-11,-0.04710049855680931,ENTERED,0.9149349667601563,0.0,2010
SHORT,2010-08-13,1832.0,1832.25,2010-08-13,1816.75,1816.5,{},1,1,NQ,5,fixed_hold,0,0.0,15.25,15.05,0.016519055239831312,15.75,2010-08-12,-0.03861308116627282,ENTERED,0.9086158514953483,0.0,2010
SHORT,2010-08-16,1814.25,1814.5,2010-08-16,1821.0,1820.75,{},1,1,NQ,5,fixed_hold,0,0.0,-6.75,-6.95,0.015283537652474047,-6.25,2010-08-13,-0.04670690107583331,ENTERED,0.9867802071709408,0.0,2010
SHORT,2010-08-17,1818.25,1818.5,2010-08-17,1840.5,1840.25,{},1,1,NQ,5,fixed_hold,0,0.0,-22.25,-22.45,0.015270078353984157,-21.75,2010-08-16,-0.048222686879247356,ENTERED,0.9876499714933199,0.0,2010
SHORT,2010-08-18,1840.25,1840.5,2010-08-18,1839.25,1839.0,{},1,1,NQ,5,fixed_hold,0,0.0,1.0,0.8,0.013849929532498093,1.5,2010-08-17,-0.02991565629942028,ENTERED,1.088921962788715,0.0,2010
LONG,2010-08-19,1836.75,1836.5,2010-08-19,1821.75,1822.0,{},1,1,NQ,5,fixed_hold,0,0.0,-15.0,-15.2,0.013014754367275462,-14.5,2010-08-18,0.012804626187525647,ENTERED,1.1532661331187413,0.0,2010
SHORT,2010-08-20,1822.25,1822.5,2010-08-20,1827.0,1826.75,{},1,1,NQ,5,fixed_hold,0,0.0,-4.75,-4.95,0.012319558009353896,-4.25,2010-08-19,-0.0043715846994534235,ENTERED,1.2183452873261968,0.0,2010
LONG,2010-08-23,1830.25,1830.0,2010-08-23,1808.5,1808.75,{},1,1,NQ,5,fixed_hold,0,0.0,-21.75,-21.95,0.011925515793645794,-21.25,2010-08-20,0.005642719515551953,ENTERED,1.2571838603143144,0.0,2010
SHORT,2010-08-24,1803.25,1803.5,2010-08-24,1772.75,1772.5,{},1,1,NQ,5,fixed_hold,0,0.0,30.5,30.3,0.011936647746069595,31.0,2010-08-23,-0.006590690649457387,ENTERED,1.2560114280520323,0.0,2010
SHORT,2010-08-25,1776.75,1777.0,2010-08-25,1791.25,1791.0,{},1,1,NQ,5,fixed_hold,0,0.0,-14.5,-14.7,0.012583485067287023,-14.0,2010-08-24,-0.03681565004754783,ENTERED,1.1526138224022888,0.0,2010
SHORT,2010-08-26,1792.5,1792.75,2010-08-26,1763.25,1763.0,{},1,1,NQ,5,fixed_hold,0,0.0,29.25,29.05,0.012799328692686735,29.75,2010-08-25,-0.02610114192495927,ENTERED,1.133176525956009,0.0,2010
SHORT,2010-08-27,1765.0,1765.25,2010-08-27,1790.5,1790.25,{},1,1,NQ,5,fixed_hold,0,0.0,-25.5,-25.7,0.013147803274652037,-25.0,2010-08-26,-0.032381997804610374,ENTERED,1.1005352116583154,0.0,2010
SHORT,2010-08-30,1795.25,1795.5,2010-08-30,1769.75,1769.5,{},1,1,NQ,5,fixed_hold,0,0.0,25.5,25.3,0.0136962080496243,26.0,2010-08-27,-0.019980840290132695,ENTERED,1.056469090370454,0.0,2010
SHORT,2010-08-31,1771.0,1771.25,2010-08-31,1775.0,1774.75,{},1,1,NQ,5,fixed_hold,0,0.0,-4.0,-4.2,0.013158026132260773,-3.5,2010-08-30,-0.02170006910850042,ENTERED,1.0947516785846667,0.0,2010
LONG,2010-09-01,1774.25,1774.0,2010-09-01,1818.75,1819.0,{},1,1,NQ,5,fixed_hold,0,0.0,44.5,44.3,0.01320860350949063,45.0,2010-08-31,0.0012693935119885147,ENTERED,1.0905597389461568,0.0,2010
LONG,2010-09-02,1821.25,1821.0,2010-09-02,1837.5,1837.75,{},1,1,NQ,5,fixed_hold,0,0.0,16.25,16.05,0.014524687644062428,16.75,2010-09-01,0.015633724176437713,ENTERED,0.9917439567825709,0.0,2010
LONG,2010-09-03,1836.5,1836.25,2010-09-03,1867.25,1867.5,{},1,1,NQ,5,fixed_hold,0,0.0,30.75,30.55,0.014792367081100993,31.25,2010-09-02,0.04239931934203045,ENTERED,0.9781815432499462,0.0,2010
LONG,2010-09-06,1870.0,1869.75,2010-09-06,1867.25,1867.5,{},1,1,NQ,5,fixed_hold,0,0.0,-2.75,-2.95,0.015315890815020425,-2.25,2010-09-03,0.04315039798910769,ENTERED,0.9447456001397314,0.0,2010
LONG,2010-09-07,1867.25,1867.0,2010-09-07,1858.75,1859.0,{},1,1,NQ,5,fixed_hold,0,0.0,-8.5,-8.7,0.015275794731683664,-8.0,2010-09-06,0.055382876518790924,ENTERED,0.9494693452816011,0.0,2010
LONG,2010-09-08,1858.75,1858.5,2010-09-08,1882.25,1882.5,{},1,1,NQ,5,fixed_hold,0,0.0,23.5,23.3,0.015203882420507443,24.0,2010-09-07,0.04747147485561354,ENTERED,0.9539602070971381,0.0,2010
LONG,2010-09-09,1882.25,1882.0,2010-09-09,1886.0,1886.25,{},1,1,NQ,5,fixed_hold,0,0.0,3.75,3.55,0.011839632222908049,4.25,2010-09-08,0.03490929081913152,ENTERED,1.2250295067852517,0.0,2010
LONG,2010-09-10,1886.25,1886.0,2010-09-10,1891.5,1891.75,{},1,1,NQ,5,fixed_hold,0,0.0,5.25,5.05,0.01175621338486559,5.75,2010-09-09,0.026390967215345063,ENTERED,1.230806211661537,0.0,2010
LONG,2010-09-13,1901.0,1900.75,2010-09-13,1919.75,1920.0,{},1,1,NQ,5,fixed_hold,0,0.0,18.75,18.55,0.011567223032700812,19.25,2010-09-10,0.01298527443105768,ENTERED,1.2509156621952489,0.0,2010
LONG,2010-09-14,1917.25,1917.0,2010-09-14,1921.5,1921.75,{},1,1,NQ,5,fixed_hold,0,0.0,4.25,4.05,0.011918675708507439,4.75,2010-09-13,0.028112449799196915,ENTERED,1.2085882313981746,0.0,2010
LONG,2010-09-15,1920.75,1920.5,2010-09-15,1939.25,1939.5,{},1,1,NQ,5,fixed_hold,0,0.0,18.5,18.3,0.011773670815056434,19.0,2010-09-14,0.033754706831629955,ENTERED,1.2234732413897835,0.0,2010
LONG,2010-09-16,1938.5,1938.25,2010-09-16,1952.75,1953.0,{},1,1,NQ,5,fixed_hold,0,0.0,14.25,14.05,0.011853005227710402,14.75,2010-09-15,0.030278884462151323,ENTERED,1.1964199828141746,0.0,2010
LONG,2010-09-17,1954.75,1954.5,2010-09-17,1952.0,1952.25,{},1,1,NQ,5,fixed_hold,0,0.0,-2.75,-2.95,0.011541113621475309,-2.25,2010-09-16,0.03538767395626241,ENTERED,1.228752508288781,0.0,2010
LONG,2010-09-20,1950.75,1950.5,2010-09-20,1982.25,1982.5,{},1,1,NQ,5,fixed_hold,0,0.0,31.5,31.3,0.011573185963096286,32.0,2010-09-17,0.03198097000132183,ENTERED,1.221093618588609,0.0,2010
LONG,2010-09-21,1983.75,1983.5,2010-09-21,1982.5,1982.75,{},1,1,NQ,5,fixed_hold,0,0.0,-1.25,-1.45,0.011433512035685824,-0.75,2010-09-20,0.03255208333333348,ENTERED,1.2360107272523158,0.0,2010
LONG,2010-09-22,1983.75,1983.5,2010-09-22,1983.75,1984.0,{},1,1,NQ,5,fixed_hold,0,0.0,0.0,-0.2,0.009931045834553108,0.5,2010-09-21,0.031741901912319515,ENTERED,1.4188547194594994,0.0,2010
LONG,2010-09-23,1983.0,1982.75,2010-09-23,1982.5,1982.75,{},1,1,NQ,5,fixed_hold,0,0.0,-0.5,-0.7,0.00992522782363977,0.0,2010-09-22,0.02294405774684205,ENTERED,1.4196864295611653,0.0,2010
LONG,2010-09-24,1979.5,1979.25,2010-09-24,2019.25,2019.5,{},1,1,NQ,5,fixed_hold,0,0.0,39.75,39.55,0.008769204645641302,40.25,2010-09-23,0.015232974910394548,ENTERED,1.6006873092035319,0.0,2010
LONG,2010-09-27,2027.25,2027.0,2010-09-27,2008.5,2008.75,{},1,1,NQ,5,fixed_hold,0,0.0,-18.75,-18.95,0.008969983331555275,-18.25,2010-09-24,0.03444743244973747,ENTERED,1.5648584918443658,0.0,2010
LONG,2010-09-28,2008.25,2008.0,2010-09-28,2010.75,2011.0,{},1,1,NQ,5,fixed_hold,0,0.0,2.5,2.3,0.008412267547104635,3.0,2010-09-27,0.013240857503152625,ENTERED,1.6463967004074915,0.0,2010
LONG,2010-09-29,2011.25,2011.0,2010-09-29,2008.0,2008.25,{},1,1,NQ,5,fixed_hold,0,0.0,-3.25,-3.45,0.0084618594470753,-2.75,2010-09-28,0.014247888034295553,ENTERED,1.6367477643799777,0.0,2010
LONG,2010-09-30,2007.75,2007.5,2010-09-30,1995.5,1995.75,{},1,1,NQ,5,fixed_hold,0,0.0,-12.25,-12.45,0.007389785264002783,-11.75,2010-09-29,0.01222278225806428,ENTERED,1.8642236986665988,0.0,2010
LONG,2010-10-01,1998.75,1998.5,2010-10-01,1993.75,1994.0,{},1,1,NQ,5,fixed_hold,0,0.0,-5.0,-5.2,0.007682109834861681,-4.5,2010-09-30,0.0065565502458704294,ENTERED,1.7932850627433448,0.0,2010
SHORT,2010-10-04,1988.75,1989.0,2010-10-04,1977.75,1977.5,{},1,1,NQ,5,fixed_hold,0,0.0,11.0,10.8,0.00720898388286445,11.5,2010-10-01,-0.012626887843525614,ENTERED,1.90640432617287,0.0,2010
SHORT,2010-10-05,1978.0,1978.25,2010-10-05,2019.0,2018.75,{},1,1,NQ,5,fixed_hold,0,0.0,-41.0,-41.2,0.007633713768231795,-40.5,2010-10-04,-0.01555693839452399,ENTERED,1.8003344740009348,0.0,2010
LONG,2010-10-06,2023.25,2023.0,2010-10-06,2003.75,2004.0,{},1,1,NQ,5,fixed_hold,0,0.0,-19.5,-19.7,0.008405133502499497,-19.0,2010-10-05,0.0038538040775735194,ENTERED,1.630081669467371,0.0,2010
SHORT,2010-10-07,2003.75,2004.0,2010-10-07,2014.25,2014.0,{},1,1,NQ,5,fixed_hold,0,0.0,-10.5,-10.7,0.008528853075424944,-10.0,2010-10-06,-0.0021162703846632214,ENTERED,1.606435698995538,0.0,2010
LONG,2010-10-08,2015.25,2015.0,2010-10-08,2021.75,2022.0,{},1,1,NQ,5,fixed_hold,0,0.0,6.5,6.3,0.008533470539276887,7.0,2010-10-07,0.009144431917825324,ENTERED,1.604998574329747,0.0,2010
LONG,2010-10-11,2028.75,2028.5,2010-10-11,2025.0,2025.25,{},1,1,NQ,5,fixed_hold,0,0.0,-3.75,-3.95,0.008534130405314515,-3.25,2010-10-08,0.01404212637913771,ENTERED,1.6048744745094556,0.0,2010
LONG,2010-10-12,2025.75,2025.5,2010-10-12,2040.0,2040.25,{},1,1,NQ,5,fixed_hold,0,0.0,14.25,14.05,0.008092531718720566,14.75,2010-10-11,0.024146649810366627,ENTERED,1.6887014939995095,0.0,2010
LONG,2010-10-13,2039.25,2039.0,2010-10-13,2055.75,2056.0,{},1,1,NQ,5,fixed_hold,0,0.0,16.5,16.3,0.008146999123115912,17.0,2010-10-12,0.010650154798761857,ENTERED,1.6774115471384967,0.0,2010
LONG,2010-10-14,2055.75,2055.5,2010-10-14,2070.25,2070.5,{},1,1,NQ,5,fixed_hold,0,0.0,14.5,14.3,0.008093043340874198,15.0,2010-10-13,0.02594810379241519,ENTERED,1.6822864683038021,0.0,2010
LONG,2010-10-15,2067.25,2067.0,2010-10-15,2096.0,2096.25,{},1,1,NQ,5,fixed_hold,0,0.0,28.75,28.55,0.008095466869173985,29.25,2010-10-14,0.028053624627607077,ENTERED,1.6817828446178344,0.0,2010
LONG,2010-10-18,2092.5,2092.25,2010-10-18,2065.0,2065.25,{},1,1,NQ,5,fixed_hold,0,0.0,-27.5,-27.7,0.008321480371407002,-27.0,2010-10-15,0.03672106824925825,ENTERED,1.587290111850292,0.0,2010
LONG,2010-10-19,2066.25,2066.0,2010-10-19,2066.75,2067.0,{},1,1,NQ,5,fixed_hold,0,0.0,0.5,0.3,0.00878492187433097,1.0,2010-10-18,0.019750648068139753,ENTERED,1.503553895918574,0.0,2010
LONG,2010-10-20,2063.75,2063.5,2010-10-20,2088.0,2088.25,{},1,1,NQ,5,fixed_hold,0,0.0,24.25,24.05,0.00877794254497426,24.75,2010-10-19,0.013111138340889505,ENTERED,1.50053118976645,0.0,2010
LONG,2010-10-21,2090.0,2089.75,2010-10-21,2081.25,2081.5,{},1,1,NQ,5,fixed_hold,0,0.0,-8.75,-8.95,0.008955231512804147,-8.25,2010-10-20,0.015685797665369483,ENTERED,1.4708247968664026,0.0,2010
LONG,2010-10-22,2081.75,2081.5,2010-10-22,2104.25,2104.5,{},1,1,NQ,5,fixed_hold,0,0.0,22.5,22.3,0.009023307261942476,23.0,2010-10-21,0.005312726394590683,ENTERED,1.458226540478929,0.0,2010
LONG,2010-10-25,2105.75,2105.5,2010-10-25,2109.75,2110.0,{},1,1,NQ,5,fixed_hold,0,0.0,4.0,3.8,0.008459616249936767,4.5,2010-10-22,0.003935599284436542,ENTERED,1.5553927912934733,0.0,2010
LONG,2010-10-26,2108.25,2108.0,2010-10-26,2117.25,2117.5,{},1,1,NQ,5,fixed_hold,0,0.0,9.0,8.8,0.008277393761305795,9.5,2010-10-25,0.02166807892506939,ENTERED,1.5883989156241267,0.0,2010
LONG,2010-10-27,2120.75,2120.5,2010-10-27,2120.25,2120.5,{},1,1,NQ,5,fixed_hold,0,0.0,-0.5,-0.7,0.008274021567579153,0.0,2010-10-26,0.024431543299467506,ENTERED,1.5890462899166546,0.0,2010
LONG,2010-10-28,2124.5,2124.25,2010-10-28,2128.0,2128.25,{},1,1,NQ,5,fixed_hold,0,0.0,3.5,3.3,0.008226759429356979,4.0,2010-10-27,0.01544355321441393,ENTERED,1.582002546571697,0.0,2010
LONG,2010-10-29,2129.5,2129.25,2010-10-29,2123.25,2123.5,{},1,1,NQ,5,fixed_hold,0,0.0,-6.25,-6.45,0.00795119893417766,-5.75,2010-10-28,0.02245976459284149,ENTERED,1.6368291719293389,0.0,2010
LONG,2010-11-01,2133.75,2133.5,2010-11-01,2127.25,2127.5,{},1,1,NQ,5,fixed_hold,0,0.0,-6.5,-6.7,0.007993864770172724,-6.0,2010-10-29,0.009028272748871302,ENTERED,1.6011440098967522,0.0,2010
LONG,2010-11-02,2129.25,2129.0,2010-11-02,2150.25,2150.5,{},1,1,NQ,5,fixed_hold,0,0.0,21.0,20.8,0.007537328356415119,21.5,2010-11-01,0.0082938388625593,ENTERED,1.6981253950271462,0.0,2010
LONG,2010-11-03,2156.25,2156.0,2010-11-03,2165.0,2165.25,{},1,1,NQ,5,fixed_hold,0,0.0,8.75,8.55,0.006610440828340338,9.25,2010-11-02,0.015584415584415368,ENTERED,1.9035772944731613,0.0,2010
LONG,2010-11-04,2165.0,2164.75,2010-11-04,2182.75,2183.0,{},1,1,NQ,5,fixed_hold,0,0.0,17.75,17.55,0.006171242486953857,18.25,2010-11-03,0.021103513322329626,ENTERED,2.0390521185788417,0.0,2010
LONG,2010-11-05,2182.75,2182.5,2010-11-05,2184.25,2184.5,{},1,1,NQ,5,fixed_hold,0,0.0,1.5,1.3,0.006242464828614479,2.0,2010-11-04,0.02572536121226321,ENTERED,1.9735085975787923,0.0,2010
LONG,2010-11-08,2183.5,2183.25,2010-11-08,2179.5,2179.75,{},1,1,NQ,5,fixed_hold,0,0.0,-4.0,-4.2,0.006287826712155881,-3.5,2010-11-05,0.028726159642100013,ENTERED,1.9592712352484567,0.0,2010
LONG,2010-11-09,2180.0,2179.75,2010-11-09,2173.75,2174.0,{},1,1,NQ,5,fixed_hold,0,0.0,-6.25,-6.45,0.006415685958515394,-5.75,2010-11-08,0.024559341950645797,ENTERED,1.8605411523028732,0.0,2010
LONG,2010-11-10,2175.5,2175.25,2010-11-10,2153.0,2153.25,{},1,1,NQ,5,fixed_hold,0,0.0,-22.5,-22.7,0.006502995011553556,-22.0,2010-11-09,0.010927691234596582,ENTERED,1.8355615719929559,0.0,2010
SHORT,2010-11-11,2157.75,2158.0,2010-11-11,2173.75,2173.5,{},1,1,NQ,5,fixed_hold,0,0.0,-16.0,-16.2,0.006998435984264717,-15.5,2010-11-10,-0.00554208520956001,ENTERED,1.7040258452687318,0.0,2010
SHORT,2010-11-12,2168.25,2168.5,2010-11-12,2134.5,2134.25,{},1,1,NQ,5,fixed_hold,0,0.0,33.75,33.55,0.007100853932394467,34.25,2010-11-11,-0.004351809436555221,ENTERED,1.6794481209141576,0.0,2010
SHORT,2010-11-15,2136.5,2136.75,2010-11-15,2123.75,2123.5,{},1,1,NQ,5,fixed_hold,0,0.0,12.75,12.55,0.008054587513406092,13.25,2010-11-12,-0.023002975509269996,ENTERED,1.4797375642973574,0.0,2010
SHORT,2010-11-16,2123.75,2124.0,2010-11-16,2095.75,2095.5,{},1,1,NQ,5,fixed_hold,0,0.0,28.0,27.8,0.007314165211738826,28.5,2010-11-15,-0.025805711664181663,ENTERED,1.6295332910143498,0.0,2010
SHORT,2010-11-17,2096.25,2096.5,2010-11-17,2097.25,2097.0,{},1,1,NQ,5,fixed_hold,0,0.0,-1.0,-1.2,0.00801156382591238,-0.5,2010-11-16,-0.03610855565777382,ENTERED,1.4794870870744825,0.0,2010
SHORT,2010-11-18,2099.75,2100.0,2010-11-18,2137.0,2136.75,{},1,1,NQ,5,fixed_hold,0,0.0,-37.25,-37.45,0.007689543932628591,-36.75,2010-11-17,-0.02612330198537116,ENTERED,1.5414445032838997,0.0,2010
SHORT,2010-11-19,2137.75,2138.0,2010-11-19,2134.0,2133.75,{},1,1,NQ,5,fixed_hold,0,0.0,3.75,3.55,0.008697176831323976,4.25,2010-11-18,-0.01690821256038655,ENTERED,1.36131901794455,0.0,2010
SHORT,2010-11-22,2145.0,2145.25,2010-11-22,2154.0,2153.75,{},1,1,NQ,5,fixed_hold,0,0.0,-9.0,-9.2,0.008406885933562064,-8.5,2010-11-19,-0.00023427433524658703,ENTERED,1.4083255460433615,0.0,2010
LONG,2010-11-23,2150.5,2150.25,2010-11-23,2115.0,2115.25,{},1,1,NQ,5,fixed_hold,0,0.0,-35.5,-35.7,0.008620027446342734,-35.0,2010-11-22,0.014245349658582374,ENTERED,1.3658507340428148,0.0,2010
LONG,2010-11-24,2122.5,2122.25,2010-11-24,2160.25,2160.5,{},1,1,NQ,5,fixed_hold,0,0.0,37.75,37.55,0.009573141885176953,38.25,2010-11-23,0.009424958243855697,ENTERED,1.2298648611159497,0.0,2010
LONG,2010-11-25,2160.25,2160.0,2010-11-25,2161.25,2161.5,{},1,1,NQ,5,fixed_hold,0,0.0,1.0,0.8,0.010704913610323937,1.5,2010-11-24,0.030281354315689013,ENTERED,1.0982072170603758,0.0,2010
LONG,2010-11-26,2160.5,2160.25,2010-11-26,2145.0,2145.25,{},1,1,NQ,5,fixed_hold,0,0.0,-15.5,-15.7,0.010686860348464644,-15.0,2010-11-25,0.01158301158301156,ENTERED,1.1000624132376333,0.0,2010
LONG,2010-11-29,2151.5,2151.25,2010-11-29,2144.25,2144.5,{},1,1,NQ,5,fixed_hold,0,0.0,-7.25,-7.45,0.010830955732570686,-6.75,2010-11-26,0.005389572349150162,ENTERED,1.0685285997701548,0.0,2010
SHORT,2010-11-30,2143.25,2143.5,2010-11-30,2115.0,2114.75,{},1,1,NQ,5,fixed_hold,0,0.0,28.25,28.05,0.010828160425641114,28.75,2010-11-29,-0.004294834590830132,ENTERED,1.0688044421369072,0.0,2010
SHORT,2010-12-01,2112.0,2112.25,2010-12-01,2159.75,2159.5,{},1,1,NQ,5,fixed_hold,0,0.0,-47.75,-47.95,0.01099100679589286,-47.25,2010-11-30,-0.00023637867864356732,ENTERED,1.0524261559935777,0.0,2010
SHORT,2010-12-02,2161.75,2162.0,2010-12-02,2189.75,2189.5,{},1,1,NQ,5,fixed_hold,0,0.0,-28.0,-28.2,0.011938615253929565,-27.5,2010-12-01,-0.0004628558204121669,ENTERED,0.9693909818634119,0.0,2010
LONG,2010-12-03,2187.0,2186.75,2010-12-03,2188.0,2188.25,{},1,1,NQ,5,fixed_hold,0,0.0,1.0,0.8,0.012210850665975274,1.5,2010-12-02,0.012953967152440349,ENTERED,0.9477788468369531,0.0,2010
LONG,2010-12-06,2193.5,2193.25,2010-12-06,2185.25,2185.5,{},1,1,NQ,5,fixed_hold,0,0.0,-8.25,-8.45,0.01221155419474123,-7.75,2010-12-03,0.020044283882997282,ENTERED,0.9627122966811443,0.0,2010
LONG,2010-12-07,2191.25,2191.0,2010-12-07,2186.0,2186.25,{},1,1,NQ,5,fixed_hold,0,0.0,-5.25,-5.45,0.01220405701605041,-4.75,2010-12-06,0.019118675681977226,ENTERED,0.9633037087096669,0.0,2010
LONG,2010-12-08,2189.0,2188.75,2010-12-08,2201.5,2201.75,{},1,1,NQ,5,fixed_hold,0,0.0,12.5,12.3,0.01218573336323233,13.0,2010-12-07,0.033810143042912966,ENTERED,0.9661848379664041,0.0,2010
LONG,2010-12-09,2206.5,2206.25,2010-12-09,2197.75,2198.0,{},1,1,NQ,5,fixed_hold,0,0.0,-8.75,-8.95,0.01204157461727416,-8.25,2010-12-08,0.019564714054179477,ENTERED,0.9777517633089773,0.0,2010
LONG,2010-12-10,2203.25,2203.0,2010-12-10,2217.25,2217.5,{},1,1,NQ,5,fixed_hold,0,0.0,14.0,13.8,0.011897727095862823,14.5,2010-12-09,0.003882164877826,ENTERED,0.9951171452760103,0.0,2010
LONG,2010-12-13,2211.25,2211.0,2010-12-13,2209.75,2210.0,{},1,1,NQ,5,fixed_hold,0,0.0,-1.5,-1.7,0.011173496430861707,-1.0,2010-12-10,0.01336684565291879,ENTERED,1.0537141071202223,0.0,2010
LONG,2010-12-14,2208.25,2208.0,2010-12-14,2215.0,2215.25,{},1,1,NQ,5,fixed_hold,0,0.0,6.75,6.55,0.011124870025177298,7.25,2010-12-13,0.011210249370853242,ENTERED,1.0583198534824048,0.0,2010
LONG,2010-12-15,2212.75,2212.5,2010-12-15,2203.75,2204.0,{},1,1,NQ,5,fixed_hold,0,0.0,-9.0,-9.2,0.010531020699188754,-8.5,2010-12-14,0.013264722698685283,ENTERED,1.1163413044825956,0.0,2010
LONG,2010-12-16,2199.75,2199.5,2010-12-16,2219.5,2219.75,{},1,1,NQ,5,fixed_hold,0,0.0,19.75,19.55,0.01067115724838908,20.25,2010-12-15,0.0010219143862832958,ENTERED,1.1016812058167647,0.0,2010
LONG,2010-12-17,2220.5,2220.25,2010-12-17,2212.75,2213.0,{},1,1,NQ,5,fixed_hold,0,0.0,-7.75,-7.95,0.010022323552498089,-7.25,2010-12-16,0.009895359417652294,ENTERED,1.154740804612284,0.0,2010
SHORT,2010-12-20,2216.5,2216.75,2010-12-20,2220.25,2220.0,{},1,1,NQ,5,fixed_hold,0,0.0,-3.75,-3.95,0.010057816474586324,-3.25,2010-12-17,-0.0020293122886132497,ENTERED,1.1506658520106163,0.0,2010
LONG,2010-12-21,2219.75,2219.5,2010-12-21,2232.5,2232.75,{},1,1,NQ,5,fixed_hold,0,0.0,12.75,12.55,0.00990883965673106,13.25,2010-12-20,0.004524886877828038,ENTERED,1.167364033874866,0.0,2010
LONG,2010-12-22,2231.25,2231.0,2010-12-22,2235.75,2236.0,{},1,1,NQ,5,fixed_hold,0,0.0,4.5,4.3,0.008817617124186761,5.0,2010-12-21,0.007899785577248464,ENTERED,1.3118309481789439,0.0,2010
LONG,2010-12-23,2237.0,2236.75,2010-12-23,2231.0,2231.25,{},1,1,NQ,5,fixed_hold,0,0.0,-6.0,-6.2,0.00764771062009143,-5.5,2010-12-22,0.014519056261342866,ENTERED,1.5090939229781335,0.0,2010
LONG,2010-12-27,2222.75,2222.5,2010-12-27,2229.25,2229.5,{},1,1,NQ,5,fixed_hold,0,0.0,6.5,6.3,0.007692318061384999,7.0,2010-12-23,0.005180763599504479,ENTERED,1.5003427483596974,0.0,2010
LONG,2010-12-28,2232.5,2232.25,2010-12-28,2225.75,2226.0,{},1,1,NQ,5,fixed_hold,0,0.0,-6.75,-6.95,0.007413759458268288,-6.25,2010-12-27,0.007455942159963813,ENTERED,1.5422016454734657,0.0,2010
LONG,2010-12-29,2224.75,2224.5,2010-12-29,2230.0,2230.25,{},1,1,NQ,5,fixed_hold,0,0.0,5.25,5.05,0.007438693386803855,5.75,2010-12-28,0.002702702702702897,ENTERED,1.5370323040829623,0.0,2010
SHORT,2010-12-30,2230.5,2230.75,2010-12-30,2225.75,2225.5,{},1,1,NQ,5,fixed_hold,0,0.0,4.75,4.55,0.006449569963955631,5.25,2010-12-29,-0.001119695442839519,ENTERED,1.7324405337575115,0.0,2010
SHORT,2010-12-31,2224.75,2225.0,2010-12-31,2224.5,2224.25,{},1,1,NQ,5,fixed_hold,0,0.0,0.25,0.04999999999999999,0.004839000360554906,0.75,2010-12-30,-0.004695885509838904,ENTERED,2.309050547287085,0.0,2010
SHORT,2011-01-03,2221.5,2221.75,2011-01-03,2251.0,2250.75,{},1,1,NQ,5,fixed_hold,0,0.0,-29.5,-29.7,0.0038773815916119223,-29.0,2010-12-31,-0.0031372549019607066,ENTERED,2.8691707953749317,0.0,2011
LONG,2011-01-04,2251.25,2251.0,2011-01-04,2245.5,2245.75,{},1,1,NQ,5,fixed_hold,0,0.0,-5.75,-5.95,0.004586187082421224,-5.25,2011-01-03,0.009531285041489035,ENTERED,2.425734019403337,0.0,2011
LONG,2011-01-05,2246.0,2245.75,2011-01-05,2269.5,2269.75,{},1,1,NQ,5,fixed_hold,0,0.0,23.5,23.3,0.004620755731314974,24.0,2011-01-04,0.008872416891284818,ENTERED,2.378616710120931,0.0,2011
LONG,2011-01-06,2271.25,2271.0,2011-01-06,2275.0,2275.25,{},1,1,NQ,5,fixed_hold,0,0.0,3.75,3.55,0.005057875744179577,4.25,2011-01-05,0.01771101894406435,ENTERED,2.1730480050920424,0.0,2011
LONG,2011-01-07,2276.25,2276.0,2011-01-07,2272.75,2273.0,{},1,1,NQ,5,fixed_hold,0,0.0,-3.5,-3.7,0.0049107767978402855,-3.0,2011-01-06,0.022354527072567798,ENTERED,2.205548364025431,0.0,2011
LONG,2011-01-10,2270.0,2269.75,2011-01-10,2281.75,2282.0,{},1,1,NQ,5,fixed_hold,0,0.0,11.75,11.55,0.0048876139915635065,12.25,2011-01-07,0.021917500280993485,ENTERED,2.216000639834889,0.0,2011
LONG,2011-01-11,2283.25,2283.0,2011-01-11,2284.75,2285.0,{},1,1,NQ,5,fixed_hold,0,0.0,1.5,1.3,0.004624064359534682,2.0,2011-01-10,0.013884260801954929,ENTERED,2.3416976027407084,0.0,2011
LONG,2011-01-12,2286.25,2286.0,2011-01-12,2303.25,2303.5,{},1,1,NQ,5,fixed_hold,0,0.0,17.0,16.8,0.004483139119143969,17.5,2011-01-11,0.017477457419570186,ENTERED,2.4153076979928056,0.0,2011
LONG,2011-01-13,2304.0,2303.75,2011-01-13,2310.0,2310.25,{},1,1,NQ,5,fixed_hold,0,0.0,6.0,5.8,0.004706801052081682,6.5,2011-01-12,0.014869479017512788,ENTERED,2.274350135446975,0.0,2011
LONG,2011-01-14,2309.0,2308.75,2011-01-14,2321.5,2321.75,{},1,1,NQ,5,fixed_hold,0,0.0,12.5,12.3,0.004407115205761807,13.0,2011-01-13,0.015382924953301735,ENTERED,2.4290069831459062,0.0,2011
LONG,2011-01-17,2319.25,2319.0,2011-01-17,2294.75,2295.0,{},1,1,NQ,5,fixed_hold,0,0.0,-24.5,-24.7,0.004308913748807525,-24.0,2011-01-14,0.021447426308842887,ENTERED,2.480175044446455,0.0,2011
LONG,2011-01-18,2295.25,2295.0,2011-01-18,2333.25,2333.5,{},1,1,NQ,5,fixed_hold,0,0.0,38.0,37.8,0.00518581956744668,38.5,2011-01-17,0.005696757230499339,ENTERED,2.0607852258397195,0.0,2011
LONG,2011-01-19,2331.5,2331.25,2011-01-19,2293.25,2293.5,{},1,1,NQ,5,fixed_hold,0,0.0,-38.25,-38.45,0.00616950193989653,-37.75,2011-01-18,0.02122538293216647,ENTERED,1.7296626781785318,0.0,2011
SHORT,2011-01-20,2293.0,2293.25,2011-01-20,2286.0,2285.75,{},1,1,NQ,5,fixed_hold,0,0.0,7.0,6.8,0.00751466232816749,7.5,2011-01-19,-0.004341219882786906,ENTERED,1.4200448113802775,0.0,2011
SHORT,2011-01-21,2283.0,2283.25,2011-01-21,2269.0,2268.75,{},1,1,NQ,5,fixed_hold,0,0.0,14.0,13.8,0.00758915691148107,14.5,2011-01-20,-0.010604912888215412,ENTERED,1.3876403956356678,0.0,2011
SHORT,2011-01-24,2267.25,2267.5,2011-01-24,2296.75,2296.5,{},1,1,NQ,5,fixed_hold,0,0.0,-29.5,-29.7,0.0077990894614556145,-29.0,2011-01-21,-0.02282760848497889,ENTERED,1.350288485756548,0.0,2011
LONG,2011-01-25,2296.25,2296.0,2011-01-25,2300.25,2300.5,{},1,1,NQ,5,fixed_hold,0,0.0,4.0,3.8,0.008187786672523309,4.5,2011-01-24,0.0006535947712418277,ENTERED,1.228392589701743,0.0,2011
SHORT,2011-01-26,2298.5,2298.75,2011-01-26,2317.0,2316.75,{},1,1,NQ,5,fixed_hold,0,0.0,-18.5,-18.7,0.008155574777615323,-18.0,2011-01-25,-0.0141418470109278,ENTERED,1.233244344983765,0.0,2011
LONG,2011-01-27,2317.25,2317.0,2011-01-27,2320.5,2320.75,{},1,1,NQ,5,fixed_hold,0,0.0,3.25,3.05,0.008244195196443049,3.75,2011-01-26,0.010137344669718829,ENTERED,1.215682466715758,0.0,2011
LONG,2011-01-28,2321.25,2321.0,2011-01-28,2264.5,2264.75,{},1,1,NQ,5,fixed_hold,0,0.0,-56.75,-56.95,0.008188993096820403,-56.25,2011-01-27,0.015312260745925732,ENTERED,1.2238773966471563,0.0,2011
SHORT,2011-01-31,2257.0,2257.25,2011-01-31,2282.0,2281.75,{},1,1,NQ,5,fixed_hold,0,0.0,-25.0,-25.2,0.010075203890766597,-24.5,2011-01-28,-0.001763085399449138,ENTERED,0.9947514374059496,0.0,2011
SHORT,2011-02-01,2284.5,2284.75,2011-02-01,2321.0,2320.75,{},1,1,NQ,5,fixed_hold,0,0.0,-36.5,-36.7,0.009868868177059134,-36.0,2011-01-31,-0.006422817330720587,ENTERED,1.015549440187647,0.0,2011
LONG,2011-02-02,2321.5,2321.25,2011-02-02,2319.5,2319.75,{},1,1,NQ,5,fixed_hold,0,0.0,-2.0,-2.2,0.010490164770390657,-1.5,2011-02-01,0.008802434253423197,ENTERED,0.9554019190229415,0.0,2011
LONG,2011-02-03,2318.5,2318.25,2011-02-03,2322.25,2322.5,{},1,1,NQ,5,fixed_hold,0,0.0,3.75,3.55,0.010281162960972246,4.25,2011-02-02,0.001294917449012889,ENTERED,0.9782761456817916,0.0,2011
LONG,2011-02-04,2322.75,2322.5,2011-02-04,2336.25,2336.5,{},1,1,NQ,5,fixed_hold,0,0.0,13.5,13.3,0.010276759844173372,14.0,2011-02-03,0.0007540665733061225,ENTERED,0.978695291813092,0.0,2011
LONG,2011-02-07,2335.25,2335.0,2011-02-07,2342.5,2342.75,{},1,1,NQ,5,fixed_hold,0,0.0,7.25,7.05,0.01032213787404181,7.75,2011-02-04,0.03168120101556471,ENTERED,0.9760772442406331,0.0,2011
LONG,2011-02-08,2345.5,2345.25,2011-02-08,2363.0,2363.25,{},1,1,NQ,5,fixed_hold,0,0.0,17.5,17.3,0.010309554910270061,18.0,2011-02-07,0.02673386654979759,ENTERED,0.977268560908482,0.0,2011
LONG,2011-02-09,2363.25,2363.0,2011-02-09,2350.25,2350.5,{},1,1,NQ,5,fixed_hold,0,0.0,-13.0,-13.2,0.010440874571151148,-12.5,2011-02-08,0.018313045351718182,ENTERED,0.9842815153214045,0.0,2011
LONG,2011-02-10,2352.5,2352.25,2011-02-10,2355.25,2355.5,{},1,1,NQ,5,fixed_hold,0,0.0,2.75,2.55,0.010444215748079117,3.25,2011-02-09,0.013255738764953229,ENTERED,0.983966636850015,0.0,2011
LONG,2011-02-11,2356.75,2356.5,2011-02-11,2377.5,2377.75,{},1,1,NQ,5,fixed_hold,0,0.0,20.75,20.55,0.010438198301918238,21.25,2011-02-10,0.014208826695371268,ENTERED,0.9849557043846223,0.0,2011
LONG,2011-02-14,2378.5,2378.25,2011-02-14,2378.25,2378.5,{},1,1,NQ,5,fixed_hold,0,0.0,-0.25,-0.45,0.010574243500847897,0.25,2011-02-11,0.017654611598544756,ENTERED,0.9722835454042504,0.0,2011
LONG,2011-02-15,2379.5,2379.25,2011-02-15,2381.25,2381.5,{},1,1,NQ,5,fixed_hold,0,0.0,1.75,1.55,0.010144578672783707,2.25,2011-02-14,0.015259844200191885,ENTERED,1.0134637713989023,0.0,2011
LONG,2011-02-16,2382.75,2382.5,2011-02-16,2391.5,2391.75,{},1,1,NQ,5,fixed_hold,0,0.0,8.75,8.55,0.009515883108561102,9.25,2011-02-15,0.007722416164180457,ENTERED,1.079958604675139,0.0,2011
LONG,2011-02-17,2391.5,2391.25,2011-02-17,2392.25,2392.5,{},1,1,NQ,5,fixed_hold,0,0.0,0.75,0.55,0.008512031784349753,1.25,2011-02-16,0.017549457562220816,ENTERED,1.2073216012971488,0.0,2011
LONG,2011-02-18,2393.75,2393.5,2011-02-18,2395.25,2395.5,{},1,1,NQ,5,fixed_hold,0,0.0,1.5,1.3,0.008425762438870246,2.0,2011-02-17,0.015707917639566915,ENTERED,1.2039953353045076,0.0,2011
LONG,2011-02-21,2390.75,2390.5,2011-02-21,2362.0,2362.25,{},1,1,NQ,5,fixed_hold,0,0.0,-28.75,-28.95,0.008114480339827397,-28.25,2011-02-18,0.007465040479444518,ENTERED,1.2501821740810937,0.0,2011
SHORT,2011-02-22,2362.0,2362.25,2011-02-22,2319.75,2319.5,{},1,1,NQ,5,fixed_hold,0,0.0,42.25,42.05,0.00859558890129238,42.75,2011-02-21,-0.006832036998108082,ENTERED,1.1721365466014493,0.0,2011
SHORT,2011-02-23,2322.25,2322.5,2011-02-23,2304.25,2304.0,{},1,1,NQ,5,fixed_hold,0,0.0,18.0,17.8,0.009641017754249992,18.5,2011-02-22,-0.02603401217719914,ENTERED,1.0450353010007896,0.0,2011
SHORT,2011-02-24,2305.75,2306.0,2011-02-24,2312.25,2312.0,{},1,1,NQ,5,fixed_hold,0,0.0,-6.5,-6.7,0.009635126323321393,-6.0,2011-02-23,-0.03668861712135463,ENTERED,1.0438697051892125,0.0,2011
SHORT,2011-02-25,2314.75,2315.0,2011-02-25,2345.5,2345.25,{},1,1,NQ,5,fixed_hold,0,0.0,-30.75,-30.95,0.009661668300291014,-30.25,2011-02-24,-0.03364681295715777,ENTERED,1.0410020466427499,0.0,2011
SHORT,2011-02-28,2341.25,2341.5,2011-02-28,2352.75,2352.5,{},1,1,NQ,5,fixed_hold,0,0.0,-11.5,-11.7,0.008382708809045052,-11.0,2011-02-25,-0.020976831559173403,ENTERED,1.1955948585120684,0.0,2011
SHORT,2011-03-01,2354.75,2355.0,2011-03-01,2305.25,2305.0,{},1,1,NQ,5,fixed_hold,0,0.0,49.5,49.3,0.008281533236564468,50.0,2011-02-28,-0.004127420891099409,ENTERED,1.2102014525822,0.0,2011
SHORT,2011-03-02,2310.75,2311.0,2011-03-02,2321.75,2321.5,{},1,1,NQ,5,fixed_hold,0,0.0,-11.0,-11.2,0.008782469156061398,-10.5,2011-03-01,-0.006251347273119046,ENTERED,1.130780610564285,0.0,2011
LONG,2011-03-03,2323.0,2322.75,2011-03-03,2372.75,2373.0,{},1,1,NQ,5,fixed_hold,0,0.0,49.75,49.55,0.008939233689317984,50.25,2011-03-02,0.0075954861111113825,ENTERED,1.1109504661926781,0.0,2011
LONG,2011-03-04,2376.75,2376.5,2011-03-04,2361.25,2361.5,{},1,1,NQ,5,fixed_hold,0,0.0,-15.5,-15.7,0.010218086411728439,-15.0,2011-03-03,0.026384083044982853,ENTERED,0.9719085780243685,0.0,2011
LONG,2011-03-07,2360.0,2359.75,2011-03-07,2325.0,2325.25,{},1,1,NQ,5,fixed_hold,0,0.0,-35.0,-35.2,0.010232808870935464,-34.5,2011-03-04,0.006928898838076902,ENTERED,0.979430347904257,0.0,2011
SHORT,2011-03-08,2329.0,2329.25,2011-03-08,2333.5,2333.25,{},1,1,NQ,5,fixed_hold,0,0.0,-4.5,-4.7,0.010815962723418945,-4.0,2011-03-07,-0.01158342189160455,ENTERED,0.9266233444756191,0.0,2011
LONG,2011-03-09,2334.0,2333.75,2011-03-09,2312.75,2313.0,{},1,1,NQ,5,fixed_hold,0,0.0,-21.25,-21.45,0.010645443782998209,-20.75,2011-03-08,0.012255965292841786,ENTERED,0.9448001116355166,0.0,2011
SHORT,2011-03-10,2312.0,2312.25,2011-03-10,2284.0,2283.75,{},1,1,NQ,5,fixed_hold,0,0.0,28.0,27.8,0.010748367519115782,28.5,2011-03-09,-0.0036614258022829027,ENTERED,0.9357529370575276,0.0,2011
SHORT,2011-03-11,2286.75,2287.0,2011-03-11,2305.25,2305.0,{},1,1,NQ,5,fixed_hold,0,0.0,-18.5,-18.7,0.011043875113413561,-18.0,2011-03-10,-0.03761061946902655,ENTERED,0.9122888286313158,0.0,2011
SHORT,2011-03-14,2283.5,2283.75,2011-03-14,2282.0,2281.75,{},1,1,NQ,5,fixed_hold,0,0.0,1.5,1.3,0.011036565351932722,2.0,2011-03-11,-0.023925471098877882,ENTERED,0.9128930577122192,0.0,2011
SHORT,2011-03-15,2281.75,2282.0,2011-03-15,2247.75,2247.5,{},1,1,NQ,5,fixed_hold,0,0.0,34.0,33.8,0.011029495412960692,34.5,2011-03-14,-0.009576866892913705,ENTERED,0.9197681573776145,0.0,2011
SHORT,2011-03-16,2248.75,2249.0,2011-03-16,2197.75,2197.5,{},1,1,NQ,5,fixed_hold,0,0.0,51.0,50.8,0.011404643007768065,51.5,2011-03-15,-0.02778840740910804,ENTERED,0.8895130400727065,0.0,2011
SHORT,2011-03-17,2202.0,2202.25,2011-03-17,2223.0,2222.75,{},1,1,NQ,5,fixed_hold,0,0.0,-21.0,-21.2,0.0121106204784639,-20.5,2011-03-16,-0.041094917923040764,ENTERED,0.8437293885890553,0.0,2011
SHORT,2011-03-18,2223.75,2224.0,2011-03-18,2220.25,2220.0,{},1,1,NQ,5,fixed_hold,0,0.0,3.5,3.3,0.01255505984869912,4.0,2011-03-17,-0.017654120264391393,ENTERED,0.8138620233488713,0.0,2011
SHORT,2011-03-21,2232.75,2233.0,2011-03-21,2256.75,2256.5,{},1,1,NQ,5,fixed_hold,0,0.0,-24.0,-24.2,0.012521523834384372,-23.5,2011-03-18,-0.027914614121510528,ENTERED,0.8172175372805626,0.0,2011
SHORT,2011-03-22,2255.75,2256.0,2011-03-22,2255.0,2254.75,{},1,1,NQ,5,fixed_hold,0,0.0,0.75,0.55,0.012994798165392524,1.25,2011-03-21,-0.011066067711186345,ENTERED,0.7874542367412267,0.0,2011
LONG,2011-03-23,2255.25,2255.0,2011-03-23,2262.5,2262.75,{},1,1,NQ,5,fixed_hold,0,0.0,7.25,7.05,0.012411735965910671,7.75,2011-03-22,0.0032258064516133,ENTERED,0.8279873075288504,0.0,2011
LONG,2011-03-24,2266.25,2266.0,2011-03-24,2316.5,2316.75,{},1,1,NQ,5,fixed_hold,0,0.0,50.25,50.05,0.012370709109547342,50.75,2011-03-23,0.029692832764505406,ENTERED,0.830733287248835,0.0,2011
LONG,2011-03-25,2316.5,2316.25,2011-03-25,2316.75,2317.0,{},1,1,NQ,5,fixed_hold,0,0.0,0.25,0.04999999999999999,0.013493297958043722,0.75,2011-03-24,0.042289956135418194,ENTERED,0.761945892912219,0.0,2011
LONG,2011-03-28,2321.5,2321.25,2011-03-28,2296.75,2297.0,{},1,1,NQ,5,fixed_hold,0,0.0,-24.75,-24.95,0.013100688051857233,-24.25,2011-03-25,0.0436936936936938,ENTERED,0.7847803810208828,0.0,2011
LONG,2011-03-29,2296.25,2296.0,2011-03-29,2324.5,2324.75,{},1,1,NQ,5,fixed_hold,0,0.0,28.25,28.05,0.013213977400024335,28.75,2011-03-28,0.017948149789497325,ENTERED,0.7802007373079869,0.0,2011
LONG,2011-03-30,2322.75,2322.5,2011-03-30,2331.75,2332.0,{},1,1,NQ,5,fixed_hold,0,0.0,9.0,8.8,0.012660662362073149,9.5,2011-03-29,0.03104557046235734,ENTERED,0.8142982266989307,0.0,2011
LONG,2011-03-31,2332.5,2332.25,2011-03-31,2336.75,2337.0,{},1,1,NQ,5,fixed_hold,0,0.0,4.25,4.05,0.012588692594546098,4.75,2011-03-30,0.03060435311015386,ENTERED,0.8199531282949711,0.0,2011
LONG,2011-04-01,2342.25,2342.0,2011-04-01,2337.5,2337.75,{},1,1,NQ,5,fixed_hold,0,0.0,-4.75,-4.95,0.011548625774388505,-4.25,2011-03-31,0.008740692780835335,ENTERED,0.8937979354161177,0.0,2011
LONG,2011-04-04,2342.75,2342.5,2011-04-04,2341.75,2342.0,{},1,1,NQ,5,fixed_hold,0,0.0,-1.0,-1.2,0.01149779197145926,-0.5,2011-04-01,0.008955545964609568,ENTERED,0.9078437258065521,0.0,2011
LONG,2011-04-05,2341.25,2341.0,2011-04-05,2323.75,2324.0,{},1,1,NQ,5,fixed_hold,0,0.0,-17.5,-17.7,0.01091598111650039,-17.0,2011-04-04,0.019590770570309113,ENTERED,0.9562308866712912,0.0,2011
SHORT,2011-04-06,2326.5,2326.75,2011-04-06,2327.25,2327.0,{},1,1,NQ,5,fixed_hold,0,0.0,-0.75,-0.95,0.011061112142753425,-0.25,2011-04-05,-0.0003226153349821237,ENTERED,0.9439262920764601,0.0,2011
SHORT,2011-04-07,2326.75,2327.0,2011-04-07,2331.75,2331.5,{},1,1,NQ,5,fixed_hold,0,0.0,-5.0,-5.2,0.010856861006968348,-4.5,2011-04-06,-0.002144082332761532,ENTERED,0.9616844651920842,0.0,2011
SHORT,2011-04-08,2330.5,2330.75,2011-04-08,2320.0,2319.75,{},1,1,NQ,5,fixed_hold,0,0.0,10.5,10.3,0.0103842166664094,11.0,2011-04-07,-0.0023534445870775356,ENTERED,1.0054561558721153,0.0,2011
SHORT,2011-04-11,2330.0,2330.25,2011-04-11,2304.75,2304.5,{},1,1,NQ,5,fixed_hold,0,0.0,25.25,25.05,0.010315564119813096,25.75,2011-04-08,-0.007699711260828135,ENTERED,1.0118882671544447,0.0,2011
SHORT,2011-04-12,2304.25,2304.5,2011-04-12,2295.0,2294.75,{},1,1,NQ,5,fixed_hold,0,0.0,9.25,9.05,0.010443140781560202,9.75,2011-04-11,-0.016011955593510097,ENTERED,0.999782995321383,0.0,2011
SHORT,2011-04-13,2298.5,2298.75,2011-04-13,2307.5,2307.25,{},1,1,NQ,5,fixed_hold,0,0.0,-9.0,-9.2,0.009859779213617467,-8.5,2011-04-12,-0.012586058519793553,ENTERED,1.058664507162788,0.0,2011
SHORT,2011-04-14,2307.0,2307.25,2011-04-14,2305.5,2305.25,{},1,1,NQ,5,fixed_hold,0,0.0,1.5,1.3,0.008218354154197926,2.0,2011-04-13,-0.008487322733132907,ENTERED,1.2701081148451625,0.0,2011
SHORT,2011-04-15,2305.0,2305.25,2011-04-15,2310.25,2310.0,{},1,1,NQ,5,fixed_hold,0,0.0,-5.25,-5.45,0.007965248308664389,-4.75,2011-04-14,-0.011258846236328668,ENTERED,1.303690263505498,0.0,2011
SHORT,2011-04-18,2307.25,2307.5,2011-04-18,2284.75,2284.5,{},1,1,NQ,5,fixed_hold,0,0.0,22.5,22.3,0.00793195875420053,23.0,2011-04-15,-0.0042030391205949424,ENTERED,1.309161707492519,0.0,2011
SHORT,2011-04-19,2284.75,2285.0,2011-04-19,2320.75,2320.5,{},1,1,NQ,5,fixed_hold,0,0.0,-36.0,-36.2,0.007678158814812065,-35.5,2011-04-18,-0.008678672163158874,ENTERED,1.3443506604902729,0.0,2011
LONG,2011-04-20,2320.5,2320.25,2011-04-20,2375.75,2376.0,{},1,1,NQ,5,fixed_hold,0,0.0,55.25,55.05,0.008375618113081566,55.75,2011-04-19,0.011221265933108127,ENTERED,1.2324031175585772,0.0,2011
LONG,2011-04-21,2377.25,2377.0,2011-04-21,2373.25,2373.5,{},1,1,NQ,5,fixed_hold,0,0.0,-4.0,-4.2,0.009764681402433627,-3.5,2011-04-20,0.02979737783075076,ENTERED,1.0564158414059648,0.0,2011
LONG,2011-04-25,2378.0,2377.75,2011-04-25,2380.5,2380.75,{},1,1,NQ,5,fixed_hold,0,0.0,2.5,2.3,0.008386214838090888,3.0,2011-04-21,0.029606333369482485,ENTERED,1.230061990894741,0.0,2011
LONG,2011-04-26,2380.0,2379.75,2011-04-26,2391.75,2392.0,{},1,1,NQ,5,fixed_hold,0,0.0,11.75,11.55,0.008391089037747603,12.25,2011-04-25,0.030627705627705337,ENTERED,1.228631333059651,0.0,2011
LONG,2011-04-27,2393.0,2392.75,2011-04-27,2407.75,2408.0,{},1,1,NQ,5,fixed_hold,0,0.0,14.75,14.55,0.008077030983124563,15.25,2011-04-26,0.04705624863208535,ENTERED,1.2764040316064078,0.0,2011
LONG,2011-04-28,2408.0,2407.75,2011-04-28,2401.0,2401.25,{},1,1,NQ,5,fixed_hold,0,0.0,-7.0,-7.2,0.00781050009739985,-6.5,2011-04-27,0.037707390648566985,ENTERED,1.3163258220040086,0.0,2011
LONG,2011-04-29,2402.0,2401.75,2011-04-29,2407.0,2407.25,{},1,1,NQ,5,fixed_hold,0,0.0,5.0,4.8,0.007869485081298328,5.5,2011-04-28,0.010627104377104013,ENTERED,1.3064594258403541,0.0,2011
LONG,2011-05-02,2407.25,2407.0,2011-05-02,2401.0,2401.25,{},1,1,NQ,5,fixed_hold,0,0.0,-6.25,-6.45,0.007871427485820884,-5.75,2011-04-29,0.01421950705708852,ENTERED,1.3055776557283045,0.0,2011
LONG,2011-05-03,2400.5,2400.25,2011-05-03,2386.75,2387.0,{},1,1,NQ,5,fixed_hold,0,0.0,-13.75,-13.95,0.00791881398105757,-13.25,2011-05-02,0.0086107319122124,ENTERED,1.2977650275352084,0.0,2011
SHORT,2011-05-04,2389.5,2389.75,2011-05-04,2386.75,2386.5,{},1,1,NQ,5,fixed_hold,0,0.0,2.75,2.55,0.008083775196873073,3.25,2011-05-03,-0.002090301003344397,ENTERED,1.2658453039235518,0.0,2011
SHORT,2011-05-05,2387.0,2387.25,2011-05-05,2375.25,2375.0,{},1,1,NQ,5,fixed_hold,0,0.0,11.75,11.55,0.007830719391318835,12.25,2011-05-04,-0.008928571428571286,ENTERED,1.3067520823539653,0.0,2011
SHORT,2011-05-06,2375.0,2375.25,2011-05-06,2373.5,2373.25,{},1,1,NQ,5,fixed_hold,0,0.0,1.5,1.3,0.00795165887975465,2.0,2011-05-05,-0.010931806350858775,ENTERED,1.2850257495004263,0.0,2011
SHORT,2011-05-09,2385.0,2385.25,2011-05-09,2388.0,2387.75,{},1,1,NQ,5,fixed_hold,0,0.0,-3.0,-3.2,0.007958478311095816,-2.5,2011-05-06,-0.014124000415411841,ENTERED,1.2839246414081757,0.0,2011
SHORT,2011-05-10,2389.0,2389.25,2011-05-10,2410.5,2410.25,{},1,1,NQ,5,fixed_hold,0,0.0,-21.5,-21.7,0.007909563154129861,-21.0,2011-05-09,-0.005622071837584786,ENTERED,1.2825712969352632,0.0,2011
LONG,2011-05-11,2413.5,2413.25,2011-05-11,2381.75,2382.0,{},1,1,NQ,5,fixed_hold,0,0.0,-31.75,-31.95,0.007861461177332064,-31.25,2011-05-10,0.009740259740259605,ENTERED,1.2904189747873895,0.0,2011
SHORT,2011-05-12,2383.25,2383.5,2011-05-12,2407.0,2406.75,{},1,1,NQ,5,fixed_hold,0,0.0,-23.75,-23.95,0.0083508570662908,-23.25,2011-05-11,-0.0018856065367693908,ENTERED,1.2064874073149117,0.0,2011
LONG,2011-05-13,2406.25,2406.0,2011-05-13,2370.75,2371.0,{},1,1,NQ,5,fixed_hold,0,0.0,-35.5,-35.7,0.008532530295133511,-35.0,2011-05-12,0.013368421052631696,ENTERED,1.1807990762731828,0.0,2011
SHORT,2011-05-16,2361.0,2361.25,2011-05-16,2327.0,2326.75,{},1,1,NQ,5,fixed_hold,0,0.0,34.0,33.8,0.009328694941324326,34.5,2011-05-13,-0.0009480669967342203,ENTERED,1.07815900700452,0.0,2011
SHORT,2011-05-17,2327.75,2328.0,2011-05-17,2342.75,2342.5,{},1,1,NQ,5,fixed_hold,0,0.0,-15.0,-15.2,0.010351921172364881,-14.5,2011-05-16,-0.025547063134750303,ENTERED,0.9732689925869028,0.0,2011
SHORT,2011-05-18,2342.0,2342.25,2011-05-18,2366.0,2365.75,{},1,1,NQ,5,fixed_hold,0,0.0,-24.0,-24.2,0.010077360442807359,-23.5,2011-05-17,-0.028109117311482024,ENTERED,0.9997860003070247,0.0,2011
SHORT,2011-05-19,2364.75,2365.0,2011-05-19,2368.0,2367.75,{},1,1,NQ,5,fixed_hold,0,0.0,-3.25,-3.45,0.009714855870531404,-2.75,2011-05-18,-0.00682199832073882,ENTERED,1.0370924720899108,0.0,2011
SHORT,2011-05-20,2367.5,2367.75,2011-05-20,2345.5,2345.25,{},1,1,NQ,5,fixed_hold,0,0.0,22.0,21.8,0.008084746123629015,22.5,2011-05-19,-0.0162044250545339,ENTERED,1.2440485230810998,0.0,2011
SHORT,2011-05-23,2339.5,2339.75,2011-05-23,2314.75,2314.5,{},1,1,NQ,5,fixed_hold,0,0.0,24.75,24.55,0.008351207410486734,25.25,2011-05-20,-0.010860396457190946,ENTERED,1.204354769342284,0.0,2011
SHORT,2011-05-24,2314.75,2315.0,2011-05-24,2299.25,2299.0,{},1,1,NQ,5,fixed_hold,0,0.0,15.5,15.3,0.008755003237268305,16.0,2011-05-23,-0.005264854410658493,ENTERED,1.1447538374212192,0.0,2011
SHORT,2011-05-25,2298.25,2298.5,2011-05-25,2309.25,2309.0,{},1,1,NQ,5,fixed_hold,0,0.0,-11.0,-11.2,0.00870864335776794,-10.5,2011-05-24,-0.01856990394877278,ENTERED,1.1508478577846881,0.0,2011
SHORT,2011-05-26,2307.75,2308.0,2011-05-26,2327.5,2327.25,{},1,1,NQ,5,fixed_hold,0,0.0,-19.75,-19.95,0.008601636904281933,-19.25,2011-05-25,-0.02398816442988483,ENTERED,1.1545530164856632,0.0,2011
SHORT,2011-05-27,2326.5,2326.75,2011-05-27,2333.25,2333.0,{},1,1,NQ,5,fixed_hold,0,0.0,-6.75,-6.95,0.008881690481354128,-6.25,2011-05-26,-0.01710484637313925,ENTERED,1.1181481560747872,0.0,2011
SHORT,2011-05-30,2332.25,2332.5,2011-05-30,2338.5,2338.25,{},1,1,NQ,5,fixed_hold,0,0.0,-6.25,-6.45,0.008881025501815845,-5.75,2011-05-27,-0.005223323739473429,ENTERED,1.1175767732690807,0.0,2011
LONG,2011-05-31,2338.0,2337.75,2011-05-31,2374.25,2374.5,{},1,1,NQ,5,fixed_hold,0,0.0,36.25,36.05,0.008917155121322821,36.75,2011-05-30,0.010261395549794772,ENTERED,1.113048689699973,0.0,2011
LONG,2011-06-01,2377.5,2377.25,2011-06-01,2318.0,2318.25,{},1,1,NQ,5,fixed_hold,0,0.0,-59.5,-59.7,0.009592426767243084,-59.0,2011-05-31,0.03284036537625057,ENTERED,1.0329856976931515,0.0,2011
LONG,2011-06-02,2318.25,2318.0,2011-06-02,2326.75,2327.0,{},1,1,NQ,5,fixed_hold,0,0.0,8.5,8.3,0.010934202976705963,9.0,2011-06-01,0.0040060632308356325,ENTERED,0.9077230269809609,0.0,2011
SHORT,2011-06-03,2324.75,2325.0,2011-06-03,2287.25,2287.0,{},1,1,NQ,5,fixed_hold,0,0.0,37.5,37.3,0.010961288708191862,38.0,2011-06-02,-0.00010742292405196974,ENTERED,0.9054800113258764,0.0,2011
SHORT,2011-06-06,2292.0,2292.25,2011-06-06,2272.75,2272.5,{},1,1,NQ,5,fixed_hold,0,0.0,19.25,19.05,0.011545245862020905,19.75,2011-06-03,-0.019717102443206236,ENTERED,0.8601848720452243,0.0,2011
SHORT,2011-06-07,2272.0,2272.25,2011-06-07,2277.0,2276.75,{},1,1,NQ,5,fixed_hold,0,0.0,-5.0,-5.2,0.011432221192571068,-4.5,2011-06-06,-0.02811932000427686,ENTERED,0.8686890908834533,0.0,2011
SHORT,2011-06-08,2276.5,2276.75,2011-06-08,2252.25,2252.0,{},1,1,NQ,5,fixed_hold,0,0.0,24.25,24.05,0.011141888033004805,24.75,2011-06-07,-0.04116656138134345,ENTERED,0.8995175254687257,0.0,2011
SHORT,2011-06-09,2251.5,2251.75,2011-06-09,2253.25,2253.0,{},1,1,NQ,5,fixed_hold,0,0.0,-1.75,-1.95,0.011107579924430887,-1.25,2011-06-08,-0.028577590855171087,ENTERED,0.9022958754907718,0.0,2011
SHORT,2011-06-10,2252.75,2253.0,2011-06-10,2222.75,2222.5,{},1,1,NQ,5,fixed_hold,0,0.0,30.0,29.8,0.010703926229440767,30.5,2011-06-09,-0.0318006016330038,ENTERED,0.9396380598104889,0.0,2011
SHORT,2011-06-13,2216.5,2216.75,2011-06-13,2221.0,2220.75,{},1,1,NQ,5,fixed_hold,0,0.0,-4.5,-4.7,0.010632556528197947,-4.0,2011-06-10,-0.028202885876694284,ENTERED,0.9459452623564812,0.0,2011
SHORT,2011-06-14,2221.0,2221.25,2011-06-14,2245.75,2245.5,{},1,1,NQ,5,fixed_hold,0,0.0,-24.75,-24.95,0.009994237148128098,-24.25,2011-06-13,-0.02277227722772268,ENTERED,1.0063615987409438,0.0,2011
SHORT,2011-06-15,2244.0,2244.25,2011-06-15,2206.25,2206.0,{},1,1,NQ,5,fixed_hold,0,0.0,37.75,37.55,0.010247472850775239,38.25,2011-06-14,-0.013725705501262842,ENTERED,0.9814923758324896,0.0,2011
SHORT,2011-06-16,2207.5,2207.75,2011-06-16,2197.25,2197.0,{},1,1,NQ,5,fixed_hold,0,0.0,10.25,10.05,0.01039934828380911,10.75,2011-06-15,-0.02042628774422739,ENTERED,0.9688303166509791,0.0,2011
SHORT,2011-06-17,2202.0,2202.25,2011-06-17,2191.0,2190.75,{},1,1,NQ,5,fixed_hold,0,0.0,11.0,10.8,0.010350779283306822,11.5,2011-06-16,-0.024855747891699864,ENTERED,0.9733763627841376,0.0,2011
SHORT,2011-06-20,2184.75,2185.0,2011-06-20,2201.5,2201.25,{},1,1,NQ,5,fixed_hold,0,0.0,-16.75,-16.95,0.01026047119467658,-16.25,2011-06-17,-0.014285714285714346,ENTERED,0.9821537677563751,0.0,2011
SHORT,2011-06-21,2203.75,2204.0,2011-06-21,2246.0,2245.75,{},1,1,NQ,5,fixed_hold,0,0.0,-42.25,-42.45,0.010144497504020888,-41.75,2011-06-20,-0.008780817291455634,ENTERED,0.9933819234331795,0.0,2011
LONG,2011-06-22,2244.25,2244.0,2011-06-22,2227.5,2227.75,{},1,1,NQ,5,fixed_hold,0,0.0,-16.75,-16.95,0.011274384058911135,-16.25,2011-06-21,0.00011133377866845429,ENTERED,0.8997828574061039,0.0,2011
LONG,2011-06-23,2222.5,2222.25,2011-06-23,2244.5,2244.75,{},1,1,NQ,5,fixed_hold,0,0.0,22.0,21.8,0.011298203288770408,22.5,2011-06-22,0.009859474161378001,ENTERED,0.8978859067002078,0.0,2011
LONG,2011-06-24,2246.5,2246.25,2011-06-24,2208.5,2208.75,{},1,1,NQ,5,fixed_hold,0,0.0,-38.0,-38.2,0.0112861186744408,-37.5,2011-06-23,0.02173418297678631,ENTERED,0.8988545101654575,0.0,2011
LONG,2011-06-27,2201.5,2201.25,2011-06-27,2252.0,2252.25,{},1,1,NQ,5,fixed_hold,0,0.0,50.5,50.3,0.011674585876601501,51.0,2011-06-24,0.008216364258815334,ENTERED,0.8689454838064729,0.0,2011
LONG,2011-06-28,2257.25,2257.0,2011-06-28,2285.0,2285.25,{},1,1,NQ,5,fixed_hold,0,0.0,27.75,27.55,0.01267049632502441,28.25,2011-06-27,0.023168654173765013,ENTERED,0.8064472100865988,0.0,2011
LONG,2011-06-29,2283.25,2283.0,2011-06-29,2292.0,2292.25,{},1,1,NQ,5,fixed_hold,0,0.0,8.75,8.55,0.012610631908474465,9.25,2011-06-28,0.017588778804408456,ENTERED,0.8102755267055085,0.0,2011
LONG,2011-06-30,2293.0,2292.75,2011-06-30,2318.25,2318.5,{},1,1,NQ,5,fixed_hold,0,0.0,25.25,25.05,0.011544654864515965,25.75,2011-06-29,0.028952979463584327,ENTERED,0.8863676732673373,0.0,2011
LONG,2011-07-01,2320.0,2319.75,2011-07-01,2353.75,2354.0,{},1,1,NQ,5,fixed_hold,0,0.0,33.75,33.55,0.011818660785650801,34.25,2011-06-30,0.03285443813342237,ENTERED,0.8658179684249215,0.0,2011
LONG,2011-07-04,2354.75,2354.5,2011-07-04,2364.5,2364.75,{},1,1,NQ,5,fixed_hold,0,0.0,9.75,9.55,0.011579627543475279,10.25,2011-07-01,0.06576117713638885,ENTERED,0.8849570344384122,0.0,2011
LONG,2011-07-05,2365.0,2364.75,2011-07-05,2369.25,2369.5,{},1,1,NQ,5,fixed_hold,0,0.0,4.25,4.05,0.011446610039587949,4.75,2011-07-04,0.04995004995004981,ENTERED,0.895240845572138,0.0,2011
LONG,2011-07-06,2369.5,2369.25,2011-07-06,2379.75,2380.0,{},1,1,NQ,5,fixed_hold,0,0.0,10.25,10.05,0.01144653504928006,10.75,2011-07-05,0.03686686358166491,ENTERED,0.8963822807952632,0.0,2011
LONG,2011-07-07,2380.5,2380.25,2011-07-07,2416.0,2416.25,{},1,1,NQ,5,fixed_hold,0,0.0,35.5,35.3,0.011040906746750847,36.0,2011-07-06,0.03828116479441612,ENTERED,0.9293141795347619,0.0,2011
LONG,2011-07-08,2415.75,2415.5,2011-07-08,2408.25,2408.5,{},1,1,NQ,5,fixed_hold,0,0.0,-7.5,-7.7,0.011363416718813607,-7.0,2011-07-07,0.04216087987923256,ENTERED,0.9043723466691902,0.0,2011
LONG,2011-07-11,2395.25,2395.0,2011-07-11,2361.25,2361.5,{},1,1,NQ,5,fixed_hold,0,0.0,-34.0,-34.2,0.0107640972347579,-33.5,2011-07-08,0.023152081563296623,ENTERED,0.9547256606888603,0.0,2011
SHORT,2011-07-12,2362.75,2363.0,2011-07-12,2343.25,2343.0,{},1,1,NQ,5,fixed_hold,0,0.0,19.5,19.3,0.011958198330522552,20.0,2011-07-11,-0.0013743524685484454,ENTERED,0.8597585252228358,0.0,2011
SHORT,2011-07-13,2340.75,2341.0,2011-07-13,2330.0,2329.75,{},1,1,NQ,5,fixed_hold,0,0.0,10.75,10.55,0.01204271504130093,11.25,2011-07-12,-0.011183794049377416,ENTERED,0.853724673025362,0.0,2011
SHORT,2011-07-14,2337.5,2337.75,2011-07-14,2338.25,2338.0,{},1,1,NQ,5,fixed_hold,0,0.0,-0.75,-0.95,0.011282280683908432,-0.25,2011-07-13,-0.021113445378151297,ENTERED,0.9137828776919422,0.0,2011
SHORT,2011-07-15,2339.75,2340.0,2011-07-15,2355.75,2355.5,{},1,1,NQ,5,fixed_hold,0,0.0,-16.0,-16.2,0.011166034502532325,-15.5,2011-07-14,-0.03238489394723221,ENTERED,0.9232959926760012,0.0,2011
SHORT,2011-07-18,2351.0,2351.25,2011-07-18,2341.75,2341.5,{},1,1,NQ,5,fixed_hold,0,0.0,9.25,9.05,0.011111745269777413,9.75,2011-07-15,-0.022005397550342476,ENTERED,0.9283477860017335,0.0,2011
SHORT,2011-07-19,2342.75,2343.0,2011-07-19,2406.5,2406.25,{},1,1,NQ,5,fixed_hold,0,0.0,-63.75,-63.95,0.011313210571652648,-63.25,2011-07-18,-0.008469193309337375,ENTERED,0.9118157975120396,0.0,2011
LONG,2011-07-20,2406.0,2405.75,2011-07-20,2370.25,2370.5,{},1,1,NQ,5,fixed_hold,0,0.0,-35.75,-35.95,0.012004669244872292,-35.25,2011-07-19,0.02699530516431925,ENTERED,0.8598435878148694,0.0,2011
LONG,2011-07-21,2376.75,2376.5,2011-07-21,2410.25,2410.5,{},1,1,NQ,5,fixed_hold,0,0.0,33.5,33.3,0.012440441079782738,34.0,2011-07-20,0.017491147118789296,ENTERED,0.8297244292098748,0.0,2011
LONG,2011-07-22,2410.75,2410.5,2011-07-22,2427.75,2428.0,{},1,1,NQ,5,fixed_hold,0,0.0,17.0,16.8,0.012781369648073346,17.5,2011-07-21,0.031009409751924455,ENTERED,0.8098333408945019,0.0,2011
LONG,2011-07-25,2404.75,2404.5,2011-07-25,2424.25,2424.5,{},1,1,NQ,5,fixed_hold,0,0.0,19.5,19.3,0.01192609072413431,20.0,2011-07-22,0.030779027807259496,ENTERED,0.8679104932817927,0.0,2011
LONG,2011-07-26,2422.75,2422.5,2011-07-26,2420.5,2420.75,{},1,1,NQ,5,fixed_hold,0,0.0,-2.25,-2.45,0.011440240231525994,-1.75,2011-07-25,0.045567143639983376,ENTERED,0.9048692127843592,0.0,2011
LONG,2011-07-27,2421.5,2421.25,2011-07-27,2358.75,2359.0,{},1,1,NQ,5,fixed_hold,0,0.0,-62.75,-62.95,0.01123602484602859,-62.25,2011-07-26,0.015858209579980853,ENTERED,0.9213152617781726,0.0,2011
LONG,2011-07-28,2357.0,2356.75,2011-07-28,2366.75,2367.0,{},1,1,NQ,5,fixed_hold,0,0.0,9.75,9.55,0.012968209712081078,10.25,2011-07-27,0.004874631071451585,ENTERED,0.8007440423126061,0.0,2011
SHORT,2011-07-29,2368.5,2368.75,2011-07-29,2364.0,2363.75,{},1,1,NQ,5,fixed_hold,0,0.0,4.5,4.3,0.01278305061224446,5.0,2011-07-28,-0.008449077084387135,ENTERED,0.8123426075198906,0.0,2011
SHORT,2011-08-01,2386.0,2386.25,2011-08-01,2343.25,2343.0,{},1,1,NQ,5,fixed_hold,0,0.0,42.75,42.55,0.012379186679137937,43.25,2011-07-29,-0.01694739030983572,ENTERED,0.8400671670405169,0.0,2011
SHORT,2011-08-02,2349.0,2349.25,2011-08-02,2284.25,2284.0,{},1,1,NQ,5,fixed_hold,0,0.0,64.75,64.55,0.013034991259117485,65.25,2011-08-01,-0.042727240613084194,ENTERED,0.7978024746687236,0.0,2011
SHORT,2011-08-03,2284.75,2285.0,2011-08-03,2305.25,2305.0,{},1,1,NQ,5,fixed_hold,0,0.0,-20.5,-20.7,0.014144684066576168,-20.0,2011-08-02,-0.06538712492453957,ENTERED,0.7379590984703334,0.0,2011
SHORT,2011-08-04,2310.75,2311.0,2011-08-04,2208.25,2208.0,{},1,1,NQ,5,fixed_hold,0,0.0,102.5,102.3,0.014293166260954485,103.0,2011-08-03,-0.03210423573128418,ENTERED,0.7302929323947558,0.0,2011
SHORT,2011-08-05,2202.5,2202.75,2011-08-05,2190.5,2190.25,{},1,1,NQ,5,fixed_hold,0,0.0,12.0,11.8,0.01636028070807681,12.5,2011-08-04,-0.07596927634492334,ENTERED,0.6381843170940615,0.0,2011
SHORT,2011-08-08,2142.75,2143.0,2011-08-08,2034.0,2033.75,{},1,1,NQ,5,fixed_hold,0,0.0,108.75,108.55,0.01637809633685605,109.25,2011-08-05,-0.08213724463069672,ENTERED,0.6374901182902301,0.0,2011
SHORT,2011-08-09,2024.25,2024.5,2011-08-09,2167.75,2167.5,{},1,1,NQ,5,fixed_hold,0,0.0,-143.5,-143.7,0.019161278981376224,-143.0,2011-08-08,-0.11285053432061709,ENTERED,0.5450127202735473,0.0,2011
SHORT,2011-08-10,2161.25,2161.5,2011-08-10,2080.5,2080.25,{},1,1,NQ,5,fixed_hold,0,0.0,80.75,80.55,0.025002174672555746,81.25,2011-08-09,-0.030083104646496994,ENTERED,0.417689297764301,0.0,2011
SHORT,2011-08-11,2087.0,2087.25,2011-08-11,2158.5,2158.25,{},1,1,NQ,5,fixed_hold,0,0.0,-71.5,-71.7,0.026391049372141654,-71.0,2011-08-10,-0.07760674414908852,ENTERED,0.3957484069998374,0.0,2011
SHORT,2011-08-12,2157.0,2157.25,2011-08-12,2178.0,2177.75,{},1,1,NQ,5,fixed_hold,0,0.0,-21.0,-21.2,0.02796199686869353,-20.5,2011-08-11,-0.0009799637300749175,ENTERED,0.37351465981217324,0.0,2011
LONG,2011-08-15,2190.0,2189.75,2011-08-15,2205.75,2206.0,{},1,1,NQ,5,fixed_hold,0,0.0,15.75,15.55,0.027993326257177896,16.25,2011-08-12,0.01621558562762493,ENTERED,0.37473805985099135,0.0,2011
LONG,2011-08-16,2203.5,2203.25,2011-08-16,2193.75,2194.0,{},1,1,NQ,5,fixed_hold,0,0.0,-9.75,-9.95,0.028187776762769016,-9.25,2011-08-15,0.08469575906576532,ENTERED,0.37215296753187993,0.0,2011
LONG,2011-08-17,2187.25,2187.0,2011-08-17,2167.25,2167.5,{},1,1,NQ,5,fixed_hold,0,0.0,-20.0,-20.2,0.02734512177359901,-19.5,2011-08-16,0.012226066897346843,ENTERED,0.3851151509354833,0.0,2011
LONG,2011-08-18,2169.25,2169.0,2011-08-18,2085.0,2085.25,{},1,1,NQ,5,fixed_hold,0,0.0,-84.25,-84.45,0.027289532908693508,-83.75,2011-08-17,0.04194207426991947,ENTERED,0.38589963171681596,0.0,2011
SHORT,2011-08-19,2073.25,2073.5,2011-08-19,2042.75,2042.5,{},1,1,NQ,5,fixed_hold,0,0.0,30.5,30.3,0.027932285472901656,31.0,2011-08-18,-0.03382369975674748,ENTERED,0.3785670711086795,0.0,2011
SHORT,2011-08-22,2033.25,2033.5,2011-08-22,2044.5,2044.25,{},1,1,NQ,5,fixed_hold,0,0.0,-11.25,-11.45,0.027941198744826964,-10.75,2011-08-19,-0.062105383997244856,ENTERED,0.3784463078129607,0.0,2011
SHORT,2011-08-23,2041.5,2041.75,2011-08-23,2126.25,2126.0,{},1,1,NQ,5,fixed_hold,0,0.0,-84.75,-84.95,0.027773199846038082,-84.25,2011-08-22,-0.07332275611967343,ENTERED,0.38283512836619393,0.0,2011
SHORT,2011-08-24,2117.75,2118.0,2011-08-24,2138.0,2137.75,{},1,1,NQ,5,fixed_hold,0,0.0,-20.25,-20.45,0.029727454569915306,-19.75,2011-08-23,-0.030993618960801994,ENTERED,0.3576679094132155,0.0,2011
SHORT,2011-08-25,2118.25,2118.5,2011-08-25,2110.25,2110.0,{},1,1,NQ,5,fixed_hold,0,0.0,8.0,7.8,0.029433329672725012,8.5,2011-08-24,-0.013725490196078272,ENTERED,0.36167990170894676,0.0,2011
LONG,2011-08-26,2118.25,2118.0,2011-08-26,2165.25,2165.5,{},1,1,NQ,5,fixed_hold,0,0.0,47.0,46.8,0.02938346698002887,47.5,2011-08-25,0.021063548134724996,ENTERED,0.3622936595682743,0.0,2011
LONG,2011-08-29,2168.0,2167.75,2011-08-29,2220.25,2220.5,{},1,1,NQ,5,fixed_hold,0,0.0,52.25,52.05,0.030167769756579664,52.75,2011-08-26,0.06985413514850936,ENTERED,0.3537270847163528,0.0,2011
LONG,2011-08-30,2219.5,2219.25,2011-08-30,2222.5,2222.75,{},1,1,NQ,5,fixed_hold,0,0.0,3.0,2.8,0.03057682904474114,3.5,2011-08-29,0.09608748197372208,ENTERED,0.34899489521214416,0.0,2011
LONG,2011-08-31,2223.75,2223.5,2011-08-31,2243.25,2243.5,{},1,1,NQ,5,fixed_hold,0,0.0,19.5,19.3,0.0300290526079205,20.0,2011-08-30,0.055008127899827564,ENTERED,0.35588403297298377,0.0,2011
LONG,2011-09-01,2243.25,2243.0,2011-09-01,2218.75,2219.0,{},1,1,NQ,5,fixed_hold,0,0.0,-24.5,-24.7,0.03003118859582505,-24.0,2011-08-31,0.05900401227283436,ENTERED,0.35585872048868344,0.0,2011
LONG,2011-09-02,2216.25,2216.0,2011-09-02,2165.5,2165.75,{},1,1,NQ,5,fixed_hold,0,0.0,-50.75,-50.95,0.028466817134220924,-50.25,2011-09-01,0.05165876777251155,ENTERED,0.37601415637623975,0.0,2011
LONG,2011-09-05,2158.75,2158.5,2011-09-05,2115.75,2116.0,{},1,1,NQ,5,fixed_hold,0,0.0,-43.0,-43.2,0.02898710899790734,-42.5,2011-09-02,0.0001154467790349667,ENTERED,0.36926504917111647,0.0,2011
SHORT,2011-09-06,2116.75,2117.0,2011-09-06,2169.25,2169.0,{},1,1,NQ,5,fixed_hold,0,0.0,-52.5,-52.7,0.026927876661234678,-52.0,2011-09-05,-0.04706147264129701,ENTERED,0.3975402050817735,0.0,2011
SHORT,2011-09-07,2169.75,2170.0,2011-09-07,2225.5,2225.25,{},1,1,NQ,5,fixed_hold,0,0.0,-55.75,-55.95,0.023195708891904095,-55.25,2011-09-06,-0.024181756832752144,ENTERED,0.4615040506074048,0.0,2011
SHORT,2011-09-08,2228.25,2228.5,2011-09-08,2214.75,2214.5,{},1,1,NQ,5,fixed_hold,0,0.0,13.5,13.3,0.02171298470728129,14.0,2011-09-07,-0.008134611098729816,ENTERED,0.4950202684714919,0.0,2011
SHORT,2011-09-09,2210.5,2210.75,2011-09-09,2169.5,2169.25,{},1,1,NQ,5,fixed_hold,0,0.0,41.0,40.8,0.020298410092677195,41.5,2011-09-08,-0.002027940513744997,ENTERED,0.5295177045907323,0.0,2011
LONG,2011-09-12,2151.75,2151.5,2011-09-12,2196.5,2196.75,{},1,1,NQ,5,fixed_hold,0,0.0,44.75,44.55,0.020818820842085577,45.25,2011-09-09,0.0016160683366035489,ENTERED,0.5170368349103667,0.0,2011
LONG,2011-09-13,2196.0,2195.75,2011-09-13,2212.25,2212.5,{},1,1,NQ,5,fixed_hold,0,0.0,16.25,16.05,0.02080959640368431,16.75,2011-09-12,0.038161625708884594,ENTERED,0.5172660260173105,0.0,2011
LONG,2011-09-14,2208.5,2208.25,2011-09-14,2241.5,2241.75,{},1,1,NQ,5,fixed_hold,0,0.0,33.0,32.8,0.02081285682289377,33.5,2011-09-13,0.020055325034577853,ENTERED,0.5196769869440306,0.0,2011
LONG,2011-09-15,2248.25,2248.0,2011-09-15,2288.75,2289.0,{},1,1,NQ,5,fixed_hold,0,0.0,40.5,40.3,0.020739830223822264,41.0,2011-09-14,0.007414897202561388,ENTERED,0.5215068111307619,0.0,2011
LONG,2011-09-16,2283.0,2282.75,2011-09-16,2306.75,2307.0,{},1,1,NQ,5,fixed_hold,0,0.0,23.75,23.55,0.01881514147429715,24.25,2011-09-15,0.033641905622036505,ENTERED,0.5755024717955571,0.0,2011
LONG,2011-09-19,2280.5,2280.25,2011-09-19,2299.75,2300.0,{},1,1,NQ,5,fixed_hold,0,0.0,19.25,19.05,0.017810641670041292,19.75,2011-09-16,0.0635012100956549,ENTERED,0.6079601524887682,0.0,2011
LONG,2011-09-20,2291.5,2291.25,2011-09-20,2298.75,2299.0,{},1,1,NQ,5,fixed_hold,0,0.0,7.25,7.05,0.01776102374748759,7.75,2011-09-19,0.05928380134475941,ENTERED,0.6098159591787491,0.0,2011
LONG,2011-09-21,2300.0,2299.75,2011-09-21,2246.5,2246.75,{},1,1,NQ,5,fixed_hold,0,0.0,-53.5,-53.7,0.01603800216920522,-53.0,2011-09-20,0.05128585737142233,ENTERED,0.6753307312407869,0.0,2011
LONG,2011-09-22,2246.0,2245.75,2011-09-22,2185.25,2185.5,{},1,1,NQ,5,fixed_hold,0,0.0,-60.75,-60.95,0.017199049711520142,-60.25,2011-09-21,0.013987735390104561,ENTERED,0.6312477252563718,0.0,2011
SHORT,2011-09-23,2187.75,2188.0,2011-09-23,2203.75,2203.5,{},1,1,NQ,5,fixed_hold,0,0.0,-16.0,-16.2,0.018483272298925223,-15.5,2011-09-22,-0.03401552133734842,ENTERED,0.5873884684152849,0.0,2011
SHORT,2011-09-26,2223.0,2223.25,2011-09-26,2224.75,2224.5,{},1,1,NQ,5,fixed_hold,0,0.0,-1.75,-1.95,0.017683180523322073,-1.25,2011-09-23,-0.03365859006687866,ENTERED,0.6173086963684769,0.0,2011
SHORT,2011-09-27,2221.75,2222.0,2011-09-27,2253.25,2253.0,{},1,1,NQ,5,fixed_hold,0,0.0,-31.5,-31.7,0.016897886987294483,-31.0,2011-09-26,-0.03282608695652178,ENTERED,0.645996811595918,0.0,2011
SHORT,2011-09-28,2249.25,2249.5,2011-09-28,2216.0,2215.75,{},1,1,NQ,5,fixed_hold,0,0.0,33.25,33.05,0.0171100003199216,33.75,2011-09-27,-0.020008699434536648,ENTERED,0.639053347297428,0.0,2011
SHORT,2011-09-29,2213.0,2213.25,2011-09-29,2196.25,2196.0,{},1,1,NQ,5,fixed_hold,0,0.0,16.75,16.55,0.017452851542287956,17.25,2011-09-28,-0.013797707800155767,ENTERED,0.6264995121406137,0.0,2011
LONG,2011-09-30,2193.5,2193.25,2011-09-30,2123.25,2123.5,{},1,1,NQ,5,fixed_hold,0,0.0,-70.25,-70.45,0.01739177945382273,-69.75,2011-09-29,0.0048043925875087545,ENTERED,0.6302568829886215,0.0,2011
SHORT,2011-10-03,2129.25,2129.5,2011-10-03,2062.75,2062.5,{},1,1,NQ,5,fixed_hold,0,0.0,66.5,66.3,0.01815249976980144,67.0,2011-09-30,-0.03630587701384158,ENTERED,0.6038445859906909,0.0,2011
SHORT,2011-10-04,2065.0,2065.25,2011-10-04,2117.25,2117.0,{},1,1,NQ,5,fixed_hold,0,0.0,-52.25,-52.45,0.018572466794103907,-51.75,2011-10-03,-0.07282535401213763,ENTERED,0.591790359231231,0.0,2011
SHORT,2011-10-05,2120.0,2120.25,2011-10-05,2172.0,2171.75,{},1,1,NQ,5,fixed_hold,0,0.0,-52.0,-52.2,0.018674554354565828,-51.5,2011-10-04,-0.060363959165556924,ENTERED,0.5885552387067067,0.0,2011
SHORT,2011-10-06,2153.5,2153.75,2011-10-06,2207.5,2207.25,{},1,1,NQ,5,fixed_hold,0,0.0,-54.0,-54.2,0.018669238048265688,-53.5,2011-10-05,-0.019857835947196034,ENTERED,0.5907844436096468,0.0,2011
LONG,2011-10-07,2206.5,2206.25,2011-10-07,2204.25,2204.5,{},1,1,NQ,5,fixed_hold,0,0.0,-2.25,-2.45,0.019006218562634233,-1.75,2011-10-06,0.0051229508196724005,ENTERED,0.5803098273658924,0.0,2011
LONG,2011-10-10,2217.75,2217.5,2011-10-10,2273.5,2273.75,{},1,1,NQ,5,fixed_hold,0,0.0,55.75,55.55,0.01836242858478847,56.25,2011-10-07,0.03814457263951043,ENTERED,0.601040614043584,0.0,2011
LONG,2011-10-11,2274.75,2274.5,2011-10-11,2285.25,2285.5,{},1,1,NQ,5,fixed_hold,0,0.0,10.5,10.3,0.019408066023003063,11.0,2011-10-10,0.10242424242424253,ENTERED,0.5686586875194999,0.0,2011
LONG,2011-10-12,2282.75,2282.5,2011-10-12,2299.0,2299.25,{},1,1,NQ,5,fixed_hold,0,0.0,16.25,16.05,0.019387800556980073,16.75,2011-10-11,0.0795937647614553,ENTERED,0.5694770128412454,0.0,2011
LONG,2011-10-13,2298.5,2298.25,2011-10-13,2329.75,2330.0,{},1,1,NQ,5,fixed_hold,0,0.0,31.25,31.05,0.019242327772760963,31.75,2011-10-12,0.05870841487279832,ENTERED,0.5737822823276154,0.0,2011
LONG,2011-10-14,2327.75,2327.5,2011-10-14,2367.0,2367.25,{},1,1,NQ,5,fixed_hold,0,0.0,39.25,39.05,0.018915266156408973,39.75,2011-10-13,0.055612187110658295,ENTERED,0.5838604131759265,0.0,2011
LONG,2011-10-17,2370.5,2370.25,2011-10-17,2313.5,2313.75,{},1,1,NQ,5,fixed_hold,0,0.0,-57.0,-57.2,0.019141748970599472,-56.5,2011-10-14,0.07382626445906104,ENTERED,0.5769522487405023,0.0,2011
LONG,2011-10-18,2320.5,2320.25,2011-10-18,2340.0,2340.25,{},1,1,NQ,5,fixed_hold,0,0.0,19.5,19.3,0.01983708890869276,20.0,2011-10-17,0.017592083562396832,ENTERED,0.5575975483936236,0.0,2011
LONG,2011-10-19,2341.5,2341.25,2011-10-19,2319.5,2319.75,{},1,1,NQ,5,fixed_hold,0,0.0,-22.0,-22.2,0.01998561171776733,-21.5,2011-10-18,0.023955370816013843,ENTERED,0.5534537695896509,0.0,2011
LONG,2011-10-20,2320.75,2320.5,2011-10-20,2297.25,2297.5,{},1,1,NQ,5,fixed_hold,0,0.0,-23.5,-23.7,0.019343636713441036,-23.0,2011-10-19,0.008915950853539023,ENTERED,0.5742239729260797,0.0,2011
SHORT,2011-10-21,2300.5,2300.75,2011-10-21,2334.75,2334.5,{},1,1,NQ,5,fixed_hold,0,0.0,-34.25,-34.45,0.01832411942429975,-33.75,2011-10-20,-0.01394849785407748,ENTERED,0.6061726442200023,0.0,2011
SHORT,2011-10-24,2331.75,2332.0,2011-10-24,2372.25,2372.0,{},1,1,NQ,5,fixed_hold,0,0.0,-40.5,-40.7,0.01853336905639784,-40.0,2011-10-21,-0.013834618227901663,ENTERED,0.599553445245918,0.0,2011
LONG,2011-10-25,2371.25,2371.0,2011-10-25,2324.0,2324.25,{},1,1,NQ,5,fixed_hold,0,0.0,-47.25,-47.45,0.018710229329642548,-46.75,2011-10-24,0.025175580767152983,ENTERED,0.5938861076477089,0.0,2011
SHORT,2011-10-26,2322.75,2323.0,2011-10-26,2339.5,2339.25,{},1,1,NQ,5,fixed_hold,0,0.0,-16.75,-16.95,0.019277802607106157,-16.25,2011-10-25,-0.006836876402093628,ENTERED,0.5770818516979972,0.0,2011
LONG,2011-10-27,2335.0,2334.75,2011-10-27,2397.0,2397.25,{},1,1,NQ,5,fixed_hold,0,0.0,62.0,61.8,0.01881090953352608,62.5,2011-10-26,0.008406078241189885,ENTERED,0.5914052164968312,0.0,2011
LONG,2011-10-28,2399.0,2398.75,2011-10-28,2399.5,2399.75,{},1,1,NQ,5,fixed_hold,0,0.0,0.5,0.3,0.019204186286696807,1.0,2011-10-27,0.043416757344939994,ENTERED,0.5801801683585549,0.0,2011
LONG,2011-10-31,2386.75,2386.5,2011-10-31,2345.5,2345.75,{},1,1,NQ,5,fixed_hold,0,0.0,-41.25,-41.45,0.017089687224912404,-40.75,2011-10-28,0.027950310559005986,ENTERED,0.6519655910824848,0.0,2011
SHORT,2011-11-01,2347.25,2347.5,2011-11-01,2310.0,2309.75,{},1,1,NQ,5,fixed_hold,0,0.0,37.25,37.05,0.016464060505790537,37.75,2011-10-31,-0.011066610455312431,ENTERED,0.6782066002858252,0.0,2011
SHORT,2011-11-02,2298.25,2298.5,2011-11-02,2322.75,2322.5,{},1,1,NQ,5,fixed_hold,0,0.0,-24.5,-24.7,0.016464148733319254,-24.0,2011-11-01,-0.006238571582230956,ENTERED,0.6782029659350142,0.0,2011
SHORT,2011-11-03,2307.5,2307.75,2011-11-03,2362.75,2362.5,{},1,1,NQ,5,fixed_hold,0,0.0,-55.25,-55.45,0.01568456680600346,-54.75,2011-11-02,-0.007160414662819359,ENTERED,0.7123879523778059,0.0,2011
SHORT,2011-11-04,2361.5,2361.75,2011-11-04,2353.25,2353.0,{},1,1,NQ,5,fixed_hold,0,0.0,8.25,8.05,0.015723593737322315,8.75,2011-11-03,-0.014495776410470174,ENTERED,0.7106197614569328,0.0,2011
SHORT,2011-11-07,2357.0,2357.25,2011-11-07,2377.75,2377.5,{},1,1,NQ,5,fixed_hold,0,0.0,-20.75,-20.95,0.01578002864822705,-20.25,2011-11-04,-0.0194811959579122,ENTERED,0.712040839500694,0.0,2011
LONG,2011-11-08,2372.0,2371.75,2011-11-08,2396.25,2396.5,{},1,1,NQ,5,fixed_hold,0,0.0,24.25,24.05,0.01446020686879286,24.75,2011-11-07,0.01353511670041585,ENTERED,0.7770307124912228,0.0,2011
LONG,2011-11-09,2396.0,2395.75,2011-11-09,2314.5,2314.75,{},1,1,NQ,5,fixed_hold,0,0.0,-81.5,-81.7,0.014503066304439007,-81.0,2011-11-08,0.037558177291914685,ENTERED,0.7773793363587079,0.0,2011
SHORT,2011-11-10,2309.0,2309.25,2011-11-10,2309.0,2308.75,{},1,1,NQ,5,fixed_hold,0,0.0,-0.0,-0.2,0.016609992831213137,0.5,2011-11-09,-0.0033369214208825992,ENTERED,0.6787711574278682,0.0,2011
SHORT,2011-11-11,2307.5,2307.75,2011-11-11,2353.0,2352.75,{},1,1,NQ,5,fixed_hold,0,0.0,-45.5,-45.7,0.016338512586266393,-45.0,2011-11-10,-0.022751322751322745,ENTERED,0.6905329126099239,0.0,2011
SHORT,2011-11-14,2362.5,2362.75,2011-11-14,2342.25,2342.0,{},1,1,NQ,5,fixed_hold,0,0.0,20.25,20.05,0.016513420545305378,20.75,2011-11-11,-0.00010624734381659007,ENTERED,0.6832188796351999,0.0,2011
SHORT,2011-11-15,2343.5,2343.75,2011-11-15,2363.0,2362.75,{},1,1,NQ,5,fixed_hold,0,0.0,-19.5,-19.7,0.015696814343797855,-19.0,2011-11-14,-0.01493165089379589,ENTERED,0.7190069543569638,0.0,2011
SHORT,2011-11-16,2360.25,2360.5,2011-11-16,2310.75,2310.5,{},1,1,NQ,5,fixed_hold,0,0.0,49.5,49.3,0.015614016337245209,50.0,2011-11-15,-0.014083037763405137,ENTERED,0.7228197044676602,0.0,2011
SHORT,2011-11-17,2310.75,2311.0,2011-11-17,2270.0,2269.75,{},1,1,NQ,5,fixed_hold,0,0.0,40.75,40.55,0.016305347064820046,41.25,2011-11-16,-0.001836051409439543,ENTERED,0.6929140020053355,0.0,2011
SHORT,2011-11-18,2263.25,2263.5,2011-11-18,2251.25,2251.0,{},1,1,NQ,5,fixed_hold,0,0.0,12.0,11.8,0.01664817925200033,12.5,2011-11-17,-0.016892257715214076,ENTERED,0.6786449807964973,0.0,2011
SHORT,2011-11-21,2239.5,2239.75,2011-11-21,2209.75,2209.5,{},1,1,NQ,5,fixed_hold,0,0.0,29.75,29.55,0.01625799782345895,30.25,2011-11-18,-0.04324726384018707,ENTERED,0.6958550920291439,0.0,2011
SHORT,2011-11-22,2213.5,2213.75,2011-11-22,2214.25,2214.0,{},1,1,NQ,5,fixed_hold,0,0.0,-0.75,-0.95,0.0161043261905281,-0.25,2011-11-21,-0.05657557643040145,ENTERED,0.7024951207400787,0.0,2011
SHORT,2011-11-23,2216.0,2216.25,2011-11-23,2166.25,2166.0,{},1,1,NQ,5,fixed_hold,0,0.0,49.75,49.55,0.015649991740667554,50.25,2011-11-22,-0.06295630092053772,ENTERED,0.726097298140101,0.0,2011
SHORT,2011-11-24,2167.0,2167.25,2011-11-24,2157.5,2157.25,{},1,1,NQ,5,fixed_hold,0,0.0,9.5,9.3,0.016079326945072327,10.0,2011-11-23,-0.06254057563297988,ENTERED,0.7067097247062347,0.0,2011
SHORT,2011-11-25,2158.25,2158.5,2011-11-25,2149.75,2149.5,{},1,1,NQ,5,fixed_hold,0,0.0,8.5,8.3,0.014614358811826185,9.0,2011-11-24,-0.0495649300583767,ENTERED,0.7803724511361549,0.0,2011
SHORT,2011-11-28,2180.75,2181.0,2011-11-28,2222.5,2222.25,{},1,1,NQ,5,fixed_hold,0,0.0,-41.75,-41.95,0.014547440146932815,-41.25,2011-11-25,-0.04509107063527329,ENTERED,0.7839621880260921,0.0,2011
SHORT,2011-11-29,2220.25,2220.5,2011-11-29,2205.75,2205.5,{},1,1,NQ,5,fixed_hold,0,0.0,14.5,14.3,0.014926137647847384,15.0,2011-11-28,-0.008755723144991512,ENTERED,0.7659195876583517,0.0,2011
SHORT,2011-11-30,2204.75,2205.0,2011-11-30,2296.25,2296.0,{},1,1,NQ,5,fixed_hold,0,0.0,-91.5,-91.7,0.014695296294739186,-91.0,2011-11-29,-0.018226671835723574,ENTERED,0.7779510506816881,0.0,2011
LONG,2011-12-01,2294.75,2294.5,2011-12-01,2309.5,2309.75,{},1,1,NQ,5,fixed_hold,0,0.0,14.75,14.55,0.017623777675943277,15.25,2011-11-30,0.044708709441017014,ENTERED,0.6487548950014695,0.0,2011
LONG,2011-12-02,2310.25,2310.0,2011-12-02,2304.5,2304.75,{},1,1,NQ,5,fixed_hold,0,0.0,-5.75,-5.95,0.017180728241655865,-5.25,2011-12-01,0.05522794045797075,ENTERED,0.665484714900762,0.0,2011
LONG,2011-12-05,2315.0,2314.75,2011-12-05,2325.25,2325.5,{},1,1,NQ,5,fixed_hold,0,0.0,10.25,10.05,0.017172625517787355,10.75,2011-12-02,0.05674002751031626,ENTERED,0.6661905146464777,0.0,2011
LONG,2011-12-06,2323.25,2323.0,2011-12-06,2322.75,2323.0,{},1,1,NQ,5,fixed_hold,0,0.0,-0.5,-0.7,0.01712347346872918,0.0,2011-12-05,0.04646191922600984,ENTERED,0.6681027802226058,0.0,2011
LONG,2011-12-07,2326.0,2325.75,2011-12-07,2327.5,2327.75,{},1,1,NQ,5,fixed_hold,0,0.0,1.5,1.3,0.016972953965218696,2.0,2011-12-06,0.05327590115620051,ENTERED,0.674398520890148,0.0,2011
LONG,2011-12-08,2324.0,2323.75,2011-12-08,2274.25,2274.5,{},1,1,NQ,5,fixed_hold,0,0.0,-49.75,-49.95,0.015224441234092957,-49.25,2011-12-07,0.01382839721254392,ENTERED,0.7518525555898355,0.0,2011
SHORT,2011-12-09,2279.25,2279.5,2011-12-09,2324.0,2323.75,{},1,1,NQ,5,fixed_hold,0,0.0,-44.75,-44.95,0.01603647710506871,-44.25,2011-12-08,-0.015261391925533108,ENTERED,0.7137858249409389,0.0,2011
LONG,2011-12-12,2318.75,2318.5,2011-12-12,2289.5,2289.75,{},1,1,NQ,5,fixed_hold,0,0.0,-29.25,-29.45,0.016219769655358998,-28.75,2011-12-09,0.008243844234732567,ENTERED,0.7057196423135391,0.0,2011
SHORT,2011-12-13,2292.5,2292.75,2011-12-13,2266.75,2266.5,{},1,1,NQ,5,fixed_hold,0,0.0,25.75,25.55,0.016482969735499963,26.25,2011-12-12,-0.015373038056331834,ENTERED,0.6975558504300383,0.0,2011
SHORT,2011-12-14,2265.0,2265.25,2011-12-14,2227.0,2226.75,{},1,1,NQ,5,fixed_hold,0,0.0,38.0,37.8,0.01638835352285883,38.5,2011-12-13,-0.024321997417132923,ENTERED,0.7015831062847095,0.0,2011
SHORT,2011-12-15,2226.75,2227.0,2011-12-15,2223.25,2223.0,{},1,1,NQ,5,fixed_hold,0,0.0,3.5,3.3,0.01613264516027247,4.0,2011-12-14,-0.04338953925464506,ENTERED,0.7153887974859783,0.0,2011
SHORT,2011-12-16,2225.75,2226.0,2011-12-16,2233.0,2232.75,{},1,1,NQ,5,fixed_hold,0,0.0,-7.25,-7.45,0.01573150264937494,-6.75,2011-12-15,-0.022642338975598975,ENTERED,0.7336307203898206,0.0,2011
SHORT,2011-12-19,2233.75,2234.0,2011-12-19,2216.0,2215.75,{},1,1,NQ,5,fixed_hold,0,0.0,17.75,17.55,0.015705936481783103,18.25,2011-12-16,-0.039160839160839234,ENTERED,0.7350503981667252,0.0,2011
SHORT,2011-12-20,2220.25,2220.5,2011-12-20,2268.25,2268.0,{},1,1,NQ,5,fixed_hold,0,0.0,-48.0,-48.2,0.01525415640350867,-47.5,2011-12-19,-0.03231793863958954,ENTERED,0.7568202763320646,0.0,2011
LONG,2011-12-21,2267.25,2267.0,2011-12-21,2240.75,2241.0,{},1,1,NQ,5,fixed_hold,0,0.0,-26.5,-26.7,0.016173954988985217,-26.0,2011-12-20,0.0006618133686300265,ENTERED,0.7138171133704432,0.0,2011
LONG,2011-12-22,2242.0,2241.75,2011-12-22,2263.5,2263.75,{},1,1,NQ,5,fixed_hold,0,0.0,21.5,21.3,0.01560281072102874,22.0,2011-12-21,0.006399461098012704,ENTERED,0.7399465435071106,0.0,2011
LONG,2011-12-23,2267.5,2267.25,2011-12-23,2279.25,2279.5,{},1,1,NQ,5,fixed_hold,0,0.0,11.75,11.55,0.015679770075055593,12.25,2011-12-22,0.018331084120557728,ENTERED,0.7365303010890967,0.0,2011
LONG,2011-12-27,2280.25,2280.0,2011-12-27,2284.0,2284.25,{},1,1,NQ,5,fixed_hold,0,0.0,3.75,3.55,0.015666291357876564,4.25,2011-12-23,0.020938304781099593,ENTERED,0.7371639854369353,0.0,2011
LONG,2011-12-28,2282.5,2282.25,2011-12-28,2265.0,2265.25,{},1,1,NQ,5,fixed_hold,0,0.0,-17.5,-17.7,0.01517269160378167,-17.0,2011-12-27,0.030915040054157794,ENTERED,0.7623711952214053,0.0,2011
SHORT,2011-12-29,2264.75,2265.0,2011-12-29,2279.5,2279.25,{},1,1,NQ,5,fixed_hold,0,0.0,-14.75,-14.95,0.015198099500737049,-14.25,2011-12-28,-0.0012125220458550912,ENTERED,0.7610966773931074,0.0,2011
LONG,2011-12-30,2279.5,2279.25,2011-12-30,2274.5,2274.75,{},1,1,NQ,5,fixed_hold,0,0.0,-5.0,-5.2,0.012102975436134035,-4.5,2011-12-29,0.017068273092369468,ENTERED,0.9562265100980015,0.0,2011
LONG,2012-01-03,2312.75,2312.5,2012-01-03,2317.5,2317.75,{},1,1,NQ,5,fixed_hold,0,0.0,4.75,4.55,0.012015997187177559,5.25,2011-12-30,0.004859193815571317,ENTERED,0.9631481917660731,0.0,2012
LONG,2012-01-04,2317.25,2317.0,2012-01-04,2328.5,2328.75,{},1,1,NQ,5,fixed_hold,0,0.0,11.25,11.05,0.01202835611536874,11.75,2012-01-03,0.0001817491982001318,ENTERED,0.9626941065271492,0.0,2012
LONG,2012-01-05,2328.0,2327.75,2012-01-05,2339.75,2340.0,{},1,1,NQ,5,fixed_hold,0,0.0,11.75,11.55,0.011888696159255075,12.25,2012-01-04,0.0028388879193301797,ENTERED,0.9740031529412758,0.0,2012
LONG,2012-01-06,2343.0,2342.75,2012-01-06,2353.75,2354.0,{},1,1,NQ,5,fixed_hold,0,0.0,10.75,10.55,0.01195169867768795,11.25,2012-01-05,0.016135561673581877,ENTERED,0.9768139401302196,0.0,2012
LONG,2012-01-09,2346.25,2346.0,2012-01-09,2348.0,2348.25,{},1,1,NQ,5,fixed_hold,0,0.0,1.75,1.55,0.012026140140928865,2.25,2012-01-06,0.015936180998372906,ENTERED,0.9707674898007457,0.0,2012
LONG,2012-01-10,2352.0,2351.75,2012-01-10,2357.75,2358.0,{},1,1,NQ,5,fixed_hold,0,0.0,5.75,5.55,0.010803541490807554,6.25,2012-01-09,0.015459459459459701,ENTERED,1.0806258194625433,0.0,2012
LONG,2012-01-11,2357.5,2357.25,2012-01-11,2367.25,2367.5,{},1,1,NQ,5,fixed_hold,0,0.0,9.75,9.55,0.009678156858137311,10.25,2012-01-10,0.01736597993743927,ENTERED,1.196470331408116,0.0,2012
LONG,2012-01-12,2367.5,2367.25,2012-01-12,2380.25,2380.5,{},1,1,NQ,5,fixed_hold,0,0.0,12.75,12.55,0.009079063941515347,13.25,2012-01-11,0.016639828234030984,ENTERED,1.2754208603516646,0.0,2012
LONG,2012-01-13,2381.0,2380.75,2012-01-13,2374.5,2374.75,{},1,1,NQ,5,fixed_hold,0,0.0,-6.5,-6.7,0.008745655549680494,-6.0,2012-01-12,0.017307692307692246,ENTERED,1.3233068575996103,0.0,2012
LONG,2012-01-16,2370.0,2369.75,2012-01-16,2383.25,2383.5,{},1,1,NQ,5,fixed_hold,0,0.0,13.25,13.05,0.007572806281917263,13.75,2012-01-13,0.008814783347493416,ENTERED,1.52825591098657,0.0,2012
LONG,2012-01-17,2384.0,2383.75,2012-01-17,2391.5,2391.75,{},1,1,NQ,5,fixed_hold,0,0.0,7.5,7.3,0.007514432452489241,8.0,2012-01-16,0.01501117853720868,ENTERED,1.5393342219569808,0.0,2012
LONG,2012-01-18,2393.5,2393.25,2012-01-18,2421.25,2421.5,{},1,1,NQ,5,fixed_hold,0,0.0,27.75,27.55,0.007506307617009717,28.25,2012-01-17,0.014312977099236512,ENTERED,1.5410003989829608,0.0,2012
LONG,2012-01-19,2421.25,2421.0,2012-01-19,2428.5,2428.75,{},1,1,NQ,5,fixed_hold,0,0.0,7.25,7.05,0.007402151425704247,7.75,2012-01-18,0.0228088701161564,ENTERED,1.5601715109860452,0.0,2012
LONG,2012-01-20,2428.75,2428.5,2012-01-20,2435.5,2435.75,{},1,1,NQ,5,fixed_hold,0,0.0,6.75,6.55,0.00572622264001346,7.25,2012-01-19,0.020268851081705286,ENTERED,2.016796499264541,0.0,2012
LONG,2012-01-23,2428.25,2428.0,2012-01-23,2434.0,2434.25,{},1,1,NQ,5,fixed_hold,0,0.0,5.75,5.55,0.004595032304294714,6.25,2012-01-20,0.025686914412043516,ENTERED,2.512549444153031,0.0,2012
LONG,2012-01-24,2436.5,2436.25,2012-01-24,2462.75,2463.0,{},1,1,NQ,5,fixed_hold,0,0.0,26.25,26.05,0.004383218211997637,26.75,2012-01-23,0.021292217327459673,ENTERED,2.6339655713282863,0.0,2012
LONG,2012-01-25,2461.5,2461.25,2012-01-25,2458.75,2459.0,{},1,1,NQ,5,fixed_hold,0,0.0,-2.75,-2.95,0.004743779728934735,-2.25,2012-01-24,0.029789902790843703,ENTERED,2.4336405828667003,0.0,2012
LONG,2012-01-26,2457.25,2457.0,2012-01-26,2453.25,2453.5,{},1,1,NQ,5,fixed_hold,0,0.0,-4.0,-4.2,0.004855228873906786,-3.5,2012-01-25,0.015486268841627293,ENTERED,2.3777776834702538,0.0,2012
LONG,2012-01-27,2451.25,2451.0,2012-01-27,2455.25,2455.5,{},1,1,NQ,5,fixed_hold,0,0.0,4.0,3.8,0.004272642415560938,4.5,2012-01-26,0.010190427174472605,ENTERED,2.701165344294351,0.0,2012
LONG,2012-01-30,2455.75,2455.5,2012-01-30,2463.0,2463.25,{},1,1,NQ,5,fixed_hold,0,0.0,7.25,7.05,0.004242821240668213,7.75,2012-01-27,0.008108385507544114,ENTERED,2.720150806932811,0.0,2012
LONG,2012-01-31,2463.25,2463.0,2012-01-31,2456.0,2456.25,{},1,1,NQ,5,fixed_hold,0,0.0,-7.25,-7.45,0.004083833044593673,-6.75,2012-01-30,0.011913320324535404,ENTERED,2.815441240106634,0.0,2012
SHORT,2012-02-01,2455.5,2455.75,2012-02-01,2489.5,2489.25,{},1,1,NQ,5,fixed_hold,0,0.0,-34.0,-34.2,0.004297529804688073,-33.5,2012-01-31,-0.0027405602923262773,ENTERED,2.67544205485593,0.0,2012
LONG,2012-02-02,2490.0,2489.75,2012-02-02,2491.75,2492.0,{},1,1,NQ,5,fixed_hold,0,0.0,1.75,1.55,0.004890665656500831,2.25,2012-02-01,0.012301748678324564,ENTERED,2.3405014457229854,0.0,2012
LONG,2012-02-03,2492.0,2491.75,2012-02-03,2523.25,2523.5,{},1,1,NQ,5,fixed_hold,0,0.0,31.25,31.05,0.004902215228323715,31.75,2012-02-02,0.015691868758915595,ENTERED,2.3349872468781943,0.0,2012
LONG,2012-02-06,2520.75,2520.5,2012-02-06,2526.5,2526.75,{},1,1,NQ,5,fixed_hold,0,0.0,5.75,5.55,0.00531262670534899,6.25,2012-02-03,0.027692934229281096,ENTERED,2.1545905037436897,0.0,2012
LONG,2012-02-07,2527.0,2526.75,2012-02-07,2528.0,2528.25,{},1,1,NQ,5,fixed_hold,0,0.0,1.0,0.8,0.005156339810646344,1.5,2012-02-06,0.025778950573429382,ENTERED,2.2198954044196797,0.0,2012
LONG,2012-02-08,2527.75,2527.5,2012-02-08,2537.0,2537.25,{},1,1,NQ,5,fixed_hold,0,0.0,9.25,9.05,0.005200485947172115,9.75,2012-02-07,0.029312977099236637,ENTERED,2.1998406202302863,0.0,2012
LONG,2012-02-09,2539.75,2539.5,2012-02-09,2559.25,2559.5,{},1,1,NQ,5,fixed_hold,0,0.0,19.5,19.3,0.00519905445329192,20.0,2012-02-08,0.01928291654112635,ENTERED,2.200446318518995,0.0,2012
LONG,2012-02-10,2560.25,2560.0,2012-02-10,2549.0,2549.25,{},1,1,NQ,5,fixed_hold,0,0.0,-11.25,-11.45,0.005316120642778174,-10.75,2012-02-09,0.027086677367575973,ENTERED,2.150724711490132,0.0,2012
LONG,2012-02-13,2559.0,2558.75,2012-02-13,2568.0,2568.25,{},1,1,NQ,5,fixed_hold,0,0.0,9.0,8.8,0.005422292628396473,9.5,2012-02-10,0.010204081632652962,ENTERED,2.108612134986717,0.0,2012
LONG,2012-02-14,2564.75,2564.5,2012-02-14,2576.0,2576.25,{},1,1,NQ,5,fixed_hold,0,0.0,11.25,11.05,0.0054916845448819,11.75,2012-02-13,0.016424260413574476,ENTERED,2.081733045505242,0.0,2012
LONG,2012-02-15,2576.5,2576.25,2012-02-15,2552.25,2552.5,{},1,1,NQ,5,fixed_hold,0,0.0,-24.25,-24.45,0.005493201784589509,-23.75,2012-02-14,0.018985464253930218,ENTERED,2.0811580642536627,0.0,2012
LONG,2012-02-16,2550.5,2550.25,2012-02-16,2593.5,2593.75,{},1,1,NQ,5,fixed_hold,0,0.0,43.0,42.8,0.005812862371780909,43.5,2012-02-15,0.006010444378756308,ENTERED,1.9619668036754119,0.0,2012
LONG,2012-02-17,2593.25,2593.0,2012-02-17,2582.0,2582.25,{},1,1,NQ,5,fixed_hold,0,0.0,-11.25,-11.45,0.006552016408879647,-10.75,2012-02-16,0.013381519828091326,ENTERED,1.7406310204461448,0.0,2012
LONG,2012-02-20,2597.0,2596.75,2012-02-20,2584.5,2584.75,{},1,1,NQ,5,fixed_hold,0,0.0,-12.5,-12.7,0.006777619720339595,-12.0,2012-02-17,0.012944983818770295,ENTERED,1.6766087782576624,0.0,2012
LONG,2012-02-21,2585.25,2585.0,2012-02-21,2590.75,2591.0,{},1,1,NQ,5,fixed_hold,0,0.0,5.5,5.3,0.006742970307727602,6.0,2012-02-20,0.006424608196242687,ENTERED,1.685224196492585,0.0,2012
LONG,2012-02-22,2591.5,2591.25,2012-02-22,2578.25,2578.5,{},1,1,NQ,5,fixed_hold,0,0.0,-13.25,-13.45,0.006418169425192338,-12.75,2012-02-21,0.005725376031052942,ENTERED,1.7626849374288083,0.0,2012
LONG,2012-02-23,2580.25,2580.0,2012-02-23,2602.75,2603.0,{},1,1,NQ,5,fixed_hold,0,0.0,22.5,22.3,0.00656605967668929,23.0,2012-02-22,0.010186092066601482,ENTERED,1.7229832089124335,0.0,2012
LONG,2012-02-24,2604.75,2604.5,2012-02-24,2601.25,2601.5,{},1,1,NQ,5,fixed_hold,0,0.0,-3.5,-3.7,0.006654211480090734,-3.0,2012-02-23,0.0035662650602410473,ENTERED,1.6979026474548342,0.0,2012
LONG,2012-02-27,2603.75,2603.5,2012-02-27,2608.25,2608.5,{},1,1,NQ,5,fixed_hold,0,0.0,4.5,4.3,0.0066852683437818965,5.0,2012-02-24,0.007454739084132189,ENTERED,1.69001492651811,0.0,2012
LONG,2012-02-28,2609.25,2609.0,2012-02-28,2631.25,2631.5,{},1,1,NQ,5,fixed_hold,0,0.0,22.0,21.8,0.006685188096668305,22.5,2012-02-27,0.00918850952703365,ENTERED,1.688227542926647,0.0,2012
LONG,2012-02-29,2632.25,2632.0,2012-02-29,2617.5,2617.75,{},1,1,NQ,5,fixed_hold,0,0.0,-14.75,-14.95,0.0066673907890756785,-14.25,2012-02-28,0.01563103049015835,ENTERED,1.6927339391794418,0.0,2012
LONG,2012-03-01,2623.0,2622.75,2012-03-01,2648.0,2648.25,{},1,1,NQ,5,fixed_hold,0,0.0,25.0,24.8,0.006503552049079753,25.5,2012-02-29,0.015222028311033808,ENTERED,1.734787482096782,0.0,2012
LONG,2012-03-02,2648.5,2648.25,2012-03-02,2643.5,2643.75,{},1,1,NQ,5,fixed_hold,0,0.0,-5.0,-5.2,0.00680179302756376,-4.5,2012-03-01,0.017383787936995798,ENTERED,1.6587215515361655,0.0,2012
LONG,2012-03-05,2641.75,2641.5,2012-03-05,2614.25,2614.5,{},1,1,NQ,5,fixed_hold,0,0.0,-27.5,-27.7,0.0064881015408869026,-27.0,2012-03-02,0.01624063040553536,ENTERED,1.7377015430264,0.0,2012
LONG,2012-03-06,2616.25,2616.0,2012-03-06,2590.5,2590.75,{},1,1,NQ,5,fixed_hold,0,0.0,-25.75,-25.95,0.007148770730124053,-25.25,2012-03-05,0.0023001725129387918,ENTERED,1.5771080769736043,0.0,2012
SHORT,2012-03-07,2594.0,2594.25,2012-03-07,2607.0,2606.75,{},1,1,NQ,5,fixed_hold,0,0.0,-13.0,-13.2,0.007546389519853235,-12.5,2012-03-06,-0.015485464563936624,ENTERED,1.4889272302295777,0.0,2012
SHORT,2012-03-08,2606.5,2606.75,2012-03-08,2636.75,2636.5,{},1,1,NQ,5,fixed_hold,0,0.0,-30.25,-30.45,0.007610950896652472,-29.75,2012-03-07,-0.0042020819405979015,ENTERED,1.476297114329109,0.0,2012
SHORT,2012-03-09,2636.0,2636.25,2012-03-09,2648.25,2648.0,{},1,1,NQ,5,fixed_hold,0,0.0,-12.25,-12.45,0.0077673752972596865,-11.75,2012-03-08,-0.004436892287359662,ENTERED,1.438516358904879,0.0,2012
LONG,2012-03-12,2647.0,2646.75,2012-03-12,2650.75,2651.0,{},1,1,NQ,5,fixed_hold,0,0.0,3.75,3.55,0.007679442241102283,4.25,2012-03-09,0.0016075650118203555,ENTERED,1.454988016064289,0.0,2012
LONG,2012-03-13,2647.0,2646.75,2012-03-13,2693.0,2693.25,{},1,1,NQ,5,fixed_hold,0,0.0,46.0,45.8,0.007569453773292757,46.5,2012-03-12,0.01396060432204993,ENTERED,1.4751440245172451,0.0,2012
LONG,2012-03-14,2692.5,2692.25,2012-03-14,2697.5,2697.75,{},1,1,NQ,5,fixed_hold,0,0.0,5.0,4.8,0.008218467224452743,5.5,2012-03-13,0.039563832866930326,ENTERED,1.3586517044576834,0.0,2012
LONG,2012-03-15,2700.75,2700.5,2012-03-15,2710.5,2710.75,{},1,1,NQ,5,fixed_hold,0,0.0,9.75,9.55,0.007766598134697455,10.25,2012-03-14,0.034909369905054,ENTERED,1.4345905169508082,0.0,2012
LONG,2012-03-16,2710.5,2710.25,2012-03-16,2711.0,2711.25,{},1,1,NQ,5,fixed_hold,0,0.0,0.5,0.3,0.007127449206611393,1.0,2012-03-15,0.02816233643087429,ENTERED,1.5632363991692335,0.0,2012
LONG,2012-03-19,2714.25,2714.0,2012-03-19,2729.75,2730.0,{},1,1,NQ,5,fixed_hold,0,0.0,15.5,15.3,0.006973253907881136,16.0,2012-03-16,0.023885951661631433,ENTERED,1.5953628208782167,0.0,2012
LONG,2012-03-20,2728.5,2728.25,2012-03-20,2735.0,2735.25,{},1,1,NQ,5,fixed_hold,0,0.0,6.5,6.3,0.007032692176690968,7.0,2012-03-19,0.029800075443228824,ENTERED,1.5818792783294813,0.0,2012
LONG,2012-03-21,2734.0,2733.75,2012-03-21,2733.5,2733.75,{},1,1,NQ,5,fixed_hold,0,0.0,-0.5,-0.7,0.007034832481734866,0.0,2012-03-20,0.015594541910331605,ENTERED,1.5795323198708402,0.0,2012
LONG,2012-03-22,2737.0,2736.75,2012-03-22,2733.25,2733.5,{},1,1,NQ,5,fixed_hold,0,0.0,-3.75,-3.95,0.006855659677024729,-3.25,2012-03-21,0.01334445371142623,ENTERED,1.6208134290878005,0.0,2012
LONG,2012-03-23,2733.25,2733.0,2012-03-23,2730.5,2730.75,{},1,1,NQ,5,fixed_hold,0,0.0,-2.75,-2.95,0.006707121020689297,-2.25,2012-03-22,0.008392511297611316,ENTERED,1.6560875955820087,0.0,2012
LONG,2012-03-26,2737.75,2737.5,2012-03-26,2777.75,2778.0,{},1,1,NQ,5,fixed_hold,0,0.0,40.0,39.8,0.006718074884264033,40.5,2012-03-23,0.007192254495159034,ENTERED,1.653387334286573,0.0,2012
LONG,2012-03-27,2778.75,2778.5,2012-03-27,2774.75,2775.0,{},1,1,NQ,5,fixed_hold,0,0.0,-4.0,-4.2,0.007495370573130153,-3.5,2012-03-26,0.01758241758241752,ENTERED,1.475725854356815,0.0,2012
LONG,2012-03-28,2778.25,2778.0,2012-03-28,2767.75,2768.0,{},1,1,NQ,5,fixed_hold,0,0.0,-10.5,-10.7,0.007429980881322731,-10.0,2012-03-27,0.014532492459556012,ENTERED,1.4887134057852727,0.0,2012
LONG,2012-03-29,2769.75,2769.5,2012-03-29,2755.5,2755.75,{},1,1,NQ,5,fixed_hold,0,0.0,-14.25,-14.45,0.007302029246170649,-13.75,2012-03-28,0.012528577960676968,ENTERED,1.5124391783565125,0.0,2012
LONG,2012-03-30,2756.0,2755.75,2012-03-30,2753.5,2753.75,{},1,1,NQ,5,fixed_hold,0,0.0,-2.5,-2.7,0.007162200760988166,-2.0,2012-03-29,0.008139747576367373,ENTERED,1.541966705760122,0.0,2012
LONG,2012-04-02,2762.0,2761.75,2012-04-02,2776.25,2776.5,{},1,1,NQ,5,fixed_hold,0,0.0,14.25,14.05,0.007138894863019203,14.75,2012-03-30,0.008422594525313354,ENTERED,1.546584864828979,0.0,2012
SHORT,2012-04-03,2778.0,2778.25,2012-04-03,2777.5,2777.25,{},1,1,NQ,5,fixed_hold,0,0.0,0.5,0.3,0.00655218116201853,1.0,2012-04-02,-0.0005399568034557545,ENTERED,1.6850734852620397,0.0,2012
LONG,2012-04-04,2776.0,2775.75,2012-04-04,2734.75,2735.0,{},1,1,NQ,5,fixed_hold,0,0.0,-41.25,-41.45,0.005947893025527285,-40.75,2012-04-03,0.0008108108108109136,ENTERED,1.8555420053060423,0.0,2012
SHORT,2012-04-05,2738.0,2738.25,2012-04-05,2756.5,2756.25,{},1,1,NQ,5,fixed_hold,0,0.0,-18.5,-18.7,0.007226566280226736,-18.0,2012-04-04,-0.011921965317919336,ENTERED,1.5272212173755149,0.0,2012
LONG,2012-04-06,2755.25,2755.0,2012-04-06,2725.0,2725.25,{},1,1,NQ,5,fixed_hold,0,0.0,-30.25,-30.45,0.007031486790603923,-29.75,2012-04-05,0.0001814388097614028,ENTERED,1.568586522511747,0.0,2012
SHORT,2012-04-09,2723.75,2724.0,2012-04-09,2731.25,2731.0,{},1,1,NQ,5,fixed_hold,0,0.0,-7.5,-7.7,0.007625535133547029,-7.0,2012-04-06,-0.010349523377213177,ENTERED,1.4463896919756642,0.0,2012
SHORT,2012-04-10,2731.25,2731.5,2012-04-10,2702.25,2702.0,{},1,1,NQ,5,fixed_hold,0,0.0,29.0,28.8,0.00762641578843905,29.5,2012-04-09,-0.016387538267603197,ENTERED,1.4411759207456565,0.0,2012
SHORT,2012-04-11,2702.25,2702.5,2012-04-11,2708.5,2708.25,{},1,1,NQ,5,fixed_hold,0,0.0,-6.25,-6.45,0.007287542413822169,-5.75,2012-04-10,-0.027095148078135067,ENTERED,1.5081911255907596,0.0,2012
SHORT,2012-04-12,2708.0,2708.25,2012-04-12,2735.0,2734.75,{},1,1,NQ,5,fixed_hold,0,0.0,-27.0,-27.2,0.007295833584600355,-26.5,2012-04-11,-0.009780621572212156,ENTERED,1.5024038831324702,0.0,2012
SHORT,2012-04-13,2737.0,2737.25,2012-04-13,2692.0,2691.75,{},1,1,NQ,5,fixed_hold,0,0.0,45.0,44.8,0.007540991490547442,45.5,2012-04-12,-0.007800453514739014,ENTERED,1.4535606785834103,0.0,2012
SHORT,2012-04-16,2690.25,2690.5,2012-04-16,2664.5,2664.25,{},1,1,NQ,5,fixed_hold,0,0.0,25.75,25.55,0.008366261181525923,26.25,2012-04-13,-0.012292450233923335,ENTERED,1.306940189824635,0.0,2012
SHORT,2012-04-17,2663.75,2664.0,2012-04-17,2713.5,2713.25,{},1,1,NQ,5,fixed_hold,0,0.0,-49.75,-49.95,0.008462120327449345,-49.25,2012-04-16,-0.02444159648480404,ENTERED,1.2921351332286897,0.0,2012
LONG,2012-04-18,2718.25,2718.0,2012-04-18,2705.5,2705.75,{},1,1,NQ,5,fixed_hold,0,0.0,-12.75,-12.95,0.009516024427604875,-12.25,2012-04-17,0.004163582531458321,ENTERED,1.1471157098792646,0.0,2012
SHORT,2012-04-19,2702.75,2703.0,2012-04-19,2686.25,2686.0,{},1,1,NQ,5,fixed_hold,0,0.0,16.5,16.3,0.009531211021750356,17.0,2012-04-18,-0.0009231053263177857,ENTERED,1.1452879483614378,0.0,2012
SHORT,2012-04-20,2689.25,2689.5,2012-04-20,2674.25,2674.0,{},1,1,NQ,5,fixed_hold,0,0.0,15.0,14.8,0.009651592907037272,15.5,2012-04-19,-0.017826126702623624,ENTERED,1.1248776353851682,0.0,2012
SHORT,2012-04-23,2670.75,2671.0,2012-04-23,2655.25,2655.0,{},1,1,NQ,5,fixed_hold,0,0.0,15.5,15.3,0.009685856425016529,16.0,2012-04-20,-0.0065942230890684295,ENTERED,1.1208984038755068,0.0,2012
SHORT,2012-04-24,2652.25,2652.5,2012-04-24,2669.75,2669.5,{},1,1,NQ,5,fixed_hold,0,0.0,-17.5,-17.7,0.00875017932029655,-17.0,2012-04-23,-0.0034718964061180024,ENTERED,1.2377981451703115,0.0,2012
SHORT,2012-04-25,2671.5,2671.75,2012-04-25,2706.0,2705.75,{},1,1,NQ,5,fixed_hold,0,0.0,-34.5,-34.7,0.008915930646575747,-34.0,2012-04-24,-0.01612457385054833,ENTERED,1.2147868979589276,0.0,2012
SHORT,2012-04-26,2705.0,2705.25,2012-04-26,2718.0,2717.75,{},1,1,NQ,5,fixed_hold,0,0.0,-13.0,-13.2,0.009560301367749909,-12.5,2012-04-25,-1.1102230246251565e-16,ENTERED,1.1326170597684417,0.0,2012
LONG,2012-04-27,2716.0,2715.75,2012-04-27,2737.75,2738.0,{},1,1,NQ,5,fixed_hold,0,0.0,21.75,21.55,0.009602959213917921,22.25,2012-04-26,0.011820551005212065,ENTERED,1.1275857977140489,0.0,2012
LONG,2012-04-30,2740.0,2739.75,2012-04-30,2720.5,2720.75,{},1,1,NQ,5,fixed_hold,0,0.0,-19.5,-19.7,0.009772144095315334,-19.0,2012-04-27,0.02393418100224376,ENTERED,1.106815722109952,0.0,2012
LONG,2012-05-01,2720.75,2720.5,2012-05-01,2718.0,2718.25,{},1,1,NQ,5,fixed_hold,0,0.0,-2.75,-2.95,0.009646951929911426,-2.25,2012-04-30,0.02476459510357798,ENTERED,1.1211792908268645,0.0,2012
LONG,2012-05-02,2720.75,2720.5,2012-05-02,2728.5,2728.75,{},1,1,NQ,5,fixed_hold,0,0.0,7.75,7.55,0.009642573410870024,8.25,2012-05-01,0.018261846787787972,ENTERED,1.1204002324347127,0.0,2012
LONG,2012-05-03,2728.75,2728.5,2012-05-03,2694.5,2694.75,{},1,1,NQ,5,fixed_hold,0,0.0,-34.25,-34.45,0.009093534615093287,-33.75,2012-05-02,0.008500415781206527,ENTERED,1.1880464470741694,0.0,2012
SHORT,2012-05-04,2695.5,2695.75,2012-05-04,2626.75,2626.5,{},1,1,NQ,5,fixed_hold,0,0.0,68.75,68.55,0.009297807212864448,69.25,2012-05-03,-0.008462882899457513,ENTERED,1.1577027774747461,0.0,2012
SHORT,2012-05-07,2598.75,2599.0,2012-05-07,2638.5,2638.25,{},1,1,NQ,5,fixed_hold,0,0.0,-39.75,-39.95,0.010555576148749767,-39.25,2012-05-04,-0.04072315558802053,ENTERED,1.0197545906608643,0.0,2012
SHORT,2012-05-08,2640.0,2640.25,2012-05-08,2625.5,2625.25,{},1,1,NQ,5,fixed_hold,0,0.0,14.5,14.3,0.011189019525763497,15.0,2012-05-07,-0.020062371050974193,ENTERED,0.9620232773723219,0.0,2012
SHORT,2012-05-09,2622.75,2623.0,2012-05-09,2603.25,2603.0,{},1,1,NQ,5,fixed_hold,0,0.0,19.5,19.3,0.011006166028315544,20.0,2012-05-08,-0.023994205441700056,ENTERED,0.9815899072404779,0.0,2012
SHORT,2012-05-10,2607.0,2607.25,2012-05-10,2605.75,2605.5,{},1,1,NQ,5,fixed_hold,0,0.0,1.25,1.05,0.011106566954968648,1.75,2012-05-09,-0.03598998663462838,ENTERED,0.9727165500023811,0.0,2012
SHORT,2012-05-11,2603.5,2603.75,2012-05-11,2612.75,2612.5,{},1,1,NQ,5,fixed_hold,0,0.0,-9.25,-9.45,0.010810349261689771,-8.75,2012-05-10,-0.02288940478616508,ENTERED,1.0,0.0,2012
LONG,2012-05-14,2602.75,2602.5,2012-05-14,2586.25,2586.5,{},1,1,NQ,5,fixed_hold,0,0.0,-16.5,-16.7,0.010339227146569614,-16.0,2012-05-11,0.00519430550211597,ENTERED,1.0449080320662065,0.0,2012
SHORT,2012-05-15,2591.25,2591.5,2012-05-15,2581.75,2581.5,{},1,1,NQ,5,fixed_hold,0,0.0,9.5,9.3,0.010326878942609174,10.0,2012-05-14,-0.01961527527717244,ENTERED,1.046157464500881,0.0,2012
SHORT,2012-05-16,2582.75,2583.0,2012-05-16,2558.25,2558.0,{},1,1,NQ,5,fixed_hold,0,0.0,24.5,24.3,0.009274614912422804,25.0,2012-05-15,-0.016665079516236636,ENTERED,1.160597753804314,0.0,2012
SHORT,2012-05-17,2563.0,2563.25,2012-05-17,2512.5,2512.25,{},1,1,NQ,5,fixed_hold,0,0.0,50.5,50.3,0.009412290664930144,51.0,2012-05-16,-0.017287744909719627,ENTERED,1.1436214220268972,0.0,2012
SHORT,2012-05-18,2512.25,2512.5,2012-05-18,2470.0,2469.75,{},1,1,NQ,5,fixed_hold,0,0.0,42.25,42.05,0.009991772481162734,42.75,2012-05-17,-0.03578967568604885,ENTERED,1.0757218040522278,0.0,2012
SHORT,2012-05-21,2477.75,2478.0,2012-05-21,2544.25,2544.0,{},1,1,NQ,5,fixed_hold,0,0.0,-66.5,-66.7,0.010479271170592457,-66.0,2012-05-18,-0.054641148325358824,ENTERED,1.0256789183276867,0.0,2012
SHORT,2012-05-22,2545.75,2546.0,2012-05-22,2535.25,2535.0,{},1,1,NQ,5,fixed_hold,0,0.0,10.5,10.3,0.01281987671268637,11.0,2012-05-21,-0.01643147109994203,ENTERED,0.8384142655973711,0.0,2012
SHORT,2012-05-23,2532.25,2532.5,2012-05-23,2541.5,2541.25,{},1,1,NQ,5,fixed_hold,0,0.0,-9.25,-9.45,0.01271911155907254,-8.75,2012-05-22,-0.018012783265543453,ENTERED,0.8462931695162208,0.0,2012
SHORT,2012-05-24,2531.25,2531.5,2012-05-24,2538.5,2538.25,{},1,1,NQ,5,fixed_hold,0,0.0,-7.25,-7.45,0.012237212670522513,-6.75,2012-05-23,-0.00654808444096977,ENTERED,0.8796200184284522,0.0,2012
LONG,2012-05-25,2536.25,2536.0,2012-05-25,2525.75,2526.0,{},1,1,NQ,5,fixed_hold,0,0.0,-10.5,-10.7,0.012132837906907655,-10.0,2012-05-24,0.010349288486416253,ENTERED,0.8904381294549987,0.0,2012
LONG,2012-05-28,2537.5,2537.25,2012-05-28,2535.25,2535.5,{},1,1,NQ,5,fixed_hold,0,0.0,-2.25,-2.45,0.011894259831066794,-1.75,2012-05-25,0.022775584573337282,ENTERED,0.9082987629536748,0.0,2012
SHORT,2012-05-29,2535.0,2535.25,2012-05-29,2558.0,2557.75,{},1,1,NQ,5,fixed_hold,0,0.0,-23.0,-23.2,0.011978944905566856,-22.5,2012-05-28,-0.0033411949685535625,ENTERED,0.9024458620446602,0.0,2012
LONG,2012-05-30,2555.25,2555.0,2012-05-30,2529.75,2530.0,{},1,1,NQ,5,fixed_hold,0,0.0,-25.5,-25.7,0.012257379040630146,-25.0,2012-05-29,0.008974358974358942,ENTERED,0.8819462322129524,0.0,2012
SHORT,2012-05-31,2530.5,2530.75,2012-05-31,2519.5,2519.25,{},1,1,NQ,5,fixed_hold,0,0.0,11.0,10.8,0.012300457207751804,11.5,2012-05-30,-0.0044269552385637345,ENTERED,0.8793138775851905,0.0,2012
SHORT,2012-06-01,2521.75,2522.0,2012-06-01,2455.0,2454.75,{},1,1,NQ,5,fixed_hold,0,0.0,66.75,66.55,0.012109903793658637,67.25,2012-05-31,-0.0074854722742048185,ENTERED,0.8931501775499434,0.0,2012
SHORT,2012-06-04,2436.25,2436.5,2012-06-04,2471.25,2471.0,{},1,1,NQ,5,fixed_hold,0,0.0,-35.0,-35.2,0.012137075153272798,-34.5,2012-06-01,-0.028206650831354096,ENTERED,0.8921556708595703,0.0,2012
SHORT,2012-06-05,2475.5,2475.75,2012-06-05,2489.75,2489.5,{},1,1,NQ,5,fixed_hold,0,0.0,-14.25,-14.45,0.011616315687470319,-13.75,2012-06-04,-0.025438769473476674,ENTERED,0.9321510121596187,0.0,2012
SHORT,2012-06-06,2495.0,2495.25,2012-06-06,2552.75,2552.5,{},1,1,NQ,5,fixed_hold,0,0.0,-57.75,-57.95,0.011848802388357086,-57.25,2012-06-05,-0.026683608640406753,ENTERED,0.9140970857285492,0.0,2012
LONG,2012-06-07,2554.0,2553.75,2012-06-07,2537.5,2537.75,{},1,1,NQ,5,fixed_hold,0,0.0,-16.5,-16.7,0.013285587746215953,-16.0,2012-06-06,0.008893280632411127,ENTERED,0.8152409919279331,0.0,2012
LONG,2012-06-08,2539.0,2538.75,2012-06-08,2563.75,2564.0,{},1,1,NQ,5,fixed_hold,0,0.0,24.75,24.55,0.013321449570805326,25.25,2012-06-07,0.007343455393470144,ENTERED,0.8149909624521452,0.0,2012
LONG,2012-06-11,2589.75,2589.5,2012-06-11,2511.25,2511.5,{},1,1,NQ,5,fixed_hold,0,0.0,-78.5,-78.7,0.013548118964496834,-78.0,2012-06-08,0.04450555046338711,ENTERED,0.8013556003913908,0.0,2012
LONG,2012-06-12,2512.25,2512.0,2012-06-12,2542.25,2542.5,{},1,1,NQ,5,fixed_hold,0,0.0,30.0,29.8,0.0149404666795771,30.5,2012-06-11,0.006381263435929929,ENTERED,0.7306318705172717,0.0,2012
LONG,2012-06-13,2542.0,2541.75,2012-06-13,2523.75,2524.0,{},1,1,NQ,5,fixed_hold,0,0.0,-18.25,-18.45,0.01527401444103672,-17.75,2012-06-12,0.011232307958341181,ENTERED,0.7146766266746747,0.0,2012
SHORT,2012-06-14,2526.25,2526.5,2012-06-14,2537.25,2537.0,{},1,1,NQ,5,fixed_hold,0,0.0,-11.0,-11.2,0.015229308196552984,-10.5,2012-06-13,-0.0209030328348927,ENTERED,0.7179710880879554,0.0,2012
SHORT,2012-06-15,2535.75,2536.0,2012-06-15,2566.25,2566.0,{},1,1,NQ,5,fixed_hold,0,0.0,-30.5,-30.7,0.014752940631805617,-30.0,2012-06-14,-0.010140087992418834,ENTERED,0.7411541366290798,0.0,2012
SHORT,2012-06-18,2577.75,2578.0,2012-06-18,2593.25,2593.0,{},1,1,NQ,5,fixed_hold,0,0.0,-15.5,-15.7,0.014389373545781325,-15.0,2012-06-15,-0.009075111025294458,ENTERED,0.7617627461902601,0.0,2012
LONG,2012-06-19,2593.5,2593.25,2012-06-19,2611.75,2612.0,{},1,1,NQ,5,fixed_hold,0,0.0,18.25,18.05,0.012939290204287102,18.75,2012-06-18,0.03245072665737636,ENTERED,0.8471321482966755,0.0,2012
LONG,2012-06-20,2613.5,2613.25,2012-06-20,2619.5,2619.75,{},1,1,NQ,5,fixed_hold,0,0.0,6.0,5.8,0.012987111712319926,6.5,2012-06-19,0.027335299901671606,ENTERED,0.8463010898309662,0.0,2012
LONG,2012-06-21,2615.75,2615.5,2012-06-21,2556.75,2557.0,{},1,1,NQ,5,fixed_hold,0,0.0,-59.0,-59.2,0.012990407050868163,-58.5,2012-06-20,0.03793581616481778,ENTERED,0.8460864045948675,0.0,2012
LONG,2012-06-22,2555.0,2554.75,2012-06-22,2574.75,2575.0,{},1,1,NQ,5,fixed_hold,0,0.0,19.75,19.55,0.01414792309086552,20.25,2012-06-21,0.00788332676389425,ENTERED,0.7779351045116705,0.0,2012
LONG,2012-06-25,2570.0,2569.75,2012-06-25,2529.0,2529.25,{},1,1,NQ,5,fixed_hold,0,0.0,-41.0,-41.2,0.01418500375774895,-40.5,2012-06-22,0.0035074045206549,ENTERED,0.7759015236286505,0.0,2012
SHORT,2012-06-26,2531.5,2531.75,2012-06-26,2547.75,2547.5,{},1,1,NQ,5,fixed_hold,0,0.0,-16.25,-16.45,0.014735610301041773,-15.75,2012-06-25,-0.024585422290782755,ENTERED,0.7484926099179572,0.0,2012
SHORT,2012-06-27,2544.75,2545.0,2012-06-27,2558.5,2558.25,{},1,1,NQ,5,fixed_hold,0,0.0,-13.75,-13.95,0.014687906345947384,-13.25,2012-06-26,-0.024693721286370707,ENTERED,0.7509235934094785,0.0,2012
SHORT,2012-06-28,2556.0,2556.25,2012-06-28,2527.25,2527.0,{},1,1,NQ,5,fixed_hold,0,0.0,28.75,28.55,0.014519586768168134,29.25,2012-06-27,-0.023475522473518473,ENTERED,0.7601156650083611,0.0,2012
SHORT,2012-06-29,2521.5,2521.75,2012-06-29,2612.75,2612.5,{},1,1,NQ,5,fixed_hold,0,0.0,-91.25,-91.45,0.014754315914147323,-90.75,2012-06-28,-0.011732499022291898,ENTERED,0.7480228440378047,0.0,2012
LONG,2012-07-02,2611.25,2611.0,2012-07-02,2616.25,2616.5,{},1,1,NQ,5,fixed_hold,0,0.0,5.0,4.8,0.015350161566995741,5.5,2012-06-29,0.014563106796116276,ENTERED,0.7192697417915008,0.0,2012
LONG,2012-07-03,2614.25,2614.0,2012-07-03,2641.0,2641.25,{},1,1,NQ,5,fixed_hold,0,0.0,26.75,26.55,0.01532452879268574,27.25,2012-07-02,0.034496392211129656,ENTERED,0.7204728377697702,0.0,2012
LONG,2012-07-04,2641.25,2641.0,2012-07-04,2641.75,2642.0,{},1,1,NQ,5,fixed_hold,0,0.0,0.5,0.3,0.01536473623284125,1.0,2012-07-03,0.03680078508341511,ENTERED,0.7187806510994902,0.0,2012
LONG,2012-07-05,2637.75,2637.5,2012-07-05,2641.25,2641.5,{},1,1,NQ,5,fixed_hold,0,0.0,3.5,3.3,0.014405514273617815,4.0,2012-07-04,0.032737222710837344,ENTERED,0.766642197123032,0.0,2012
LONG,2012-07-06,2642.75,2642.5,2012-07-06,2610.0,2610.25,{},1,1,NQ,5,fixed_hold,0,0.0,-32.75,-32.95,0.014314319419039465,-32.25,2012-07-05,0.04531064503363691,ENTERED,0.7727305657327339,0.0,2012
SHORT,2012-07-09,2602.5,2602.75,2012-07-09,2602.75,2602.5,{},1,1,NQ,5,fixed_hold,0,0.0,-0.25,-0.45,0.014460029959064325,0.25,2012-07-06,-0.0008612440191387849,ENTERED,0.7649439298581622,0.0,2012
SHORT,2012-07-10,2604.5,2604.75,2012-07-10,2576.75,2576.5,{},1,1,NQ,5,fixed_hold,0,0.0,27.75,27.55,0.012587207132108792,28.25,2012-07-09,-0.005350659277660874,ENTERED,0.8823694437058107,0.0,2012
SHORT,2012-07-11,2576.25,2576.5,2012-07-11,2570.0,2569.75,{},1,1,NQ,5,fixed_hold,0,0.0,6.25,6.05,0.012598547881976575,6.75,2012-07-10,-0.024514907714150547,ENTERED,0.8815751671553871,0.0,2012
SHORT,2012-07-12,2567.25,2567.5,2012-07-12,2541.5,2541.25,{},1,1,NQ,5,fixed_hold,0,0.0,25.75,25.55,0.012485132232539794,26.25,2012-07-11,-0.0273467070401211,ENTERED,0.8896645800419626,0.0,2012
SHORT,2012-07-13,2540.5,2540.75,2012-07-13,2578.5,2578.25,{},1,1,NQ,5,fixed_hold,0,0.0,-38.0,-38.2,0.012724947316262794,-37.5,2012-07-12,-0.037951921256861754,ENTERED,0.8728979105662095,0.0,2012
SHORT,2012-07-16,2574.25,2574.5,2012-07-16,2570.75,2570.5,{},1,1,NQ,5,fixed_hold,0,0.0,3.5,3.3,0.012888982470802841,4.0,2012-07-13,-0.012259362130064289,ENTERED,0.8621119079763381,0.0,2012
SHORT,2012-07-17,2570.75,2571.0,2012-07-17,2587.5,2587.25,{},1,1,NQ,5,fixed_hold,0,0.0,-16.75,-16.95,0.012678474328163509,-16.25,2012-07-16,-0.012295869356388156,ENTERED,0.8764260574392757,0.0,2012
LONG,2012-07-18,2587.25,2587.0,2012-07-18,2632.75,2633.0,{},1,1,NQ,5,fixed_hold,0,0.0,45.5,45.3,0.012653862533104528,46.0,2012-07-17,0.004172326799922299,ENTERED,0.879167921737166,0.0,2012
LONG,2012-07-19,2629.75,2629.5,2012-07-19,2654.0,2654.25,{},1,1,NQ,5,fixed_hold,0,0.0,24.25,24.05,0.013272676825940178,24.75,2012-07-18,0.024613289230470015,ENTERED,0.8381783246191005,0.0,2012
LONG,2012-07-20,2652.5,2652.25,2012-07-20,2614.75,2615.0,{},1,1,NQ,5,fixed_hold,0,0.0,-37.75,-37.95,0.012065066799115986,-37.25,2012-07-19,0.04446630595179557,ENTERED,0.9234833274044679,0.0,2012
LONG,2012-07-23,2606.75,2606.5,2012-07-23,2572.0,2572.25,{},1,1,NQ,5,fixed_hold,0,0.0,-34.75,-34.95,0.012556392315454027,-34.25,2012-07-20,0.014253854358576623,ENTERED,0.8873478745397041,0.0,2012
LONG,2012-07-24,2577.25,2577.0,2012-07-24,2523.75,2524.0,{},1,1,NQ,5,fixed_hold,0,0.0,-53.5,-53.7,0.012449239485549716,-53.0,2012-07-23,0.0006808014005055263,ENTERED,0.8969250302794115,0.0,2012
SHORT,2012-07-25,2518.75,2519.0,2012-07-25,2546.5,2546.25,{},1,1,NQ,5,fixed_hold,0,0.0,-27.75,-27.95,0.013095506013626058,-27.25,2012-07-24,-0.024446806454729852,ENTERED,0.8526615535828787,0.0,2012
SHORT,2012-07-26,2544.5,2544.75,2012-07-26,2577.5,2577.25,{},1,1,NQ,5,fixed_hold,0,0.0,-33.0,-33.2,0.013220229749544002,-32.5,2012-07-25,-0.03294720850740618,ENTERED,0.8451817133697778,0.0,2012
SHORT,2012-07-27,2575.5,2575.75,2012-07-27,2642.25,2642.0,{},1,1,NQ,5,fixed_hold,0,0.0,-66.75,-66.95,0.013173779460623853,-66.25,2012-07-26,-0.02901007817650958,ENTERED,0.8481617947422796,0.0,2012
LONG,2012-07-30,2637.75,2637.5,2012-07-30,2638.25,2638.5,{},1,1,NQ,5,fixed_hold,0,0.0,0.5,0.3,0.012136581338768137,1.0,2012-07-27,0.010325047801146958,ENTERED,0.9219251462536798,0.0,2012
LONG,2012-07-31,2637.0,2636.75,2012-07-31,2636.0,2636.25,{},1,1,NQ,5,fixed_hold,0,0.0,-1.0,-1.2,0.012142238149551628,-0.5,2012-07-30,0.025755661385945983,ENTERED,0.9214956409149881,0.0,2012
LONG,2012-08-01,2636.0,2635.75,2012-08-01,2624.75,2625.0,{},1,1,NQ,5,fixed_hold,0,0.0,-11.25,-11.45,0.011958825338916202,-10.75,2012-07-31,0.04447305863708384,ENTERED,0.9395592399417787,0.0,2012
LONG,2012-08-02,2628.75,2628.5,2012-08-02,2619.0,2619.25,{},1,1,NQ,5,fixed_hold,0,0.0,-9.75,-9.95,0.01199584514644527,-9.25,2012-08-01,0.030927835051546282,ENTERED,0.9366597108298086,0.0,2012
LONG,2012-08-03,2618.5,2618.25,2012-08-03,2673.0,2673.25,{},1,1,NQ,5,fixed_hold,0,0.0,54.5,54.3,0.012003615925753816,55.0,2012-08-02,0.016296440003880308,ENTERED,0.9392489836934793,0.0,2012
LONG,2012-08-06,2677.75,2677.5,2012-08-06,2687.5,2687.75,{},1,1,NQ,5,fixed_hold,0,0.0,9.75,9.55,0.01255116840505934,10.25,2012-08-03,0.011828160484481431,ENTERED,0.8982736662481927,0.0,2012
LONG,2012-08-07,2687.75,2687.5,2012-08-07,2707.25,2707.5,{},1,1,NQ,5,fixed_hold,0,0.0,19.5,19.3,0.012542363998917595,20.0,2012-08-06,0.01866590866022344,ENTERED,0.8995338267077954,0.0,2012
LONG,2012-08-08,2708.25,2708.0,2012-08-08,2706.25,2706.5,{},1,1,NQ,5,fixed_hold,0,0.0,-2.0,-2.2,0.012289379860785408,-1.5,2012-08-07,0.02702702702702675,ENTERED,0.9180512614724717,0.0,2012
LONG,2012-08-09,2706.75,2706.5,2012-08-09,2716.0,2716.25,{},1,1,NQ,5,fixed_hold,0,0.0,9.25,9.05,0.012249749477049494,9.75,2012-08-08,0.03104761904761899,ENTERED,0.9213346522380638,0.0,2012
LONG,2012-08-10,2715.5,2715.25,2012-08-10,2722.25,2722.5,{},1,1,NQ,5,fixed_hold,0,0.0,6.75,6.55,0.011814096477866362,7.25,2012-08-09,0.03703350195666655,ENTERED,0.9553095063668452,0.0,2012
LONG,2012-08-13,2718.25,2718.0,2012-08-13,2729.25,2729.5,{},1,1,NQ,5,fixed_hold,0,0.0,11.0,10.8,0.011519035989008152,11.5,2012-08-10,0.018423267558215217,ENTERED,0.9808288905036437,0.0,2012
LONG,2012-08-14,2726.75,2726.5,2012-08-14,2724.5,2724.75,{},1,1,NQ,5,fixed_hold,0,0.0,-2.25,-2.45,0.011438603809520274,-1.75,2012-08-13,0.015533438749883777,ENTERED,0.9877257291984349,0.0,2012
LONG,2012-08-15,2725.0,2724.75,2012-08-15,2740.5,2740.75,{},1,1,NQ,5,fixed_hold,0,0.0,15.5,15.3,0.011456559972494243,16.0,2012-08-14,0.006371191135734033,ENTERED,0.987487570336492,0.0,2012
LONG,2012-08-16,2741.0,2740.75,2012-08-16,2766.5,2766.75,{},1,1,NQ,5,fixed_hold,0,0.0,25.5,25.3,0.010933607308198092,26.0,2012-08-15,0.012654720118233875,ENTERED,1.033346357729433,0.0,2012
LONG,2012-08-17,2766.75,2766.5,2012-08-17,2776.5,2776.75,{},1,1,NQ,5,fixed_hold,0,0.0,9.75,9.55,0.010979033256679342,10.25,2012-08-16,0.018591808559594858,ENTERED,1.0290708685026426,0.0,2012
LONG,2012-08-20,2777.5,2777.25,2012-08-20,2781.75,2782.0,{},1,1,NQ,5,fixed_hold,0,0.0,4.25,4.05,0.01023186856953279,4.75,2012-08-17,0.019926538108355984,ENTERED,1.103035931095443,0.0,2012
LONG,2012-08-21,2782.0,2781.75,2012-08-21,2771.5,2771.75,{},1,1,NQ,5,fixed_hold,0,0.0,-10.5,-10.7,0.009169112654187602,-10.0,2012-08-20,0.019234291994870922,ENTERED,1.2308845032334013,0.0,2012
LONG,2012-08-22,2771.25,2771.0,2012-08-22,2783.5,2783.75,{},1,1,NQ,5,fixed_hold,0,0.0,12.25,12.05,0.007705587447061975,12.75,2012-08-21,0.017249288925589523,ENTERED,1.4641687945816768,0.0,2012
LONG,2012-08-23,2784.0,2783.75,2012-08-23,2762.25,2762.5,{},1,1,NQ,5,fixed_hold,0,0.0,-21.75,-21.95,0.0076451736038390845,-21.25,2012-08-22,0.015689136185350616,ENTERED,1.475738978411549,0.0,2012
SHORT,2012-08-24,2762.0,2762.25,2012-08-24,2778.0,2777.75,{},1,1,NQ,5,fixed_hold,0,0.0,-16.0,-16.2,0.007877618603878337,-15.5,2012-08-23,-0.001536098310291778,ENTERED,1.4311919154553243,0.0,2012
LONG,2012-08-27,2785.25,2785.0,2012-08-27,2784.75,2785.0,{},1,1,NQ,5,fixed_hold,0,0.0,-0.5,-0.7,0.006054985281244192,0.0,2012-08-24,0.0003601332493026188,ENTERED,1.862000241988111,0.0,2012
LONG,2012-08-28,2785.25,2785.0,2012-08-28,2784.0,2784.25,{},1,1,NQ,5,fixed_hold,0,0.0,-1.25,-1.45,0.005986832749591833,-0.75,2012-08-27,0.0010783608914450848,ENTERED,1.8767895005576418,0.0,2012
LONG,2012-08-29,2784.5,2784.25,2012-08-29,2781.0,2781.25,{},1,1,NQ,5,fixed_hold,0,0.0,-3.5,-3.7,0.0059698921134981415,-3.0,2012-08-28,0.004509786236132518,ENTERED,1.8821152262741117,0.0,2012
SHORT,2012-08-30,2780.75,2781.0,2012-08-30,2753.75,2753.5,{},1,1,NQ,5,fixed_hold,0,0.0,27.0,26.8,0.0058130481228527665,27.5,2012-08-29,-0.0008980691513243988,ENTERED,1.9248110955380255,0.0,2012
SHORT,2012-08-31,2753.0,2753.25,2012-08-31,2770.75,2770.5,{},1,1,NQ,5,fixed_hold,0,0.0,-17.75,-17.95,0.006403525997153136,-17.25,2012-08-30,-0.0032579185520359433,ENTERED,1.7473216366635949,0.0,2012
SHORT,2012-09-03,2767.0,2767.25,2012-09-03,2777.25,2777.0,{},1,1,NQ,5,fixed_hold,0,0.0,-10.25,-10.45,0.004891365157935076,-9.75,2012-08-31,-0.0026100261002608427,ENTERED,2.284330870848063,0.0,2012
SHORT,2012-09-04,2776.75,2777.0,2012-09-04,2770.75,2770.5,{},1,1,NQ,5,fixed_hold,0,0.0,6.0,5.8,0.004819214012190099,6.5,2012-09-03,-0.0028725314183124517,ENTERED,2.3185308647008798,0.0,2012
SHORT,2012-09-05,2770.0,2770.25,2012-09-05,2769.0,2768.75,{},1,1,NQ,5,fixed_hold,0,0.0,1.0,0.8,0.004701351218367978,1.5,2012-09-04,-0.004938493310586267,ENTERED,2.375069205403567,0.0,2012
SHORT,2012-09-06,2768.5,2768.75,2012-09-06,2826.5,2826.25,{},1,1,NQ,5,fixed_hold,0,0.0,-58.0,-58.2,0.004706209359904183,-57.5,2012-09-05,-0.004494382022471877,ENTERED,2.372617461021679,0.0,2012
LONG,2012-09-07,2826.5,2826.25,2012-09-07,2823.5,2823.75,{},1,1,NQ,5,fixed_hold,0,0.0,-3.0,-3.2,0.006427664554957544,-2.5,2012-09-06,0.026420918830579287,ENTERED,1.733427116138359,0.0,2012
LONG,2012-09-10,2820.75,2820.5,2012-09-10,2785.0,2785.25,{},1,1,NQ,5,fixed_hold,0,0.0,-35.75,-35.95,0.006459371683365403,-35.25,2012-09-07,0.019220357336221072,ENTERED,1.7249182396018679,0.0,2012
LONG,2012-09-11,2785.5,2785.25,2012-09-11,2779.75,2780.0,{},1,1,NQ,5,fixed_hold,0,0.0,-5.75,-5.95,0.007322522841697339,-5.25,2012-09-10,0.0029708318329131345,ENTERED,1.5192673707793565,0.0,2012
LONG,2012-09-12,2780.25,2780.0,2012-09-12,2793.75,2794.0,{},1,1,NQ,5,fixed_hold,0,0.0,13.5,13.3,0.0073254817243474084,14.0,2012-09-11,0.0034289839379175735,ENTERED,1.5186537136802916,0.0,2012
LONG,2012-09-13,2794.25,2794.0,2012-09-13,2832.25,2832.5,{},1,1,NQ,5,fixed_hold,0,0.0,38.0,37.8,0.007298728353221419,38.5,2012-09-12,0.009119638826185161,ENTERED,1.5224220894415195,0.0,2012
LONG,2012-09-14,2832.75,2832.5,2012-09-14,2858.0,2858.25,{},1,1,NQ,5,fixed_hold,0,0.0,25.25,25.05,0.0076179730271915625,25.75,2012-09-13,0.002211410880141651,ENTERED,1.458622291010377,0.0,2012
LONG,2012-09-17,2845.25,2845.0,2012-09-17,2848.25,2848.5,{},1,1,NQ,5,fixed_hold,0,0.0,3.0,2.8,0.007805353710493627,3.5,2012-09-14,0.01221779548472779,ENTERED,1.4230719498973763,0.0,2012
LONG,2012-09-18,2848.75,2848.5,2012-09-18,2854.0,2854.25,{},1,1,NQ,5,fixed_hold,0,0.0,5.25,5.05,0.007880213801262916,5.75,2012-09-17,0.022708913023965493,ENTERED,1.4095531167759356,0.0,2012
LONG,2012-09-19,2854.25,2854.0,2012-09-19,2855.0,2855.25,{},1,1,NQ,5,fixed_hold,0,0.0,0.75,0.55,0.007796478045460761,1.25,2012-09-18,0.02670863309352489,ENTERED,1.4245620766462717,0.0,2012
LONG,2012-09-20,2855.25,2855.0,2012-09-20,2856.5,2856.75,{},1,1,NQ,5,fixed_hold,0,0.0,1.25,1.05,0.007771106797478887,1.75,2012-09-19,0.021921975662133164,ENTERED,1.4292130123049982,0.0,2012
LONG,2012-09-21,2857.25,2857.0,2012-09-21,2853.25,2853.5,{},1,1,NQ,5,fixed_hold,0,0.0,-4.0,-4.2,0.007486538545142007,-3.5,2012-09-20,0.008561341571050152,ENTERED,1.4774667993836683,0.0,2012
SHORT,2012-09-24,2855.5,2855.75,2012-09-24,2840.0,2839.75,{},1,1,NQ,5,fixed_hold,0,0.0,15.5,15.3,0.007455936786430872,16.0,2012-09-21,-0.001661856030788167,ENTERED,1.483530837182478,0.0,2012
SHORT,2012-09-25,2839.5,2839.75,2012-09-25,2805.5,2805.25,{},1,1,NQ,5,fixed_hold,0,0.0,34.0,33.8,0.007575124428732209,34.5,2012-09-24,-0.003071792171318699,ENTERED,1.457913360673587,0.0,2012
SHORT,2012-09-26,2804.75,2805.0,2012-09-26,2780.25,2780.0,{},1,1,NQ,5,fixed_hold,0,0.0,24.5,24.3,0.008125721076923265,25.0,2012-09-25,-0.01716738197424894,ENTERED,1.3591255482270663,0.0,2012
SHORT,2012-09-27,2779.5,2779.75,2012-09-27,2816.25,2816.0,{},1,1,NQ,5,fixed_hold,0,0.0,-36.75,-36.95,0.008390744836318336,-36.25,2012-09-26,-0.026354960161106833,ENTERED,1.3158434634982108,0.0,2012
SHORT,2012-09-28,2815.75,2816.0,2012-09-28,2791.5,2791.25,{},1,1,NQ,5,fixed_hold,0,0.0,24.25,24.05,0.008519478366270474,24.75,2012-09-27,-0.014264461363437508,ENTERED,1.2959604182414473,0.0,2012
SHORT,2012-10-01,2783.0,2783.25,2012-10-01,2788.0,2787.75,{},1,1,NQ,5,fixed_hold,0,0.0,-5.0,-5.2,0.008710595336373361,-4.5,2012-09-28,-0.02181531452602059,ENTERED,1.2670276744284823,0.0,2012
SHORT,2012-10-02,2787.25,2787.5,2012-10-02,2793.75,2793.5,{},1,1,NQ,5,fixed_hold,0,0.0,-6.5,-6.7,0.00870565508513705,-6.0,2012-10-01,-0.018311471080200592,ENTERED,1.2677466823576755,0.0,2012
SHORT,2012-10-03,2793.5,2793.75,2012-10-03,2814.25,2814.0,{},1,1,NQ,5,fixed_hold,0,0.0,-20.75,-20.95,0.008692916410378405,-20.25,2012-10-02,-0.004188574993316041,ENTERED,1.2687911504351592,0.0,2012
LONG,2012-10-04,2813.75,2813.5,2012-10-04,2822.0,2822.25,{},1,1,NQ,5,fixed_hold,0,0.0,8.25,8.05,0.008822478036133966,8.75,2012-10-03,0.012230215827338187,ENTERED,1.2501584438960924,0.0,2012
LONG,2012-10-05,2824.0,2823.75,2012-10-05,2804.0,2804.25,{},1,1,NQ,5,fixed_hold,0,0.0,-20.0,-20.2,0.007506232269579896,-19.5,2012-10-04,0.002219460227272707,ENTERED,1.4662703781389288,0.0,2012
LONG,2012-10-08,2802.0,2801.75,2012-10-08,2776.75,2777.0,{},1,1,NQ,5,fixed_hold,0,0.0,-25.25,-25.45,0.007637956249262207,-24.75,2012-10-05,0.004657411553963264,ENTERED,1.440983120239618,0.0,2012
SHORT,2012-10-09,2780.5,2780.75,2012-10-09,2728.75,2728.5,{},1,1,NQ,5,fixed_hold,0,0.0,51.75,51.55,0.007322248069412906,52.25,2012-10-08,-0.003856156398529431,ENTERED,1.5010426704614657,0.0,2012
SHORT,2012-10-10,2728.5,2728.75,2012-10-10,2716.75,2716.5,{},1,1,NQ,5,fixed_hold,0,0.0,11.75,11.55,0.00828503735256925,12.25,2012-10-09,-0.023268301413996828,ENTERED,1.326609202610833,0.0,2012
SHORT,2012-10-11,2718.25,2718.5,2012-10-11,2716.75,2716.5,{},1,1,NQ,5,fixed_hold,0,0.0,1.5,1.3,0.008197272180352565,2.0,2012-10-10,-0.03464818763326227,ENTERED,1.3393520448173204,0.0,2012
SHORT,2012-10-12,2717.0,2717.25,2012-10-12,2712.25,2712.0,{},1,1,NQ,5,fixed_hold,0,0.0,4.75,4.55,0.0073966092749478945,5.25,2012-10-11,-0.03747010364071213,ENTERED,1.4843332733371513,0.0,2012
SHORT,2012-10-15,2710.0,2710.25,2012-10-15,2736.5,2736.25,{},1,1,NQ,5,fixed_hold,0,0.0,-26.5,-26.7,0.006918612029341717,-26.0,2012-10-12,-0.03289649638940895,ENTERED,1.5843190312891116,0.0,2012
SHORT,2012-10-16,2735.75,2736.0,2012-10-16,2765.75,2765.5,{},1,1,NQ,5,fixed_hold,0,0.0,-30.0,-30.2,0.0073784845690317,-29.5,2012-10-15,-0.014674108750450054,ENTERED,1.4855745249095702,0.0,2012
LONG,2012-10-17,2765.75,2765.5,2012-10-17,2770.75,2771.0,{},1,1,NQ,5,fixed_hold,0,0.0,5.0,4.8,0.007864690799280902,5.5,2012-10-16,0.013560564412680831,ENTERED,1.390290254984432,0.0,2012
LONG,2012-10-18,2770.75,2770.5,2012-10-18,2735.75,2736.0,{},1,1,NQ,5,fixed_hold,0,0.0,-35.0,-35.2,0.007893992085919455,-34.5,2012-10-17,0.020062580526412743,ENTERED,1.3851297110126757,0.0,2012
LONG,2012-10-19,2736.25,2736.0,2012-10-19,2666.0,2666.25,{},1,1,NQ,5,fixed_hold,0,0.0,-70.25,-70.45,0.008258965827022569,-69.75,2012-10-18,0.007178354500276152,ENTERED,1.3238470211880942,0.0,2012
SHORT,2012-10-22,2661.25,2661.5,2012-10-22,2694.75,2694.5,{},1,1,NQ,5,fixed_hold,0,0.0,-33.5,-33.7,0.009764240566673701,-33.0,2012-10-19,-0.0168694690265484,ENTERED,1.1197601322437254,0.0,2012
SHORT,2012-10-23,2694.25,2694.5,2012-10-23,2665.5,2665.25,{},1,1,NQ,5,fixed_hold,0,0.0,28.75,28.55,0.010238396623954118,29.25,2012-10-22,-0.015258108725445418,ENTERED,1.066180723157469,0.0,2012
SHORT,2012-10-24,2665.25,2665.5,2012-10-24,2652.75,2652.5,{},1,1,NQ,5,fixed_hold,0,0.0,12.5,12.3,0.01017862426864709,13.0,2012-10-23,-0.03625022599891514,ENTERED,1.0724417002133144,0.0,2012
SHORT,2012-10-25,2652.5,2652.75,2012-10-25,2646.0,2645.75,{},1,1,NQ,5,fixed_hold,0,0.0,6.5,6.3,0.010080221079159029,7.0,2012-10-24,-0.04276434500180426,ENTERED,1.0770459220795296,0.0,2012
SHORT,2012-10-26,2645.25,2645.5,2012-10-26,2660.0,2659.75,{},1,1,NQ,5,fixed_hold,0,0.0,-14.75,-14.95,0.009420666451037557,-14.25,2012-10-25,-0.03298611111111105,ENTERED,1.1524514813676068,0.0,2012
SHORT,2012-10-29,2651.0,2651.25,2012-10-29,2638.5,2638.25,{},1,1,NQ,5,fixed_hold,0,0.0,12.5,12.3,0.009496671517006262,13.0,2012-10-26,-0.002437880918893409,ENTERED,1.1405001966399533,0.0,2012
SHORT,2012-10-30,2638.0,2638.25,2012-10-30,2657.75,2657.5,{},1,1,NQ,5,fixed_hold,0,0.0,-19.75,-19.95,0.009576994646433528,-19.25,2012-10-29,-0.020875858229727262,ENTERED,1.1309347172501691,0.0,2012
SHORT,2012-10-31,2657.25,2657.5,2012-10-31,2633.5,2633.25,{},1,1,NQ,5,fixed_hold,0,0.0,23.75,23.55,0.009783506135861451,24.25,2012-10-30,-0.0029077947659694736,ENTERED,1.1067770874033065,0.0,2012
SHORT,2012-11-01,2633.0,2633.25,2012-11-01,2686.5,2686.25,{},1,1,NQ,5,fixed_hold,0,0.0,-53.5,-53.7,0.009607904462782303,-53.0,2012-10-31,-0.00725730442978334,ENTERED,1.1270054222110202,0.0,2012
LONG,2012-11-02,2686.25,2686.0,2012-11-02,2642.25,2642.5,{},1,1,NQ,5,fixed_hold,0,0.0,-44.0,-44.2,0.010877552146133828,-43.5,2012-11-01,0.01530756874232253,ENTERED,0.9954592982107405,0.0,2012
SHORT,2012-11-05,2638.75,2639.0,2012-11-05,2656.75,2656.5,{},1,1,NQ,5,fixed_hold,0,0.0,-18.0,-18.2,0.011285782951391167,-17.5,2012-11-02,-0.00648557195225119,ENTERED,0.959699099231355,0.0,2012
LONG,2012-11-06,2657.75,2657.5,2012-11-06,2673.75,2674.0,{},1,1,NQ,5,fixed_hold,0,0.0,16.0,15.8,0.011308196089680835,16.5,2012-11-05,0.0069174642281815135,ENTERED,0.9577969506961725,0.0,2012
LONG,2012-11-07,2674.0,2673.75,2012-11-07,2616.5,2616.75,{},1,1,NQ,5,fixed_hold,0,0.0,-57.5,-57.7,0.010864550118259415,-57.0,2012-11-06,0.006208842897460043,ENTERED,0.9992922752247105,0.0,2012
SHORT,2012-11-08,2617.5,2617.75,2012-11-08,2577.0,2576.75,{},1,1,NQ,5,fixed_hold,0,0.0,40.5,40.3,0.011776219216056481,41.0,2012-11-07,-0.006266021076616224,ENTERED,0.921930953201464,0.0,2012
SHORT,2012-11-09,2576.5,2576.75,2012-11-09,2583.0,2582.75,{},1,1,NQ,5,fixed_hold,0,0.0,-6.5,-6.7,0.012143394540361117,-6.0,2012-11-08,-0.040763145649138965,ENTERED,0.8946880612458736,0.0,2012
SHORT,2012-11-12,2580.25,2580.5,2012-11-12,2578.0,2577.75,{},1,1,NQ,5,fixed_hold,0,0.0,2.25,2.05,0.012191717327279424,2.75,2012-11-09,-0.022611163670766432,ENTERED,0.8911418979465328,0.0,2012
SHORT,2012-11-13,2577.75,2578.0,2012-11-13,2574.5,2574.25,{},1,1,NQ,5,fixed_hold,0,0.0,3.25,3.05,0.011899774152535882,3.75,2012-11-12,-0.029644268774703608,ENTERED,0.914097360731488,0.0,2012
SHORT,2012-11-14,2570.75,2571.0,2012-11-14,2530.75,2530.5,{},1,1,NQ,5,fixed_hold,0,0.0,40.0,39.8,0.011472269938293244,40.5,2012-11-13,-0.03730366492146597,ENTERED,0.9481604080658607,0.0,2012
SHORT,2012-11-15,2532.25,2532.5,2012-11-15,2522.0,2521.75,{},1,1,NQ,5,fixed_hold,0,0.0,10.25,10.05,0.011774394159604178,10.75,2012-11-14,-0.032960733734594516,ENTERED,0.9270949289222159,0.0,2012
SHORT,2012-11-16,2522.0,2522.25,2012-11-16,2535.0,2534.75,{},1,1,NQ,5,fixed_hold,0,0.0,-13.0,-13.2,0.011617101887646473,-12.5,2012-11-15,-0.021344717182497308,ENTERED,0.9396475318950547,0.0,2012
SHORT,2012-11-19,2542.75,2543.0,2012-11-19,2584.0,2583.75,{},1,1,NQ,5,fixed_hold,0,0.0,-41.25,-41.45,0.010611177698633265,-40.75,2012-11-16,-0.018584841738457203,ENTERED,1.0287247491771232,0.0,2012
LONG,2012-11-20,2584.25,2584.0,2012-11-20,2592.25,2592.5,{},1,1,NQ,5,fixed_hold,0,0.0,8.0,7.8,0.011332666699982454,8.5,2012-11-19,0.002327611288914566,ENTERED,0.9632314622398002,0.0,2012
LONG,2012-11-21,2592.0,2591.75,2012-11-21,2598.5,2598.75,{},1,1,NQ,5,fixed_hold,0,0.0,6.5,6.3,0.011195904730712053,7.0,2012-11-20,0.007089443527240835,ENTERED,0.9765720208573729,0.0,2012
LONG,2012-11-22,2601.0,2600.75,2012-11-22,2601.25,2601.5,{},1,1,NQ,5,fixed_hold,0,0.0,0.25,0.04999999999999999,0.011194445197926716,0.75,2012-11-21,0.0269709543568466,ENTERED,0.9766993464064719,0.0,2012
LONG,2012-11-23,2601.75,2601.5,2012-11-23,2634.25,2634.5,{},1,1,NQ,5,fixed_hold,0,0.0,32.5,32.3,0.011196649190670784,33.0,2012-11-22,0.0316248636859322,ENTERED,0.9765602896459866,0.0,2012
LONG,2012-11-26,2627.5,2627.25,2012-11-26,2650.0,2650.25,{},1,1,NQ,5,fixed_hold,0,0.0,22.5,22.3,0.011525013869770152,23.0,2012-11-23,0.03935299339185305,ENTERED,0.948736643639634,0.0,2012
LONG,2012-11-27,2650.25,2650.0,2012-11-27,2638.25,2638.5,{},1,1,NQ,5,fixed_hold,0,0.0,-12.0,-12.2,0.011461234769756997,-11.5,2012-11-26,0.025737784228350158,ENTERED,0.9563793891663094,0.0,2012
LONG,2012-11-28,2639.0,2638.75,2012-11-28,2660.0,2660.25,{},1,1,NQ,5,fixed_hold,0,0.0,21.0,20.8,0.0113836585593452,21.5,2012-11-27,0.017743490838958875,ENTERED,0.9628968271534637,0.0,2012
LONG,2012-11-29,2660.75,2660.5,2012-11-29,2673.25,2673.5,{},1,1,NQ,5,fixed_hold,0,0.0,12.5,12.3,0.011337145720857311,13.0,2012-11-28,0.0236652236652235,ENTERED,0.9684124670357603,0.0,2012
LONG,2012-11-30,2673.5,2673.25,2012-11-30,2680.25,2680.5,{},1,1,NQ,5,fixed_hold,0,0.0,6.75,6.55,0.010431799992120992,7.25,2012-11-29,0.027676340572746483,ENTERED,1.050757176754806,0.0,2012
LONG,2012-12-03,2678.75,2678.5,2012-12-03,2667.25,2667.5,{},1,1,NQ,5,fixed_hold,0,0.0,-11.5,-11.7,0.009728928339673894,-11.0,2012-11-30,0.017460618713228238,ENTERED,1.126669693258248,0.0,2012
LONG,2012-12-04,2669.25,2669.0,2012-12-04,2660.75,2661.0,{},1,1,NQ,5,fixed_hold,0,0.0,-8.5,-8.7,0.009744369538164368,-8.0,2012-12-03,0.006508819922648623,ENTERED,1.1221047122527061,0.0,2012
LONG,2012-12-05,2661.0,2660.75,2012-12-05,2639.25,2639.5,{},1,1,NQ,5,fixed_hold,0,0.0,-21.75,-21.95,0.00964397076023581,-21.25,2012-12-04,0.008527572484366086,ENTERED,1.1337864089955625,0.0,2012
SHORT,2012-12-06,2639.5,2639.75,2012-12-06,2656.0,2655.75,{},1,1,NQ,5,fixed_hold,0,0.0,-16.5,-16.7,0.008492861614760252,-16.0,2012-12-05,-0.007800018795226182,ENTERED,1.2873879034124283,0.0,2012
SHORT,2012-12-07,2655.25,2655.5,2012-12-07,2637.75,2637.5,{},1,1,NQ,5,fixed_hold,0,0.0,17.5,17.3,0.007717571040600633,18.0,2012-12-06,-0.006639236955302108,ENTERED,1.4167161210021288,0.0,2012
SHORT,2012-12-10,2639.25,2639.5,2012-12-10,2646.75,2646.5,{},1,1,NQ,5,fixed_hold,0,0.0,-7.5,-7.7,0.007939077343793918,-7.0,2012-12-07,-0.01604178324939387,ENTERED,1.3749684810708585,0.0,2012
SHORT,2012-12-11,2646.0,2646.25,2012-12-11,2687.0,2686.75,{},1,1,NQ,5,fixed_hold,0,0.0,-41.0,-41.2,0.007922225302983138,-40.5,2012-12-10,-0.007872539831302872,ENTERED,1.3778932937428505,0.0,2012
LONG,2012-12-12,2686.75,2686.5,2012-12-12,2670.25,2670.5,{},1,1,NQ,5,fixed_hold,0,0.0,-16.5,-16.7,0.008471598506309184,-16.0,2012-12-11,0.00967681322810976,ENTERED,1.284002321171479,0.0,2012
LONG,2012-12-13,2673.25,2673.0,2012-12-13,2658.5,2658.75,{},1,1,NQ,5,fixed_hold,0,0.0,-14.75,-14.95,0.0074612050757485214,-14.25,2012-12-12,0.011744648607690644,ENTERED,1.4578814059795258,0.0,2012
LONG,2012-12-14,2658.25,2658.0,2012-12-14,2631.75,2632.0,{},1,1,NQ,5,fixed_hold,0,0.0,-26.5,-26.7,0.007505121355047065,-26.0,2012-12-13,0.0011296243998868416,ENTERED,1.4476181802114623,0.0,2012
SHORT,2012-12-17,2635.0,2635.25,2012-12-17,2663.25,2663.0,{},1,1,NQ,5,fixed_hold,0,0.0,-28.25,-28.45,0.007995719981026926,-27.75,2012-12-14,-0.002085308056872126,ENTERED,1.358795723717182,0.0,2012
LONG,2012-12-18,2663.5,2663.25,2012-12-18,2702.0,2702.25,{},1,1,NQ,5,fixed_hold,0,0.0,38.5,38.3,0.007275742839330363,39.0,2012-12-17,0.006234649537124604,ENTERED,1.4921996621815155,0.0,2012
LONG,2012-12-19,2702.5,2702.25,2012-12-19,2687.25,2687.5,{},1,1,NQ,5,fixed_hold,0,0.0,-15.25,-15.45,0.007847980791073642,-14.75,2012-12-18,0.005769051828417027,ENTERED,1.383395461328987,0.0,2012
LONG,2012-12-20,2687.5,2687.25,2012-12-20,2691.0,2691.25,{},1,1,NQ,5,fixed_hold,0,0.0,3.5,3.3,0.008027032190379401,4.0,2012-12-19,0.006365849091930276,ENTERED,1.3493101155806821,0.0,2012
LONG,2012-12-21,2691.75,2691.5,2012-12-21,2666.0,2666.25,{},1,1,NQ,5,fixed_hold,0,0.0,-25.75,-25.95,0.008025943134470089,-25.25,2012-12-20,0.012223789374705918,ENTERED,1.3494932061072717,0.0,2012
LONG,2012-12-24,2660.25,2660.0,2012-12-24,2649.75,2650.0,{},1,1,NQ,5,fixed_hold,0,0.0,-10.5,-10.7,0.007950751949469407,-10.0,2012-12-21,0.013012917933130641,ENTERED,1.361903942477256,0.0,2012
SHORT,2012-12-26,2653.25,2653.5,2012-12-26,2631.25,2631.0,{},1,1,NQ,5,fixed_hold,0,0.0,22.0,21.8,0.007981497293020546,22.5,2012-12-24,-0.004881712354487422,ENTERED,1.35665778338481,0.0,2012
SHORT,2012-12-27,2631.25,2631.5,2012-12-27,2628.0,2627.75,{},1,1,NQ,5,fixed_hold,0,0.0,3.25,3.05,0.008084737008949803,3.75,2012-12-26,-0.02636691645850675,ENTERED,1.3378249300435716,0.0,2012
SHORT,2012-12-28,2627.5,2627.75,2012-12-28,2585.25,2585.0,{},1,1,NQ,5,fixed_hold,0,0.0,42.25,42.05,0.007843424040279533,42.75,2012-12-27,-0.02223255813953473,ENTERED,1.3789848244687626,0.0,2012
SHORT,2012-12-31,2590.25,2590.5,2012-12-31,2659.5,2659.25,{},1,1,NQ,5,fixed_hold,0,0.0,-69.25,-69.45,0.008464406891299289,-68.75,2012-12-28,-0.03947979563399906,ENTERED,1.2771537805917528,0.0,2012
SHORT,2013-01-02,2686.0,2686.25,2013-01-02,2740.25,2740.0,{},1,1,NQ,5,fixed_hold,0,0.0,-54.25,-54.45,0.010837100719164048,-53.75,2012-12-31,-0.002625410220346791,ENTERED,0.9980494787034946,0.0,2013
LONG,2013-01-03,2737.75,2737.5,2013-01-03,2727.25,2727.5,{},1,1,NQ,5,fixed_hold,0,0.0,-10.5,-10.7,0.011685334368576173,-10.0,2013-01-02,0.02356971649823958,ENTERED,0.9256014746574035,0.0,2013
LONG,2013-01-04,2724.5,2724.25,2013-01-04,2715.5,2715.75,{},1,1,NQ,5,fixed_hold,0,0.0,-9.0,-9.2,0.011726869524440043,-8.5,2013-01-03,0.02625822445945092,ENTERED,0.923363255903383,0.0,2013
LONG,2013-01-07,2716.25,2716.0,2013-01-07,2717.25,2717.5,{},1,1,NQ,5,fixed_hold,0,0.0,1.0,0.8,0.011606362530508183,1.5,2013-01-04,0.023100938063113308,ENTERED,0.9329503879599222,0.0,2013
LONG,2013-01-08,2717.5,2717.25,2013-01-08,2714.75,2715.0,{},1,1,NQ,5,fixed_hold,0,0.0,-2.75,-2.95,0.011542310143448998,-2.25,2013-01-07,0.040690870568200976,ENTERED,0.9383698408691564,0.0,2013
LONG,2013-01-09,2716.75,2716.5,2013-01-09,2721.0,2721.25,{},1,1,NQ,5,fixed_hold,0,0.0,4.25,4.05,0.011412615088838333,4.75,2013-01-08,0.010702652396463508,ENTERED,0.949033648139372,0.0,2013
SHORT,2013-01-10,2721.5,2721.75,2013-01-10,2742.5,2742.25,{},1,1,NQ,5,fixed_hold,0,0.0,-21.0,-21.2,0.011402983879476195,-20.5,2013-01-09,-0.006843065693430739,ENTERED,0.9503741155566606,0.0,2013
LONG,2013-01-11,2742.25,2742.0,2013-01-11,2743.0,2743.25,{},1,1,NQ,5,fixed_hold,0,0.0,0.75,0.55,0.011026751263408015,1.25,2013-01-10,0.005407882676443654,ENTERED,0.9828008685683046,0.0,2013
LONG,2013-01-14,2742.0,2741.75,2013-01-14,2730.75,2731.0,{},1,1,NQ,5,fixed_hold,0,0.0,-11.25,-11.45,0.010916721171349963,-10.75,2013-01-11,0.010126116174169031,ENTERED,0.9945166535407434,0.0,2013
LONG,2013-01-15,2731.25,2731.0,2013-01-15,2719.0,2719.25,{},1,1,NQ,5,fixed_hold,0,0.0,-12.25,-12.45,0.010918405130925967,-11.75,2013-01-14,0.004967801287948381,ENTERED,0.994363267966372,0.0,2013
LONG,2013-01-16,2721.0,2720.75,2013-01-16,2724.5,2724.75,{},1,1,NQ,5,fixed_hold,0,0.0,3.5,3.3,0.010687850921363139,4.0,2013-01-15,0.001565377532228407,ENTERED,1.015813289954053,0.0,2013
LONG,2013-01-17,2725.0,2724.75,2013-01-17,2734.5,2734.75,{},1,1,NQ,5,fixed_hold,0,0.0,9.5,9.3,0.010397377224059381,10.0,2013-01-16,0.0012861736334401908,ENTERED,1.0422917708599773,0.0,2013
SHORT,2013-01-18,2734.5,2734.75,2013-01-18,2736.25,2736.0,{},1,1,NQ,5,fixed_hold,0,0.0,-1.75,-1.95,0.009892665375220306,-1.25,2013-01-17,-0.0027349803993073074,ENTERED,1.095468239157206,0.0,2013
SHORT,2013-01-21,2741.0,2741.25,2013-01-21,2742.5,2742.25,{},1,1,NQ,5,fixed_hold,0,0.0,-1.5,-1.7,0.009804551456199176,-1.0,2013-01-18,-0.002642850633372995,ENTERED,1.104686510235258,0.0,2013
LONG,2013-01-22,2742.5,2742.25,2013-01-22,2757.25,2757.5,{},1,1,NQ,5,fixed_hold,0,0.0,14.75,14.55,0.009811149840698257,15.25,2013-01-21,0.0041193701940680505,ENTERED,1.103943565069418,0.0,2013
LONG,2013-01-23,2756.25,2756.0,2013-01-23,2713.75,2714.0,{},1,1,NQ,5,fixed_hold,0,0.0,-42.5,-42.7,0.009592475127748431,-42.0,2013-01-22,0.01406637859703963,ENTERED,1.1288181914924313,0.0,2013
SHORT,2013-01-24,2713.75,2714.0,2013-01-24,2713.5,2713.25,{},1,1,NQ,5,fixed_hold,0,0.0,0.25,0.04999999999999999,0.010205699431421245,0.75,2013-01-23,-0.003945316084044248,ENTERED,1.0609915075789358,0.0,2013
SHORT,2013-01-25,2714.5,2714.75,2013-01-25,2729.25,2729.0,{},1,1,NQ,5,fixed_hold,0,0.0,-14.75,-14.95,0.01003964921195118,-14.25,2013-01-24,-0.007861778956028798,ENTERED,1.077324764548909,0.0,2013
SHORT,2013-01-28,2728.0,2728.25,2013-01-28,2734.5,2734.25,{},1,1,NQ,5,fixed_hold,0,0.0,-6.5,-6.7,0.010077468475445106,-6.0,2013-01-25,-0.0025584795321638154,ENTERED,1.0732817224656435,0.0,2013
SHORT,2013-01-29,2734.25,2734.5,2013-01-29,2746.25,2746.0,{},1,1,NQ,5,fixed_hold,0,0.0,-12.0,-12.2,0.009176210679199286,-11.5,2013-01-28,-0.0029173124259278538,ENTERED,1.1780842484572378,0.0,2013
SHORT,2013-01-30,2744.25,2744.5,2013-01-30,2735.0,2734.75,{},1,1,NQ,5,fixed_hold,0,0.0,9.25,9.05,0.006797651895611072,9.75,2013-01-29,-0.004170444242973859,ENTERED,1.5903063922219245,0.0,2013
LONG,2013-01-31,2735.0,2734.75,2013-01-31,2734.5,2734.75,{},1,1,NQ,5,fixed_hold,0,0.0,-0.5,-0.7,0.005228597289897677,0.0,2013-01-30,0.007645541635961539,ENTERED,2.066240884850969,0.0,2013
LONG,2013-02-01,2735.0,2734.75,2013-02-01,2756.0,2756.25,{},1,1,NQ,5,fixed_hold,0,0.0,21.0,20.8,0.005121314745345044,21.5,2013-01-31,0.007924076292269211,ENTERED,2.109525000514233,0.0,2013
LONG,2013-02-04,2753.25,2753.0,2013-02-04,2709.5,2709.75,{},1,1,NQ,5,fixed_hold,0,0.0,-43.75,-43.95,0.005284723876356893,-43.25,2013-02-01,0.009985342616343207,ENTERED,2.036832479160349,0.0,2013
SHORT,2013-02-05,2711.0,2711.25,2013-02-05,2752.25,2752.0,{},1,1,NQ,5,fixed_hold,0,0.0,-41.25,-41.45,0.0065930963739839156,-40.75,2013-02-04,-0.008960409618725462,ENTERED,1.6326315624980974,0.0,2013
LONG,2013-02-06,2752.25,2752.0,2013-02-06,2738.0,2738.25,{},1,1,NQ,5,fixed_hold,0,0.0,-14.25,-14.45,0.007464181756052922,-13.75,2013-02-05,0.002184996358339575,ENTERED,1.4399927373686496,0.0,2013
LONG,2013-02-07,2738.5,2738.25,2013-02-07,2742.0,2742.25,{},1,1,NQ,5,fixed_hold,0,0.0,3.5,3.3,0.007559717080816083,4.0,2013-02-06,0.001279824481213998,ENTERED,1.4217949434101678,0.0,2013
LONG,2013-02-08,2742.75,2742.5,2013-02-08,2771.75,2772.0,{},1,1,NQ,5,fixed_hold,0,0.0,29.0,28.8,0.007365276541084286,29.5,2013-02-07,0.0027424810311729164,ENTERED,1.453429962963482,0.0,2013
LONG,2013-02-11,2776.25,2776.0,2013-02-11,2770.0,2770.25,{},1,1,NQ,5,fixed_hold,0,0.0,-6.25,-6.45,0.007753517109498815,-5.75,2013-02-08,0.005714285714285783,ENTERED,1.3806526069581213,0.0,2013
LONG,2013-02-12,2770.25,2770.0,2013-02-12,2765.25,2765.5,{},1,1,NQ,5,fixed_hold,0,0.0,-5.0,-5.2,0.007669928681201995,-4.5,2013-02-11,0.022326782913552945,ENTERED,1.395570503240103,0.0,2013
LONG,2013-02-13,2765.75,2765.5,2013-02-13,2766.75,2767.0,{},1,1,NQ,5,fixed_hold,0,0.0,1.0,0.8,0.007601881146551901,1.5,2013-02-12,0.004905523255813726,ENTERED,1.4080628232784076,0.0,2013
LONG,2013-02-14,2766.75,2766.5,2013-02-14,2771.0,2771.25,{},1,1,NQ,5,fixed_hold,0,0.0,4.25,4.05,0.00759728477295413,4.75,2013-02-13,0.010499406555281698,ENTERED,1.4067987762432226,0.0,2013
LONG,2013-02-15,2769.5,2769.25,2013-02-15,2761.25,2761.5,{},1,1,NQ,5,fixed_hold,0,0.0,-8.25,-8.45,0.007569747337046711,-7.75,2013-02-14,0.01057525754398747,ENTERED,1.4119164676813292,0.0,2013
SHORT,2013-02-18,2763.5,2763.75,2013-02-18,2762.75,2762.5,{},1,1,NQ,5,fixed_hold,0,0.0,0.75,0.55,0.007628164364245778,1.25,2013-02-15,-0.0037878787878788955,ENTERED,1.400974053280155,0.0,2013
SHORT,2013-02-19,2762.25,2762.5,2013-02-19,2785.75,2785.5,{},1,1,NQ,5,fixed_hold,0,0.0,-23.5,-23.7,0.007616489108632041,-23.0,2013-02-18,-0.002797581445718067,ENTERED,1.4031215952705611,0.0,2013
LONG,2013-02-20,2783.75,2783.5,2013-02-20,2737.75,2738.0,{},1,1,NQ,5,fixed_hold,0,0.0,-46.0,-46.2,0.007739273041539843,-45.5,2013-02-19,0.007231965286566444,ENTERED,1.3788319899185124,0.0,2013
SHORT,2013-02-21,2737.75,2738.0,2013-02-21,2716.25,2716.0,{},1,1,NQ,5,fixed_hold,0,0.0,21.5,21.3,0.007884855835540107,22.0,2013-02-20,-0.010480664980123011,ENTERED,1.3533737928713967,0.0,2013
SHORT,2013-02-22,2717.5,2717.75,2013-02-22,2735.75,2735.5,{},1,1,NQ,5,fixed_hold,0,0.0,-18.25,-18.45,0.008111122614496763,-17.75,2013-02-21,-0.019936851601263128,ENTERED,1.31245011189597,0.0,2013
SHORT,2013-02-25,2738.5,2738.75,2013-02-25,2701.75,2701.5,{},1,1,NQ,5,fixed_hold,0,0.0,36.75,36.55,0.008167804183783219,37.25,2013-02-22,-0.009415172913272096,ENTERED,1.3033421888509795,0.0,2013
SHORT,2013-02-26,2706.0,2706.25,2013-02-26,2711.75,2711.5,{},1,1,NQ,5,fixed_hold,0,0.0,-5.75,-5.95,0.008621750349544138,-5.25,2013-02-25,-0.02208144796380085,ENTERED,1.2332248206143115,0.0,2013
SHORT,2013-02-27,2710.5,2710.75,2013-02-27,2741.75,2741.5,{},1,1,NQ,5,fixed_hold,0,0.0,-31.25,-31.45,0.008605074686257158,-30.75,2013-02-26,-0.02656614611380359,ENTERED,1.2356146710938842,0.0,2013
LONG,2013-02-28,2741.75,2741.5,2013-02-28,2731.25,2731.5,{},1,1,NQ,5,fixed_hold,0,0.0,-10.5,-10.7,0.008941703536683002,-10.0,2013-02-27,0.0012783053323592863,ENTERED,1.1867064989463483,0.0,2013
LONG,2013-03-01,2732.25,2732.0,2013-03-01,2748.75,2749.0,{},1,1,NQ,5,fixed_hold,0,0.0,16.5,16.3,0.008982275294398503,17.0,2013-02-28,0.005706921944035326,ENTERED,1.1813463015602041,0.0,2013
LONG,2013-03-04,2745.25,2745.0,2013-03-04,2763.5,2763.75,{},1,1,NQ,5,fixed_hold,0,0.0,18.25,18.05,0.008920749604963498,18.75,2013-03-01,0.004935112410893838,ENTERED,1.1853536943761314,0.0,2013
LONG,2013-03-05,2764.25,2764.0,2013-03-05,2800.75,2801.0,{},1,1,NQ,5,fixed_hold,0,0.0,36.5,36.3,0.008064320753970754,37.0,2013-03-04,0.023042754025541345,ENTERED,1.3112379608215972,0.0,2013
LONG,2013-03-06,2800.25,2800.0,2013-03-06,2791.5,2791.75,{},1,1,NQ,5,fixed_hold,0,0.0,-8.75,-8.95,0.007874893565188166,-8.25,2013-03-05,0.03300756039092745,ENTERED,1.3404087384002055,0.0,2013
LONG,2013-03-07,2790.25,2790.0,2013-03-07,2799.0,2799.25,{},1,1,NQ,5,fixed_hold,0,0.0,8.75,8.55,0.007816893858149843,9.25,2013-03-06,0.018329381725332716,ENTERED,1.3503542890945859,0.0,2013
LONG,2013-03-08,2797.25,2797.0,2013-03-08,2803.5,2803.75,{},1,1,NQ,5,fixed_hold,0,0.0,6.25,6.05,0.007825521206356595,6.75,2013-03-07,0.02480322167307336,ENTERED,1.3457277057321764,0.0,2013
LONG,2013-03-11,2798.0,2797.75,2013-03-11,2809.75,2810.0,{},1,1,NQ,5,fixed_hold,0,0.0,11.75,11.55,0.007482314886838251,12.25,2013-03-08,0.019916333212077086,ENTERED,1.4074548930991027,0.0,2013
LONG,2013-03-12,2806.25,2806.0,2013-03-12,2797.5,2797.75,{},1,1,NQ,5,fixed_hold,0,0.0,-8.75,-8.95,0.007484953546060557,-8.25,2013-03-11,0.01673450927182274,ENTERED,1.401500317381634,0.0,2013
SHORT,2013-03-13,2797.75,2798.0,2013-03-13,2794.0,2793.75,{},1,1,NQ,5,fixed_hold,0,0.0,3.75,3.55,0.007553637542818993,4.25,2013-03-12,-0.0011602998928953445,ENTERED,1.3887567031017167,0.0,2013
LONG,2013-03-14,2794.25,2794.0,2013-03-14,2800.5,2800.75,{},1,1,NQ,5,fixed_hold,0,0.0,6.25,6.05,0.007567385282923839,6.75,2013-03-13,0.0007163965254768367,ENTERED,1.3847941896442653,0.0,2013
LONG,2013-03-15,2801.0,2800.75,2013-03-15,2791.5,2791.75,{},1,1,NQ,5,fixed_hold,0,0.0,-9.5,-9.7,0.007577414230356538,-9.0,2013-03-14,0.0005358578190586272,ENTERED,1.3829613707286237,0.0,2013
SHORT,2013-03-18,2761.25,2761.5,2013-03-18,2788.5,2788.25,{},1,1,NQ,5,fixed_hold,0,0.0,-27.25,-27.45,0.0075690875060736495,-26.75,2013-03-15,-0.004279982166741081,ENTERED,1.379851367776946,0.0,2013
LONG,2013-03-19,2788.5,2788.25,2013-03-19,2774.5,2774.75,{},1,1,NQ,5,fixed_hold,0,0.0,-14.0,-14.2,0.00783788127715053,-13.5,2013-03-18,0.003129190257757486,ENTERED,1.33253048608005,0.0,2013
LONG,2013-03-20,2775.25,2775.0,2013-03-20,2785.75,2786.0,{},1,1,NQ,5,fixed_hold,0,0.0,10.5,10.3,0.007746019793103913,11.0,2013-03-19,0.0026432465510510816,ENTERED,1.348194435399903,0.0,2013
LONG,2013-03-21,2786.0,2785.75,2013-03-21,2769.0,2769.25,{},1,1,NQ,5,fixed_hold,0,0.0,-17.0,-17.2,0.006598828308877603,-16.5,2013-03-20,0.008149754879027249,ENTERED,1.5825750107046623,0.0,2013
SHORT,2013-03-22,2769.0,2769.25,2013-03-22,2799.75,2799.5,{},1,1,NQ,5,fixed_hold,0,0.0,-30.75,-30.95,0.0064600753639089455,-30.25,2013-03-21,-0.00041599750616472253,ENTERED,1.616215598579867,0.0,2013
LONG,2013-03-25,2806.75,2806.5,2013-03-25,2787.0,2787.25,{},1,1,NQ,5,fixed_hold,0,0.0,-19.75,-19.95,0.006682613282746615,-19.25,2013-03-22,0.013760637334781611,ENTERED,1.5623939511968667,0.0,2013
SHORT,2013-03-26,2786.5,2786.75,2013-03-26,2802.5,2802.25,{},1,1,NQ,5,fixed_hold,0,0.0,-16.0,-16.2,0.005991864047032408,-15.5,2013-03-25,-0.00035864789742678926,ENTERED,1.7420619393205303,0.0,2013
LONG,2013-03-27,2802.5,2802.25,2013-03-27,2799.5,2799.75,{},1,1,NQ,5,fixed_hold,0,0.0,-3.0,-3.2,0.006026784565377289,-2.5,2013-03-26,0.009910802775024541,ENTERED,1.7319680484156788,0.0,2013
LONG,2013-03-28,2799.75,2799.5,2013-03-28,2813.0,2813.25,{},1,1,NQ,5,fixed_hold,0,0.0,13.25,13.05,0.005685678604380546,13.75,2013-03-27,0.004935391241923881,ENTERED,1.8347502062610053,0.0,2013
LONG,2013-04-01,2813.5,2813.25,2013-04-01,2789.25,2789.5,{},1,1,NQ,5,fixed_hold,0,0.0,-24.25,-24.45,0.005587840531894864,-23.75,2013-03-28,0.015888778550148697,ENTERED,1.8668750356380548,0.0,2013
SHORT,2013-04-02,2789.25,2789.5,2013-04-02,2814.5,2814.25,{},1,1,NQ,5,fixed_hold,0,0.0,-25.25,-25.45,0.005951208659227507,-24.75,2013-04-01,-0.0035720664404358393,ENTERED,1.7474346606356417,0.0,2013
LONG,2013-04-03,2814.5,2814.25,2013-04-03,2788.0,2788.25,{},1,1,NQ,5,fixed_hold,0,0.0,-26.5,-26.7,0.006126583591647889,-26.0,2013-04-02,0.00968696744102604,ENTERED,1.697413922171257,0.0,2013
SHORT,2013-04-04,2787.75,2788.0,2013-04-04,2782.5,2782.25,{},1,1,NQ,5,fixed_hold,0,0.0,5.25,5.05,0.005883952088890985,5.75,2013-04-03,-0.004995985368899891,ENTERED,1.767073740061519,0.0,2013
SHORT,2013-04-05,2782.5,2782.75,2013-04-05,2765.5,2765.25,{},1,1,NQ,5,fixed_hold,0,0.0,17.0,16.8,0.005852076303035112,17.5,2013-04-04,-0.006250558085543201,ENTERED,1.7766988476665797,0.0,2013
SHORT,2013-04-08,2765.25,2765.5,2013-04-08,2783.75,2783.5,{},1,1,NQ,5,fixed_hold,0,0.0,-18.5,-18.7,0.005999163256454026,-18.0,2013-04-05,-0.017062116768861713,ENTERED,1.7309441704620794,0.0,2013
SHORT,2013-04-09,2783.25,2783.5,2013-04-09,2800.75,2800.5,{},1,1,NQ,5,fixed_hold,0,0.0,-17.5,-17.7,0.006173061650789329,-17.0,2013-04-08,-0.0021509231044989363,ENTERED,1.6821825625346871,0.0,2013
SHORT,2013-04-10,2796.5,2796.75,2013-04-10,2848.25,2848.0,{},1,1,NQ,5,fixed_hold,0,0.0,-51.75,-51.95,0.006299758202371696,-51.25,2013-04-09,-0.004885848805187831,ENTERED,1.6432251587795308,0.0,2013
LONG,2013-04-11,2848.25,2848.0,2013-04-11,2853.25,2853.5,{},1,1,NQ,5,fixed_hold,0,0.0,5.0,4.8,0.00719352510461927,5.5,2013-04-10,0.02142921187124558,ENTERED,1.4390609641047154,0.0,2013
LONG,2013-04-12,2854.0,2853.75,2013-04-12,2847.5,2847.75,{},1,1,NQ,5,fixed_hold,0,0.0,-6.5,-6.7,0.007161643826251062,-6.0,2013-04-11,0.02560876988049232,ENTERED,1.445307744203357,0.0,2013
LONG,2013-04-15,2843.5,2843.25,2013-04-15,2794.25,2794.5,{},1,1,NQ,5,fixed_hold,0,0.0,-49.25,-49.45,0.007203716793215076,-48.75,2013-04-12,0.02983455383780842,ENTERED,1.436866492732731,0.0,2013
LONG,2013-04-16,2794.75,2794.5,2013-04-16,2823.75,2824.0,{},1,1,NQ,5,fixed_hold,0,0.0,29.0,28.8,0.008450303712870571,29.5,2013-04-15,0.003951859170109762,ENTERED,1.2235332004484103,0.0,2013
LONG,2013-04-17,2824.5,2824.25,2013-04-17,2778.5,2778.75,{},1,1,NQ,5,fixed_hold,0,0.0,-46.0,-46.2,0.008501454924913204,-45.5,2013-04-16,0.008391358685948758,ENTERED,1.2161714951014897,0.0,2013
SHORT,2013-04-18,2778.75,2779.0,2013-04-18,2750.0,2749.75,{},1,1,NQ,5,fixed_hold,0,0.0,28.75,28.55,0.009220380061333787,29.25,2013-04-17,-0.024315308988764217,ENTERED,1.1200057778437524,0.0,2013
SHORT,2013-04-19,2749.25,2749.5,2013-04-19,2771.75,2771.5,{},1,1,NQ,5,fixed_hold,0,0.0,-22.5,-22.7,0.009460534465333195,-22.0,2013-04-18,-0.03635885754336787,ENTERED,1.0915745807438868,0.0,2013
SHORT,2013-04-22,2776.0,2776.25,2013-04-22,2799.0,2798.75,{},1,1,NQ,5,fixed_hold,0,0.0,-23.0,-23.2,0.009554007319656894,-22.5,2013-04-19,-0.02677552453691512,ENTERED,1.0803987822789842,0.0,2013
LONG,2013-04-23,2799.0,2798.75,2013-04-23,2819.75,2820.0,{},1,1,NQ,5,fixed_hold,0,0.0,20.75,20.55,0.00949175512454107,21.25,2013-04-22,0.0015208445160135309,ENTERED,1.087484636782693,0.0,2013
SHORT,2013-04-24,2820.0,2820.25,2013-04-24,2821.25,2821.0,{},1,1,NQ,5,fixed_hold,0,0.0,-1.25,-1.45,0.009576309458838255,-0.75,2013-04-23,-0.0014164305949008194,ENTERED,1.0771961958990957,0.0,2013
LONG,2013-04-25,2821.25,2821.0,2013-04-25,2838.5,2838.75,{},1,1,NQ,5,fixed_hold,0,0.0,17.25,17.05,0.009510717946629263,17.75,2013-04-24,0.01520467836257322,ENTERED,1.0846251752707148,0.0,2013
LONG,2013-04-26,2839.25,2839.0,2013-04-26,2833.5,2833.75,{},1,1,NQ,5,fixed_hold,0,0.0,-5.75,-5.95,0.00959557141115226,-5.25,2013-04-25,0.032366578779889243,ENTERED,1.0744076062305146,0.0,2013
LONG,2013-04-29,2830.75,2830.5,2013-04-29,2857.75,2858.0,{},1,1,NQ,5,fixed_hold,0,0.0,27.0,26.8,0.009560877502542448,27.5,2013-04-26,0.02246076132058472,ENTERED,1.0783063487141764,0.0,2013
LONG,2013-04-30,2858.25,2858.0,2013-04-30,2883.0,2883.25,{},1,1,NQ,5,fixed_hold,0,0.0,24.75,24.55,0.009488177389412248,25.25,2013-04-29,0.02117016525234483,ENTERED,1.083576174750367,0.0,2013
LONG,2013-05-01,2883.5,2883.25,2013-05-01,2867.75,2868.0,{},1,1,NQ,5,fixed_hold,0,0.0,-15.75,-15.95,0.009486587967807042,-15.25,2013-04-30,0.022429078014184478,ENTERED,1.08375772151817,0.0,2013
LONG,2013-05-02,2868.25,2868.0,2013-05-02,2902.75,2903.0,{},1,1,NQ,5,fixed_hold,0,0.0,34.5,34.3,0.00929584682472557,35.0,2013-05-01,0.01666075859624261,ENTERED,1.1055216418625486,0.0,2013
LONG,2013-05-03,2903.25,2903.0,2013-05-03,2937.25,2937.5,{},1,1,NQ,5,fixed_hold,0,0.0,34.0,33.8,0.00955356886855305,34.5,2013-05-02,0.022633201232937106,ENTERED,1.0756985149288878,0.0,2013
LONG,2013-05-06,2942.25,2942.0,2013-05-06,2944.25,2944.5,{},1,1,NQ,5,fixed_hold,0,0.0,2.0,1.8,0.009580023820519843,2.5,2013-05-03,0.03661226290251429,ENTERED,1.0710277330103564,0.0,2013
LONG,2013-05-07,2945.0,2944.75,2013-05-07,2944.75,2945.0,{},1,1,NQ,5,fixed_hold,0,0.0,-0.25,-0.45,0.009544580244032408,0.25,2013-05-06,0.03026592022393304,ENTERED,1.0750049695576473,0.0,2013
LONG,2013-05-08,2945.25,2945.0,2013-05-08,2960.5,2960.75,{},1,1,NQ,5,fixed_hold,0,0.0,15.25,15.05,0.009530549361913311,15.75,2013-05-07,0.021416803953871577,ENTERED,1.0752237317742617,0.0,2013
LONG,2013-05-09,2961.0,2960.75,2013-05-09,2962.75,2963.0,{},1,1,NQ,5,fixed_hold,0,0.0,1.75,1.55,0.008942727572055222,2.25,2013-05-08,0.032339609483961196,ENTERED,1.1459001482721183,0.0,2013
LONG,2013-05-10,2963.25,2963.0,2013-05-10,2976.75,2977.0,{},1,1,NQ,5,fixed_hold,0,0.0,13.5,13.3,0.008946907001659397,14.0,2013-05-09,0.02066827419910444,ENTERED,1.1443504019942519,0.0,2013
LONG,2013-05-13,2965.75,2965.5,2013-05-13,2985.0,2985.25,{},1,1,NQ,5,fixed_hold,0,0.0,19.25,19.05,0.008917665626465423,19.75,2013-05-10,0.013446808510638508,ENTERED,1.1481027718250718,0.0,2013
LONG,2013-05-14,2985.5,2985.25,2013-05-14,2994.5,2994.75,{},1,1,NQ,5,fixed_hold,0,0.0,9.0,8.8,0.007430081763274323,9.5,2013-05-13,0.013839361521480686,ENTERED,1.377213494677079,0.0,2013
LONG,2013-05-15,2995.0,2994.75,2013-05-15,3007.0,3007.25,{},1,1,NQ,5,fixed_hold,0,0.0,12.0,11.8,0.0072331305564197566,12.5,2013-05-14,0.016893039049236114,ENTERED,1.4147136970800764,0.0,2013
LONG,2013-05-16,3007.5,3007.25,2013-05-16,3001.25,3001.5,{},1,1,NQ,5,fixed_hold,0,0.0,-6.25,-6.45,0.00568733949908976,-5.75,2013-05-15,0.01570548003039751,ENTERED,1.7990606277628347,0.0,2013
LONG,2013-05-17,3001.75,3001.5,2013-05-17,3025.5,3025.75,{},1,1,NQ,5,fixed_hold,0,0.0,23.75,23.55,0.004800866789396619,24.25,2013-05-16,0.01299358758015523,ENTERED,2.131254420999827,0.0,2013
LONG,2013-05-20,3020.75,3020.5,2013-05-20,3019.5,3019.75,{},1,1,NQ,5,fixed_hold,0,0.0,-1.25,-1.45,0.00480753195314261,-0.75,2013-05-17,0.01637554585152845,ENTERED,2.1254328647881437,0.0,2013
LONG,2013-05-21,3020.0,3019.75,2013-05-21,3023.0,3023.25,{},1,1,NQ,5,fixed_hold,0,0.0,3.0,2.8,0.004831929245891251,3.5,2013-05-20,0.011556821036764253,ENTERED,2.1147011662923694,0.0,2013
LONG,2013-05-22,3023.5,3023.25,2013-05-22,3005.25,3005.5,{},1,1,NQ,5,fixed_hold,0,0.0,-18.25,-18.45,0.004781322735792129,-17.75,2013-05-21,0.009516654144753334,ENTERED,2.134492899846145,0.0,2013
SHORT,2013-05-23,3005.25,3005.5,2013-05-23,3000.25,3000.0,{},1,1,NQ,5,fixed_hold,0,0.0,5.0,4.8,0.0051824879996979125,5.5,2013-05-22,-0.0005819270097262574,ENTERED,1.9692663894284241,0.0,2013
SHORT,2013-05-24,2999.5,2999.75,2013-05-24,2993.25,2993.0,{},1,1,NQ,5,fixed_hold,0,0.0,6.25,6.05,0.005244089039384986,6.75,2013-05-23,-0.0004997501249374148,ENTERED,1.9409709088083702,0.0,2013
SHORT,2013-05-27,3000.0,3000.25,2013-05-27,3000.0,2999.75,{},1,1,NQ,5,fixed_hold,0,0.0,-0.0,-0.2,0.005271642823181007,0.5,2013-05-24,-0.010823762703461859,ENTERED,1.9308258563893217,0.0,2013
SHORT,2013-05-28,2999.75,3000.0,2013-05-28,3006.25,3006.0,{},1,1,NQ,5,fixed_hold,0,0.0,-6.5,-6.7,0.005091548556203557,-6.0,2013-05-27,-0.006623064823247038,ENTERED,1.9924348281867064,0.0,2013
SHORT,2013-05-29,3005.75,3006.0,2013-05-29,2993.25,2993.0,{},1,1,NQ,5,fixed_hold,0,0.0,12.5,12.3,0.0048636528897162,13.0,2013-05-28,-0.005705780203423161,ENTERED,2.085794135151708,0.0,2013
SHORT,2013-05-30,2992.75,2993.0,2013-05-30,3009.75,3009.5,{},1,1,NQ,5,fixed_hold,0,0.0,-17.0,-17.2,0.00479078823144463,-16.5,2013-05-29,-0.004159041756779058,ENTERED,2.1175007146917624,0.0,2013
LONG,2013-05-31,3009.5,3009.25,2013-05-31,2976.0,2976.25,{},1,1,NQ,5,fixed_hold,0,0.0,-33.5,-33.7,0.0042551869309715344,-33.0,2013-05-30,0.003166666666666984,ENTERED,2.3840309882002573,0.0,2013
SHORT,2013-06-03,2982.75,2983.0,2013-06-03,2986.0,2985.75,{},1,1,NQ,5,fixed_hold,0,0.0,-3.25,-3.45,0.004481853621200296,-2.75,2013-05-31,-0.005596391580353854,ENTERED,2.2491187644944595,0.0,2013
SHORT,2013-06-04,2985.25,2985.5,2013-06-04,2973.5,2973.25,{},1,1,NQ,5,fixed_hold,0,0.0,11.75,11.55,0.0045017797988031434,12.25,2013-06-03,-0.004667055587965541,ENTERED,2.2391635152476774,0.0,2013
SHORT,2013-06-05,2973.25,2973.5,2013-06-05,2941.5,2941.25,{},1,1,NQ,5,fixed_hold,0,0.0,31.75,31.55,0.004632553959795074,32.25,2013-06-04,-0.010894876912840967,ENTERED,2.1753591135484354,0.0,2013
SHORT,2013-06-06,2941.0,2941.25,2013-06-06,2948.0,2947.75,{},1,1,NQ,5,fixed_hold,0,0.0,-7.0,-7.2,0.005118175670725921,-6.5,2013-06-05,-0.017290344136318136,ENTERED,1.9689571292139332,0.0,2013
SHORT,2013-06-07,2947.25,2947.5,2013-06-07,2985.25,2985.0,{},1,1,NQ,5,fixed_hold,0,0.0,-38.0,-38.2,0.005144449051536281,-37.5,2013-06-06,-0.02051835853131756,ENTERED,1.9588804052395015,0.0,2013
LONG,2013-06-10,2982.25,2982.0,2013-06-10,2986.5,2986.75,{},1,1,NQ,5,fixed_hold,0,0.0,4.25,4.05,0.005808148215296771,4.75,2013-06-07,0.0029399412011759107,ENTERED,1.7350384441407458,0.0,2013
LONG,2013-06-11,2987.25,2987.0,2013-06-11,2966.0,2966.25,{},1,1,NQ,5,fixed_hold,0,0.0,-21.25,-21.45,0.005776717242509227,-20.75,2013-06-10,0.0003349242233945393,ENTERED,1.7441054266298555,0.0,2013
SHORT,2013-06-12,2966.25,2966.5,2013-06-12,2922.25,2922.0,{},1,1,NQ,5,fixed_hold,0,0.0,44.0,43.8,0.005924074229492909,44.5,2013-06-11,-0.002354326074161306,ENTERED,1.7007220876145266,0.0,2013
SHORT,2013-06-13,2921.75,2922.0,2013-06-13,2967.5,2967.25,{},1,1,NQ,5,fixed_hold,0,0.0,-45.75,-45.95,0.0066335590103621,-45.25,2013-06-12,-0.006544836379090646,ENTERED,1.5162021561691523,0.0,2013
LONG,2013-06-14,2967.0,2966.75,2013-06-14,2941.0,2941.25,{},1,1,NQ,5,fixed_hold,0,0.0,-26.0,-26.2,0.007630861926026133,-25.5,2013-06-13,0.006615214994487362,ENTERED,1.318044615678698,0.0,2013
SHORT,2013-06-17,2943.75,2944.0,2013-06-17,2967.0,2966.75,{},1,1,NQ,5,fixed_hold,0,0.0,-23.25,-23.45,0.007557849697029438,-22.75,2013-06-14,-0.014656616415410384,ENTERED,1.3283737589935398,0.0,2013
SHORT,2013-06-18,2966.5,2966.75,2013-06-18,2991.75,2991.5,{},1,1,NQ,5,fixed_hold,0,0.0,-25.25,-25.45,0.0078821374988383,-24.75,2013-06-17,-0.006696241734326591,ENTERED,1.273721653984197,0.0,2013
LONG,2013-06-19,2992.0,2991.75,2013-06-19,2953.25,2953.5,{},1,1,NQ,5,fixed_hold,0,0.0,-38.75,-38.95,0.008138269613385086,-38.25,2013-06-18,0.008512431521280783,ENTERED,1.2315054708944861,0.0,2013
LONG,2013-06-20,2954.0,2953.75,2013-06-20,2878.75,2879.0,{},1,1,NQ,5,fixed_hold,0,0.0,-75.25,-75.45,0.008510581387886946,-74.75,2013-06-19,0.010780287474332573,ENTERED,1.177630892145958,0.0,2013
SHORT,2013-06-21,2878.75,2879.0,2013-06-21,2865.5,2865.25,{},1,1,NQ,5,fixed_hold,0,0.0,13.25,13.05,0.010111274980556459,13.75,2013-06-20,-0.029741342994355047,ENTERED,0.9912027485920994,0.0,2013
SHORT,2013-06-24,2868.0,2868.25,2013-06-24,2852.0,2851.75,{},1,1,NQ,5,fixed_hold,0,0.0,16.0,15.8,0.010130151122328993,16.5,2013-06-21,-0.025839354016149563,ENTERED,0.9910660848703108,0.0,2013
SHORT,2013-06-25,2851.25,2851.5,2013-06-25,2853.0,2852.75,{},1,1,NQ,5,fixed_hold,0,0.0,-1.75,-1.95,0.0100911392344173,-1.25,2013-06-24,-0.03876295609673874,ENTERED,0.9948975015337707,0.0,2013
SHORT,2013-06-26,2852.5,2852.75,2013-06-26,2882.75,2882.5,{},1,1,NQ,5,fixed_hold,0,0.0,-30.25,-30.45,0.010057294776083713,-29.75,2013-06-25,-0.04638141400635143,ENTERED,1.0,0.0,2013
SHORT,2013-06-27,2882.5,2882.75,2013-06-27,2899.0,2898.75,{},1,1,NQ,5,fixed_hold,0,0.0,-16.5,-16.7,0.010454608649664417,-16.0,2013-06-26,-0.024039275435923657,ENTERED,0.9619962939891148,0.0,2013
LONG,2013-06-28,2899.0,2898.75,2013-06-28,2898.75,2899.0,{},1,1,NQ,5,fixed_hold,0,0.0,-0.25,-0.45,0.010459249021234431,0.25,2013-06-27,0.006860020840569581,ENTERED,0.961619371923059,0.0,2013
LONG,2013-07-01,2903.75,2903.5,2013-07-01,2920.75,2921.0,{},1,1,NQ,5,fixed_hold,0,0.0,17.0,16.8,0.010236190375959246,17.5,2013-06-28,0.011779076869383065,ENTERED,0.9825741907075262,0.0,2013
LONG,2013-07-02,2921.5,2921.25,2013-07-02,2922.25,2922.5,{},1,1,NQ,5,fixed_hold,0,0.0,0.75,0.55,0.01038309210909935,1.25,2013-07-01,0.02428333479442424,ENTERED,0.9703471552503199,0.0,2013
LONG,2013-07-03,2922.5,2922.25,2013-07-03,2936.25,2936.5,{},1,1,NQ,5,fixed_hold,0,0.0,13.75,13.55,0.010361394221651493,14.25,2013-07-02,0.02445009201647519,ENTERED,0.9723791678259993,0.0,2013
LONG,2013-07-04,2966.25,2966.0,2013-07-04,2963.5,2963.75,{},1,1,NQ,5,fixed_hold,0,0.0,-2.75,-2.95,0.010156673214061492,-2.25,2013-07-03,0.01873373807458778,ENTERED,0.9921910679232716,0.0,2013
LONG,2013-07-05,2963.5,2963.25,2013-07-05,2962.25,2962.5,{},1,1,NQ,5,fixed_hold,0,0.0,-1.25,-1.45,0.010143874849196575,-0.75,2013-07-04,0.012254378136924204,ENTERED,0.9934428995449915,0.0,2013
LONG,2013-07-08,2966.75,2966.5,2013-07-08,2961.75,2962.0,{},1,1,NQ,5,fixed_hold,0,0.0,-5.0,-5.2,0.009685389505567646,-4.5,2013-07-05,0.011740190132295769,ENTERED,1.0404703328672935,0.0,2013
LONG,2013-07-09,2962.0,2961.75,2013-07-09,2977.5,2977.75,{},1,1,NQ,5,fixed_hold,0,0.0,15.5,15.3,0.009681037113803238,16.0,2013-07-08,0.003950627942887142,ENTERED,1.0407153461276744,0.0,2013
LONG,2013-07-10,2978.25,2978.0,2013-07-10,3017.0,3017.25,{},1,1,NQ,5,fixed_hold,0,0.0,38.75,38.55,0.00966731980918101,39.25,2013-07-09,0.008770961112165132,ENTERED,1.0421920542235732,0.0,2013
LONG,2013-07-11,3017.5,3017.25,2013-07-11,3051.75,3052.0,{},1,1,NQ,5,fixed_hold,0,0.0,34.25,34.05,0.009470557286053304,34.75,2013-07-10,0.01727916385704642,ENTERED,1.0620089368339327,0.0,2013
LONG,2013-07-12,3052.25,3052.0,2013-07-12,3064.75,3065.0,{},1,1,NQ,5,fixed_hold,0,0.0,12.5,12.3,0.009191779212032262,13.0,2013-07-11,0.02977646562631797,ENTERED,1.0942186754682268,0.0,2013
LONG,2013-07-15,3066.25,3066.0,2013-07-15,3073.25,3073.5,{},1,1,NQ,5,fixed_hold,0,0.0,7.0,6.8,0.008924999525245014,7.5,2013-07-12,0.03459915611814335,ENTERED,1.1268678219686084,0.0,2013
LONG,2013-07-16,3073.75,3073.5,2013-07-16,3072.5,3072.75,{},1,1,NQ,5,fixed_hold,0,0.0,-1.25,-1.45,0.008775308766420352,-0.75,2013-07-15,0.03764348413234275,ENTERED,1.1460901312748124,0.0,2013
LONG,2013-07-17,3073.0,3072.75,2013-07-17,3071.75,3072.0,{},1,1,NQ,5,fixed_hold,0,0.0,-1.25,-1.45,0.008621600144331415,-0.75,2013-07-16,0.03190328267987552,ENTERED,1.1644763203907238,0.0,2013
LONG,2013-07-18,3072.25,3072.0,2013-07-18,3047.5,3047.75,{},1,1,NQ,5,fixed_hold,0,0.0,-24.75,-24.95,0.008017813593157548,-24.25,2013-07-17,0.018145662440964383,ENTERED,1.2521679501901963,0.0,2013
SHORT,2013-07-19,3047.25,3047.5,2013-07-19,3045.25,3045.0,{},1,1,NQ,5,fixed_hold,0,0.0,2.0,1.8,0.005527429987930587,2.5,2013-07-18,-0.0013925294888597062,ENTERED,1.8131977382585256,0.0,2013
SHORT,2013-07-22,3046.5,3046.75,2013-07-22,3052.75,3052.5,{},1,1,NQ,5,fixed_hold,0,0.0,-6.25,-6.45,0.005328302025298382,-5.75,2013-07-19,-0.006525285481239762,ENTERED,1.88096010791296,0.0,2013
SHORT,2013-07-23,3051.75,3052.0,2013-07-23,3039.5,3039.25,{},1,1,NQ,5,fixed_hold,0,0.0,12.25,12.05,0.005047127952850248,12.75,2013-07-22,-0.006832601268911609,ENTERED,1.9801830350831675,0.0,2013
SHORT,2013-07-24,3039.0,3039.25,2013-07-24,3051.75,3051.5,{},1,1,NQ,5,fixed_hold,0,0.0,-12.75,-12.95,0.005276524401705156,-12.25,2013-07-23,-0.010902286225693558,ENTERED,1.8940947463255116,0.0,2013
SHORT,2013-07-25,3050.75,3051.0,2013-07-25,3054.25,3054.0,{},1,1,NQ,5,fixed_hold,0,0.0,-3.5,-3.7,0.004967115556151986,-3.0,2013-07-24,-0.006673177083333259,ENTERED,2.0115844634996454,0.0,2013
LONG,2013-07-26,3054.0,3053.75,2013-07-26,3073.0,3073.25,{},1,1,NQ,5,fixed_hold,0,0.0,19.0,18.8,0.004916549383313049,19.5,2013-07-25,0.0020506931342794132,ENTERED,2.032273389762987,0.0,2013
LONG,2013-07-29,3071.25,3071.0,2013-07-29,3067.0,3067.25,{},1,1,NQ,5,fixed_hold,0,0.0,-4.25,-4.45,0.004977190684108418,-3.75,2013-07-26,0.009277504105090317,ENTERED,1.9953115049945274,0.0,2013
LONG,2013-07-30,3067.75,3067.5,2013-07-30,3084.0,3084.25,{},1,1,NQ,5,fixed_hold,0,0.0,16.25,16.05,0.004913888729935529,16.75,2013-07-29,0.004832104832104722,ENTERED,2.021015611129519,0.0,2013
LONG,2013-07-31,3084.0,3083.75,2013-07-31,3091.25,3091.5,{},1,1,NQ,5,fixed_hold,0,0.0,7.25,7.05,0.004964579784046319,7.75,2013-07-30,0.014806284445175288,ENTERED,1.9992080408365065,0.0,2013
LONG,2013-08-01,3091.75,3091.5,2013-08-01,3117.5,3117.75,{},1,1,NQ,5,fixed_hold,0,0.0,25.75,25.55,0.004927615841108367,26.25,2013-07-31,0.013108307389808171,ENTERED,2.0142048697950634,0.0,2013
LONG,2013-08-02,3118.0,3117.75,2013-08-02,3135.75,3136.0,{},1,1,NQ,5,fixed_hold,0,0.0,17.75,17.55,0.0050783648217431416,18.25,2013-08-01,0.0208742632612966,ENTERED,1.9511870463315522,0.0,2013
LONG,2013-08-05,3135.25,3135.0,2013-08-05,3134.0,3134.25,{},1,1,NQ,5,fixed_hold,0,0.0,-1.25,-1.45,0.00507906675240841,-0.75,2013-08-02,0.020418124135686888,ENTERED,1.9509173908833646,0.0,2013
LONG,2013-08-06,3134.25,3134.0,2013-08-06,3116.5,3116.75,{},1,1,NQ,5,fixed_hold,0,0.0,-17.75,-17.95,0.005092021231169277,-17.25,2013-08-05,0.02184367104083451,ENTERED,1.9427777155887194,0.0,2013
LONG,2013-08-07,3117.25,3117.0,2013-08-07,3120.0,3120.25,{},1,1,NQ,5,fixed_hold,0,0.0,2.75,2.55,0.005387980895060877,3.25,2013-08-06,0.010537407797681642,ENTERED,1.8360617024995098,0.0,2013
LONG,2013-08-08,3120.5,3120.25,2013-08-08,3127.0,3127.25,{},1,1,NQ,5,fixed_hold,0,0.0,6.5,6.3,0.004731179769167416,7.0,2013-08-07,0.009299692705806217,ENTERED,2.08592119905768,0.0,2013
LONG,2013-08-09,3127.25,3127.0,2013-08-09,3112.5,3112.75,{},1,1,NQ,5,fixed_hold,0,0.0,-14.75,-14.95,0.00413418681977759,-14.25,2013-08-08,0.003047069200545316,ENTERED,2.3871364810722455,0.0,2013
SHORT,2013-08-12,3110.5,3110.75,2013-08-12,3124.75,3124.5,{},1,1,NQ,5,fixed_hold,0,0.0,-14.25,-14.45,0.004267148933900178,-13.75,2013-08-09,-0.00741390306122458,ENTERED,2.3106245801000482,0.0,2013
SHORT,2013-08-13,3124.0,3124.25,2013-08-13,3139.25,3139.0,{},1,1,NQ,5,fixed_hold,0,0.0,-15.25,-15.45,0.004297517427008336,-14.75,2013-08-12,-0.0031107920555157875,ENTERED,2.294296505152565,0.0,2013
LONG,2013-08-14,3139.0,3138.75,2013-08-14,3107.0,3107.25,{},1,1,NQ,5,fixed_hold,0,0.0,-32.0,-32.2,0.004371320193616918,-31.5,2013-08-13,0.007138846554905154,ENTERED,2.2444363272735495,0.0,2013
SHORT,2013-08-15,3107.0,3107.25,2013-08-15,3074.75,3074.5,{},1,1,NQ,5,fixed_hold,0,0.0,32.25,32.05,0.005035045425931386,32.75,2013-08-14,-0.0041663328258954024,ENTERED,1.9485722591834185,0.0,2013
SHORT,2013-08-16,3074.5,3074.75,2013-08-16,3069.0,3068.75,{},1,1,NQ,5,fixed_hold,0,0.0,5.5,5.3,0.005297421835260713,6.0,2013-08-15,-0.01686785514429623,ENTERED,1.8508156913119689,0.0,2013
SHORT,2013-08-19,3070.75,3071.0,2013-08-19,3072.5,3072.25,{},1,1,NQ,5,fixed_hold,0,0.0,-1.75,-1.95,0.005314822805260273,-1.25,2013-08-16,-0.014135410810376614,ENTERED,1.8447560371147755,0.0,2013
SHORT,2013-08-20,3072.0,3072.25,2013-08-20,3083.75,3083.5,{},1,1,NQ,5,fixed_hold,0,0.0,-11.75,-11.95,0.005296023741550021,-11.25,2013-08-19,-0.01672267562810026,ENTERED,1.8473304904403716,0.0,2013
SHORT,2013-08-21,3083.0,3083.25,2013-08-21,3057.75,3057.5,{},1,1,NQ,5,fixed_hold,0,0.0,25.25,25.05,0.005225943129668755,25.75,2013-08-20,-0.017680790060528695,ENTERED,1.8721034448917886,0.0,2013
SHORT,2013-08-22,3057.5,3057.75,2013-08-22,3107.25,3107.0,{},1,1,NQ,5,fixed_hold,0,0.0,-49.75,-49.95,0.005545649985587869,-49.25,2013-08-21,-0.01601094215141985,ENTERED,1.7621278156232996,0.0,2013
LONG,2013-08-23,3107.5,3107.25,2013-08-23,3121.0,3121.25,{},1,1,NQ,5,fixed_hold,0,0.0,13.5,13.3,0.006611328742503409,14.0,2013-08-22,0.010570824524313016,ENTERED,1.4780907856678547,0.0,2013
LONG,2013-08-26,3120.5,3120.25,2013-08-26,3119.25,3119.5,{},1,1,NQ,5,fixed_hold,0,0.0,-1.25,-1.45,0.006548070799919391,-0.75,2013-08-23,0.01710794297352347,ENTERED,1.4912302723656918,0.0,2013
LONG,2013-08-27,3119.5,3119.25,2013-08-27,3058.5,3058.75,{},1,1,NQ,5,fixed_hold,0,0.0,-61.0,-61.2,0.006524686231129068,-60.5,2013-08-26,0.01537960777931513,ENTERED,1.4965748629944298,0.0,2013
SHORT,2013-08-28,3058.5,3058.75,2013-08-28,3067.0,3066.75,{},1,1,NQ,5,fixed_hold,0,0.0,-8.5,-8.7,0.00784515023529843,-8.0,2013-08-27,-0.008026593157126616,ENTERED,1.2446212339874034,0.0,2013
LONG,2013-08-29,3067.25,3067.0,2013-08-29,3093.5,3093.75,{},1,1,NQ,5,fixed_hold,0,0.0,26.25,26.05,0.007850233063483076,26.75,2013-08-28,0.00302534750613237,ENTERED,1.2438153730866937,0.0,2013
SHORT,2013-08-30,3093.75,3094.0,2013-08-30,3079.5,3079.25,{},1,1,NQ,5,fixed_hold,0,0.0,14.25,14.05,0.007869127540996286,14.75,2013-08-29,-0.004264563887994677,ENTERED,1.2383036731071542,0.0,2013
SHORT,2013-09-02,3108.0,3108.25,2013-09-02,3106.25,3106.0,{},1,1,NQ,5,fixed_hold,0,0.0,1.75,1.55,0.0077838071873672365,2.25,2013-08-30,-0.013456147376852412,ENTERED,1.2518770446908083,0.0,2013
SHORT,2013-09-03,3106.0,3106.25,2013-09-03,3088.0,3087.75,{},1,1,NQ,5,fixed_hold,0,0.0,18.0,17.8,0.0077835301679306645,18.5,2013-09-02,-0.013617248751432443,ENTERED,1.2499377698513419,0.0,2013
LONG,2013-09-04,3088.5,3088.25,2013-09-04,3131.5,3131.75,{},1,1,NQ,5,fixed_hold,0,0.0,43.0,42.8,0.007793069587199857,43.5,2013-09-03,6.253050473947752e-05,ENTERED,1.248407733411452,0.0,2013
LONG,2013-09-05,3132.25,3132.0,2013-09-05,3130.25,3130.5,{},1,1,NQ,5,fixed_hold,0,0.0,-2.0,-2.2,0.008494251567992836,-1.5,2013-09-04,0.011667317124671284,ENTERED,1.143697686931939,0.0,2013
LONG,2013-09-06,3130.75,3130.5,2013-09-06,3132.75,3133.0,{},1,1,NQ,5,fixed_hold,0,0.0,2.0,1.8,0.0084739469531973,2.5,2013-09-05,0.0024379498353597207,ENTERED,1.1464381266708186,0.0,2013
LONG,2013-09-09,3139.25,3139.0,2013-09-09,3171.0,3171.25,{},1,1,NQ,5,fixed_hold,0,0.0,31.75,31.55,0.008417300669168376,32.25,2013-09-06,0.00796267996461042,ENTERED,1.150708143347514,0.0,2013
LONG,2013-09-10,3171.25,3171.0,2013-09-10,3181.25,3181.5,{},1,1,NQ,5,fixed_hold,0,0.0,10.0,9.8,0.008823665067532975,10.5,2013-09-09,0.02100772698003861,ENTERED,1.0977135182358655,0.0,2013
LONG,2013-09-11,3181.5,3181.25,2013-09-11,3179.75,3180.0,{},1,1,NQ,5,fixed_hold,0,0.0,-1.75,-1.95,0.008792854072457737,-1.25,2013-09-10,0.0303619140150595,ENTERED,1.1015069084230158,0.0,2013
LONG,2013-09-12,3180.25,3180.0,2013-09-12,3178.25,3178.5,{},1,1,NQ,5,fixed_hold,0,0.0,-2.0,-2.2,0.008452961994028388,-1.5,2013-09-11,0.015406721481599828,ENTERED,1.1457983027026395,0.0,2013
LONG,2013-09-13,3178.75,3178.5,2013-09-13,3180.5,3180.75,{},1,1,NQ,5,fixed_hold,0,0.0,1.75,1.55,0.008036470411317593,2.25,2013-09-12,0.01533301389554409,ENTERED,1.2046379341071964,0.0,2013
LONG,2013-09-16,3204.75,3204.5,2013-09-16,3156.5,3156.75,{},1,1,NQ,5,fixed_hold,0,0.0,-48.25,-48.45,0.008004805876880794,-47.75,2013-09-13,0.01524098308330668,ENTERED,1.2094031089203146,0.0,2013
SHORT,2013-09-17,3156.75,3157.0,2013-09-17,3187.25,3187.0,{},1,1,NQ,5,fixed_hold,0,0.0,-30.5,-30.7,0.008248954384653525,-30.0,2013-09-16,-0.004572329523058638,ENTERED,1.1732586224676784,0.0,2013
LONG,2013-09-18,3187.25,3187.0,2013-09-18,3228.5,3228.75,{},1,1,NQ,5,fixed_hold,0,0.0,41.25,41.05,0.008456148961483875,41.75,2013-09-17,0.0017287443030018501,ENTERED,1.1445111601296816,0.0,2013
LONG,2013-09-19,3229.0,3228.75,2013-09-19,3228.75,3229.0,{},1,1,NQ,5,fixed_hold,0,0.0,-0.25,-0.45,0.008533396496707214,0.25,2013-09-18,0.015330188679245182,ENTERED,1.1328806546035148,0.0,2013
LONG,2013-09-20,3229.0,3228.75,2013-09-20,3217.0,3217.25,{},1,1,NQ,5,fixed_hold,0,0.0,-12.0,-12.2,0.007888629623216799,-11.5,2013-09-19,0.015887997483089444,ENTERED,1.2254751802175372,0.0,2013
LONG,2013-09-23,3217.0,3216.75,2013-09-23,3210.25,3210.5,{},1,1,NQ,5,fixed_hold,0,0.0,-6.75,-6.95,0.007932864490591872,-6.25,2013-09-20,0.011475280987188308,ENTERED,1.2179293257497905,0.0,2013
LONG,2013-09-24,3210.75,3210.5,2013-09-24,3213.5,3213.75,{},1,1,NQ,5,fixed_hold,0,0.0,2.75,2.55,0.007956975189542977,3.25,2013-09-23,0.017027005622871627,ENTERED,1.2142388370128812,0.0,2013
LONG,2013-09-25,3213.5,3213.25,2013-09-25,3203.5,3203.75,{},1,1,NQ,5,fixed_hold,0,0.0,-10.0,-10.2,0.006336162586188715,-9.5,2013-09-24,0.008393473486036918,ENTERED,1.5232552472809622,0.0,2013
SHORT,2013-09-26,3203.75,3204.0,2013-09-26,3230.75,3230.5,{},1,1,NQ,5,fixed_hold,0,0.0,-27.0,-27.2,0.006436638589772309,-26.5,2013-09-25,-0.007742934572202986,ENTERED,1.4994772150751887,0.0,2013
LONG,2013-09-27,3231.0,3230.75,2013-09-27,3225.25,3225.5,{},1,1,NQ,5,fixed_hold,0,0.0,-5.75,-5.95,0.006411127293975715,-5.25,2013-09-26,0.0004645401052958409,ENTERED,1.504720073016845,0.0,2013
LONG,2013-09-30,3207.0,3206.75,2013-09-30,3216.5,3216.75,{},1,1,NQ,5,fixed_hold,0,0.0,9.5,9.3,0.006283304932474093,10.0,2013-09-27,0.0025643018105525606,ENTERED,1.5353308543172797,0.0,2013
LONG,2013-10-01,3217.25,3217.0,2013-10-01,3245.5,3245.75,{},1,1,NQ,5,fixed_hold,0,0.0,28.25,28.05,0.006342012219703784,28.75,2013-09-30,0.0019467372683383832,ENTERED,1.5206484040307084,0.0,2013
LONG,2013-10-02,3246.0,3245.75,2013-10-02,3228.75,3229.0,{},1,1,NQ,5,fixed_hold,0,0.0,-17.25,-17.45,0.006270574061048037,-16.75,2013-10-01,0.009957215091404237,ENTERED,1.537972547065963,0.0,2013
LONG,2013-10-03,3229.5,3229.25,2013-10-03,3204.75,3205.0,{},1,1,NQ,5,fixed_hold,0,0.0,-24.75,-24.95,0.005846838304175918,-24.25,2013-10-02,0.007881388997268646,ENTERED,1.6491944721616678,0.0,2013
SHORT,2013-10-04,3204.5,3204.75,2013-10-04,3233.25,3233.0,{},1,1,NQ,5,fixed_hold,0,0.0,-28.75,-28.95,0.006172472664084266,-28.25,2013-10-03,-0.007893514935768398,ENTERED,1.5621897310258197,0.0,2013
LONG,2013-10-07,3224.5,3224.25,2013-10-07,3206.5,3206.75,{},1,1,NQ,5,fixed_hold,0,0.0,-18.0,-18.2,0.006396784765933628,-17.5,2013-10-04,0.0023252208959849696,ENTERED,1.507166194741095,0.0,2013
SHORT,2013-10-08,3206.25,3206.5,2013-10-08,3158.5,3158.25,{},1,1,NQ,5,fixed_hold,0,0.0,47.75,47.55,0.006233928449384534,48.25,2013-10-07,-0.003108727753167173,ENTERED,1.546539687217911,0.0,2013
SHORT,2013-10-09,3158.25,3158.5,2013-10-09,3137.75,3137.5,{},1,1,NQ,5,fixed_hold,0,0.0,20.5,20.3,0.007111675678413164,21.0,2013-10-08,-0.0269583301240085,ENTERED,1.3548320760138053,0.0,2013
SHORT,2013-10-10,3137.0,3137.25,2013-10-10,3191.25,3191.0,{},1,1,NQ,5,fixed_hold,0,0.0,-54.25,-54.45,0.007246950251917394,-53.75,2013-10-09,-0.028336946423041298,ENTERED,1.3295422196077773,0.0,2013
SHORT,2013-10-11,3190.75,3191.0,2013-10-11,3230.75,3230.5,{},1,1,NQ,5,fixed_hold,0,0.0,-40.0,-40.2,0.008258108621815191,-39.5,2013-10-10,-0.004368174726989249,ENTERED,1.1634509671380922,0.0,2013
SHORT,2013-10-14,3210.0,3210.25,2013-10-14,3258.75,3258.5,{},1,1,NQ,5,fixed_hold,0,0.0,-48.75,-48.95,0.008694561784575342,-48.25,2013-10-11,-0.0007732755954223958,ENTERED,1.1050475804113882,0.0,2013
LONG,2013-10-15,3258.75,3258.5,2013-10-15,3256.0,3256.25,{},1,1,NQ,5,fixed_hold,0,0.0,-2.75,-2.95,0.008629896209767628,-2.25,2013-10-14,0.01613783425586668,ENTERED,1.1127548907307767,0.0,2013
LONG,2013-10-16,3255.75,3255.5,2013-10-16,3266.75,3267.0,{},1,1,NQ,5,fixed_hold,0,0.0,11.0,10.8,0.008434708282348328,11.5,2013-10-15,0.03102984247605467,ENTERED,1.1385051969152793,0.0,2013
LONG,2013-10-17,3267.75,3267.5,2013-10-17,3315.75,3316.0,{},1,1,NQ,5,fixed_hold,0,0.0,48.0,47.8,0.007973519125638357,48.5,2013-10-16,0.04127490039840631,ENTERED,1.2034299109283244,0.0,2013
LONG,2013-10-18,3316.25,3316.0,2013-10-18,3344.5,3344.75,{},1,1,NQ,5,fixed_hold,0,0.0,28.25,28.05,0.008594067829466449,28.75,2013-10-17,0.03917267314321515,ENTERED,1.1165342887162188,0.0,2013
LONG,2013-10-21,3348.25,3348.0,2013-10-21,3355.0,3355.25,{},1,1,NQ,5,fixed_hold,0,0.0,6.75,6.55,0.008657355510573766,7.25,2013-10-18,0.03536604240829577,ENTERED,1.1080144642359373,0.0,2013
LONG,2013-10-22,3355.5,3355.25,2013-10-22,3353.75,3354.0,{},1,1,NQ,5,fixed_hold,0,0.0,-1.75,-1.95,0.008606548982086184,-1.25,2013-10-21,0.029691575878471488,ENTERED,1.1145553400921056,0.0,2013
LONG,2013-10-23,3354.5,3354.25,2013-10-23,3342.0,3342.25,{},1,1,NQ,5,fixed_hold,0,0.0,-12.5,-12.7,0.008622523560914929,-12.0,2013-10-22,0.030019193857965698,ENTERED,1.1124848426885876,0.0,2013
LONG,2013-10-24,3342.5,3342.25,2013-10-24,3376.0,3376.25,{},1,1,NQ,5,fixed_hold,0,0.0,33.5,33.3,0.008635592623313185,34.0,2013-10-23,0.0230333639424547,ENTERED,1.110801213728722,0.0,2013
LONG,2013-10-25,3377.0,3376.75,2013-10-25,3375.25,3375.5,{},1,1,NQ,5,fixed_hold,0,0.0,-1.75,-1.95,0.008713710329067896,-1.25,2013-10-24,0.018169481302774626,ENTERED,1.099419588067098,0.0,2013
LONG,2013-10-28,3383.0,3382.75,2013-10-28,3372.75,3373.0,{},1,1,NQ,5,fixed_hold,0,0.0,-10.25,-10.45,0.008688348298417697,-9.75,2013-10-25,0.009193512220644573,ENTERED,1.102628887732843,0.0,2013
LONG,2013-10-29,3372.75,3372.5,2013-10-29,3386.75,3387.0,{},1,1,NQ,5,fixed_hold,0,0.0,14.0,13.8,0.008639382817120298,14.5,2013-10-28,0.005290216824379801,ENTERED,1.1085276401290154,0.0,2013
LONG,2013-10-30,3387.0,3386.75,2013-10-30,3372.25,3372.5,{},1,1,NQ,5,fixed_hold,0,0.0,-14.75,-14.95,0.008511149789853909,-14.25,2013-10-29,0.009838998211091354,ENTERED,1.1252292443319711,0.0,2013
LONG,2013-10-31,3372.5,3372.25,2013-10-31,3375.0,3375.25,{},1,1,NQ,5,fixed_hold,0,0.0,2.5,2.3,0.008473487846884356,3.0,2013-10-30,0.009050789139053217,ENTERED,1.1301496658615495,0.0,2013
SHORT,2013-11-01,3375.0,3375.25,2013-11-01,3369.0,3368.75,{},1,1,NQ,5,fixed_hold,0,0.0,6.0,5.8,0.00817491184081063,6.5,2013-10-31,-0.00029618659755636934,ENTERED,1.1714266337444272,0.0,2013
SHORT,2013-11-04,3368.5,3368.75,2013-11-04,3379.75,3379.5,{},1,1,NQ,5,fixed_hold,0,0.0,-11.25,-11.45,0.008102588073605584,-10.75,2013-11-01,-0.0019997037475927293,ENTERED,1.181491863860356,0.0,2013
LONG,2013-11-05,3379.25,3379.0,2013-11-05,3380.25,3380.5,{},1,1,NQ,5,fixed_hold,0,0.0,1.0,0.8,0.007739086348965618,1.5,2013-11-04,0.0019270678920841888,ENTERED,1.2369860541039794,0.0,2013
SHORT,2013-11-06,3379.25,3379.5,2013-11-06,3374.25,3374.0,{},1,1,NQ,5,fixed_hold,0,0.0,5.0,4.8,0.006551563829319317,5.5,2013-11-05,-0.0019191024505461618,ENTERED,1.4593275363900082,0.0,2013
LONG,2013-11-07,3370.5,3370.25,2013-11-07,3322.75,3323.0,{},1,1,NQ,5,fixed_hold,0,0.0,-47.75,-47.95,0.006254015574529597,-47.25,2013-11-06,0.0004447739065975842,ENTERED,1.5287581856176589,0.0,2013
SHORT,2013-11-08,3322.75,3323.0,2013-11-08,3362.0,3361.75,{},1,1,NQ,5,fixed_hold,0,0.0,-39.25,-39.45,0.006745381811654062,-38.75,2013-11-07,-0.015480334790015537,ENTERED,1.417310633362886,0.0,2013
SHORT,2013-11-11,3359.25,3359.5,2013-11-11,3355.5,3355.25,{},1,1,NQ,5,fixed_hold,0,0.0,3.75,3.55,0.006689241258640511,4.25,2013-11-08,-0.002077922077922012,ENTERED,1.42920564502003,0.0,2013
SHORT,2013-11-12,3355.0,3355.25,2013-11-12,3364.0,3363.75,{},1,1,NQ,5,fixed_hold,0,0.0,-9.0,-9.2,0.006552938551158852,-8.5,2013-11-11,-0.0071756176949251405,ENTERED,1.4579729757983644,0.0,2013
SHORT,2013-11-13,3362.0,3362.25,2013-11-13,3399.0,3398.75,{},1,1,NQ,5,fixed_hold,0,0.0,-37.0,-37.2,0.006536252811821894,-36.5,2013-11-12,-0.004954888330128471,ENTERED,1.4616948876850193,0.0,2013
LONG,2013-11-14,3398.75,3398.5,2013-11-14,3409.75,3410.0,{},1,1,NQ,5,fixed_hold,0,0.0,11.0,10.8,0.006817905070400801,11.5,2013-11-13,0.007335506816834592,ENTERED,1.4012469768798688,0.0,2013
LONG,2013-11-15,3410.0,3409.75,2013-11-15,3417.25,3417.5,{},1,1,NQ,5,fixed_hold,0,0.0,7.25,7.05,0.00610925207571127,7.75,2013-11-14,0.026181161600963065,ENTERED,1.563786982458205,0.0,2013
LONG,2013-11-18,3417.75,3417.5,2013-11-18,3385.75,3386.0,{},1,1,NQ,5,fixed_hold,0,0.0,-32.0,-32.2,0.005871606722030414,-31.5,2013-11-15,0.0165836246002824,ENTERED,1.6255482861651658,0.0,2013
LONG,2013-11-19,3386.0,3385.75,2013-11-19,3375.5,3375.75,{},1,1,NQ,5,fixed_hold,0,0.0,-10.5,-10.7,0.006280779842276514,-10.0,2013-11-18,0.009164741822516698,ENTERED,1.5196489104405393,0.0,2013
LONG,2013-11-20,3381.5,3381.25,2013-11-20,3368.5,3368.75,{},1,1,NQ,5,fixed_hold,0,0.0,-13.0,-13.2,0.0063275099897226374,-12.5,2013-11-19,0.0035674470457076612,ENTERED,1.50631307374169,0.0,2013
SHORT,2013-11-21,3368.0,3368.25,2013-11-21,3404.75,3404.5,{},1,1,NQ,5,fixed_hold,0,0.0,-36.75,-36.95,0.006289742229751387,-36.25,2013-11-20,-0.008826774549467009,ENTERED,1.5153579707394613,0.0,2013
SHORT,2013-11-22,3404.25,3404.5,2013-11-22,3421.25,3421.0,{},1,1,NQ,5,fixed_hold,0,0.0,-17.0,-17.2,0.006326290598895375,-16.5,2013-11-21,-0.00161290322580665,ENTERED,1.5064988262754524,0.0,2013
LONG,2013-11-25,3431.5,3431.25,2013-11-25,3427.5,3427.75,{},1,1,NQ,5,fixed_hold,0,0.0,-4.0,-4.2,0.006399649745474219,-3.5,2013-11-22,0.001024140453547595,ENTERED,1.489229839281945,0.0,2013
LONG,2013-11-26,3428.75,3428.5,2013-11-26,3446.5,3446.75,{},1,1,NQ,5,fixed_hold,0,0.0,17.75,17.55,0.006396507174938866,18.25,2013-11-25,0.012330183106910697,ENTERED,1.4876907298545823,0.0,2013
LONG,2013-11-27,3447.0,3446.75,2013-11-27,3469.5,3469.75,{},1,1,NQ,5,fixed_hold,0,0.0,22.5,22.3,0.006442025059882247,23.0,2013-11-26,0.02103236317855295,ENTERED,1.4771790452766131,0.0,2013
LONG,2013-11-28,3482.75,3482.5,2013-11-28,3481.25,3481.5,{},1,1,NQ,5,fixed_hold,0,0.0,-1.5,-1.7,0.006444495908107184,-1.0,2013-11-27,0.02998144712430406,ENTERED,1.476590759657417,0.0,2013
LONG,2013-11-29,3481.5,3481.25,2013-11-29,3491.25,3491.5,{},1,1,NQ,5,fixed_hold,0,0.0,9.75,9.55,0.006456965844395883,10.25,2013-11-28,0.022617124394184174,ENTERED,1.473739111818302,0.0,2013
LONG,2013-12-02,3492.25,3492.0,2013-12-02,3484.0,3484.25,{},1,1,NQ,5,fixed_hold,0,0.0,-8.25,-8.45,0.006409176189160645,-7.75,2013-11-29,0.020608009353989987,ENTERED,1.4839220620450442,0.0,2013
LONG,2013-12-03,3485.75,3485.5,2013-12-03,3476.5,3476.75,{},1,1,NQ,5,fixed_hold,0,0.0,-9.25,-9.45,0.006457512018811611,-8.75,2013-12-02,0.01648311574648087,ENTERED,1.4728145946803115,0.0,2013
LONG,2013-12-04,3477.25,3477.0,2013-12-04,3482.75,3483.0,{},1,1,NQ,5,fixed_hold,0,0.0,5.5,5.3,0.006505514403027881,6.0,2013-12-03,0.008703851454268552,ENTERED,1.4597879473737232,0.0,2013
LONG,2013-12-05,3481.5,3481.25,2013-12-05,3477.0,3477.25,{},1,1,NQ,5,fixed_hold,0,0.0,-4.5,-4.7,0.00645776957960696,-4.0,2013-12-04,0.003818718927876663,ENTERED,1.470580732238554,0.0,2013
SHORT,2013-12-06,3477.25,3477.5,2013-12-06,3506.0,3505.75,{},1,1,NQ,5,fixed_hold,0,0.0,-28.75,-28.95,0.005201988708484981,-28.25,2013-12-05,-0.001220738187562742,ENTERED,1.824639701554722,0.0,2013
LONG,2013-12-09,3512.5,3512.25,2013-12-09,3520.0,3520.25,{},1,1,NQ,5,fixed_hold,0,0.0,7.5,7.3,0.004923497411906555,8.0,2013-12-06,0.004081340398109701,ENTERED,1.927848098708662,0.0,2013
LONG,2013-12-10,3519.75,3519.5,2013-12-10,3517.5,3517.75,{},1,1,NQ,5,fixed_hold,0,0.0,-2.25,-2.45,0.004847562898797185,-1.75,2013-12-09,0.010332209227236877,ENTERED,1.9573087729849836,0.0,2013
LONG,2013-12-11,3518.25,3518.0,2013-12-11,3473.5,3473.75,{},1,1,NQ,5,fixed_hold,0,0.0,-44.75,-44.95,0.0048973716019708215,-44.25,2013-12-10,0.01179262242036394,ENTERED,1.9374019699860991,0.0,2013
SHORT,2013-12-12,3473.25,3473.5,2013-12-12,3457.25,3457.0,{},1,1,NQ,5,fixed_hold,0,0.0,16.0,15.8,0.00552907115626327,16.5,2013-12-11,-0.0026557565317253395,ENTERED,1.715765216199242,0.0,2013
SHORT,2013-12-13,3460.0,3460.25,2013-12-13,3457.5,3457.25,{},1,1,NQ,5,fixed_hold,0,0.0,2.5,2.3,0.005656041971971342,3.0,2013-12-12,-0.005823567474297131,ENTERED,1.677248509614686,0.0,2013
SHORT,2013-12-16,3455.75,3456.0,2013-12-16,3468.5,3468.25,{},1,1,NQ,5,fixed_hold,0,0.0,-12.75,-12.95,0.005646351700587722,-12.25,2013-12-13,-0.01383441488982362,ENTERED,1.6772878822032151,0.0,2013
SHORT,2013-12-17,3467.0,3467.25,2013-12-17,3460.0,3459.75,{},1,1,NQ,5,fixed_hold,0,0.0,7.0,6.8,0.005173335449371322,7.5,2013-12-16,-0.014771678147858736,ENTERED,1.8306482111466775,0.0,2013
SHORT,2013-12-18,3461.75,3462.0,2013-12-18,3508.5,3508.25,{},1,1,NQ,5,fixed_hold,0,0.0,-46.75,-46.95,0.005150022143304314,-46.25,2013-12-17,-0.016487811811527253,ENTERED,1.8369890851116235,0.0,2013
LONG,2013-12-19,3510.75,3510.5,2013-12-19,3493.75,3494.0,{},1,1,NQ,5,fixed_hold,0,0.0,-17.0,-17.2,0.005818375562293186,-16.5,2013-12-18,0.009931630082763654,ENTERED,1.6259752166297996,0.0,2013
LONG,2013-12-20,3493.75,3493.5,2013-12-20,3536.5,3536.75,{},1,1,NQ,5,fixed_hold,0,0.0,42.75,42.55,0.005602639230332383,43.25,2013-12-19,0.010702921608330973,ENTERED,1.6814694046396177,0.0,2013
LONG,2013-12-23,3546.25,3546.0,2013-12-23,3566.5,3566.75,{},1,1,NQ,5,fixed_hold,0,0.0,20.25,20.05,0.00607184671664469,20.75,2013-12-20,0.022995155108829213,ENTERED,1.5515323246242008,0.0,2013
LONG,2013-12-24,3564.25,3564.0,2013-12-24,3570.75,3571.0,{},1,1,NQ,5,fixed_hold,0,0.0,6.5,6.3,0.006259782024765807,7.0,2013-12-23,0.028400490160743752,ENTERED,1.5036131653932918,0.0,2013
LONG,2013-12-26,3573.0,3572.75,2013-12-26,3580.5,3580.75,{},1,1,NQ,5,fixed_hold,0,0.0,7.5,7.3,0.006205842043329975,8.0,2013-12-24,0.03215550256521427,ENTERED,1.5166822808592837,0.0,2013
LONG,2013-12-27,3581.0,3580.75,2013-12-27,3570.25,3570.5,{},1,1,NQ,5,fixed_hold,0,0.0,-10.75,-10.95,0.006104377003421502,-10.25,2013-12-26,0.020665574004133047,ENTERED,1.528197707332885,0.0,2013
LONG,2013-12-30,3570.5,3570.25,2013-12-30,3566.75,3567.0,{},1,1,NQ,5,fixed_hold,0,0.0,-3.75,-3.95,0.006167370996350665,-3.25,2013-12-27,0.021894676588437356,ENTERED,1.5125885805871364,0.0,2013
LONG,2013-12-31,3567.25,3567.0,2013-12-31,3593.0,3593.25,{},1,1,NQ,5,fixed_hold,0,0.0,25.75,25.55,0.006175210501796113,26.25,2013-12-30,0.008553050116632432,ENTERED,1.5056664400606428,0.0,2013
LONG,2014-01-02,3576.0,3575.75,2014-01-02,3561.0,3561.25,{},1,1,NQ,5,fixed_hold,0,0.0,-15.0,-15.2,0.00628023997169829,-14.5,2013-12-31,0.007429732950164691,ENTERED,1.4804859774092602,0.0,2014
SHORT,2014-01-03,3560.5,3560.75,2014-01-03,3531.0,3530.75,{},1,1,NQ,5,fixed_hold,0,0.0,29.5,29.3,0.006660383841495182,30.0,2014-01-02,-0.0027303276393166875,ENTERED,1.3956923573700155,0.0,2014
SHORT,2014-01-06,3538.0,3538.25,2014-01-06,3516.25,3516.0,{},1,1,NQ,5,fixed_hold,0,0.0,21.75,21.55,0.007007276618892854,22.25,2014-01-03,-0.013963555121133675,ENTERED,1.32659909552626,0.0,2014
SHORT,2014-01-07,3518.75,3519.0,2014-01-07,3549.5,3549.25,{},1,1,NQ,5,fixed_hold,0,0.0,-30.75,-30.95,0.007074429556181398,-30.25,2014-01-06,-0.015263968631844316,ENTERED,1.3110053381362683,0.0,2014
SHORT,2014-01-08,3547.0,3547.25,2014-01-08,3560.25,3560.0,{},1,1,NQ,5,fixed_hold,0,0.0,-13.25,-13.45,0.007151078838657932,-12.75,2014-01-07,-0.004976170451359563,ENTERED,1.2969532460312525,0.0,2014
SHORT,2014-01-09,3560.0,3560.25,2014-01-09,3550.25,3550.0,{},1,1,NQ,5,fixed_hold,0,0.0,9.75,9.55,0.007126841779427496,10.25,2014-01-08,-0.009253461351144354,ENTERED,1.293754000257105,0.0,2014
SHORT,2014-01-10,3549.75,3550.0,2014-01-10,3563.5,3563.25,{},1,1,NQ,5,fixed_hold,0,0.0,-13.75,-13.95,0.007162291122771625,-13.25,2014-01-09,-0.003159003159002971,ENTERED,1.287350640079223,0.0,2014
LONG,2014-01-13,3561.0,3560.75,2014-01-13,3510.5,3510.75,{},1,1,NQ,5,fixed_hold,0,0.0,-50.5,-50.7,0.006502422597584061,-50.0,2014-01-10,0.009204843163634013,ENTERED,1.4135930223063964,0.0,2014
SHORT,2014-01-14,3510.75,3511.0,2014-01-14,3575.75,3575.5,{},1,1,NQ,5,fixed_hold,0,0.0,-65.0,-65.2,0.007319390490940507,-64.5,2014-01-13,-0.0014931740614334554,ENTERED,1.255812109411198,0.0,2014
LONG,2014-01-15,3575.75,3575.5,2014-01-15,3600.5,3600.75,{},1,1,NQ,5,fixed_hold,0,0.0,24.75,24.55,0.00830942374739721,25.25,2014-01-14,0.007395928717334632,ENTERED,1.1043137235688074,0.0,2014
LONG,2014-01-16,3601.25,3601.0,2014-01-16,3593.25,3593.5,{},1,1,NQ,5,fixed_hold,0,0.0,-8.0,-8.2,0.008390358456203121,-7.5,2014-01-15,0.01144662921348294,ENTERED,1.093661340823308,0.0,2014
LONG,2014-01-17,3594.0,3593.75,2014-01-17,3584.25,3584.5,{},1,1,NQ,5,fixed_hold,0,0.0,-9.75,-9.95,0.008378958185861572,-9.25,2014-01-16,0.012253521126760702,ENTERED,1.0943022331415038,0.0,2014
LONG,2014-01-20,3588.5,3588.25,2014-01-20,3587.5,3587.75,{},1,1,NQ,5,fixed_hold,0,0.0,-1.0,-1.2,0.00792687270729109,-0.5,2014-01-17,0.005963656774012449,ENTERED,1.156712488363022,0.0,2014
LONG,2014-01-21,3588.25,3588.0,2014-01-21,3608.25,3608.5,{},1,1,NQ,5,fixed_hold,0,0.0,20.0,19.8,0.007833716192238388,20.5,2014-01-20,0.021932635476750173,ENTERED,1.1608200235927775,0.0,2014
LONG,2014-01-22,3606.25,3606.0,2014-01-22,3625.25,3625.5,{},1,1,NQ,5,fixed_hold,0,0.0,19.0,18.8,0.007487222484673809,19.5,2014-01-21,0.009229478394630064,ENTERED,1.214540456585545,0.0,2014
LONG,2014-01-23,3634.5,3634.25,2014-01-23,3612.5,3612.75,{},1,1,NQ,5,fixed_hold,0,0.0,-22.0,-22.2,0.007335647958871976,-21.5,2014-01-22,0.006873568006665387,ENTERED,1.237663529168521,0.0,2014
LONG,2014-01-24,3611.75,3611.5,2014-01-24,3527.5,3527.75,{},1,1,NQ,5,fixed_hold,0,0.0,-84.25,-84.45,0.007399138971273744,-83.75,2014-01-23,0.005356894392653633,ENTERED,1.227043305547268,0.0,2014
SHORT,2014-01-27,3528.25,3528.5,2014-01-27,3469.25,3469.0,{},1,1,NQ,5,fixed_hold,0,0.0,59.0,58.8,0.009129821319357074,59.5,2014-01-24,-0.015832054679871588,ENTERED,0.9944404850800189,0.0,2014
SHORT,2014-01-28,3475.0,3475.25,2014-01-28,3512.75,3512.5,{},1,1,NQ,5,fixed_hold,0,0.0,-37.75,-37.95,0.009797685644252648,-37.25,2014-01-27,-0.03309873876384928,ENTERED,0.9281308816462776,0.0,2014
SHORT,2014-01-29,3513.5,3513.75,2014-01-29,3477.5,3477.25,{},1,1,NQ,5,fixed_hold,0,0.0,36.0,35.8,0.010282240776250786,36.5,2014-01-28,-0.026603852016073404,ENTERED,0.8843923044573037,0.0,2014
SHORT,2014-01-30,3488.5,3488.75,2014-01-30,3518.75,3518.5,{},1,1,NQ,5,fixed_hold,0,0.0,-30.25,-30.45,0.010298629136720786,-29.75,2014-01-29,-0.040890911598400304,ENTERED,0.8865084078815683,0.0,2014
SHORT,2014-01-31,3518.0,3518.25,2014-01-31,3515.5,3515.25,{},1,1,NQ,5,fixed_hold,0,0.0,2.5,2.3,0.01056563879594748,3.0,2014-01-30,-0.026088159988928217,ENTERED,0.8641050007178814,0.0,2014
SHORT,2014-02-03,3527.5,3527.75,2014-02-03,3437.75,3437.5,{},1,1,NQ,5,fixed_hold,0,0.0,89.75,89.55,0.010397415707777745,90.25,2014-01-31,-0.0035433349868897457,ENTERED,0.8818645817276195,0.0,2014
SHORT,2014-02-04,3442.0,3442.25,2014-02-04,3454.0,3453.75,{},1,1,NQ,5,fixed_hold,0,0.0,-12.0,-12.2,0.011479117007550938,-11.5,2014-02-03,-0.009080426635918237,ENTERED,0.7987646304289938,0.0,2014
SHORT,2014-02-05,3453.25,3453.5,2014-02-05,3451.25,3451.0,{},1,1,NQ,5,fixed_hold,0,0.0,2.0,1.8,0.011298235851890987,2.5,2014-02-04,-0.016725978647686768,ENTERED,0.8121808395125212,0.0,2014
SHORT,2014-02-06,3450.5,3450.75,2014-02-06,3491.5,3491.25,{},1,1,NQ,5,fixed_hold,0,0.0,-41.0,-41.2,0.011253353735948086,-40.5,2014-02-05,-0.007549068948162985,ENTERED,0.8154200867148159,0.0,2014
SHORT,2014-02-07,3490.75,3491.0,2014-02-07,3562.0,3561.75,{},1,1,NQ,5,fixed_hold,0,0.0,-71.25,-71.45,0.011623502327427756,-70.75,2014-02-06,-0.007744777604092645,ENTERED,0.7907925643325762,0.0,2014
LONG,2014-02-10,3559.25,3559.0,2014-02-10,3580.75,3581.0,{},1,1,NQ,5,fixed_hold,0,0.0,21.5,21.3,0.012508182515799484,22.0,2014-02-07,0.013228077661617377,ENTERED,0.7348612958294967,0.0,2014
LONG,2014-02-11,3579.75,3579.5,2014-02-11,3612.0,3612.25,{},1,1,NQ,5,fixed_hold,0,0.0,32.25,32.05,0.01205761009353444,32.75,2014-02-10,0.04174545454545453,ENTERED,0.7646938315145851,0.0,2014
LONG,2014-02-12,3612.5,3612.25,2014-02-12,3620.25,3620.5,{},1,1,NQ,5,fixed_hold,0,0.0,7.75,7.55,0.011503354912783356,8.25,2014-02-11,0.04589214621787896,ENTERED,0.8015383452254817,0.0,2014
LONG,2014-02-13,3620.5,3620.25,2014-02-13,3649.5,3649.75,{},1,1,NQ,5,fixed_hold,0,0.0,29.0,28.8,0.011410776222890008,29.5,2014-02-12,0.049116198203419836,ENTERED,0.8127943911315985,0.0,2014
LONG,2014-02-14,3650.0,3649.75,2014-02-14,3660.75,3661.0,{},1,1,NQ,5,fixed_hold,0,0.0,10.75,10.55,0.011524021517301797,11.25,2014-02-13,0.0453992123165059,ENTERED,0.804807149873696,0.0,2014
LONG,2014-02-17,3666.5,3666.25,2014-02-17,3664.75,3665.0,{},1,1,NQ,5,fixed_hold,0,0.0,-1.75,-1.95,0.011506375903421344,-1.25,2014-02-14,0.027865515547133013,ENTERED,0.8078865928551415,0.0,2014
LONG,2014-02-18,3665.25,3665.0,2014-02-18,3675.75,3676.0,{},1,1,NQ,5,fixed_hold,0,0.0,10.5,10.3,0.011506269909336632,11.0,2014-02-17,0.023457134878525965,ENTERED,0.8078940349889204,0.0,2014
LONG,2014-02-19,3670.25,3670.0,2014-02-19,3656.25,3656.5,{},1,1,NQ,5,fixed_hold,0,0.0,-14.0,-14.2,0.011463773584064332,-13.5,2014-02-18,0.017648280157796403,ENTERED,0.8110599136212207,0.0,2014
LONG,2014-02-20,3656.5,3656.25,2014-02-20,3670.5,3670.75,{},1,1,NQ,5,fixed_hold,0,0.0,14.0,13.8,0.01151132378929957,14.5,2014-02-19,0.00994337798646594,ENTERED,0.8077096416580071,0.0,2014
LONG,2014-02-21,3671.25,3671.0,2014-02-21,3663.5,3663.75,{},1,1,NQ,5,fixed_hold,0,0.0,-7.75,-7.95,0.011494899883768632,-7.25,2014-02-20,0.005753818754709039,ENTERED,0.8115507777929327,0.0,2014
LONG,2014-02-24,3666.25,3666.0,2014-02-24,3687.5,3687.75,{},1,1,NQ,5,fixed_hold,0,0.0,21.25,21.05,0.010000138997560476,21.75,2014-02-21,0.000751160885004154,ENTERED,0.9328565276542709,0.0,2014
LONG,2014-02-25,3687.75,3687.5,2014-02-25,3689.5,3689.75,{},1,1,NQ,5,fixed_hold,0,0.0,1.75,1.55,0.009028110388920041,2.25,2014-02-24,0.0062073669849931346,ENTERED,1.0332942929866238,0.0,2014
LONG,2014-02-26,3690.0,3689.75,2014-02-26,3681.5,3681.75,{},1,1,NQ,5,fixed_hold,0,0.0,-8.5,-8.7,0.008762631372493956,-8.0,2014-02-25,0.003740478781284029,ENTERED,1.0610747865133776,0.0,2014
LONG,2014-02-27,3680.5,3680.25,2014-02-27,3705.25,3705.5,{},1,1,NQ,5,fixed_hold,0,0.0,24.75,24.55,0.008336441656251472,25.25,2014-02-26,0.006905510734308562,ENTERED,1.115320852259795,0.0,2014
LONG,2014-02-28,3699.75,3699.5,2014-02-28,3699.75,3700.0,{},1,1,NQ,5,fixed_hold,0,0.0,0.0,-0.2,0.008114899458422037,0.5,2014-02-27,0.009466730232241094,ENTERED,1.1455282807081348,0.0,2014
LONG,2014-03-03,3666.25,3666.0,2014-03-03,3670.25,3670.5,{},1,1,NQ,5,fixed_hold,0,0.0,4.0,3.8,0.008128754339248881,4.5,2014-02-28,0.009894234049812267,ENTERED,1.1435758096220845,0.0,2014
LONG,2014-03-04,3672.5,3672.25,2014-03-04,3718.5,3718.75,{},1,1,NQ,5,fixed_hold,0,0.0,46.0,45.8,0.005709216613935765,46.5,2014-03-03,0.004553382105859427,ENTERED,1.624498690377971,0.0,2014
LONG,2014-03-05,3716.75,3716.5,2014-03-05,3729.0,3729.25,{},1,1,NQ,5,fixed_hold,0,0.0,12.25,12.05,0.006082162329831496,12.75,2014-03-04,0.01720691789787754,ENTERED,1.5248877635069227,0.0,2014
LONG,2014-03-06,3729.5,3729.25,2014-03-06,3724.0,3724.25,{},1,1,NQ,5,fixed_hold,0,0.0,-5.5,-5.7,0.00597914826388875,-5.0,2014-03-05,0.022295540614043707,ENTERED,1.5420892164558881,0.0,2014
LONG,2014-03-07,3724.25,3724.0,2014-03-07,3704.0,3704.25,{},1,1,NQ,5,fixed_hold,0,0.0,-20.25,-20.45,0.005849380841151941,-19.75,2014-03-06,0.014381388365431569,ENTERED,1.5763001780403791,0.0,2014
LONG,2014-03-10,3700.5,3700.25,2014-03-10,3706.5,3706.75,{},1,1,NQ,5,fixed_hold,0,0.0,6.0,5.8,0.004748467562958,6.5,2014-03-07,0.010433715220949269,ENTERED,1.9357359169378754,0.0,2014
LONG,2014-03-11,3707.25,3707.0,2014-03-11,3685.75,3686.0,{},1,1,NQ,5,fixed_hold,0,0.0,-21.5,-21.7,0.004710498068353555,-21.0,2014-03-10,0.009876038686827515,ENTERED,1.9513391320092472,0.0,2014
SHORT,2014-03-12,3685.5,3685.75,2014-03-12,3712.5,3712.25,{},1,1,NQ,5,fixed_hold,0,0.0,-27.0,-27.2,0.004754733174336622,-26.5,2014-03-11,-0.008806722689075563,ENTERED,1.929910752663749,0.0,2014
SHORT,2014-03-13,3711.75,3712.0,2014-03-13,3654.5,3654.25,{},1,1,NQ,5,fixed_hold,0,0.0,57.25,57.05,0.004917824144351365,57.75,2014-03-12,-0.004558557350673675,ENTERED,1.8659086640458915,0.0,2014
SHORT,2014-03-14,3654.25,3654.5,2014-03-14,3628.25,3628.0,{},1,1,NQ,5,fixed_hold,0,0.0,26.0,25.8,0.006035310098071505,26.5,2014-03-13,-0.018795730684030287,ENTERED,1.5192446626922214,0.0,2014
SHORT,2014-03-17,3614.5,3614.75,2014-03-17,3653.0,3652.75,{},1,1,NQ,5,fixed_hold,0,0.0,-38.5,-38.7,0.0062408076759733686,-38.0,2014-03-14,-0.020584463791590735,ENTERED,1.4692189104766011,0.0,2014
SHORT,2014-03-18,3652.5,3652.75,2014-03-18,3698.0,3697.75,{},1,1,NQ,5,fixed_hold,0,0.0,-45.5,-45.7,0.006421166298486998,-45.0,2014-03-17,-0.014568017805355327,ENTERED,1.4218322489963091,0.0,2014
LONG,2014-03-19,3697.75,3697.5,2014-03-19,3677.0,3677.25,{},1,1,NQ,5,fixed_hold,0,0.0,-20.75,-20.95,0.006943257246718768,-20.25,2014-03-18,0.0031877373846989077,ENTERED,1.3149190639122046,0.0,2014
SHORT,2014-03-20,3677.0,3677.25,2014-03-20,3689.75,3689.5,{},1,1,NQ,5,fixed_hold,0,0.0,-12.75,-12.95,0.0069544879862206655,-12.25,2014-03-19,-0.009428244326217361,ENTERED,1.3075778739011183,0.0,2014
LONG,2014-03-21,3689.5,3689.25,2014-03-21,3642.75,3643.0,{},1,1,NQ,5,fixed_hold,0,0.0,-46.75,-46.95,0.006942226526350817,-46.25,2014-03-20,0.009646302250803984,ENTERED,1.3098873366601747,0.0,2014
LONG,2014-03-24,3641.0,3640.75,2014-03-24,3614.25,3614.5,{},1,1,NQ,5,fixed_hold,0,0.0,-26.75,-26.95,0.007542867631142894,-26.25,2014-03-21,0.004134509371554573,ENTERED,1.2036621064420945,0.0,2014
SHORT,2014-03-25,3614.5,3614.75,2014-03-25,3630.75,3630.5,{},1,1,NQ,5,fixed_hold,0,0.0,-16.25,-16.45,0.007591016502277294,-15.75,2014-03-24,-0.010471562521387923,ENTERED,1.1960274277880492,0.0,2014
SHORT,2014-03-26,3629.75,3630.0,2014-03-26,3577.0,3576.75,{},1,1,NQ,5,fixed_hold,0,0.0,52.75,52.55,0.00766875669280528,53.25,2014-03-25,-0.018186735176796698,ENTERED,1.177258680978898,0.0,2014
SHORT,2014-03-27,3576.5,3576.75,2014-03-27,3558.25,3558.0,{},1,1,NQ,5,fixed_hold,0,0.0,18.25,18.05,0.008321848002143327,18.75,2014-03-26,-0.027330205996328738,ENTERED,1.084868455491474,0.0,2014
SHORT,2014-03-28,3557.75,3558.0,2014-03-28,3564.25,3564.0,{},1,1,NQ,5,fixed_hold,0,0.0,-6.5,-6.7,0.008184024420592044,-6.0,2014-03-27,-0.03564168586529337,ENTERED,1.1025513608242286,0.0,2014
SHORT,2014-03-31,3579.5,3579.75,2014-03-31,3582.0,3581.75,{},1,1,NQ,5,fixed_hold,0,0.0,-2.5,-2.7,0.008215732550302026,-2.0,2014-03-28,-0.021685424101015593,ENTERED,1.0982961296142437,0.0,2014
SHORT,2014-04-01,3581.25,3581.5,2014-04-01,3649.5,3649.25,{},1,1,NQ,5,fixed_hold,0,0.0,-68.25,-68.45,0.008320555409044183,-67.75,2014-03-31,-0.009060727624844334,ENTERED,1.0795283310817272,0.0,2014
LONG,2014-04-02,3649.75,3649.5,2014-04-02,3654.75,3655.0,{},1,1,NQ,5,fixed_hold,0,0.0,5.0,4.8,0.008913911721797436,5.5,2014-04-01,0.005164577881834553,ENTERED,1.0076693122766625,0.0,2014
LONG,2014-04-03,3655.0,3654.75,2014-04-03,3634.75,3635.0,{},1,1,NQ,5,fixed_hold,0,0.0,-20.25,-20.45,0.008890776503229426,-19.75,2014-04-02,0.021877402670021695,ENTERED,1.0089088763278526,0.0,2014
LONG,2014-04-04,3634.75,3634.5,2014-04-04,3541.75,3542.0,{},1,1,NQ,5,fixed_hold,0,0.0,-93.0,-93.2,0.008947712329229265,-92.5,2014-04-03,0.021641371557054256,ENTERED,1.0024890163548572,0.0,2014
SHORT,2014-04-07,3531.25,3531.5,2014-04-07,3503.75,3503.5,{},1,1,NQ,5,fixed_hold,0,0.0,27.5,27.3,0.010460462776980857,28.0,2014-04-04,-0.006172839506172756,ENTERED,0.8575130491639903,0.0,2014
SHORT,2014-04-08,3503.5,3503.75,2014-04-08,3530.75,3530.5,{},1,1,NQ,5,fixed_hold,0,0.0,-27.25,-27.45,0.01061178087948083,-26.75,2014-04-07,-0.021846862567180825,ENTERED,0.8464437210314837,0.0,2014
SHORT,2014-04-09,3530.25,3530.5,2014-04-09,3594.25,3594.0,{},1,1,NQ,5,fixed_hold,0,0.0,-64.0,-64.2,0.010839224264864559,-63.5,2014-04-08,-0.03254093306843886,ENTERED,0.8286824845496211,0.0,2014
SHORT,2014-04-10,3595.25,3595.5,2014-04-10,3481.5,3481.25,{},1,1,NQ,5,fixed_hold,0,0.0,113.75,113.55,0.011572951028049807,114.25,2014-04-09,-0.016689466484268167,ENTERED,0.7796894016117702,0.0,2014
SHORT,2014-04-11,3480.75,3481.0,2014-04-11,3443.0,3442.75,{},1,1,NQ,5,fixed_hold,0,0.0,37.75,37.55,0.013025235379273333,38.25,2014-04-10,-0.042297111416781275,ENTERED,0.6927557928282044,0.0,2014
SHORT,2014-04-14,3436.0,3436.25,2014-04-14,3471.25,3471.0,{},1,1,NQ,5,fixed_hold,0,0.0,-35.25,-35.45,0.013129489578129993,-34.75,2014-04-11,-0.02802089215132686,ENTERED,0.6876208199257275,0.0,2014
SHORT,2014-04-15,3470.5,3470.75,2014-04-15,3496.25,3496.0,{},1,1,NQ,5,fixed_hold,0,0.0,-25.75,-25.95,0.013184918058124242,-25.25,2014-04-14,-0.009276437847866359,ENTERED,0.6847301097451363,0.0,2014
SHORT,2014-04-16,3495.75,3496.0,2014-04-16,3500.75,3500.5,{},1,1,NQ,5,fixed_hold,0,0.0,-5.0,-5.2,0.012930104710580414,-4.5,2014-04-15,-0.009771986970683932,ENTERED,0.7021647654628932,0.0,2014
SHORT,2014-04-17,3500.5,3500.75,2014-04-17,3524.25,3524.0,{},1,1,NQ,5,fixed_hold,0,0.0,-23.75,-23.95,0.01294184087308213,-23.25,2014-04-16,-0.026015581524763576,ENTERED,0.7015280152608727,0.0,2014
LONG,2014-04-21,3533.25,3533.0,2014-04-21,3553.75,3554.0,{},1,1,NQ,5,fixed_hold,0,0.0,20.5,20.3,0.013042098791562495,21.0,2014-04-17,0.012280071813285387,ENTERED,0.69724472728088,0.0,2014
LONG,2014-04-22,3554.25,3554.0,2014-04-22,3583.25,3583.5,{},1,1,NQ,5,fixed_hold,0,0.0,29.0,28.8,0.01301118879989984,29.5,2014-04-21,0.03231428363953226,ENTERED,0.6989011346267828,0.0,2014
LONG,2014-04-23,3583.75,3583.5,2014-04-23,3593.75,3594.0,{},1,1,NQ,5,fixed_hold,0,0.0,10.0,9.8,0.013075630531674928,10.5,2014-04-22,0.0324114088159031,ENTERED,0.6982318211913858,0.0,2014
LONG,2014-04-24,3594.25,3594.0,2014-04-24,3585.5,3585.75,{},1,1,NQ,5,fixed_hold,0,0.0,-8.75,-8.95,0.013051124000786495,-8.25,2014-04-23,0.02803203661327225,ENTERED,0.6995429143732668,0.0,2014
LONG,2014-04-25,3586.0,3585.75,2014-04-25,3530.75,3531.0,{},1,1,NQ,5,fixed_hold,0,0.0,-55.25,-55.45,0.012618189573321717,-54.75,2014-04-24,0.024353663762319844,ENTERED,0.726658337228789,0.0,2014
LONG,2014-04-28,3530.25,3530.0,2014-04-28,3545.25,3545.5,{},1,1,NQ,5,fixed_hold,0,0.0,15.0,14.8,0.01303806695829795,15.5,2014-04-25,0.0019863791146423893,ENTERED,0.7032570613047826,0.0,2014
SHORT,2014-04-29,3545.25,3545.5,2014-04-29,3556.0,3555.75,{},1,1,NQ,5,fixed_hold,0,0.0,-10.75,-10.95,0.013068661818317406,-10.25,2014-04-28,-0.0023916713562180947,ENTERED,0.7021538093776097,0.0,2014
SHORT,2014-04-30,3555.25,3555.5,2014-04-30,3579.0,3578.75,{},1,1,NQ,5,fixed_hold,0,0.0,-23.75,-23.95,0.013033556964708808,-23.25,2014-04-29,-0.007743825868564147,ENTERED,0.7040450050623842,0.0,2014
SHORT,2014-05-01,3578.25,3578.5,2014-05-01,3589.0,3588.75,{},1,1,NQ,5,fixed_hold,0,0.0,-10.75,-10.95,0.012353610678949259,-10.25,2014-04-30,-0.004243183082915936,ENTERED,0.7440560861850045,0.0,2014
LONG,2014-05-02,3589.0,3588.75,2014-05-02,3575.5,3575.75,{},1,1,NQ,5,fixed_hold,0,0.0,-13.5,-13.7,0.012369467815131537,-13.0,2014-05-01,0.000836645053336138,ENTERED,0.7431022376555265,0.0,2014
LONG,2014-05-05,3580.75,3580.5,2014-05-05,3593.25,3593.5,{},1,1,NQ,5,fixed_hold,0,0.0,12.5,12.3,0.012339900629950756,13.0,2014-05-02,0.012673463608043223,ENTERED,0.7472005114007618,0.0,2014
LONG,2014-05-06,3593.5,3593.25,2014-05-06,3550.25,3550.5,{},1,1,NQ,5,fixed_hold,0,0.0,-43.25,-43.45,0.010911895309440034,-42.75,2014-05-05,0.013538287970667362,ENTERED,0.8449842854849521,0.0,2014
SHORT,2014-05-07,3550.25,3550.5,2014-05-07,3539.75,3539.5,{},1,1,NQ,5,fixed_hold,0,0.0,10.5,10.3,0.010976067382969017,11.0,2014-05-06,-0.0014764817549041132,ENTERED,0.8449852382296535,0.0,2014
SHORT,2014-05-08,3535.5,3535.75,2014-05-08,3533.0,3532.75,{},1,1,NQ,5,fixed_hold,0,0.0,2.5,2.3,0.010879793679293806,3.0,2014-05-07,-0.010967516590988602,ENTERED,0.852462389068467,0.0,2014
SHORT,2014-05-09,3532.25,3532.5,2014-05-09,3550.25,3550.0,{},1,1,NQ,5,fixed_hold,0,0.0,-18.0,-18.2,0.010043850752598999,-17.5,2014-05-08,-0.015604319052595073,ENTERED,0.9255261805159868,0.0,2014
SHORT,2014-05-12,3553.5,3553.75,2014-05-12,3612.75,3612.5,{},1,1,NQ,5,fixed_hold,0,0.0,-59.25,-59.45,0.007068888801525375,-58.75,2014-05-09,-0.007201286443403454,ENTERED,1.3120329337224066,0.0,2014
LONG,2014-05-13,3613.0,3612.75,2014-05-13,3607.5,3607.75,{},1,1,NQ,5,fixed_hold,0,0.0,-5.5,-5.7,0.007393210225076742,-5.0,2014-05-12,0.00528732433560597,ENTERED,1.2544773691088345,0.0,2014
LONG,2014-05-14,3608.0,3607.75,2014-05-14,3597.0,3597.25,{},1,1,NQ,5,fixed_hold,0,0.0,-11.0,-11.2,0.007308133462238582,-10.5,2014-05-13,0.01612448950852019,ENTERED,1.261660054373098,0.0,2014
LONG,2014-05-15,3597.5,3597.25,2014-05-15,3564.75,3565.0,{},1,1,NQ,5,fixed_hold,0,0.0,-32.75,-32.95,0.007276049066026116,-32.25,2014-05-14,0.016315863822573995,ENTERED,1.2672234584544366,0.0,2014
LONG,2014-05-16,3565.25,3565.0,2014-05-16,3584.0,3584.25,{},1,1,NQ,5,fixed_hold,0,0.0,18.75,18.55,0.007640426782081281,19.25,2014-05-15,0.00912886561460624,ENTERED,1.2030452583603435,0.0,2014
LONG,2014-05-19,3588.5,3588.25,2014-05-19,3609.0,3609.25,{},1,1,NQ,5,fixed_hold,0,0.0,20.5,20.3,0.00759369757218537,21.0,2014-05-16,0.009647887323943838,ENTERED,1.210448417869634,0.0,2014
SHORT,2014-05-20,3608.75,3609.0,2014-05-20,3595.25,3595.0,{},1,1,NQ,5,fixed_hold,0,0.0,13.5,13.3,0.007519704466275717,14.0,2014-05-19,-0.0008996539792386349,ENTERED,1.2202887387865637,0.0,2014
SHORT,2014-05-21,3594.75,3595.0,2014-05-21,3633.75,3633.5,{},1,1,NQ,5,fixed_hold,0,0.0,-39.0,-39.2,0.00737392985747826,-38.5,2014-05-20,-0.003534058623795966,ENTERED,1.2444125258247807,0.0,2014
LONG,2014-05-22,3634.25,3634.0,2014-05-22,3648.75,3649.0,{},1,1,NQ,5,fixed_hold,0,0.0,14.5,14.3,0.007723190299173849,15.0,2014-05-21,0.010077142261449845,ENTERED,1.187218273667091,0.0,2014
LONG,2014-05-23,3649.25,3649.0,2014-05-23,3675.5,3675.75,{},1,1,NQ,5,fixed_hold,0,0.0,26.25,26.05,0.007734188681354632,26.75,2014-05-22,0.02356241234221579,ENTERED,1.1855299931190255,0.0,2014
LONG,2014-05-26,3681.0,3680.75,2014-05-26,3687.25,3687.5,{},1,1,NQ,5,fixed_hold,0,0.0,6.25,6.05,0.006847149833032086,6.75,2014-05-23,0.025528353211969,ENTERED,1.3333754251021208,0.0,2014
LONG,2014-05-27,3687.75,3687.5,2014-05-27,3720.5,3720.75,{},1,1,NQ,5,fixed_hold,0,0.0,32.75,32.55,0.006835661654871021,33.25,2014-05-26,0.021680404516173812,ENTERED,1.335616328062589,0.0,2014
LONG,2014-05-28,3721.0,3720.75,2014-05-28,3714.5,3714.75,{},1,1,NQ,5,fixed_hold,0,0.0,-6.5,-6.7,0.007013216702704497,-6.0,2014-05-27,0.03497913769123784,ENTERED,1.2966282093616985,0.0,2014
LONG,2014-05-29,3715.0,3714.75,2014-05-29,3735.0,3735.25,{},1,1,NQ,5,fixed_hold,0,0.0,20.0,19.8,0.0069928054712009345,20.5,2014-05-28,0.02236135957066221,ENTERED,1.3004129247615945,0.0,2014
LONG,2014-05-30,3735.25,3735.0,2014-05-30,3728.5,3728.75,{},1,1,NQ,5,fixed_hold,0,0.0,-6.75,-6.95,0.007037739723502566,-6.25,2014-05-29,0.023636612770622456,ENTERED,1.2900539517248368,0.0,2014
LONG,2014-06-02,3731.0,3730.75,2014-06-02,3726.0,3726.25,{},1,1,NQ,5,fixed_hold,0,0.0,-5.0,-5.2,0.00697049398331056,-4.5,2014-05-30,0.01441882608991385,ENTERED,1.3024993584749276,0.0,2014
LONG,2014-06-03,3726.5,3726.25,2014-06-03,3731.75,3732.0,{},1,1,NQ,5,fixed_hold,0,0.0,5.25,5.05,0.00696336446569666,5.75,2014-06-02,0.010508474576271354,ENTERED,1.296515561320229,0.0,2014
LONG,2014-06-04,3732.0,3731.75,2014-06-04,3741.75,3742.0,{},1,1,NQ,5,fixed_hold,0,0.0,9.75,9.55,0.006163046755952094,10.25,2014-06-03,0.0030235839548478083,ENTERED,1.4648778025577935,0.0,2014
LONG,2014-06-05,3742.0,3741.75,2014-06-05,3778.75,3779.0,{},1,1,NQ,5,fixed_hold,0,0.0,36.75,36.55,0.006019894021816368,37.25,2014-06-04,0.00733562150884981,ENTERED,1.4989146369091553,0.0,2014
LONG,2014-06-06,3779.0,3778.75,2014-06-06,3799.75,3800.0,{},1,1,NQ,5,fixed_hold,0,0.0,20.75,20.55,0.006111260847623209,21.25,2014-06-05,0.01171273676460749,ENTERED,1.476505010492527,0.0,2014
LONG,2014-06-09,3797.75,3797.5,2014-06-09,3792.5,3792.75,{},1,1,NQ,5,fixed_hold,0,0.0,-5.25,-5.45,0.006121764015859001,-4.75,2014-06-06,0.019108280254776844,ENTERED,1.4672691190201193,0.0,2014
LONG,2014-06-10,3793.25,3793.0,2014-06-10,3797.5,3797.75,{},1,1,NQ,5,fixed_hold,0,0.0,4.25,4.05,0.005233500886316228,4.75,2014-06-09,0.017846360281784435,ENTERED,1.7163033864929702,0.0,2014
LONG,2014-06-11,3798.25,3798.0,2014-06-11,3799.5,3799.75,{},1,1,NQ,5,fixed_hold,0,0.0,1.25,1.05,0.005166481538109765,1.75,2014-06-10,0.017617899249731783,ENTERED,1.7361880160394572,0.0,2014
LONG,2014-06-16,3759.5,3759.25,2014-06-16,3774.25,3774.5,{},1,1,NQ,5,fixed_hold,0,0.0,14.75,14.55,0.005029514424725172,15.25,2014-06-11,0.01543292357028303,ENTERED,1.7834690536841282,0.0,2014
LONG,2014-06-17,3774.75,3774.5,2014-06-17,3772.75,3773.0,{},1,1,NQ,5,fixed_hold,0,0.0,-2.0,-2.2,0.004208404966964646,-1.5,2014-06-16,0.00956980543520558,ENTERED,2.1279395835480153,0.0,2014
LONG,2014-06-18,3773.0,3772.75,2014-06-18,3795.0,3795.25,{},1,1,NQ,5,fixed_hold,0,0.0,22.0,21.8,0.004263080398538451,22.5,2014-06-17,0.0035916143687677593,ENTERED,2.100648046861689,0.0,2014
LONG,2014-06-19,3795.5,3795.25,2014-06-19,3785.75,3786.0,{},1,1,NQ,5,fixed_hold,0,0.0,-9.75,-9.95,0.004218298948824065,-9.25,2014-06-18,0.011439679208967268,ENTERED,2.121166005013376,0.0,2014
LONG,2014-06-20,3786.25,3786.0,2014-06-20,3794.0,3794.25,{},1,1,NQ,5,fixed_hold,0,0.0,7.75,7.55,0.0040979692970262134,8.25,2014-06-19,0.007646156048573438,ENTERED,2.1834503093330593,0.0,2014
LONG,2014-06-23,3793.5,3793.25,2014-06-23,3792.5,3792.75,{},1,1,NQ,5,fixed_hold,0,0.0,-1.0,-1.2,0.0036921805259533583,-0.5,2014-06-20,0.009310367759526317,ENTERED,2.4232041035829948,0.0,2014
LONG,2014-06-24,3793.0,3792.75,2014-06-24,3792.5,3792.75,{},1,1,NQ,5,fixed_hold,0,0.0,-0.5,-0.7,0.003735686026369475,0.0,2014-06-23,0.004835077493707818,ENTERED,2.394983662573604,0.0,2014
LONG,2014-06-25,3792.75,3792.5,2014-06-25,3814.5,3814.75,{},1,1,NQ,5,fixed_hold,0,0.0,21.75,21.55,0.003591262711247897,22.25,2014-06-24,0.00523456135701017,ENTERED,2.490134610327015,0.0,2014
LONG,2014-06-26,3815.0,3814.75,2014-06-26,3817.5,3817.75,{},1,1,NQ,5,fixed_hold,0,0.0,2.5,2.3,0.0036788318252209094,3.0,2014-06-25,0.005138001449179752,ENTERED,2.430860663634229,0.0,2014
LONG,2014-06-27,3817.75,3817.5,2014-06-27,3831.5,3831.75,{},1,1,NQ,5,fixed_hold,0,0.0,13.75,13.55,0.0033242145625697124,14.25,2014-06-26,0.008386159535129334,ENTERED,2.6898695521539415,0.0,2014
LONG,2014-06-30,3835.0,3834.75,2014-06-30,3846.25,3846.5,{},1,1,NQ,5,fixed_hold,0,0.0,11.25,11.05,0.003245181819832136,11.75,2014-06-27,0.009883376161296864,ENTERED,2.7553782909906515,0.0,2014
LONG,2014-07-01,3847.0,3846.75,2014-07-01,3886.25,3886.5,{},1,1,NQ,5,fixed_hold,0,0.0,39.25,39.05,0.0031731257800500733,39.75,2014-06-30,0.014171775097225003,ENTERED,2.817169664537193,0.0,2014
LONG,2014-07-02,3887.0,3886.75,2014-07-02,3889.5,3889.75,{},1,1,NQ,5,fixed_hold,0,0.0,2.5,2.3,0.003555944585467308,3.0,2014-07-01,0.024718212378880722,ENTERED,2.5138844193049272,0.0,2014
LONG,2014-07-03,3890.0,3889.75,2014-07-03,3915.25,3915.5,{},1,1,NQ,5,fixed_hold,0,0.0,25.25,25.05,0.0034981227506774844,25.75,2014-07-02,0.01966052821285813,ENTERED,2.5513683084781693,0.0,2014
LONG,2014-07-04,3916.0,3915.75,2014-07-04,3913.5,3913.75,{},1,1,NQ,5,fixed_hold,0,0.0,-2.5,-2.7,0.003593250231109143,-2.0,2014-07-03,0.025604086176413077,ENTERED,2.4838235444822048,0.0,2014
LONG,2014-07-07,3914.75,3914.5,2014-07-07,3902.5,3902.75,{},1,1,NQ,5,fixed_hold,0,0.0,-12.25,-12.45,0.0036725921765824775,-11.75,2014-07-04,0.021400143537548155,ENTERED,2.4290063192545057,0.0,2014
LONG,2014-07-08,3903.25,3903.0,2014-07-08,3862.5,3862.75,{},1,1,NQ,5,fixed_hold,0,0.0,-40.75,-40.95,0.003473148340653738,-40.25,2014-07-07,0.01462368386845192,ENTERED,2.56849081294477,0.0,2014
SHORT,2014-07-09,3862.5,3862.75,2014-07-09,3886.0,3885.75,{},1,1,NQ,5,fixed_hold,0,0.0,-23.5,-23.7,0.0043467329668810005,-23.0,2014-07-08,-0.006110896693683032,ENTERED,2.0515788971652187,0.0,2014
SHORT,2014-07-10,3885.5,3885.75,2014-07-10,3875.0,3874.75,{},1,1,NQ,5,fixed_hold,0,0.0,10.5,10.3,0.004390499280125757,11.0,2014-07-09,-0.001028343723889713,ENTERED,2.0311279099469512,0.0,2014
SHORT,2014-07-11,3874.5,3874.75,2014-07-11,3899.25,3899.0,{},1,1,NQ,5,fixed_hold,0,0.0,-24.75,-24.95,0.004508788227946247,-24.25,2014-07-10,-0.010407355382454186,ENTERED,1.977727644437314,0.0,2014
SHORT,2014-07-14,3901.75,3902.0,2014-07-14,3921.75,3921.5,{},1,1,NQ,5,fixed_hold,0,0.0,-20.0,-20.2,0.004621067811160785,-19.5,2014-07-11,-0.003768763973171385,ENTERED,1.9296741544857108,0.0,2014
LONG,2014-07-15,3922.0,3921.75,2014-07-15,3915.75,3916.0,{},1,1,NQ,5,fixed_hold,0,0.0,-6.25,-6.45,0.004679923079453826,-5.75,2014-07-14,0.004804304656972791,ENTERED,1.9051446990056697,0.0,2014
LONG,2014-07-16,3916.0,3915.75,2014-07-16,3919.0,3919.25,{},1,1,NQ,5,fixed_hold,0,0.0,3.0,2.8,0.004711438094062247,3.5,2014-07-15,0.013785515500615242,ENTERED,1.8924011031392638,0.0,2014
LONG,2014-07-17,3919.5,3919.25,2014-07-17,3867.75,3868.0,{},1,1,NQ,5,fixed_hold,0,0.0,-51.75,-51.95,0.004618944758773003,-51.25,2014-07-16,0.008621244290034191,ENTERED,1.929858915256949,0.0,2014
SHORT,2014-07-18,3868.0,3868.25,2014-07-18,3932.5,3932.25,{},1,1,NQ,5,fixed_hold,0,0.0,-64.5,-64.7,0.005615772311009389,-64.0,2014-07-17,-0.0017420478740562961,ENTERED,1.5872993469343906,0.0,2014
LONG,2014-07-21,3930.75,3930.5,2014-07-21,3924.75,3925.0,{},1,1,NQ,5,fixed_hold,0,0.0,-6.0,-6.2,0.006603745797583377,-5.5,2014-07-18,0.008527827648115105,ENTERED,1.3463232498263307,0.0,2014
LONG,2014-07-22,3925.75,3925.5,2014-07-22,3946.0,3946.25,{},1,1,NQ,5,fixed_hold,0,0.0,20.25,20.05,0.006637044466178118,20.75,2014-07-21,0.0008925156190235928,ENTERED,1.3395686210234328,0.0,2014
LONG,2014-07-23,3946.25,3946.0,2014-07-23,3979.0,3979.25,{},1,1,NQ,5,fixed_hold,0,0.0,32.75,32.55,0.0066728199611788925,33.25,2014-07-22,0.0077247191011238225,ENTERED,1.3310250438384363,0.0,2014
LONG,2014-07-24,3979.5,3979.25,2014-07-24,3960.75,3961.0,{},1,1,NQ,5,fixed_hold,0,0.0,-18.75,-18.95,0.006773308774751631,-18.25,2014-07-23,0.015309051476685598,ENTERED,1.311277955385964,0.0,2014
LONG,2014-07-25,3961.5,3961.25,2014-07-25,3955.5,3955.75,{},1,1,NQ,5,fixed_hold,0,0.0,-6.0,-6.2,0.006934237719320143,-5.5,2014-07-24,0.024043433298862382,ENTERED,1.2807500782777566,0.0,2014
LONG,2014-07-28,3949.75,3949.5,2014-07-28,3959.0,3959.25,{},1,1,NQ,5,fixed_hold,0,0.0,9.25,9.05,0.006955827635204199,9.75,2014-07-25,0.005976222264606701,ENTERED,1.2767748092071762,0.0,2014
LONG,2014-07-29,3959.25,3959.0,2014-07-29,3956.75,3957.0,{},1,1,NQ,5,fixed_hold,0,0.0,-2.5,-2.7,0.006937306377860232,-2.0,2014-07-28,0.008726114649681538,ENTERED,1.2719151478869208,0.0,2014
LONG,2014-07-30,3957.75,3957.5,2014-07-30,3967.0,3967.25,{},1,1,NQ,5,fixed_hold,0,0.0,9.25,9.05,0.0066204463127750805,9.75,2014-07-29,0.0027241051631297086,ENTERED,1.3327900643958814,0.0,2014
SHORT,2014-07-31,3966.75,3967.0,2014-07-31,3896.75,3896.5,{},1,1,NQ,5,fixed_hold,0,0.0,70.0,69.8,0.00663088815516464,70.5,2014-07-30,-0.0030156436514418017,ENTERED,1.3305122676910706,0.0,2014
SHORT,2014-08-01,3896.25,3896.5,2014-08-01,3870.25,3870.0,{},1,1,NQ,5,fixed_hold,0,0.0,26.0,25.8,0.007708515511737759,26.5,2014-07-31,-0.01628376672557419,ENTERED,1.144510641860936,0.0,2014
SHORT,2014-08-04,3877.5,3877.75,2014-08-04,3895.75,3895.5,{},1,1,NQ,5,fixed_hold,0,0.0,-18.25,-18.45,0.007848253954650507,-17.75,2014-08-01,-0.0216773051886493,ENTERED,1.123513226653663,0.0,2014
SHORT,2014-08-05,3895.5,3895.75,2014-08-05,3877.0,3876.75,{},1,1,NQ,5,fixed_hold,0,0.0,18.5,18.3,0.00798491735925356,19.0,2014-08-04,-0.016101534381511406,ENTERED,1.1042840805319296,0.0,2014
SHORT,2014-08-06,3876.5,3876.75,2014-08-06,3872.5,3872.25,{},1,1,NQ,5,fixed_hold,0,0.0,4.0,3.8,0.007707631825934411,4.5,2014-08-05,-0.020280515542077326,ENTERED,1.1407984022889888,0.0,2014
SHORT,2014-08-07,3872.5,3872.75,2014-08-07,3855.5,3855.25,{},1,1,NQ,5,fixed_hold,0,0.0,17.0,16.8,0.007591834570969699,17.5,2014-08-06,-0.0239460583527632,ENTERED,1.158198850391261,0.0,2014
SHORT,2014-08-08,3855.5,3855.75,2014-08-08,3874.5,3874.25,{},1,1,NQ,5,fixed_hold,0,0.0,-19.0,-19.2,0.007628770256213423,-18.5,2014-08-07,-0.010586423713589088,ENTERED,1.1515515055884522,0.0,2014
LONG,2014-08-11,3882.5,3882.25,2014-08-11,3907.0,3907.25,{},1,1,NQ,5,fixed_hold,0,0.0,24.5,24.3,0.007574885467148329,25.0,2014-08-08,0.001098191214470301,ENTERED,1.1597431951189852,0.0,2014
LONG,2014-08-12,3907.5,3907.25,2014-08-12,3904.75,3905.0,{},1,1,NQ,5,fixed_hold,0,0.0,-2.75,-2.95,0.007714211540850993,-2.25,2014-08-11,0.0030163008599666252,ENTERED,1.1384791704963486,0.0,2014
LONG,2014-08-13,3905.5,3905.25,2014-08-13,3944.0,3944.25,{},1,1,NQ,5,fixed_hold,0,0.0,38.5,38.3,0.00770938123638993,39.0,2014-08-12,0.007287031663119725,ENTERED,1.1391924833871574,0.0,2014
LONG,2014-08-14,3944.5,3944.25,2014-08-14,3969.5,3969.75,{},1,1,NQ,5,fixed_hold,0,0.0,25.0,24.8,0.008037463553919733,25.5,2014-08-13,0.01859384079023796,ENTERED,1.092128441527229,0.0,2014
LONG,2014-08-15,3970.0,3969.75,2014-08-15,3986.0,3986.25,{},1,1,NQ,5,fixed_hold,0,0.0,16.0,15.8,0.007488577572768889,16.5,2014-08-14,0.02969976006744046,ENTERED,1.1721775543721358,0.0,2014
LONG,2014-08-18,3998.75,3998.5,2014-08-18,4017.0,4017.25,{},1,1,NQ,5,fixed_hold,0,0.0,18.25,18.05,0.0066178659336429985,18.75,2014-08-15,0.0289088210621411,ENTERED,1.326002801267043,0.0,2014
LONG,2014-08-19,4017.25,4017.0,2014-08-19,4033.75,4034.0,{},1,1,NQ,5,fixed_hold,0,0.0,16.5,16.3,0.006770873558033429,17.0,2014-08-18,0.02815279288502137,ENTERED,1.2960379028210804,0.0,2014
LONG,2014-08-20,4034.25,4034.0,2014-08-20,4043.0,4043.25,{},1,1,NQ,5,fixed_hold,0,0.0,8.75,8.55,0.006735580840297045,9.25,2014-08-19,0.03303457106273999,ENTERED,1.301922559250966,0.0,2014
LONG,2014-08-21,4043.25,4043.0,2014-08-21,4048.0,4048.25,{},1,1,NQ,5,fixed_hold,0,0.0,4.75,4.55,0.006525648598192124,5.25,2014-08-20,0.025099828864802998,ENTERED,1.343805832277076,0.0,2014
LONG,2014-08-22,4048.5,4048.25,2014-08-22,4057.0,4057.25,{},1,1,NQ,5,fixed_hold,0,0.0,8.5,8.3,0.00640052092748778,9.0,2014-08-21,0.01977454499653608,ENTERED,1.369049718259934,0.0,2014
LONG,2014-08-25,4057.75,4057.5,2014-08-25,4065.75,4066.0,{},1,1,NQ,5,fixed_hold,0,0.0,8.0,7.8,0.006378616539287158,8.5,2014-08-22,0.017811226089682997,ENTERED,1.3737510819976684,0.0,2014
LONG,2014-08-26,4066.25,4066.0,2014-08-26,4073.0,4073.25,{},1,1,NQ,5,fixed_hold,0,0.0,6.75,6.55,0.006380735467128051,7.25,2014-08-25,0.012135167091915866,ENTERED,1.3720993892274467,0.0,2014
LONG,2014-08-27,4073.25,4073.0,2014-08-27,4071.25,4071.5,{},1,1,NQ,5,fixed_hold,0,0.0,-2.0,-2.2,0.0063651623953235505,-1.5,2014-08-26,0.0097297967278136,ENTERED,1.3754563817100027,0.0,2014
LONG,2014-08-28,4072.0,4071.75,2014-08-28,4073.5,4073.75,{},1,1,NQ,5,fixed_hold,0,0.0,1.5,1.3,0.00637295548726772,2.0,2014-08-27,0.006986953564583009,ENTERED,1.3730174858083026,0.0,2014
LONG,2014-08-29,4074.25,4074.0,2014-08-29,4078.5,4078.75,{},1,1,NQ,5,fixed_hold,0,0.0,4.25,4.05,0.004522525707736595,4.75,2014-08-28,0.0062990180942383844,ENTERED,1.9347992439993853,0.0,2014
LONG,2014-09-01,4081.75,4081.5,2014-09-01,4082.25,4082.5,{},1,1,NQ,5,fixed_hold,0,0.0,0.5,0.3,0.00400481426684495,1.0,2014-08-29,0.005299155832152236,ENTERED,2.183785555820656,0.0,2014
LONG,2014-09-02,4083.25,4083.0,2014-09-02,4093.5,4093.75,{},1,1,NQ,5,fixed_hold,0,0.0,10.25,10.05,0.003909942001334056,10.75,2014-09-01,0.004058042302016673,ENTERED,2.2367737287909932,0.0,2014
LONG,2014-09-03,4093.0,4092.75,2014-09-03,4070.25,4070.5,{},1,1,NQ,5,fixed_hold,0,0.0,-22.75,-22.95,0.0035272415080698154,-22.25,2014-09-02,0.005032836187319756,ENTERED,2.4704036593843077,0.0,2014
SHORT,2014-09-04,4070.5,4070.75,2014-09-04,4070.5,4070.25,{},1,1,NQ,5,fixed_hold,0,0.0,-0.0,-0.2,0.003913347676002911,0.5,2014-09-03,-0.00024560972614540155,ENTERED,2.226663984521833,0.0,2014
SHORT,2014-09-05,4070.25,4070.5,2014-09-05,4090.5,4090.25,{},1,1,NQ,5,fixed_hold,0,0.0,-20.25,-20.45,0.003620561466855095,-19.75,2014-09-04,-0.0008591592513039759,ENTERED,2.40586865217333,0.0,2014
LONG,2014-09-08,4087.0,4086.75,2014-09-08,4092.5,4092.75,{},1,1,NQ,5,fixed_hold,0,0.0,5.5,5.3,0.0036200936007024084,6.0,2014-09-05,0.002819491265706464,ENTERED,2.40617959013083,0.0,2014
LONG,2014-09-09,4092.75,4092.5,2014-09-09,4061.25,4061.5,{},1,1,NQ,5,fixed_hold,0,0.0,-31.5,-31.7,0.0033775146742774337,-31.0,2014-09-08,0.0025107164727493636,ENTERED,2.5784176229022657,0.0,2014
SHORT,2014-09-10,4061.25,4061.5,2014-09-10,4092.5,4092.25,{},1,1,NQ,5,fixed_hold,0,0.0,-31.25,-31.45,0.004007100302922778,-30.75,2014-09-09,-0.007877862595419782,ENTERED,2.1733030619213243,0.0,2014
LONG,2014-09-11,4092.5,4092.25,2014-09-11,4092.0,4092.25,{},1,1,NQ,5,fixed_hold,0,0.0,-0.5,-0.7,0.0037756845911109476,0.0,2014-09-10,0.005343323915980802,ENTERED,2.305715658991399,0.0,2014
LONG,2014-09-12,4092.25,4092.0,2014-09-12,4065.0,4065.25,{},1,1,NQ,5,fixed_hold,0,0.0,-27.25,-27.45,0.0036338832694400216,-26.75,2014-09-11,0.005405073398439875,ENTERED,2.3956892502159497,0.0,2014
SHORT,2014-09-15,4046.0,4046.25,2014-09-15,4027.75,4027.5,{},1,1,NQ,5,fixed_hold,0,0.0,18.25,18.05,0.004001406403196657,18.75,2014-09-12,-0.006112095837662701,ENTERED,2.1735299929484655,0.0,2014
SHORT,2014-09-16,4027.5,4027.75,2014-09-16,4058.25,4058.0,{},1,1,NQ,5,fixed_hold,0,0.0,-30.75,-30.95,0.0042868841060385455,-30.25,2014-09-15,-0.015942825728422205,ENTERED,2.0287874867139633,0.0,2014
SHORT,2014-09-17,4057.5,4057.75,2014-09-17,4066.75,4066.5,{},1,1,NQ,5,fixed_hold,0,0.0,-9.25,-9.45,0.004516802355796432,-8.75,2014-09-16,-0.0008617505847592355,ENTERED,1.9249374003309163,0.0,2014
SHORT,2014-09-18,4066.25,4066.5,2014-09-18,4102.75,4102.5,{},1,1,NQ,5,fixed_hold,0,0.0,-36.5,-36.7,0.004512425634259626,-36.0,2014-09-17,-0.006292381941474745,ENTERED,1.9268044482691842,0.0,2014
LONG,2014-09-19,4103.0,4102.75,2014-09-19,4085.0,4085.25,{},1,1,NQ,5,fixed_hold,0,0.0,-18.0,-18.2,0.004900619814919382,-17.5,2014-09-18,0.002504734559227728,ENTERED,1.773840195461359,0.0,2014
LONG,2014-09-22,4091.5,4091.25,2014-09-22,4044.25,4044.5,{},1,1,NQ,5,fixed_hold,0,0.0,-47.25,-47.45,0.005003594938532376,-46.75,2014-09-19,0.004919746633048394,ENTERED,1.7373341601724777,0.0,2014
LONG,2014-09-26,4013.0,4012.75,2014-09-26,4043.5,4043.75,{},1,1,NQ,5,fixed_hold,0,0.0,30.5,30.3,0.005485895443225934,31.0,2014-09-22,0.004220980757293491,ENTERED,1.583761190553896,0.0,2014
SHORT,2014-09-29,4038.75,4039.0,2014-09-29,4035.75,4035.5,{},1,1,NQ,5,fixed_hold,0,0.0,3.0,2.8,0.005465104620168415,3.5,2014-09-26,-0.003511582060128249,ENTERED,1.5897862716761593,0.0,2014
SHORT,2014-09-30,4035.0,4035.25,2014-09-30,4036.0,4035.75,{},1,1,NQ,5,fixed_hold,0,0.0,-1.0,-1.2,0.005478202578687386,-0.5,2014-09-29,-0.007623263248493828,ENTERED,1.5803277418499786,0.0,2014
SHORT,2014-10-01,4035.5,4035.75,2014-10-01,3982.75,3982.5,{},1,1,NQ,5,fixed_hold,0,0.0,52.75,52.55,0.005474669392797116,53.25,2014-09-30,-0.016270566727605074,ENTERED,1.5813476375329678,0.0,2014
SHORT,2014-10-02,3981.75,3982.0,2014-10-02,3979.5,3979.25,{},1,1,NQ,5,fixed_hold,0,0.0,2.25,2.05,0.006149698343440248,2.75,2014-10-01,-0.02515145951900133,ENTERED,1.404846601351714,0.0,2014
SHORT,2014-10-03,3979.0,3979.25,2014-10-03,4015.75,4015.5,{},1,1,NQ,5,fixed_hold,0,0.0,-36.75,-36.95,0.006130800555007361,-36.25,2014-10-02,-0.016133020150822075,ENTERED,1.409176948361832,0.0,2014
SHORT,2014-10-06,4024.0,4024.25,2014-10-06,4004.25,4004.0,{},1,1,NQ,5,fixed_hold,0,0.0,19.75,19.55,0.006503286127211117,20.25,2014-10-03,-0.006986089644513305,ENTERED,1.327881390175968,0.0,2014
SHORT,2014-10-07,4004.25,4004.5,2014-10-07,3957.5,3957.25,{},1,1,NQ,5,fixed_hold,0,0.0,46.75,46.55,0.006425401405686149,47.25,2014-10-06,-0.0078057241977451675,ENTERED,1.3439771429176597,0.0,2014
SHORT,2014-10-08,3957.5,3957.75,2014-10-08,4028.5,4028.25,{},1,1,NQ,5,fixed_hold,0,0.0,-71.0,-71.2,0.006864627283666275,-70.5,2014-10-07,-0.019451155299510692,ENTERED,1.2571543731589976,0.0,2014
LONG,2014-10-09,4028.25,4028.0,2014-10-09,3948.25,3948.5,{},1,1,NQ,5,fixed_hold,0,0.0,-80.0,-80.2,0.008015396814665359,-79.5,2014-10-08,0.011487758945386117,ENTERED,1.0766648750287635,0.0,2014
SHORT,2014-10-10,3948.0,3948.25,2014-10-10,3852.0,3851.75,{},1,1,NQ,5,fixed_hold,0,0.0,96.0,95.8,0.009065598631895664,96.5,2014-10-09,-0.007727586856819735,ENTERED,0.9519389242983806,0.0,2014
SHORT,2014-10-13,3837.5,3837.75,2014-10-13,3808.75,3808.5,{},1,1,NQ,5,fixed_hold,0,0.0,28.75,28.55,0.010337046237284148,29.25,2014-10-10,-0.04077947951687211,ENTERED,0.8354023407737039,0.0,2014
SHORT,2014-10-14,3808.0,3808.25,2014-10-14,3819.75,3819.5,{},1,1,NQ,5,fixed_hold,0,0.0,-11.75,-11.95,0.010217860647957223,-11.25,2014-10-13,-0.048826173826173935,ENTERED,0.8451468385448799,0.0,2014
SHORT,2014-10-15,3828.0,3828.25,2014-10-15,3750.75,3750.5,{},1,1,NQ,5,fixed_hold,0,0.0,77.25,77.05,0.010290629612908839,77.75,2014-10-14,-0.034809526817865866,ENTERED,0.8395387981200709,0.0,2014
SHORT,2014-10-16,3750.0,3750.25,2014-10-16,3755.0,3754.75,{},1,1,NQ,5,fixed_hold,0,0.0,-5.0,-5.2,0.010786166961252511,-4.5,2014-10-15,-0.06895053683361252,ENTERED,0.8009687638023615,0.0,2014
SHORT,2014-10-17,3754.25,3754.5,2014-10-17,3803.5,3803.25,{},1,1,NQ,5,fixed_hold,0,0.0,-49.25,-49.45,0.010767278427253564,-48.75,2014-10-16,-0.04906926681018098,ENTERED,0.8040430614908896,0.0,2014
SHORT,2014-10-20,3825.0,3825.25,2014-10-20,3882.75,3882.5,{},1,1,NQ,5,fixed_hold,0,0.0,-57.75,-57.95,0.011115754430812672,-57.25,2014-10-17,-0.0125916791068994,ENTERED,0.7788365211249838,0.0,2014
LONG,2014-10-21,3867.25,3867.0,2014-10-21,3967.0,3967.25,{},1,1,NQ,5,fixed_hold,0,0.0,99.75,99.55,0.012309600271635295,100.25,2014-10-20,0.01943022187212806,ENTERED,0.7058188817420856,0.0,2014
LONG,2014-10-22,3967.75,3967.5,2014-10-22,3951.25,3951.5,{},1,1,NQ,5,fixed_hold,0,0.0,-16.5,-16.7,0.013232422576690129,-16.0,2014-10-21,0.038683073700746196,ENTERED,0.6565954380661069,0.0,2014
LONG,2014-10-23,3951.75,3951.5,2014-10-23,4000.0,4000.25,{},1,1,NQ,5,fixed_hold,0,0.0,48.25,48.05,0.013230086571206933,48.75,2014-10-22,0.05359285428609506,ENTERED,0.657056653680338,0.0,2014
LONG,2014-10-24,4000.5,4000.25,2014-10-24,4037.75,4038.0,{},1,1,NQ,5,fixed_hold,0,0.0,37.25,37.05,0.013424216709593028,37.75,2014-10-23,0.06538384712697254,ENTERED,0.6475548330627287,0.0,2014
LONG,2014-10-27,4042.75,4042.5,2014-10-27,4040.0,4040.25,{},1,1,NQ,5,fixed_hold,0,0.0,-2.75,-2.95,0.013605936018940286,-2.25,2014-10-24,0.06172352593176855,ENTERED,0.6390270961492092,0.0,2014
LONG,2014-10-28,4040.75,4040.5,2014-10-28,4073.75,4074.0,{},1,1,NQ,5,fixed_hold,0,0.0,33.0,32.8,0.013597661713979315,33.5,2014-10-27,0.04063103670315504,ENTERED,0.6394159501436004,0.0,2014
LONG,2014-10-29,4074.0,4073.75,2014-10-29,4069.25,4069.5,{},1,1,NQ,5,fixed_hold,0,0.0,-4.75,-4.95,0.013720782130897355,-4.25,2014-10-28,0.026907807675341733,ENTERED,0.6338688821345763,0.0,2014
LONG,2014-10-30,4069.25,4069.0,2014-10-30,4096.0,4096.25,{},1,1,NQ,5,fixed_hold,0,0.0,26.75,26.55,0.013343991720594011,27.25,2014-10-29,0.029862077692015543,ENTERED,0.6517672532651136,0.0,2014
LONG,2014-10-31,4096.0,4095.75,2014-10-31,4142.0,4142.25,{},1,1,NQ,5,fixed_hold,0,0.0,46.0,45.8,0.013388453936506324,46.5,2014-10-30,0.023998500093744157,ENTERED,0.6502360262374525,0.0,2014
LONG,2014-11-03,4149.75,4149.5,2014-11-03,4157.75,4158.0,{},1,1,NQ,5,fixed_hold,0,0.0,8.0,7.8,0.013459782834720666,8.5,2014-10-31,0.025817236255572196,ENTERED,0.6467901593984166,0.0,2014
LONG,2014-11-04,4154.5,4154.25,2014-11-04,4144.0,4144.25,{},1,1,NQ,5,fixed_hold,0,0.0,-10.5,-10.7,0.013424841294403135,-10.0,2014-11-03,0.029144236124002187,ENTERED,0.6486961869261431,0.0,2014
LONG,2014-11-05,4141.75,4141.5,2014-11-05,4145.25,4145.5,{},1,1,NQ,5,fixed_hold,0,0.0,3.5,3.3,0.013103553856096871,4.0,2014-11-04,0.017243495336279002,ENTERED,0.664601638105677,0.0,2014
LONG,2014-11-06,4143.25,4143.0,2014-11-06,4165.75,4166.0,{},1,1,NQ,5,fixed_hold,0,0.0,22.5,22.3,0.012585311988090752,23.0,2014-11-05,0.018675512962280205,ENTERED,0.6921239095714145,0.0,2014
LONG,2014-11-07,4166.5,4166.25,2014-11-07,4150.5,4150.75,{},1,1,NQ,5,fixed_hold,0,0.0,-16.0,-16.2,0.01155429727846649,-15.5,2014-11-06,0.017027769301190432,ENTERED,0.7538836094002118,0.0,2014
LONG,2014-11-10,4154.5,4154.25,2014-11-10,4171.0,4171.25,{},1,1,NQ,5,fixed_hold,0,0.0,16.5,16.3,0.00976907467518772,17.0,2014-11-07,0.002052024865713209,ENTERED,0.8919688526078806,0.0,2014
LONG,2014-11-11,4168.0,4167.75,2014-11-11,4182.75,4183.0,{},1,1,NQ,5,fixed_hold,0,0.0,14.75,14.55,0.009107379888629153,15.25,2014-11-10,0.003186628186628182,ENTERED,0.9567746635832369,0.0,2014
LONG,2014-11-12,4182.25,4182.0,2014-11-12,4193.0,4193.25,{},1,1,NQ,5,fixed_hold,0,0.0,10.75,10.55,0.009108099330829116,11.25,2014-11-11,0.009350304638957585,ENTERED,0.9602064307838825,0.0,2014
LONG,2014-11-13,4193.25,4193.0,2014-11-13,4207.5,4207.75,{},1,1,NQ,5,fixed_hold,0,0.0,14.25,14.05,0.007420665620182788,14.75,2014-11-12,0.011518514051380713,ENTERED,1.174249154330344,0.0,2014
LONG,2014-11-14,4208.25,4208.0,2014-11-14,4224.75,4225.0,{},1,1,NQ,5,fixed_hold,0,0.0,16.5,16.3,0.007364666867615339,17.0,2014-11-13,0.01002160345655323,ENTERED,1.1831777982225793,0.0,2014
LONG,2014-11-17,4218.25,4218.0,2014-11-17,4211.0,4211.25,{},1,1,NQ,5,fixed_hold,0,0.0,-7.25,-7.45,0.007173678461086382,-6.75,2014-11-14,0.017888333433716763,ENTERED,1.2142439034065975,0.0,2014
LONG,2014-11-18,4211.25,4211.0,2014-11-18,4237.5,4237.75,{},1,1,NQ,5,fixed_hold,0,0.0,26.25,26.05,0.006408609336877791,26.75,2014-11-17,0.009589451603236432,ENTERED,1.3592021105497865,0.0,2014
LONG,2014-11-19,4238.25,4238.0,2014-11-19,4226.25,4226.5,{},1,1,NQ,5,fixed_hold,0,0.0,-12.0,-12.2,0.004912428513855173,-11.5,2014-11-18,0.013088692326081786,ENTERED,1.7727776258129355,0.0,2014
LONG,2014-11-20,4227.0,4226.75,2014-11-20,4241.25,4241.5,{},1,1,NQ,5,fixed_hold,0,0.0,14.25,14.05,0.004817660627904612,14.75,2014-11-19,0.00792941036189121,ENTERED,1.807649818114247,0.0,2014
LONG,2014-11-21,4241.75,4241.5,2014-11-21,4249.0,4249.25,{},1,1,NQ,5,fixed_hold,0,0.0,7.25,7.05,0.004334290235286562,7.75,2014-11-20,0.00802091379003067,ENTERED,2.0085537914055895,0.0,2014
LONG,2014-11-24,4250.75,4250.5,2014-11-24,4282.75,4283.0,{},1,1,NQ,5,fixed_hold,0,0.0,32.0,31.8,0.0040593404004045765,32.5,2014-11-21,0.005739644970414348,ENTERED,2.144598438768376,0.0,2014
LONG,2014-11-25,4284.75,4284.5,2014-11-25,4294.75,4295.0,{},1,1,NQ,5,fixed_hold,0,0.0,10.0,9.8,0.0042009396475319975,10.5,2014-11-24,0.017037696645889167,ENTERED,2.0702932108137913,0.0,2014
LONG,2014-11-26,4294.0,4293.75,2014-11-26,4319.5,4319.75,{},1,1,NQ,5,fixed_hold,0,0.0,25.5,25.3,0.0040024424300550004,26.0,2014-11-25,0.013509527461506687,ENTERED,2.1729673776230833,0.0,2014
LONG,2014-11-27,4320.0,4319.75,2014-11-27,4327.0,4327.25,{},1,1,NQ,5,fixed_hold,0,0.0,7.0,6.8,0.003957482294878059,7.5,2014-11-26,0.022063172838045375,ENTERED,2.196993223653385,0.0,2014
LONG,2014-11-28,4327.75,4327.5,2014-11-28,4337.5,4337.75,{},1,1,NQ,5,fixed_hold,0,0.0,9.75,9.55,0.0038742700648340023,10.25,2014-11-27,0.02021690439702928,ENTERED,2.244180617013303,0.0,2014
LONG,2014-12-01,4324.0,4323.75,2014-12-01,4286.75,4287.0,{},1,1,NQ,5,fixed_hold,0,0.0,-37.25,-37.45,0.0033212312367011192,-36.75,2014-11-28,0.020827204800846877,ENTERED,2.6173776502875548,0.0,2014
LONG,2014-12-02,4289.0,4288.75,2014-12-02,4309.75,4310.0,{},1,1,NQ,5,fixed_hold,0,0.0,20.75,20.55,0.0045405973081505445,21.25,2014-12-01,0.0009339248190518568,ENTERED,1.914487416616816,0.0,2014
LONG,2014-12-03,4310.75,4310.5,2014-12-03,4312.5,4312.75,{},1,1,NQ,5,fixed_hold,0,0.0,1.75,1.55,0.004466989359267708,2.25,2014-12-02,0.0034924330616994403,ENTERED,1.9450120874794325,0.0,2014
SHORT,2014-12-04,4312.75,4313.0,2014-12-04,4314.0,4313.75,{},1,1,NQ,5,fixed_hold,0,0.0,-1.25,-1.45,0.004460996649456013,-0.75,2014-12-03,-0.0016204641472307157,ENTERED,1.9476249325309802,0.0,2014
SHORT,2014-12-05,4312.75,4313.0,2014-12-05,4314.75,4314.5,{},1,1,NQ,5,fixed_hold,0,0.0,-2.0,-2.2,0.004420930609767096,-1.5,2014-12-04,-0.003119764284476245,ENTERED,1.9582654139486377,0.0,2014
SHORT,2014-12-08,4314.0,4314.25,2014-12-08,4283.25,4283.0,{},1,1,NQ,5,fixed_hold,0,0.0,30.75,30.55,0.004253769605402332,31.25,2014-12-05,-0.005359921618350527,ENTERED,2.0352196554272317,0.0,2014
SHORT,2014-12-09,4284.25,4284.5,2014-12-09,4292.75,4292.5,{},1,1,NQ,5,fixed_hold,0,0.0,-8.5,-8.7,0.004661336878984255,-8.0,2014-12-08,-0.000933053417308094,ENTERED,1.8534130961594206,0.0,2014
SHORT,2014-12-10,4292.5,4292.75,2014-12-10,4227.75,4227.5,{},1,1,NQ,5,fixed_hold,0,0.0,64.75,64.55,0.0046532205553548416,65.25,2014-12-09,-0.004060324825986061,ENTERED,1.8566458895180142,0.0,2014
SHORT,2014-12-11,4227.0,4227.25,2014-12-11,4233.5,4233.25,{},1,1,NQ,5,fixed_hold,0,0.0,-6.5,-6.7,0.0059163974272372095,-6.0,2014-12-10,-0.019766970030722808,ENTERED,1.4596032010219036,0.0,2014
SHORT,2014-12-12,4233.5,4233.75,2014-12-12,4194.75,4194.5,{},1,1,NQ,5,fixed_hold,0,0.0,38.75,38.55,0.005878242459157248,39.25,2014-12-11,-0.018661257606490955,ENTERED,1.4690773106611958,0.0,2014
SHORT,2014-12-15,4183.0,4183.25,2014-12-15,4165.25,4165.0,{},1,1,NQ,5,fixed_hold,0,0.0,17.75,17.55,0.006169400105695748,18.25,2014-12-12,-0.027813188086684537,ENTERED,1.3988225859756263,0.0,2014
SHORT,2014-12-16,4164.75,4165.0,2014-12-16,4090.25,4090.0,{},1,1,NQ,5,fixed_hold,0,0.0,74.5,74.3,0.006319254888805915,75.0,2014-12-15,-0.02755078216203599,ENTERED,1.3656509132199812,0.0,2014
SHORT,2014-12-17,4089.5,4089.75,2014-12-17,4158.0,4157.75,{},1,1,NQ,5,fixed_hold,0,0.0,-68.5,-68.7,0.00721096533864493,-68.0,2014-12-16,-0.04717530576587081,ENTERED,1.1957516304655065,0.0,2014
SHORT,2014-12-18,4158.0,4158.25,2014-12-18,4270.25,4270.0,{},1,1,NQ,5,fixed_hold,0,0.0,-112.25,-112.45,0.008284504921314514,-111.75,2014-12-17,-0.01649911295091666,ENTERED,1.0408013083232959,0.0,2014
LONG,2014-12-19,4266.5,4266.25,2014-12-19,4278.75,4279.0,{},1,1,NQ,5,fixed_hold,0,0.0,12.25,12.05,0.010335749907707527,12.75,2014-12-18,0.008681273253410504,ENTERED,0.83424266627088,0.0,2014
LONG,2014-12-22,4286.75,4286.5,2014-12-22,4294.0,4294.25,{},1,1,NQ,5,fixed_hold,0,0.0,7.25,7.05,0.010337999663190985,7.75,2014-12-19,0.020145428537370558,ENTERED,0.8347742784800861,0.0,2014
LONG,2014-12-23,4293.75,4293.5,2014-12-23,4279.0,4279.25,{},1,1,NQ,5,fixed_hold,0,0.0,-14.75,-14.95,0.01021548681166109,-14.25,2014-12-22,0.031032412965185996,ENTERED,0.8447856053141303,0.0,2014
LONG,2014-12-24,4279.75,4279.5,2014-12-24,4281.25,4281.5,{},1,1,NQ,5,fixed_hold,0,0.0,1.5,1.3,0.01022744116128737,2.0,2014-12-23,0.0462713936430319,ENTERED,0.8443551507292356,0.0,2014
LONG,2014-12-25,4282.25,4282.0,2014-12-25,4289.75,4290.0,{},1,1,NQ,5,fixed_hold,0,0.0,7.5,7.3,0.010135149372417156,8.0,2014-12-24,0.02976369430581438,ENTERED,0.8520439419289646,0.0,2014
LONG,2014-12-26,4291.0,4290.75,2014-12-26,4312.25,4312.5,{},1,1,NQ,5,fixed_hold,0,0.0,21.25,21.05,0.010138059889953721,21.75,2014-12-25,0.004683840749414525,ENTERED,0.8521731880555832,0.0,2014
LONG,2014-12-29,4315.0,4314.75,2014-12-29,4316.25,4316.5,{},1,1,NQ,5,fixed_hold,0,0.0,1.25,1.05,0.0101985794370342,1.75,2014-12-26,0.007828931993456134,ENTERED,0.8471162940348362,0.0,2014
LONG,2014-12-30,4315.75,4315.5,2014-12-30,4281.5,4281.75,{},1,1,NQ,5,fixed_hold,0,0.0,-34.25,-34.45,0.00983641112278542,-33.75,2014-12-29,0.005181347150259086,ENTERED,0.8801335570978274,0.0,2014
LONG,2015-01-01,4240.5,4240.25,2015-01-01,4247.75,4248.0,{},1,1,NQ,5,fixed_hold,0,0.0,7.25,7.05,0.009936116614555093,7.75,2014-12-30,0.0005842145235728236,ENTERED,0.8713017214282579,0.0,2015
LONG,2015-01-02,4248.25,4248.0,2015-01-02,4214.25,4214.5,{},1,1,NQ,5,fixed_hold,0,0.0,-34.0,-34.2,0.009945471620270036,-33.5,2015-01-01,0.0018862198950169162,ENTERED,0.8735984204821243,0.0,2015
SHORT,2015-01-05,4204.25,4204.5,2015-01-05,4166.25,4166.0,{},1,1,NQ,5,fixed_hold,0,0.0,38.0,37.8,0.010090545052947014,38.5,2015-01-02,-0.007984153691953821,ENTERED,0.8610385517163123,0.0,2015
SHORT,2015-01-06,4168.0,4168.25,2015-01-06,4105.75,4105.5,{},1,1,NQ,5,fixed_hold,0,0.0,62.25,62.05,0.010375723823583457,62.75,2015-01-05,-0.024516335429360825,ENTERED,0.8378130102711367,0.0,2015
SHORT,2015-01-07,4105.25,4105.5,2015-01-07,4153.0,4152.75,{},1,1,NQ,5,fixed_hold,0,0.0,-47.75,-47.95,0.010718726219163954,-47.25,2015-01-06,-0.0395734552635395,ENTERED,0.8110027472141592,0.0,2015
SHORT,2015-01-08,4155.25,4155.5,2015-01-08,4233.75,4233.5,{},1,1,NQ,5,fixed_hold,0,0.0,-78.5,-78.7,0.011086720304643187,-78.0,2015-01-07,-0.020635575732562916,ENTERED,0.7842320853836283,0.0,2015
SHORT,2015-01-09,4232.5,4232.75,2015-01-09,4199.0,4198.75,{},1,1,NQ,5,fixed_hold,0,0.0,33.5,33.3,0.011473319396712025,34.0,2015-01-08,-0.0034133709981168936,ENTERED,0.7578070028336344,0.0,2015
SHORT,2015-01-12,4197.25,4197.5,2015-01-12,4171.5,4171.25,{},1,1,NQ,5,fixed_hold,0,0.0,25.75,25.55,0.011639143103328142,26.25,2015-01-09,-0.0037370981136553016,ENTERED,0.7472351490237344,0.0,2015
LONG,2015-01-13,4171.25,4171.0,2015-01-13,4160.25,4160.5,{},1,1,NQ,5,fixed_hold,0,0.0,-11.0,-11.2,0.011543856142406748,-10.5,2015-01-12,0.0012602016322609266,ENTERED,0.7534030850726389,0.0,2015
LONG,2015-01-14,4161.0,4160.75,2015-01-14,4149.75,4150.0,{},1,1,NQ,5,fixed_hold,0,0.0,-11.25,-11.45,0.011437962696616137,-10.75,2015-01-13,0.013396663013031107,ENTERED,0.7611193807890783,0.0,2015
SHORT,2015-01-15,4149.75,4150.0,2015-01-15,4067.25,4067.0,{},1,1,NQ,5,fixed_hold,0,0.0,82.5,82.3,0.010614071265795024,83.0,2015-01-14,-0.0006622117873699152,ENTERED,0.8201994189724306,0.0,2015
SHORT,2015-01-16,4066.5,4066.75,2015-01-16,4138.75,4138.5,{},1,1,NQ,5,fixed_hold,0,0.0,-72.25,-72.45,0.010983417309497506,-71.75,2015-01-15,-0.039329160269280905,ENTERED,0.7928901463333694,0.0,2015
SHORT,2015-01-19,4127.25,4127.5,2015-01-19,4128.5,4128.25,{},1,1,NQ,5,fixed_hold,0,0.0,-1.25,-1.45,0.009886998388081901,-0.75,2015-01-16,-0.01434950878237573,ENTERED,0.8808177179704625,0.0,2015
SHORT,2015-01-20,4128.75,4129.0,2015-01-20,4169.25,4169.0,{},1,1,NQ,5,fixed_hold,0,0.0,-40.5,-40.7,0.009863537820875819,-40.0,2015-01-19,-0.010308660473479225,ENTERED,0.8831106540634642,0.0,2015
LONG,2015-01-21,4168.75,4168.5,2015-01-21,4182.25,4182.5,{},1,1,NQ,5,fixed_hold,0,0.0,13.5,13.3,0.010123265480296151,14.0,2015-01-20,0.0020430236750390574,ENTERED,0.8604531169638492,0.0,2015
LONG,2015-01-22,4182.5,4182.25,2015-01-22,4262.25,4262.5,{},1,1,NQ,5,fixed_hold,0,0.0,79.75,79.55,0.010145925786570045,80.25,2015-01-21,0.007831325301204783,ENTERED,0.8588383664901291,0.0,2015
LONG,2015-01-23,4263.25,4263.0,2015-01-23,4264.0,4264.25,{},1,1,NQ,5,fixed_hold,0,0.0,0.75,0.55,0.011066140254549972,1.25,2015-01-22,0.048069830341775255,ENTERED,0.7874209190042709,0.0,2015
LONG,2015-01-26,4233.75,4233.5,2015-01-26,4271.5,4271.75,{},1,1,NQ,5,fixed_hold,0,0.0,37.75,37.55,0.011059288231418003,38.25,2015-01-23,0.030385405340099148,ENTERED,0.7907973249883496,0.0,2015
LONG,2015-01-27,4266.0,4265.75,2015-01-27,4205.5,4205.75,{},1,1,NQ,5,fixed_hold,0,0.0,-60.5,-60.7,0.011003656048237585,-60.0,2015-01-26,0.03476049173378559,ENTERED,0.7947954308405754,0.0,2015
LONG,2015-01-28,4206.25,4206.0,2015-01-28,4131.0,4131.25,{},1,1,NQ,5,fixed_hold,0,0.0,-75.25,-75.45,0.01153313603621948,-74.75,2015-01-27,0.008815063564404202,ENTERED,0.7586990470603021,0.0,2015
SHORT,2015-01-29,4131.0,4131.25,2015-01-29,4201.5,4201.25,{},1,1,NQ,5,fixed_hold,0,0.0,-70.5,-70.7,0.01204612143189964,-70.0,2015-01-28,-0.012253436939629103,ENTERED,0.7263897653501133,0.0,2015
SHORT,2015-01-30,4200.75,4201.0,2015-01-30,4143.25,4143.0,{},1,1,NQ,5,fixed_hold,0,0.0,57.5,57.3,0.012704463967692193,58.0,2015-01-29,-0.01436950146627547,ENTERED,0.6891281095788475,0.0,2015
SHORT,2015-02-02,4136.0,4136.25,2015-02-02,4182.0,4181.75,{},1,1,NQ,5,fixed_hold,0,0.0,-46.0,-46.2,0.012955845107958192,-45.5,2015-01-30,-0.02843407398721931,ENTERED,0.6757570165677962,0.0,2015
SHORT,2015-02-03,4180.25,4180.5,2015-02-03,4212.5,4212.25,{},1,1,NQ,5,fixed_hold,0,0.0,-32.25,-32.45,0.012885878518058612,-31.75,2015-02-02,-0.021068648680283353,ENTERED,0.680018157878314,0.0,2015
LONG,2015-02-04,4207.0,4206.75,2015-02-04,4190.5,4190.75,{},1,1,NQ,5,fixed_hold,0,0.0,-16.5,-16.7,0.012485150861315844,-16.0,2015-02-03,0.0015455031801698826,ENTERED,0.7018442524106143,0.0,2015
LONG,2015-02-05,4186.5,4186.25,2015-02-05,4248.25,4248.5,{},1,1,NQ,5,fixed_hold,0,0.0,61.75,61.55,0.012325902120632289,62.25,2015-02-04,0.014402420574886499,ENTERED,0.7114452605430444,0.0,2015
LONG,2015-02-06,4249.0,4248.75,2015-02-06,4235.75,4236.0,{},1,1,NQ,5,fixed_hold,0,0.0,-13.25,-13.45,0.011926960015133672,-12.75,2015-02-05,0.011246652781910171,ENTERED,0.7352422272326214,0.0,2015
LONG,2015-02-09,4213.25,4213.0,2015-02-09,4217.5,4217.75,{},1,1,NQ,5,fixed_hold,0,0.0,4.25,4.05,0.011787848105272388,4.75,2015-02-06,0.0224475018102821,ENTERED,0.744436871603002,0.0,2015
LONG,2015-02-10,4221.5,4221.25,2015-02-10,4278.25,4278.5,{},1,1,NQ,5,fixed_hold,0,0.0,56.75,56.55,0.011727725733023478,57.25,2015-02-09,0.008608836013630716,ENTERED,0.7482532390496162,0.0,2015
LONG,2015-02-11,4278.75,4278.5,2015-02-11,4311.5,4311.75,{},1,1,NQ,5,fixed_hold,0,0.0,32.75,32.55,0.012093064090440916,33.25,2015-02-10,0.01572793637604586,ENTERED,0.7258658747961878,0.0,2015
LONG,2015-02-12,4298.75,4298.5,2015-02-12,4341.75,4342.0,{},1,1,NQ,5,fixed_hold,0,0.0,43.0,42.8,0.0121332172020035,43.5,2015-02-11,0.0288731134045217,ENTERED,0.7234637276191512,0.0,2015
LONG,2015-02-13,4342.5,4342.25,2015-02-13,4379.75,4380.0,{},1,1,NQ,5,fixed_hold,0,0.0,37.25,37.05,0.011008694741848212,37.75,2015-02-12,0.022007767447334237,ENTERED,0.7977757002086642,0.0,2015
LONG,2015-02-16,4371.75,4371.5,2015-02-16,4371.0,4371.25,{},1,1,NQ,5,fixed_hold,0,0.0,-0.75,-0.95,0.01057587459221337,-0.25,2015-02-13,0.03399433427762033,ENTERED,0.8304248579618757,0.0,2015
LONG,2015-02-17,4371.5,4371.25,2015-02-17,4384.5,4384.75,{},1,1,NQ,5,fixed_hold,0,0.0,13.0,12.8,0.010563609099970986,13.5,2015-02-16,0.03639381186651636,ENTERED,0.8316212566361527,0.0,2015
LONG,2015-02-18,4385.0,4384.75,2015-02-18,4387.0,4387.25,{},1,1,NQ,5,fixed_hold,0,0.0,2.0,1.8,0.010436717205844168,2.5,2015-02-17,0.02483346967395117,ENTERED,0.8417322900549365,0.0,2015
LONG,2015-02-19,4387.75,4387.5,2015-02-19,4413.25,4413.5,{},1,1,NQ,5,fixed_hold,0,0.0,25.5,25.3,0.010444879401020837,26.0,2015-02-18,0.01751029164492368,ENTERED,0.8418339489490287,0.0,2015
LONG,2015-02-20,4414.0,4413.75,2015-02-20,4441.0,4441.25,{},1,1,NQ,5,fixed_hold,0,0.0,27.0,26.8,0.009728901022324718,27.5,2015-02-19,0.01646706586826352,ENTERED,0.9037869798737748,0.0,2015
LONG,2015-02-23,4441.75,4441.5,2015-02-23,4444.0,4444.25,{},1,1,NQ,5,fixed_hold,0,0.0,2.25,2.05,0.00977378405251107,2.75,2015-02-20,0.013984018264840081,ENTERED,0.9021702420283522,0.0,2015
LONG,2015-02-24,4444.5,4444.25,2015-02-24,4448.5,4448.75,{},1,1,NQ,5,fixed_hold,0,0.0,4.0,3.8,0.009778664259245801,4.5,2015-02-23,0.01670002859593933,ENTERED,0.901719998807571,0.0,2015
LONG,2015-02-25,4447.5,4447.25,2015-02-25,4435.5,4435.75,{},1,1,NQ,5,fixed_hold,0,0.0,-12.0,-12.2,0.008881823694910052,-11.5,2015-02-24,0.014596043103939804,ENTERED,0.9933183025452199,0.0,2015
LONG,2015-02-26,4436.0,4435.75,2015-02-26,4458.25,4458.5,{},1,1,NQ,5,fixed_hold,0,0.0,22.25,22.05,0.007603172212673744,22.75,2015-02-25,0.01105476095504021,ENTERED,1.1597287129033664,0.0,2015
LONG,2015-02-27,4458.5,4458.25,2015-02-27,4446.0,4446.25,{},1,1,NQ,5,fixed_hold,0,0.0,-12.5,-12.7,0.006941120114330942,-12.0,2015-02-26,0.010195989577433062,ENTERED,1.2703449845193604,0.0,2015
LONG,2015-03-02,4452.5,4452.25,2015-03-02,4478.75,4479.0,{},1,1,NQ,5,fixed_hold,0,0.0,26.25,26.05,0.005884232526389989,26.75,2015-02-27,0.001125809175344994,ENTERED,1.4943077169406498,0.0,2015
LONG,2015-03-03,4478.5,4478.25,2015-03-03,4455.0,4455.25,{},1,1,NQ,5,fixed_hold,0,0.0,-23.5,-23.7,0.005797297273427366,-23.0,2015-03-02,0.007819092085278756,ENTERED,1.5167160933355754,0.0,2015
LONG,2015-03-04,4455.5,4455.25,2015-03-04,4444.25,4444.5,{},1,1,NQ,5,fixed_hold,0,0.0,-11.25,-11.45,0.006037593704089152,-10.75,2015-03-03,0.001461084574318372,ENTERED,1.455036941021901,0.0,2015
LONG,2015-03-05,4442.5,4442.25,2015-03-05,4449.75,4450.0,{},1,1,NQ,5,fixed_hold,0,0.0,7.25,7.05,0.005879479312982419,7.75,2015-03-04,0.001972608916192442,ENTERED,1.4941666441334478,0.0,2015
SHORT,2015-03-06,4451.25,4451.5,2015-03-06,4410.75,4410.5,{},1,1,NQ,5,fixed_hold,0,0.0,40.5,40.3,0.005305506424828838,41.0,2015-03-05,-0.0019064707861389252,ENTERED,1.6553498295583973,0.0,2015
SHORT,2015-03-09,4403.25,4403.5,2015-03-09,4415.0,4414.75,{},1,1,NQ,5,fixed_hold,0,0.0,-11.75,-11.95,0.0057623124567304515,-11.25,2015-03-06,-0.008040483553556244,ENTERED,1.5241223418565868,0.0,2015
SHORT,2015-03-10,4412.5,4412.75,2015-03-10,4339.75,4339.5,{},1,1,NQ,5,fixed_hold,0,0.0,72.75,72.55,0.005574323728386142,73.25,2015-03-09,-0.014344719803527473,ENTERED,1.574709861265201,0.0,2015
SHORT,2015-03-11,4339.5,4339.75,2015-03-11,4309.75,4309.5,{},1,1,NQ,5,fixed_hold,0,0.0,29.75,29.55,0.006360515181346767,30.25,2015-03-10,-0.025980584703439558,ENTERED,1.3800678553078511,0.0,2015
SHORT,2015-03-12,4309.0,4309.25,2015-03-12,4335.5,4335.25,{},1,1,NQ,5,fixed_hold,0,0.0,-26.5,-26.7,0.006352145616264693,-26.0,2015-03-11,-0.030374620317245915,ENTERED,1.3814715997616838,0.0,2015
SHORT,2015-03-13,4334.5,4334.75,2015-03-13,4311.75,4311.5,{},1,1,NQ,5,fixed_hold,0,0.0,22.75,22.55,0.006295609797427746,23.25,2015-03-12,-0.025786516853932517,ENTERED,1.393877487452567,0.0,2015
SHORT,2015-03-16,4296.0,4296.25,2015-03-16,4352.5,4352.25,{},1,1,NQ,5,fixed_hold,0,0.0,-56.5,-56.7,0.006046652695151292,-56.0,2015-03-13,-0.022446434644598168,ENTERED,1.450257702525759,0.0,2015
SHORT,2015-03-17,4352.0,4352.25,2015-03-17,4372.25,4372.0,{},1,1,NQ,5,fixed_hold,0,0.0,-20.25,-20.45,0.006452678185858177,-19.75,2015-03-16,-0.014157087037771188,ENTERED,1.3590023232306971,0.0,2015
LONG,2015-03-18,4372.0,4371.75,2015-03-18,4425.5,4425.75,{},1,1,NQ,5,fixed_hold,0,0.0,53.5,53.3,0.006499502910512676,54.0,2015-03-17,0.0074893420901025465,ENTERED,1.3482002382552614,0.0,2015
LONG,2015-03-19,4426.75,4426.5,2015-03-19,4420.5,4420.75,{},1,1,NQ,5,fixed_hold,0,0.0,-6.25,-6.45,0.00706927099224239,-5.75,2015-03-18,0.026975287156282723,ENTERED,1.2395381903041784,0.0,2015
LONG,2015-03-20,4420.75,4420.5,2015-03-20,4449.25,4449.5,{},1,1,NQ,5,fixed_hold,0,0.0,28.5,28.3,0.00695481329581781,29.0,2015-03-19,0.019722046018107342,ENTERED,1.2588408724836677,0.0,2015
LONG,2015-03-23,4454.5,4454.25,2015-03-23,4440.0,4440.25,{},1,1,NQ,5,fixed_hold,0,0.0,-14.5,-14.7,0.006965074217519939,-14.0,2015-03-20,0.03200742201090123,ENTERED,1.2569863527435186,0.0,2015
LONG,2015-03-24,4440.5,4440.25,2015-03-24,4432.5,4432.75,{},1,1,NQ,5,fixed_hold,0,0.0,-8.0,-8.2,0.006980640391935128,-7.5,2015-03-23,0.020219426733298906,ENTERED,1.2534923486970917,0.0,2015
LONG,2015-03-25,4433.0,4432.75,2015-03-25,4326.5,4326.75,{},1,1,NQ,5,fixed_hold,0,0.0,-106.5,-106.7,0.006985708546569442,-106.0,2015-03-24,0.01389524245196716,ENTERED,1.2525829358560354,0.0,2015
SHORT,2015-03-26,4327.0,4327.25,2015-03-26,4314.75,4314.5,{},1,1,NQ,5,fixed_hold,0,0.0,12.25,12.05,0.008771583971109314,12.75,2015-03-25,-0.022369089984748403,ENTERED,0.9975597735958222,0.0,2015
SHORT,2015-03-27,4314.25,4314.5,2015-03-27,4324.0,4323.75,{},1,1,NQ,5,fixed_hold,0,0.0,-9.75,-9.95,0.008648728632020947,-9.25,2015-03-26,-0.02403438330600005,ENTERED,1.0117301273507406,0.0,2015
SHORT,2015-03-30,4322.75,4323.0,2015-03-30,4373.75,4373.5,{},1,1,NQ,5,fixed_hold,0,0.0,-51.0,-51.2,0.008683793084907668,-50.5,2015-03-27,-0.028261602427238852,ENTERED,1.0071238989883744,0.0,2015
SHORT,2015-03-31,4373.0,4373.25,2015-03-31,4322.5,4322.25,{},1,1,NQ,5,fixed_hold,0,0.0,50.5,50.3,0.008948094335694387,51.0,2015-03-30,-0.01503293733460942,ENTERED,0.9778818809935491,0.0,2015
SHORT,2015-04-01,4325.0,4325.25,2015-04-01,4315.25,4315.0,{},1,1,NQ,5,fixed_hold,0,0.0,9.75,9.55,0.009215691175309104,10.25,2015-03-31,-0.024928092042185934,ENTERED,0.9494870383395915,0.0,2015
SHORT,2015-04-02,4309.5,4309.75,2015-04-02,4304.25,4304.0,{},1,1,NQ,5,fixed_hold,0,0.0,5.25,5.05,0.009213213034285949,5.75,2015-04-01,-0.002715664182122768,ENTERED,0.950266015198773,0.0,2015
SHORT,2015-04-03,4303.75,4304.0,2015-04-03,4263.25,4263.0,{},1,1,NQ,5,fixed_hold,0,0.0,40.5,40.3,0.009194251236100782,41.0,2015-04-02,-0.0024336539575847693,ENTERED,0.9522257998446039,0.0,2015
SHORT,2015-04-06,4275.5,4275.75,2015-04-06,4341.0,4340.75,{},1,1,NQ,5,fixed_hold,0,0.0,-65.5,-65.7,0.0092223169897287,-65.0,2015-04-03,-0.014050303555940946,ENTERED,0.9501550838312416,0.0,2015
SHORT,2015-04-07,4340.25,4340.5,2015-04-07,4336.0,4335.75,{},1,1,NQ,5,fixed_hold,0,0.0,4.25,4.05,0.010234270176489667,4.75,2015-04-06,-0.007488281696581667,ENTERED,0.8562048120073688,0.0,2015
LONG,2015-04-08,4336.25,4336.0,2015-04-08,4375.25,4375.5,{},1,1,NQ,5,fixed_hold,0,0.0,39.0,38.8,0.009496521680529238,39.5,2015-04-07,0.00312337324310219,ENTERED,0.9234122703706181,0.0,2015
LONG,2015-04-09,4375.75,4375.5,2015-04-09,4396.75,4397.0,{},1,1,NQ,5,fixed_hold,0,0.0,21.0,20.8,0.009560973794559197,21.5,2015-04-08,0.014020857473928228,ENTERED,0.9171873947224433,0.0,2015
LONG,2015-04-10,4397.25,4397.0,2015-04-10,4415.25,4415.5,{},1,1,NQ,5,fixed_hold,0,0.0,18.0,17.8,0.009533663866949753,18.5,2015-04-09,0.02160780669144957,ENTERED,0.920064320865944,0.0,2015
LONG,2015-04-13,4416.25,4416.0,2015-04-13,4403.75,4404.0,{},1,1,NQ,5,fixed_hold,0,0.0,-12.5,-12.7,0.009446194731914121,-12.0,2015-04-10,0.035772929861599634,ENTERED,0.9285838604908679,0.0,2015
LONG,2015-04-14,4404.5,4404.25,2015-04-14,4394.75,4395.0,{},1,1,NQ,5,fixed_hold,0,0.0,-9.75,-9.95,0.009277434234270614,-9.25,2015-04-13,0.014571214651845743,ENTERED,0.9458766879752784,0.0,2015
LONG,2015-04-15,4395.25,4395.0,2015-04-15,4423.75,4424.0,{},1,1,NQ,5,fixed_hold,0,0.0,28.5,28.3,0.00924828459143889,29.0,2015-04-14,0.01366545580349432,ENTERED,0.9488579941131601,0.0,2015
LONG,2015-04-16,4424.5,4424.25,2015-04-16,4415.25,4415.5,{},1,1,NQ,5,fixed_hold,0,0.0,-9.25,-9.45,0.008942237119735675,-8.75,2015-04-15,0.01108444749171511,ENTERED,0.9816271283615581,0.0,2015
LONG,2015-04-17,4415.5,4415.25,2015-04-17,4346.75,4347.0,{},1,1,NQ,5,fixed_hold,0,0.0,-68.75,-68.95,0.008949335123768633,-68.25,2015-04-16,0.00420741414600867,ENTERED,0.9808485684775431,0.0,2015
SHORT,2015-04-20,4356.0,4356.25,2015-04-20,4409.25,4409.0,{},1,1,NQ,5,fixed_hold,0,0.0,-53.25,-53.45,0.009444919819332103,-52.75,2015-04-17,-0.015513531876344744,ENTERED,0.929861695393667,0.0,2015
LONG,2015-04-21,4409.25,4409.0,2015-04-21,4434.25,4434.5,{},1,1,NQ,5,fixed_hold,0,0.0,25.0,24.8,0.010045549030071231,25.5,2015-04-20,0.0011353315168027844,ENTERED,0.8742647245831144,0.0,2015
LONG,2015-04-22,4435.25,4435.0,2015-04-22,4444.0,4444.25,{},1,1,NQ,5,fixed_hold,0,0.0,8.75,8.55,0.01012997588619323,9.25,2015-04-21,0.008987485779294646,ENTERED,0.8672204132592737,0.0,2015
LONG,2015-04-23,4444.25,4444.0,2015-04-23,4490.75,4491.0,{},1,1,NQ,5,fixed_hold,0,0.0,46.5,46.3,0.008413784984458984,47.0,2015-04-22,0.00457730560578673,ENTERED,1.0438190626790924,0.0,2015
LONG,2015-04-24,4491.25,4491.0,2015-04-24,4529.5,4529.75,{},1,1,NQ,5,fixed_hold,0,0.0,38.25,38.05,0.008590317856252293,38.75,2015-04-23,0.017098856301664744,ENTERED,1.0223683573791453,0.0,2015
LONG,2015-04-27,4533.0,4532.75,2015-04-27,4526.25,4526.5,{},1,1,NQ,5,fixed_hold,0,0.0,-6.75,-6.95,0.00871583164955925,-6.25,2015-04-24,0.042040487692661443,ENTERED,1.0071262155939131,0.0,2015
LONG,2015-04-28,4526.5,4526.25,2015-04-28,4510.0,4510.25,{},1,1,NQ,5,fixed_hold,0,0.0,-16.5,-16.7,0.008466157763172994,-16.0,2015-04-27,0.026650034021320046,ENTERED,1.0368271877896609,0.0,2015
LONG,2015-04-29,4510.5,4510.25,2015-04-29,4468.75,4469.0,{},1,1,NQ,5,fixed_hold,0,0.0,-41.75,-41.95,0.007965649710963243,-41.25,2015-04-28,0.017081970909911037,ENTERED,1.1016438187512516,0.0,2015
LONG,2015-04-30,4469.5,4469.25,2015-04-30,4410.75,4411.0,{},1,1,NQ,5,fixed_hold,0,0.0,-58.75,-58.95,0.008322148993314519,-58.25,2015-04-29,0.0055689936434719645,ENTERED,1.0544522542758934,0.0,2015
SHORT,2015-05-01,4410.25,4410.5,2015-05-01,4469.0,4468.75,{},1,1,NQ,5,fixed_hold,0,0.0,-58.75,-58.95,0.008913896516262856,-58.25,2015-04-30,-0.017813404586951687,ENTERED,0.984452618494094,0.0,2015
SHORT,2015-05-04,4463.75,4464.0,2015-05-04,4474.0,4473.75,{},1,1,NQ,5,fixed_hold,0,0.0,-10.25,-10.45,0.00890739906880005,-9.75,2015-05-01,-0.013466526850267724,ENTERED,0.9854664057570702,0.0,2015
SHORT,2015-05-05,4473.75,4474.0,2015-05-05,4411.0,4410.75,{},1,1,NQ,5,fixed_hold,0,0.0,62.75,62.55,0.008090061686395774,63.25,2015-05-04,-0.011653595493206659,ENTERED,1.0847023306604555,0.0,2015
SHORT,2015-05-06,4410.75,4411.0,2015-05-06,4370.25,4370.0,{},1,1,NQ,5,fixed_hold,0,0.0,40.5,40.3,0.008801945553630185,41.0,2015-05-05,-0.022060861371320795,ENTERED,0.9972729882831387,0.0,2015
SHORT,2015-05-07,4369.5,4369.75,2015-05-07,4404.0,4403.75,{},1,1,NQ,5,fixed_hold,0,0.0,-34.5,-34.7,0.008853521664449537,-34.0,2015-05-06,-0.022152606847169243,ENTERED,0.9914633834603064,0.0,2015
SHORT,2015-05-08,4404.0,4404.25,2015-05-08,4447.25,4447.0,{},1,1,NQ,5,fixed_hold,0,0.0,-43.25,-43.45,0.008957687382774429,-42.75,2015-05-07,-0.0016436182271594157,ENTERED,0.9804393456451745,0.0,2015
SHORT,2015-05-11,4451.25,4451.5,2015-05-11,4429.5,4429.25,{},1,1,NQ,5,fixed_hold,0,0.0,21.75,21.55,0.009177922388370393,22.25,2015-05-08,-0.004867132867132806,ENTERED,0.9569125543260112,0.0,2015
SHORT,2015-05-12,4428.5,4428.75,2015-05-12,4428.0,4427.75,{},1,1,NQ,5,fixed_hold,0,0.0,0.5,0.3,0.009206978133927365,1.0,2015-05-11,-0.009946912545403697,ENTERED,0.9541590896103974,0.0,2015
LONG,2015-05-13,4428.25,4428.0,2015-05-13,4426.75,4427.0,{},1,1,NQ,5,fixed_hold,0,0.0,-1.5,-1.7,0.009191761875466413,-1.0,2015-05-12,0.003854219803888226,ENTERED,0.9557386269740806,0.0,2015
LONG,2015-05-14,4427.5,4427.25,2015-05-14,4490.0,4490.25,{},1,1,NQ,5,fixed_hold,0,0.0,62.5,62.3,0.009075849884700837,63.0,2015-05-13,0.013043478260869268,ENTERED,0.9688188086142603,0.0,2015
LONG,2015-05-15,4490.75,4490.5,2015-05-15,4489.75,4490.0,{},1,1,NQ,5,fixed_hold,0,0.0,-1.0,-1.2,0.009597098845453463,-0.5,2015-05-14,0.01964235026965655,ENTERED,0.916199177902942,0.0,2015
LONG,2015-05-18,4487.0,4486.75,2015-05-18,4509.0,4509.25,{},1,1,NQ,5,fixed_hold,0,0.0,22.0,21.8,0.008796094406509844,22.5,2015-05-15,0.009669440071958357,ENTERED,1.0,0.0,2015
LONG,2015-05-19,4509.5,4509.25,2015-05-19,4499.5,4499.75,{},1,1,NQ,5,fixed_hold,0,0.0,-10.0,-10.2,0.008313214254470428,-9.5,2015-05-18,0.018061748603036554,ENTERED,1.0576960731800438,0.0,2015
LONG,2015-05-20,4500.25,4500.0,2015-05-20,4490.0,4490.25,{},1,1,NQ,5,fixed_hold,0,0.0,-10.25,-10.45,0.00826923418415159,-9.75,2015-05-19,0.016261080684320195,ENTERED,1.06332144871525,0.0,2015
LONG,2015-05-21,4491.0,4490.75,2015-05-21,4528.0,4528.25,{},1,1,NQ,5,fixed_hold,0,0.0,37.0,36.8,0.008285994914200645,37.5,2015-05-20,0.014287327761463686,ENTERED,1.0602132834133482,0.0,2015
LONG,2015-05-22,4528.5,4528.25,2015-05-22,4526.75,4527.0,{},1,1,NQ,5,fixed_hold,0,0.0,-1.75,-1.95,0.008167658101808967,-1.25,2015-05-21,0.008462780468793785,ENTERED,1.0755741443664606,0.0,2015
LONG,2015-05-25,4528.5,4528.25,2015-05-25,4525.5,4525.75,{},1,1,NQ,5,fixed_hold,0,0.0,-3.0,-3.2,0.007937539445235566,-2.5,2015-05-22,0.00824053452115825,ENTERED,1.1064473085967457,0.0,2015
LONG,2015-05-26,4525.75,4525.5,2015-05-26,4476.5,4476.75,{},1,1,NQ,5,fixed_hold,0,0.0,-49.25,-49.45,0.007936054422105236,-48.75,2015-05-25,0.0036591450906471312,ENTERED,1.1066543510082973,0.0,2015
SHORT,2015-05-27,4476.75,4477.0,2015-05-27,4541.75,4541.5,{},1,1,NQ,5,fixed_hold,0,0.0,-65.0,-65.2,0.00826746049096497,-64.5,2015-05-26,-0.005111395077504133,ENTERED,1.0617459320872675,0.0,2015
LONG,2015-05-28,4541.75,4541.5,2015-05-28,4541.25,4541.5,{},1,1,NQ,5,fixed_hold,0,0.0,-0.5,-0.7,0.008621917734179302,0.0,2015-05-27,0.011413618395412328,ENTERED,1.0180963001046088,0.0,2015
LONG,2015-05-29,4542.0,4541.75,2015-05-29,4512.5,4512.75,{},1,1,NQ,5,fixed_hold,0,0.0,-29.5,-29.7,0.007992575288508429,-29.0,2015-05-28,0.0029260751946116326,ENTERED,1.0979325748782525,0.0,2015
SHORT,2015-06-01,4517.0,4517.25,2015-06-01,4526.0,4525.75,{},1,1,NQ,5,fixed_hold,0,0.0,-9.0,-9.2,0.007682505302664371,-8.5,2015-05-29,-0.003147779986746091,ENTERED,1.142245715518997,0.0,2015
LONG,2015-06-03,4506.0,4505.75,2015-06-03,4526.0,4526.25,{},1,1,NQ,5,fixed_hold,0,0.0,20.0,19.8,0.006998860821142382,20.5,2015-06-02,0.00653375774836662,ENTERED,1.2532873842285637,0.0,2015
SHORT,2015-06-04,4525.5,4525.75,2015-06-04,4494.75,4494.5,{},1,1,NQ,5,fixed_hold,0,0.0,30.75,30.55,0.006593917335978847,31.25,2015-06-03,-0.0033579213916106188,ENTERED,1.3298930209199447,0.0,2015
SHORT,2015-06-05,4493.75,4494.0,2015-06-05,4480.75,4480.5,{},1,1,NQ,5,fixed_hold,0,0.0,13.0,12.8,0.0067169889787307615,13.5,2015-06-04,-0.010349003633160714,ENTERED,1.3055261328266055,0.0,2015
SHORT,2015-06-08,4479.75,4480.0,2015-06-08,4437.25,4437.0,{},1,1,NQ,5,fixed_hold,0,0.0,42.5,42.3,0.006444394161578257,43.0,2015-06-05,-0.007146418480970529,ENTERED,1.3597292705553494,0.0,2015
SHORT,2015-06-09,4436.25,4436.5,2015-06-09,4433.25,4433.0,{},1,1,NQ,5,fixed_hold,0,0.0,3.0,2.8,0.0067678963015161235,3.5,2015-06-08,-0.01961000939070867,ENTERED,1.2947348750794214,0.0,2015
SHORT,2015-06-10,4433.0,4433.25,2015-06-10,4483.75,4483.5,{},1,1,NQ,5,fixed_hold,0,0.0,-50.75,-50.95,0.006771025749634696,-50.25,2015-06-09,-0.016200621393697268,ENTERED,1.293009886683808,0.0,2015
SHORT,2015-06-11,4483.25,4483.5,2015-06-11,4487.5,4487.25,{},1,1,NQ,5,fixed_hold,0,0.0,-4.25,-4.45,0.007226700924997309,-3.75,2015-06-10,-0.009444904722452296,ENTERED,1.211479944740008,0.0,2015
SHORT,2015-06-12,4486.5,4486.75,2015-06-12,4456.25,4456.0,{},1,1,NQ,5,fixed_hold,0,0.0,30.25,30.05,0.006478846094222622,30.75,2015-06-11,-0.0016130826565801115,ENTERED,1.3505768146119945,0.0,2015
SHORT,2015-06-15,4428.75,4429.0,2015-06-15,4424.25,4424.0,{},1,1,NQ,5,fixed_hold,0,0.0,4.5,4.3,0.0066627677379126875,5.0,2015-06-12,-0.005468139716549247,ENTERED,1.313294964569455,0.0,2015
SHORT,2015-06-16,4424.0,4424.25,2015-06-16,4452.0,4451.75,{},1,1,NQ,5,fixed_hold,0,0.0,-28.0,-28.2,0.006734974975578117,-27.5,2015-06-15,-0.0029299075952220477,ENTERED,1.298543139565234,0.0,2015
LONG,2015-06-17,4451.75,4451.5,2015-06-17,4454.0,4454.25,{},1,1,NQ,5,fixed_hold,0,0.0,2.25,2.05,0.006916264733990096,2.75,2015-06-16,0.0042296413264155674,ENTERED,1.2645056090319715,0.0,2015
SHORT,2015-06-18,4453.5,4453.75,2015-06-18,4527.75,4527.5,{},1,1,NQ,5,fixed_hold,0,0.0,-74.25,-74.45,0.006909585215699525,-73.75,2015-06-17,-0.006523921043827707,ENTERED,1.2614117023632165,0.0,2015
LONG,2015-06-19,4527.5,4527.25,2015-06-19,4496.0,4496.25,{},1,1,NQ,5,fixed_hold,0,0.0,-31.5,-31.7,0.007639234776847879,-31.0,2015-06-18,0.008969859045072193,ENTERED,1.1409299365918426,0.0,2015
LONG,2015-06-22,4517.25,4517.0,2015-06-22,4539.0,4539.25,{},1,1,NQ,5,fixed_hold,0,0.0,21.75,21.55,0.007794823954536243,22.25,2015-06-19,0.009032764811489846,ENTERED,1.1178841728679327,0.0,2015
LONG,2015-06-23,4540.0,4539.75,2015-06-23,4542.75,4543.0,{},1,1,NQ,5,fixed_hold,0,0.0,2.75,2.55,0.008101687397700749,3.25,2015-06-22,0.026051084990958095,ENTERED,1.0755426494906282,0.0,2015
LONG,2015-06-24,4543.25,4543.0,2015-06-24,4522.0,4522.25,{},1,1,NQ,5,fixed_hold,0,0.0,-21.25,-21.45,0.007676293741028023,-20.75,2015-06-23,0.020497557140450207,ENTERED,1.1347397103653336,0.0,2015
LONG,2015-06-25,4522.25,4522.0,2015-06-25,4507.25,4507.5,{},1,1,NQ,5,fixed_hold,0,0.0,-15.0,-15.2,0.007041865379146986,-14.5,2015-06-24,0.015266318684402425,ENTERED,1.2369727149524856,0.0,2015
SHORT,2015-06-26,4507.25,4507.5,2015-06-26,4480.25,4480.0,{},1,1,NQ,5,fixed_hold,0,0.0,27.0,26.8,0.007074951322983689,27.5,2015-06-25,-0.004417448923246803,ENTERED,1.2309121236604186,0.0,2015
SHORT,2015-06-29,4411.25,4411.5,2015-06-29,4384.75,4384.5,{},1,1,NQ,5,fixed_hold,0,0.0,26.5,26.3,0.0070649204930321,27.0,2015-06-26,-0.003614122880178039,ENTERED,1.2326597824217542,0.0,2015
SHORT,2015-06-30,4385.0,4385.25,2015-06-30,4390.0,4389.75,{},1,1,NQ,5,fixed_hold,0,0.0,-5.0,-5.2,0.0071352671452163015,-4.5,2015-06-29,-0.0190932962834629,ENTERED,1.2200881772133205,0.0,2015
SHORT,2015-07-01,4423.5,4423.75,2015-07-01,4421.0,4420.75,{},1,1,NQ,5,fixed_hold,0,0.0,2.5,2.3,0.007096942310238254,3.0,2015-06-30,-0.0187294134412318,ENTERED,1.2266768848575844,0.0,2015
SHORT,2015-07-02,4420.25,4420.5,2015-07-02,4427.25,4427.0,{},1,1,NQ,5,fixed_hold,0,0.0,-7.0,-7.2,0.007214539017021981,-6.5,2015-07-01,-0.007265491672401314,ENTERED,1.2055069368678801,0.0,2015
SHORT,2015-07-03,4426.25,4426.5,2015-07-03,4418.0,4417.75,{},1,1,NQ,5,fixed_hold,0,0.0,8.25,8.05,0.007051159164503554,8.75,2015-07-02,-0.002608834659123649,ENTERED,1.233439301031054,0.0,2015
LONG,2015-07-06,4366.5,4366.25,2015-07-06,4429.75,4430.0,{},1,1,NQ,5,fixed_hold,0,0.0,63.25,63.05,0.007030729536019357,63.75,2015-07-03,0.0014167516717671358,ENTERED,1.2366514370993724,0.0,2015
LONG,2015-07-07,4429.75,4429.5,2015-07-07,4412.75,4413.0,{},1,1,NQ,5,fixed_hold,0,0.0,-17.0,-17.2,0.007342218733141438,-16.5,2015-07-06,0.022294887087763948,ENTERED,1.184187246469473,0.0,2015
LONG,2015-07-08,4413.5,4413.25,2015-07-08,4357.0,4357.25,{},1,1,NQ,5,fixed_hold,0,0.0,-56.5,-56.7,0.007417600962817791,-56.0,2015-07-07,0.017153919271018836,ENTERED,1.1719309860362384,0.0,2015
SHORT,2015-07-09,4357.0,4357.25,2015-07-09,4372.0,4371.75,{},1,1,NQ,5,fixed_hold,0,0.0,-15.0,-15.2,0.007615651215735687,-14.5,2015-07-08,-0.0027384844579489975,ENTERED,1.1414541139196133,0.0,2015
SHORT,2015-07-10,4371.25,4371.5,2015-07-10,4412.75,4412.5,{},1,1,NQ,5,fixed_hold,0,0.0,-41.5,-41.7,0.007651102602759351,-41.0,2015-07-09,-0.0008324209165693208,ENTERED,1.1355681330536942,0.0,2015
LONG,2015-07-13,4392.25,4392.0,2015-07-13,4487.5,4487.75,{},1,1,NQ,5,fixed_hold,0,0.0,95.25,95.05,0.00772810066325233,95.75,2015-07-10,0.010592613799026651,ENTERED,1.1242540278663053,0.0,2015
LONG,2015-07-14,4488.0,4487.75,2015-07-14,4515.25,4515.5,{},1,1,NQ,5,fixed_hold,0,0.0,27.25,27.05,0.008275731255252076,27.75,2015-07-13,0.013036117381489687,ENTERED,1.0493082504819886,0.0,2015
LONG,2015-07-15,4515.75,4515.5,2015-07-15,4539.5,4539.75,{},1,1,NQ,5,fixed_hold,0,0.0,23.75,23.55,0.00827339412741917,24.25,2015-07-14,0.02322682982098323,ENTERED,1.0496046666178247,0.0,2015
LONG,2015-07-16,4540.0,4539.75,2015-07-16,4615.0,4615.25,{},1,1,NQ,5,fixed_hold,0,0.0,75.0,74.8,0.008296110427309072,75.5,2015-07-15,0.041884215961902393,ENTERED,1.043543909694783,0.0,2015
LONG,2015-07-17,4616.25,4616.0,2015-07-17,4653.25,4653.5,{},1,1,NQ,5,fixed_hold,0,0.0,37.0,36.8,0.008312829971273802,37.5,2015-07-16,0.05569851889975386,ENTERED,1.041445036225993,0.0,2015
LONG,2015-07-20,4652.0,4651.75,2015-07-20,4671.75,4672.0,{},1,1,NQ,5,fixed_hold,0,0.0,19.75,19.55,0.008114370703050374,20.25,2015-07-17,0.05461756373937643,ENTERED,1.065853280374496,0.0,2015
LONG,2015-07-21,4672.0,4671.75,2015-07-21,4614.75,4615.0,{},1,1,NQ,5,fixed_hold,0,0.0,-57.25,-57.45,0.00797553101212217,-56.75,2015-07-20,0.041056208567767705,ENTERED,1.0844078743942653,0.0,2015
LONG,2015-07-22,4615.5,4615.25,2015-07-22,4625.75,4626.0,{},1,1,NQ,5,fixed_hold,0,0.0,10.25,10.05,0.00865124393832361,10.75,2015-07-21,0.02203521204739256,ENTERED,0.9997092549556348,0.0,2015
LONG,2015-07-23,4625.75,4625.5,2015-07-23,4627.25,4627.5,{},1,1,NQ,5,fixed_hold,0,0.0,1.5,1.3,0.00850425333993806,2.0,2015-07-22,0.018998843548653666,ENTERED,1.016988592214721,0.0,2015
LONG,2015-07-24,4628.25,4628.0,2015-07-24,4563.75,4564.0,{},1,1,NQ,5,fixed_hold,0,0.0,-64.5,-64.7,0.008413072477878075,-64.0,2015-07-23,0.002654244082118895,ENTERED,1.026899844240888,0.0,2015
SHORT,2015-07-27,4560.0,4560.25,2015-07-27,4521.25,4521.0,{},1,1,NQ,5,fixed_hold,0,0.0,38.75,38.55,0.008986136295103668,39.25,2015-07-24,-0.019232835500161194,ENTERED,0.962452420929052,0.0,2015
SHORT,2015-07-28,4520.75,4521.0,2015-07-28,4557.75,4557.5,{},1,1,NQ,5,fixed_hold,0,0.0,-37.0,-37.2,0.009177731849754187,-36.5,2015-07-27,-0.032320205479452135,ENTERED,0.9423601357728263,0.0,2015
SHORT,2015-07-29,4557.75,4558.0,2015-07-29,4561.75,4561.5,{},1,1,NQ,5,fixed_hold,0,0.0,-4.0,-4.2,0.009268064290685022,-3.5,2015-07-28,-0.012459371614301107,ENTERED,0.9334466903751029,0.0,2015
SHORT,2015-07-30,4561.0,4561.25,2015-07-30,4589.75,4589.5,{},1,1,NQ,5,fixed_hold,0,0.0,-28.75,-28.95,0.009211024291827526,-28.25,2015-07-29,-0.013942931258106528,ENTERED,0.939227133077851,0.0,2015
SHORT,2015-07-31,4589.25,4589.5,2015-07-31,4583.5,4583.25,{},1,1,NQ,5,fixed_hold,0,0.0,5.75,5.55,0.009250406869891106,6.25,2015-07-30,-0.008211777417612254,ENTERED,0.9358891595084702,0.0,2015
LONG,2015-08-03,4586.25,4586.0,2015-08-03,4564.0,4564.25,{},1,1,NQ,5,fixed_hold,0,0.0,-22.25,-22.45,0.009233101641843697,-21.75,2015-07-31,0.004217791411042837,ENTERED,0.9376432586141266,0.0,2015
LONG,2015-08-04,4564.25,4564.0,2015-08-04,4553.25,4553.5,{},1,1,NQ,5,fixed_hold,0,0.0,-11.0,-11.2,0.008881509221658897,-10.5,2015-08-03,0.009566467595664818,ENTERED,0.9777384527993206,0.0,2015
SHORT,2015-08-05,4553.25,4553.5,2015-08-05,4590.0,4589.75,{},1,1,NQ,5,fixed_hold,0,0.0,-36.75,-36.95,0.008840441545369575,-36.25,2015-08-04,-0.0008776741634669571,ENTERED,0.9822804709857557,0.0,2015
LONG,2015-08-06,4590.25,4590.0,2015-08-06,4524.25,4524.5,{},1,1,NQ,5,fixed_hold,0,0.0,-66.0,-66.2,0.00827604516000386,-65.5,2015-08-05,0.006193138222076122,ENTERED,1.0492684509352797,0.0,2015
SHORT,2015-08-07,4524.25,4524.5,2015-08-07,4514.5,4514.25,{},1,1,NQ,5,fixed_hold,0,0.0,9.75,9.55,0.009088659980378905,10.25,2015-08-06,-0.01416276282819462,ENTERED,0.9554536206277618,0.0,2015
SHORT,2015-08-10,4517.25,4517.5,2015-08-10,4582.25,4582.0,{},1,1,NQ,5,fixed_hold,0,0.0,-65.0,-65.2,0.008949395935703125,-64.5,2015-08-07,-0.015054819178530243,ENTERED,0.9708306974950127,0.0,2015
LONG,2015-08-11,4582.0,4581.75,2015-08-11,4521.5,4521.75,{},1,1,NQ,5,fixed_hold,0,0.0,-60.5,-60.7,0.008768253253289787,-60.0,2015-08-10,0.0038889193186175675,ENTERED,0.9908870156274159,0.0,2015
SHORT,2015-08-12,4521.25,4521.5,2015-08-12,4530.25,4530.0,{},1,1,NQ,5,fixed_hold,0,0.0,-9.0,-9.2,0.009229123827684836,-8.5,2015-08-11,-0.00697265839464134,ENTERED,0.9419005067742231,0.0,2015
SHORT,2015-08-13,4530.0,4530.25,2015-08-13,4512.5,4512.25,{},1,1,NQ,5,fixed_hold,0,0.0,17.5,17.3,0.00915651737171335,18.0,2015-08-12,-0.013018138242823496,ENTERED,0.9493692915641575,0.0,2015
SHORT,2015-08-14,4512.75,4513.0,2015-08-14,4533.25,4533.0,{},1,1,NQ,5,fixed_hold,0,0.0,-20.5,-20.7,0.00829669424544672,-20.0,2015-08-13,-0.0027074814896670407,ENTERED,1.0477566309194934,0.0,2015
LONG,2015-08-17,4534.0,4533.75,2015-08-17,4565.0,4565.25,{},1,1,NQ,5,fixed_hold,0,0.0,31.0,30.8,0.008116154635786866,31.5,2015-08-14,0.004153513872736658,ENTERED,1.0705005865841732,0.0,2015
SHORT,2015-08-18,4565.75,4566.0,2015-08-18,4542.75,4542.5,{},1,1,NQ,5,fixed_hold,0,0.0,23.0,22.8,0.008252333821573867,23.5,2015-08-17,-0.003655608904408525,ENTERED,1.0528352931753644,0.0,2015
LONG,2015-08-19,4542.75,4542.5,2015-08-19,4505.25,4505.5,{},1,1,NQ,5,fixed_hold,0,0.0,-37.5,-37.7,0.007892381318117087,-37.0,2015-08-18,0.004588931276607644,ENTERED,1.1002754092701885,0.0,2015
SHORT,2015-08-20,4505.25,4505.5,2015-08-20,4366.5,4366.25,{},1,1,NQ,5,fixed_hold,0,0.0,138.75,138.55,0.008021630510184966,139.25,2015-08-19,-0.005408388520971474,ENTERED,1.0825471297739235,0.0,2015
SHORT,2015-08-21,4366.5,4366.75,2015-08-21,4192.0,4191.75,{},1,1,NQ,5,fixed_hold,0,0.0,174.5,174.3,0.010383358998970582,175.0,2015-08-20,-0.03235636323342028,ENTERED,0.836318294086585,0.0,2015
SHORT,2015-08-24,4165.5,4165.75,2015-08-24,4032.75,4032.5,{},1,1,NQ,5,fixed_hold,0,0.0,132.75,132.55,0.013125727124765155,133.25,2015-08-21,-0.07528127068166768,ENTERED,0.6619327231041419,0.0,2015
SHORT,2015-08-25,4031.75,4032.0,2015-08-25,3960.25,3960.0,{},1,1,NQ,5,fixed_hold,0,0.0,71.5,71.3,0.015129893985099249,72.0,2015-08-24,-0.11669678549915119,ENTERED,0.5742504413431092,0.0,2015
SHORT,2015-08-26,3961.0,3961.25,2015-08-26,4221.25,4221.0,{},1,1,NQ,5,fixed_hold,0,0.0,-260.25,-260.45,0.015012622972231339,-259.75,2015-08-25,-0.12823335167859107,ENTERED,0.5790404798986549,0.0,2015
SHORT,2015-08-27,4219.75,4220.0,2015-08-27,4328.25,4328.0,{},1,1,NQ,5,fixed_hold,0,0.0,-108.5,-108.7,0.02213654911000322,-108.0,2015-08-26,-0.06314504494506712,ENTERED,0.392695192334662,0.0,2015
SHORT,2015-08-28,4327.25,4327.5,2015-08-28,4324.5,4324.25,{},1,1,NQ,5,fixed_hold,0,0.0,2.75,2.55,0.022983843574090494,3.25,2015-08-27,-0.00876037789865447,ENTERED,0.37829015658532644,0.0,2015
LONG,2015-08-31,4291.75,4291.5,2015-08-31,4241.25,4241.5,{},1,1,NQ,5,fixed_hold,0,0.0,-50.5,-50.7,0.022985606701261617,-50.0,2015-08-28,0.03160970954851794,ENTERED,0.37826113957210106,0.0,2015
LONG,2015-09-01,4240.75,4240.5,2015-09-01,4164.75,4165.0,{},1,1,NQ,5,fixed_hold,0,0.0,-76.0,-76.2,0.023279270625355283,-75.5,2015-08-31,0.05182889026658399,ENTERED,0.3736017752141769,0.0,2015
LONG,2015-09-02,4165.75,4165.5,2015-09-02,4273.25,4273.5,{},1,1,NQ,5,fixed_hold,0,0.0,107.5,107.3,0.023504999565009687,108.0,2015-09-01,0.05176767676767691,ENTERED,0.37001391160503905,0.0,2015
LONG,2015-09-03,4273.5,4273.25,2015-09-03,4235.75,4236.0,{},1,1,NQ,5,fixed_hold,0,0.0,-37.75,-37.95,0.02433070590759185,-37.25,2015-09-02,0.01243781094527363,ENTERED,0.35780528186075544,0.0,2015
SHORT,2015-09-04,4235.75,4236.0,2015-09-04,4185.0,4184.75,{},1,1,NQ,5,fixed_hold,0,0.0,50.75,50.55,0.02423226130809678,51.25,2015-09-03,-0.021256931608133245,ENTERED,0.35925888114404786,0.0,2015
SHORT,2015-09-07,4208.25,4208.5,2015-09-07,4227.75,4227.5,{},1,1,NQ,5,fixed_hold,0,0.0,-19.5,-19.7,0.024315903427373643,-19.0,2015-09-04,-0.03225992946753786,ENTERED,0.35814599213962084,0.0,2015
SHORT,2015-09-08,4227.25,4227.5,2015-09-08,4301.5,4301.25,{},1,1,NQ,5,fixed_hold,0,0.0,-74.25,-74.45,0.024146894374889483,-73.75,2015-09-07,-0.003300719085229331,ENTERED,0.36065272919005753,0.0,2015
LONG,2015-09-09,4301.5,4301.25,2015-09-09,4238.5,4238.75,{},1,1,NQ,5,fixed_hold,0,0.0,-63.0,-63.2,0.024486441793083395,-62.5,2015-09-08,0.032713085234093775,ENTERED,0.35573136391069343,0.0,2015
SHORT,2015-09-10,4239.25,4239.5,2015-09-10,4291.5,4291.25,{},1,1,NQ,5,fixed_hold,0,0.0,-52.25,-52.45,0.024617198914318208,-51.75,2015-09-09,-0.008131508131508092,ENTERED,0.35384185530982487,0.0,2015
LONG,2015-09-11,4292.75,4292.5,2015-09-11,4329.0,4329.25,{},1,1,NQ,5,fixed_hold,0,0.0,36.25,36.05,0.024855125928283466,36.75,2015-09-10,0.01304296506137903,ENTERED,0.35058001131075656,0.0,2015
LONG,2015-09-14,4346.25,4346.0,2015-09-14,4298.75,4299.0,{},1,1,NQ,5,fixed_hold,0,0.0,-47.5,-47.7,0.02493465856974496,-47.0,2015-09-11,0.034530139195889875,ENTERED,0.34946178648064086,0.0,2015
LONG,2015-09-15,4305.25,4305.0,2015-09-15,4351.25,4351.5,{},1,1,NQ,5,fixed_hold,0,0.0,46.0,45.8,0.024862504006118093,46.5,2015-09-14,0.01691306918982871,ENTERED,0.35056129693994154,0.0,2015
LONG,2015-09-16,4351.0,4350.75,2015-09-16,4374.5,4374.75,{},1,1,NQ,5,fixed_hold,0,0.0,23.5,23.3,0.02507613708304316,24.0,2015-09-15,0.011682650392327742,ENTERED,0.34757473293017765,0.0,2015
LONG,2015-09-17,4375.25,4375.0,2015-09-17,4369.75,4370.0,{},1,1,NQ,5,fixed_hold,0,0.0,-5.5,-5.7,0.02507929072919202,-5.0,2015-09-16,0.03208493069890905,ENTERED,0.3487202107953016,0.0,2015
LONG,2015-09-18,4370.25,4370.0,2015-09-18,4324.5,4324.75,{},1,1,NQ,5,fixed_hold,0,0.0,-45.75,-45.95,0.024085416065013243,-45.25,2015-09-17,0.018351296242353765,ENTERED,0.36311000507832353,0.0,2015
SHORT,2015-09-21,4319.75,4320.0,2015-09-21,4341.0,4340.75,{},1,1,NQ,5,fixed_hold,0,0.0,-21.25,-21.45,0.022324718960239437,-20.75,2015-09-18,-0.0010394410117225972,ENTERED,0.3919502563898212,0.0,2015
LONG,2015-09-22,4340.0,4339.75,2015-09-22,4255.25,4255.5,{},1,1,NQ,5,fixed_hold,0,0.0,-84.75,-84.95,0.02026552275487211,-84.25,2015-09-21,0.009711560828099763,ENTERED,0.43177663986944953,0.0,2015
SHORT,2015-09-23,4255.5,4255.75,2015-09-23,4266.0,4265.75,{},1,1,NQ,5,fixed_hold,0,0.0,-10.5,-10.7,0.020362962115592655,-10.0,2015-09-22,-0.02206135815236121,ENTERED,0.42994743041653466,0.0,2015
SHORT,2015-09-24,4265.75,4266.0,2015-09-24,4258.25,4258.0,{},1,1,NQ,5,fixed_hold,0,0.0,7.5,7.3,0.014180882772089768,8.0,2015-09-23,-0.024915709469112368,ENTERED,0.6173806932879766,0.0,2015
SHORT,2015-09-25,4257.25,4257.5,2015-09-25,4204.75,4204.5,{},1,1,NQ,5,fixed_hold,0,0.0,52.5,52.3,0.012934027883139918,53.0,2015-09-24,-0.02562929061784891,ENTERED,0.6774866616699069,0.0,2015
SHORT,2015-09-28,4193.75,4194.0,2015-09-28,4104.75,4104.5,{},1,1,NQ,5,fixed_hold,0,0.0,89.0,88.8,0.013201990526226799,89.5,2015-09-25,-0.027805075437886684,ENTERED,0.6637356204040818,0.0,2015
SHORT,2015-09-29,4104.25,4104.5,2015-09-29,4076.5,4076.25,{},1,1,NQ,5,fixed_hold,0,0.0,27.75,27.55,0.013567933861329845,28.25,2015-09-28,-0.05442607844266545,ENTERED,0.6462482307848143,0.0,2015
SHORT,2015-09-30,4076.25,4076.5,2015-09-30,4156.0,4155.75,{},1,1,NQ,5,fixed_hold,0,0.0,-79.75,-79.95,0.013075044242150873,-79.25,2015-09-29,-0.042121959816707855,ENTERED,0.6706098343455693,0.0,2015
SHORT,2015-10-01,4156.5,4156.75,2015-10-01,4189.25,4189.0,{},1,1,NQ,5,fixed_hold,0,0.0,-32.75,-32.95,0.012428225975126847,-32.25,2015-09-30,-0.025786790130692294,ENTERED,0.7055878017660361,0.0,2015
SHORT,2015-10-02,4188.75,4189.0,2015-10-02,4262.75,4262.5,{},1,1,NQ,5,fixed_hold,0,0.0,-74.0,-74.2,0.01246484028641839,-73.5,2015-10-01,-0.016204790981681705,ENTERED,0.7035152030945933,0.0,2015
LONG,2015-10-05,4262.25,4262.0,2015-10-05,4306.5,4306.75,{},1,1,NQ,5,fixed_hold,0,0.0,44.25,44.05,0.012769817899312275,44.75,2015-10-02,0.013794743726958991,ENTERED,0.686899691152347,0.0,2015
LONG,2015-10-06,4306.75,4306.5,2015-10-06,4281.0,4281.25,{},1,1,NQ,5,fixed_hold,0,0.0,-25.75,-25.95,0.012776159777758075,-25.25,2015-10-05,0.04927518577171375,ENTERED,0.6865587252892454,0.0,2015
LONG,2015-10-07,4281.25,4281.0,2015-10-07,4324.25,4324.5,{},1,1,NQ,5,fixed_hold,0,0.0,43.0,42.8,0.012251407635683408,43.5,2015-10-06,0.05029132168046613,ENTERED,0.7162694302050172,0.0,2015
LONG,2015-10-08,4325.0,4324.75,2015-10-08,4341.25,4341.5,{},1,1,NQ,5,fixed_hold,0,0.0,16.25,16.05,0.011965691322065297,16.75,2015-10-07,0.04060638873849487,ENTERED,0.7333724838980485,0.0,2015
LONG,2015-10-09,4341.5,4341.25,2015-10-09,4355.75,4356.0,{},1,1,NQ,5,fixed_hold,0,0.0,14.25,14.05,0.011691078627421749,14.75,2015-10-08,0.036404869897350034,ENTERED,0.7508240107448557,0.0,2015
LONG,2015-10-12,4349.5,4349.25,2015-10-12,4373.5,4373.75,{},1,1,NQ,5,fixed_hold,0,0.0,24.0,23.8,0.01155149663321818,24.5,2015-10-09,0.021935483870967776,ENTERED,0.7598965591810743,0.0,2015
LONG,2015-10-13,4374.0,4373.75,2015-10-13,4337.25,4337.5,{},1,1,NQ,5,fixed_hold,0,0.0,-36.75,-36.95,0.011444939249614504,-36.25,2015-10-12,0.01555697451674698,ENTERED,0.76736704009654,0.0,2015
LONG,2015-10-14,4337.25,4337.0,2015-10-14,4343.25,4343.5,{},1,1,NQ,5,fixed_hold,0,0.0,6.0,5.8,0.011297884385273366,6.5,2015-10-13,0.01313868613138669,ENTERED,0.7773551982448345,0.0,2015
LONG,2015-10-15,4343.5,4343.25,2015-10-15,4421.0,4421.25,{},1,1,NQ,5,fixed_hold,0,0.0,77.5,77.3,0.01123197778347531,78.0,2015-10-14,0.004393571511157601,ENTERED,0.7821349047943726,0.0,2015
LONG,2015-10-16,4421.25,4421.0,2015-10-16,4438.5,4438.75,{},1,1,NQ,5,fixed_hold,0,0.0,17.25,17.05,0.011941822117408797,17.75,2015-10-15,0.018369227225613294,ENTERED,0.7356433371691498,0.0,2015
LONG,2015-10-19,4431.5,4431.25,2015-10-19,4451.0,4451.25,{},1,1,NQ,5,fixed_hold,0,0.0,19.5,19.3,0.011673416602955554,20.0,2015-10-16,0.018996786042240643,ENTERED,0.7532374086804632,0.0,2015
LONG,2015-10-20,4450.25,4450.0,2015-10-20,4421.25,4421.5,{},1,1,NQ,5,fixed_hold,0,0.0,-29.0,-29.2,0.011665792333940852,-28.5,2015-10-19,0.01771934838525291,ENTERED,0.7537296928281081,0.0,2015
LONG,2015-10-21,4422.25,4422.0,2015-10-21,4404.25,4404.5,{},1,1,NQ,5,fixed_hold,0,0.0,-18.0,-18.2,0.010765500508224335,-17.5,2015-10-20,0.019365994236311135,ENTERED,0.8170632103718766,0.0,2015
LONG,2015-10-22,4405.0,4404.75,2015-10-22,4576.25,4576.5,{},1,1,NQ,5,fixed_hold,0,0.0,171.25,171.05,0.010842635205025535,171.75,2015-10-21,0.01404397375388533,ENTERED,0.8112506083791213,0.0,2015
LONG,2015-10-23,4577.25,4577.0,2015-10-23,4610.5,4610.75,{},1,1,NQ,5,fixed_hold,0,0.0,33.25,33.05,0.013642767934307546,33.75,2015-10-22,0.03511450381679371,ENTERED,0.6451730027229946,0.0,2015
LONG,2015-10-26,4608.75,4608.5,2015-10-26,4617.0,4617.25,{},1,1,NQ,5,fixed_hold,0,0.0,8.25,8.05,0.013110907869774138,8.75,2015-10-23,0.03874964798648284,ENTERED,0.6713452371915581,0.0,2015
LONG,2015-10-27,4617.25,4617.0,2015-10-27,4630.75,4631.0,{},1,1,NQ,5,fixed_hold,0,0.0,13.5,13.3,0.011317429098003307,14.0,2015-10-26,0.03729289525414203,ENTERED,0.7791183887993097,0.0,2015
LONG,2015-10-28,4631.25,4631.0,2015-10-28,4665.0,4665.25,{},1,1,NQ,5,fixed_hold,0,0.0,33.75,33.55,0.010936744417364062,34.25,2015-10-27,0.047382110143616485,ENTERED,0.8062378334623234,0.0,2015
LONG,2015-10-29,4666.25,4666.0,2015-10-29,4666.75,4667.0,{},1,1,NQ,5,fixed_hold,0,0.0,0.5,0.3,0.010503036940580319,1.0,2015-10-28,0.059200817345895995,ENTERED,0.8399930502050107,0.0,2015
LONG,2015-10-30,4667.5,4667.25,2015-10-30,4644.75,4645.0,{},1,1,NQ,5,fixed_hold,0,0.0,-22.75,-22.95,0.010559140212909138,-22.25,2015-10-29,0.019774937179066754,ENTERED,0.8355299634479703,0.0,2015
LONG,2015-11-02,4634.25,4634.0,2015-11-02,4689.0,4689.25,{},1,1,NQ,5,fixed_hold,0,0.0,54.75,54.55,0.010391034099849058,55.25,2015-10-30,0.007428292577129403,ENTERED,0.8491614003712248,0.0,2015
LONG,2015-11-03,4692.75,4692.5,2015-11-03,4712.5,4712.75,{},1,1,NQ,5,fixed_hold,0,0.0,19.75,19.55,0.010366676846388236,20.25,2015-11-02,0.015593697547241048,ENTERED,0.8511565662054135,0.0,2015
LONG,2015-11-04,4710.75,4710.5,2015-11-04,4711.0,4711.25,{},1,1,NQ,5,fixed_hold,0,0.0,0.25,0.04999999999999999,0.01008295740385197,0.75,2015-11-03,0.017652774778665448,ENTERED,0.8767706924946724,0.0,2015
LONG,2015-11-05,4706.25,4706.0,2015-11-05,4699.25,4699.5,{},1,1,NQ,5,fixed_hold,0,0.0,-7.0,-7.2,0.010067055173378124,-6.5,2015-11-04,0.009860136112748386,ENTERED,0.8781556664900105,0.0,2015
LONG,2015-11-06,4695.25,4695.0,2015-11-06,4702.75,4703.0,{},1,1,NQ,5,fixed_hold,0,0.0,7.5,7.3,0.010182622570044032,8.0,2015-11-05,0.0069637883008355494,ENTERED,0.8694736158144033,0.0,2015
LONG,2015-11-09,4702.25,4702.0,2015-11-09,4648.75,4649.0,{},1,1,NQ,5,fixed_hold,0,0.0,-53.5,-53.7,0.010208221785877554,-53.0,2015-11-06,0.012486544671689748,ENTERED,0.8672932318827397,0.0,2015
SHORT,2015-11-10,4647.0,4647.25,2015-11-10,4637.75,4637.5,{},1,1,NQ,5,fixed_hold,0,0.0,9.25,9.05,0.010770475443905124,9.75,2015-11-09,-0.008583462174121315,ENTERED,0.8245713523112393,0.0,2015
SHORT,2015-11-11,4637.25,4637.5,2015-11-11,4632.25,4632.0,{},1,1,NQ,5,fixed_hold,0,0.0,5.0,4.8,0.010522219152336539,5.5,2015-11-10,-0.01596732268845147,ENTERED,0.8440259011183725,0.0,2015
SHORT,2015-11-12,4631.25,4631.5,2015-11-12,4583.5,4583.25,{},1,1,NQ,5,fixed_hold,0,0.0,47.75,47.55,0.010563753685968152,48.25,2015-11-11,-0.016821438047227244,ENTERED,0.8407531532523536,0.0,2015
SHORT,2015-11-13,4586.0,4586.25,2015-11-13,4489.25,4489.0,{},1,1,NQ,5,fixed_hold,0,0.0,96.75,96.55,0.010403101718900363,97.25,2015-11-12,-0.0247366741142675,ENTERED,0.8537366510146647,0.0,2015
SHORT,2015-11-16,4469.75,4470.0,2015-11-16,4562.75,4562.5,{},1,1,NQ,5,fixed_hold,0,0.0,-93.0,-93.2,0.0115262055736318,-92.5,2015-11-13,-0.045502870508186244,ENTERED,0.7705649898933383,0.0,2015
SHORT,2015-11-17,4559.25,4559.5,2015-11-17,4569.75,4569.5,{},1,1,NQ,5,fixed_hold,0,0.0,-10.5,-10.7,0.012048640158878517,-10.0,2015-11-16,-0.018606151860615094,ENTERED,0.7371529371145924,0.0,2015
SHORT,2015-11-18,4565.0,4565.25,2015-11-18,4657.0,4656.75,{},1,1,NQ,5,fixed_hold,0,0.0,-92.0,-92.2,0.011901157844173877,-91.5,2015-11-17,-0.014663072776280206,ENTERED,0.7462991257827979,0.0,2015
LONG,2015-11-19,4656.25,4656.0,2015-11-19,4660.0,4660.25,{},1,1,NQ,5,fixed_hold,0,0.0,3.75,3.55,0.012430781352715364,4.25,2015-11-18,0.005343264248704793,ENTERED,0.714502447021958,0.0,2015
LONG,2015-11-20,4655.25,4655.0,2015-11-20,4689.75,4690.0,{},1,1,NQ,5,fixed_hold,0,0.0,34.5,34.3,0.009053525087818126,35.0,2015-11-19,0.016800305460099585,ENTERED,0.9820237329647781,0.0,2015
LONG,2015-11-23,4694.5,4694.25,2015-11-23,4678.5,4678.75,{},1,1,NQ,5,fixed_hold,0,0.0,-16.0,-16.2,0.009014973451857016,-15.5,2015-11-20,0.04477611940298498,ENTERED,0.9862232596367762,0.0,2015
LONG,2015-11-24,4679.25,4679.0,2015-11-24,4669.5,4669.75,{},1,1,NQ,5,fixed_hold,0,0.0,-9.75,-9.95,0.009043618710810521,-9.25,2015-11-23,0.025479452054794738,ENTERED,0.9849374850525667,0.0,2015
LONG,2015-11-25,4669.75,4669.5,2015-11-25,4679.0,4679.25,{},1,1,NQ,5,fixed_hold,0,0.0,9.25,9.05,0.009045071526791432,9.75,2015-11-24,0.021938942991574395,ENTERED,0.9847792847647919,0.0,2015
LONG,2015-11-26,4679.5,4679.25,2015-11-26,4696.25,4696.5,{},1,1,NQ,5,fixed_hold,0,0.0,16.75,16.55,0.008906950554948088,17.25,2015-11-25,0.004831695925269663,ENTERED,1.0000503554891425,0.0,2015
LONG,2015-11-27,4697.5,4697.25,2015-11-27,4685.5,4685.75,{},1,1,NQ,5,fixed_hold,0,0.0,-12.0,-12.2,0.008941332155855276,-11.5,2015-11-26,0.007778552652754511,ENTERED,0.9962049181862678,0.0,2015
SHORT,2015-11-30,4678.0,4678.25,2015-11-30,4683.5,4683.25,{},1,1,NQ,5,fixed_hold,0,0.0,-5.5,-5.7,0.008885270036602489,-5.0,2015-11-27,-0.0009061833688698284,ENTERED,1.0024905300690246,0.0,2015
LONG,2015-12-01,4683.5,4683.25,2015-12-01,4712.25,4712.5,{},1,1,NQ,5,fixed_hold,0,0.0,28.75,28.55,0.008626851133522798,29.25,2015-11-30,0.0009617953513223476,ENTERED,1.0324683267498218,0.0,2015
LONG,2015-12-02,4713.0,4712.75,2015-12-02,4696.25,4696.5,{},1,1,NQ,5,fixed_hold,0,0.0,-16.75,-16.95,0.008669112730951787,-16.25,2015-12-01,0.009154665667326922,ENTERED,1.0274350826177558,0.0,2015
LONG,2015-12-03,4696.5,4696.25,2015-12-03,4614.75,4615.0,{},1,1,NQ,5,fixed_hold,0,0.0,-81.75,-81.95,0.00870291243460231,-81.25,2015-12-02,0.003686488219266204,ENTERED,1.0215863448056974,0.0,2015
SHORT,2015-12-04,4614.75,4615.0,2015-12-04,4714.75,4714.5,{},1,1,NQ,5,fixed_hold,0,0.0,-100.0,-100.2,0.009512765473758022,-99.5,2015-12-03,-0.01735334823804957,ENTERED,0.9363155834671696,0.0,2015
LONG,2015-12-07,4715.5,4715.25,2015-12-07,4695.75,4696.0,{},1,1,NQ,5,fixed_hold,0,0.0,-19.75,-19.95,0.010755515983486513,-19.25,2015-12-04,0.006135623966280868,ENTERED,0.8281286149937742,0.0,2015
LONG,2015-12-08,4696.25,4696.0,2015-12-08,4696.5,4696.75,{},1,1,NQ,5,fixed_hold,0,0.0,0.25,0.04999999999999999,0.010452828656417917,0.75,2015-12-07,0.0027224683713236164,ENTERED,0.8521520213890629,0.0,2015
SHORT,2015-12-09,4696.25,4696.5,2015-12-09,4628.5,4628.25,{},1,1,NQ,5,fixed_hold,0,0.0,67.75,67.55,0.010429230819915232,68.25,2015-12-08,-0.003342175066313069,ENTERED,0.8540801543859635,0.0,2015
SHORT,2015-12-10,4628.25,4628.5,2015-12-10,4647.25,4647.0,{},1,1,NQ,5,fixed_hold,0,0.0,-19.0,-19.2,0.010972052514616021,-18.5,2015-12-09,-0.014532098371127344,ENTERED,0.8124183241365763,0.0,2015
LONG,2015-12-11,4647.25,4647.0,2015-12-11,4535.25,4535.5,{},1,1,NQ,5,fixed_hold,0,0.0,-112.0,-112.2,0.010716121424857292,-111.5,2015-12-10,0.006933911159263451,ENTERED,0.8318211564480816,0.0,2015
SHORT,2015-12-14,4537.5,4537.75,2015-12-14,4575.5,4575.25,{},1,1,NQ,5,fixed_hold,0,0.0,-38.0,-38.2,0.011095820830343573,-37.5,2015-12-11,-0.03796797115282646,ENTERED,0.8033575756216879,0.0,2015
SHORT,2015-12-15,4574.75,4575.0,2015-12-15,4601.25,4601.0,{},1,1,NQ,5,fixed_hold,0,0.0,-26.5,-26.7,0.010646944470535848,-26.0,2015-12-14,-0.025713373083475433,ENTERED,0.8372272201161212,0.0,2015
SHORT,2015-12-16,4601.0,4601.25,2015-12-16,4656.75,4656.5,{},1,1,NQ,5,fixed_hold,0,0.0,-55.75,-55.95,0.010713225259238278,-55.25,2015-12-15,-0.020386437430137905,ENTERED,0.8322358982312371,0.0,2015
LONG,2015-12-17,4656.75,4656.5,2015-12-17,4570.25,4570.5,{},1,1,NQ,5,fixed_hold,0,0.0,-86.5,-86.7,0.01016895076023553,-86.0,2015-12-16,0.00610381893804357,ENTERED,0.876779803226153,0.0,2015
SHORT,2015-12-18,4570.5,4570.75,2015-12-18,4510.25,4510.0,{},1,1,NQ,5,fixed_hold,0,0.0,60.25,60.05,0.01097508063603301,60.75,2015-12-17,-0.016462233699160445,ENTERED,0.8124910802064016,0.0,2015
SHORT,2015-12-21,4517.75,4518.0,2015-12-21,4571.5,4571.25,{},1,1,NQ,5,fixed_hold,0,0.0,-53.75,-53.95,0.011163687075880665,-53.25,2015-12-18,-0.005622312865174672,ENTERED,0.7987643384046912,0.0,2015
SHORT,2015-12-22,4571.0,4571.25,2015-12-22,4590.0,4589.75,{},1,1,NQ,5,fixed_hold,0,0.0,-19.0,-19.2,0.011685412566961494,-18.5,2015-12-21,-0.0008742691656191681,ENTERED,0.7631451243474789,0.0,2015
SHORT,2015-12-23,4589.25,4589.5,2015-12-23,4611.25,4611.0,{},1,1,NQ,5,fixed_hold,0,0.0,-22.0,-22.2,0.011739312560326207,-21.5,2015-12-22,-0.002445120625950814,ENTERED,0.7596412124337902,0.0,2015
SHORT,2015-12-24,4610.25,4610.5,2015-12-24,4611.0,4610.75,{},1,1,NQ,5,fixed_hold,0,0.0,-0.75,-0.95,0.011786522712105995,-0.25,2015-12-23,-0.009771287447653654,ENTERED,0.7568601718130957,0.0,2015
LONG,2015-12-28,4614.5,4614.25,2015-12-28,4615.0,4615.25,{},1,1,NQ,5,fixed_hold,0,0.0,0.5,0.3,0.01174338429086498,1.0,2015-12-24,0.008806476315501799,ENTERED,0.7596404395880009,0.0,2015
LONG,2015-12-29,4615.0,4614.75,2015-12-29,4686.75,4687.0,{},1,1,NQ,5,fixed_hold,0,0.0,71.75,71.55,0.011745097825900705,72.25,2015-12-28,0.023337028824833794,ENTERED,0.7598914591893214,0.0,2015
LONG,2015-12-30,4687.5,4687.25,2015-12-30,4653.0,4653.25,{},1,1,NQ,5,fixed_hold,0,0.0,-34.5,-34.7,0.01229404415684789,-34.0,2015-12-29,0.025321301613344227,ENTERED,0.7259612387412576,0.0,2015
LONG,2015-12-31,4653.75,4653.5,2015-12-31,4592.25,4592.5,{},1,1,NQ,5,fixed_hold,0,0.0,-61.5,-61.7,0.012308623361198716,-61.0,2015-12-30,0.013835176207854794,ENTERED,0.7262577972365065,0.0,2015
SHORT,2016-01-04,4600.0,4600.25,2016-01-04,4510.5,4510.25,{},1,1,NQ,5,fixed_hold,0,0.0,89.5,89.3,0.012611537264793676,90.0,2015-12-31,-0.004012144870960799,ENTERED,0.7088139615043376,0.0,2016
SHORT,2016-01-05,4509.75,4510.0,2016-01-05,4482.75,4482.5,{},1,1,NQ,5,fixed_hold,0,0.0,27.0,26.8,0.01264995669525666,27.5,2016-01-04,-0.02179688770807353,ENTERED,0.7068270960333009,0.0,2016
SHORT,2016-01-06,4482.75,4483.0,2016-01-06,4454.0,4453.75,{},1,1,NQ,5,fixed_hold,0,0.0,28.75,28.55,0.011506646158211176,29.25,2016-01-05,-0.028763338930718807,ENTERED,0.7770580613078744,0.0,2016
SHORT,2016-01-07,4453.0,4453.25,2016-01-07,4296.75,4296.5,{},1,1,NQ,5,fixed_hold,0,0.0,156.25,156.05,0.011536784869258956,156.75,2016-01-06,-0.04976530829955195,ENTERED,0.7750602648844709,0.0,2016
SHORT,2016-01-08,4296.25,4296.5,2016-01-08,4264.75,4264.5,{},1,1,NQ,5,fixed_hold,0,0.0,31.5,31.3,0.013629376976357714,32.0,2016-01-07,-0.07666684575296823,ENTERED,0.6560610622329829,0.0,2016
SHORT,2016-01-11,4231.75,4232.0,2016-01-11,4283.0,4282.75,{},1,1,NQ,5,fixed_hold,0,0.0,-51.25,-51.45,0.013439549943030853,-50.75,2016-01-08,-0.07142079477408814,ENTERED,0.6653673045333425,0.0,2016
SHORT,2016-01-12,4282.25,4282.5,2016-01-12,4319.25,4319.0,{},1,1,NQ,5,fixed_hold,0,0.0,-37.0,-37.2,0.013446841515427852,-36.5,2016-01-11,-0.05044066293442717,ENTERED,0.6650065079949111,0.0,2016
SHORT,2016-01-13,4318.25,4318.5,2016-01-13,4174.75,4174.5,{},1,1,NQ,5,fixed_hold,0,0.0,143.5,143.3,0.012850492162785061,144.0,2016-01-12,-0.036475181260457123,ENTERED,0.6959054531742606,0.0,2016
SHORT,2016-01-14,4174.25,4174.5,2016-01-14,4262.75,4262.5,{},1,1,NQ,5,fixed_hold,0,0.0,-88.5,-88.7,0.014311222455527715,-88.0,2016-01-13,-0.06269997193376364,ENTERED,0.6248751705065622,0.0,2016
SHORT,2016-01-15,4261.75,4262.0,2016-01-15,4146.0,4145.75,{},1,1,NQ,5,fixed_hold,0,0.0,115.75,115.55,0.015270302386973628,116.25,2016-01-14,-0.007913417898289365,ENTERED,0.5859024120761079,0.0,2016
SHORT,2016-01-18,4129.0,4129.25,2016-01-18,4138.25,4138.0,{},1,1,NQ,5,fixed_hold,0,0.0,-9.25,-9.45,0.015669690189247392,-8.75,2016-01-15,-0.02784617188415983,ENTERED,0.5709689785570108,0.0,2016
SHORT,2016-01-19,4137.25,4137.5,2016-01-19,4150.25,4150.0,{},1,1,NQ,5,fixed_hold,0,0.0,-13.0,-13.2,0.015393526754398295,-12.5,2016-01-18,-0.033798377210904174,ENTERED,0.581264610247466,0.0,2016
SHORT,2016-01-20,4149.75,4150.0,2016-01-20,4148.25,4148.0,{},1,1,NQ,5,fixed_hold,0,0.0,1.5,1.3,0.015353338867135276,2.0,2016-01-19,-0.03912942810835851,ENTERED,0.5827860901567391,0.0,2016
SHORT,2016-01-21,4148.5,4148.75,2016-01-21,4138.25,4138.0,{},1,1,NQ,5,fixed_hold,0,0.0,10.25,10.05,0.014816624106508445,10.75,2016-01-20,-0.006348065636603173,ENTERED,0.6039226122881656,0.0,2016
SHORT,2016-01-22,4137.75,4138.0,2016-01-22,4247.0,4246.75,{},1,1,NQ,5,fixed_hold,0,0.0,-109.25,-109.45,0.014684814757605151,-108.75,2016-01-21,-0.029208211143694873,ENTERED,0.6093433579787064,0.0,2016
LONG,2016-01-25,4247.25,4247.0,2016-01-25,4180.25,4180.5,{},1,1,NQ,5,fixed_hold,0,0.0,-67.0,-67.2,0.016160881652516643,-66.5,2016-01-22,0.024362298739672994,ENTERED,0.5537652781694001,0.0,2016
LONG,2016-01-26,4180.0,4179.75,2016-01-26,4198.75,4199.0,{},1,1,NQ,5,fixed_hold,0,0.0,18.75,18.55,0.016334986305730385,19.25,2016-01-25,0.010270662155630772,ENTERED,0.5478630319162966,0.0,2016
LONG,2016-01-27,4199.0,4198.75,2016-01-27,4137.75,4138.0,{},1,1,NQ,5,fixed_hold,0,0.0,-61.25,-61.45,0.0164167225285397,-60.75,2016-01-26,0.011807228915662549,ENTERED,0.5451390142060951,0.0,2016
SHORT,2016-01-28,4137.5,4137.75,2016-01-28,4143.0,4142.75,{},1,1,NQ,5,fixed_hold,0,0.0,-5.5,-5.7,0.015842921451926336,-5.0,2016-01-27,-0.0024108003857281624,ENTERED,0.5648829329148111,0.0,2016
LONG,2016-01-29,4142.5,4142.25,2016-01-29,4269.5,4269.75,{},1,1,NQ,5,fixed_hold,0,0.0,127.0,126.8,0.01592189520200354,127.5,2016-01-28,0.001147897535041409,ENTERED,0.5624475854907813,0.0,2016
LONG,2016-02-01,4262.5,4262.25,2016-02-01,4271.75,4272.0,{},1,1,NQ,5,fixed_hold,0,0.0,9.25,9.05,0.01775020085717393,9.75,2016-01-29,0.0054159062812739744,ENTERED,0.5045143761956247,0.0,2016
LONG,2016-02-02,4272.75,4272.5,2016-02-02,4185.0,4185.25,{},1,1,NQ,5,fixed_hold,0,0.0,-87.75,-87.95,0.017437732143384135,-87.25,2016-02-01,0.021887334050951113,ENTERED,0.5136956634680829,0.0,2016
SHORT,2016-02-03,4185.25,4185.5,2016-02-03,4172.75,4172.5,{},1,1,NQ,5,fixed_hold,0,0.0,12.5,12.3,0.017872792633899837,13.0,2016-02-02,-0.0032745891879016886,ENTERED,0.5011912556845832,0.0,2016
LONG,2016-02-04,4172.5,4172.25,2016-02-04,4143.75,4144.0,{},1,1,NQ,5,fixed_hold,0,0.0,-28.75,-28.95,0.017857497581250985,-28.25,2016-02-03,0.008337361043982972,ENTERED,0.5023090884230653,0.0,2016
LONG,2016-02-05,4144.0,4143.75,2016-02-05,4019.5,4019.75,{},1,1,NQ,5,fixed_hold,0,0.0,-124.5,-124.7,0.0162143703692276,-124.0,2016-02-04,0.0003017319413434194,ENTERED,0.553211942696149,0.0,2016
SHORT,2016-02-08,4018.75,4019.0,2016-02-08,3952.5,3952.25,{},1,1,NQ,5,fixed_hold,0,0.0,66.25,66.05,0.01737754171835309,66.75,2016-02-05,-0.0585514374377889,ENTERED,0.5168898708447339,0.0,2016
SHORT,2016-02-09,3952.5,3952.75,2016-02-09,3958.5,3958.25,{},1,1,NQ,5,fixed_hold,0,0.0,-6.0,-6.2,0.01756305820413703,-5.5,2016-02-08,-0.07484784644194753,ENTERED,0.5114300248849999,0.0,2016
SHORT,2016-02-10,3957.25,3957.5,2016-02-10,3952.5,3952.25,{},1,1,NQ,5,fixed_hold,0,0.0,4.75,4.55,0.01737417320016536,5.25,2016-02-09,-0.054238098082551756,ENTERED,0.5172123122968604,0.0,2016
SHORT,2016-02-11,3953.0,3953.25,2016-02-11,3971.0,3970.75,{},1,1,NQ,5,fixed_hold,0,0.0,-18.0,-18.2,0.015954075705270708,-17.5,2016-02-10,-0.052786099460754854,ENTERED,0.5632501976993215,0.0,2016
SHORT,2016-02-12,3970.0,3970.25,2016-02-12,4015.5,4015.25,{},1,1,NQ,5,fixed_hold,0,0.0,-45.5,-45.7,0.01506924994865846,-45.0,2016-02-11,-0.041807432432432345,ENTERED,0.5982363742436679,0.0,2016
SHORT,2016-02-15,4035.0,4035.25,2016-02-15,4072.0,4071.75,{},1,1,NQ,5,fixed_hold,0,0.0,-37.0,-37.2,0.01429078611841546,-36.5,2016-02-12,-0.0011194726040175684,ENTERED,0.630824181200228,0.0,2016
LONG,2016-02-16,4072.0,4071.75,2016-02-16,4090.75,4091.0,{},1,1,NQ,5,fixed_hold,0,0.0,18.75,18.55,0.014707613208072153,19.25,2016-02-15,0.030235941552280376,ENTERED,0.6135126845047916,0.0,2016
LONG,2016-02-17,4091.5,4091.25,2016-02-17,4207.0,4207.25,{},1,1,NQ,5,fixed_hold,0,0.0,115.5,115.3,0.014736834905711059,116.0,2016-02-16,0.03353754815890864,ENTERED,0.6122961490493197,0.0,2016
LONG,2016-02-18,4208.0,4207.75,2016-02-18,4156.75,4157.0,{},1,1,NQ,5,fixed_hold,0,0.0,-51.25,-51.45,0.016103618168291766,-50.75,2016-02-17,0.06452021000695818,ENTERED,0.5606262080093596,0.0,2016
LONG,2016-02-19,4157.75,4157.5,2016-02-19,4161.0,4161.25,{},1,1,NQ,5,fixed_hold,0,0.0,3.25,3.05,0.01634394626065709,3.75,2016-02-18,0.04690549644273778,ENTERED,0.5523825302003333,0.0,2016
LONG,2016-02-22,4149.0,4148.75,2016-02-22,4208.5,4208.75,{},1,1,NQ,5,fixed_hold,0,0.0,59.5,59.3,0.01516886779662602,60.0,2016-02-19,0.03636137226822744,ENTERED,0.5961960267609475,0.0,2016
LONG,2016-02-23,4209.25,4209.0,2016-02-23,4155.25,4155.5,{},1,1,NQ,5,fixed_hold,0,0.0,-54.0,-54.2,0.014993438878936342,-53.5,2016-02-22,0.033646466507030404,ENTERED,0.6031717462439871,0.0,2016
LONG,2016-02-24,4155.5,4155.25,2016-02-24,4222.25,4222.5,{},1,1,NQ,5,fixed_hold,0,0.0,66.75,66.55,0.015239008043418387,67.25,2016-02-23,0.015766316304082206,ENTERED,0.5935472637733746,0.0,2016
LONG,2016-02-25,4222.5,4222.25,2016-02-25,4245.75,4246.0,{},1,1,NQ,5,fixed_hold,0,0.0,23.25,23.05,0.015285740648079757,23.75,2016-02-24,0.003624695466159622,ENTERED,0.5917326307592234,0.0,2016
LONG,2016-02-26,4246.25,4246.0,2016-02-26,4226.25,4226.5,{},1,1,NQ,5,fixed_hold,0,0.0,-20.0,-20.2,0.015318015290981405,-19.5,2016-02-25,0.02140967043541031,ENTERED,0.5910377366673903,0.0,2016
LONG,2016-02-29,4222.25,4222.0,2016-02-29,4207.5,4207.75,{},1,1,NQ,5,fixed_hold,0,0.0,-14.75,-14.95,0.013711397826496607,-14.25,2016-02-26,0.015680384499850097,ENTERED,0.6602919120560145,0.0,2016
SHORT,2016-03-01,4207.75,4208.0,2016-03-01,4334.5,4334.25,{},1,1,NQ,5,fixed_hold,0,0.0,-126.75,-126.95,0.013738255787734011,-126.25,2016-02-29,-0.00023760023760011073,ENTERED,0.6598798837323835,0.0,2016
LONG,2016-03-02,4334.5,4334.25,2016-03-02,4319.75,4320.0,{},1,1,NQ,5,fixed_hold,0,0.0,-14.75,-14.95,0.014541972776444213,-14.25,2016-03-01,0.04301528095295426,ENTERED,0.623409132396435,0.0,2016
LONG,2016-03-03,4320.0,4319.75,2016-03-03,4319.0,4319.25,{},1,1,NQ,5,fixed_hold,0,0.0,-1.0,-1.2,0.014546350185035074,-0.5,2016-03-02,0.023090586145648295,ENTERED,0.6239262611756623,0.0,2016
LONG,2016-03-04,4319.5,4319.25,2016-03-04,4320.0,4320.25,{},1,1,NQ,5,fixed_hold,0,0.0,0.5,0.3,0.01441309326766971,1.0,2016-03-03,0.017251530852567143,ENTERED,0.6296948001480747,0.0,2016
LONG,2016-03-07,4316.75,4316.5,2016-03-07,4301.5,4301.75,{},1,1,NQ,5,fixed_hold,0,0.0,-15.25,-15.45,0.012292908413638063,-14.75,2016-03-04,0.02218147403288806,ENTERED,0.7385610984820161,0.0,2016
LONG,2016-03-08,4302.25,4302.0,2016-03-08,4269.75,4270.0,{},1,1,NQ,5,fixed_hold,0,0.0,-32.5,-32.7,0.01148821133837407,-32.0,2016-03-07,0.0223397302596402,ENTERED,0.7902939521306116,0.0,2016
SHORT,2016-03-09,4269.5,4269.75,2016-03-09,4292.0,4291.75,{},1,1,NQ,5,fixed_hold,0,0.0,-22.5,-22.7,0.011770798697684676,-22.0,2016-03-08,-0.014823787275768496,ENTERED,0.7721362172446846,0.0,2016
SHORT,2016-03-10,4291.5,4291.75,2016-03-10,4285.5,4285.25,{},1,1,NQ,5,fixed_hold,0,0.0,6.0,5.8,0.011704433577152522,6.5,2016-03-09,-0.006539351851851727,ENTERED,0.7765142943884358,0.0,2016
SHORT,2016-03-11,4284.75,4285.0,2016-03-11,4357.25,4357.0,{},1,1,NQ,5,fixed_hold,0,0.0,-72.5,-72.7,0.011772639095187875,-72.0,2016-03-10,-0.007871736991375888,ENTERED,0.772429575184235,0.0,2016
LONG,2016-03-14,4344.25,4344.0,2016-03-14,4357.75,4358.0,{},1,1,NQ,5,fixed_hold,0,0.0,13.5,13.3,0.012016474152540925,14.0,2016-03-11,0.008506452172906576,ENTERED,0.7567556422671976,0.0,2016
LONG,2016-03-15,4358.0,4357.75,2016-03-15,4363.25,4363.5,{},1,1,NQ,5,fixed_hold,0,0.0,5.25,5.05,0.011812492736323574,5.75,2016-03-14,0.01307607369093966,ENTERED,0.7709955969432123,0.0,2016
LONG,2016-03-16,4363.5,4363.25,2016-03-16,4394.0,4394.25,{},1,1,NQ,5,fixed_hold,0,0.0,30.5,30.3,0.011818465204772411,31.0,2016-03-15,0.021896955503513116,ENTERED,0.7706059738578834,0.0,2016
LONG,2016-03-17,4394.25,4394.0,2016-03-17,4398.25,4398.5,{},1,1,NQ,5,fixed_hold,0,0.0,4.0,3.8,0.010295709758949868,4.5,2016-03-16,0.02388303139744896,ENTERED,0.8846499701403893,0.0,2016
LONG,2016-03-18,4399.25,4399.0,2016-03-18,4396.75,4397.0,{},1,1,NQ,5,fixed_hold,0,0.0,-2.5,-2.7,0.009750802147149096,-2.0,2016-03-17,0.026427863018493536,ENTERED,0.9340871851750278,0.0,2016
LONG,2016-03-21,4391.25,4391.0,2016-03-21,4413.5,4413.75,{},1,1,NQ,5,fixed_hold,0,0.0,22.25,22.05,0.009769163969277484,22.75,2016-03-18,0.0091806288730778,ENTERED,0.9345550292808019,0.0,2016
LONG,2016-03-22,4414.5,4414.25,2016-03-22,4432.5,4432.75,{},1,1,NQ,5,fixed_hold,0,0.0,18.0,17.8,0.009562171707254976,18.5,2016-03-21,0.012792565396971378,ENTERED,0.9547853352633408,0.0,2016
LONG,2016-03-23,4433.25,4433.0,2016-03-23,4393.5,4393.75,{},1,1,NQ,5,fixed_hold,0,0.0,-39.75,-39.95,0.008882696178545514,-39.25,2016-03-22,0.015870287613154455,ENTERED,1.0278209606457602,0.0,2016
SHORT,2016-03-24,4393.75,4394.0,2016-03-24,4400.75,4400.5,{},1,1,NQ,5,fixed_hold,0,0.0,-7.0,-7.2,0.008731688504544219,-6.5,2016-03-23,-0.00011378506002146516,ENTERED,1.0431085953294146,0.0,2016
LONG,2016-03-28,4409.75,4409.5,2016-03-28,4386.5,4386.75,{},1,1,NQ,5,fixed_hold,0,0.0,-23.25,-23.45,0.008692108394860119,-22.75,2016-03-24,0.0004547004660679921,ENTERED,1.0478584616150188,0.0,2016
SHORT,2016-03-29,4387.0,4387.25,2016-03-29,4464.75,4464.5,{},1,1,NQ,5,fixed_hold,0,0.0,-77.75,-77.95,0.008641122937107962,-77.25,2016-03-28,-0.0023311348646805063,ENTERED,1.0539579120578095,0.0,2016
LONG,2016-03-30,4464.0,4463.75,2016-03-30,4477.75,4478.0,{},1,1,NQ,5,fixed_hold,0,0.0,13.75,13.55,0.009189565390777336,14.25,2016-03-29,0.011498159161710708,ENTERED,0.9911349387610887,0.0,2016
LONG,2016-03-31,4477.75,4477.5,2016-03-31,4478.25,4478.5,{},1,1,NQ,5,fixed_hold,0,0.0,0.5,0.3,0.006632523806045987,1.0,2016-03-30,0.010208110089673594,ENTERED,1.3731394194661117,0.0,2016
LONG,2016-04-01,4478.25,4478.0,2016-04-01,4528.5,4528.75,{},1,1,NQ,5,fixed_hold,0,0.0,50.25,50.05,0.006542172638485589,50.75,2016-03-31,0.019288762446657337,ENTERED,1.3921032647553873,0.0,2016
LONG,2016-04-04,4520.5,4520.25,2016-04-04,4495.75,4496.0,{},1,1,NQ,5,fixed_hold,0,0.0,-24.75,-24.95,0.006848053807095435,-24.25,2016-04-01,0.02914441540734014,ENTERED,1.3279005789456932,0.0,2016
LONG,2016-04-05,4496.5,4496.25,2016-04-05,4477.75,4478.0,{},1,1,NQ,5,fixed_hold,0,0.0,-18.75,-18.95,0.007167907398791191,-18.25,2016-04-04,0.02490454208696624,ENTERED,1.268645660325751,0.0,2016
LONG,2016-04-06,4478.25,4478.0,2016-04-06,4531.75,4532.0,{},1,1,NQ,5,fixed_hold,0,0.0,53.5,53.3,0.007155274794311974,54.0,2016-04-05,0.003023854854967034,ENTERED,1.2702041838566227,0.0,2016
LONG,2016-04-07,4532.5,4532.25,2016-04-07,4458.5,4458.75,{},1,1,NQ,5,fixed_hold,0,0.0,-74.0,-74.2,0.00712937317138035,-73.5,2016-04-06,0.012058954890575846,ENTERED,1.2748189443728066,0.0,2016
SHORT,2016-04-08,4458.75,4459.0,2016-04-08,4469.75,4469.5,{},1,1,NQ,5,fixed_hold,0,0.0,-11.0,-11.2,0.008291473701654261,-10.5,2016-04-07,-0.004409958691526494,ENTERED,1.0949879681465975,0.0,2016
SHORT,2016-04-11,4471.5,4471.75,2016-04-11,4444.25,4444.0,{},1,1,NQ,5,fixed_hold,0,0.0,27.25,27.05,0.00825168372864987,27.75,2016-04-08,-0.013083080320176688,ENTERED,1.1002680471129558,0.0,2016
SHORT,2016-04-12,4444.0,4444.25,2016-04-12,4492.0,4491.75,{},1,1,NQ,5,fixed_hold,0,0.0,-48.0,-48.2,0.007666665740562524,-47.5,2016-04-11,-0.011565836298932708,ENTERED,1.1838066496994453,0.0,2016
LONG,2016-04-13,4492.25,4492.0,2016-04-13,4548.75,4549.0,{},1,1,NQ,5,fixed_hold,0,0.0,56.5,56.3,0.007964595189224434,57.0,2016-04-12,0.003070567217507536,ENTERED,1.1395243159350843,0.0,2016
LONG,2016-04-14,4549.25,4549.0,2016-04-14,4545.25,4545.5,{},1,1,NQ,5,fixed_hold,0,0.0,-4.0,-4.2,0.00834800053389342,-3.5,2016-04-13,0.0037511032656663,ENTERED,1.0859604758155859,0.0,2016
LONG,2016-04-15,4546.25,4546.0,2016-04-15,4538.5,4538.75,{},1,1,NQ,5,fixed_hold,0,0.0,-7.75,-7.95,0.008287789993002923,-7.25,2016-04-14,0.019456125595738394,ENTERED,1.0938499454679012,0.0,2016
LONG,2016-04-18,4509.25,4509.0,2016-04-18,4552.75,4553.0,{},1,1,NQ,5,fixed_hold,0,0.0,43.5,43.3,0.008317691994597289,44.0,2016-04-15,0.015493903121154506,ENTERED,1.0884660184217922,0.0,2016
LONG,2016-04-19,4552.75,4552.5,2016-04-19,4522.75,4523.0,{},1,1,NQ,5,fixed_hold,0,0.0,-30.0,-30.2,0.008311276949050475,-29.5,2016-04-18,0.024527452745274347,ENTERED,1.0893061491414324,0.0,2016
LONG,2016-04-20,4523.5,4523.25,2016-04-20,4535.25,4535.5,{},1,1,NQ,5,fixed_hold,0,0.0,11.75,11.55,0.008500566359166998,12.25,2016-04-19,0.006957199309845841,ENTERED,1.0640551634582842,0.0,2016
SHORT,2016-04-21,4535.5,4535.75,2016-04-21,4485.75,4485.5,{},1,1,NQ,5,fixed_hold,0,0.0,49.75,49.55,0.008478447112613797,50.25,2016-04-20,-0.002967685205539583,ENTERED,1.0668311551221026,0.0,2016
SHORT,2016-04-22,4485.0,4485.25,2016-04-22,4467.0,4466.75,{},1,1,NQ,5,fixed_hold,0,0.0,18.0,17.8,0.00862959819296512,18.5,2016-04-21,-0.013199868001320114,ENTERED,1.047976801304945,0.0,2016
SHORT,2016-04-25,4470.25,4470.5,2016-04-25,4471.75,4471.5,{},1,1,NQ,5,fixed_hold,0,0.0,-1.5,-1.7,0.00870762771439687,-1.0,2016-04-22,-0.015863398512806492,ENTERED,1.0385858246854234,0.0,2016
SHORT,2016-04-26,4471.0,4471.25,2016-04-26,4408.5,4408.25,{},1,1,NQ,5,fixed_hold,0,0.0,62.5,62.3,0.008658921799738364,63.0,2016-04-25,-0.017900285526026738,ENTERED,1.0426367852395702,0.0,2016
SHORT,2016-04-27,4408.0,4408.25,2016-04-27,4434.5,4434.25,{},1,1,NQ,5,fixed_hold,0,0.0,-26.5,-26.7,0.008344581792621698,-26.0,2016-04-26,-0.025370329427371163,ENTERED,1.0819128643334435,0.0,2016
SHORT,2016-04-28,4433.75,4434.0,2016-04-28,4386.25,4386.0,{},1,1,NQ,5,fixed_hold,0,0.0,47.5,47.3,0.008434552204667834,48.0,2016-04-27,-0.02232388931760554,ENTERED,1.0698027640339713,0.0,2016
SHORT,2016-04-29,4386.0,4386.25,2016-04-29,4336.0,4335.75,{},1,1,NQ,5,fixed_hold,0,0.0,50.0,49.8,0.008747905827195979,50.5,2016-04-28,-0.022182588340207254,ENTERED,1.031481984395661,0.0,2016
SHORT,2016-05-02,4322.5,4322.75,2016-05-02,4369.25,4369.0,{},1,1,NQ,5,fixed_hold,0,0.0,-46.75,-46.95,0.00854705537785975,-46.25,2016-04-29,-0.02932781104830129,ENTERED,1.0547461146922434,0.0,2016
SHORT,2016-05-03,4368.75,4369.0,2016-05-03,4339.75,4339.5,{},1,1,NQ,5,fixed_hold,0,0.0,29.0,28.8,0.008727428130968537,29.5,2016-05-02,-0.02292295650229237,ENTERED,1.0329473146697306,0.0,2016
SHORT,2016-05-04,4339.5,4339.75,2016-05-04,4313.25,4313.0,{},1,1,NQ,5,fixed_hold,0,0.0,26.25,26.05,0.008792059823490829,26.75,2016-05-03,-0.015595757953836498,ENTERED,1.022074061768131,0.0,2016
SHORT,2016-05-05,4312.75,4313.0,2016-05-05,4298.0,4297.75,{},1,1,NQ,5,fixed_hold,0,0.0,14.75,14.55,0.008234678402930028,15.25,2016-05-04,-0.027343970231719084,ENTERED,1.0912552810691742,0.0,2016
SHORT,2016-05-06,4297.5,4297.75,2016-05-06,4334.0,4333.75,{},1,1,NQ,5,fixed_hold,0,0.0,-36.5,-36.7,0.0075857556483584455,-36.0,2016-05-05,-0.020120839033287652,ENTERED,1.1840976312415579,0.0,2016
SHORT,2016-05-09,4335.75,4336.0,2016-05-09,4332.25,4332.0,{},1,1,NQ,5,fixed_hold,0,0.0,3.5,3.3,0.007872322947707813,4.0,2016-05-06,-0.00046128120855681853,ENTERED,1.1409942597710472,0.0,2016
SHORT,2016-05-10,4331.5,4331.75,2016-05-10,4393.25,4393.0,{},1,1,NQ,5,fixed_hold,0,0.0,-61.75,-61.95,0.007812707591389736,-61.25,2016-05-09,-0.008468757152666484,ENTERED,1.1481273587457637,0.0,2016
LONG,2016-05-11,4393.25,4393.0,2016-05-11,4353.25,4353.5,{},1,1,NQ,5,fixed_hold,0,0.0,-40.0,-40.2,0.00811211216715486,-39.5,2016-05-10,0.012328609286784031,ENTERED,1.1057518864043634,0.0,2016
LONG,2016-05-12,4353.75,4353.5,2016-05-12,4337.0,4337.25,{},1,1,NQ,5,fixed_hold,0,0.0,-16.75,-16.95,0.007602485651517716,-16.25,2016-05-11,0.009390215627173681,ENTERED,1.178257716407024,0.0,2016
LONG,2016-05-13,4338.0,4337.75,2016-05-13,4322.25,4322.5,{},1,1,NQ,5,fixed_hold,0,0.0,-15.75,-15.95,0.007602699951693654,-15.25,2016-05-12,0.00919085568029776,ENTERED,1.1782245044116104,0.0,2016
SHORT,2016-05-16,4315.5,4315.75,2016-05-16,4373.5,4373.25,{},1,1,NQ,5,fixed_hold,0,0.0,-58.0,-58.2,0.0076037653277615394,-57.5,2016-05-13,-0.0025959042399770205,ENTERED,1.1777364406695154,0.0,2016
LONG,2016-05-17,4373.25,4373.0,2016-05-17,4321.0,4321.25,{},1,1,NQ,5,fixed_hold,0,0.0,-52.25,-52.45,0.008157287506269015,-51.75,2016-05-16,0.009522160664819701,ENTERED,1.097819772310575,0.0,2016
SHORT,2016-05-18,4321.5,4321.75,2016-05-18,4339.25,4339.0,{},1,1,NQ,5,fixed_hold,0,0.0,-17.75,-17.95,0.008397525320766866,-17.25,2016-05-17,-0.01633280218529498,ENTERED,1.0657182436320254,0.0,2016
SHORT,2016-05-19,4339.0,4339.25,2016-05-19,4316.5,4316.25,{},1,1,NQ,5,fixed_hold,0,0.0,22.5,22.3,0.008444961472031496,23.0,2016-05-18,-0.003330653497186309,ENTERED,1.0597320029632158,0.0,2016
SHORT,2016-05-20,4315.75,4316.0,2016-05-20,4364.25,4364.0,{},1,1,NQ,5,fixed_hold,0,0.0,-48.5,-48.7,0.00822225106067162,-48.0,2016-05-19,-0.004841777624070676,ENTERED,1.0884288326556673,0.0,2016
LONG,2016-05-23,4366.5,4366.25,2016-05-23,4352.25,4352.5,{},1,1,NQ,5,fixed_hold,0,0.0,-14.25,-14.45,0.008691775899004554,-13.75,2016-05-20,0.009600925390399029,ENTERED,1.0296325201842327,0.0,2016
SHORT,2016-05-24,4352.25,4352.5,2016-05-24,4453.5,4453.25,{},1,1,NQ,5,fixed_hold,0,0.0,-101.25,-101.45,0.008682058938916838,-100.75,2016-05-23,-0.0047447550448749265,ENTERED,1.0306419708331005,0.0,2016
LONG,2016-05-25,4453.5,4453.25,2016-05-25,4472.25,4472.5,{},1,1,NQ,5,fixed_hold,0,0.0,18.75,18.55,0.009723084487386074,19.25,2016-05-24,0.030546716806479912,ENTERED,0.9204214090064486,0.0,2016
LONG,2016-05-26,4472.5,4472.25,2016-05-26,4494.75,4495.0,{},1,1,NQ,5,fixed_hold,0,0.0,22.25,22.05,0.009683803808954311,22.75,2016-05-25,0.03076745793961755,ENTERED,0.9241549395593355,0.0,2016
LONG,2016-05-27,4495.0,4494.75,2016-05-27,4512.75,4513.0,{},1,1,NQ,5,fixed_hold,0,0.0,17.75,17.55,0.009349675357859782,18.25,2016-05-26,0.041413263828554925,ENTERED,0.9571878801310291,0.0,2016
LONG,2016-05-30,4519.5,4519.25,2016-05-30,4520.75,4521.0,{},1,1,NQ,5,fixed_hold,0,0.0,1.25,1.05,0.008868864210927615,1.75,2016-05-27,0.03414298808432603,ENTERED,1.009073418075549,0.0,2016
LONG,2016-05-31,4521.0,4520.75,2016-05-31,4523.75,4524.0,{},1,1,NQ,5,fixed_hold,0,0.0,2.75,2.55,0.008769439470743757,3.25,2016-05-30,0.0387133831131532,ENTERED,1.0205139283559728,0.0,2016
LONG,2016-06-01,4524.5,4524.25,2016-06-01,4521.5,4521.75,{},1,1,NQ,5,fixed_hold,0,0.0,-3.0,-3.2,0.008545039776463651,-2.5,2016-05-31,0.01588727333969575,ENTERED,1.047168248454607,0.0,2016
LONG,2016-06-02,4522.0,4521.75,2016-06-02,4531.0,4531.25,{},1,1,NQ,5,fixed_hold,0,0.0,9.0,8.8,0.008350706260674974,9.5,2016-06-01,0.011011738401341509,ENTERED,1.07153743125089,0.0,2016
LONG,2016-06-03,4531.5,4531.25,2016-06-03,4508.75,4509.0,{},1,1,NQ,5,fixed_hold,0,0.0,-22.75,-22.95,0.008234170282523063,-22.25,2016-06-02,0.008064516129032473,ENTERED,1.0866562169865115,0.0,2016
SHORT,2016-06-06,4506.0,4506.25,2016-06-06,4521.0,4520.75,{},1,1,NQ,5,fixed_hold,0,0.0,-15.0,-15.2,0.008286286994769295,-14.5,2016-06-03,-0.0008863283846666237,ENTERED,1.0798216782592123,0.0,2016
SHORT,2016-06-07,4521.0,4521.25,2016-06-07,4512.5,4512.25,{},1,1,NQ,5,fixed_hold,0,0.0,8.5,8.3,0.008267326565756499,9.0,2016-06-06,-5.5297500552886625e-05,ENTERED,1.0822007489963852,0.0,2016
SHORT,2016-06-08,4511.75,4512.0,2016-06-08,4518.75,4518.5,{},1,1,NQ,5,fixed_hold,0,0.0,-7.0,-7.2,0.007814684725801884,-6.5,2016-06-07,-0.0025972590627761916,ENTERED,1.1448839352557927,0.0,2016
SHORT,2016-06-09,4518.5,4518.75,2016-06-09,4511.25,4511.0,{},1,1,NQ,5,fixed_hold,0,0.0,7.25,7.05,0.007425395262183594,7.75,2016-06-08,-0.000718748272239722,ENTERED,1.2043436418259335,0.0,2016
SHORT,2016-06-10,4510.5,4510.75,2016-06-10,4466.25,4466.0,{},1,1,NQ,5,fixed_hold,0,0.0,44.25,44.05,0.007356970746807917,44.75,2016-06-09,-0.00446896551724163,ENTERED,1.2155448050320632,0.0,2016
SHORT,2016-06-13,4446.5,4446.75,2016-06-13,4412.0,4411.75,{},1,1,NQ,5,fixed_hold,0,0.0,34.5,34.3,0.00774714771577794,35.0,2016-06-10,-0.009536482590374984,ENTERED,1.1542618584029063,0.0,2016
SHORT,2016-06-14,4411.5,4411.75,2016-06-14,4412.25,4412.0,{},1,1,NQ,5,fixed_hold,0,0.0,-0.75,-0.95,0.007950371428972317,-0.25,2016-06-13,-0.0241110435215397,ENTERED,1.1247571512380987,0.0,2016
SHORT,2016-06-15,4411.5,4411.75,2016-06-15,4406.5,4406.25,{},1,1,NQ,5,fixed_hold,0,0.0,5.0,4.8,0.007402897284985555,5.5,2016-06-14,-0.022217297357194354,ENTERED,1.2078654062671423,0.0,2016
SHORT,2016-06-16,4406.25,4406.5,2016-06-16,4426.25,4426.0,{},1,1,NQ,5,fixed_hold,0,0.0,-20.0,-20.2,0.007384723132114354,-19.5,2016-06-15,-0.024842314927520315,ENTERED,1.210838020155112,0.0,2016
SHORT,2016-06-17,4425.75,4426.0,2016-06-17,4361.5,4361.25,{},1,1,NQ,5,fixed_hold,0,0.0,64.25,64.05,0.007285729750486287,64.75,2016-06-16,-0.01884282864109954,ENTERED,1.2272390634937407,0.0,2016
SHORT,2016-06-20,4394.0,4394.25,2016-06-20,4395.5,4395.25,{},1,1,NQ,5,fixed_hold,0,0.0,-1.5,-1.7,0.007722234215023559,-1.0,2016-06-17,-0.023454993282579606,ENTERED,1.1578685529195643,0.0,2016
SHORT,2016-06-21,4395.25,4395.5,2016-06-21,4393.75,4393.5,{},1,1,NQ,5,fixed_hold,0,0.0,1.5,1.3,0.007885649212830482,2.0,2016-06-20,-0.003740012466708298,ENTERED,1.1336078296221,0.0,2016
SHORT,2016-06-22,4393.25,4393.5,2016-06-22,4414.5,4414.25,{},1,1,NQ,5,fixed_hold,0,0.0,-21.25,-21.45,0.0058152138291201975,-20.75,2016-06-21,-0.0041931097008161,ENTERED,1.5372149592425959,0.0,2016
LONG,2016-06-23,4414.75,4414.5,2016-06-23,4454.25,4454.5,{},1,1,NQ,5,fixed_hold,0,0.0,39.5,39.3,0.005833916482462854,40.0,2016-06-22,0.0018156028368794264,ENTERED,1.529846982224405,0.0,2016
LONG,2016-06-24,4454.5,4454.25,2016-06-24,4261.75,4262.0,{},1,1,NQ,5,fixed_hold,0,0.0,-192.75,-192.95,0.006108142811954464,-192.25,2016-06-23,0.006439222774514253,ENTERED,1.4611641868912395,0.0,2016
SHORT,2016-06-27,4233.75,4234.0,2016-06-27,4191.0,4190.75,{},1,1,NQ,5,fixed_hold,0,0.0,42.75,42.55,0.011257338299547599,43.25,2016-06-24,-0.0227572370306679,ENTERED,0.7928161424804729,0.0,2016
SHORT,2016-06-28,4190.25,4190.5,2016-06-28,4279.25,4279.0,{},1,1,NQ,5,fixed_hold,0,0.0,-89.0,-89.2,0.011615963309084045,-88.5,2016-06-27,-0.04652750127979066,ENTERED,0.7695645596889261,0.0,2016
SHORT,2016-06-29,4279.0,4279.25,2016-06-29,4366.25,4366.0,{},1,1,NQ,5,fixed_hold,0,0.0,-87.25,-87.45,0.012850633042175258,-86.75,2016-06-28,-0.02606122681233647,ENTERED,0.6956259399813053,0.0,2016
SHORT,2016-06-30,4366.0,4366.25,2016-06-30,4396.25,4396.0,{},1,1,NQ,5,fixed_hold,0,0.0,-30.25,-30.45,0.013844197496078044,-29.75,2016-06-29,-0.010930509146514056,ENTERED,0.6458541319125423,0.0,2016
SHORT,2016-07-01,4396.5,4396.75,2016-07-01,4434.5,4434.25,{},1,1,NQ,5,fixed_hold,0,0.0,-38.0,-38.2,0.01395304927328496,-37.5,2016-06-30,-0.013132787069255913,ENTERED,0.6408156368353612,0.0,2016
LONG,2016-07-04,4427.25,4427.0,2016-07-04,4435.0,4435.25,{},1,1,NQ,5,fixed_hold,0,0.0,7.75,7.55,0.014104992660371228,8.25,2016-07-01,0.04041529798216792,ENTERED,0.633938900358681,0.0,2016
LONG,2016-07-05,4435.25,4435.0,2016-07-05,4397.25,4397.5,{},1,1,NQ,5,fixed_hold,0,0.0,-38.0,-38.2,0.014085304414074148,-37.5,2016-07-04,0.05834277873888927,ENTERED,0.6348250115026539,0.0,2016
LONG,2016-07-06,4397.0,4396.75,2016-07-06,4435.0,4435.25,{},1,1,NQ,5,fixed_hold,0,0.0,38.0,37.8,0.014188281427153157,38.5,2016-07-05,0.027693386305211343,ENTERED,0.630255127490089,0.0,2016
LONG,2016-07-07,4436.0,4435.75,2016-07-07,4451.0,4451.25,{},1,1,NQ,5,fixed_hold,0,0.0,15.0,14.8,0.014347495219553212,15.5,2016-07-06,0.015861200183234114,ENTERED,0.6232612022444807,0.0,2016
LONG,2016-07-08,4451.25,4451.0,2016-07-08,4516.75,4517.0,{},1,1,NQ,5,fixed_hold,0,0.0,65.5,65.3,0.014379776820192581,66.0,2016-07-07,0.012568243858052774,ENTERED,0.6218961312040346,0.0,2016
LONG,2016-07-11,4520.75,4520.5,2016-07-11,4548.25,4548.5,{},1,1,NQ,5,fixed_hold,0,0.0,27.5,27.3,0.014590735498923991,28.0,2016-07-08,0.01866155494164734,ENTERED,0.6129045086667984,0.0,2016
LONG,2016-07-12,4549.25,4549.0,2016-07-12,4568.75,4569.0,{},1,1,NQ,5,fixed_hold,0,0.0,19.5,19.3,0.01433079705395744,20.0,2016-07-11,0.025534073614790875,ENTERED,0.6243132861328683,0.0,2016
LONG,2016-07-13,4569.75,4569.5,2016-07-13,4555.25,4555.5,{},1,1,NQ,5,fixed_hold,0,0.0,-14.5,-14.7,0.014339689801920422,-14.0,2016-07-12,0.038999431495167824,ENTERED,0.6239261187129164,0.0,2016
LONG,2016-07-14,4555.5,4555.25,2016-07-14,4581.25,4581.5,{},1,1,NQ,5,fixed_hold,0,0.0,25.75,25.55,0.014363530468439991,26.25,2016-07-13,0.02711233865058338,ENTERED,0.6229465902473953,0.0,2016
LONG,2016-07-15,4581.5,4581.25,2016-07-15,4562.0,4562.25,{},1,1,NQ,5,fixed_hold,0,0.0,-19.5,-19.7,0.014378327782528877,-19.0,2016-07-14,0.029261443414771104,ENTERED,0.6223054909140159,0.0,2016
LONG,2016-07-18,4586.25,4586.0,2016-07-18,4609.75,4610.0,{},1,1,NQ,5,fixed_hold,0,0.0,23.5,23.3,0.013932302840084778,24.0,2016-07-15,0.010017710870046548,ENTERED,0.6422552278974104,0.0,2016
LONG,2016-07-19,4610.5,4610.25,2016-07-19,4604.5,4604.75,{},1,1,NQ,5,fixed_hold,0,0.0,-6.0,-6.2,0.013999883703081306,-5.5,2016-07-18,0.013520940969550477,ENTERED,0.6391549048171704,0.0,2016
LONG,2016-07-20,4605.25,4605.0,2016-07-20,4652.75,4653.0,{},1,1,NQ,5,fixed_hold,0,0.0,47.5,47.3,0.014008881420259729,48.0,2016-07-19,0.007824469249288812,ENTERED,0.6388329557009492,0.0,2016
LONG,2016-07-21,4652.75,4652.5,2016-07-21,4637.0,4637.25,{},1,1,NQ,5,fixed_hold,0,0.0,-15.75,-15.95,0.014116826577398161,-15.25,2016-07-20,0.021402700032927102,ENTERED,0.6339480813695781,0.0,2016
LONG,2016-07-22,4637.75,4637.5,2016-07-22,4658.25,4658.5,{},1,1,NQ,5,fixed_hold,0,0.0,20.5,20.3,0.01409601787028493,21.0,2016-07-21,0.012168503765142225,ENTERED,0.6348882370934612,0.0,2016
LONG,2016-07-25,4658.0,4657.75,2016-07-25,4655.0,4655.25,{},1,1,NQ,5,fixed_hold,0,0.0,-3.0,-3.2,0.009213838397715755,-2.5,2016-07-22,0.021097046413502074,ENTERED,0.9712994247784735,0.0,2016
LONG,2016-07-26,4655.5,4655.25,2016-07-26,4693.0,4693.25,{},1,1,NQ,5,fixed_hold,0,0.0,37.5,37.3,0.007870903974425124,38.0,2016-07-25,0.009815618221258093,ENTERED,1.1370226297744628,0.0,2016
LONG,2016-07-27,4693.25,4693.0,2016-07-27,4705.75,4706.0,{},1,1,NQ,5,fixed_hold,0,0.0,12.5,12.3,0.0069909697142753495,13.0,2016-07-26,0.019219284434551342,ENTERED,1.280127863448523,0.0,2016
LONG,2016-07-28,4706.25,4706.0,2016-07-28,4727.25,4727.5,{},1,1,NQ,5,fixed_hold,0,0.0,21.0,20.8,0.005942911339662335,21.5,2016-07-27,0.011390500752203048,ENTERED,1.5058840040304418,0.0,2016
LONG,2016-07-29,4728.0,4727.75,2016-07-29,4729.75,4730.0,{},1,1,NQ,5,fixed_hold,0,0.0,1.75,1.55,0.005901898810110116,2.25,2016-07-28,0.019461965604614884,ENTERED,1.516138216461125,0.0,2016
LONG,2016-08-01,4730.75,4730.5,2016-08-01,4748.0,4748.25,{},1,1,NQ,5,fixed_hold,0,0.0,17.25,17.05,0.005816666309136269,17.75,2016-07-29,0.015348288075560879,ENTERED,1.538354421610806,0.0,2016
LONG,2016-08-02,4748.5,4748.25,2016-08-02,4710.25,4710.5,{},1,1,NQ,5,fixed_hold,0,0.0,-38.25,-38.45,0.005773826374273187,-37.75,2016-08-01,0.019977444820364676,ENTERED,1.5497023549405933,0.0,2016
LONG,2016-08-03,4711.0,4710.75,2016-08-03,4728.0,4728.25,{},1,1,NQ,5,fixed_hold,0,0.0,17.0,16.8,0.005713798572375129,17.5,2016-08-02,0.0036754913972196768,ENTERED,1.5659831574198901,0.0,2016
LONG,2016-08-04,4728.25,4728.0,2016-08-04,4746.5,4746.75,{},1,1,NQ,5,fixed_hold,0,0.0,18.25,18.05,0.005586500622701746,18.75,2016-08-03,0.004728006799830098,ENTERED,1.601522599908436,0.0,2016
LONG,2016-08-05,4747.0,4746.75,2016-08-05,4783.5,4783.75,{},1,1,NQ,5,fixed_hold,0,0.0,36.5,36.3,0.005588035716998068,37.0,2016-08-04,0.004071919619248909,ENTERED,1.6010826442007313,0.0,2016
LONG,2016-08-08,4787.0,4786.75,2016-08-08,4778.25,4778.5,{},1,1,NQ,5,fixed_hold,0,0.0,-8.75,-8.95,0.00501867487409913,-8.25,2016-08-05,0.011363636363636243,ENTERED,1.781890199384648,0.0,2016
LONG,2016-08-09,4778.5,4778.25,2016-08-09,4786.25,4786.5,{},1,1,NQ,5,fixed_hold,0,0.0,7.75,7.55,0.004997046561505552,8.25,2016-08-08,0.0063707681777496195,ENTERED,1.7896026106590615,0.0,2016
LONG,2016-08-10,4786.75,4786.5,2016-08-10,4777.5,4777.75,{},1,1,NQ,5,fixed_hold,0,0.0,-9.25,-9.45,0.004976714740587068,-8.75,2016-08-09,0.016134168347309297,ENTERED,1.7968152859572621,0.0,2016
LONG,2016-08-11,4778.25,4778.0,2016-08-11,4802.75,4803.0,{},1,1,NQ,5,fixed_hold,0,0.0,24.5,24.3,0.004919682398074895,25.0,2016-08-10,0.010468989583884314,ENTERED,1.817645204746313,0.0,2016
LONG,2016-08-12,4803.5,4803.25,2016-08-12,4805.75,4806.0,{},1,1,NQ,5,fixed_hold,0,0.0,2.25,2.05,0.004905602989803968,2.75,2016-08-11,0.011850213303839396,ENTERED,1.8227531977756561,0.0,2016
LONG,2016-08-15,4806.75,4806.5,2016-08-15,4822.5,4822.75,{},1,1,NQ,5,fixed_hold,0,0.0,15.75,15.55,0.004678513122378365,16.25,2016-08-12,0.0046511627906977715,ENTERED,1.9112276278360434,0.0,2016
LONG,2016-08-16,4823.0,4822.75,2016-08-16,4801.5,4801.75,{},1,1,NQ,5,fixed_hold,0,0.0,-21.5,-21.7,0.004307737833366988,-21.0,2016-08-15,0.009260228105054003,ENTERED,2.075644456957727,0.0,2016
LONG,2016-08-17,4802.0,4801.75,2016-08-17,4806.5,4806.75,{},1,1,NQ,5,fixed_hold,0,0.0,4.5,4.3,0.004497381586465384,5.0,2016-08-16,0.0031860440823145986,ENTERED,1.9881195277633792,0.0,2016
LONG,2016-08-18,4806.75,4806.5,2016-08-18,4809.0,4809.25,{},1,1,NQ,5,fixed_hold,0,0.0,2.25,2.05,0.004045107355247056,2.75,2016-08-17,0.0060698027314114444,ENTERED,2.2098878729936744,0.0,2016
LONG,2016-08-19,4809.25,4809.0,2016-08-19,4808.75,4809.0,{},1,1,NQ,5,fixed_hold,0,0.0,-0.5,-0.7,0.00388098985413952,0.0,2016-08-18,0.0013012700395587107,ENTERED,2.3033385876500727,0.0,2016
LONG,2016-08-22,4807.25,4807.0,2016-08-22,4808.25,4808.5,{},1,1,NQ,5,fixed_hold,0,0.0,1.0,0.8,0.003846184616288759,1.5,2016-08-19,0.0006242197253434334,ENTERED,2.3204813121677135,0.0,2016
SHORT,2016-08-23,4808.5,4808.75,2016-08-23,4820.25,4820.0,{},1,1,NQ,5,fixed_hold,0,0.0,-11.75,-11.95,0.0038297902908493342,-11.25,2016-08-22,-0.002954745736353681,ENTERED,2.330414682644598,0.0,2016
LONG,2016-08-24,4820.5,4820.25,2016-08-24,4785.25,4785.5,{},1,1,NQ,5,fixed_hold,0,0.0,-35.25,-35.45,0.00351604982429968,-34.75,2016-08-23,0.003800697662310615,ENTERED,2.537151078836124,0.0,2016
SHORT,2016-08-25,4785.0,4785.25,2016-08-25,4783.0,4782.75,{},1,1,NQ,5,fixed_hold,0,0.0,2.0,1.8,0.0039756744394641285,2.5,2016-08-24,-0.004420866489831976,ENTERED,2.24383302526298,0.0,2016
SHORT,2016-08-26,4782.25,4782.5,2016-08-26,4783.5,4783.25,{},1,1,NQ,5,fixed_hold,0,0.0,-1.25,-1.45,0.0038875370402094056,-0.75,2016-08-25,-0.005510214690440329,ENTERED,2.293911423667121,0.0,2016
SHORT,2016-08-29,4781.0,4781.25,2016-08-29,4796.5,4796.25,{},1,1,NQ,5,fixed_hold,0,0.0,-15.5,-15.7,0.0038890361004070852,-15.0,2016-08-26,-0.005354543564150549,ENTERED,2.293027217086508,0.0,2016
SHORT,2016-08-30,4795.75,4796.0,2016-08-30,4774.25,4774.0,{},1,1,NQ,5,fixed_hold,0,0.0,21.5,21.3,0.0038463628880427707,22.0,2016-08-29,-0.0025475720079027875,ENTERED,2.3183343280072912,0.0,2016
SHORT,2016-08-31,4773.75,4774.0,2016-08-31,4774.75,4774.5,{},1,1,NQ,5,fixed_hold,0,0.0,-1.0,-1.2,0.0035204884165338153,-0.5,2016-08-30,-0.009543568464730368,ENTERED,2.532931248813035,0.0,2016
SHORT,2016-09-01,4774.25,4774.5,2016-09-01,4779.0,4778.75,{},1,1,NQ,5,fixed_hold,0,0.0,-4.75,-4.95,0.003445622696822889,-4.25,2016-08-31,-0.002298610385539912,ENTERED,2.5876108416620522,0.0,2016
SHORT,2016-09-02,4778.25,4778.5,2016-09-02,4799.0,4798.75,{},1,1,NQ,5,fixed_hold,0,0.0,-20.75,-20.95,0.0033527496345495964,-20.25,2016-09-01,-0.0008363389263501553,ENTERED,2.659289126363144,0.0,2016
LONG,2016-09-05,4801.25,4801.0,2016-09-05,4791.25,4791.5,{},1,1,NQ,5,fixed_hold,0,0.0,-10.0,-10.2,0.0030100466483749476,-9.5,2016-09-02,0.0032404745727274697,ENTERED,2.961386570739641,0.0,2016
SHORT,2016-09-06,4791.5,4791.75,2016-09-06,4828.5,4828.25,{},1,1,NQ,5,fixed_hold,0,0.0,-37.0,-37.2,0.0030205418490800388,-36.5,2016-09-05,-0.0009903570497786784,ENTERED,2.951096911473791,0.0,2016
LONG,2016-09-07,4828.5,4828.25,2016-09-07,4827.0,4827.25,{},1,1,NQ,5,fixed_hold,0,0.0,-1.5,-1.7,0.003448072118639117,-1.0,2016-09-06,0.011363636363636243,ENTERED,2.585182736775525,0.0,2016
LONG,2016-09-08,4827.75,4827.5,2016-09-08,4796.25,4796.5,{},1,1,NQ,5,fixed_hold,0,0.0,-31.5,-31.7,0.0034108049004011732,-31.0,2016-09-07,0.011048277306524135,ENTERED,2.6134290223443792,0.0,2016
LONG,2016-09-09,4796.5,4796.25,2016-09-09,4668.25,4668.5,{},1,1,NQ,5,fixed_hold,0,0.0,-128.25,-128.45,0.0035469698628307297,-127.75,2016-09-08,0.0037143604499085825,ENTERED,2.5112700173018454,0.0,2016
SHORT,2016-09-12,4659.5,4659.75,2016-09-12,4759.0,4758.75,{},1,1,NQ,5,fixed_hold,0,0.0,-99.5,-99.7,0.006921105926835252,-99.0,2016-09-09,-0.027142485022141116,ENTERED,1.2869907154958184,0.0,2016
SHORT,2016-09-13,4758.5,4758.75,2016-09-13,4723.0,4722.75,{},1,1,NQ,5,fixed_hold,0,0.0,35.5,35.3,0.008285620606641118,36.0,2016-09-12,-0.006835020348533671,ENTERED,1.0749889450416013,0.0,2016
SHORT,2016-09-14,4722.75,4723.0,2016-09-14,4737.5,4737.25,{},1,1,NQ,5,fixed_hold,0,0.0,-14.75,-14.95,0.008391897795113104,-14.25,2016-09-13,-0.021850566975612273,ENTERED,1.0613750038918393,0.0,2016
SHORT,2016-09-15,4736.75,4737.0,2016-09-15,4805.25,4805.0,{},1,1,NQ,5,fixed_hold,0,0.0,-68.5,-68.7,0.008427459168642733,-68.0,2016-09-14,-0.018644155575120336,ENTERED,1.0549771082025083,0.0,2016
LONG,2016-09-16,4804.75,4804.5,2016-09-16,4815.75,4816.0,{},1,1,NQ,5,fixed_hold,0,0.0,11.0,10.8,0.009070820865579475,11.5,2016-09-15,0.0017721255081830645,ENTERED,0.9819343460685883,0.0,2016
LONG,2016-09-19,4826.0,4825.75,2016-09-19,4791.75,4792.0,{},1,1,NQ,5,fixed_hold,0,0.0,-34.25,-34.45,0.009085278068474222,-33.75,2016-09-16,0.03159473064153362,ENTERED,0.9803718155699683,0.0,2016
LONG,2016-09-20,4792.5,4792.25,2016-09-20,4801.0,4801.25,{},1,1,NQ,5,fixed_hold,0,0.0,8.5,8.3,0.009156620338921466,9.0,2016-09-19,0.006987128972944401,ENTERED,0.9727823955895533,0.0,2016
LONG,2016-09-21,4801.75,4801.5,2016-09-21,4846.5,4846.75,{},1,1,NQ,5,fixed_hold,0,0.0,44.75,44.55,0.009150508314350226,45.25,2016-09-20,0.016621671695516094,ENTERED,0.9734321594824497,0.0,2016
LONG,2016-09-22,4847.25,4847.0,2016-09-22,4884.5,4884.75,{},1,1,NQ,5,fixed_hold,0,0.0,37.25,37.05,0.009236081704495093,37.75,2016-09-21,0.023114676236213105,ENTERED,0.9651166805859424,0.0,2016
LONG,2016-09-23,4884.5,4884.25,2016-09-23,4857.0,4857.25,{},1,1,NQ,5,fixed_hold,0,0.0,-27.5,-27.7,0.009366817602572823,-27.0,2016-09-22,0.01659729448491154,ENTERED,0.9516462148055962,0.0,2016
LONG,2016-09-26,4858.0,4857.75,2016-09-26,4811.75,4812.0,{},1,1,NQ,5,fixed_hold,0,0.0,-46.25,-46.45,0.009485819422328784,-45.75,2016-09-23,0.008565199335548002,ENTERED,0.9397091937903511,0.0,2016
LONG,2016-09-27,4812.0,4811.75,2016-09-27,4860.75,4861.0,{},1,1,NQ,5,fixed_hold,0,0.0,48.75,48.55,0.009736824686241815,49.25,2016-09-26,0.004173622704507274,ENTERED,0.9154844632658161,0.0,2016
LONG,2016-09-28,4860.75,4860.5,2016-09-28,4869.25,4869.5,{},1,1,NQ,5,fixed_hold,0,0.0,8.5,8.3,0.009910907452384444,9.0,2016-09-27,0.012444675865659782,ENTERED,0.8996079006297937,0.0,2016
LONG,2016-09-29,4869.75,4869.5,2016-09-29,4837.25,4837.5,{},1,1,NQ,5,fixed_hold,0,0.0,-32.5,-32.7,0.009910343029798915,-32.0,2016-09-28,0.00469386702429464,ENTERED,0.8996591358913492,0.0,2016
SHORT,2016-09-30,4836.75,4837.0,2016-09-30,4863.5,4863.25,{},1,1,NQ,5,fixed_hold,0,0.0,-26.75,-26.95,0.01005537015734327,-26.25,2016-09-29,-0.009672961768770305,ENTERED,0.8868052574683958,0.0,2016
LONG,2016-10-03,4875.0,4874.75,2016-10-03,4868.25,4868.5,{},1,1,NQ,5,fixed_hold,0,0.0,-6.75,-6.95,0.010079557817133725,-6.25,2016-09-30,0.0012352668691133495,ENTERED,0.8846772133361848,0.0,2016
LONG,2016-10-04,4868.75,4868.5,2016-10-04,4852.0,4852.25,{},1,1,NQ,5,fixed_hold,0,0.0,-16.75,-16.95,0.010066068628285539,-16.25,2016-10-03,0.011741479634247654,ENTERED,0.8859134539781384,0.0,2016
SHORT,2016-10-05,4852.25,4852.5,2016-10-05,4875.0,4874.75,{},1,1,NQ,5,fixed_hold,0,0.0,-22.75,-22.95,0.009973819459910703,-22.25,2016-10-04,-0.001800041143797615,ENTERED,0.8941073840678146,0.0,2016
LONG,2016-10-06,4875.0,4874.75,2016-10-06,4862.75,4863.0,{},1,1,NQ,5,fixed_hold,0,0.0,-12.25,-12.45,0.010019687579190098,-11.75,2016-10-05,0.0010781394393672983,ENTERED,0.8903221317489993,0.0,2016
LONG,2016-10-07,4863.5,4863.25,2016-10-07,4859.25,4859.5,{},1,1,NQ,5,fixed_hold,0,0.0,-4.25,-4.45,0.009914580838179293,-3.75,2016-10-06,0.005271317829457445,ENTERED,0.8997606404711809,0.0,2016
SHORT,2016-10-10,4868.25,4868.5,2016-10-10,4895.0,4894.75,{},1,1,NQ,5,fixed_hold,0,0.0,-26.75,-26.95,0.007553792221864525,-26.25,2016-10-07,-0.0007710892921402035,ENTERED,1.1809630637102118,0.0,2016
LONG,2016-10-11,4894.75,4894.5,2016-10-11,4826.25,4826.5,{},1,1,NQ,5,fixed_hold,0,0.0,-68.5,-68.7,0.006508600070385059,-68.0,2016-10-10,0.005391804457224758,ENTERED,1.3701357480915002,0.0,2016
SHORT,2016-10-12,4826.0,4826.25,2016-10-12,4809.25,4809.0,{},1,1,NQ,5,fixed_hold,0,0.0,16.75,16.55,0.007101800263841654,17.25,2016-10-11,-0.005306816425370009,ENTERED,1.2556908523419232,0.0,2016
SHORT,2016-10-13,4809.0,4809.25,2016-10-13,4793.5,4793.25,{},1,1,NQ,5,fixed_hold,0,0.0,15.5,15.3,0.007162157504712745,16.0,2016-10-12,-0.013487871172880639,ENTERED,1.2450375624182066,0.0,2016
SHORT,2016-10-14,4793.25,4793.5,2016-10-14,4802.25,4802.0,{},1,1,NQ,5,fixed_hold,0,0.0,-9.0,-9.2,0.006459047881951522,-8.5,2016-10-13,-0.01434299814929052,ENTERED,1.3805680472256558,0.0,2016
SHORT,2016-10-17,4793.25,4793.5,2016-10-17,4808.25,4808.0,{},1,1,NQ,5,fixed_hold,0,0.0,-15.0,-15.2,0.006450835792795567,-14.5,2016-10-14,-0.011832493054841131,ENTERED,1.382135731393636,0.0,2016
SHORT,2016-10-18,4807.5,4807.75,2016-10-18,4826.0,4825.75,{},1,1,NQ,5,fixed_hold,0,0.0,-18.5,-18.7,0.006353634382275106,-18.0,2016-10-17,-0.017723070636906924,ENTERED,1.4032804077377734,0.0,2016
SHORT,2016-10-19,4825.25,4825.5,2016-10-19,4831.75,4831.5,{},1,1,NQ,5,fixed_hold,0,0.0,-6.5,-6.7,0.006391185601603297,-6.0,2016-10-18,-0.00015539210608095377,ENTERED,1.3947195837281405,0.0,2016
LONG,2016-10-20,4831.5,4831.25,2016-10-20,4846.75,4847.0,{},1,1,NQ,5,fixed_hold,0,0.0,15.25,15.05,0.006021090070490416,15.75,2016-10-19,0.004678727386150827,ENTERED,1.4804481609542506,0.0,2016
LONG,2016-10-21,4847.25,4847.0,2016-10-21,4845.75,4846.0,{},1,1,NQ,5,fixed_hold,0,0.0,-1.5,-1.7,0.005782304530764386,-1.0,2016-10-20,0.011213685912480953,ENTERED,1.541581988433337,0.0,2016
LONG,2016-10-24,4848.5,4848.25,2016-10-24,4904.5,4904.75,{},1,1,NQ,5,fixed_hold,0,0.0,56.0,55.8,0.005648370162703115,56.5,2016-10-21,0.00916284881299445,ENTERED,1.5781360391573511,0.0,2016
LONG,2016-10-25,4905.0,4904.75,2016-10-25,4873.0,4873.25,{},1,1,NQ,5,fixed_hold,0,0.0,-32.0,-32.2,0.005838639970439043,-31.5,2016-10-24,0.020122712146422472,ENTERED,1.5255948498105885,0.0,2016
LONG,2016-10-26,4873.5,4873.25,2016-10-26,4854.5,4854.75,{},1,1,NQ,5,fixed_hold,0,0.0,-19.0,-19.2,0.00563694714738639,-18.5,2016-10-25,0.009843029580894003,ENTERED,1.5801814059814323,0.0,2016
LONG,2016-10-27,4855.25,4855.0,2016-10-27,4819.5,4819.75,{},1,1,NQ,5,fixed_hold,0,0.0,-35.75,-35.95,0.005689824784520869,-35.25,2016-10-26,0.004812170133498661,ENTERED,1.565417370879221,0.0,2016
SHORT,2016-10-28,4819.0,4819.25,2016-10-28,4805.75,4805.5,{},1,1,NQ,5,fixed_hold,0,0.0,13.25,13.05,0.005729447975517568,13.75,2016-10-27,-0.00562203424798835,ENTERED,1.5545914009531574,0.0,2016
SHORT,2016-10-31,4802.0,4802.25,2016-10-31,4802.0,4801.75,{},1,1,NQ,5,fixed_hold,0,0.0,-0.0,-0.2,0.005609670160466373,0.5,2016-10-28,-0.008357408171687952,ENTERED,1.5849018300374138,0.0,2016
SHORT,2016-11-01,4801.0,4801.25,2016-11-01,4755.5,4755.25,{},1,1,NQ,5,fixed_hold,0,0.0,45.5,45.3,0.005596073505828659,46.0,2016-10-31,-0.021000050970997663,ENTERED,1.5887526305666158,0.0,2016
SHORT,2016-11-02,4755.0,4755.25,2016-11-02,4707.25,4707.0,{},1,1,NQ,5,fixed_hold,0,0.0,47.75,47.55,0.0059252371106790136,48.25,2016-11-01,-0.024213820345765358,ENTERED,1.4995636243127939,0.0,2016
SHORT,2016-11-03,4707.0,4707.25,2016-11-03,4676.25,4676.0,{},1,1,NQ,5,fixed_hold,0,0.0,30.75,30.55,0.00610539490019081,31.25,2016-11-02,-0.030434110922292756,ENTERED,1.4553145507958545,0.0,2016
SHORT,2016-11-04,4675.5,4675.75,2016-11-04,4661.25,4661.0,{},1,1,NQ,5,fixed_hold,0,0.0,14.25,14.05,0.006200478778093172,14.75,2016-11-03,-0.029825198402406827,ENTERED,1.4325823047615045,0.0,2016
SHORT,2016-11-07,4722.25,4722.5,2016-11-07,4774.25,4774.0,{},1,1,NQ,5,fixed_hold,0,0.0,-52.0,-52.2,0.006199658645141902,-51.5,2016-11-04,-0.030069711788575648,ENTERED,1.432771816478325,0.0,2016
SHORT,2016-11-08,4774.0,4774.25,2016-11-08,4815.75,4815.5,{},1,1,NQ,5,fixed_hold,0,0.0,-41.75,-41.95,0.006533308138768184,-41.25,2016-11-07,-0.01872664597561169,ENTERED,1.3594680529770125,0.0,2016
SHORT,2016-11-09,4815.25,4815.5,2016-11-09,4817.0,4816.75,{},1,1,NQ,5,fixed_hold,0,0.0,-1.75,-1.95,0.006290085517930072,-1.25,2016-11-08,-0.0005175578556579907,ENTERED,1.4120354436505123,0.0,2016
LONG,2016-11-10,4816.75,4816.5,2016-11-10,4737.25,4737.5,{},1,1,NQ,5,fixed_hold,0,0.0,-79.5,-79.7,0.006256515959440523,-79.0,2016-11-09,0.009989930858864238,ENTERED,1.4195904779803927,0.0,2016
SHORT,2016-11-11,4737.25,4737.5,2016-11-11,4742.25,4742.0,{},1,1,NQ,5,fixed_hold,0,0.0,-5.0,-5.2,0.007183203190634528,-4.5,2016-11-10,-4.177533158733482e-05,ENTERED,1.2364526306222396,0.0,2016
LONG,2016-11-14,4766.5,4766.25,2016-11-14,4694.5,4694.75,{},1,1,NQ,5,fixed_hold,0,0.0,-72.0,-72.2,0.007166344674032537,-71.5,2016-11-11,0.004129168872419431,ENTERED,1.2393360388932044,0.0,2016
SHORT,2016-11-15,4694.25,4694.5,2016-11-15,4769.0,4768.75,{},1,1,NQ,5,fixed_hold,0,0.0,-74.75,-74.95,0.007394794993519189,-74.25,2016-11-14,-0.01660033514872239,ENTERED,1.2010487416409334,0.0,2016
SHORT,2016-11-16,4768.25,4768.5,2016-11-16,4783.0,4782.75,{},1,1,NQ,5,fixed_hold,0,0.0,-14.75,-14.95,0.008304842537066929,-14.25,2016-11-15,-0.009708233828262913,ENTERED,1.0693791558572294,0.0,2016
SHORT,2016-11-17,4782.25,4782.5,2016-11-17,4827.5,4827.25,{},1,1,NQ,5,fixed_hold,0,0.0,-45.25,-45.45,0.008340537503654311,-44.75,2016-11-16,-0.007058701406550072,ENTERED,1.0648025379569033,0.0,2016
LONG,2016-11-18,4827.75,4827.5,2016-11-18,4809.0,4809.25,{},1,1,NQ,5,fixed_hold,0,0.0,-18.75,-18.95,0.008614273794035888,-18.25,2016-11-17,0.018944591029023572,ENTERED,1.029554483985405,0.0,2016
LONG,2016-11-21,4810.25,4810.0,2016-11-21,4858.75,4859.0,{},1,1,NQ,5,fixed_hold,0,0.0,48.5,48.3,0.00863696100528867,49.0,2016-11-18,0.014181779839730124,ENTERED,1.026850092931639,0.0,2016
LONG,2016-11-22,4859.25,4859.0,2016-11-22,4874.0,4874.25,{},1,1,NQ,5,fixed_hold,0,0.0,14.75,14.55,0.00850282816486263,15.25,2016-11-21,0.0349858884924652,ENTERED,1.0412443357418564,0.0,2016
LONG,2016-11-23,4874.75,4874.5,2016-11-23,4847.75,4848.0,{},1,1,NQ,5,fixed_hold,0,0.0,-27.0,-27.2,0.00845583308440455,-26.5,2016-11-22,0.022123197903014313,ENTERED,1.0470312713218595,0.0,2016
LONG,2016-11-24,4848.5,4848.25,2016-11-24,4858.0,4858.25,{},1,1,NQ,5,fixed_hold,0,0.0,9.5,9.3,0.008494718093535544,10.0,2016-11-23,0.013642778736082661,ENTERED,1.0406986374388487,0.0,2016
LONG,2016-11-25,4859.0,4858.75,2016-11-25,4869.75,4870.0,{},1,1,NQ,5,fixed_hold,0,0.0,10.75,10.55,0.00837310031335711,11.25,2016-11-24,0.006421875809208277,ENTERED,1.0558145984787668,0.0,2016
LONG,2016-11-28,4862.0,4861.75,2016-11-28,4856.5,4856.75,{},1,1,NQ,5,fixed_hold,0,0.0,-5.5,-5.7,0.008367046331812936,-5.0,2016-11-25,0.01263190726204666,ENTERED,1.0545734680569292,0.0,2016
SHORT,2016-11-29,4856.5,4856.75,2016-11-29,4874.5,4874.25,{},1,1,NQ,5,fixed_hold,0,0.0,-18.0,-18.2,0.008388336735152518,-17.5,2016-11-28,-0.00046305824243686455,ENTERED,1.051896859428181,0.0,2016
SHORT,2016-12-01,4820.0,4820.25,2016-12-01,4732.25,4732.0,{},1,1,NQ,5,fixed_hold,0,0.0,87.75,87.55,0.008174318235730399,88.25,2016-11-30,-0.005724009900989979,ENTERED,1.0792922151685291,0.0,2016
SHORT,2016-12-02,4731.75,4732.0,2016-12-02,4734.5,4734.25,{},1,1,NQ,5,fixed_hold,0,0.0,-2.75,-2.95,0.00908372143698871,-2.25,2016-12-01,-0.025986723614470186,ENTERED,0.9712404874294177,0.0,2016
SHORT,2016-12-05,4714.0,4714.25,2016-12-05,4781.75,4781.5,{},1,1,NQ,5,fixed_hold,0,0.0,-67.75,-67.95,0.009052993260324481,-67.25,2016-12-02,-0.02787474332648865,ENTERED,0.9746682466012035,0.0,2016
SHORT,2016-12-06,4781.25,4781.5,2016-12-06,4789.0,4788.75,{},1,1,NQ,5,fixed_hold,0,0.0,-7.75,-7.95,0.008997431298321956,-7.25,2016-12-05,-0.015493900241931313,ENTERED,0.9806871289118497,0.0,2016
SHORT,2016-12-07,4788.5,4788.75,2016-12-07,4843.75,4843.5,{},1,1,NQ,5,fixed_hold,0,0.0,-55.25,-55.45,0.008777838674314455,-54.75,2016-12-06,-0.017541160178488946,ENTERED,1.0052206921223805,0.0,2016
LONG,2016-12-08,4843.5,4843.25,2016-12-08,4860.75,4861.0,{},1,1,NQ,5,fixed_hold,0,0.0,17.25,17.05,0.009158736534304233,17.75,2016-12-07,0.004823401275867445,ENTERED,0.9634150992862126,0.0,2016
LONG,2016-12-09,4861.25,4861.0,2016-12-09,4894.75,4895.0,{},1,1,NQ,5,fixed_hold,0,0.0,33.5,33.3,0.008282098797090347,34.0,2016-12-08,0.027261200338123404,ENTERED,1.0653899794859838,0.0,2016
LONG,2016-12-12,4901.75,4901.5,2016-12-12,4865.25,4865.5,{},1,1,NQ,5,fixed_hold,0,0.0,-36.5,-36.7,0.008377611886937612,-36.0,2016-12-09,0.03395469187305267,ENTERED,1.0531017854730165,0.0,2016
LONG,2016-12-13,4863.75,4863.5,2016-12-13,4938.75,4939.0,{},1,1,NQ,5,fixed_hold,0,0.0,75.0,74.8,0.008133705909179485,75.5,2016-12-12,0.017567708877967103,ENTERED,1.0846812184562944,0.0,2016
LONG,2016-12-14,4939.0,4938.75,2016-12-14,4930.5,4930.75,{},1,1,NQ,5,fixed_hold,0,0.0,-8.5,-8.7,0.008075641864986511,-8.0,2016-12-13,0.03137561994257365,ENTERED,1.0918781778098934,0.0,2016
LONG,2016-12-15,4930.75,4930.5,2016-12-15,4940.0,4940.25,{},1,1,NQ,5,fixed_hold,0,0.0,9.25,9.05,0.008106761936930088,9.75,2016-12-14,0.018013832972024524,ENTERED,1.0876866981893716,0.0,2016
LONG,2016-12-16,4940.25,4940.0,2016-12-16,4915.0,4915.25,{},1,1,NQ,5,fixed_hold,0,0.0,-25.25,-25.45,0.007900883813058167,-24.75,2016-12-15,0.016303229788109386,ENTERED,1.1140456893041246,0.0,2016
LONG,2016-12-19,4922.0,4921.75,2016-12-19,4941.75,4942.0,{},1,1,NQ,5,fixed_hold,0,0.0,19.75,19.55,0.007949952103956907,20.25,2016-12-16,0.004136874361593712,ENTERED,1.1071696330408354,0.0,2016
LONG,2016-12-20,4942.5,4942.25,2016-12-20,4956.0,4956.25,{},1,1,NQ,5,fixed_hold,0,0.0,13.5,13.3,0.007722919465233577,14.0,2016-12-19,0.015722947281882727,ENTERED,1.1389597478139453,0.0,2016
LONG,2016-12-21,4956.75,4956.5,2016-12-21,4947.5,4947.75,{},1,1,NQ,5,fixed_hold,0,0.0,-9.25,-9.45,0.007719195761324159,-8.75,2016-12-20,0.0034926098400487327,ENTERED,1.1395091766659577,0.0,2016
LONG,2016-12-22,4948.0,4947.75,2016-12-22,4933.0,4933.25,{},1,1,NQ,5,fixed_hold,0,0.0,-15.0,-15.2,0.007605621766831206,-14.5,2016-12-21,0.003447751356284945,ENTERED,1.1560993094350493,0.0,2016
SHORT,2016-12-23,4933.0,4933.25,2016-12-23,4941.25,4941.0,{},1,1,NQ,5,fixed_hold,0,0.0,-8.25,-8.45,0.007651858421966528,-7.75,2016-12-22,-0.001416932341480437,ENTERED,1.1491135339378082,0.0,2016
LONG,2016-12-26,4942.25,4942.0,2016-12-26,4942.5,4942.75,{},1,1,NQ,5,fixed_hold,0,0.0,0.25,0.04999999999999999,0.007644731901087856,0.75,2016-12-23,0.00523879761965329,ENTERED,1.1500808579356074,0.0,2016
LONG,2016-12-27,4943.25,4943.0,2016-12-27,4963.0,4963.25,{},1,1,NQ,5,fixed_hold,0,0.0,19.75,19.55,0.007602020749925824,20.25,2016-12-26,0.00015176042088227426,ENTERED,1.1565424658406276,0.0,2016
LONG,2016-12-28,4963.25,4963.0,2016-12-28,4925.75,4926.0,{},1,1,NQ,5,fixed_hold,0,0.0,-37.5,-37.7,0.007613152004922806,-37.0,2016-12-27,0.0014123581336695779,ENTERED,1.1539138938314217,0.0,2016
SHORT,2016-12-29,4925.75,4926.0,2016-12-29,4919.0,4918.75,{},1,1,NQ,5,fixed_hold,0,0.0,6.75,6.55,0.007353941051905236,7.25,2016-12-28,-0.004395937547369999,ENTERED,1.1945869313237152,0.0,2016
SHORT,2016-12-30,4918.5,4918.75,2016-12-30,4862.5,4862.25,{},1,1,NQ,5,fixed_hold,0,0.0,56.0,55.8,0.005816982655241565,56.5,2016-12-29,-0.002939238838493896,ENTERED,1.5097980648348148,0.0,2016
SHORT,2017-01-02,4876.5,4876.75,2017-01-02,4888.25,4888.0,{},1,1,NQ,5,fixed_hold,0,0.0,-11.75,-11.95,0.006546192877406698,-11.25,2016-12-30,-0.01593806921675789,ENTERED,1.341614785957943,0.0,2017
SHORT,2017-01-03,4888.0,4888.25,2017-01-03,4904.75,4904.5,{},1,1,NQ,5,fixed_hold,0,0.0,-16.75,-16.95,0.0063005263196516635,-16.25,2017-01-02,-0.011076829700065738,ENTERED,1.39320782100305,0.0,2017
SHORT,2017-01-04,4904.0,4904.25,2017-01-04,4933.25,4933.0,{},1,1,NQ,5,fixed_hold,0,0.0,-29.25,-29.45,0.006320354200326969,-28.75,2017-01-03,-0.01183700196443871,ENTERED,1.388837123166318,0.0,2017
LONG,2017-01-05,4933.5,4933.25,2017-01-05,4960.25,4960.5,{},1,1,NQ,5,fixed_hold,0,0.0,26.75,26.55,0.0059564733568535835,27.25,2017-01-04,0.0014210312626878885,ENTERED,1.4736637181822658,0.0,2017
LONG,2017-01-06,4960.5,4960.25,2017-01-06,5004.5,5004.75,{},1,1,NQ,5,fixed_hold,0,0.0,44.0,43.8,0.006018756026139754,44.5,2017-01-05,0.00848792884371008,ENTERED,1.4584141035442988,0.0,2017
LONG,2017-01-09,5010.5,5010.25,2017-01-09,5016.5,5016.75,{},1,1,NQ,5,fixed_hold,0,0.0,6.0,5.8,0.006133511724790352,6.5,2017-01-06,0.02930741940459658,ENTERED,1.4307152509307868,0.0,2017
LONG,2017-01-10,5016.75,5016.5,2017-01-10,5031.75,5032.0,{},1,1,NQ,5,fixed_hold,0,0.0,15.0,14.8,0.005901249838064314,15.5,2017-01-09,0.026340016366611874,ENTERED,1.487025461931428,0.0,2017
LONG,2017-01-11,5032.25,5032.0,2017-01-11,5042.0,5042.25,{},1,1,NQ,5,fixed_hold,0,0.0,9.75,9.55,0.004988379167298936,10.25,2017-01-10,0.025996533795493937,ENTERED,1.7584036170728525,0.0,2017
LONG,2017-01-12,5042.5,5042.25,2017-01-12,5037.5,5037.75,{},1,1,NQ,5,fixed_hold,0,0.0,-5.0,-5.2,0.004954846173472672,-4.5,2017-01-11,0.022146766673423857,ENTERED,1.7703039941120169,0.0,2017
LONG,2017-01-13,5038.0,5037.75,2017-01-13,5060.25,5060.5,{},1,1,NQ,5,fixed_hold,0,0.0,22.25,22.05,0.004971073579797468,22.75,2017-01-12,0.015573026912609533,ENTERED,1.764093677145097,0.0,2017
LONG,2017-01-16,5051.0,5050.75,2017-01-16,5051.25,5051.5,{},1,1,NQ,5,fixed_hold,0,0.0,0.25,0.04999999999999999,0.004816471035104554,0.75,2017-01-13,0.011139417553324149,ENTERED,1.8207188223137303,0.0,2017
LONG,2017-01-17,5051.75,5051.5,2017-01-17,5041.5,5041.75,{},1,1,NQ,5,fixed_hold,0,0.0,-10.25,-10.45,0.0047733412270519705,-9.75,2017-01-16,0.006926795235959293,ENTERED,1.837120840208021,0.0,2017
LONG,2017-01-18,5041.75,5041.5,2017-01-18,5054.75,5055.0,{},1,1,NQ,5,fixed_hold,0,0.0,13.0,12.8,0.0048003436044823065,13.5,2017-01-17,0.0019375993640697864,ENTERED,1.8267868653096173,0.0,2017
LONG,2017-01-19,5055.25,5055.0,2017-01-19,5056.5,5056.75,{},1,1,NQ,5,fixed_hold,0,0.0,1.25,1.05,0.004775586391705574,1.75,2017-01-18,0.002528633050721263,ENTERED,1.8360579275707027,0.0,2017
LONG,2017-01-20,5057.25,5057.0,2017-01-20,5060.75,5061.0,{},1,1,NQ,5,fixed_hold,0,0.0,3.5,3.3,0.0046859851756590794,4.0,2017-01-19,0.0037715249863528033,ENTERED,1.8711653845675131,0.0,2017
LONG,2017-01-23,5045.0,5044.75,2017-01-23,5064.0,5064.25,{},1,1,NQ,5,fixed_hold,0,0.0,19.0,18.8,0.004686178283158029,19.5,2017-01-20,9.88044659619991e-05,ENTERED,1.869888604961225,0.0,2017
LONG,2017-01-24,5064.5,5064.25,2017-01-24,5103.0,5103.25,{},1,1,NQ,5,fixed_hold,0,0.0,38.5,38.3,0.004683848850358476,39.0,2017-01-23,0.002524002771454148,ENTERED,1.870818562350344,0.0,2017
LONG,2017-01-25,5103.75,5103.5,2017-01-25,5146.75,5147.0,{},1,1,NQ,5,fixed_hold,0,0.0,43.0,42.8,0.004864448807784947,43.5,2017-01-24,0.012198145485198708,ENTERED,1.799793477784576,0.0,2017
LONG,2017-01-26,5147.25,5147.0,2017-01-26,5143.75,5144.0,{},1,1,NQ,5,fixed_hold,0,0.0,-3.5,-3.7,0.004638057619995305,-3.0,2017-01-25,0.018199802176063207,ENTERED,1.887644344805955,0.0,2017
LONG,2017-01-27,5144.25,5144.0,2017-01-27,5164.75,5165.0,{},1,1,NQ,5,fixed_hold,0,0.0,20.5,20.3,0.004605091174587494,21.0,2017-01-26,0.017254165224699802,ENTERED,1.900109897624417,0.0,2017
LONG,2017-01-30,5146.75,5146.5,2017-01-30,5122.5,5122.75,{},1,1,NQ,5,fixed_hold,0,0.0,-24.25,-24.45,0.003288163935415329,-23.75,2017-01-27,0.02054929855759724,ENTERED,2.6611140722189424,0.0,2017
LONG,2017-01-31,5123.0,5122.75,2017-01-31,5126.75,5127.0,{},1,1,NQ,5,fixed_hold,0,0.0,3.75,3.55,0.004083832232897343,4.25,2017-01-30,0.011551562422866146,ENTERED,2.1420825656664233,0.0,2017
LONG,2017-02-01,5127.25,5127.0,2017-02-01,5140.5,5140.75,{},1,1,NQ,5,fixed_hold,0,0.0,13.25,13.05,0.004090055320741462,13.75,2017-01-31,0.00465389702640473,ENTERED,2.138823351076367,0.0,2017
SHORT,2017-02-02,5140.5,5140.75,2017-02-02,5129.25,5129.0,{},1,1,NQ,5,fixed_hold,0,0.0,11.25,11.05,0.00400477335056565,11.75,2017-02-01,-0.0012142995919952604,ENTERED,2.183807867290473,0.0,2017
SHORT,2017-02-03,5128.5,5128.75,2017-02-03,5158.25,5158.0,{},1,1,NQ,5,fixed_hold,0,0.0,-29.75,-29.95,0.004028595434827222,-29.25,2017-02-02,-0.0029160186625194484,ENTERED,2.1708944695896415,0.0,2017
SHORT,2017-02-06,5149.5,5149.75,2017-02-06,5159.25,5159.0,{},1,1,NQ,5,fixed_hold,0,0.0,-9.75,-9.95,0.0037780060593781734,-9.25,2017-02-03,-0.0013552758954500366,ENTERED,2.3111896506543395,0.0,2017
LONG,2017-02-07,5159.25,5159.0,2017-02-07,5174.75,5175.0,{},1,1,NQ,5,fixed_hold,0,0.0,15.5,15.3,0.0037830712926589737,16.0,2017-02-06,0.007076277390073882,ENTERED,2.308095150490028,0.0,2017
LONG,2017-02-08,5175.25,5175.0,2017-02-08,5190.25,5190.5,{},1,1,NQ,5,fixed_hold,0,0.0,15.0,14.8,0.003784495513386016,15.5,2017-02-07,0.009362200117027486,ENTERED,2.3061007999874845,0.0,2017
LONG,2017-02-09,5190.75,5190.5,2017-02-09,5211.75,5212.0,{},1,1,NQ,5,fixed_hold,0,0.0,21.0,20.8,0.003798903253382278,21.5,2017-02-08,0.009677576229149887,ENTERED,2.2973546702454835,0.0,2017
LONG,2017-02-10,5212.5,5212.25,2017-02-10,5227.0,5227.25,{},1,1,NQ,5,fixed_hold,0,0.0,14.5,14.3,0.0038018466581357124,15.0,2017-02-09,0.016182491713784497,ENTERED,2.2925258258136,0.0,2017
LONG,2017-02-13,5232.75,5232.5,2017-02-13,5258.5,5258.75,{},1,1,NQ,5,fixed_hold,0,0.0,25.75,25.55,0.0037564050859520614,26.25,2017-02-10,0.013425746413338935,ENTERED,2.3202587181436054,0.0,2017
LONG,2017-02-14,5258.75,5258.5,2017-02-14,5272.5,5272.75,{},1,1,NQ,5,fixed_hold,0,0.0,13.75,13.55,0.0037890344679868252,14.25,2017-02-13,0.019335142469470767,ENTERED,2.299717883985793,0.0,2017
LONG,2017-02-15,5273.0,5272.75,2017-02-15,5308.0,5308.25,{},1,1,NQ,5,fixed_hold,0,0.0,35.0,34.8,0.003674523419581831,35.5,2017-02-14,0.018888888888888955,ENTERED,2.371385165932494,0.0,2017
LONG,2017-02-16,5308.5,5308.25,2017-02-16,5297.25,5297.5,{},1,1,NQ,5,fixed_hold,0,0.0,-11.25,-11.45,0.003808986493174087,-10.75,2017-02-15,0.022685675753780776,ENTERED,2.286853826334965,0.0,2017
LONG,2017-02-17,5297.5,5297.25,2017-02-17,5328.25,5328.5,{},1,1,NQ,5,fixed_hold,0,0.0,30.75,30.55,0.003913528511421455,31.25,2017-02-16,0.016404451266308406,ENTERED,2.2257651403207834,0.0,2017
LONG,2017-02-20,5322.75,5322.5,2017-02-20,5338.25,5338.5,{},1,1,NQ,5,fixed_hold,0,0.0,15.5,15.3,0.003972747746008488,16.0,2017-02-17,0.01936964943325825,ENTERED,2.1920957268222523,0.0,2017
LONG,2017-02-21,5338.75,5338.5,2017-02-21,5344.5,5344.75,{},1,1,NQ,5,fixed_hold,0,0.0,5.75,5.55,0.0039504825711256355,6.25,2017-02-20,0.015165200855716598,ENTERED,2.204450519898518,0.0,2017
LONG,2017-02-22,5344.75,5344.5,2017-02-22,5351.25,5351.5,{},1,1,NQ,5,fixed_hold,0,0.0,6.5,6.3,0.003776899727483182,7.0,2017-02-21,0.013655113555544718,ENTERED,2.30549613245872,0.0,2017
LONG,2017-02-23,5351.5,5351.25,2017-02-23,5324.25,5324.5,{},1,1,NQ,5,fixed_hold,0,0.0,-27.25,-27.45,0.003482282650123729,-26.75,2017-02-22,0.008147694626288837,ENTERED,2.500551675231613,0.0,2017
LONG,2017-02-24,5325.0,5324.75,2017-02-24,5342.5,5342.75,{},1,1,NQ,5,fixed_hold,0,0.0,17.5,17.3,0.003783445441892051,18.0,2017-02-23,0.005096743747050381,ENTERED,2.3009860242053515,0.0,2017
LONG,2017-02-27,5349.5,5349.25,2017-02-27,5344.25,5344.5,{},1,1,NQ,5,fixed_hold,0,0.0,-5.25,-5.45,0.003764827350684061,-4.75,2017-02-24,0.0026742985830907617,ENTERED,2.3123650234731885,0.0,2017
LONG,2017-02-28,5345.0,5344.75,2017-02-28,5332.5,5332.75,{},1,1,NQ,5,fixed_hold,0,0.0,-12.5,-12.7,0.0029908167114377025,-12.0,2017-02-27,0.0011239112110144056,ENTERED,2.9098782286858262,0.0,2017
SHORT,2017-03-01,5332.5,5332.75,2017-03-01,5387.75,5387.5,{},1,1,NQ,5,fixed_hold,0,0.0,-55.25,-55.45,0.003133125442614204,-54.75,2017-02-28,-0.002245193881846852,ENTERED,2.7777095408413683,0.0,2017
LONG,2017-03-02,5387.5,5387.25,2017-03-02,5359.75,5360.0,{},1,1,NQ,5,fixed_hold,0,0.0,-27.75,-27.95,0.003641185566201757,-27.25,2017-03-01,0.006727085863776461,ENTERED,2.3885563295792953,0.0,2017
LONG,2017-03-03,5360.25,5360.0,2017-03-03,5372.5,5372.75,{},1,1,NQ,5,fixed_hold,0,0.0,12.25,12.05,0.0038770974690769794,12.75,2017-03-02,0.006667292703540051,ENTERED,2.2432185160912432,0.0,2017
LONG,2017-03-06,5349.0,5348.75,2017-03-06,5358.0,5358.25,{},1,1,NQ,5,fixed_hold,0,0.0,9.0,8.8,0.0037923081224244936,9.5,2017-03-03,0.005615085864021152,ENTERED,2.292683374845804,0.0,2017
LONG,2017-03-07,5358.0,5357.75,2017-03-07,5344.75,5345.0,{},1,1,NQ,5,fixed_hold,0,0.0,-13.25,-13.45,0.003919781141534597,-12.75,2017-03-06,0.002572738329123192,ENTERED,2.2181242958813296,0.0,2017
LONG,2017-03-08,5345.25,5345.0,2017-03-08,5363.75,5364.0,{},1,1,NQ,5,fixed_hold,0,0.0,18.5,18.3,0.00402685861922681,19.0,2017-03-07,0.0022971262481832344,ENTERED,2.158733949305505,0.0,2017
SHORT,2017-03-09,5363.75,5364.0,2017-03-09,5372.0,5371.75,{},1,1,NQ,5,fixed_hold,0,0.0,-8.25,-8.45,0.004038804638912618,-7.75,2017-03-08,-0.0043619489559165725,ENTERED,2.152348822873203,0.0,2017
LONG,2017-03-10,5371.5,5371.25,2017-03-10,5381.75,5382.0,{},1,1,NQ,5,fixed_hold,0,0.0,10.25,10.05,0.00399612234418853,10.75,2017-03-09,0.0021921641791042834,ENTERED,2.1751357056174356,0.0,2017
LONG,2017-03-13,5377.75,5377.5,2017-03-13,5397.5,5397.75,{},1,1,NQ,5,fixed_hold,0,0.0,19.75,19.55,0.003983713080943499,20.25,2017-03-10,0.0017216509236424038,ENTERED,2.1819112517012615,0.0,2017
LONG,2017-03-14,5397.75,5397.5,2017-03-14,5385.25,5385.5,{},1,1,NQ,5,fixed_hold,0,0.0,-12.5,-12.7,0.0038552454423975767,-12.0,2017-03-13,0.007371809825969411,ENTERED,2.2545324360980605,0.0,2017
LONG,2017-03-15,5385.75,5385.5,2017-03-15,5421.5,5421.75,{},1,1,NQ,5,fixed_hold,0,0.0,35.75,35.55,0.003921509273364261,36.25,2017-03-14,0.007577174929841002,ENTERED,2.216436400658536,0.0,2017
LONG,2017-03-16,5422.25,5422.0,2017-03-16,5413.75,5414.0,{},1,1,NQ,5,fixed_hold,0,0.0,-8.5,-8.7,0.003921380557199483,-8.0,2017-03-15,0.010766219239373376,ENTERED,2.215635073333107,0.0,2017
LONG,2017-03-17,5414.25,5414.0,2017-03-17,5409.0,5409.25,{},1,1,NQ,5,fixed_hold,0,0.0,-5.25,-5.45,0.003898865469797083,-4.75,2017-03-16,0.007865220831200004,ENTERED,2.228429876773841,0.0,2017
LONG,2017-03-20,5406.5,5406.25,2017-03-20,5416.0,5416.25,{},1,1,NQ,5,fixed_hold,0,0.0,9.5,9.3,0.003754483755879584,10.0,2017-03-17,0.005063173541434596,ENTERED,2.312912679754894,0.0,2017
LONG,2017-03-21,5416.75,5416.5,2017-03-21,5330.75,5331.0,{},1,1,NQ,5,fixed_hold,0,0.0,-86.0,-86.2,0.0037476090432123346,-85.5,2017-03-20,0.0034273539900882,ENTERED,2.317155547651307,0.0,2017
SHORT,2017-03-22,5330.5,5330.75,2017-03-22,5376.25,5376.0,{},1,1,NQ,5,fixed_hold,0,0.0,-45.75,-45.95,0.005249562061242638,-45.25,2017-03-21,-0.010119766038436562,ENTERED,1.6538634723487171,0.0,2017
SHORT,2017-03-23,5375.5,5375.75,2017-03-23,5362.5,5362.25,{},1,1,NQ,5,fixed_hold,0,0.0,13.0,12.8,0.005583542154702019,13.5,2017-03-22,-0.008438234887259921,ENTERED,1.5549374748797218,0.0,2017
SHORT,2017-03-24,5362.0,5362.25,2017-03-24,5373.25,5373.0,{},1,1,NQ,5,fixed_hold,0,0.0,-11.25,-11.45,0.0054863929924801585,-10.75,2017-03-23,-0.009558551902475232,ENTERED,1.5801115127614764,0.0,2017
SHORT,2017-03-27,5347.75,5348.0,2017-03-27,5388.0,5387.75,{},1,1,NQ,5,fixed_hold,0,0.0,-40.25,-40.45,0.005453755480559207,-39.75,2017-03-24,-0.006701483569811151,ENTERED,1.5895675487935312,0.0,2017
SHORT,2017-03-28,5387.25,5387.5,2017-03-28,5411.5,5411.25,{},1,1,NQ,5,fixed_hold,0,0.0,-24.25,-24.45,0.005481204571710848,-23.75,2017-03-27,-0.005261943226402166,ENTERED,1.5797479708070183,0.0,2017
LONG,2017-03-29,5411.75,5411.5,2017-03-29,5437.0,5437.25,{},1,1,NQ,5,fixed_hold,0,0.0,25.25,25.05,0.00551262487510448,25.75,2017-03-28,0.015053460889138837,ENTERED,1.5707438826180338,0.0,2017
LONG,2017-03-30,5437.5,5437.25,2017-03-30,5435.0,5435.25,{},1,1,NQ,5,fixed_hold,0,0.0,-2.5,-2.7,0.005138721287791503,-2.0,2017-03-29,0.011393229166666519,ENTERED,1.6847295320611728,0.0,2017
LONG,2017-03-31,5435.5,5435.25,2017-03-31,5435.5,5435.75,{},1,1,NQ,5,fixed_hold,0,0.0,0.0,-0.2,0.0049747099807738,0.5,2017-03-30,0.013613688283835801,ENTERED,1.7402734117230172,0.0,2017
LONG,2017-04-03,5441.25,5441.0,2017-04-03,5432.5,5432.75,{},1,1,NQ,5,fixed_hold,0,0.0,-8.75,-8.95,0.004960575527054591,-8.25,2017-03-31,0.011678764191326962,ENTERED,1.7440000441764067,0.0,2017
LONG,2017-04-04,5432.75,5432.5,2017-04-04,5445.5,5445.75,{},1,1,NQ,5,fixed_hold,0,0.0,12.75,12.55,0.0049085079055525465,13.25,2017-04-03,0.008352280636629184,ENTERED,1.7624997463154226,0.0,2017
LONG,2017-04-05,5446.0,5445.75,2017-04-05,5411.25,5411.5,{},1,1,NQ,5,fixed_hold,0,0.0,-34.75,-34.95,0.004863235163063806,-34.25,2017-04-04,0.006375606375606413,ENTERED,1.778389969234452,0.0,2017
SHORT,2017-04-06,5411.0,5411.25,2017-04-06,5423.0,5422.75,{},1,1,NQ,5,fixed_hold,0,0.0,-12.0,-12.2,0.0050786328959400865,-11.5,2017-04-05,-0.004735849924134339,ENTERED,1.7029639293154726,0.0,2017
SHORT,2017-04-07,5422.75,5423.0,2017-04-07,5421.0,5420.75,{},1,1,NQ,5,fixed_hold,0,0.0,1.75,1.55,0.005087121059154047,2.25,2017-04-06,-0.002299802217009539,ENTERED,1.6986273447451476,0.0,2017
SHORT,2017-04-10,5421.25,5421.5,2017-04-10,5422.75,5422.5,{},1,1,NQ,5,fixed_hold,0,0.0,-1.5,-1.7,0.005079066216144051,-1.0,2017-04-07,-0.002759508807432476,ENTERED,1.701321181764031,0.0,2017
SHORT,2017-04-11,5422.0,5422.25,2017-04-11,5397.5,5397.25,{},1,1,NQ,5,fixed_hold,0,0.0,24.5,24.3,0.005043364491321906,25.0,2017-04-10,-0.0018867056279049388,ENTERED,1.7130197176876754,0.0,2017
SHORT,2017-04-12,5396.75,5397.0,2017-04-12,5372.0,5371.75,{},1,1,NQ,5,fixed_hold,0,0.0,24.75,24.55,0.0051333425706648825,25.25,2017-04-11,-0.008906027636230274,ENTERED,1.6829936241721162,0.0,2017
SHORT,2017-04-13,5371.5,5371.75,2017-04-13,5357.75,5357.5,{},1,1,NQ,5,fixed_hold,0,0.0,13.75,13.55,0.004994267059227296,14.25,2017-04-12,-0.007345467984847254,ENTERED,1.729375082041561,0.0,2017
SHORT,2017-04-17,5352.5,5352.75,2017-04-17,5397.25,5397.0,{},1,1,NQ,5,fixed_hold,0,0.0,-44.75,-44.95,0.005014329030445005,-44.25,2017-04-13,-0.012032640265548067,ENTERED,1.7224559762330096,0.0,2017
SHORT,2017-04-18,5396.75,5397.0,2017-04-18,5395.25,5395.0,{},1,1,NQ,5,fixed_hold,0,0.0,1.5,1.3,0.005313176380405365,2.0,2017-04-17,-0.004381312549001648,ENTERED,1.625316384218048,0.0,2017
SHORT,2017-04-19,5394.5,5394.75,2017-04-19,5399.75,5399.5,{},1,1,NQ,5,fixed_hold,0,0.0,-5.25,-5.45,0.0053032193688877195,-4.75,2017-04-18,-0.005071461502996977,ENTERED,1.6283679822817487,0.0,2017
LONG,2017-04-20,5399.5,5399.25,2017-04-20,5447.25,5447.5,{},1,1,NQ,5,fixed_hold,0,0.0,47.75,47.55,0.0038364779032381063,48.25,2017-04-19,0.00041687896614006625,ENTERED,2.249432012232816,0.0,2017
LONG,2017-04-21,5447.75,5447.5,2017-04-21,5435.75,5436.0,{},1,1,NQ,5,fixed_hold,0,0.0,-12.0,-12.2,0.0038854436730820473,-11.5,2017-04-20,0.014101549774282018,ENTERED,2.2210838544783593,0.0,2017
LONG,2017-04-24,5488.0,5487.75,2017-04-24,5500.25,5500.5,{},1,1,NQ,5,fixed_hold,0,0.0,12.25,12.05,0.0038671700797601027,12.75,2017-04-21,0.014652356509565756,ENTERED,2.231502110065056,0.0,2017
LONG,2017-04-25,5500.5,5500.25,2017-04-25,5546.5,5546.75,{},1,1,NQ,5,fixed_hold,0,0.0,46.0,45.8,0.00387352061433639,46.5,2017-04-24,0.00956638248983932,ENTERED,2.2278436213882236,0.0,2017
LONG,2017-04-26,5547.25,5547.0,2017-04-26,5538.25,5538.5,{},1,1,NQ,5,fixed_hold,0,0.0,-9.0,-9.2,0.00422174928534557,-8.5,2017-04-25,0.01843255318558712,ENTERED,2.0434304716928846,0.0,2017
LONG,2017-04-27,5538.5,5538.25,2017-04-27,5587.75,5588.0,{},1,1,NQ,5,fixed_hold,0,0.0,49.25,49.05,0.0041782093923661235,49.75,2017-04-26,0.0160702699720765,ENTERED,2.06472446050326,0.0,2017
LONG,2017-04-28,5588.5,5588.25,2017-04-28,5580.75,5581.0,{},1,1,NQ,5,fixed_hold,0,0.0,-7.75,-7.95,0.004483117321886309,-7.25,2017-04-27,0.016118335575278753,ENTERED,1.9233321240156458,0.0,2017
LONG,2017-05-01,5579.0,5578.75,2017-05-01,5631.0,5631.25,{},1,1,NQ,5,fixed_hold,0,0.0,52.0,51.8,0.004500656778516805,52.5,2017-04-28,0.016992392146143676,ENTERED,1.9158367290021365,0.0,2017
LONG,2017-05-02,5631.0,5630.75,2017-05-02,5624.25,5624.5,{},1,1,NQ,5,fixed_hold,0,0.0,-6.75,-6.95,0.004848408031977142,-6.25,2017-05-01,0.023770566312153685,ENTERED,1.778298706980599,0.0,2017
LONG,2017-05-03,5624.75,5624.5,2017-05-03,5619.75,5620.0,{},1,1,NQ,5,fixed_hold,0,0.0,-5.0,-5.2,0.004863577899162086,-4.5,2017-05-02,0.01401721728940375,ENTERED,1.7727520588628212,0.0,2017
LONG,2017-05-04,5620.0,5619.75,2017-05-04,5623.75,5624.0,{},1,1,NQ,5,fixed_hold,0,0.0,3.75,3.55,0.0048772538386339616,4.25,2017-05-03,0.01471517558905866,ENTERED,1.7677468991359588,0.0,2017
LONG,2017-05-05,5624.25,5624.0,2017-05-05,5648.75,5649.0,{},1,1,NQ,5,fixed_hold,0,0.0,24.5,24.3,0.004558863106988942,25.0,2017-05-04,0.006442376521116788,ENTERED,1.8912062387498776,0.0,2017
LONG,2017-05-08,5644.0,5643.75,2017-05-08,5654.0,5654.25,{},1,1,NQ,5,fixed_hold,0,0.0,10.0,9.8,0.004606150702776416,10.5,2017-05-05,0.012184196380576884,ENTERED,1.8717581557057255,0.0,2017
LONG,2017-05-09,5654.5,5654.25,2017-05-09,5669.0,5669.25,{},1,1,NQ,5,fixed_hold,0,0.0,14.5,14.3,0.004586327689784371,15.0,2017-05-08,0.004084350721420327,ENTERED,1.8798482636849623,0.0,2017
LONG,2017-05-10,5669.25,5669.0,2017-05-10,5674.0,5674.25,{},1,1,NQ,5,fixed_hold,0,0.0,4.75,4.55,0.004580531898719661,5.25,2017-05-09,0.00795626277891337,ENTERED,1.881883509806401,0.0,2017
LONG,2017-05-11,5674.5,5674.25,2017-05-11,5669.75,5670.0,{},1,1,NQ,5,fixed_hold,0,0.0,-4.75,-4.95,0.004332736414948922,-4.25,2017-05-10,0.009653024911031816,ENTERED,1.9895111589529628,0.0,2017
LONG,2017-05-12,5670.25,5670.0,2017-05-12,5689.25,5689.5,{},1,1,NQ,5,fixed_hold,0,0.0,19.0,18.8,0.004090491830911668,19.5,2017-05-11,0.008179231863441938,ENTERED,2.105926169791661,0.0,2017
LONG,2017-05-15,5691.25,5691.0,2017-05-15,5704.0,5704.25,{},1,1,NQ,5,fixed_hold,0,0.0,12.75,12.55,0.003930801066294466,13.25,2017-05-12,0.007169410515134977,ENTERED,2.1914804765626292,0.0,2017
LONG,2017-05-16,5704.5,5704.25,2017-05-16,5701.25,5701.5,{},1,1,NQ,5,fixed_hold,0,0.0,-3.25,-3.45,0.0037634352373500488,-2.75,2017-05-15,0.008842905778838617,ENTERED,2.286886432021166,0.0,2017
LONG,2017-05-17,5701.5,5701.25,2017-05-17,5589.5,5589.75,{},1,1,NQ,5,fixed_hold,0,0.0,-112.0,-112.2,0.003767686759761494,-111.5,2017-05-16,0.00568858314591858,ENTERED,2.28430587011724,0.0,2017
SHORT,2017-05-18,5589.75,5590.0,2017-05-18,5633.0,5632.75,{},1,1,NQ,5,fixed_hold,0,0.0,-43.25,-43.45,0.006182477462718597,-42.75,2017-05-17,-0.014891835925452956,ENTERED,1.3918489372823821,0.0,2017
SHORT,2017-05-19,5632.0,5632.25,2017-05-19,5655.5,5655.25,{},1,1,NQ,5,fixed_hold,0,0.0,-23.5,-23.7,0.0061102692059206475,-23.0,2017-05-18,-0.006569664902998262,ENTERED,1.408297146371084,0.0,2017
SHORT,2017-05-22,5657.25,5657.5,2017-05-22,5690.25,5690.0,{},1,1,NQ,5,fixed_hold,0,0.0,-33.0,-33.2,0.006087729928850436,-32.5,2017-05-19,-0.006019861147728123,ENTERED,1.4129465342274483,0.0,2017
SHORT,2017-05-23,5690.0,5690.25,2017-05-23,5709.5,5709.25,{},1,1,NQ,5,fixed_hold,0,0.0,-19.5,-19.7,0.006173563765906435,-19.0,2017-05-22,-0.002498137353727503,ENTERED,1.393301702297878,0.0,2017
LONG,2017-05-24,5709.5,5709.25,2017-05-24,5735.0,5735.25,{},1,1,NQ,5,fixed_hold,0,0.0,25.5,25.3,0.0059861521583782305,26.0,2017-05-23,0.0013592914145399426,ENTERED,1.4359121976647349,0.0,2017
LONG,2017-05-25,5735.75,5735.5,2017-05-25,5783.5,5783.75,{},1,1,NQ,5,fixed_hold,0,0.0,47.75,47.55,0.005981919423496778,48.25,2017-05-24,0.026029786663088528,ENTERED,1.4369282320201768,0.0,2017
LONG,2017-05-26,5783.75,5783.5,2017-05-26,5795.25,5795.5,{},1,1,NQ,5,fixed_hold,0,0.0,11.5,11.3,0.0059524577301213605,12.0,2017-05-25,0.026807509653366424,ENTERED,1.4437847724609092,0.0,2017
LONG,2017-05-29,5798.75,5798.5,2017-05-29,5793.25,5793.5,{},1,1,NQ,5,fixed_hold,0,0.0,-5.5,-5.7,0.005910708479040149,-5.0,2017-05-26,0.02479996463463152,ENTERED,1.453982692589511,0.0,2017
LONG,2017-05-30,5794.0,5793.75,2017-05-30,5795.0,5795.25,{},1,1,NQ,5,fixed_hold,0,0.0,1.0,0.8,0.00568505989189378,1.5,2017-05-29,0.018189806678383214,ENTERED,1.5110338359849234,0.0,2017
LONG,2017-05-31,5795.5,5795.25,2017-05-31,5800.5,5800.75,{},1,1,NQ,5,fixed_hold,0,0.0,5.0,4.8,0.0056582855650754126,5.5,2017-05-30,0.015063274510662694,ENTERED,1.5181838663771652,0.0,2017
LONG,2017-06-01,5801.0,5800.75,2017-06-01,5823.25,5823.5,{},1,1,NQ,5,fixed_hold,0,0.0,22.25,22.05,0.005634138216219881,22.75,2017-05-31,0.011420600671287362,ENTERED,1.5170120167187229,0.0,2017
LONG,2017-06-02,5823.75,5823.5,2017-06-02,5885.0,5885.25,{},1,1,NQ,5,fixed_hold,0,0.0,61.25,61.05,0.005653218292391443,61.75,2017-06-01,0.006872703695699034,ENTERED,1.511891976533626,0.0,2017
LONG,2017-06-05,5878.25,5878.0,2017-06-05,5882.5,5882.75,{},1,1,NQ,5,fixed_hold,0,0.0,4.25,4.05,0.005966238993837068,4.75,2017-06-02,0.015486153049780071,ENTERED,1.432232229598982,0.0,2017
LONG,2017-06-06,5883.0,5882.75,2017-06-06,5865.5,5865.75,{},1,1,NQ,5,fixed_hold,0,0.0,-17.5,-17.7,0.005987482833272124,-17.0,2017-06-05,0.01540519547769037,ENTERED,1.4271506097653124,0.0,2017
LONG,2017-06-07,5866.0,5865.75,2017-06-07,5879.25,5879.5,{},1,1,NQ,5,fixed_hold,0,0.0,13.25,13.05,0.006083179669823085,13.75,2017-06-06,0.012165135240067348,ENTERED,1.4029061886253165,0.0,2017
LONG,2017-06-08,5879.75,5879.5,2017-06-08,5872.5,5872.75,{},1,1,NQ,5,fixed_hold,0,0.0,-7.25,-7.45,0.006081328105216317,-6.75,2017-06-07,0.01357583071154611,ENTERED,1.4033333274674464,0.0,2017
LONG,2017-06-09,5873.25,5873.0,2017-06-09,5737.0,5737.25,{},1,1,NQ,5,fixed_hold,0,0.0,-136.25,-136.45,0.006090764862192727,-135.75,2017-06-08,0.008457113419764628,ENTERED,1.401050727183181,0.0,2017
SHORT,2017-06-12,5741.5,5741.75,2017-06-12,5722.75,5722.5,{},1,1,NQ,5,fixed_hold,0,0.0,18.75,18.55,0.008221908574260145,19.25,2017-06-09,-0.02514761479971117,ENTERED,1.0378941169441036,0.0,2017
SHORT,2017-06-13,5722.25,5722.5,2017-06-13,5761.75,5761.5,{},1,1,NQ,5,fixed_hold,0,0.0,-39.5,-39.7,0.008232165430295089,-39.0,2017-06-12,-0.027240661255365062,ENTERED,1.0365919597902598,0.0,2017
SHORT,2017-06-14,5761.5,5761.75,2017-06-14,5712.0,5711.75,{},1,1,NQ,5,fixed_hold,0,0.0,49.5,49.3,0.008361406303885939,50.0,2017-06-13,-0.017772663342283224,ENTERED,1.0205695294033663,0.0,2017
SHORT,2017-06-15,5711.5,5711.75,2017-06-15,5709.0,5708.75,{},1,1,NQ,5,fixed_hold,0,0.0,2.5,2.3,0.007256640972145362,3.0,2017-06-14,-0.02853133769878391,ENTERED,1.1758236803895432,0.0,2017
SHORT,2017-06-16,5708.75,5709.0,2017-06-16,5692.0,5691.75,{},1,1,NQ,5,fixed_hold,0,0.0,16.75,16.55,0.007094873214944612,17.25,2017-06-15,-0.0279255885232641,ENTERED,1.202633230592567,0.0,2017
SHORT,2017-06-19,5691.25,5691.5,2017-06-19,5777.0,5776.75,{},1,1,NQ,5,fixed_hold,0,0.0,-85.75,-85.95,0.007095484952376007,-85.25,2017-06-16,-0.007930628785567828,ENTERED,1.2020112977012172,0.0,2017
LONG,2017-06-20,5777.0,5776.75,2017-06-20,5731.5,5731.75,{},1,1,NQ,5,fixed_hold,0,0.0,-45.5,-45.7,0.007718379455233719,-45.0,2017-06-19,0.00948012232415918,ENTERED,1.1050056718371957,0.0,2017
SHORT,2017-06-21,5731.5,5731.75,2017-06-21,5791.75,5791.5,{},1,1,NQ,5,fixed_hold,0,0.0,-60.25,-60.45,0.007922109358276905,-59.75,2017-06-20,-0.0051635858717348215,ENTERED,1.075405296869507,0.0,2017
LONG,2017-06-22,5792.0,5791.75,2017-06-22,5791.0,5791.25,{},1,1,NQ,5,fixed_hold,0,0.0,-1.0,-1.2,0.008194932592674557,-0.5,2017-06-21,0.013962445835339565,ENTERED,1.039603226741124,0.0,2017
LONG,2017-06-23,5791.5,5791.25,2017-06-23,5805.25,5805.5,{},1,1,NQ,5,fixed_hold,0,0.0,13.75,13.55,0.007979253995995386,14.25,2017-06-22,0.014451499890518749,ENTERED,1.0667703758549054,0.0,2017
LONG,2017-06-26,5804.25,5804.0,2017-06-26,5779.75,5780.0,{},1,1,NQ,5,fixed_hold,0,0.0,-24.5,-24.7,0.00798530856684663,-24.0,2017-06-23,0.01998506610444961,ENTERED,1.0659615358747652,0.0,2017
LONG,2017-06-27,5780.75,5780.5,2017-06-27,5670.25,5670.5,{},1,1,NQ,5,fixed_hold,0,0.0,-110.5,-110.7,0.008048657485295232,-110.0,2017-06-26,0.0005626000778986562,ENTERED,1.0574620432542499,0.0,2017
SHORT,2017-06-28,5670.25,5670.5,2017-06-28,5772.25,5772.0,{},1,1,NQ,5,fixed_hold,0,0.0,-102.0,-102.2,0.009083885718265202,-101.5,2017-06-27,-0.010686090635495193,ENTERED,0.9370474319414205,0.0,2017
SHORT,2017-06-29,5771.75,5772.0,2017-06-29,5645.5,5645.25,{},1,1,NQ,5,fixed_hold,0,0.0,126.25,126.05,0.010022302808111923,126.75,2017-06-28,-0.0033670033670031296,ENTERED,0.8493089809120739,0.0,2017
SHORT,2017-06-30,5645.0,5645.25,2017-06-30,5657.75,5657.5,{},1,1,NQ,5,fixed_hold,0,0.0,-12.75,-12.95,0.011077354650843366,-12.25,2017-06-29,-0.025210446794733277,ENTERED,0.7690896098214072,0.0,2017
SHORT,2017-07-03,5664.75,5665.0,2017-07-03,5589.25,5589.0,{},1,1,NQ,5,fixed_hold,0,0.0,75.5,75.3,0.010748204877874139,76.0,2017-06-30,-0.025493066919300422,ENTERED,0.792641977248532,0.0,2017
SHORT,2017-07-04,5589.0,5589.25,2017-07-04,5577.25,5577.0,{},1,1,NQ,5,fixed_hold,0,0.0,11.75,11.55,0.010977901721926062,12.25,2017-07-03,-0.03304498269896183,ENTERED,0.7769110428808398,0.0,2017
SHORT,2017-07-05,5577.0,5577.25,2017-07-05,5650.25,5650.0,{},1,1,NQ,5,fixed_hold,0,0.0,-73.25,-73.45,0.010977771533215696,-72.75,2017-07-04,-0.016488845780795236,ENTERED,0.776920256503699,0.0,2017
SHORT,2017-07-06,5649.5,5649.75,2017-07-06,5602.5,5602.25,{},1,1,NQ,5,fixed_hold,0,0.0,47.0,46.8,0.01147703091998512,47.5,2017-07-05,-0.021136521136521202,ENTERED,0.7434440452953466,0.0,2017
SHORT,2017-07-07,5601.25,5601.5,2017-07-07,5657.5,5657.25,{},1,1,NQ,5,fixed_hold,0,0.0,-56.25,-56.45,0.011566807596288984,-55.75,2017-07-06,-0.007617023161064607,ENTERED,0.7376737465461974,0.0,2017
SHORT,2017-07-10,5663.0,5663.25,2017-07-10,5698.25,5698.0,{},1,1,NQ,5,fixed_hold,0,0.0,-35.25,-35.45,0.010767135550483817,-34.75,2017-07-07,-4.41891294741259e-05,ENTERED,0.79254101118136,0.0,2017
LONG,2017-07-11,5698.0,5697.75,2017-07-11,5718.5,5718.75,{},1,1,NQ,5,fixed_hold,0,0.0,20.5,20.3,0.010896242205374626,21.0,2017-07-10,0.019502594381821448,ENTERED,0.7831504050541455,0.0,2017
LONG,2017-07-12,5719.25,5719.0,2017-07-12,5791.0,5791.25,{},1,1,NQ,5,fixed_hold,0,0.0,71.75,71.55,0.01081213220363718,72.25,2017-07-11,0.025416890801505998,ENTERED,0.789249555828243,0.0,2017
LONG,2017-07-13,5791.25,5791.0,2017-07-13,5798.75,5799.0,{},1,1,NQ,5,fixed_hold,0,0.0,7.5,7.3,0.010997819967723584,8.0,2017-07-12,0.02499999999999969,ENTERED,0.7759238252963703,0.0,2017
LONG,2017-07-14,5799.25,5799.0,2017-07-14,5846.75,5847.0,{},1,1,NQ,5,fixed_hold,0,0.0,47.5,47.3,0.010994350019807001,48.0,2017-07-13,0.035119817930295616,ENTERED,0.7762287347537373,0.0,2017
LONG,2017-07-17,5848.5,5848.25,2017-07-17,5856.75,5857.0,{},1,1,NQ,5,fixed_hold,0,0.0,8.25,8.05,0.011076276679230126,8.75,2017-07-14,0.033541031419859424,ENTERED,0.7704872903109615,0.0,2017
LONG,2017-07-18,5857.25,5857.0,2017-07-18,5892.25,5892.5,{},1,1,NQ,5,fixed_hold,0,0.0,35.0,34.8,0.010611091652486117,35.5,2017-07-17,0.027904527904527576,ENTERED,0.8052931834267587,0.0,2017
LONG,2017-07-19,5892.5,5892.25,2017-07-19,5921.0,5921.25,{},1,1,NQ,5,fixed_hold,0,0.0,28.5,28.3,0.010475965263825776,29.0,2017-07-18,0.03038251366120215,ENTERED,0.8156804228790504,0.0,2017
LONG,2017-07-20,5921.25,5921.0,2017-07-20,5919.5,5919.75,{},1,1,NQ,5,fixed_hold,0,0.0,-1.75,-1.95,0.01029741926241201,-1.25,2017-07-19,0.02244765810489935,ENTERED,0.8300191688861793,0.0,2017
LONG,2017-07-21,5920.25,5920.0,2017-07-21,5922.75,5923.0,{},1,1,NQ,5,fixed_hold,0,0.0,2.5,2.3,0.010298817683200614,3.0,2017-07-20,0.020822555613036142,ENTERED,0.8299064650694485,0.0,2017
LONG,2017-07-24,5917.25,5917.0,2017-07-24,5927.75,5928.0,{},1,1,NQ,5,fixed_hold,0,0.0,10.5,10.3,0.010294868999965958,11.0,2017-07-21,0.012998118693346772,ENTERED,0.834427116681203,0.0,2017
LONG,2017-07-25,5928.5,5928.25,2017-07-25,5935.5,5935.75,{},1,1,NQ,5,fixed_hold,0,0.0,7.0,6.8,0.01021537441077065,7.5,2017-07-24,0.012122246884070265,ENTERED,0.840920509697132,0.0,2017
LONG,2017-07-26,5936.25,5936.0,2017-07-26,5968.25,5968.5,{},1,1,NQ,5,fixed_hold,0,0.0,32.0,31.8,0.009037276037843914,32.5,2017-07-25,0.007339838778107843,ENTERED,0.9509577657557969,0.0,2017
LONG,2017-07-27,5968.75,5968.5,2017-07-27,5891.0,5891.25,{},1,1,NQ,5,fixed_hold,0,0.0,-77.75,-77.95,0.008309119794678205,-77.25,2017-07-26,0.007979734008866313,ENTERED,1.0338420998279731,0.0,2017
SHORT,2017-07-28,5891.0,5891.25,2017-07-28,5913.25,5913.0,{},1,1,NQ,5,fixed_hold,0,0.0,-22.25,-22.45,0.0071164042742902335,-21.75,2017-07-27,-0.0048143924996834064,ENTERED,1.207114931242304,0.0,2017
SHORT,2017-07-31,5904.0,5904.25,2017-07-31,5881.75,5881.5,{},1,1,NQ,5,fixed_hold,0,0.0,22.25,22.05,0.007124659797560104,22.75,2017-07-28,-0.0016883336147220929,ENTERED,1.199643999954462,0.0,2017
SHORT,2017-08-01,5881.25,5881.5,2017-08-01,5934.5,5934.25,{},1,1,NQ,5,fixed_hold,0,0.0,-53.25,-53.45,0.006543880838162394,-52.75,2017-07-31,-0.007844129554655632,ENTERED,1.3061141529373987,0.0,2017
SHORT,2017-08-02,5934.25,5934.5,2017-08-02,5910.25,5910.0,{},1,1,NQ,5,fixed_hold,0,0.0,24.0,23.8,0.006593650494866169,24.5,2017-08-01,-0.00025270606073346524,ENTERED,1.2959497600178895,0.0,2017
SHORT,2017-08-03,5909.75,5910.0,2017-08-03,5885.5,5885.25,{},1,1,NQ,5,fixed_hold,0,0.0,24.25,24.05,0.006341933148670867,24.75,2017-08-02,-0.009801457652676482,ENTERED,1.3473872360597978,0.0,2017
SHORT,2017-08-04,5885.0,5885.25,2017-08-04,5897.25,5897.0,{},1,1,NQ,5,fixed_hold,0,0.0,-12.25,-12.45,0.006026345534601991,-11.75,2017-08-03,-0.0010184595798852225,ENTERED,1.4161369201804574,0.0,2017
SHORT,2017-08-07,5904.75,5905.0,2017-08-07,5935.0,5934.75,{},1,1,NQ,5,fixed_hold,0,0.0,-30.25,-30.45,0.005773918269005228,-29.75,2017-08-04,-0.0027059022492811335,ENTERED,1.4780483560230298,0.0,2017
LONG,2017-08-08,5935.0,5934.75,2017-08-08,5901.0,5901.25,{},1,1,NQ,5,fixed_hold,0,0.0,-34.0,-34.2,0.005739259720144672,-33.5,2017-08-07,0.009053812802856553,ENTERED,1.4868590994975532,0.0,2017
SHORT,2017-08-09,5901.0,5901.25,2017-08-09,5920.0,5919.75,{},1,1,NQ,5,fixed_hold,0,0.0,-19.0,-19.2,0.005974798637266452,-18.5,2017-08-08,-0.0055609386190337284,ENTERED,1.4282440392302593,0.0,2017
LONG,2017-08-10,5919.75,5919.5,2017-08-10,5774.0,5774.25,{},1,1,NQ,5,fixed_hold,0,0.0,-145.75,-145.95,0.005395631307289922,-145.25,2017-08-09,0.0016497461928932644,ENTERED,1.5815381019785255,0.0,2017
SHORT,2017-08-11,5773.75,5774.0,2017-08-11,5837.5,5837.25,{},1,1,NQ,5,fixed_hold,0,0.0,-63.75,-63.95,0.007879052498431285,-63.25,2017-08-10,-0.0188607110997836,ENTERED,1.083048564330065,0.0,2017
SHORT,2017-08-14,5861.75,5862.0,2017-08-14,5921.75,5921.5,{},1,1,NQ,5,fixed_hold,0,0.0,-60.0,-60.2,0.008048073876416201,-59.5,2017-08-11,-0.010132270646091346,ENTERED,1.0601953245157136,0.0,2017
SHORT,2017-08-15,5921.5,5921.75,2017-08-15,5906.0,5905.75,{},1,1,NQ,5,fixed_hold,0,0.0,15.5,15.3,0.008673280540669044,16.0,2017-08-14,-0.00223261299970523,ENTERED,0.9838718414207964,0.0,2017
LONG,2017-08-16,5906.0,5905.75,2017-08-16,5908.75,5909.0,{},1,1,NQ,5,fixed_hold,0,0.0,2.75,2.55,0.008602342923223549,3.25,2017-08-15,0.0007625503071382322,ENTERED,0.9919851571680314,0.0,2017
SHORT,2017-08-17,5908.75,5909.0,2017-08-17,5794.25,5794.0,{},1,1,NQ,5,fixed_hold,0,0.0,114.5,114.3,0.008531195683506522,115.0,2017-08-16,-0.0018159550656700052,ENTERED,1.0002579724205538,0.0,2017
LONG,2017-08-18,5794.5,5794.25,2017-08-18,5796.75,5797.0,{},1,1,NQ,5,fixed_hold,0,0.0,2.25,2.05,0.009570935686436039,2.75,2017-08-17,0.0034203576222020526,ENTERED,0.8915948007884716,0.0,2017
SHORT,2017-08-21,5807.25,5807.5,2017-08-21,5800.0,5799.75,{},1,1,NQ,5,fixed_hold,0,0.0,7.25,7.05,0.009570667171376484,7.75,2017-08-18,-0.006895370251402633,ENTERED,0.891627551817746,0.0,2017
SHORT,2017-08-22,5799.75,5800.0,2017-08-22,5880.25,5880.0,{},1,1,NQ,5,fixed_hold,0,0.0,-80.5,-80.7,0.009567211008728916,-80.0,2017-08-21,-0.020560668749472266,ENTERED,0.8919496529857168,0.0,2017
SHORT,2017-08-23,5879.75,5880.0,2017-08-23,5832.75,5832.5,{},1,1,NQ,5,fixed_hold,0,0.0,47.0,46.8,0.01012368391463897,47.5,2017-08-22,-0.004360157473648596,ENTERED,0.84298665162531,0.0,2017
SHORT,2017-08-24,5832.5,5832.75,2017-08-24,5843.5,5843.25,{},1,1,NQ,5,fixed_hold,0,0.0,-11.0,-11.2,0.010160213035028086,-10.5,2017-08-23,-0.012946353020815704,ENTERED,0.8399558528834454,0.0,2017
LONG,2017-08-25,5843.75,5843.5,2017-08-25,5825.0,5825.25,{},1,1,NQ,5,fixed_hold,0,0.0,-18.75,-18.95,0.009784303538486331,-18.25,2017-08-24,0.00850017259233704,ENTERED,0.8733416479621605,0.0,2017
LONG,2017-08-28,5820.5,5820.25,2017-08-28,5809.25,5809.5,{},1,1,NQ,5,fixed_hold,0,0.0,-11.25,-11.45,0.00975371717497381,-10.75,2017-08-25,0.004873210281179707,ENTERED,0.876080331546685,0.0,2017
LONG,2017-08-29,5809.5,5809.25,2017-08-29,5877.0,5877.25,{},1,1,NQ,5,fixed_hold,0,0.0,67.5,67.3,0.009705761351266181,68.0,2017-08-28,0.0016811069442648208,ENTERED,0.8806166841043057,0.0,2017
SHORT,2017-08-30,5877.0,5877.25,2017-08-30,5942.5,5942.25,{},1,1,NQ,5,fixed_hold,0,0.0,-65.5,-65.7,0.009862493659823952,-65.0,2017-08-29,-0.00046768707482980343,ENTERED,0.8666221416878779,0.0,2017
LONG,2017-08-31,5942.5,5942.25,2017-08-31,5999.75,6000.0,{},1,1,NQ,5,fixed_hold,0,0.0,57.25,57.05,0.010144899832071142,57.75,2017-08-30,0.01881697385340786,ENTERED,0.8467622153444692,0.0,2017
LONG,2017-09-01,6000.0,5999.75,2017-09-01,5986.25,5986.5,{},1,1,NQ,5,fixed_hold,0,0.0,-13.75,-13.95,0.010295038625792506,-13.25,2017-08-31,0.02682582466949035,ENTERED,0.8344133682734013,0.0,2017
LONG,2017-09-04,5961.25,5961.0,2017-09-04,5980.25,5980.5,{},1,1,NQ,5,fixed_hold,0,0.0,19.0,18.8,0.01031753031864018,19.5,2017-09-01,0.027681215398480896,ENTERED,0.8329578459236475,0.0,2017
LONG,2017-09-05,5980.75,5980.5,2017-09-05,5934.75,5935.0,{},1,1,NQ,5,fixed_hold,0,0.0,-46.0,-46.2,0.010238652297716736,-45.5,2017-09-04,0.029434546862896926,ENTERED,0.8393749079049168,0.0,2017
LONG,2017-09-06,5934.75,5934.5,2017-09-06,5944.5,5944.75,{},1,1,NQ,5,fixed_hold,0,0.0,9.75,9.55,0.010309171739984344,10.25,2017-09-05,0.009826024075885842,ENTERED,0.8337807457367505,0.0,2017
LONG,2017-09-07,5944.75,5944.5,2017-09-07,5963.5,5963.75,{},1,1,NQ,5,fixed_hold,0,0.0,18.75,18.55,0.010293236150254707,19.25,2017-09-06,0.00042071605873172935,ENTERED,0.8350715728094591,0.0,2017
SHORT,2017-09-08,5963.75,5964.0,2017-09-08,5919.0,5918.75,{},1,1,NQ,5,fixed_hold,0,0.0,44.75,44.55,0.00847931670733146,45.25,2017-09-07,-0.006041666666666834,ENTERED,1.0137124485349613,0.0,2017
SHORT,2017-09-11,5947.75,5948.0,2017-09-11,5995.0,5994.75,{},1,1,NQ,5,fixed_hold,0,0.0,-47.25,-47.45,0.008422554419841204,-46.75,2017-09-08,-0.011317130209638426,ENTERED,1.0203635858049438,0.0,2017
LONG,2017-09-12,5995.0,5994.75,2017-09-12,6006.25,6006.5,{},1,1,NQ,5,fixed_hold,0,0.0,11.25,11.05,0.008292679121235666,11.75,2017-09-11,0.0023827439177326326,ENTERED,1.0363439491417188,0.0,2017
LONG,2017-09-13,6006.75,6006.5,2017-09-13,6002.0,6002.25,{},1,1,NQ,5,fixed_hold,0,0.0,-4.75,-4.95,0.008259981319666047,-4.25,2017-09-12,0.012047177759056504,ENTERED,1.0399924072224902,0.0,2017
LONG,2017-09-14,6002.5,6002.25,2017-09-14,5953.5,5953.75,{},1,1,NQ,5,fixed_hold,0,0.0,-49.0,-49.2,0.008267398066688516,-48.5,2017-09-13,0.009672400016821792,ENTERED,1.0390594219558513,0.0,2017
SHORT,2017-09-15,5953.5,5953.75,2017-09-15,5998.0,5997.75,{},1,1,NQ,5,fixed_hold,0,0.0,-44.5,-44.7,0.00710867166658587,-44.0,2017-09-14,-0.0016767973171240014,ENTERED,1.2023421222329012,0.0,2017
LONG,2017-09-18,6003.5,6003.25,2017-09-18,5989.5,5989.75,{},1,1,NQ,5,fixed_hold,0,0.0,-14.0,-14.2,0.00722963262891143,-13.5,2017-09-15,0.013347412882787735,ENTERED,1.1822254070946736,0.0,2017
SHORT,2017-09-19,5989.25,5989.5,2017-09-19,5992.25,5992.0,{},1,1,NQ,5,fixed_hold,0,0.0,-3.0,-3.2,0.007257393304416429,-2.5,2017-09-18,-0.0008340631385796993,ENTERED,1.1774254774456878,0.0,2017
SHORT,2017-09-20,5991.75,5992.0,2017-09-20,5977.0,5976.75,{},1,1,NQ,5,fixed_hold,0,0.0,14.75,14.55,0.006666679214046495,15.25,2017-09-19,-0.002414051444268761,ENTERED,1.2817535540722442,0.0,2017
SHORT,2017-09-21,5976.75,5977.0,2017-09-21,5941.75,5941.5,{},1,1,NQ,5,fixed_hold,0,0.0,35.0,34.8,0.006380307325238595,35.5,2017-09-20,-0.004248406847432218,ENTERED,1.3375735635109673,0.0,2017
SHORT,2017-09-22,5941.0,5941.25,2017-09-22,5936.5,5936.25,{},1,1,NQ,5,fixed_hold,0,0.0,4.5,4.3,0.006573758626920734,5.0,2017-09-21,-0.0020575267688431875,ENTERED,1.298211706521396,0.0,2017
SHORT,2017-09-25,5950.0,5950.25,2017-09-25,5874.75,5874.5,{},1,1,NQ,5,fixed_hold,0,0.0,75.25,75.05,0.006522702327881198,75.75,2017-09-22,-0.010253845191946831,ENTERED,1.3082722635985837,0.0,2017
SHORT,2017-09-26,5874.25,5874.5,2017-09-26,5892.25,5892.0,{},1,1,NQ,5,fixed_hold,0,0.0,-18.0,-18.2,0.006962862918599503,-17.5,2017-09-25,-0.019241203723026734,ENTERED,1.2255692290712643,0.0,2017
SHORT,2017-09-27,5891.75,5892.0,2017-09-27,5938.5,5938.25,{},1,1,NQ,5,fixed_hold,0,0.0,-46.75,-46.95,0.006490132212149149,-46.25,2017-09-26,-0.016688918558077304,ENTERED,1.3148262959471293,0.0,2017
SHORT,2017-09-28,5938.0,5938.25,2017-09-28,5934.5,5934.25,{},1,1,NQ,5,fixed_hold,0,0.0,3.5,3.3,0.006240926944239925,4.0,2017-09-27,-0.0064416279750698635,ENTERED,1.3673283749272418,0.0,2017
SHORT,2017-09-29,5933.75,5934.0,2017-09-29,5980.25,5980.0,{},1,1,NQ,5,fixed_hold,0,0.0,-46.5,-46.7,0.0058052717587030655,-46.0,2017-09-28,-0.0012202305815027792,ENTERED,1.4697899856870322,0.0,2017
LONG,2017-10-02,5993.5,5993.25,2017-10-02,5981.25,5981.5,{},1,1,NQ,5,fixed_hold,0,0.0,-12.25,-12.45,0.006071456249498781,-11.75,2017-09-29,0.007369972625816068,ENTERED,1.4053515243295873,0.0,2017
LONG,2017-10-03,5981.75,5981.5,2017-10-03,5993.5,5993.75,{},1,1,NQ,5,fixed_hold,0,0.0,11.75,11.55,0.006067433380091165,12.25,2017-10-02,0.018214316112009854,ENTERED,1.406063346570826,0.0,2017
LONG,2017-10-04,5994.0,5993.75,2017-10-04,6004.5,6004.75,{},1,1,NQ,5,fixed_hold,0,0.0,10.5,10.3,0.005806584261377044,11.0,2017-10-03,0.017269178547182795,ENTERED,1.4692279142924778,0.0,2017
LONG,2017-10-05,6005.25,6005.0,2017-10-05,6063.25,6063.5,{},1,1,NQ,5,fixed_hold,0,0.0,58.0,57.8,0.005808721724614068,58.5,2017-10-04,0.011198585441839048,ENTERED,1.4682839839416824,0.0,2017
LONG,2017-10-06,6063.75,6063.5,2017-10-06,6065.75,6066.0,{},1,1,NQ,5,fixed_hold,0,0.0,2.0,1.8,0.006145582153393736,2.5,2017-10-05,0.021780342924548446,ENTERED,1.3878023045733932,0.0,2017
LONG,2017-10-09,6069.5,6069.25,2017-10-09,6063.75,6064.0,{},1,1,NQ,5,fixed_hold,0,0.0,-5.75,-5.95,0.005822696531032256,-5.25,2017-10-06,0.014381270903010002,ENTERED,1.4631499891614872,0.0,2017
LONG,2017-10-10,6064.25,6064.0,2017-10-10,6066.0,6066.25,{},1,1,NQ,5,fixed_hold,0,0.0,1.75,1.55,0.005148002199016809,2.25,2017-10-09,0.013792526958120721,ENTERED,1.6549096206480967,0.0,2017
LONG,2017-10-11,6066.5,6066.25,2017-10-11,6082.0,6082.25,{},1,1,NQ,5,fixed_hold,0,0.0,15.5,15.3,0.005137948781588928,16.0,2017-10-10,0.012095933263816194,ENTERED,1.6566984503332045,0.0,2017
LONG,2017-10-12,6082.5,6082.25,2017-10-12,6071.25,6071.5,{},1,1,NQ,5,fixed_hold,0,0.0,-11.25,-11.45,0.005150740887352805,-10.75,2017-10-11,0.012906449061159453,ENTERED,1.652583962289834,0.0,2017
LONG,2017-10-13,6072.0,6071.75,2017-10-13,6099.25,6099.5,{},1,1,NQ,5,fixed_hold,0,0.0,27.25,27.05,0.004764960464011063,27.75,2017-10-12,0.0013193700008242715,ENTERED,1.7861952589401693,0.0,2017
LONG,2017-10-16,6105.5,6105.25,2017-10-16,6121.75,6122.0,{},1,1,NQ,5,fixed_hold,0,0.0,16.25,16.05,0.004606412580845981,16.75,2017-10-13,0.005522584899439353,ENTERED,1.847674223807979,0.0,2017
LONG,2017-10-17,6122.25,6122.0,2017-10-17,6128.0,6128.25,{},1,1,NQ,5,fixed_hold,0,0.0,5.75,5.55,0.00461789754217712,6.25,2017-10-16,0.009564643799472083,ENTERED,1.8429558711851821,0.0,2017
LONG,2017-10-18,6128.25,6128.0,2017-10-18,6117.0,6117.25,{},1,1,NQ,5,fixed_hold,0,0.0,-11.25,-11.45,0.004614803726021164,-10.75,2017-10-17,0.010220482175973489,ENTERED,1.8441914094631888,0.0,2017
LONG,2017-10-19,6117.5,6117.25,2017-10-19,6094.75,6095.0,{},1,1,NQ,5,fixed_hold,0,0.0,-22.75,-22.95,0.004586281951767815,-22.25,2017-10-18,0.005754449422499919,ENTERED,1.8542805325477287,0.0,2017
LONG,2017-10-20,6095.25,6095.0,2017-10-20,6109.0,6109.25,{},1,1,NQ,5,fixed_hold,0,0.0,13.75,13.55,0.004427986360955509,14.25,2017-10-19,0.0038705426994973813,ENTERED,1.9205690006016505,0.0,2017
LONG,2017-10-23,6120.5,6120.25,2017-10-23,6069.5,6069.75,{},1,1,NQ,5,fixed_hold,0,0.0,-51.0,-51.2,0.004403455829424019,-50.5,2017-10-20,0.0015984916796456528,ENTERED,1.9309443523985155,0.0,2017
SHORT,2017-10-24,6069.5,6069.75,2017-10-24,6076.25,6076.0,{},1,1,NQ,5,fixed_hold,0,0.0,-6.75,-6.95,0.0039058167216084122,-6.25,2017-10-23,-0.00853479255145384,ENTERED,2.1769654776226086,0.0,2017
SHORT,2017-10-25,6075.5,6075.75,2017-10-25,6060.25,6060.0,{},1,1,NQ,5,fixed_hold,0,0.0,15.25,15.05,0.003895040887522254,15.75,2017-10-24,-0.008526088198098858,ENTERED,2.1826356052249865,0.0,2017
SHORT,2017-10-26,6059.5,6059.75,2017-10-26,6090.75,6090.5,{},1,1,NQ,5,fixed_hold,0,0.0,-31.25,-31.45,0.0037027040459659912,-30.75,2017-10-25,-0.009358780497772501,ENTERED,2.2960125409362218,0.0,2017
SHORT,2017-10-27,6090.0,6090.25,2017-10-27,6214.75,6214.5,{},1,1,NQ,5,fixed_hold,0,0.0,-124.75,-124.95,0.0037841613504197586,-124.25,2017-10-26,-0.000738310090237615,ENTERED,2.2463540985703663,0.0,2017
LONG,2017-10-30,6208.75,6208.5,2017-10-30,6221.0,6221.25,{},1,1,NQ,5,fixed_hold,0,0.0,12.25,12.05,0.00555395788843396,12.75,2017-10-27,0.017227973973892308,ENTERED,1.5305420980719548,0.0,2017
LONG,2017-10-31,6221.5,6221.25,2017-10-31,6253.0,6253.25,{},1,1,NQ,5,fixed_hold,0,0.0,31.5,31.3,0.005543721071058476,32.0,2017-10-30,0.024959841838626318,ENTERED,1.532313401892283,0.0,2017
LONG,2017-11-01,6253.75,6253.5,2017-11-01,6232.25,6232.5,{},1,1,NQ,5,fixed_hold,0,0.0,-21.5,-21.7,0.005588712484190505,-21.0,2017-10-31,0.029172152732060752,ENTERED,1.519977654525192,0.0,2017
LONG,2017-11-02,6232.75,6232.5,2017-11-02,6254.75,6255.0,{},1,1,NQ,5,fixed_hold,0,0.0,22.0,21.8,0.0057205670495092025,22.5,2017-11-01,0.0284653465346536,ENTERED,1.4848618143059091,0.0,2017
LONG,2017-11-03,6255.0,6254.75,2017-11-03,6288.25,6288.5,{},1,1,NQ,5,fixed_hold,0,0.0,33.25,33.05,0.0054307589633110324,33.75,2017-11-02,0.027009276742468113,ENTERED,1.5641002713208338,0.0,2017
LONG,2017-11-06,6294.75,6294.5,2017-11-06,6311.5,6311.75,{},1,1,NQ,5,fixed_hold,0,0.0,16.75,16.55,0.005487503595563989,17.25,2017-11-03,0.011907635368895164,ENTERED,1.5476730842829418,0.0,2017
LONG,2017-11-07,6311.75,6311.5,2017-11-07,6304.5,6304.75,{},1,1,NQ,5,fixed_hold,0,0.0,-7.25,-7.45,0.005478462874902211,-6.75,2017-11-06,0.014546915812738703,ENTERED,1.550227099953077,0.0,2017
LONG,2017-11-08,6305.25,6305.0,2017-11-08,6340.75,6341.0,{},1,1,NQ,5,fixed_hold,0,0.0,35.5,35.3,0.005511781078052788,36.0,2017-11-07,0.008235717426938072,ENTERED,1.5383986749936462,0.0,2017
LONG,2017-11-09,6341.25,6341.0,2017-11-09,6309.5,6309.75,{},1,1,NQ,5,fixed_hold,0,0.0,-31.75,-31.95,0.0055759376302148955,-31.25,2017-11-08,0.017408744484556538,ENTERED,1.52069791121474,0.0,2017
LONG,2017-11-10,6309.75,6309.5,2017-11-10,6307.25,6307.5,{},1,1,NQ,5,fixed_hold,0,0.0,-2.5,-2.7,0.005733877217446284,-2.0,2017-11-09,0.008752997601918056,ENTERED,1.4786586442445433,0.0,2017
LONG,2017-11-13,6319.25,6319.0,2017-11-13,6308.0,6308.25,{},1,1,NQ,5,fixed_hold,0,0.0,-11.25,-11.45,0.0057197273698945195,-10.75,2017-11-10,0.0030213882483896004,ENTERED,1.482316649782934,0.0,2017
SHORT,2017-11-14,6308.25,6308.5,2017-11-14,6290.0,6289.75,{},1,1,NQ,5,fixed_hold,0,0.0,18.25,18.05,0.005709875387177601,18.75,2017-11-13,-0.0005545213292670326,ENTERED,1.4840861452470302,0.0,2017
SHORT,2017-11-15,6289.25,6289.5,2017-11-15,6263.75,6263.5,{},1,1,NQ,5,fixed_hold,0,0.0,25.5,25.3,0.005795672906469659,26.0,2017-11-14,-0.002379158570918971,ENTERED,1.4621161494013761,0.0,2017
SHORT,2017-11-16,6263.25,6263.5,2017-11-16,6348.0,6347.75,{},1,1,NQ,5,fixed_hold,0,0.0,-84.75,-84.95,0.005886585765207126,-84.25,2017-11-15,-0.01222204699574203,ENTERED,1.4394571292865903,0.0,2017
LONG,2017-11-17,6347.75,6347.5,2017-11-17,6309.5,6309.75,{},1,1,NQ,5,fixed_hold,0,0.0,-38.25,-38.45,0.006368211586167518,-37.75,2017-11-16,0.006022425611157178,ENTERED,1.3305914434893682,0.0,2017
LONG,2017-11-20,6313.5,6313.25,2017-11-20,6315.0,6315.25,{},1,1,NQ,5,fixed_hold,0,0.0,1.5,1.3,0.006615810460199254,2.0,2017-11-17,0.0003567181926278362,ENTERED,1.2805080431602989,0.0,2017
LONG,2017-11-21,6314.75,6314.5,2017-11-21,6383.0,6383.25,{},1,1,NQ,5,fixed_hold,0,0.0,68.25,68.05,0.006340588983044896,68.75,2017-11-20,0.001109657987556023,ENTERED,1.3360901532906062,0.0,2017
LONG,2017-11-22,6383.5,6383.25,2017-11-22,6390.0,6390.25,{},1,1,NQ,5,fixed_hold,0,0.0,6.5,6.3,0.006629199790729789,7.0,2017-11-21,0.01486545570173714,ENTERED,1.2771010122536945,0.0,2017
LONG,2017-11-23,6390.75,6390.5,2017-11-23,6382.5,6382.75,{},1,1,NQ,5,fixed_hold,0,0.0,-8.25,-8.45,0.006529184483093359,-7.75,2017-11-22,0.0202362896144328,ENTERED,1.2966638919600486,0.0,2017
LONG,2017-11-24,6382.75,6382.5,2017-11-24,6414.25,6414.5,{},1,1,NQ,5,fixed_hold,0,0.0,31.5,31.3,0.006558734994829267,32.0,2017-11-23,0.005513764719782932,ENTERED,1.2905547941748527,0.0,2017
LONG,2017-11-27,6417.0,6416.75,2017-11-27,6406.75,6407.0,{},1,1,NQ,5,fixed_hold,0,0.0,-10.25,-10.45,0.005070747435031085,-9.75,2017-11-24,0.01660129165180879,ENTERED,1.66926217480745,0.0,2017
LONG,2017-11-28,6407.25,6407.0,2017-11-28,6420.5,6420.75,{},1,1,NQ,5,fixed_hold,0,0.0,13.25,13.05,0.0051076557202119335,13.75,2017-11-27,0.01452832429436679,ENTERED,1.6567522932219527,0.0,2017
LONG,2017-11-29,6421.0,6420.75,2017-11-29,6307.0,6307.25,{},1,1,NQ,5,fixed_hold,0,0.0,-114.0,-114.2,0.005038135759291901,-113.5,2017-11-28,0.005874750323111133,ENTERED,1.6796133990320812,0.0,2017
SHORT,2017-11-30,6307.25,6307.5,2017-11-30,6358.25,6358.0,{},1,1,NQ,5,fixed_hold,0,0.0,-51.0,-51.2,0.006536366936244204,-50.5,2017-11-29,-0.01298853722467841,ENTERED,1.2945814593354952,0.0,2017
SHORT,2017-12-01,6358.25,6358.5,2017-12-01,6345.0,6344.75,{},1,1,NQ,5,fixed_hold,0,0.0,13.25,13.05,0.006716095493668475,13.75,2017-11-30,-0.0038776389487291674,ENTERED,1.259937333388518,0.0,2017
SHORT,2017-12-04,6380.25,6380.5,2017-12-04,6268.0,6267.75,{},1,1,NQ,5,fixed_hold,0,0.0,112.25,112.05,0.006658513010459247,112.75,2017-12-01,-0.010873801543378359,ENTERED,1.2704963160165539,0.0,2017
SHORT,2017-12-05,6267.0,6267.25,2017-12-05,6275.5,6275.25,{},1,1,NQ,5,fixed_hold,0,0.0,-8.5,-8.7,0.007175359240022839,-8.0,2017-12-04,-0.02173404089277342,ENTERED,1.1789815627279785,0.0,2017
SHORT,2017-12-06,6275.25,6275.5,2017-12-06,6303.25,6303.0,{},1,1,NQ,5,fixed_hold,0,0.0,-28.0,-28.2,0.007180622872094411,-27.5,2017-12-05,-0.02266090409998822,ENTERED,1.1776344632088198,0.0,2017
SHORT,2017-12-07,6303.0,6303.25,2017-12-07,6328.75,6328.5,{},1,1,NQ,5,fixed_hold,0,0.0,-25.75,-25.95,0.007128582451840312,-25.25,2017-12-06,-0.0006738277379205737,ENTERED,1.1862314869207746,0.0,2017
SHORT,2017-12-08,6328.25,6328.5,2017-12-08,6344.0,6343.75,{},1,1,NQ,5,fixed_hold,0,0.0,-15.75,-15.95,0.007102740791489591,-15.25,2017-12-07,-0.0046398238439758765,ENTERED,1.190502840049607,0.0,2017
SHORT,2017-12-11,6367.5,6367.75,2017-12-11,6420.5,6420.25,{},1,1,NQ,5,fixed_hold,0,0.0,-53.0,-53.2,0.007118814419908297,-52.5,2017-12-08,-0.0001576106229559393,ENTERED,1.1878147940979022,0.0,2017
LONG,2017-12-12,6421.25,6421.0,2017-12-12,6396.75,6397.0,{},1,1,NQ,5,fixed_hold,0,0.0,-24.5,-24.7,0.007587152104459047,-24.0,2017-12-11,0.024330900243308973,ENTERED,1.1141152671844414,0.0,2017
LONG,2017-12-13,6397.5,6397.25,2017-12-13,6420.25,6420.5,{},1,1,NQ,5,fixed_hold,0,0.0,22.75,22.55,0.007607035819425082,23.25,2017-12-12,0.019401617465439447,ENTERED,1.11120312756293,0.0,2017
LONG,2017-12-14,6420.75,6420.5,2017-12-14,6408.75,6409.0,{},1,1,NQ,5,fixed_hold,0,0.0,-12.0,-12.2,0.007535062706133667,-11.5,2017-12-13,0.018641916547675663,ENTERED,1.1214642853591494,0.0,2017
LONG,2017-12-15,6409.5,6409.25,2017-12-15,6499.75,6500.0,{},1,1,NQ,5,fixed_hold,0,0.0,90.25,90.05,0.006988758972668929,90.75,2017-12-14,0.012720233862684394,ENTERED,1.2091279361496559,0.0,2017
LONG,2017-12-18,6512.5,6512.25,2017-12-18,6536.75,6537.0,{},1,1,NQ,5,fixed_hold,0,0.0,24.25,24.05,0.007444818982489605,24.75,2017-12-15,0.024630541871921263,ENTERED,1.1343407397673806,0.0,2017
LONG,2017-12-19,6537.0,6536.75,2017-12-19,6509.5,6509.75,{},1,1,NQ,5,fixed_hold,0,0.0,-27.5,-27.7,0.007500795254677952,-27.0,2017-12-18,0.018184650130446345,ENTERED,1.1258754819050294,0.0,2017
LONG,2017-12-20,6509.5,6509.25,2017-12-20,6484.75,6485.0,{},1,1,NQ,5,fixed_hold,0,0.0,-24.75,-24.95,0.007296895905138565,-24.25,2017-12-19,0.017625449429419904,ENTERED,1.1559310139546464,0.0,2017
LONG,2017-12-21,6485.0,6484.75,2017-12-21,6495.25,6495.5,{},1,1,NQ,5,fixed_hold,0,0.0,10.25,10.05,0.007375520587574837,10.75,2017-12-20,0.010045946577369236,ENTERED,1.143608533417675,0.0,2017
LONG,2017-12-22,6495.5,6495.25,2017-12-22,6483.0,6483.25,{},1,1,NQ,5,fixed_hold,0,0.0,-12.5,-12.7,0.007363370187500658,-12.0,2017-12-21,0.013496645342487179,ENTERED,1.1454744213438448,0.0,2017
SHORT,2017-12-25,6482.25,6482.5,2017-12-25,6491.0,6490.75,{},1,1,NQ,5,fixed_hold,0,0.0,-8.75,-8.95,0.007323346723349492,-8.25,2017-12-22,-0.0025769230769230322,ENTERED,1.1517346540175977,0.0,2017
SHORT,2017-12-26,6490.5,6490.75,2017-12-26,6463.25,6463.0,{},1,1,NQ,5,fixed_hold,0,0.0,27.25,27.05,0.007312923650523271,27.75,2017-12-25,-0.007075110907143856,ENTERED,1.1524062839135087,0.0,2017
SHORT,2017-12-27,6462.5,6462.75,2017-12-27,6454.5,6454.25,{},1,1,NQ,5,fixed_hold,0,0.0,8.0,7.8,0.007385541143215082,8.5,2017-12-26,-0.0071815353892238365,ENTERED,1.1410753802901548,0.0,2017
SHORT,2017-12-28,6454.25,6454.5,2017-12-28,6448.75,6448.5,{},1,1,NQ,5,fixed_hold,0,0.0,5.5,5.3,0.00607347664244059,6.0,2017-12-27,-0.004741711642251345,ENTERED,1.387304658421211,0.0,2017
SHORT,2017-12-29,6448.25,6448.5,2017-12-29,6385.25,6385.0,{},1,1,NQ,5,fixed_hold,0,0.0,63.0,62.8,0.00586617073611958,63.5,2017-12-28,-0.007235778615964805,ENTERED,1.4363309248724345,0.0,2017
SHORT,2018-01-01,6404.75,6405.0,2018-01-01,6417.25,6417.0,{},1,1,NQ,5,fixed_hold,0,0.0,-12.5,-12.7,0.006302332954657606,-12.0,2017-12-29,-0.015154436432344709,ENTERED,1.3364185104845487,0.0,2018
SHORT,2018-01-02,6416.5,6416.75,2018-01-02,6517.0,6516.75,{},1,1,NQ,5,fixed_hold,0,0.0,-100.5,-100.7,0.005648983349539571,-100.0,2018-01-01,-0.011362323306243538,ENTERED,1.4909858816503145,0.0,2018
LONG,2018-01-03,6516.75,6516.5,2018-01-03,6584.5,6584.75,{},1,1,NQ,5,fixed_hold,0,0.0,67.75,67.55,0.0064969666777497355,68.25,2018-01-02,0.008316571251740568,ENTERED,1.2955739326777278,0.0,2018
LONG,2018-01-04,6584.75,6584.5,2018-01-04,6604.5,6604.75,{},1,1,NQ,5,fixed_hold,0,0.0,19.75,19.55,0.006753376576484235,20.25,2018-01-03,0.02021923538753545,ENTERED,1.2463840234347439,0.0,2018
LONG,2018-01-05,6605.25,6605.0,2018-01-05,6665.5,6665.75,{},1,1,NQ,5,fixed_hold,0,0.0,60.25,60.05,0.0067427101442353,60.75,2018-01-04,0.024230441187873097,ENTERED,1.2478342987429727,0.0,2018
LONG,2018-01-08,6673.75,6673.5,2018-01-08,6691.5,6691.75,{},1,1,NQ,5,fixed_hold,0,0.0,17.75,17.55,0.006926273834688901,18.25,2018-01-05,0.04397024275646033,ENTERED,1.214763548954731,0.0,2018
LONG,2018-01-09,6692.0,6691.75,2018-01-09,6684.0,6684.25,{},1,1,NQ,5,fixed_hold,0,0.0,-8.0,-8.2,0.006564543380493061,-7.5,2018-01-08,0.04281595761259127,ENTERED,1.2815929441304372,0.0,2018
LONG,2018-01-10,6684.75,6684.5,2018-01-10,6674.5,6674.75,{},1,1,NQ,5,fixed_hold,0,0.0,-10.25,-10.45,0.006473147059654058,-9.75,2018-01-09,0.025702996125369415,ENTERED,1.2996881424670879,0.0,2018
LONG,2018-01-11,6675.25,6675.0,2018-01-11,6719.5,6719.75,{},1,1,NQ,5,fixed_hold,0,0.0,44.25,44.05,0.006512996824099956,44.75,2018-01-10,0.01366794487262224,ENTERED,1.2916124135016975,0.0,2018
LONG,2018-01-12,6719.75,6719.5,2018-01-12,6771.75,6772.0,{},1,1,NQ,5,fixed_hold,0,0.0,52.0,51.8,0.006533532515924021,52.5,2018-01-11,0.01741171126840535,ENTERED,1.2875527177069401,0.0,2018
LONG,2018-01-15,6787.0,6786.75,2018-01-15,6778.5,6778.75,{},1,1,NQ,5,fixed_hold,0,0.0,-8.5,-8.7,0.006063493711006395,-8.0,2018-01-12,0.015939691707609782,ENTERED,1.386475575673801,0.0,2018
LONG,2018-01-16,6779.25,6779.0,2018-01-16,6751.0,6751.25,{},1,1,NQ,5,fixed_hold,0,0.0,-28.25,-28.45,0.006006462428491744,-27.75,2018-01-15,0.01300108342361872,ENTERED,1.399640143203739,0.0,2018
LONG,2018-01-17,6751.75,6751.5,2018-01-17,6830.5,6830.75,{},1,1,NQ,5,fixed_hold,0,0.0,78.75,78.55,0.006000631618779878,79.25,2018-01-16,0.010023562852975232,ENTERED,1.4007081314897534,0.0,2018
LONG,2018-01-18,6831.25,6831.0,2018-01-18,6821.0,6821.25,{},1,1,NQ,5,fixed_hold,0,0.0,-10.25,-10.45,0.006236116603115497,-9.75,2018-01-17,0.02337166185999462,ENTERED,1.347815321204928,0.0,2018
LONG,2018-01-19,6821.5,6821.25,2018-01-19,6849.75,6850.0,{},1,1,NQ,5,fixed_hold,0,0.0,28.25,28.05,0.006297530316386999,28.75,2018-01-18,0.015104728598534178,ENTERED,1.333463262402311,0.0,2018
LONG,2018-01-22,6838.0,6837.75,2018-01-22,6930.5,6930.75,{},1,1,NQ,5,fixed_hold,0,0.0,92.5,92.3,0.006222824646019082,93.0,2018-01-19,0.011518015357353528,ENTERED,1.3494716304016379,0.0,2018
LONG,2018-01-23,6931.0,6930.75,2018-01-23,6959.5,6959.75,{},1,1,NQ,5,fixed_hold,0,0.0,28.5,28.3,0.006524247298251872,29.0,2018-01-22,0.022423013092384148,ENTERED,1.2862629835263382,0.0,2018
LONG,2018-01-24,6960.25,6960.0,2018-01-24,6929.0,6929.25,{},1,1,NQ,5,fixed_hold,0,0.0,-31.25,-31.45,0.006276453186224047,-30.75,2018-01-23,0.030883169783373576,ENTERED,1.3370445928812418,0.0,2018
LONG,2018-01-25,6929.5,6929.25,2018-01-25,6941.75,6942.0,{},1,1,NQ,5,fixed_hold,0,0.0,12.25,12.05,0.006439913488334954,12.75,2018-01-24,0.014420085642132818,ENTERED,1.3029816398849057,0.0,2018
LONG,2018-01-26,6942.25,6942.0,2018-01-26,7031.25,7031.5,{},1,1,NQ,5,fixed_hold,0,0.0,89.0,88.8,0.0063687628961406435,89.5,2018-01-25,0.017702034084661866,ENTERED,1.317538299758726,0.0,2018
LONG,2018-01-29,7041.5,7041.25,2018-01-29,7004.25,7004.5,{},1,1,NQ,5,fixed_hold,0,0.0,-37.25,-37.45,0.005827269536060927,-36.75,2018-01-26,0.026496350364963783,ENTERED,1.4399101988322043,0.0,2018
LONG,2018-01-30,7004.5,7004.25,2018-01-30,6941.0,6941.25,{},1,1,NQ,5,fixed_hold,0,0.0,-63.5,-63.7,0.006141988698208526,-63.0,2018-01-29,0.010640984020488409,ENTERED,1.3661283419107755,0.0,2018
SHORT,2018-01-31,6941.25,6941.5,2018-01-31,6970.75,6970.5,{},1,1,NQ,5,fixed_hold,0,0.0,-29.5,-29.7,0.006253802696120921,-29.0,2018-01-30,-0.002658141456230556,ENTERED,1.34164105647392,0.0,2018
LONG,2018-02-01,6970.25,6970.0,2018-02-01,6953.5,6953.75,{},1,1,NQ,5,fixed_hold,0,0.0,-16.75,-16.95,0.006024425569000697,-16.25,2018-01-31,0.005953025219179731,ENTERED,1.392723399119839,0.0,2018
LONG,2018-02-02,6953.75,6953.5,2018-02-02,6753.0,6753.25,{},1,1,NQ,5,fixed_hold,0,0.0,-200.75,-200.95,0.006138115126085195,-200.25,2018-02-01,0.001692595793719498,ENTERED,1.3665981433786636,0.0,2018
SHORT,2018-02-05,6726.75,6727.0,2018-02-05,6451.0,6450.75,{},1,1,NQ,5,fixed_hold,0,0.0,275.75,275.55,0.009139531720027835,276.25,2018-02-02,-0.03957192633150819,ENTERED,0.9180293600619581,0.0,2018
SHORT,2018-02-06,6449.5,6449.75,2018-02-06,6640.75,6640.5,{},1,1,NQ,5,fixed_hold,0,0.0,-191.25,-191.45,0.013625012210410238,-190.75,2018-02-05,-0.07905632093654091,ENTERED,0.6158055733551885,0.0,2018
SHORT,2018-02-07,6641.0,6641.25,2018-02-07,6498.75,6498.5,{},1,1,NQ,5,fixed_hold,0,0.0,142.25,142.05,0.015305595251391302,142.75,2018-02-06,-0.0433279308481902,ENTERED,0.5482142117638714,0.0,2018
SHORT,2018-02-08,6499.0,6499.25,2018-02-08,6313.5,6313.25,{},1,1,NQ,5,fixed_hold,0,0.0,185.5,185.3,0.016022489874021065,186.0,2018-02-07,-0.0677139373072233,ENTERED,0.5236854510311238,0.0,2018
SHORT,2018-02-09,6313.0,6313.25,2018-02-09,6426.0,6425.75,{},1,1,NQ,5,fixed_hold,0,0.0,-113.0,-113.2,0.017009548891498725,-112.5,2018-02-08,-0.09210857451015642,ENTERED,0.49331637724627847,0.0,2018
SHORT,2018-02-12,6439.75,6440.0,2018-02-12,6527.25,6527.0,{},1,1,NQ,5,fixed_hold,0,0.0,-87.5,-87.7,0.017485320211230324,-87.0,2018-02-09,-0.04849516899270734,ENTERED,0.4798933583359969,0.0,2018
LONG,2018-02-13,6528.25,6528.0,2018-02-13,6563.0,6563.25,{},1,1,NQ,5,fixed_hold,0,0.0,34.75,34.55,0.017944970298747823,35.25,2018-02-12,0.011820330969267268,ENTERED,0.4676462348727699,0.0,2018
SHORT,2018-02-14,6563.0,6563.25,2018-02-14,6679.25,6679.0,{},1,1,NQ,5,fixed_hold,0,0.0,-116.25,-116.45,0.01800811731595571,-115.75,2018-02-13,-0.011633160153602717,ENTERED,0.46600639299909724,0.0,2018
LONG,2018-02-15,6678.75,6678.5,2018-02-15,6823.25,6823.5,{},1,1,NQ,5,fixed_hold,0,0.0,144.5,144.3,0.01827698770327261,145.0,2018-02-14,0.027775640532430312,ENTERED,0.4594589358542511,0.0,2018
LONG,2018-02-16,6823.5,6823.25,2018-02-16,6781.25,6781.5,{},1,1,NQ,5,fixed_hold,0,0.0,-42.25,-42.45,0.01896099133945152,-41.75,2018-02-15,0.08082208054488582,ENTERED,0.4428842970511994,0.0,2018
LONG,2018-02-19,6802.5,6802.25,2018-02-19,6786.75,6787.0,{},1,1,NQ,5,fixed_hold,0,0.0,-15.75,-15.95,0.018986876517269057,-15.25,2018-02-16,0.055363187176594275,ENTERED,0.4426812116703245,0.0,2018
LONG,2018-02-20,6787.25,6787.0,2018-02-20,6802.5,6802.75,{},1,1,NQ,5,fixed_hold,0,0.0,15.25,15.05,0.01877562873982314,15.75,2018-02-19,0.03983453347632904,ENTERED,0.44766189292357467,0.0,2018
LONG,2018-02-21,6802.75,6802.5,2018-02-21,6721.75,6722.0,{},1,1,NQ,5,fixed_hold,0,0.0,-81.0,-81.2,0.018753792410126327,-80.5,2018-02-20,0.03649106768750232,ENTERED,0.44827658052899577,0.0,2018
LONG,2018-02-22,6722.75,6722.5,2018-02-22,6790.75,6791.0,{},1,1,NQ,5,fixed_hold,0,0.0,68.0,67.8,0.018899641226134335,68.5,2018-02-21,0.006438089534361646,ENTERED,0.4448172234051227,0.0,2018
SHORT,2018-02-23,6791.25,6791.5,2018-02-23,6902.75,6902.5,{},1,1,NQ,5,fixed_hold,0,0.0,-111.5,-111.7,0.019067530736324424,-111.0,2018-02-22,-0.004762951564446172,ENTERED,0.44118284970580496,0.0,2018
LONG,2018-02-26,6915.0,6914.75,2018-02-26,7000.75,7001.0,{},1,1,NQ,5,fixed_hold,0,0.0,85.75,85.55,0.019217732039058476,86.25,2018-02-23,0.017842660178426506,ENTERED,0.43773466765003205,0.0,2018
LONG,2018-02-27,7001.25,7001.0,2018-02-27,6926.75,6927.0,{},1,1,NQ,5,fixed_hold,0,0.0,-74.5,-74.7,0.01948914422961203,-74.0,2018-02-26,0.031530867835568355,ENTERED,0.4316799331340139,0.0,2018
LONG,2018-02-28,6927.25,6927.0,2018-02-28,6882.0,6882.25,{},1,1,NQ,5,fixed_hold,0,0.0,-45.25,-45.45,0.019530350344562214,-44.75,2018-02-27,0.018264672375142288,ENTERED,0.430769153110482,0.0,2018
LONG,2018-03-01,6882.25,6882.0,2018-03-01,6769.75,6770.0,{},1,1,NQ,5,fixed_hold,0,0.0,-112.5,-112.7,0.019557265454818614,-112.0,2018-02-28,0.023839631062184008,ENTERED,0.43021275156777883,0.0,2018
SHORT,2018-03-02,6770.0,6770.25,2018-03-02,6808.75,6808.5,{},1,1,NQ,5,fixed_hold,0,0.0,-38.75,-38.95,0.019874873233208575,-38.25,2018-03-01,-0.0030923280812841236,ENTERED,0.4233377936922153,0.0,2018
SHORT,2018-03-05,6793.0,6793.25,2018-03-05,6881.75,6881.5,{},1,1,NQ,5,fixed_hold,0,0.0,-88.75,-88.95,0.018814784220707613,-88.25,2018-03-02,-0.013618254255704398,ENTERED,0.447376944132278,0.0,2018
SHORT,2018-03-06,6881.5,6881.75,2018-03-06,6826.25,6826.0,{},1,1,NQ,5,fixed_hold,0,0.0,55.25,55.05,0.015587260765016184,55.75,2018-03-05,-0.017068990144264995,ENTERED,0.540011538657263,0.0,2018
SHORT,2018-03-07,6825.5,6825.75,2018-03-07,6920.5,6920.25,{},1,1,NQ,5,fixed_hold,0,0.0,-95.0,-95.2,0.014504388582787651,-94.5,2018-03-06,-0.014580626533852836,ENTERED,0.5806900698893467,0.0,2018
LONG,2018-03-08,6920.75,6920.5,2018-03-08,6975.75,6976.0,{},1,1,NQ,5,fixed_hold,0,0.0,55.0,54.8,0.013696992568429637,55.5,2018-03-07,0.005521450107159653,ENTERED,0.6149199817231741,0.0,2018
LONG,2018-03-09,6976.25,6976.0,2018-03-09,7096.5,7096.75,{},1,1,NQ,5,fixed_hold,0,0.0,120.25,120.05,0.011500977591944725,120.75,2018-03-08,0.030428360413589317,ENTERED,0.7326127167460653,0.0,2018
LONG,2018-03-12,7147.25,7147.0,2018-03-12,7156.5,7156.75,{},1,1,NQ,5,fixed_hold,0,0.0,9.25,9.05,0.011471723124532762,9.75,2018-03-09,0.04233678490122594,ENTERED,0.7344809796578334,0.0,2018
LONG,2018-03-13,7156.75,7156.5,2018-03-13,7064.25,7064.5,{},1,1,NQ,5,fixed_hold,0,0.0,-92.5,-92.7,0.01122629036060838,-92.0,2018-03-12,0.03999854682845272,ENTERED,0.7506895775842046,0.0,2018
LONG,2018-03-14,7064.75,7064.5,2018-03-14,7063.0,7063.25,{},1,1,NQ,5,fixed_hold,0,0.0,-1.75,-1.95,0.011888378306966993,-1.25,2018-03-13,0.034939935540579725,ENTERED,0.7088821495278256,0.0,2018
LONG,2018-03-15,7063.25,7063.0,2018-03-15,7080.0,7080.25,{},1,1,NQ,5,fixed_hold,0,0.0,16.75,16.55,0.01145287387573039,17.25,2018-03-14,0.020663993352841192,ENTERED,0.7364572679475119,0.0,2018
LONG,2018-03-16,7080.25,7080.0,2018-03-16,7045.25,7045.5,{},1,1,NQ,5,fixed_hold,0,0.0,-35.0,-35.2,0.010566907617444369,-34.5,2018-03-15,0.014944094036696942,ENTERED,0.7982044047346134,0.0,2018
SHORT,2018-03-19,7037.0,7037.25,2018-03-19,6885.5,6885.25,{},1,1,NQ,5,fixed_hold,0,0.0,151.5,151.3,0.010520437400936205,152.0,2018-03-16,-0.007221615528234859,ENTERED,0.8017450188523274,0.0,2018
SHORT,2018-03-20,6885.25,6885.5,2018-03-20,6913.0,6912.75,{},1,1,NQ,5,fixed_hold,0,0.0,-27.75,-27.95,0.011886236228715019,-27.25,2018-03-19,-0.03793621406364622,ENTERED,0.709619775347522,0.0,2018
SHORT,2018-03-21,6912.75,6913.0,2018-03-21,6884.75,6884.5,{},1,1,NQ,5,fixed_hold,0,0.0,28.0,27.8,0.011903484188996298,28.5,2018-03-20,-0.02148064264986893,ENTERED,0.7094529079005376,0.0,2018
SHORT,2018-03-22,6884.0,6884.25,2018-03-22,6636.0,6635.75,{},1,1,NQ,5,fixed_hold,0,0.0,248.0,247.8,0.011588096980627257,248.5,2018-03-21,-0.02530704703925246,ENTERED,0.7287617186971778,0.0,2018
SHORT,2018-03-23,6635.25,6635.5,2018-03-23,6548.25,6548.0,{},1,1,NQ,5,fixed_hold,0,0.0,87.0,86.8,0.014068877211955374,87.5,2018-03-22,-0.06278026905829581,ENTERED,0.6006381024983086,0.0,2018
SHORT,2018-03-26,6568.75,6569.0,2018-03-26,6786.5,6786.25,{},1,1,NQ,5,fixed_hold,0,0.0,-217.75,-217.95,0.013686714137426819,-217.25,2018-03-23,-0.070612447661628,ENTERED,0.6174092355566123,0.0,2018
SHORT,2018-03-27,6786.0,6786.25,2018-03-27,6550.25,6550.0,{},1,1,NQ,5,fixed_hold,0,0.0,235.75,235.55,0.01584042413344747,236.25,2018-03-26,-0.014378562869903133,ENTERED,0.5336323019394245,0.0,2018
SHORT,2018-03-28,6549.5,6549.75,2018-03-28,6492.25,6492.0,{},1,1,NQ,5,fixed_hold,0,0.0,57.25,57.05,0.017424441748334137,57.75,2018-03-27,-0.05247549817366459,ENTERED,0.4851209649133541,0.0,2018
SHORT,2018-03-29,6491.75,6492.0,2018-03-29,6570.75,6570.5,{},1,1,NQ,5,fixed_hold,0,0.0,-79.0,-79.2,0.017460198309019046,-78.5,2018-03-28,-0.05701212869489436,ENTERED,0.48429192697294277,0.0,2018
SHORT,2018-04-02,6559.0,6559.25,2018-04-02,6412.75,6412.5,{},1,1,NQ,5,fixed_hold,0,0.0,146.25,146.05,0.017455915262230372,146.75,2018-03-29,-0.009833101005915057,ENTERED,0.48441075459964933,0.0,2018
SHORT,2018-04-03,6412.75,6413.0,2018-04-03,6455.25,6455.0,{},1,1,NQ,5,fixed_hold,0,0.0,-42.5,-42.7,0.018080161105645327,-42.0,2018-04-02,-0.02069334147831403,ENTERED,0.4677031864966921,0.0,2018
SHORT,2018-04-04,6455.5,6455.75,2018-04-04,6599.5,6599.25,{},1,1,NQ,5,fixed_hold,0,0.0,-144.0,-144.2,0.01794122128772802,-143.5,2018-04-03,-0.04881193589979749,ENTERED,0.4713251581857456,0.0,2018
LONG,2018-04-05,6600.0,6599.75,2018-04-05,6524.5,6524.75,{},1,1,NQ,5,fixed_hold,0,0.0,-75.5,-75.7,0.01876291599335427,-75.0,2018-04-04,0.007519083969465656,ENTERED,0.4508689509100356,0.0,2018
LONG,2018-04-06,6525.75,6525.5,2018-04-06,6456.25,6456.5,{},1,1,NQ,5,fixed_hold,0,0.0,-69.5,-69.7,0.018521555902561115,-69.0,2018-04-05,0.005044670363524295,ENTERED,0.456744362862463,0.0,2018
SHORT,2018-04-09,6478.75,6479.0,2018-04-09,6483.75,6483.5,{},1,1,NQ,5,fixed_hold,0,0.0,-5.0,-5.2,0.01841414129768314,-4.5,2018-04-06,-0.017350277756639443,ENTERED,0.4595304939981083,0.0,2018
LONG,2018-04-10,6483.25,6483.0,2018-04-10,6611.5,6611.75,{},1,1,NQ,5,fixed_hold,0,0.0,128.25,128.05,0.017851186439676918,128.75,2018-04-09,0.011072124756335011,ENTERED,0.47402224360099443,0.0,2018
LONG,2018-04-11,6612.25,6612.0,2018-04-11,6612.5,6612.75,{},1,1,NQ,5,fixed_hold,0,0.0,0.25,0.04999999999999999,0.018448678312749493,0.75,2018-04-10,0.024283501161890042,ENTERED,0.4586843666519651,0.0,2018
LONG,2018-04-12,6612.75,6612.5,2018-04-12,6655.5,6655.75,{},1,1,NQ,5,fixed_hold,0,0.0,42.75,42.55,0.018340287150812373,43.25,2018-04-11,0.002045687009887498,ENTERED,0.46139519288140046,0.0,2018
LONG,2018-04-13,6655.25,6655.0,2018-04-13,6642.0,6642.25,{},1,1,NQ,5,fixed_hold,0,0.0,-13.25,-13.45,0.01845749807896949,-12.75,2018-04-12,0.02007739760144056,ENTERED,0.4585890706901197,0.0,2018
LONG,2018-04-16,6688.75,6688.5,2018-04-16,6703.75,6704.0,{},1,1,NQ,5,fixed_hold,0,0.0,15.0,14.8,0.01841819224825469,15.5,2018-04-13,0.028769457136219367,ENTERED,0.45956773483572344,0.0,2018
LONG,2018-04-17,6704.75,6704.5,2018-04-17,6831.5,6831.75,{},1,1,NQ,5,fixed_hold,0,0.0,126.75,126.55,0.01861463622741378,127.25,2018-04-16,0.03400940849849632,ENTERED,0.45481188349546586,0.0,2018
LONG,2018-04-18,6832.0,6831.75,2018-04-18,6862.75,6863.0,{},1,1,NQ,5,fixed_hold,0,0.0,30.75,30.55,0.018546721232036364,31.25,2018-04-17,0.033274095360532385,ENTERED,0.4564773286476706,0.0,2018
LONG,2018-04-19,6863.0,6862.75,2018-04-19,6777.75,6778.0,{},1,1,NQ,5,fixed_hold,0,0.0,-85.25,-85.45,0.01855412156542774,-84.75,2018-04-18,0.03784355978980036,ENTERED,0.45658849848728383,0.0,2018
LONG,2018-04-20,6778.25,6778.0,2018-04-20,6675.5,6675.75,{},1,1,NQ,5,fixed_hold,0,0.0,-102.75,-102.95,0.018737569784507448,-102.25,2018-04-19,0.0183675769071856,ENTERED,0.4521183165019431,0.0,2018
LONG,2018-04-23,6695.5,6695.25,2018-04-23,6671.25,6671.5,{},1,1,NQ,5,fixed_hold,0,0.0,-24.25,-24.45,0.017162543787458167,-23.75,2018-04-20,0.005043471715156844,ENTERED,0.49371980936045784,0.0,2018
SHORT,2018-04-24,6670.5,6670.75,2018-04-24,6532.75,6532.5,{},1,1,NQ,5,fixed_hold,0,0.0,137.75,137.55,0.01686327796761385,138.25,2018-04-23,-0.0048478520286396876,ENTERED,0.5024816564820791,0.0,2018
SHORT,2018-04-25,6531.75,6532.0,2018-04-25,6598.0,6597.75,{},1,1,NQ,5,fixed_hold,0,0.0,-66.25,-66.45,0.015341654585886415,-65.75,2018-04-24,-0.04380283236359639,ENTERED,0.5523489598698776,0.0,2018
SHORT,2018-04-26,6597.75,6598.0,2018-04-26,6749.75,6749.5,{},1,1,NQ,5,fixed_hold,0,0.0,-152.0,-152.2,0.013416264606259056,-151.5,2018-04-25,-0.03864927874107538,ENTERED,0.6316174585021207,0.0,2018
SHORT,2018-04-27,6749.25,6749.5,2018-04-27,6672.25,6672.0,{},1,1,NQ,5,fixed_hold,0,0.0,77.0,76.8,0.014125744565262837,77.5,2018-04-26,-0.0042047801711420085,ENTERED,0.6002124046235037,0.0,2018
SHORT,2018-04-30,6676.25,6676.5,2018-04-30,6619.5,6619.25,{},1,1,NQ,5,fixed_hold,0,0.0,56.75,56.55,0.014226178155839653,57.25,2018-04-27,-0.0005617346365576203,ENTERED,0.5959750412048305,0.0,2018
SHORT,2018-05-01,6619.0,6619.25,2018-05-01,6722.25,6722.0,{},1,1,NQ,5,fixed_hold,0,0.0,-103.25,-103.45,0.013156293673043256,-102.75,2018-04-30,-0.007831821929101368,ENTERED,0.6445064938543639,0.0,2018
LONG,2018-05-02,6722.25,6722.0,2018-05-02,6633.5,6633.75,{},1,1,NQ,5,fixed_hold,0,0.0,-88.75,-88.95,0.013479112479150871,-88.25,2018-05-01,0.029008802143130508,ENTERED,0.629070847242134,0.0,2018
LONG,2018-05-03,6634.0,6633.75,2018-05-03,6647.25,6647.5,{},1,1,NQ,5,fixed_hold,0,0.0,13.25,13.05,0.013002276407896803,13.75,2018-05-02,0.005456405592815683,ENTERED,0.6531826695825508,0.0,2018
SHORT,2018-05-04,6647.25,6647.5,2018-05-04,6779.5,6779.25,{},1,1,NQ,5,fixed_hold,0,0.0,-132.25,-132.45,0.012713314056831347,-131.75,2018-05-03,-0.015112230535595184,ENTERED,0.6680289322512815,0.0,2018
LONG,2018-05-07,6797.0,6796.75,2018-05-07,6818.25,6818.5,{},1,1,NQ,5,fixed_hold,0,0.0,21.25,21.05,0.01307345425360111,21.75,2018-05-04,0.016074640287769837,ENTERED,0.6497327640591297,0.0,2018
LONG,2018-05-08,6819.0,6818.75,2018-05-08,6815.25,6815.5,{},1,1,NQ,5,fixed_hold,0,0.0,-3.75,-3.95,0.013089126703835833,-3.25,2018-05-07,0.03010159761302278,ENTERED,0.6489547973818264,0.0,2018
LONG,2018-05-09,6816.0,6815.75,2018-05-09,6895.25,6895.5,{},1,1,NQ,5,fixed_hold,0,0.0,79.25,79.05,0.012458196546601142,79.75,2018-05-08,0.013909550728949727,ENTERED,0.6818577682379784,0.0,2018
LONG,2018-05-10,6896.0,6895.75,2018-05-10,6962.5,6962.75,{},1,1,NQ,5,fixed_hold,0,0.0,66.5,66.3,0.012655498418481433,67.0,2018-05-09,0.039457320520067896,ENTERED,0.6712274627706719,0.0,2018
LONG,2018-05-11,6963.25,6963.0,2018-05-11,6956.75,6957.0,{},1,1,NQ,5,fixed_hold,0,0.0,-6.5,-6.7,0.012734658101835356,-6.0,2018-05-10,0.04742384355020701,ENTERED,0.6675142976898509,0.0,2018
LONG,2018-05-14,6983.0,6982.75,2018-05-14,6972.0,6972.25,{},1,1,NQ,5,fixed_hold,0,0.0,-11.0,-11.2,0.012715801965392825,-10.5,2018-05-11,0.026219714570195896,ENTERED,0.6685041480122164,0.0,2018
LONG,2018-05-15,6972.5,6972.25,2018-05-15,6882.5,6882.75,{},1,1,NQ,5,fixed_hold,0,0.0,-90.0,-90.2,0.012611641913712517,-89.5,2018-05-14,0.022548947715773204,ENTERED,0.6740958063255549,0.0,2018
LONG,2018-05-16,6883.25,6883.0,2018-05-16,6942.0,6942.25,{},1,1,NQ,5,fixed_hold,0,0.0,58.75,58.55,0.012360541505581472,59.25,2018-05-15,0.009867214437678795,ENTERED,0.687789844892663,0.0,2018
LONG,2018-05-17,6942.5,6942.25,2018-05-17,6914.0,6914.25,{},1,1,NQ,5,fixed_hold,0,0.0,-28.5,-28.7,0.01246519155090161,-28.0,2018-05-16,0.006779783917047144,ENTERED,0.6821257523513642,0.0,2018
SHORT,2018-05-18,6913.5,6913.75,2018-05-18,6874.0,6873.75,{},1,1,NQ,5,fixed_hold,0,0.0,39.5,39.3,0.012141274490897814,40.0,2018-05-17,-0.006965638576711952,ENTERED,0.7003241851781796,0.0,2018
SHORT,2018-05-21,6930.75,6931.0,2018-05-21,6911.25,6911.0,{},1,1,NQ,5,fixed_hold,0,0.0,19.5,19.3,0.011661027412277642,20.0,2018-05-18,-0.011966364812419306,ENTERED,0.7292885128615784,0.0,2018
SHORT,2018-05-22,6911.0,6911.25,2018-05-22,6901.75,6901.5,{},1,1,NQ,5,fixed_hold,0,0.0,9.25,9.05,0.01169378657375941,9.75,2018-05-21,-0.0169722543186398,ENTERED,0.7272454723110315,0.0,2018
SHORT,2018-05-23,6901.25,6901.5,2018-05-23,6950.25,6950.0,{},1,1,NQ,5,fixed_hold,0,0.0,-49.0,-49.2,0.010492994674942214,-48.5,2018-05-22,-0.005558291417729011,ENTERED,0.8110726872101282,0.0,2018
SHORT,2018-05-24,6950.0,6950.25,2018-05-24,6964.0,6963.75,{},1,1,NQ,5,fixed_hold,0,0.0,-14.0,-14.2,0.010400585405205613,-13.5,2018-05-23,-0.007152859639961151,ENTERED,0.8182790733709376,0.0,2018
SHORT,2018-05-25,6963.25,6963.5,2018-05-25,6965.5,6965.25,{},1,1,NQ,5,fixed_hold,0,0.0,-2.25,-2.45,0.009183032455085048,-1.75,2018-05-24,-0.0011599977895636604,ENTERED,0.9268343362045847,0.0,2018
LONG,2018-05-28,6991.25,6991.0,2018-05-28,6988.25,6988.5,{},1,1,NQ,5,fixed_hold,0,0.0,-3.0,-3.2,0.008692983307070041,-2.5,2018-05-25,0.004941566873466696,ENTERED,0.9790827255968333,0.0,2018
LONG,2018-05-29,6988.25,6988.0,2018-05-29,6932.75,6933.0,{},1,1,NQ,5,fixed_hold,0,0.0,-55.5,-55.7,0.008392434424026856,-55.0,2018-05-28,0.01121400665605532,ENTERED,1.01414552200577,0.0,2018
LONG,2018-05-30,6933.25,6933.0,2018-05-30,6976.75,6977.0,{},1,1,NQ,5,fixed_hold,0,0.0,43.5,43.3,0.008086401400710229,44.0,2018-05-29,0.00456422516844146,ENTERED,1.0524559647928757,0.0,2018
LONG,2018-05-31,6977.25,6977.0,2018-05-31,6983.0,6983.25,{},1,1,NQ,5,fixed_hold,0,0.0,5.75,5.55,0.007420076530397244,6.25,2018-05-30,0.0038848920863308045,ENTERED,1.1469667938089745,0.0,2018
LONG,2018-06-01,6983.75,6983.5,2018-06-01,7085.5,7085.75,{},1,1,NQ,5,fixed_hold,0,0.0,101.75,101.55,0.007425269936800105,102.25,2018-05-31,0.0028002154011845803,ENTERED,1.1453123472037623,0.0,2018
LONG,2018-06-04,7087.75,7087.5,2018-06-04,7147.0,7147.25,{},1,1,NQ,5,fixed_hold,0,0.0,59.25,59.05,0.006845002139994457,59.75,2018-06-01,0.017300168694590834,ENTERED,1.242403313543003,0.0,2018
LONG,2018-06-05,7148.0,7147.75,2018-06-05,7181.0,7181.25,{},1,1,NQ,5,fixed_hold,0,0.0,33.0,32.8,0.006962688287916635,33.5,2018-06-04,0.02271589039135713,ENTERED,1.2211990273381652,0.0,2018
LONG,2018-06-06,7181.75,7181.5,2018-06-06,7213.25,7213.5,{},1,1,NQ,5,fixed_hold,0,0.0,31.5,31.3,0.006965203966547177,32.0,2018-06-05,0.03580700995240127,ENTERED,1.2207579570821514,0.0,2018
LONG,2018-06-07,7213.5,7213.25,2018-06-07,7155.75,7156.0,{},1,1,NQ,5,fixed_hold,0,0.0,-57.75,-57.95,0.00662439997614159,-57.25,2018-06-06,0.033897090440016875,ENTERED,1.2833547122051818,0.0,2018
LONG,2018-06-08,7157.75,7157.5,2018-06-08,7151.0,7151.25,{},1,1,NQ,5,fixed_hold,0,0.0,-6.75,-6.95,0.006698365532627126,-6.25,2018-06-07,0.02473776536712813,ENTERED,1.2691834871512153,0.0,2018
LONG,2018-06-11,7163.25,7163.0,2018-06-11,7200.5,7200.75,{},1,1,NQ,5,fixed_hold,0,0.0,37.25,37.05,0.006696169172048672,37.75,2018-06-08,0.009243905020639653,ENTERED,1.269467084949151,0.0,2018
LONG,2018-06-12,7201.0,7200.75,2018-06-12,7247.0,7247.25,{},1,1,NQ,5,fixed_hold,0,0.0,46.0,45.8,0.006823394356039483,46.5,2018-06-11,0.007485396481164086,ENTERED,1.2457973137142553,0.0,2018
LONG,2018-06-13,7247.5,7247.25,2018-06-13,7234.5,7234.75,{},1,1,NQ,5,fixed_hold,0,0.0,-13.0,-13.2,0.006051659040123719,-12.5,2018-06-12,0.009190600522193115,ENTERED,1.4037007103694792,0.0,2018
LONG,2018-06-14,7235.0,7234.75,2018-06-14,7310.5,7310.75,{},1,1,NQ,5,fixed_hold,0,0.0,75.5,75.3,0.005911691316794457,76.0,2018-06-13,0.002945865391280167,ENTERED,1.4369353266810456,0.0,2018
LONG,2018-06-15,7310.75,7310.5,2018-06-15,7276.75,7277.0,{},1,1,NQ,5,fixed_hold,0,0.0,-34.0,-34.2,0.00606573251939515,-33.5,2018-06-14,0.021625209614309693,ENTERED,1.4003669863174,0.0,2018
LONG,2018-06-18,7282.5,7282.25,2018-06-18,7232.5,7232.75,{},1,1,NQ,5,fixed_hold,0,0.0,-50.0,-50.2,0.005982664910744114,-49.5,2018-06-15,0.017584338402377275,ENTERED,1.4198106854920503,0.0,2018
LONG,2018-06-19,7233.25,7233.0,2018-06-19,7260.5,7260.75,{},1,1,NQ,5,fixed_hold,0,0.0,27.25,27.05,0.006172456259136324,27.75,2018-06-18,0.004443981529701713,ENTERED,1.3759290075469257,0.0,2018
LONG,2018-06-20,7261.0,7260.75,2018-06-20,7321.75,7322.0,{},1,1,NQ,5,fixed_hold,0,0.0,60.75,60.55,0.006119504027309944,61.25,2018-06-19,0.0018627755355478115,ENTERED,1.3878349580061649,0.0,2018
LONG,2018-06-21,7322.0,7321.75,2018-06-21,7230.75,7231.0,{},1,1,NQ,5,fixed_hold,0,0.0,-91.25,-91.45,0.006181426554123954,-90.75,2018-06-20,0.012059850029372043,ENTERED,1.3717410751527028,0.0,2018
SHORT,2018-06-22,7231.0,7231.25,2018-06-22,7219.25,7219.0,{},1,1,NQ,5,fixed_hold,0,0.0,11.75,11.55,0.007040860700256484,12.25,2018-06-21,-0.010908593509558084,ENTERED,1.2043011598031723,0.0,2018
SHORT,2018-06-25,7220.75,7221.0,2018-06-25,7062.5,7062.25,{},1,1,NQ,5,fixed_hold,0,0.0,158.25,158.05,0.007076976172334533,158.75,2018-06-22,-0.007970317438504959,ENTERED,1.1980324514526308,0.0,2018
SHORT,2018-06-26,7062.25,7062.5,2018-06-26,7104.75,7104.5,{},1,1,NQ,5,fixed_hold,0,0.0,-42.5,-42.7,0.008800292837162172,-42.0,2018-06-25,-0.023573329646400132,ENTERED,0.9635266535137008,0.0,2018
SHORT,2018-06-27,7104.5,7104.75,2018-06-27,7010.5,7010.25,{},1,1,NQ,5,fixed_hold,0,0.0,94.0,93.8,0.008641502317652145,94.5,2018-06-26,-0.02151981544606274,ENTERED,0.9812317807299101,0.0,2018
SHORT,2018-06-28,7010.75,7011.0,2018-06-28,7061.5,7061.25,{},1,1,NQ,5,fixed_hold,0,0.0,-50.75,-50.95,0.00913256188646169,-50.25,2018-06-27,-0.042577164709095894,ENTERED,0.9299539078240747,0.0,2018
SHORT,2018-06-29,7061.0,7061.25,2018-06-29,7068.0,7067.75,{},1,1,NQ,5,fixed_hold,0,0.0,-7.0,-7.2,0.009265722327788353,-6.5,2018-06-28,-0.023475314617618537,ENTERED,0.916589264637226,0.0,2018
SHORT,2018-07-02,7071.0,7071.25,2018-07-02,7115.75,7115.5,{},1,1,NQ,5,fixed_hold,0,0.0,-44.75,-44.95,0.008655912805635132,-44.25,2018-06-29,-0.0209516553539274,ENTERED,0.9813236060399024,0.0,2018
LONG,2018-07-03,7115.75,7115.5,2018-07-03,7026.0,7026.25,{},1,1,NQ,5,fixed_hold,0,0.0,-89.75,-89.95,0.008563531694873805,-89.25,2018-07-02,0.007540089914686909,ENTERED,0.9919098650709216,0.0,2018
SHORT,2018-07-04,7026.25,7026.5,2018-07-04,7039.5,7039.25,{},1,1,NQ,5,fixed_hold,0,0.0,-13.25,-13.45,0.008904733611064784,-12.75,2018-07-03,-0.011014145963825883,ENTERED,0.9539553303402849,0.0,2018
LONG,2018-07-05,7039.25,7039.0,2018-07-05,7102.75,7103.0,{},1,1,NQ,5,fixed_hold,0,0.0,63.5,63.3,0.008837537131285933,64.0,2018-07-04,0.004136799686173864,ENTERED,0.9612087584292269,0.0,2018
LONG,2018-07-06,7103.25,7103.0,2018-07-06,7230.75,7231.0,{},1,1,NQ,5,fixed_hold,0,0.0,127.5,127.3,0.008968547445065643,128.0,2018-07-05,0.005912550893963475,ENTERED,0.9478197457542447,0.0,2018
LONG,2018-07-09,7239.0,7238.75,2018-07-09,7312.5,7312.75,{},1,1,NQ,5,fixed_hold,0,0.0,73.5,73.3,0.00986103048655235,74.0,2018-07-06,0.023097874146651876,ENTERED,0.8620363126104681,0.0,2018
LONG,2018-07-10,7313.25,7313.0,2018-07-10,7243.75,7244.0,{},1,1,NQ,5,fixed_hold,0,0.0,-69.5,-69.7,0.010055714491009735,-69.0,2018-07-09,0.027721172089101298,ENTERED,0.8454351933434358,0.0,2018
LONG,2018-07-11,7244.0,7243.75,2018-07-11,7258.75,7259.0,{},1,1,NQ,5,fixed_hold,0,0.0,14.75,14.55,0.01021184621663883,15.25,2018-07-10,0.030990926881337977,ENTERED,0.8325091021309375,0.0,2018
LONG,2018-07-12,7259.0,7258.75,2018-07-12,7394.0,7394.25,{},1,1,NQ,5,fixed_hold,0,0.0,135.0,134.8,0.010212840486590994,135.5,2018-07-11,0.03121781439784077,ENTERED,0.8325625153968149,0.0,2018
LONG,2018-07-13,7394.75,7394.5,2018-07-13,7397.5,7397.75,{},1,1,NQ,5,fixed_hold,0,0.0,2.75,2.55,0.010789154845279477,3.25,2018-07-12,0.041003801210756086,ENTERED,0.7880902894430909,0.0,2018
LONG,2018-07-16,7408.0,7407.75,2018-07-16,7329.25,7329.5,{},1,1,NQ,5,fixed_hold,0,0.0,-78.75,-78.95,0.010718853406608513,-78.25,2018-07-13,0.023060434241460426,ENTERED,0.7933920744447273,0.0,2018
LONG,2018-07-17,7329.25,7329.0,2018-07-17,7431.25,7431.5,{},1,1,NQ,5,fixed_hold,0,0.0,102.0,101.8,0.010848595520190615,102.5,2018-07-16,0.0022905199822227384,ENTERED,0.7839036236635943,0.0,2018
LONG,2018-07-18,7432.0,7431.75,2018-07-18,7406.75,7407.0,{},1,1,NQ,5,fixed_hold,0,0.0,-25.25,-25.45,0.011228030404532973,-24.75,2018-07-17,0.025883489784649383,ENTERED,0.7579763396838558,0.0,2018
LONG,2018-07-19,7407.0,7406.75,2018-07-19,7387.25,7387.5,{},1,1,NQ,5,fixed_hold,0,0.0,-19.75,-19.95,0.011137473613182541,-19.25,2018-07-18,0.020388483262157253,ENTERED,0.7641393087399685,0.0,2018
SHORT,2018-07-20,7386.5,7386.75,2018-07-20,7366.25,7366.0,{},1,1,NQ,5,fixed_hold,0,0.0,20.25,20.05,0.01074104022744001,20.75,2018-07-19,-0.0009128714879806932,ENTERED,0.7923952996759638,0.0,2018
SHORT,2018-07-23,7363.5,7363.75,2018-07-23,7437.5,7437.25,{},1,1,NQ,5,fixed_hold,0,0.0,-74.0,-74.2,0.010761734171837765,-73.5,2018-07-20,-0.0042918454935622075,ENTERED,0.7908715876040332,0.0,2018
LONG,2018-07-24,7437.5,7437.25,2018-07-24,7413.25,7413.5,{},1,1,NQ,5,fixed_hold,0,0.0,-24.25,-24.45,0.009477278193451009,-23.75,2018-07-23,0.014700866361961884,ENTERED,0.8981515167753269,0.0,2018
SHORT,2018-07-25,7413.25,7413.5,2018-07-25,7413.75,7413.5,{},1,1,NQ,5,fixed_hold,0,0.0,-0.5,-0.7,0.009528547287157354,-0.0,2018-07-24,-0.0024221220480387107,ENTERED,0.8933189423137284,0.0,2018
LONG,2018-07-26,7413.5,7413.25,2018-07-26,7433.5,7433.75,{},1,1,NQ,5,fixed_hold,0,0.0,20.0,19.8,0.008833538951049906,20.5,2018-07-25,0.0008775482651544042,ENTERED,0.9644467991232321,0.0,2018
LONG,2018-07-27,7434.5,7434.25,2018-07-27,7299.5,7299.75,{},1,1,NQ,5,fixed_hold,0,0.0,-135.0,-135.2,0.008771611306460505,-134.5,2018-07-26,0.0062605752961082395,ENTERED,0.9712558010859045,0.0,2018
SHORT,2018-07-30,7291.5,7291.75,2018-07-30,7211.0,7210.75,{},1,1,NQ,5,fixed_hold,0,0.0,80.5,80.3,0.009912577164128715,81.0,2018-07-27,-0.008994026608742822,ENTERED,0.8604072315612187,0.0,2018
SHORT,2018-07-31,7211.0,7211.25,2018-07-31,7273.25,7273.0,{},1,1,NQ,5,fixed_hold,0,0.0,-62.25,-62.45,0.010298167870597333,-61.75,2018-07-30,-0.03045480520353616,ENTERED,0.8281913037925879,0.0,2018
SHORT,2018-08-01,7273.0,7273.25,2018-08-01,7288.0,7287.75,{},1,1,NQ,5,fixed_hold,0,0.0,-15.0,-15.2,0.0099458355777856,-14.5,2018-07-31,-0.018951912052336928,ENTERED,0.857765606196152,0.0,2018
SHORT,2018-08-02,7287.5,7287.75,2018-08-02,7388.75,7388.5,{},1,1,NQ,5,fixed_hold,0,0.0,-101.25,-101.45,0.009945986612007034,-100.75,2018-08-01,-0.016962298509475837,ENTERED,0.8577525806446852,0.0,2018
SHORT,2018-08-03,7388.5,7388.75,2018-08-03,7406.25,7406.0,{},1,1,NQ,5,fixed_hold,0,0.0,-17.75,-17.95,0.010183811418998991,-17.25,2018-08-02,-0.006087102740877759,ENTERED,0.8378523466386232,0.0,2018
LONG,2018-08-06,7404.75,7404.5,2018-08-06,7444.5,7444.75,{},1,1,NQ,5,fixed_hold,0,0.0,39.75,39.55,0.009465704467851919,40.25,2018-08-03,0.014555292989486102,ENTERED,0.9014152432195915,0.0,2018
LONG,2018-08-07,7444.5,7444.25,2018-08-07,7474.0,7474.25,{},1,1,NQ,5,fixed_hold,0,0.0,29.5,29.3,0.009219995374686792,30.0,2018-08-06,0.032451548035918654,ENTERED,0.9255315376985315,0.0,2018
LONG,2018-08-08,7475.0,7474.75,2018-08-08,7468.25,7468.5,{},1,1,NQ,5,fixed_hold,0,0.0,-6.75,-6.95,0.008910511103941143,-6.25,2018-08-07,0.027670837343600097,ENTERED,0.9576775559970818,0.0,2018
LONG,2018-08-09,7468.75,7468.5,2018-08-09,7465.75,7466.0,{},1,1,NQ,5,fixed_hold,0,0.0,-3.0,-3.2,0.008925290057854328,-2.5,2018-08-08,0.024801893588556556,ENTERED,0.9561000801052245,0.0,2018
LONG,2018-08-10,7466.75,7466.5,2018-08-10,7432.0,7432.25,{},1,1,NQ,5,fixed_hold,0,0.0,-34.75,-34.95,0.007960311615755016,-34.25,2018-08-09,0.010489273871557181,ENTERED,1.0719927697074008,0.0,2018
LONG,2018-08-13,7412.5,7412.25,2018-08-13,7423.75,7424.0,{},1,1,NQ,5,fixed_hold,0,0.0,11.25,11.05,0.008039550742504004,11.75,2018-08-10,0.0035444234404538033,ENTERED,1.061427033676436,0.0,2018
SHORT,2018-08-14,7423.5,7423.75,2018-08-14,7460.75,7460.5,{},1,1,NQ,5,fixed_hold,0,0.0,-37.25,-37.45,0.007734412702334441,-36.75,2018-08-13,-0.002787199032875276,ENTERED,1.1031904584763337,0.0,2018
SHORT,2018-08-15,7460.25,7460.5,2018-08-15,7371.75,7371.5,{},1,1,NQ,5,fixed_hold,0,0.0,88.5,88.3,0.007163884648362405,89.0,2018-08-14,-0.001839649463156845,ENTERED,1.1910479738229685,0.0,2018
SHORT,2018-08-16,7371.25,7371.5,2018-08-16,7375.25,7375.0,{},1,1,NQ,5,fixed_hold,0,0.0,-4.0,-4.2,0.007631672386204935,-3.5,2018-08-15,-0.012987882439579712,ENTERED,1.1178671268603684,0.0,2018
SHORT,2018-08-17,7375.0,7375.25,2018-08-17,7390.75,7390.5,{},1,1,NQ,5,fixed_hold,0,0.0,-15.75,-15.95,0.0076114116189977665,-15.25,2018-08-16,-0.012188588266809575,ENTERED,1.1208427701128412,0.0,2018
SHORT,2018-08-20,7394.75,7395.0,2018-08-20,7378.5,7378.25,{},1,1,NQ,5,fixed_hold,0,0.0,16.25,16.05,0.007595016868577962,16.75,2018-08-17,-0.0056174106091697595,ENTERED,1.122953802869147,0.0,2018
SHORT,2018-08-21,7378.25,7378.5,2018-08-21,7360.5,7360.25,{},1,1,NQ,5,fixed_hold,0,0.0,17.75,17.55,0.007266187086832479,18.25,2018-08-20,-0.006162446120689835,ENTERED,1.1737728431023504,0.0,2018
SHORT,2018-08-22,7359.75,7360.0,2018-08-22,7436.75,7436.5,{},1,1,NQ,5,fixed_hold,0,0.0,-77.0,-77.2,0.0072527304031376,-76.5,2018-08-21,-0.013437437169090627,ENTERED,1.1746580794709902,0.0,2018
LONG,2018-08-23,7437.0,7436.75,2018-08-23,7427.5,7427.75,{},1,1,NQ,5,fixed_hold,0,0.0,-9.5,-9.7,0.007637663859678801,-9.0,2018-08-22,0.008817744014108175,ENTERED,1.115456050802,0.0,2018
LONG,2018-08-24,7427.75,7427.5,2018-08-24,7496.25,7496.5,{},1,1,NQ,5,fixed_hold,0,0.0,68.5,68.3,0.00761899250061864,69.0,2018-08-23,0.007152542372881321,ENTERED,1.117212253937591,0.0,2018
LONG,2018-08-27,7524.5,7524.25,2018-08-27,7581.25,7581.5,{},1,1,NQ,5,fixed_hold,0,0.0,56.75,56.55,0.006598040783600694,57.25,2018-08-24,0.014342737297882602,ENTERED,1.2900847484159612,0.0,2018
LONG,2018-08-28,7581.75,7581.5,2018-08-28,7586.5,7586.75,{},1,1,NQ,5,fixed_hold,0,0.0,4.75,4.55,0.00613780695948684,5.25,2018-08-27,0.027547182597499553,ENTERED,1.386676030385533,0.0,2018
LONG,2018-08-29,7586.75,7586.5,2018-08-29,7669.0,7669.25,{},1,1,NQ,5,fixed_hold,0,0.0,82.25,82.05,0.0059768220445260405,82.75,2018-08-28,0.03077341122923838,ENTERED,1.4240259667173745,0.0,2018
LONG,2018-08-30,7669.5,7669.25,2018-08-30,7640.25,7640.5,{},1,1,NQ,5,fixed_hold,0,0.0,-29.25,-29.45,0.006288034729960062,-28.75,2018-08-29,0.03129832582532144,ENTERED,1.353456485750199,0.0,2018
LONG,2018-08-31,7641.0,7640.75,2018-08-31,7673.75,7674.0,{},1,1,NQ,5,fixed_hold,0,0.0,32.75,32.55,0.005845288625068781,33.25,2018-08-30,0.028642590286426017,ENTERED,1.4559728242310366,0.0,2018
LONG,2018-09-03,7673.5,7673.25,2018-09-03,7673.5,7673.75,{},1,1,NQ,5,fixed_hold,0,0.0,0.0,-0.2,0.005874831140946388,0.5,2018-08-31,0.02367771626759163,ENTERED,1.4475740895198042,0.0,2018
LONG,2018-09-04,7674.0,7673.75,2018-09-04,7633.75,7634.0,{},1,1,NQ,5,fixed_hold,0,0.0,-40.25,-40.45,0.005830510101483867,-39.75,2018-09-03,0.012167776825166232,ENTERED,1.4585779274739143,0.0,2018
LONG,2018-09-05,7634.0,7633.75,2018-09-05,7526.5,7526.75,{},1,1,NQ,5,fixed_hold,0,0.0,-107.5,-107.7,0.005986246879950497,-107.0,2018-09-04,0.0062279632253599004,ENTERED,1.420393835299513,0.0,2018
SHORT,2018-09-06,7526.75,7527.0,2018-09-06,7451.25,7451.0,{},1,1,NQ,5,fixed_hold,0,0.0,75.5,75.3,0.00687245839095513,76.0,2018-09-05,-0.018580695635166622,ENTERED,1.2372323964963157,0.0,2018
SHORT,2018-09-07,7450.25,7450.5,2018-09-07,7434.25,7434.0,{},1,1,NQ,5,fixed_hold,0,0.0,16.0,15.8,0.0072613657715619164,16.5,2018-09-06,-0.02480204175119438,ENTERED,1.170779050713561,0.0,2018
SHORT,2018-09-10,7441.75,7442.0,2018-09-10,7465.0,7464.75,{},1,1,NQ,5,fixed_hold,0,0.0,-23.25,-23.45,0.0072062814042195755,-22.75,2018-09-07,-0.03127443315089917,ENTERED,1.1797284130391092,0.0,2018
SHORT,2018-09-11,7464.25,7464.5,2018-09-11,7518.0,7517.75,{},1,1,NQ,5,fixed_hold,0,0.0,-53.75,-53.95,0.007257657377324315,-53.25,2018-09-10,-0.027235706141065408,ENTERED,1.171254843983956,0.0,2018
SHORT,2018-09-12,7517.5,7517.75,2018-09-12,7483.0,7482.75,{},1,1,NQ,5,fixed_hold,0,0.0,34.5,34.3,0.007346655948009781,35.0,2018-09-11,-0.01522792769190473,ENTERED,1.1570660745954509,0.0,2018
SHORT,2018-09-13,7482.25,7482.5,2018-09-13,7570.75,7570.5,{},1,1,NQ,5,fixed_hold,0,0.0,-88.5,-88.7,0.006868216997072964,-88.0,2018-09-12,-0.005845816587504493,ENTERED,1.2368156243688497,0.0,2018
LONG,2018-09-14,7571.25,7571.0,2018-09-14,7545.5,7545.75,{},1,1,NQ,5,fixed_hold,0,0.0,-25.75,-25.95,0.0072904991129152455,-25.25,2018-09-13,0.016038115689169352,ENTERED,1.165176479959651,0.0,2018
LONG,2018-09-17,7557.0,7556.75,2018-09-17,7423.75,7424.0,{},1,1,NQ,5,fixed_hold,0,0.0,-133.25,-133.45,0.007359338042207074,-132.75,2018-09-14,0.015032284100080728,ENTERED,1.1542140773092413,0.0,2018
SHORT,2018-09-18,7424.25,7424.5,2018-09-18,7527.5,7527.25,{},1,1,NQ,5,fixed_hold,0,0.0,-103.25,-103.45,0.008293950674356206,-102.75,2018-09-17,-0.005458990589102153,ENTERED,1.0241502393130857,0.0,2018
LONG,2018-09-19,7527.25,7527.0,2018-09-19,7534.75,7535.0,{},1,1,NQ,5,fixed_hold,0,0.0,7.5,7.3,0.008795736416322432,8.0,2018-09-18,0.0012636759668784858,ENTERED,0.9657237513654771,0.0,2018
LONG,2018-09-20,7535.0,7534.75,2018-09-20,7609.75,7610.0,{},1,1,NQ,5,fixed_hold,0,0.0,74.75,74.55,0.008525347857038224,75.25,2018-09-19,0.006982726938625561,ENTERED,0.9964072124661291,0.0,2018
LONG,2018-09-21,7610.0,7609.75,2018-09-21,7547.25,7547.5,{},1,1,NQ,5,fixed_hold,0,0.0,-62.75,-62.95,0.00875702619854898,-62.25,2018-09-20,0.005217621028994257,ENTERED,0.9700459837545192,0.0,2018
LONG,2018-09-24,7524.75,7524.5,2018-09-24,7585.0,7585.25,{},1,1,NQ,5,fixed_hold,0,0.0,60.25,60.05,0.008787526068245309,60.75,2018-09-21,0.0002319186296921849,ENTERED,0.9673446534497039,0.0,2018
LONG,2018-09-25,7585.5,7585.25,2018-09-25,7603.75,7604.0,{},1,1,NQ,5,fixed_hold,0,0.0,18.25,18.05,0.008480312807078914,18.75,2018-09-24,0.021720096982758896,ENTERED,1.0016986739504001,0.0,2018
LONG,2018-09-26,7604.0,7603.75,2018-09-26,7603.75,7604.0,{},1,1,NQ,5,fixed_hold,0,0.0,-0.25,-0.45,0.008496628389444068,0.25,2018-09-25,0.010196286824537548,ENTERED,1.0,0.0,2018
LONG,2018-09-27,7604.0,7603.75,2018-09-27,7661.5,7661.75,{},1,1,NQ,5,fixed_hold,0,0.0,57.5,57.3,0.008113395052264497,58.0,2018-09-26,0.009157266091572636,ENTERED,1.0469991956282982,0.0,2018
LONG,2018-09-28,7661.75,7661.5,2018-09-28,7668.0,7668.25,{},1,1,NQ,5,fixed_hold,0,0.0,6.25,6.05,0.008261798416191218,6.75,2018-09-27,0.006800262812089342,ENTERED,1.0281923699430693,0.0,2018
LONG,2018-10-01,7687.5,7687.25,2018-10-01,7675.75,7676.0,{},1,1,NQ,5,fixed_hold,0,0.0,-11.75,-11.95,0.00820452760343953,-11.25,2018-09-28,0.01599867505796637,ENTERED,1.0353126930101189,0.0,2018
LONG,2018-10-02,7676.25,7676.0,2018-10-02,7651.5,7651.75,{},1,1,NQ,5,fixed_hold,0,0.0,-24.75,-24.95,0.008207661818198377,-24.25,2018-10-01,0.01196400909660178,ENTERED,1.0349173438358559,0.0,2018
LONG,2018-10-03,7652.25,7652.0,2018-10-03,7645.5,7645.75,{},1,1,NQ,5,fixed_hold,0,0.0,-6.75,-6.95,0.008152183321850939,-6.25,2018-10-02,0.006279589689637044,ENTERED,1.0417898223652757,0.0,2018
LONG,2018-10-04,7646.0,7645.75,2018-10-04,7519.75,7520.0,{},1,1,NQ,5,fixed_hold,0,0.0,-126.25,-126.45,0.007445334395835685,-125.75,2018-10-03,0.005490531299316093,ENTERED,1.1406957919190934,0.0,2018
SHORT,2018-10-05,7520.0,7520.25,2018-10-05,7438.5,7438.25,{},1,1,NQ,5,fixed_hold,0,0.0,81.5,81.3,0.008048412855857725,82.0,2018-10-04,-0.018500995203445947,ENTERED,1.0536627480419134,0.0,2018
SHORT,2018-10-08,7422.75,7423.0,2018-10-08,7385.5,7385.25,{},1,1,NQ,5,fixed_hold,0,0.0,37.25,37.05,0.00842457447864045,37.75,2018-10-05,-0.02999380562709897,ENTERED,1.0066161594962193,0.0,2018
SHORT,2018-10-09,7384.75,7385.0,2018-10-09,7403.25,7403.0,{},1,1,NQ,5,fixed_hold,0,0.0,-18.5,-18.7,0.00851382645176847,-18.0,2018-10-08,-0.03787780093798854,ENTERED,0.9960636213482371,0.0,2018
SHORT,2018-10-10,7402.75,7403.0,2018-10-10,7016.0,7015.75,{},1,1,NQ,5,fixed_hold,0,0.0,386.75,386.55,0.008356463969183105,387.25,2018-10-09,-0.03250890319208033,ENTERED,1.0148207230178383,0.0,2018
SHORT,2018-10-11,7014.75,7015.0,2018-10-11,7072.25,7072.0,{},1,1,NQ,5,fixed_hold,0,0.0,-57.5,-57.7,0.014249241573872955,-57.0,2018-10-10,-0.0823987182421606,ENTERED,0.5951413458122711,0.0,2018
SHORT,2018-10-12,7071.75,7072.0,2018-10-12,7185.0,7184.75,{},1,1,NQ,5,fixed_hold,0,0.0,-113.25,-113.45,0.014068847619275836,-112.75,2018-10-11,-0.05957446808510636,ENTERED,0.6036643401499435,0.0,2018
SHORT,2018-10-15,7166.0,7166.25,2018-10-15,7099.75,7099.5,{},1,1,NQ,5,fixed_hold,0,0.0,66.25,66.05,0.014712512425918195,66.75,2018-10-12,-0.03408059691459675,ENTERED,0.577254337593548,0.0,2018
SHORT,2018-10-16,7099.75,7100.0,2018-10-16,7346.0,7345.75,{},1,1,NQ,5,fixed_hold,0,0.0,-246.25,-246.45,0.014531728203830202,-245.75,2018-10-15,-0.03869198740733204,ENTERED,0.5845314093993282,0.0,2018
SHORT,2018-10-17,7345.75,7346.0,2018-10-17,7282.5,7282.25,{},1,1,NQ,5,fixed_hold,0,0.0,63.25,63.05,0.01636560802235566,63.75,2018-10-16,-0.007733351344049733,ENTERED,0.5190306132463618,0.0,2018
LONG,2018-10-18,7282.5,7282.25,2018-10-18,7142.0,7142.25,{},1,1,NQ,5,fixed_hold,0,0.0,-140.5,-140.7,0.016442424215360824,-140.0,2018-10-17,0.037985960161066146,ENTERED,0.5166341642979639,0.0,2018
LONG,2018-10-19,7143.0,7142.75,2018-10-19,7104.25,7104.5,{},1,1,NQ,5,fixed_hold,0,0.0,-38.75,-38.95,0.016658783051783508,-38.25,2018-10-18,0.009933540723981782,ENTERED,0.5099242884146985,0.0,2018
SHORT,2018-10-22,7082.25,7082.5,2018-10-22,7140.25,7140.0,{},1,1,NQ,5,fixed_hold,0,0.0,-58.0,-58.2,0.016623702126918206,-57.5,2018-10-19,-0.01116949093566244,ENTERED,0.5111152933669186,0.0,2018
LONG,2018-10-23,7140.5,7140.25,2018-10-23,7136.75,7137.0,{},1,1,NQ,5,fixed_hold,0,0.0,-3.75,-3.95,0.016623581698218454,-3.25,2018-10-22,0.005704627086414504,ENTERED,0.5111189961159003,0.0,2018
SHORT,2018-10-24,7136.25,7136.5,2018-10-24,6833.25,6833.0,{},1,1,NQ,5,fixed_hold,0,0.0,303.0,302.8,0.016587049206505135,303.5,2018-10-23,-0.02841779260116406,ENTERED,0.51248213309895,0.0,2018
SHORT,2018-10-25,6833.0,6833.25,2018-10-25,6885.25,6885.0,{},1,1,NQ,5,fixed_hold,0,0.0,-52.25,-52.45,0.018768400658023807,-51.75,2018-10-24,-0.06169109821827057,ENTERED,0.4529190586909632,0.0,2018
SHORT,2018-10-26,6885.5,6885.75,2018-10-26,6868.75,6868.5,{},1,1,NQ,5,fixed_hold,0,0.0,16.75,16.55,0.018768953297542076,17.25,2018-10-25,-0.03601806153523057,ENTERED,0.45295306510387706,0.0,2018
SHORT,2018-10-29,6920.0,6920.25,2018-10-29,6728.75,6728.5,{},1,1,NQ,5,fixed_hold,0,0.0,191.25,191.05,0.01872825507820343,191.75,2018-10-26,-0.03321838271518063,ENTERED,0.4539373737389706,0.0,2018
SHORT,2018-10-30,6727.5,6727.75,2018-10-30,6837.0,6836.75,{},1,1,NQ,5,fixed_hold,0,0.0,-109.5,-109.7,0.01895701868347358,-109.0,2018-10-29,-0.05763305322128853,ENTERED,0.44853192935212205,0.0,2018
SHORT,2018-10-31,6836.0,6836.25,2018-10-31,6974.75,6974.5,{},1,1,NQ,5,fixed_hold,0,0.0,-138.75,-138.95,0.019607221039382294,-138.25,2018-10-30,-0.04206949698752971,ENTERED,0.4336579950715189,0.0,2018
LONG,2018-11-01,6974.25,6974.0,2018-11-01,7016.25,7016.5,{},1,1,NQ,5,fixed_hold,0,0.0,42.0,41.8,0.020410522140617896,42.5,2018-10-31,0.02070832723547511,ENTERED,0.41666025402722046,0.0,2018
LONG,2018-11-02,7016.5,7016.25,2018-11-02,6975.5,6975.75,{},1,1,NQ,5,fixed_hold,0,0.0,-41.0,-41.2,0.02032979404318564,-40.5,2018-11-01,0.019099491648511435,ENTERED,0.418314780851831,0.0,2018
LONG,2018-11-05,6958.25,6958.0,2018-11-05,6951.75,6952.0,{},1,1,NQ,5,fixed_hold,0,0.0,-6.5,-6.7,0.020261441720374907,-6.0,2018-11-02,0.015614763048700686,ENTERED,0.42003829270099297,0.0,2018
LONG,2018-11-06,6952.5,6952.25,2018-11-06,6999.0,6999.25,{},1,1,NQ,5,fixed_hold,0,0.0,46.5,46.3,0.02023870768686126,47.0,2018-11-05,0.03321691313071273,ENTERED,0.42051011949799144,0.0,2018
LONG,2018-11-07,6998.75,6998.5,2018-11-07,7211.5,7211.75,{},1,1,NQ,5,fixed_hold,0,0.0,212.75,212.55,0.020322064369353233,213.25,2018-11-06,0.023768603503126595,ENTERED,0.4188132482588324,0.0,2018
LONG,2018-11-08,7211.75,7211.5,2018-11-08,7156.5,7156.75,{},1,1,NQ,5,fixed_hold,0,0.0,-55.25,-55.45,0.01794812862596727,-54.75,2018-11-07,0.03401677539608561,ENTERED,0.4742082011569728,0.0,2018
LONG,2018-11-09,7156.25,7156.0,2018-11-09,7028.75,7029.0,{},1,1,NQ,5,fixed_hold,0,0.0,-127.5,-127.7,0.017991445861399738,-127.0,2018-11-08,0.019988598303997573,ENTERED,0.47311549332519937,0.0,2018
LONG,2018-11-12,7033.25,7033.0,2018-11-12,6834.5,6834.75,{},1,1,NQ,5,fixed_hold,0,0.0,-198.75,-198.95,0.018076128099130163,-198.25,2018-11-09,0.007633587786259666,ENTERED,0.4708990629890125,0.0,2018
SHORT,2018-11-13,6834.25,6834.5,2018-11-13,6880.5,6880.25,{},1,1,NQ,5,fixed_hold,0,0.0,-46.25,-46.45,0.018902853545769954,-45.75,2018-11-12,-0.016865650172612323,ENTERED,0.45039900622166534,0.0,2018
SHORT,2018-11-14,6879.5,6879.75,2018-11-14,6774.75,6774.5,{},1,1,NQ,5,fixed_hold,0,0.0,104.75,104.55,0.017004811962763176,105.25,2018-11-13,-0.017001821623745417,ENTERED,0.5006716022742204,0.0,2018
SHORT,2018-11-15,6774.5,6774.75,2018-11-15,6871.25,6871.0,{},1,1,NQ,5,fixed_hold,0,0.0,-96.75,-96.95,0.017185155202945772,-96.25,2018-11-14,-0.06063022151350228,ENTERED,0.4957463732890884,0.0,2018
SHORT,2018-11-16,6871.0,6871.25,2018-11-16,6897.5,6897.25,{},1,1,NQ,5,fixed_hold,0,0.0,-26.5,-26.7,0.017199410955586733,-26.0,2018-11-15,-0.039927341321130405,ENTERED,0.4953354733060301,0.0,2018
SHORT,2018-11-19,6868.0,6868.25,2018-11-19,6654.5,6654.25,{},1,1,NQ,5,fixed_hold,0,0.0,213.5,213.3,0.017222588346144378,214.0,2018-11-16,-0.01874377578602937,ENTERED,0.4950096748347814,0.0,2018
SHORT,2018-11-20,6653.25,6653.5,2018-11-20,6519.0,6518.75,{},1,1,NQ,5,fixed_hold,0,0.0,134.25,134.05,0.018727288134247077,134.75,2018-11-19,-0.026409159076776878,ENTERED,0.45523664696799854,0.0,2018
SHORT,2018-11-21,6518.25,6518.5,2018-11-21,6586.5,6586.25,{},1,1,NQ,5,fixed_hold,0,0.0,-68.25,-68.45,0.01909055926712898,-67.75,2018-11-20,-0.052541695432578694,ENTERED,0.446757633240757,0.0,2018
SHORT,2018-11-22,6585.0,6585.25,2018-11-22,6544.25,6544.0,{},1,1,NQ,5,fixed_hold,0,0.0,40.75,40.55,0.017071773521370077,41.25,2018-11-21,-0.027788028636799633,ENTERED,0.49958799328896375,0.0,2018
SHORT,2018-11-23,6543.75,6544.0,2018-11-23,6530.75,6530.5,{},1,1,NQ,5,fixed_hold,0,0.0,13.0,12.8,0.016956955019741666,13.5,2018-11-22,-0.047591325862319844,ENTERED,0.5031089410554144,0.0,2018
SHORT,2018-11-26,6553.5,6553.75,2018-11-26,6642.75,6642.5,{},1,1,NQ,5,fixed_hold,0,0.0,-89.25,-89.45,0.016957122182857172,-88.75,2018-11-23,-0.05317336619667268,ENTERED,0.5031039814132582,0.0,2018
SHORT,2018-11-27,6642.25,6642.5,2018-11-27,6722.25,6722.0,{},1,1,NQ,5,fixed_hold,0,0.0,-80.0,-80.2,0.016937099311546234,-79.5,2018-11-26,-0.001765788781605715,ENTERED,0.5037775440873029,0.0,2018
LONG,2018-11-28,6721.75,6721.5,2018-11-28,6910.75,6911.0,{},1,1,NQ,5,fixed_hold,0,0.0,189.0,188.8,0.016748654487826902,189.5,2018-11-27,0.031179290508149604,ENTERED,0.5094457170476019,0.0,2018
LONG,2018-11-29,6911.0,6910.75,2018-11-29,6902.75,6903.0,{},1,1,NQ,5,fixed_hold,0,0.0,-8.25,-8.45,0.017354797281423296,-7.75,2018-11-28,0.04930726893148596,ENTERED,0.491702458883886,0.0,2018
LONG,2018-11-30,6903.25,6903.0,2018-11-30,6966.0,6966.25,{},1,1,NQ,5,fixed_hold,0,0.0,62.75,62.55,0.017290983481757064,63.25,2018-11-29,0.05485941320293408,ENTERED,0.4935171273346259,0.0,2018
LONG,2018-12-03,7084.5,7084.25,2018-12-03,7045.0,7045.25,{},1,1,NQ,5,fixed_hold,0,0.0,-39.5,-39.7,0.01738079162544715,-39.0,2018-11-30,0.06672536559222153,ENTERED,0.4909713391180104,0.0,2018
LONG,2018-12-04,7045.5,7045.25,2018-12-04,6824.0,6824.25,{},1,1,NQ,5,fixed_hold,0,0.0,-221.5,-221.7,0.017409252421547373,-221.0,2018-12-03,0.042965692141582856,ENTERED,0.490168694935748,0.0,2018
SHORT,2018-12-05,6823.75,6824.0,2018-12-05,6746.5,6746.25,{},1,1,NQ,5,fixed_hold,0,0.0,77.25,77.05,0.01866786496600873,77.75,2018-12-04,-0.001698789992597316,ENTERED,0.45715621046401583,0.0,2018
SHORT,2018-12-06,6746.0,6746.25,2018-12-06,6847.25,6847.0,{},1,1,NQ,5,fixed_hold,0,0.0,-101.25,-101.45,0.017138631271759387,-100.75,2018-12-05,-0.04009840055408931,ENTERED,0.4979470221392092,0.0,2018
SHORT,2018-12-07,6846.5,6846.75,2018-12-07,6631.75,6631.5,{},1,1,NQ,5,fixed_hold,0,0.0,214.75,214.55,0.017624811531127115,215.25,2018-12-06,-0.024633957051476973,ENTERED,0.48483013627534616,0.0,2018
SHORT,2018-12-10,6571.5,6571.75,2018-12-10,6680.0,6679.75,{},1,1,NQ,5,fixed_hold,0,0.0,-108.5,-108.7,0.018475780375701967,-108.0,2018-12-07,-0.06390937643363792,ENTERED,0.4624995319657231,0.0,2018
SHORT,2018-12-11,6679.75,6680.0,2018-12-11,6705.75,6705.5,{},1,1,NQ,5,fixed_hold,0,0.0,-26.0,-26.2,0.018079555344278977,-25.5,2018-12-10,-0.04325865934755002,ENTERED,0.472746990459826,0.0,2018
SHORT,2018-12-12,6705.75,6706.0,2018-12-12,6792.25,6792.0,{},1,1,NQ,5,fixed_hold,0,0.0,-86.5,-86.7,0.018024793779595386,-86.0,2018-12-11,-0.008467443622910187,ENTERED,0.4741832545976352,0.0,2018
LONG,2018-12-13,6791.75,6791.5,2018-12-13,6751.5,6751.75,{},1,1,NQ,5,fixed_hold,0,0.0,-40.25,-40.45,0.017989673270977245,-39.75,2018-12-12,0.015935149340204235,ENTERED,0.47602485970044595,0.0,2018
SHORT,2018-12-14,6751.25,6751.5,2018-12-14,6584.0,6583.75,{},1,1,NQ,5,fixed_hold,0,0.0,167.25,167.05,0.017706136146116856,167.75,2018-12-13,-0.0049457353021583605,ENTERED,0.48364768147069054,0.0,2018
LONG,2018-12-17,6635.0,6634.75,2018-12-17,6513.5,6513.75,{},1,1,NQ,5,fixed_hold,0,0.0,-121.5,-121.7,0.018433606203624144,-121.0,2018-12-14,0.0018259976414196633,ENTERED,0.46601396174794013,0.0,2018
SHORT,2018-12-18,6514.25,6514.5,2018-12-18,6492.75,6492.5,{},1,1,NQ,5,fixed_hold,0,0.0,21.5,21.3,0.016894411198390417,22.0,2018-12-17,-0.02485122946218077,ENTERED,0.508470982230545,0.0,2018
SHORT,2018-12-19,6491.75,6492.0,2018-12-19,6374.0,6373.75,{},1,1,NQ,5,fixed_hold,0,0.0,117.75,117.55,0.016302111716187125,118.25,2018-12-18,-0.03176496905525339,ENTERED,0.5271751279273225,0.0,2018
SHORT,2018-12-20,6373.5,6373.75,2018-12-20,6309.0,6308.75,{},1,1,NQ,5,fixed_hold,0,0.0,64.5,64.3,0.016558092965496485,65.0,2018-12-19,-0.061579799764428844,ENTERED,0.5190252191103555,0.0,2018
SHORT,2018-12-21,6308.25,6308.5,2018-12-21,6081.0,6080.75,{},1,1,NQ,5,fixed_hold,0,0.0,227.25,227.05,0.016633890889870124,227.75,2018-12-20,-0.06561261895064252,ENTERED,0.5167515500854349,0.0,2018
SHORT,2018-12-24,6063.0,6063.25,2018-12-24,5894.25,5894.0,{},1,1,NQ,5,fixed_hold,0,0.0,168.75,168.55,0.01829415579550758,169.25,2018-12-21,-0.07640022783368139,ENTERED,0.46985436209104353,0.0,2018
SHORT,2018-12-25,5901.75,5902.0,2018-12-25,5902.5,5902.25,{},1,1,NQ,5,fixed_hold,0,0.0,-0.75,-0.95,0.01853992667844296,-0.25,2018-12-24,-0.09514488581846103,ENTERED,0.4639520454136081,0.0,2018
SHORT,2018-12-26,5902.75,5903.0,2018-12-26,6260.0,6259.75,{},1,1,NQ,5,fixed_hold,0,0.0,-357.25,-357.45,0.018141757946222598,-356.75,2018-12-25,-0.09091259145167496,ENTERED,0.4741346968568132,0.0,2018
SHORT,2018-12-27,6259.5,6259.75,2018-12-27,6288.5,6288.25,{},1,1,NQ,5,fixed_hold,0,0.0,-29.0,-29.2,0.02237753373439067,-28.5,2018-12-26,-0.01788585997254355,ENTERED,0.3844187221580692,0.0,2018
SHORT,2018-12-28,6287.5,6287.75,2018-12-28,6296.5,6296.25,{},1,1,NQ,5,fixed_hold,0,0.0,-9.0,-9.2,0.022466552036944462,-8.5,2018-12-27,-0.003249455121854483,ENTERED,0.3828955555386371,0.0,2018
LONG,2018-12-31,6342.5,6342.25,2018-12-31,6352.0,6352.25,{},1,1,NQ,5,fixed_hold,0,0.0,9.5,9.3,0.022276924357802375,10.0,2018-12-28,0.03543970727295154,ENTERED,0.386277501689468,0.0,2018
LONG,2019-01-01,6349.75,6349.5,2019-01-01,6372.75,6373.0,{},1,1,NQ,5,fixed_hold,0,0.0,23.0,22.8,0.02249796674607109,23.5,2018-12-31,0.07774855785544621,ENTERED,0.38248232755343975,0.0,2019
LONG,2019-01-02,6372.75,6372.5,2019-01-02,6218.25,6218.5,{},1,1,NQ,5,fixed_hold,0,0.0,-154.5,-154.7,0.021635383853116297,-154.0,2019-01-01,0.07975771951374444,ENTERED,0.39779968964343204,0.0,2019
SHORT,2019-01-03,6218.5,6218.75,2019-01-03,6168.25,6168.0,{},1,1,NQ,5,fixed_hold,0,0.0,50.25,50.05,0.022091046396493758,50.75,2019-01-02,-0.00658972003674263,ENTERED,0.3895944459856911,0.0,2019
SHORT,2019-01-04,6167.0,6167.25,2019-01-04,6432.0,6431.75,{},1,1,NQ,5,fixed_hold,0,0.0,-265.0,-265.2,0.02168260702596444,-264.5,2019-01-03,-0.019122967439271665,ENTERED,0.3972895779423797,0.0,2019
LONG,2019-01-07,6451.75,6451.5,2019-01-07,6495.75,6496.0,{},1,1,NQ,5,fixed_hold,0,0.0,44.0,43.8,0.02313408124086577,44.5,2019-01-04,0.021520746476076935,ENTERED,0.37236290926561594,0.0,2019
LONG,2019-01-08,6496.5,6496.25,2019-01-08,6569.5,6569.75,{},1,1,NQ,5,fixed_hold,0,0.0,73.0,72.8,0.0229249714920231,73.5,2019-01-07,0.022629776850721983,ENTERED,0.3760103889046113,0.0,2019
LONG,2019-01-09,6570.0,6569.75,2019-01-09,6592.5,6592.75,{},1,1,NQ,5,fixed_hold,0,0.0,22.5,22.3,0.02307192386114716,23.0,2019-01-08,0.030872430566452502,ENTERED,0.3736154599945935,0.0,2019
LONG,2019-01-10,6593.25,6593.0,2019-01-10,6615.75,6616.0,{},1,1,NQ,5,fixed_hold,0,0.0,22.5,22.3,0.022873649579681146,23.0,2019-01-09,0.06018332395272186,ENTERED,0.3769228043079778,0.0,2019
LONG,2019-01-11,6616.75,6616.5,2019-01-11,6615.25,6615.5,{},1,1,NQ,5,fixed_hold,0,0.0,-1.5,-1.7,0.022869435923889837,-1.0,2019-01-10,0.07263294422827493,ENTERED,0.3769922517120386,0.0,2019
LONG,2019-01-14,6579.0,6578.75,2019-01-14,6551.25,6551.5,{},1,1,NQ,5,fixed_hold,0,0.0,-27.75,-27.95,0.0221543632064102,-27.25,2019-01-11,0.028569207447428857,ENTERED,0.38916714821437515,0.0,2019
LONG,2019-01-15,6552.0,6551.75,2019-01-15,6690.5,6690.75,{},1,1,NQ,5,fixed_hold,0,0.0,138.5,138.3,0.02213011688245454,139.0,2019-01-14,0.00854371921182251,ENTERED,0.3895935297286991,0.0,2019
LONG,2019-01-16,6691.5,6691.25,2019-01-16,6659.75,6660.0,{},1,1,NQ,5,fixed_hold,0,0.0,-31.75,-31.95,0.022584039779072727,-31.25,2019-01-15,0.018417748011720025,ENTERED,0.38177039265440527,0.0,2019
LONG,2019-01-17,6660.25,6660.0,2019-01-17,6715.25,6715.5,{},1,1,NQ,5,fixed_hold,0,0.0,55.0,54.8,0.022148031558395426,55.5,2019-01-16,0.010200599142997868,ENTERED,0.38928596030969087,0.0,2019
LONG,2019-01-18,6715.75,6715.5,2019-01-18,6805.25,6805.5,{},1,1,NQ,5,fixed_hold,0,0.0,89.5,89.3,0.021978954637957734,90.0,2019-01-17,0.015039298669891066,ENTERED,0.392308174021334,0.0,2019
LONG,2019-01-21,6779.75,6779.5,2019-01-21,6769.75,6770.0,{},1,1,NQ,5,fixed_hold,0,0.0,-10.0,-10.2,0.019995642640326827,-9.5,2019-01-18,0.028720429294837535,ENTERED,0.4312201271053519,0.0,2019
LONG,2019-01-22,6770.75,6770.5,2019-01-22,6653.5,6653.75,{},1,1,NQ,5,fixed_hold,0,0.0,-117.25,-117.45,0.018282541647363336,-116.75,2019-01-21,0.03335114096008529,ENTERED,0.4718627912857478,0.0,2019
SHORT,2019-01-23,6653.25,6653.5,2019-01-23,6661.0,6660.75,{},1,1,NQ,5,fixed_hold,0,0.0,-7.75,-7.95,0.019043462892390107,-7.25,2019-01-22,-0.005530022792661682,ENTERED,0.4530085301329384,0.0,2019
LONG,2019-01-24,6661.0,6660.75,2019-01-24,6686.5,6686.75,{},1,1,NQ,5,fixed_hold,0,0.0,25.5,25.3,0.014107082824366544,26.0,2019-01-23,0.0001126126126125282,ENTERED,0.6117209560901985,0.0,2019
SHORT,2019-01-25,6686.75,6687.0,2019-01-25,6795.5,6795.25,{},1,1,NQ,5,fixed_hold,0,0.0,-108.75,-108.95,0.014104559500582666,-108.25,2019-01-24,-0.004281140644777137,ENTERED,0.6118303937537806,0.0,2019
SHORT,2019-01-28,6774.25,6774.5,2019-01-28,6681.0,6680.75,{},1,1,NQ,5,fixed_hold,0,0.0,93.25,93.05,0.014392057048198669,93.75,2019-01-25,-0.0015061347439571104,ENTERED,0.599629099639218,0.0,2019
SHORT,2019-01-29,6680.5,6680.75,2019-01-29,6679.5,6679.25,{},1,1,NQ,5,fixed_hold,0,0.0,1.0,0.8,0.015059391237908438,1.5,2019-01-28,-0.01318316100443151,ENTERED,0.5730574412625602,0.0,2019
LONG,2019-01-30,6679.5,6679.25,2019-01-30,6864.0,6864.25,{},1,1,NQ,5,fixed_hold,0,0.0,184.5,184.3,0.015071865392083064,185.0,2019-01-29,0.0038324253240653583,ENTERED,0.5729611032652455,0.0,2019
LONG,2019-01-31,6864.75,6864.5,2019-01-31,6890.75,6891.0,{},1,1,NQ,5,fixed_hold,0,0.0,26.0,25.8,0.01469949327954256,26.5,2019-01-30,0.03055211500206445,ENTERED,0.5874755312369462,0.0,2019
LONG,2019-02-01,6891.0,6890.75,2019-02-01,6880.0,6880.25,{},1,1,NQ,5,fixed_hold,0,0.0,-11.0,-11.2,0.014374640619387112,-10.5,2019-01-31,0.03054548173626981,ENTERED,0.6008470913450163,0.0,2019
LONG,2019-02-04,6877.75,6877.5,2019-02-04,6937.0,6937.25,{},1,1,NQ,5,fixed_hold,0,0.0,59.25,59.05,0.011477460910225801,59.75,2019-02-01,0.012508737721202534,ENTERED,0.7525149571708497,0.0,2019
LONG,2019-02-05,6937.75,6937.5,2019-02-05,7013.75,7014.0,{},1,1,NQ,5,fixed_hold,0,0.0,76.0,75.8,0.011432486720195952,76.5,2019-02-04,0.038393892901246396,ENTERED,0.7556871071504048,0.0,2019
LONG,2019-02-06,7013.75,7013.5,2019-02-06,6992.5,6992.75,{},1,1,NQ,5,fixed_hold,0,0.0,-21.25,-21.45,0.011421996731267772,-20.75,2019-02-05,0.05011790245910852,ENTERED,0.7563811319845631,0.0,2019
LONG,2019-02-07,6993.25,6993.0,2019-02-07,6884.75,6885.0,{},1,1,NQ,5,fixed_hold,0,0.0,-108.5,-108.7,0.01151012197518504,-108.0,2019-02-06,0.01872018064610126,ENTERED,0.7507412133196829,0.0,2019
SHORT,2019-02-08,6884.75,6885.0,2019-02-08,6924.25,6924.0,{},1,1,NQ,5,fixed_hold,0,0.0,-39.5,-39.7,0.012222316669351845,-39.0,2019-02-07,-0.0008707009142361333,ENTERED,0.7069955042791576,0.0,2019
LONG,2019-02-11,6914.0,6913.75,2019-02-11,6914.0,6914.25,{},1,1,NQ,5,fixed_hold,0,0.0,0.0,-0.2,0.012236782001464426,0.5,2019-02-08,0.006358780567566447,ENTERED,0.7061907547767036,0.0,2019
SHORT,2019-02-12,6914.0,6914.25,2019-02-12,7026.0,7025.75,{},1,1,NQ,5,fixed_hold,0,0.0,-112.0,-112.2,0.011945320464856538,-111.5,2019-02-11,-0.0033154347904428283,ENTERED,0.7234215560039333,0.0,2019
LONG,2019-02-13,7026.25,7026.0,2019-02-13,7020.25,7020.5,{},1,1,NQ,5,fixed_hold,0,0.0,-6.0,-6.2,0.011576897039340393,-5.5,2019-02-12,0.0016752209865982248,ENTERED,0.7470679407989033,0.0,2019
LONG,2019-02-14,7021.0,7020.75,2019-02-14,7019.75,7020.0,{},1,1,NQ,5,fixed_hold,0,0.0,-1.25,-1.45,0.0114841934441475,-0.75,2019-02-13,0.003968395838547245,ENTERED,0.7530984804534494,0.0,2019
LONG,2019-02-15,7020.25,7020.0,2019-02-15,7064.25,7064.5,{},1,1,NQ,5,fixed_hold,0,0.0,44.0,43.8,0.01142087028047042,44.5,2019-02-14,0.019607843137254832,ENTERED,0.7574942824731277,0.0,2019
LONG,2019-02-18,7066.75,7066.5,2019-02-18,7074.0,7074.25,{},1,1,NQ,5,fixed_hold,0,0.0,7.25,7.05,0.011165257551018494,7.75,2019-02-15,0.0202917388792605,ENTERED,0.7748360392756406,0.0,2019
LONG,2019-02-19,7074.75,7074.5,2019-02-19,7069.0,7069.25,{},1,1,NQ,5,fixed_hold,0,0.0,-5.75,-5.95,0.011039819269123643,-5.25,2019-02-18,0.023140615395740527,ENTERED,0.7840629085155532,0.0,2019
LONG,2019-02-20,7069.25,7069.0,2019-02-20,7068.75,7069.0,{},1,1,NQ,5,fixed_hold,0,0.0,-0.5,-0.7,0.010087526943513262,0.0,2019-02-19,0.006191509803223916,ENTERED,0.8580807619256251,0.0,2019
LONG,2019-02-21,7069.25,7069.0,2019-02-21,7032.0,7032.25,{},1,1,NQ,5,fixed_hold,0,0.0,-37.25,-37.45,0.010101960620781137,-36.75,2019-02-20,0.006908339861833035,ENTERED,0.8569975508283395,0.0,2019
LONG,2019-02-22,7032.5,7032.25,2019-02-22,7100.25,7100.5,{},1,1,NQ,5,fixed_hold,0,0.0,67.75,67.55,0.010264130732480324,68.25,2019-02-21,0.0017450142450143868,ENTERED,0.8434572528561041,0.0,2019
LONG,2019-02-25,7119.5,7119.25,2019-02-25,7113.0,7113.25,{},1,1,NQ,5,fixed_hold,0,0.0,-6.5,-6.7,0.009904854590994947,-6.0,2019-02-22,0.005095902045438416,ENTERED,0.8742098856868298,0.0,2019
LONG,2019-02-26,7113.25,7113.0,2019-02-26,7112.75,7113.0,{},1,1,NQ,5,fixed_hold,0,0.0,-0.5,-0.7,0.008832309573536397,0.0,2019-02-25,0.0055129519030285845,ENTERED,0.9803689202292521,0.0,2019
LONG,2019-02-27,7113.5,7113.25,2019-02-27,7119.0,7119.25,{},1,1,NQ,5,fixed_hold,0,0.0,5.5,5.3,0.008828570339732453,6.0,2019-02-26,0.006188775329773133,ENTERED,0.9819384563247985,0.0,2019
LONG,2019-02-28,7119.5,7119.25,2019-02-28,7105.25,7105.5,{},1,1,NQ,5,fixed_hold,0,0.0,-14.25,-14.45,0.006686799192262078,-13.75,2019-02-27,0.007108501909746545,ENTERED,1.2949277450649952,0.0,2019
LONG,2019-03-01,7105.75,7105.5,2019-03-01,7159.0,7159.25,{},1,1,NQ,5,fixed_hold,0,0.0,53.25,53.05,0.006719663350012629,53.75,2019-02-28,0.010416296348963572,ENTERED,1.2885945840905988,0.0,2019
LONG,2019-03-04,7202.75,7202.5,2019-03-04,7141.5,7141.75,{},1,1,NQ,5,fixed_hold,0,0.0,-61.25,-61.45,0.006806219531593471,-60.75,2019-03-01,0.00827406520667573,ENTERED,1.2719771189259461,0.0,2019
LONG,2019-03-05,7142.0,7141.75,2019-03-05,7152.75,7153.0,{},1,1,NQ,5,fixed_hold,0,0.0,10.75,10.55,0.00670787100785474,11.25,2019-03-04,0.004006607387621708,ENTERED,1.2906264149140958,0.0,2019
LONG,2019-03-06,7152.75,7152.5,2019-03-06,7103.0,7103.25,{},1,1,NQ,5,fixed_hold,0,0.0,-49.75,-49.95,0.006318251504675636,-49.25,2019-03-05,0.005623506256150934,ENTERED,1.3699854776641256,0.0,2019
SHORT,2019-03-07,7103.0,7103.25,2019-03-07,7033.75,7033.5,{},1,1,NQ,5,fixed_hold,0,0.0,69.25,69.05,0.006508156691400639,69.75,2019-03-06,-0.002247427748709563,ENTERED,1.330009896207995,0.0,2019
SHORT,2019-03-08,7033.0,7033.25,2019-03-08,7031.25,7031.0,{},1,1,NQ,5,fixed_hold,0,0.0,1.75,1.55,0.005863366937926613,2.25,2019-03-07,-0.010132995566814573,ENTERED,1.4754737388792585,0.0,2019
SHORT,2019-03-11,7044.75,7045.0,2019-03-11,7219.25,7219.0,{},1,1,NQ,5,fixed_hold,0,0.0,-174.5,-174.7,0.005769608242085692,-174.0,2019-03-08,-0.017913887627894143,ENTERED,1.4994508422977808,0.0,2019
LONG,2019-03-12,7219.25,7219.0,2019-03-12,7230.75,7231.0,{},1,1,NQ,5,fixed_hold,0,0.0,11.5,11.3,0.00814918845004101,12.0,2019-03-11,0.01081667658487051,ENTERED,1.0612993778512294,0.0,2019
LONG,2019-03-13,7231.25,7231.0,2019-03-13,7297.5,7297.75,{},1,1,NQ,5,fixed_hold,0,0.0,66.25,66.05,0.007460011662818555,66.75,2019-03-12,0.010904515587865093,ENTERED,1.1593451891137216,0.0,2019
LONG,2019-03-14,7298.5,7298.25,2019-03-14,7275.25,7275.5,{},1,1,NQ,5,fixed_hold,0,0.0,-23.25,-23.45,0.007635733929090658,-22.75,2019-03-13,0.02738183225988089,ENTERED,1.1317186269062762,0.0,2019
LONG,2019-03-15,7275.75,7275.5,2019-03-15,7345.75,7346.0,{},1,1,NQ,5,fixed_hold,0,0.0,70.0,69.8,0.00770624829469723,70.5,2019-03-14,0.03440676761214201,ENTERED,1.1213630793077969,0.0,2019
LONG,2019-03-18,7338.0,7337.75,2019-03-18,7362.75,7363.0,{},1,1,NQ,5,fixed_hold,0,0.0,24.75,24.55,0.007844923861383454,25.25,2019-03-15,0.04480159294552699,ENTERED,1.101492262996176,0.0,2019
LONG,2019-03-19,7363.25,7363.0,2019-03-19,7372.0,7372.25,{},1,1,NQ,5,fixed_hold,0,0.0,8.75,8.55,0.007843916533105759,9.25,2019-03-18,0.01994736113035045,ENTERED,1.101633718390238,0.0,2019
LONG,2019-03-20,7372.75,7372.5,2019-03-20,7417.75,7418.0,{},1,1,NQ,5,fixed_hold,0,0.0,45.0,44.8,0.007820097382171466,45.5,2019-03-19,0.019533951044115483,ENTERED,1.1047666537780805,0.0,2019
LONG,2019-03-21,7418.25,7418.0,2019-03-21,7534.75,7535.0,{},1,1,NQ,5,fixed_hold,0,0.0,116.5,116.3,0.007853617939886946,117.0,2019-03-20,0.016477681477167883,ENTERED,1.100051324529375,0.0,2019
LONG,2019-03-22,7535.0,7534.75,2019-03-22,7358.25,7358.5,{},1,1,NQ,5,fixed_hold,0,0.0,-176.75,-176.95,0.008173319171695666,-176.25,2019-03-21,0.03566765170778652,ENTERED,1.0567262606357775,0.0,2019
LONG,2019-03-25,7364.0,7363.75,2019-03-25,7364.75,7365.0,{},1,1,NQ,5,fixed_hold,0,0.0,0.75,0.55,0.01000031101563327,1.25,2019-03-22,0.001701606316362403,ENTERED,0.8639114127165183,0.0,2019
LONG,2019-03-26,7365.0,7364.75,2019-03-26,7378.5,7378.75,{},1,1,NQ,5,fixed_hold,0,0.0,13.5,13.3,0.010002573495686621,14.0,2019-03-25,0.0002716284123318591,ENTERED,0.8637160047707555,0.0,2019
LONG,2019-03-27,7378.75,7378.5,2019-03-27,7320.0,7320.25,{},1,1,NQ,5,fixed_hold,0,0.0,-58.75,-58.95,0.009993365611740796,-58.25,2019-03-26,0.0008816846959880387,ENTERED,0.8646859599488546,0.0,2019
SHORT,2019-03-28,7319.75,7320.0,2019-03-28,7372.0,7371.75,{},1,1,NQ,5,fixed_hold,0,0.0,-52.25,-52.45,0.01023115184601375,-51.75,2019-03-27,-0.013177406308978235,ENTERED,0.8445894526015374,0.0,2019
SHORT,2019-03-29,7371.5,7371.75,2019-03-29,7413.0,7412.75,{},1,1,NQ,5,fixed_hold,0,0.0,-41.5,-41.7,0.010271896667367914,-41.0,2019-03-28,-0.021665560716655596,ENTERED,0.8412762119292675,0.0,2019
LONG,2019-04-01,7455.75,7455.5,2019-04-01,7504.75,7505.0,{},1,1,NQ,5,fixed_hold,0,0.0,49.0,48.8,0.010223322646767232,49.5,2019-03-29,0.007372426445606983,ENTERED,0.8452733632919937,0.0,2019
LONG,2019-04-02,7505.5,7505.25,2019-04-02,7517.5,7517.75,{},1,1,NQ,5,fixed_hold,0,0.0,12.0,11.8,0.010438525320453732,12.5,2019-04-01,0.01900882552613692,ENTERED,0.8285393162839033,0.0,2019
LONG,2019-04-03,7517.75,7517.5,2019-04-03,7577.5,7577.75,{},1,1,NQ,5,fixed_hold,0,0.0,59.75,59.55,0.01043796345836141,60.25,2019-04-02,0.018837879044553585,ENTERED,0.8285839154852395,0.0,2019
LONG,2019-04-04,7578.0,7577.75,2019-04-04,7556.75,7557.0,{},1,1,NQ,5,fixed_hold,0,0.0,-21.25,-21.45,0.010255469763262162,-20.75,2019-04-03,0.035176394248830345,ENTERED,0.8435736380711375,0.0,2019
LONG,2019-04-05,7557.0,7556.75,2019-04-05,7612.5,7612.75,{},1,1,NQ,5,fixed_hold,0,0.0,55.5,55.3,0.009895020968112202,56.0,2019-04-04,0.02512971818089338,ENTERED,0.8743027393477182,0.0,2019
LONG,2019-04-08,7613.5,7613.25,2019-04-08,7624.25,7624.5,{},1,1,NQ,5,fixed_hold,0,0.0,10.75,10.55,0.00988165251721879,11.25,2019-04-05,0.026980540285319154,ENTERED,0.8759580232711274,0.0,2019
LONG,2019-04-09,7624.75,7624.5,2019-04-09,7587.0,7587.25,{},1,1,NQ,5,fixed_hold,0,0.0,-37.75,-37.95,0.0083161289726747,-37.25,2019-04-08,0.01592271818787494,ENTERED,1.0402969899516994,0.0,2019
LONG,2019-04-10,7587.75,7587.5,2019-04-10,7651.75,7652.0,{},1,1,NQ,5,fixed_hold,0,0.0,64.0,63.8,0.00848909347947221,64.5,2019-04-09,0.009244787336637028,ENTERED,1.0191010334900306,0.0,2019
LONG,2019-04-11,7652.25,7652.0,2019-04-11,7620.25,7620.5,{},1,1,NQ,5,fixed_hold,0,0.0,-32.0,-32.2,0.00846113839446202,-31.5,2019-04-10,0.009798423014747204,ENTERED,1.0221708035979777,0.0,2019
LONG,2019-04-12,7620.75,7620.5,2019-04-12,7653.75,7654.0,{},1,1,NQ,5,fixed_hold,0,0.0,33.0,32.8,0.008500649382702705,33.5,2019-04-11,0.008402805346037212,ENTERED,1.0174197573210768,0.0,2019
LONG,2019-04-15,7649.75,7649.5,2019-04-15,7650.0,7650.25,{},1,1,NQ,5,fixed_hold,0,0.0,0.25,0.04999999999999999,0.008341105823091886,0.75,2019-04-12,0.005418541263012999,ENTERED,1.036013989143817,0.0,2019
LONG,2019-04-16,7650.25,7650.0,2019-04-16,7677.0,7677.25,{},1,1,NQ,5,fixed_hold,0,0.0,26.75,26.55,0.008360664918019725,27.25,2019-04-15,0.003377270640697816,ENTERED,1.0335903187588742,0.0,2019
LONG,2019-04-17,7677.5,7677.25,2019-04-17,7695.25,7695.5,{},1,1,NQ,5,fixed_hold,0,0.0,17.75,17.55,0.00836620386430492,18.25,2019-04-16,0.011862005337902604,ENTERED,1.032860671011856,0.0,2019
LONG,2019-04-18,7695.5,7695.25,2019-04-18,7715.5,7715.75,{},1,1,NQ,5,fixed_hold,0,0.0,20.0,19.8,0.008310022825831345,20.5,2019-04-17,0.005684788290642784,ENTERED,1.0398434659225493,0.0,2019
LONG,2019-04-22,7717.5,7717.25,2019-04-22,7739.5,7739.75,{},1,1,NQ,5,fixed_hold,0,0.0,22.0,21.8,0.00764600274825946,22.5,2019-04-18,0.012499179843842079,ENTERED,1.1299214899035932,0.0,2019
LONG,2019-04-23,7740.25,7740.0,2019-04-23,7835.25,7835.5,{},1,1,NQ,5,fixed_hold,0,0.0,95.0,94.8,0.0049848780561900985,95.5,2019-04-22,0.011203292396132492,ENTERED,1.7331181865907683,0.0,2019
LONG,2019-04-24,7835.75,7835.5,2019-04-24,7859.5,7859.75,{},1,1,NQ,5,fixed_hold,0,0.0,23.75,23.55,0.005426183769452543,24.25,2019-04-23,0.024214894938073828,ENTERED,1.5917192215110085,0.0,2019
LONG,2019-04-25,7860.0,7859.75,2019-04-25,7798.75,7799.0,{},1,1,NQ,5,fixed_hold,0,0.0,-61.25,-61.45,0.005418259642592502,-60.75,2019-04-24,0.023771532775407556,ENTERED,1.594047087997448,0.0,2019
LONG,2019-04-26,7799.5,7799.25,2019-04-26,7837.0,7837.25,{},1,1,NQ,5,fixed_hold,0,0.0,37.5,37.3,0.0053969434806392155,38.0,2019-04-25,0.013449418491326082,ENTERED,1.6000895051601287,0.0,2019
LONG,2019-04-29,7836.25,7836.0,2019-04-29,7802.5,7802.75,{},1,1,NQ,5,fixed_hold,0,0.0,-33.75,-33.95,0.005337670328818546,-33.25,2019-04-26,0.01574701098402631,ENTERED,1.6178579963413757,0.0,2019
LONG,2019-04-30,7803.0,7802.75,2019-04-30,7845.0,7845.25,{},1,1,NQ,5,fixed_hold,0,0.0,42.0,41.8,0.005554412675864929,42.5,2019-04-29,0.008139797797086512,ENTERED,1.5537009425436303,0.0,2019
LONG,2019-05-01,7845.75,7845.5,2019-05-01,7749.25,7749.5,{},1,1,NQ,5,fixed_hold,0,0.0,-96.5,-96.7,0.005102412571829996,-96.0,2019-04-30,0.001244336672835189,ENTERED,1.6913364194445157,0.0,2019
SHORT,2019-05-02,7749.0,7749.25,2019-05-02,7743.5,7743.25,{},1,1,NQ,5,fixed_hold,0,0.0,5.5,5.3,0.006039880323038415,6.0,2019-05-01,-0.014027163713858593,ENTERED,1.4287697324148179,0.0,2019
SHORT,2019-05-03,7742.75,7743.0,2019-05-03,7872.75,7872.5,{},1,1,NQ,5,fixed_hold,0,0.0,-130.0,-130.2,0.005863443848465007,-129.5,2019-05-02,-0.0071483523528655946,ENTERED,1.471762741485836,0.0,2019
LONG,2019-05-06,7706.5,7706.25,2019-05-06,7762.5,7762.75,{},1,1,NQ,5,fixed_hold,0,0.0,56.0,55.8,0.006738847381678753,56.5,2019-05-03,0.004497751124437954,ENTERED,1.2801671628559295,0.0,2019
LONG,2019-05-07,7763.25,7763.0,2019-05-07,7652.25,7652.5,{},1,1,NQ,5,fixed_hold,0,0.0,-111.0,-111.2,0.006736966072733342,-110.5,2019-05-06,0.01633640665139713,ENTERED,1.280524651658619,0.0,2019
SHORT,2019-05-08,7652.5,7652.75,2019-05-08,7633.0,7632.75,{},1,1,NQ,5,fixed_hold,0,0.0,19.5,19.3,0.007658338947387976,20.0,2019-05-07,-0.003525645473897554,ENTERED,1.1258999660567135,0.0,2019
LONG,2019-05-09,7633.0,7632.75,2019-05-09,7596.5,7596.75,{},1,1,NQ,5,fixed_hold,0,0.0,-36.5,-36.7,0.007577610516349018,-36.0,2019-05-08,0.006182896345718447,ENTERED,1.1378947944489186,0.0,2019
LONG,2019-05-10,7597.25,7597.0,2019-05-10,7611.0,7611.25,{},1,1,NQ,5,fixed_hold,0,0.0,13.75,13.55,0.007499375233836846,14.25,2019-05-09,0.002245531643092491,ENTERED,1.1496848024456217,0.0,2019
SHORT,2019-05-13,7518.0,7518.25,2019-05-13,7307.25,7307.0,{},1,1,NQ,5,fixed_hold,0,0.0,210.75,210.55,0.0074149027869680525,211.25,2019-05-10,-0.012327656123276687,ENTERED,1.1627823023293873,0.0,2019
SHORT,2019-05-14,7306.5,7306.75,2019-05-14,7433.0,7432.75,{},1,1,NQ,5,fixed_hold,0,0.0,-126.5,-126.7,0.009811831699556043,-126.0,2019-05-13,-0.04706619965296244,ENTERED,0.8787266229372257,0.0,2019
SHORT,2019-05-15,7432.5,7432.75,2019-05-15,7518.25,7518.0,{},1,1,NQ,5,fixed_hold,0,0.0,-85.75,-85.95,0.010588911713945381,-85.25,2019-05-14,-0.0167014212926917,ENTERED,0.8142974267657025,0.0,2019
SHORT,2019-05-16,7518.0,7518.25,2019-05-16,7608.0,7607.75,{},1,1,NQ,5,fixed_hold,0,0.0,-90.0,-90.2,0.010861954161645109,-89.5,2019-05-15,-0.002849967898198913,ENTERED,0.7938280195806862,0.0,2019
LONG,2019-05-17,7608.25,7608.0,2019-05-17,7512.0,7512.25,{},1,1,NQ,5,fixed_hold,0,0.0,-96.25,-96.45,0.011146755457944878,-95.75,2019-05-16,0.013835798998514504,ENTERED,0.7739338290923022,0.0,2019
SHORT,2019-05-20,7541.25,7541.5,2019-05-20,7415.75,7415.5,{},1,1,NQ,5,fixed_hold,0,0.0,125.5,125.3,0.011551624977243527,126.0,2019-05-17,-0.000798058058723683,ENTERED,0.7468084490725352,0.0,2019
LONG,2019-05-21,7416.25,7416.0,2019-05-21,7470.5,7470.75,{},1,1,NQ,5,fixed_hold,0,0.0,54.25,54.05,0.011902797230543822,54.75,2019-05-20,0.014848775147119131,ENTERED,0.7250058978422877,0.0,2019
LONG,2019-05-22,7471.25,7471.0,2019-05-22,7417.0,7417.25,{},1,1,NQ,5,fixed_hold,0,0.0,-54.25,-54.45,0.011673786335343809,-53.75,2019-05-21,0.005112508829168361,ENTERED,0.7392287253740426,0.0,2019
SHORT,2019-05-23,7417.25,7417.5,2019-05-23,7325.0,7324.75,{},1,1,NQ,5,fixed_hold,0,0.0,92.25,92.05,0.011726402667099824,92.75,2019-05-22,-0.013401170524075523,ENTERED,0.7359372225874601,0.0,2019
SHORT,2019-05-24,7324.75,7325.0,2019-05-24,7312.75,7312.5,{},1,1,NQ,5,fixed_hold,0,0.0,12.0,11.8,0.011912891692766473,12.5,2019-05-23,-0.037198909007262304,ENTERED,0.7244165759525637,0.0,2019
SHORT,2019-05-27,7309.5,7309.75,2019-05-27,7323.75,7323.5,{},1,1,NQ,5,fixed_hold,0,0.0,-14.25,-14.45,0.011820519880105877,-13.75,2019-05-24,-0.026589903158175,ENTERED,0.7305594602355032,0.0,2019
SHORT,2019-05-28,7323.5,7323.75,2019-05-28,7289.0,7288.75,{},1,1,NQ,5,fixed_hold,0,0.0,34.5,34.3,0.011823636145626556,35.0,2019-05-27,-0.012406445957791279,ENTERED,0.7303669122554489,0.0,2019
SHORT,2019-05-29,7288.5,7288.75,2019-05-29,7222.75,7222.5,{},1,1,NQ,5,fixed_hold,0,0.0,65.75,65.55,0.01173138691125805,66.25,2019-05-28,-0.024361677207777155,ENTERED,0.7362267624981488,0.0,2019
SHORT,2019-05-30,7222.5,7222.75,2019-05-30,7187.5,7187.25,{},1,1,NQ,5,fixed_hold,0,0.0,35.0,34.8,0.01160779658556485,35.5,2019-05-29,-0.02625636185917979,ENTERED,0.7440655030110855,0.0,2019
SHORT,2019-05-31,7186.75,7187.0,2019-05-31,7137.75,7137.5,{},1,1,NQ,5,fixed_hold,0,0.0,49.0,48.8,0.011625666630214165,49.5,2019-05-30,-0.01877197173964984,ENTERED,0.743130101001455,0.0,2019
SHORT,2019-06-03,7081.5,7081.75,2019-06-03,7001.5,7001.25,{},1,1,NQ,5,fixed_hold,0,0.0,80.0,79.8,0.010799600002136934,80.5,2019-05-31,-0.02393162393162407,ENTERED,0.799972481889219,0.0,2019
SHORT,2019-06-04,7001.0,7001.25,2019-06-04,7205.0,7204.75,{},1,1,NQ,5,fixed_hold,0,0.0,-204.0,-204.2,0.011061710127151592,-203.5,2019-06-03,-0.04400218474772999,ENTERED,0.7811742341627482,0.0,2019
SHORT,2019-06-05,7204.5,7204.75,2019-06-05,7213.25,7213.0,{},1,1,NQ,5,fixed_hold,0,0.0,-8.75,-8.95,0.013102826182702745,-8.25,2019-06-04,-0.011524609843937661,ENTERED,0.6594854283051735,0.0,2019
SHORT,2019-06-06,7212.75,7213.0,2019-06-06,7275.5,7275.25,{},1,1,NQ,5,fixed_hold,0,0.0,-62.75,-62.95,0.013125324389728767,-62.25,2019-06-05,-0.0013153340256143453,ENTERED,0.6583839043562656,0.0,2019
LONG,2019-06-07,7276.25,7276.0,2019-06-07,7429.0,7429.25,{},1,1,NQ,5,fixed_hold,0,0.0,152.75,152.55,0.013324642008288866,153.25,2019-06-06,0.012243904135795791,ENTERED,0.6485354212350712,0.0,2019
LONG,2019-06-10,7456.25,7456.0,2019-06-10,7508.25,7508.5,{},1,1,NQ,5,fixed_hold,0,0.0,52.0,51.8,0.014245161280289936,52.5,2019-06-07,0.040875656742556776,ENTERED,0.607134483200805,0.0,2019
LONG,2019-06-11,7508.75,7508.5,2019-06-11,7513.25,7513.5,{},1,1,NQ,5,fixed_hold,0,0.0,4.5,4.3,0.012862417763931131,5.0,2019-06-10,0.072451347973576,ENTERED,0.6724030264569515,0.0,2019
LONG,2019-06-12,7514.25,7514.0,2019-06-12,7489.75,7490.0,{},1,1,NQ,5,fixed_hold,0,0.0,-24.5,-24.7,0.01231517474127614,-24.0,2019-06-11,0.04285367292411246,ENTERED,0.702486494919774,0.0,2019
LONG,2019-06-13,7490.5,7490.25,2019-06-13,7495.25,7495.5,{},1,1,NQ,5,fixed_hold,0,0.0,4.75,4.55,0.012067913042627732,5.25,2019-06-12,0.03840288368224054,ENTERED,0.7168798704270279,0.0,2019
LONG,2019-06-14,7495.75,7495.5,2019-06-14,7483.5,7483.75,{},1,1,NQ,5,fixed_hold,0,0.0,-12.25,-12.45,0.0117342597485683,-11.75,2019-06-13,0.030273873750042757,ENTERED,0.7376615986953282,0.0,2019
LONG,2019-06-17,7498.25,7498.0,2019-06-17,7536.5,7536.75,{},1,1,NQ,5,fixed_hold,0,0.0,38.25,38.05,0.011401535091151847,38.75,2019-06-14,0.0073358683581785655,ENTERED,0.7591883668675936,0.0,2019
LONG,2019-06-18,7537.25,7537.0,2019-06-18,7657.5,7657.75,{},1,1,NQ,5,fixed_hold,0,0.0,120.25,120.05,0.011096246617341769,120.75,2019-06-17,0.00376240261037486,ENTERED,0.7802057586791211,0.0,2019
LONG,2019-06-19,7686.0,7685.75,2019-06-19,7727.0,7727.25,{},1,1,NQ,5,fixed_hold,0,0.0,41.0,40.8,0.01152339952389066,41.5,2019-06-18,0.01919877553736593,ENTERED,0.75128485241053,0.0,2019
LONG,2019-06-20,7727.75,7727.5,2019-06-20,7763.5,7763.75,{},1,1,NQ,5,fixed_hold,0,0.0,35.75,35.55,0.011467774831122,36.25,2019-06-19,0.031675567423230966,ENTERED,0.7550655578132921,0.0,2019
LONG,2019-06-21,7764.25,7764.0,2019-06-21,7746.5,7746.75,{},1,1,NQ,5,fixed_hold,0,0.0,-17.75,-17.95,0.010949844493445143,-17.25,2019-06-20,0.03578813955039695,ENTERED,0.7907803444077965,0.0,2019
LONG,2019-06-24,7770.5,7770.25,2019-06-24,7759.5,7759.75,{},1,1,NQ,5,fixed_hold,0,0.0,-11.0,-11.2,0.010961993545879012,-10.5,2019-06-21,0.03514280942041115,ENTERED,0.7908335919620024,0.0,2019
LONG,2019-06-25,7760.25,7760.0,2019-06-25,7626.25,7626.5,{},1,1,NQ,5,fixed_hold,0,0.0,-134.0,-134.2,0.010960859598499607,-133.5,2019-06-24,0.029588350416293263,ENTERED,0.7909154070487747,0.0,2019
SHORT,2019-06-26,7625.5,7625.75,2019-06-26,7654.0,7653.75,{},1,1,NQ,5,fixed_hold,0,0.0,-28.5,-28.7,0.01174448497878705,-28.0,2019-06-25,-0.0040808331428944244,ENTERED,0.7384981594624855,0.0,2019
SHORT,2019-06-27,7653.75,7654.0,2019-06-27,7696.25,7696.0,{},1,1,NQ,5,fixed_hold,0,0.0,-42.5,-42.7,0.01143352801834794,-42.0,2019-06-26,-0.00951179268174318,ENTERED,0.7585830486224907,0.0,2019
SHORT,2019-06-28,7696.0,7696.25,2019-06-28,7723.5,7723.25,{},1,1,NQ,5,fixed_hold,0,0.0,-27.5,-27.7,0.011293540124582068,-27.0,2019-06-27,-0.00872645306713904,ENTERED,0.7687632791084743,0.0,2019
SHORT,2019-07-01,7802.25,7802.5,2019-07-01,7777.75,7777.5,{},1,1,NQ,5,fixed_hold,0,0.0,24.5,24.3,0.011025197697551462,25.0,2019-06-28,-0.0030335301900796807,ENTERED,0.7874742183394134,0.0,2019
SHORT,2019-07-02,7777.25,7777.5,2019-07-02,7835.5,7835.25,{},1,1,NQ,5,fixed_hold,0,0.0,-58.25,-58.45,0.00977490451133893,-57.75,2019-07-01,-0.007892789713066617,ENTERED,0.8883762572651662,0.0,2019
LONG,2019-07-03,7835.5,7835.25,2019-07-03,7889.75,7890.0,{},1,1,NQ,5,fixed_hold,0,0.0,54.25,54.05,0.00798086447787591,54.75,2019-07-02,0.016936649605785226,ENTERED,1.0878594622154953,0.0,2019
LONG,2019-07-04,7890.25,7890.0,2019-07-04,7904.0,7904.25,{},1,1,NQ,5,fixed_hold,0,0.0,13.75,13.55,0.007988534278959004,14.25,2019-07-03,0.020396702585777193,ENTERED,1.0868150070763931,0.0,2019
LONG,2019-07-05,7904.75,7904.5,2019-07-05,7854.75,7855.0,{},1,1,NQ,5,fixed_hold,0,0.0,-50.0,-50.2,0.007926450282295638,-49.5,2019-07-04,0.016627666989630363,ENTERED,1.0942200142277447,0.0,2019
LONG,2019-07-08,7843.25,7843.0,2019-07-08,7793.0,7793.25,{},1,1,NQ,5,fixed_hold,0,0.0,-50.25,-50.45,0.007064296189646977,-49.75,2019-07-05,0.006728612624158803,ENTERED,1.2277628666504812,0.0,2019
LONG,2019-07-09,7794.0,7793.75,2019-07-09,7846.75,7847.0,{},1,1,NQ,5,fixed_hold,0,0.0,52.75,52.55,0.0071242153314548485,53.25,2019-07-08,0.00202507232401139,ENTERED,1.21685158682331,0.0,2019
LONG,2019-07-10,7847.25,7847.0,2019-07-10,7927.5,7927.75,{},1,1,NQ,5,fixed_hold,0,0.0,80.25,80.05,0.007227046506826811,80.75,2019-07-09,0.0014996330685044246,ENTERED,1.1995374213743846,0.0,2019
LONG,2019-07-11,7928.0,7927.75,2019-07-11,7921.5,7921.75,{},1,1,NQ,5,fixed_hold,0,0.0,-6.5,-6.7,0.00737779006827728,-6.0,2019-07-10,0.0047845373890997855,ENTERED,1.1736470839648367,0.0,2019
LONG,2019-07-12,7921.75,7921.5,2019-07-12,7958.25,7958.5,{},1,1,NQ,5,fixed_hold,0,0.0,36.5,36.3,0.007402556966325423,37.0,2019-07-11,0.0022139987981146803,ENTERED,1.1697203870403434,0.0,2019
LONG,2019-07-15,7952.0,7951.75,2019-07-15,7994.25,7994.5,{},1,1,NQ,5,fixed_hold,0,0.0,42.25,42.05,0.007362598824418679,42.75,2019-07-12,0.013176320814767495,ENTERED,1.1758559330790803,0.0,2019
LONG,2019-07-16,7994.5,7994.25,2019-07-16,7941.25,7941.5,{},1,1,NQ,5,fixed_hold,0,0.0,-53.25,-53.45,0.00730249581013305,-52.75,2019-07-15,0.025823629422897953,ENTERED,1.1855337867583153,0.0,2019
LONG,2019-07-17,7941.75,7941.5,2019-07-17,7872.75,7873.0,{},1,1,NQ,5,fixed_hold,0,0.0,-69.0,-69.2,0.0068270076878404725,-68.5,2019-07-16,0.012042818911686126,ENTERED,1.2678926407322064,0.0,2019
SHORT,2019-07-18,7873.0,7873.25,2019-07-18,7946.0,7945.75,{},1,1,NQ,5,fixed_hold,0,0.0,-73.0,-73.2,0.0069170527730896565,-72.5,2019-07-17,-0.0069061209044180005,ENTERED,1.2513874173853923,0.0,2019
LONG,2019-07-19,7945.75,7945.5,2019-07-19,7819.75,7820.0,{},1,1,NQ,5,fixed_hold,0,0.0,-126.0,-126.2,0.007134366979751234,-125.5,2019-07-18,0.0030296336036861327,ENTERED,1.2126154938311384,0.0,2019
SHORT,2019-07-22,7850.75,7851.0,2019-07-22,7929.25,7929.0,{},1,1,NQ,5,fixed_hold,0,0.0,-78.5,-78.7,0.008019058424169025,-78.0,2019-07-19,-0.01740277690519554,ENTERED,1.0788353795065528,0.0,2019
SHORT,2019-07-23,7928.5,7928.75,2019-07-23,7954.0,7953.75,{},1,1,NQ,5,fixed_hold,0,0.0,-25.5,-25.7,0.008602263335268886,-25.0,2019-07-22,-0.008193132778785417,ENTERED,1.0054015199187818,0.0,2019
LONG,2019-07-24,7954.0,7953.75,2019-07-24,8016.75,8017.0,{},1,1,NQ,5,fixed_hold,0,0.0,62.75,62.55,0.007524521047024924,63.25,2019-07-23,0.0015425297487881018,ENTERED,1.14940586622992,0.0,2019
LONG,2019-07-25,8017.5,8017.25,2019-07-25,7992.5,7992.75,{},1,1,NQ,5,fixed_hold,0,0.0,-25.0,-25.2,0.007647108210105872,-24.5,2019-07-24,0.01829035945636992,ENTERED,1.130035312725424,0.0,2019
LONG,2019-07-26,7993.5,7993.25,2019-07-26,8015.0,8015.25,{},1,1,NQ,5,fixed_hold,0,0.0,21.5,21.3,0.007669197240488156,22.0,2019-07-25,0.005915111852248023,ENTERED,1.1267805542972447,0.0,2019
LONG,2019-07-29,8018.25,8018.0,2019-07-29,8009.75,8010.0,{},1,1,NQ,5,fixed_hold,0,0.0,-8.5,-8.7,0.007660297260595579,-8.0,2019-07-26,0.024968030690537102,ENTERED,1.1280401586447215,0.0,2019
LONG,2019-07-30,8010.25,8010.0,2019-07-30,7989.25,7989.5,{},1,1,NQ,5,fixed_hold,0,0.0,-21.0,-21.2,0.007601095492197628,-20.5,2019-07-29,0.010215664018161208,ENTERED,1.136825993829166,0.0,2019
LONG,2019-07-31,7989.75,7989.5,2019-07-31,7837.5,7837.75,{},1,1,NQ,5,fixed_hold,0,0.0,-152.25,-152.45,0.007518986312374591,-151.75,2019-07-30,0.004494735187804411,ENTERED,1.14900898315266,0.0,2019
SHORT,2019-08-01,7837.75,7838.0,2019-08-01,7785.75,7785.5,{},1,1,NQ,5,fixed_hold,0,0.0,52.0,51.8,0.008597496511344473,52.5,2019-07-31,-0.022358737682424912,ENTERED,1.0048719189034336,0.0,2019
SHORT,2019-08-02,7785.5,7785.75,2019-08-02,7708.25,7708.0,{},1,1,NQ,5,fixed_hold,0,0.0,77.25,77.05,0.00869658345329602,77.75,2019-08-01,-0.02592974883488164,ENTERED,0.9934226312571011,0.0,2019
SHORT,2019-08-05,7681.5,7681.75,2019-08-05,7244.0,7243.75,{},1,1,NQ,5,fixed_hold,0,0.0,437.5,437.3,0.008859096425137832,438.0,2019-08-02,-0.038333177380618144,ENTERED,0.9753955169275089,0.0,2019
SHORT,2019-08-06,7244.0,7244.25,2019-08-06,7502.25,7502.0,{},1,1,NQ,5,fixed_hold,0,0.0,-258.25,-258.45,0.015935569549157348,-257.75,2019-08-05,-0.09566167290886385,ENTERED,0.5422537870674909,0.0,2019
SHORT,2019-08-07,7501.5,7501.75,2019-08-07,7537.75,7537.5,{},1,1,NQ,5,fixed_hold,0,0.0,-36.25,-36.45,0.01807840857663377,-35.75,2019-08-06,-0.06101758558107517,ENTERED,0.47800127323271324,0.0,2019
SHORT,2019-08-08,7537.75,7538.0,2019-08-08,7714.5,7714.25,{},1,1,NQ,5,fixed_hold,0,0.0,-176.75,-176.95,0.0179201360926793,-176.25,2019-08-07,-0.038308187936588856,ENTERED,0.4822230296109388,0.0,2019
SHORT,2019-08-09,7713.75,7714.0,2019-08-09,7669.5,7669.25,{},1,1,NQ,5,fixed_hold,0,0.0,44.25,44.05,0.018828887719650675,44.75,2019-08-08,-0.00915162802645908,ENTERED,0.4593329548083047,0.0,2019
SHORT,2019-08-12,7642.0,7642.25,2019-08-12,7583.5,7583.25,{},1,1,NQ,5,fixed_hold,0,0.0,58.5,58.3,0.01880487547591289,59.0,2019-08-09,-0.005027244421380139,ENTERED,0.4599194843432533,0.0,2019
LONG,2019-08-13,7583.25,7583.0,2019-08-13,7754.75,7755.0,{},1,1,NQ,5,fixed_hold,0,0.0,171.5,171.3,0.01886086021041948,172.0,2019-08-12,0.046867989646246944,ENTERED,0.45868766545145817,0.0,2019
LONG,2019-08-14,7755.75,7755.5,2019-08-14,7503.5,7503.75,{},1,1,NQ,5,fixed_hold,0,0.0,-252.25,-252.45,0.019640759562561783,-251.75,2019-08-13,0.03372434017595283,ENTERED,0.4404740005480323,0.0,2019
SHORT,2019-08-15,7503.5,7503.75,2019-08-15,7515.75,7515.5,{},1,1,NQ,5,fixed_hold,0,0.0,-12.25,-12.45,0.020810938074171434,-11.75,2019-08-14,-0.004477611940298609,ENTERED,0.4159309289559624,0.0,2019
SHORT,2019-08-16,7514.75,7515.0,2019-08-16,7610.75,7610.5,{},1,1,NQ,5,fixed_hold,0,0.0,-96.0,-96.2,0.02065927883013519,-95.5,2019-08-15,-0.025764008166704544,ENTERED,0.41898426739896466,0.0,2019
SHORT,2019-08-19,7651.25,7651.5,2019-08-19,7711.75,7711.5,{},1,1,NQ,5,fixed_hold,0,0.0,-60.5,-60.7,0.020678819435637128,-60.0,2019-08-16,-0.007660462235551058,ENTERED,0.4186581123511332,0.0,2019
LONG,2019-08-20,7711.75,7711.5,2019-08-20,7671.75,7672.0,{},1,1,NQ,5,fixed_hold,0,0.0,-40.0,-40.2,0.02065370813547448,-39.5,2019-08-19,0.016912273761250374,ENTERED,0.4191671274614378,0.0,2019
SHORT,2019-08-21,7672.0,7672.25,2019-08-21,7770.25,7770.0,{},1,1,NQ,5,fixed_hold,0,0.0,-98.25,-98.45,0.020645518860035197,-97.75,2019-08-20,-0.01070277240490014,ENTERED,0.4194092605974642,0.0,2019
LONG,2019-08-22,7770.5,7770.25,2019-08-22,7712.25,7712.5,{},1,1,NQ,5,fixed_hold,0,0.0,-58.25,-58.45,0.020790523839080345,-57.75,2019-08-21,0.035482258870564554,ENTERED,0.41648406104429286,0.0,2019
LONG,2019-08-23,7713.0,7712.75,2019-08-23,7489.75,7490.0,{},1,1,NQ,5,fixed_hold,0,0.0,-223.25,-223.45,0.020831997160843326,-222.75,2019-08-22,0.02621249417869742,ENTERED,0.41614410102006955,0.0,2019
SHORT,2019-08-26,7411.0,7411.25,2019-08-26,7573.25,7573.0,{},1,1,NQ,5,fixed_hold,0,0.0,-162.25,-162.45,0.021667365535207022,-161.75,2019-08-23,-0.015833388082254873,ENTERED,0.40009998986104045,0.0,2019
SHORT,2019-08-27,7572.75,7573.0,2019-08-27,7588.25,7588.0,{},1,1,NQ,5,fixed_hold,0,0.0,-15.5,-15.7,0.022375498376259153,-15.0,2019-08-26,-0.00752529169356464,ENTERED,0.3876240160027706,0.0,2019
SHORT,2019-08-28,7587.75,7588.0,2019-08-28,7582.5,7582.25,{},1,1,NQ,5,fixed_hold,0,0.0,5.25,5.05,0.02239290221096343,5.75,2019-08-27,-0.00043950740699272295,ENTERED,0.38732275338668065,0.0,2019
SHORT,2019-08-29,7582.0,7582.25,2019-08-29,7700.0,7699.75,{},1,1,NQ,5,fixed_hold,0,0.0,-118.0,-118.2,0.022024459651825472,-117.5,2019-08-28,-0.013794465742517636,ENTERED,0.39420076933407244,0.0,2019
LONG,2019-08-30,7700.25,7700.0,2019-08-30,7675.25,7675.5,{},1,1,NQ,5,fixed_hold,0,0.0,-25.0,-25.2,0.02227489648943864,-24.5,2019-08-29,0.008955011394970125,ENTERED,0.3897687669629947,0.0,2019
LONG,2019-09-02,7630.5,7630.25,2019-09-02,7624.5,7624.75,{},1,1,NQ,5,fixed_hold,0,0.0,-6.0,-6.2,0.022163095087630223,-5.5,2019-08-30,0.03565525383707224,ENTERED,0.3918131944375544,0.0,2019
LONG,2019-09-03,7625.5,7625.25,2019-09-03,7611.75,7612.0,{},1,1,NQ,5,fixed_hold,0,0.0,-13.75,-13.95,0.017084626702471396,-13.25,2019-09-02,0.006833487389409809,ENTERED,0.5082811135493821,0.0,2019
LONG,2019-09-04,7612.5,7612.25,2019-09-04,7723.25,7723.5,{},1,1,NQ,5,fixed_hold,0,0.0,110.75,110.55,0.015302913184546258,111.25,2019-09-03,0.003162888771744976,ENTERED,0.5677577983773494,0.0,2019
LONG,2019-09-05,7723.75,7723.5,2019-09-05,7872.75,7873.0,{},1,1,NQ,5,fixed_hold,0,0.0,149.0,148.8,0.01557581122105359,149.5,2019-09-04,0.018629034917076126,ENTERED,0.5578103236558097,0.0,2019
LONG,2019-09-06,7873.5,7873.25,2019-09-06,7864.75,7865.0,{},1,1,NQ,5,fixed_hold,0,0.0,-8.75,-8.95,0.015301765442632096,-8.25,2019-09-05,0.022500730543199232,ENTERED,0.5680243846104505,0.0,2019
LONG,2019-09-09,7864.25,7864.0,2019-09-09,7843.75,7844.0,{},1,1,NQ,5,fixed_hold,0,0.0,-20.5,-20.7,0.015215276809985006,-20.0,2019-09-06,0.02468894534557986,ENTERED,0.5712532218474387,0.0,2019
LONG,2019-09-10,7844.25,7844.0,2019-09-10,7810.25,7810.5,{},1,1,NQ,5,fixed_hold,0,0.0,-34.0,-34.2,0.01494524064507942,-33.5,2019-09-09,0.028755041148889937,ENTERED,0.5815970850708191,0.0,2019
LONG,2019-09-11,7810.5,7810.25,2019-09-11,7952.75,7953.0,{},1,1,NQ,5,fixed_hold,0,0.0,142.25,142.05,0.01421308835120989,142.75,2019-09-10,0.026077246452968827,ENTERED,0.6115566286563049,0.0,2019
LONG,2019-09-12,7953.0,7952.75,2019-09-12,7932.5,7932.75,{},1,1,NQ,5,fixed_hold,0,0.0,-20.5,-20.7,0.01234106718210013,-20.0,2019-09-11,0.029714507671392276,ENTERED,0.7043893596970999,0.0,2019
LONG,2019-09-13,7932.75,7932.5,2019-09-13,7887.75,7888.0,{},1,1,NQ,5,fixed_hold,0,0.0,-45.0,-45.2,0.012409299268396288,-44.5,2019-09-12,0.007589229010542375,ENTERED,0.700516300103852,0.0,2019
LONG,2019-09-16,7839.75,7839.5,2019-09-16,7885.5,7885.75,{},1,1,NQ,5,fixed_hold,0,0.0,45.75,45.55,0.012358936830471807,46.25,2019-09-13,0.0029243483788934377,ENTERED,0.7033763038287317,0.0,2019
LONG,2019-09-17,7886.0,7885.75,2019-09-17,7912.25,7912.5,{},1,1,NQ,5,fixed_hold,0,0.0,26.25,26.05,0.012100049003951806,26.75,2019-09-16,0.005322539520652647,ENTERED,0.718425462924238,0.0,2019
LONG,2019-09-18,7912.75,7912.5,2019-09-18,7906.5,7906.75,{},1,1,NQ,5,fixed_hold,0,0.0,-6.25,-6.45,0.011996107935642878,-5.75,2019-09-17,0.013059343191857087,ENTERED,0.724781890194738,0.0,2019
SHORT,2019-09-19,7906.75,7907.0,2019-09-19,7927.75,7927.5,{},1,1,NQ,5,fixed_hold,0,0.0,-21.0,-21.2,0.011743570848519461,-20.5,2019-09-18,-0.0058154155664528195,ENTERED,0.7403678060725019,0.0,2019
SHORT,2019-09-20,7927.5,7927.75,2019-09-20,7832.0,7831.75,{},1,1,NQ,5,fixed_hold,0,0.0,95.5,95.3,0.011557630697926658,96.0,2019-09-19,-0.0006618133686299155,ENTERED,0.7524538273104809,0.0,2019
SHORT,2019-09-23,7876.25,7876.5,2019-09-23,7885.0,7884.75,{},1,1,NQ,5,fixed_hold,0,0.0,-8.75,-8.95,0.00965594311674684,-8.25,2019-09-20,-0.0071310851926974506,ENTERED,0.9006456798832059,0.0,2019
SHORT,2019-09-24,7885.0,7885.25,2019-09-24,7752.75,7752.5,{},1,1,NQ,5,fixed_hold,0,0.0,132.25,132.05,0.00862730290797926,132.75,2019-09-23,-0.0001268110198775485,ENTERED,1.008030382850321,0.0,2019
SHORT,2019-09-25,7752.75,7753.0,2019-09-25,7816.75,7816.5,{},1,1,NQ,5,fixed_hold,0,0.0,-64.0,-64.2,0.009600018079327324,-63.5,2019-09-24,-0.020221169036335085,ENTERED,0.9058924036844513,0.0,2019
SHORT,2019-09-26,7816.75,7817.0,2019-09-26,7778.0,7777.75,{},1,1,NQ,5,fixed_hold,0,0.0,38.75,38.55,0.009718227278208102,39.25,2019-09-25,-0.011414297910013693,ENTERED,0.8949344960089889,0.0,2019
SHORT,2019-09-27,7777.5,7777.75,2019-09-27,7717.5,7717.25,{},1,1,NQ,5,fixed_hold,0,0.0,60.0,59.8,0.009239663217073889,60.5,2019-09-26,-0.018889940081993184,ENTERED,0.9412872122062352,0.0,2019
SHORT,2019-09-30,7724.0,7724.25,2019-09-30,7782.0,7781.75,{},1,1,NQ,5,fixed_hold,0,0.0,-58.0,-58.2,0.009393764346415494,-57.5,2019-09-27,-0.014619976378204336,ENTERED,0.9264563292907382,0.0,2019
SHORT,2019-10-01,7781.5,7781.75,2019-10-01,7722.5,7722.25,{},1,1,NQ,5,fixed_hold,0,0.0,59.0,58.8,0.009409325954512776,59.5,2019-09-30,-0.013063191604045898,ENTERED,0.9249241100451339,0.0,2019
SHORT,2019-10-02,7721.5,7721.75,2019-10-02,7559.75,7559.5,{},1,1,NQ,5,fixed_hold,0,0.0,161.75,161.55,0.009593687770006408,162.25,2019-10-01,-0.003901967107384663,ENTERED,0.9074357321023421,0.0,2019
SHORT,2019-10-03,7559.5,7559.75,2019-10-03,7643.75,7643.5,{},1,1,NQ,5,fixed_hold,0,0.0,-84.25,-84.45,0.010180077841667875,-83.75,2019-10-02,-0.032879165867076066,ENTERED,0.855165866168931,0.0,2019
SHORT,2019-10-04,7643.25,7643.5,2019-10-04,7770.0,7769.75,{},1,1,NQ,5,fixed_hold,0,0.0,-126.75,-126.95,0.009452294576481392,-126.25,2019-10-03,-0.017260775931342454,ENTERED,0.92121840299631,0.0,2019
LONG,2019-10-07,7738.0,7737.75,2019-10-07,7742.75,7743.0,{},1,1,NQ,5,fixed_hold,0,0.0,4.75,4.55,0.010270883941035334,5.25,2019-10-04,0.006802941462308532,ENTERED,0.8477973039503663,0.0,2019
SHORT,2019-10-08,7742.75,7743.0,2019-10-08,7617.0,7616.75,{},1,1,NQ,5,fixed_hold,0,0.0,125.75,125.55,0.010280693072648832,126.25,2019-10-07,-0.004979599704436621,ENTERED,0.8470871852926691,0.0,2019
SHORT,2019-10-09,7616.75,7617.0,2019-10-09,7637.5,7637.25,{},1,1,NQ,5,fixed_hold,0,0.0,-20.75,-20.95,0.010843752721034165,-20.25,2019-10-08,-0.013661821360354875,ENTERED,0.803102355965325,0.0,2019
LONG,2019-10-10,7637.5,7637.25,2019-10-10,7782.75,7783.0,{},1,1,NQ,5,fixed_hold,0,0.0,145.25,145.05,0.009891859530808808,145.75,2019-10-09,0.010285071764005504,ENTERED,0.8805821907644031,0.0,2019
LONG,2019-10-11,7782.75,7782.5,2019-10-11,7858.25,7858.5,{},1,1,NQ,5,fixed_hold,0,0.0,75.5,75.3,0.01095199349828394,76.0,2019-10-10,0.018250801334467326,ENTERED,0.7953433626250982,0.0,2019
LONG,2019-10-14,7893.0,7892.75,2019-10-14,7878.0,7878.25,{},1,1,NQ,5,fixed_hold,0,0.0,-15.0,-15.2,0.011137801527126514,-14.5,2019-10-11,0.011422503941568296,ENTERED,0.7823546063238191,0.0,2019
LONG,2019-10-15,7878.25,7878.0,2019-10-15,7951.5,7951.75,{},1,1,NQ,5,fixed_hold,0,0.0,73.25,73.05,0.011153293572918537,73.75,2019-10-14,0.01746738990055552,ENTERED,0.7812679072866667,0.0,2019
LONG,2019-10-16,7952.0,7951.75,2019-10-16,7939.0,7939.25,{},1,1,NQ,5,fixed_hold,0,0.0,-13.0,-13.2,0.011325692557498478,-12.5,2019-10-15,0.04398201332589369,ENTERED,0.7695627976223582,0.0,2019
LONG,2019-10-17,7939.75,7939.5,2019-10-17,7947.5,7947.75,{},1,1,NQ,5,fixed_hold,0,0.0,7.75,7.55,0.011331334630759148,8.25,2019-10-16,0.03954302923172626,ENTERED,0.769179618603791,0.0,2019
LONG,2019-10-18,7948.5,7948.25,2019-10-18,7882.75,7883.0,{},1,1,NQ,5,fixed_hold,0,0.0,-65.75,-65.95,0.011319636844253746,-65.25,2019-10-17,0.02116793010407303,ENTERED,0.7709989508540543,0.0,2019
LONG,2019-10-21,7894.5,7894.25,2019-10-21,7945.5,7945.75,{},1,1,NQ,5,fixed_hold,0,0.0,51.0,50.8,0.011127926310857567,51.5,2019-10-18,0.0031176433161546058,ENTERED,0.7842816250906646,0.0,2019
LONG,2019-10-22,7946.0,7945.75,2019-10-22,7843.75,7844.0,{},1,1,NQ,5,fixed_hold,0,0.0,-102.25,-102.45,0.011167061171314673,-101.75,2019-10-21,0.008567892615745754,ENTERED,0.7819146300526852,0.0,2019
SHORT,2019-10-23,7844.0,7844.25,2019-10-23,7925.75,7925.5,{},1,1,NQ,5,fixed_hold,0,0.0,-81.75,-81.95,0.010876579119724242,-81.25,2019-10-22,-0.013550476310246307,ENTERED,0.8027973141582403,0.0,2019
SHORT,2019-10-24,7925.0,7925.25,2019-10-24,7924.5,7924.25,{},1,1,NQ,5,fixed_hold,0,0.0,0.5,0.3,0.010965324884648435,1.0,2019-10-23,-0.001731901627987864,ENTERED,0.7975737738445396,0.0,2019
SHORT,2019-10-25,7923.75,7924.0,2019-10-25,8036.75,8036.5,{},1,1,NQ,5,fixed_hold,0,0.0,-113.0,-113.2,0.01088607792228246,-112.5,2019-10-24,-0.0029568116762608287,ENTERED,0.8033798409415401,0.0,2019
LONG,2019-10-28,8057.5,8057.25,2019-10-28,8112.75,8113.0,{},1,1,NQ,5,fixed_hold,0,0.0,55.25,55.05,0.011060265978069198,55.75,2019-10-25,0.019472282126093976,ENTERED,0.7909308731400969,0.0,2019
LONG,2019-10-29,8113.0,8112.75,2019-10-29,8058.5,8058.75,{},1,1,NQ,5,fixed_hold,0,0.0,-54.5,-54.7,0.011097899724334536,-54.0,2019-10-28,0.02104898845294656,ENTERED,0.7882487717936675,0.0,2019
LONG,2019-10-30,8059.0,8058.75,2019-10-30,8122.75,8123.0,{},1,1,NQ,5,fixed_hold,0,0.0,63.75,63.55,0.011055346760112137,64.25,2019-10-29,0.02737761346251899,ENTERED,0.791488454425268,0.0,2019
LONG,2019-10-31,8123.75,8123.5,2019-10-31,8089.0,8089.25,{},1,1,NQ,5,fixed_hold,0,0.0,-34.75,-34.95,0.009657241993260955,-34.25,2019-10-30,0.02491956343448365,ENTERED,0.9060743560534805,0.0,2019
LONG,2019-11-01,8090.0,8089.75,2019-11-01,8163.25,8163.5,{},1,1,NQ,5,fixed_hold,0,0.0,73.25,73.05,0.009639361689688361,73.75,2019-10-31,0.020822159825850894,ENTERED,0.9082554964851985,0.0,2019
LONG,2019-11-04,8177.0,8176.75,2019-11-04,8239.5,8239.75,{},1,1,NQ,5,fixed_hold,0,0.0,62.5,62.3,0.009223729488480858,63.0,2019-11-01,0.01580289927207157,ENTERED,0.949182567442169,0.0,2019
LONG,2019-11-05,8239.75,8239.5,2019-11-05,8213.25,8213.5,{},1,1,NQ,5,fixed_hold,0,0.0,-26.5,-26.7,0.009232039820461566,-26.0,2019-11-04,0.015623074078639387,ENTERED,0.9485472732840924,0.0,2019
LONG,2019-11-06,8214.0,8213.75,2019-11-06,8202.75,8203.0,{},1,1,NQ,5,fixed_hold,0,0.0,-11.25,-11.45,0.008183113680242434,-10.75,2019-11-05,0.019202729951915742,ENTERED,1.0698865467806782,0.0,2019
LONG,2019-11-07,8203.0,8202.75,2019-11-07,8237.0,8237.25,{},1,1,NQ,5,fixed_hold,0,0.0,34.0,33.8,0.008259471984109357,34.5,2019-11-06,0.009848578111535389,ENTERED,1.0599955123175324,0.0,2019
LONG,2019-11-08,8237.5,8237.25,2019-11-08,8260.25,8260.5,{},1,1,NQ,5,fixed_hold,0,0.0,22.75,22.55,0.007419645294861416,23.25,2019-11-07,0.018295886516055404,ENTERED,1.179325826580499,0.0,2019
LONG,2019-11-11,8252.25,8252.0,2019-11-11,8243.75,8244.0,{},1,1,NQ,5,fixed_hold,0,0.0,-8.5,-8.7,0.007243513534701598,-8.0,2019-11-08,0.011882158387946262,ENTERED,1.2080020667286597,0.0,2019
LONG,2019-11-12,8244.5,8244.25,2019-11-12,8264.25,8264.5,{},1,1,NQ,5,fixed_hold,0,0.0,19.75,19.55,0.0073136993964967156,20.25,2019-11-11,0.0005157923480687554,ENTERED,1.1960986298378975,0.0,2019
LONG,2019-11-13,8265.0,8264.75,2019-11-13,8264.0,8264.25,{},1,1,NQ,5,fixed_hold,0,0.0,-1.0,-1.2,0.00712501918429683,-0.5,2019-11-12,0.006209289584220956,ENTERED,1.2277729506295092,0.0,2019
LONG,2019-11-14,8264.5,8264.25,2019-11-14,8271.25,8271.5,{},1,1,NQ,5,fixed_hold,0,0.0,6.75,6.55,0.007093122784765683,7.25,2019-11-13,0.007466780446178323,ENTERED,1.2329767600335428,0.0,2019
LONG,2019-11-15,8271.5,8271.25,2019-11-15,8323.0,8323.25,{},1,1,NQ,5,fixed_hold,0,0.0,51.5,51.3,0.007094633555448806,52.0,2019-11-14,0.004157941060426662,ENTERED,1.2327142031125304,0.0,2019
LONG,2019-11-18,8310.75,8310.5,2019-11-18,8327.5,8327.75,{},1,1,NQ,5,fixed_hold,0,0.0,16.75,16.55,0.00672968980531563,17.25,2019-11-15,0.007596392470189395,ENTERED,1.297487515345396,0.0,2019
LONG,2019-11-19,8328.25,8328.0,2019-11-19,8317.5,8317.75,{},1,1,NQ,5,fixed_hold,0,0.0,-10.75,-10.95,0.006630693737279777,-10.25,2019-11-18,0.010158903444929424,ENTERED,1.3168589668758202,0.0,2019
LONG,2019-11-20,8318.25,8318.0,2019-11-20,8269.75,8270.0,{},1,1,NQ,5,fixed_hold,0,0.0,-48.5,-48.7,0.005670985605662131,-48.0,2019-11-19,0.006443221005505428,ENTERED,1.538961432428031,0.0,2019
LONG,2019-11-21,8270.0,8269.75,2019-11-21,8270.0,8270.25,{},1,1,NQ,5,fixed_hold,0,0.0,0.0,-0.2,0.005704377817318926,0.5,2019-11-20,0.0006957679160239927,ENTERED,1.5299526802855519,0.0,2019
SHORT,2019-11-22,8270.0,8270.25,2019-11-22,8283.25,8283.0,{},1,1,NQ,5,fixed_hold,0,0.0,-13.25,-13.45,0.005700537958774838,-12.75,2019-11-21,-0.0001511213201957906,ENTERED,1.5289489715866151,0.0,2019
SHORT,2019-11-25,8306.25,8306.5,2019-11-25,8375.5,8375.25,{},1,1,NQ,5,fixed_hold,0,0.0,-69.25,-69.45,0.004950137911216167,-68.75,2019-11-22,-0.004835851380169953,ENTERED,1.7607250153194045,0.0,2019
LONG,2019-11-26,8375.75,8375.5,2019-11-26,8401.25,8401.5,{},1,1,NQ,5,fixed_hold,0,0.0,25.5,25.3,0.0050987020199994345,26.0,2019-11-25,0.005703821560445466,ENTERED,1.7090056047379805,0.0,2019
LONG,2019-11-27,8401.5,8401.25,2019-11-27,8425.25,8425.5,{},1,1,NQ,5,fixed_hold,0,0.0,23.75,23.55,0.004716797274514999,24.25,2019-11-26,0.010068828709687061,ENTERED,1.8473785965210632,0.0,2019
LONG,2019-11-28,8425.75,8425.5,2019-11-28,8449.25,8449.5,{},1,1,NQ,5,fixed_hold,0,0.0,23.5,23.3,0.004515717459772578,24.0,2019-11-27,0.01880290205562285,ENTERED,1.9289504744196388,0.0,2019
LONG,2019-11-29,8449.25,8449.0,2019-11-29,8422.25,8422.5,{},1,1,NQ,5,fixed_hold,0,0.0,-27.0,-27.2,0.004292439894837678,-26.5,2019-11-28,0.021674072730570426,ENTERED,2.0292876661707475,0.0,2019
LONG,2019-12-02,8431.0,8430.75,2019-12-02,8304.25,8304.5,{},1,1,NQ,5,fixed_hold,0,0.0,-126.75,-126.95,0.004120362052644977,-126.25,2019-11-29,0.01684172401303874,ENTERED,2.1135626545676045,0.0,2019
SHORT,2019-12-03,8303.75,8304.0,2019-12-03,8262.0,8261.75,{},1,1,NQ,5,fixed_hold,0,0.0,41.75,41.55,0.00501425874176581,42.25,2019-12-02,-0.008447509029581357,ENTERED,1.7367758239578048,0.0,2019
SHORT,2019-12-04,8261.5,8261.75,2019-12-04,8291.25,8291.0,{},1,1,NQ,5,fixed_hold,0,0.0,-29.75,-29.95,0.005106520038852603,-29.25,2019-12-03,-0.016633934416473317,ENTERED,1.7051979916157167,0.0,2019
SHORT,2019-12-05,8290.5,8290.75,2019-12-05,8315.0,8314.75,{},1,1,NQ,5,fixed_hold,0,0.0,-24.5,-24.7,0.005141426484553858,-24.0,2019-12-04,-0.015963444305975738,ENTERED,1.6936209708641716,0.0,2019
SHORT,2019-12-06,8314.5,8314.75,2019-12-06,8405.25,8405.0,{},1,1,NQ,5,fixed_hold,0,0.0,-90.75,-90.95,0.005100927102406614,-90.25,2019-12-05,-0.015947689212379434,ENTERED,1.7066809445345195,0.0,2019
SHORT,2019-12-09,8403.5,8403.75,2019-12-09,8358.5,8358.25,{},1,1,NQ,5,fixed_hold,0,0.0,45.0,44.8,0.00558790670889987,45.5,2019-12-06,-0.0020777678836449986,ENTERED,1.5579456742310203,0.0,2019
LONG,2019-12-10,8358.5,8358.25,2019-12-10,8360.75,8361.0,{},1,1,NQ,5,fixed_hold,0,0.0,2.25,2.05,0.005739393580271032,2.75,2019-12-09,0.006472394484917654,ENTERED,1.5163470343832615,0.0,2019
LONG,2019-12-11,8361.25,8361.0,2019-12-11,8414.5,8414.75,{},1,1,NQ,5,fixed_hold,0,0.0,53.25,53.05,0.005724381887130166,53.75,2019-12-10,0.012013193330710603,ENTERED,1.520323522469495,0.0,2019
LONG,2019-12-12,8414.75,8414.5,2019-12-12,8502.25,8502.5,{},1,1,NQ,5,fixed_hold,0,0.0,87.5,87.3,0.005867581815611898,88.0,2019-12-11,0.014925823181763054,ENTERED,1.4822421066517324,0.0,2019
LONG,2019-12-13,8502.0,8501.75,2019-12-13,8495.0,8495.25,{},1,1,NQ,5,fixed_hold,0,0.0,-7.0,-7.2,0.006240782293701072,-6.5,2019-12-12,0.022580354189843055,ENTERED,1.3936036256387576,0.0,2019
LONG,2019-12-16,8535.75,8535.5,2019-12-16,8598.5,8598.75,{},1,1,NQ,5,fixed_hold,0,0.0,62.75,62.55,0.006151231949556382,63.25,2019-12-13,0.010737656157049136,ENTERED,1.4137954030368183,0.0,2019
LONG,2019-12-17,8599.0,8598.75,2019-12-17,8603.0,8603.25,{},1,1,NQ,5,fixed_hold,0,0.0,4.0,3.8,0.006633379783864977,4.5,2019-12-16,0.028773965842131766,ENTERED,1.3110335510186792,0.0,2019
LONG,2019-12-18,8603.75,8603.5,2019-12-18,8621.75,8622.0,{},1,1,NQ,5,fixed_hold,0,0.0,18.0,17.8,0.006605892009708926,18.5,2019-12-17,0.028973806960889803,ENTERED,1.3161828518838365,0.0,2019
LONG,2019-12-19,8622.0,8621.75,2019-12-19,8679.75,8680.0,{},1,1,NQ,5,fixed_hold,0,0.0,57.75,57.55,0.006368904056234725,58.25,2019-12-18,0.02462937104489127,ENTERED,1.3651582293917517,0.0,2019
LONG,2019-12-20,8680.25,8680.0,2019-12-20,8710.0,8710.25,{},1,1,NQ,5,fixed_hold,0,0.0,29.75,29.55,0.0064297988683108855,30.25,2019-12-19,0.020876212878565115,ENTERED,1.3519837066619933,0.0,2019
LONG,2019-12-23,8722.5,8722.25,2019-12-23,8728.75,8729.0,{},1,1,NQ,5,fixed_hold,0,0.0,6.25,6.05,0.0064301863731722085,6.75,2019-12-20,0.0253082604985142,ENTERED,1.3519022315338467,0.0,2019
LONG,2019-12-24,8729.0,8728.75,2019-12-24,8729.5,8729.75,{},1,1,NQ,5,fixed_hold,0,0.0,0.5,0.3,0.006103302835720564,1.0,2019-12-23,0.015147550516063646,ENTERED,1.4242970805088861,0.0,2019
LONG,2019-12-25,8730.5,8730.25,2019-12-25,8730.25,8730.5,{},1,1,NQ,5,fixed_hold,0,0.0,-0.25,-0.45,0.006113862465509698,0.25,2019-12-24,0.014703745677505653,ENTERED,1.4218370889790204,0.0,2019
LONG,2019-12-26,8730.5,8730.25,2019-12-26,8807.5,8807.75,{},1,1,NQ,5,fixed_hold,0,0.0,77.0,76.8,0.006123285812792893,77.5,2019-12-25,0.012584087218742601,ENTERED,1.4195170143292004,0.0,2019
LONG,2019-12-27,8808.25,8808.0,2019-12-27,8779.0,8779.25,{},1,1,NQ,5,fixed_hold,0,0.0,-29.25,-29.45,0.0063212610874786475,-28.75,2019-12-26,0.01471774193548403,ENTERED,1.3750592286209662,0.0,2019
LONG,2019-12-30,8798.0,8797.75,2019-12-30,8734.75,8735.0,{},1,1,NQ,5,fixed_hold,0,0.0,-63.25,-63.45,0.006323044619587027,-62.75,2019-12-27,0.00792170144370119,ENTERED,1.37461878286923,0.0,2019
LONG,2019-12-31,8735.5,8735.25,2019-12-31,8771.75,8772.0,{},1,1,NQ,5,fixed_hold,0,0.0,36.25,36.05,0.005366298758536143,36.75,2019-12-30,0.0006873639592164249,ENTERED,1.619696608426542,0.0,2019
LONG,2020-01-01,8777.0,8776.75,2020-01-01,8776.25,8776.5,{},1,1,NQ,5,fixed_hold,0,0.0,-0.75,-0.95,0.005059876240071311,-0.25,2019-12-31,0.004839772043873314,ENTERED,1.7171068789412225,0.0,2020
LONG,2020-01-02,8776.75,8776.5,2020-01-02,8898.0,8898.25,{},1,1,NQ,5,fixed_hold,0,0.0,121.25,121.05,0.005088471960290416,121.75,2020-01-01,0.005268884943588681,ENTERED,1.707457241824287,0.0,2020
LONG,2020-01-03,8898.5,8898.25,2020-01-03,8811.5,8811.75,{},1,1,NQ,5,fixed_hold,0,0.0,-87.0,-87.2,0.005652821620756125,-86.5,2020-01-02,0.010275041866538048,ENTERED,1.5361873534134478,0.0,2020
LONG,2020-01-06,8778.25,8778.0,2020-01-06,8848.75,8849.0,{},1,1,NQ,5,fixed_hold,0,0.0,70.5,70.3,0.006083013518740046,71.0,2020-01-03,0.0037019107554747688,ENTERED,1.4275478852965484,0.0,2020
LONG,2020-01-07,8849.25,8849.0,2020-01-07,8751.75,8752.0,{},1,1,NQ,5,fixed_hold,0,0.0,-97.5,-97.7,0.005797170582100385,-97.0,2020-01-06,0.013050944476244997,ENTERED,1.4976373070207678,0.0,2020
SHORT,2020-01-08,8752.0,8752.25,2020-01-08,8952.5,8952.25,{},1,1,NQ,5,fixed_hold,0,0.0,-200.5,-200.7,0.006557775356454173,-200.0,2020-01-07,-0.002279981760145988,ENTERED,1.3239335699982375,0.0,2020
LONG,2020-01-09,8952.5,8952.25,2020-01-09,9015.25,9015.5,{},1,1,NQ,5,fixed_hold,0,0.0,62.75,62.55,0.007979548585408757,63.25,2020-01-08,0.02002506694012407,ENTERED,1.0869387469522813,0.0,2020
LONG,2020-01-10,9016.0,9015.75,2020-01-10,8978.0,8978.25,{},1,1,NQ,5,fixed_hold,0,0.0,-38.0,-38.2,0.007852101776123289,-37.5,2020-01-09,0.01317674823701287,ENTERED,1.104580759134172,0.0,2020
LONG,2020-01-13,8988.0,8987.75,2020-01-13,9104.75,9105.0,{},1,1,NQ,5,fixed_hold,0,0.0,116.75,116.55,0.0079693197670602,117.25,2020-01-10,0.01889522512554276,ENTERED,1.0878108777594868,0.0,2020
LONG,2020-01-14,9105.25,9105.0,2020-01-14,9030.5,9030.75,{},1,1,NQ,5,fixed_hold,0,0.0,-74.75,-74.95,0.008099862768417045,-74.25,2020-01-13,0.028929822578822373,ENTERED,1.0702789638306416,0.0,2020
LONG,2020-01-15,9031.5,9031.25,2020-01-15,9073.75,9074.0,{},1,1,NQ,5,fixed_hold,0,0.0,42.25,42.05,0.00845814533912547,42.75,2020-01-14,0.03184986288848268,ENTERED,1.0237376460870384,0.0,2020
LONG,2020-01-16,9074.25,9074.0,2020-01-16,9145.5,9145.75,{},1,1,NQ,5,fixed_hold,0,0.0,71.25,71.05,0.008473681120194783,71.75,2020-01-15,0.013599932977742979,ENTERED,1.0218607092851428,0.0,2020
LONG,2020-01-17,9145.75,9145.5,2020-01-17,9171.5,9171.75,{},1,1,NQ,5,fixed_hold,0,0.0,25.75,25.55,0.008508033013119514,26.25,2020-01-16,0.014447340691031707,ENTERED,1.0175507661082173,0.0,2020
LONG,2020-01-20,9185.0,9184.75,2020-01-20,9169.75,9170.0,{},1,1,NQ,5,fixed_hold,0,0.0,-15.25,-15.45,0.008505931386657738,-14.75,2020-01-17,0.02155208420349175,ENTERED,1.0178021802707635,0.0,2020
LONG,2020-01-21,9170.5,9170.25,2020-01-21,9177.75,9178.0,{},1,1,NQ,5,fixed_hold,0,0.0,7.25,7.05,0.008528802591347313,7.75,2020-01-20,0.00713893465129023,ENTERED,1.0149036412704375,0.0,2020
LONG,2020-01-22,9178.5,9178.25,2020-01-22,9181.75,9182.0,{},1,1,NQ,5,fixed_hold,0,0.0,3.25,3.05,0.008518884922150596,3.75,2020-01-21,0.01630540099105815,ENTERED,1.016085190108419,0.0,2020
LONG,2020-01-23,9182.5,9182.25,2020-01-23,9269.75,9270.0,{},1,1,NQ,5,fixed_hold,0,0.0,87.25,87.05,0.008513935175447192,87.75,2020-01-22,0.01190213797663664,ENTERED,1.0161275321043546,0.0,2020
LONG,2020-01-24,9270.25,9270.0,2020-01-24,9136.5,9136.75,{},1,1,NQ,5,fixed_hold,0,0.0,-133.75,-133.95,0.008544075662910941,-133.25,2020-01-23,0.013585545198589344,ENTERED,1.012542992318979,0.0,2020
SHORT,2020-01-27,9014.75,9015.0,2020-01-27,8978.75,8978.5,{},1,1,NQ,5,fixed_hold,0,0.0,36.0,35.8,0.009275853099423147,36.5,2020-01-24,-0.003816065636328969,ENTERED,0.9326628877791971,0.0,2020
SHORT,2020-01-28,8978.75,8979.0,2020-01-28,9099.75,9099.5,{},1,1,NQ,5,fixed_hold,0,0.0,-121.0,-121.2,0.00923860484458584,-120.5,2020-01-27,-0.007660080950747772,ENTERED,0.9369285678137661,0.0,2020
LONG,2020-01-29,9100.25,9100.0,2020-01-29,9121.25,9121.5,{},1,1,NQ,5,fixed_hold,0,0.0,21.0,20.8,0.009576569661510402,21.5,2020-01-28,0.004836695928325696,ENTERED,0.9038636079080047,0.0,2020
LONG,2020-01-30,9122.25,9122.0,2020-01-30,9218.25,9218.5,{},1,1,NQ,5,fixed_hold,0,0.0,96.0,95.8,0.0095647093810629,96.5,2020-01-29,0.006827304633858278,ENTERED,0.9051352388933429,0.0,2020
LONG,2020-01-31,9218.25,9218.0,2020-01-31,9013.0,9013.25,{},1,1,NQ,5,fixed_hold,0,0.0,-205.25,-205.45,0.009390485210489024,-204.75,2020-01-30,0.007874684168361457,ENTERED,0.9219284538038179,0.0,2020
SHORT,2020-02-03,9019.75,9020.0,2020-02-03,9089.75,9089.5,{},1,1,NQ,5,fixed_hold,0,0.0,-70.0,-70.2,0.010590737396515537,-69.5,2020-01-31,-0.00019412090959514128,ENTERED,0.8175938535297117,0.0,2020
LONG,2020-02-04,9090.5,9090.25,2020-02-04,9338.0,9338.25,{},1,1,NQ,5,fixed_hold,0,0.0,247.5,247.3,0.010682499763721341,248.0,2020-02-03,0.012362866848582676,ENTERED,0.8105707457298322,0.0,2020
LONG,2020-02-05,9338.25,9338.0,2020-02-05,9381.0,9381.25,{},1,1,NQ,5,fixed_hold,0,0.0,42.75,42.55,0.011618987861399352,43.25,2020-02-04,0.026237705368426623,ENTERED,0.7461159986019391,0.0,2020
LONG,2020-02-06,9381.25,9381.0,2020-02-06,9466.5,9466.75,{},1,1,NQ,5,fixed_hold,0,0.0,85.25,85.05,0.010740068280116349,85.75,2020-02-05,0.028476675985309452,ENTERED,0.8071748246704696,0.0,2020
LONG,2020-02-07,9467.0,9466.75,2020-02-07,9400.25,9400.5,{},1,1,NQ,5,fixed_hold,0,0.0,-66.75,-66.95,0.010789828520615783,-66.25,2020-02-06,0.02692954385203672,ENTERED,0.803838589658518,0.0,2020
LONG,2020-02-10,9356.75,9356.5,2020-02-10,9525.25,9525.5,{},1,1,NQ,5,fixed_hold,0,0.0,168.5,168.3,0.010910326056914195,169.0,2020-02-07,0.042964524450114894,ENTERED,0.7949607092789432,0.0,2020
LONG,2020-02-11,9525.5,9525.25,2020-02-11,9540.75,9541.0,{},1,1,NQ,5,fixed_hold,0,0.0,15.25,15.05,0.01086790975597458,15.75,2020-02-10,0.04796743495241729,ENTERED,0.7988710924052271,0.0,2020
LONG,2020-02-12,9541.5,9541.25,2020-02-12,9576.5,9576.75,{},1,1,NQ,5,fixed_hold,0,0.0,35.0,34.8,0.010555646107973942,35.5,2020-02-11,0.02171177683184733,ENTERED,0.8225037908724735,0.0,2020
LONG,2020-02-13,9577.25,9577.0,2020-02-13,9609.5,9609.75,{},1,1,NQ,5,fixed_hold,0,0.0,32.25,32.05,0.010551402150334076,32.75,2020-02-12,0.020839440373084273,ENTERED,0.8229989684008702,0.0,2020
LONG,2020-02-14,9610.0,9609.75,2020-02-14,9630.0,9630.25,{},1,1,NQ,5,fixed_hold,0,0.0,20.0,19.8,0.010498694862578482,20.5,2020-02-13,0.015105500831858576,ENTERED,0.8271307242065065,0.0,2020
LONG,2020-02-17,9663.75,9663.5,2020-02-17,9602.75,9603.0,{},1,1,NQ,5,fixed_hold,0,0.0,-61.0,-61.2,0.010501172797798991,-60.5,2020-02-14,0.02444018935162995,ENTERED,0.8273693296656107,0.0,2020
LONG,2020-02-18,9602.75,9602.5,2020-02-18,9663.75,9664.0,{},1,1,NQ,5,fixed_hold,0,0.0,61.0,60.8,0.010561983168642734,61.5,2020-02-17,0.008136055850086477,ENTERED,0.8226057701182828,0.0,2020
LONG,2020-02-19,9664.5,9664.25,2020-02-19,9744.25,9744.5,{},1,1,NQ,5,fixed_hold,0,0.0,79.75,79.55,0.010573998760245387,80.25,2020-02-18,0.012891730426579873,ENTERED,0.8219951691012726,0.0,2020
LONG,2020-02-20,9745.0,9744.75,2020-02-20,9572.5,9572.75,{},1,1,NQ,5,fixed_hold,0,0.0,-172.5,-172.7,0.010608382275464597,-172.0,2020-02-19,0.017516380818126898,ENTERED,0.8193309472931767,0.0,2020
SHORT,2020-02-21,9572.75,9573.0,2020-02-21,9455.25,9455.0,{},1,1,NQ,5,fixed_hold,0,0.0,117.5,117.3,0.01152012195816487,118.0,2020-02-20,-0.0038502562501627757,ENTERED,0.7545153103782551,0.0,2020
SHORT,2020-02-24,9309.75,9310.0,2020-02-24,9141.0,9140.75,{},1,1,NQ,5,fixed_hold,0,0.0,168.75,168.55,0.011370088248114488,169.25,2020-02-21,-0.018197866099010973,ENTERED,0.7644714979500303,0.0,2020
SHORT,2020-02-25,9140.75,9141.0,2020-02-25,8921.5,8921.25,{},1,1,NQ,5,fixed_hold,0,0.0,219.25,219.05,0.012203463126658775,219.75,2020-02-24,-0.03331104963730336,ENTERED,0.7123319274336568,0.0,2020
SHORT,2020-02-26,8921.25,8921.5,2020-02-26,8832.5,8832.25,{},1,1,NQ,5,fixed_hold,0,0.0,88.75,88.55,0.013148559373355564,89.25,2020-02-25,-0.0624797853417246,ENTERED,0.6611307112468807,0.0,2020
SHORT,2020-02-27,8831.75,8832.0,2020-02-27,8414.25,8414.0,{},1,1,NQ,5,fixed_hold,0,0.0,417.5,417.3,0.013312997726896994,418.0,2020-02-26,-0.0795003119168437,ENTERED,0.6529696380483203,0.0,2020
SHORT,2020-02-28,8413.0,8413.25,2020-02-28,8548.25,8548.0,{},1,1,NQ,5,fixed_hold,0,0.0,-135.25,-135.45,0.016609001433825477,-134.75,2020-02-27,-0.10735733067488906,ENTERED,0.5233898823902879,0.0,2020
SHORT,2020-03-02,8355.25,8355.5,2020-03-02,8860.0,8859.75,{},1,1,NQ,5,fixed_hold,0,0.0,-504.75,-504.95,0.016551887778403548,-504.25,2020-02-28,-0.08184747583243812,ENTERED,0.5252912478007354,0.0,2020
SHORT,2020-03-03,8858.5,8858.75,2020-03-03,8563.0,8562.75,{},1,1,NQ,5,fixed_hold,0,0.0,295.5,295.3,0.02154818152084659,296.0,2020-03-02,-0.00841098672935181,ENTERED,0.40349399211083625,0.0,2020
SHORT,2020-03-04,8561.5,8561.75,2020-03-04,8883.0,8882.75,{},1,1,NQ,5,fixed_hold,0,0.0,-321.5,-321.7,0.02190314058560843,-321.0,2020-03-03,-0.018072044377089425,ENTERED,0.39704732840961415,0.0,2020
LONG,2020-03-05,8883.5,8883.25,2020-03-05,8693.25,8693.5,{},1,1,NQ,5,fixed_hold,0,0.0,-190.25,-190.45,0.023598260684804726,-189.75,2020-03-04,0.028888127435814148,ENTERED,0.36852645919348964,0.0,2020
LONG,2020-03-06,8694.25,8694.0,2020-03-06,8501.5,8501.75,{},1,1,NQ,5,fixed_hold,0,0.0,-192.75,-192.95,0.023920351544578406,-192.25,2020-03-05,0.0570224728250901,ENTERED,0.3635890055844605,0.0,2020
LONG,2020-03-09,8114.5,8114.25,2020-03-09,8109.0,8109.25,{},1,1,NQ,5,fixed_hold,0,0.0,-5.5,-5.7,0.024317131484966358,-5.0,2020-03-06,0.017503440847346008,ENTERED,0.3576563640617255,0.0,2020
SHORT,2020-03-10,8110.0,8110.25,2020-03-10,8212.25,8212.0,{},1,1,NQ,5,fixed_hold,0,0.0,-102.25,-102.45,0.024028812151117296,-101.75,2020-03-09,-0.0409987615293218,ENTERED,0.36218654421490576,0.0,2020
LONG,2020-03-11,8211.25,8211.0,2020-03-11,7994.75,7995.0,{},1,1,NQ,5,fixed_hold,0,0.0,-216.5,-216.7,0.024279023094305203,-216.0,2020-03-10,0.004837009060339792,ENTERED,0.3584539790088849,0.0,2020
SHORT,2020-03-12,7995.0,7995.25,2020-03-12,7117.0,7116.75,{},1,1,NQ,5,fixed_hold,0,0.0,878.0,877.8,0.02477187935618262,878.5,2020-03-11,-0.056958131480327245,ENTERED,0.35143296800225504,0.0,2020
SHORT,2020-03-13,7114.75,7115.0,2020-03-13,7823.25,7823.0,{},1,1,NQ,5,fixed_hold,0,0.0,-708.5,-708.7,0.03407204289926948,-708.0,2020-03-12,-0.1422771154485376,ENTERED,0.2555072823450719,0.0,2020
SHORT,2020-03-16,7555.75,7556.0,2020-03-16,7161.0,7160.75,{},1,1,NQ,5,fixed_hold,0,0.0,394.75,394.55,0.041927098930748495,395.25,2020-03-13,-0.035893643898080474,ENTERED,0.25,0.0,2020
SHORT,2020-03-17,7158.5,7158.75,2020-03-17,7188.0,7187.75,{},1,1,NQ,5,fixed_hold,0,0.0,-29.5,-29.7,0.04321429105826322,-29.0,2020-03-16,-0.0857621377974973,ENTERED,0.25,0.0,2020
SHORT,2020-03-18,7173.5,7173.75,2020-03-18,7363.75,7363.5,{},1,1,NQ,5,fixed_hold,0,0.0,-190.25,-190.45,0.043173740634422635,-189.75,2020-03-17,-0.0937971918781717,ENTERED,0.25,0.0,2020
SHORT,2020-03-19,7365.75,7366.0,2020-03-19,7195.75,7195.5,{},1,1,NQ,5,fixed_hold,0,0.0,170.0,169.8,0.04364056213583285,170.5,2020-03-18,-0.04644180239701168,ENTERED,0.25,0.0,2020
LONG,2020-03-20,7195.5,7195.25,2020-03-20,6920.0,6920.25,{},1,1,NQ,5,fixed_hold,0,0.0,-275.5,-275.7,0.04372187206818033,-275.0,2020-03-19,0.04679261116532851,ENTERED,0.25,0.0,2020
SHORT,2020-03-23,6685.25,6685.5,2020-03-23,7082.75,7082.5,{},1,1,NQ,5,fixed_hold,0,0.0,-397.5,-397.7,0.04425844650435169,-397.0,2020-03-20,-0.08413843303335111,ENTERED,0.25,0.0,2020
LONG,2020-03-24,7081.75,7081.5,2020-03-24,7497.75,7498.0,{},1,1,NQ,5,fixed_hold,0,0.0,416.0,415.8,0.046709293096406264,416.5,2020-03-23,0.023801973543372545,ENTERED,0.25,0.0,2020
LONG,2020-03-25,7495.5,7495.25,2020-03-25,7479.0,7479.25,{},1,1,NQ,5,fixed_hold,0,0.0,-16.5,-16.7,0.04853912536593653,-16.0,2020-03-24,0.07979264168095934,ENTERED,0.25,0.0,2020
LONG,2020-03-26,7478.25,7478.0,2020-03-26,7877.75,7878.0,{},1,1,NQ,5,fixed_hold,0,0.0,399.5,399.3,0.048492151080730274,400.0,2020-03-25,0.051384692846497604,ENTERED,0.25,0.0,2020
LONG,2020-03-27,7879.0,7878.75,2020-03-27,7560.75,7561.0,{},1,1,NQ,5,fixed_hold,0,0.0,-318.25,-318.45,0.04857098719751805,-317.75,2020-03-26,0.13329478369946401,ENTERED,0.25,0.0,2020
LONG,2020-03-30,7467.25,7467.0,2020-03-30,7875.5,7875.75,{},1,1,NQ,5,fixed_hold,0,0.0,408.25,408.05,0.0495069141040842,408.75,2020-03-27,0.13095505197816149,ENTERED,0.25,0.0,2020
LONG,2020-03-31,7876.25,7876.0,2020-03-31,7712.25,7712.5,{},1,1,NQ,5,fixed_hold,0,0.0,-164.0,-164.2,0.049173559511909125,-163.5,2020-03-30,0.12600009047929506,ENTERED,0.25,0.0,2020
LONG,2020-04-01,7711.0,7710.75,2020-04-01,7506.75,7507.0,{},1,1,NQ,5,fixed_hold,0,0.0,-204.25,-204.45,0.048773013736957006,-203.75,2020-03-31,0.04155648595261319,ENTERED,0.25,0.0,2020
LONG,2020-04-02,7506.75,7506.5,2020-04-02,7591.5,7591.75,{},1,1,NQ,5,fixed_hold,0,0.0,84.75,84.55,0.04845154788406507,85.25,2020-04-01,0.016345696286219624,ENTERED,0.25,0.0,2020
SHORT,2020-04-03,7591.0,7591.25,2020-04-03,7522.25,7522.0,{},1,1,NQ,5,fixed_hold,0,0.0,68.75,68.55,0.048276061352584984,69.25,2020-04-02,-0.024204056450395806,ENTERED,0.25,0.0,2020
LONG,2020-04-06,7655.25,7655.0,2020-04-06,8080.5,8080.75,{},1,1,NQ,5,fixed_hold,0,0.0,425.25,425.05,0.04804121252851702,425.75,2020-04-03,0.007365742600776715,ENTERED,0.25,0.0,2020
LONG,2020-04-07,8082.25,8082.0,2020-04-07,8042.75,8043.0,{},1,1,NQ,5,fixed_hold,0,0.0,-39.5,-39.7,0.049539350043153095,-39.0,2020-04-06,0.008202762479382342,ENTERED,0.25,0.0,2020
LONG,2020-04-08,8041.75,8041.5,2020-04-08,8225.25,8225.5,{},1,1,NQ,5,fixed_hold,0,0.0,183.5,183.3,0.04953522743535253,184.0,2020-04-07,0.024733716059354593,ENTERED,0.25,0.0,2020
LONG,2020-04-09,8226.0,8225.75,2020-04-09,8238.5,8238.75,{},1,1,NQ,5,fixed_hold,0,0.0,12.5,12.3,0.049198150554758555,13.0,2020-04-08,0.07667350229270009,ENTERED,0.25,0.0,2020
LONG,2020-04-13,8120.75,8120.5,2020-04-13,8365.75,8366.0,{},1,1,NQ,5,fixed_hold,0,0.0,245.0,244.8,0.041045941194160926,245.5,2020-04-09,0.06636912078210999,ENTERED,0.25,0.0,2020
LONG,2020-04-14,8366.0,8365.75,2020-04-14,8673.5,8673.75,{},1,1,NQ,5,fixed_hold,0,0.0,307.5,307.3,0.03584155113950082,308.0,2020-04-13,0.1087948986548184,ENTERED,0.25,0.0,2020
LONG,2020-04-15,8674.5,8674.25,2020-04-15,8532.75,8533.0,{},1,1,NQ,5,fixed_hold,0,0.0,-141.75,-141.95,0.03341629994667119,-141.25,2020-04-14,0.08901480399446116,ENTERED,0.2619979845536563,0.0,2020
LONG,2020-04-16,8532.75,8532.5,2020-04-16,8933.25,8933.5,{},1,1,NQ,5,fixed_hold,0,0.0,400.5,400.3,0.033981732060030884,401.0,2020-04-15,0.07637160119048869,ENTERED,0.2576980532681247,0.0,2020
LONG,2020-04-17,8934.0,8933.75,2020-04-17,8811.75,8812.0,{},1,1,NQ,5,fixed_hold,0,0.0,-122.25,-122.45,0.03479916179973831,-121.75,2020-04-16,0.10188910507758209,ENTERED,0.25164474503563566,0.0,2020
LONG,2020-04-20,8748.0,8747.75,2020-04-20,8730.0,8730.25,{},1,1,NQ,5,fixed_hold,0,0.0,-18.0,-18.2,0.03436528101673241,-17.5,2020-04-17,0.08515485499661346,ENTERED,0.2549850055999089,0.0,2020
LONG,2020-04-21,8730.75,8730.5,2020-04-21,8458.0,8458.25,{},1,1,NQ,5,fixed_hold,0,0.0,-272.75,-272.95,0.03266107753661558,-272.25,2020-04-20,0.0435393258426966,ENTERED,0.26828972077453267,0.0,2020
SHORT,2020-04-22,8457.5,8457.75,2020-04-22,8616.5,8616.25,{},1,1,NQ,5,fixed_hold,0,0.0,-159.0,-159.2,0.032372801008559694,-158.5,2020-04-21,-0.024845078541576582,ENTERED,0.2708524743030846,0.0,2020
LONG,2020-04-23,8617.25,8617.0,2020-04-23,8552.25,8552.5,{},1,1,NQ,5,fixed_hold,0,0.0,-65.0,-65.2,0.03037451762493624,-64.5,2020-04-22,0.009756240478143496,ENTERED,0.28867135806270083,0.0,2020
SHORT,2020-04-24,8553.0,8553.25,2020-04-24,8764.0,8763.75,{},1,1,NQ,5,fixed_hold,0,0.0,-211.0,-211.2,0.030482204150727266,-210.5,2020-04-23,-0.04264845805115591,ENTERED,0.287682760809542,0.0,2020
SHORT,2020-04-27,8753.75,8754.0,2020-04-27,8823.5,8823.25,{},1,1,NQ,5,fixed_hold,0,0.0,-69.75,-69.95,0.028853552311851372,-69.25,2020-04-24,-0.005475487970948656,ENTERED,0.30392114464323405,0.0,2020
LONG,2020-04-28,8823.25,8823.0,2020-04-28,8767.0,8767.25,{},1,1,NQ,5,fixed_hold,0,0.0,-56.25,-56.45,0.0267055345010716,-55.75,2020-04-27,0.010652615904469975,ENTERED,0.32837535868798545,0.0,2020
LONG,2020-04-29,8768.75,8768.5,2020-04-29,9091.5,9091.75,{},1,1,NQ,5,fixed_hold,0,0.0,322.75,322.55,0.024552158154987503,323.25,2020-04-28,0.03653237962935596,ENTERED,0.35717591159954065,0.0,2020
LONG,2020-04-30,9090.75,9090.5,2020-04-30,8838.25,8838.5,{},1,1,NQ,5,fixed_hold,0,0.0,-252.5,-252.7,0.02469952379604012,-252.0,2020-04-29,0.055186421006818476,ENTERED,0.3551317038960724,0.0,2020
LONG,2020-05-01,8839.0,8838.75,2020-05-01,8701.75,8702.0,{},1,1,NQ,5,fixed_hold,0,0.0,-137.25,-137.45,0.024791162621603916,-136.75,2020-04-30,0.0334405144694534,ENTERED,0.3538189840062377,0.0,2020
SHORT,2020-05-04,8583.0,8583.25,2020-05-04,8824.0,8823.75,{},1,1,NQ,5,fixed_hold,0,0.0,-241.0,-241.2,0.025337923628279458,-240.5,2020-05-01,-0.007046070460704601,ENTERED,0.34618508742644477,0.0,2020
LONG,2020-05-05,8824.0,8823.75,2020-05-05,8956.0,8956.25,{},1,1,NQ,5,fixed_hold,0,0.0,132.0,131.8,0.025452924393683785,132.5,2020-05-04,0.013892538251720765,ENTERED,0.34462096263630926,0.0,2020
LONG,2020-05-06,8956.25,8956.0,2020-05-06,8965.25,8965.5,{},1,1,NQ,5,fixed_hold,0,0.0,9.0,8.8,0.02303086862588805,9.5,2020-05-05,0.03569083657874694,ENTERED,0.38102378633502293,0.0,2020
SHORT,2020-05-07,8964.75,8965.0,2020-05-07,9141.75,9141.5,{},1,1,NQ,5,fixed_hold,0,0.0,-177.0,-177.2,0.022916036919349944,-176.5,2020-05-06,-0.00024324673044651135,ENTERED,0.38293308730929027,0.0,2020
LONG,2020-05-08,9142.0,9141.75,2020-05-08,9222.25,9222.5,{},1,1,NQ,5,fixed_hold,0,0.0,80.25,80.05,0.022816545000158388,80.75,2020-05-07,0.048591213060509286,ENTERED,0.38471375373675204,0.0,2020
LONG,2020-05-11,9254.0,9253.75,2020-05-11,9276.5,9276.75,{},1,1,NQ,5,fixed_hold,0,0.0,22.5,22.3,0.02278470593413464,23.0,2020-05-08,0.0744764512276821,ENTERED,0.3852513479739073,0.0,2020
LONG,2020-05-12,9277.0,9276.75,2020-05-12,9013.5,9013.75,{},1,1,NQ,5,fixed_hold,0,0.0,-263.5,-263.7,0.02213730731698835,-263.0,2020-05-11,0.05133871653208644,ENTERED,0.3965225950600593,0.0,2020
LONG,2020-05-13,9015.0,9014.75,2020-05-13,9011.25,9011.5,{},1,1,NQ,5,fixed_hold,0,0.0,-3.75,-3.95,0.02217691239236318,-3.25,2020-05-12,0.006420097697138694,ENTERED,0.3958144573812279,0.0,2020
LONG,2020-05-14,9012.0,9011.75,2020-05-14,9107.75,9108.0,{},1,1,NQ,5,fixed_hold,0,0.0,95.75,95.55,0.021737128576049185,96.25,2020-05-13,0.005130779097652249,ENTERED,0.40403078655652175,0.0,2020
SHORT,2020-05-15,9107.0,9107.25,2020-05-15,9117.75,9117.5,{},1,1,NQ,5,fixed_hold,0,0.0,-10.75,-10.95,0.019314164058111087,-10.25,2020-05-14,-0.003664606465022202,ENTERED,0.4547165038899601,0.0,2020
SHORT,2020-05-18,9166.0,9166.25,2020-05-18,9344.25,9344.0,{},1,1,NQ,5,fixed_hold,0,0.0,-178.25,-178.45,0.018972858760885683,-177.75,2020-05-15,-0.011385199240986799,ENTERED,0.46302573508015066,0.0,2020
LONG,2020-05-19,9344.5,9344.25,2020-05-19,9317.0,9317.25,{},1,1,NQ,5,fixed_hold,0,0.0,-27.5,-27.7,0.019381567905291514,-27.0,2020-05-18,0.007249306060850946,ENTERED,0.4532616719792071,0.0,2020
LONG,2020-05-20,9318.75,9318.5,2020-05-20,9485.0,9485.25,{},1,1,NQ,5,fixed_hold,0,0.0,166.25,166.05,0.017611379860872734,166.75,2020-05-19,0.03367078075162899,ENTERED,0.49896862924231095,0.0,2020
LONG,2020-05-21,9486.0,9485.75,2020-05-21,9402.5,9402.75,{},1,1,NQ,5,fixed_hold,0,0.0,-83.5,-83.7,0.017586760585255826,-83.0,2020-05-20,0.05257171392110038,ENTERED,0.4996671232115645,0.0,2020
LONG,2020-05-22,9403.5,9403.25,2020-05-22,9421.25,9421.5,{},1,1,NQ,5,fixed_hold,0,0.0,17.75,17.55,0.017639814535450254,18.25,2020-05-21,0.03236166007905128,ENTERED,0.49842133010081635,0.0,2020
LONG,2020-05-25,9456.5,9456.25,2020-05-25,9509.5,9509.75,{},1,1,NQ,5,fixed_hold,0,0.0,53.0,52.8,0.0170663739090579,53.5,2020-05-22,0.0333424732656975,ENTERED,0.5151685923642211,0.0,2020
LONG,2020-05-26,9510.5,9510.25,2020-05-26,9394.0,9394.25,{},1,1,NQ,5,fixed_hold,0,0.0,-116.5,-116.7,0.01709465503961276,-116.0,2020-05-25,0.017738655821917915,ENTERED,0.5143627673142516,0.0,2020
LONG,2020-05-27,9395.75,9395.5,2020-05-27,9442.25,9442.5,{},1,1,NQ,5,fixed_hold,0,0.0,46.5,46.3,0.017337213055145066,47.0,2020-05-26,0.008264241058252075,ENTERED,0.5071665235058256,0.0,2020
SHORT,2020-05-28,9441.5,9441.75,2020-05-28,9418.25,9418.0,{},1,1,NQ,5,fixed_hold,0,0.0,23.25,23.05,0.015543231194118757,23.75,2020-05-27,-0.004506997706966165,ENTERED,0.5658885405790374,0.0,2020
LONG,2020-05-29,9418.75,9418.5,2020-05-29,9586.5,9586.75,{},1,1,NQ,5,fixed_hold,0,0.0,167.75,167.55,0.01386566320925298,168.25,2020-05-28,0.0016218659434741323,ENTERED,0.6343538194734724,0.0,2020
LONG,2020-06-01,9507.25,9507.0,2020-06-01,9565.25,9565.5,{},1,1,NQ,5,fixed_hold,0,0.0,58.0,57.8,0.013407522643776756,58.5,2020-05-29,0.017539669903942734,ENTERED,0.6560566511959347,0.0,2020
LONG,2020-06-02,9566.5,9566.25,2020-06-02,9675.0,9675.25,{},1,1,NQ,5,fixed_hold,0,0.0,108.5,108.3,0.01233416487334639,109.0,2020-06-01,0.01430013728166979,ENTERED,0.7131487617388538,0.0,2020
LONG,2020-06-03,9675.75,9675.5,2020-06-03,9696.75,9697.0,{},1,1,NQ,5,fixed_hold,0,0.0,21.0,20.8,0.012200440977181792,21.5,2020-06-02,0.038551387765230816,ENTERED,0.7213094062436891,0.0,2020
LONG,2020-06-04,9696.75,9696.5,2020-06-04,9619.0,9619.25,{},1,1,NQ,5,fixed_hold,0,0.0,-77.75,-77.95,0.01218602342251193,-77.25,2020-06-03,0.03556725714611453,ENTERED,0.7221628034051611,0.0,2020
LONG,2020-06-05,9619.25,9619.0,2020-06-05,9807.5,9807.75,{},1,1,NQ,5,fixed_hold,0,0.0,188.25,188.05,0.011935268481395301,188.75,2020-06-04,0.029936463727825435,ENTERED,0.7374736117038891,0.0,2020
LONG,2020-06-08,9872.25,9872.0,2020-06-08,9879.75,9880.0,{},1,1,NQ,5,fixed_hold,0,0.0,7.5,7.3,0.012441631229825176,8.0,2020-06-05,0.03163458504260008,ENTERED,0.7074591258202616,0.0,2020
LONG,2020-06-09,9880.0,9879.75,2020-06-09,9988.75,9989.0,{},1,1,NQ,5,fixed_hold,0,0.0,108.75,108.55,0.012460539196881745,109.25,2020-06-08,0.03287857404213068,ENTERED,0.7076433037820204,0.0,2020
LONG,2020-06-10,9989.5,9989.25,2020-06-10,10042.75,10043.0,{},1,1,NQ,5,fixed_hold,0,0.0,53.25,53.05,0.010008202437144809,53.75,2020-06-09,0.03242810263300688,ENTERED,0.8810390456792455,0.0,2020
LONG,2020-06-11,10043.75,10043.5,2020-06-11,9677.75,9678.0,{},1,1,NQ,5,fixed_hold,0,0.0,-366.0,-366.2,0.009913163146384296,-365.5,2020-06-10,0.035681138496442166,ENTERED,0.8899760758352752,0.0,2020
LONG,2020-06-12,9679.0,9678.75,2020-06-12,9644.75,9645.0,{},1,1,NQ,5,fixed_hold,0,0.0,-34.25,-34.45,0.013606977536815196,-33.75,2020-06-11,0.00610754476700337,ENTERED,0.6483789667664084,0.0,2020
SHORT,2020-06-15,9551.5,9551.75,2020-06-15,9877.0,9876.75,{},1,1,NQ,5,fixed_hold,0,0.0,-325.5,-325.7,0.013686306960649713,-325.0,2020-06-12,-0.01659402003517607,ENTERED,0.6447075235783036,0.0,2020
LONG,2020-06-16,9877.25,9877.0,2020-06-16,9997.0,9997.25,{},1,1,NQ,5,fixed_hold,0,0.0,119.75,119.55,0.014571567637072805,120.25,2020-06-15,0.00943045019306199,ENTERED,0.6055398627862053,0.0,2020
LONG,2020-06-17,9984.25,9984.0,2020-06-17,9949.25,9949.5,{},1,1,NQ,5,fixed_hold,0,0.0,-35.0,-35.2,0.014599204891574544,-34.5,2020-06-16,0.01059658046705847,ENTERED,0.6047295318683811,0.0,2020
LONG,2020-06-18,9950.25,9950.0,2020-06-18,10020.5,10020.75,{},1,1,NQ,5,fixed_hold,0,0.0,70.25,70.05,0.014378774339179046,70.75,2020-06-17,0.00036175223621182084,ENTERED,0.6140002013715808,0.0,2020
LONG,2020-06-19,10019.75,10019.5,2020-06-19,9924.75,9925.0,{},1,1,NQ,5,fixed_hold,0,0.0,-95.0,-95.2,0.014111510755086399,-94.5,2020-06-18,0.04552373048105762,ENTERED,0.6258939759765163,0.0,2020
LONG,2020-06-22,9906.25,9906.0,2020-06-22,10150.0,10150.25,{},1,1,NQ,5,fixed_hold,0,0.0,243.75,243.55,0.014438593449481552,244.25,2020-06-19,0.03907660899835119,ENTERED,0.6117153727223713,0.0,2020
LONG,2020-06-23,10149.75,10149.5,2020-06-23,10180.5,10180.75,{},1,1,NQ,5,fixed_hold,0,0.0,30.75,30.55,0.015014298927750951,31.25,2020-06-22,0.02769129521350644,ENTERED,0.5883417529887368,0.0,2020
LONG,2020-06-24,10180.5,10180.25,2020-06-24,9973.5,9973.75,{},1,1,NQ,5,fixed_hold,0,0.0,-207.0,-207.2,0.014515973497722823,-206.5,2020-06-23,0.018355047638100475,ENTERED,0.6085392035495006,0.0,2020
LONG,2020-06-25,9974.5,9974.25,2020-06-25,10105.5,10105.75,{},1,1,NQ,5,fixed_hold,0,0.0,131.0,130.8,0.015584526206651109,131.5,2020-06-24,0.0024373084074575946,ENTERED,0.5670712740381084,0.0,2020
LONG,2020-06-26,10105.75,10105.5,2020-06-26,9844.5,9844.75,{},1,1,NQ,5,fixed_hold,0,0.0,-261.25,-261.45,0.01564651032424663,-260.75,2020-06-25,0.008482399022029297,ENTERED,0.5648248042626371,0.0,2020
SHORT,2020-06-29,9827.5,9827.75,2020-06-29,9994.25,9994.0,{},1,1,NQ,5,fixed_hold,0,0.0,-166.75,-166.95,0.016701998350485678,-166.25,2020-06-26,-0.008085642317380404,ENTERED,0.5293044197380431,0.0,2020
SHORT,2020-06-30,9993.25,9993.5,2020-06-30,10139.25,10139.0,{},1,1,NQ,5,fixed_hold,0,0.0,-146.0,-146.2,0.01692935775300431,-145.5,2020-06-29,-0.015393709514543885,ENTERED,0.5221959199131896,0.0,2020
SHORT,2020-07-01,10129.75,10130.0,2020-07-01,10269.25,10269.0,{},1,1,NQ,5,fixed_hold,0,0.0,-139.5,-139.7,0.017024377568839216,-139.0,2020-06-30,-0.004100876654470342,ENTERED,0.5200496540122965,0.0,2020
LONG,2020-07-02,10269.25,10269.0,2020-07-02,10350.0,10350.25,{},1,1,NQ,5,fixed_hold,0,0.0,80.75,80.55,0.01716442028026633,81.25,2020-07-01,0.02960270710615376,ENTERED,0.5158066232291162,0.0,2020
LONG,2020-07-03,10350.0,10349.75,2020-07-03,10325.75,10326.0,{},1,1,NQ,5,fixed_hold,0,0.0,-24.25,-24.45,0.01697044294124111,-23.75,2020-07-02,0.024194146896568514,ENTERED,0.5220309485033354,0.0,2020
LONG,2020-07-06,10393.5,10393.25,2020-07-06,10639.75,10640.0,{},1,1,NQ,5,fixed_hold,0,0.0,246.25,246.05,0.0166350190776807,246.75,2020-07-03,0.048883922903069976,ENTERED,0.5325570342762115,0.0,2020
LONG,2020-07-07,10640.0,10639.75,2020-07-07,10550.0,10550.25,{},1,1,NQ,5,fixed_hold,0,0.0,-90.0,-90.2,0.017702647921314183,-89.5,2020-07-06,0.06463878326996197,ENTERED,0.5009908263638574,0.0,2020
LONG,2020-07-08,10550.25,10550.0,2020-07-08,10682.0,10682.25,{},1,1,NQ,5,fixed_hold,0,0.0,131.75,131.55,0.017850426678676375,132.25,2020-07-07,0.040561199329322006,ENTERED,0.49684326154075154,0.0,2020
LONG,2020-07-09,10682.5,10682.25,2020-07-09,10754.0,10754.25,{},1,1,NQ,5,fixed_hold,0,0.0,71.5,71.3,0.01796331409981556,72.0,2020-07-08,0.04024247735904152,ENTERED,0.49439794085140626,0.0,2020
LONG,2020-07-10,10754.75,10754.5,2020-07-10,10843.5,10843.75,{},1,1,NQ,5,fixed_hold,0,0.0,88.75,88.55,0.01528876982777412,89.25,2020-07-09,0.03903287360208685,ENTERED,0.5808855520659523,0.0,2020
LONG,2020-07-13,10877.25,10877.0,2020-07-13,10645.75,10646.0,{},1,1,NQ,5,fixed_hold,0,0.0,-231.5,-231.7,0.015137685649363108,-231.0,2020-07-10,0.050140422235134485,ENTERED,0.5867151311886682,0.0,2020
LONG,2020-07-14,10645.5,10645.25,2020-07-14,10716.75,10717.0,{},1,1,NQ,5,fixed_hold,0,0.0,71.25,71.05,0.014633400370940672,71.75,2020-07-13,0.0005639097744358779,ENTERED,0.6069340683998501,0.0,2020
LONG,2020-07-15,10717.5,10717.25,2020-07-15,10647.0,10647.25,{},1,1,NQ,5,fixed_hold,0,0.0,-70.5,-70.7,0.014519277283145827,-70.0,2020-07-14,0.01580531267031593,ENTERED,0.6117171198089945,0.0,2020
SHORT,2020-07-16,10646.0,10646.25,2020-07-16,10567.25,10567.0,{},1,1,NQ,5,fixed_hold,0,0.0,78.75,78.55,0.014576808534107437,79.25,2020-07-15,-0.0032764632919096703,ENTERED,0.6093028155355386,0.0,2020
SHORT,2020-07-17,10567.5,10567.75,2020-07-17,10622.75,10622.5,{},1,1,NQ,5,fixed_hold,0,0.0,-55.25,-55.45,0.014751751350261926,-54.75,2020-07-16,-0.017411720947532516,ENTERED,0.602086049583011,0.0,2020
SHORT,2020-07-20,10647.0,10647.25,2020-07-20,10949.5,10949.25,{},1,1,NQ,5,fixed_hold,0,0.0,-302.5,-302.7,0.014469989505830217,-302.0,2020-07-17,-0.020403458213256398,ENTERED,0.6138099610460261,0.0,2020
LONG,2020-07-21,10950.0,10949.75,2020-07-21,10873.0,10873.25,{},1,1,NQ,5,fixed_hold,0,0.0,-77.0,-77.2,0.015130349495629289,-76.5,2020-07-20,0.028484876949088855,ENTERED,0.5870780566642868,0.0,2020
LONG,2020-07-22,10874.0,10873.75,2020-07-22,10822.75,10823.0,{},1,1,NQ,5,fixed_hold,0,0.0,-51.25,-51.45,0.015323685623604182,-50.75,2020-07-21,0.014579639824577661,ENTERED,0.5796710006150775,0.0,2020
LONG,2020-07-23,10822.25,10822.0,2020-07-23,10581.5,10581.75,{},1,1,NQ,5,fixed_hold,0,0.0,-240.75,-240.95,0.014418627347501479,-240.25,2020-07-22,0.01650660968794737,ENTERED,0.616235500263634,0.0,2020
LONG,2020-07-24,10582.0,10581.75,2020-07-24,10460.5,10460.75,{},1,1,NQ,5,fixed_hold,0,0.0,-121.5,-121.7,0.015400843277578286,-121.0,2020-07-23,0.0013958550203463371,ENTERED,0.5769339948766532,0.0,2020
SHORT,2020-07-27,10440.0,10440.25,2020-07-27,10698.5,10698.25,{},1,1,NQ,5,fixed_hold,0,0.0,-258.5,-258.7,0.014309272033132873,-258.0,2020-07-24,-0.015227112261708808,ENTERED,0.6213297561639045,0.0,2020
SHORT,2020-07-28,10698.75,10699.0,2020-07-28,10563.75,10563.5,{},1,1,NQ,5,fixed_hold,0,0.0,135.0,134.8,0.01473596246073975,135.5,2020-07-27,-0.02292394456241298,ENTERED,0.6033387046768512,0.0,2020
SHORT,2020-07-29,10563.0,10563.25,2020-07-29,10679.75,10679.5,{},1,1,NQ,5,fixed_hold,0,0.0,-116.75,-116.95,0.014916748545167086,-116.25,2020-07-28,-0.0284873427907939,ENTERED,0.5969621049856639,0.0,2020
SHORT,2020-07-30,10679.25,10679.5,2020-07-30,10906.0,10905.75,{},1,1,NQ,5,fixed_hold,0,0.0,-226.75,-226.95,0.014853037302695157,-226.25,2020-07-29,-0.013258800702208307,ENTERED,0.599522739328809,0.0,2020
LONG,2020-07-31,10905.5,10905.25,2020-07-31,10914.0,10914.25,{},1,1,NQ,5,fixed_hold,0,0.0,8.5,8.3,0.015413955783392603,9.0,2020-07-30,0.03061875398681657,ENTERED,0.5778497538279348,0.0,2020
LONG,2020-08-03,10913.5,10913.25,2020-08-03,11036.25,11036.5,{},1,1,NQ,5,fixed_hold,0,0.0,122.75,122.55,0.015375640210086642,123.25,2020-07-31,0.04335253208421941,ENTERED,0.57928973579292,0.0,2020
LONG,2020-08-04,11035.75,11035.5,2020-08-04,11073.0,11073.25,{},1,1,NQ,5,fixed_hold,0,0.0,37.25,37.05,0.014114154985508392,37.75,2020-08-03,0.031617320589816256,ENTERED,0.6310968724621246,0.0,2020
LONG,2020-08-05,11073.5,11073.25,2020-08-05,11089.25,11089.5,{},1,1,NQ,5,fixed_hold,0,0.0,15.75,15.55,0.013903219870030879,16.25,2020-08-04,0.04825578643442041,ENTERED,0.6406716682946529,0.0,2020
LONG,2020-08-06,11088.75,11088.5,2020-08-06,11252.0,11252.25,{},1,1,NQ,5,fixed_hold,0,0.0,163.25,163.05,0.013703105210182453,163.75,2020-08-05,0.03839131045460942,ENTERED,0.6502548850985945,0.0,2020
LONG,2020-08-07,11252.75,11252.5,2020-08-07,11131.25,11131.5,{},1,1,NQ,5,fixed_hold,0,0.0,-121.5,-121.7,0.013961232494865899,-121.0,2020-08-06,0.03177223024551279,ENTERED,0.6382324130206909,0.0,2020
LONG,2020-08-10,11107.25,11107.0,2020-08-10,11073.5,11073.75,{},1,1,NQ,5,fixed_hold,0,0.0,-33.75,-33.95,0.014181181553761257,-33.25,2020-08-07,0.01990516984676005,ENTERED,0.6285722020037628,0.0,2020
LONG,2020-08-11,11073.5,11073.25,2020-08-11,10922.5,10922.75,{},1,1,NQ,5,fixed_hold,0,0.0,-151.0,-151.2,0.01351446238173006,-150.5,2020-08-10,0.0033751642277897176,ENTERED,0.6595820288281227,0.0,2020
SHORT,2020-08-12,10922.25,10922.5,2020-08-12,11132.5,11132.25,{},1,1,NQ,5,fixed_hold,0,0.0,-210.25,-210.45,0.01390681053015919,-209.75,2020-08-11,-0.013591312396992516,ENTERED,0.6409745572118182,0.0,2020
LONG,2020-08-13,11131.75,11131.5,2020-08-13,11205.5,11205.75,{},1,1,NQ,5,fixed_hold,0,0.0,73.75,73.55,0.014351865767869594,74.25,2020-08-12,0.0038549979710538196,ENTERED,0.6210977628952996,0.0,2020
SHORT,2020-08-14,11205.5,11205.75,2020-08-14,11147.5,11147.25,{},1,1,NQ,5,fixed_hold,0,0.0,58.0,57.8,0.014187697451632984,58.5,2020-08-13,-0.0041325068319669755,ENTERED,0.628426894284353,0.0,2020
LONG,2020-08-17,11161.25,11161.0,2020-08-17,11304.75,11305.0,{},1,1,NQ,5,fixed_hold,0,0.0,143.5,143.3,0.014294383196237081,144.0,2020-08-14,0.001414903651798749,ENTERED,0.6237366470574832,0.0,2020
LONG,2020-08-18,11305.5,11305.25,2020-08-18,11416.25,11416.5,{},1,1,NQ,5,fixed_hold,0,0.0,110.75,110.55,0.0129897345889232,111.25,2020-08-17,0.02088271813974485,ENTERED,0.6864770839064557,0.0,2020
LONG,2020-08-19,11416.5,11416.25,2020-08-19,11289.5,11289.75,{},1,1,NQ,5,fixed_hold,0,0.0,-127.0,-127.2,0.012946141657573296,-126.5,2020-08-18,0.045203817719896566,ENTERED,0.6887886257683903,0.0,2020
LONG,2020-08-20,11290.5,11290.25,2020-08-20,11499.25,11499.5,{},1,1,NQ,5,fixed_hold,0,0.0,208.75,208.55,0.013212672657576145,209.25,2020-08-19,0.014148083271575906,ENTERED,0.6749327602051833,0.0,2020
LONG,2020-08-21,11500.0,11499.75,2020-08-21,11561.5,11561.75,{},1,1,NQ,5,fixed_hold,0,0.0,61.5,61.3,0.012359104654636209,62.0,2020-08-20,0.026214220377930753,ENTERED,0.7215462507731241,0.0,2020
LONG,2020-08-24,11583.5,11583.25,2020-08-24,11646.75,11647.0,{},1,1,NQ,5,fixed_hold,0,0.0,63.25,63.05,0.011795852309129119,63.75,2020-08-21,0.03718405884859477,ENTERED,0.7562615545855467,0.0,2020
LONG,2020-08-25,11647.5,11647.25,2020-08-25,11746.75,11747.0,{},1,1,NQ,5,fixed_hold,0,0.0,99.25,99.05,0.011065993560322479,99.75,2020-08-24,0.03025210084033625,ENTERED,0.8061408635686513,0.0,2020
LONG,2020-08-26,11747.25,11747.0,2020-08-26,11967.25,11967.5,{},1,1,NQ,5,fixed_hold,0,0.0,220.0,219.8,0.010352956163623722,220.5,2020-08-25,0.02894932772741221,ENTERED,0.8620725698234872,0.0,2020
LONG,2020-08-27,11967.25,11967.0,2020-08-27,11969.25,11969.5,{},1,1,NQ,5,fixed_hold,0,0.0,2.0,1.8,0.010715164125047633,2.5,2020-08-26,0.06003233021103238,ENTERED,0.8329316677830484,0.0,2020
LONG,2020-08-28,11969.25,11969.0,2020-08-28,12001.75,12002.0,{},1,1,NQ,5,fixed_hold,0,0.0,32.5,32.3,0.010138245778211721,33.0,2020-08-27,0.04087134223227107,ENTERED,0.8803584222662881,0.0,2020
LONG,2020-08-31,12048.75,12048.5,2020-08-31,12125.25,12125.5,{},1,1,NQ,5,fixed_hold,0,0.0,76.5,76.3,0.010107908941890535,77.0,2020-08-28,0.038078145609445,ENTERED,0.883000639317689,0.0,2020
LONG,2020-09-01,12126.25,12126.0,2020-09-01,12360.5,12360.75,{},1,1,NQ,5,fixed_hold,0,0.0,234.25,234.05,0.010079605643444144,234.75,2020-08-31,0.04108354082596377,ENTERED,0.8868634354888808,0.0,2020
LONG,2020-09-02,12360.75,12360.5,2020-09-02,12421.5,12421.75,{},1,1,NQ,5,fixed_hold,0,0.0,60.75,60.55,0.010587076448092005,61.25,2020-09-01,0.052247382310377066,ENTERED,0.8443533711262665,0.0,2020
LONG,2020-09-03,12421.75,12421.5,2020-09-03,11601.75,11602.0,{},1,1,NQ,5,fixed_hold,0,0.0,-820.0,-820.2,0.010544700826415905,-819.5,2020-09-02,0.03795696678504279,ENTERED,0.8479455513290645,0.0,2020
SHORT,2020-09-04,11601.0,11601.25,2020-09-04,11538.5,11538.25,{},1,1,NQ,5,fixed_hold,0,0.0,62.5,62.3,0.018992025153183358,63.0,2020-09-03,-0.03070303688541709,ENTERED,0.47079403506142525,0.0,2020
SHORT,2020-09-07,11418.0,11418.25,2020-09-07,11560.25,11560.0,{},1,1,NQ,5,fixed_hold,0,0.0,-142.25,-142.45,0.018847057876755904,-141.75,2020-09-04,-0.03863939343442757,ENTERED,0.47443498052344896,0.0,2020
SHORT,2020-09-08,11559.0,11559.25,2020-09-08,11041.75,11041.5,{},1,1,NQ,5,fixed_hold,0,0.0,517.25,517.05,0.01890612233520534,517.75,2020-09-07,-0.036617894486516755,ENTERED,0.47295280217416863,0.0,2020
SHORT,2020-09-09,11040.0,11040.25,2020-09-09,11444.0,11443.75,{},1,1,NQ,5,fixed_hold,0,0.0,-404.0,-404.2,0.021455505328155617,-403.5,2020-09-08,-0.0973411363290313,ENTERED,0.41678054107637175,0.0,2020
SHORT,2020-09-10,11443.25,11443.5,2020-09-10,11203.0,11202.75,{},1,1,NQ,5,fixed_hold,0,0.0,240.25,240.05,0.022532324966714354,240.75,2020-09-09,-0.06905081876303254,ENTERED,0.39686260219242814,0.0,2020
SHORT,2020-09-11,11202.75,11203.0,2020-09-11,11071.25,11071.0,{},1,1,NQ,5,fixed_hold,0,0.0,131.5,131.3,0.023086891414259486,132.0,2020-09-10,-0.024264333338505306,ENTERED,0.38735087420785447,0.0,2020
SHORT,2020-09-14,11185.5,11185.75,2020-09-14,11298.5,11298.25,{},1,1,NQ,5,fixed_hold,0,0.0,-113.0,-113.2,0.023222100899704265,-112.5,2020-09-11,-0.030411840693626346,ENTERED,0.3850955437097902,0.0,2020
SHORT,2020-09-15,11298.5,11298.75,2020-09-15,11436.5,11436.25,{},1,1,NQ,5,fixed_hold,0,0.0,-138.0,-138.2,0.0231126726288315,-137.5,2020-09-14,-0.03266903902618934,ENTERED,0.3870996290796216,0.0,2020
LONG,2020-09-16,11421.5,11421.25,2020-09-16,11267.75,11268.0,{},1,1,NQ,5,fixed_hold,0,0.0,-153.75,-153.95,0.02317012566734427,-153.25,2020-09-15,0.025126135373105596,ENTERED,0.38613977024168983,0.0,2020
SHORT,2020-09-17,11268.5,11268.75,2020-09-17,11070.0,11069.75,{},1,1,NQ,5,fixed_hold,0,0.0,198.5,198.3,0.023277870565006433,199.0,2020-09-16,-0.025458767349662348,ENTERED,0.38438706428243224,0.0,2020
SHORT,2020-09-18,11069.5,11069.75,2020-09-18,10938.75,10938.5,{},1,1,NQ,5,fixed_hold,0,0.0,130.75,130.55,0.023177632832061153,131.25,2020-09-17,-0.02200888208694085,ENTERED,0.38604944663943747,0.0,2020
SHORT,2020-09-21,10930.75,10931.0,2020-09-21,11013.0,11012.75,{},1,1,NQ,5,fixed_hold,0,0.0,-82.25,-82.45,0.023222884441189442,-81.75,2020-09-18,-0.022104016270701576,ENTERED,0.3853136486277102,0.0,2020
SHORT,2020-09-22,11012.0,11012.25,2020-09-22,11121.25,11121.0,{},1,1,NQ,5,fixed_hold,0,0.0,-109.25,-109.45,0.0232101504473597,-108.75,2020-09-21,-0.02526940012833845,ENTERED,0.3855250467242141,0.0,2020
SHORT,2020-09-23,11120.0,11120.25,2020-09-23,10749.75,10749.5,{},1,1,NQ,5,fixed_hold,0,0.0,370.25,370.05,0.023243133503764314,370.75,2020-09-22,-0.027565854191714978,ENTERED,0.38503135226234686,0.0,2020
SHORT,2020-09-24,10749.5,10749.75,2020-09-24,10951.75,10951.5,{},1,1,NQ,5,fixed_hold,0,0.0,-202.25,-202.45,0.023658531471317003,-201.75,2020-09-23,-0.04601526446574389,ENTERED,0.37827094782356113,0.0,2020
SHORT,2020-09-25,10949.75,10950.0,2020-09-25,11135.25,11135.0,{},1,1,NQ,5,fixed_hold,0,0.0,-185.5,-185.7,0.024235207054323905,-185.0,2020-09-24,-0.010682264730459079,ENTERED,0.36927251810322065,0.0,2020
LONG,2020-09-28,11159.25,11159.0,2020-09-28,11418.25,11418.5,{},1,1,NQ,5,fixed_hold,0,0.0,259.0,258.8,0.024644232267802903,259.5,2020-09-25,0.017964071856287456,ENTERED,0.3631436288398927,0.0,2020
LONG,2020-09-29,11418.25,11418.0,2020-09-29,11340.0,11340.25,{},1,1,NQ,5,fixed_hold,0,0.0,-78.25,-78.45,0.025313470567675914,-77.75,2020-09-28,0.03684365848675375,ENTERED,0.3537733590841371,0.0,2020
LONG,2020-09-30,11340.0,11339.75,2020-09-30,11443.0,11443.25,{},1,1,NQ,5,fixed_hold,0,0.0,103.0,102.8,0.024783162518247165,103.5,2020-09-29,0.019714953691214898,ENTERED,0.36134337198534106,0.0,2020
LONG,2020-10-01,11444.25,11444.0,2020-10-01,11571.25,11571.5,{},1,1,NQ,5,fixed_hold,0,0.0,127.0,126.8,0.02487899260552963,127.5,2020-09-30,0.0645378854830454,ENTERED,0.3600502449919731,0.0,2020
LONG,2020-10-02,11571.0,11570.75,2020-10-02,11251.25,11251.5,{},1,1,NQ,5,fixed_hold,0,0.0,-319.75,-319.95,0.020284413383687482,-319.25,2020-10-01,0.056613249326575854,ENTERED,0.4416044582279175,0.0,2020
LONG,2020-10-05,11332.75,11332.5,2020-10-05,11434.5,11434.75,{},1,1,NQ,5,fixed_hold,0,0.0,101.75,101.55,0.021189492642512776,102.25,2020-10-02,0.010462505612931938,ENTERED,0.42325446844687165,0.0,2020
LONG,2020-10-06,11435.75,11435.5,2020-10-06,11256.0,11256.25,{},1,1,NQ,5,fixed_hold,0,0.0,-179.75,-179.95,0.0213360469027418,-179.25,2020-10-05,0.001423129132547718,ENTERED,0.4203471939271532,0.0,2020
SHORT,2020-10-07,11256.0,11256.25,2020-10-07,11501.0,11500.75,{},1,1,NQ,5,fixed_hold,0,0.0,-245.0,-245.2,0.01903971646257405,-244.5,2020-10-06,-0.007407244108375455,ENTERED,0.47111958569274776,0.0,2020
LONG,2020-10-08,11500.75,11500.5,2020-10-08,11579.0,11579.25,{},1,1,NQ,5,fixed_hold,0,0.0,78.25,78.05,0.017829218674063622,78.75,2020-10-07,0.0050247962772811405,ENTERED,0.5031058004018997,0.0,2020
LONG,2020-10-09,11579.25,11579.0,2020-10-09,11727.5,11727.75,{},1,1,NQ,5,fixed_hold,0,0.0,148.25,148.05,0.017183818966891768,148.75,2020-10-08,0.0006697489521669819,ENTERED,0.5227170579313447,0.0,2020
LONG,2020-10-12,11744.25,11744.0,2020-10-12,12108.75,12109.0,{},1,1,NQ,5,fixed_hold,0,0.0,364.5,364.3,0.017081005640056705,365.0,2020-10-09,0.04232768964138112,ENTERED,0.5258633761781654,0.0,2020
LONG,2020-10-13,12109.25,12109.0,2020-10-13,12114.75,12115.0,{},1,1,NQ,5,fixed_hold,0,0.0,5.5,5.3,0.018297656547561755,6.0,2020-10-12,0.05896499704847047,ENTERED,0.49110858932922263,0.0,2020
LONG,2020-10-14,12115.25,12115.0,2020-10-14,11961.5,11961.75,{},1,1,NQ,5,fixed_hold,0,0.0,-153.75,-153.95,0.018195664321850456,-153.25,2020-10-13,0.07629094947251502,ENTERED,0.4938614021535103,0.0,2020
LONG,2020-10-15,11961.0,11960.75,2020-10-15,11915.25,11915.5,{},1,1,NQ,5,fixed_hold,0,0.0,-45.75,-45.95,0.01809530441502959,-45.25,2020-10-14,0.0400843423255004,ENTERED,0.4972246441374522,0.0,2020
LONG,2020-10-16,11916.5,11916.25,2020-10-16,11795.0,11795.25,{},1,1,NQ,5,fixed_hold,0,0.0,-121.5,-121.7,0.017518284820128967,-121.0,2020-10-15,0.029039013753049625,ENTERED,0.5136022955845353,0.0,2020
LONG,2020-10-19,11873.25,11873.0,2020-10-19,11714.75,11715.0,{},1,1,NQ,5,fixed_hold,0,0.0,-158.5,-158.7,0.017439359961527415,-158.0,2020-10-16,0.005755579714778802,ENTERED,0.5169325865022999,0.0,2020
SHORT,2020-10-20,11714.25,11714.5,2020-10-20,11704.25,11704.0,{},1,1,NQ,5,fixed_hold,0,0.0,10.0,9.8,0.017586016207529517,10.5,2020-10-19,-0.03253778181517886,ENTERED,0.512621695867494,0.0,2020
SHORT,2020-10-21,11704.75,11705.0,2020-10-21,11626.0,11625.75,{},1,1,NQ,5,fixed_hold,0,0.0,78.75,78.55,0.017538521174752835,79.25,2020-10-20,-0.03392488650433356,ENTERED,0.5144850681556759,0.0,2020
SHORT,2020-10-22,11625.0,11625.25,2020-10-22,11664.25,11664.0,{},1,1,NQ,5,fixed_hold,0,0.0,-39.25,-39.45,0.015547835150632516,-38.75,2020-10-21,-0.028089535394068665,ENTERED,0.5803577909414218,0.0,2020
SHORT,2020-10-23,11663.75,11664.0,2020-10-23,11669.5,11669.25,{},1,1,NQ,5,fixed_hold,0,0.0,-5.75,-5.95,0.015155191339491659,-5.25,2020-10-22,-0.021106961520708345,ENTERED,0.5957107493189107,0.0,2020
SHORT,2020-10-26,11626.25,11626.5,2020-10-26,11489.5,11489.25,{},1,1,NQ,5,fixed_hold,0,0.0,136.75,136.55,0.014826284495375559,137.25,2020-10-23,-0.010682266166465393,ENTERED,0.608926018635079,0.0,2020
SHORT,2020-10-27,11489.0,11489.25,2020-10-27,11538.5,11538.25,{},1,1,NQ,5,fixed_hold,0,0.0,-49.5,-49.7,0.01429578556731885,-49.0,2020-10-26,-0.01927016645326507,ENTERED,0.6321636537766592,0.0,2020
SHORT,2020-10-28,11538.25,11538.5,2020-10-28,11189.75,11189.5,{},1,1,NQ,5,fixed_hold,0,0.0,348.5,348.3,0.014214606833257438,349.0,2020-10-27,-0.014161825017088292,ENTERED,0.6357739010198793,0.0,2020
SHORT,2020-10-29,11188.75,11189.0,2020-10-29,11214.25,11214.0,{},1,1,NQ,5,fixed_hold,0,0.0,-25.5,-25.7,0.015675111690277736,-25.0,2020-10-28,-0.03752446078747618,ENTERED,0.5769412613767656,0.0,2020
SHORT,2020-10-30,11214.25,11214.5,2020-10-30,11089.25,11089.0,{},1,1,NQ,5,fixed_hold,0,0.0,125.0,124.8,0.015433198490320803,125.5,2020-10-29,-0.03858024691358031,ENTERED,0.5859847339151624,0.0,2020
SHORT,2020-11-02,10998.25,10998.5,2020-11-02,11088.0,11087.75,{},1,1,NQ,5,fixed_hold,0,0.0,-89.75,-89.95,0.014362580053827224,-89.25,2020-10-30,-0.04972470381558369,ENTERED,0.629766482964262,0.0,2020
SHORT,2020-11-03,11088.25,11088.5,2020-11-03,11317.25,11317.0,{},1,1,NQ,5,fixed_hold,0,0.0,-229.0,-229.2,0.01396679693654991,-228.5,2020-11-02,-0.0270048624379996,ENTERED,0.647612445994776,0.0,2020
SHORT,2020-11-04,11317.25,11317.5,2020-11-04,11795.25,11795.0,{},1,1,NQ,5,fixed_hold,0,0.0,-478.0,-478.2,0.014326390730834377,-477.5,2020-11-03,-0.01110473912960952,ENTERED,0.6319102578181064,0.0,2020
LONG,2020-11-05,11796.75,11796.5,2020-11-05,12068.25,12068.5,{},1,1,NQ,5,fixed_hold,0,0.0,271.5,271.3,0.01647796434873549,272.0,2020-11-04,0.06278689096413181,ENTERED,0.5493999785852919,0.0,2020
LONG,2020-11-06,12067.0,12066.75,2020-11-06,12094.25,12094.5,{},1,1,NQ,5,fixed_hold,0,0.0,27.25,27.05,0.017133634147834823,27.75,2020-11-05,0.08505478708897662,ENTERED,0.5284065837814227,0.0,2020
LONG,2020-11-09,12233.75,12233.5,2020-11-09,11854.5,11854.75,{},1,1,NQ,5,fixed_hold,0,0.0,-379.25,-379.45,0.01696445415721384,-378.75,2020-11-06,0.0996499522662182,ENTERED,0.5336761798473941,0.0,2020
LONG,2020-11-10,11855.75,11855.5,2020-11-10,11598.5,11598.75,{},1,1,NQ,5,fixed_hold,0,0.0,-257.25,-257.45,0.016910392618987972,-256.75,2020-11-09,0.05702721016836465,ENTERED,0.5360962832829962,0.0,2020
LONG,2020-11-11,11598.25,11598.0,2020-11-11,11896.5,11896.75,{},1,1,NQ,5,fixed_hold,0,0.0,298.25,298.05,0.0175123172764419,298.75,2020-11-10,0.013251054498340187,ENTERED,0.517669848529468,0.0,2020
SHORT,2020-11-12,11896.25,11896.5,2020-11-12,11852.25,11852.0,{},1,1,NQ,5,fixed_hold,0,0.0,44.0,43.8,0.01838414001133621,44.5,2020-11-11,-0.0028337231591867296,ENTERED,0.4934046879531017,0.0,2020
SHORT,2020-11-13,11852.75,11853.0,2020-11-13,11945.5,11945.25,{},1,1,NQ,5,fixed_hold,0,0.0,-92.75,-92.95,0.0183830754914193,-92.25,2020-11-12,-0.029097676122749938,ENTERED,0.49343325983802205,0.0,2020
SHORT,2020-11-16,12046.75,12047.0,2020-11-16,12050.0,12049.75,{},1,1,NQ,5,fixed_hold,0,0.0,-3.25,-3.45,0.018316512069334035,-2.75,2020-11-13,-0.02356234928679457,ENTERED,0.495500991146445,0.0,2020
LONG,2020-11-17,12049.75,12049.5,2020-11-17,11979.5,11979.75,{},1,1,NQ,5,fixed_hold,0,0.0,-70.25,-70.45,0.01823363064342642,-69.75,2020-11-16,0.007864085979295332,ENTERED,0.49775330334295537,0.0,2020
LONG,2020-11-18,11980.5,11980.25,2020-11-18,11880.0,11880.25,{},1,1,NQ,5,fixed_hold,0,0.0,-100.5,-100.7,0.01829304322172467,-100.0,2020-11-17,0.02412484097807366,ENTERED,0.49631238670737543,0.0,2020
SHORT,2020-11-19,11881.5,11881.75,2020-11-19,11939.0,11938.75,{},1,1,NQ,5,fixed_hold,0,0.0,-57.5,-57.7,0.01833118657474748,-57.0,2020-11-18,-0.009821305409662084,ENTERED,0.49527966476662266,0.0,2020
SHORT,2020-11-20,11937.75,11938.0,2020-11-20,11908.25,11908.0,{},1,1,NQ,5,fixed_hold,0,0.0,29.5,29.3,0.01834717794268063,30.0,2020-11-19,-0.0011884670243760276,ENTERED,0.49510183339190555,0.0,2020
SHORT,2020-11-23,11931.5,11931.75,2020-11-23,11952.75,11952.5,{},1,1,NQ,5,fixed_hold,0,0.0,-21.25,-21.45,0.018362145049441097,-20.75,2020-11-20,-0.011538142276085295,ENTERED,0.49469827258908394,0.0,2020
SHORT,2020-11-24,11952.25,11952.5,2020-11-24,12127.0,12126.75,{},1,1,NQ,5,fixed_hold,0,0.0,-174.75,-174.95,0.01797862246806668,-174.25,2020-11-23,-0.008070706861138088,ENTERED,0.5052603854605571,0.0,2020
LONG,2020-11-25,12126.75,12126.5,2020-11-25,12180.0,12180.25,{},1,1,NQ,5,fixed_hold,0,0.0,53.25,53.05,0.018207211509569127,53.75,2020-11-24,0.012270706817754995,ENTERED,0.4989169106697642,0.0,2020
LONG,2020-11-26,12181.0,12180.75,2020-11-26,12155.0,12155.25,{},1,1,NQ,5,fixed_hold,0,0.0,-26.0,-26.2,0.016546115250138035,-25.5,2020-11-25,0.025251993855348154,ENTERED,0.5490882863515911,0.0,2020
LONG,2020-11-27,12156.0,12155.75,2020-11-27,12273.0,12273.25,{},1,1,NQ,5,fixed_hold,0,0.0,117.0,116.8,0.016594859480217366,117.5,2020-11-26,0.018134226782535734,ENTERED,0.5474754443871446,0.0,2020
LONG,2020-11-30,12318.25,12318.0,2020-11-30,12350.0,12350.25,{},1,1,NQ,5,fixed_hold,0,0.0,31.75,31.55,0.016272862606539405,32.25,2020-11-27,0.030672657037285722,ENTERED,0.5585163594220074,0.0,2020
LONG,2020-12-01,12350.5,12350.25,2020-12-01,12451.5,12451.75,{},1,1,NQ,5,fixed_hold,0,0.0,101.0,100.8,0.016257270859990278,101.5,2020-11-30,0.03327755699644386,ENTERED,0.5590520117830122,0.0,2020
LONG,2020-12-02,12452.25,12452.0,2020-12-02,12467.25,12467.5,{},1,1,NQ,5,fixed_hold,0,0.0,15.0,14.8,0.01583941288461933,15.5,2020-12-01,0.026800255633207426,ENTERED,0.5741080607806779,0.0,2020
LONG,2020-12-03,12466.75,12466.5,2020-12-03,12485.5,12485.75,{},1,1,NQ,5,fixed_hold,0,0.0,18.75,18.55,0.01301974972781076,19.25,2020-12-02,0.023583259785308064,ENTERED,0.6984415833792178,0.0,2020
LONG,2020-12-04,12486.75,12486.5,2020-12-04,12509.0,12509.25,{},1,1,NQ,5,fixed_hold,0,0.0,22.25,22.05,0.012014076311616514,22.75,2020-12-03,0.027189897369449323,ENTERED,0.7580591010415965,0.0,2020
LONG,2020-12-07,12545.0,12544.75,2020-12-07,12575.5,12575.75,{},1,1,NQ,5,fixed_hold,0,0.0,30.5,30.3,0.01201258327193652,31.0,2020-12-04,0.019228810624732695,ENTERED,0.758153319936235,0.0,2020
LONG,2020-12-08,12575.75,12575.5,2020-12-08,12647.75,12648.0,{},1,1,NQ,5,fixed_hold,0,0.0,72.0,71.8,0.009432779525739047,72.5,2020-12-07,0.018258739701625393,ENTERED,0.9655795840426481,0.0,2020
LONG,2020-12-09,12647.75,12647.5,2020-12-09,12362.75,12363.0,{},1,1,NQ,5,fixed_hold,0,0.0,-285.0,-285.2,0.007536435133520607,-284.5,2020-12-08,0.01576083683016427,ENTERED,1.208446663080969,0.0,2020
SHORT,2020-12-10,12363.5,12363.75,2020-12-10,12403.75,12403.5,{},1,1,NQ,5,fixed_hold,0,0.0,-40.25,-40.45,0.007915914274418779,-39.75,2020-12-09,-0.00838179266091843,ENTERED,1.1505152245092822,0.0,2020
SHORT,2020-12-11,12403.5,12403.75,2020-12-11,12365.75,12365.5,{},1,1,NQ,5,fixed_hold,0,0.0,37.75,37.55,0.007824242622188029,38.25,2020-12-10,-0.006587509761127763,ENTERED,1.1622255410773936,0.0,2020
SHORT,2020-12-14,12417.0,12417.25,2020-12-14,12475.0,12474.75,{},1,1,NQ,5,fixed_hold,0,0.0,-58.0,-58.2,0.0077656053554484225,-57.5,2020-12-11,-0.011491496292743486,ENTERED,1.171001383519081,0.0,2020
SHORT,2020-12-15,12473.75,12474.0,2020-12-15,12592.0,12591.75,{},1,1,NQ,5,fixed_hold,0,0.0,-118.25,-118.45,0.007937654306704518,-117.75,2020-12-14,-0.008031330139355641,ENTERED,1.1450057698660665,0.0,2020
SHORT,2020-12-16,12595.25,12595.5,2020-12-16,12683.75,12683.5,{},1,1,NQ,5,fixed_hold,0,0.0,-88.5,-88.7,0.00790135879841613,-88.0,2020-12-15,-0.004447343453510499,ENTERED,1.1502654432299386,0.0,2020
LONG,2020-12-17,12683.5,12683.25,2020-12-17,12750.25,12750.5,{},1,1,NQ,5,fixed_hold,0,0.0,66.75,66.55,0.007537406482118342,67.25,2020-12-16,0.025924128447787798,ENTERED,1.2053586455802845,0.0,2020
LONG,2020-12-18,12751.0,12750.75,2020-12-18,12748.25,12748.5,{},1,1,NQ,5,fixed_hold,0,0.0,-2.75,-2.95,0.007541885234302799,-2.25,2020-12-17,0.027975974523320124,ENTERED,1.2046428427671638,0.0,2020
LONG,2020-12-21,12749.75,12749.5,2020-12-21,12701.75,12702.0,{},1,1,NQ,5,fixed_hold,0,0.0,-48.0,-48.2,0.007461303489267231,-47.5,2020-12-18,0.030973272411143782,ENTERED,1.217466322249455,0.0,2020
LONG,2020-12-22,12702.5,12702.25,2020-12-22,12720.5,12720.75,{},1,1,NQ,5,fixed_hold,0,0.0,18.0,17.8,0.007626843588860922,18.5,2020-12-21,0.018216797931822404,ENTERED,1.1910413020049742,0.0,2020
LONG,2020-12-23,12721.0,12720.75,2020-12-23,12655.25,12655.5,{},1,1,NQ,5,fixed_hold,0,0.0,-65.75,-65.95,0.007133334851497796,-65.25,2020-12-22,0.010244803144916048,ENTERED,1.273418622018198,0.0,2020
SHORT,2020-12-24,12655.0,12655.25,2020-12-24,12703.25,12703.0,{},1,1,NQ,5,fixed_hold,0,0.0,-48.25,-48.45,0.007309858448117984,-47.75,2020-12-23,-0.0022075925414909436,ENTERED,1.242667214619926,0.0,2020
SHORT,2020-12-28,12735.0,12735.25,2020-12-28,12853.0,12852.75,{},1,1,NQ,5,fixed_hold,0,0.0,-118.0,-118.2,0.007258009308046885,-117.5,2020-12-24,-0.003725344104152928,ENTERED,1.2509027690897938,0.0,2020
LONG,2020-12-29,12853.0,12852.75,2020-12-29,12845.25,12845.5,{},1,1,NQ,5,fixed_hold,0,0.0,-7.75,-7.95,0.007384628258785252,-7.25,2020-12-28,0.008177432639133952,ENTERED,1.2294544320107488,0.0,2020
LONG,2020-12-30,12845.5,12845.25,2020-12-30,12849.5,12849.75,{},1,1,NQ,5,fixed_hold,0,0.0,4.0,3.8,0.007350910647365524,4.5,2020-12-29,0.011297433475043306,ENTERED,1.234656537139859,0.0,2020
LONG,2020-12-31,12850.0,12849.75,2020-12-31,12882.75,12883.0,{},1,1,NQ,5,fixed_hold,0,0.0,32.75,32.55,0.007209597408577416,33.25,2020-12-30,0.010140911502859895,ENTERED,1.2588566837176096,0.0,2020
LONG,2021-01-04,12864.75,12864.5,2021-01-04,12675.25,12675.5,{},1,1,NQ,5,fixed_hold,0,0.0,-189.5,-189.7,0.007212434936148501,-189.0,2020-12-31,0.017976373908577425,ENTERED,1.2576641516884681,0.0,2021
SHORT,2021-01-05,12675.5,12675.75,2021-01-05,12795.25,12795.0,{},1,1,NQ,5,fixed_hold,0,0.0,-119.75,-119.95,0.008235765318244222,-119.25,2021-01-04,-0.002164842950484136,ENTERED,1.1013938007054915,0.0,2021
SHORT,2021-01-06,12795.0,12795.25,2021-01-06,12673.5,12673.25,{},1,1,NQ,5,fixed_hold,0,0.0,121.5,121.3,0.008458397112907889,122.0,2021-01-05,-0.004493201843963512,ENTERED,1.0717868303985347,0.0,2021
SHORT,2021-01-07,12673.25,12673.5,2021-01-07,12939.25,12939.0,{},1,1,NQ,5,fixed_hold,0,0.0,-266.0,-266.2,0.0087213038632867,-265.5,2021-01-06,-0.013409365147328045,ENTERED,1.0394774421354942,0.0,2021
LONG,2021-01-08,12940.25,12940.0,2021-01-08,13123.0,13123.25,{},1,1,NQ,5,fixed_hold,0,0.0,182.75,182.55,0.009807122107157628,183.25,2021-01-07,0.006945660421408872,ENTERED,0.9243892890126482,0.0,2021
LONG,2021-01-11,13083.0,13082.75,2021-01-11,12922.75,12923.0,{},1,1,NQ,5,fixed_hold,0,0.0,-160.25,-160.45,0.008484556958386055,-159.75,2021-01-08,0.01864860669098789,ENTERED,1.0684822644670104,0.0,2021
LONG,2021-01-12,12922.75,12922.5,2021-01-12,12896.25,12896.5,{},1,1,NQ,5,fixed_hold,0,0.0,-26.5,-26.7,0.009416509276582392,-26.0,2021-01-11,0.019525856968166888,ENTERED,0.9627345299218898,0.0,2021
LONG,2021-01-13,12898.25,12898.0,2021-01-13,12970.75,12971.0,{},1,1,NQ,5,fixed_hold,0,0.0,72.5,72.3,0.009389983365747378,73.0,2021-01-12,0.007932786244626788,ENTERED,0.9660103231564671,0.0,2021
LONG,2021-01-14,12971.5,12971.25,2021-01-14,12918.0,12918.25,{},1,1,NQ,5,fixed_hold,0,0.0,-53.5,-53.7,0.009299794024280605,-53.0,2021-01-13,0.023494368058706305,ENTERED,0.9753786849361061,0.0,2021
SHORT,2021-01-15,12917.25,12917.5,2021-01-15,12759.25,12759.0,{},1,1,NQ,5,fixed_hold,0,0.0,158.0,157.8,0.009223476351685198,158.5,2021-01-14,-0.0016036788005255875,ENTERED,0.9839944873976515,0.0,2021
SHORT,2021-01-18,12745.5,12745.75,2021-01-18,12832.5,12832.25,{},1,1,NQ,5,fixed_hold,0,0.0,-87.0,-87.2,0.009591230763407765,-86.5,2021-01-15,-0.027756081763282814,ENTERED,0.9462654072850383,0.0,2021
SHORT,2021-01-19,12831.5,12831.75,2021-01-19,13050.5,13050.25,{},1,1,NQ,5,fixed_hold,0,0.0,-219.0,-219.2,0.009604206790543909,-218.5,2021-01-18,-0.0070223632283523685,ENTERED,0.9453215803781312,0.0,2021
LONG,2021-01-20,13050.75,13050.5,2021-01-20,13314.5,13314.75,{},1,1,NQ,5,fixed_hold,0,0.0,263.75,263.55,0.010295629091307748,264.25,2021-01-19,0.011921839258713485,ENTERED,0.8818367348898081,0.0,2021
LONG,2021-01-21,13315.25,13315.0,2021-01-21,13383.75,13384.0,{},1,1,NQ,5,fixed_hold,0,0.0,68.5,68.3,0.011060834138387878,69.0,2021-01-20,0.026501426258576544,ENTERED,0.8212510307394111,0.0,2021
LONG,2021-01-22,13384.75,13384.5,2021-01-22,13355.0,13355.25,{},1,1,NQ,5,fixed_hold,0,0.0,-29.75,-29.95,0.01107551875754232,-29.25,2021-01-21,0.03605364503705988,ENTERED,0.820162164485775,0.0,2021
LONG,2021-01-25,13398.5,13398.25,2021-01-25,13462.75,13463.0,{},1,1,NQ,5,fixed_hold,0,0.0,64.25,64.05,0.010985673763440736,64.75,2021-01-22,0.04673171878673843,ENTERED,0.826884714936238,0.0,2021
LONG,2021-01-26,13463.0,13462.75,2021-01-26,13558.25,13558.5,{},1,1,NQ,5,fixed_hold,0,0.0,95.25,95.05,0.011048563529625011,95.75,2021-01-25,0.04915349997077634,ENTERED,0.8221779866593671,0.0,2021
LONG,2021-01-27,13561.0,13560.75,2021-01-27,12978.25,12978.5,{},1,1,NQ,5,fixed_hold,0,0.0,-582.75,-582.95,0.01090015605314367,-582.25,2021-01-26,0.03894561406869568,ENTERED,0.833499816349324,0.0,2021
SHORT,2021-01-28,12978.75,12979.0,2021-01-28,13135.5,13135.25,{},1,1,NQ,5,fixed_hold,0,0.0,-156.75,-156.95,0.01491850240958379,-156.25,2021-01-27,-0.02525394768959255,ENTERED,0.6089939739955232,0.0,2021
SHORT,2021-01-29,13136.75,13137.0,2021-01-29,12870.75,12870.5,{},1,1,NQ,5,fixed_hold,0,0.0,266.0,265.8,0.015136085244956889,266.5,2021-01-28,-0.018585624626419772,ENTERED,0.6004630545673696,0.0,2021
SHORT,2021-02-01,12793.25,12793.5,2021-02-01,13262.25,13262.0,{},1,1,NQ,5,fixed_hold,0,0.0,-469.0,-469.2,0.015863932906365733,-468.5,2021-01-29,-0.03629658748432285,ENTERED,0.5729134152308405,0.0,2021
SHORT,2021-02-02,13261.25,13261.5,2021-02-02,13488.75,13488.5,{},1,1,NQ,5,fixed_hold,0,0.0,-227.5,-227.7,0.016752906026036674,-227.0,2021-02-01,-0.014929807620886915,ENTERED,0.5428034157751791,0.0,2021
SHORT,2021-02-03,13488.75,13489.0,2021-02-03,13444.5,13444.25,{},1,1,NQ,5,fixed_hold,0,0.0,44.25,44.05,0.017007298547308904,44.75,2021-02-02,-0.00516281299553778,ENTERED,0.5346842468718922,0.0,2021
LONG,2021-02-04,13443.5,13443.25,2021-02-04,13552.75,13553.0,{},1,1,NQ,5,fixed_hold,0,0.0,109.25,109.05,0.01682622106961219,109.75,2021-02-03,0.03588627345224782,ENTERED,0.5412611572705944,0.0,2021
LONG,2021-02-05,13553.75,13553.5,2021-02-05,13603.25,13603.5,{},1,1,NQ,5,fixed_hold,0,0.0,49.5,49.3,0.016345618758407898,50.0,2021-02-04,0.031803734226603986,ENTERED,0.5571755969130552,0.0,2021
LONG,2021-02-08,13638.25,13638.0,2021-02-08,13681.25,13681.5,{},1,1,NQ,5,fixed_hold,0,0.0,43.0,42.8,0.01611386896884777,43.5,2021-02-05,0.056951944368905494,ENTERED,0.5652335480968228,0.0,2021
LONG,2021-02-09,13681.75,13681.5,2021-02-09,13687.5,13687.75,{},1,1,NQ,5,fixed_hold,0,0.0,5.75,5.55,0.015611630827425792,6.25,2021-02-08,0.03163172975418482,ENTERED,0.5834175450029492,0.0,2021
LONG,2021-02-10,13688.25,13688.0,2021-02-10,13653.0,13653.25,{},1,1,NQ,5,fixed_hold,0,0.0,-35.25,-35.45,0.015579201896405897,-34.75,2021-02-09,0.014771842680802116,ENTERED,0.5860262534670221,0.0,2021
LONG,2021-02-11,13654.0,13653.75,2021-02-11,13731.0,13731.25,{},1,1,NQ,5,fixed_hold,0,0.0,77.0,76.8,0.015614550398028774,77.5,2021-02-10,0.015545679379660449,ENTERED,0.584699596634537,0.0,2021
LONG,2021-02-12,13732.0,13731.75,2021-02-12,13820.5,13820.75,{},1,1,NQ,5,fixed_hold,0,0.0,88.5,88.3,0.015545019284562929,89.0,2021-02-11,0.013152069652475618,ENTERED,0.5874911905404218,0.0,2021
LONG,2021-02-15,13825.75,13825.5,2021-02-15,13858.0,13858.25,{},1,1,NQ,5,fixed_hold,0,0.0,32.25,32.05,0.01512144034281571,32.75,2021-02-12,0.01597015473958896,ENTERED,0.6039478832319454,0.0,2021
LONG,2021-02-16,13858.25,13858.0,2021-02-16,13731.25,13731.5,{},1,1,NQ,5,fixed_hold,0,0.0,-127.0,-127.2,0.015119454520916077,-126.5,2021-02-15,0.01291890509081628,ENTERED,0.6044881915140731,0.0,2021
LONG,2021-02-17,13731.75,13731.5,2021-02-17,13702.75,13703.0,{},1,1,NQ,5,fixed_hold,0,0.0,-29.0,-29.2,0.0150637253324215,-28.5,2021-02-16,0.0031962886522622913,ENTERED,0.6067245331642442,0.0,2021
LONG,2021-02-18,13704.0,13703.75,2021-02-18,13616.25,13616.5,{},1,1,NQ,5,fixed_hold,0,0.0,-87.75,-87.95,0.014507104297386822,-87.25,2021-02-17,0.003643821068243902,ENTERED,0.6307604968414349,0.0,2021
SHORT,2021-02-19,13615.0,13615.25,2021-02-19,13573.25,13573.0,{},1,1,NQ,5,fixed_hold,0,0.0,41.75,41.55,0.014582391561094575,42.25,2021-02-18,-0.008356850250341052,ENTERED,0.6275039506389016,0.0,2021
SHORT,2021-02-22,13592.0,13592.25,2021-02-22,13228.75,13228.5,{},1,1,NQ,5,fixed_hold,0,0.0,363.25,363.05,0.014596016404843372,363.75,2021-02-19,-0.017925944684622497,ENTERED,0.6273298904127675,0.0,2021
SHORT,2021-02-23,13228.0,13228.25,2021-02-23,13169.5,13169.25,{},1,1,NQ,5,fixed_hold,0,0.0,58.5,58.3,0.015613690433703545,59.0,2021-02-22,-0.04544224559377974,ENTERED,0.5864415853889475,0.0,2021
SHORT,2021-02-24,13169.0,13169.25,2021-02-24,13328.25,13328.0,{},1,1,NQ,5,fixed_hold,0,0.0,-159.25,-159.45,0.01552143840128111,-158.75,2021-02-23,-0.04094600007282512,ENTERED,0.5899337485477955,0.0,2021
SHORT,2021-02-25,13327.75,13328.0,2021-02-25,12779.25,12779.0,{},1,1,NQ,5,fixed_hold,0,0.0,548.5,548.3,0.012331796086626363,549.0,2021-02-24,-0.027366270159819073,ENTERED,0.742521225180789,0.0,2021
SHORT,2021-02-26,12777.5,12777.75,2021-02-26,12906.0,12905.75,{},1,1,NQ,5,fixed_hold,0,0.0,-128.5,-128.7,0.015300001808165457,-128.0,2021-02-25,-0.06150626078654575,ENTERED,0.5986101602560797,0.0,2021
SHORT,2021-03-01,13004.75,13005.0,2021-03-01,13318.75,13318.5,{},1,1,NQ,5,fixed_hold,0,0.0,-314.0,-314.2,0.014815548589263884,-313.5,2021-02-26,-0.049160097251897295,ENTERED,0.6181840975460827,0.0,2021
LONG,2021-03-02,13318.75,13318.5,2021-03-02,13094.0,13094.25,{},1,1,NQ,5,fixed_hold,0,0.0,-224.75,-224.95,0.014986294276577546,-224.25,2021-03-01,0.006803492459462435,ENTERED,0.611833218070343,0.0,2021
SHORT,2021-03-03,13094.5,13094.75,2021-03-03,12594.25,12594.0,{},1,1,NQ,5,fixed_hold,0,0.0,500.25,500.05,0.014908850073428265,500.75,2021-03-02,-0.005695085141522949,ENTERED,0.6150113931677079,0.0,2021
SHORT,2021-03-04,12592.5,12592.75,2021-03-04,12407.0,12406.75,{},1,1,NQ,5,fixed_hold,0,0.0,185.5,185.3,0.017036957202729238,186.0,2021-03-03,-0.05507202881152462,ENTERED,0.5386061941700071,0.0,2021
SHORT,2021-03-05,12405.75,12406.0,2021-03-05,12652.75,12652.5,{},1,1,NQ,5,fixed_hold,0,0.0,-247.0,-247.2,0.017015228955041033,-246.5,2021-03-04,-0.029129822364817315,ENTERED,0.5392939879589859,0.0,2021
SHORT,2021-03-08,12669.75,12670.0,2021-03-08,12371.75,12371.5,{},1,1,NQ,5,fixed_hold,0,0.0,298.0,297.8,0.017775949799678413,298.5,2021-03-05,-0.019623036243534786,ENTERED,0.5163005045120134,0.0,2021
SHORT,2021-03-09,12370.25,12370.5,2021-03-09,12810.5,12810.25,{},1,1,NQ,5,fixed_hold,0,0.0,-440.25,-440.45,0.01810982369401712,-439.75,2021-03-08,-0.07110410331493788,ENTERED,0.5067819546352736,0.0,2021
SHORT,2021-03-10,12809.0,12809.25,2021-03-10,12771.25,12771.0,{},1,1,NQ,5,fixed_hold,0,0.0,37.75,37.55,0.02021993438229833,38.25,2021-03-09,-0.02168890925406175,ENTERED,0.4539046573961814,0.0,2021
LONG,2021-03-11,12770.25,12770.0,2021-03-11,13069.75,13070.0,{},1,1,NQ,5,fixed_hold,0,0.0,299.5,299.3,0.020219462253906126,300.0,2021-03-10,0.014054311576941592,ENTERED,0.4539152561585728,0.0,2021
LONG,2021-03-12,13069.75,13069.5,2021-03-12,12936.0,12936.25,{},1,1,NQ,5,fixed_hold,0,0.0,-133.75,-133.95,0.020999604270110394,-133.25,2021-03-11,0.053458802667902594,ENTERED,0.43729550028500486,0.0,2021
LONG,2021-03-15,12961.75,12961.5,2021-03-15,13063.5,13063.75,{},1,1,NQ,5,fixed_hold,0,0.0,101.75,101.55,0.020965330388541543,102.25,2021-03-12,0.022426397945070065,ENTERED,0.43801038595146446,0.0,2021
LONG,2021-03-16,13063.75,13063.5,2021-03-16,13158.25,13158.5,{},1,1,NQ,5,fixed_hold,0,0.0,94.5,94.3,0.021129621978838917,95.0,2021-03-15,0.05595521965808525,ENTERED,0.43491385695307677,0.0,2021
LONG,2021-03-17,13148.25,13148.0,2021-03-17,13222.25,13222.5,{},1,1,NQ,5,fixed_hold,0,0.0,74.0,73.8,0.0211858527579011,74.5,2021-03-16,0.027185261802072258,ENTERED,0.43375952319644806,0.0,2021
LONG,2021-03-18,13223.0,13222.75,2021-03-18,12784.0,12784.25,{},1,1,NQ,5,fixed_hold,0,0.0,-439.0,-439.2,0.021239841078644007,-438.5,2021-03-17,0.035353535353535026,ENTERED,0.4327603884338118,0.0,2021
SHORT,2021-03-19,12782.75,12783.0,2021-03-19,12825.75,12825.5,{},1,1,NQ,5,fixed_hold,0,0.0,-43.0,-43.2,0.02237248466015142,-42.5,2021-03-18,-0.02186304514154569,ENTERED,0.41085118685267213,0.0,2021
SHORT,2021-03-22,12862.0,12862.25,2021-03-22,13086.25,13086.0,{},1,1,NQ,5,fixed_hold,0,0.0,-224.25,-224.45,0.022414216514241615,-223.75,2021-03-19,-0.008561213643830556,ENTERED,0.4100870180401782,0.0,2021
LONG,2021-03-23,13086.75,13086.5,2021-03-23,13028.5,13028.75,{},1,1,NQ,5,fixed_hold,0,0.0,-58.25,-58.45,0.0222970950956696,-57.75,2021-03-22,0.001703186297961512,ENTERED,0.4122411091038236,0.0,2021
SHORT,2021-03-24,13029.25,13029.5,2021-03-24,12805.75,12805.5,{},1,1,NQ,5,fixed_hold,0,0.0,223.5,223.3,0.022296081705557386,224.0,2021-03-23,-0.009860546414865112,ENTERED,0.41237071865452835,0.0,2021
SHORT,2021-03-25,12805.25,12805.5,2021-03-25,12801.5,12801.25,{},1,1,NQ,5,fixed_hold,0,0.0,3.75,3.55,0.02240000529743072,4.25,2021-03-24,-0.03153715258082834,ENTERED,0.41045754739867685,0.0,2021
LONG,2021-03-26,12800.75,12800.5,2021-03-26,12958.75,12959.0,{},1,1,NQ,5,fixed_hold,0,0.0,158.0,157.8,0.020387081022767952,158.5,2021-03-25,0.0013297612296379047,ENTERED,0.4516084535910347,0.0,2021
LONG,2021-03-29,12921.0,12920.75,2021-03-29,12978.25,12978.5,{},1,1,NQ,5,fixed_hold,0,0.0,57.25,57.05,0.02045386092453821,57.75,2021-03-26,0.010408950918092685,ENTERED,0.45013399513643326,0.0,2021
SHORT,2021-03-30,12978.25,12978.5,2021-03-30,12895.25,12895.0,{},1,1,NQ,5,fixed_hold,0,0.0,83.0,82.8,0.019065689883738822,83.5,2021-03-29,-0.00821488613785748,ENTERED,0.48312042983997305,0.0,2021
SHORT,2021-03-31,12894.75,12895.0,2021-03-31,13121.75,13121.5,{},1,1,NQ,5,fixed_hold,0,0.0,-227.0,-227.2,0.018753628148343873,-226.5,2021-03-30,-0.010265758418881443,ENTERED,0.4911595889055179,0.0,2021
LONG,2021-04-01,13121.75,13121.5,2021-04-01,13345.25,13345.5,{},1,1,NQ,5,fixed_hold,0,0.0,223.5,223.3,0.01692483059290773,224.0,2021-03-31,0.02467689664597228,ENTERED,0.5443607239499757,0.0,2021
LONG,2021-04-02,13346.5,13346.25,2021-04-02,13344.0,13344.25,{},1,1,NQ,5,fixed_hold,0,0.0,-2.5,-2.7,0.01673639517868457,-2.0,2021-04-01,0.04251537935748462,ENTERED,0.5504896924291005,0.0,2021
LONG,2021-04-05,13351.75,13351.5,2021-04-05,13616.0,13616.25,{},1,1,NQ,5,fixed_hold,0,0.0,264.25,264.05,0.01632016588652158,264.75,2021-04-02,0.029728374102939936,ENTERED,0.5645676926191807,0.0,2021
LONG,2021-04-06,13616.25,13616.0,2021-04-06,13594.5,13594.75,{},1,1,NQ,5,fixed_hold,0,0.0,-21.75,-21.95,0.015651368779184344,-21.25,2021-04-05,0.04913896058866585,ENTERED,0.5886921794322404,0.0,2021
LONG,2021-04-07,13594.25,13594.0,2021-04-07,13638.25,13638.5,{},1,1,NQ,5,fixed_hold,0,0.0,44.0,43.8,0.013945540608889582,44.5,2021-04-06,0.05426521907716175,ENTERED,0.6608342719560519,0.0,2021
LONG,2021-04-08,13639.0,13638.75,2021-04-08,13802.0,13802.25,{},1,1,NQ,5,fixed_hold,0,0.0,163.0,162.8,0.013870680462662616,163.5,2021-04-07,0.03940098311930784,ENTERED,0.6644007985128121,0.0,2021
LONG,2021-04-09,13802.5,13802.25,2021-04-09,13810.75,13811.0,{},1,1,NQ,5,fixed_hold,0,0.0,8.25,8.05,0.013223193024266786,8.75,2021-04-08,0.03422501966955127,ENTERED,0.697259380375568,0.0,2021
LONG,2021-04-12,13779.0,13778.75,2021-04-12,13817.0,13817.25,{},1,1,NQ,5,fixed_hold,0,0.0,38.0,37.8,0.01287765037501993,38.5,2021-04-09,0.03497761208010908,ENTERED,0.7159687603083046,0.0,2021
LONG,2021-04-13,13818.0,13817.75,2021-04-13,13966.5,13966.75,{},1,1,NQ,5,fixed_hold,0,0.0,148.5,148.3,0.012799271337594785,149.0,2021-04-12,0.014761773616083662,ENTERED,0.720383201366404,0.0,2021
LONG,2021-04-14,13967.25,13967.0,2021-04-14,13810.75,13811.0,{},1,1,NQ,5,fixed_hold,0,0.0,-156.5,-156.7,0.012887866495659992,-156.0,2021-04-13,0.02736350429393708,ENTERED,0.7154310656801701,0.0,2021
LONG,2021-04-15,13812.5,13812.25,2021-04-15,14010.0,14010.25,{},1,1,NQ,5,fixed_hold,0,0.0,197.5,197.3,0.013262278525159321,198.0,2021-04-14,0.012648018477105172,ENTERED,0.695379528655911,0.0,2021
LONG,2021-04-16,14010.5,14010.25,2021-04-16,14023.75,14024.0,{},1,1,NQ,5,fixed_hold,0,0.0,13.25,13.05,0.01057044596191637,13.75,2021-04-15,0.015070006701805916,ENTERED,0.8724624318553101,0.0,2021
LONG,2021-04-19,13991.0,13990.75,2021-04-19,13916.75,13917.0,{},1,1,NQ,5,fixed_hold,0,0.0,-74.25,-74.45,0.010598156181924513,-73.75,2021-04-16,0.015422489320107369,ENTERED,0.870290661258241,0.0,2021
LONG,2021-04-20,13917.75,13917.5,2021-04-20,13745.5,13745.75,{},1,1,NQ,5,fixed_hold,0,0.0,-172.25,-172.45,0.010244057407072125,-171.75,2021-04-19,0.007219236823535979,ENTERED,0.9003733564903341,0.0,2021
SHORT,2021-04-21,13745.75,13746.0,2021-04-21,13883.75,13883.5,{},1,1,NQ,5,fixed_hold,0,0.0,-138.0,-138.2,0.010693561217154148,-137.5,2021-04-20,-0.015823294610413985,ENTERED,0.8625498373436672,0.0,2021
LONG,2021-04-22,13884.25,13884.0,2021-04-22,13758.75,13759.0,{},1,1,NQ,5,fixed_hold,0,0.0,-125.5,-125.7,0.0097170832179766,-125.0,2021-04-21,0.005249438853088373,ENTERED,0.949228207845021,0.0,2021
SHORT,2021-04-23,13759.5,13759.75,2021-04-23,13903.75,13903.5,{},1,1,NQ,5,fixed_hold,0,0.0,-144.25,-144.45,0.010108100468664333,-143.75,2021-04-22,-0.017933298834781675,ENTERED,0.9130423521506961,0.0,2021
SHORT,2021-04-26,13910.75,13911.0,2021-04-26,14027.5,14027.25,{},1,1,NQ,5,fixed_hold,0,0.0,-116.75,-116.95,0.010033919297485969,-116.25,2021-04-23,-0.008592413006275113,ENTERED,0.9197925111872509,0.0,2021
LONG,2021-04-27,14027.25,14027.0,2021-04-27,13962.75,13963.0,{},1,1,NQ,5,fixed_hold,0,0.0,-64.5,-64.7,0.010089877324817902,-64.0,2021-04-26,0.007921965940935527,ENTERED,0.9149803831364404,0.0,2021
LONG,2021-04-28,13963.5,13963.25,2021-04-28,13971.5,13971.75,{},1,1,NQ,5,fixed_hold,0,0.0,8.0,7.8,0.009997667161367307,8.5,2021-04-27,0.015804885146317504,ENTERED,0.9234194008914144,0.0,2021
LONG,2021-04-29,13972.0,13971.75,2021-04-29,13915.5,13915.75,{},1,1,NQ,5,fixed_hold,0,0.0,-56.5,-56.7,0.009495940904703926,-56.0,2021-04-28,0.006356466308927722,ENTERED,0.9723208826278574,0.0,2021
LONG,2021-04-30,13915.75,13915.5,2021-04-30,13865.0,13865.25,{},1,1,NQ,5,fixed_hold,0,0.0,-50.75,-50.95,0.009032284208072868,-50.25,2021-04-29,0.011392543062722416,ENTERED,1.022115735929806,0.0,2021
SHORT,2021-05-03,13880.0,13880.25,2021-05-03,13769.75,13769.5,{},1,1,NQ,5,fixed_hold,0,0.0,110.25,110.05,0.009112391516444985,110.75,2021-04-30,-0.0027511058366599395,ENTERED,1.0131302856994955,0.0,2021
SHORT,2021-05-04,13769.0,13769.25,2021-05-04,13525.5,13525.25,{},1,1,NQ,5,fixed_hold,0,0.0,243.5,243.3,0.008205955790970224,244.0,2021-05-03,-0.01837494876044854,ENTERED,1.1246860283893436,0.0,2021
SHORT,2021-05-05,13525.0,13525.25,2021-05-05,13500.25,13500.0,{},1,1,NQ,5,fixed_hold,0,0.0,24.75,24.55,0.009169869517059885,25.25,2021-05-04,-0.03135071259757927,ENTERED,1.0064618488316233,0.0,2021
SHORT,2021-05-06,13499.75,13500.0,2021-05-06,13612.5,13612.25,{},1,1,NQ,5,fixed_hold,0,0.0,-112.75,-112.95,0.009140079328144908,-112.25,2021-05-05,-0.033764560631273755,ENTERED,1.0091520168844015,0.0,2021
SHORT,2021-05-07,13612.0,13612.25,2021-05-07,13715.75,13715.5,{},1,1,NQ,5,fixed_hold,0,0.0,-103.75,-103.95,0.008909208039167421,-103.25,2021-05-06,-0.021809819808490283,ENTERED,1.0353029638471467,0.0,2021
SHORT,2021-05-10,13738.5,13738.75,2021-05-10,13334.5,13334.25,{},1,1,NQ,5,fixed_hold,0,0.0,404.0,403.8,0.009095773650068126,404.5,2021-05-07,-0.010800382250590435,ENTERED,1.0140397844680442,0.0,2021
SHORT,2021-05-11,13333.75,13334.0,2021-05-11,13337.75,13337.5,{},1,1,NQ,5,fixed_hold,0,0.0,-4.0,-4.2,0.010971542217814101,-3.5,2021-05-10,-0.031609717128435855,ENTERED,0.8406958024100403,0.0,2021
SHORT,2021-05-12,13338.5,13338.75,2021-05-12,13016.0,13015.75,{},1,1,NQ,5,fixed_hold,0,0.0,322.5,322.3,0.010583343908384927,323.0,2021-05-11,-0.013881443965915397,ENTERED,0.8715326241239426,0.0,2021
SHORT,2021-05-13,13015.75,13016.0,2021-05-13,13112.25,13112.0,{},1,1,NQ,5,fixed_hold,0,0.0,-96.5,-96.7,0.011514236860478679,-96.0,2021-05-12,-0.03587037037037033,ENTERED,0.8015402097001117,0.0,2021
SHORT,2021-05-14,13111.75,13112.0,2021-05-14,13398.25,13398.0,{},1,1,NQ,5,fixed_hold,0,0.0,-286.5,-286.7,0.011055605534788782,-286.0,2021-05-13,-0.036749986225642295,ENTERED,0.8347913462219199,0.0,2021
SHORT,2021-05-17,13393.5,13393.75,2021-05-17,13329.75,13329.5,{},1,1,NQ,5,fixed_hold,0,0.0,63.75,63.55,0.012377333276726552,64.25,2021-05-14,-0.023148992016331804,ENTERED,0.7458827854155653,0.0,2021
SHORT,2021-05-18,13329.5,13329.75,2021-05-18,13170.25,13170.0,{},1,1,NQ,5,fixed_hold,0,0.0,159.25,159.05,0.012332011391992179,159.75,2021-05-17,-0.00035622550949598875,ENTERED,0.7486240100667125,0.0,2021
SHORT,2021-05-19,13172.0,13172.25,2021-05-19,13185.75,13185.5,{},1,1,NQ,5,fixed_hold,0,0.0,-13.75,-13.95,0.0123174378419308,-13.25,2021-05-18,-0.012558575445173359,ENTERED,0.7495959598361064,0.0,2021
LONG,2021-05-20,13186.0,13185.75,2021-05-20,13519.0,13519.25,{},1,1,NQ,5,fixed_hold,0,0.0,333.0,332.8,0.012015762140361532,333.5,2021-05-19,0.013041891554463003,ENTERED,0.7684158136610625,0.0,2021
LONG,2021-05-21,13521.0,13520.75,2021-05-21,13413.75,13414.0,{},1,1,NQ,5,fixed_hold,0,0.0,-107.25,-107.45,0.01340970994306496,-106.75,2021-05-20,0.031059334960341634,ENTERED,0.6887607370860155,0.0,2021
LONG,2021-05-24,13367.25,13367.0,2021-05-24,13656.5,13656.75,{},1,1,NQ,5,fixed_hold,0,0.0,289.25,289.05,0.013221145962395516,289.75,2021-05-21,0.00119420809075943,ENTERED,0.6985840509411957,0.0,2021
LONG,2021-05-25,13656.75,13656.5,2021-05-25,13694.75,13695.0,{},1,1,NQ,5,fixed_hold,0,0.0,38.0,37.8,0.013758480473364944,38.5,2021-05-24,0.02455080835740242,ENTERED,0.6714843882993375,0.0,2021
LONG,2021-05-26,13694.5,13694.25,2021-05-26,13707.5,13707.75,{},1,1,NQ,5,fixed_hold,0,0.0,13.0,12.8,0.013763370240340652,13.5,2021-05-25,0.0398633257403187,ENTERED,0.6712458273851666,0.0,2021
LONG,2021-05-27,13707.75,13707.5,2021-05-27,13702.75,13703.0,{},1,1,NQ,5,fixed_hold,0,0.0,-5.0,-5.2,0.01376529000986806,-4.5,2021-05-26,0.03960790262030245,ENTERED,0.671229099455962,0.0,2021
LONG,2021-05-28,13703.5,13703.25,2021-05-28,13686.25,13686.5,{},1,1,NQ,5,fixed_hold,0,0.0,-17.25,-17.45,0.013745597455726212,-16.75,2021-05-27,0.013591730310483108,ENTERED,0.6721907321114501,0.0,2021
LONG,2021-05-31,13713.0,13712.75,2021-05-31,13686.0,13686.25,{},1,1,NQ,5,fixed_hold,0,0.0,-27.0,-27.2,0.013728902515278465,-26.5,2021-05-28,0.020314596690025333,ENTERED,0.6736361177557175,0.0,2021
LONG,2021-06-01,13686.25,13686.0,2021-06-01,13634.5,13634.75,{},1,1,NQ,5,fixed_hold,0,0.0,-51.75,-51.95,0.013647460938046686,-51.25,2021-05-31,0.002160103977886685,ENTERED,0.677656058765944,0.0,2021
SHORT,2021-06-02,13634.5,13634.75,2021-06-02,13686.75,13686.5,{},1,1,NQ,5,fixed_hold,0,0.0,-52.25,-52.45,0.013047579380392537,-51.75,2021-06-01,-0.004399415845198873,ENTERED,0.7089749447159759,0.0,2021
SHORT,2021-06-03,13686.75,13687.0,2021-06-03,13503.75,13503.5,{},1,1,NQ,5,fixed_hold,0,0.0,183.0,182.8,0.01305530848511003,183.5,2021-06-02,-0.0015502179424047302,ENTERED,0.7085552118849947,0.0,2021
SHORT,2021-06-04,13503.75,13504.0,2021-06-04,13763.5,13763.25,{},1,1,NQ,5,fixed_hold,0,0.0,-259.75,-259.95,0.013293828114005845,-259.25,2021-06-03,-0.01455885572502369,ENTERED,0.6969942930152947,0.0,2021
LONG,2021-06-07,13767.0,13766.75,2021-06-07,13822.0,13822.25,{},1,1,NQ,5,fixed_hold,0,0.0,55.0,54.8,0.013899773225077268,55.5,2021-06-04,0.005607715632192312,ENTERED,0.6666096041820024,0.0,2021
LONG,2021-06-08,13823.0,13822.75,2021-06-08,13817.25,13817.5,{},1,1,NQ,5,fixed_hold,0,0.0,-5.75,-5.95,0.012243281311361992,-5.25,2021-06-07,0.009936980546168872,ENTERED,0.7569918598606475,0.0,2021
LONG,2021-06-09,13817.75,13817.5,2021-06-09,13815.0,13815.25,{},1,1,NQ,5,fixed_hold,0,0.0,-2.75,-2.95,0.012248090748303997,-2.25,2021-06-08,0.013403252718238612,ENTERED,0.7566946131557998,0.0,2021
LONG,2021-06-10,13815.25,13815.0,2021-06-10,13967.25,13967.5,{},1,1,NQ,5,fixed_hold,0,0.0,152.0,151.8,0.010641204258414628,152.5,2021-06-09,0.009407079969313115,ENTERED,0.8715756870364385,0.0,2021
LONG,2021-06-11,13968.0,13967.75,2021-06-11,13992.5,13992.75,{},1,1,NQ,5,fixed_hold,0,0.0,24.5,24.3,0.010749652229790345,25.0,2021-06-10,0.03436146184322597,ENTERED,0.862782787216149,0.0,2021
LONG,2021-06-14,14020.0,14019.75,2021-06-14,14114.0,14114.25,{},1,1,NQ,5,fixed_hold,0,0.0,94.0,93.8,0.009819035152019933,94.5,2021-06-11,0.016674840608141395,ENTERED,0.9446807100507177,0.0,2021
LONG,2021-06-15,14114.75,14114.5,2021-06-15,14039.0,14039.25,{},1,1,NQ,5,fixed_hold,0,0.0,-75.75,-75.95,0.009761242067051503,-75.25,2021-06-14,0.02112535947476002,ENTERED,0.9502738520063182,0.0,2021
LONG,2021-06-16,14032.0,14031.75,2021-06-16,13886.25,13886.5,{},1,1,NQ,5,fixed_hold,0,0.0,-145.75,-145.95,0.009331577765921353,-145.25,2021-06-15,0.016048489234665952,ENTERED,0.9941978159525746,0.0,2021
LONG,2021-06-17,13887.25,13887.0,2021-06-17,14176.0,14176.25,{},1,1,NQ,5,fixed_hold,0,0.0,288.75,288.55,0.009847228609843944,289.25,2021-06-16,0.0051573442391559254,ENTERED,0.9421365748527738,0.0,2021
LONG,2021-06-18,14176.5,14176.25,2021-06-18,14017.5,14017.75,{},1,1,NQ,5,fixed_hold,0,0.0,-159.0,-159.2,0.009345842876522905,-158.5,2021-06-17,0.014945408985144404,ENTERED,0.9946504502100152,0.0,2021
LONG,2021-06-21,14038.25,14038.0,2021-06-21,14134.5,14134.75,{},1,1,NQ,5,fixed_hold,0,0.0,96.25,96.05,0.009569096556529877,96.75,2021-06-18,0.001786639509746335,ENTERED,0.9714445632155481,0.0,2021
LONG,2021-06-22,14134.75,14134.5,2021-06-22,14272.0,14272.25,{},1,1,NQ,5,fixed_hold,0,0.0,137.25,137.05,0.00894727385307531,137.75,2021-06-21,0.001452432824981864,ENTERED,1.038958567422238,0.0,2021
LONG,2021-06-23,14272.75,14272.5,2021-06-23,14286.25,14286.5,{},1,1,NQ,5,fixed_hold,0,0.0,13.5,13.3,0.00912207032881116,14.0,2021-06-22,0.016596328151432527,ENTERED,1.0170316495991871,0.0,2021
LONG,2021-06-24,14286.5,14286.25,2021-06-24,14346.5,14346.75,{},1,1,NQ,5,fixed_hold,0,0.0,60.0,59.8,0.009121625621402929,60.5,2021-06-23,0.0288049544521658,ENTERED,1.0170812330317633,0.0,2021
LONG,2021-06-25,14347.5,14347.25,2021-06-25,14330.75,14331.0,{},1,1,NQ,5,fixed_hold,0,0.0,-16.75,-16.95,0.009114040877188478,-16.25,2021-06-24,0.012027158098933066,ENTERED,1.0177541690250336,0.0,2021
LONG,2021-06-28,14355.25,14355.0,2021-06-28,14491.25,14491.5,{},1,1,NQ,5,fixed_hold,0,0.0,136.0,135.8,0.009111897515189017,136.5,2021-06-25,0.022346667617841653,ENTERED,1.0179935720261148,0.0,2021
LONG,2021-06-29,14492.0,14491.75,2021-06-29,14587.25,14587.5,{},1,1,NQ,5,fixed_hold,0,0.0,95.25,95.05,0.009302189067829758,95.75,2021-06-28,0.025239215408833005,ENTERED,0.9971688418484538,0.0,2021
LONG,2021-06-30,14588.0,14587.75,2021-06-30,14560.25,14560.5,{},1,1,NQ,5,fixed_hold,0,0.0,-27.75,-27.95,0.009199806754901415,-27.25,2021-06-29,0.02208831823994095,ENTERED,1.0082660806414456,0.0,2021
LONG,2021-07-01,14560.75,14560.5,2021-07-01,14532.75,14533.0,{},1,1,NQ,5,fixed_hold,0,0.0,-28.0,-28.2,0.009274110017460037,-27.5,2021-06-30,0.019178945158016436,ENTERED,1.0000544413385022,0.0,2021
LONG,2021-07-02,14533.25,14533.0,2021-07-02,14700.75,14701.0,{},1,1,NQ,5,fixed_hold,0,0.0,167.5,167.3,0.008523176383276565,168.0,2021-07-01,0.012982034258630204,ENTERED,1.0881641415541565,0.0,2021
LONG,2021-07-05,14715.25,14715.0,2021-07-05,14714.0,14714.25,{},1,1,NQ,5,fixed_hold,0,0.0,-1.25,-1.45,0.007940386548243908,-0.75,2021-07-02,0.025818156444072482,ENTERED,1.1679670707606917,0.0,2021
LONG,2021-07-06,14714.75,14714.5,2021-07-06,14764.5,14764.75,{},1,1,NQ,5,fixed_hold,0,0.0,49.75,49.55,0.007955010345510046,50.25,2021-07-05,0.01537107959838524,ENTERED,1.1658199819557136,0.0,2021
LONG,2021-07-07,14764.75,14764.5,2021-07-07,14810.25,14810.5,{},1,1,NQ,5,fixed_hold,0,0.0,45.5,45.3,0.007912131100781379,46.0,2021-07-06,0.012150814053127679,ENTERED,1.1713739538225971,0.0,2021
LONG,2021-07-08,14811.25,14811.0,2021-07-08,14691.75,14692.0,{},1,1,NQ,5,fixed_hold,0,0.0,-119.5,-119.7,0.00786940388568294,-119.0,2021-07-07,0.01716974005013583,ENTERED,1.1777339713808195,0.0,2021
LONG,2021-07-09,14691.75,14691.5,2021-07-09,14814.0,14814.25,{},1,1,NQ,5,fixed_hold,0,0.0,122.25,122.05,0.008061490669629754,122.75,2021-07-08,0.010940617904080518,ENTERED,1.149380766846922,0.0,2021
LONG,2021-07-12,14829.0,14828.75,2021-07-12,14879.75,14880.0,{},1,1,NQ,5,fixed_hold,0,0.0,50.75,50.55,0.008160345347667963,51.25,2021-07-09,0.007703557581116849,ENTERED,1.1354571323916187,0.0,2021
LONG,2021-07-13,14880.0,14879.75,2021-07-13,14844.25,14844.5,{},1,1,NQ,5,fixed_hold,0,0.0,-35.75,-35.95,0.008056230628514236,-35.25,2021-07-12,0.011264590448035072,ENTERED,1.1482301458885995,0.0,2021
LONG,2021-07-14,14844.0,14843.75,2021-07-14,14904.5,14904.75,{},1,1,NQ,5,fixed_hold,0,0.0,60.5,60.3,0.007928997420968363,61.0,2021-07-13,0.005401378282734237,ENTERED,1.166655300634637,0.0,2021
LONG,2021-07-15,14903.75,14903.5,2021-07-15,14756.0,14756.25,{},1,1,NQ,5,fixed_hold,0,0.0,-147.75,-147.95,0.007244318783531738,-147.25,2021-07-14,0.0063637284359066015,ENTERED,1.2766258454090533,0.0,2021
LONG,2021-07-16,14757.25,14757.0,2021-07-16,14668.25,14668.5,{},1,1,NQ,5,fixed_hold,0,0.0,-89.0,-89.2,0.006623587752307915,-88.5,2021-07-15,0.004373128233051915,ENTERED,1.3962651265873889,0.0,2021
SHORT,2021-07-19,14643.25,14643.5,2021-07-19,14591.5,14591.25,{},1,1,NQ,5,fixed_hold,0,0.0,51.75,51.55,0.006161530127880191,52.25,2021-07-16,-0.009838500092816171,ENTERED,1.4995728374783905,0.0,2021
SHORT,2021-07-20,14590.25,14590.5,2021-07-20,14744.0,14743.75,{},1,1,NQ,5,fixed_hold,0,0.0,-153.75,-153.95,0.006208915988317534,-153.25,2021-07-19,-0.019405241935483875,ENTERED,1.4881282392061506,0.0,2021
SHORT,2021-07-21,14743.0,14743.25,2021-07-21,14837.0,14836.75,{},1,1,NQ,5,fixed_hold,0,0.0,-94.0,-94.2,0.006260614294191424,-93.5,2021-07-20,-0.006787025497659194,ENTERED,1.4756706627267206,0.0,2021
SHORT,2021-07-22,14835.75,14836.0,2021-07-22,14971.75,14971.5,{},1,1,NQ,5,fixed_hold,0,0.0,-136.0,-136.2,0.006343766552527272,-135.5,2021-07-21,-0.004562303963501879,ENTERED,1.456327998215083,0.0,2021
LONG,2021-07-23,14972.0,14971.75,2021-07-23,15091.0,15091.25,{},1,1,NQ,5,fixed_hold,0,0.0,119.0,118.8,0.006527482874835984,119.5,2021-07-22,0.014587039390088874,ENTERED,1.4149530349747823,0.0,2021
LONG,2021-07-26,15122.0,15121.75,2021-07-26,15112.0,15112.25,{},1,1,NQ,5,fixed_hold,0,0.0,-10.0,-10.2,0.006605438497199229,-9.5,2021-07-23,0.02882026110372582,ENTERED,1.398254136861812,0.0,2021
LONG,2021-07-27,15112.25,15112.0,2021-07-27,14920.5,14920.75,{},1,1,NQ,5,fixed_hold,0,0.0,-191.75,-191.95,0.006290642682810134,-191.25,2021-07-26,0.03570633084896757,ENTERED,1.467751723853932,0.0,2021
LONG,2021-07-28,14921.0,14920.75,2021-07-28,14988.75,14989.0,{},1,1,NQ,5,fixed_hold,0,0.0,67.75,67.55,0.007002593642543838,68.25,2021-07-27,0.012005086901229367,ENTERED,1.318525979538287,0.0,2021
LONG,2021-07-29,14989.0,14988.75,2021-07-29,14870.75,14871.0,{},1,1,NQ,5,fixed_hold,0,0.0,-118.25,-118.45,0.007004895448793342,-117.75,2021-07-28,0.01026168129812799,ENTERED,1.317941129592715,0.0,2021
SHORT,2021-07-30,14870.5,14870.75,2021-07-30,14966.75,14966.5,{},1,1,NQ,5,fixed_hold,0,0.0,-96.25,-96.45,0.007278547326395463,-95.75,2021-07-29,-0.00671275423304285,ENTERED,1.2683904365067207,0.0,2021
SHORT,2021-08-02,15001.75,15002.0,2021-08-02,14961.5,14961.25,{},1,1,NQ,5,fixed_hold,0,0.0,40.25,40.05,0.006977164673377872,40.75,2021-07-30,-0.008266379524559109,ENTERED,1.3227613593383512,0.0,2021
SHORT,2021-08-03,14961.25,14961.5,2021-08-03,15031.5,15031.25,{},1,1,NQ,5,fixed_hold,0,0.0,-70.25,-70.45,0.006982942019007142,-69.75,2021-08-02,-0.009991893993283707,ENTERED,1.3216669711081266,0.0,2021
LONG,2021-08-04,15030.5,15030.25,2021-08-04,15083.5,15083.75,{},1,1,NQ,5,fixed_hold,0,0.0,53.0,52.8,0.007012650525264761,53.5,2021-08-03,0.007405793944674333,ENTERED,1.315298610026288,0.0,2021
LONG,2021-08-05,15083.75,15083.5,2021-08-05,15160.25,15160.5,{},1,1,NQ,5,fixed_hold,0,0.0,76.5,76.3,0.007019650363952659,77.0,2021-08-04,0.006321302288344821,ENTERED,1.31398702360542,0.0,2021
LONG,2021-08-06,15160.75,15160.5,2021-08-06,15092.5,15092.75,{},1,1,NQ,5,fixed_hold,0,0.0,-68.25,-68.45,0.006747268265280593,-67.75,2021-08-05,0.01946741981036948,ENTERED,1.366994165497528,0.0,2021
LONG,2021-08-09,15022.0,15021.75,2021-08-09,15118.25,15118.5,{},1,1,NQ,5,fixed_hold,0,0.0,96.25,96.05,0.006681769547298592,96.75,2021-08-06,0.008435505963318324,ENTERED,1.380394263285271,0.0,2021
LONG,2021-08-10,15118.5,15118.25,2021-08-10,15035.25,15035.5,{},1,1,NQ,5,fixed_hold,0,0.0,-83.25,-83.45,0.0066345231888965675,-82.75,2021-08-09,0.010510485420670346,ENTERED,1.3900497032195205,0.0,2021
LONG,2021-08-11,15035.5,15035.25,2021-08-11,14995.5,14995.75,{},1,1,NQ,5,fixed_hold,0,0.0,-40.0,-40.2,0.00674870403071574,-39.5,2021-08-10,0.0002827442827444404,ENTERED,1.3665315515030252,0.0,2021
SHORT,2021-08-12,14995.5,14995.75,2021-08-12,15068.0,15067.75,{},1,1,NQ,5,fixed_hold,0,0.0,-72.5,-72.7,0.006737510632448536,-72.0,2021-08-11,-0.005834092980856798,ENTERED,1.368514361510244,0.0,2021
SHORT,2021-08-13,15068.0,15068.25,2021-08-13,15122.25,15122.0,{},1,1,NQ,5,fixed_hold,0,0.0,-54.25,-54.45,0.006348426415069895,-53.75,2021-08-12,-0.006117872101843558,ENTERED,1.4523882704927396,0.0,2021
LONG,2021-08-16,15114.25,15114.0,2021-08-16,15129.75,15130.0,{},1,1,NQ,5,fixed_hold,0,0.0,15.5,15.3,0.006149330313134163,16.0,2021-08-13,0.0019380165973728047,ENTERED,1.499349507212857,0.0,2021
LONG,2021-08-17,15130.25,15130.0,2021-08-17,14956.25,14956.5,{},1,1,NQ,5,fixed_hold,0,0.0,-174.0,-174.2,0.005944784374004212,-173.5,2021-08-16,0.0007606574726328752,ENTERED,1.5509385697830627,0.0,2021
SHORT,2021-08-18,14956.75,14957.0,2021-08-18,14845.75,14845.5,{},1,1,NQ,5,fixed_hold,0,0.0,111.0,110.8,0.0062827810381460136,111.5,2021-08-17,-0.005254231651757424,ENTERED,1.4668171816518634,0.0,2021
SHORT,2021-08-19,14845.5,14845.75,2021-08-19,14917.0,14916.75,{},1,1,NQ,5,fixed_hold,0,0.0,-71.5,-71.7,0.006390999875512679,-71.0,2021-08-18,-0.01001950552656583,ENTERED,1.4419795579435575,0.0,2021
SHORT,2021-08-20,14917.0,14917.25,2021-08-20,15095.25,15095.0,{},1,1,NQ,5,fixed_hold,0,0.0,-178.25,-178.45,0.006139189511068652,-177.75,2021-08-19,-0.010021403328300371,ENTERED,1.5008232570608324,0.0,2021
SHORT,2021-08-23,15107.0,15107.25,2021-08-23,15330.25,15330.0,{},1,1,NQ,5,fixed_hold,0,0.0,-223.25,-223.45,0.006470361636872423,-222.75,2021-08-20,-0.001785478111360872,ENTERED,1.4240067116510424,0.0,2021
LONG,2021-08-24,15330.0,15329.75,2021-08-24,15357.75,15358.0,{},1,1,NQ,5,fixed_hold,0,0.0,27.75,27.55,0.007344559810790072,28.25,2021-08-23,0.01321877065432897,ENTERED,1.2544268508441572,0.0,2021
LONG,2021-08-25,15358.0,15357.75,2021-08-25,15361.5,15361.75,{},1,1,NQ,5,fixed_hold,0,0.0,3.5,3.3,0.00663193066368211,4.0,2021-08-24,0.02684451576237734,ENTERED,1.3892203494737212,0.0,2021
LONG,2021-08-26,15362.0,15361.75,2021-08-26,15278.0,15278.25,{},1,1,NQ,5,fixed_hold,0,0.0,-84.0,-84.2,0.006595704604555532,-83.5,2021-08-25,0.03477484759691474,ENTERED,1.3965186199311654,0.0,2021
LONG,2021-08-27,15278.0,15277.75,2021-08-27,15428.0,15428.25,{},1,1,NQ,5,fixed_hold,0,0.0,150.0,149.8,0.006438969393057714,150.5,2021-08-26,0.024234501483231696,ENTERED,1.430512203048915,0.0,2021
LONG,2021-08-30,15452.75,15452.5,2021-08-30,15598.5,15598.75,{},1,1,NQ,5,fixed_hold,0,0.0,145.75,145.55,0.006621356426457925,146.25,2021-08-27,0.02207684663795928,ENTERED,1.390497284987966,0.0,2021
LONG,2021-08-31,15599.0,15598.75,2021-08-31,15596.75,15597.0,{},1,1,NQ,5,fixed_hold,0,0.0,-2.25,-2.45,0.00693338077248881,-1.75,2021-08-30,0.01753098499673844,ENTERED,1.327920452668637,0.0,2021
LONG,2021-09-01,15597.0,15596.75,2021-09-01,15618.75,15619.0,{},1,1,NQ,5,fixed_hold,0,0.0,21.75,21.55,0.006922762998506496,22.25,2021-08-31,0.01556192212527674,ENTERED,1.3289212351897883,0.0,2021
LONG,2021-09-02,15619.0,15618.75,2021-09-02,15597.0,15597.25,{},1,1,NQ,5,fixed_hold,0,0.0,-22.0,-22.2,0.006912752611690338,-21.5,2021-09-01,0.01674613894901289,ENTERED,1.3308456517514282,0.0,2021
LONG,2021-09-03,15597.25,15597.0,2021-09-03,15654.75,15655.0,{},1,1,NQ,5,fixed_hold,0,0.0,57.5,57.3,0.006900790942145503,58.0,2021-09-02,0.0208793546381294,ENTERED,1.3323474530938662,0.0,2021
LONG,2021-09-06,15650.75,15650.5,2021-09-06,15688.75,15689.0,{},1,1,NQ,5,fixed_hold,0,0.0,38.0,37.8,0.006773027711119537,38.5,2021-09-03,0.014697065448122881,ENTERED,1.3574802331025797,0.0,2021
LONG,2021-09-07,15689.0,15688.75,2021-09-07,15662.25,15662.5,{},1,1,NQ,5,fixed_hold,0,0.0,-26.75,-26.95,0.006773299590641372,-26.25,2021-09-06,0.00578572000961608,ENTERED,1.357060777989577,0.0,2021
LONG,2021-09-08,15662.25,15662.0,2021-09-08,15599.75,15600.0,{},1,1,NQ,5,fixed_hold,0,0.0,-62.5,-62.7,0.00660704614391832,-62.0,2021-09-07,0.004199525549785088,ENTERED,1.391208569126333,0.0,2021
SHORT,2021-09-09,15599.75,15600.0,2021-09-09,15564.0,15563.75,{},1,1,NQ,5,fixed_hold,0,0.0,35.75,35.55,0.006664180598523213,36.25,2021-09-08,-0.0012164671233755309,ENTERED,1.3792786284188205,0.0,2021
SHORT,2021-09-10,15563.25,15563.5,2021-09-10,15448.0,15447.75,{},1,1,NQ,5,fixed_hold,0,0.0,115.25,115.05,0.006696808597752131,115.75,2021-09-09,-0.002147814518585256,ENTERED,1.3725585465518224,0.0,2021
SHORT,2021-09-13,15492.0,15492.25,2021-09-13,15452.5,15452.25,{},1,1,NQ,5,fixed_hold,0,0.0,39.5,39.3,0.006976935385485557,40.0,2021-09-10,-0.013238581922708548,ENTERED,1.317134942928498,0.0,2021
SHORT,2021-09-14,15451.25,15451.5,2021-09-14,15414.75,15414.5,{},1,1,NQ,5,fixed_hold,0,0.0,36.5,36.3,0.006978142460603129,37.0,2021-09-13,-0.015090190579386986,ENTERED,1.3169071056745194,0.0,2021
SHORT,2021-09-15,15407.25,15407.5,2021-09-15,15502.25,15502.0,{},1,1,NQ,5,fixed_hold,0,0.0,-95.0,-95.2,0.00639139105510743,-94.5,2021-09-14,-0.01583399840383093,ENTERED,1.436781504356049,0.0,2021
SHORT,2021-09-16,15501.5,15501.75,2021-09-16,15481.5,15481.25,{},1,1,NQ,5,fixed_hold,0,0.0,20.0,19.8,0.0060899842110103,20.5,2021-09-15,-0.006282051282051393,ENTERED,1.5078910120132523,0.0,2021
SHORT,2021-09-17,15481.25,15481.5,2021-09-17,15283.0,15282.75,{},1,1,NQ,5,fixed_hold,0,0.0,198.25,198.05,0.00610585580431585,198.75,2021-09-16,-0.005300779053891258,ENTERED,1.5031344798354211,0.0,2021
SHORT,2021-09-20,15325.25,15325.5,2021-09-20,15029.0,15028.75,{},1,1,NQ,5,fixed_hold,0,0.0,296.25,296.05,0.006457338900397383,296.75,2021-09-17,-0.010681167160266014,ENTERED,1.4213165097786002,0.0,2021
SHORT,2021-09-21,15028.75,15029.0,2021-09-21,14973.0,14972.75,{},1,1,NQ,5,fixed_hold,0,0.0,55.75,55.55,0.006550923767657872,56.25,2021-09-20,-0.027407011923829994,ENTERED,1.40098284994018,0.0,2021
SHORT,2021-09-22,14972.5,14972.75,2021-09-22,15192.0,15191.75,{},1,1,NQ,5,fixed_hold,0,0.0,-219.5,-219.7,0.006543766066331362,-219.0,2021-09-21,-0.02865808167634365,ENTERED,1.4025152728143762,0.0,2021
SHORT,2021-09-23,15191.75,15192.0,2021-09-23,15304.5,15304.25,{},1,1,NQ,5,fixed_hold,0,0.0,-112.75,-112.95,0.007444740175204275,-112.25,2021-09-22,-0.02001354663914312,ENTERED,1.2325763509869572,0.0,2021
SHORT,2021-09-24,15304.75,15305.0,2021-09-24,15319.25,15319.0,{},1,1,NQ,5,fixed_hold,0,0.0,-14.5,-14.7,0.007552333229249522,-14.0,2021-09-23,-0.011433185304803972,ENTERED,1.2150166578535795,0.0,2021
LONG,2021-09-27,15318.25,15318.0,2021-09-27,15168.5,15168.75,{},1,1,NQ,5,fixed_hold,0,0.0,-149.75,-149.95,0.007204973247619121,-149.25,2021-09-24,0.002371955309090401,ENTERED,1.2727138882979285,0.0,2021
LONG,2021-09-28,15169.0,15168.75,2021-09-28,14801.75,14802.0,{},1,1,NQ,5,fixed_hold,0,0.0,-367.25,-367.45,0.006976824040347998,-366.75,2021-09-27,0.009315478665890664,ENTERED,1.3143329205422385,0.0,2021
SHORT,2021-09-29,14801.25,14801.5,2021-09-29,14789.25,14789.0,{},1,1,NQ,5,fixed_hold,0,0.0,12.0,11.8,0.008627800934875661,12.5,2021-09-28,-0.011404050692090495,ENTERED,1.0627404043507573,0.0,2021
SHORT,2021-09-30,14788.25,14788.5,2021-09-30,14714.75,14714.5,{},1,1,NQ,5,fixed_hold,0,0.0,73.5,73.3,0.00858721286119645,74.0,2021-09-29,-0.026511099774548685,ENTERED,1.0677635226233435,0.0,2021
SHORT,2021-10-01,14713.0,14713.25,2021-10-01,14777.5,14777.25,{},1,1,NQ,5,fixed_hold,0,0.0,-64.5,-64.7,0.008596872940734742,-64.0,2021-09-30,-0.038535047454138494,ENTERED,1.0653567404616626,0.0,2021
SHORT,2021-10-04,14814.75,14815.0,2021-10-04,14486.5,14486.25,{},1,1,NQ,5,fixed_hold,0,0.0,328.25,328.05,0.008620382121375867,328.75,2021-10-01,-0.03536457993341613,ENTERED,1.062451339783815,0.0,2021
SHORT,2021-10-05,14486.5,14486.75,2021-10-05,14637.5,14637.25,{},1,1,NQ,5,fixed_hold,0,0.0,-151.0,-151.2,0.009309462737405664,-150.5,2021-10-04,-0.04499381953028447,ENTERED,0.9838093553459526,0.0,2021
SHORT,2021-10-06,14638.0,14638.25,2021-10-06,14809.5,14809.25,{},1,1,NQ,5,fixed_hold,0,0.0,-171.5,-171.7,0.00984226972540791,-171.0,2021-10-05,-0.011130252668558493,ENTERED,0.9316055046243503,0.0,2021
LONG,2021-10-07,14809.5,14809.25,2021-10-07,14924.25,14924.5,{},1,1,NQ,5,fixed_hold,0,0.0,114.75,114.55,0.010400494667400478,115.25,2021-10-06,0.0013692609371831477,ENTERED,0.8816035147758361,0.0,2021
LONG,2021-10-08,14924.5,14924.25,2021-10-08,14805.25,14805.5,{},1,1,NQ,5,fixed_hold,0,0.0,-119.25,-119.45,0.010654259658405012,-118.75,2021-10-07,0.014271636820823108,ENTERED,0.8606763689888006,0.0,2021
LONG,2021-10-11,14716.75,14716.5,2021-10-11,14684.5,14684.75,{},1,1,NQ,5,fixed_hold,0,0.0,-32.25,-32.45,0.010668795267071932,-31.75,2021-10-08,0.0019117224111389053,ENTERED,0.8595037478469273,0.0,2021
LONG,2021-10-12,14685.0,14684.75,2021-10-12,14605.0,14605.25,{},1,1,NQ,5,fixed_hold,0,0.0,-80.0,-80.2,0.010737515333787157,-79.5,2021-10-11,0.013702649063767502,ENTERED,0.8545934877806415,0.0,2021
SHORT,2021-10-13,14605.25,14605.5,2021-10-13,14804.5,14804.25,{},1,1,NQ,5,fixed_hold,0,0.0,-199.25,-199.45,0.01075737565136294,-198.75,2021-10-12,-0.0021862030094448315,ENTERED,0.8530157332598751,0.0,2021
SHORT,2021-10-14,14802.5,14802.75,2021-10-14,15071.75,15071.5,{},1,1,NQ,5,fixed_hold,0,0.0,-269.25,-269.45,0.011217695746634847,-268.75,2021-10-13,-0.0003376268210746325,ENTERED,0.8181476888876558,0.0,2021
LONG,2021-10-15,15070.5,15070.25,2021-10-15,15144.0,15144.25,{},1,1,NQ,5,fixed_hold,0,0.0,73.5,73.3,0.012102768954714285,74.0,2021-10-14,0.009849576200207766,ENTERED,0.7583167029045255,0.0,2021
LONG,2021-10-18,15082.25,15082.0,2021-10-18,15291.75,15292.0,{},1,1,NQ,5,fixed_hold,0,0.0,209.5,209.3,0.011857118507094172,210.0,2021-10-15,0.022880010806794804,ENTERED,0.7740432368015211,0.0,2021
LONG,2021-10-19,15292.75,15292.5,2021-10-19,15409.0,15409.25,{},1,1,NQ,5,fixed_hold,0,0.0,116.25,116.05,0.0114153154734341,116.75,2021-10-18,0.041352423432472474,ENTERED,0.8040007663151664,0.0,2021
LONG,2021-10-20,15409.5,15409.25,2021-10-20,15335.5,15335.75,{},1,1,NQ,5,fixed_hold,0,0.0,-74.0,-74.2,0.011454911171178899,-73.5,2021-10-19,0.05504869824207037,ENTERED,0.8016677142106519,0.0,2021
LONG,2021-10-21,15335.5,15335.25,2021-10-21,15391.5,15391.75,{},1,1,NQ,5,fixed_hold,0,0.0,56.0,55.8,0.011100718555896874,56.5,2021-10-20,0.03590185250857014,ENTERED,0.8272466695596816,0.0,2021
LONG,2021-10-22,15391.75,15391.5,2021-10-22,15323.75,15324.0,{},1,1,NQ,5,fixed_hold,0,0.0,-68.0,-68.2,0.011009725294061976,-67.5,2021-10-21,0.021248714461068907,ENTERED,0.8346770827909457,0.0,2021
LONG,2021-10-25,15306.25,15306.0,2021-10-25,15538.75,15539.0,{},1,1,NQ,5,fixed_hold,0,0.0,232.5,232.3,0.011059059505088934,233.0,2021-10-22,0.01186919127721775,ENTERED,0.830953607451761,0.0,2021
LONG,2021-10-26,15540.0,15539.75,2021-10-26,15560.25,15560.5,{},1,1,NQ,5,fixed_hold,0,0.0,20.25,20.05,0.01122129812767463,20.75,2021-10-25,0.016152236463510272,ENTERED,0.8191353416408342,0.0,2021
LONG,2021-10-27,15560.5,15560.25,2021-10-27,15625.75,15626.0,{},1,1,NQ,5,fixed_hold,0,0.0,65.25,65.05,0.00949335877517363,65.75,2021-10-26,0.009815532877979205,ENTERED,0.9682307487950489,0.0,2021
LONG,2021-10-28,15626.75,15626.5,2021-10-28,15672.25,15672.5,{},1,1,NQ,5,fixed_hold,0,0.0,45.5,45.3,0.009464934238538949,46.0,2021-10-27,0.018926364866406864,ENTERED,0.9711403143833304,0.0,2021
LONG,2021-10-29,15672.25,15672.0,2021-10-29,15863.75,15864.0,{},1,1,NQ,5,fixed_hold,0,0.0,191.5,191.3,0.009283613918080752,192.0,2021-10-28,0.018240291065018344,ENTERED,0.9901078710447413,0.0,2021
LONG,2021-11-01,15882.5,15882.25,2021-11-01,15876.25,15876.5,{},1,1,NQ,5,fixed_hold,0,0.0,-6.25,-6.45,0.009499509052879376,-5.75,2021-10-29,0.03523884103367236,ENTERED,0.9678659375890517,0.0,2021
LONG,2021-11-02,15877.0,15876.75,2021-11-02,15942.75,15943.0,{},1,1,NQ,5,fixed_hold,0,0.0,65.75,65.55,0.007810513828475302,66.25,2021-11-01,0.021719544372224453,ENTERED,1.176846928882091,0.0,2021
LONG,2021-11-03,15942.75,15942.5,2021-11-03,16185.75,16186.0,{},1,1,NQ,5,fixed_hold,0,0.0,243.0,242.8,0.007690237674387666,243.5,2021-11-02,0.024581472317727338,ENTERED,1.195252942915598,0.0,2021
LONG,2021-11-04,16185.25,16185.0,2021-11-04,16339.75,16340.0,{},1,1,NQ,5,fixed_hold,0,0.0,154.5,154.3,0.00790465111345736,155.0,2021-11-03,0.03583770638679118,ENTERED,1.1628295472545014,0.0,2021
LONG,2021-11-05,16340.25,16340.0,2021-11-05,16344.5,16344.75,{},1,1,NQ,5,fixed_hold,0,0.0,4.25,4.05,0.007952034294298846,4.75,2021-11-04,0.04259052480459413,ENTERED,1.1559006834334682,0.0,2021
LONG,2021-11-08,16312.75,16312.5,2021-11-08,16310.25,16310.5,{},1,1,NQ,5,fixed_hold,0,0.0,-2.5,-2.7,0.007465739928809238,-2.0,2021-11-05,0.03030446293494715,ENTERED,1.2308981398235022,0.0,2021
LONG,2021-11-09,16310.5,16310.25,2021-11-09,16185.75,16186.0,{},1,1,NQ,5,fixed_hold,0,0.0,-124.75,-124.95,0.007013662346860978,-124.25,2021-11-08,0.02733599974805556,ENTERED,1.3102377811059298,0.0,2021
LONG,2021-11-10,16185.5,16185.25,2021-11-10,15990.25,15990.5,{},1,1,NQ,5,fixed_hold,0,0.0,-195.25,-195.45,0.007206774264474929,-194.75,2021-11-09,0.015241798908611992,ENTERED,1.2742222967010202,0.0,2021
SHORT,2021-11-11,15990.75,15991.0,2021-11-11,16065.0,16064.75,{},1,1,NQ,5,fixed_hold,0,0.0,-74.25,-74.45,0.007881041268478549,-73.75,2021-11-10,-0.012078339305572672,ENTERED,1.165205477582514,0.0,2021
SHORT,2021-11-12,16064.25,16064.5,2021-11-12,16200.25,16200.0,{},1,1,NQ,5,fixed_hold,0,0.0,-136.0,-136.2,0.007149298819556626,-135.5,2021-11-11,-0.01684516523867796,ENTERED,1.283751402761981,0.0,2021
SHORT,2021-11-15,16226.75,16227.0,2021-11-15,16190.0,16189.75,{},1,1,NQ,5,fixed_hold,0,0.0,36.75,36.55,0.007236372219917824,37.25,2021-11-12,-0.008856054696462112,ENTERED,1.2683043532653737,0.0,2021
SHORT,2021-11-16,16190.0,16190.25,2021-11-16,16305.0,16304.75,{},1,1,NQ,5,fixed_hold,0,0.0,-115.0,-115.2,0.007128159162131659,-114.5,2021-11-15,-0.007403206523405315,ENTERED,1.2875318354998133,0.0,2021
LONG,2021-11-17,16305.5,16305.25,2021-11-17,16329.25,16329.5,{},1,1,NQ,5,fixed_hold,0,0.0,23.75,23.55,0.007109311157385628,24.25,2021-11-16,0.007336587174100906,ENTERED,1.2909453035009932,0.0,2021
LONG,2021-11-18,16329.5,16329.25,2021-11-18,16495.75,16496.0,{},1,1,NQ,5,fixed_hold,0,0.0,166.25,166.05,0.006890149951306026,166.75,2021-11-17,0.02120008755198377,ENTERED,1.3317867889740103,0.0,2021
LONG,2021-11-19,16496.5,16496.25,2021-11-19,16588.0,16588.25,{},1,1,NQ,5,fixed_hold,0,0.0,91.5,91.3,0.007067518134061249,92.0,2021-11-18,0.026844488709752756,ENTERED,1.298363938392374,0.0,2021
LONG,2021-11-22,16589.0,16588.75,2021-11-22,16397.0,16397.25,{},1,1,NQ,5,fixed_hold,0,0.0,-192.0,-192.2,0.00682916746267782,-191.5,2021-11-19,0.02396604938271585,ENTERED,1.342750718469604,0.0,2021
LONG,2021-11-23,16398.0,16397.75,2021-11-23,16286.75,16287.0,{},1,1,NQ,5,fixed_hold,0,0.0,-111.25,-111.45,0.007230229169548487,-110.75,2021-11-22,0.012816751339582266,ENTERED,1.2682681699330596,0.0,2021
SHORT,2021-11-24,16286.75,16287.0,2021-11-24,16358.75,16358.5,{},1,1,NQ,5,fixed_hold,0,0.0,-72.0,-72.2,0.0075299464299178375,-71.5,2021-11-23,-0.0010886398135515618,ENTERED,1.2176863062075796,0.0,2021
LONG,2021-11-25,16357.75,16357.5,2021-11-25,16370.5,16370.75,{},1,1,NQ,5,fixed_hold,0,0.0,12.75,12.55,0.007532450945786552,13.25,2021-11-24,0.001775927003276223,ENTERED,1.2172814294020133,0.0,2021
SHORT,2021-11-26,16369.75,16370.0,2021-11-26,16043.75,16043.5,{},1,1,NQ,5,fixed_hold,0,0.0,326.0,325.8,0.0075387057895330975,326.5,2021-11-25,-0.007592749757517003,ENTERED,1.21489507483107,0.0,2021
SHORT,2021-11-29,16169.25,16169.5,2021-11-29,16431.25,16431.0,{},1,1,NQ,5,fixed_hold,0,0.0,-262.0,-262.2,0.008646632301323879,-261.5,2021-11-26,-0.03283950989405149,ENTERED,1.0592258598647646,0.0,2021
LONG,2021-11-30,16431.25,16431.0,2021-11-30,16223.5,16223.75,{},1,1,NQ,5,fixed_hold,0,0.0,-207.75,-207.95,0.010125563629434196,-207.25,2021-11-29,0.0020582719663360116,ENTERED,0.9045162194902934,0.0,2021
SHORT,2021-12-01,16223.5,16223.75,2021-12-01,15948.5,15948.25,{},1,1,NQ,5,fixed_hold,0,0.0,275.0,274.8,0.010599939978516994,275.5,2021-11-30,-0.003883465340455583,ENTERED,0.8650155258209703,0.0,2021
SHORT,2021-12-02,15948.75,15949.0,2021-12-02,15938.0,15937.75,{},1,1,NQ,5,fixed_hold,0,0.0,10.75,10.55,0.010757276498754366,11.25,2021-12-01,-0.025078705260262346,ENTERED,0.8523637609621111,0.0,2021
SHORT,2021-12-03,15936.75,15937.0,2021-12-03,15687.75,15687.5,{},1,1,NQ,5,fixed_hold,0,0.0,249.0,248.8,0.010486751082742968,249.5,2021-12-02,-0.026449612876624506,ENTERED,0.8744242563504585,0.0,2021
SHORT,2021-12-06,15738.75,15739.0,2021-12-06,15842.5,15842.25,{},1,1,NQ,5,fixed_hold,0,0.0,-103.75,-103.95,0.010966387903534703,-103.25,2021-12-03,-0.022189671829713098,ENTERED,0.8361795695831842,0.0,2021
SHORT,2021-12-07,15842.5,15842.75,2021-12-07,16343.25,16343.0,{},1,1,NQ,5,fixed_hold,0,0.0,-500.75,-500.95,0.011282048970162242,-500.25,2021-12-06,-0.0358316596677013,ENTERED,0.8133461132341927,0.0,2021
LONG,2021-12-08,16343.5,16343.25,2021-12-08,16376.25,16376.5,{},1,1,NQ,5,fixed_hold,0,0.0,32.75,32.55,0.013360827927041305,33.25,2021-12-07,0.007350335156791621,ENTERED,0.68679955533499,0.0,2021
LONG,2021-12-09,16378.0,16377.75,2021-12-09,16175.25,16175.5,{},1,1,NQ,5,fixed_hold,0,0.0,-202.75,-202.95,0.013026352849938081,-202.25,2021-12-08,0.026852475976987922,ENTERED,0.7045511476220923,0.0,2021
LONG,2021-12-10,16175.5,16175.25,2021-12-10,16322.25,16322.5,{},1,1,NQ,5,fixed_hold,0,0.0,146.75,146.55,0.013341457447733941,147.25,2021-12-09,0.014917413060187013,ENTERED,0.6879107388160979,0.0,2021
LONG,2021-12-13,16361.75,16361.5,2021-12-13,16090.75,16091.0,{},1,1,NQ,5,fixed_hold,0,0.0,-271.0,-271.2,0.013363360638036583,-270.5,2021-12-10,0.040478087649402195,ENTERED,0.6867974783414109,0.0,2021
LONG,2021-12-14,16091.0,16090.75,2021-12-14,15914.25,15914.5,{},1,1,NQ,5,fixed_hold,0,0.0,-176.75,-176.95,0.013759360446376444,-176.25,2021-12-13,0.01570168378860326,ENTERED,0.6670311766407295,0.0,2021
SHORT,2021-12-15,15914.75,15915.0,2021-12-15,16322.75,16322.5,{},1,1,NQ,5,fixed_hold,0,0.0,-408.0,-408.2,0.013846508866515537,-407.5,2021-12-14,-0.026219176405800626,ENTERED,0.6632020059072082,0.0,2021
SHORT,2021-12-16,16323.0,16323.25,2021-12-16,15839.25,15839.0,{},1,1,NQ,5,fixed_hold,0,0.0,483.75,483.55,0.015083415757017169,484.25,2021-12-15,-0.0032974078710346078,ENTERED,0.6088165043659213,0.0,2021
SHORT,2021-12-17,15838.25,15838.5,2021-12-17,15828.75,15828.5,{},1,1,NQ,5,fixed_hold,0,0.0,9.5,9.3,0.01626060091991426,10.0,2021-12-16,-0.020803066365800094,ENTERED,0.5651430372122921,0.0,2021
SHORT,2021-12-20,15707.5,15707.75,2021-12-20,15720.5,15720.25,{},1,1,NQ,5,fixed_hold,0,0.0,-13.0,-13.2,0.01616870682900849,-12.5,2021-12-17,-0.030264971664879736,ENTERED,0.5683550012973342,0.0,2021
SHORT,2021-12-21,15719.75,15720.0,2021-12-21,15961.0,15960.75,{},1,1,NQ,5,fixed_hold,0,0.0,-241.25,-241.45,0.016060662084883784,-240.75,2021-12-20,-0.02304083027779502,ENTERED,0.5723152524401627,0.0,2021
LONG,2021-12-22,15960.75,15960.5,2021-12-22,16185.5,16185.75,{},1,1,NQ,5,fixed_hold,0,0.0,224.75,224.55,0.01646835308908886,225.25,2021-12-21,0.00290615476452305,ENTERED,0.5581470002338262,0.0,2021
SHORT,2021-12-23,16184.75,16185.0,2021-12-23,16303.25,16303.0,{},1,1,NQ,5,fixed_hold,0,0.0,-118.5,-118.7,0.016772171065502738,-118.0,2021-12-22,-0.008378005820186885,ENTERED,0.5480375305101709,0.0,2021
LONG,2021-12-27,16342.25,16342.0,2021-12-27,16554.5,16554.75,{},1,1,NQ,5,fixed_hold,0,0.0,212.25,212.05,0.01685819648735184,212.75,2021-12-23,0.029294778710777125,ENTERED,0.5452409585407643,0.0,2021
LONG,2021-12-28,16555.0,16554.75,2021-12-28,16539.0,16539.25,{},1,1,NQ,5,fixed_hold,0,0.0,-16.0,-16.2,0.016513170258109472,-15.5,2021-12-27,0.045882427267270876,ENTERED,0.5567829249253677,0.0,2021
LONG,2021-12-29,16538.5,16538.25,2021-12-29,16463.25,16463.5,{},1,1,NQ,5,fixed_hold,0,0.0,-75.25,-75.45,0.015647924419763294,-74.75,2021-12-28,0.05209840810419686,ENTERED,0.5875700181992484,0.0,2021
LONG,2021-12-30,16464.0,16463.75,2021-12-30,16437.5,16437.75,{},1,1,NQ,5,fixed_hold,0,0.0,-26.5,-26.7,0.015396180552752572,-26.0,2021-12-29,0.03149914634337314,ENTERED,0.597538248098594,0.0,2021
LONG,2021-12-31,16438.0,16437.75,2021-12-31,16331.25,16331.5,{},1,1,NQ,5,fixed_hold,0,0.0,-106.75,-106.95,0.014832242341036181,-106.25,2021-12-30,0.015569250729808415,ENTERED,0.6202573112932779,0.0,2021
LONG,2022-01-03,16384.5,16384.25,2022-01-03,16483.75,16484.0,{},1,1,NQ,5,fixed_hold,0,0.0,99.25,99.05,0.014935562278312145,99.75,2021-12-31,0.00174814451327987,ENTERED,0.6164467036702577,0.0,2022
SHORT,2022-01-04,16483.75,16484.0,2022-01-04,16232.5,16232.25,{},1,1,NQ,5,fixed_hold,0,0.0,251.25,251.05,0.014475404737546,251.75,2022-01-03,-0.004273697881272742,ENTERED,0.6360428810702956,0.0,2022
SHORT,2022-01-05,16232.25,16232.5,2022-01-05,15785.0,15784.75,{},1,1,NQ,5,fixed_hold,0,0.0,447.25,447.05,0.014894708282453213,447.75,2022-01-04,-0.0185619057696087,ENTERED,0.6184091770819452,0.0,2022
SHORT,2022-01-06,15784.0,15784.25,2022-01-06,15818.0,15817.75,{},1,1,NQ,5,fixed_hold,0,0.0,-34.0,-34.2,0.01443218952175449,-33.5,2022-01-05,-0.04122756400522376,ENTERED,0.6382277808882156,0.0,2022
SHORT,2022-01-07,15817.5,15817.75,2022-01-07,15570.5,15570.25,{},1,1,NQ,5,fixed_hold,0,0.0,247.0,246.8,0.014432741201759962,247.5,2022-01-06,-0.03771805752003765,ENTERED,0.6383550363365809,0.0,2022
SHORT,2022-01-10,15560.0,15560.25,2022-01-10,15628.0,15627.75,{},1,1,NQ,5,fixed_hold,0,0.0,-68.0,-68.2,0.014582544814550695,-67.5,2022-01-07,-0.04661237485840253,ENTERED,0.6317973406872618,0.0,2022
SHORT,2022-01-11,15627.5,15627.75,2022-01-11,15821.0,15820.75,{},1,1,NQ,5,fixed_hold,0,0.0,-193.5,-193.7,0.014419459063165158,-193.0,2022-01-10,-0.051944309633584096,ENTERED,0.6389864111652231,0.0,2022
SHORT,2022-01-12,15820.5,15820.75,2022-01-12,15893.25,15893.0,{},1,1,NQ,5,fixed_hold,0,0.0,-72.75,-72.95,0.01446717514179911,-72.25,2022-01-11,-0.02535076776170897,ENTERED,0.6368788866801498,0.0,2022
LONG,2022-01-13,15893.0,15892.75,2022-01-13,15498.0,15498.25,{},1,1,NQ,5,fixed_hold,0,0.0,-395.0,-395.2,0.014305607048505226,-394.5,2022-01-12,0.006857884983924256,ENTERED,0.6442013361657407,0.0,2022
SHORT,2022-01-14,15497.25,15497.5,2022-01-14,15617.0,15616.75,{},1,1,NQ,5,fixed_hold,0,0.0,-119.75,-119.95,0.013999389143515494,-119.25,2022-01-13,-0.02019882726683664,ENTERED,0.6582923783912247,0.0,2022
LONG,2022-01-17,15583.5,15583.25,2022-01-17,15587.25,15587.5,{},1,1,NQ,5,fixed_hold,0,0.0,3.75,3.55,0.012609763650072554,4.25,2022-01-14,0.0029864645718593597,ENTERED,0.7311790792077012,0.0,2022
SHORT,2022-01-18,15587.5,15587.75,2022-01-18,15194.0,15193.75,{},1,1,NQ,5,fixed_hold,0,0.0,393.5,393.3,0.012612831036853378,394.0,2022-01-17,-0.0025755467037803514,ENTERED,0.7310012595702683,0.0,2022
SHORT,2022-01-19,15193.5,15193.75,2022-01-19,15005.5,15005.25,{},1,1,NQ,5,fixed_hold,0,0.0,188.0,187.8,0.013710340178738288,188.5,2022-01-18,-0.03963149661046428,ENTERED,0.6725128582609906,0.0,2022
SHORT,2022-01-20,15004.0,15004.25,2022-01-20,14744.5,14744.25,{},1,1,NQ,5,fixed_hold,0,0.0,259.5,259.3,0.013305456945575844,260.0,2022-01-19,-0.05585792487258556,ENTERED,0.6929773324620487,0.0,2022
SHORT,2022-01-21,14743.5,14743.75,2022-01-21,14411.25,14411.0,{},1,1,NQ,5,fixed_hold,0,0.0,332.25,332.05,0.013036665259505269,332.75,2022-01-20,-0.048650654106108804,ENTERED,0.7074138060731858,0.0,2022
SHORT,2022-01-24,14549.75,14550.0,2022-01-24,14480.5,14480.25,{},1,1,NQ,5,fixed_hold,0,0.0,69.25,69.05,0.013318131925091051,69.75,2022-01-21,-0.07720876622856876,ENTERED,0.6924632554775996,0.0,2022
SHORT,2022-01-25,14482.0,14482.25,2022-01-25,14192.5,14192.25,{},1,1,NQ,5,fixed_hold,0,0.0,289.5,289.3,0.012330350619656018,290.0,2022-01-24,-0.07990913615357276,ENTERED,0.7480303388114447,0.0,2022
SHORT,2022-01-26,14191.75,14192.0,2022-01-26,14267.5,14267.25,{},1,1,NQ,5,fixed_hold,0,0.0,-75.75,-75.95,0.012559839136704021,-75.25,2022-01-25,-0.07483881988236152,ENTERED,0.7343626181271014,0.0,2022
SHORT,2022-01-27,14266.75,14267.0,2022-01-27,14097.25,14097.0,{},1,1,NQ,5,fixed_hold,0,0.0,169.5,169.3,0.012891494796684196,170.0,2022-01-26,-0.05826619446080483,ENTERED,0.7154895249892418,0.0,2022
SHORT,2022-01-28,14095.75,14096.0,2022-01-28,14430.5,14430.25,{},1,1,NQ,5,fixed_hold,0,0.0,-334.75,-334.95,0.012847353860727606,-334.25,2022-01-27,-0.053032359810368246,ENTERED,0.7179478037634184,0.0,2022
SHORT,2022-01-31,14397.5,14397.75,2022-01-31,14868.75,14868.5,{},1,1,NQ,5,fixed_hold,0,0.0,-471.25,-471.45,0.014676098020983477,-470.75,2022-01-28,-0.00823024054982835,ENTERED,0.6288540601520439,0.0,2022
LONG,2022-02-01,14870.5,14870.25,2022-02-01,15120.75,15121.0,{},1,1,NQ,5,fixed_hold,0,0.0,250.25,250.05,0.016512607811319618,250.75,2022-01-31,0.026812382382900735,ENTERED,0.5589137665680006,0.0,2022
LONG,2022-02-02,15121.25,15121.0,2022-02-02,14765.75,14766.0,{},1,1,NQ,5,fixed_hold,0,0.0,-355.5,-355.7,0.0170727001338066,-355.0,2022-02-01,0.06544064542267791,ENTERED,0.5407486658879864,0.0,2022
LONG,2022-02-03,14766.75,14766.5,2022-02-03,14761.5,14761.75,{},1,1,NQ,5,fixed_hold,0,0.0,-5.25,-5.45,0.016796186135302184,-4.75,2022-02-02,0.034957682805025536,ENTERED,0.5496509592173241,0.0,2022
LONG,2022-02-04,14763.25,14763.0,2022-02-04,14644.75,14645.0,{},1,1,NQ,5,fixed_hold,0,0.0,-118.5,-118.7,0.016761602888534392,-118.0,2022-02-03,0.047155423139675134,ENTERED,0.5508483707223196,0.0,2022
LONG,2022-02-07,14710.0,14709.75,2022-02-07,14611.0,14611.25,{},1,1,NQ,5,fixed_hold,0,0.0,-99.0,-99.2,0.016561707745912074,-98.5,2022-02-04,0.014881932052459357,ENTERED,0.5574969552353503,0.0,2022
SHORT,2022-02-08,14611.5,14611.75,2022-02-08,14778.25,14778.0,{},1,1,NQ,5,fixed_hold,0,0.0,-166.75,-166.95,0.01648049239125202,-166.25,2022-02-07,-0.017301678044187474,ENTERED,0.5604251065579618,0.0,2022
SHORT,2022-02-09,14777.5,14777.75,2022-02-09,15043.5,15043.25,{},1,1,NQ,5,fixed_hold,0,0.0,-266.0,-266.2,0.016433692631101445,-265.5,2022-02-08,-0.022683684941472326,ENTERED,0.5620210814345782,0.0,2022
LONG,2022-02-10,15043.25,15043.0,2022-02-10,14660.75,14661.0,{},1,1,NQ,5,fixed_hold,0,0.0,-382.5,-382.7,0.017051115466980928,-382.0,2022-02-09,0.018776242719761305,ENTERED,0.5418182090477408,0.0,2022
SHORT,2022-02-11,14661.0,14661.25,2022-02-11,14257.0,14256.75,{},1,1,NQ,5,fixed_hold,0,0.0,404.0,403.8,0.017089965236384574,404.5,2022-02-10,-0.006825071553169693,ENTERED,0.540586520616018,0.0,2022
SHORT,2022-02-14,14247.25,14247.5,2022-02-14,14297.75,14297.5,{},1,1,NQ,5,fixed_hold,0,0.0,-50.5,-50.7,0.017725698422591057,-50.0,2022-02-11,-0.026510754523728197,ENTERED,0.5212580625482219,0.0,2022
SHORT,2022-02-15,14297.25,14297.5,2022-02-15,14563.5,14563.25,{},1,1,NQ,5,fixed_hold,0,0.0,-266.25,-266.45,0.017799272956709605,-265.75,2022-02-14,-0.02147317991273867,ENTERED,0.5191034060518135,0.0,2022
SHORT,2022-02-16,14562.75,14563.0,2022-02-16,14572.25,14572.0,{},1,1,NQ,5,fixed_hold,0,0.0,-9.5,-9.7,0.01782574002427237,-9.0,2022-02-15,-0.01453173636486671,ENTERED,0.5188163060184873,0.0,2022
SHORT,2022-02-17,14572.75,14573.0,2022-02-17,14174.5,14174.25,{},1,1,NQ,5,fixed_hold,0,0.0,398.25,398.05,0.017679852165704262,398.75,2022-02-16,-0.031326342379472516,ENTERED,0.5230973938446669,0.0,2022
SHORT,2022-02-18,14173.0,14173.25,2022-02-18,13994.0,13993.75,{},1,1,NQ,5,fixed_hold,0,0.0,179.0,178.8,0.01826850077458365,179.5,2022-02-17,-0.03320032739922252,ENTERED,0.5063582931096834,0.0,2022
SHORT,2022-02-21,13851.5,13851.75,2022-02-21,13680.25,13680.0,{},1,1,NQ,5,fixed_hold,0,0.0,171.25,171.05,0.017818755125891525,171.75,2022-02-18,-0.018447402107773625,ENTERED,0.5191387840809267,0.0,2022
SHORT,2022-02-22,13679.5,13679.75,2022-02-22,13973.0,13972.75,{},1,1,NQ,5,fixed_hold,0,0.0,-293.5,-293.7,0.01796663319992936,-293.0,2022-02-21,-0.03338070851956476,ENTERED,0.5157183443709856,0.0,2022
SHORT,2022-02-23,13973.25,13973.5,2022-02-23,13500.5,13500.25,{},1,1,NQ,5,fixed_hold,0,0.0,472.75,472.55,0.018194936763260533,473.25,2022-02-22,-0.030711522435895477,ENTERED,0.5092472949121662,0.0,2022
SHORT,2022-02-24,13499.5,13499.75,2022-02-24,13860.5,13860.25,{},1,1,NQ,5,fixed_hold,0,0.0,-361.0,-361.2,0.01962871622829282,-360.5,2022-02-23,-0.06405115093433744,ENTERED,0.47216864225313115,0.0,2022
SHORT,2022-02-25,13860.0,13860.25,2022-02-25,14188.0,14187.75,{},1,1,NQ,5,fixed_hold,0,0.0,-328.0,-328.2,0.020486461516942653,-327.5,2022-02-24,-0.012128533290696186,ENTERED,0.45239946796181346,0.0,2022
LONG,2022-02-28,13854.0,13853.75,2022-02-28,14256.0,14256.25,{},1,1,NQ,5,fixed_hold,0,0.0,402.0,401.8,0.020485786112871936,402.5,2022-02-25,0.02425686285126427,ENTERED,0.4527095014251266,0.0,2022
LONG,2022-03-01,14258.5,14258.25,2022-03-01,14052.25,14052.5,{},1,1,NQ,5,fixed_hold,0,0.0,-206.25,-206.45,0.02038444653950546,-205.75,2022-02-28,0.06724808997025633,ENTERED,0.4549601088990387,0.0,2022
LONG,2022-03-02,14053.0,14052.75,2022-03-02,14205.75,14206.0,{},1,1,NQ,5,fixed_hold,0,0.0,152.75,152.55,0.02019539432539399,153.25,2022-03-01,0.02995413665220914,ENTERED,0.45924406144230445,0.0,2022
LONG,2022-03-03,14206.0,14205.75,2022-03-03,14079.25,14079.5,{},1,1,NQ,5,fixed_hold,0,0.0,-126.75,-126.95,0.01970809625452023,-126.25,2022-03-02,0.07764614683107407,ENTERED,0.4705992295067865,0.0,2022
LONG,2022-03-04,14082.25,14082.0,2022-03-04,13798.5,13798.75,{},1,1,NQ,5,fixed_hold,0,0.0,-283.75,-283.95,0.019807572245050187,-283.25,2022-03-03,0.040308984743612664,ENTERED,0.468298334832081,0.0,2022
SHORT,2022-03-07,13583.25,13583.5,2022-03-07,13269.5,13269.25,{},1,1,NQ,5,fixed_hold,0,0.0,313.75,313.55,0.020223469399991423,314.25,2022-03-04,-0.003970044211855872,ENTERED,0.45866774468613586,0.0,2022
SHORT,2022-03-08,13270.0,13270.25,2022-03-08,13251.25,13251.0,{},1,1,NQ,5,fixed_hold,0,0.0,18.75,18.55,0.020817528864972578,19.25,2022-03-07,-0.05448345399709742,ENTERED,0.44565492352364444,0.0,2022
SHORT,2022-03-09,13249.5,13249.75,2022-03-09,13747.0,13746.75,{},1,1,NQ,5,fixed_hold,0,0.0,-497.5,-497.7,0.020574953704647885,-497.0,2022-03-08,-0.04209350211122087,ENTERED,0.45090911831188424,0.0,2022
SHORT,2022-03-10,13746.5,13746.75,2022-03-10,13596.5,13596.25,{},1,1,NQ,5,fixed_hold,0,0.0,150.0,149.8,0.022015867876414213,150.5,2022-03-09,-0.016993739975012523,ENTERED,0.4216783081273106,0.0,2022
SHORT,2022-03-11,13596.0,13596.25,2022-03-11,13302.0,13301.75,{},1,1,NQ,5,fixed_hold,0,0.0,294.0,293.8,0.02142882389230461,294.5,2022-03-10,-0.019020416776200477,ENTERED,0.43323021201432466,0.0,2022
SHORT,2022-03-14,13370.0,13370.25,2022-03-14,13106.25,13106.0,{},1,1,NQ,5,fixed_hold,0,0.0,263.75,263.55,0.021081826685998034,264.25,2022-03-11,-0.020742076784333707,ENTERED,0.4409412411543832,0.0,2022
SHORT,2022-03-15,13107.5,13107.75,2022-03-15,13458.0,13457.75,{},1,1,NQ,5,fixed_hold,0,0.0,-350.5,-350.7,0.0212879552935163,-350.0,2022-03-14,-0.012302880720462595,ENTERED,0.4366716622876796,0.0,2022
LONG,2022-03-16,13454.0,13453.75,2022-03-16,13978.0,13978.25,{},1,1,NQ,5,fixed_hold,0,0.0,524.0,523.8,0.021775149238803016,524.5,2022-03-15,0.015602596030488414,ENTERED,0.42699166425440077,0.0,2022
LONG,2022-03-17,13977.5,13977.25,2022-03-17,14023.5,14023.75,{},1,1,NQ,5,fixed_hold,0,0.0,46.0,45.8,0.023537244333105837,46.5,2022-03-16,0.016840344081328507,ENTERED,0.3950253088797997,0.0,2022
LONG,2022-03-18,14024.0,14023.75,2022-03-18,14435.0,14435.25,{},1,1,NQ,5,fixed_hold,0,0.0,411.0,410.8,0.022599527768951435,411.5,2022-03-17,0.031442493334559174,ENTERED,0.4115039092567771,0.0,2022
LONG,2022-03-21,14405.25,14405.0,2022-03-21,14341.25,14341.5,{},1,1,NQ,5,fixed_hold,0,0.0,-64.0,-64.2,0.02308964294039328,-63.5,2022-03-18,0.08521435149510426,ENTERED,0.40276907045675625,0.0,2022
LONG,2022-03-22,14341.0,14340.75,2022-03-22,14666.25,14666.5,{},1,1,NQ,5,fixed_hold,0,0.0,325.25,325.05,0.022901862480568868,325.75,2022-03-21,0.09426980009156116,ENTERED,0.4061760948797164,0.0,2022
LONG,2022-03-23,14666.25,14666.0,2022-03-23,14474.25,14474.5,{},1,1,NQ,5,fixed_hold,0,0.0,-192.0,-192.2,0.02295226718340615,-191.5,2022-03-22,0.08981813453214671,ENTERED,0.40528410520399405,0.0,2022
LONG,2022-03-24,14475.0,14474.75,2022-03-24,14749.5,14749.75,{},1,1,NQ,5,fixed_hold,0,0.0,274.5,274.3,0.021548730173732267,275.0,2022-03-23,0.03550158281616089,ENTERED,0.43201908708077036,0.0,2022
LONG,2022-03-25,14750.75,14750.5,2022-03-25,14752.25,14752.5,{},1,1,NQ,5,fixed_hold,0,0.0,1.5,1.3,0.02122231613838592,2.0,2022-03-24,0.05176931990373479,ENTERED,0.4386638421886077,0.0,2022
LONG,2022-03-28,14720.25,14720.0,2022-03-28,14972.5,14972.75,{},1,1,NQ,5,fixed_hold,0,0.0,252.25,252.05,0.020800641883411665,252.75,2022-03-25,0.02197745103132953,ENTERED,0.4484811090740368,0.0,2022
LONG,2022-03-29,14974.0,14973.75,2022-03-29,15222.0,15222.25,{},1,1,NQ,5,fixed_hold,0,0.0,248.0,247.8,0.020139567208135045,248.5,2022-03-28,0.04401561900777473,ENTERED,0.46320235409806393,0.0,2022
LONG,2022-03-30,15221.5,15221.25,2022-03-30,15103.5,15103.75,{},1,1,NQ,5,fixed_hold,0,0.0,-118.0,-118.2,0.019893562671278026,-117.5,2022-03-29,0.03789247605086432,ENTERED,0.46907524409361423,0.0,2022
LONG,2022-03-31,15104.25,15104.0,2022-03-31,14911.75,14912.0,{},1,1,NQ,5,fixed_hold,0,0.0,-192.5,-192.7,0.02003879702594758,-192.0,2022-03-30,0.04347300424885181,ENTERED,0.46567554698209673,0.0,2022
LONG,2022-04-01,14913.0,14912.75,2022-04-01,14852.0,14852.25,{},1,1,NQ,5,fixed_hold,0,0.0,-61.0,-61.2,0.020185141970326642,-60.5,2022-03-31,0.011000186443838267,ENTERED,0.46300605119656074,0.0,2022
LONG,2022-04-04,14819.5,14819.25,2022-04-04,15151.75,15152.0,{},1,1,NQ,5,fixed_hold,0,0.0,332.25,332.05,0.019499241333241404,332.75,2022-04-01,0.006761565836298944,ENTERED,0.47929264102139935,0.0,2022
LONG,2022-04-05,15152.25,15152.0,2022-04-05,14834.5,14834.75,{},1,1,NQ,5,fixed_hold,0,0.0,-317.75,-317.95,0.018636832620143137,-317.25,2022-04-04,0.011971748676762761,ENTERED,0.5016772725508318,0.0,2022
SHORT,2022-04-06,14835.25,14835.5,2022-04-06,14449.25,14449.0,{},1,1,NQ,5,fixed_hold,0,0.0,386.0,385.8,0.019579102596971956,386.5,2022-04-05,-0.02545615792671907,ENTERED,0.4775333962091692,0.0,2022
SHORT,2022-04-07,14447.75,14448.0,2022-04-07,14566.0,14565.75,{},1,1,NQ,5,fixed_hold,0,0.0,-118.25,-118.45,0.019330611510404088,-117.75,2022-04-06,-0.04335016138376235,ENTERED,0.4845587837472928,0.0,2022
SHORT,2022-04-08,14566.25,14566.5,2022-04-08,14328.25,14328.0,{},1,1,NQ,5,fixed_hold,0,0.0,238.0,237.8,0.019091834354427545,238.5,2022-04-07,-0.02321955472102999,ENTERED,0.4906190483682143,0.0,2022
SHORT,2022-04-11,14312.75,14313.0,2022-04-11,13983.5,13983.25,{},1,1,NQ,5,fixed_hold,0,0.0,329.25,329.05,0.018754120814864446,329.75,2022-04-08,-0.03529768216936824,ENTERED,0.5006890730012208,0.0,2022
SHORT,2022-04-12,13982.0,13982.25,2022-04-12,13997.0,13996.75,{},1,1,NQ,5,fixed_hold,0,0.0,-15.0,-15.2,0.0193490463594492,-14.5,2022-04-11,-0.07713503167898628,ENTERED,0.4852943753045345,0.0,2022
SHORT,2022-04-13,13996.0,13996.25,2022-04-13,14215.25,14215.0,{},1,1,NQ,5,fixed_hold,0,0.0,-219.25,-219.45,0.018549407367475537,-218.75,2022-04-12,-0.05648898700685889,ENTERED,0.5062417911503883,0.0,2022
SHORT,2022-04-14,14217.0,14217.25,2022-04-14,13892.5,13892.25,{},1,1,NQ,5,fixed_hold,0,0.0,324.5,324.3,0.016790342269290975,325.0,2022-04-13,-0.016194892380095527,ENTERED,0.5592789628633084,0.0,2022
SHORT,2022-04-18,13736.5,13736.75,2022-04-18,14016.75,14016.5,{},1,1,NQ,5,fixed_hold,0,0.0,-280.25,-280.45,0.01758914708769118,-279.75,2022-04-14,-0.046238607692703715,ENTERED,0.534065938478007,0.0,2022
SHORT,2022-04-19,14016.25,14016.5,2022-04-19,14079.25,14079.0,{},1,1,NQ,5,fixed_hold,0,0.0,-63.0,-63.2,0.016892936856052317,-62.5,2022-04-18,-0.010666752526776402,ENTERED,0.5560764493741621,0.0,2022
LONG,2022-04-20,14079.25,14079.0,2022-04-20,14083.25,14083.5,{},1,1,NQ,5,fixed_hold,0,0.0,4.0,3.8,0.016875228512570478,4.5,2022-04-19,0.018244990953522944,ENTERED,0.5575821357028559,0.0,2022
LONG,2022-04-21,14083.25,14083.0,2022-04-21,13681.5,13681.75,{},1,1,NQ,5,fixed_hold,0,0.0,-401.75,-401.95,0.015997084203082112,-401.25,2022-04-20,0.017588026488118746,ENTERED,0.5881900623302282,0.0,2022
SHORT,2022-04-22,13682.5,13682.75,2022-04-22,13315.75,13315.5,{},1,1,NQ,5,fixed_hold,0,0.0,366.75,366.55,0.01693835377925227,367.25,2022-04-21,-0.026617840306715546,ENTERED,0.5556791874579469,0.0,2022
SHORT,2022-04-25,13327.75,13328.0,2022-04-25,13524.75,13524.5,{},1,1,NQ,5,fixed_hold,0,0.0,-197.0,-197.2,0.017026011589747585,-196.5,2022-04-22,-0.03066591442662958,ENTERED,0.5528182930756295,0.0,2022
SHORT,2022-04-26,13523.75,13524.0,2022-04-26,12997.0,12996.75,{},1,1,NQ,5,fixed_hold,0,0.0,526.75,526.55,0.017589931635476255,527.25,2022-04-25,-0.035101487532551046,ENTERED,0.5353351833153634,0.0,2022
SHORT,2022-04-27,12997.0,12997.25,2022-04-27,13172.5,13172.25,{},1,1,NQ,5,fixed_hold,0,0.0,-175.5,-175.7,0.018696340715317426,-175.0,2022-04-26,-0.07686980609418281,ENTERED,0.5036552029065073,0.0,2022
SHORT,2022-04-28,13173.5,13173.75,2022-04-28,13248.75,13248.5,{},1,1,NQ,5,fixed_hold,0,0.0,-75.25,-75.45,0.01850419005843164,-74.75,2022-04-27,-0.06470337629140499,ENTERED,0.5091099054478705,0.0,2022
SHORT,2022-04-29,13246.25,13246.5,2022-04-29,12890.75,12890.5,{},1,1,NQ,5,fixed_hold,0,0.0,355.5,355.3,0.018701812512386593,356.0,2022-04-28,-0.031666270762146786,ENTERED,0.5037301301570667,0.0,2022
SHORT,2022-05-02,12880.25,12880.5,2022-05-02,13056.5,13056.25,{},1,1,NQ,5,fixed_hold,0,0.0,-176.25,-176.45,0.01924607797522077,-175.75,2022-04-29,-0.03191768991025523,ENTERED,0.4901143774790741,0.0,2022
SHORT,2022-05-03,13056.0,13056.25,2022-05-03,13120.25,13120.0,{},1,1,NQ,5,fixed_hold,0,0.0,-64.25,-64.45,0.019725536899619218,-63.75,2022-05-02,-0.03462235202780184,ENTERED,0.47820140834397956,0.0,2022
LONG,2022-05-04,13118.75,13118.5,2022-05-04,13511.75,13512.0,{},1,1,NQ,5,fixed_hold,0,0.0,393.0,392.8,0.018951351982115706,393.5,2022-05-03,0.009483140015772884,ENTERED,0.4983770988077909,0.0,2022
LONG,2022-05-05,13512.5,13512.25,2022-05-05,12884.25,12884.5,{},1,1,NQ,5,fixed_hold,0,0.0,-628.25,-628.45,0.020266532799641065,-627.75,2022-05-04,0.025792859989751005,ENTERED,0.4660353062216631,0.0,2022
SHORT,2022-05-06,12884.5,12884.75,2022-05-06,12663.75,12663.5,{},1,1,NQ,5,fixed_hold,0,0.0,220.75,220.55,0.02188975477074314,221.25,2022-05-05,-0.027474808468883394,ENTERED,0.43153497290611403,0.0,2022
SHORT,2022-05-09,12577.75,12578.0,2022-05-09,12235.75,12235.5,{},1,1,NQ,5,fixed_hold,0,0.0,342.0,341.8,0.021827868189105346,342.5,2022-05-06,-0.017609867732050755,ENTERED,0.4327584650079972,0.0,2022
SHORT,2022-05-10,12234.75,12235.0,2022-05-10,12339.0,12338.75,{},1,1,NQ,5,fixed_hold,0,0.0,-104.25,-104.45,0.022591422905675135,-103.75,2022-05-09,-0.06286261369076107,ENTERED,0.41840191367967816,0.0,2022
SHORT,2022-05-11,12338.5,12338.75,2022-05-11,12009.0,12008.75,{},1,1,NQ,5,fixed_hold,0,0.0,329.5,329.3,0.022472652489064493,330.0,2022-05-10,-0.05954649390243916,ENTERED,0.42061321337483465,0.0,2022
SHORT,2022-05-12,12007.5,12007.75,2022-05-12,12023.25,12023.0,{},1,1,NQ,5,fixed_hold,0,0.0,-15.75,-15.95,0.022907337297251393,-15.25,2022-05-11,-0.11125296033155718,ENTERED,0.4129914508426235,0.0,2022
SHORT,2022-05-13,12022.5,12022.75,2022-05-13,12364.25,12364.0,{},1,1,NQ,5,fixed_hold,0,0.0,-341.75,-341.95,0.022386051389414914,-341.25,2022-05-12,-0.0668632853428539,ENTERED,0.4226084493760495,0.0,2022
SHORT,2022-05-16,12467.75,12468.0,2022-05-16,12268.0,12267.75,{},1,1,NQ,5,fixed_hold,0,0.0,199.75,199.55,0.023452300665698863,200.25,2022-05-13,-0.02365064950448137,ENTERED,0.4035823339235234,0.0,2022
SHORT,2022-05-17,12267.75,12268.0,2022-05-17,12563.25,12563.0,{},1,1,NQ,5,fixed_hold,0,0.0,-295.5,-295.7,0.02278477748796001,-295.0,2022-05-16,-0.005727566825087238,ENTERED,0.41540604219376004,0.0,2022
LONG,2022-05-18,12562.5,12562.25,2022-05-18,11826.25,11826.5,{},1,1,NQ,5,fixed_hold,0,0.0,-736.25,-736.45,0.02369864171582443,-735.75,2022-05-17,0.009681497022205665,ENTERED,0.3994197043593148,0.0,2022
SHORT,2022-05-19,11826.0,11826.25,2022-05-19,11933.75,11933.5,{},1,1,NQ,5,fixed_hold,0,0.0,-107.75,-107.95,0.026404624120787673,-107.25,2022-05-18,-0.023391195711045976,ENTERED,0.35848662054612684,0.0,2022
SHORT,2022-05-20,11935.0,11935.25,2022-05-20,11838.25,11838.0,{},1,1,NQ,5,fixed_hold,0,0.0,96.75,96.55,0.026261651026875103,97.25,2022-05-19,-0.01572332582206426,ENTERED,0.36062307264541443,0.0,2022
SHORT,2022-05-23,11971.5,11971.75,2022-05-23,11888.75,11888.5,{},1,1,NQ,5,fixed_hold,0,0.0,82.75,82.55,0.025846195997094576,83.25,2022-05-20,-0.050529355149181776,ENTERED,0.366419773614574,0.0,2022
SHORT,2022-05-24,11887.5,11887.75,2022-05-24,11854.5,11854.25,{},1,1,NQ,5,fixed_hold,0,0.0,33.0,32.8,0.025338695701490645,33.5,2022-05-23,-0.04174114404118301,ENTERED,0.37402391603343155,0.0,2022
SHORT,2022-05-25,11853.75,11854.0,2022-05-25,11893.0,11892.75,{},1,1,NQ,5,fixed_hold,0,0.0,-39.25,-39.45,0.02420497979090711,-38.75,2022-05-24,-0.06695751605572176,ENTERED,0.3915424956070925,0.0,2022
SHORT,2022-05-26,11891.75,11892.0,2022-05-26,12290.5,12290.25,{},1,1,NQ,5,fixed_hold,0,0.0,-398.75,-398.95,0.02389265448015016,-398.25,2022-05-25,-0.005632892350435403,ENTERED,0.39701823128148167,0.0,2022
LONG,2022-05-27,12290.5,12290.25,2022-05-27,12717.25,12717.5,{},1,1,NQ,5,fixed_hold,0,0.0,426.75,426.55,0.025352384874672996,427.25,2022-05-26,0.018388710369437566,ENTERED,0.37415885997396275,0.0,2022
LONG,2022-05-30,12737.0,12736.75,2022-05-30,12815.0,12815.25,{},1,1,NQ,5,fixed_hold,0,0.0,78.0,77.8,0.02620269911728657,78.5,2022-05-27,0.06229248021383671,ENTERED,0.3620462123136202,0.0,2022
LONG,2022-05-31,12815.75,12815.5,2022-05-31,12704.25,12704.5,{},1,1,NQ,5,fixed_hold,0,0.0,-111.5,-111.7,0.0260805888022556,-111.0,2022-05-30,0.07795348445977202,ENTERED,0.3637413265373283,0.0,2022
LONG,2022-06-01,12705.0,12704.75,2022-06-01,12508.75,12509.0,{},1,1,NQ,5,fixed_hold,0,0.0,-196.25,-196.45,0.02607943732701113,-195.75,2022-05-31,0.07172533057764086,ENTERED,0.36381833206137093,0.0,2022
LONG,2022-06-02,12509.75,12509.5,2022-06-02,12922.0,12922.25,{},1,1,NQ,5,fixed_hold,0,0.0,412.25,412.05,0.02508894852562371,412.75,2022-06-01,0.05181728363919191,ENTERED,0.37818154793222336,0.0,2022
LONG,2022-06-03,12921.0,12920.75,2022-06-03,12549.25,12549.5,{},1,1,NQ,5,fixed_hold,0,0.0,-371.75,-371.95,0.024384544983118133,-371.25,2022-06-02,0.051422875856878436,ENTERED,0.38925291126458933,0.0,2022
SHORT,2022-06-06,12549.0,12549.25,2022-06-06,12603.25,12603.0,{},1,1,NQ,5,fixed_hold,0,0.0,-54.25,-54.45,0.024937492285537696,-53.75,2022-06-03,-0.013210143503047056,ENTERED,0.3806218771261832,0.0,2022
SHORT,2022-06-07,12603.25,12603.5,2022-06-07,12671.25,12671.0,{},1,1,NQ,5,fixed_hold,0,0.0,-68.0,-68.2,0.023737008990820395,-67.5,2022-06-06,-0.01656229882366711,ENTERED,0.3999391321309654,0.0,2022
SHORT,2022-06-08,12671.0,12671.25,2022-06-08,12624.5,12624.25,{},1,1,NQ,5,fixed_hold,0,0.0,46.5,46.3,0.02369497571180535,47.0,2022-06-07,-0.002636860954779885,ENTERED,0.40064859701222794,0.0,2022
LONG,2022-06-09,12625.0,12624.75,2022-06-09,12288.0,12288.25,{},1,1,NQ,5,fixed_hold,0,0.0,-337.0,-337.2,0.022839122408450097,-336.5,2022-06-08,0.009213366376209065,ENTERED,0.4157752095234003,0.0,2022
SHORT,2022-06-10,12288.0,12288.25,2022-06-10,11859.0,11858.75,{},1,1,NQ,5,fixed_hold,0,0.0,429.0,428.8,0.023706100658494263,429.5,2022-06-09,-0.04906266323589159,ENTERED,0.4005695007163223,0.0,2022
SHORT,2022-06-13,11666.5,11666.75,2022-06-13,11341.25,11341.0,{},1,1,NQ,5,fixed_hold,0,0.0,325.25,325.05,0.02399829623702719,325.75,2022-06-10,-0.05504203354715331,ENTERED,0.39571649531840386,0.0,2022
SHORT,2022-06-14,11340.25,11340.5,2022-06-14,11398.25,11398.0,{},1,1,NQ,5,fixed_hold,0,0.0,-58.0,-58.2,0.02448518095699026,-57.5,2022-06-13,-0.08532578560610493,ENTERED,0.3878477229639621,0.0,2022
SHORT,2022-06-15,11431.0,11431.25,2022-06-15,11726.25,11726.0,{},1,1,NQ,5,fixed_hold,0,0.0,-295.25,-295.45,0.023720045719806054,-294.75,2022-06-14,-0.08566197029052514,ENTERED,0.40036480659380075,0.0,2022
SHORT,2022-06-16,11725.0,11725.25,2022-06-16,11193.75,11193.5,{},1,1,NQ,5,fixed_hold,0,0.0,531.25,531.05,0.021097055323662402,531.75,2022-06-15,-0.05586667891166286,ENTERED,0.4501420397923885,0.0,2022
SHORT,2022-06-17,11191.75,11192.0,2022-06-17,11308.0,11307.75,{},1,1,NQ,5,fixed_hold,0,0.0,-116.25,-116.45,0.023275174834298695,-115.75,2022-06-16,-0.07409828797644247,ENTERED,0.40813910617250176,0.0,2022
SHORT,2022-06-20,11427.75,11428.0,2022-06-20,11424.5,11424.25,{},1,1,NQ,5,fixed_hold,0,0.0,3.25,3.05,0.023411935100692012,3.75,2022-06-17,-0.03077120877707995,ENTERED,0.4057549712154545,0.0,2022
SHORT,2022-06-21,11423.75,11424.0,2022-06-21,11575.25,11575.0,{},1,1,NQ,5,fixed_hold,0,0.0,-151.5,-151.7,0.023381635390216933,-151.0,2022-06-20,-0.0032590195746229345,ENTERED,0.40676016830750106,0.0,2022
LONG,2022-06-22,11576.5,11576.25,2022-06-22,11486.0,11486.25,{},1,1,NQ,5,fixed_hold,0,0.0,-90.5,-90.7,0.023604859160635587,-90.0,2022-06-21,0.004843236272622731,ENTERED,0.40291356461426037,0.0,2022
SHORT,2022-06-23,11484.5,11484.75,2022-06-23,11696.0,11695.75,{},1,1,NQ,5,fixed_hold,0,0.0,-211.5,-211.7,0.023636434936815325,-211.0,2022-06-22,-0.03075327732093147,ENTERED,0.40246194060937907,0.0,2022
LONG,2022-06-24,11695.75,11695.5,2022-06-24,12132.5,12132.75,{},1,1,NQ,5,fixed_hold,0,0.0,436.75,436.55,0.022691252070661756,437.25,2022-06-23,0.03387525144951109,ENTERED,0.41922611604396126,0.0,2022
LONG,2022-06-27,12093.25,12093.0,2022-06-27,12067.25,12067.5,{},1,1,NQ,5,fixed_hold,0,0.0,-26.0,-26.2,0.022918983444131694,-25.5,2022-06-24,0.06166870843542149,ENTERED,0.41519656104108765,0.0,2022
LONG,2022-06-28,12067.0,12066.75,2022-06-28,11688.25,11688.5,{},1,1,NQ,5,fixed_hold,0,0.0,-378.75,-378.95,0.02281993627228451,-378.25,2022-06-27,0.056305665579797326,ENTERED,0.41699867146949154,0.0,2022
LONG,2022-06-29,11686.25,11686.0,2022-06-29,11677.25,11677.5,{},1,1,NQ,5,fixed_hold,0,0.0,-9.0,-9.2,0.023695115074737566,-8.5,2022-06-28,0.009805615550755764,ENTERED,0.40160279439834157,0.0,2022
LONG,2022-06-30,11677.25,11677.0,2022-06-30,11544.25,11544.5,{},1,1,NQ,5,fixed_hold,0,0.0,-133.0,-133.2,0.023536676425032453,-132.5,2022-06-29,0.016650342801175055,ENTERED,0.40430620941383627,0.0,2022
SHORT,2022-07-01,11544.75,11545.0,2022-07-01,11610.75,11610.5,{},1,1,NQ,5,fixed_hold,0,0.0,-66.0,-66.2,0.02201559675844237,-65.5,2022-06-30,-0.012932047966141558,ENTERED,0.432808948660609,0.0,2022
SHORT,2022-07-04,11570.0,11570.25,2022-07-04,11696.75,11696.5,{},1,1,NQ,5,fixed_hold,0,0.0,-126.75,-126.95,0.0214018482129607,-126.25,2022-07-01,-0.04304465187199946,ENTERED,0.4452207674936682,0.0,2022
SHORT,2022-07-05,11695.25,11695.5,2022-07-05,11784.0,11783.75,{},1,1,NQ,5,fixed_hold,0,0.0,-88.75,-88.95,0.02147234036689665,-88.25,2022-07-04,-0.03074373316759904,ENTERED,0.4438523793431624,0.0,2022
LONG,2022-07-06,11784.0,11783.75,2022-07-06,11898.0,11898.25,{},1,1,NQ,5,fixed_hold,0,0.0,114.0,113.8,0.0215208247725845,114.5,2022-07-05,0.008149035376652014,ENTERED,0.44285242143945763,0.0,2022
LONG,2022-07-07,11897.75,11897.5,2022-07-07,12104.5,12104.75,{},1,1,NQ,5,fixed_hold,0,0.0,206.75,206.55,0.02170995596393971,207.25,2022-07-06,0.018903874973238866,ENTERED,0.43902488966729003,0.0,2022
LONG,2022-07-08,12104.75,12104.5,2022-07-08,12160.0,12160.25,{},1,1,NQ,5,fixed_hold,0,0.0,55.25,55.05,0.02135700210577872,55.75,2022-07-07,0.048529602841179464,ENTERED,0.4462803802960448,0.0,2022
LONG,2022-07-11,12117.5,12117.25,2022-07-11,11903.25,11903.5,{},1,1,NQ,5,fixed_hold,0,0.0,-214.25,-214.45,0.019744448093692822,-213.75,2022-07-08,0.047349382024890696,ENTERED,0.4828528922008811,0.0,2022
LONG,2022-07-12,11904.0,11903.75,2022-07-12,11772.5,11772.75,{},1,1,NQ,5,fixed_hold,0,0.0,-131.5,-131.7,0.019259102849992528,-131.0,2022-07-11,0.0176976018467061,ENTERED,0.4950211825133616,0.0,2022
SHORT,2022-07-13,11773.5,11773.75,2022-07-13,11676.0,11675.75,{},1,1,NQ,5,fixed_hold,0,0.0,97.5,97.3,0.01946146726588763,98.0,2022-07-12,-0.0009334889148193692,ENTERED,0.490434771111133,0.0,2022
SHORT,2022-07-14,11674.75,11675.0,2022-07-14,11862.5,11862.25,{},1,1,NQ,5,fixed_hold,0,0.0,-187.75,-187.95,0.01844125726085547,-187.25,2022-07-13,-0.018700229025276793,ENTERED,0.5175666772076496,0.0,2022
SHORT,2022-07-15,11861.75,11862.0,2022-07-15,12019.5,12019.25,{},1,1,NQ,5,fixed_hold,0,0.0,-157.75,-157.95,0.01545333719885508,-157.25,2022-07-14,-0.020033457940065058,ENTERED,0.618220436506159,0.0,2022
SHORT,2022-07-18,12058.5,12058.75,2022-07-18,11940.25,11940.0,{},1,1,NQ,5,fixed_hold,0,0.0,118.25,118.05,0.015547496713803607,118.75,2022-07-15,-0.011595156349581637,ENTERED,0.6144763394657007,0.0,2022
LONG,2022-07-19,11940.25,11940.0,2022-07-19,12312.75,12313.0,{},1,1,NQ,5,fixed_hold,0,0.0,372.5,372.3,0.015673066039605426,373.0,2022-07-18,0.003066325030453232,ENTERED,0.6095812584158179,0.0,2022
LONG,2022-07-20,12313.0,12312.75,2022-07-20,12435.25,12435.5,{},1,1,NQ,5,fixed_hold,0,0.0,122.25,122.05,0.01680976099078613,122.75,2022-07-19,0.04588987279947321,ENTERED,0.5683606878702021,0.0,2022
LONG,2022-07-21,12435.5,12435.25,2022-07-21,12547.5,12547.75,{},1,1,NQ,5,fixed_hold,0,0.0,112.0,111.8,0.016669708100948664,112.5,2022-07-20,0.06507076633192721,ENTERED,0.5735134238616834,0.0,2022
LONG,2022-07-22,12548.25,12548.0,2022-07-22,12428.75,12429.0,{},1,1,NQ,5,fixed_hold,0,0.0,-119.5,-119.7,0.01638355112476353,-119.0,2022-07-21,0.05778836224156447,ENTERED,0.583530474861438,0.0,2022
LONG,2022-07-25,12404.25,12404.0,2022-07-25,12298.25,12298.5,{},1,1,NQ,5,fixed_hold,0,0.0,-106.0,-106.2,0.01455589475084186,-105.5,2022-07-22,0.03409114545416725,ENTERED,0.6568388729239389,0.0,2022
LONG,2022-07-26,12299.0,12298.75,2022-07-26,12280.0,12280.25,{},1,1,NQ,5,fixed_hold,0,0.0,-19.0,-19.2,0.014723791205370075,-18.5,2022-07-25,0.030025125628140747,ENTERED,0.6493488918163547,0.0,2022
SHORT,2022-07-27,12280.25,12280.5,2022-07-27,12577.0,12576.75,{},1,1,NQ,5,fixed_hold,0,0.0,-296.75,-296.95,0.012622305991212428,-296.25,2022-07-26,-0.002659790465361911,ENTERED,0.7574664883909079,0.0,2022
LONG,2022-07-28,12576.75,12576.5,2022-07-28,12892.75,12893.0,{},1,1,NQ,5,fixed_hold,0,0.0,316.0,315.8,0.013474947775457376,316.5,2022-07-27,0.011358610429817784,ENTERED,0.7095369832878384,0.0,2022
LONG,2022-07-29,12892.75,12892.5,2022-07-29,12976.75,12977.0,{},1,1,NQ,5,fixed_hold,0,0.0,84.0,83.8,0.01378010844380176,84.5,2022-07-28,0.027514893108326,ENTERED,0.6939112087725263,0.0,2022
LONG,2022-08-01,12919.75,12919.5,2022-08-01,12951.75,12952.0,{},1,1,NQ,5,fixed_hold,0,0.0,32.0,31.8,0.013781533017224583,32.5,2022-07-29,0.04409043366320664,ENTERED,0.6938394803614286,0.0,2022
LONG,2022-08-02,12951.75,12951.5,2022-08-02,12903.0,12903.25,{},1,1,NQ,5,fixed_hold,0,0.0,-48.75,-48.95,0.013877265746353784,-48.25,2022-08-01,0.05313656136927247,ENTERED,0.6892358736861404,0.0,2022
LONG,2022-08-03,12903.0,12902.75,2022-08-03,13234.0,13234.25,{},1,1,NQ,5,fixed_hold,0,0.0,331.0,330.8,0.014007488632434124,331.5,2022-08-02,0.05073186620793502,ENTERED,0.6828282807894601,0.0,2022
LONG,2022-08-04,13234.25,13234.0,2022-08-04,13333.25,13333.5,{},1,1,NQ,5,fixed_hold,0,0.0,99.0,98.8,0.014745222050051868,99.5,2022-08-03,0.05227900689764842,ENTERED,0.6488346514046062,0.0,2022
LONG,2022-08-05,13333.75,13333.5,2022-08-05,13216.25,13216.5,{},1,1,NQ,5,fixed_hold,0,0.0,-117.5,-117.7,0.01448841433322628,-117.0,2022-08-04,0.03416582641743582,ENTERED,0.6603352712510735,0.0,2022
LONG,2022-08-08,13178.0,13177.75,2022-08-08,13220.5,13220.75,{},1,1,NQ,5,fixed_hold,0,0.0,42.5,42.3,0.014810284643722037,43.0,2022-08-05,0.01845572936734219,ENTERED,0.6461115897989267,0.0,2022
LONG,2022-08-09,13220.0,13219.75,2022-08-09,13052.75,13053.0,{},1,1,NQ,5,fixed_hold,0,0.0,-167.25,-167.45,0.01360249122459626,-166.75,2022-08-08,0.020749691167387008,ENTERED,0.703481178449641,0.0,2022
LONG,2022-08-10,13052.5,13052.25,2022-08-10,13399.0,13399.25,{},1,1,NQ,5,fixed_hold,0,0.0,346.5,346.3,0.01371506310708184,347.0,2022-08-09,0.011605603239494,ENTERED,0.6978215919717222,0.0,2022
LONG,2022-08-11,13399.25,13399.0,2022-08-11,13335.0,13335.25,{},1,1,NQ,5,fixed_hold,0,0.0,-64.25,-64.45,0.014111055288374745,-63.75,2022-08-10,0.012467650225739701,ENTERED,0.6782389393131486,0.0,2022
LONG,2022-08-12,13336.25,13336.0,2022-08-12,13579.75,13580.0,{},1,1,NQ,5,fixed_hold,0,0.0,243.5,243.3,0.014179344659064206,244.0,2022-08-11,0.00013124835939537505,ENTERED,0.6749913988667859,0.0,2022
LONG,2022-08-15,13541.25,13541.0,2022-08-15,13681.25,13681.5,{},1,1,NQ,5,fixed_hold,0,0.0,140.0,139.8,0.014362490598895807,140.5,2022-08-12,0.027503499413611854,ENTERED,0.6663841219274222,0.0,2022
LONG,2022-08-16,13681.0,13680.75,2022-08-16,13651.25,13651.5,{},1,1,NQ,5,fixed_hold,0,0.0,-29.75,-29.95,0.014042843494741572,-29.25,2022-08-15,0.03485051907040071,ENTERED,0.6817096472492679,0.0,2022
LONG,2022-08-17,13651.75,13651.5,2022-08-17,13455.0,13455.25,{},1,1,NQ,5,fixed_hold,0,0.0,-196.75,-196.95,0.012942748491002602,-196.25,2022-08-16,0.04585152838427953,ENTERED,0.7396529332105855,0.0,2022
LONG,2022-08-18,13455.25,13455.0,2022-08-18,13527.0,13527.25,{},1,1,NQ,5,fixed_hold,0,0.0,71.75,71.55,0.013604137020143311,72.25,2022-08-17,0.004179338395805754,ENTERED,0.7039262721816789,0.0,2022
LONG,2022-08-19,13528.0,13527.75,2022-08-19,13249.75,13250.0,{},1,1,NQ,5,fixed_hold,0,0.0,-278.25,-278.45,0.013557914971634999,-277.75,2022-08-18,0.014397930297519679,ENTERED,0.7063261186453225,0.0,2022
SHORT,2022-08-22,13187.5,13187.75,2022-08-22,12955.75,12955.5,{},1,1,NQ,5,fixed_hold,0,0.0,231.75,231.55,0.014330560115858402,232.25,2022-08-19,-0.024300441826214936,ENTERED,0.66826206261909,0.0,2022
SHORT,2022-08-23,12955.25,12955.5,2022-08-23,12895.5,12895.25,{},1,1,NQ,5,fixed_hold,0,0.0,59.75,59.55,0.01514184441331514,60.25,2022-08-22,-0.053064356978401395,ENTERED,0.6324572753560421,0.0,2022
SHORT,2022-08-24,12894.75,12895.0,2022-08-24,12934.75,12934.5,{},1,1,NQ,5,fixed_hold,0,0.0,-40.0,-40.2,0.015204476358578198,-39.5,2022-08-23,-0.055396842837783344,ENTERED,0.6298799393397256,0.0,2022
SHORT,2022-08-25,12934.25,12934.5,2022-08-25,13145.0,13144.75,{},1,1,NQ,5,fixed_hold,0,0.0,-210.75,-210.95,0.014334803937182651,-210.25,2022-08-24,-0.0387023652477656,ENTERED,0.6680938705824938,0.0,2022
SHORT,2022-08-26,13145.0,13145.25,2022-08-26,12559.25,12559.0,{},1,1,NQ,5,fixed_hold,0,0.0,585.75,585.55,0.01368614147425785,586.25,2022-08-25,-0.02827625718457183,ENTERED,0.6999798912307629,0.0,2022
SHORT,2022-08-29,12419.25,12419.5,2022-08-29,12532.75,12532.5,{},1,1,NQ,5,fixed_hold,0,0.0,-113.5,-113.7,0.01698237694764816,-113.0,2022-08-26,-0.0521509433962265,ENTERED,0.5641156034901553,0.0,2022
SHORT,2022-08-30,12533.0,12533.25,2022-08-30,12366.25,12366.0,{},1,1,NQ,5,fixed_hold,0,0.0,166.75,166.55,0.017145879546829623,167.25,2022-08-29,-0.021784627841786586,ENTERED,0.5593898369116469,0.0,2022
SHORT,2022-08-31,12365.5,12365.75,2022-08-31,12178.0,12177.75,{},1,1,NQ,5,fixed_hold,0,0.0,187.5,187.3,0.017359089423734323,188.0,2022-08-30,-0.03027090827933776,ENTERED,0.5525192323909626,0.0,2022
SHORT,2022-09-01,12177.5,12177.75,2022-09-01,12299.0,12298.75,{},1,1,NQ,5,fixed_hold,0,0.0,-121.5,-121.7,0.016382405159707413,-121.0,2022-08-31,-0.04793114672289833,ENTERED,0.5855322630425289,0.0,2022
SHORT,2022-09-02,12298.75,12299.0,2022-09-02,12130.5,12130.25,{},1,1,NQ,5,fixed_hold,0,0.0,168.25,168.05,0.016477036044992413,168.75,2022-09-01,-0.053850876175023044,ENTERED,0.5821694351490084,0.0,2022
SHORT,2022-09-05,12123.0,12123.25,2022-09-05,12148.0,12147.75,{},1,1,NQ,5,fixed_hold,0,0.0,-25.0,-25.2,0.016598838747207974,-24.5,2022-09-02,-0.02328998751962641,ENTERED,0.5779003744681804,0.0,2022
SHORT,2022-09-06,12148.25,12148.5,2022-09-06,12006.5,12006.25,{},1,1,NQ,5,fixed_hold,0,0.0,141.75,141.55,0.016614631984363082,142.25,2022-09-05,-0.0307001795332138,ENTERED,0.5773510443551456,0.0,2022
SHORT,2022-09-07,12005.75,12006.0,2022-09-07,12258.5,12258.25,{},1,1,NQ,5,fixed_hold,0,0.0,-252.75,-252.95,0.01658607468757153,-252.25,2022-09-06,-0.02909186479055481,ENTERED,0.5784182183380171,0.0,2022
LONG,2022-09-08,12258.5,12258.25,2022-09-08,12350.5,12350.75,{},1,1,NQ,5,fixed_hold,0,0.0,92.0,91.8,0.016097798419356848,92.5,2022-09-07,0.006610416538358699,ENTERED,0.5959627223602482,0.0,2022
LONG,2022-09-09,12351.0,12350.75,2022-09-09,12590.25,12590.5,{},1,1,NQ,5,fixed_hold,0,0.0,239.25,239.05,0.016291478094208722,239.75,2022-09-08,0.0042280719585321425,ENTERED,0.5889932979477954,0.0,2022
LONG,2022-09-12,12631.75,12631.5,2022-09-12,12762.5,12762.75,{},1,1,NQ,5,fixed_hold,0,0.0,130.75,130.55,0.016366512050918634,131.25,2022-09-09,0.03794233424702709,ENTERED,0.5862929976343781,0.0,2022
LONG,2022-09-13,12763.25,12763.0,2022-09-13,12058.0,12058.25,{},1,1,NQ,5,fixed_hold,0,0.0,-705.25,-705.45,0.016634040334282917,-704.75,2022-09-12,0.05062665925788745,ENTERED,0.5769553669816316,0.0,2022
LONG,2022-09-14,12139.5,12139.25,2022-09-14,12247.75,12248.0,{},1,1,NQ,5,fixed_hold,0,0.0,108.25,108.05,0.020344533784137732,108.75,2022-09-13,0.004331077563769048,ENTERED,0.4717286199468551,0.0,2022
SHORT,2022-09-15,12247.25,12247.5,2022-09-15,11916.0,11915.75,{},1,1,NQ,5,fixed_hold,0,0.0,331.25,331.05,0.020757725177842797,331.75,2022-09-14,-0.0008361715579302542,ENTERED,0.4624792937125197,0.0,2022
SHORT,2022-09-16,11915.75,11916.0,2022-09-16,11961.0,11960.75,{},1,1,NQ,5,fixed_hold,0,0.0,-45.25,-45.45,0.021258211971746505,-44.75,2022-09-15,-0.03522053316600193,ENTERED,0.45159104124497157,0.0,2022
SHORT,2022-09-19,11930.5,11930.75,2022-09-19,12078.25,12078.0,{},1,1,NQ,5,fixed_hold,0,0.0,-147.75,-147.95,0.021051842019442872,-147.25,2022-09-16,-0.050017870616734794,ENTERED,0.4561576704332526,0.0,2022
SHORT,2022-09-20,12077.25,12077.5,2022-09-20,11927.0,11926.75,{},1,1,NQ,5,fixed_hold,0,0.0,150.25,150.05,0.02083635965096343,150.75,2022-09-19,-0.05365223012281828,ENTERED,0.46087509405578436,0.0,2022
SHORT,2022-09-21,11926.25,11926.5,2022-09-21,11612.5,11612.25,{},1,1,NQ,5,fixed_hold,0,0.0,313.75,313.55,0.020948526733139877,314.25,2022-09-20,-0.010905396720087945,ENTERED,0.458466932443052,0.0,2022
SHORT,2022-09-22,11612.5,11612.75,2022-09-22,11587.75,11587.5,{},1,1,NQ,5,fixed_hold,0,0.0,24.75,24.55,0.021517212346902098,25.25,2022-09-21,-0.051906433703461596,ENTERED,0.4463499562909996,0.0,2022
SHORT,2022-09-23,11587.25,11587.5,2022-09-23,11388.25,11388.0,{},1,1,NQ,5,fixed_hold,0,0.0,199.0,198.8,0.02096507020171528,199.5,2022-09-22,-0.0275475735895766,ENTERED,0.4582815306764974,0.0,2022
SHORT,2022-09-26,11344.5,11344.75,2022-09-26,11349.25,11349.0,{},1,1,NQ,5,fixed_hold,0,0.0,-4.75,-4.95,0.019092843871750635,-4.25,2022-09-23,-0.0478857931149802,ENTERED,0.5032201869621923,0.0,2022
SHORT,2022-09-27,11349.5,11349.75,2022-09-27,11348.0,11347.75,{},1,1,NQ,5,fixed_hold,0,0.0,1.5,1.3,0.0188391414480316,2.0,2022-09-26,-0.06035767511177348,ENTERED,0.5114419014210498,0.0,2022
SHORT,2022-09-28,11347.25,11347.5,2022-09-28,11533.25,11533.0,{},1,1,NQ,5,fixed_hold,0,0.0,-186.0,-186.2,0.018756108830684518,-185.5,2022-09-27,-0.048546334919403855,ENTERED,0.5137060362732898,0.0,2022
SHORT,2022-09-29,11533.75,11534.0,2022-09-29,11265.25,11265.0,{},1,1,NQ,5,fixed_hold,0,0.0,268.5,268.3,0.019096478019392953,269.0,2022-09-28,-0.0068246894443367845,ENTERED,0.5047717008287783,0.0,2022
SHORT,2022-09-30,11265.5,11265.75,2022-09-30,11058.5,11058.25,{},1,1,NQ,5,fixed_hold,0,0.0,207.0,206.8,0.019394160822332633,207.5,2022-09-29,-0.02783171521035588,ENTERED,0.49702391240298,0.0,2022
SHORT,2022-10-03,10943.75,10944.0,2022-10-03,11344.75,11344.5,{},1,1,NQ,5,fixed_hold,0,0.0,-401.0,-401.2,0.019541479796245556,-400.5,2022-09-30,-0.028955918510712886,ENTERED,0.49336170314503464,0.0,2022
LONG,2022-10-04,11344.75,11344.5,2022-10-04,11620.5,11620.75,{},1,1,NQ,5,fixed_hold,0,0.0,275.75,275.55,0.02157292903772805,276.25,2022-10-03,0.010038860150558326,ENTERED,0.4469035121465979,0.0,2022
LONG,2022-10-05,11620.75,11620.5,2022-10-05,11698.75,11699.0,{},1,1,NQ,5,fixed_hold,0,0.0,78.0,77.8,0.022275123300411905,78.5,2022-10-04,0.03474829270567348,ENTERED,0.4328852990318449,0.0,2022
LONG,2022-10-06,11699.25,11699.0,2022-10-06,11498.5,11498.75,{},1,1,NQ,5,fixed_hold,0,0.0,-200.75,-200.95,0.02176086002928812,-200.25,2022-10-05,0.024983250691633208,ENTERED,0.44311545581801476,0.0,2022
LONG,2022-10-07,11498.75,11498.5,2022-10-07,11096.0,11096.25,{},1,1,NQ,5,fixed_hold,0,0.0,-402.75,-402.95,0.02191434809794522,-402.25,2022-10-06,0.03140624219283317,ENTERED,0.4400756398106165,0.0,2022
LONG,2022-10-10,11036.75,11036.5,2022-10-10,11014.0,11014.25,{},1,1,NQ,5,fixed_hold,0,0.0,-22.75,-22.95,0.022381908726297788,-22.25,2022-10-07,0.013911732456140191,ENTERED,0.4308824094570878,0.0,2022
SHORT,2022-10-11,11014.0,11014.25,2022-10-11,10865.0,10864.75,{},1,1,NQ,5,fixed_hold,0,0.0,149.0,148.8,0.021920670316707948,149.5,2022-10-10,-0.02911102296266921,ENTERED,0.44008471413205436,0.0,2022
SHORT,2022-10-12,10865.0,10865.25,2022-10-12,10869.25,10869.0,{},1,1,NQ,5,fixed_hold,0,0.0,-4.25,-4.45,0.018819601151890762,-3.75,2022-10-11,-0.0650560419938474,ENTERED,0.5126012954287408,0.0,2022
SHORT,2022-10-13,10868.25,10868.5,2022-10-13,11064.75,11064.5,{},1,1,NQ,5,fixed_hold,0,0.0,-196.5,-196.7,0.018254958724743676,-196.0,2022-10-12,-0.07094623472091632,ENTERED,0.5287107493677882,0.0,2022
SHORT,2022-10-14,11064.0,11064.25,2022-10-14,10746.5,10746.25,{},1,1,NQ,5,fixed_hold,0,0.0,317.5,317.3,0.018200541062890725,318.0,2022-10-13,-0.03776497445374494,ENTERED,0.5302915376903826,0.0,2022
SHORT,2022-10-17,10792.25,10792.5,2022-10-17,11211.5,11211.25,{},1,1,NQ,5,fixed_hold,0,0.0,-419.25,-419.45,0.01899754234291009,-418.75,2022-10-14,-0.031542187676016575,ENTERED,0.5082732777985071,0.0,2022
LONG,2022-10-18,11211.25,11211.0,2022-10-18,11344.25,11344.5,{},1,1,NQ,5,fixed_hold,0,0.0,133.0,132.8,0.021629461526542833,133.5,2022-10-17,0.017885920512064057,ENTERED,0.44642549722735547,0.0,2022
LONG,2022-10-19,11343.25,11343.0,2022-10-19,11088.25,11088.5,{},1,1,NQ,5,fixed_hold,0,0.0,-255.0,-255.2,0.021750821090952926,-254.5,2022-10-18,0.044156561356681,ENTERED,0.443994364758846,0.0,2022
LONG,2022-10-20,11088.0,11087.75,2022-10-20,11019.75,11020.0,{},1,1,NQ,5,fixed_hold,0,0.0,-68.25,-68.45,0.02153992193483244,-67.75,2022-10-19,0.020195050142607585,ENTERED,0.4483415502840855,0.0,2022
SHORT,2022-10-21,11020.75,11021.0,2022-10-21,11378.25,11378.0,{},1,1,NQ,5,fixed_hold,0,0.0,-357.5,-357.7,0.021564485476692933,-357.0,2022-10-20,-0.0040218717519997504,ENTERED,0.44803611524761033,0.0,2022
LONG,2022-10-24,11452.0,11451.75,2022-10-24,11475.25,11475.5,{},1,1,NQ,5,fixed_hold,0,0.0,23.25,23.05,0.022532851582918408,23.75,2022-10-21,0.05878794928463438,ENTERED,0.4287814289610501,0.0,2022
LONG,2022-10-25,11475.75,11475.5,2022-10-25,11468.5,11468.75,{},1,1,NQ,5,fixed_hold,0,0.0,-7.25,-7.45,0.022576427009214927,-6.75,2022-10-24,0.023570074701750432,ENTERED,0.42820415317424404,0.0,2022
LONG,2022-10-26,11469.75,11469.5,2022-10-26,11498.0,11498.25,{},1,1,NQ,5,fixed_hold,0,0.0,28.25,28.05,0.022578268514024127,28.75,2022-10-25,0.010952443915553944,ENTERED,0.4281692284408926,0.0,2022
LONG,2022-10-27,11498.25,11498.0,2022-10-27,11134.75,11135.0,{},1,1,NQ,5,fixed_hold,0,0.0,-363.5,-363.7,0.02230407312113684,-363.0,2022-10-26,0.03695269874193996,ENTERED,0.4339188096081715,0.0,2022
LONG,2022-10-28,11136.5,11136.25,2022-10-28,11625.25,11625.5,{},1,1,NQ,5,fixed_hold,0,0.0,488.75,488.55,0.02284571616656518,489.25,2022-10-27,0.010435571687840595,ENTERED,0.42363114325570334,0.0,2022
LONG,2022-10-31,11557.75,11557.5,2022-10-31,11468.5,11468.75,{},1,1,NQ,5,fixed_hold,0,0.0,-89.25,-89.45,0.024389685419932385,-88.75,2022-10-28,0.02175250483389002,ENTERED,0.39693161051972586,0.0,2022
SHORT,2022-11-01,11469.0,11469.25,2022-11-01,11332.5,11332.25,{},1,1,NQ,5,fixed_hold,0,0.0,136.5,136.3,0.023340264256964012,137.0,2022-10-31,-0.0005882096640670298,ENTERED,0.41477838499256564,0.0,2022
SHORT,2022-11-02,11332.75,11333.0,2022-11-02,10920.0,10919.75,{},1,1,NQ,5,fixed_hold,0,0.0,412.75,412.55,0.02281703240166232,413.25,2022-11-01,-0.011901907356948294,ENTERED,0.42441118715546916,0.0,2022
SHORT,2022-11-03,10919.0,10919.25,2022-11-03,10710.75,10710.5,{},1,1,NQ,5,fixed_hold,0,0.0,208.25,208.05,0.024051675692272075,208.75,2022-11-02,-0.05031200400060898,ENTERED,0.4026249119958725,0.0,2022
SHORT,2022-11-04,10710.5,10710.75,2022-11-04,10871.5,10871.25,{},1,1,NQ,5,fixed_hold,0,0.0,-161.0,-161.2,0.024118378627278416,-160.5,2022-11-03,-0.038123035473731415,ENTERED,0.4015771397921939,0.0,2022
SHORT,2022-11-07,10796.25,10796.5,2022-11-07,11025.0,11024.75,{},1,1,NQ,5,fixed_hold,0,0.0,-228.75,-228.95,0.02323131639465945,-228.25,2022-11-04,-0.0648789299384972,ENTERED,0.41691092063100565,0.0,2022
SHORT,2022-11-08,11024.75,11025.0,2022-11-08,11125.5,11125.25,{},1,1,NQ,5,fixed_hold,0,0.0,-100.75,-100.95,0.02340590136437895,-100.25,2022-11-07,-0.03871389645776557,ENTERED,0.4138211246056634,0.0,2022
SHORT,2022-11-09,11125.5,11125.75,2022-11-09,10845.25,10845.0,{},1,1,NQ,5,fixed_hold,0,0.0,280.25,280.05,0.023247068228002696,280.75,2022-11-08,-0.018266451940258888,ENTERED,0.4166485136972776,0.0,2022
SHORT,2022-11-10,10843.75,10844.0,2022-11-10,11675.75,11675.5,{},1,1,NQ,5,fixed_hold,0,0.0,-832.0,-832.2,0.023999465768440514,-831.5,2022-11-09,-0.0068453948121519614,ENTERED,0.40441572512123725,0.0,2022
LONG,2022-11-11,11675.5,11675.25,2022-11-11,11836.0,11836.25,{},1,1,NQ,5,fixed_hold,0,0.0,160.5,160.3,0.02928417928318225,161.0,2022-11-10,0.09009850147051979,ENTERED,0.3314336132629863,0.0,2022
LONG,2022-11-14,11810.75,11810.5,2022-11-14,11766.5,11766.75,{},1,1,NQ,5,fixed_hold,0,0.0,-44.25,-44.45,0.0283794921395309,-43.75,2022-11-11,0.08876624123260934,ENTERED,0.34231958143462343,0.0,2022
LONG,2022-11-15,11767.25,11767.0,2022-11-15,11898.5,11898.75,{},1,1,NQ,5,fixed_hold,0,0.0,131.25,131.05,0.027005596926280316,131.75,2022-11-14,0.06730311344928475,ENTERED,0.35973490595490065,0.0,2022
LONG,2022-11-16,11898.75,11898.5,2022-11-16,11779.75,11780.0,{},1,1,NQ,5,fixed_hold,0,0.0,-119.0,-119.2,0.02699413989038656,-118.5,2022-11-15,0.06952652749376442,ENTERED,0.3599700993413445,0.0,2022
LONG,2022-11-17,11780.5,11780.25,2022-11-17,11719.25,11719.5,{},1,1,NQ,5,fixed_hold,0,0.0,-61.25,-61.45,0.026515917491874746,-60.75,2022-11-16,0.08621484555094527,ENTERED,0.3664622663332015,0.0,2022
LONG,2022-11-18,11720.5,11720.25,2022-11-18,11710.75,11711.0,{},1,1,NQ,5,fixed_hold,0,0.0,-9.75,-9.95,0.026497218834530663,-9.25,2022-11-17,0.003768575221617887,ENTERED,0.3667640494233114,0.0,2022
SHORT,2022-11-21,11709.0,11709.25,2022-11-21,11594.0,11593.75,{},1,1,NQ,5,fixed_hold,0,0.0,115.0,114.8,0.025604687921227654,115.5,2022-11-18,-0.010581898827753844,ENTERED,0.37954874935816624,0.0,2022
SHORT,2022-11-22,11594.0,11594.25,2022-11-22,11745.0,11744.75,{},1,1,NQ,5,fixed_hold,0,0.0,-151.0,-151.2,0.025681166525816198,-150.5,2022-11-21,-0.014702445450103241,ENTERED,0.37860758691050367,0.0,2022
SHORT,2022-11-23,11745.0,11745.25,2022-11-23,11888.75,11888.5,{},1,1,NQ,5,fixed_hold,0,0.0,-143.75,-143.95,0.025821895597573113,-143.25,2022-11-22,-0.0129425359806703,ENTERED,0.3765441793630327,0.0,2022
LONG,2022-11-24,11889.0,11888.75,2022-11-24,11917.25,11917.5,{},1,1,NQ,5,fixed_hold,0,0.0,28.25,28.05,0.02593326380982319,28.75,2022-11-23,0.009210526315789336,ENTERED,0.37515143075201873,0.0,2022
LONG,2022-11-25,11918.25,11918.0,2022-11-25,11786.5,11786.75,{},1,1,NQ,5,fixed_hold,0,0.0,-131.75,-131.95,0.02470154357470434,-131.25,2022-11-24,0.016894918725201213,ENTERED,0.3938580191517917,0.0,2022
LONG,2022-11-28,11727.25,11727.0,2022-11-28,11618.0,11618.25,{},1,1,NQ,5,fixed_hold,0,0.0,-109.25,-109.45,0.022972793896799355,-108.75,2022-11-25,0.006468277687644131,ENTERED,0.4234978289266488,0.0,2022
LONG,2022-11-29,11619.0,11618.75,2022-11-29,11503.25,11503.5,{},1,1,NQ,5,fixed_hold,0,0.0,-115.75,-115.95,0.023000330247732327,-115.25,2022-11-28,0.0021132075471697043,ENTERED,0.4229908107790365,0.0,2022
SHORT,2022-11-30,11503.75,11504.0,2022-11-30,12073.75,12073.5,{},1,1,NQ,5,fixed_hold,0,0.0,-570.0,-570.2,0.0229454264632013,-569.5,2022-11-29,-0.02054109282871075,ENTERED,0.42434707857172477,0.0,2022
LONG,2022-12-01,12073.0,12072.75,2022-12-01,12040.0,12040.25,{},1,1,NQ,5,fixed_hold,0,0.0,-33.0,-33.2,0.02361226191445447,-32.5,2022-11-30,0.015561256676620339,ENTERED,0.41236306464487105,0.0,2022
LONG,2022-12-02,12039.5,12039.25,2022-12-02,11978.75,11979.0,{},1,1,NQ,5,fixed_hold,0,0.0,-60.75,-60.95,0.02299483799522767,-60.25,2022-12-01,0.01029997902244606,ENTERED,0.42376334811259403,0.0,2022
LONG,2022-12-05,12002.0,12001.75,2022-12-05,11819.75,11820.0,{},1,1,NQ,5,fixed_hold,0,0.0,-182.25,-182.45,0.023024685263503958,-181.75,2022-12-02,0.016310687848643868,ENTERED,0.4232140168973343,0.0,2022
LONG,2022-12-06,11820.25,11820.0,2022-12-06,11578.5,11578.75,{},1,1,NQ,5,fixed_hold,0,0.0,-241.75,-241.95,0.023273780322467855,-241.25,2022-12-05,0.01736492156736169,ENTERED,0.4189608225242182,0.0,2022
LONG,2022-12-07,11579.0,11578.75,2022-12-07,11510.25,11510.5,{},1,1,NQ,5,fixed_hold,0,0.0,-68.75,-68.95,0.023844166909972524,-68.25,2022-12-06,0.006541487373408206,ENTERED,0.40893868022165814,0.0,2022
SHORT,2022-12-08,11510.75,11511.0,2022-12-08,11637.75,11637.5,{},1,1,NQ,5,fixed_hold,0,0.0,-127.0,-127.2,0.02305214353281994,-126.5,2022-12-07,-0.04663105147637392,ENTERED,0.42311541055117874,0.0,2022
SHORT,2022-12-09,11637.0,11637.25,2022-12-09,11553.25,11553.0,{},1,1,NQ,5,fixed_hold,0,0.0,83.75,83.55,0.015495615144528428,84.25,2022-12-08,-0.03345030211166711,ENTERED,0.6294501434115632,0.0,2022
SHORT,2022-12-12,11536.5,11536.75,2022-12-12,11711.25,11711.0,{},1,1,NQ,5,fixed_hold,0,0.0,-174.75,-174.95,0.015219590610883554,-174.25,2022-12-09,-0.03556223390934121,ENTERED,0.64136035696461,0.0,2022
SHORT,2022-12-13,11711.0,11711.25,2022-12-13,11839.0,11838.75,{},1,1,NQ,5,fixed_hold,0,0.0,-128.0,-128.2,0.015521845153023899,-127.5,2022-12-12,-0.009221658206429728,ENTERED,0.6288712437741244,0.0,2022
LONG,2022-12-14,11959.5,11959.25,2022-12-14,11882.75,11883.0,{},1,1,NQ,5,fixed_hold,0,0.0,-76.75,-76.95,0.015510091050108879,-76.25,2022-12-13,0.022454928209003633,ENTERED,0.6295411506694641,0.0,2022
LONG,2022-12-15,11883.75,11883.5,2022-12-15,11458.25,11458.5,{},1,1,NQ,5,fixed_hold,0,0.0,-425.5,-425.7,0.015410364039619007,-425.0,2022-12-14,0.02195980070845982,ENTERED,0.6336151788218952,0.0,2022
SHORT,2022-12-16,11458.25,11458.5,2022-12-16,11320.25,11320.0,{},1,1,NQ,5,fixed_hold,0,0.0,138.0,137.8,0.01734714901509918,138.5,2022-12-15,-0.0253022128245336,ENTERED,0.562898341043495,0.0,2022
SHORT,2022-12-19,11352.5,11352.75,2022-12-19,11214.0,11213.75,{},1,1,NQ,5,fixed_hold,0,0.0,138.5,138.3,0.01750611904140475,139.0,2022-12-16,-0.030040594823305122,ENTERED,0.5577867589805945,0.0,2022
SHORT,2022-12-20,11213.0,11213.25,2022-12-20,11223.5,11223.25,{},1,1,NQ,5,fixed_hold,0,0.0,-10.5,-10.7,0.017491704063089013,-10.0,2022-12-19,-0.05210814016380916,ENTERED,0.5584975963435386,0.0,2022
SHORT,2022-12-21,11223.0,11223.25,2022-12-21,11352.5,11352.25,{},1,1,NQ,5,fixed_hold,0,0.0,-129.5,-129.7,0.017148821609991826,-129.0,2022-12-20,-0.06154232079770883,ENTERED,0.569664487587633,0.0,2022
SHORT,2022-12-22,11352.75,11353.0,2022-12-22,11049.25,11049.0,{},1,1,NQ,5,fixed_hold,0,0.0,303.5,303.3,0.01711556557446536,304.0,2022-12-21,-0.04466464697466943,ENTERED,0.5707765791772641,0.0,2022
SHORT,2022-12-23,11048.25,11048.5,2022-12-23,11067.25,11067.0,{},1,1,NQ,5,fixed_hold,0,0.0,-19.0,-19.2,0.017881522871385412,-18.5,2022-12-22,-0.03573766199764339,ENTERED,0.5463272921184142,0.0,2022
SHORT,2022-12-26,11103.75,11104.0,2022-12-26,11157.25,11157.0,{},1,1,NQ,5,fixed_hold,0,0.0,-53.5,-53.7,0.017849743579326595,-53.0,2022-12-23,-0.02234982332155455,ENTERED,0.54746691748745,0.0,2022
SHORT,2022-12-27,11156.75,11157.0,2022-12-27,10913.25,10913.0,{},1,1,NQ,5,fixed_hold,0,0.0,243.5,243.3,0.017840319870914098,244.0,2022-12-26,-0.005060751309775902,ENTERED,0.5477561033671439,0.0,2022
SHORT,2022-12-28,10913.25,10913.5,2022-12-28,10793.5,10793.25,{},1,1,NQ,5,fixed_hold,0,0.0,119.75,119.55,0.018301212839326193,120.25,2022-12-27,-0.02764350789655412,ENTERED,0.5340511658062832,0.0,2022
SHORT,2022-12-29,10793.25,10793.5,2022-12-29,11022.75,11022.5,{},1,1,NQ,5,fixed_hold,0,0.0,-229.5,-229.7,0.01354387237056451,-229.0,2022-12-28,-0.04924133982250223,ENTERED,0.7216388182860364,0.0,2022
SHORT,2022-12-30,11022.5,11022.75,2022-12-30,11042.0,11041.75,{},1,1,NQ,5,fixed_hold,0,0.0,-19.5,-19.7,0.014846946314242895,-19.0,2022-12-29,-0.002398407095664856,ENTERED,0.6583781138860669,0.0,2022
SHORT,2023-01-02,11122.25,11122.5,2023-01-02,11052.5,11052.25,{},1,1,NQ,5,fixed_hold,0,0.0,69.75,69.55,0.01491856243387353,70.25,2022-12-30,-0.002281557784404087,ENTERED,0.6552175891387764,0.0,2023
SHORT,2023-01-03,11052.0,11052.25,2023-01-03,10949.75,10949.5,{},1,1,NQ,5,fixed_hold,0,0.0,102.25,102.05,0.014815142252011112,102.75,2023-01-02,-0.009388724567535811,ENTERED,0.6600452491718989,0.0,2023
LONG,2023-01-04,10949.75,10949.5,2023-01-04,10996.0,10996.25,{},1,1,NQ,5,fixed_hold,0,0.0,46.25,46.05,0.014358830684510117,46.75,2023-01-03,0.003344634839182792,ENTERED,0.6810209322820929,0.0,2023
LONG,2023-01-05,10996.5,10996.25,2023-01-05,10839.0,10839.25,{},1,1,NQ,5,fixed_hold,0,0.0,-157.5,-157.7,0.014437951973354953,-157.0,2023-01-04,0.018808051328376818,ENTERED,0.6776242332649935,0.0,2023
SHORT,2023-01-06,10839.25,10839.5,2023-01-06,11109.0,11108.75,{},1,1,NQ,5,fixed_hold,0,0.0,-269.75,-269.95,0.014280368235722997,-269.25,2023-01-05,-0.016625085053299737,ENTERED,0.6851018107073431,0.0,2023
LONG,2023-01-09,11143.5,11143.25,2023-01-09,11173.5,11173.75,{},1,1,NQ,5,fixed_hold,0,0.0,30.0,29.8,0.01563147645876985,30.5,2023-01-06,0.006067878732990861,ENTERED,0.6259359801547708,0.0,2023
LONG,2023-01-10,11174.5,11174.25,2023-01-10,11284.75,11285.0,{},1,1,NQ,5,fixed_hold,0,0.0,110.25,110.05,0.015303808440045563,110.75,2023-01-09,0.010993236671265949,ENTERED,0.6393378208318191,0.0,2023
LONG,2023-01-11,11285.25,11285.0,2023-01-11,11474.25,11474.5,{},1,1,NQ,5,fixed_hold,0,0.0,189.0,188.8,0.015260539187411342,189.5,2023-01-10,0.03064066852367686,ENTERED,0.6420274882774072,0.0,2023
LONG,2023-01-12,11475.25,11475.0,2023-01-12,11524.5,11524.75,{},1,1,NQ,5,fixed_hold,0,0.0,49.25,49.05,0.015841953110727728,49.75,2023-01-11,0.043492099579402144,ENTERED,0.6184645021842622,0.0,2023
LONG,2023-01-13,11524.25,11524.0,2023-01-13,11601.25,11601.5,{},1,1,NQ,5,fixed_hold,0,0.0,77.0,76.8,0.013691224963570081,77.5,2023-01-12,0.06324238300620455,ENTERED,0.7161193744378129,0.0,2023
LONG,2023-01-16,11587.5,11587.25,2023-01-16,11585.0,11585.25,{},1,1,NQ,5,fixed_hold,0,0.0,-2.5,-2.7,0.013432230473243186,-2.0,2023-01-13,0.044356925846742445,ENTERED,0.7299272801884769,0.0,2023
LONG,2023-01-17,11585.25,11585.0,2023-01-17,11594.25,11594.5,{},1,1,NQ,5,fixed_hold,0,0.0,9.0,8.8,0.013214324864760107,9.5,2023-01-16,0.036827385613603436,ENTERED,0.7421583930716892,0.0,2023
LONG,2023-01-18,11594.5,11594.25,2023-01-18,11479.25,11479.5,{},1,1,NQ,5,fixed_hold,0,0.0,-115.25,-115.45,0.013214497661727817,-114.75,2023-01-17,0.027425786442179856,ENTERED,0.7421486883728678,0.0,2023
LONG,2023-01-19,11480.0,11479.75,2023-01-19,11383.5,11383.75,{},1,1,NQ,5,fixed_hold,0,0.0,-96.5,-96.7,0.013247593176395666,-96.0,2023-01-18,0.0004357488343715854,ENTERED,0.7405986664943482,0.0,2023
SHORT,2023-01-20,11383.75,11384.0,2023-01-20,11678.0,11677.75,{},1,1,NQ,5,fixed_hold,0,0.0,-294.25,-294.45,0.011810002336373606,-293.75,2023-01-19,-0.01223453871016733,ENTERED,0.8307491871090418,0.0,2023
LONG,2023-01-23,11658.25,11658.0,2023-01-23,11918.0,11918.25,{},1,1,NQ,5,fixed_hold,0,0.0,259.75,259.55,0.012997246613456429,260.25,2023-01-20,0.00657242597939911,ENTERED,0.7549161750456875,0.0,2023
LONG,2023-01-24,11918.75,11918.5,2023-01-24,11839.5,11839.75,{},1,1,NQ,5,fixed_hold,0,0.0,-79.25,-79.45,0.01355467461683042,-78.75,2023-01-23,0.028743445329190376,ENTERED,0.72387069235679,0.0,2023
LONG,2023-01-25,11840.75,11840.5,2023-01-25,11907.0,11907.25,{},1,1,NQ,5,fixed_hold,0,0.0,66.25,66.05,0.012440548728004416,66.75,2023-01-24,0.021152270473069112,ENTERED,0.7892766924272963,0.0,2023
LONG,2023-01-26,11907.75,11907.5,2023-01-26,12039.25,12039.5,{},1,1,NQ,5,fixed_hold,0,0.0,131.5,131.3,0.011921118925732799,132.0,2023-01-25,0.037262075874385125,ENTERED,0.8236672424116724,0.0,2023
LONG,2023-01-27,12039.75,12039.5,2023-01-27,12220.75,12221.0,{},1,1,NQ,5,fixed_hold,0,0.0,181.0,180.8,0.011397991578282892,181.5,2023-01-26,0.05760404084769988,ENTERED,0.8629951211340758,0.0,2023
LONG,2023-01-30,12205.75,12205.5,2023-01-30,12002.25,12002.5,{},1,1,NQ,5,fixed_hold,0,0.0,-203.5,-203.7,0.011617084336239024,-203.0,2023-01-27,0.04652009162723991,ENTERED,0.8467194382071528,0.0,2023
LONG,2023-01-31,12002.75,12002.5,2023-01-31,12103.0,12103.25,{},1,1,NQ,5,fixed_hold,0,0.0,100.25,100.05,0.012688911912651374,100.75,2023-01-30,0.0070689908333858575,ENTERED,0.7756590788209946,0.0,2023
LONG,2023-02-01,12103.25,12103.0,2023-02-01,12544.5,12544.75,{},1,1,NQ,5,fixed_hold,0,0.0,441.25,441.05,0.012308817808027707,441.75,2023-01-31,0.022255537490234234,ENTERED,0.7996112932136232,0.0,2023
LONG,2023-02-02,12545.0,12544.75,2023-02-02,12663.75,12664.0,{},1,1,NQ,5,fixed_hold,0,0.0,118.75,118.55,0.014162731703546703,119.25,2023-02-01,0.053538810388628955,ENTERED,0.6952916157677371,0.0,2023
LONG,2023-02-03,12664.5,12664.25,2023-02-03,12616.25,12616.5,{},1,1,NQ,5,fixed_hold,0,0.0,-48.25,-48.45,0.013279254478984742,-47.75,2023-02-02,0.051870924872295276,ENTERED,0.7415498080428992,0.0,2023
LONG,2023-02-06,12590.75,12590.5,2023-02-06,12535.75,12536.0,{},1,1,NQ,5,fixed_hold,0,0.0,-55.0,-55.2,0.012890369696106359,-54.5,2023-02-03,0.03236232714180498,ENTERED,0.7648949910719546,0.0,2023
LONG,2023-02-07,12535.75,12535.5,2023-02-07,12749.5,12749.75,{},1,1,NQ,5,fixed_hold,0,0.0,213.75,213.55,0.01320715722404995,214.25,2023-02-06,0.044449073109768866,ENTERED,0.7465481818951183,0.0,2023
LONG,2023-02-08,12750.75,12750.5,2023-02-08,12561.0,12561.25,{},1,1,NQ,5,fixed_hold,0,0.0,-189.75,-189.95,0.013416848108293857,-189.25,2023-02-07,0.053415404953215395,ENTERED,0.7349736992592607,0.0,2023
LONG,2023-02-09,12562.0,12561.75,2023-02-09,12434.5,12434.75,{},1,1,NQ,5,fixed_hold,0,0.0,-127.5,-127.7,0.013952666845958016,-127.0,2023-02-08,0.0013152912572989006,ENTERED,0.706748795439706,0.0,2023
SHORT,2023-02-10,12435.0,12435.25,2023-02-10,12342.25,12342.0,{},1,1,NQ,5,fixed_hold,0,0.0,92.75,92.55,0.01433502237254082,93.25,2023-02-09,-0.018102495262160345,ENTERED,0.6879998791432558,0.0,2023
SHORT,2023-02-13,12306.5,12306.75,2023-02-13,12539.5,12539.25,{},1,1,NQ,5,fixed_hold,0,0.0,-233.0,-233.2,0.014538368495306934,-232.5,2023-02-10,-0.021757222684579802,ENTERED,0.6783769212485995,0.0,2023
LONG,2023-02-14,12539.75,12539.5,2023-02-14,12607.75,12608.0,{},1,1,NQ,5,fixed_hold,0,0.0,68.0,67.8,0.014766772787477466,68.5,2023-02-13,0.0002592533503509298,ENTERED,0.6679548715776481,0.0,2023
SHORT,2023-02-15,12607.5,12607.75,2023-02-15,12747.25,12747.0,{},1,1,NQ,5,fixed_hold,0,0.0,-139.75,-139.95,0.01474933789434407,-139.25,2023-02-14,-0.01111786505617729,ENTERED,0.6687444474818216,0.0,2023
LONG,2023-02-16,12746.75,12746.5,2023-02-16,12428.0,12428.25,{},1,1,NQ,5,fixed_hold,0,0.0,-318.75,-318.95,0.014426556452813422,-318.25,2023-02-15,0.01478754104886093,ENTERED,0.6840764952702582,0.0,2023
SHORT,2023-02-17,12427.75,12428.0,2023-02-17,12384.25,12384.0,{},1,1,NQ,5,fixed_hold,0,0.0,43.5,43.3,0.01568520459567342,44.0,2023-02-16,-0.0005227286435187661,ENTERED,0.6291832610064484,0.0,2023
LONG,2023-02-20,12359.5,12359.25,2023-02-20,12378.0,12378.25,{},1,1,NQ,5,fixed_hold,0,0.0,18.5,18.3,0.0149426378588579,19.0,2023-02-17,0.00340301409820154,ENTERED,0.6613057621122103,0.0,2023
SHORT,2023-02-21,12378.5,12378.75,2023-02-21,12114.5,12114.25,{},1,1,NQ,5,fixed_hold,0,0.0,264.0,263.8,0.014372037983837137,264.5,2023-02-20,-0.01283968339414221,ENTERED,0.6875609797533059,0.0,2023
SHORT,2023-02-22,12113.25,12113.5,2023-02-22,12167.75,12167.5,{},1,1,NQ,5,fixed_hold,0,0.0,-54.5,-54.7,0.015189914591594363,-54.0,2023-02-21,-0.039161643401015134,ENTERED,0.650892296231413,0.0,2023
SHORT,2023-02-23,12166.75,12167.0,2023-02-23,12174.0,12173.75,{},1,1,NQ,5,fixed_hold,0,0.0,-7.25,-7.45,0.015172602354091425,-6.75,2023-02-22,-0.04546167725739381,ENTERED,0.6516349771346762,0.0,2023
SHORT,2023-02-24,12173.25,12173.5,2023-02-24,12000.0,11999.75,{},1,1,NQ,5,fixed_hold,0,0.0,173.25,173.05,0.014992049707857398,173.75,2023-02-23,-0.020477541085832662,ENTERED,0.6598070126211255,0.0,2023
SHORT,2023-02-27,12017.25,12017.5,2023-02-27,12094.0,12093.75,{},1,1,NQ,5,fixed_hold,0,0.0,-76.75,-76.95,0.014944095399552146,-76.25,2023-02-24,-0.031027939276485728,ENTERED,0.661924276199766,0.0,2023
SHORT,2023-02-28,12093.25,12093.5,2023-02-28,12022.75,12022.5,{},1,1,NQ,5,fixed_hold,0,0.0,70.5,70.3,0.014497479724151673,71.0,2023-02-27,-0.022983862823904744,ENTERED,0.6823713889207857,0.0,2023
SHORT,2023-03-01,12022.0,12022.25,2023-03-01,11971.5,11971.25,{},1,1,NQ,5,fixed_hold,0,0.0,50.5,50.3,0.014438744205125309,51.0,2023-02-28,-0.007573725158387834,ENTERED,0.6851472146524152,0.0,2023
SHORT,2023-03-02,11971.25,11971.5,2023-03-02,12037.75,12037.5,{},1,1,NQ,5,fixed_hold,0,0.0,-66.5,-66.7,0.011576713575924692,-66.0,2023-03-01,-0.016129032258064613,ENTERED,0.8547348868240299,0.0,2023
SHORT,2023-03-03,12036.5,12036.75,2023-03-03,12324.75,12324.5,{},1,1,NQ,5,fixed_hold,0,0.0,-288.25,-288.45,0.011396681506082851,-287.75,2023-03-02,-0.011192114180100465,ENTERED,0.86823703573982,0.0,2023
LONG,2023-03-06,12292.25,12292.0,2023-03-06,12330.25,12330.5,{},1,1,NQ,5,fixed_hold,0,0.0,38.0,37.8,0.012815527128314836,38.5,2023-03-03,0.02706306381382939,ENTERED,0.772879218452981,0.0,2023
LONG,2023-03-07,12330.75,12330.5,2023-03-07,12176.0,12176.25,{},1,1,NQ,5,fixed_hold,0,0.0,-154.75,-154.95,0.01275824547984323,-154.25,2023-03-06,0.019576227390180945,ENTERED,0.776349272056541,0.0,2023
LONG,2023-03-08,12177.0,12176.75,2023-03-08,12224.5,12224.75,{},1,1,NQ,5,fixed_hold,0,0.0,47.5,47.3,0.012291391278525327,48.0,2023-03-07,0.012788521522145935,ENTERED,0.8061609489271652,0.0,2023
LONG,2023-03-09,12225.5,12225.25,2023-03-09,11986.0,11986.25,{},1,1,NQ,5,fixed_hold,0,0.0,-239.5,-239.7,0.011995038239687549,-239.0,2023-03-08,0.021175733528244756,ENTERED,0.8260782048985922,0.0,2023
SHORT,2023-03-10,11985.5,11985.75,2023-03-10,11892.75,11892.5,{},1,1,NQ,5,fixed_hold,0,0.0,92.75,92.55,0.012532418981631746,93.25,2023-03-09,-0.0042575285565940035,ENTERED,0.7907765487512107,0.0,2023
SHORT,2023-03-13,11989.75,11990.0,2023-03-13,11947.0,11946.75,{},1,1,NQ,5,fixed_hold,0,0.0,42.75,42.55,0.012541354072272578,43.25,2023-03-10,-0.035052131932330144,ENTERED,0.7902131598141774,0.0,2023
SHORT,2023-03-14,11948.5,11948.75,2023-03-14,12197.0,12196.75,{},1,1,NQ,5,fixed_hold,0,0.0,-248.5,-248.7,0.011825822293123267,-248.0,2023-03-13,-0.039000713731578096,ENTERED,0.8380734300521031,0.0,2023
SHORT,2023-03-15,12325.75,12326.0,2023-03-15,12404.25,12404.0,{},1,1,NQ,5,fixed_hold,0,0.0,-78.5,-78.7,0.012851893773138997,-78.0,2023-03-14,-0.006461861803701785,ENTERED,0.7711631941044098,0.0,2023
SHORT,2023-03-16,12403.0,12403.25,2023-03-16,12723.5,12723.25,{},1,1,NQ,5,fixed_hold,0,0.0,-320.5,-320.7,0.012642861317237157,-320.0,2023-03-15,-0.0041413343889359355,ENTERED,0.7840453925262948,0.0,2023
LONG,2023-03-17,12723.25,12723.0,2023-03-17,12648.25,12648.5,{},1,1,NQ,5,fixed_hold,0,0.0,-75.0,-75.2,0.012918241024784786,-74.5,2023-03-16,0.041815140754994484,ENTERED,0.7673318019930546,0.0,2023
LONG,2023-03-20,12706.5,12706.25,2023-03-20,12692.25,12692.5,{},1,1,NQ,5,fixed_hold,0,0.0,-14.25,-14.45,0.012965086465305425,-13.75,2023-03-17,0.04385890545517901,ENTERED,0.7646044762533535,0.0,2023
LONG,2023-03-21,12692.5,12692.25,2023-03-21,12868.5,12868.75,{},1,1,NQ,5,fixed_hold,0,0.0,176.0,175.8,0.012984402691054695,176.5,2023-03-20,0.05128230639830744,ENTERED,0.7634670136358095,0.0,2023
LONG,2023-03-22,12868.5,12868.25,2023-03-22,12718.75,12719.0,{},1,1,NQ,5,fixed_hold,0,0.0,-149.75,-149.95,0.012250060591257326,-149.25,2023-03-21,0.04403293850397527,ENTERED,0.8093495345855817,0.0,2023
LONG,2023-03-23,12718.75,12718.5,2023-03-23,12864.5,12864.75,{},1,1,NQ,5,fixed_hold,0,0.0,145.75,145.55,0.012615103533825849,146.25,2023-03-22,0.025395033860045046,ENTERED,0.7859294068886999,0.0,2023
LONG,2023-03-24,12865.25,12865.0,2023-03-24,12922.5,12922.75,{},1,1,NQ,5,fixed_hold,0,0.0,57.25,57.05,0.012812465320037983,57.75,2023-03-23,0.011121372290884723,ENTERED,0.7746540244770275,0.0,2023
LONG,2023-03-27,12948.5,12948.25,2023-03-27,12822.5,12822.75,{},1,1,NQ,5,fixed_hold,0,0.0,-126.0,-126.2,0.01223836417399621,-125.5,2023-03-24,0.021682412934340034,ENTERED,0.8109930120177876,0.0,2023
LONG,2023-03-28,12823.0,12822.75,2023-03-28,12759.25,12759.5,{},1,1,NQ,5,fixed_hold,0,0.0,-63.75,-63.95,0.012398546823407894,-63.25,2023-03-27,0.01026196572779181,ENTERED,0.8009846618317998,0.0,2023
SHORT,2023-03-29,12759.75,12760.0,2023-03-29,12943.25,12943.0,{},1,1,NQ,5,fixed_hold,0,0.0,-183.5,-183.7,0.012367974479058429,-183.0,2023-03-28,-0.008489558037882539,ENTERED,0.8029646124649149,0.0,2023
LONG,2023-03-30,12943.75,12943.5,2023-03-30,13096.25,13096.5,{},1,1,NQ,5,fixed_hold,0,0.0,152.5,152.3,0.01256314513857141,153.0,2023-03-29,0.017611447440836647,ENTERED,0.7908940400639959,0.0,2023
LONG,2023-03-31,13096.0,13095.75,2023-03-31,13307.75,13308.0,{},1,1,NQ,5,fixed_hold,0,0.0,211.75,211.55,0.012707868732528974,212.25,2023-03-30,0.018014341514603904,ENTERED,0.7818869413657943,0.0,2023
LONG,2023-04-03,13240.0,13239.75,2023-04-03,13247.25,13247.5,{},1,1,NQ,5,fixed_hold,0,0.0,7.25,7.05,0.012159974490305878,7.75,2023-03-31,0.029811766071462964,ENTERED,0.8178858950895598,0.0,2023
LONG,2023-04-04,13248.0,13247.75,2023-04-04,13240.75,13241.0,{},1,1,NQ,5,fixed_hold,0,0.0,-7.25,-7.45,0.01226585327292839,-6.75,2023-04-03,0.03312471973640618,ENTERED,0.8108259082326053,0.0,2023
LONG,2023-04-05,13240.75,13240.5,2023-04-05,13057.0,13057.25,{},1,1,NQ,5,fixed_hold,0,0.0,-183.75,-183.95,0.011764285798201284,-183.25,2023-04-04,0.03773658842431127,ENTERED,0.8454262118747814,0.0,2023
LONG,2023-04-06,13057.0,13056.75,2023-04-06,13159.5,13159.75,{},1,1,NQ,5,fixed_hold,0,0.0,102.5,102.3,0.012373953634622329,103.0,2023-04-05,0.008827165263076697,ENTERED,0.8037718478237341,0.0,2023
LONG,2023-04-07,13159.75,13159.5,2023-04-07,13184.0,13184.25,{},1,1,NQ,5,fixed_hold,0,0.0,24.25,24.05,0.011284746763136557,24.75,2023-04-06,0.0048295346084832325,ENTERED,0.8813655122946312,0.0,2023
SHORT,2023-04-10,13156.5,13156.75,2023-04-10,13172.5,13172.25,{},1,1,NQ,5,fixed_hold,0,0.0,-16.0,-16.2,0.010962944073617746,-15.5,2023-04-07,-0.009298917944093876,ENTERED,0.9072368284667243,0.0,2023
SHORT,2023-04-11,13171.75,13172.0,2023-04-11,13089.75,13089.5,{},1,1,NQ,5,fixed_hold,0,0.0,82.0,81.8,0.010876992570493543,82.5,2023-04-10,-0.005680317040951066,ENTERED,0.91696481313843,0.0,2023
SHORT,2023-04-12,13089.25,13089.5,2023-04-12,12931.5,12931.25,{},1,1,NQ,5,fixed_hold,0,0.0,157.75,157.55,0.010394813347495003,158.25,2023-04-11,-0.0114417340080053,ENTERED,0.959499620290368,0.0,2023
SHORT,2023-04-13,12931.75,12932.0,2023-04-13,13192.0,13191.75,{},1,1,NQ,5,fixed_hold,0,0.0,-260.25,-260.45,0.01089395769435626,-259.75,2023-04-12,-0.009649811407455577,ENTERED,0.9171848066143204,0.0,2023
LONG,2023-04-14,13192.0,13191.75,2023-04-14,13199.25,13199.5,{},1,1,NQ,5,fixed_hold,0,0.0,7.25,7.05,0.010312614959954381,7.75,2023-04-13,0.0024316571363438566,ENTERED,0.9688883488778033,0.0,2023
LONG,2023-04-17,13186.75,13186.5,2023-04-17,13178.5,13178.75,{},1,1,NQ,5,fixed_hold,0,0.0,-8.25,-8.45,0.010157573699828358,-7.75,2023-04-14,0.0011566831636233843,ENTERED,0.983833926000425,0.0,2023
LONG,2023-04-18,13178.5,13178.25,2023-04-18,13174.75,13175.0,{},1,1,NQ,5,fixed_hold,0,0.0,-3.75,-3.95,0.010186413623429086,-3.25,2023-04-17,0.000493461633358061,ENTERED,0.981048480964461,0.0,2023
LONG,2023-04-19,13174.5,13174.25,2023-04-19,13127.5,13127.75,{},1,1,NQ,5,fixed_hold,0,0.0,-47.0,-47.2,0.009796426483435811,-46.5,2023-04-18,0.006531953092173026,ENTERED,1.020103159926528,0.0,2023
LONG,2023-04-20,13128.0,13127.75,2023-04-20,13082.5,13082.75,{},1,1,NQ,5,fixed_hold,0,0.0,-45.5,-45.7,0.009397538934805504,-45.0,2023-04-19,0.015195746737554527,ENTERED,1.063232890066183,0.0,2023
SHORT,2023-04-21,13081.5,13081.75,2023-04-21,13076.25,13076.0,{},1,1,NQ,5,fixed_hold,0,0.0,5.25,5.05,0.009164253823531384,5.75,2023-04-20,-0.008262739970056887,ENTERED,1.09029853096239,0.0,2023
SHORT,2023-04-24,13067.75,13068.0,2023-04-24,13049.75,13049.5,{},1,1,NQ,5,fixed_hold,0,0.0,18.0,17.8,0.009128356223148209,18.5,2023-04-21,-0.009356415015720265,ENTERED,1.0926194394800808,0.0,2023
SHORT,2023-04-25,13049.25,13049.5,2023-04-25,12960.5,12960.25,{},1,1,NQ,5,fixed_hold,0,0.0,88.75,88.55,0.008940210662095206,89.25,2023-04-24,-0.009807455183534097,ENTERED,1.115613472308634,0.0,2023
SHORT,2023-04-26,12959.75,12960.0,2023-04-26,12956.75,12956.5,{},1,1,NQ,5,fixed_hold,0,0.0,3.0,2.8,0.009015693039953927,3.5,2023-04-25,-0.01629981024667937,ENTERED,1.103186029951377,0.0,2023
SHORT,2023-04-27,12957.0,12957.25,2023-04-27,13210.25,13210.0,{},1,1,NQ,5,fixed_hold,0,0.0,-253.25,-253.45,0.00843210400714634,-252.75,2023-04-26,-0.01304488583344443,ENTERED,1.1795379425559331,0.0,2023
LONG,2023-04-28,13209.75,13209.5,2023-04-28,13325.5,13325.75,{},1,1,NQ,5,fixed_hold,0,0.0,115.75,115.55,0.009144374107696225,116.25,2023-04-27,0.009726548317440908,ENTERED,1.08764530635452,0.0,2023
LONG,2023-05-01,13307.25,13307.0,2023-05-01,13285.5,13285.75,{},1,1,NQ,5,fixed_hold,0,0.0,-21.75,-21.95,0.008611433772820067,-21.25,2023-04-28,0.01909987763842147,ENTERED,1.1549569839551288,0.0,2023
LONG,2023-05-02,13285.5,13285.25,2023-05-02,13181.5,13181.75,{},1,1,NQ,5,fixed_hold,0,0.0,-104.0,-104.2,0.00857440672856585,-103.5,2023-05-01,0.01810414192114629,ENTERED,1.159902012478187,0.0,2023
LONG,2023-05-03,13182.25,13182.0,2023-05-03,13098.0,13098.25,{},1,1,NQ,5,fixed_hold,0,0.0,-84.25,-84.45,0.008759530138433912,-83.75,2023-05-02,0.017090719700623147,ENTERED,1.1353887095647524,0.0,2023
LONG,2023-05-04,13098.5,13098.25,2023-05-04,13093.5,13093.75,{},1,1,NQ,5,fixed_hold,0,0.0,-5.0,-5.2,0.008288844631376639,-4.5,2023-05-03,0.010940454598078242,ENTERED,1.1987336060013554,0.0,2023
SHORT,2023-05-05,13093.5,13093.75,2023-05-05,13310.75,13310.5,{},1,1,NQ,5,fixed_hold,0,0.0,-217.25,-217.45,0.008090384937562046,-216.75,2023-05-04,-0.008800151400454315,ENTERED,1.2281389193762193,0.0,2023
SHORT,2023-05-08,13304.0,13304.25,2023-05-08,13337.75,13337.5,{},1,1,NQ,5,fixed_hold,0,0.0,-33.75,-33.95,0.008914439689349756,-33.25,2023-05-05,-0.0011444008779992743,ENTERED,1.114040386230658,0.0,2023
LONG,2023-05-09,13337.25,13337.0,2023-05-09,13274.5,13274.75,{},1,1,NQ,5,fixed_hold,0,0.0,-62.75,-62.95,0.008913946577208853,-62.25,2023-05-08,0.003895150819487103,ENTERED,1.114102014022024,0.0,2023
LONG,2023-05-10,13275.0,13274.75,2023-05-10,13421.75,13422.0,{},1,1,NQ,5,fixed_hold,0,0.0,146.75,146.55,0.008856072035271473,147.25,2023-05-09,0.007055208906253219,ENTERED,1.1207257330462221,0.0,2023
LONG,2023-05-11,13422.5,13422.25,2023-05-11,13454.75,13455.0,{},1,1,NQ,5,fixed_hold,0,0.0,32.25,32.05,0.008601936135645551,32.75,2023-05-10,0.024717042352986107,ENTERED,1.1538364929856466,0.0,2023
LONG,2023-05-12,13454.5,13454.25,2023-05-12,13370.25,13370.5,{},1,1,NQ,5,fixed_hold,0,0.0,-84.25,-84.45,0.0074608802529593996,-83.75,2023-05-11,0.02758949880668271,ENTERED,1.3288754814482673,0.0,2023
LONG,2023-05-15,13366.5,13366.25,2023-05-15,13457.75,13458.0,{},1,1,NQ,5,fixed_hold,0,0.0,91.25,91.05,0.007637527472288488,91.75,2023-05-12,0.00450771946959172,ENTERED,1.2981401211521293,0.0,2023
LONG,2023-05-16,13458.25,13458.0,2023-05-16,13499.25,13499.5,{},1,1,NQ,5,fixed_hold,0,0.0,41.0,40.8,0.007727155774445159,41.5,2023-05-15,0.00903467666354274,ENTERED,1.282899353364738,0.0,2023
LONG,2023-05-17,13500.0,13499.75,2023-05-17,13643.25,13643.5,{},1,1,NQ,5,fixed_hold,0,0.0,143.25,143.05,0.00773261905004259,143.75,2023-05-16,0.016930638995084513,ENTERED,1.2819929550686575,0.0,2023
LONG,2023-05-18,13643.5,13643.25,2023-05-18,13929.25,13929.5,{},1,1,NQ,5,fixed_hold,0,0.0,285.75,285.55,0.007918447810671192,286.25,2023-05-17,0.016502756668156815,ENTERED,1.2518333644594033,0.0,2023
LONG,2023-05-19,13930.0,13929.75,2023-05-19,13840.75,13841.0,{},1,1,NQ,5,fixed_hold,0,0.0,-89.25,-89.45,0.00886666831715293,-88.75,2023-05-18,0.03526570048309163,ENTERED,1.1179596224381634,0.0,2023
LONG,2023-05-22,13853.5,13853.25,2023-05-22,13942.5,13942.75,{},1,1,NQ,5,fixed_hold,0,0.0,89.0,88.8,0.009087973801252662,89.5,2023-05-19,0.03518940952096039,ENTERED,1.0905519392032523,0.0,2023
LONG,2023-05-23,13942.75,13942.5,2023-05-23,13748.0,13748.25,{},1,1,NQ,5,fixed_hold,0,0.0,-194.75,-194.95,0.009063068879784104,-194.25,2023-05-22,0.03601946797443922,ENTERED,1.0935487287856227,0.0,2023
LONG,2023-05-24,13747.5,13747.25,2023-05-24,13846.75,13847.0,{},1,1,NQ,5,fixed_hold,0,0.0,99.25,99.05,0.009607148059842053,99.75,2023-05-23,0.018426608392903443,ENTERED,1.0315593106370682,0.0,2023
LONG,2023-05-25,13847.25,13847.0,2023-05-25,13965.25,13965.5,{},1,1,NQ,5,fixed_hold,0,0.0,118.0,117.8,0.009617812637343051,118.5,2023-05-24,0.014915527540587226,ENTERED,1.0304154804721457,0.0,2023
LONG,2023-05-26,13965.75,13965.5,2023-05-26,14367.0,14367.25,{},1,1,NQ,5,fixed_hold,0,0.0,401.25,401.05,0.008932990302800104,401.75,2023-05-25,0.0025844430884096603,ENTERED,1.10924106271839,0.0,2023
LONG,2023-05-29,14417.25,14417.0,2023-05-29,14386.0,14386.25,{},1,1,NQ,5,fixed_hold,0,0.0,-31.25,-31.45,0.010597945935354762,-30.75,2023-05-26,0.038021096741565064,ENTERED,0.9351192287873443,0.0,2023
LONG,2023-05-30,14386.5,14386.25,2023-05-30,14422.0,14422.25,{},1,1,NQ,5,fixed_hold,0,0.0,35.5,35.3,0.010495002702565514,36.0,2023-05-29,0.03180864607053846,ENTERED,0.9442916129384438,0.0,2023
LONG,2023-05-31,14423.0,14422.75,2023-05-31,14310.0,14310.25,{},1,1,NQ,5,fixed_hold,0,0.0,-113.0,-113.2,0.0101280221596318,-112.5,2023-05-30,0.04902442128998241,ENTERED,0.9785629707532899,0.0,2023
LONG,2023-06-01,14310.75,14310.5,2023-06-01,14483.0,14483.25,{},1,1,NQ,5,fixed_hold,0,0.0,172.25,172.05,0.01021371273519602,172.75,2023-05-31,0.03345489997833462,ENTERED,0.9703530644867148,0.0,2023
LONG,2023-06-02,14483.75,14483.5,2023-06-02,14587.5,14587.75,{},1,1,NQ,5,fixed_hold,0,0.0,103.75,103.55,0.010282555126736826,104.25,2023-06-01,0.03707350255987962,ENTERED,0.9640188690410139,0.0,2023
LONG,2023-06-05,14537.5,14537.25,2023-06-05,14565.75,14566.0,{},1,1,NQ,5,fixed_hold,0,0.0,28.25,28.05,0.009941717235435823,28.75,2023-06-02,0.015347404687744648,ENTERED,0.9970689096644951,0.0,2023
LONG,2023-06-06,14567.0,14566.75,2023-06-06,14595.25,14595.5,{},1,1,NQ,5,fixed_hold,0,0.0,28.25,28.05,0.01002117891317864,28.75,2023-06-05,0.012494569467373262,ENTERED,0.9892212515383499,0.0,2023
LONG,2023-06-07,14595.25,14595.0,2023-06-07,14329.75,14330.0,{},1,1,NQ,5,fixed_hold,0,0.0,-265.5,-265.7,0.009807869073468908,-265.0,2023-06-06,0.012012688727486953,ENTERED,1.0106759266335488,0.0,2023
LONG,2023-06-08,14329.75,14329.5,2023-06-08,14500.25,14500.5,{},1,1,NQ,5,fixed_hold,0,0.0,170.5,170.3,0.01093938699601725,171.0,2023-06-07,0.001380129627365223,ENTERED,0.9061900040645261,0.0,2023
LONG,2023-06-09,14500.75,14500.5,2023-06-09,14566.0,14566.25,{},1,1,NQ,5,fixed_hold,0,0.0,65.25,65.05,0.01110201102504386,65.75,2023-06-08,0.001191031018590527,ENTERED,0.8929159882855668,0.0,2023
SHORT,2023-06-12,14590.25,14590.5,2023-06-12,14821.0,14820.75,{},1,1,NQ,5,fixed_hold,0,0.0,-230.75,-230.95,0.010845250867183283,-230.25,2023-06-09,-0.0014738393515104642,ENTERED,0.9141863991528208,0.0,2023
LONG,2023-06-13,14820.0,14819.75,2023-06-13,14920.5,14920.75,{},1,1,NQ,5,fixed_hold,0,0.0,100.5,100.3,0.011230175472614368,101.0,2023-06-12,0.01748935878072233,ENTERED,0.8828518185095814,0.0,2023
LONG,2023-06-14,15105.5,15105.25,2023-06-14,15214.0,15214.25,{},1,1,NQ,5,fixed_hold,0,0.0,108.5,108.3,0.01122897113201534,109.0,2023-06-13,0.02228426569833175,ENTERED,0.8838946780566191,0.0,2023
LONG,2023-06-15,15214.5,15214.25,2023-06-15,15359.0,15359.25,{},1,1,NQ,5,fixed_hold,0,0.0,144.5,144.3,0.011164885546703236,145.0,2023-06-14,0.048738216447831384,ENTERED,0.8889681656047507,0.0,2023
LONG,2023-06-16,15359.75,15359.5,2023-06-16,15300.5,15300.75,{},1,1,NQ,5,fixed_hold,0,0.0,-59.25,-59.45,0.01057667072893319,-58.75,2023-06-15,0.04628444320720693,ENTERED,0.9389576445247623,0.0,2023
LONG,2023-06-19,15302.5,15302.25,2023-06-19,15248.25,15248.5,{},1,1,NQ,5,fixed_hold,0,0.0,-54.25,-54.45,0.010455968202727574,-53.75,2023-06-16,0.03759458371666047,ENTERED,0.949796866440591,0.0,2023
LONG,2023-06-20,15248.5,15248.25,2023-06-20,15261.5,15261.75,{},1,1,NQ,5,fixed_hold,0,0.0,13.0,12.8,0.010575748506288049,13.5,2023-06-19,0.016294742307055854,ENTERED,0.9395189956197758,0.0,2023
LONG,2023-06-21,15261.5,15261.25,2023-06-21,15040.75,15041.0,{},1,1,NQ,5,fixed_hold,0,0.0,-220.75,-220.95,0.009744146315124037,-220.25,2023-06-20,0.010360636202644491,ENTERED,1.019180697147269,0.0,2023
SHORT,2023-06-22,15041.0,15041.25,2023-06-22,15222.25,15222.0,{},1,1,NQ,5,fixed_hold,0,0.0,-181.25,-181.45,0.010613025816135942,-180.75,2023-06-21,-0.011387350674532226,ENTERED,0.9362190186561421,0.0,2023
SHORT,2023-06-23,15221.5,15221.75,2023-06-23,15053.5,15053.25,{},1,1,NQ,5,fixed_hold,0,0.0,168.0,167.8,0.010726674971973932,168.5,2023-06-22,-0.00893598320230482,ENTERED,0.9262997751414704,0.0,2023
SHORT,2023-06-26,15100.25,15100.5,2023-06-26,14893.25,14893.0,{},1,1,NQ,5,fixed_hold,0,0.0,207.0,206.8,0.009462789011243783,207.5,2023-06-23,-0.016175677662859655,ENTERED,1.0500198834348835,0.0,2023
SHORT,2023-06-27,14892.5,14892.75,2023-06-27,15060.0,15059.75,{},1,1,NQ,5,fixed_hold,0,0.0,-167.5,-167.7,0.009862018149401013,-167.0,2023-06-26,-0.023313768567400084,ENTERED,1.0069993467976215,0.0,2023
SHORT,2023-06-28,15059.5,15059.75,2023-06-28,15172.5,15172.25,{},1,1,NQ,5,fixed_hold,0,0.0,-113.0,-113.2,0.010112580905630136,-112.5,2023-06-27,-0.013235703638180385,ENTERED,0.982550024299257,0.0,2023
LONG,2023-06-29,15172.75,15172.5,2023-06-29,15116.75,15117.0,{},1,1,NQ,5,fixed_hold,0,0.0,-56.0,-56.2,0.009942510676657131,-55.5,2023-06-28,0.008726148527358202,ENTERED,0.9993568966320499,0.0,2023
SHORT,2023-06-30,15116.5,15116.75,2023-06-30,15316.75,15316.5,{},1,1,NQ,5,fixed_hold,0,0.0,-200.25,-200.45,0.009752728975949986,-199.75,2023-06-29,-0.006897910918407635,ENTERED,1.0188037255067106,0.0,2023
LONG,2023-07-03,15351.0,15350.75,2023-07-03,15337.0,15337.25,{},1,1,NQ,5,fixed_hold,0,0.0,-14.0,-14.2,0.010022842899892562,-13.5,2023-06-30,0.017487917891485294,ENTERED,0.9913471371143212,0.0,2023
LONG,2023-07-04,15337.75,15337.5,2023-07-04,15340.5,15340.75,{},1,1,NQ,5,fixed_hold,0,0.0,2.75,2.55,0.009992737038337937,3.25,2023-07-03,0.02982945007721738,ENTERED,0.9948943114677818,0.0,2023
LONG,2023-07-05,15341.5,15341.25,2023-07-05,15357.75,15358.0,{},1,1,NQ,5,fixed_hold,0,0.0,16.25,16.05,0.01000071299557379,16.75,2023-07-04,0.018659008283670175,ENTERED,0.9941008445933727,0.0,2023
LONG,2023-07-06,15358.75,15358.5,2023-07-06,15226.25,15226.5,{},1,1,NQ,5,fixed_hold,0,0.0,-132.5,-132.7,0.008818732102492498,-132.0,2023-07-05,0.012242745802369503,ENTERED,1.127340883008106,0.0,2023
LONG,2023-07-07,15226.5,15226.25,2023-07-07,15192.25,15192.5,{},1,1,NQ,5,fixed_hold,0,0.0,-34.25,-34.45,0.008905148141690893,-33.75,2023-07-06,0.007243500694582128,ENTERED,1.1157721866565649,0.0,2023
SHORT,2023-07-10,15181.0,15181.25,2023-07-10,15192.5,15192.25,{},1,1,NQ,5,fixed_hold,0,0.0,-11.5,-11.7,0.008927026070510024,-11.0,2023-07-07,-0.008095844350863635,ENTERED,1.1130377055107465,0.0,2023
SHORT,2023-07-11,15191.75,15192.0,2023-07-11,15264.5,15264.25,{},1,1,NQ,5,fixed_hold,0,0.0,-72.75,-72.95,0.008101561654847203,-72.25,2023-07-10,-0.00945410683140735,ENTERED,1.2258187072626074,0.0,2023
SHORT,2023-07-12,15264.0,15264.25,2023-07-12,15471.75,15471.5,{},1,1,NQ,5,fixed_hold,0,0.0,-207.75,-207.95,0.008034246562419847,-207.25,2023-07-11,-0.00498671838078335,ENTERED,1.2360892533477292,0.0,2023
LONG,2023-07-13,15471.75,15471.5,2023-07-13,15712.0,15712.25,{},1,1,NQ,5,fixed_hold,0,0.0,240.25,240.05,0.008428128103167199,240.75,2023-07-12,0.0073902851933844715,ENTERED,1.1776313437748978,0.0,2023
LONG,2023-07-14,15712.75,15712.5,2023-07-14,15693.5,15693.75,{},1,1,NQ,5,fixed_hold,0,0.0,-19.25,-19.45,0.008851412872963793,-18.75,2023-07-13,0.031901618888122485,ENTERED,1.121315655035807,0.0,2023
LONG,2023-07-17,15667.0,15666.75,2023-07-17,15818.5,15818.75,{},1,1,NQ,5,fixed_hold,0,0.0,151.5,151.3,0.008792813658175769,152.0,2023-07-14,0.03299325324995861,ENTERED,1.1275777269498344,0.0,2023
LONG,2023-07-18,15818.75,15818.5,2023-07-18,15961.5,15961.75,{},1,1,NQ,5,fixed_hold,0,0.0,142.75,142.55,0.008839352760041736,143.25,2023-07-17,0.04123813128404308,ENTERED,1.12164104175117,0.0,2023
LONG,2023-07-19,15961.25,15961.0,2023-07-19,15856.75,15857.0,{},1,1,NQ,5,fixed_hold,0,0.0,-104.5,-104.7,0.008978168038487418,-104.0,2023-07-18,0.04569500630558343,ENTERED,1.1041409677217848,0.0,2023
LONG,2023-07-20,15857.25,15857.0,2023-07-20,15579.75,15580.0,{},1,1,NQ,5,fixed_hold,0,0.0,-277.5,-277.7,0.008354617128747221,-277.0,2023-07-19,0.024916782470995047,ENTERED,1.1865490654591828,0.0,2023
SHORT,2023-07-21,15580.25,15580.5,2023-07-21,15555.25,15555.0,{},1,1,NQ,5,fixed_hold,0,0.0,25.0,24.8,0.009179604404604594,25.5,2023-07-20,-0.008416999474931797,ENTERED,1.0798479680841642,0.0,2023
SHORT,2023-07-24,15548.75,15549.0,2023-07-24,15567.5,15567.25,{},1,1,NQ,5,fixed_hold,0,0.0,-18.75,-18.95,0.008746149378025226,-18.25,2023-07-21,-0.008841099163679589,ENTERED,1.1333647226554522,0.0,2023
SHORT,2023-07-25,15567.25,15567.5,2023-07-25,15637.75,15637.5,{},1,1,NQ,5,fixed_hold,0,0.0,-70.5,-70.7,0.008258379723776606,-70.0,2023-07-24,-0.015898854207822888,ENTERED,1.200103141764003,0.0,2023
SHORT,2023-07-26,15637.75,15638.0,2023-07-26,15654.0,15653.75,{},1,1,NQ,5,fixed_hold,0,0.0,-16.25,-16.45,0.008008694421021546,-15.75,2023-07-25,-0.02031418860713896,ENTERED,1.2375184931978291,0.0,2023
SHORT,2023-07-27,15653.5,15653.75,2023-07-27,15587.25,15587.0,{},1,1,NQ,5,fixed_hold,0,0.0,66.25,66.05,0.007902288513266202,66.75,2023-07-26,-0.012817683042189443,ENTERED,1.2541105039586484,0.0,2023
LONG,2023-07-28,15587.25,15587.0,2023-07-28,15845.75,15846.0,{},1,1,NQ,5,fixed_hold,0,0.0,258.5,258.3,0.00792518904294736,259.0,2023-07-27,0.00044929396662407584,ENTERED,1.2504866415291567,0.0,2023
LONG,2023-07-31,15887.25,15887.0,2023-07-31,15860.0,15860.25,{},1,1,NQ,5,fixed_hold,0,0.0,-27.25,-27.45,0.008220772054907476,-26.75,2023-07-28,0.018707810993249696,ENTERED,1.2053417356117877,0.0,2023
LONG,2023-08-01,15860.5,15860.25,2023-08-01,15752.75,15753.0,{},1,1,NQ,5,fixed_hold,0,0.0,-107.75,-107.95,0.008222505234758178,-107.25,2023-07-31,0.0188215645024008,ENTERED,1.2050876677882074,0.0,2023
LONG,2023-08-02,15753.5,15753.25,2023-08-02,15491.5,15491.75,{},1,1,NQ,5,fixed_hold,0,0.0,-262.0,-262.2,0.008434646554427617,-261.5,2023-08-01,0.007386091127098204,ENTERED,1.174305826222863,0.0,2023
SHORT,2023-08-03,15491.25,15491.5,2023-08-03,15481.5,15481.25,{},1,1,NQ,5,fixed_hold,0,0.0,9.75,9.55,0.0093414694399701,10.25,2023-08-02,-0.010348957917431956,ENTERED,1.0603101208696617,0.0,2023
SHORT,2023-08-04,15480.5,15480.75,2023-08-04,15363.0,15362.75,{},1,1,NQ,5,fixed_hold,0,0.0,117.5,117.3,0.009103336319155157,118.0,2023-08-03,-0.00678449990376595,ENTERED,1.0869664287027592,0.0,2023
SHORT,2023-08-07,15401.5,15401.75,2023-08-07,15488.0,15487.75,{},1,1,NQ,5,fixed_hold,0,0.0,-86.5,-86.7,0.0092795885139163,-86.0,2023-08-04,-0.03049665530733303,ENTERED,1.066321093146852,0.0,2023
SHORT,2023-08-08,15487.5,15487.75,2023-08-08,15353.5,15353.25,{},1,1,NQ,5,fixed_hold,0,0.0,134.0,133.8,0.009429039971410239,134.5,2023-08-07,-0.0234863889282958,ENTERED,1.0491699478648753,0.0,2023
SHORT,2023-08-09,15352.5,15352.75,2023-08-09,15219.0,15218.75,{},1,1,NQ,5,fixed_hold,0,0.0,133.5,133.3,0.00962502614467091,134.0,2023-08-08,-0.025376118834507966,ENTERED,1.027806597771953,0.0,2023
SHORT,2023-08-10,15218.5,15218.75,2023-08-10,15240.0,15239.75,{},1,1,NQ,5,fixed_hold,0,0.0,-21.5,-21.7,0.009297942290496219,-21.0,2023-08-09,-0.01762228282795697,ENTERED,1.063876202040924,0.0,2023
SHORT,2023-08-11,15239.75,15240.0,2023-08-11,15104.0,15103.75,{},1,1,NQ,5,fixed_hold,0,0.0,135.75,135.55,0.008491815334009568,136.25,2023-08-10,-0.015599515542995546,ENTERED,1.1648698354510947,0.0,2023
SHORT,2023-08-14,15137.75,15138.0,2023-08-14,15301.0,15300.75,{},1,1,NQ,5,fixed_hold,0,0.0,-163.25,-163.45,0.008651910341458718,-162.75,2023-08-11,-0.016858960798034284,ENTERED,1.1427532184082883,0.0,2023
SHORT,2023-08-15,15300.5,15300.75,2023-08-15,15122.0,15121.75,{},1,1,NQ,5,fixed_hold,0,0.0,178.5,178.3,0.00902256710086138,179.0,2023-08-14,-0.012074058530128662,ENTERED,1.0958076872753868,0.0,2023
SHORT,2023-08-16,15122.25,15122.5,2023-08-16,14930.75,14930.5,{},1,1,NQ,5,fixed_hold,0,0.0,191.5,191.3,0.008923590707893128,192.0,2023-08-15,-0.015078240763356288,ENTERED,1.1073628139935008,0.0,2023
SHORT,2023-08-17,14929.5,14929.75,2023-08-17,14755.0,14754.75,{},1,1,NQ,5,fixed_hold,0,0.0,174.5,174.3,0.009164076714443555,175.0,2023-08-16,-0.018940451745379838,ENTERED,1.0783031204490312,0.0,2023
SHORT,2023-08-18,14754.0,14754.25,2023-08-18,14744.25,14744.0,{},1,1,NQ,5,fixed_hold,0,0.0,9.75,9.55,0.008769582578298357,10.25,2023-08-17,-0.031824669039846265,ENTERED,1.1253521007352305,0.0,2023
SHORT,2023-08-21,14778.75,14779.0,2023-08-21,14954.75,14954.5,{},1,1,NQ,5,fixed_hold,0,0.0,-176.0,-176.2,0.008777425776908755,-175.5,2023-08-18,-0.023818588098981852,ENTERED,1.124346525723031,0.0,2023
SHORT,2023-08-22,14954.0,14954.25,2023-08-22,14964.75,14964.5,{},1,1,NQ,5,fixed_hold,0,0.0,-10.75,-10.95,0.00953961804470707,-10.25,2023-08-21,-0.0226296096596571,ENTERED,1.0339552144174653,0.0,2023
SHORT,2023-08-23,14964.25,14964.5,2023-08-23,15335.0,15334.75,{},1,1,NQ,5,fixed_hold,0,0.0,-370.75,-370.95,0.009440498294041012,-370.25,2023-08-22,-0.010398928695421805,ENTERED,1.044811143825092,0.0,2023
LONG,2023-08-24,15335.0,15334.75,2023-08-24,14852.25,14852.5,{},1,1,NQ,5,fixed_hold,0,0.0,-482.75,-482.95,0.011188526533197225,-482.25,2023-08-23,0.02707544958306829,ENTERED,0.8815761210030595,0.0,2023
LONG,2023-08-25,14853.25,14853.0,2023-08-25,14972.0,14972.25,{},1,1,NQ,5,fixed_hold,0,0.0,118.75,118.55,0.01309803932133874,119.25,2023-08-24,0.006624985174265907,ENTERED,0.7534614864822718,0.0,2023
LONG,2023-08-28,15010.5,15010.25,2023-08-28,15096.5,15096.75,{},1,1,NQ,5,fixed_hold,0,0.0,86.0,85.8,0.01257611367246644,86.5,2023-08-25,0.015480873575691723,ENTERED,0.7847311525710503,0.0,2023
LONG,2023-08-29,15096.75,15096.5,2023-08-29,15434.25,15434.5,{},1,1,NQ,5,fixed_hold,0,0.0,337.5,337.3,0.012796972676148165,338.0,2023-08-28,0.009512186967133518,ENTERED,0.7721867325415847,0.0,2023
LONG,2023-08-30,15434.75,15434.5,2023-08-30,15502.5,15502.75,{},1,1,NQ,5,fixed_hold,0,0.0,67.75,67.55,0.013884601425204602,68.25,2023-08-29,0.03140766480670898,ENTERED,0.7116986807616031,0.0,2023
LONG,2023-08-31,15503.25,15503.0,2023-08-31,15536.25,15536.5,{},1,1,NQ,5,fixed_hold,0,0.0,33.0,32.8,0.013424938284075517,33.5,2023-08-30,0.010955509545313546,ENTERED,0.7364650904808796,0.0,2023
LONG,2023-09-01,15537.25,15537.0,2023-09-01,15511.0,15511.25,{},1,1,NQ,5,fixed_hold,0,0.0,-26.25,-26.45,0.013431171214924022,-25.75,2023-08-31,0.04605285305504103,ENTERED,0.7361233231168984,0.0,2023
LONG,2023-09-04,15517.0,15516.75,2023-09-04,15525.75,15526.0,{},1,1,NQ,5,fixed_hold,0,0.0,8.75,8.55,0.013311216924728376,9.25,2023-09-01,0.03599993320977113,ENTERED,0.7431221042181805,0.0,2023
LONG,2023-09-05,15526.0,15525.75,2023-09-05,15521.5,15521.75,{},1,1,NQ,5,fixed_hold,0,0.0,-4.5,-4.7,0.013192554121471868,-4.0,2023-09-04,0.02843327206186763,ENTERED,0.7498062497775975,0.0,2023
LONG,2023-09-06,15522.25,15522.0,2023-09-06,15390.25,15390.5,{},1,1,NQ,5,fixed_hold,0,0.0,-132.0,-132.2,0.013027258796372749,-131.5,2023-09-05,0.005652920405585071,ENTERED,0.7593819643757116,0.0,2023
SHORT,2023-09-07,15390.0,15390.25,2023-09-07,15281.0,15280.75,{},1,1,NQ,5,fixed_hold,0,0.0,109.0,108.8,0.013015884307904712,109.5,2023-09-06,-0.007240650852268216,ENTERED,0.760045582858505,0.0,2023
SHORT,2023-09-08,15280.75,15281.0,2023-09-08,15313.25,15313.0,{},1,1,NQ,5,fixed_hold,0,0.0,-32.5,-32.7,0.013129122863602826,-32.0,2023-09-07,-0.01646123644321451,ENTERED,0.7536696145592213,0.0,2023
SHORT,2023-09-11,15323.0,15323.25,2023-09-11,15460.25,15460.0,{},1,1,NQ,5,fixed_hold,0,0.0,-137.25,-137.45,0.012955504212762642,-136.75,2023-09-08,-0.012781046014989084,ENTERED,0.7637696538560409,0.0,2023
SHORT,2023-09-12,15459.5,15459.75,2023-09-12,15311.5,15311.25,{},1,1,NQ,5,fixed_hold,0,0.0,148.0,147.8,0.012805805652551634,148.5,2023-09-11,-0.004250933917300026,ENTERED,0.7734659465975375,0.0,2023
SHORT,2023-09-13,15505.25,15505.5,2023-09-13,15579.75,15579.5,{},1,1,NQ,5,fixed_hold,0,0.0,-74.5,-74.7,0.01270890109075051,-74.0,2023-09-12,-0.013561615152930528,ENTERED,0.7793635752034975,0.0,2023
SHORT,2023-09-14,15579.0,15579.25,2023-09-14,15677.5,15677.25,{},1,1,NQ,5,fixed_hold,0,0.0,-98.5,-98.7,0.012337526263322528,-98.0,2023-09-13,-0.00040135526075568695,ENTERED,0.8031463881206428,0.0,2023
LONG,2023-09-15,15678.0,15677.75,2023-09-15,15382.75,15383.0,{},1,1,NQ,5,fixed_hold,0,0.0,-295.25,-295.45,0.011964662256867228,-294.75,2023-09-14,0.013094798891859494,ENTERED,0.82817545903093,0.0,2023
SHORT,2023-09-18,15413.0,15413.25,2023-09-18,15424.75,15424.5,{},1,1,NQ,5,fixed_hold,0,0.0,-11.75,-11.95,0.012864925665723375,-11.25,2023-09-15,-0.008013801537440579,ENTERED,0.7703381494230866,0.0,2023
SHORT,2023-09-19,15424.5,15424.75,2023-09-19,15384.25,15384.0,{},1,1,NQ,5,fixed_hold,0,0.0,40.25,40.05,0.012518918897546015,40.75,2023-09-18,-0.014795294124861469,ENTERED,0.7916293020910585,0.0,2023
SHORT,2023-09-20,15383.5,15383.75,2023-09-20,15114.25,15114.0,{},1,1,NQ,5,fixed_hold,0,0.0,269.25,269.05,0.01254504312300284,269.75,2023-09-19,-0.007835929186418067,ENTERED,0.7900257779275073,0.0,2023
SHORT,2023-09-21,15113.5,15113.75,2023-09-21,14851.5,14851.25,{},1,1,NQ,5,fixed_hold,0,0.0,262.0,261.8,0.011846819592373234,262.5,2023-09-20,-0.029879007670336133,ENTERED,0.8365880289731858,0.0,2023
SHORT,2023-09-22,14851.25,14851.5,2023-09-22,14876.5,14876.25,{},1,1,NQ,5,fixed_hold,0,0.0,-25.25,-25.45,0.01027554367741559,-24.75,2023-09-21,-0.0526878119568166,ENTERED,0.9646766609454804,0.0,2023
SHORT,2023-09-25,14897.5,14897.75,2023-09-25,14932.0,14931.75,{},1,1,NQ,5,fixed_hold,0,0.0,-34.5,-34.7,0.01009035413289949,-34.0,2023-09-22,-0.03294220893193789,ENTERED,0.9823814936097104,0.0,2023
SHORT,2023-09-26,14931.5,14931.75,2023-09-26,14739.25,14739.0,{},1,1,NQ,5,fixed_hold,0,0.0,192.25,192.05,0.00992055599994365,192.75,2023-09-25,-0.031945930176018655,ENTERED,0.9992547944329536,0.0,2023
SHORT,2023-09-27,14738.25,14738.5,2023-09-27,14775.0,14774.75,{},1,1,NQ,5,fixed_hold,0,0.0,-36.75,-36.95,0.008565250330831222,-36.25,2023-09-26,-0.04192667706708275,ENTERED,1.157301512653716,0.0,2023
SHORT,2023-09-28,14774.25,14774.5,2023-09-28,14867.75,14867.5,{},1,1,NQ,5,fixed_hold,0,0.0,-93.5,-93.7,0.008486747828646161,-93.0,2023-09-27,-0.022446076485377997,ENTERED,1.1680065632054968,0.0,2023
LONG,2023-09-29,14868.0,14867.75,2023-09-29,14891.25,14891.5,{},1,1,NQ,5,fixed_hold,0,0.0,23.25,23.05,0.008665944254853486,23.75,2023-09-28,0.001094183991246389,ENTERED,1.143661574655722,0.0,2023
LONG,2023-10-02,14953.75,14953.5,2023-10-02,14993.75,14994.0,{},1,1,NQ,5,fixed_hold,0,0.0,40.0,39.8,0.00871899570877623,40.5,2023-09-29,0.0010251239391645406,ENTERED,1.136702870768531,0.0,2023
LONG,2023-10-03,14994.25,14994.0,2023-10-03,14716.0,14716.25,{},1,1,NQ,5,fixed_hold,0,0.0,-278.25,-278.45,0.00894516697990194,-277.75,2023-10-02,0.004168968808076379,ENTERED,1.1078991652213468,0.0,2023
SHORT,2023-10-04,14716.25,14716.5,2023-10-04,14914.5,14914.25,{},1,1,NQ,5,fixed_hold,0,0.0,-198.25,-198.45,0.009628838046810808,-197.75,2023-10-03,-0.0015435239839882708,ENTERED,1.0292356130220037,0.0,2023
LONG,2023-10-05,14914.5,14914.25,2023-10-05,14851.75,14852.0,{},1,1,NQ,5,fixed_hold,0,0.0,-62.75,-62.95,0.01023229611738404,-62.25,2023-10-04,0.009441784124942787,ENTERED,0.9685355971043346,0.0,2023
SHORT,2023-10-06,14851.75,14852.0,2023-10-06,15139.75,15139.5,{},1,1,NQ,5,fixed_hold,0,0.0,-288.0,-288.2,0.01017774539601347,-287.5,2023-10-05,-0.0010425424583824228,ENTERED,0.9737822147001688,0.0,2023
LONG,2023-10-09,15028.25,15028.0,2023-10-09,15199.75,15200.0,{},1,1,NQ,5,fixed_hold,0,0.0,171.5,171.3,0.01122165059638613,172.0,2023-10-06,0.016653795789544068,ENTERED,0.8831951562968996,0.0,2023
LONG,2023-10-10,15199.75,15199.5,2023-10-10,15287.25,15287.5,{},1,1,NQ,5,fixed_hold,0,0.0,87.5,87.3,0.011007317827166184,88.0,2023-10-09,0.013738828864879205,ENTERED,0.9005442851540421,0.0,2023
LONG,2023-10-11,15288.0,15287.75,2023-10-11,15414.75,15415.0,{},1,1,NQ,5,fixed_hold,0,0.0,126.75,126.55,0.010941130537211945,127.25,2023-10-10,0.03881763356833434,ENTERED,0.9059920389775982,0.0,2023
LONG,2023-10-12,15415.0,15414.75,2023-10-12,15329.75,15330.0,{},1,1,NQ,5,fixed_hold,0,0.0,-85.25,-85.45,0.011062610758348123,-84.75,2023-10-11,0.03357527197143684,ENTERED,0.8960961714126636,0.0,2023
LONG,2023-10-13,15330.75,15330.5,2023-10-13,15107.25,15107.5,{},1,1,NQ,5,fixed_hold,0,0.0,-223.5,-223.7,0.010998091266268358,-223.0,2023-10-12,0.032184217613789645,ENTERED,0.9013530535783436,0.0,2023
SHORT,2023-10-16,15166.0,15166.25,2023-10-16,15290.5,15290.25,{},1,1,NQ,5,fixed_hold,0,0.0,-124.5,-124.7,0.010673885649805688,-124.0,2023-10-13,-0.0021136761451829855,ENTERED,0.9288633177702987,0.0,2023
LONG,2023-10-17,15290.75,15290.5,2023-10-17,15211.25,15211.5,{},1,1,NQ,5,fixed_hold,0,0.0,-79.5,-79.7,0.011038917319450494,-79.0,2023-10-16,0.005937500000000151,ENTERED,0.8981479389024747,0.0,2023
SHORT,2023-10-18,15209.75,15210.0,2023-10-18,15037.75,15037.5,{},1,1,NQ,5,fixed_hold,0,0.0,172.0,171.8,0.011080318604198657,172.5,2023-10-17,-0.004971381847915124,ENTERED,0.8953312945518066,0.0,2023
SHORT,2023-10-19,15037.75,15038.0,2023-10-19,14843.75,14843.5,{},1,1,NQ,5,fixed_hold,0,0.0,194.0,193.8,0.010661836842131855,194.5,2023-10-18,-0.024489133960428178,ENTERED,0.930473439692969,0.0,2023
SHORT,2023-10-20,14843.25,14843.5,2023-10-20,14649.25,14649.0,{},1,1,NQ,5,fixed_hold,0,0.0,194.0,193.8,0.010323251171609543,194.5,2023-10-19,-0.03173515981735153,ENTERED,0.9614439926576236,0.0,2023
SHORT,2023-10-23,14709.5,14709.75,2023-10-23,14763.0,14762.75,{},1,1,NQ,5,fixed_hold,0,0.0,-53.5,-53.7,0.010720074363195014,-53.0,2023-10-20,-0.03034916432235657,ENTERED,0.9258543819169601,0.0,2023
SHORT,2023-10-24,14761.5,14761.75,2023-10-24,14815.25,14815.0,{},1,1,NQ,5,fixed_hold,0,0.0,-53.75,-53.95,0.010845348954216207,-53.25,2023-10-23,-0.034499108909272436,ENTERED,0.9156962930816849,0.0,2023
SHORT,2023-10-25,14814.75,14815.0,2023-10-25,14350.5,14350.25,{},1,1,NQ,5,fixed_hold,0,0.0,464.25,464.05,0.010473153915317217,464.75,2023-10-24,-0.02606580547612014,ENTERED,0.9482383162562651,0.0,2023
SHORT,2023-10-26,14349.75,14350.0,2023-10-26,14315.5,14315.25,{},1,1,NQ,5,fixed_hold,0,0.0,34.25,34.05,0.01262008029699853,34.75,2023-10-25,-0.045702410640066526,ENTERED,0.787325942523379,0.0,2023
SHORT,2023-10-27,14314.5,14314.75,2023-10-27,14270.25,14270.0,{},1,1,NQ,5,fixed_hold,0,0.0,44.25,44.05,0.012491551021640533,44.75,2023-10-26,-0.03558796779735229,ENTERED,0.7954269727867763,0.0,2023
SHORT,2023-10-30,14331.75,14332.0,2023-10-30,14398.75,14398.5,{},1,1,NQ,5,fixed_hold,0,0.0,-67.0,-67.2,0.012468143925207094,-66.5,2023-10-27,-0.0258720731790566,ENTERED,0.7973694637368162,0.0,2023
SHORT,2023-10-31,14397.75,14398.0,2023-10-31,14453.5,14453.25,{},1,1,NQ,5,fixed_hold,0,0.0,-55.75,-55.95,0.012556910798113366,-55.25,2023-10-30,-0.024673587238150052,ENTERED,0.7917327275216076,0.0,2023
SHORT,2023-11-01,14452.75,14453.0,2023-11-01,14793.0,14792.75,{},1,1,NQ,5,fixed_hold,0,0.0,-340.25,-340.45,0.011985219166496155,-339.75,2023-10-31,-0.02441781977725277,ENTERED,0.8295643607795448,0.0,2023
LONG,2023-11-02,14793.0,14792.75,2023-11-02,14943.0,14943.25,{},1,1,NQ,5,fixed_hold,0,0.0,150.0,149.8,0.012797354701228413,150.5,2023-11-01,0.030835699726485366,ENTERED,0.7769192078189998,0.0,2023
LONG,2023-11-03,14944.25,14944.0,2023-11-03,15186.0,15186.25,{},1,1,NQ,5,fixed_hold,0,0.0,241.75,241.55,0.012971551818642766,242.25,2023-11-02,0.04386930022179136,ENTERED,0.766714095531451,0.0,2023
LONG,2023-11-06,15176.0,15175.75,2023-11-06,15208.5,15208.75,{},1,1,NQ,5,fixed_hold,0,0.0,32.5,32.3,0.0127498073998231,33.0,2023-11-03,0.06420812894183592,ENTERED,0.7800487731609206,0.0,2023
LONG,2023-11-07,15209.0,15208.75,2023-11-07,15368.25,15368.5,{},1,1,NQ,5,fixed_hold,0,0.0,159.25,159.05,0.012723101998479827,159.75,2023-11-06,0.05627322290516368,ENTERED,0.7817146776763986,0.0,2023
LONG,2023-11-08,15368.75,15368.5,2023-11-08,15357.75,15358.0,{},1,1,NQ,5,fixed_hold,0,0.0,-11.0,-11.2,0.012877414105580336,-10.5,2023-11-07,0.06332485773095997,ENTERED,0.7723472660148161,0.0,2023
LONG,2023-11-09,15358.0,15357.75,2023-11-09,15232.5,15232.75,{},1,1,NQ,5,fixed_hold,0,0.0,-125.5,-125.7,0.01273983014148833,-125.0,2023-11-08,0.03821128593398804,ENTERED,0.7807000958056018,0.0,2023
LONG,2023-11-10,15232.75,15232.5,2023-11-10,15582.75,15583.0,{},1,1,NQ,5,fixed_hold,0,0.0,350.0,349.8,0.012812305556744565,350.5,2023-11-09,0.01937329563515311,ENTERED,0.7762839067455222,0.0,2023
LONG,2023-11-13,15561.0,15560.75,2023-11-13,15558.0,15558.25,{},1,1,NQ,5,fixed_hold,0,0.0,-3.0,-3.2,0.013346858913868342,-2.5,2023-11-10,0.0261256070458471,ENTERED,0.7472784064231915,0.0,2023
LONG,2023-11-14,15558.5,15558.25,2023-11-14,15904.5,15904.75,{},1,1,NQ,5,fixed_hold,0,0.0,346.0,345.8,0.013131375034467712,346.5,2023-11-13,0.022980192323497795,ENTERED,0.7595411321153389,0.0,2023
LONG,2023-11-15,15905.25,15905.0,2023-11-15,15864.5,15864.75,{},1,1,NQ,5,fixed_hold,0,0.0,-40.75,-40.95,0.013871476351262681,-40.25,2023-11-14,0.034892800208218056,ENTERED,0.7203106740872043,0.0,2023
LONG,2023-11-16,15865.0,15864.75,2023-11-16,15885.5,15885.75,{},1,1,NQ,5,fixed_hold,0,0.0,20.5,20.3,0.013545228427410193,21.0,2023-11-15,0.0329958327907276,ENTERED,0.7376599468004048,0.0,2023
LONG,2023-11-17,15886.25,15886.0,2023-11-17,15874.0,15874.25,{},1,1,NQ,5,fixed_hold,0,0.0,-12.25,-12.45,0.013043299423782594,-11.75,2023-11-16,0.04286816234757307,ENTERED,0.7661203437619172,0.0,2023
LONG,2023-11-20,15864.5,15864.25,2023-11-20,16100.75,16101.0,{},1,1,NQ,5,fixed_hold,0,0.0,236.25,236.05,0.012497229013606954,236.75,2023-11-17,0.018690239363408745,ENTERED,0.7995962166859444,0.0,2023
LONG,2023-11-21,16100.75,16100.5,2023-11-21,15954.5,15954.75,{},1,1,NQ,5,fixed_hold,0,0.0,-146.25,-146.45,0.01268154479817145,-145.75,2023-11-20,0.03488502884321809,ENTERED,0.7880243117685266,0.0,2023
LONG,2023-11-22,15954.75,15954.5,2023-11-22,16045.25,16045.5,{},1,1,NQ,5,fixed_hold,0,0.0,90.5,90.3,0.013037041298658522,91.0,2023-11-21,0.003143714927930308,ENTERED,0.7665363162398732,0.0,2023
LONG,2023-11-23,16046.0,16045.75,2023-11-23,16064.75,16065.0,{},1,1,NQ,5,fixed_hold,0,0.0,18.75,18.55,0.010072780056061397,19.25,2023-11-22,0.011393183000047102,ENTERED,0.9922024597483359,0.0,2023
LONG,2023-11-24,16064.75,16064.5,2023-11-24,16010.75,16011.0,{},1,1,NQ,5,fixed_hold,0,0.0,-54.0,-54.2,0.009950800893157526,-53.5,2023-11-23,0.011283697653557523,ENTERED,1.0042775168592246,0.0,2023
LONG,2023-11-27,15987.0,15986.75,2023-11-27,16009.25,16009.5,{},1,1,NQ,5,fixed_hold,0,0.0,22.25,22.05,0.00996042525568065,22.75,2023-11-24,0.00861458021638839,ENTERED,1.0033071234625608,0.0,2023
SHORT,2023-11-28,16009.5,16009.75,2023-11-28,16053.25,16053.0,{},1,1,NQ,5,fixed_hold,0,0.0,-43.75,-43.95,0.010014895700050921,-43.25,2023-11-27,-0.005682876839947615,ENTERED,0.9978501934563316,0.0,2023
LONG,2023-11-29,16052.75,16052.5,2023-11-29,16046.75,16047.0,{},1,1,NQ,5,fixed_hold,0,0.0,-6.0,-6.2,0.010026737108371655,-5.5,2023-11-28,0.0061580407088797084,ENTERED,0.9967586703538461,0.0,2023
LONG,2023-11-30,16047.5,16047.25,2023-11-30,15963.75,15964.0,{},1,1,NQ,5,fixed_hold,0,0.0,-83.75,-83.95,0.009129213431600633,-83.25,2023-11-29,9.348415443577451e-05,ENTERED,1.0946579008821191,0.0,2023
SHORT,2023-12-01,15964.0,15964.25,2023-12-01,16030.5,16030.25,{},1,1,NQ,5,fixed_hold,0,0.0,-66.5,-66.7,0.009237598616531183,-66.0,2023-11-30,-0.006286959228135824,ENTERED,1.081814227547961,0.0,2023
LONG,2023-12-04,15992.25,15992.0,2023-12-04,15849.5,15849.75,{},1,1,NQ,5,fixed_hold,0,0.0,-142.75,-142.95,0.008729612453666645,-142.25,2023-12-01,0.001202298419836323,ENTERED,1.1446942337217672,0.0,2023
SHORT,2023-12-05,15849.5,15849.75,2023-12-05,15928.5,15928.25,{},1,1,NQ,5,fixed_hold,0,0.0,-79.0,-79.2,0.009274508709656945,-78.5,2023-12-04,-0.009978450295137442,ENTERED,1.0774411185719355,0.0,2023
SHORT,2023-12-06,15927.5,15927.75,2023-12-06,15817.25,15817.0,{},1,1,NQ,5,fixed_hold,0,0.0,110.25,110.05,0.00909124124292042,110.75,2023-12-05,-0.007771133121534879,ENTERED,1.0990548170684153,0.0,2023
SHORT,2023-12-07,15816.0,15816.25,2023-12-07,16019.75,16019.5,{},1,1,NQ,5,fixed_hold,0,0.0,-203.75,-203.95,0.00928991047879788,-203.25,2023-12-06,-0.014332897114725518,ENTERED,1.075550997392999,0.0,2023
LONG,2023-12-08,16020.25,16020.0,2023-12-08,16093.75,16094.0,{},1,1,NQ,5,fixed_hold,0,0.0,73.5,73.3,0.00932374943218476,74.0,2023-12-07,0.003476572287647306,ENTERED,1.0697219538613896,0.0,2023
LONG,2023-12-11,16104.25,16104.0,2023-12-11,16240.75,16241.0,{},1,1,NQ,5,fixed_hold,0,0.0,136.5,136.3,0.008019129186124062,137.0,2023-12-08,0.003976856256140859,ENTERED,1.2437534336233103,0.0,2023
LONG,2023-12-12,16242.0,16241.75,2023-12-12,16395.75,16396.0,{},1,1,NQ,5,fixed_hold,0,0.0,153.75,153.55,0.008148953336763408,154.25,2023-12-11,0.024684931938989685,ENTERED,1.2222950413453615,0.0,2023
LONG,2023-12-13,16609.5,16609.25,2023-12-13,16816.0,16816.25,{},1,1,NQ,5,fixed_hold,0,0.0,206.5,206.3,0.006898520748558061,207.0,2023-12-12,0.029366063440741996,ENTERED,1.4438494307294203,0.0,2023
LONG,2023-12-14,16816.25,16816.0,2023-12-14,16760.5,16760.75,{},1,1,NQ,5,fixed_hold,0,0.0,-55.75,-55.95,0.007239191766903838,-55.25,2023-12-13,0.049525338506144045,ENTERED,1.3745734625584354,0.0,2023
LONG,2023-12-15,16761.25,16761.0,2023-12-15,16814.75,16815.0,{},1,1,NQ,5,fixed_hold,0,0.0,53.5,53.3,0.007344868716906666,54.0,2023-12-14,0.032838406721843905,ENTERED,1.3547962906746636,0.0,2023
LONG,2023-12-18,16823.75,16823.5,2023-12-18,16924.5,16924.75,{},1,1,NQ,5,fixed_hold,0,0.0,100.75,100.55,0.00731913854104162,101.25,2023-12-15,0.03138488431655384,ENTERED,1.3589012636166846,0.0,2023
LONG,2023-12-19,16924.5,16924.25,2023-12-19,17027.25,17027.5,{},1,1,NQ,5,fixed_hold,0,0.0,102.75,102.55,0.006838168898254566,103.25,2023-12-18,0.028720474267087015,ENTERED,1.4544809816770883,0.0,2023
LONG,2023-12-20,17027.75,17027.5,2023-12-20,16811.5,16811.75,{},1,1,NQ,5,fixed_hold,0,0.0,-216.25,-216.45,0.0063848666060204754,-215.75,2023-12-19,0.025181751132652197,ENTERED,1.5577201829725595,0.0,2023
SHORT,2023-12-21,16811.25,16811.5,2023-12-21,16942.25,16942.0,{},1,1,NQ,5,fixed_hold,0,0.0,-131.0,-131.2,0.0071909371257804396,-130.5,2023-12-20,-0.00026759830521061456,ENTERED,1.3831070142622293,0.0,2023
LONG,2023-12-22,16942.0,16941.75,2023-12-22,16962.25,16962.5,{},1,1,NQ,5,fixed_hold,0,0.0,20.25,20.05,0.007314459720564299,20.75,2023-12-21,0.010813955222767513,ENTERED,1.3597001009259448,0.0,2023
LONG,2023-12-25,16964.75,16964.5,2023-12-25,17003.75,17004.0,{},1,1,NQ,5,fixed_hold,0,0.0,39.0,38.8,0.0072074671549840616,39.5,2023-12-22,0.00877192982456143,ENTERED,1.3798844179806782,0.0,2023
LONG,2023-12-26,17003.75,17003.5,2023-12-26,17088.75,17089.0,{},1,1,NQ,5,fixed_hold,0,0.0,85.0,84.8,0.007186017635212281,85.5,2023-12-25,0.0046824916173060505,ENTERED,1.3835911879672727,0.0,2023
LONG,2023-12-27,17089.75,17089.5,2023-12-27,17121.25,17121.5,{},1,1,NQ,5,fixed_hold,0,0.0,31.5,31.3,0.0072094822148921255,32.0,2023-12-26,0.0036118044340038846,ENTERED,1.3790880371574508,0.0,2023
LONG,2023-12-28,17122.0,17121.75,2023-12-28,17100.25,17100.5,{},1,1,NQ,5,fixed_hold,0,0.0,-21.75,-21.95,0.007179492683602829,-21.25,2023-12-27,0.018424613737415996,ENTERED,1.384738124762159,0.0,2023
LONG,2023-12-29,17100.75,17100.5,2023-12-29,17003.5,17003.75,{},1,1,NQ,5,fixed_hold,0,0.0,-97.25,-97.45,0.007006145710869672,-96.75,2023-12-28,0.00935544799905541,ENTERED,1.4189994964009618,0.0,2023
LONG,2024-01-01,17019.25,17019.0,2024-01-01,17029.25,17029.5,{},1,1,NQ,5,fixed_hold,0,0.0,10.0,9.8,0.007247224737223582,10.5,2023-12-29,0.002431834929992549,ENTERED,1.3710236642063383,0.0,2024
LONG,2024-01-02,17030.25,17030.0,2024-01-02,16724.5,16724.75,{},1,1,NQ,5,fixed_hold,0,0.0,-305.75,-305.95,0.006512173512890107,-305.25,2024-01-01,0.0014996471418491364,ENTERED,1.5257757789910973,0.0,2024
SHORT,2024-01-03,16724.25,16724.5,2024-01-03,16549.75,16549.5,{},1,1,NQ,5,fixed_hold,0,0.0,174.5,174.3,0.007983541871088884,175.0,2024-01-02,-0.021314880917549406,ENTERED,1.24393984460917,0.0,2024
SHORT,2024-01-04,16549.0,16549.25,2024-01-04,16456.75,16456.5,{},1,1,NQ,5,fixed_hold,0,0.0,92.25,92.05,0.008221170140299973,92.75,2024-01-03,-0.03340828782524885,ENTERED,1.2079844675481617,0.0,2024
SHORT,2024-01-05,16456.25,16456.5,2024-01-05,16465.25,16465.0,{},1,1,NQ,5,fixed_hold,0,0.0,-9.0,-9.2,0.007932921064248555,-8.5,2024-01-04,-0.03765971755211828,ENTERED,1.2511441552557456,0.0,2024
SHORT,2024-01-08,16482.0,16482.25,2024-01-08,16785.5,16785.25,{},1,1,NQ,5,fixed_hold,0,0.0,-303.5,-303.7,0.007879059499654546,-303.0,2024-01-05,-0.03168418731162237,ENTERED,1.2596970265391367,0.0,2024
SHORT,2024-01-09,16785.0,16785.25,2024-01-09,16838.0,16837.75,{},1,1,NQ,5,fixed_hold,0,0.0,-53.0,-53.2,0.00876081684746946,-52.5,2024-01-08,-0.01434275815496644,ENTERED,1.132377970304125,0.0,2024
LONG,2024-01-10,16838.25,16838.0,2024-01-10,16960.5,16960.75,{},1,1,NQ,5,fixed_hold,0,0.0,122.25,122.05,0.008547881565613289,122.75,2024-01-09,0.006756453758651304,ENTERED,1.1605865060007854,0.0,2024
LONG,2024-01-11,16960.75,16960.5,2024-01-11,16951.5,16951.75,{},1,1,NQ,5,fixed_hold,0,0.0,-9.25,-9.45,0.00824741011567434,-8.75,2024-01-10,0.024849693344209944,ENTERED,1.2021447580661069,0.0,2024
LONG,2024-01-12,16951.75,16951.5,2024-01-12,16955.0,16955.25,{},1,1,NQ,5,fixed_hold,0,0.0,3.25,3.05,0.008204080307718067,3.75,2024-01-11,0.030094491538297907,ENTERED,1.2084938794238833,0.0,2024
LONG,2024-01-15,16945.75,16945.5,2024-01-15,16935.0,16935.25,{},1,1,NQ,5,fixed_hold,0,0.0,-10.75,-10.95,0.008180745667360536,-10.25,2024-01-12,0.02977528089887649,ENTERED,1.2117676736896665,0.0,2024
LONG,2024-01-16,16936.0,16935.75,2024-01-16,16979.25,16979.5,{},1,1,NQ,5,fixed_hold,0,0.0,43.25,43.05,0.008059912299297343,43.75,2024-01-15,0.008936417390268181,ENTERED,1.2299343687956157,0.0,2024
LONG,2024-01-17,16979.5,16979.25,2024-01-17,16853.5,16853.75,{},1,1,NQ,5,fixed_hold,0,0.0,-126.0,-126.2,0.00796069918715116,-125.5,2024-01-16,0.008418583243010369,ENTERED,1.2451892642957734,0.0,2024
SHORT,2024-01-18,16854.0,16854.25,2024-01-18,17149.5,17149.25,{},1,1,NQ,5,fixed_hold,0,0.0,-295.5,-295.7,0.00760251894370386,-295.0,2024-01-17,-0.0063086832834634565,ENTERED,1.303854319539442,0.0,2024
LONG,2024-01-19,17149.25,17149.0,2024-01-19,17462.5,17462.75,{},1,1,NQ,5,fixed_hold,0,0.0,313.25,313.05,0.008391062780658608,313.75,2024-01-18,0.011650714527998485,ENTERED,1.1811265999855318,0.0,2024
LONG,2024-01-22,17484.75,17484.5,2024-01-22,17464.25,17464.5,{},1,1,NQ,5,fixed_hold,0,0.0,-20.5,-20.7,0.009273720951350947,-20.0,2024-01-19,0.02993173205939148,ENTERED,1.0687088283522996,0.0,2024
LONG,2024-01-23,17464.5,17464.25,2024-01-23,17576.0,17576.25,{},1,1,NQ,5,fixed_hold,0,0.0,111.5,111.3,0.009275890954588605,112.0,2024-01-22,0.03125138394768334,ENTERED,1.0683979661162855,0.0,2024
LONG,2024-01-24,17576.0,17575.75,2024-01-24,17616.5,17616.75,{},1,1,NQ,5,fixed_hold,0,0.0,40.5,40.3,0.009309872359919043,41.0,2024-01-23,0.035145322300421,ENTERED,1.0644982709392479,0.0,2024
LONG,2024-01-25,17616.75,17616.5,2024-01-25,17542.25,17542.5,{},1,1,NQ,5,fixed_hold,0,0.0,-74.5,-74.7,0.009311340282263558,-74.0,2024-01-24,0.045271823778090914,ENTERED,1.0641689978407975,0.0,2024
LONG,2024-01-26,17543.0,17542.75,2024-01-26,17504.5,17504.75,{},1,1,NQ,5,fixed_hold,0,0.0,-38.5,-38.7,0.009380566775817861,-38.0,2024-01-25,0.02293103196932811,ENTERED,1.056315667649745,0.0,2024
LONG,2024-01-29,17480.25,17480.0,2024-01-29,17721.75,17722.0,{},1,1,NQ,5,fixed_hold,0,0.0,241.5,241.3,0.009275513043364781,242.0,2024-01-26,0.002405119468583017,ENTERED,1.0678497830457327,0.0,2024
LONG,2024-01-30,17722.0,17721.75,2024-01-30,17448.0,17448.25,{},1,1,NQ,5,fixed_hold,0,0.0,-274.0,-274.2,0.009591432681365844,-273.5,2024-01-29,0.01474419536774585,ENTERED,1.0326772777374558,0.0,2024
SHORT,2024-01-31,17447.75,17448.0,2024-01-31,17283.0,17282.75,{},1,1,NQ,5,fixed_hold,0,0.0,164.75,164.55,0.009335823373295212,165.25,2024-01-30,-0.007282554583599943,ENTERED,1.059898047816174,0.0,2024
SHORT,2024-02-01,17282.25,17282.5,2024-02-01,17593.75,17593.5,{},1,1,NQ,5,fixed_hold,0,0.0,-311.5,-311.7,0.00926743699876172,-311.0,2024-01-31,-0.018959229142719303,ENTERED,1.0677192593199543,0.0,2024
LONG,2024-02-02,17593.25,17593.0,2024-02-02,17686.75,17687.0,{},1,1,NQ,5,fixed_hold,0,0.0,93.5,93.3,0.009709865469010082,94.0,2024-02-01,0.0029072253099615697,ENTERED,1.0188262038020657,0.0,2024
LONG,2024-02-05,17707.0,17706.75,2024-02-05,17696.25,17696.5,{},1,1,NQ,5,fixed_hold,0,0.0,-10.75,-10.95,0.009694376989115763,-10.25,2024-02-02,0.010411459746640261,ENTERED,1.0204539586532657,0.0,2024
SHORT,2024-02-06,17696.25,17696.5,2024-02-06,17652.5,17652.25,{},1,1,NQ,5,fixed_hold,0,0.0,43.75,43.55,0.008965003183464349,44.25,2024-02-05,-0.0014388895158558013,ENTERED,1.1033860589200921,0.0,2024
LONG,2024-02-07,17653.0,17652.75,2024-02-07,17842.5,17842.75,{},1,1,NQ,5,fixed_hold,0,0.0,189.5,189.3,0.009038403949337057,190.0,2024-02-06,0.01169171693436355,ENTERED,1.094425474481515,0.0,2024
LONG,2024-02-08,17842.5,17842.25,2024-02-08,17867.0,17867.25,{},1,1,NQ,5,fixed_hold,0,0.0,24.5,24.3,0.00917058759202673,25.0,2024-02-07,0.032402250799207666,ENTERED,1.0781204899758055,0.0,2024
LONG,2024-02-09,17867.25,17867.0,2024-02-09,18038.0,18038.25,{},1,1,NQ,5,fixed_hold,0,0.0,170.75,170.55,0.009146473651684367,171.25,2024-02-08,0.01555972376161674,ENTERED,1.080962867723471,0.0,2024
LONG,2024-02-12,18035.0,18034.75,2024-02-12,17938.0,17938.25,{},1,1,NQ,5,fixed_hold,0,0.0,-97.0,-97.2,0.009252626260565945,-96.5,2024-02-09,0.01985921863515605,ENTERED,1.0679835366671742,0.0,2024
LONG,2024-02-13,17938.25,17938.0,2024-02-13,17690.75,17691.0,{},1,1,NQ,5,fixed_hold,0,0.0,-247.5,-247.7,0.009410011218681727,-247.0,2024-02-12,0.013660893396999052,ENTERED,1.0501212259556836,0.0,2024
LONG,2024-02-14,17690.75,17690.5,2024-02-14,17878.75,17879.0,{},1,1,NQ,5,fixed_hold,0,0.0,188.0,187.8,0.010125481952476817,188.5,2024-02-13,0.0021951875823194023,ENTERED,0.975919226719042,0.0,2024
LONG,2024-02-15,17878.75,17878.5,2024-02-15,17952.25,17952.5,{},1,1,NQ,5,fixed_hold,0,0.0,73.5,73.3,0.010036651859707932,74.0,2024-02-14,0.002031637499824601,ENTERED,0.9850893033137063,0.0,2024
LONG,2024-02-16,17952.75,17952.5,2024-02-16,17721.25,17721.5,{},1,1,NQ,5,fixed_hold,0,0.0,-231.5,-231.7,0.009445396329043544,-231.0,2024-02-15,0.004771299444514376,ENTERED,1.046187176586101,0.0,2024
SHORT,2024-02-19,17777.5,17777.75,2024-02-19,17748.5,17748.25,{},1,1,NQ,5,fixed_hold,0,0.0,29.0,28.8,0.009243340599789353,29.5,2024-02-16,-0.017559907418956855,ENTERED,1.069056409913531,0.0,2024
SHORT,2024-02-20,17747.5,17747.75,2024-02-20,17568.5,17568.25,{},1,1,NQ,5,fixed_hold,0,0.0,179.0,178.8,0.009243287040173749,179.5,2024-02-19,-0.010591891628224381,ENTERED,1.067679509915298,0.0,2024
SHORT,2024-02-21,17568.5,17568.75,2024-02-21,17703.75,17703.5,{},1,1,NQ,5,fixed_hold,0,0.0,-135.25,-135.45,0.009457868527351204,-134.75,2024-02-20,-0.006938556328076162,ENTERED,1.043455842986119,0.0,2024
SHORT,2024-02-22,17703.25,17703.5,2024-02-22,18041.5,18041.25,{},1,1,NQ,5,fixed_hold,0,0.0,-338.25,-338.45,0.00960226037690714,-337.75,2024-02-21,-0.009815985234073343,ENTERED,1.0272099936591008,0.0,2024
LONG,2024-02-23,18040.75,18040.5,2024-02-23,17960.5,17960.75,{},1,1,NQ,5,fixed_hold,0,0.0,-80.25,-80.45,0.01040613428184589,-79.75,2024-02-22,0.004943601169753675,ENTERED,0.9483702506391785,0.0,2024
LONG,2024-02-26,17982.5,17982.25,2024-02-26,17963.0,17963.25,{},1,1,NQ,5,fixed_hold,0,0.0,-19.5,-19.7,0.010460942150261934,-19.0,2024-02-23,0.013500550179161186,ENTERED,0.9434014676022298,0.0,2024
LONG,2024-02-27,17963.25,17963.0,2024-02-27,18004.75,18005.0,{},1,1,NQ,5,fixed_hold,0,0.0,41.5,41.3,0.010132041095461416,42.0,2024-02-26,0.012113870381587066,ENTERED,0.975287449401011,0.0,2024
LONG,2024-02-28,18005.5,18005.25,2024-02-28,17869.5,17869.75,{},1,1,NQ,5,fixed_hold,0,0.0,-136.0,-136.2,0.009391327787547882,-135.5,2024-02-27,0.0248601881234618,ENTERED,1.050849081228368,0.0,2024
LONG,2024-02-29,17870.0,17869.75,2024-02-29,18059.25,18059.5,{},1,1,NQ,5,fixed_hold,0,0.0,189.25,189.05,0.009278268364892745,189.75,2024-02-28,0.009390798429689262,ENTERED,1.0636540989050403,0.0,2024
LONG,2024-03-01,18060.25,18060.0,2024-03-01,18320.75,18321.0,{},1,1,NQ,5,fixed_hold,0,0.0,260.5,260.3,0.008728654202097655,261.0,2024-02-29,0.0010115707060212031,ENTERED,1.130018166890542,0.0,2024
LONG,2024-03-04,18344.75,18344.5,2024-03-04,18223.25,18223.5,{},1,1,NQ,5,fixed_hold,0,0.0,-121.5,-121.7,0.009177156626964977,-121.0,2024-03-01,0.020057625655944378,ENTERED,1.0747923590945443,0.0,2024
LONG,2024-03-05,18223.25,18223.0,2024-03-05,17962.25,17962.5,{},1,1,NQ,5,fixed_hold,0,0.0,-261.0,-261.2,0.009312188377608088,-260.5,2024-03-04,0.014487912822011895,ENTERED,1.0590951621574922,0.0,2024
SHORT,2024-03-06,17962.0,17962.25,2024-03-06,18018.5,18018.25,{},1,1,NQ,5,fixed_hold,0,0.0,-56.5,-56.7,0.009934503858774268,-56.0,2024-03-05,-0.0023604554290476143,ENTERED,0.9928566097605599,0.0,2024
LONG,2024-03-07,18019.0,18018.75,2024-03-07,18265.75,18266.0,{},1,1,NQ,5,fixed_hold,0,0.0,246.75,246.55,0.009677777050153586,247.25,2024-03-06,0.008310133046069534,ENTERED,1.0190866775203749,0.0,2024
LONG,2024-03-08,18266.75,18266.5,2024-03-08,18055.75,18056.0,{},1,1,NQ,5,fixed_hold,0,0.0,-211.0,-211.2,0.010119878640652297,-210.5,2024-03-07,0.011434425094825285,ENTERED,0.9746695757055092,0.0,2024
SHORT,2024-03-11,18044.0,18044.25,2024-03-11,18049.0,18048.75,{},1,1,NQ,5,fixed_hold,0,0.0,-5.0,-5.2,0.010292531237413279,-4.5,2024-03-08,-0.014464275967469131,ENTERED,0.9583199305746994,0.0,2024
SHORT,2024-03-12,18047.5,18047.75,2024-03-12,18232.25,18232.0,{},1,1,NQ,5,fixed_hold,0,0.0,-184.75,-184.95,0.010208022720899917,-184.25,2024-03-11,-0.009589266606304991,ENTERED,0.9667756868187217,0.0,2024
LONG,2024-03-13,18478.75,18478.5,2024-03-13,18372.25,18372.5,{},1,1,NQ,5,fixed_hold,0,0.0,-106.5,-106.7,0.009860225569736083,-106.0,2024-03-12,0.015003479471120462,ENTERED,1.000335920422541,0.0,2024
LONG,2024-03-14,18373.5,18373.25,2024-03-14,18238.25,18238.5,{},1,1,NQ,5,fixed_hold,0,0.0,-135.25,-135.45,0.009745933647565734,-134.75,2024-03-13,0.006058525200887788,ENTERED,1.0120669991775963,0.0,2024
SHORT,2024-03-15,18238.0,18238.25,2024-03-15,18063.75,18063.5,{},1,1,NQ,5,fixed_hold,0,0.0,174.25,174.05,0.009870857062169398,174.75,2024-03-14,-0.01482527326354599,ENTERED,0.9992584999207789,0.0,2024
SHORT,2024-03-18,18078.75,18079.0,2024-03-18,18192.25,18192.0,{},1,1,NQ,5,fixed_hold,0,0.0,-113.5,-113.7,0.009668522146064503,-113.0,2024-03-15,-0.012929993998821443,ENTERED,1.0201701637401426,0.0,2024
SHORT,2024-03-19,18191.75,18192.0,2024-03-19,18268.75,18268.5,{},1,1,NQ,5,fixed_hold,0,0.0,-77.0,-77.2,0.009785058917944626,-76.5,2024-03-18,-0.005508865680967867,ENTERED,1.0079135693028194,0.0,2024
SHORT,2024-03-20,18268.25,18268.5,2024-03-20,18578.75,18578.5,{},1,1,NQ,5,fixed_hold,0,0.0,-310.5,-310.7,0.00947646819248609,-310.0,2024-03-19,-0.011364558811591707,ENTERED,1.0407351620347276,0.0,2024
LONG,2024-03-21,18578.5,18578.25,2024-03-21,18588.5,18588.75,{},1,1,NQ,5,fixed_hold,0,0.0,10.0,9.8,0.010015941808125737,10.5,2024-03-20,0.011212409851680594,ENTERED,0.9846796086437628,0.0,2024
LONG,2024-03-22,18589.0,18588.75,2024-03-22,18563.5,18563.75,{},1,1,NQ,5,fixed_hold,0,0.0,-25.5,-25.7,0.00915234456628366,-25.0,2024-03-21,0.019203881898182784,ENTERED,1.0775920408587338,0.0,2024
LONG,2024-03-25,18586.5,18586.25,2024-03-25,18540.75,18541.0,{},1,1,NQ,5,fixed_hold,0,0.0,-45.75,-45.95,0.009083165377654063,-45.25,2024-03-22,0.027693968500014154,ENTERED,1.0857468447797993,0.0,2024
LONG,2024-03-26,18540.5,18540.25,2024-03-26,18489.5,18489.75,{},1,1,NQ,5,fixed_hold,0,0.0,-51.0,-51.2,0.009095242223205634,-50.5,2024-03-25,0.019184256816183076,ENTERED,1.0843051682822722,0.0,2024
LONG,2024-03-27,18489.75,18489.5,2024-03-27,18480.0,18480.25,{},1,1,NQ,5,fixed_hold,0,0.0,-9.75,-9.95,0.009125923426988503,-9.25,2024-03-26,0.01211101075622012,ENTERED,1.0805515261491108,0.0,2024
SHORT,2024-03-28,18480.0,18480.25,2024-03-28,18465.25,18465.0,{},1,1,NQ,5,fixed_hold,0,0.0,14.75,14.55,0.008926619504304786,15.25,2024-03-27,-0.005288370966439526,ENTERED,1.1046769140094919,0.0,2024
SHORT,2024-04-01,18608.5,18608.75,2024-04-01,18470.5,18470.25,{},1,1,NQ,5,fixed_hold,0,0.0,138.0,137.8,0.008643030293352394,138.5,2024-03-28,-0.00665725237038528,ENTERED,1.1408296899433372,0.0,2024
SHORT,2024-04-02,18470.25,18470.5,2024-04-02,18328.75,18328.5,{},1,1,NQ,5,fixed_hold,0,0.0,141.5,141.3,0.007990586659652889,142.0,2024-04-01,-0.0050366978654634575,ENTERED,1.2339801806447603,0.0,2024
SHORT,2024-04-03,18327.5,18327.75,2024-04-03,18446.75,18446.5,{},1,1,NQ,5,fixed_hold,0,0.0,-119.25,-119.45,0.008086154414138846,-118.75,2024-04-02,-0.011461086241302931,ENTERED,1.2193409510431055,0.0,2024
SHORT,2024-04-04,18445.25,18445.5,2024-04-04,18091.75,18091.5,{},1,1,NQ,5,fixed_hold,0,0.0,353.5,353.3,0.0075105862963509695,354.0,2024-04-03,-0.002339133844427188,ENTERED,1.3127842254349513,0.0,2024
SHORT,2024-04-05,18091.5,18091.75,2024-04-05,18311.25,18311.0,{},1,1,NQ,5,fixed_hold,0,0.0,-219.75,-219.95,0.008700088754790093,-219.25,2024-04-04,-0.02103597083372777,ENTERED,1.1318538106202949,0.0,2024
SHORT,2024-04-08,18319.25,18319.5,2024-04-08,18302.5,18302.25,{},1,1,NQ,5,fixed_hold,0,0.0,16.75,16.55,0.008567848642655878,17.25,2024-04-05,-0.008340102897373303,ENTERED,1.1493233623220824,0.0,2024
SHORT,2024-04-09,18301.25,18301.5,2024-04-09,18368.75,18368.5,{},1,1,NQ,5,fixed_hold,0,0.0,-67.5,-67.7,0.00816941940648909,-67.0,2024-04-08,-0.009095707962805122,ENTERED,1.204769792770102,0.0,2024
LONG,2024-04-10,18369.25,18369.0,2024-04-10,18158.5,18158.75,{},1,1,NQ,5,fixed_hold,0,0.0,-210.75,-210.95,0.00820744198376154,-210.25,2024-04-09,0.0021823935401152905,ENTERED,1.1991884615061408,0.0,2024
SHORT,2024-04-11,18159.0,18159.25,2024-04-11,18490.25,18490.0,{},1,1,NQ,5,fixed_hold,0,0.0,-331.25,-331.45,0.008253278582717129,-330.75,2024-04-10,-0.01559916515328097,ENTERED,1.1918186238597916,0.0,2024
LONG,2024-04-12,18491.25,18491.0,2024-04-12,18172.25,18172.5,{},1,1,NQ,5,fixed_hold,0,0.0,-319.0,-319.2,0.009192708210747526,-318.5,2024-04-11,0.02202691871873541,ENTERED,1.0700232072291078,0.0,2024
SHORT,2024-04-15,18237.25,18237.5,2024-04-15,17871.0,17870.75,{},1,1,NQ,5,fixed_hold,0,0.0,366.25,366.05,0.009866175404202381,366.75,2024-04-12,-0.007563759488831701,ENTERED,0.9969831996495538,0.0,2024
SHORT,2024-04-16,17871.75,17872.0,2024-04-16,17936.0,17935.75,{},1,1,NQ,5,fixed_hold,0,0.0,-64.25,-64.45,0.01033336467683629,-63.75,2024-04-15,-0.023576336242811524,ENTERED,0.9524748262751978,0.0,2024
SHORT,2024-04-17,17936.0,17936.25,2024-04-17,17685.75,17685.5,{},1,1,NQ,5,fixed_hold,0,0.0,250.25,250.05,0.010227500611751341,250.75,2024-04-16,-0.023559354329422577,ENTERED,0.9623338192812423,0.0,2024
SHORT,2024-04-18,17685.75,17686.0,2024-04-18,17489.75,17489.5,{},1,1,NQ,5,fixed_hold,0,0.0,196.0,195.8,0.010573046710281395,196.5,2024-04-17,-0.02606181592895984,ENTERED,0.9313520387901385,0.0,2024
SHORT,2024-04-19,17489.25,17489.5,2024-04-19,17179.5,17179.25,{},1,1,NQ,5,fixed_hold,0,0.0,309.75,309.55,0.009818350766064741,310.25,2024-04-18,-0.05411032990805853,ENTERED,1.0024361483830706,0.0,2024
SHORT,2024-04-22,17269.5,17269.75,2024-04-22,17322.75,17322.5,{},1,1,NQ,5,fixed_hold,0,0.0,-53.25,-53.45,0.010312506839189986,-52.75,2024-04-19,-0.054656761590315184,ENTERED,0.9548821410156186,0.0,2024
SHORT,2024-04-23,17322.0,17322.25,2024-04-23,17700.5,17700.25,{},1,1,NQ,5,fixed_hold,0,0.0,-378.5,-378.7,0.010659488923532837,-378.0,2024-04-22,-0.030678622889358298,ENTERED,0.9237993191309881,0.0,2024
SHORT,2024-04-24,17699.75,17700.0,2024-04-24,17464.0,17463.75,{},1,1,NQ,5,fixed_hold,0,0.0,235.75,235.55,0.012059088148242395,236.25,2024-04-23,-0.013130200855832608,ENTERED,0.8176222855668008,0.0,2024
SHORT,2024-04-25,17463.75,17464.0,2024-04-25,17759.75,17759.5,{},1,1,NQ,5,fixed_hold,0,0.0,-296.0,-296.2,0.012313077230440913,-295.5,2024-04-24,-0.01253852025670732,ENTERED,0.8007567100482161,0.0,2024
LONG,2024-04-26,17759.5,17759.25,2024-04-26,17836.5,17836.75,{},1,1,NQ,5,fixed_hold,0,0.0,77.0,76.8,0.013076484729900667,77.5,2024-04-25,0.015437834129048866,ENTERED,0.754042525449497,0.0,2024
LONG,2024-04-29,17886.75,17886.5,2024-04-29,17908.75,17909.0,{},1,1,NQ,5,fixed_hold,0,0.0,22.0,21.8,0.01314998831083783,22.5,2024-04-26,0.03827291645444375,ENTERED,0.7498277060527557,0.0,2024
LONG,2024-04-30,17909.0,17908.75,2024-04-30,17506.75,17507.0,{},1,1,NQ,5,fixed_hold,0,0.0,-402.25,-402.45,0.01320595312587996,-401.75,2024-04-29,0.03385769952374096,ENTERED,0.746711001663901,0.0,2024
SHORT,2024-05-01,17507.75,17508.0,2024-05-01,17530.25,17530.0,{},1,1,NQ,5,fixed_hold,0,0.0,-22.5,-22.7,0.01396328894173565,-22.0,2024-04-30,-0.010917924888066532,ENTERED,0.7062111604006251,0.0,2024
LONG,2024-05-02,17530.5,17530.25,2024-05-02,17754.25,17754.5,{},1,1,NQ,5,fixed_hold,0,0.0,223.75,223.55,0.013842989015047255,224.25,2024-05-01,0.0037935723999713566,ENTERED,0.7124197049265192,0.0,2024
SHORT,2024-05-03,17753.5,17753.75,2024-05-03,18025.75,18025.5,{},1,1,NQ,5,fixed_hold,0,0.0,-272.25,-272.45,0.013650735035439598,-271.75,2024-05-02,-0.0002815394577549979,ENTERED,0.7224532689117149,0.0,2024
LONG,2024-05-06,18005.25,18005.0,2024-05-06,18184.0,18184.25,{},1,1,NQ,5,fixed_hold,0,0.0,178.75,178.55,0.013824322363193994,179.25,2024-05-03,0.010582084740774045,ENTERED,0.7134160648685355,0.0,2024
LONG,2024-05-07,18184.25,18184.0,2024-05-07,18204.25,18204.5,{},1,1,NQ,5,fixed_hold,0,0.0,20.0,19.8,0.013986926181870725,20.5,2024-05-06,0.01536936735719463,ENTERED,0.7051223071876441,0.0,2024
LONG,2024-05-08,18204.75,18204.5,2024-05-08,18161.25,18161.5,{},1,1,NQ,5,fixed_hold,0,0.0,-43.5,-43.7,0.013961821493324785,-43.0,2024-05-07,0.03984120637459321,ENTERED,0.7064649713213726,0.0,2024
LONG,2024-05-09,18162.25,18162.0,2024-05-09,18230.75,18231.0,{},1,1,NQ,5,fixed_hold,0,0.0,68.5,68.3,0.013729037856142014,69.0,2024-05-08,0.03602395892755261,ENTERED,0.7184434862974122,0.0,2024
LONG,2024-05-10,18231.5,18231.25,2024-05-10,18239.0,18239.25,{},1,1,NQ,5,fixed_hold,0,0.0,7.5,7.3,0.013089837539251404,8.0,2024-05-09,0.02683826635500841,ENTERED,0.7537278728339831,0.0,2024
LONG,2024-05-13,18245.75,18245.5,2024-05-13,18283.5,18283.75,{},1,1,NQ,5,fixed_hold,0,0.0,37.75,37.55,0.012497006592299038,38.25,2024-05-10,0.01185820088208378,ENTERED,0.7894830919175605,0.0,2024
LONG,2024-05-14,18284.25,18284.0,2024-05-14,18417.0,18417.25,{},1,1,NQ,5,fixed_hold,0,0.0,132.75,132.55,0.011853524453091228,133.25,2024-05-13,0.005471768151009915,ENTERED,0.8325682556368689,0.0,2024
LONG,2024-05-15,18417.25,18417.0,2024-05-15,18720.75,18721.0,{},1,1,NQ,5,fixed_hold,0,0.0,303.5,303.3,0.01192114470261898,304.0,2024-05-14,0.011686670878079619,ENTERED,0.8278456828806904,0.0,2024
LONG,2024-05-16,18721.5,18721.25,2024-05-16,18650.75,18651.0,{},1,1,NQ,5,fixed_hold,0,0.0,-70.75,-70.95,0.011801701550742635,-70.25,2024-05-15,0.03080692674063279,ENTERED,0.8363927031817089,0.0,2024
LONG,2024-05-17,18651.5,18651.25,2024-05-17,18633.5,18633.75,{},1,1,NQ,5,fixed_hold,0,0.0,-18.0,-18.2,0.011452345619526653,-17.5,2024-05-16,0.02303768306730314,ENTERED,0.8619070180120341,0.0,2024
LONG,2024-05-20,18668.0,18667.75,2024-05-20,18751.5,18751.75,{},1,1,NQ,5,fixed_hold,0,0.0,83.5,83.3,0.010396408883028304,84.0,2024-05-17,0.021629178831366502,ENTERED,0.9504870988048736,0.0,2024
LONG,2024-05-21,18751.75,18751.5,2024-05-21,18813.25,18813.5,{},1,1,NQ,5,fixed_hold,0,0.0,61.5,61.3,0.01036322510111823,62.0,2024-05-20,0.02559649962398325,ENTERED,0.953530625919968,0.0,2024
LONG,2024-05-22,18813.75,18813.5,2024-05-22,18874.75,18875.0,{},1,1,NQ,5,fixed_hold,0,0.0,61.0,60.8,0.009480333092613525,61.5,2024-05-21,0.02151515562855466,ENTERED,1.0423317852531941,0.0,2024
LONG,2024-05-23,18875.75,18875.5,2024-05-23,18700.25,18700.5,{},1,1,NQ,5,fixed_hold,0,0.0,-175.5,-175.7,0.008654089218298851,-175.0,2024-05-22,0.008226056300411289,ENTERED,1.140600335076015,0.0,2024
LONG,2024-05-24,18700.25,18700.0,2024-05-24,18870.5,18870.75,{},1,1,NQ,5,fixed_hold,0,0.0,170.25,170.05,0.008562729879184935,170.75,2024-05-23,0.0026540131896415353,ENTERED,1.152769876130786,0.0,2024
LONG,2024-05-27,18837.0,18836.75,2024-05-27,18907.5,18907.75,{},1,1,NQ,5,fixed_hold,0,0.0,70.5,70.3,0.00867849506390012,71.0,2024-05-24,0.01271885691286001,ENTERED,1.137163540958916,0.0,2024
LONG,2024-05-28,18908.0,18907.75,2024-05-28,18929.75,18930.0,{},1,1,NQ,5,fixed_hold,0,0.0,21.75,21.55,0.008675954123982303,22.25,2024-05-27,0.008319223539136056,ENTERED,1.1374965837796844,0.0,2024
LONG,2024-05-29,18930.5,18930.25,2024-05-29,18723.25,18723.5,{},1,1,NQ,5,fixed_hold,0,0.0,-207.25,-207.45,0.006364882952662817,-206.75,2024-05-28,0.006192361867807472,ENTERED,1.5500953399425452,0.0,2024
SHORT,2024-05-30,18723.25,18723.5,2024-05-30,18559.0,18558.75,{},1,1,NQ,5,fixed_hold,0,0.0,164.25,164.05,0.007166055788608191,164.75,2024-05-29,-0.008026490066225245,ENTERED,1.3767929939767625,0.0,2024
SHORT,2024-05-31,18558.25,18558.5,2024-05-31,18571.0,18570.75,{},1,1,NQ,5,fixed_hold,0,0.0,-12.75,-12.95,0.007288643468943569,-12.25,2024-05-30,-0.007580011229646355,ENTERED,1.3532748395368364,0.0,2024
SHORT,2024-06-03,18591.5,18591.75,2024-06-03,18650.75,18650.5,{},1,1,NQ,5,fixed_hold,0,0.0,-59.25,-59.45,0.006616091302646671,-58.75,2024-05-31,-0.01589761933150524,ENTERED,1.4908406443741269,0.0,2024
SHORT,2024-06-04,18649.75,18650.0,2024-06-04,18737.75,18737.5,{},1,1,NQ,5,fixed_hold,0,0.0,-88.0,-88.2,0.006428499739937764,-87.5,2024-06-03,-0.01360553212307114,ENTERED,1.5341827889565154,0.0,2024
SHORT,2024-06-05,18737.5,18737.75,2024-06-05,19091.25,19091.0,{},1,1,NQ,5,fixed_hold,0,0.0,-353.75,-353.95,0.006472372255353969,-353.25,2024-06-04,-0.010169043845747572,ENTERED,1.5237834399382177,0.0,2024
LONG,2024-06-06,19091.5,19091.25,2024-06-06,19074.75,19075.0,{},1,1,NQ,5,fixed_hold,0,0.0,-16.75,-16.95,0.007474886693409574,-16.25,2024-06-05,0.01962774053996319,ENTERED,1.3193535305486457,0.0,2024
LONG,2024-06-07,19075.5,19075.25,2024-06-07,19030.0,19030.25,{},1,1,NQ,5,fixed_hold,0,0.0,-45.5,-45.7,0.007504856016692004,-45.0,2024-06-06,0.027817067421027852,ENTERED,1.3140849241432881,0.0,2024
LONG,2024-06-10,19027.75,19027.5,2024-06-10,19084.75,19085.0,{},1,1,NQ,5,fixed_hold,0,0.0,57.0,56.8,0.007566790574133867,57.5,2024-06-07,0.024743211771199203,ENTERED,1.3031985476459542,0.0,2024
LONG,2024-06-11,19084.5,19084.25,2024-06-11,19256.25,19256.5,{},1,1,NQ,5,fixed_hold,0,0.0,171.75,171.55,0.007568297008769385,172.25,2024-06-10,0.023296962547920907,ENTERED,1.3029391519817966,0.0,2024
LONG,2024-06-12,19257.0,19256.75,2024-06-12,19600.25,19600.5,{},1,1,NQ,5,fixed_hold,0,0.0,343.25,343.05,0.007637424071454792,343.75,2024-06-11,0.02769846564376266,ENTERED,1.2910407327765272,0.0,2024
LONG,2024-06-13,19600.25,19600.0,2024-06-13,19618.5,19618.75,{},1,1,NQ,5,fixed_hold,0,0.0,18.25,18.05,0.0077768352410912366,18.75,2024-06-12,0.026687968152532715,ENTERED,1.267896935457322,0.0,2024
LONG,2024-06-14,19619.25,19619.0,2024-06-14,19696.0,19696.25,{},1,1,NQ,5,fixed_hold,0,0.0,76.75,76.55,0.007654263184165067,77.25,2024-06-13,0.028505897771953226,ENTERED,1.2881421733727567,0.0,2024
LONG,2024-06-17,19712.0,19711.75,2024-06-17,19934.0,19934.25,{},1,1,NQ,5,fixed_hold,0,0.0,222.0,221.8,0.0076149617893082645,222.5,2024-06-14,0.03499691280986861,ENTERED,1.2947903727450114,0.0,2024
LONG,2024-06-18,19932.75,19932.5,2024-06-18,19945.25,19945.5,{},1,1,NQ,5,fixed_hold,0,0.0,12.5,12.3,0.007859859176947299,13.0,2024-06-17,0.044498297091957184,ENTERED,1.2528505140048225,0.0,2024
LONG,2024-06-19,20223.5,20223.25,2024-06-19,20235.75,20236.0,{},1,1,NQ,5,fixed_hold,0,0.0,12.25,12.05,0.007879834402553808,12.75,2024-06-18,0.035780126191156336,ENTERED,1.249674562533004,0.0,2024
LONG,2024-06-20,20236.25,20236.0,2024-06-20,20070.0,20070.25,{},1,1,NQ,5,fixed_hold,0,0.0,-166.25,-166.45,0.007896372646052285,-165.75,2024-06-19,0.01824315140179955,ENTERED,1.2464292361288771,0.0,2024
LONG,2024-06-21,20069.5,20069.25,2024-06-21,20009.5,20009.75,{},1,1,NQ,5,fixed_hold,0,0.0,-60.0,-60.2,0.00781467187391358,-59.5,2024-06-20,0.008963431991761972,ENTERED,1.2594603950375347,0.0,2024
LONG,2024-06-24,20009.0,20008.75,2024-06-24,19771.5,19771.75,{},1,1,NQ,5,fixed_hold,0,0.0,-237.5,-237.7,0.007776061242273825,-237.0,2024-06-21,0.001963939836734374,ENTERED,1.2649606036164809,0.0,2024
SHORT,2024-06-25,19771.5,19771.75,2024-06-25,19966.5,19966.25,{},1,1,NQ,5,fixed_hold,0,0.0,-195.0,-195.2,0.00839738392072087,-194.5,2024-06-24,-0.02177403274642753,ENTERED,1.1713661320775979,0.0,2024
SHORT,2024-06-26,19966.5,19966.75,2024-06-26,19919.0,19918.75,{},1,1,NQ,5,fixed_hold,0,0.0,47.5,47.3,0.008596581801883389,48.0,2024-06-25,-0.01270814532777853,ENTERED,1.142202258794155,0.0,2024
SHORT,2024-06-27,19918.5,19918.75,2024-06-27,20095.25,20095.0,{},1,1,NQ,5,fixed_hold,0,0.0,-176.75,-176.95,0.008120326937730621,-176.25,2024-06-26,-0.015677505435856998,ENTERED,1.209192096243855,0.0,2024
LONG,2024-06-28,20096.25,20096.0,2024-06-28,19966.25,19966.5,{},1,1,NQ,5,fixed_hold,0,0.0,-130.0,-130.2,0.00778713371250597,-129.5,2024-06-27,0.0012331684956587985,ENTERED,1.2608427090826346,0.0,2024
SHORT,2024-07-01,19946.0,19946.25,2024-07-01,20019.75,20019.5,{},1,1,NQ,5,fixed_hold,0,0.0,-73.75,-73.95,0.008068406997429816,-73.25,2024-06-28,-0.002161446294931202,ENTERED,1.216888385674194,0.0,2024
LONG,2024-07-02,20019.75,20019.5,2024-07-02,20237.0,20237.25,{},1,1,NQ,5,fixed_hold,0,0.0,217.25,217.05,0.008062538404030775,217.75,2024-07-01,0.012530504381250918,ENTERED,1.2169655768276066,0.0,2024
LONG,2024-07-03,20238.0,20237.75,2024-07-03,20402.5,20402.75,{},1,1,NQ,5,fixed_hold,0,0.0,164.5,164.3,0.008252141512603405,165.0,2024-07-02,0.013572904275965358,ENTERED,1.1890042947725195,0.0,2024
LONG,2024-07-04,20403.25,20403.0,2024-07-04,20390.25,20390.5,{},1,1,NQ,5,fixed_hold,0,0.0,-13.0,-13.2,0.007495309755869891,-12.5,2024-07-03,0.02429871352368962,ENTERED,1.3089718984615326,0.0,2024
LONG,2024-07-05,20391.25,20391.0,2024-07-05,20591.25,20591.5,{},1,1,NQ,5,fixed_hold,0,0.0,200.0,199.8,0.007489655710308805,200.5,2024-07-04,0.014705150534958689,ENTERED,1.309960059605161,0.0,2024
LONG,2024-07-08,20590.75,20590.5,2024-07-08,20738.25,20738.5,{},1,1,NQ,5,fixed_hold,0,0.0,147.5,147.3,0.007556042128651944,148.0,2024-07-05,0.03130243157288448,ENTERED,1.2980167270743774,0.0,2024
LONG,2024-07-09,20738.25,20738.0,2024-07-09,20697.5,20697.75,{},1,1,NQ,5,fixed_hold,0,0.0,-40.75,-40.95,0.007603924960598986,-40.25,2024-07-08,0.03591498289168071,ENTERED,1.289842959299313,0.0,2024
LONG,2024-07-10,20697.75,20697.5,2024-07-10,20881.0,20881.25,{},1,1,NQ,5,fixed_hold,0,0.0,183.25,183.05,0.007582065833490057,183.75,2024-07-09,0.02275506800578131,ENTERED,1.2934630643589873,0.0,2024
LONG,2024-07-11,20881.5,20881.25,2024-07-11,20414.25,20414.5,{},1,1,NQ,5,fixed_hold,0,0.0,-467.25,-467.45,0.006885386804112553,-466.75,2024-07-10,0.023452720834201024,ENTERED,1.4243385863667035,0.0,2024
LONG,2024-07-12,20415.25,20415.0,2024-07-12,20539.5,20539.75,{},1,1,NQ,5,fixed_hold,0,0.0,124.25,124.05,0.008851985999835122,124.75,2024-07-11,0.0011770187096931117,ENTERED,1.10761036634963,0.0,2024
SHORT,2024-07-15,20560.5,20560.75,2024-07-15,20632.0,20631.75,{},1,1,NQ,5,fixed_hold,0,0.0,-71.5,-71.7,0.008899324043540326,-71.0,2024-07-12,-0.002513172911152828,ENTERED,1.1017186707922968,0.0,2024
SHORT,2024-07-16,20631.75,20632.0,2024-07-16,20565.5,20565.25,{},1,1,NQ,5,fixed_hold,0,0.0,66.25,66.05,0.008577456645372444,66.75,2024-07-15,-0.005147431106396483,ENTERED,1.142260001924757,0.0,2024
SHORT,2024-07-17,20565.25,20565.5,2024-07-17,20058.75,20058.5,{},1,1,NQ,5,fixed_hold,0,0.0,506.5,506.3,0.008630709540190752,507.0,2024-07-16,-0.006401662016402909,ENTERED,1.1352120701812083,0.0,2024
SHORT,2024-07-18,20057.75,20058.0,2024-07-18,19946.0,19945.75,{},1,1,NQ,5,fixed_hold,0,0.0,111.75,111.55,0.010347491753522526,112.25,2024-07-17,-0.039401376833283486,ENTERED,0.9468657600927577,0.0,2024
SHORT,2024-07-19,19945.5,19945.75,2024-07-19,19701.75,19701.5,{},1,1,NQ,5,fixed_hold,0,0.0,243.75,243.55,0.010261110770842461,244.25,2024-07-18,-0.022961620416860784,ENTERED,0.9555058584943235,0.0,2024
SHORT,2024-07-22,19816.5,19816.75,2024-07-22,19955.0,19954.75,{},1,1,NQ,5,fixed_hold,0,0.0,-138.5,-138.7,0.010593728059573572,-138.0,2024-07-19,-0.0408111101644375,ENTERED,0.9255052990848471,0.0,2024
SHORT,2024-07-23,19955.0,19955.25,2024-07-23,19792.5,19792.25,{},1,1,NQ,5,fixed_hold,0,0.0,162.5,162.3,0.010665246098898287,163.0,2024-07-22,-0.03281350345947387,ENTERED,0.9195401602754105,0.0,2024
SHORT,2024-07-24,19792.5,19792.75,2024-07-24,19271.5,19271.25,{},1,1,NQ,5,fixed_hold,0,0.0,521.0,520.8,0.0105956951914087,521.5,2024-07-23,-0.03758767824363918,ENTERED,0.9255760882126479,0.0,2024
SHORT,2024-07-25,19270.5,19270.75,2024-07-25,19023.75,19023.5,{},1,1,NQ,5,fixed_hold,0,0.0,246.75,246.55,0.012081565164249356,247.25,2024-07-24,-0.03924770047610748,ENTERED,0.811804508780985,0.0,2024
SHORT,2024-07-26,19022.0,19022.25,2024-07-26,19176.0,19175.75,{},1,1,NQ,5,fixed_hold,0,0.0,-154.0,-154.2,0.012070218043670124,-153.5,2024-07-25,-0.046237920358973894,ENTERED,0.8125676800521728,0.0,2024
SHORT,2024-07-29,19242.25,19242.5,2024-07-29,19133.0,19132.75,{},1,1,NQ,5,fixed_hold,0,0.0,109.25,109.05,0.012263955476567532,109.75,2024-07-26,-0.0266857853462934,ENTERED,0.7999988143665561,0.0,2024
SHORT,2024-07-30,19132.0,19132.25,2024-07-30,19061.0,19060.75,{},1,1,NQ,5,fixed_hold,0,0.0,71.0,70.8,0.012216055469727488,71.5,2024-07-29,-0.04119319961412704,ENTERED,0.8031356656009947,0.0,2024
SHORT,2024-07-31,19060.0,19060.25,2024-07-31,19674.75,19674.5,{},1,1,NQ,5,fixed_hold,0,0.0,-614.75,-614.95,0.011824118894430205,-614.25,2024-07-30,-0.03695891068473767,ENTERED,0.8298150405251712,0.0,2024
LONG,2024-08-01,19674.75,19674.5,2024-08-01,18913.25,18913.5,{},1,1,NQ,5,fixed_hold,0,0.0,-761.5,-761.7,0.014026135270561171,-761.0,2024-07-31,0.020924952973989885,ENTERED,0.6995392180588518,0.0,2024
SHORT,2024-08-02,18912.75,18913.0,2024-08-02,18513.5,18513.25,{},1,1,NQ,5,fixed_hold,0,0.0,399.25,399.05,0.0162707391746811,399.75,2024-08-01,-0.005782321865061446,ENTERED,0.6034360615492552,0.0,2024
SHORT,2024-08-05,18262.75,18263.0,2024-08-05,18284.75,18284.5,{},1,1,NQ,5,fixed_hold,0,0.0,-22.0,-22.2,0.0163957525036739,-21.5,2024-08-02,-0.03454884424338034,ENTERED,0.5988350192444465,0.0,2024
SHORT,2024-08-06,18287.5,18287.75,2024-08-06,18056.0,18055.75,{},1,1,NQ,5,fixed_hold,0,0.0,231.5,231.3,0.016213234838203812,232.0,2024-08-05,-0.031239910352002465,ENTERED,0.6056185116669622,0.0,2024
SHORT,2024-08-07,18054.25,18054.5,2024-08-07,17843.5,17843.25,{},1,1,NQ,5,fixed_hold,0,0.0,210.75,210.55,0.016264467485729243,211.25,2024-08-06,-0.039746067558988574,ENTERED,0.603710829182409,0.0,2024
SHORT,2024-08-08,17846.25,17846.5,2024-08-08,18602.25,18602.0,{},1,1,NQ,5,fixed_hold,0,0.0,-756.0,-756.2,0.015922553836473435,-755.5,2024-08-07,-0.08065016406679504,ENTERED,0.617765920203917,0.0,2024
SHORT,2024-08-09,18599.5,18599.75,2024-08-09,18602.75,18602.5,{},1,1,NQ,5,fixed_hold,0,0.0,-3.25,-3.45,0.018956817582387354,-2.75,2024-08-08,-0.002992826787033942,ENTERED,0.5188851493683392,0.0,2024
LONG,2024-08-12,18629.25,18629.0,2024-08-12,18654.5,18654.75,{},1,1,NQ,5,fixed_hold,0,0.0,25.25,25.05,0.018837312961109697,25.75,2024-08-09,0.018589497891912554,ENTERED,0.522487986780685,0.0,2024
LONG,2024-08-13,18654.5,18654.25,2024-08-13,19116.5,19116.75,{},1,1,NQ,5,fixed_hold,0,0.0,462.0,461.8,0.01880096143096144,462.5,2024-08-12,0.02024939156115857,ENTERED,0.5234982137243073,0.0,2024
LONG,2024-08-14,19117.5,19117.25,2024-08-14,19106.25,19106.5,{},1,1,NQ,5,fixed_hold,0,0.0,-11.25,-11.45,0.019886238552714135,-10.75,2024-08-13,0.05876244409675602,ENTERED,0.4951780390113023,0.0,2024
LONG,2024-08-15,19108.75,19108.5,2024-08-15,19613.25,19613.5,{},1,1,NQ,5,fixed_hold,0,0.0,504.5,504.3,0.019210549700271983,505.0,2024-08-14,0.07079708012833996,ENTERED,0.5125948379136973,0.0,2024
LONG,2024-08-16,19614.25,19614.0,2024-08-16,19603.75,19604.0,{},1,1,NQ,5,fixed_hold,0,0.0,-10.5,-10.7,0.020175499225986833,-10.0,2024-08-15,0.05437587356198281,ENTERED,0.48870063155204035,0.0,2024
LONG,2024-08-19,19649.25,19649.0,2024-08-19,19859.75,19860.0,{},1,1,NQ,5,fixed_hold,0,0.0,210.5,210.3,0.019969114969849603,211.0,2024-08-16,0.05383684988576798,ENTERED,0.4937514370819272,0.0,2024
LONG,2024-08-20,19861.75,19861.5,2024-08-20,19789.75,19790.0,{},1,1,NQ,5,fixed_hold,0,0.0,-72.0,-72.2,0.019975750210791454,-71.5,2024-08-19,0.06460820970530268,ENTERED,0.49360977513672133,0.0,2024
LONG,2024-08-21,19790.0,19789.75,2024-08-21,19936.0,19936.25,{},1,1,NQ,5,fixed_hold,0,0.0,146.0,145.8,0.01989550315205556,146.5,2024-08-20,0.03521780637399119,ENTERED,0.49560071410997947,0.0,2024
LONG,2024-08-22,19936.25,19936.0,2024-08-22,19638.0,19638.25,{},1,1,NQ,5,fixed_hold,0,0.0,-298.25,-298.45,0.018872848207313428,-297.75,2024-08-21,0.04342762934080002,ENTERED,0.522498267258415,0.0,2024
LONG,2024-08-23,19639.0,19638.75,2024-08-23,19776.5,19776.75,{},1,1,NQ,5,fixed_hold,0,0.0,137.5,137.3,0.01896825781651742,138.0,2024-08-22,0.001261885945904595,ENTERED,0.5198701210168831,0.0,2024
LONG,2024-08-26,19764.25,19764.0,2024-08-26,19570.5,19570.75,{},1,1,NQ,5,fixed_hold,0,0.0,-193.75,-193.95,0.018954777967032356,-193.25,2024-08-23,0.0088119771475208,ENTERED,0.5202919372916851,0.0,2024
SHORT,2024-08-27,19570.5,19570.75,2024-08-27,19587.25,19587.0,{},1,1,NQ,5,fixed_hold,0,0.0,-16.75,-16.95,0.019147194391723327,-16.25,2024-08-26,-0.014564451158106784,ENTERED,0.5150633532850131,0.0,2024
SHORT,2024-08-28,19587.5,19587.75,2024-08-28,19194.75,19194.5,{},1,1,NQ,5,fixed_hold,0,0.0,392.75,392.55,0.019102083459526048,393.25,2024-08-27,-0.010257705912076975,ENTERED,0.5163046052395719,0.0,2024
SHORT,2024-08-29,19193.25,19193.5,2024-08-29,19430.75,19430.5,{},1,1,NQ,5,fixed_hold,0,0.0,-237.5,-237.7,0.018342944437379424,-237.0,2024-08-28,-0.037206094425982994,ENTERED,0.537672329188659,0.0,2024
SHORT,2024-08-30,19430.0,19430.25,2024-08-30,19594.75,19594.5,{},1,1,NQ,5,fixed_hold,0,0.0,-164.75,-164.95,0.016154235771725842,-164.25,2024-08-29,-0.010578844856339087,ENTERED,0.6105852335113,0.0,2024
SHORT,2024-09-02,19586.0,19586.25,2024-09-02,19580.25,19580.0,{},1,1,NQ,5,fixed_hold,0,0.0,5.75,5.55,0.015235528328906336,6.25,2024-08-30,-0.009215366528878666,ENTERED,0.6474037268639873,0.0,2024
LONG,2024-09-03,19581.0,19580.75,2024-09-03,18957.25,18957.5,{},1,1,NQ,5,fixed_hold,0,0.0,-623.75,-623.95,0.015257814173744576,-623.25,2024-09-02,0.0004726441245221924,ENTERED,0.646630984743539,0.0,2024
SHORT,2024-09-04,18957.75,18958.0,2024-09-04,18930.5,18930.25,{},1,1,NQ,5,fixed_hold,0,0.0,27.25,27.05,0.01685124248098762,27.75,2024-09-03,-0.03213866339919336,ENTERED,0.585486525123229,0.0,2024
SHORT,2024-09-05,18930.5,18930.75,2024-09-05,18912.5,18912.25,{},1,1,NQ,5,fixed_hold,0,0.0,18.0,17.8,0.016543969344856777,18.5,2024-09-04,-0.013766964495037781,ENTERED,0.5965236015217344,0.0,2024
SHORT,2024-09-06,18910.0,18910.25,2024-09-06,18377.75,18377.5,{},1,1,NQ,5,fixed_hold,0,0.0,532.25,532.05,0.013702201634239,532.75,2024-09-05,-0.026671984766218126,ENTERED,0.7202395965622671,0.0,2024
SHORT,2024-09-09,18447.75,18448.0,2024-09-09,18714.0,18713.75,{},1,1,NQ,5,fixed_hold,0,0.0,-266.25,-266.45,0.015180651136657706,-265.75,2024-09-06,-0.06210926535507422,ENTERED,0.6502261973686753,0.0,2024
SHORT,2024-09-10,18711.5,18711.75,2024-09-10,18837.0,18836.75,{},1,1,NQ,5,fixed_hold,0,0.0,-125.5,-125.7,0.015742866604707962,-125.0,2024-09-09,-0.044241573033708015,ENTERED,0.6270050626750202,0.0,2024
SHORT,2024-09-11,18837.25,18837.5,2024-09-11,19244.25,19244.0,{},1,1,NQ,5,fixed_hold,0,0.0,-407.0,-407.2,0.01474746935552426,-406.5,2024-09-10,-0.006369510747725404,ENTERED,0.6700575047146796,0.0,2024
LONG,2024-09-12,19244.75,19244.5,2024-09-12,19453.5,19453.75,{},1,1,NQ,5,fixed_hold,0,0.0,208.75,208.55,0.015564697997297835,209.25,2024-09-11,0.016574001928130855,ENTERED,0.6348759557644054,0.0,2024
LONG,2024-09-13,19454.5,19454.25,2024-09-13,19503.25,19503.5,{},1,1,NQ,5,fixed_hold,0,0.0,48.75,48.55,0.014546132649469273,49.25,2024-09-12,0.02863223572023399,ENTERED,0.679699451829393,0.0,2024
LONG,2024-09-16,19540.25,19540.0,2024-09-16,19440.75,19441.0,{},1,1,NQ,5,fixed_hold,0,0.0,-99.5,-99.7,0.014560081670014309,-99.0,2024-09-13,0.06127057543191383,ENTERED,0.6790482781730293,0.0,2024
LONG,2024-09-17,19441.25,19441.0,2024-09-17,19468.5,19468.75,{},1,1,NQ,5,fixed_hold,0,0.0,27.25,27.05,0.014233733349417481,27.75,2024-09-16,0.03886179947899282,ENTERED,0.6949588901223609,0.0,2024
LONG,2024-09-18,19706.0,19705.75,2024-09-18,19762.75,19763.0,{},1,1,NQ,5,fixed_hold,0,0.0,56.75,56.55,0.014230001547946783,57.25,2024-09-17,0.03355143535907201,ENTERED,0.6951411422886377,0.0,2024
LONG,2024-09-19,19764.25,19764.0,2024-09-19,20048.5,20048.75,{},1,1,NQ,5,fixed_hold,0,0.0,284.25,284.05,0.014130443870481506,284.75,2024-09-18,0.014618138501130806,ENTERED,0.7000958686008499,0.0,2024
LONG,2024-09-20,20047.75,20047.5,2024-09-20,20015.25,20015.5,{},1,1,NQ,5,fixed_hold,0,0.0,-32.5,-32.7,0.014126690847104429,-32.0,2024-09-19,0.018190567750062225,ENTERED,0.7002818623476865,0.0,2024
LONG,2024-09-23,20063.25,20063.0,2024-09-23,20068.75,20069.0,{},1,1,NQ,5,fixed_hold,0,0.0,5.5,5.3,0.014048916641364012,6.0,2024-09-20,0.013909024192438446,ENTERED,0.704326263775987,0.0,2024
LONG,2024-09-24,20068.5,20068.25,2024-09-24,20179.5,20179.75,{},1,1,NQ,5,fixed_hold,0,0.0,111.0,110.8,0.01383703361735788,111.5,2024-09-23,0.019887413800841802,ENTERED,0.715111435134434,0.0,2024
LONG,2024-09-25,20180.5,20180.25,2024-09-25,20277.0,20277.25,{},1,1,NQ,5,fixed_hold,0,0.0,96.5,96.3,0.01387822275087472,97.0,2024-09-24,0.024053892899280616,ENTERED,0.7136976231607653,0.0,2024
LONG,2024-09-26,20277.0,20276.75,2024-09-26,20343.5,20343.75,{},1,1,NQ,5,fixed_hold,0,0.0,66.5,66.3,0.012981154320112886,67.0,2024-09-25,0.026020847037393047,ENTERED,0.7630180141721644,0.0,2024
LONG,2024-09-27,20344.5,20344.25,2024-09-27,20192.75,20193.0,{},1,1,NQ,5,fixed_hold,0,0.0,-151.75,-151.95,0.012767721402345328,-151.25,2024-09-26,0.014714134297649117,ENTERED,0.7760852030269775,0.0,2024
LONG,2024-09-30,20276.5,20276.25,2024-09-30,20246.75,20247.0,{},1,1,NQ,5,fixed_hold,0,0.0,-29.75,-29.95,0.012823771220610118,-29.25,2024-09-27,0.00886812720141883,ENTERED,0.7726931092474391,0.0,2024
LONG,2024-10-01,20247.25,20247.0,2024-10-01,19932.5,19932.75,{},1,1,NQ,5,fixed_hold,0,0.0,-314.75,-314.95,0.01282241463992302,-314.25,2024-09-30,0.008869400568040087,ENTERED,0.7728921040302915,0.0,2024
SHORT,2024-10-02,19933.0,19933.25,2024-10-02,20055.5,20055.25,{},1,1,NQ,5,fixed_hold,0,0.0,-122.5,-122.7,0.01101041583479193,-122.0,2024-10-01,-0.012239993062352239,ENTERED,0.9000879874566695,0.0,2024
SHORT,2024-10-03,20054.25,20054.5,2024-10-03,19983.75,19983.5,{},1,1,NQ,5,fixed_hold,0,0.0,70.5,70.3,0.011017724510774906,71.0,2024-10-02,-0.010948230159415151,ENTERED,0.899542137098451,0.0,2024
SHORT,2024-10-04,19982.25,19982.5,2024-10-04,20202.5,20202.25,{},1,1,NQ,5,fixed_hold,0,0.0,-220.25,-220.45,0.011074553041897516,-219.75,2024-10-03,-0.0177081413210447,ENTERED,0.8949261803062625,0.0,2024
LONG,2024-10-07,20230.25,20230.0,2024-10-07,19982.75,19983.0,{},1,1,NQ,5,fixed_hold,0,0.0,-247.5,-247.7,0.008584781333928069,-247.0,2024-10-04,0.0004580795325110909,ENTERED,1.1544740706691465,0.0,2024
SHORT,2024-10-08,19983.75,19984.0,2024-10-08,20274.25,20274.0,{},1,1,NQ,5,fixed_hold,0,0.0,-290.5,-290.7,0.008534771618386928,-290.0,2024-10-07,-0.013038968736109102,ENTERED,1.1611726092879295,0.0,2024
LONG,2024-10-09,20274.75,20274.5,2024-10-09,20449.75,20450.0,{},1,1,NQ,5,fixed_hold,0,0.0,175.0,174.8,0.008903879874155248,175.5,2024-10-08,0.017120066222673813,ENTERED,1.113036470602559,0.0,2024
LONG,2024-10-10,20451.0,20450.75,2024-10-10,20452.0,20452.25,{},1,1,NQ,5,fixed_hold,0,0.0,1.0,0.8,0.007902187598097824,1.5,2024-10-09,0.019683125366176002,ENTERED,1.2539362719149145,0.0,2024
LONG,2024-10-11,20452.5,20452.25,2024-10-11,20413.0,20413.25,{},1,1,NQ,5,fixed_hold,0,0.0,-39.5,-39.7,0.007660804088854071,-39.0,2024-10-10,0.023456851902819764,ENTERED,1.293446424396588,0.0,2024
LONG,2024-10-14,20427.5,20427.25,2024-10-14,20631.75,20632.0,{},1,1,NQ,5,fixed_hold,0,0.0,204.25,204.05,0.0077063827351284185,204.75,2024-10-11,0.010444381195163999,ENTERED,1.2852793497843178,0.0,2024
LONG,2024-10-15,20632.25,20632.0,2024-10-15,20351.5,20351.75,{},1,1,NQ,5,fixed_hold,0,0.0,-280.75,-280.95,0.007866682518122486,-280.25,2024-10-14,0.03247760596507043,ENTERED,1.25908914821173,0.0,2024
LONG,2024-10-16,20352.25,20352.0,2024-10-16,20313.75,20314.0,{},1,1,NQ,5,fixed_hold,0,0.0,-38.5,-38.7,0.008642206681005368,-38.0,2024-10-15,0.0038349610338364037,ENTERED,1.1449646292144788,0.0,2024
SHORT,2024-10-17,20313.0,20313.25,2024-10-17,20405.5,20405.25,{},1,1,NQ,5,fixed_hold,0,0.0,-92.5,-92.7,0.00867130493438635,-92.0,2024-10-16,-0.006650366748166325,ENTERED,1.1411224772955642,0.0,2024
SHORT,2024-10-18,20405.75,20406.0,2024-10-18,20484.5,20484.25,{},1,1,NQ,5,fixed_hold,0,0.0,-78.75,-78.95,0.008152916584376784,-78.25,2024-10-17,-0.002298035668447218,ENTERED,1.2133897449873774,0.0,2024
LONG,2024-10-21,20514.75,20514.5,2024-10-21,20515.75,20516.0,{},1,1,NQ,5,fixed_hold,0,0.0,1.0,0.8,0.008154880406136707,1.5,2024-10-18,0.003478133075330847,ENTERED,1.2130975419058116,0.0,2024
SHORT,2024-10-22,20515.75,20516.0,2024-10-22,20529.75,20529.5,{},1,1,NQ,5,fixed_hold,0,0.0,-14.0,-14.2,0.008147994178292126,-13.5,2024-10-21,-0.005622334238076787,ENTERED,1.2140238829775658,0.0,2024
LONG,2024-10-23,20530.75,20530.5,2024-10-23,20289.75,20290.0,{},1,1,NQ,5,fixed_hold,0,0.0,-241.0,-241.2,0.008082549975578172,-240.5,2024-10-22,0.008733892662793119,ENTERED,1.223853803650773,0.0,2024
SHORT,2024-10-24,20290.0,20290.25,2024-10-24,20381.0,20380.75,{},1,1,NQ,5,fixed_hold,0,0.0,-91.0,-91.2,0.008490727792607618,-90.5,2024-10-23,-0.0011814512159101787,ENTERED,1.164446515019588,0.0,2024
SHORT,2024-10-25,20381.5,20381.75,2024-10-25,20476.25,20476.0,{},1,1,NQ,5,fixed_hold,0,0.0,-94.75,-94.95,0.00851864179232586,-94.25,2024-10-24,-0.0012006713958421233,ENTERED,1.1606308410559938,0.0,2024
SHORT,2024-10-28,20597.5,20597.75,2024-10-28,20507.25,20507.0,{},1,1,NQ,5,fixed_hold,0,0.0,90.25,90.05,0.008383501155515073,90.75,2024-10-25,-0.0004027484530800818,ENTERED,1.178702350475393,0.0,2024
SHORT,2024-10-29,20507.75,20508.0,2024-10-29,20749.25,20749.0,{},1,1,NQ,5,fixed_hold,0,0.0,-241.5,-241.7,0.008373344732879234,-241.0,2024-10-28,-0.0004386820042893147,ENTERED,1.180132053851426,0.0,2024
LONG,2024-10-30,20749.0,20748.75,2024-10-30,20426.25,20426.5,{},1,1,NQ,5,fixed_hold,0,0.0,-322.75,-322.95,0.0078017872780778855,-322.25,2024-10-29,0.010691931123505416,ENTERED,1.2652045884287768,0.0,2024
LONG,2024-10-31,20425.25,20425.0,2024-10-31,20073.5,20073.75,{},1,1,NQ,5,fixed_hold,0,0.0,-351.75,-351.95,0.008660770783819364,-351.25,2024-10-30,0.006727451946772156,ENTERED,1.1397203907775506,0.0,2024
SHORT,2024-11-01,20073.75,20074.0,2024-11-01,20170.5,20170.25,{},1,1,NQ,5,fixed_hold,0,0.0,-96.75,-96.95,0.009534772989992323,-96.25,2024-10-31,-0.015063233688651811,ENTERED,1.035039658250645,0.0,2024
SHORT,2024-11-04,20134.75,20135.0,2024-11-04,20088.25,20088.0,{},1,1,NQ,5,fixed_hold,0,0.0,46.5,46.3,0.009268007134406465,47.0,2024-11-01,-0.01493211564758734,ENTERED,1.0648317414886355,0.0,2024
SHORT,2024-11-05,20087.25,20087.5,2024-11-05,20343.75,20343.5,{},1,1,NQ,5,fixed_hold,0,0.0,-256.5,-256.7,0.008970987614857174,-256.0,2024-11-04,-0.020432047593504366,ENTERED,1.0997869830811777,0.0,2024
SHORT,2024-11-06,20342.75,20343.0,2024-11-06,20891.0,20890.75,{},1,1,NQ,5,fixed_hold,0,0.0,-548.25,-548.45,0.008825031424864911,-547.75,2024-11-05,-0.019543110511349826,ENTERED,1.1179762347818958,0.0,2024
LONG,2024-11-07,20891.75,20891.5,2024-11-07,21227.0,21227.25,{},1,1,NQ,5,fixed_hold,0,0.0,335.25,335.05,0.01052273717773922,335.75,2024-11-06,0.022727829045602554,ENTERED,0.9376054193460432,0.0,2024
LONG,2024-11-08,21227.25,21227.0,2024-11-08,21226.5,21226.75,{},1,1,NQ,5,fixed_hold,0,0.0,-0.75,-0.95,0.011037422603135085,-0.25,2024-11-07,0.057463104801046105,ENTERED,0.8941279619261807,0.0,2024
LONG,2024-11-11,21304.25,21304.0,2024-11-11,21216.25,21216.5,{},1,1,NQ,5,fixed_hold,0,0.0,-88.0,-88.2,0.011011065512782171,-87.5,2024-11-08,0.052379122717864046,ENTERED,0.896268228138583,0.0,2024
LONG,2024-11-12,21215.5,21215.25,2024-11-12,21160.5,21160.75,{},1,1,NQ,5,fixed_hold,0,0.0,-55.0,-55.2,0.010828443427027873,-54.5,2024-11-11,0.05617781760254892,ENTERED,0.911567496167701,0.0,2024
LONG,2024-11-13,21161.75,21161.5,2024-11-13,21166.25,21166.5,{},1,1,NQ,5,fixed_hold,0,0.0,4.5,4.3,0.010291547254717719,5.0,2024-11-12,0.04017253668247833,ENTERED,0.9591227458674425,0.0,2024
LONG,2024-11-14,21166.75,21166.5,2024-11-14,20950.0,20950.25,{},1,1,NQ,5,fixed_hold,0,0.0,-216.75,-216.95,0.01026055046970739,-216.25,2024-11-13,0.013199621842203024,ENTERED,0.9630723562437284,0.0,2024
SHORT,2024-11-15,20949.5,20949.75,2024-11-15,20503.5,20503.25,{},1,1,NQ,5,fixed_hold,0,0.0,446.0,445.8,0.01060207955680198,446.5,2024-11-14,-0.013049264506707181,ENTERED,0.9320485159799631,0.0,2024
SHORT,2024-11-18,20567.25,20567.5,2024-11-18,20623.0,20622.75,{},1,1,NQ,5,fixed_hold,0,0.0,-55.75,-55.95,0.011727886350586565,-55.25,2024-11-15,-0.03408435111357144,ENTERED,0.8430332706615465,0.0,2024
SHORT,2024-11-19,20623.0,20623.25,2024-11-19,20783.0,20782.75,{},1,1,NQ,5,fixed_hold,0,0.0,-160.0,-160.2,0.011794334174366644,-159.5,2024-11-18,-0.02798529446421416,ENTERED,0.838283725211884,0.0,2024
SHORT,2024-11-20,20782.75,20783.0,2024-11-20,20752.75,20752.5,{},1,1,NQ,5,fixed_hold,0,0.0,30.0,29.8,0.011911155160769848,30.5,2024-11-19,-0.017863260990276797,ENTERED,0.8304702102604019,0.0,2024
SHORT,2024-11-21,20753.5,20753.75,2024-11-21,20773.75,20773.5,{},1,1,NQ,5,fixed_hold,0,0.0,-20.25,-20.45,0.011567982608159902,-19.75,2024-11-20,-0.019559209127630983,ENTERED,0.8551067083928031,0.0,2024
SHORT,2024-11-22,20773.75,20774.0,2024-11-22,20879.0,20878.75,{},1,1,NQ,5,fixed_hold,0,0.0,-105.25,-105.45,0.011542166947766498,-104.75,2024-11-21,-0.008436653500555003,ENTERED,0.8570890908084305,0.0,2024
LONG,2024-11-25,20936.0,20935.75,2024-11-25,20833.0,20833.25,{},1,1,NQ,5,fixed_hold,0,0.0,-103.0,-103.2,0.011549050704470003,-102.5,2024-11-22,0.01831416970480304,ENTERED,0.8565782269352579,0.0,2024
LONG,2024-11-26,20835.25,20835.0,2024-11-26,20985.5,20985.75,{},1,1,NQ,5,fixed_hold,0,0.0,150.25,150.05,0.011570540431502359,150.75,2024-11-25,0.010207174115964168,ENTERED,0.8551909071741949,0.0,2024
LONG,2024-11-27,20987.0,20986.75,2024-11-27,20823.25,20823.5,{},1,1,NQ,5,fixed_hold,0,0.0,-163.75,-163.95,0.011389362851075707,-163.25,2024-11-26,0.009767716014483119,ENTERED,0.8687949534576145,0.0,2024
LONG,2024-11-28,20826.0,20825.75,2024-11-28,20887.5,20887.75,{},1,1,NQ,5,fixed_hold,0,0.0,61.5,61.3,0.01093027999033661,62.0,2024-11-27,0.003421274545235553,ENTERED,0.9061848918556308,0.0,2024
LONG,2024-11-29,20887.75,20887.5,2024-11-29,20991.0,20991.25,{},1,1,NQ,5,fixed_hold,0,0.0,103.25,103.05,0.010049932507574596,103.75,2024-11-28,0.005499795412424513,ENTERED,0.9855642894646004,0.0,2024
LONG,2024-12-02,20966.25,20966.0,2024-12-02,21213.75,21214.0,{},1,1,NQ,5,fixed_hold,0,0.0,247.5,247.3,0.010052130414277284,248.0,2024-11-29,0.005388253607136795,ENTERED,0.9857452349262495,0.0,2024
LONG,2024-12-03,21215.5,21215.25,2024-12-03,21332.5,21332.75,{},1,1,NQ,5,fixed_hold,0,0.0,117.0,116.8,0.010117673846132713,117.5,2024-12-02,0.0182760731042928,ENTERED,0.9793594661601513,0.0,2024
LONG,2024-12-04,21333.25,21333.0,2024-12-04,21510.5,21510.75,{},1,1,NQ,5,fixed_hold,0,0.0,177.25,177.05,0.009871773933745305,177.75,2024-12-03,0.016535029722549943,ENTERED,1.0037547175648998,0.0,2024
LONG,2024-12-05,21510.25,21510.0,2024-12-05,21455.0,21455.25,{},1,1,NQ,5,fixed_hold,0,0.0,-55.25,-55.45,0.008176613553409779,-54.75,2024-12-04,0.03300357768866946,ENTERED,1.2113639132259666,0.0,2024
LONG,2024-12-06,21456.0,21455.75,2024-12-06,21633.75,21634.0,{},1,1,NQ,5,fixed_hold,0,0.0,177.75,177.55,0.007454809511183778,178.25,2024-12-05,0.027169034481933085,ENTERED,1.3286529422563498,0.0,2024
LONG,2024-12-09,21657.5,21657.25,2024-12-09,21464.75,21465.0,{},1,1,NQ,5,fixed_hold,0,0.0,-192.75,-192.95,0.007651822008806325,-192.25,2024-12-06,0.030619901149288697,ENTERED,1.2931588001817378,0.0,2024
LONG,2024-12-10,21465.25,21465.0,2024-12-10,21428.5,21428.75,{},1,1,NQ,5,fixed_hold,0,0.0,-36.75,-36.95,0.007897056847580313,-36.25,2024-12-09,0.011831809182615505,ENTERED,1.2530011065000848,0.0,2024
LONG,2024-12-11,21428.25,21428.0,2024-12-11,21757.75,21758.0,{},1,1,NQ,5,fixed_hold,0,0.0,329.5,329.3,0.007879555230214781,330.0,2024-12-10,0.004500123050239502,ENTERED,1.2554852509042762,0.0,2024
LONG,2024-12-12,21758.25,21758.0,2024-12-12,21744.5,21744.75,{},1,1,NQ,5,fixed_hold,0,0.0,-13.75,-13.95,0.00853592871293126,-13.25,2024-12-11,0.011494252873563315,ENTERED,1.1589442353511805,0.0,2024
LONG,2024-12-13,21744.5,21744.25,2024-12-13,21760.25,21760.5,{},1,1,NQ,5,fixed_hold,0,0.0,15.75,15.55,0.00810649424366478,16.25,2024-12-12,0.01349320096479878,ENTERED,1.220238889152273,0.0,2024
LONG,2024-12-16,21790.25,21790.0,2024-12-16,22099.0,22099.25,{},1,1,NQ,5,fixed_hold,0,0.0,308.75,308.55,0.006008645655683439,309.25,2024-12-13,0.005847277433669085,ENTERED,1.646271072991686,0.0,2024
LONG,2024-12-17,22100.5,22100.25,2024-12-17,21969.75,21970.0,{},1,1,NQ,5,fixed_hold,0,0.0,-130.75,-130.95,0.006614259551943992,-130.25,2024-12-16,0.029548101560680218,ENTERED,1.494800485290303,0.0,2024
LONG,2024-12-18,21971.25,21971.0,2024-12-18,21199.0,21199.25,{},1,1,NQ,5,fixed_hold,0,0.0,-772.25,-772.45,0.006847177732608297,-771.75,2024-12-17,0.025258122848976328,ENTERED,1.4439523514917794,0.0,2024
SHORT,2024-12-19,21472.0,21472.25,2024-12-19,21374.5,21374.25,{},1,1,NQ,5,fixed_hold,0,0.0,97.5,97.3,0.010885628191038296,98.0,2024-12-18,-0.025680209578086144,ENTERED,0.9082616285040374,0.0,2024
SHORT,2024-12-20,21374.75,21375.0,2024-12-20,21552.75,21552.5,{},1,1,NQ,5,fixed_hold,0,0.0,-178.0,-178.2,0.010959759991467111,-177.5,2024-12-19,-0.029536049838380873,ENTERED,0.9025616928208525,0.0,2024
SHORT,2024-12-23,21657.0,21657.25,2024-12-23,21737.25,21737.0,{},1,1,NQ,5,fixed_hold,0,0.0,-80.25,-80.45,0.011050194767853412,-79.75,2024-12-20,-0.02215115945303392,ENTERED,0.8951751293638401,0.0,2024
SHORT,2024-12-24,21737.5,21737.75,2024-12-24,22046.75,22046.5,{},1,1,NQ,5,fixed_hold,0,0.0,-309.25,-309.45,0.011147713351266386,-308.75,2024-12-23,-0.028897634709785125,ENTERED,0.8874165547229912,0.0,2024
SHORT,2024-12-25,22049.25,22049.5,2024-12-25,22059.5,22059.25,{},1,1,NQ,5,fixed_hold,0,0.0,-10.25,-10.45,0.01143988110570512,-9.75,2024-12-24,-0.009276334228489724,ENTERED,0.8647524641044381,0.0,2024
LONG,2024-12-26,22059.0,22058.75,2024-12-26,22005.5,22005.75,{},1,1,NQ,5,fixed_hold,0,0.0,-53.5,-53.7,0.011220843176912774,-53.0,2024-12-25,0.027337610171267457,ENTERED,0.8818429071775559,0.0,2024
LONG,2024-12-27,22006.25,22006.0,2024-12-27,21719.5,21719.75,{},1,1,NQ,5,fixed_hold,0,0.0,-286.75,-286.95,0.01126824802933807,-286.25,2024-12-26,0.029544896312151403,ENTERED,0.878133046268548,0.0,2024
LONG,2024-12-30,21701.25,21701.0,2024-12-30,21391.0,21391.25,{},1,1,NQ,5,fixed_hold,0,0.0,-310.25,-310.45,0.011728575722714981,-309.75,2024-12-27,0.0077601206356572305,ENTERED,0.844506172374537,0.0,2024
SHORT,2024-12-31,21391.75,21392.0,2024-12-31,21234.5,21234.25,{},1,1,NQ,5,fixed_hold,0,0.0,157.25,157.05,0.012041493617088839,157.75,2024-12-30,-0.015906058793761835,ENTERED,0.8225602990760503,0.0,2024
SHORT,2025-01-01,21268.75,21269.0,2025-01-01,21268.25,21268.0,{},1,1,NQ,5,fixed_hold,0,0.0,0.5,0.3,0.012063707710893523,1.0,2024-12-31,-0.03684258272288121,ENTERED,0.8213759728100326,0.0,2025
SHORT,2025-01-02,21266.25,21266.5,2025-01-02,21163.75,21163.5,{},1,1,NQ,5,fixed_hold,0,0.0,102.5,102.3,0.01188747443330384,103.0,2025-01-01,-0.035869306526740585,ENTERED,0.8335529731168586,0.0,2025
SHORT,2025-01-03,21162.5,21162.75,2025-01-03,21493.25,21493.0,{},1,1,NQ,5,fixed_hold,0,0.0,-330.75,-330.95,0.011913785709999762,-330.25,2025-01-02,-0.03827408745441552,ENTERED,0.8318382813852973,0.0,2025
SHORT,2025-01-06,21525.5,21525.75,2025-01-06,21772.0,21771.75,{},1,1,NQ,5,fixed_hold,0,0.0,-246.5,-246.7,0.012323220964434235,-246.0,2025-01-03,-0.010439807088019282,ENTERED,0.8042007084349886,0.0,2025
LONG,2025-01-07,21770.5,21770.25,2025-01-07,21392.0,21392.25,{},1,1,NQ,5,fixed_hold,0,0.0,-378.5,-378.7,0.0125825698746527,-378.0,2025-01-06,0.017787646818208103,ENTERED,0.7876695739516409,0.0,2025
LONG,2025-01-08,21393.75,21393.5,2025-01-08,21314.75,21315.0,{},1,1,NQ,5,fixed_hold,0,0.0,-79.0,-79.2,0.013181470216143002,-78.5,2025-01-07,0.007440809070251575,ENTERED,0.7518817923851024,0.0,2025
LONG,2025-01-09,21316.75,21316.5,2025-01-09,21237.25,21237.5,{},1,1,NQ,5,fixed_hold,0,0.0,-79.5,-79.7,0.012640530672197125,-79.0,2025-01-08,0.0022098927966898163,ENTERED,0.7841899538230187,0.0,2025
LONG,2025-01-10,21237.25,21237.0,2025-01-10,20997.5,20997.75,{},1,1,NQ,5,fixed_hold,0,0.0,-239.75,-239.95,0.012646280929660319,-239.25,2025-01-09,0.0034965861034323975,ENTERED,0.7838333830525595,0.0,2025
SHORT,2025-01-13,20996.75,20997.0,2025-01-13,21046.25,21046.0,{},1,1,NQ,5,fixed_hold,0,0.0,-49.5,-49.7,0.01280725888960476,-49.0,2025-01-10,-0.023042385893081607,ENTERED,0.7740269195643802,0.0,2025
SHORT,2025-01-14,21046.0,21046.25,2025-01-14,20948.25,20948.0,{},1,1,NQ,5,fixed_hold,0,0.0,97.75,97.55,0.012157876308100706,98.25,2025-01-13,-0.0333344816103438,ENTERED,0.8153696332458348,0.0,2025
SHORT,2025-01-15,20947.5,20947.75,2025-01-15,21415.5,21415.25,{},1,1,NQ,5,fixed_hold,0,0.0,-468.0,-468.2,0.012146122359077775,-467.5,2025-01-14,-0.020766866505393278,ENTERED,0.8162753959718946,0.0,2025
LONG,2025-01-16,21415.5,21415.25,2025-01-16,21234.75,21235.0,{},1,1,NQ,5,fixed_hold,0,0.0,-180.75,-180.95,0.010865965040751395,-180.25,2025-01-15,0.0047032606145906986,ENTERED,0.9124436532784654,0.0,2025
SHORT,2025-01-17,21233.25,21233.5,2025-01-17,21589.25,21589.0,{},1,1,NQ,5,fixed_hold,0,0.0,-356.0,-356.2,0.010983224999755492,-355.5,2025-01-16,-0.00011771630370793762,ENTERED,0.9032461777086876,0.0,2025
LONG,2025-01-20,21546.25,21546.0,2025-01-20,21730.25,21730.5,{},1,1,NQ,5,fixed_hold,0,0.0,184.0,183.8,0.011473944749016014,184.5,2025-01-17,0.02815777880963455,ENTERED,0.8646159814212474,0.0,2025
LONG,2025-01-21,21732.0,21731.75,2025-01-21,21810.0,21810.25,{},1,1,NQ,5,fixed_hold,0,0.0,78.0,77.8,0.011405080949548663,78.5,2025-01-20,0.03252399505844372,ENTERED,0.8702461532316036,0.0,2025
LONG,2025-01-22,21810.5,21810.25,2025-01-22,21965.25,21965.5,{},1,1,NQ,5,fixed_hold,0,0.0,154.75,154.55,0.010948635573501918,155.25,2025-01-21,0.04116144739354577,ENTERED,0.9065264577497658,0.0,2025
LONG,2025-01-23,21965.75,21965.5,2025-01-23,22010.0,22010.25,{},1,1,NQ,5,fixed_hold,0,0.0,44.25,44.05,0.01107884941525135,44.75,2025-01-22,0.025694306627286334,ENTERED,0.89639686056946,0.0,2025
LONG,2025-01-24,22011.5,22011.25,2025-01-24,21907.5,21907.75,{},1,1,NQ,5,fixed_hold,0,0.0,-104.0,-104.2,0.011075652138973872,-103.5,2025-01-23,0.03650812338121012,ENTERED,0.8966556289364638,0.0,2025
LONG,2025-01-27,21665.75,21665.5,2025-01-27,21326.5,21326.75,{},1,1,NQ,5,fixed_hold,0,0.0,-339.25,-339.45,0.010708798389184919,-338.75,2025-01-24,0.014764463384130622,ENTERED,0.9276954797101578,0.0,2025
SHORT,2025-01-28,21326.75,21327.0,2025-01-28,21545.75,21545.5,{},1,1,NQ,5,fixed_hold,0,0.0,-219.0,-219.2,0.010748535661320247,-218.5,2025-01-27,-0.007606253400954444,ENTERED,0.9242657950631025,0.0,2025
SHORT,2025-01-29,21545.75,21546.0,2025-01-29,21539.25,21539.0,{},1,1,NQ,5,fixed_hold,0,0.0,6.5,6.3,0.010796602764133167,7.0,2025-01-28,-0.00109314494591084,ENTERED,0.9203002862681351,0.0,2025
SHORT,2025-01-30,21538.25,21538.5,2025-01-30,21698.25,21698.0,{},1,1,NQ,5,fixed_hold,0,0.0,-160.0,-160.2,0.010802579287814338,-159.5,2025-01-29,-0.008452548017119255,ENTERED,0.919791130416729,0.0,2025
SHORT,2025-01-31,21697.75,21698.0,2025-01-31,21571.25,21571.0,{},1,1,NQ,5,fixed_hold,0,0.0,126.5,126.3,0.010783499910124058,127.0,2025-01-30,-0.003163826191551644,ENTERED,0.921937897556068,0.0,2025
SHORT,2025-02-03,21113.75,21114.0,2025-02-03,21571.75,21571.5,{},1,1,NQ,5,fixed_hold,0,0.0,-458.0,-458.2,0.010407457875453288,-457.5,2025-01-31,-0.00436177332625598,ENTERED,0.955249337005154,0.0,2025
LONG,2025-02-04,21571.5,21571.25,2025-02-04,21566.25,21566.5,{},1,1,NQ,5,fixed_hold,0,0.0,-5.25,-5.45,0.011101885882660735,-4.75,2025-02-03,0.03336899977722174,ENTERED,0.8955695259114174,0.0,2025
LONG,2025-02-05,21568.5,21568.25,2025-02-05,21772.75,21773.0,{},1,1,NQ,5,fixed_hold,0,0.0,204.25,204.05,0.010211250389870896,204.75,2025-02-04,0.022640184445294143,ENTERED,0.9736819975073432,0.0,2025
LONG,2025-02-06,21772.5,21772.25,2025-02-06,21853.75,21854.0,{},1,1,NQ,5,fixed_hold,0,0.0,81.25,81.05,0.010249828857191974,81.75,2025-02-05,0.03274356580712534,ENTERED,0.9703061152373894,0.0,2025
LONG,2025-02-07,21853.25,21853.0,2025-02-07,21575.0,21575.25,{},1,1,NQ,5,fixed_hold,0,0.0,-278.25,-278.45,0.010140280573384062,-277.75,2025-02-06,0.028989623967675238,ENTERED,0.9807886032635669,0.0,2025
LONG,2025-02-10,21645.5,21645.25,2025-02-10,21795.5,21795.75,{},1,1,NQ,5,fixed_hold,0,0.0,150.0,149.8,0.010254512765561526,150.5,2025-02-07,0.021845694799659032,ENTERED,0.969898405235539,0.0,2025
LONG,2025-02-11,21796.25,21796.0,2025-02-11,21810.25,21810.5,{},1,1,NQ,5,fixed_hold,0,0.0,14.0,13.8,0.010376721750168794,14.5,2025-02-10,0.010395660941520113,ENTERED,0.9584756936962116,0.0,2025
LONG,2025-02-12,21810.75,21810.5,2025-02-12,21888.0,21888.25,{},1,1,NQ,5,fixed_hold,0,0.0,77.25,77.05,0.010225305202161151,77.75,2025-02-11,0.011313843229082021,ENTERED,0.9726835938261205,0.0,2025
LONG,2025-02-13,21888.25,21888.0,2025-02-13,22082.75,22083.0,{},1,1,NQ,5,fixed_hold,0,0.0,194.5,194.3,0.009242040446703747,195.0,2025-02-12,0.005293253111651852,ENTERED,1.0761514878819718,0.0,2025
LONG,2025-02-14,22085.0,22084.75,2025-02-14,22203.25,22203.5,{},1,1,NQ,5,fixed_hold,0,0.0,118.25,118.05,0.008945852796268866,118.75,2025-02-13,0.010478630914249054,ENTERED,1.1117817165439843,0.0,2025
LONG,2025-02-17,22211.5,22211.25,2025-02-17,22220.25,22220.5,{},1,1,NQ,5,fixed_hold,0,0.0,8.75,8.55,0.008421477939008496,9.25,2025-02-14,0.029119013684661743,ENTERED,1.1809651099603744,0.0,2025
LONG,2025-02-18,22220.25,22220.0,2025-02-18,22249.75,22250.0,{},1,1,NQ,5,fixed_hold,0,0.0,29.5,29.3,0.008394791958037714,30.0,2025-02-17,0.019487744170308074,ENTERED,1.1847192485511926,0.0,2025
LONG,2025-02-19,22250.75,22250.5,2025-02-19,22217.5,22217.75,{},1,1,NQ,5,fixed_hold,0,0.0,-33.25,-33.45,0.008398042982561782,-32.75,2025-02-18,0.020150844776598564,ENTERED,1.1839080482562876,0.0,2025
LONG,2025-02-20,22218.0,22217.75,2025-02-20,22161.25,22161.5,{},1,1,NQ,5,fixed_hold,0,0.0,-56.75,-56.95,0.008377240749705585,-56.25,2025-02-19,0.01505373887816508,ENTERED,1.1868479101554479,0.0,2025
LONG,2025-02-21,22161.25,22161.0,2025-02-21,21659.75,21660.0,{},1,1,NQ,5,fixed_hold,0,0.0,-501.5,-501.7,0.008444893395686931,-501.0,2025-02-20,0.003554770638047433,ENTERED,1.1772460313724464,0.0,2025
SHORT,2025-02-24,21758.0,21758.25,2025-02-24,21385.5,21385.25,{},1,1,NQ,5,fixed_hold,0,0.0,372.5,372.3,0.01000347345150574,373.0,2025-02-21,-0.024478122818474612,ENTERED,0.9939058392923078,0.0,2025
SHORT,2025-02-25,21385.25,21385.5,2025-02-25,21226.0,21225.75,{},1,1,NQ,5,fixed_hold,0,0.0,159.25,159.05,0.009762414339663818,159.75,2025-02-24,-0.03758916316014482,ENTERED,1.0183666549619301,0.0,2025
SHORT,2025-02-26,21224.75,21225.0,2025-02-26,21213.5,21213.25,{},1,1,NQ,5,fixed_hold,0,0.0,11.25,11.05,0.009706045509322444,11.75,2025-02-25,-0.04603370786516858,ENTERED,1.0242809211936026,0.0,2025
SHORT,2025-02-27,21213.0,21213.25,2025-02-27,20674.0,20673.75,{},1,1,NQ,5,fixed_hold,0,0.0,539.0,538.8,0.009707300850978146,539.5,2025-02-26,-0.0452115988342654,ENTERED,1.0235715125233695,0.0,2025
SHORT,2025-02-28,20672.25,20672.5,2025-02-28,20909.25,20909.0,{},1,1,NQ,5,fixed_hold,0,0.0,-237.0,-237.2,0.011126245553891669,-236.5,2025-02-27,-0.06713218870563809,ENTERED,0.8935374639433938,0.0,2025
SHORT,2025-03-03,20969.25,20969.5,2025-03-03,20516.0,20515.75,{},1,1,NQ,5,fixed_hold,0,0.0,453.25,453.05,0.011417467647150839,453.75,2025-02-28,-0.034672206832871644,ENTERED,0.8707462585117742,0.0,2025
SHORT,2025-03-04,20514.5,20514.75,2025-03-04,20578.25,20578.0,{},1,1,NQ,5,fixed_hold,0,0.0,-63.75,-63.95,0.010869261391937377,-63.25,2025-03-03,-0.04065886533942786,ENTERED,0.9147365509152543,0.0,2025
SHORT,2025-03-05,20579.25,20579.5,2025-03-05,20605.25,20605.0,{},1,1,NQ,5,fixed_hold,0,0.0,-26.0,-26.2,0.01092870352289454,-25.5,2025-03-04,-0.030517178427146074,ENTERED,0.9097612224385597,0.0,2025
SHORT,2025-03-06,20604.25,20604.5,2025-03-06,20187.25,20187.0,{},1,1,NQ,5,fixed_hold,0,0.0,417.0,416.8,0.010608196791053659,417.5,2025-03-05,-0.02867311703770048,ENTERED,0.9375270666789923,0.0,2025
SHORT,2025-03-07,20187.25,20187.5,2025-03-07,20207.5,20207.25,{},1,1,NQ,5,fixed_hold,0,0.0,-20.25,-20.45,0.011186054957407099,-19.75,2025-03-06,-0.023544349718846225,ENTERED,0.8890955442413965,0.0,2025
SHORT,2025-03-10,20033.0,20033.25,2025-03-10,19304.5,19304.25,{},1,1,NQ,5,fixed_hold,0,0.0,728.5,728.3,0.011034819099000732,729.0,2025-03-07,-0.03356210244392366,ENTERED,0.9013138764265065,0.0,2025
SHORT,2025-03-11,19306.25,19306.5,2025-03-11,19477.0,19476.75,{},1,1,NQ,5,fixed_hold,0,0.0,-170.75,-170.95,0.012825392066159763,-170.25,2025-03-10,-0.05087953272128387,ENTERED,0.775480041972988,0.0,2025
SHORT,2025-03-12,19477.75,19478.0,2025-03-12,19685.5,19685.25,{},1,1,NQ,5,fixed_hold,0,0.0,-207.75,-207.95,0.01316464266390995,-207.25,2025-03-11,-0.04529514599487361,ENTERED,0.7555075261764103,0.0,2025
SHORT,2025-03-13,19683.5,19683.75,2025-03-13,19356.5,19356.25,{},1,1,NQ,5,fixed_hold,0,0.0,327.0,326.8,0.013505235229584658,327.5,2025-03-12,-0.0363393630171861,ENTERED,0.7364541559571869,0.0,2025
SHORT,2025-03-14,19358.0,19358.25,2025-03-14,19667.75,19667.5,{},1,1,NQ,5,fixed_hold,0,0.0,-309.75,-309.95,0.0133542257916846,-309.25,2025-03-13,-0.03282459623982603,ENTERED,0.7451424776233515,0.0,2025
SHORT,2025-03-17,19585.75,19586.0,2025-03-17,19821.0,19820.75,{},1,1,NQ,5,fixed_hold,0,0.0,-235.25,-235.45,0.01403026860868644,-234.75,2025-03-14,-0.018257147492294235,ENTERED,0.7092380887844707,0.0,2025
LONG,2025-03-18,19821.75,19821.5,2025-03-18,19504.0,19504.25,{},1,1,NQ,5,fixed_hold,0,0.0,-317.75,-317.95,0.014281701415668042,-317.25,2025-03-17,0.026755766217283705,ENTERED,0.697425675399806,0.0,2025
LONG,2025-03-19,19504.5,19504.25,2025-03-19,19823.25,19823.5,{},1,1,NQ,5,fixed_hold,0,0.0,318.75,318.55,0.014390773264446733,319.25,2025-03-18,0.0014119398770329195,ENTERED,0.6921396837158486,0.0,2025
LONG,2025-03-20,20031.75,20031.5,2025-03-20,19886.0,19886.25,{},1,1,NQ,5,fixed_hold,0,0.0,-145.75,-145.95,0.015217359345990217,-145.25,2025-03-19,0.007023024853634041,ENTERED,0.655423798120323,0.0,2025
LONG,2025-03-21,19886.0,19885.75,2025-03-21,19970.5,19970.75,{},1,1,NQ,5,fixed_hold,0,0.0,84.5,84.3,0.015211309562267733,85.0,2025-03-20,0.016713372918118807,ENTERED,0.6556844707605691,0.0,2025
LONG,2025-03-24,20110.0,20109.75,2025-03-24,20354.75,20355.0,{},1,1,NQ,5,fixed_hold,0,0.0,244.75,244.55,0.014788601277715403,245.25,2025-03-21,0.004875088673181649,ENTERED,0.6756401294163703,0.0,2025
LONG,2025-03-25,20355.0,20354.75,2025-03-25,20523.25,20523.5,{},1,1,NQ,5,fixed_hold,0,0.0,168.25,168.05,0.015511279112347056,168.75,2025-03-24,0.016290548571436858,ENTERED,0.6441617360369225,0.0,2025
LONG,2025-03-26,20524.25,20524.0,2025-03-26,20059.5,20059.75,{},1,1,NQ,5,fixed_hold,0,0.0,-464.75,-464.95,0.015641879470218552,-464.25,2025-03-25,0.041331568570290855,ENTERED,0.6388450350460548,0.0,2025
LONG,2025-03-27,20059.75,20059.5,2025-03-27,19964.5,19964.75,{},1,1,NQ,5,fixed_hold,0,0.0,-95.25,-95.45,0.016322352633849763,-94.75,2025-03-26,0.001410278810872967,ENTERED,0.6122118093205946,0.0,2025
LONG,2025-03-28,19965.25,19965.0,2025-03-28,19360.75,19361.0,{},1,1,NQ,5,fixed_hold,0,0.0,-604.5,-604.7,0.015441136839894992,-604.0,2025-03-27,0.003947451128292201,ENTERED,0.647191053052591,0.0,2025
SHORT,2025-03-31,19256.25,19256.5,2025-03-31,19358.5,19358.25,{},1,1,NQ,5,fixed_hold,0,0.0,-102.25,-102.45,0.01636026574997328,-101.75,2025-03-28,-0.030532153274163476,ENTERED,0.6108314965334299,0.0,2025
SHORT,2025-04-01,19358.75,19359.0,2025-04-01,19645.0,19644.75,{},1,1,NQ,5,fixed_hold,0,0.0,-286.25,-286.45,0.015987195926708154,-285.75,2025-03-31,-0.04896831245394251,ENTERED,0.6251400929810187,0.0,2025
SHORT,2025-04-02,19643.5,19643.75,2025-04-02,18877.5,18877.25,{},1,1,NQ,5,fixed_hold,0,0.0,766.0,765.8,0.016426186382700554,766.5,2025-04-01,-0.042816771018588606,ENTERED,0.6084332002133894,0.0,2025
SHORT,2025-04-03,18879.5,18879.75,2025-04-03,18654.5,18654.25,{},1,1,NQ,5,fixed_hold,0,0.0,225.0,224.8,0.018332790619209716,225.5,2025-04-02,-0.058948890190555714,ENTERED,0.54534344328852,0.0,2025
SHORT,2025-04-04,18653.75,18654.0,2025-04-04,17483.5,17483.25,{},1,1,NQ,5,fixed_hold,0,0.0,1170.25,1170.05,0.018039396493883912,1170.75,2025-04-03,-0.0656406917191551,ENTERED,0.5542129507911709,0.0,2025
SHORT,2025-04-07,16721.0,16721.25,2025-04-07,17764.0,17763.75,{},1,1,NQ,5,fixed_hold,0,0.0,-1043.0,-1043.2,0.022272356772508405,-1042.5,2025-04-04,-0.09698620939001101,ENTERED,0.4489933014140658,0.0,2025
SHORT,2025-04-08,17763.5,17763.75,2025-04-08,16994.25,16994.0,{},1,1,NQ,5,fixed_hold,0,0.0,769.25,769.05,0.02605161189539584,769.75,2025-04-07,-0.04055079808891482,ENTERED,0.383858743087134,0.0,2025
SHORT,2025-04-09,16995.25,16995.5,2025-04-09,19313.75,19313.5,{},1,1,NQ,5,fixed_hold,0,0.0,-2318.5,-2318.7,0.02746684814816129,-2318.0,2025-04-08,-0.09551257085798581,ENTERED,0.36408658764521257,0.0,2025
LONG,2025-04-10,19312.5,19312.25,2025-04-10,18356.75,18357.0,{},1,1,NQ,5,fixed_hold,0,0.0,-955.75,-955.95,0.04183295574816891,-955.25,2025-04-09,0.06973371606867107,ENTERED,0.25,0.0,2025
LONG,2025-04-11,18353.0,18352.75,2025-04-11,18820.25,18820.5,{},1,1,NQ,5,fixed_hold,0,0.0,467.25,467.05,0.04320771954494913,467.75,2025-04-10,0.02890989258526533,ENTERED,0.25,0.0,2025
LONG,2025-04-14,19011.75,19011.5,2025-04-14,18850.5,18850.75,{},1,1,NQ,5,fixed_hold,0,0.0,-161.25,-161.45,0.04343636520696804,-160.75,2025-04-11,0.12554384391119067,ENTERED,0.25,0.0,2025
LONG,2025-04-15,18849.75,18849.5,2025-04-15,18728.75,18729.0,{},1,1,NQ,5,fixed_hold,0,0.0,-121.0,-121.2,0.04344214769137514,-120.5,2025-04-14,0.050530714687866185,ENTERED,0.25,0.0,2025
LONG,2025-04-16,18728.5,18728.25,2025-04-16,18401.75,18402.0,{},1,1,NQ,5,fixed_hold,0,0.0,-326.75,-326.95,0.043315150065429096,-326.25,2025-04-15,0.09102260507197002,ENTERED,0.25,0.0,2025
SHORT,2025-04-17,18403.25,18403.5,2025-04-17,18428.0,18427.75,{},1,1,NQ,5,fixed_hold,0,0.0,-24.75,-24.95,0.04330410475347361,-24.25,2025-04-16,-0.0567673713881236,ENTERED,0.25,0.0,2025
SHORT,2025-04-21,18313.0,18313.25,2025-04-21,18003.75,18003.5,{},1,1,NQ,5,fixed_hold,0,0.0,309.25,309.05,0.043288519649073647,309.75,2025-04-17,-0.006231155743689043,ENTERED,0.25,0.0,2025
SHORT,2025-04-22,18003.25,18003.5,2025-04-22,18761.0,18760.75,{},1,1,NQ,5,fixed_hold,0,0.0,-757.75,-757.95,0.04353574214249496,-757.25,2025-04-21,-0.05302054019935298,ENTERED,0.25,0.0,2025
SHORT,2025-04-23,18761.5,18761.75,2025-04-23,18839.75,18839.5,{},1,1,NQ,5,fixed_hold,0,0.0,-78.25,-78.45,0.044427958165626155,-77.75,2025-04-22,-0.004774345848308492,ENTERED,0.25,0.0,2025
LONG,2025-04-24,18840.25,18840.0,2025-04-24,19412.25,19412.5,{},1,1,NQ,5,fixed_hold,0,0.0,572.0,571.8,0.04439028632427547,572.5,2025-04-23,0.0058999412675531104,ENTERED,0.25,0.0,2025
LONG,2025-04-25,19413.0,19412.75,2025-04-25,19554.5,19554.75,{},1,1,NQ,5,fixed_hold,0,0.0,141.5,141.3,0.044655874111039995,142.0,2025-04-24,0.05491250950983573,ENTERED,0.25,0.0,2025
LONG,2025-04-28,19457.25,19457.0,2025-04-28,19528.25,19528.5,{},1,1,NQ,5,fixed_hold,0,0.0,71.0,70.8,0.04465584436976652,71.5,2025-04-25,0.061157764784089075,ENTERED,0.25,0.0,2025
LONG,2025-04-29,19528.5,19528.25,2025-04-29,19562.75,19563.0,{},1,1,NQ,5,fixed_hold,0,0.0,34.25,34.05,0.04403457417872496,34.75,2025-04-28,0.08470575165939942,ENTERED,0.25,0.0,2025
LONG,2025-04-30,19562.75,19562.5,2025-04-30,19917.0,19917.25,{},1,1,NQ,5,fixed_hold,0,0.0,354.25,354.05,0.044029372528842356,354.75,2025-04-29,0.042762149700837915,ENTERED,0.25,0.0,2025
LONG,2025-05-01,19918.0,19917.75,2025-05-01,19789.25,19789.5,{},1,1,NQ,5,fixed_hold,0,0.0,-128.75,-128.95,0.044081666408933746,-128.25,2025-04-30,0.057206932243424546,ENTERED,0.25,0.0,2025
LONG,2025-05-02,19790.25,19790.0,2025-05-02,20204.25,20204.5,{},1,1,NQ,5,fixed_hold,0,0.0,414.0,413.8,0.04302155919922941,414.5,2025-05-01,0.019420476497102213,ENTERED,0.25,0.0,2025
LONG,2025-05-05,20085.0,20084.75,2025-05-05,20008.0,20008.25,{},1,1,NQ,5,fixed_hold,0,0.0,-77.0,-77.2,0.04297424833056653,-76.5,2025-05-02,0.03322722100768383,ENTERED,0.25,0.0,2025
LONG,2025-05-06,20009.0,20008.75,2025-05-06,20067.75,20068.0,{},1,1,NQ,5,fixed_hold,0,0.0,58.75,58.55,0.04000259799661316,59.25,2025-05-05,0.0245666589855853,ENTERED,0.2505412975667347,0.0,2025
LONG,2025-05-07,20067.5,20067.25,2025-05-07,19952.75,19953.0,{},1,1,NQ,5,fixed_hold,0,0.0,-114.75,-114.95,0.03800658541405801,-114.25,2025-05-06,0.025814036701937493,ENTERED,0.2636991115861947,0.0,2025
LONG,2025-05-08,19953.0,19952.75,2025-05-08,20139.0,20139.25,{},1,1,NQ,5,fixed_hold,0,0.0,186.0,185.8,0.036316573947605124,186.5,2025-05-07,0.001794926508428718,ENTERED,0.2759710639819042,0.0,2025
LONG,2025-05-09,20138.5,20138.25,2025-05-09,20146.25,20146.5,{},1,1,NQ,5,fixed_hold,0,0.0,7.75,7.55,0.020234242822233652,8.25,2025-05-08,0.01767351373202941,ENTERED,0.49531497869964414,0.0,2025
SHORT,2025-05-12,20452.0,20452.25,2025-05-12,20909.0,20908.75,{},1,1,NQ,5,fixed_hold,0,0.0,-457.0,-457.2,0.016261006040022365,-456.5,2025-05-09,-0.0028706476280038196,ENTERED,0.6163728661820715,0.0,2025
LONG,2025-05-13,20908.75,20908.5,2025-05-13,21292.25,21292.5,{},1,1,NQ,5,fixed_hold,0,0.0,383.5,383.3,0.01607432527682588,384.0,2025-05-12,0.02938415771454994,ENTERED,0.6235311733017093,0.0,2025
LONG,2025-05-14,21292.5,21292.25,2025-05-14,21375.0,21375.25,{},1,1,NQ,5,fixed_hold,0,0.0,82.5,82.3,0.01608716162583949,83.0,2025-05-13,0.04515590592323471,ENTERED,0.6232757115006868,0.0,2025
LONG,2025-05-15,21375.75,21375.5,2025-05-15,21414.0,21414.25,{},1,1,NQ,5,fixed_hold,0,0.0,38.25,38.05,0.01584786426433093,38.75,2025-05-14,0.055264955276394856,ENTERED,0.6326869628066547,0.0,2025
LONG,2025-05-16,21415.25,21415.0,2025-05-16,21400.0,21400.25,{},1,1,NQ,5,fixed_hold,0,0.0,-15.25,-15.45,0.014904621264394421,-14.75,2025-05-15,0.04741331598087273,ENTERED,0.6732086055387365,0.0,2025
LONG,2025-05-19,21382.0,21381.75,2025-05-19,21539.0,21539.25,{},1,1,NQ,5,fixed_hold,0,0.0,157.0,156.8,0.014951890620313346,157.5,2025-05-16,0.04635186837633998,ENTERED,0.6710803036409377,0.0,2025
LONG,2025-05-20,21539.25,21539.0,2025-05-20,21431.25,21431.5,{},1,1,NQ,5,fixed_hold,0,0.0,-108.0,-108.2,0.013202311223448872,-107.5,2025-05-19,0.030154839481078444,ENTERED,0.7602193047745797,0.0,2025
LONG,2025-05-21,21432.0,21431.75,2025-05-21,21145.5,21145.75,{},1,1,NQ,5,fixed_hold,0,0.0,-286.5,-286.7,0.010859652450354081,-286.0,2025-05-20,0.006528120230127943,ENTERED,0.9242148315143074,0.0,2025
SHORT,2025-05-22,21147.25,21147.5,2025-05-22,21179.0,21178.75,{},1,1,NQ,5,fixed_hold,0,0.0,-31.75,-31.95,0.01168663558657857,-31.25,2025-05-21,-0.010736716529631152,ENTERED,0.859070956527569,0.0,2025
SHORT,2025-05-23,21179.0,21179.25,2025-05-23,20953.5,20953.25,{},1,1,NQ,5,fixed_hold,0,0.0,225.5,225.3,0.01006534660282684,226.0,2025-05-22,-0.010997349895513375,ENTERED,0.9974469442643492,0.0,2025
SHORT,2025-05-26,21187.25,21187.5,2025-05-26,21235.5,21235.25,{},1,1,NQ,5,fixed_hold,0,0.0,-48.25,-48.45,0.01051274360234595,-47.75,2025-05-23,-0.02088760645319554,ENTERED,0.9553976709141544,0.0,2025
SHORT,2025-05-27,21236.0,21236.25,2025-05-27,21471.0,21470.75,{},1,1,NQ,5,fixed_hold,0,0.0,-235.0,-235.2,0.010469613278124307,-234.5,2025-05-26,-0.02501377375041769,ENTERED,0.9593335002721718,0.0,2025
SHORT,2025-05-28,21470.0,21470.25,2025-05-28,21766.5,21766.25,{},1,1,NQ,5,fixed_hold,0,0.0,-296.5,-296.7,0.010621261354558362,-296.0,2025-05-27,-0.009244879050403831,ENTERED,0.9457962378225397,0.0,2025
LONG,2025-05-29,21766.75,21766.5,2025-05-29,21316.75,21317.0,{},1,1,NQ,5,fixed_hold,0,0.0,-450.0,-450.2,0.010345479139962345,-449.5,2025-05-28,0.017963482623428728,ENTERED,0.9710085820256938,0.0,2025
SHORT,2025-05-30,21317.0,21317.25,2025-05-30,21369.25,21369.0,{},1,1,NQ,5,fixed_hold,0,0.0,-52.25,-52.45,0.011468295517312245,-51.75,2025-05-29,-0.004600448945858093,ENTERED,0.876323119892008,0.0,2025
LONG,2025-06-02,21305.0,21304.75,2025-06-02,21494.0,21494.25,{},1,1,NQ,5,fixed_hold,0,0.0,189.0,188.8,0.010611843366119087,189.5,2025-05-30,0.008566371681416163,ENTERED,0.9470487040603587,0.0,2025
LONG,2025-06-03,21495.25,21495.0,2025-06-03,21704.75,21705.0,{},1,1,NQ,5,fixed_hold,0,0.0,209.5,209.3,0.010309156850069194,210.0,2025-06-02,0.012196701239684193,ENTERED,0.9750681418926918,0.0,2025
LONG,2025-06-04,21705.5,21705.25,2025-06-04,21740.75,21741.0,{},1,1,NQ,5,fixed_hold,0,0.0,35.25,35.05,0.010444007628876144,35.75,2025-06-03,0.010910191772527833,ENTERED,0.9624782718929296,0.0,2025
SHORT,2025-06-05,21741.75,21742.0,2025-06-05,21545.75,21545.5,{},1,1,NQ,5,fixed_hold,0,0.0,196.0,195.8,0.010260391846224189,196.5,2025-06-04,-0.0011600528340894867,ENTERED,0.9800181423912805,0.0,2025
LONG,2025-06-06,21545.5,21545.25,2025-06-06,21809.25,21809.5,{},1,1,NQ,5,fixed_hold,0,0.0,263.75,263.55,0.010484245482160405,264.25,2025-06-05,0.010719144344889076,ENTERED,0.9590933533989744,0.0,2025
LONG,2025-06-09,21763.75,21763.5,2025-06-09,21832.25,21832.5,{},1,1,NQ,5,fixed_hold,0,0.0,68.5,68.3,0.010713926424477249,69.0,2025-06-06,0.020613973513032846,ENTERED,0.9385648260600568,0.0,2025
LONG,2025-06-10,21833.25,21833.0,2025-06-10,21953.5,21953.75,{},1,1,NQ,5,fixed_hold,0,0.0,120.25,120.05,0.009670207581306562,120.75,2025-06-09,0.01573676680972813,ENTERED,1.039829814696146,0.0,2025
LONG,2025-06-11,21954.25,21954.0,2025-06-11,21837.5,21837.75,{},1,1,NQ,5,fixed_hold,0,0.0,-116.75,-116.95,0.008899501528026385,-116.25,2025-06-10,0.011460492973969227,ENTERED,1.1298801540374832,0.0,2025
LONG,2025-06-12,21839.0,21838.75,2025-06-12,21786.5,21786.75,{},1,1,NQ,5,fixed_hold,0,0.0,-52.5,-52.7,0.008979460183054658,-52.0,2025-06-11,0.00445011728991318,ENTERED,1.119458208996448,0.0,2025
LONG,2025-06-13,21786.25,21786.0,2025-06-13,21651.75,21652.0,{},1,1,NQ,5,fixed_hold,0,0.0,-134.5,-134.7,0.008996619749290544,-134.0,2025-06-12,0.011197233761110148,ENTERED,1.1173230273592452,0.0,2025
SHORT,2025-06-16,21687.0,21687.25,2025-06-16,21791.0,21790.75,{},1,1,NQ,5,fixed_hold,0,0.0,-104.0,-104.2,0.009113197997419909,-103.5,2025-06-13,-0.007221623604392491,ENTERED,1.1027887806695182,0.0,2025
SHORT,2025-06-17,21793.0,21793.25,2025-06-17,21681.25,21681.0,{},1,1,NQ,5,fixed_hold,0,0.0,111.75,111.55,0.009109986565629363,112.25,2025-06-16,-0.001912286728500967,ENTERED,1.1031775332678877,0.0,2025
SHORT,2025-06-18,21905.25,21905.5,2025-06-18,21948.25,21948.0,{},1,1,NQ,5,fixed_hold,0,0.0,-43.0,-43.2,0.009110986245182593,-42.5,2025-06-17,-0.012423845584467186,ENTERED,1.1025753699697205,0.0,2025
SHORT,2025-06-19,21949.0,21949.25,2025-06-19,21886.75,21886.5,{},1,1,NQ,5,fixed_hold,0,0.0,62.25,62.05,0.008552046763848476,62.75,2025-06-18,-0.005251711560381733,ENTERED,1.1746368217414505,0.0,2025
SHORT,2025-06-20,21887.25,21887.5,2025-06-20,21874.25,21874.0,{},1,1,NQ,5,fixed_hold,0,0.0,13.0,12.8,0.008587888266842146,13.5,2025-06-19,-0.005717019620341768,ENTERED,1.1695367289975496,0.0,2025
SHORT,2025-06-23,21760.75,21761.0,2025-06-23,22237.5,22237.25,{},1,1,NQ,5,fixed_hold,0,0.0,-476.75,-476.95,0.00817864546979247,-476.25,2025-06-20,-0.00010055284117360674,ENTERED,1.2280579699530436,0.0,2025
LONG,2025-06-24,22237.5,22237.25,2025-06-24,22424.25,22424.5,{},1,1,NQ,5,fixed_hold,0,0.0,186.75,186.55,0.0088834482460961,187.25,2025-06-23,0.010031781267821449,ENTERED,1.1301522712605638,0.0,2025
LONG,2025-06-25,22425.5,22425.25,2025-06-25,22464.5,22464.75,{},1,1,NQ,5,fixed_hold,0,0.0,39.0,38.8,0.008756124538975035,39.5,2025-06-24,0.023692679920568116,ENTERED,1.1465859316256812,0.0,2025
LONG,2025-06-26,22465.0,22464.75,2025-06-26,22678.25,22678.5,{},1,1,NQ,5,fixed_hold,0,0.0,213.25,213.05,0.008284290706476653,213.75,2025-06-25,0.023544286495352784,ENTERED,1.2115282062544335,0.0,2025
LONG,2025-06-27,22678.75,22678.5,2025-06-27,22740.0,22740.25,{},1,1,NQ,5,fixed_hold,0,0.0,61.25,61.05,0.006715416617929646,61.75,2025-06-26,0.03618669042560496,ENTERED,1.4945687558551235,0.0,2025
LONG,2025-06-30,22817.5,22817.25,2025-06-30,22880.5,22880.75,{},1,1,NQ,5,fixed_hold,0,0.0,63.0,62.8,0.0067153472740939845,63.5,2025-06-27,0.03960181036847388,ENTERED,1.4941772760128353,0.0,2025
LONG,2025-07-01,22882.25,22882.0,2025-07-01,22708.25,22708.5,{},1,1,NQ,5,fixed_hold,0,0.0,-174.0,-174.2,0.006723775464708142,-173.5,2025-06-30,0.028937930724347583,ENTERED,1.4923043385598107,0.0,2025
LONG,2025-07-02,22710.0,22709.75,2025-07-02,22848.5,22848.75,{},1,1,NQ,5,fixed_hold,0,0.0,138.5,138.3,0.006866558803362607,139.0,2025-07-01,0.012664719391736634,ENTERED,1.4602273708719253,0.0,2025
LONG,2025-07-03,22848.25,22848.0,2025-07-03,23034.5,23034.75,{},1,1,NQ,5,fixed_hold,0,0.0,186.25,186.05,0.0069366929811658755,186.75,2025-07-02,0.017093446399358836,ENTERED,1.4454635855436726,0.0,2025
LONG,2025-07-04,23035.0,23034.75,2025-07-04,22906.5,22906.75,{},1,1,NQ,5,fixed_hold,0,0.0,-128.5,-128.7,0.0065559358881059964,-128.0,2025-07-03,0.015708710893577615,ENTERED,1.5288195417036257,0.0,2025
LONG,2025-07-07,22984.0,22983.75,2025-07-07,22874.0,22874.25,{},1,1,NQ,5,fixed_hold,0,0.0,-110.0,-110.2,0.006419793958025855,-109.5,2025-07-04,0.007321819241213445,ENTERED,1.5612405889385705,0.0,2025
SHORT,2025-07-08,22873.25,22873.5,2025-07-08,22902.0,22901.75,{},1,1,NQ,5,fixed_hold,0,0.0,-28.75,-28.95,0.006461851647624923,-28.25,2025-07-07,-0.0002840815969753496,ENTERED,1.5509987073413904,0.0,2025
LONG,2025-07-09,22900.75,22900.5,2025-07-09,23034.0,23034.25,{},1,1,NQ,5,fixed_hold,0,0.0,133.25,133.05,0.006403113181384193,133.75,2025-07-08,0.008510029284189091,ENTERED,1.5652266746800676,0.0,2025
LONG,2025-07-10,23035.25,23035.0,2025-07-10,23044.0,23044.25,{},1,1,NQ,5,fixed_hold,0,0.0,8.75,8.55,0.006251625418037986,9.25,2025-07-09,0.008118606050659283,ENTERED,1.6031515226734951,0.0,2025
LONG,2025-07-11,23044.5,23044.25,2025-07-11,22937.75,22938.0,{},1,1,NQ,5,fixed_hold,0,0.0,-106.75,-106.95,0.006176734036252557,-106.25,2025-07-10,0.00041242036488364775,ENTERED,1.622589340788985,0.0,2025
LONG,2025-07-14,22867.25,22867.0,2025-07-14,23011.25,23011.5,{},1,1,NQ,5,fixed_hold,0,0.0,144.0,143.8,0.0060719048253581875,144.5,2025-07-11,0.0013642267017366372,ENTERED,1.650417653341179,0.0,2025
LONG,2025-07-15,23012.0,23011.75,2025-07-15,23014.0,23014.25,{},1,1,NQ,5,fixed_hold,0,0.0,2.0,1.8,0.006002178617589225,2.5,2025-07-14,0.006000196727761864,ENTERED,1.6695902524146553,0.0,2025
LONG,2025-07-16,23014.25,23014.0,2025-07-16,23040.25,23040.5,{},1,1,NQ,5,fixed_hold,0,0.0,26.0,25.8,0.005780278338113406,26.5,2025-07-15,0.004912288362243,ENTERED,1.733426487981264,0.0,2025
LONG,2025-07-17,23040.25,23040.0,2025-07-17,23280.5,23280.75,{},1,1,NQ,5,fixed_hold,0,0.0,240.25,240.05,0.005787025253833309,240.75,2025-07-16,0.00027133507711307736,ENTERED,1.731405539063975,0.0,2025
LONG,2025-07-18,23280.75,23280.5,2025-07-18,23228.25,23228.5,{},1,1,NQ,5,fixed_hold,0,0.0,-52.5,-52.7,0.005910148461536258,-52.0,2025-07-17,0.01026286383805064,ENTERED,1.6947022351993908,0.0,2025
LONG,2025-07-21,23260.75,23260.5,2025-07-21,23346.5,23346.75,{},1,1,NQ,5,fixed_hold,0,0.0,85.75,85.55,0.00597645673418041,86.25,2025-07-18,0.012664574069229939,ENTERED,1.6758996598842253,0.0,2025
LONG,2025-07-22,23346.75,23346.5,2025-07-22,23261.5,23261.75,{},1,1,NQ,5,fixed_hold,0,0.0,-85.25,-85.45,0.005087827986623207,-84.75,2025-07-21,0.014568802555244176,ENTERED,1.9684029661344369,0.0,2025
LONG,2025-07-23,23262.0,23261.75,2025-07-23,23400.75,23401.0,{},1,1,NQ,5,fixed_hold,0,0.0,138.75,138.55,0.005057576508486681,139.25,2025-07-22,0.010754206632846985,ENTERED,1.980176806667342,0.0,2025
LONG,2025-07-24,23400.5,23400.25,2025-07-24,23406.0,23406.25,{},1,1,NQ,5,fixed_hold,0,0.0,5.5,5.3,0.005141460765719133,6.0,2025-07-23,0.015646361841106238,ENTERED,1.9465678905642623,0.0,2025
LONG,2025-07-25,23406.75,23406.5,2025-07-25,23447.5,23447.75,{},1,1,NQ,5,fixed_hold,0,0.0,40.75,40.55,0.004843146163892755,41.25,2025-07-24,0.005390719800693722,ENTERED,2.066467147276959,0.0,2025
LONG,2025-07-28,23534.25,23534.0,2025-07-28,23528.0,23528.25,{},1,1,NQ,5,fixed_hold,0,0.0,-6.25,-6.45,0.0048361220236748685,-5.75,2025-07-25,0.00943883591277972,ENTERED,2.0684907044393204,0.0,2025
LONG,2025-07-29,23529.0,23528.75,2025-07-29,23474.75,23475.0,{},1,1,NQ,5,fixed_hold,0,0.0,-54.25,-54.45,0.004735577391243089,-53.75,2025-07-28,0.007774101320312532,ENTERED,2.1124083981826405,0.0,2025
LONG,2025-07-30,23475.0,23474.75,2025-07-30,23724.75,23725.0,{},1,1,NQ,5,fixed_hold,0,0.0,249.75,249.55,0.0043427901136093554,250.25,2025-07-29,0.009167410018593003,ENTERED,2.303259709544963,0.0,2025
LONG,2025-07-31,23725.75,23725.5,2025-07-31,23297.25,23297.5,{},1,1,NQ,5,fixed_hold,0,0.0,-428.5,-428.7,0.004688527196593577,-428.0,2025-07-30,0.013845562155463398,ENTERED,2.1334148393026138,0.0,2025
SHORT,2025-08-01,23297.25,23297.5,2025-08-01,22870.25,22870.0,{},1,1,NQ,5,fixed_hold,0,0.0,427.0,426.8,0.006244771757099947,427.5,2025-07-31,-0.004646194926568592,ENTERED,1.6014537255430599,0.0,2025
SHORT,2025-08-04,22927.25,22927.5,2025-08-04,23335.0,23334.75,{},1,1,NQ,5,fixed_hold,0,0.0,-407.75,-407.95,0.007446591851444109,-407.25,2025-08-01,-0.0246398908210812,ENTERED,1.3429919613003047,0.0,2025
SHORT,2025-08-05,23333.75,23334.0,2025-08-05,23053.25,23053.0,{},1,1,NQ,5,fixed_hold,0,0.0,280.5,280.3,0.008715488870824772,281.0,2025-08-04,-0.008224156067705768,ENTERED,1.1474182531641408,0.0,2025
SHORT,2025-08-06,23052.0,23052.25,2025-08-06,23452.25,23452.0,{},1,1,NQ,5,fixed_hold,0,0.0,-400.25,-400.45,0.009194391103134305,-399.75,2025-08-05,-0.01797657082002113,ENTERED,1.0876534295157656,0.0,2025
SHORT,2025-08-07,23451.5,23451.75,2025-08-07,23539.5,23539.25,{},1,1,NQ,5,fixed_hold,0,0.0,-88.0,-88.2,0.00988656885763595,-87.5,2025-08-06,-0.011506849315068512,ENTERED,1.0114873159293083,0.0,2025
LONG,2025-08-08,23540.75,23540.5,2025-08-08,23765.25,23765.5,{},1,1,NQ,5,fixed_hold,0,0.0,224.5,224.3,0.00990491351312896,225.0,2025-08-07,0.010376649855134756,ENTERED,1.0096139642517115,0.0,2025
LONG,2025-08-11,23708.0,23707.75,2025-08-11,23636.0,23636.25,{},1,1,NQ,5,fixed_hold,0,0.0,-72.0,-72.2,0.009982830005213302,-71.5,2025-08-08,0.0391560996939222,ENTERED,1.001486267535985,0.0,2025
LONG,2025-08-12,23636.25,23636.0,2025-08-12,23960.0,23960.25,{},1,1,NQ,5,fixed_hold,0,0.0,323.75,323.55,0.010106102348429014,324.25,2025-08-11,0.012920644103751044,ENTERED,0.9895149141365058,0.0,2025
LONG,2025-08-13,23959.75,23959.5,2025-08-13,23949.0,23949.25,{},1,1,NQ,5,fixed_hold,0,0.0,-10.75,-10.95,0.010466604246668012,-10.25,2025-08-12,0.039354964646683754,ENTERED,0.9554329906706817,0.0,2025
LONG,2025-08-14,23950.25,23950.0,2025-08-14,23888.25,23888.5,{},1,1,NQ,5,fixed_hold,0,0.0,-62.0,-62.2,0.010480169628055109,-61.5,2025-08-13,0.021202882483370322,ENTERED,0.9542127055713611,0.0,2025
LONG,2025-08-15,23889.5,23889.25,2025-08-15,23796.5,23796.75,{},1,1,NQ,5,fixed_hold,0,0.0,-93.0,-93.2,0.010330584417635782,-92.5,2025-08-14,0.014836921312276319,ENTERED,0.9680295529613322,0.0,2025
LONG,2025-08-18,23851.0,23850.75,2025-08-18,23804.5,23804.75,{},1,1,NQ,5,fixed_hold,0,0.0,-46.5,-46.7,0.010365844623647688,-46.0,2025-08-15,0.0013149313079880987,ENTERED,0.9647755063546949,0.0,2025
LONG,2025-08-19,23805.75,23805.5,2025-08-19,23421.75,23422.0,{},1,1,NQ,5,fixed_hold,0,0.0,-384.0,-384.2,0.010327823128469183,-383.5,2025-08-18,0.007128880427309525,ENTERED,0.9683272913540031,0.0,2025
SHORT,2025-08-20,23423.0,23423.25,2025-08-20,23318.75,23318.5,{},1,1,NQ,5,fixed_hold,0,0.0,104.25,104.05,0.010977453133675298,104.75,2025-08-19,-0.02246428981333659,ENTERED,0.9111925483882906,0.0,2025
SHORT,2025-08-21,23318.25,23318.5,2025-08-21,23248.5,23248.25,{},1,1,NQ,5,fixed_hold,0,0.0,69.75,69.55,0.010945318955462439,70.25,2025-08-20,-0.026336941657880808,ENTERED,0.9138677032974607,0.0,2025
SHORT,2025-08-22,23249.25,23249.5,2025-08-22,23583.0,23582.75,{},1,1,NQ,5,fixed_hold,0,0.0,-333.75,-333.95,0.01096388116971545,-333.25,2025-08-21,-0.026801599095799156,ENTERED,0.912402578672363,0.0,2025
SHORT,2025-08-25,23575.0,23575.25,2025-08-25,23496.75,23496.5,{},1,1,NQ,5,fixed_hold,0,0.0,78.25,78.05,0.0114408060759156,78.75,2025-08-22,-0.008992824650424946,ENTERED,0.8743678885148106,0.0,2025
SHORT,2025-08-26,23495.75,23496.0,2025-08-26,23614.25,23614.0,{},1,1,NQ,5,fixed_hold,0,0.0,-118.5,-118.7,0.011450068105380228,-118.0,2025-08-25,-0.012949096293806917,ENTERED,0.8740736164217306,0.0,2025
LONG,2025-08-27,23614.75,23614.5,2025-08-27,23508.25,23508.5,{},1,1,NQ,5,fixed_hold,0,0.0,-106.5,-106.7,0.011489814320119243,-106.0,2025-08-26,0.008197421227905455,ENTERED,0.8710499715926604,0.0,2025
LONG,2025-08-28,23508.0,23507.75,2025-08-28,23747.0,23747.25,{},1,1,NQ,5,fixed_hold,0,0.0,239.0,238.8,0.011272325896086621,239.5,2025-08-27,0.00814803696635713,ENTERED,0.8884498010767913,0.0,2025
LONG,2025-08-29,23747.75,23747.5,2025-08-29,23454.25,23454.5,{},1,1,NQ,5,fixed_hold,0,0.0,-293.5,-293.7,0.010700304148396204,-293.0,2025-08-28,0.021463981159872247,ENTERED,0.9359449564386435,0.0,2025
SHORT,2025-09-01,23538.25,23538.5,2025-09-01,23444.75,23444.5,{},1,1,NQ,5,fixed_hold,0,0.0,93.5,93.3,0.01019987598733799,94.0,2025-08-29,-0.005438297060351371,ENTERED,0.9819670180852604,0.0,2025
SHORT,2025-09-02,23445.75,23446.0,2025-09-02,23334.25,23334.0,{},1,1,NQ,5,fixed_hold,0,0.0,111.5,111.3,0.009167589009173041,112.0,2025-09-01,-0.002213095567425105,ENTERED,1.0924241575435012,0.0,2025
SHORT,2025-09-03,23333.5,23333.75,2025-09-03,23438.75,23438.5,{},1,1,NQ,5,fixed_hold,0,0.0,-105.25,-105.45,0.008785531043415994,-104.75,2025-09-02,-0.011857372744981665,ENTERED,1.1399306030062042,0.0,2025
SHORT,2025-09-04,23437.25,23437.5,2025-09-04,23707.0,23706.75,{},1,1,NQ,5,fixed_hold,0,0.0,-269.75,-269.95,0.007931531080987934,-269.25,2025-09-03,-0.002977646383223065,ENTERED,1.2618247769506579,0.0,2025
SHORT,2025-09-05,23705.75,23706.0,2025-09-05,23673.5,23673.25,{},1,1,NQ,5,fixed_hold,0,0.0,32.25,32.05,0.008301610171705597,32.75,2025-09-04,-0.0017054606322837174,ENTERED,1.205573645370123,0.0,2025
LONG,2025-09-08,23778.5,23778.25,2025-09-08,23807.75,23808.0,{},1,1,NQ,5,fixed_hold,0,0.0,29.25,29.05,0.008018052920643353,29.75,2025-09-05,0.009326568462342033,ENTERED,1.2476187860709556,0.0,2025
LONG,2025-09-09,23807.75,23807.5,2025-09-09,23885.5,23885.75,{},1,1,NQ,5,fixed_hold,0,0.0,77.75,77.55,0.008018961183777117,78.25,2025-09-08,0.015504702595491304,ENTERED,1.2474774752300113,0.0,2025
LONG,2025-09-10,23885.0,23884.75,2025-09-10,23900.75,23901.0,{},1,1,NQ,5,fixed_hold,0,0.0,15.75,15.55,0.0074242860014586635,16.25,2025-09-09,0.023645752978486145,ENTERED,1.3472775016643213,0.0,2025
LONG,2025-09-11,23900.5,23900.25,2025-09-11,24020.0,24020.25,{},1,1,NQ,5,fixed_hold,0,0.0,119.5,119.3,0.007425777787947962,120.0,2025-09-10,0.019732491413699593,ENTERED,1.3470068430974058,0.0,2025
LONG,2025-09-12,24020.0,24019.75,2025-09-12,24115.0,24115.25,{},1,1,NQ,5,fixed_hold,0,0.0,95.0,94.8,0.0074849029761588914,95.5,2025-09-11,0.013224081748868466,ENTERED,1.336117919955452,0.0,2025
LONG,2025-09-15,24111.25,24111.0,2025-09-15,24304.75,24305.0,{},1,1,NQ,5,fixed_hold,0,0.0,193.5,193.3,0.007460774938668056,194.0,2025-09-12,0.01867086268256335,ENTERED,1.340438905848992,0.0,2025
LONG,2025-09-16,24305.25,24305.0,2025-09-16,24304.5,24304.75,{},1,1,NQ,5,fixed_hold,0,0.0,-0.75,-0.95,0.007630087851747726,-0.25,2025-09-15,0.020875336021505042,ENTERED,1.3106416610055975,0.0,2025
LONG,2025-09-17,24304.5,24304.25,2025-09-17,24341.25,24341.5,{},1,1,NQ,5,fixed_hold,0,0.0,36.75,36.55,0.00649042681361081,37.25,2025-09-16,0.017541839799880332,ENTERED,1.5407786425789478,0.0,2025
LONG,2025-09-18,24584.5,24584.25,2025-09-18,24739.75,24740.0,{},1,1,NQ,5,fixed_hold,0,0.0,155.25,155.05,0.00632117674679385,155.75,2025-09-17,0.0184301912053888,ENTERED,1.5820059141096827,0.0,2025
LONG,2025-09-19,24739.75,24739.5,2025-09-19,24860.75,24861.0,{},1,1,NQ,5,fixed_hold,0,0.0,121.0,120.8,0.0062632856007127586,121.5,2025-09-18,0.019794219131419766,ENTERED,1.5966282930515678,0.0,2025
LONG,2025-09-22,24851.25,24851.0,2025-09-22,24997.0,24997.25,{},1,1,NQ,5,fixed_hold,0,0.0,145.75,145.55,0.0056559064333207764,146.25,2025-09-19,0.020744852859238883,ENTERED,1.76765073454324,0.0,2025
LONG,2025-09-23,24998.75,24998.5,2025-09-23,24841.0,24841.25,{},1,1,NQ,5,fixed_hold,0,0.0,-157.75,-157.95,0.005528847633173584,-157.25,2025-09-22,0.018326350630027077,ENTERED,1.8082732288335102,0.0,2025
LONG,2025-09-24,24841.75,24841.5,2025-09-24,24755.5,24755.75,{},1,1,NQ,5,fixed_hold,0,0.0,-86.25,-86.45,0.005836650447116299,-85.75,2025-09-23,0.011981704338590138,ENTERED,1.7123240870225367,0.0,2025
LONG,2025-09-25,24756.25,24756.0,2025-09-25,24616.5,24616.75,{},1,1,NQ,5,fixed_hold,0,0.0,-139.75,-139.95,0.005780547300490682,-139.25,2025-09-24,0.0069760110639944806,ENTERED,1.728943061720079,0.0,2025
SHORT,2025-09-26,24616.5,24616.75,2025-09-26,24726.75,24726.5,{},1,1,NQ,5,fixed_hold,0,0.0,-110.25,-110.45,0.005699844314358799,-109.75,2025-09-25,-0.004981810832659361,ENTERED,1.7532699246830208,0.0,2025
SHORT,2025-09-29,24772.25,24772.5,2025-09-29,24824.25,24824.0,{},1,1,NQ,5,fixed_hold,0,0.0,-52.0,-52.2,0.0047397434953047775,-51.5,2025-09-26,-0.005410080045050503,ENTERED,2.108419078298286,0.0,2025
SHORT,2025-09-30,24822.25,24822.5,2025-09-30,24830.5,24830.25,{},1,1,NQ,5,fixed_hold,0,0.0,-8.25,-8.45,0.004715016270069244,-7.75,2025-09-29,-0.0069307623838622545,ENTERED,2.1193430660614,0.0,2025
SHORT,2025-10-01,24830.5,24830.75,2025-10-01,25022.5,25022.25,{},1,1,NQ,5,fixed_hold,0,0.0,-192.0,-192.2,0.004445098445801072,-191.5,2025-09-30,-0.0004428118552809446,ENTERED,2.248035034584504,0.0,2025
LONG,2025-10-02,25022.25,25022.0,2025-10-02,25123.0,25123.25,{},1,1,NQ,5,fixed_hold,0,0.0,100.75,100.55,0.004574220416039098,101.25,2025-10-01,0.010765175767246005,ENTERED,2.184366202845729,0.0,2025
LONG,2025-10-03,25124.75,25124.5,2025-10-03,24981.75,24982.0,{},1,1,NQ,5,fixed_hold,0,0.0,-143.0,-143.2,0.004112900561344983,-142.5,2025-10-02,0.020575421207104982,ENTERED,2.4293737064956584,0.0,2025
LONG,2025-10-06,25066.75,25066.5,2025-10-06,25141.75,25142.0,{},1,1,NQ,5,fixed_hold,0,0.0,75.0,74.8,0.004415719772956952,75.5,2025-10-03,0.010333043495844851,ENTERED,2.2607480815134195,0.0,2025
LONG,2025-10-07,25141.5,25141.25,2025-10-07,25033.5,25033.75,{},1,1,NQ,5,fixed_hold,0,0.0,-108.0,-108.2,0.004448082084397665,-107.5,2025-10-06,0.012810183693200639,ENTERED,2.2442998613334093,0.0,2025
LONG,2025-10-08,25033.5,25033.25,2025-10-08,25378.5,25378.75,{},1,1,NQ,5,fixed_hold,0,0.0,345.0,344.8,0.0046728428545640115,345.5,2025-10-07,0.008195648452996362,ENTERED,2.1344221858796675,0.0,2025
LONG,2025-10-09,25379.25,25379.0,2025-10-09,25334.75,25335.0,{},1,1,NQ,5,fixed_hold,0,0.0,-44.5,-44.7,0.005364522263436075,-44.0,2025-10-08,0.014247319885302145,ENTERED,1.8592185790505582,0.0,2025
LONG,2025-10-10,25335.25,25335.0,2025-10-10,24187.75,24188.0,{},1,1,NQ,5,fixed_hold,0,0.0,-1147.5,-1147.7,0.005411713845837163,-1147.0,2025-10-09,0.008428447752580004,ENTERED,1.8405306598652624,0.0,2025
SHORT,2025-10-13,24786.5,24786.75,2025-10-13,24912.5,24912.25,{},1,1,NQ,5,fixed_hold,0,0.0,-126.0,-126.2,0.011886284342802055,-125.5,2025-10-10,-0.0317828836762466,ENTERED,0.8391032194977334,0.0,2025
SHORT,2025-10-14,24911.25,24911.5,2025-10-14,24773.5,24773.25,{},1,1,NQ,5,fixed_hold,0,0.0,137.75,137.55,0.011801355046861415,138.25,2025-10-13,-0.03307340642809098,ENTERED,0.8451418858517652,0.0,2025
SHORT,2025-10-15,24771.75,24772.0,2025-10-15,24943.5,24943.25,{},1,1,NQ,5,fixed_hold,0,0.0,-171.75,-171.95,0.01185682610919449,-171.25,2025-10-14,-0.034310636373293346,ENTERED,0.8419479136555794,0.0,2025
SHORT,2025-10-16,24942.75,24943.0,2025-10-16,24758.5,24758.25,{},1,1,NQ,5,fixed_hold,0,0.0,184.25,184.05,0.011969078909619036,184.75,2025-10-15,-0.04090155827216302,ENTERED,0.834051649303651,0.0,2025
SHORT,2025-10-17,24759.0,24759.25,2025-10-17,25033.75,25033.5,{},1,1,NQ,5,fixed_hold,0,0.0,-274.75,-274.95,0.011955092414800807,-274.25,2025-10-16,-0.04637108950239577,ENTERED,0.8357754281173588,0.0,2025
LONG,2025-10-20,25012.0,25011.75,2025-10-20,25323.0,25323.25,{},1,1,NQ,5,fixed_hold,0,0.0,311.0,310.8,0.012198348405112582,311.5,2025-10-17,0.009954915428606048,ENTERED,0.8191086325239714,0.0,2025
LONG,2025-10-21,25323.75,25323.5,2025-10-21,25245.5,25245.75,{},1,1,NQ,5,fixed_hold,0,0.0,-78.25,-78.45,0.012437368136355174,-77.75,2025-10-20,0.016497907655872,ENTERED,0.8034446619883001,0.0,2025
LONG,2025-10-22,25246.75,25246.5,2025-10-22,24996.75,24997.0,{},1,1,NQ,5,fixed_hold,0,0.0,-250.0,-250.2,0.012380304535212322,-249.5,2025-10-21,0.019072992037782566,ENTERED,0.80714791868943,0.0,2025
LONG,2025-10-23,24996.25,24996.0,2025-10-23,25297.0,25297.25,{},1,1,NQ,5,fixed_hold,0,0.0,300.75,300.55,0.0125467162580001,301.25,2025-10-22,0.0021548916039408894,ENTERED,0.79649251694592,0.0,2025
LONG,2025-10-24,25298.5,25298.25,2025-10-24,25510.0,25510.25,{},1,1,NQ,5,fixed_hold,0,0.0,211.5,211.3,0.012797008308063487,212.0,2025-10-23,0.021770520937465454,ENTERED,0.7809142083188229,0.0,2025
LONG,2025-10-27,25717.25,25717.0,2025-10-27,25994.75,25995.0,{},1,1,NQ,5,fixed_hold,0,0.0,277.5,277.3,0.012896335878183387,278.0,2025-10-24,0.019044480396268826,ENTERED,0.7749671877758129,0.0,2025
LONG,2025-10-28,25994.25,25994.0,2025-10-28,26183.25,26183.5,{},1,1,NQ,5,fixed_hold,0,0.0,189.0,188.8,0.013085147153771244,189.5,2025-10-27,0.0182743146590727,ENTERED,0.763784849392976,0.0,2025
LONG,2025-10-29,26184.5,26184.25,2025-10-29,26234.5,26234.75,{},1,1,NQ,5,fixed_hold,0,0.0,50.0,49.8,0.013164164584719635,50.5,2025-10-28,0.028806813277147958,ENTERED,0.759460814776818,0.0,2025
LONG,2025-10-30,26236.5,26236.25,2025-10-30,26170.0,26170.25,{},1,1,NQ,5,fixed_hold,0,0.0,-66.5,-66.7,0.013074320918207094,-66.0,2025-10-29,0.04107843283380097,ENTERED,0.7646796513495941,0.0,2025
LONG,2025-10-31,26171.5,26171.25,2025-10-31,25982.75,25983.0,{},1,1,NQ,5,fixed_hold,0,0.0,-188.75,-188.95,0.01307095939295346,-188.25,2025-10-30,0.02619281260722328,ENTERED,0.7650654169235305,0.0,2025
LONG,2025-11-03,26082.0,26081.75,2025-11-03,26069.5,26069.75,{},1,1,NQ,5,fixed_hold,0,0.0,-12.5,-12.7,0.013113158837320572,-12.0,2025-10-31,0.010343352646109638,ENTERED,0.7626033606105405,0.0,2025
LONG,2025-11-04,26068.25,26068.0,2025-11-04,25504.0,25504.25,{},1,1,NQ,5,fixed_hold,0,0.0,-564.25,-564.45,0.01305733396552654,-563.75,2025-11-03,0.002875552990959651,ENTERED,0.7658769425700299,0.0,2025
SHORT,2025-11-05,25503.0,25503.25,2025-11-05,25773.0,25772.75,{},1,1,NQ,5,fixed_hold,0,0.0,-270.0,-270.2,0.01392761212505135,-269.5,2025-11-04,-0.02594190998147694,ENTERED,0.7180204995546858,0.0,2025
SHORT,2025-11-06,25772.75,25773.0,2025-11-06,25317.0,25316.75,{},1,1,NQ,5,fixed_hold,0,0.0,455.75,455.55,0.013768866359173543,456.25,2025-11-05,-0.01761023070545753,ENTERED,0.7263279877003664,0.0,2025
SHORT,2025-11-07,25316.75,25317.0,2025-11-07,25227.0,25226.75,{},1,1,NQ,5,fixed_hold,0,0.0,89.75,89.55,0.014280970526573383,90.25,2025-11-06,-0.03261336823301275,ENTERED,0.7002824476785325,0.0,2025
SHORT,2025-11-10,25335.75,25336.0,2025-11-10,25742.25,25742.0,{},1,1,NQ,5,fixed_hold,0,0.0,-406.5,-406.7,0.009950613741454842,-406.0,2025-11-07,-0.029105569025901556,ENTERED,1.0050347903577275,0.0,2025
SHORT,2025-11-11,25741.5,25741.75,2025-11-11,25650.5,25650.25,{},1,1,NQ,5,fixed_hold,0,0.0,91.0,90.8,0.010869878852079103,91.5,2025-11-10,-0.012572042309573539,ENTERED,0.9200390484260949,0.0,2025
LONG,2025-11-12,25650.75,25650.5,2025-11-12,25541.75,25542.0,{},1,1,NQ,5,fixed_hold,0,0.0,-109.0,-109.2,0.010812015129501714,-108.5,2025-11-11,0.005724536106727074,ENTERED,0.9251349887953405,0.0,2025
SHORT,2025-11-13,25541.75,25542.0,2025-11-13,25109.0,25108.75,{},1,1,NQ,5,fixed_hold,0,0.0,432.75,432.55,0.010800912123432746,433.25,2025-11-12,-0.008953254891309603,ENTERED,0.9260859991616711,0.0,2025
SHORT,2025-11-14,25108.0,25108.25,2025-11-14,25147.75,25147.5,{},1,1,NQ,5,fixed_hold,0,0.0,-39.75,-39.95,0.011380246132594623,-39.25,2025-11-13,-0.008215904490110337,ENTERED,0.879020834431198,0.0,2025
SHORT,2025-11-17,25169.0,25169.25,2025-11-17,24920.75,24920.5,{},1,1,NQ,5,fixed_hold,0,0.0,248.25,248.05,0.011101923780111796,248.75,2025-11-14,-0.0031415065357210947,ENTERED,0.9010576589821448,0.0,2025
SHORT,2025-11-18,24920.5,24920.75,2025-11-18,24590.75,24590.5,{},1,1,NQ,5,fixed_hold,0,0.0,329.75,329.55,0.010914121568624553,330.25,2025-11-17,-0.03191282728614697,ENTERED,0.9169956898698983,0.0,2025
SHORT,2025-11-19,24588.25,24588.5,2025-11-19,25109.0,25108.75,{},1,1,NQ,5,fixed_hold,0,0.0,-520.75,-520.95,0.011240607086765431,-520.25,2025-11-18,-0.04131538678960245,ENTERED,0.8903613799408003,0.0,2025
SHORT,2025-11-20,25107.5,25107.75,2025-11-20,24137.0,24136.75,{},1,1,NQ,5,fixed_hold,0,0.0,970.5,970.3,0.01214477435137598,971.0,2025-11-19,-0.0169622582413278,ENTERED,0.8246259181354204,0.0,2025
SHORT,2025-11-21,24133.5,24133.75,2025-11-21,24349.25,24349.0,{},1,1,NQ,5,fixed_hold,0,0.0,-215.75,-215.95,0.014540109230938512,-215.25,2025-11-20,-0.03871160452033651,ENTERED,0.6887771983680273,0.0,2025
SHORT,2025-11-24,24470.0,24470.25,2025-11-24,24960.25,24960.0,{},1,1,NQ,5,fixed_hold,0,0.0,-490.25,-490.45,0.014555313433512186,-489.75,2025-11-21,-0.03175265931007054,ENTERED,0.688129586070267,0.0,2025
LONG,2025-11-25,24959.5,24959.25,2025-11-25,25086.0,25086.25,{},1,1,NQ,5,fixed_hold,0,0.0,126.5,126.3,0.015564774538101263,127.0,2025-11-24,0.0015850404285628894,ENTERED,0.6435006034689131,0.0,2025
LONG,2025-11-26,25086.0,25085.75,2025-11-26,25323.5,25323.75,{},1,1,NQ,5,fixed_hold,0,0.0,237.5,237.3,0.01550441034272057,238.0,2025-11-25,0.02016022447693211,ENTERED,0.6462475745744444,0.0,2025
LONG,2025-11-27,25323.75,25323.5,2025-11-27,25329.0,25329.25,{},1,1,NQ,5,fixed_hold,0,0.0,5.25,5.05,0.015695656839720608,5.75,2025-11-26,0.008562752028675069,ENTERED,0.6383732571059737,0.0,2025
LONG,2025-11-28,25329.25,25329.0,2025-11-28,25484.25,25484.5,{},1,1,NQ,5,fixed_hold,0,0.0,155.0,154.8,0.015699786712011134,155.5,2025-11-27,0.04940598879302294,ENTERED,0.6383003219726501,0.0,2025
LONG,2025-12-01,25467.75,25467.5,2025-12-01,25398.5,25398.75,{},1,1,NQ,5,fixed_hold,0,0.0,-69.25,-69.45,0.015729557764391684,-68.75,2025-11-28,0.04663435870056243,ENTERED,0.6370922223804932,0.0,2025
LONG,2025-12-02,25399.25,25399.0,2025-12-02,25623.5,25623.75,{},1,1,NQ,5,fixed_hold,0,0.0,224.25,224.05,0.015707011073150777,224.75,2025-12-01,0.017578125,ENTERED,0.6380782926449852,0.0,2025
LONG,2025-12-03,25625.0,25624.75,2025-12-03,25647.25,25647.5,{},1,1,NQ,5,fixed_hold,0,0.0,22.25,22.05,0.015080799625010206,22.75,2025-12-02,0.02142608002391766,ENTERED,0.6645737001565089,0.0,2025
LONG,2025-12-04,25647.75,25647.5,2025-12-04,25620.75,25621.0,{},1,1,NQ,5,fixed_hold,0,0.0,-27.0,-27.2,0.014891137891895204,-26.5,2025-12-03,0.012784441482797781,ENTERED,0.6730394698683797,0.0,2025
LONG,2025-12-05,25621.0,25620.75,2025-12-05,25734.75,25735.0,{},1,1,NQ,5,fixed_hold,0,0.0,113.75,113.55,0.01431212762801552,114.25,2025-12-04,0.011518303937147811,ENTERED,0.7002678995734861,0.0,2025
LONG,2025-12-08,25746.5,25746.25,2025-12-08,25726.0,25726.25,{},1,1,NQ,5,fixed_hold,0,0.0,-20.5,-20.7,0.014298927474613938,-20.0,2025-12-05,0.009829504208440198,ENTERED,0.7009506774327613,0.0,2025
LONG,2025-12-09,25727.5,25727.25,2025-12-09,25671.25,25671.5,{},1,1,NQ,5,fixed_hold,0,0.0,-56.25,-56.45,0.013556147665397655,-55.75,2025-12-08,0.012894335351149033,ENTERED,0.7393577546721533,0.0,2025
LONG,2025-12-10,25672.0,25671.75,2025-12-10,25730.25,25730.5,{},1,1,NQ,5,fixed_hold,0,0.0,58.25,58.05,0.013539749069720117,58.75,2025-12-09,0.0018635055368552145,ENTERED,0.740540836963895,0.0,2025
LONG,2025-12-11,25730.5,25730.25,2025-12-11,25671.5,25671.75,{},1,1,NQ,5,fixed_hold,0,0.0,-59.0,-59.2,0.013507959570529164,-58.5,2025-12-10,0.003236182863826542,ENTERED,0.7422836184857536,0.0,2025
LONG,2025-12-12,25671.0,25670.75,2025-12-12,25202.25,25202.5,{},1,1,NQ,5,fixed_hold,0,0.0,-468.75,-468.95,0.012896746652720992,-468.25,2025-12-11,0.0019807970024585675,ENTERED,0.7780194158787312,0.0,2025
SHORT,2025-12-15,25190.75,25191.0,2025-12-15,25058.5,25058.25,{},1,1,NQ,5,fixed_hold,0,0.0,132.25,132.05,0.013610024935861066,132.75,2025-12-12,-0.02069166504760067,ENTERED,0.737244740165581,0.0,2025
SHORT,2025-12-16,25058.5,25058.75,2025-12-16,25077.5,25077.25,{},1,1,NQ,5,fixed_hold,0,0.0,-19.0,-19.2,0.013511880993049685,-18.5,2025-12-15,-0.025965696516204284,ENTERED,0.7428019729355698,0.0,2025
SHORT,2025-12-17,25314.75,25315.0,2025-12-17,24932.25,24932.0,{},1,1,NQ,5,fixed_hold,0,0.0,382.5,382.3,0.013127114977281088,383.0,2025-12-16,-0.02314823831875812,ENTERED,0.7645740802208424,0.0,2025
SHORT,2025-12-18,24933.25,24933.5,2025-12-18,25257.25,25257.0,{},1,1,NQ,5,fixed_hold,0,0.0,-324.0,-324.2,0.012711940602775126,-323.5,2025-12-17,-0.04013342112656393,ENTERED,0.7897810039923753,0.0,2025
SHORT,2025-12-19,25257.0,25257.25,2025-12-19,25597.75,25597.5,{},1,1,NQ,5,fixed_hold,0,0.0,-340.75,-340.95,0.009417354595384722,-340.25,2025-12-18,-0.025395825505810654,ENTERED,1.065761277017934,0.0,2025
LONG,2025-12-22,25669.75,25669.5,2025-12-22,25714.0,25714.25,{},1,1,NQ,5,fixed_hold,0,0.0,44.25,44.05,0.009654868236314786,44.75,2025-12-19,0.006134187268391544,ENTERED,1.0395431210502848,0.0,2025
LONG,2025-12-23,25713.75,25713.5,2025-12-23,25809.5,25809.75,{},1,1,NQ,5,fixed_hold,0,0.0,95.75,95.55,0.008033975150973477,96.25,2025-12-22,0.016541473476418878,ENTERED,1.2489358143297415,0.0,2025
LONG,2025-12-24,25810.25,25810.0,2025-12-24,25864.5,25864.75,{},1,1,NQ,5,fixed_hold,0,0.0,54.25,54.05,0.008004229719983671,54.75,2025-12-23,0.019543748765554092,ENTERED,1.2535771271575196,0.0,2025
LONG,2025-12-25,25868.25,25868.0,2025-12-25,25887.5,25887.75,{},1,1,NQ,5,fixed_hold,0,0.0,19.25,19.05,0.007759193117597252,19.75,2025-12-24,0.03741175998716506,ENTERED,1.2922396641516483,0.0,2025
LONG,2025-12-26,25887.0,25886.75,2025-12-26,25855.75,25856.0,{},1,1,NQ,5,fixed_hold,0,0.0,-31.25,-31.45,0.007758839555299475,-30.75,2025-12-25,0.024973274735716755,ENTERED,1.2922985501772815,0.0,2025
LONG,2025-12-29,25870.25,25870.0,2025-12-29,25707.0,25707.25,{},1,1,NQ,5,fixed_hold,0,0.0,-163.25,-163.45,0.007659015225956683,-162.75,2025-12-26,0.010098642445551587,ENTERED,1.308633369199317,0.0,2025
SHORT,2025-12-30,25707.25,25707.5,2025-12-30,25657.25,25657.0,{},1,1,NQ,5,fixed_hold,0,0.0,50.0,49.8,0.007737048136117956,50.5,2025-12-29,-0.0002722226003091244,ENTERED,1.2954349932378084,0.0,2025
SHORT,2025-12-31,25656.5,25656.75,2025-12-31,25435.0,25434.75,{},1,1,NQ,5,fixed_hold,0,0.0,221.5,221.3,0.00747044178333364,222.0,2025-12-30,-0.005918306066505896,ENTERED,1.3415971696423137,0.0,2025
SHORT,2026-01-01,25478.25,25478.5,2026-01-01,25497.25,25497.0,{},1,1,NQ,5,fixed_hold,0,0.0,-19.0,-19.2,0.007686723487722651,-18.5,2025-12-31,-0.016624943214220145,ENTERED,1.3038485862677243,0.0,2026
SHORT,2026-01-02,25496.75,25497.0,2026-01-02,25394.75,25394.5,{},1,1,NQ,5,fixed_hold,0,0.0,102.0,101.8,0.007721911173165072,102.5,2026-01-01,-0.01509401164643509,ENTERED,1.297904441447228,0.0,2026
SHORT,2026-01-05,25459.0,25459.25,2026-01-05,25565.75,25565.5,{},1,1,NQ,5,fixed_hold,0,0.0,-106.75,-106.95,0.007657439978275468,-106.25,2026-01-02,-0.01784885519801982,ENTERED,1.3088320426337898,0.0,2026
SHORT,2026-01-06,25565.75,25566.0,2026-01-06,25825.0,25824.75,{},1,1,NQ,5,fixed_hold,0,0.0,-259.25,-259.45,0.007855636708307644,-258.75,2026-01-05,-0.0055140086940456134,ENTERED,1.2756673055642773,0.0,2026
LONG,2026-01-07,25825.5,25825.25,2026-01-07,25822.5,25822.75,{},1,1,NQ,5,fixed_hold,0,0.0,-3.0,-3.2,0.008213675564396668,-2.5,2026-01-06,0.006538176715906063,ENTERED,1.220060231818365,0.0,2026
LONG,2026-01-08,25823.0,25822.75,2026-01-08,25675.5,25675.75,{},1,1,NQ,5,fixed_hold,0,0.0,-147.5,-147.7,0.008193680386881971,-147.0,2026-01-07,0.015254720412034573,ENTERED,1.222855555268125,0.0,2026
LONG,2026-01-09,25675.5,25675.25,2026-01-09,25931.5,25931.75,{},1,1,NQ,5,fixed_hold,0,0.0,256.0,255.8,0.008273052593054405,256.5,2026-01-08,0.007010628701416,ENTERED,1.2111233993123736,0.0,2026
LONG,2026-01-12,25893.5,25893.25,2026-01-12,25895.25,25895.5,{},1,1,NQ,5,fixed_hold,0,0.0,1.75,1.55,0.007434582459497638,2.25,2026-01-09,0.021156155860520665,ENTERED,1.3472097273371992,0.0,2026
LONG,2026-01-13,25895.5,25895.25,2026-01-13,25890.75,25891.0,{},1,1,NQ,5,fixed_hold,0,0.0,-4.75,-4.95,0.007290792643893154,-4.25,2026-01-12,0.012908020574602164,ENTERED,1.3737795459750453,0.0,2026
LONG,2026-01-14,25891.25,25891.0,2026-01-14,25605.0,25605.25,{},1,1,NQ,5,fixed_hold,0,0.0,-286.25,-286.45,0.007296723714089119,-285.75,2026-01-13,0.002565368493402609,ENTERED,1.3725195159456745,0.0,2026
SHORT,2026-01-15,25604.75,25605.0,2026-01-15,25741.75,25741.5,{},1,1,NQ,5,fixed_hold,0,0.0,-137.0,-137.2,0.006860465402649753,-136.5,2026-01-14,-0.008422805471919315,ENTERED,1.459798295343464,0.0,2026
LONG,2026-01-16,25741.25,25741.0,2026-01-16,25681.0,25681.25,{},1,1,NQ,5,fixed_hold,0,0.0,-60.25,-60.45,0.006368437063628611,-59.75,2026-01-15,0.002560782060893718,ENTERED,1.5715319688567873,0.0,2026
SHORT,2026-01-19,25466.0,25466.25,2026-01-19,25378.25,25378.0,{},1,1,NQ,5,fixed_hold,0,0.0,87.75,87.55,0.0056776690839514705,88.25,2026-01-16,-0.00965997281325015,ENTERED,1.7627308476702257,0.0,2026
SHORT,2026-01-20,25378.75,25379.0,2026-01-20,25116.75,25116.5,{},1,1,NQ,5,fixed_hold,0,0.0,262.0,261.8,0.005635112717024814,262.5,2026-01-19,-0.011710337886092104,ENTERED,1.7752037898520159,0.0,2026
SHORT,2026-01-21,25117.0,25117.25,2026-01-21,25552.75,25552.5,{},1,1,NQ,5,fixed_hold,0,0.0,-435.75,-435.95,0.005980894097857245,-435.25,2026-01-20,-0.02172387241284779,ENTERED,1.6725715733855997,0.0,2026
LONG,2026-01-22,25553.25,25553.0,2026-01-22,25617.5,25617.75,{},1,1,NQ,5,fixed_hold,0,0.0,64.25,64.05,0.007229261198395653,64.75,2026-01-21,0.006365029423117674,ENTERED,1.3836231976106261,0.0,2026
LONG,2026-01-23,25617.0,25616.75,2026-01-23,25680.25,25680.5,{},1,1,NQ,5,fixed_hold,0,0.0,63.25,63.05,0.007251545694472375,63.75,2026-01-22,0.0035945475514598257,ENTERED,1.3793712288555622,0.0,2026
LONG,2026-01-26,25560.0,25559.75,2026-01-26,25890.25,25890.5,{},1,1,NQ,5,fixed_hold,0,0.0,330.25,330.05,0.007267497755979794,330.75,2026-01-23,0.0084130957640014,ENTERED,1.376087524395184,0.0,2026
LONG,2026-01-27,25890.75,25890.5,2026-01-27,26137.25,26137.5,{},1,1,NQ,5,fixed_hold,0,0.0,246.5,246.3,0.007343679355424776,247.0,2026-01-26,0.020194656789344956,ENTERED,1.361812316626578,0.0,2026
LONG,2026-01-28,26138.5,26138.25,2026-01-28,26170.0,26170.25,{},1,1,NQ,5,fixed_hold,0,0.0,31.5,31.3,0.007563162933524033,32.0,2026-01-27,0.0406505683514824,ENTERED,1.322239267292058,0.0,2026
LONG,2026-01-29,26173.5,26173.25,2026-01-29,25972.0,25972.25,{},1,1,NQ,5,fixed_hold,0,0.0,-201.5,-201.7,0.007186082874825497,-201.0,2026-01-28,0.02417571666177465,ENTERED,1.391621999054125,0.0,2026
LONG,2026-01-30,25972.75,25972.5,2026-01-30,25639.0,25639.25,{},1,1,NQ,5,fixed_hold,0,0.0,-333.75,-333.95,0.007486415577891875,-333.25,2026-01-29,0.01383806150032707,ENTERED,1.3357712904813719,0.0,2026
SHORT,2026-02-02,25532.25,25532.5,2026-02-02,25948.5,25948.25,{},1,1,NQ,5,fixed_hold,0,0.0,-416.25,-416.45,0.00805694324157094,-415.75,2026-01-30,-0.0016062771363485329,ENTERED,1.2411827535241085,0.0,2026
LONG,2026-02-03,25948.0,25947.75,2026-02-03,25427.75,25428.0,{},1,1,NQ,5,fixed_hold,0,0.0,-520.25,-520.45,0.008341266553386906,-519.75,2026-02-02,0.0022305478843591686,ENTERED,1.1985790284219886,0.0,2026
SHORT,2026-02-04,25427.5,25427.75,2026-02-04,25067.25,25067.0,{},1,1,NQ,5,fixed_hold,0,0.0,360.25,360.05,0.009312739238926428,360.75,2026-02-03,-0.02714490674318515,ENTERED,1.073547417668256,0.0,2026
SHORT,2026-02-05,25067.25,25067.5,2026-02-05,24336.25,24336.0,{},1,1,NQ,5,fixed_hold,0,0.0,731.0,730.8,0.00981559192263633,731.5,2026-02-04,-0.042156647338103426,ENTERED,1.0182001479788276,0.0,2026
SHORT,2026-02-06,24334.5,24334.75,2026-02-06,25108.0,25107.75,{},1,1,NQ,5,fixed_hold,0,0.0,-773.5,-773.7,0.011637585262547387,-773.0,2026-02-05,-0.06299993262039283,ENTERED,0.8590843319998918,0.0,2026
SHORT,2026-02-09,25274.75,25275.0,2026-02-09,25344.5,25344.25,{},1,1,NQ,5,fixed_hold,0,0.0,-69.75,-69.95,0.013671268533693291,-69.25,2026-02-06,-0.020729935548036815,ENTERED,0.7312903800205319,0.0,2026
SHORT,2026-02-10,25344.5,25344.75,2026-02-10,25273.0,25272.75,{},1,1,NQ,5,fixed_hold,0,0.0,71.5,71.3,0.013871573189157351,72.0,2026-02-09,-0.02327709961172708,ENTERED,0.7209087867104386,0.0,2026
SHORT,2026-02-11,25273.25,25273.5,2026-02-11,25235.5,25235.25,{},1,1,NQ,5,fixed_hold,0,0.0,37.75,37.55,0.013880282662563612,38.25,2026-02-10,-0.006105474280320822,ENTERED,0.7204564374277307,0.0,2026
LONG,2026-02-12,25233.5,25233.25,2026-02-12,24823.75,24824.0,{},1,1,NQ,5,fixed_hold,0,0.0,-409.75,-409.95,0.013668475416742917,-409.25,2026-02-11,0.0067120118083536795,ENTERED,0.7316332444351179,0.0,2026
LONG,2026-02-13,24820.25,24820.0,2026-02-13,24773.25,24773.5,{},1,1,NQ,5,fixed_hold,0,0.0,-47.0,-47.2,0.014056582172052287,-46.5,2026-02-12,0.020052596975673964,ENTERED,0.7114326152139732,0.0,2026
SHORT,2026-02-16,24831.5,24831.75,2026-02-16,24818.0,24817.75,{},1,1,NQ,5,fixed_hold,0,0.0,13.5,13.3,0.014055555197102373,14.0,2026-02-13,-0.013312622596608481,ENTERED,0.7115131956961394,0.0,2026
SHORT,2026-02-17,24818.5,24818.75,2026-02-17,24711.25,24711.0,{},1,1,NQ,5,fixed_hold,0,0.0,107.25,107.05,0.014061715906797731,107.75,2026-02-16,-0.02077394280754008,ENTERED,0.7112014680042877,0.0,2026
SHORT,2026-02-18,24711.0,24711.25,2026-02-18,24964.75,24964.5,{},1,1,NQ,5,fixed_hold,0,0.0,-253.75,-253.95,0.013916469619157264,-253.25,2026-02-17,-0.022227497996854195,ENTERED,0.7187579730650354,0.0,2026
SHORT,2026-02-19,24964.25,24964.5,2026-02-19,24877.5,24877.25,{},1,1,NQ,5,fixed_hold,0,0.0,86.75,86.55,0.01351573601285705,87.25,2026-02-18,-0.010729039736083412,ENTERED,0.7400687233141814,0.0,2026
LONG,2026-02-20,24878.5,24878.25,2026-02-20,25077.25,25077.5,{},1,1,NQ,5,fixed_hold,0,0.0,198.75,198.55,0.01349789275733795,199.25,2026-02-19,0.0021451015146634056,ENTERED,0.7411137154032791,0.0,2026
LONG,2026-02-23,24970.25,24970.0,2026-02-23,24787.75,24788.0,{},1,1,NQ,5,fixed_hold,0,0.0,-182.5,-182.7,0.013638838839529401,-182.0,2026-02-20,0.012271176862373334,ENTERED,0.7334549201148052,0.0,2026
SHORT,2026-02-24,24788.75,24789.0,2026-02-24,25043.75,25043.5,{},1,1,NQ,5,fixed_hold,0,0.0,-255.0,-255.2,0.013645792308443039,-254.5,2026-02-23,-0.001198738805895161,ENTERED,0.7334277270915556,0.0,2026
LONG,2026-02-25,25044.75,25044.5,2026-02-25,25317.0,25317.25,{},1,1,NQ,5,fixed_hold,0,0.0,272.25,272.05,0.01368122593222903,272.75,2026-02-24,0.013455546113066985,ENTERED,0.7315281895585369,0.0,2026
LONG,2026-02-26,25316.0,25315.75,2026-02-26,24995.0,24995.25,{},1,1,NQ,5,fixed_hold,0,0.0,-321.0,-321.2,0.013972137270107347,-320.5,2026-02-25,0.014130064691862287,ENTERED,0.7167762172990716,0.0,2026
LONG,2026-02-27,24995.25,24995.0,2026-02-27,24952.5,24952.75,{},1,1,NQ,5,fixed_hold,0,0.0,-42.75,-42.95,0.014135211173190974,-42.25,2026-02-26,0.004743289551698782,ENTERED,0.7085069743454065,0.0,2026
SHORT,2026-03-02,24739.0,24739.25,2026-03-02,24971.25,24971.0,{},1,1,NQ,5,fixed_hold,0,0.0,-232.25,-232.45,0.013896401218142174,-231.75,2026-02-27,-0.004974578805702401,ENTERED,0.7207579610647411,0.0,2026
LONG,2026-03-03,24972.75,24972.5,2026-03-03,24702.75,24703.0,{},1,1,NQ,5,fixed_hold,0,0.0,-270.0,-270.2,0.013773446669602177,-269.5,2026-03-02,0.016076327458959927,ENTERED,0.7271921145366463,0.0,2026
SHORT,2026-03-04,24701.75,24702.0,2026-03-04,25172.0,25171.75,{},1,1,NQ,5,fixed_hold,0,0.0,-470.25,-470.45,0.013257315703555485,-469.75,2026-03-03,-0.005083667933767022,ENTERED,0.7557855453727268,0.0,2026
LONG,2026-03-05,25171.25,25171.0,2026-03-05,25059.75,25060.0,{},1,1,NQ,5,fixed_hold,0,0.0,-111.5,-111.7,0.013581618404015944,-111.0,2026-03-04,0.0028333440545056376,ENTERED,0.7377388527001598,0.0,2026
LONG,2026-03-06,25060.0,25059.75,2026-03-06,24661.0,24661.25,{},1,1,NQ,5,fixed_hold,0,0.0,-399.0,-399.2,0.011715018594298986,-398.5,2026-03-05,0.011242859184565912,ENTERED,0.8554129754480597,0.0,2026
SHORT,2026-03-09,24215.25,24215.5,2026-03-09,24883.5,24883.25,{},1,1,NQ,5,fixed_hold,0,0.0,-668.25,-668.45,0.010074939434064374,-667.75,2026-03-06,-0.003152884586234528,ENTERED,0.9946639360725124,0.0,2026
LONG,2026-03-10,24881.25,24881.0,2026-03-10,25015.75,25016.0,{},1,1,NQ,5,fixed_hold,0,0.0,134.5,134.3,0.011695695102880266,135.0,2026-03-09,0.014828869325133276,ENTERED,0.8569223735700633,0.0,2026
LONG,2026-03-11,25019.75,25019.5,2026-03-11,24787.5,24787.75,{},1,1,NQ,5,fixed_hold,0,0.0,-232.25,-232.45,0.011716391217811558,-231.75,2026-03-10,0.03131139169316666,ENTERED,0.8554086853019863,0.0,2026
LONG,2026-03-12,24788.25,24788.0,2026-03-12,24527.75,24528.0,{},1,1,NQ,5,fixed_hold,0,0.0,-260.5,-260.7,0.01192085777594838,-260.0,2026-03-11,0.002871622636962945,ENTERED,0.8407384553080745,0.0,2026
SHORT,2026-03-13,24528.75,24529.0,2026-03-13,24335.5,24335.25,{},1,1,NQ,5,fixed_hold,0,0.0,193.25,193.05,0.01155440406276335,193.75,2026-03-12,-0.0032121953377433066,ENTERED,0.8674028965974339,0.0,2026
LONG,2026-03-16,24439.25,24439.0,2026-03-16,24667.75,24668.0,{},1,1,NQ,5,fixed_hold,0,0.0,228.5,228.3,0.011702181825594698,229.0,2026-03-13,0.004945179740248884,ENTERED,0.8564935196931285,0.0,2026
SHORT,2026-03-17,24664.25,24664.5,2026-03-17,24785.5,24785.25,{},1,1,NQ,5,fixed_hold,0,0.0,-121.25,-121.45,0.01206641521427817,-120.75,2026-03-16,-0.008650397355650985,ENTERED,0.8306396491339488,0.0,2026
SHORT,2026-03-18,25003.0,25003.25,2026-03-18,24617.0,24616.75,{},1,1,NQ,5,fixed_hold,0,0.0,386.0,385.8,0.012022539867053641,386.5,2026-03-17,-0.00922409657819001,ENTERED,0.8339949144896371,0.0,2026
SHORT,2026-03-19,24618.0,24618.25,2026-03-19,24620.25,24620.0,{},1,1,NQ,5,fixed_hold,0,0.0,-2.25,-2.45,0.012412275192119834,-1.75,2026-03-18,-0.015557287695714628,ENTERED,0.8078081538779704,0.0,2026
SHORT,2026-03-20,24619.25,24619.5,2026-03-20,24217.5,24217.25,{},1,1,NQ,5,fixed_hold,0,0.0,401.75,401.55,0.01238074608814512,402.25,2026-03-19,-0.005000754011567521,ENTERED,0.8104454469907676,0.0,2026
SHORT,2026-03-23,24007.75,24008.0,2026-03-23,24455.75,24455.5,{},1,1,NQ,5,fixed_hold,0,0.0,-448.0,-448.2,0.0127891623363761,-447.5,2026-03-20,-0.0135255224784534,ENTERED,0.7845642297421295,0.0,2026
SHORT,2026-03-24,24454.5,24454.75,2026-03-24,24412.0,24411.75,{},1,1,NQ,5,fixed_hold,0,0.0,42.5,42.3,0.013223600646529455,43.0,2026-03-23,-0.008692732678394322,ENTERED,0.7589953846906334,0.0,2026
SHORT,2026-03-25,24411.75,24412.0,2026-03-25,24324.0,24323.75,{},1,1,NQ,5,fixed_hold,0,0.0,87.75,87.55,0.013038576614565589,88.25,2026-03-24,-0.015147269962701992,ENTERED,0.7697659151303248,0.0,2026
SHORT,2026-03-26,24323.25,24323.5,2026-03-26,23877.0,23876.75,{},1,1,NQ,5,fixed_hold,0,0.0,446.25,446.05,0.012808545332211136,446.75,2026-03-25,-0.003290360101563139,ENTERED,0.7838243103768628,0.0,2026
SHORT,2026-03-27,23876.75,23877.0,2026-03-27,23254.5,23254.25,{},1,1,NQ,5,fixed_hold,0,0.0,622.25,622.05,0.013148621138804793,622.75,2026-03-26,-0.02173614762872833,ENTERED,0.7635514861951359,0.0,2026
SHORT,2026-03-30,23128.0,23128.25,2026-03-30,23046.25,23046.0,{},1,1,NQ,5,fixed_hold,0,0.0,81.75,81.55,0.014307905259869212,82.25,2026-03-27,-0.03139578473842031,ENTERED,0.7019791206452823,0.0,2026
SHORT,2026-03-31,23045.25,23045.5,2026-03-31,24038.25,24038.0,{},1,1,NQ,5,fixed_hold,0,0.0,-993.0,-993.2,0.014121207156630535,-992.5,2026-03-30,-0.05763529676350909,ENTERED,0.7112600673011842,0.0,2026
SHORT,2026-04-01,24036.0,24036.25,2026-04-01,24183.75,24183.5,{},1,1,NQ,5,fixed_hold,0,0.0,-147.75,-147.95,0.01732789249340574,-147.25,2026-03-31,-0.015310250186897578,ENTERED,0.5797328806081952,0.0,2026
SHORT,2026-04-02,24182.75,24183.0,2026-04-02,24213.5,24213.25,{},1,1,NQ,5,fixed_hold,0,0.0,-30.75,-30.95,0.016803732558845225,-30.25,2026-04-01,-0.005765969474279431,ENTERED,0.5978165264706864,0.0,2026
LONG,2026-04-03,24215.0,24214.75,2026-04-03,24129.5,24129.75,{},1,1,NQ,5,fixed_hold,0,0.0,-85.5,-85.7,0.016789780509477367,-85.0,2026-04-02,0.014093207827698295,ENTERED,0.5985743829052255,0.0,2026
LONG,2026-04-06,24091.75,24091.5,2026-04-06,24299.25,24299.5,{},1,1,NQ,5,fixed_hold,0,0.0,207.5,207.3,0.016421852349125854,208.0,2026-04-03,0.03764903189739477,ENTERED,0.6119853165108722,0.0,2026
LONG,2026-04-07,24299.5,24299.25,2026-04-07,25050.5,25050.75,{},1,1,NQ,5,fixed_hold,0,0.0,751.0,750.8,0.015199772038567374,751.5,2026-04-06,0.054391217564869976,ENTERED,0.6613342876966416,0.0,2026
LONG,2026-04-08,25050.0,25049.75,2026-04-08,25025.75,25026.0,{},1,1,NQ,5,fixed_hold,0,0.0,-24.25,-24.45,0.016763983762428523,-23.75,2026-04-07,0.04213120891921096,ENTERED,0.5996265897612082,0.0,2026
LONG,2026-04-09,25026.75,25026.5,2026-04-09,25223.75,25224.0,{},1,1,NQ,5,fixed_hold,0,0.0,197.0,196.8,0.016624002777416123,197.5,2026-04-08,0.03483780263402747,ENTERED,0.6048705773198975,0.0,2026
LONG,2026-04-10,25224.25,25224.0,2026-04-10,25332.75,25333.0,{},1,1,NQ,5,fixed_hold,0,0.0,108.5,108.3,0.016486734841953347,109.0,2026-04-09,0.04174367340195961,ENTERED,0.6099067070427822,0.0,2026
LONG,2026-04-13,24984.25,24984.0,2026-04-13,25585.0,25585.25,{},1,1,NQ,5,fixed_hold,0,0.0,600.75,600.55,0.016346278222332554,601.25,2026-04-10,0.04986582952579277,ENTERED,0.6151684410504804,0.0,2026
LONG,2026-04-14,25585.25,25585.0,2026-04-14,26018.0,26018.25,{},1,1,NQ,5,fixed_hold,0,0.0,432.75,432.55,0.016888585367125997,433.25,2026-04-13,0.06762068459220005,ENTERED,0.595414848101097,0.0,2026
LONG,2026-04-15,26017.75,26017.5,2026-04-15,26406.75,26407.0,{},1,1,NQ,5,fixed_hold,0,0.0,389.0,388.8,0.01718492643417656,389.5,2026-04-14,0.05313004106946284,ENTERED,0.5852393267207852,0.0,2026
LONG,2026-04-16,26408.25,26408.0,2026-04-16,26479.25,26479.5,{},1,1,NQ,5,fixed_hold,0,0.0,71.0,70.8,0.016781776935197307,71.5,2026-04-15,0.06992239278323131,ENTERED,0.5992985614646097,0.0,2026
LONG,2026-04-17,26480.0,26479.75,2026-04-17,26840.5,26840.75,{},1,1,NQ,5,fixed_hold,0,0.0,360.5,360.3,0.016753823196010174,361.0,2026-04-16,0.0644382552312075,ENTERED,0.600329629656205,0.0,2026
LONG,2026-04-20,26658.5,26658.25,2026-04-20,26796.5,26796.75,{},1,1,NQ,5,fixed_hold,0,0.0,138.0,137.8,0.016078617447382086,138.5,2026-04-17,0.07431756324047423,ENTERED,0.6255398828600113,0.0,2026
LONG,2026-04-21,26797.0,26796.75,2026-04-21,26773.25,26773.5,{},1,1,NQ,5,fixed_hold,0,0.0,-23.75,-23.95,0.015905403739305244,-23.25,2026-04-20,0.047351501353319,ENTERED,0.6328255961182221,0.0,2026
LONG,2026-04-22,26775.0,26774.75,2026-04-22,27095.75,27096.0,{},1,1,NQ,5,fixed_hold,0,0.0,320.75,320.55,0.015884814266881535,321.25,2026-04-21,0.029027701709377185,ENTERED,0.6336458477712401,0.0,2026
LONG,2026-04-23,27095.75,27095.5,2026-04-23,27080.0,27080.25,{},1,1,NQ,5,fixed_hold,0,0.0,-15.75,-15.95,0.015800855661114575,-15.25,2026-04-22,0.02609156663006007,ENTERED,0.6370584507684497,0.0,2026
LONG,2026-04-24,27081.25,27081.0,2026-04-24,27440.0,27440.25,{},1,1,NQ,5,fixed_hold,0,0.0,358.75,358.55,0.014812601624566553,359.25,2026-04-23,0.02268736192148646,ENTERED,0.6795611522820586,0.0,2026
LONG,2026-04-27,27385.25,27385.0,2026-04-27,27489.75,27490.0,{},1,1,NQ,5,fixed_hold,0,0.0,104.5,104.3,0.012624359273071116,105.0,2026-04-24,0.02233544144630817,ENTERED,0.7974309789212076,0.0,2026
LONG,2026-04-28,27490.5,27490.25,2026-04-28,27247.25,27247.5,{},1,1,NQ,5,fixed_hold,0,0.0,-243.25,-243.45,0.012030126597320334,-242.75,2026-04-27,0.02587067461539183,ENTERED,0.8368203852169372,0.0,2026
LONG,2026-04-29,27246.5,27246.25,2026-04-29,27550.25,27550.5,{},1,1,NQ,5,fixed_hold,0,0.0,303.75,303.55,0.00983669599482525,304.25,2026-04-28,0.01770407305731414,ENTERED,1.0234183488718223,0.0,2026
LONG,2026-04-30,27552.0,27551.75,2026-04-30,27594.0,27594.25,{},1,1,NQ,5,fixed_hold,0,0.0,42.0,41.8,0.009875399830441771,42.5,2026-04-29,0.016773693534100964,ENTERED,1.019307450950595,0.0,2026
LONG,2026-05-01,27594.75,27594.5,2026-05-01,27783.0,27783.25,{},1,1,NQ,5,fixed_hold,0,0.0,188.25,188.05,0.009864174868653408,188.75,2026-04-30,0.018980622409320524,ENTERED,1.0204673743440735,0.0,2026
LONG,2026-05-04,27823.5,27823.25,2026-05-04,27745.25,27745.5,{},1,1,NQ,5,fixed_hold,0,0.0,-78.25,-78.45,0.009536878938785305,-77.75,2026-05-01,0.012499886116198011,ENTERED,1.0554130620125963,0.0,2026
LONG,2026-05-05,27747.25,27747.0,2026-05-05,28369.75,28370.0,{},1,1,NQ,5,fixed_hold,0,0.0,622.5,622.3,0.009755236356709288,623.0,2026-05-04,0.009294288832302655,ENTERED,1.0317891063607363,0.0,2026
LONG,2026-05-06,28369.75,28369.5,2026-05-06,28670.0,28670.25,{},1,1,NQ,5,fixed_hold,0,0.0,300.25,300.05,0.008825109432152969,300.75,2026-05-05,0.04119644004037082,ENTERED,1.1396817854679706,0.0,2026
LONG,2026-05-07,28669.75,28669.5,2026-05-07,28679.25,28679.5,{},1,1,NQ,5,fixed_hold,0,0.0,9.5,9.3,0.00865316830032146,10.0,2026-05-06,0.04064354548919291,ENTERED,1.1623276152172706,0.0,2026
LONG,2026-05-08,28680.0,28679.75,2026-05-08,29333.5,29333.75,{},1,1,NQ,5,fixed_hold,0,0.0,653.5,653.3,0.00880178725011134,654.0,2026-05-07,0.039328845683430425,ENTERED,1.1426423395948921,0.0,2026
LONG,2026-05-11,29304.75,29304.5,2026-05-11,29428.0,29428.25,{},1,1,NQ,5,fixed_hold,0,0.0,123.25,123.05,0.0094346949394039,123.75,2026-05-08,0.05580700601981414,ENTERED,1.0659904576330848,0.0,2026
LONG,2026-05-12,29428.5,29428.25,2026-05-12,29081.75,29082.0,{},1,1,NQ,5,fixed_hold,0,0.0,-346.75,-346.95,0.008700909193285264,-346.25,2026-05-11,0.06064947468958937,ENTERED,1.1557084745545916,0.0,2026
LONG,2026-05-13,29082.0,29081.75,2026-05-13,29631.0,29631.25,{},1,1,NQ,5,fixed_hold,0,0.0,549.0,548.8,0.009330798319132631,549.5,2026-05-12,0.025096933380331476,ENTERED,1.077690691308875,0.0,2026
LONG,2026-05-14,29632.0,29631.75,2026-05-14,29687.25,29687.5,{},1,1,NQ,5,fixed_hold,0,0.0,55.25,55.05,0.009576608912436417,55.75,2026-05-13,0.03351906593071208,ENTERED,1.0499927739854888,0.0,2026
LONG,2026-05-15,29687.25,29687.0,2026-05-15,29172.75,29173.0,{},1,1,NQ,5,fixed_hold,0,0.0,-514.5,-514.7,0.009592782669066482,-514.0,2026-05-14,0.03514705625969761,ENTERED,1.0482224505896998,0.0,2026
SHORT,2026-05-18,29116.5,29116.75,2026-05-18,29135.0,29134.75,{},1,1,NQ,5,fixed_hold,0,0.0,-18.5,-18.7,0.010693246902296732,-18.0,2026-05-15,-0.00548003579494627,ENTERED,0.9403477025470667,0.0,2026
SHORT,2026-05-19,29134.25,29134.5,2026-05-19,28950.25,28950.0,{},1,1,NQ,5,fixed_hold,0,0.0,184.0,183.8,0.010684016616608205,184.5,2026-05-18,-0.009973409903749064,ENTERED,0.9411923298002195,0.0,2026
SHORT,2026-05-20,28949.75,28950.0,2026-05-20,29192.5,29192.25,{},1,1,NQ,5,fixed_hold,0,0.0,-242.75,-242.95,0.010890001062106943,-242.25,2026-05-19,-0.00453889003507324,ENTERED,0.9233896703646607,0.0,2026
SHORT,2026-05-21,29192.75,29193.0,2026-05-21,29550.75,29550.5,{},1,1,NQ,5,fixed_hold,0,0.0,-358.0,-358.2,0.010776958243317872,-357.5,2026-05-20,-0.01481543978063693,ENTERED,0.9332220232290147,0.0,2026
SHORT,2026-05-22,29550.5,29550.75,2026-05-22,29521.0,29520.75,{},1,1,NQ,5,fixed_hold,0,0.0,29.5,29.3,0.01088540624194431,30.0,2026-05-21,-0.004614736842105338,ENTERED,0.9239246154480052,0.0,2026
LONG,2026-05-25,29842.5,29842.25,2026-05-25,29879.0,29879.25,{},1,1,NQ,5,fixed_hold,0,0.0,36.5,36.3,0.010741279501687545,37.0,2026-05-22,0.011920268741644646,ENTERED,0.9363704270991325,0.0,2026
LONG,2026-05-26,29879.75,29879.5,2026-05-26,30099.25,30099.5,{},1,1,NQ,5,fixed_hold,0,0.0,219.5,219.3,0.01074738522489509,220.0,2026-05-25,0.014505063104878424,ENTERED,0.9358384634142024,0.0,2026
LONG,2026-05-27,30098.25,30098.0,2026-05-27,29978.75,29979.0,{},1,1,NQ,5,fixed_hold,0,0.0,-119.5,-119.7,0.010358400676624602,-119.0,2026-05-26,0.0285053044686574,ENTERED,0.9717085597529466,0.0,2026
LONG,2026-05-28,29978.25,29978.0,2026-05-28,30301.25,30301.5,{},1,1,NQ,5,fixed_hold,0,0.0,323.0,322.8,0.010401330393235203,323.5,2026-05-27,0.015886981955431034,ENTERED,0.9676979984573051,0.0,2026
LONG,2026-05-29,30301.5,30301.25,2026-05-29,30389.25,30389.5,{},1,1,NQ,5,fixed_hold,0,0.0,87.75,87.55,0.010503065201751885,88.25,2026-05-28,0.014367010861538354,ENTERED,0.958393424674403,0.0,2026
LONG,2026-06-01,30478.5,30478.25,2026-06-01,30469.0,30469.25,{},1,1,NQ,5,fixed_hold,0,0.0,-9.5,-9.7,0.010487699683848729,-9.0,2026-05-29,0.018338094480140787,ENTERED,0.9597975658844894,0.0,2026
LONG,2026-06-02,30470.0,30469.75,2026-06-02,30707.75,30708.0,{},1,1,NQ,5,fixed_hold,0,0.0,237.75,237.55,0.010418145518893631,238.25,2026-06-01,0.01974614489988835,ENTERED,0.9663001111974493,0.0,2026
LONG,2026-06-03,30708.5,30708.25,2026-06-03,30395.0,30395.25,{},1,1,NQ,5,fixed_hold,0,0.0,-313.5,-313.7,0.009540770433298198,-313.0,2026-06-02,0.020216282662502527,ENTERED,1.0550582574709062,0.0,2026
LONG,2026-06-04,30393.25,30393.0,2026-06-04,30264.0,30264.25,{},1,1,NQ,5,fixed_hold,0,0.0,-129.25,-129.45,0.009850610042727,-128.75,2026-06-03,0.013884719303512316,ENTERED,1.0218726134344966,0.0,2026
SHORT,2026-06-05,30262.0,30262.25,2026-06-05,28829.5,28829.25,{},1,1,NQ,5,fixed_hold,0,0.0,1432.5,1432.3,0.009956627568153202,1433.0,2026-06-04,-0.0012293120802601143,ENTERED,1.0109192629662458,0.0,2026
SHORT,2026-06-08,29083.25,29083.5,2026-06-08,29425.25,29425.0,{},1,1,NQ,5,fixed_hold,0,0.0,-342.0,-342.2,0.013904488652366943,-341.5,2026-06-05,-0.05134174632685651,ENTERED,0.723943819866544,0.0,2026
SHORT,2026-06-09,29425.5,29425.75,2026-06-09,29064.75,29064.5,{},1,1,NQ,5,fixed_hold,0,0.0,360.75,360.55,0.014178614987435324,361.25,2026-06-08,-0.04271471785452585,ENTERED,0.7099472435922547,0.0,2026
SHORT,2026-06-10,29065.5,29065.75,2026-06-10,28364.25,28364.0,{},1,1,NQ,5,fixed_hold,0,0.0,701.25,701.05,0.014198623153756995,701.75,2026-06-09,-0.06179444772259102,ENTERED,0.7090162943520586,0.0,2026
SHORT,2026-06-11,28363.25,28363.5,2026-06-11,29577.5,29577.25,{},1,1,NQ,5,fixed_hold,0,0.0,-1214.25,-1214.45,0.014297109076980256,-1213.75,2026-06-10,-0.0749857323252151,ENTERED,0.7041322213584471,0.0,2026
SHORT,2026-06-12,29576.0,29576.25,2026-06-12,29678.0,29677.75,{},1,1,NQ,5,fixed_hold,0,0.0,-102.0,-102.2,0.017586732696897034,-101.5,2026-06-11,-0.031243675200408605,ENTERED,0.5727488004544822,0.0,2026
LONG,2026-06-15,30052.75,30052.5,2026-06-15,30532.5,30532.75,{},1,1,NQ,5,fixed_hold,0,0.0,479.75,479.55,0.01718093039066217,480.25,2026-06-12,0.020432547664483325,ENTERED,0.5862767514345992,0.0,2026
LONG,2026-06-16,30526.25,30526.0,2026-06-16,30012.5,30012.75,{},1,1,NQ,5,fixed_hold,0,0.0,-513.75,-513.95,0.017541801904304717,-513.25,2026-06-15,0.024707267874536143,ENTERED,0.5743389127882015,0.0,2026
LONG,2026-06-17,30330.75,30330.5,2026-06-17,30312.0,30312.25,{},1,1,NQ,5,fixed_hold,0,0.0,-18.75,-18.95,0.01793200387440848,-18.25,2026-06-16,0.01974902978948334,ENTERED,0.5618412478954873,0.0,2026
LONG,2026-06-18,30313.75,30313.5,2026-06-18,30692.25,30692.5,{},1,1,NQ,5,fixed_hold,0,0.0,378.5,378.3,0.017832764345977567,379.0,2026-06-17,0.04430482507650413,ENTERED,0.5649827303997993,0.0,2026
LONG,2026-06-19,30690.25,30690.0,2026-06-19,30646.75,30647.0,{},1,1,NQ,5,fixed_hold,0,0.0,-43.5,-43.7,0.017842810260608022,-43.0,2026-06-18,0.014030597152457469,ENTERED,0.5646646320624646,0.0,2026
LONG,2026-06-22,30353.5,30353.25,2026-06-22,30574.75,30575.0,{},1,1,NQ,5,fixed_hold,0,0.0,221.25,221.05,0.017844418232719587,221.75,2026-06-19,0.009098553060078673,ENTERED,0.5647346027974998,0.0,2026
LONG,2026-06-23,30574.5,30574.25,2026-06-23,29748.0,29748.25,{},1,1,NQ,5,fixed_hold,0,0.0,-826.5,-826.7,0.017919965151111487,-826.0,2026-06-22,0.00048258695477798597,ENTERED,0.5623537968868377,0.0,2026
SHORT,2026-06-24,29744.75,29745.0,2026-06-24,30097.0,30096.75,{},1,1,NQ,5,fixed_hold,0,0.0,-352.25,-352.45,0.01882365293232434,-351.75,2026-06-23,-0.009704918004171281,ENTERED,0.5353619996966626,0.0,2026
LONG,2026-06-25,30097.25,30097.0,2026-06-25,29706.75,29707.0,{},1,1,NQ,5,fixed_hold,0,0.0,-390.5,-390.7,0.019041722211403673,-390.0,2026-06-24,0.0024995725151184534,ENTERED,0.5292309363388323,0.0,2026
SHORT,2026-06-26,29704.0,29704.25,2026-06-26,29283.25,29283.0,{},1,1,NQ,5,fixed_hold,0,0.0,420.75,420.55,0.01902609726329063,421.25,2026-06-25,-0.022741849674335124,ENTERED,0.5297753752463699,0.0,2026
SHORT,2026-06-29,29620.75,29621.0,2026-06-29,30041.25,30041.0,{},1,1,NQ,5,fixed_hold,0,0.0,-420.5,-420.7,0.019183562511371988,-420.0,2026-06-26,-0.03525981567048009,ENTERED,0.5254267976116833,0.0,2026
SHORT,2026-06-30,30039.75,30040.0,2026-06-30,30534.25,30534.0,{},1,1,NQ,5,fixed_hold,0,0.0,-494.5,-494.7,0.019526018838528267,-494.0,2026-06-29,-0.02867677991264017,ENTERED,0.5162140693808669,0.0,2026
LONG,2026-07-01,30535.5,30535.25,2026-07-01,30042.5,30042.75,{},1,1,NQ,5,fixed_hold,0,0.0,-493.0,-493.2,0.01984964277597655,-492.5,2026-06-30,0.014701097316100586,ENTERED,0.5077978358201589,0.0,2026
SHORT,2026-07-02,30045.75,30046.0,2026-07-02,29600.75,29600.5,{},1,1,NQ,5,fixed_hold,0,0.0,445.0,444.8,0.020024352259964486,445.5,2026-07-01,-0.013184563608028221,ENTERED,0.5033981098760848,0.0,2026
SHORT,2026-07-03,29598.5,29598.75,2026-07-03,29902.0,29901.75,{},1,1,NQ,5,fixed_hold,0,0.0,-303.5,-303.7,0.020219874786232238,-303.0,2026-07-02,-0.014954929078003665,ENTERED,0.49853034134626173,0.0,2026
LONG,2026-07-06,29988.0,29987.75,2026-07-06,29852.0,29852.25,{},1,1,NQ,5,fixed_hold,0,0.0,-136.0,-136.2,0.01740605939222041,-135.5,2026-07-03,0.009478072988758246,ENTERED,0.5792785820527833,0.0,2026
SHORT,2026-07-07,29850.75,29851.0,2026-07-07,29300.75,29300.5,{},1,1,NQ,5,fixed_hold,0,0.0,550.0,549.8,0.017198463805388687,550.5,2026-07-06,-0.006283079790952439,ENTERED,0.586270815693012,0.0,2026
SHORT,2026-07-08,29299.75,29300.0,2026-07-08,29491.5,29491.25,{},1,1,NQ,5,fixed_hold,0,0.0,-191.75,-191.95,0.01747889092636253,-191.25,2026-07-07,-0.04039758957228001,ENTERED,0.5771262596701003,0.0,2026
SHORT,2026-07-09,29490.75,29491.0,2026-07-09,29932.75,29932.5,{},1,1,NQ,5,fixed_hold,0,0.0,-442.0,-442.2,0.016641802056025043,-441.5,2026-07-08,-0.01835717435987061,ENTERED,0.6061559264767932,0.0,2026
LONG,2026-07-10,29933.5,29933.25,2026-07-10,30068.25,30068.5,{},1,1,NQ,5,fixed_hold,0,0.0,134.75,134.55,0.013886668519262449,135.25,2026-07-09,0.011216026756304842,ENTERED,0.7265873244415715,0.0,2026
LONG,2026-07-13,29892.25,29892.0,2026-07-13,29420.5,29420.75,{},1,1,NQ,5,fixed_hold,0,0.0,-471.75,-471.95,0.013906191210439794,-471.25,2026-07-10,0.005576596687485003,ENTERED,0.7255672795037601,0.0,2026
SHORT,2026-07-14,29422.25,29422.5,2026-07-14,29889.5,29889.25,{},1,1,NQ,5,fixed_hold,0,0.0,-467.25,-467.45,0.014095647309905554,-466.75,2026-07-13,-0.01445452185346141,ENTERED,0.7158489362747186,0.0,2026
LONG,2026-07-15,29889.25,29889.0,2026-07-15,29689.75,29690.0,{},1,1,NQ,5,fixed_hold,0,0.0,-199.5,-199.7,0.014218009897103019,-199.0,2026-07-14,0.02009351376256352,ENTERED,0.7096882197947719,0.0,2026
LONG,2026-07-16,29690.25,29690.0,2026-07-16,29096.25,29096.5,{},1,1,NQ,5,fixed_hold,0,0.0,-594.0,-594.2,0.014279705402983182,-593.5,2026-07-15,0.006739287076675371,ENTERED,0.706635379945513,0.0,2026
SHORT,2026-07-17,29095.25,29095.5,2026-07-17,28768.5,28768.25,{},1,1,NQ,5,fixed_hold,0,0.0,326.75,326.55,0.014503145080769329,327.25,2026-07-16,-0.027929508059801322,ENTERED,0.6957487494437831,0.0,2026
SHORT,2026-07-20,28869.75,28870.0,2026-07-20,28779.5,28779.25,{},1,1,NQ,5,fixed_hold,0,0.0,90.25,90.05,0.014626328547049278,90.75,2026-07-17,-0.04324292864625767,ENTERED,0.6899297524978059,0.0,2026
SHORT,2026-07-21,28777.25,28777.5,2026-07-21,29298.75,29298.5,{},1,1,NQ,5,fixed_hold,0,0.0,-521.5,-521.7,0.014446720236868554,-521.0,2026-07-20,-0.021804338774504495,ENTERED,0.6985072783969574,0.0,2026
SHORT,2026-07-22,29298.25,29298.5,2026-07-22,29142.5,29142.25,{},1,1,NQ,5,fixed_hold,0,0.0,155.75,155.55,0.014092280395212117,156.25,2026-07-21,-0.019764631096464536,ENTERED,0.7168435723300893,0.0,2026
SHORT,2026-07-23,29143.5,29143.75,2026-07-23,28679.25,28679.0,{},1,1,NQ,5,fixed_hold,0,0.0,464.25,464.05,0.013779541299076766,464.75,2026-07-22,-0.018448972718086876,ENTERED,0.7331129826112551,0.0,2026
SHORT,2026-07-24,28680.0,28680.25,2026-07-24,28306.75,28306.5,{},1,1,NQ,5,fixed_hold,0,0.0,373.25,373.05,0.01391678839878247,373.75,2026-07-23,-0.014348804839069862,ENTERED,0.7261806430363748,0.0,2026
SHORT,2026-07-27,28728.0,28728.25,2026-07-27,28163.75,28163.5,{},1,1,NQ,5,fixed_hold,0,0.0,564.25,564.05,0.013861202893740177,564.75,2026-07-24,-0.016050680872141898,ENTERED,0.7290927364603403,0.0,2026
SHORT,2026-07-28,28164.5,28164.75,2026-07-28,28102.75,28102.5,{},1,1,NQ,5,fixed_hold,0,0.0,61.75,61.55,0.01382492438231269,62.25,2026-07-27,-0.03576219292686278,ENTERED,0.7311366530743831,0.0,2026
SHORT,2026-07-29,28102.5,28102.75,2026-07-29,27521.0,27520.75,{},1,1,NQ,5,fixed_hold,0,0.0,581.5,581.3,0.012989605960866011,582.0,2026-07-28,-0.05490259125317298,ENTERED,0.7781536231616871,0.0,2026
SHORT,2026-07-30,27521.5,27521.75,2026-07-30,28423.0,28422.75,{},1,1,NQ,5,fixed_hold,0,0.0,-901.5,-901.7,0.013239188334207102,-901.0,2026-07-29,-0.06950469127149117,ENTERED,0.7634985025892609,0.0,2026
SHORT,2026-07-31,28423.75,28424.0,2026-07-31,28287.25,28287.0,{},1,1,NQ,5,fixed_hold,0,0.0,136.5,136.3,0.015479182491740448,137.0,2026-07-30,-0.02348460737360414,ENTERED,0.6530125524431232,0.0,2026
SHORT,2026-08-03,28610.75,28611.0,2026-08-03,28971.25,28971.0,{},1,1,NQ,5,fixed_hold,0,0.0,-360.5,-360.7,0.015185232169233266,-360.0,2026-07-31,-0.015359445841636843,ENTERED,0.6658623897132683,0.0,2026
LONG,2026-08-04,28971.5,28971.25,2026-08-04,29834.5,29834.75,{},1,1,NQ,5,fixed_hold,0,0.0,863.0,862.8,0.015599415515274766,863.5,2026-08-03,0.017022857468136587,ENTERED,0.6481829380501863,0.0,2026
LONG,2026-08-05,29835.75,29835.5,2026-08-05,29583.25,29583.5,{},1,1,NQ,5,fixed_hold,0,0.0,-252.5,-252.7,0.01672342724407012,-252.0,2026-08-04,0.04961807200470081,ENTERED,0.6046954824535687,0.0,2026
LONG,2026-08-06,29584.5,29584.25,2026-08-06,29593.0,29593.25,{},1,1,NQ,5,fixed_hold,0,0.0,8.5,8.3,0.01673795204297421,9.0,2026-08-05,0.06277943380403994,ENTERED,0.6041707420158915,0.0,2026
LONG,2026-08-07,29595.5,29595.25,2026-08-07,29839.25,29839.5,{},1,1,NQ,5,fixed_hold,0,0.0,243.75,243.55,0.016317120757405493,244.25,2026-08-06,0.029391128261103017,ENTERED,0.620064899718342,0.0,2026
LONG,2026-08-10,29830.5,29830.25,2026-08-10,29704.25,29704.5,{},1,1,NQ,5,fixed_hold,0,0.0,-126.25,-126.45,0.016415390579853407,-125.75,2026-08-07,0.042938030827303963,ENTERED,0.6163529156930402,0.0,2026
LONG,2026-08-11,29704.0,29703.75,2026-08-11,29662.0,29662.25,{},1,1,NQ,5,fixed_hold,0,0.0,-42.0,-42.2,0.015752902646757685,-41.5,2026-08-10,0.02531842187014588,ENTERED,0.6424135835521846,0.0,2026
SHORT,2026-08-12,29661.5,29661.75,2026-08-12,29804.75,29804.5,{},1,1,NQ,5,fixed_hold,0,0.0,-143.25,-143.45,0.015258543717054025,-142.75,2026-08-11,-0.005781848347983343,ENTERED,0.6632270305941194,0.0,2026
LONG,2026-08-13,29805.5,29805.25,2026-08-13,30203.0,30203.25,{},1,1,NQ,5,fixed_hold,0,0.0,397.5,397.3,0.015272651132316314,398.0,2026-08-12,0.007470380448560743,ENTERED,0.6628361633217517,0.0,2026
LONG,2026-08-14,30204.0,30203.75,2026-08-14,30153.75,30154.0,{},1,1,NQ,5,fixed_hold,0,0.0,-50.25,-50.45,0.014907908569744263,-49.75,2026-08-13,0.02061280866413795,ENTERED,0.6790533650603017,0.0,2026
