absorption_proxy,aggressive_buy,aggressive_sell,ask_slope_lots_per_pt,bid_ask_slope_ratio,bid_slope_lots_per_pt,book_imbalance_top1,book_imbalance_top10,book_imbalance_top3,book_imbalance_top5,event_id,executed_to_displayed,feature_cutoff_ts,first_through_ts,has_book,imb_for_reversal_top1,imb_for_reversal_top10,imb_for_reversal_top3,imb_for_reversal_top5,label_300s,n_book_updates_le_cutoff,n_future_records_ignored,n_trades_le_cutoff,ofi_for_reversal,ofi_top1_proxy,persistence_top1_swept_side,price_impact_per_lot,price_range_feature_window,side,signed_flow_for_reversal,slope_for_reversal,trade_imbalance,trading_date,withdrawal_proxy
131.50877192982455,1322.0,2426.0,13.777777777777779,0.7258064516129031,10.0,0.6666666666666666,0.44642857142857145,0.5384615384615384,0.4444444444444444,NQ|NQU5|PDL|2025-06-17|1750181340,1213.0,1750181400,1750181398,True,0.6666666666666666,0.44642857142857145,0.5384615384615384,0.4444444444444444,AMBIGUOUS,37898,38072,2330,1.0,1.0,0.6666666666666666,0.0076040554962646745,28.5,pdl_sweep,-1104.0,0.4205607476635514,-1104.0,2025-06-17,0.33333333333333337
183.2,4140.0,5478.0,9.2,1.1111111111111112,10.222222222222221,0.6666666666666666,0.5,0.4166666666666667,0.4090909090909091,NQ|NQU5|PDL|2025-06-18|1750273020,2739.0,1750273080,1750273029,True,0.6666666666666666,0.5,0.4166666666666667,0.4090909090909091,AMBIGUOUS,77302,48440,6652,1.0,1.0,2.0,0.0054585152838427945,52.5,pdl_sweep,-1338.0,0.5263157894736842,-1338.0,2025-06-18,0.0
274.9655172413793,7976.0,7972.0,17.333333333333332,0.6230769230769232,10.8,0.5,0.4090909090909091,0.36363636363636365,0.34782608695652173,NQ|NQU5|PDH|2025-06-20|1750426260,7976.0,1750426320,1750426275,True,0.5,0.5909090909090908,0.6363636363636364,0.6521739130434783,REVERSAL,113850,45652,11464,-1.0,1.0,0.3333333333333333,0.0036368196639077,58.0,pdh_sweep,-4.0,0.6161137440758293,4.0,2025-06-20,0.6666666666666667
216.61802575107296,6068.0,6550.0,16.444444444444443,0.8378378378378379,13.777777777777779,0.6,0.45588235294117646,0.5789473684210527,0.45161290322580644,NQ|NQU5|PDL|2025-06-20|1750430520,2183.3333333333335,1750430580,1750430521,True,0.6,0.45588235294117646,0.5789473684210527,0.45161290322580644,REVERSAL,122780,45058,8460,2.0,2.0,1.5,0.004616420985893169,58.25,pdl_sweep,-482.0,0.4558823529411765,-482.0,2025-06-20,0.0
226.0,5362.0,6390.0,12.88888888888889,1.0689655172413794,13.777777777777779,0.3333333333333333,0.5166666666666667,0.4375,0.42857142857142855,NQ|NQU5|PDL|2025-06-23|1750685640,6390.0,1750685700,1750685654,True,0.3333333333333333,0.5166666666666667,0.4375,0.42857142857142855,REVERSAL,110751,54383,8474,-1.0,-1.0,1.0,0.004424778761061947,52.0,pdl_sweep,-1028.0,0.5166666666666667,-1028.0,2025-06-23,0.0
406.5934065934066,4570.0,4680.0,14.666666666666666,1.3333333333333335,19.555555555555557,0.6666666666666666,0.5714285714285714,0.625,0.5,NQ|NQU5|PDH|2025-06-24|1750771800,4570.0,1750771860,1750771740,True,0.33333333333333337,0.4285714285714286,0.375,0.5,CONTINUATION,79171,59368,6716,-3.0,3.0,0.3333333333333333,0.0024594594594594594,22.75,pdh_sweep,110.0,0.42857142857142855,-110.0,2025-06-24,0.6666666666666667
335.8848920863309,5948.0,5724.0,22.666666666666668,0.8235294117647058,18.666666666666668,0.4,0.45161290322580644,0.5714285714285714,0.5263157894736842,NQ|NQU5|PDH|2025-06-25|1750858200,1982.6666666666667,1750858260,1750858140,True,0.6,0.5483870967741935,0.4285714285714286,0.4736842105263158,NEITHER,74982,49740,8106,8.0,-8.0,3.0,0.0029772104180945855,34.75,pdh_sweep,-224.0,0.5483870967741935,224.0,2025-06-25,0.0
306.8041237113402,3398.0,4042.0,14.666666666666666,1.0606060606060606,15.555555555555555,0.6666666666666666,0.5147058823529411,0.4666666666666667,0.5,NQ|NQU5|PDH|2025-06-26|1750944600,3398.0,1750944660,1750944540,True,0.33333333333333337,0.4852941176470589,0.5333333333333333,0.5,REVERSAL,66728,56997,5674,-0.0,0.0,1.0,0.0032594086021505374,24.25,pdh_sweep,644.0,0.4852941176470588,-644.0,2025-06-26,0.0
355.51020408163265,4454.0,4256.0,24.444444444444443,0.7272727272727274,17.77777777777778,0.5,0.42105263157894735,0.6428571428571429,0.5,NQ|NQU5|PDH|2025-06-27|1751031000,2227.0,1751031060,1751030940,True,0.5,0.5789473684210527,0.3571428571428571,0.5,REVERSAL,68064,55631,6294,2.0,-2.0,2.0,0.0028128587830080366,24.5,pdh_sweep,-198.0,0.5789473684210527,198.0,2025-06-27,0.0
412.96,4924.0,5400.0,15.555555555555555,0.9714285714285714,15.11111111111111,0.6666666666666666,0.4927536231884058,0.6,0.5357142857142857,NQ|NQU5|PDH|2025-06-30|1751290200,4924.0,1751290260,1751290140,True,0.33333333333333337,0.5072463768115942,0.4,0.4642857142857143,REVERSAL,73248,48478,7268,-1.0,1.0,0.5,0.0024215420379697793,25.0,pdh_sweep,476.0,0.5072463768115942,-476.0,2025-06-30,0.5
277.3636363636364,2840.0,3262.0,7.636363636363637,1.9788359788359786,15.11111111111111,0.5,0.6181818181818182,0.3333333333333333,0.5294117647058824,NQ|NQU5|PDL|2025-07-01|1751377440,3262.0,1751377500,1751377447,True,0.5,0.6181818181818182,0.3333333333333333,0.5294117647058824,REVERSAL,40859,19827,4138,0.0,0.0,0.5,0.003605375286791216,22.0,pdl_sweep,-422.0,0.6642984014209591,-422.0,2025-07-01,0.5
325.1764705882353,2120.0,2026.0,31.555555555555557,0.8309859154929576,26.22222222222222,0.375,0.45384615384615384,0.4,0.5,NQ|NQU5|PDH|2025-07-02|1751483040,424.0,1751483100,1751483052,True,0.625,0.5461538461538462,0.6,0.5,REVERSAL,28069,10712,2502,1.0,-1.0,1.25,0.0030752532561505066,12.75,pdh_sweep,-94.0,0.5461538461538462,94.0,2025-07-02,0.0
244.8421052631579,5046.0,6584.0,19.555555555555557,0.8636363636363635,16.88888888888889,0.42857142857142855,0.4634146341463415,0.42857142857142855,0.42105263157894735,NQ|NQU5|PDL|2025-07-07|1751895180,2194.6666666666665,1751895240,1751895220,True,0.42857142857142855,0.4634146341463415,0.42857142857142855,0.42105263157894735,CONTINUATION,109014,49288,7904,-2.0,-2.0,1.0,0.00408426483233018,47.5,pdl_sweep,-1538.0,0.4634146341463415,-1538.0,2025-07-07,0.0
256.5057471264368,6300.0,4858.0,22.22222222222222,0.9,20.0,0.4,0.47368421052631576,0.5,0.4782608695652174,NQ|NQU5|PDH|2025-07-09|1752067800,2100.0,1752067860,1752067740,True,0.6,0.5263157894736843,0.5,0.5217391304347826,CONTINUATION,71274,49943,7084,-2.0,2.0,0.75,0.003898548126904463,43.5,pdh_sweep,-1442.0,0.5263157894736842,1442.0,2025-07-09,0.25
272.30601092896177,5630.0,6828.0,19.11111111111111,1.1162790697674418,21.333333333333332,0.5,0.5274725274725275,0.5217391304347826,0.525,NQ|NQU5|PDL|2025-07-10|1752156060,2276.0,1752156120,1752156095,True,0.5,0.5274725274725275,0.5217391304347826,0.525,REVERSAL,100934,37566,8344,2.0,2.0,1.5,0.003672339059239043,45.75,pdl_sweep,-1198.0,0.5274725274725275,-1198.0,2025-07-10,0.0
175.3230769230769,2402.0,3296.0,19.555555555555557,1.1818181818181817,23.11111111111111,0.6666666666666666,0.5416666666666666,0.5,0.43902439024390244,NQ|NQU5|PDL|2025-07-11|1752241020,824.0,1752241080,1752241056,True,0.6666666666666666,0.5416666666666666,0.5,0.43902439024390244,CONTINUATION,70704,34090,3842,4.0,4.0,2.0,0.0057037557037557035,32.5,pdl_sweep,-894.0,0.5416666666666666,-894.0,2025-07-11,0.0
226.54980079681275,6452.0,7764.0,22.666666666666668,0.8627450980392157,19.555555555555557,0.5,0.4631578947368421,0.5217391304347826,0.5333333333333333,NQ|NQU5|PDL|2025-07-14|1752500580,2588.0,1752500640,1752500601,True,0.5,0.4631578947368421,0.5217391304347826,0.5333333333333333,REVERSAL,110013,48354,9628,-2.0,-2.0,1.0,0.004414040517726505,62.75,pdl_sweep,-1312.0,0.46315789473684205,-1312.0,2025-07-14,0.0
384.24242424242425,3236.0,3104.0,29.77777777777778,0.8059701492537313,24.0,0.25,0.4462809917355372,0.42424242424242425,0.38461538461538464,NQ|NQU5|PDH|2025-07-14|1752505440,539.3333333333334,1752505500,1752505445,True,0.75,0.5537190082644627,0.5757575757575757,0.6153846153846154,REVERSAL,63236,31061,3784,5.0,-5.0,2.0,0.0026025236593059937,16.5,pdh_sweep,-132.0,0.5537190082644629,132.0,2025-07-14,0.0
366.5340314136126,8140.0,9362.0,20.0,1.0444444444444445,20.88888888888889,0.5,0.5108695652173914,0.5454545454545454,0.5365853658536586,NQ|NQU5|PDL|2025-07-16|1752672660,4681.0,1752672720,1752672669,True,0.5,0.5108695652173914,0.5454545454545454,0.5365853658536586,REVERSAL,137517,66570,12214,1.0,1.0,1.0,0.002728259627471146,47.75,pdl_sweep,-1222.0,0.5108695652173914,-1222.0,2025-07-16,0.0
402.85714285714283,5022.0,4848.0,18.22222222222222,0.8048780487804879,14.666666666666666,0.6666666666666666,0.44594594594594594,0.4375,0.42424242424242425,NQ|NQU5|PDH|2025-07-17|1752759000,5022.0,1752759060,1752758940,True,0.33333333333333337,0.5540540540540541,0.5625,0.5757575757575757,REVERSAL,80452,59494,7184,-1.0,1.0,1.0,0.0024822695035460994,24.5,pdh_sweep,-174.0,0.5540540540540541,174.0,2025-07-17,0.0
607.364238410596,11526.0,11402.0,18.666666666666668,0.976190476190476,18.22222222222222,0.25,0.4939759036144578,0.5625,0.5151515151515151,NQ|NQU5|PDH|2025-07-18|1752845400,3842.0,1752845460,1752845340,True,0.75,0.5060240963855422,0.4375,0.48484848484848486,NEITHER,160423,64971,16138,1.0,-1.0,1.0,0.0016464584787159804,37.75,pdh_sweep,-124.0,0.5060240963855422,124.0,2025-07-18,0.0
406.46153846153845,6324.0,4244.0,28.0,1.0476190476190477,29.333333333333332,0.8,0.5116279069767442,0.5833333333333334,0.4426229508196721,NQ|NQU5|PDH|2025-07-21|1753104960,6324.0,1753105020,1753104961,True,0.19999999999999996,0.4883720930232558,0.41666666666666663,0.5573770491803278,NEITHER,66546,23480,6976,-3.0,3.0,0.5,0.0024602573807721425,26.0,pdh_sweep,-2080.0,0.48837209302325585,2080.0,2025-07-21,0.5
337.81333333333333,5962.0,6706.0,22.22222222222222,1.12,24.88888888888889,0.8333333333333334,0.5283018867924528,0.6153846153846154,0.5098039215686274,NQ|NQU5|PDL|2025-07-22|1753191900,1341.2,1753191960,1753191958,True,0.8333333333333334,0.5283018867924528,0.6153846153846154,0.5098039215686274,AMBIGUOUS,90179,50819,7894,3.0,3.0,1.6666666666666667,0.0029602147142406064,37.5,pdl_sweep,-744.0,0.5283018867924528,-744.0,2025-07-22,0.0
384.4736842105263,7504.0,7106.0,14.666666666666666,1.4242424242424243,20.88888888888889,0.25,0.5875,0.5,0.5277777777777778,NQ|NQU5|PDH|2025-07-24|1753363800,2501.3333333333335,1753363860,1753363740,True,0.75,0.4125,0.5,0.4722222222222222,NEITHER,78401,59803,10124,1.0,-1.0,1.5,0.0026009582477754963,38.0,pdh_sweep,-398.0,0.4125,398.0,2025-07-24,0.0
397.84615384615387,2570.0,2602.0,36.0,0.925925925925926,33.333333333333336,0.6,0.4807692307692308,0.47368421052631576,0.4722222222222222,NQ|NQU5|PDH|2025-07-25|1753457400,1285.0,1753457460,1753457447,True,0.4,0.5192307692307692,0.5263157894736843,0.5277777777777778,REVERSAL,29418,11845,2962,-4.0,4.0,0.2857142857142857,0.0025135344160866204,13.0,pdh_sweep,32.0,0.5192307692307692,-32.0,2025-07-25,0.7142857142857143
413.06666666666666,6420.0,5972.0,16.0,1.2222222222222223,19.555555555555557,0.3333333333333333,0.55,0.4375,0.4838709677419355,NQ|NQU5|PDH|2025-07-28|1753709400,3210.0,1753709460,1753709402,True,0.6666666666666667,0.44999999999999996,0.5625,0.5161290322580645,NEITHER,90998,73271,8382,-0.0,0.0,1.0,0.002420916720464816,30.0,pdh_sweep,-448.0,0.44999999999999996,448.0,2025-07-28,0.0
454.272,7720.0,6476.0,48.0,0.46296296296296297,22.22222222222222,0.6,0.31645569620253167,0.28888888888888886,0.3287671232876712,NQ|NQU5|PDH|2025-07-29|1753795800,3860.0,1753795860,1753795740,True,0.4,0.6835443037974683,0.7111111111111111,0.6712328767123288,CONTINUATION,85040,58447,9328,-1.0,1.0,1.0,0.0022013243167089322,31.25,pdh_sweep,-1244.0,0.6835443037974683,1244.0,2025-07-29,0.0
446.2795698924731,4878.0,5498.0,39.111111111111114,0.7727272727272726,30.22222222222222,0.5,0.4358974358974359,0.47058823529411764,0.4626865671641791,NQ|NQU5|PDL|2025-07-29|1753817760,1832.6666666666667,1753817820,1753817761,True,0.5,0.4358974358974359,0.47058823529411764,0.4626865671641791,REVERSAL,69992,22743,5758,0.0,0.0,0.6,0.0022407478797224364,23.25,pdl_sweep,-620.0,0.43589743589743585,-620.0,2025-07-29,0.4
266.3765690376569,7392.0,8524.0,10.222222222222221,1.2608695652173914,12.88888888888889,0.6666666666666666,0.5576923076923077,0.5833333333333334,0.5909090909090909,NQ|NQU5|PDL|2025-07-30|1753901940,4262.0,1753902000,1753901971,True,0.6666666666666666,0.5576923076923077,0.5833333333333334,0.5909090909090909,CONTINUATION,111641,87030,10026,0.0,0.0,0.6666666666666666,0.003754083940688615,59.75,pdl_sweep,-1132.0,0.5576923076923077,-1132.0,2025-07-30,0.33333333333333337
334.218487394958,8658.0,11228.0,15.11111111111111,1.1470588235294117,17.333333333333332,0.5,0.5342465753424658,0.5,0.5161290322580645,NQ|NQU5|PDH|2025-07-31|1753968600,4329.0,1753968660,1753968540,True,0.5,0.4657534246575342,0.5,0.4838709677419355,NEITHER,130796,104522,13364,1.0,-1.0,0.5,0.002992054711857588,59.5,pdh_sweep,2570.0,0.4657534246575343,-2570.0,2025-07-31,0.5
195.9136690647482,3056.0,3752.0,23.555555555555557,0.8679245283018867,20.444444444444443,0.6666666666666666,0.46464646464646464,0.5238095238095238,0.4318181818181818,NQ|NQU5|PDL|2025-07-31|1753985400,1876.0,1753985460,1753985451,True,0.6666666666666666,0.46464646464646464,0.5238095238095238,0.4318181818181818,REVERSAL,77623,36051,4022,-3.0,-3.0,0.4,0.005104289071680376,34.75,pdl_sweep,-696.0,0.4646464646464646,-696.0,2025-07-31,0.6
442.01526717557255,7104.0,7372.0,23.555555555555557,0.7735849056603773,18.22222222222222,0.75,0.43617021276595747,0.42105263157894735,0.41025641025641024,NQ|NQU5|PDH|2025-08-04|1754314200,7104.0,1754314260,1754314188,True,0.25,0.5638297872340425,0.5789473684210527,0.5897435897435898,NEITHER,89465,78046,9642,-2.0,2.0,0.5,0.002262365294280188,32.75,pdh_sweep,268.0,0.5638297872340425,-268.0,2025-08-04,0.5
279.73333333333335,7110.0,7576.0,21.333333333333332,0.7916666666666667,16.88888888888889,0.6666666666666666,0.4418604651162791,0.4074074074074074,0.4186046511627907,NQ|NQU5|PDH|2025-08-05|1754400600,3555.0,1754400660,1754400540,True,0.33333333333333337,0.5581395348837209,0.5925925925925926,0.5813953488372092,NEITHER,101002,66924,9940,-2.0,2.0,2.0,0.003574833174451859,52.5,pdh_sweep,466.0,0.5581395348837209,-466.0,2025-08-05,0.0
198.3673469387755,1444.0,986.0,48.888888888888886,0.8272727272727273,40.44444444444444,0.4444444444444444,0.4527363184079602,0.47368421052631576,0.4857142857142857,NQ|NQU5|PDH|2025-08-06|1754503560,288.8,1754503620,1754503602,True,0.5555555555555556,0.5472636815920398,0.5263157894736843,0.5142857142857142,NEITHER,19531,10294,1518,2.0,-2.0,1.6666666666666667,0.0050411522633744855,12.25,pdh_sweep,-458.0,0.5472636815920398,458.0,2025-08-06,0.0
526.6506024096385,5854.0,5074.0,12.88888888888889,1.1482758620689655,14.8,0.3333333333333333,0.5606060606060606,0.4,0.46153846153846156,NQ|NQU5|PDH|2025-08-07|1754573400,2927.0,1754573460,1754573340,True,0.6666666666666667,0.43939393939393945,0.6,0.5384615384615384,CONTINUATION,89663,65038,8016,2.0,-2.0,1.0,0.001898792093704246,20.75,pdh_sweep,-780.0,0.4654895666131621,780.0,2025-08-07,0.0
352.60377358490564,4946.0,4398.0,20.88888888888889,1.1063829787234043,23.11111111111111,0.6,0.5252525252525253,0.64,0.627906976744186,NQ|NQU5|PDH|2025-08-08|1754662200,2473.0,1754662260,1754662223,True,0.4,0.4747474747474747,0.36,0.37209302325581395,REVERSAL,76557,33153,5992,-2.0,2.0,1.0,0.0028360445205479453,26.5,pdh_sweep,-548.0,0.47474747474747475,548.0,2025-08-08,0.0
398.0,5352.0,4598.0,21.333333333333332,0.9583333333333333,20.444444444444443,0.6,0.48936170212765956,0.5,0.5319148936170213,NQ|NQU5|PDH|2025-08-11|1754919000,2676.0,1754919060,1754919004,True,0.4,0.5106382978723405,0.5,0.46808510638297873,REVERSAL,90442,69563,7270,-2.0,2.0,1.0,0.002512562814070352,25.0,pdh_sweep,-754.0,0.5106382978723405,754.0,2025-08-11,0.0
463.2098765432099,4214.0,5166.0,25.333333333333332,0.8947368421052633,22.666666666666668,0.3333333333333333,0.4722222222222222,0.5384615384615384,0.52,NQ|NQU5|PDH|2025-08-13|1755091800,2107.0,1755091860,1755091740,True,0.6666666666666667,0.5277777777777778,0.46153846153846156,0.48,CONTINUATION,72549,57931,6562,2.0,-2.0,1.0,0.0021588486140724948,20.25,pdh_sweep,952.0,0.5277777777777778,-952.0,2025-08-13,0.0
415.4954954954955,5546.0,5984.0,17.333333333333332,1.0512820512820513,18.22222222222222,0.2,0.5125,0.47058823529411764,0.46875,NQ|NQU5|PDL|2025-08-14|1755178200,5984.0,1755178260,1755178140,True,0.2,0.5125,0.47058823529411764,0.46875,REVERSAL,100537,71628,8102,-3.0,-3.0,1.0,0.002406764960971379,27.75,pdl_sweep,-438.0,0.5125,-438.0,2025-08-14,0.0
324.6530612244898,3574.0,4380.0,24.0,0.8703703703703703,20.88888888888889,0.25,0.46534653465346537,0.47619047619047616,0.4888888888888889,NQ|NQU5|PDL|2025-08-15|1755265260,4380.0,1755265320,1755265292,True,0.25,0.46534653465346537,0.47619047619047616,0.4888888888888889,REVERSAL,82592,34853,5492,-4.0,-4.0,0.3333333333333333,0.003080211214483279,24.5,pdl_sweep,-806.0,0.46534653465346537,-806.0,2025-08-15,0.6666666666666667
315.42857142857144,3740.0,4540.0,32.44444444444444,0.9863013698630138,32.0,0.16666666666666666,0.496551724137931,0.4074074074074074,0.4,NQ|NQU5|PDL|2025-08-18|1755528360,4540.0,1755528420,1755528399,True,0.16666666666666666,0.496551724137931,0.4074074074074074,0.4,REVERSAL,67856,48665,5230,-9.0,-9.0,0.16666666666666666,0.003170289855072464,26.25,pdl_sweep,-800.0,0.496551724137931,-800.0,2025-08-18,0.8333333333333334
275.1672354948806,8834.0,11322.0,21.333333333333332,0.7708333333333333,16.444444444444443,0.3333333333333333,0.43529411764705883,0.5263157894736842,0.45714285714285713,NQ|NQU5|PDL|2025-08-19|1755610320,11322.0,1755610380,1755610322,True,0.3333333333333333,0.43529411764705883,0.5263157894736842,0.45714285714285713,CONTINUATION,141075,65441,13038,-3.0,-3.0,0.3333333333333333,0.00363415360190514,73.25,pdl_sweep,-2488.0,0.43529411764705883,-2488.0,2025-08-19,0.6666666666666667
303.05641025641023,7124.0,7650.0,24.0,1.0740740740740742,25.77777777777778,0.4,0.5178571428571429,0.625,0.5333333333333333,NQ|NQU5|PDL|2025-08-20|1755696600,3825.0,1755696660,1755696540,True,0.4,0.5178571428571429,0.625,0.5333333333333333,CONTINUATION,104140,74960,9886,1.0,1.0,2.0,0.0032997157167997835,48.75,pdl_sweep,-526.0,0.5178571428571429,-526.0,2025-08-20,0.0
81.35624284077892,10384.0,7372.0,3.8181818181818183,1.4285714285714284,5.454545454545454,0.6666666666666666,0.4166666666666667,0.45454545454545453,0.5555555555555556,NQ|NQU5|PDH|2025-08-22|1755871200,10384.0,1755871260,1755871205,True,0.33333333333333337,0.5833333333333333,0.5454545454545454,0.4444444444444444,CONTINUATION,82790,78083,12244,-1.0,1.0,0.5,0.012291619734174364,218.25,pdh_sweep,-3012.0,0.4117647058823529,3012.0,2025-08-22,0.5
454.2307692307692,5412.0,6398.0,19.11111111111111,1.627906976744186,31.11111111111111,0.75,0.6194690265486725,0.5263157894736842,0.66,NQ|NQU5|PDL|2025-08-26|1756216080,2132.6666666666665,1756216140,1756216137,True,0.75,0.6194690265486725,0.5263157894736842,0.66,REVERSAL,111461,55100,8124,1.0,1.0,1.0,0.002201524132091448,26.0,pdl_sweep,-986.0,0.6194690265486725,-986.0,2025-08-26,0.0
296.60215053763443,4108.0,2788.0,36.888888888888886,0.9518072289156628,35.111111111111114,0.25,0.4876543209876543,0.4722222222222222,0.4788732394366197,NQ|NQU5|PDH|2025-08-27|1756304340,684.6666666666666,1756304400,1756304394,True,0.75,0.5123456790123457,0.5277777777777778,0.5211267605633803,REVERSAL,45076,25413,4346,-4.0,4.0,0.5454545454545454,0.0033715197215777263,23.25,pdh_sweep,-1320.0,0.5123456790123456,1320.0,2025-08-27,0.4545454545454546
241.60990712074303,12424.0,7086.0,24.0,1.0740740740740742,25.77777777777778,0.5,0.5178571428571429,0.5,0.4888888888888889,NQ|NQU5|PDH|2025-08-28|1756387800,12424.0,1756387860,1756387815,True,0.5,0.4821428571428571,0.5,0.5111111111111111,CONTINUATION,95386,75089,10806,-5.0,5.0,0.16666666666666666,0.004138903126601742,80.75,pdh_sweep,-5338.0,0.48214285714285715,5338.0,2025-08-28,0.8333333333333334
302.31847133757964,5338.0,6528.0,20.0,1.088888888888889,21.77777777777778,0.42857142857142855,0.5212765957446809,0.47368421052631576,0.5,NQ|NQU5|PDL|2025-08-29|1756475100,2176.0,1756475160,1756475152,True,0.42857142857142855,0.5212765957446809,0.47368421052631576,0.5,CONTINUATION,90243,49398,8588,-2.0,-2.0,1.0,0.003307770099443789,39.25,pdl_sweep,-1190.0,0.5212765957446809,-1190.0,2025-08-29,0.0
367.14814814814815,10240.0,9586.0,14.666666666666666,0.8484848484848485,12.444444444444445,0.4,0.45901639344262296,0.4117647058823529,0.4838709677419355,NQ|NQU5|PDL|2025-09-02|1756819800,4793.0,1756819860,1756819740,True,0.4,0.45901639344262296,0.4117647058823529,0.4838709677419355,CONTINUATION,135750,100969,13492,0.0,0.0,1.0,0.0027236961565620904,54.0,pdl_sweep,654.0,0.45901639344262296,654.0,2025-09-02,0.0
443.85714285714283,5994.0,6434.0,23.11111111111111,1.0192307692307694,23.555555555555557,0.25,0.5047619047619047,0.6190476190476191,0.5681818181818182,NQ|NQU5|PDH|2025-09-03|1756906200,1998.0,1756906260,1756906140,True,0.75,0.49523809523809526,0.38095238095238093,0.43181818181818177,NEITHER,100989,89323,8978,1.0,-1.0,1.0,0.002252977148374638,28.0,pdh_sweep,440.0,0.4952380952380952,-440.0,2025-09-03,0.0
342.951724137931,6738.0,5694.0,22.22222222222222,0.5800000000000001,12.88888888888889,0.2,0.3670886075949367,0.42857142857142855,0.35294117647058826,NQ|NQU5|PDH|2025-09-04|1756992840,1684.5,1756992900,1756992840,True,0.8,0.6329113924050633,0.5714285714285714,0.6470588235294117,REVERSAL,88074,56139,8432,1.0,-1.0,1.0,0.002915862290862291,36.25,pdh_sweep,-1044.0,0.6329113924050632,1044.0,2025-09-04,0.0
298.5762711864407,4016.0,4792.0,31.555555555555557,0.8450704225352113,26.666666666666668,0.38461538461538464,0.4580152671755725,0.425,0.4411764705882353,NQ|NQU5|PDL|2025-09-09|1757428440,958.4,1757428500,1757428493,True,0.38461538461538464,0.4580152671755725,0.425,0.4411764705882353,CONTINUATION,69502,56368,5588,-1.0,-1.0,2.5,0.003349227974568574,29.5,pdl_sweep,-776.0,0.4580152671755725,-776.0,2025-09-09,0.0
268.1860465116279,7534.0,9764.0,18.666666666666668,0.7619047619047619,14.222222222222221,0.5,0.43243243243243246,0.5,0.46875,NQ|NQU5|PDH|2025-09-10|1757511000,3767.0,1757511060,1757510940,True,0.5,0.5675675675675675,0.5,0.53125,NEITHER,131239,90542,12158,-2.0,2.0,0.6666666666666666,0.0037287547693374955,64.5,pdh_sweep,2230.0,0.5675675675675677,-2230.0,2025-09-10,0.33333333333333337
425.1320754716981,5776.0,5490.0,20.0,0.9111111111111111,18.22222222222222,0.5,0.47674418604651164,0.3157894736842105,0.42105263157894735,NQ|NQU5|PDH|2025-09-12|1757683800,5776.0,1757683860,1757683801,True,0.5,0.5232558139534884,0.6842105263157895,0.5789473684210527,REVERSAL,108476,84843,7934,-2.0,2.0,0.3333333333333333,0.0023522101899520684,26.5,pdh_sweep,-286.0,0.5232558139534884,286.0,2025-09-12,0.6666666666666667
232.7422680412371,2902.0,2742.0,14.222222222222221,1.28125,18.22222222222222,0.3333333333333333,0.5616438356164384,0.5294117647058824,0.5161290322580645,NQ|NQU5|PDH|2025-09-15|1757943000,1451.0,1757943060,1757942940,True,0.6666666666666667,0.4383561643835616,0.47058823529411764,0.4838709677419355,CONTINUATION,95998,70043,4124,2.0,-2.0,2.0,0.004296598157335223,24.25,pdh_sweep,-160.0,0.4383561643835616,160.0,2025-09-15,0.0
467.54430379746833,4430.0,4804.0,23.555555555555557,0.7924528301886793,18.666666666666668,0.25,0.4421052631578947,0.47368421052631576,0.4444444444444444,NQ|NQZ5|PDH|2025-09-16|1758029400,1476.6666666666667,1758029460,1758029340,True,0.75,0.5578947368421052,0.5263157894736843,0.5555555555555556,NEITHER,93130,70517,6338,-8.0,8.0,0.21428571428571427,0.0021388347411739226,19.75,pdh_sweep,374.0,0.5578947368421052,-374.0,2025-09-16,0.7857142857142857
346.5050505050505,3838.0,4738.0,28.88888888888889,0.9230769230769231,26.666666666666668,0.6,0.48,0.6785714285714286,0.55,NQ|NQZ5|PDL|2025-09-17|1758116040,1579.3333333333333,1758116100,1758116079,True,0.6,0.48,0.6785714285714286,0.55,REVERSAL,84727,42638,5930,-3.0,-3.0,0.6,0.0028859608208955225,24.75,pdl_sweep,-900.0,0.48,-900.0,2025-09-17,0.4
320.1045751633987,5996.0,6248.0,19.555555555555557,1.0909090909090908,21.333333333333332,0.5,0.5217391304347826,0.4666666666666667,0.5357142857142857,NQ|NQZ5|PDH|2025-09-18|1758202200,5996.0,1758202260,1758202140,True,0.5,0.4782608695652174,0.5333333333333333,0.4642857142857143,CONTINUATION,105971,77064,8236,-1.0,1.0,0.3333333333333333,0.003123979091800065,38.25,pdh_sweep,252.0,0.47826086956521746,-252.0,2025-09-18,0.6666666666666667
431.42857142857144,3846.0,3704.0,23.11111111111111,0.8846153846153846,20.444444444444443,0.75,0.46938775510204084,0.5217391304347826,0.5227272727272727,NQ|NQZ5|PDH|2025-09-19|1758289980,3846.0,1758290040,1758289981,True,0.25,0.5306122448979591,0.4782608695652174,0.4772727272727273,REVERSAL,54598,32850,4722,-3.0,3.0,0.3333333333333333,0.002317880794701987,17.5,pdh_sweep,-142.0,0.5306122448979591,142.0,2025-09-19,0.6666666666666667
288.0,3834.0,2430.0,36.0,0.9012345679012346,32.44444444444444,0.25,0.474025974025974,0.42424242424242425,0.43661971830985913,NQ|NQZ5|PDH|2025-09-22|1758550860,1278.0,1758550920,1758550899,True,0.75,0.525974025974026,0.5757575757575757,0.5633802816901409,NEITHER,41443,21641,3460,4.0,-4.0,1.5,0.003472222222222222,21.75,pdh_sweep,-1404.0,0.525974025974026,1404.0,2025-09-22,0.0
466.69026548672565,5938.0,7246.0,49.77777777777778,0.6071428571428571,30.22222222222222,0.4,0.37777777777777777,0.3783783783783784,0.379746835443038,NQ|NQZ5|PDL|2025-09-23|1758649200,3623.0,1758649260,1758649252,True,0.4,0.37777777777777777,0.3783783783783784,0.379746835443038,CONTINUATION,115623,80623,7868,-1.0,-1.0,0.4,0.002142748786407767,28.25,pdl_sweep,-1308.0,0.37777777777777777,-1308.0,2025-09-23,0.6
501.37704918032784,3142.0,4504.0,35.55555555555556,0.9375,33.333333333333336,0.3333333333333333,0.4838709677419355,0.4444444444444444,0.5,NQ|NQZ5|PDL|2025-09-24|1758726660,4504.0,1758726720,1758726665,True,0.3333333333333333,0.4838709677419355,0.4444444444444444,0.5,REVERSAL,53655,20529,4088,-4.0,-4.0,0.16666666666666666,0.0019945069317290087,15.25,pdl_sweep,-1362.0,0.48387096774193555,-1362.0,2025-09-24,0.8333333333333334
281.23383084577114,6742.0,7390.0,23.11111111111111,1.0192307692307694,23.555555555555557,0.5,0.5047619047619047,0.631578947368421,0.5641025641025641,NQ|NQZ5|PDL|2025-09-25|1758807000,3695.0,1758807060,1758806940,True,0.5,0.5047619047619047,0.631578947368421,0.5641025641025641,CONTINUATION,130815,90124,9550,1.0,1.0,0.6666666666666666,0.003555759977356354,50.25,pdl_sweep,-648.0,0.5047619047619047,-648.0,2025-09-25,0.33333333333333337
243.78947368421052,8696.0,7516.0,19.11111111111111,0.9767441860465117,18.666666666666668,0.5,0.49411764705882355,0.47058823529411764,0.5454545454545454,NQ|NQZ5|PDH|2025-09-26|1758893580,4348.0,1758893640,1758893623,True,0.5,0.5058823529411764,0.5294117647058824,0.4545454545454546,REVERSAL,148304,50136,10726,2.0,-2.0,1.0,0.004101899827288429,66.5,pdh_sweep,-1180.0,0.5058823529411764,1180.0,2025-09-26,0.0
515.9148936170212,6034.0,6090.0,24.0,0.7222222222222222,17.333333333333332,0.42857142857142855,0.41935483870967744,0.4090909090909091,0.475,NQ|NQZ5|PDH|2025-09-29|1759152600,1508.5,1759152660,1759152540,True,0.5714285714285714,0.5806451612903225,0.5909090909090908,0.525,CONTINUATION,113713,72692,8422,3.0,-3.0,1.3333333333333333,0.0019383041900362917,23.5,pdh_sweep,56.0,0.5806451612903226,-56.0,2025-09-29,0.0
213.90849673202615,3390.0,4792.0,32.0,0.5138888888888888,16.444444444444443,0.5,0.3394495412844037,0.3333333333333333,0.23529411764705882,NQ|NQZ5|PDL|2025-09-30|1759239180,2396.0,1759239240,1759239199,True,0.5,0.3394495412844037,0.3333333333333333,0.23529411764705882,AMBIGUOUS,93847,43348,5330,-1.0,-1.0,0.6666666666666666,0.004674896113419702,38.25,pdl_sweep,-1402.0,0.33944954128440363,-1402.0,2025-09-30,0.33333333333333337
292.3636363636364,4336.0,2900.0,41.77777777777778,0.8191489361702128,34.22222222222222,0.6666666666666666,0.4502923976608187,0.47058823529411764,0.4852941176470588,NQ|NQZ5|PDH|2025-10-01|1759330860,2168.0,1759330920,1759330866,True,0.33333333333333337,0.5497076023391814,0.5294117647058824,0.5147058823529411,REVERSAL,51958,17992,4132,-5.0,5.0,0.4,0.003420398009950249,24.75,pdh_sweep,-1436.0,0.5497076023391813,1436.0,2025-10-01,0.6
442.88524590163934,6572.0,6936.0,16.88888888888889,1.2105263157894737,20.444444444444443,0.6666666666666666,0.5476190476190477,0.5,0.5128205128205128,NQ|NQZ5|PDH|2025-10-02|1759411800,6572.0,1759411860,1759411740,True,0.33333333333333337,0.45238095238095233,0.5,0.4871794871794872,NEITHER,87125,61556,8474,-6.0,6.0,0.16666666666666666,0.0022579212318626,30.5,pdh_sweep,364.0,0.45238095238095244,-364.0,2025-10-02,0.8333333333333334
216.68217054263565,3176.0,3812.0,26.666666666666668,0.9666666666666667,25.77777777777778,0.6,0.4915254237288136,0.39285714285714285,0.41509433962264153,NQ|NQZ5|PDL|2025-10-03|1759513560,1270.6666666666667,1759513620,1759513600,True,0.6,0.4915254237288136,0.39285714285714285,0.41509433962264153,CONTINUATION,75015,47899,4348,0.0,0.0,1.0,0.0046150543789353175,32.25,pdl_sweep,-636.0,0.4915254237288136,-636.0,2025-10-03,0.0
264.56410256410254,4957.0,5361.0,19.555555555555557,0.8181818181818181,16.0,0.5,0.45,0.4,0.4444444444444444,NQ|NQZ5|PDH|2025-10-06|1759757400,2478.5,1759757460,1759757340,True,0.5,0.55,0.6,0.5555555555555556,REVERSAL,68385,1941,7184,-1.0,1.0,1.0,0.003779802287264974,39.0,pdh_sweep,404.0,0.55,-404.0,2025-10-06,0.0
321.64102564102564,5182.0,4226.0,23.555555555555557,1.0943396226415094,25.77777777777778,0.5,0.5225225225225225,0.48,0.5,NQ|NQZ5|PDH|2025-10-07|1759844160,2591.0,1759844220,1759844174,True,0.5,0.4774774774774775,0.52,0.5,REVERSAL,94826,40035,6156,-1.0,1.0,0.5,0.0031090561224489796,29.25,pdh_sweep,-956.0,0.4774774774774775,956.0,2025-10-07,0.5
349.812734082397,10658.0,12692.0,23.555555555555557,1.2641509433962264,29.77777777777778,0.5,0.5583333333333333,0.5185185185185185,0.5185185185185185,NQ|NQZ5|PDL|2025-10-07|1759849560,4230.666666666667,1759849620,1759849560,True,0.5,0.5583333333333333,0.5185185185185185,0.5185185185185185,CONTINUATION,178673,87477,13254,-1.0,-1.0,0.75,0.0028586723768736617,66.75,pdl_sweep,-2034.0,0.5583333333333333,-2034.0,2025-10-07,0.25
165.24590163934425,1632.0,888.0,32.888888888888886,1.0270270270270272,33.77777777777778,0.29411764705882354,0.5066666666666667,0.4418604651162791,0.48,NQ|NQZ5|PDH|2025-10-08|1759939800,136.0,1759939860,1759939856,True,0.7058823529411764,0.4933333333333333,0.5581395348837209,0.52,NEITHER,23213,13548,1470,-0.0,0.0,1.3333333333333333,0.006051587301587302,15.25,pdh_sweep,-744.0,0.49333333333333335,744.0,2025-10-08,0.0
371.0769230769231,10128.0,9168.0,31.11111111111111,0.9571428571428572,29.77777777777778,0.6,0.48905109489051096,0.3137254901960784,0.36363636363636365,NQ|NQZ5|PDH|2025-10-10|1760103060,5064.0,1760103120,1760103085,True,0.4,0.5109489051094891,0.6862745098039216,0.6363636363636364,REVERSAL,179019,63818,12746,-2.0,2.0,0.5,0.00269485903814262,52.0,pdh_sweep,-960.0,0.5109489051094891,960.0,2025-10-10,0.5
271.02702702702703,19618.0,20494.0,6.4,1.4285714285714284,9.142857142857142,0.5,0.6666666666666666,0.631578947368421,0.6666666666666666,NQ|NQZ5|PDL|2025-10-10|1760108340,10247.0,1760108400,1760108352,True,0.5,0.6666666666666666,0.631578947368421,0.6666666666666666,AMBIGUOUS,233207,89767,27082,0.0,0.0,2.0,0.003689668927004388,148.0,pdl_sweep,-876.0,0.5882352941176471,-876.0,2025-10-10,0.0
243.47826086956522,6736.0,7264.0,10.666666666666666,0.9583333333333333,10.222222222222221,0.5,0.48936170212765956,0.5,0.47619047619047616,NQ|NQZ5|PDL|2025-10-14|1760448600,7264.0,1760448660,1760448540,True,0.5,0.48936170212765956,0.5,0.47619047619047616,CONTINUATION,135553,96017,9916,0.0,0.0,1.0,0.004107142857142857,57.5,pdl_sweep,-528.0,0.4893617021276596,-528.0,2025-10-14,0.0
276.07100591715977,5376.0,6288.0,20.88888888888889,0.8723404255319148,18.22222222222222,0.5,0.4659090909090909,0.5,0.46153846153846156,NQ|NQZ5|PDH|2025-10-15|1760535000,2688.0,1760535060,1760534940,True,0.5,0.5340909090909092,0.5,0.5384615384615384,NEITHER,92121,61743,8180,2.0,-2.0,2.0,0.003622256515775034,42.25,pdh_sweep,912.0,0.5340909090909091,-912.0,2025-10-15,0.0
256.271186440678,6340.0,5000.0,31.555555555555557,0.4788732394366197,15.11111111111111,0.5,0.3238095238095238,0.1724137931034483,0.2037037037037037,NQ|NQZ5|PDH|2025-10-16|1760622300,6340.0,1760622360,1760622346,True,0.5,0.6761904761904762,0.8275862068965517,0.7962962962962963,REVERSAL,91572,47585,7680,2.0,-2.0,1.0,0.003902116402116402,44.25,pdh_sweep,-1340.0,0.6761904761904761,1340.0,2025-10-16,0.0
221.27748691099475,5024.0,5542.0,11.6,1.149425287356322,13.333333333333334,0.5,0.5084745762711864,0.5384615384615384,0.5,NQ|NQZ5|PDL|2025-10-16|1760638560,2771.0,1760638620,1760638589,True,0.5,0.5084745762711864,0.5384615384615384,0.5,REVERSAL,102340,49858,7292,1.0,1.0,2.0,0.004519212568616316,47.75,pdl_sweep,-518.0,0.5347593582887701,-518.0,2025-10-16,0.0
198.3709090909091,7754.0,5884.0,24.444444444444443,0.5727272727272728,14.0,0.25,0.3888888888888889,0.38461538461538464,0.36666666666666664,NQ|NQZ5|PDH|2025-10-20|1760967000,2584.6666666666665,1760967060,1760966940,True,0.75,0.6111111111111112,0.6153846153846154,0.6333333333333333,CONTINUATION,102774,67543,9442,2.0,-2.0,1.5,0.0050410617392579555,68.75,pdh_sweep,-1870.0,0.6358381502890174,1870.0,2025-10-20,0.0
319.49295774647885,5056.0,6286.0,21.333333333333332,1.0833333333333335,23.11111111111111,0.5,0.52,0.46153846153846156,0.47058823529411764,NQ|NQZ5|PDL|2025-10-22|1761139980,3143.0,1761140040,1761140026,True,0.5,0.52,0.46153846153846156,0.47058823529411764,CONTINUATION,142379,67084,7526,3.0,3.0,2.0,0.003129959442779051,35.5,pdl_sweep,-1230.0,0.52,-1230.0,2025-10-22,0.0
289.90697674418607,6454.0,6012.0,19.555555555555557,0.9772727272727272,19.11111111111111,0.4,0.4942528735632184,0.4090909090909091,0.45454545454545453,NQ|NQZ5|PDH|2025-10-27|1761571800,2151.3333333333335,1761571860,1761571740,True,0.6,0.5057471264367817,0.5909090909090908,0.5454545454545454,NEITHER,97305,75733,8400,-0.0,0.0,1.5,0.0034493823199101556,43.0,pdh_sweep,-442.0,0.5057471264367815,442.0,2025-10-27,0.0
361.8512396694215,5130.0,5816.0,21.333333333333332,0.5625,12.0,0.4,0.36,0.35294117647058826,0.3142857142857143,NQ|NQZ5|PDH|2025-10-28|1761658200,1710.0,1761658260,1761658140,True,0.6,0.64,0.6470588235294117,0.6857142857142857,CONTINUATION,80194,52536,7572,-1.0,1.0,1.0,0.0027635665996711125,30.25,pdh_sweep,686.0,0.64,-686.0,2025-10-28,0.0
435.85714285714283,6758.0,5446.0,26.22222222222222,0.847457627118644,22.22222222222222,0.42857142857142855,0.45871559633027525,0.4583333333333333,0.45098039215686275,NQ|NQZ5|PDH|2025-10-29|1761744600,1689.5,1761744660,1761744540,True,0.5714285714285714,0.5412844036697247,0.5416666666666667,0.5490196078431373,NEITHER,102029,87669,7674,-0.0,0.0,2.0,0.0022943297279580466,28.0,pdh_sweep,-1312.0,0.5412844036697247,1312.0,2025-10-29,0.0
306.17687074829934,4804.0,6448.0,14.666666666666666,0.8787878787878789,12.88888888888889,0.5,0.46774193548387094,0.5,0.4782608695652174,NQ|NQZ5|PDL|2025-10-30|1761831240,6448.0,1761831300,1761831292,True,0.5,0.46774193548387094,0.5,0.4782608695652174,CONTINUATION,148342,85567,7644,0.0,0.0,0.5,0.003266086029150373,36.75,pdl_sweep,-1644.0,0.46774193548387094,-1644.0,2025-10-30,0.5
361.07462686567163,5456.0,6640.0,29.333333333333332,0.7121212121212122,20.88888888888889,0.4444444444444444,0.415929203539823,0.42857142857142855,0.4423076923076923,NQ|NQZ5|PDH|2025-10-31|1761917400,1091.2,1761917460,1761917340,True,0.5555555555555556,0.584070796460177,0.5714285714285714,0.5576923076923077,REVERSAL,126193,95330,8694,1.0,-1.0,1.25,0.002769510582010582,33.5,pdh_sweep,1184.0,0.584070796460177,-1184.0,2025-10-31,0.0
339.1278195488722,5534.0,5742.0,25.77777777777778,0.7068965517241379,18.22222222222222,0.125,0.41414141414141414,0.2413793103448276,0.27586206896551724,NQ|NQZ5|PDH|2025-11-03|1762180200,790.5714285714286,1762180260,1762180140,True,0.875,0.5858585858585859,0.7586206896551724,0.7241379310344828,NEITHER,102291,76053,8098,6.0,-6.0,2.3333333333333335,0.0029487406881873006,33.25,pdh_sweep,208.0,0.5858585858585859,-208.0,2025-11-03,0.0
345.6,6864.0,6960.0,15.2,0.9064327485380118,13.777777777777779,0.6,0.4492753623188406,0.45454545454545453,0.44,NQ|NQZ5|PDL|2025-11-04|1762266600,2320.0,1762266660,1762266540,True,0.6,0.4492753623188406,0.45454545454545453,0.44,CONTINUATION,166657,124251,10108,2.0,2.0,3.0,0.0028935185185185184,40.0,pdl_sweep,-96.0,0.47546012269938653,-96.0,2025-11-04,0.0
260.76502732240436,6036.0,5894.0,21.333333333333332,0.6250000000000001,13.333333333333334,0.2857142857142857,0.38461538461538464,0.4090909090909091,0.4,NQ|NQZ5|PDL|2025-11-05|1762353000,2947.0,1762353060,1762352988,True,0.2857142857142857,0.38461538461538464,0.4090909090909091,0.4,REVERSAL,105257,73495,8212,-5.0,-5.0,0.5,0.003834870075440067,45.75,pdl_sweep,142.0,0.38461538461538464,142.0,2025-11-05,0.5
264.1198501872659,8010.0,9620.0,14.8,1.3813813813813811,20.444444444444443,0.5,0.5542168674698795,0.5263157894736842,0.5277777777777778,NQ|NQZ5|PDL|2025-11-06|1762441200,9620.0,1762441260,1762441231,True,0.5,0.5542168674698795,0.5263157894736842,0.5277777777777778,CONTINUATION,142763,71086,10744,0.0,0.0,0.25,0.003786159954622802,66.75,pdl_sweep,-1610.0,0.5800756620428752,-1610.0,2025-11-06,0.75
212.7311827956989,7114.0,7724.0,19.11111111111111,0.9534883720930233,18.22222222222222,0.5,0.4880952380952381,0.47368421052631576,0.4473684210526316,NQ|NQZ5|PDL|2025-11-07|1762525800,3862.0,1762525860,1762525740,True,0.5,0.4880952380952381,0.47368421052631576,0.4473684210526316,NEITHER,128924,83375,10122,1.0,1.0,2.0,0.004700768297614234,69.75,pdl_sweep,-610.0,0.48809523809523814,-610.0,2025-11-07,0.0
407.8612716763006,9006.0,8634.0,21.333333333333332,1.0,21.333333333333332,0.3333333333333333,0.5,0.6111111111111112,0.5609756097560976,NQ|NQZ5|PDH|2025-11-10|1762785000,4503.0,1762785060,1762784940,True,0.6666666666666667,0.5,0.38888888888888884,0.4390243902439024,CONTINUATION,146201,100012,11464,2.0,-2.0,2.0,0.0024518140589569162,43.25,pdh_sweep,-372.0,0.5,372.0,2025-11-10,0.0
247.25,5216.0,6652.0,22.22222222222222,0.9,20.0,0.75,0.47368421052631576,0.5652173913043478,0.5,NQ|NQZ5|PDH|2025-11-12|1762957800,5216.0,1762957860,1762957740,True,0.25,0.5263157894736843,0.4347826086956522,0.5,REVERSAL,93908,90571,7444,-2.0,2.0,1.0,0.004044489383215369,48.0,pdh_sweep,1436.0,0.5263157894736842,-1436.0,2025-11-12,0.0
253.17391304347825,5886.0,5760.0,17.333333333333332,1.8974358974358974,32.888888888888886,0.6,0.6548672566371682,0.5789473684210527,0.7571428571428571,NQ|NQZ5|PDL|2025-11-13|1763044200,1920.0,1763044260,1763044140,True,0.6,0.6548672566371682,0.5789473684210527,0.7571428571428571,CONTINUATION,147236,108927,8526,0.0,0.0,1.5,0.00394985402713378,46.0,pdl_sweep,126.0,0.6548672566371682,126.0,2025-11-13,0.0
273.20754716981133,9182.0,8918.0,17.333333333333332,0.6461538461538462,11.2,0.5,0.417910447761194,0.4444444444444444,0.5,NQ|NQZ5|PDL|2025-11-14|1763130600,8918.0,1763130660,1763130540,True,0.5,0.417910447761194,0.4444444444444444,0.5,CONTINUATION,163068,92807,12702,0.0,0.0,0.5,0.003660220994475138,66.25,pdl_sweep,264.0,0.3925233644859813,264.0,2025-11-14,0.5
257.6744186046512,7014.0,6836.0,19.11111111111111,0.4756871035940804,9.090909090909092,0.25,0.36764705882352944,0.5,0.45714285714285713,NQ|NQZ5|PDL|2025-11-18|1763476200,6836.0,1763476260,1763476140,True,0.25,0.36764705882352944,0.5,0.45714285714285713,AMBIGUOUS,162656,136129,10622,-2.0,-2.0,1.0,0.00388086642599278,53.75,pdl_sweep,178.0,0.3223495702005731,178.0,2025-11-18,0.0
231.65714285714284,6660.0,5502.0,23.555555555555557,1.0566037735849056,24.88888888888889,0.42857142857142855,0.5137614678899083,0.4444444444444444,0.4791666666666667,NQ|NQZ5|PDH|2025-11-19|1763563980,1665.0,1763564040,1763564031,True,0.5714285714285714,0.4862385321100917,0.5555555555555556,0.5208333333333333,AMBIGUOUS,146291,64589,7930,2.0,-2.0,2.0,0.00431672422298964,52.5,pdh_sweep,-1158.0,0.48623853211009177,1158.0,2025-11-19,0.0
213.3037037037037,6942.0,7456.0,12.0,0.9666666666666667,11.6,0.3333333333333333,0.5178571428571429,0.5,0.52,NQ|NQZ5|PDL|2025-11-21|1763737320,7456.0,1763737380,1763737361,True,0.3333333333333333,0.5178571428571429,0.5,0.52,AMBIGUOUS,182166,118436,10430,-1.0,-1.0,1.0,0.004688151132101681,67.5,pdl_sweep,-514.0,0.4915254237288135,-514.0,2025-11-21,0.0
176.45833333333334,9496.0,7444.0,20.0,0.7333333333333333,14.666666666666666,0.25,0.4230769230769231,0.45,0.4,NQ|NQZ5|PDH|2025-11-24|1763994720,3165.3333333333335,1763994780,1763994731,True,0.75,0.5769230769230769,0.55,0.6,CONTINUATION,142698,60414,11984,3.0,-3.0,3.0,0.005667060212514758,96.0,pdh_sweep,-2052.0,0.576923076923077,2052.0,2025-11-24,0.0
216.84615384615384,2982.0,2656.0,20.444444444444443,1.0869565217391304,22.22222222222222,0.5,0.5208333333333334,0.6190476190476191,0.55,NQ|NQZ5|PDH|2025-11-25|1764091380,1491.0,1764091440,1764091396,True,0.5,0.47916666666666663,0.38095238095238093,0.44999999999999996,CONTINUATION,58509,30830,3622,1.0,-1.0,2.0,0.0046115643845335225,26.0,pdh_sweep,-326.0,0.47916666666666663,326.0,2025-11-25,0.0
287.28767123287673,5816.0,4670.0,15.555555555555555,0.7457142857142857,11.6,0.3333333333333333,0.453125,0.5,0.5652173913043478,NQ|NQZ5|PDH|2025-11-26|1764167400,2908.0,1764167460,1764167340,True,0.6666666666666667,0.546875,0.5,0.4347826086956522,CONTINUATION,81298,62821,7518,2.0,-2.0,2.0,0.003480831584970437,36.5,pdh_sweep,-1146.0,0.5728314238952537,1146.0,2025-11-26,0.0
125.95744680851064,1346.0,1614.0,11.6,1.0689655172413794,12.4,0.5,0.5166666666666667,0.45454545454545453,0.4838709677419355,NQ|NQZ5|PDH|2025-11-28|1764340320,336.5,1764340380,1764340329,True,0.5,0.4833333333333333,0.5454545454545454,0.5161290322580645,CONTINUATION,15479,7999,1966,2.0,-2.0,1.3333333333333333,0.00793918918918919,23.5,pdh_sweep,268.0,0.48333333333333334,-268.0,2025-11-28,0.0
273.85714285714283,6116.0,5386.0,25.333333333333332,1.5263157894736843,38.666666666666664,0.5,0.6041666666666666,0.5,0.4666666666666667,NQ|NQZ5|PDL|2025-12-01|1764599400,1795.3333333333333,1764599460,1764599340,True,0.5,0.6041666666666666,0.5,0.4666666666666667,CONTINUATION,129282,99440,8126,0.0,0.0,1.5,0.0036515388628064684,42.0,pdl_sweep,730.0,0.6041666666666666,730.0,2025-12-01,0.0
412.1061946902655,5836.0,5806.0,20.444444444444443,0.891304347826087,18.22222222222222,0.4,0.47126436781609193,0.4444444444444444,0.4146341463414634,NQ|NQZ5|PDH|2025-12-02|1764685800,1945.3333333333333,1764685860,1764685740,True,0.6,0.5287356321839081,0.5555555555555556,0.5853658536585367,REVERSAL,121763,84881,7932,-0.0,0.0,1.5,0.0024265590104792993,28.25,pdh_sweep,-30.0,0.5287356321839081,30.0,2025-12-02,0.0
316.75,1312.0,1222.0,34.22222222222222,0.8051948051948052,27.555555555555557,0.2857142857142857,0.4460431654676259,0.34375,0.421875,NQ|NQZ5|PDH|2025-12-03|1764791700,262.4,1764791760,1764791743,True,0.7142857142857143,0.5539568345323741,0.65625,0.578125,NEITHER,23049,11759,1362,6.0,-6.0,5.0,0.0031570639305445935,8.0,pdh_sweep,-90.0,0.5539568345323741,90.0,2025-12-03,0.0
255.67179487179487,6060.0,6404.0,20.88888888888889,1.1063829787234043,23.11111111111111,0.5,0.5252525252525253,0.47368421052631576,0.5,NQ|NQZ5|PDH|2025-12-04|1764858600,2020.0,1764858660,1764858540,True,0.5,0.4747474747474747,0.5263157894736843,0.5,REVERSAL,131311,92819,8896,1.0,-1.0,3.0,0.003911264441591784,48.75,pdh_sweep,344.0,0.47474747474747475,-344.0,2025-12-04,0.0
224.08823529411765,7710.0,7528.0,14.222222222222221,2.71875,38.666666666666664,0.5,0.7310924369747899,0.6,0.6206896551724138,NQ|NQZ5|PDH|2025-12-05|1764945000,7710.0,1764945060,1764945023,True,0.5,0.26890756302521013,0.4,0.3793103448275862,CONTINUATION,104150,92575,10528,-2.0,2.0,0.3333333333333333,0.004462527890799317,68.0,pdh_sweep,-182.0,0.2689075630252101,182.0,2025-12-05,0.6666666666666667
242.64077669902912,2808.0,3440.0,21.77777777777778,1.183673469387755,25.77777777777778,0.42857142857142855,0.5420560747663551,0.44,0.49056603773584906,NQ|NQZ5|PDL|2025-12-08|1765209360,1146.6666666666667,1765209420,1765209399,True,0.42857142857142855,0.5420560747663551,0.44,0.49056603773584906,REVERSAL,66832,25048,3938,1.0,1.0,1.0,0.004121318822023047,25.75,pdl_sweep,-632.0,0.5420560747663551,-632.0,2025-12-08,0.0
245.94736842105263,8818.0,9874.0,18.22222222222222,1.3414634146341464,24.444444444444443,0.75,0.5729166666666666,0.5909090909090909,0.5652173913043478,NQ|NQZ5|PDL|2025-12-09|1765290660,3291.3333333333335,1765290720,1765290691,True,0.75,0.5729166666666666,0.5909090909090909,0.5652173913043478,REVERSAL,213727,73112,12812,1.0,1.0,0.75,0.004065910549967901,76.0,pdl_sweep,-1056.0,0.5729166666666666,-1056.0,2025-12-09,0.25
249.77777777777777,4354.0,5200.0,25.333333333333332,0.8947368421052633,22.666666666666668,0.2,0.4722222222222222,0.36666666666666664,0.39215686274509803,NQ|NQZ5|PDL|2025-12-10|1765382100,5200.0,1765382160,1765382115,True,0.2,0.4722222222222222,0.36666666666666664,0.39215686274509803,REVERSAL,99697,43694,6016,-5.0,-5.0,0.25,0.00400355871886121,38.25,pdl_sweep,-846.0,0.47222222222222227,-846.0,2025-12-10,0.75
150.57777777777778,5768.0,6090.0,18.22222222222222,0.7073170731707318,12.88888888888889,0.5,0.4142857142857143,0.5833333333333334,0.4583333333333333,NQ|NQZ5|PDH|2025-12-10|1765393620,5768.0,1765393680,1765393636,True,0.5,0.5857142857142856,0.41666666666666663,0.5416666666666667,REVERSAL,117605,48319,7860,-1.0,1.0,0.5,0.006641086186540732,78.75,pdh_sweep,322.0,0.5857142857142857,-322.0,2025-12-10,0.5
271.719298245614,5378.0,6238.0,23.555555555555557,1.2452830188679245,29.333333333333332,0.8461538461538461,0.5546218487394958,0.6666666666666666,0.5714285714285714,NQ|NQZ5|PDL|2025-12-11|1765464420,567.0909090909091,1765464480,1765464461,True,0.8461538461538461,0.5546218487394958,0.6666666666666666,0.5714285714285714,AMBIGUOUS,164773,71904,8160,11.0,11.0,5.5,0.003680268595041322,42.75,pdl_sweep,-860.0,0.5546218487394958,-860.0,2025-12-11,0.0
213.29577464788733,5066.0,6292.0,18.666666666666668,1.4047619047619047,26.22222222222222,0.6666666666666666,0.5841584158415841,0.6071428571428571,0.56,NQ|NQZ5|PDL|2025-12-12|1765553040,1573.0,1765553100,1765553075,True,0.6666666666666666,0.5841584158415841,0.6071428571428571,0.56,CONTINUATION,120486,76779,6926,3.0,3.0,2.0,0.004688325409403064,53.25,pdl_sweep,-1226.0,0.5841584158415842,-1226.0,2025-12-12,0.0
64.35,1868.0,3280.0,12.444444444444445,0.8571428571428571,10.666666666666666,0.6666666666666666,0.46153846153846156,0.4666666666666667,0.44,NQ|NQZ5|PDL|2025-12-15|1765812240,1640.0,1765812300,1765812251,True,0.6666666666666666,0.46153846153846156,0.4666666666666667,0.44,CONTINUATION,94882,54482,3826,1.0,1.0,2.0,0.01554001554001554,80.0,pdl_sweep,-1412.0,0.4615384615384615,-1412.0,2025-12-15,0.0
353.89162561576353,9026.0,8934.0,18.22222222222222,0.9512195121951219,17.333333333333332,0.25,0.4875,0.45,0.48717948717948717,NQ|NQH6|PDH|2025-12-17|1765981860,3008.6666666666665,1765981920,1765981904,True,0.75,0.5125,0.55,0.5128205128205128,REVERSAL,235384,108957,13022,2.0,-2.0,1.5,0.0028257238307349665,50.75,pdh_sweep,-92.0,0.5125,92.0,2025-12-17,0.0
220.41860465116278,4576.0,4902.0,15.555555555555555,2.5714285714285716,40.0,0.3333333333333333,0.72,0.45,0.75,NQ|NQH6|PDL|2025-12-17|1765986120,2451.0,1765986180,1765986131,True,0.3333333333333333,0.72,0.45,0.75,CONTINUATION,132938,75714,6580,2.0,2.0,2.0,0.00453682211437012,43.0,pdl_sweep,-326.0,0.72,-326.0,2025-12-17,0.0
314.53061224489795,12118.0,11000.0,21.333333333333332,0.8750000000000001,18.666666666666668,0.75,0.4666666666666667,0.5789473684210527,0.475,NQ|NQH6|PDH|2025-12-19|1766154660,12118.0,1766154720,1766154666,True,0.25,0.5333333333333333,0.42105263157894735,0.525,CONTINUATION,213583,97320,15482,-2.0,2.0,0.5,0.0031793407734233064,73.5,pdh_sweep,-1118.0,0.5333333333333333,1118.0,2025-12-19,0.5
350.06451612903226,5330.0,5522.0,23.11111111111111,1.1153846153846154,25.77777777777778,0.5,0.5272727272727272,0.5,0.5,NQ|NQH6|PDH|2025-12-22|1766413800,5330.0,1766413860,1766413740,True,0.5,0.4727272727272728,0.5,0.5,NEITHER,109224,84738,7428,3.0,-3.0,1.0,0.002856616291927755,31.0,pdh_sweep,192.0,0.4727272727272728,-192.0,2025-12-22,0.0
288.42105263157896,858.0,512.0,57.77777777777778,0.8384615384615384,48.44444444444444,0.5333333333333333,0.4560669456066946,0.5,0.4895833333333333,NQ|NQH6|PDH|2025-12-23|1766519640,122.57142857142857,1766519700,1766519695,True,0.4666666666666667,0.5439330543933054,0.5,0.5104166666666667,NEITHER,11574,8390,884,-2.0,2.0,3.5,0.003467153284671533,4.75,pdh_sweep,-346.0,0.5439330543933054,346.0,2025-12-23,0.0
206.6046511627907,4412.0,4472.0,17.333333333333332,1.0256410256410258,17.77777777777778,0.75,0.5063291139240507,0.5789473684210527,0.5142857142857142,NQ|NQH6|PDH|2025-12-24|1766586600,4412.0,1766586660,1766586622,True,0.25,0.49367088607594933,0.42105263157894735,0.48571428571428577,REVERSAL,73406,54827,6298,-3.0,3.0,0.3333333333333333,0.004840162089149032,43.0,pdh_sweep,60.0,0.4936708860759493,-60.0,2025-12-24,0.6666666666666667
176.7683615819209,3476.0,4346.0,16.444444444444443,1.1351351351351353,18.666666666666668,0.5,0.5316455696202531,0.5454545454545454,0.55,NQ|NQH6|PDH|2025-12-26|1766759400,1158.6666666666667,1766759460,1766759340,True,0.5,0.4683544303797469,0.4545454545454546,0.44999999999999996,REVERSAL,70237,58484,5294,1.0,-1.0,1.5,0.005657120940935822,44.25,pdh_sweep,870.0,0.4683544303797467,-870.0,2025-12-26,0.0
235.340206185567,6086.0,5328.0,19.555555555555557,0.9318181818181817,18.22222222222222,0.5,0.4823529411764706,0.52,0.4883720930232558,NQ|NQH6|PDL|2025-12-29|1767018600,2664.0,1767018660,1767018540,True,0.5,0.4823529411764706,0.52,0.4883720930232558,NEITHER,97566,83319,8284,0.0,0.0,2.0,0.004249167688803224,48.5,pdl_sweep,758.0,0.48235294117647054,758.0,2025-12-29,0.0
294.5742574257426,3722.0,3716.0,21.77777777777778,0.9387755102040816,20.444444444444443,0.2,0.4842105263157895,0.36363636363636365,0.4,NQ|NQH6|PDL|2025-12-31|1767191400,3716.0,1767191460,1767191400,True,0.2,0.4842105263157895,0.36363636363636365,0.4,REVERSAL,76366,56887,5140,-4.0,-4.0,0.5,0.0033947297660661467,25.25,pdl_sweep,6.0,0.4842105263157894,6.0,2025-12-31,0.5
262.79611650485435,7000.0,6534.0,25.333333333333332,0.9298245614035089,23.555555555555557,0.375,0.4818181818181818,0.48,0.4888888888888889,NQ|NQH6|PDH|2026-01-02|1767364200,1400.0,1767364260,1767364159,True,0.625,0.5181818181818182,0.52,0.5111111111111111,REVERSAL,115052,86735,9194,3.0,-3.0,2.5,0.003805231269395596,51.5,pdh_sweep,-466.0,0.5181818181818182,466.0,2026-01-02,0.0
160.48745519713262,5472.0,5722.0,20.444444444444443,1.108695652173913,22.666666666666668,0.3333333333333333,0.5257731958762887,0.4444444444444444,0.48717948717948717,NQ|NQH6|PDL|2026-01-02|1767369120,5722.0,1767369180,1767369128,True,0.3333333333333333,0.5257731958762887,0.4444444444444444,0.48717948717948717,REVERSAL,126599,68919,7076,-3.0,-3.0,0.25,0.006231016616044309,69.75,pdl_sweep,-250.0,0.5257731958762887,-250.0,2026-01-02,0.75
319.57894736842104,5610.0,5016.0,24.444444444444443,0.7818181818181819,19.11111111111111,0.3333333333333333,0.4387755102040816,0.5,0.5,NQ|NQH6|PDH|2026-01-06|1767710820,1402.5,1767710880,1767710853,True,0.6666666666666667,0.5612244897959184,0.5,0.5,REVERSAL,116661,61362,7344,3.0,-3.0,2.0,0.003129117259552042,33.25,pdh_sweep,-594.0,0.5612244897959183,594.0,2026-01-06,0.0
317.7142857142857,3522.0,3150.0,31.555555555555557,0.8169014084507042,25.77777777777778,0.4,0.4496124031007752,0.34146341463414637,0.4,NQ|NQH6|PDH|2026-01-07|1767796800,1174.0,1767796860,1767796800,True,0.6,0.5503875968992248,0.6585365853658536,0.6,AMBIGUOUS,100367,58950,4756,2.0,-2.0,1.0,0.003147482014388489,21.0,pdh_sweep,-372.0,0.5503875968992248,372.0,2026-01-07,0.0
286.5739130434783,8178.0,8300.0,20.88888888888889,1.0,20.88888888888889,0.6,0.5,0.5,0.47368421052631576,NQ|NQH6|PDL|2026-01-08|1767882600,2766.6666666666665,1767882660,1767882632,True,0.6,0.5,0.5,0.47368421052631576,CONTINUATION,145869,106342,11364,-1.0,-1.0,1.0,0.003489501153052555,57.5,pdl_sweep,-122.0,0.5,-122.0,2026-01-08,0.0
381.48148148148147,3048.0,2102.0,36.0,1.0370370370370372,37.333333333333336,0.3333333333333333,0.509090909090909,0.4,0.44594594594594594,NQ|NQH6|PDH|2026-01-12|1768241100,381.0,1768241160,1768241115,True,0.6666666666666667,0.49090909090909096,0.6,0.5540540540540541,NEITHER,34648,14109,2486,5.0,-5.0,1.6,0.002621359223300971,13.5,pdh_sweep,-946.0,0.49090909090909085,946.0,2026-01-12,0.0
446.56115107913666,7708.0,7810.0,16.88888888888889,0.7631578947368421,12.88888888888889,0.5714285714285714,0.43283582089552236,0.47368421052631576,0.5142857142857142,NQ|NQH6|PDL|2026-01-14|1768401000,1952.5,1768401060,1768400940,True,0.5714285714285714,0.43283582089552236,0.47368421052631576,0.5142857142857142,CONTINUATION,150893,124953,11042,1.0,1.0,4.0,0.0022393349658461144,34.75,pdl_sweep,-102.0,0.4328358208955224,-102.0,2026-01-14,0.0
363.4027149321267,9554.0,10524.0,28.88888888888889,0.7230769230769231,20.88888888888889,0.3333333333333333,0.41964285714285715,0.3333333333333333,0.39473684210526316,NQ|NQH6|PDH|2026-01-15|1768487400,4777.0,1768487460,1768487340,True,0.6666666666666667,0.5803571428571428,0.6666666666666667,0.6052631578947368,NEITHER,155713,123772,13656,1.0,-1.0,2.0,0.002751768104392868,55.25,pdh_sweep,970.0,0.5803571428571429,-970.0,2026-01-15,0.0
230.66666666666666,4732.0,6686.0,28.0,0.888888888888889,24.88888888888889,0.42857142857142855,0.47058823529411764,0.45454545454545453,0.4838709677419355,NQ|NQH6|PDL|2026-01-16|1768576740,2228.6666666666665,1768576800,1768576770,True,0.42857142857142855,0.47058823529411764,0.45454545454545453,0.4838709677419355,REVERSAL,110424,51595,7104,-2.0,-2.0,1.5,0.004335260115606936,49.5,pdl_sweep,-1954.0,0.4705882352941177,-1954.0,2026-01-16,0.0
254.6448087431694,12772.0,10528.0,11.11111111111111,1.44,16.0,0.6666666666666666,0.5901639344262295,0.6153846153846154,0.6363636363636364,NQ|NQH6|PDL|2026-01-20|1768919400,5264.0,1768919460,1768919340,True,0.6666666666666666,0.5901639344262295,0.6153846153846154,0.6363636363636364,NEITHER,179494,137683,16326,0.0,0.0,0.6666666666666666,0.003927038626609442,91.5,pdl_sweep,2244.0,0.5901639344262295,2244.0,2026-01-20,0.33333333333333337
246.26666666666668,3792.0,3596.0,25.77777777777778,0.8620689655172413,22.22222222222222,0.25,0.46296296296296297,0.5555555555555556,0.48214285714285715,NQ|NQH6|PDH|2026-01-21|1769009700,1264.0,1769009760,1769009753,True,0.75,0.537037037037037,0.4444444444444444,0.5178571428571428,NEITHER,74908,42556,4692,-0.0,0.0,0.75,0.004060638873849486,30.0,pdh_sweep,-196.0,0.5370370370370371,196.0,2026-01-21,0.25
258.17241379310343,7206.0,7768.0,19.555555555555557,0.9545454545454545,18.666666666666668,0.5714285714285714,0.4883720930232558,0.4375,0.45714285714285713,NQ|NQH6|PDH|2026-01-22|1769092200,2402.0,1769092260,1769092140,True,0.4285714285714286,0.5116279069767442,0.5625,0.5428571428571429,NEITHER,135716,104566,10554,-1.0,1.0,3.0,0.003873380526245492,58.0,pdh_sweep,562.0,0.5116279069767441,-562.0,2026-01-22,0.0
272.84444444444443,6708.0,5570.0,26.22222222222222,0.9322033898305084,24.444444444444443,0.6,0.4824561403508772,0.5652173913043478,0.49019607843137253,NQ|NQH6|PDH|2026-01-23|1769181720,3354.0,1769181780,1769181729,True,0.4,0.5175438596491229,0.4347826086956522,0.5098039215686274,NEITHER,114833,43997,7332,-3.0,3.0,0.5,0.0036650920345333115,45.0,pdh_sweep,-1138.0,0.5175438596491229,1138.0,2026-01-23,0.5
224.8495575221239,3504.0,2848.0,54.666666666666664,0.6097560975609757,33.333333333333336,0.8333333333333334,0.3787878787878788,0.5135135135135135,0.5,NQ|NQH6|PDH|2026-01-26|1769439420,3504.0,1769439480,1769439443,True,0.16666666666666663,0.6212121212121212,0.4864864864864865,0.5,REVERSAL,79012,48701,3954,-3.0,3.0,1.0,0.004447418136020151,28.25,pdh_sweep,-656.0,0.6212121212121212,656.0,2026-01-26,0.0
360.1304347826087,7804.0,8762.0,21.77777777777778,1.0408163265306123,22.666666666666668,0.6,0.51,0.5833333333333334,0.5227272727272727,NQ|NQH6|PDH|2026-01-27|1769524200,3902.0,1769524260,1769524140,True,0.4,0.49,0.41666666666666663,0.4772727272727273,CONTINUATION,133779,101261,11438,-2.0,2.0,1.0,0.00277677170107449,46.0,pdh_sweep,958.0,0.49000000000000005,-958.0,2026-01-27,0.0
379.8709677419355,7110.0,7610.0,24.444444444444443,1.0181818181818183,24.88888888888889,0.3333333333333333,0.5045045045045045,0.4444444444444444,0.4444444444444444,NQ|NQH6|PDH|2026-01-28|1769610600,1777.5,1769610660,1769610540,True,0.6666666666666667,0.49549549549549554,0.5555555555555556,0.5555555555555556,CONTINUATION,147537,93256,10488,-0.0,0.0,1.3333333333333333,0.0026324728260869565,38.75,pdh_sweep,500.0,0.4954954954954955,-500.0,2026-01-28,0.0
274.5934065934066,5808.0,6686.0,15.555555555555555,1.3714285714285714,21.333333333333332,0.3333333333333333,0.5783132530120482,0.5333333333333333,0.6052631578947368,NQ|NQH6|PDL|2026-01-29|1769697240,6686.0,1769697300,1769697249,True,0.3333333333333333,0.5783132530120482,0.5333333333333333,0.6052631578947368,AMBIGUOUS,160914,85692,8802,0.0,0.0,0.5,0.003641748039058748,45.5,pdl_sweep,-878.0,0.5783132530120482,-878.0,2026-01-29,0.5
174.45283018867926,10270.0,8222.0,16.88888888888889,1.131578947368421,19.11111111111111,0.6666666666666666,0.5308641975308642,0.5454545454545454,0.5238095238095238,NQ|NQH6|PDL|2026-02-02|1770042600,1370.3333333333333,1770042660,1770042540,True,0.6666666666666666,0.5308641975308642,0.5454545454545454,0.5238095238095238,REVERSAL,155348,138552,13026,4.0,4.0,6.0,0.005732208522604369,106.0,pdl_sweep,2048.0,0.5308641975308642,2048.0,2026-02-02,0.0
276.3076923076923,1994.0,1598.0,35.55555555555556,1.05,37.333333333333336,0.6666666666666666,0.5121951219512195,0.627906976744186,0.5844155844155844,NQ|NQH6|PDH|2026-02-02|1770054960,664.6666666666666,1770055020,1770054963,True,0.33333333333333337,0.4878048780487805,0.37209302325581395,0.4155844155844156,REVERSAL,39580,14930,2038,-6.0,6.0,0.6,0.003619153674832962,13.0,pdh_sweep,-396.0,0.48780487804878053,396.0,2026-02-02,0.4
304.875,7350.0,7284.0,22.22222222222222,0.96,21.333333333333332,0.5,0.4897959183673469,0.5454545454545454,0.5238095238095238,NQ|NQH6|PDH|2026-02-03|1770129000,3675.0,1770129060,1770129050,True,0.5,0.5102040816326531,0.4545454545454546,0.47619047619047616,REVERSAL,147117,128982,10722,-0.0,0.0,2.0,0.003280032800328003,48.0,pdh_sweep,-66.0,0.5102040816326531,66.0,2026-02-03,0.0
284.73372781065086,5836.0,6194.0,15.11111111111111,1.2647058823529411,19.11111111111111,0.5,0.5584415584415584,0.5454545454545454,0.5833333333333334,NQ|NQH6|PDL|2026-02-03|1770131580,3097.0,1770131640,1770131587,True,0.5,0.5584415584415584,0.5454545454545454,0.5833333333333334,REVERSAL,173692,80565,8370,-1.0,-1.0,0.6666666666666666,0.003512053200332502,42.25,pdl_sweep,-358.0,0.5584415584415584,-358.0,2026-02-03,0.33333333333333337
150.68702290076337,4600.0,5270.0,11.2,0.7500000000000001,8.4,0.2857142857142857,0.42857142857142855,0.35714285714285715,0.36363636363636365,NQ|NQH6|PDL|2026-02-04|1770217080,2635.0,1770217140,1770217084,True,0.2857142857142857,0.42857142857142855,0.35714285714285715,0.36363636363636365,CONTINUATION,109442,30330,6674,-3.0,-3.0,2.0,0.0066362715298885515,65.5,pdl_sweep,-670.0,0.42857142857142855,-670.0,2026-02-04,0.0
227.0681818181818,10088.0,9894.0,10.222222222222221,1.0434782608695652,10.666666666666666,0.3333333333333333,0.5106382978723404,0.5,0.5,NQ|NQH6|PDL|2026-02-05|1770301800,9894.0,1770301860,1770301740,True,0.3333333333333333,0.5106382978723404,0.5,0.5,CONTINUATION,217449,157199,15440,0.0,0.0,0.5,0.00440396356721049,88.0,pdl_sweep,194.0,0.5106382978723405,194.0,2026-02-05,0.5
164.9328063241107,5690.0,4742.0,14.222222222222221,1.125,16.0,0.6,0.5294117647058824,0.625,0.5714285714285714,NQ|NQH6|PDH|2026-02-06|1770389460,2845.0,1770389520,1770389481,True,0.4,0.47058823529411764,0.375,0.4285714285714286,REVERSAL,134512,60551,7142,-2.0,2.0,0.6666666666666666,0.006063075153374233,63.25,pdh_sweep,-948.0,0.47058823529411764,948.0,2026-02-06,0.33333333333333337
156.05405405405406,3222.0,2552.0,17.77777777777778,1.05,18.666666666666668,0.3333333333333333,0.5121951219512195,0.5789473684210527,0.5609756097560976,NQ|NQH6|PDH|2026-02-09|1770650100,1611.0,1770650160,1770650121,True,0.6666666666666667,0.4878048780487805,0.42105263157894735,0.4390243902439024,NEITHER,78988,35161,4074,2.0,-2.0,2.0,0.006408036023553862,37.0,pdh_sweep,-670.0,0.48780487804878053,670.0,2026-02-09,0.0
180.84615384615384,5424.0,3980.0,18.22222222222222,1.048780487804878,19.11111111111111,0.5,0.5119047619047619,0.42857142857142855,0.4358974358974359,NQ|NQH6|PDH|2026-02-10|1770735960,2712.0,1770736020,1770735998,True,0.5,0.48809523809523814,0.5714285714285714,0.5641025641025641,NEITHER,100494,44017,6074,-1.0,1.0,0.6666666666666666,0.00552956188855806,52.0,pdh_sweep,-1444.0,0.48809523809523814,1444.0,2026-02-10,0.33333333333333337
200.52380952380952,3640.0,4782.0,23.555555555555557,0.8679245283018867,20.444444444444443,0.4,0.46464646464646464,0.44,0.4583333333333333,NQ|NQH6|PDL|2026-02-12|1770911640,2391.0,1770911700,1770911681,True,0.4,0.46464646464646464,0.44,0.4583333333333333,CONTINUATION,92596,56188,5092,1.0,1.0,2.0,0.004986938969365947,42.0,pdl_sweep,-1142.0,0.4646464646464646,-1142.0,2026-02-12,0.0
122.24884792626727,5848.0,7416.0,16.0,0.7222222222222222,11.555555555555555,0.6666666666666666,0.41935483870967744,0.5384615384615384,0.46153846153846156,NQ|NQH6|PDL|2026-02-17|1771339800,3708.0,1771339860,1771339840,True,0.6666666666666666,0.41935483870967744,0.5384615384615384,0.46153846153846156,AMBIGUOUS,206489,92708,9382,0.0,0.0,1.0,0.008180036188178528,108.5,pdl_sweep,-1568.0,0.4193548387096774,-1568.0,2026-02-17,0.0
161.46875,6162.0,4172.0,17.333333333333332,1.1025641025641026,19.11111111111111,0.75,0.524390243902439,0.6111111111111112,0.5,NQ|NQH6|PDH|2026-02-18|1771426440,6162.0,1771426500,1771426489,True,0.25,0.47560975609756095,0.38888888888888884,0.5,AMBIGUOUS,143560,66174,6560,-3.0,3.0,0.3333333333333333,0.0061931488291078,64.0,pdh_sweep,-1990.0,0.47560975609756095,1990.0,2026-02-18,0.6666666666666667
148.10666666666665,2550.0,3004.0,17.77777777777778,1.2999999999999998,23.11111111111111,0.5,0.5652173913043478,0.6666666666666666,0.6052631578947368,NQ|NQH6|PDL|2026-02-19|1771525200,1502.0,1771525260,1771525212,True,0.5,0.5652173913043478,0.6666666666666666,0.6052631578947368,REVERSAL,72994,29233,3708,0.0,0.0,0.6666666666666666,0.006751890529348217,37.5,pdl_sweep,-454.0,0.5652173913043479,-454.0,2026-02-19,0.33333333333333337
271.37931034482756,8040.0,7700.0,16.444444444444443,0.918918918918919,15.11111111111111,0.6666666666666666,0.4788732394366197,0.5263157894736842,0.53125,NQ|NQH6|PDL|2026-02-20|1771597800,1925.0,1771597860,1771597740,True,0.6666666666666666,0.4788732394366197,0.5263157894736842,0.53125,REVERSAL,159578,113030,12236,3.0,3.0,4.0,0.003684879288437103,58.0,pdl_sweep,340.0,0.47887323943661975,340.0,2026-02-20,0.0
118.39374185136897,12888.0,9814.0,9.142857142857142,0.23863636363636362,2.1818181818181817,0.4,0.2727272727272727,0.38461538461538464,0.35,NQ|NQH6|PDH|2026-02-20|1771599660,4296.0,1771599720,1771599671,True,0.6,0.7272727272727273,0.6153846153846154,0.65,REVERSAL,118861,80832,15440,1.0,-1.0,1.5,0.00844639238833583,191.75,pdh_sweep,-3074.0,0.8073394495412844,3074.0,2026-02-20,0.0
316.8659793814433,3552.0,4132.0,22.22222222222222,0.78,17.333333333333332,0.3333333333333333,0.43820224719101125,0.4117647058823529,0.48484848484848486,NQ|NQH6|PDL|2026-02-23|1771862880,4132.0,1771862940,1771862909,True,0.3333333333333333,0.43820224719101125,0.4117647058823529,0.48484848484848486,REVERSAL,109861,48133,4862,-1.0,-1.0,0.3333333333333333,0.0031559083810515356,24.25,pdl_sweep,-580.0,0.4382022471910112,-580.0,2026-02-23,0.6666666666666667
223.12727272727273,3756.0,2380.0,30.22222222222222,1.0441176470588236,31.555555555555557,0.8333333333333334,0.5107913669064749,0.6129032258064516,0.6296296296296297,NQ|NQH6|PDH|2026-02-24|1771949580,3756.0,1771949640,1771949593,True,0.16666666666666663,0.48920863309352514,0.3870967741935484,0.37037037037037035,REVERSAL,79270,33380,3856,-3.0,3.0,1.0,0.004481747066492829,27.5,pdh_sweep,-1376.0,0.48920863309352514,1376.0,2026-02-24,0.0
220.56338028169014,8826.0,6834.0,15.555555555555555,1.2571428571428573,19.555555555555557,0.3333333333333333,0.5569620253164557,0.38461538461538464,0.5,NQ|NQH6|PDH|2026-02-25|1772029800,4413.0,1772029860,1772029740,True,0.6666666666666667,0.44303797468354433,0.6153846153846154,0.5,CONTINUATION,119225,82077,10860,-0.0,0.0,1.0,0.004533844189016603,71.0,pdh_sweep,-1992.0,0.4430379746835443,1992.0,2026-02-25,0.0
212.44444444444446,7602.0,8650.0,17.77777777777778,0.8999999999999999,16.0,0.5,0.47368421052631576,0.5294117647058824,0.46875,NQ|NQH6|PDL|2026-02-26|1772118060,8650.0,1772118120,1772118078,True,0.5,0.47368421052631576,0.5294117647058824,0.46875,REVERSAL,134714,58590,10848,-2.0,-2.0,0.3333333333333333,0.004707112970711297,76.5,pdl_sweep,-1048.0,0.47368421052631576,-1048.0,2026-02-26,0.6666666666666667
220.7698113207547,7396.0,7230.0,8.0,1.2,9.6,0.5,0.5454545454545454,0.4444444444444444,0.5333333333333333,NQ|NQH6|PDL|2026-02-27|1772202600,7230.0,1772202660,1772202540,True,0.5,0.5454545454545454,0.4444444444444444,0.5333333333333333,REVERSAL,136075,95551,11438,0.0,0.0,1.0,0.004529604813346096,66.25,pdl_sweep,166.0,0.5454545454545454,166.0,2026-02-27,0.0
156.95956873315365,7436.0,7122.0,6.181818181818182,1.2941176470588236,8.0,0.5,0.5142857142857142,0.5,0.4666666666666667,NQ|NQH6|PDL|2026-03-02|1772461800,7122.0,1772461860,1772461740,True,0.5,0.5142857142857142,0.5,0.4666666666666667,REVERSAL,137182,107465,12120,1.0,1.0,1.0,0.006371067454320648,92.75,pdl_sweep,314.0,0.5641025641025641,314.0,2026-03-02,0.0
278.5882352941176,3544.0,3560.0,18.22222222222222,1.170731707317073,21.333333333333332,0.5,0.5393258426966292,0.5909090909090909,0.65,NQ|NQH6|PDH|2026-03-02|1772470020,3544.0,1772470080,1772470051,True,0.5,0.4606741573033708,0.40909090909090906,0.35,REVERSAL,68864,37663,4138,-1.0,1.0,0.3333333333333333,0.0035895270270270272,25.5,pdh_sweep,16.0,0.46067415730337075,-16.0,2026-03-02,0.6666666666666667
146.6350710900474,8752.0,6718.0,8.4,0.753968253968254,6.333333333333333,0.5,0.475,0.375,0.3684210526315789,NQ|NQH6|PDL|2026-03-03|1772548200,6718.0,1772548260,1772548140,True,0.5,0.475,0.375,0.3684210526315789,REVERSAL,120090,105756,12202,0.0,0.0,1.0,0.006819650937297996,105.5,pdl_sweep,2034.0,0.42986425339366513,2034.0,2026-03-03,0.0
143.4418604651163,8918.0,8044.0,8.444444444444445,0.8684210526315789,7.333333333333333,0.5,0.5365853658536586,0.625,0.47058823529411764,NQ|NQH6|PDH|2026-03-04|1772634600,8918.0,1772634660,1772634540,True,0.5,0.46341463414634143,0.375,0.5294117647058824,CONTINUATION,138029,104799,14082,1.0,-1.0,1.0,0.006971465629053178,118.25,pdh_sweep,-874.0,0.5352112676056338,874.0,2026-03-04,0.0
155.8125,2604.0,2382.0,10.8,1.0699588477366255,11.555555555555555,0.3333333333333333,0.49056603773584906,0.5384615384615384,0.47368421052631576,NQ|NQH6|PDL|2026-03-05|1772732880,2382.0,1772732940,1772732903,True,0.3333333333333333,0.49056603773584906,0.5384615384615384,0.47368421052631576,REVERSAL,74316,37738,3406,-1.0,-1.0,0.5,0.006417970316887284,32.0,pdl_sweep,222.0,0.5168986083499006,222.0,2026-03-05,0.5
154.90384615384616,9112.0,6998.0,9.090909090909092,1.0999999999999999,10.0,0.5,0.5,0.38461538461538464,0.34782608695652173,NQ|NQH6|PDL|2026-03-09|1773063000,6998.0,1773063060,1773062940,True,0.5,0.5,0.38461538461538464,0.34782608695652173,NEITHER,138716,99025,12344,0.0,0.0,1.0,0.0064556176288019865,104.0,pdl_sweep,2114.0,0.5238095238095237,2114.0,2026-03-09,0.0
115.72789115646259,4598.0,3908.0,8.88888888888889,1.15,10.222222222222221,0.5,0.5348837209302325,0.5714285714285714,0.5384615384615384,NQ|NQH6|PDH|2026-03-09|1773084420,4598.0,1773084480,1773084464,True,0.5,0.4651162790697675,0.4285714285714286,0.46153846153846156,AMBIGUOUS,113207,56181,6156,-0.0,0.0,1.0,0.008640959322830943,73.5,pdh_sweep,-690.0,0.4651162790697675,690.0,2026-03-09,0.0
158.1818181818182,6884.0,6166.0,10.666666666666666,1.2083333333333335,12.88888888888889,0.8333333333333334,0.5471698113207547,0.7333333333333333,0.6666666666666666,NQ|NQH6|PDH|2026-03-10|1773149400,6884.0,1773149460,1773149437,True,0.16666666666666663,0.4528301886792453,0.2666666666666667,0.33333333333333337,REVERSAL,137049,86922,10500,-4.0,4.0,1.0,0.00632183908045977,82.5,pdh_sweep,-718.0,0.45283018867924524,718.0,2026-03-10,0.0
250.17021276595744,5884.0,5874.0,14.666666666666666,0.6060606060606061,8.88888888888889,0.25,0.37735849056603776,0.46153846153846156,0.4,NQ|NQH6|PDL|2026-03-12|1773322200,5874.0,1773322260,1773322140,True,0.25,0.37735849056603776,0.46153846153846156,0.4,CONTINUATION,111351,77265,9246,-2.0,-2.0,1.0,0.003997278448715768,47.0,pdl_sweep,10.0,0.3773584905660377,10.0,2026-03-12,0.0
240.42748091603053,3410.0,4464.0,10.0,1.288888888888889,12.88888888888889,0.6666666666666666,0.5370370370370371,0.5555555555555556,0.5714285714285714,NQ|NQH6|PDL|2026-03-13|1773413580,2232.0,1773413640,1773413621,True,0.6666666666666666,0.5370370370370371,0.5555555555555556,0.5714285714285714,REVERSAL,99784,42289,5472,4.0,4.0,2.0,0.004159258318516637,32.75,pdl_sweep,-1054.0,0.5631067961165048,-1054.0,2026-03-13,0.0
82.7645788336933,5324.0,4256.0,15.555555555555555,0.4441558441558442,6.909090909090909,0.5,0.35185185185185186,0.3333333333333333,0.43478260869565216,NQ|NQH6|PDH|2026-03-16|1773688200,5324.0,1773688260,1773688202,True,0.5,0.6481481481481481,0.6666666666666667,0.5652173913043479,REVERSAL,141883,61847,6562,-1.0,1.0,0.3333333333333333,0.012082463465553236,115.75,pdh_sweep,-1068.0,0.6924460431654677,1068.0,2026-03-16,0.6666666666666667
154.73548387096776,6720.0,5272.0,15.555555555555555,1.2571428571428573,19.555555555555557,0.6666666666666666,0.5569620253164557,0.5625,0.5161290322580645,NQ|NQM6|PDH|2026-03-17|1773754320,6720.0,1773754380,1773754342,True,0.33333333333333337,0.44303797468354433,0.4375,0.4838709677419355,CONTINUATION,148530,56905,9264,-1.0,1.0,0.5,0.006462641761174116,77.5,pdh_sweep,-1448.0,0.4430379746835443,1448.0,2026-03-17,0.5
294.6424242424242,6148.0,6006.0,14.222222222222221,0.9687500000000001,13.777777777777779,0.5,0.49206349206349204,0.5,0.41379310344827586,NQ|NQM6|PDL|2026-03-18|1773840600,6006.0,1773840660,1773840540,True,0.5,0.49206349206349204,0.5,0.41379310344827586,CONTINUATION,128683,87937,9352,2.0,2.0,1.0,0.0033939443804508803,41.25,pdl_sweep,142.0,0.4920634920634921,142.0,2026-03-18,0.0
146.1505376344086,8182.0,8808.0,5.0,2.577777777777778,12.88888888888889,0.6666666666666666,0.6590909090909091,0.6153846153846154,0.6,NQ|NQM6|PDL|2026-03-19|1773927000,4404.0,1773927060,1773926940,True,0.6666666666666666,0.6590909090909091,0.6153846153846154,0.6,NEITHER,164514,97409,13140,0.0,0.0,1.0,0.006842260153031195,116.25,pdl_sweep,-626.0,0.7204968944099379,-626.0,2026-03-19,0.0
135.3913043478261,2646.0,3582.0,18.22222222222222,1.121951219512195,20.444444444444443,0.3333333333333333,0.5287356321839081,0.7272727272727273,0.6511627906976745,NQ|NQM6|PDL|2026-03-20|1774014960,3582.0,1774015020,1774015011,True,0.3333333333333333,0.5287356321839081,0.7272727272727273,0.6511627906976745,CONTINUATION,94421,41486,4678,0.0,0.0,1.0,0.007385998715478484,46.0,pdl_sweep,-936.0,0.5287356321839081,-936.0,2026-03-20,0.0
175.9047619047619,7348.0,7428.0,10.666666666666666,0.7875000000000001,8.4,0.5,0.4666666666666667,0.5714285714285714,0.6,NQ|NQM6|PDH|2026-03-23|1774272600,7348.0,1774272660,1774272540,True,0.5,0.5333333333333333,0.4285714285714286,0.4,REVERSAL,140802,91777,11762,-0.0,0.0,1.0,0.00568489442338928,84.0,pdh_sweep,80.0,0.5594405594405594,-80.0,2026-03-23,0.0
201.9655172413793,5950.0,5764.0,13.777777777777779,1.193548387096774,16.444444444444443,0.5,0.5441176470588235,0.5294117647058824,0.5333333333333333,NQ|NQM6|PDL|2026-03-24|1774359000,5764.0,1774359060,1774358940,True,0.5,0.5441176470588235,0.5294117647058824,0.5333333333333333,REVERSAL,144041,88388,9350,0.0,0.0,1.0,0.004951340276592112,58.0,pdl_sweep,186.0,0.5441176470588235,186.0,2026-03-24,0.0
225.24444444444444,5170.0,4966.0,10.8,1.02880658436214,11.11111111111111,0.5,0.4807692307692308,0.5,0.45,NQ|NQM6|PDH|2026-03-25|1774445400,5170.0,1774445460,1774445340,True,0.5,0.5192307692307692,0.5,0.55,NEITHER,87236,55260,7792,-0.0,0.0,1.0,0.004439621152328334,45.0,pdh_sweep,-204.0,0.4929006085192698,204.0,2026-03-25,0.0
179.53846153846155,5468.0,6202.0,13.777777777777779,0.8064516129032258,11.11111111111111,0.5,0.44642857142857145,0.45454545454545453,0.5,NQ|NQM6|PDL|2026-03-26|1774531800,6202.0,1774531860,1774531740,True,0.5,0.44642857142857145,0.45454545454545453,0.5,NEITHER,106812,64761,8734,0.0,0.0,1.0,0.005569837189374464,65.0,pdl_sweep,-734.0,0.4464285714285714,-734.0,2026-03-26,0.0
298.45255474452557,5268.0,4954.0,20.0,0.711111111111111,14.222222222222221,0.16666666666666666,0.4155844155844156,0.2777777777777778,0.35294117647058826,NQ|NQM6|PDL|2026-03-27|1774618200,4954.0,1774618260,1774618140,True,0.16666666666666666,0.4155844155844156,0.2777777777777778,0.35294117647058826,CONTINUATION,124802,99562,8228,-4.0,-4.0,1.0,0.003350616317746038,34.25,pdl_sweep,314.0,0.41558441558441556,314.0,2026-03-27,0.0
202.42857142857142,2384.0,3284.0,21.77777777777778,2.9591836734693877,64.44444444444444,0.5,0.7474226804123711,0.47619047619047616,0.4888888888888889,NQ|NQM6|PDL|2026-03-30|1774881840,1642.0,1774881900,1774881847,True,0.5,0.7474226804123711,0.47619047619047616,0.4888888888888889,REVERSAL,86720,48773,3812,1.0,1.0,2.0,0.004940014114326041,28.0,pdl_sweep,-900.0,0.747422680412371,-900.0,2026-03-30,0.0
148.5586592178771,3542.0,3106.0,14.666666666666666,1.2121212121212122,17.77777777777778,0.2,0.547945205479452,0.42105263157894735,0.45454545454545453,NQ|NQM6|PDH|2026-03-31|1774965180,885.5,1774965240,1774965226,True,0.8,0.452054794520548,0.5789473684210527,0.5454545454545454,AMBIGUOUS,69203,38917,4786,3.0,-3.0,4.0,0.006731347773766546,44.75,pdh_sweep,-436.0,0.452054794520548,436.0,2026-03-31,0.0
242.65217391304347,5014.0,6148.0,9.333333333333334,1.1428571428571428,10.666666666666666,0.6666666666666666,0.5333333333333333,0.5454545454545454,0.5714285714285714,NQ|NQM6|PDH|2026-04-01|1775050200,5014.0,1775050260,1775050140,True,0.33333333333333337,0.4666666666666667,0.4545454545454546,0.4285714285714286,CONTINUATION,124145,89242,8858,-1.0,1.0,1.0,0.004121125246371618,46.0,pdh_sweep,1134.0,0.4666666666666667,-1134.0,2026-04-01,0.0
212.51882845188285,6672.0,6026.0,12.0,1.3333333333333333,16.0,0.6666666666666666,0.5714285714285714,0.6875,0.625,NQ|NQM6|PDL|2026-04-02|1775136600,3013.0,1775136660,1775136540,True,0.6666666666666666,0.5714285714285714,0.6875,0.625,NEITHER,129961,86578,9630,2.0,2.0,2.0,0.004705465427626398,59.75,pdl_sweep,646.0,0.5714285714285714,646.0,2026-04-02,0.0
154.58419243986253,5826.0,5420.0,11.555555555555555,0.7307692307692308,8.444444444444445,0.3333333333333333,0.4222222222222222,0.2727272727272727,0.3333333333333333,NQ|NQM6|PDH|2026-04-06|1775482200,2913.0,1775482260,1775482140,True,0.6666666666666667,0.5777777777777777,0.7272727272727273,0.6666666666666667,CONTINUATION,104866,66416,8492,-1.0,1.0,0.5,0.006468966743731104,72.75,pdh_sweep,-406.0,0.5777777777777777,406.0,2026-04-06,0.5
143.25454545454545,7596.0,8162.0,16.0,0.8611111111111112,13.777777777777779,0.5,0.4626865671641791,0.5625,0.5,NQ|NQM6|PDL|2026-04-07|1775568660,4081.0,1775568720,1775568708,True,0.5,0.4626865671641791,0.5625,0.5,REVERSAL,151354,56899,11830,0.0,0.0,2.0,0.0069805812920421375,110.0,pdl_sweep,-566.0,0.4626865671641791,-566.0,2026-04-07,0.0
235.1219512195122,8084.0,8786.0,17.6,0.7727272727272726,13.6,0.4,0.4358974358974359,0.23076923076923078,0.32075471698113206,NQ|NQM6|PDH|2026-04-08|1775655000,2694.6666666666665,1775655060,1775654940,True,0.6,0.5641025641025641,0.7692307692307692,0.679245283018868,NEITHER,152498,90605,12070,2.0,-2.0,3.0,0.00425311203319502,71.75,pdh_sweep,702.0,0.5641025641025641,-702.0,2026-04-08,0.0
235.53299492385787,6704.0,4896.0,13.777777777777779,1.4193548387096775,19.555555555555557,0.4,0.5866666666666667,0.5833333333333334,0.625,NQ|NQM6|PDH|2026-04-09|1775750580,2234.6666666666665,1775750640,1775750599,True,0.6,0.41333333333333333,0.41666666666666663,0.375,REVERSAL,84423,36947,6930,2.0,-2.0,1.5,0.004245689655172414,49.25,pdh_sweep,-1808.0,0.41333333333333333,1808.0,2026-04-09,0.0
408.7741935483871,6740.0,5932.0,16.88888888888889,1.026315789473684,17.333333333333332,0.6666666666666666,0.5064935064935064,0.4444444444444444,0.48484848484848486,NQ|NQM6|PDL|2026-04-13|1776087000,2966.0,1776087060,1776086940,True,0.6666666666666666,0.5064935064935064,0.4444444444444444,0.48484848484848486,AMBIGUOUS,106759,62507,9100,-1.0,-1.0,0.6666666666666666,0.002446338383838384,31.0,pdl_sweep,808.0,0.5064935064935064,808.0,2026-04-13,0.33333333333333337
214.22784810126583,5024.0,3438.0,22.22222222222222,0.9,20.0,0.5714285714285714,0.47368421052631576,0.5357142857142857,0.4318181818181818,NQ|NQM6|PDH|2026-04-13|1776097740,1674.6666666666667,1776097800,1776097773,True,0.4285714285714286,0.5263157894736843,0.4642857142857143,0.5681818181818181,REVERSAL,73147,32226,4850,-2.0,2.0,1.5,0.004667927203970692,39.5,pdh_sweep,-1586.0,0.5263157894736842,1586.0,2026-04-13,0.0
250.08530805687204,6680.0,6512.0,15.11111111111111,0.5588235294117647,8.444444444444445,0.3333333333333333,0.3584905660377358,0.5384615384615384,0.4782608695652174,NQ|NQM6|PDH|2026-04-14|1776173400,3340.0,1776173460,1776173340,True,0.6666666666666667,0.6415094339622642,0.46153846153846156,0.5217391304347826,CONTINUATION,118739,65179,9788,1.0,-1.0,2.0,0.003998635536688902,52.75,pdh_sweep,-168.0,0.6415094339622641,168.0,2026-04-14,0.0
322.87179487179486,6430.0,6162.0,10.222222222222221,1.2173913043478262,12.444444444444445,0.6666666666666666,0.5490196078431373,0.46153846153846156,0.4782608695652174,NQ|NQM6|PDH|2026-04-15|1776259800,6430.0,1776259860,1776259740,True,0.33333333333333337,0.4509803921568627,0.5384615384615384,0.5217391304347826,REVERSAL,109872,65136,9262,-0.0,0.0,0.5,0.00309720457433291,39.0,pdh_sweep,-268.0,0.45098039215686275,268.0,2026-04-15,0.5
258.2068965517241,8366.0,8482.0,16.0,1.3055555555555556,20.88888888888889,0.6,0.5402298850574713,0.4666666666666667,0.45161290322580644,NQ|NQM6|PDH|2026-04-16|1776346200,4183.0,1776346260,1776346140,True,0.4,0.45977011494252873,0.5333333333333333,0.5483870967741935,REVERSAL,122867,80054,11430,-2.0,2.0,1.0,0.003872863247863248,65.25,pdh_sweep,116.0,0.4337349397590362,-116.0,2026-04-16,0.0
395.20754716981133,9982.0,10964.0,9.777777777777779,1.7479338842975205,17.09090909090909,0.5,0.6811594202898551,0.5555555555555556,0.625,NQ|NQM6|PDH|2026-04-17|1776432600,9982.0,1776432660,1776432540,True,0.5,0.3188405797101449,0.4444444444444444,0.375,NEITHER,168120,91745,14832,-0.0,0.0,1.0,0.002530316050797288,53.0,pdh_sweep,982.0,0.36390977443609024,-982.0,2026-04-17,0.0
175.90888382687928,8718.0,10588.0,23.555555555555557,0.7735849056603773,18.22222222222222,0.5,0.43617021276595747,0.42857142857142855,0.3953488372093023,NQ|NQM6|PDL|2026-04-20|1776696660,3529.3333333333335,1776696720,1776696676,True,0.5,0.43617021276595747,0.42857142857142855,0.3953488372093023,REVERSAL,183065,99218,13192,-4.0,-4.0,0.6,0.005684761214130322,109.75,pdl_sweep,-1870.0,0.4361702127659574,-1870.0,2026-04-20,0.4
284.0,2996.0,2968.0,20.4,0.9150326797385622,18.666666666666668,0.3333333333333333,0.45161290322580644,0.3333333333333333,0.41025641025641024,NQ|NQM6|PDH|2026-04-21|1776779880,1498.0,1776779940,1776779903,True,0.6666666666666667,0.5483870967741935,0.6666666666666667,0.5897435897435898,REVERSAL,65360,22122,3950,4.0,-4.0,2.0,0.0035211267605633804,21.0,pdh_sweep,-28.0,0.5221843003412969,28.0,2026-04-21,0.0
248.02898550724638,8780.0,8334.0,12.8,0.9062499999999999,11.6,0.3333333333333333,0.47540983606557374,0.2857142857142857,0.32,NQ|NQM6|PDL|2026-04-21|1776800640,8334.0,1776800700,1776800654,True,0.3333333333333333,0.47540983606557374,0.2857142857142857,0.32,REVERSAL,138786,74818,10350,-2.0,-2.0,0.5,0.004031786841182657,69.0,pdl_sweep,446.0,0.4754098360655738,446.0,2026-04-21,0.5
317.20245398773005,6250.0,6676.0,11.555555555555555,1.1423076923076922,13.2,0.3333333333333333,0.559322033898305,0.35714285714285715,0.4782608695652174,NQ|NQM6|PDH|2026-04-22|1776864600,3125.0,1776864660,1776864540,True,0.6666666666666667,0.44067796610169496,0.6428571428571428,0.5217391304347826,REVERSAL,126556,66593,9300,1.0,-1.0,1.0,0.003152560730311001,40.75,pdh_sweep,426.0,0.4667863554757631,-426.0,2026-04-22,0.0
224.0,4348.0,4164.0,13.777777777777779,1.5483870967741933,21.333333333333332,0.6666666666666666,0.6075949367088608,0.6190476190476191,0.6410256410256411,NQ|NQM6|PDH|2026-04-23|1776952080,2174.0,1776952140,1776952094,True,0.33333333333333337,0.3924050632911392,0.38095238095238093,0.3589743589743589,REVERSAL,90246,43099,5772,-2.0,2.0,2.0,0.004464285714285714,38.0,pdh_sweep,-184.0,0.3924050632911392,184.0,2026-04-23,0.0
147.70909090909092,4652.0,7534.0,13.777777777777779,0.8387096774193548,11.555555555555555,0.5,0.45614035087719296,0.5384615384615384,0.5185185185185185,NQ|NQM6|PDL|2026-04-23|1776966060,7534.0,1776966120,1776966069,True,0.5,0.45614035087719296,0.5384615384615384,0.5185185185185185,CONTINUATION,143494,80498,7794,0.0,0.0,1.0,0.006770064007877893,82.5,pdl_sweep,-2882.0,0.45614035087719296,-2882.0,2026-04-23,0.0
301.4808510638298,7984.0,9728.0,20.8,0.8547008547008547,17.77777777777778,0.8571428571428571,0.43478260869565216,0.55,0.4864864864864865,NQ|NQM6|PDH|2026-04-24|1777037400,7984.0,1777037460,1777037340,True,0.1428571428571429,0.5652173913043479,0.44999999999999996,0.5135135135135135,CONTINUATION,156577,109473,11894,-3.0,3.0,1.0,0.0033169602529358627,58.75,pdh_sweep,1744.0,0.5391705069124424,-1744.0,2026-04-24,0.0
231.83715012722647,11182.0,11596.0,13.777777777777779,1.129032258064516,15.555555555555555,0.5,0.5303030303030303,0.46153846153846156,0.4074074074074074,NQ|NQM6|PDL|2026-04-28|1777383000,11596.0,1777383060,1777382940,True,0.5,0.5303030303030303,0.46153846153846156,0.4074074074074074,CONTINUATION,217037,120870,16340,1.0,1.0,1.0,0.004313372552462903,98.25,pdl_sweep,-414.0,0.5303030303030303,-414.0,2026-04-28,0.0
227.06976744186048,2834.0,2048.0,28.0,1.1428571428571428,32.0,0.5714285714285714,0.5333333333333333,0.4482758620689655,0.5,NQ|NQM6|PDH|2026-04-29|1777472700,944.6666666666666,1777472760,1777472709,True,0.4285714285714286,0.4666666666666667,0.5517241379310345,0.5,REVERSAL,80311,36091,3240,-4.0,4.0,0.75,0.0044039328144203195,21.5,pdh_sweep,-786.0,0.4666666666666667,786.0,2026-04-29,0.25
188.025,6808.0,8234.0,14.222222222222221,0.71875,10.222222222222221,0.5,0.41818181818181815,0.5454545454545454,0.4444444444444444,NQ|NQM6|PDH|2026-04-30|1777555800,6808.0,1777555860,1777555740,True,0.5,0.5818181818181818,0.4545454545454546,0.5555555555555556,NEITHER,164455,109102,11066,-0.0,0.0,0.5,0.005318441696582901,80.0,pdh_sweep,1426.0,0.5818181818181818,-1426.0,2026-04-30,0.5
276.47058823529414,7496.0,6604.0,13.777777777777779,1.064516129032258,14.666666666666666,0.3333333333333333,0.515625,0.5294117647058824,0.5333333333333333,NQ|NQM6|PDH|2026-05-01|1777642200,3748.0,1777642260,1777642140,True,0.6666666666666667,0.484375,0.47058823529411764,0.4666666666666667,CONTINUATION,158357,117927,10320,2.0,-2.0,2.0,0.003617021276595745,51.0,pdh_sweep,-892.0,0.48437500000000006,892.0,2026-05-01,0.0
222.93333333333334,2372.0,1808.0,44.0,0.4646464646464646,20.444444444444443,0.25,0.31724137931034485,0.2903225806451613,0.37037037037037035,NQ|NQM6|PDH|2026-05-04|1777905600,790.6666666666666,1777905660,1777905651,True,0.75,0.6827586206896552,0.7096774193548387,0.6296296296296297,CONTINUATION,63079,30502,2656,1.0,-1.0,1.5,0.004485645933014354,18.75,pdh_sweep,-564.0,0.6827586206896552,564.0,2026-05-04,0.0
172.86274509803923,7656.0,9976.0,12.88888888888889,1.2758620689655171,16.444444444444443,0.6666666666666666,0.5606060606060606,0.7692307692307693,0.625,NQ|NQM6|PDL|2026-05-04|1777910880,4988.0,1777910940,1777910883,True,0.6666666666666666,0.5606060606060606,0.7692307692307693,0.625,REVERSAL,193789,74326,11652,2.0,2.0,2.0,0.0057849364791288565,102.0,pdl_sweep,-2320.0,0.5606060606060606,-2320.0,2026-05-04,0.0
374.1333333333333,7114.0,6916.0,18.22222222222222,1.5853658536585367,28.88888888888889,0.5,0.6132075471698113,0.4117647058823529,0.48717948717948717,NQ|NQM6|PDH|2026-05-05|1777987800,7114.0,1777987860,1777987740,True,0.5,0.3867924528301887,0.5882352941176471,0.5128205128205128,NEITHER,141466,106505,10002,-0.0,0.0,0.5,0.0026728439059158947,37.5,pdh_sweep,-198.0,0.38679245283018865,198.0,2026-05-05,0.5
296.43697478991595,8736.0,8902.0,12.88888888888889,0.8965517241379309,11.555555555555555,0.5,0.4727272727272727,0.5384615384615384,0.45,NQ|NQM6|PDH|2026-05-06|1778074200,8736.0,1778074260,1778074140,True,0.5,0.5272727272727273,0.46153846153846156,0.55,CONTINUATION,165324,97302,12798,2.0,-2.0,1.0,0.0033733983444835017,59.5,pdh_sweep,166.0,0.5272727272727273,-166.0,2026-05-06,0.0
319.02702702702703,5610.0,6194.0,14.666666666666666,1.6363636363636365,24.0,0.75,0.6206896551724138,0.5238095238095238,0.5142857142857142,NQ|NQM6|PDH|2026-05-07|1778160600,5610.0,1778160660,1778160540,True,0.25,0.3793103448275862,0.47619047619047616,0.48571428571428577,NEITHER,152416,107524,8606,-3.0,3.0,0.5,0.003134530667570315,37.0,pdh_sweep,584.0,0.3793103448275862,-584.0,2026-05-07,0.5
236.80597014925374,8320.0,7546.0,16.444444444444443,0.8648648648648649,14.222222222222221,0.75,0.463768115942029,0.5555555555555556,0.5,NQ|NQM6|PDH|2026-05-11|1778506200,8320.0,1778506260,1778506244,True,0.25,0.536231884057971,0.4444444444444444,0.5,CONTINUATION,169551,109546,11460,-2.0,2.0,1.0,0.004222866506996092,67.0,pdh_sweep,-774.0,0.536231884057971,774.0,2026-05-11,0.0
127.25,2838.0,2252.0,23.555555555555557,0.7547169811320754,17.77777777777778,0.5,0.43010752688172044,0.5,0.5454545454545454,NQ|NQM6|PDH|2026-05-13|1778683920,2838.0,1778683980,1778683967,True,0.5,0.5698924731182795,0.5,0.4545454545454546,CONTINUATION,80085,42290,3344,-2.0,2.0,0.3333333333333333,0.007858546168958742,40.0,pdh_sweep,-586.0,0.5698924731182796,586.0,2026-05-13,0.6666666666666667
259.0,5792.0,5086.0,30.22222222222222,0.5588235294117647,16.88888888888889,0.6,0.3584905660377358,0.5454545454545454,0.5365853658536586,NQ|NQM6|PDH|2026-05-14|1778765700,2896.0,1778765760,1778765748,True,0.4,0.6415094339622642,0.4545454545454546,0.46341463414634143,REVERSAL,159661,74466,7062,-2.0,2.0,1.0,0.003861003861003861,42.0,pdh_sweep,-706.0,0.6415094339622641,706.0,2026-05-14,0.0
415.17241379310343,10588.0,10482.0,16.444444444444443,0.574938574938575,9.454545454545455,0.25,0.4126984126984127,0.3888888888888889,0.3548387096774194,NQ|NQM6|PDL|2026-05-15|1778851800,10482.0,1778851860,1778851740,True,0.25,0.4126984126984127,0.3888888888888889,0.3548387096774194,CONTINUATION,184310,133490,13828,-3.0,-3.0,0.3333333333333333,0.0024086378737541527,50.75,pdl_sweep,106.0,0.3650546021840874,106.0,2026-05-15,0.6666666666666667
139.47169811320754,4136.0,5104.0,21.77777777777778,0.5343228200371057,11.636363636363637,0.3333333333333333,0.3950617283950617,0.3888888888888889,0.36363636363636365,NQ|NQM6|PDL|2026-05-18|1779114720,2552.0,1779114780,1779114776,True,0.3333333333333333,0.3950617283950617,0.3888888888888889,0.36363636363636365,AMBIGUOUS,155309,79447,6742,-2.0,-2.0,2.0,0.00716991341991342,66.25,pdl_sweep,-968.0,0.3482466747279323,-968.0,2026-05-18,0.0
150.83743842364532,7110.0,8200.0,13.818181818181818,1.2865497076023393,17.77777777777778,0.3333333333333333,0.5128205128205128,0.47368421052631576,0.5263157894736842,NQ|NQM6|PDL|2026-05-19|1779199620,8200.0,1779199680,1779199646,True,0.3333333333333333,0.5128205128205128,0.47368421052631576,0.5263157894736842,REVERSAL,204722,87805,10394,1.0,1.0,1.0,0.0066296538210320055,101.5,pdl_sweep,-1090.0,0.5626598465473146,-1090.0,2026-05-19,0.0
312.030303030303,10602.0,9992.0,19.555555555555557,1.2045454545454546,23.555555555555557,0.42857142857142855,0.5463917525773195,0.52,0.5111111111111111,NQ|NQM6|PDH|2026-05-20|1779283860,2650.5,1779283920,1779283868,True,0.5714285714285714,0.45360824742268047,0.48,0.48888888888888893,REVERSAL,243000,94547,14668,2.0,-2.0,4.0,0.0032048169369719337,66.0,pdh_sweep,-610.0,0.4536082474226804,610.0,2026-05-20,0.0
105.01347708894879,5314.0,4426.0,18.22222222222222,0.6365853658536585,11.6,0.75,0.4142857142857143,0.5,0.35294117647058826,NQ|NQM6|PDH|2026-05-21|1779383760,5314.0,1779383820,1779383783,True,0.25,0.5857142857142856,0.5,0.6470588235294117,REVERSAL,88869,54343,6810,-2.0,2.0,1.0,0.00952258726899384,92.75,pdh_sweep,-888.0,0.6110283159463487,888.0,2026-05-21,0.0
249.7718120805369,9462.0,9146.0,19.11111111111111,0.6069767441860465,11.6,0.25,0.4027777777777778,0.3684210526315789,0.39473684210526316,NQ|NQM6|PDH|2026-05-22|1779456600,3154.0,1779456660,1779456540,True,0.75,0.5972222222222222,0.631578947368421,0.6052631578947368,CONTINUATION,151520,98561,12554,-1.0,1.0,0.75,0.004003654342218401,74.5,pdh_sweep,-316.0,0.6222865412445732,316.0,2026-05-22,0.25
407.74545454545455,11010.0,11416.0,18.4,0.7971014492753623,14.666666666666666,0.3333333333333333,0.4177215189873418,0.4,0.4411764705882353,NQ|NQM6|PDH|2026-05-26|1779802200,5505.0,1779802260,1779802140,True,0.6666666666666667,0.5822784810126582,0.6,0.5588235294117647,NEITHER,189768,124872,14300,3.0,-3.0,2.0,0.00245251047890841,55.0,pdh_sweep,406.0,0.5564516129032259,-406.0,2026-05-26,0.0
312.86821705426354,9292.0,10888.0,10.909090909090908,1.2222222222222223,13.333333333333334,0.6666666666666666,0.5,0.5454545454545454,0.5416666666666666,NQ|NQM6|PDH|2026-05-27|1779888600,9292.0,1779888660,1779888540,True,0.33333333333333337,0.5,0.4545454545454546,0.45833333333333337,NEITHER,144586,110691,13330,-1.0,1.0,0.5,0.0031962338949454907,64.5,pdh_sweep,1596.0,0.44999999999999996,-1596.0,2026-05-27,0.5
199.43661971830986,4154.0,2926.0,20.0,1.088888888888889,21.77777777777778,0.75,0.5212765957446809,0.5,0.48717948717948717,NQ|NQM6|PDH|2026-05-28|1779980400,4154.0,1779980460,1779980411,True,0.25,0.4787234042553191,0.5,0.5128205128205128,CONTINUATION,84620,39175,4810,-0.0,0.0,0.5,0.00501412429378531,35.5,pdh_sweep,-1228.0,0.4787234042553191,1228.0,2026-05-28,0.5
460.16766467065867,10426.0,8786.0,18.666666666666668,0.6904761904761905,12.88888888888889,0.6666666666666666,0.4084507042253521,0.4666666666666667,0.42424242424242425,NQ|NQM6|PDH|2026-05-29|1780061400,10426.0,1780061460,1780061340,True,0.33333333333333337,0.5915492957746479,0.5333333333333333,0.5757575757575757,CONTINUATION,163217,112937,12808,-1.0,1.0,0.3333333333333333,0.0021731209660628774,41.75,pdh_sweep,-1640.0,0.5915492957746479,1640.0,2026-05-29,0.6666666666666667
236.6265060240964,8706.0,6024.0,9.777777777777779,1.227272727272727,12.0,0.6666666666666666,0.5510204081632653,0.5,0.4782608695652174,NQ|NQM6|PDH|2026-06-01|1780327800,8706.0,1780327860,1780327833,True,0.33333333333333337,0.44897959183673475,0.5,0.5217391304347826,REVERSAL,132065,53608,9556,-2.0,2.0,0.5,0.0042260692464358455,62.25,pdh_sweep,-2682.0,0.4489795918367347,2682.0,2026-06-01,0.5
336.53333333333336,2590.0,2458.0,24.0,1.0185185185185184,24.444444444444443,0.8,0.5045871559633027,0.43478260869565216,0.5,NQ|NQM6|PDH|2026-06-02|1780415760,2590.0,1780415820,1780415779,True,0.19999999999999996,0.4954128440366973,0.5652173913043479,0.5,REVERSAL,41491,19259,2830,-1.0,1.0,0.5,0.002971473851030111,15.0,pdh_sweep,-132.0,0.4954128440366973,132.0,2026-06-02,0.5
298.0837209302326,8470.0,7552.0,13.333333333333334,0.8333333333333333,11.11111111111111,0.25,0.45454545454545453,0.4,0.41379310344827586,NQ|NQM6|PDH|2026-06-03|1780493400,2823.3333333333335,1780493460,1780493340,True,0.75,0.5454545454545454,0.6,0.5862068965517242,CONTINUATION,145693,104898,11344,2.0,-2.0,3.0,0.003354762201972288,53.75,pdh_sweep,-918.0,0.5454545454545455,918.0,2026-06-03,0.0
219.3827160493827,8396.0,9374.0,10.4,1.581196581196581,16.444444444444443,0.75,0.5873015873015873,0.7142857142857143,0.6785714285714286,NQ|NQM6|PDL|2026-06-04|1780579800,3124.6666666666665,1780579860,1780579740,True,0.75,0.5873015873015873,0.7142857142857143,0.6785714285714286,NEITHER,161213,139513,13238,1.0,1.0,1.5,0.004558244231851435,81.0,pdl_sweep,-978.0,0.6125827814569537,-978.0,2026-06-04,0.0
304.33488372093024,7576.0,8782.0,10.666666666666666,0.8125,8.666666666666666,0.5,0.52,0.5384615384615384,0.5555555555555556,NQ|NQM6|PDH|2026-06-09|1781011800,7576.0,1781011860,1781011800,True,0.5,0.48,0.46153846153846156,0.4444444444444444,REVERSAL,127081,109016,10586,2.0,-2.0,1.0,0.003285854016383421,53.75,pdh_sweep,1206.0,0.5517241379310345,-1206.0,2026-06-09,0.0
122.08199643493761,7700.0,9422.0,10.666666666666666,1.4583333333333335,15.555555555555555,0.5,0.5932203389830508,0.5833333333333334,0.6153846153846154,NQ|NQM6|PDL|2026-06-09|1781016240,9422.0,1781016300,1781016255,True,0.5,0.5932203389830508,0.5833333333333334,0.6153846153846154,CONTINUATION,196620,116395,11888,1.0,1.0,1.0,0.008191215979441654,140.25,pdl_sweep,-1722.0,0.5932203389830508,-1722.0,2026-06-09,0.0
102.82993197278911,7850.0,7266.0,4.615384615384615,0.47666666666666674,2.2,0.5,0.4230769230769231,0.5714285714285714,0.42857142857142855,NQ|NQM6|PDH|2026-06-11|1781199180,7850.0,1781199240,1781199224,True,0.5,0.5769230769230769,0.4285714285714286,0.5714285714285714,REVERSAL,138900,71856,10986,-0.0,0.0,1.0,0.009724794919290817,147.0,pdh_sweep,-584.0,0.6772009029345372,584.0,2026-06-11,0.0
64.01801801801801,4540.0,2566.0,4.666666666666667,1.4025974025974026,6.545454545454546,0.6666666666666666,0.5625,0.6,0.5333333333333333,NQ|NQM6|PDH|2026-06-12|1781273220,4540.0,1781273280,1781273238,True,0.33333333333333337,0.4375,0.4,0.4666666666666667,REVERSAL,84760,28901,5336,-0.0,0.0,1.0,0.015620602307908809,111.0,pdh_sweep,-1974.0,0.41621621621621624,1974.0,2026-06-12,0.0
224.15625,7550.0,6796.0,8.88888888888889,0.85,7.555555555555555,0.5,0.4594594594594595,0.5555555555555556,0.5,NQ|NQU6|PDH|2026-06-15|1781530200,7550.0,1781530260,1781530140,True,0.5,0.5405405405405406,0.4444444444444444,0.5,CONTINUATION,128494,76946,10920,1.0,-1.0,1.0,0.004461173846368326,64.0,pdh_sweep,-754.0,0.5405405405405406,754.0,2026-06-15,0.0
182.42105263157896,4896.0,5502.0,13.777777777777779,0.8387096774193548,11.555555555555555,0.5,0.45614035087719296,0.42857142857142855,0.46153846153846156,NQ|NQU6|PDL|2026-06-16|1781620320,5502.0,1781620380,1781620327,True,0.5,0.45614035087719296,0.42857142857142855,0.46153846153846156,REVERSAL,137691,66976,7666,1.0,1.0,1.0,0.005481823427582228,57.0,pdl_sweep,-606.0,0.45614035087719296,-606.0,2026-06-16,0.0
77.72549019607843,6318.0,7556.0,6.0,0.8095238095238094,4.857142857142857,0.5,0.4857142857142857,0.5555555555555556,0.5,NQ|NQU6|PDL|2026-06-17|1781707620,3778.0,1781707680,1781707656,True,0.5,0.4857142857142857,0.5555555555555556,0.5,REVERSAL,149260,68096,10836,-2.0,-2.0,0.5,0.012865792129162463,178.5,pdl_sweep,-1238.0,0.4473684210526315,-1238.0,2026-06-17,0.5
296.7773279352227,8428.0,9898.0,7.333333333333333,1.309090909090909,9.6,0.5,0.5217391304347826,0.42857142857142855,0.4666666666666667,NQ|NQU6|PDH|2026-06-18|1781789400,8428.0,1781789460,1781789340,True,0.5,0.4782608695652174,0.5714285714285714,0.5333333333333333,REVERSAL,147854,81743,13206,1.0,-1.0,1.0,0.0033695296300338315,61.75,pdh_sweep,1470.0,0.43307086614173224,-1470.0,2026-06-18,0.0
125.02970297029702,6796.0,5832.0,10.0,1.6363636363636362,16.363636363636363,0.8333333333333334,0.6428571428571429,0.75,0.6944444444444444,NQ|NQU6|PDH|2026-06-22|1782135000,3398.0,1782135060,1782134940,True,0.16666666666666663,0.3571428571428571,0.25,0.3055555555555556,REVERSAL,116608,89832,9084,-8.0,8.0,2.0,0.007998099461514096,101.0,pdh_sweep,-964.0,0.3793103448275862,964.0,2026-06-22,0.0
236.72289156626505,9750.0,9898.0,8.8,1.4646464646464645,12.88888888888889,0.6666666666666666,0.5686274509803921,0.6,0.5909090909090909,NQ|NQU6|PDL|2026-06-23|1782221400,4949.0,1782221460,1782221340,True,0.6666666666666666,0.5686274509803921,0.6,0.5909090909090909,CONTINUATION,221174,138019,14470,1.0,1.0,0.6666666666666666,0.0042243485342019545,83.0,pdl_sweep,-148.0,0.5942622950819672,-148.0,2026-06-23,0.33333333333333337
69.70242214532873,4522.0,5550.0,12.0,0.8666666666666667,10.4,0.6666666666666666,0.49056603773584906,0.5,0.5,NQ|NQU6|PDL|2026-06-24|1782308880,2775.0,1782308940,1782308913,True,0.6666666666666666,0.49056603773584906,0.5,0.5,REVERSAL,169970,75303,7908,2.0,2.0,2.0,0.014346703733121526,144.5,pdl_sweep,-1028.0,0.46428571428571436,-1028.0,2026-06-24,0.0
186.65882352941176,7630.0,8236.0,7.666666666666667,1.1594202898550725,8.88888888888889,0.6666666666666666,0.46511627906976744,0.5555555555555556,0.5294117647058824,NQ|NQU6|PDH|2026-06-25|1782394200,7630.0,1782394260,1782394140,True,0.33333333333333337,0.5348837209302326,0.4444444444444444,0.47058823529411764,NEITHER,143063,97266,12214,-1.0,1.0,1.0,0.005357367956636833,85.0,pdh_sweep,606.0,0.46308724832214765,-606.0,2026-06-25,0.0
148.7043189368771,5658.0,5532.0,7.2,1.0493827160493827,7.555555555555555,0.6666666666666666,0.4857142857142857,0.4166666666666667,0.47058823529411764,NQ|NQU6|PDL|2026-06-26|1782480600,2766.0,1782480660,1782480641,True,0.6666666666666666,0.4857142857142857,0.4166666666666667,0.47058823529411764,REVERSAL,126154,81422,8472,0.0,0.0,1.0,0.006724754244861484,75.25,pdl_sweep,126.0,0.5120481927710843,126.0,2026-06-26,0.0
79.47330960854093,5836.0,5330.0,10.285714285714286,1.037037037037037,10.666666666666666,0.25,0.4,0.36363636363636365,0.43478260869565216,NQ|NQU6|PDH|2026-06-29|1782739920,1945.3333333333333,1782739980,1782739942,True,0.75,0.6,0.6363636363636364,0.5652173913043479,REVERSAL,161945,66184,8982,2.0,-2.0,3.0,0.012582840766612933,140.5,pdh_sweep,-506.0,0.49090909090909096,506.0,2026-06-29,0.0
223.79661016949152,6834.0,6370.0,11.555555555555555,0.7961538461538461,9.2,0.5,0.46938775510204084,0.5333333333333333,0.48148148148148145,NQ|NQU6|PDH|2026-06-30|1782826200,6834.0,1782826260,1782826202,True,0.5,0.5306122448979591,0.4666666666666667,0.5185185185185186,CONTINUATION,125620,84782,9948,-0.0,0.0,1.0,0.004468342926385944,59.0,pdh_sweep,-464.0,0.5567451820128481,464.0,2026-06-30,0.0
138.16309012875536,8500.0,7596.0,7.555555555555555,1.1550802139037433,8.727272727272727,0.5,0.5853658536585366,0.6666666666666666,0.4782608695652174,NQ|NQU6|PDL|2026-07-07|1783431000,7596.0,1783431060,1783430940,True,0.5,0.5853658536585366,0.6666666666666666,0.4782608695652174,CONTINUATION,134893,76191,13042,0.0,0.0,0.5,0.007237823061630218,116.5,pdl_sweep,904.0,0.5359801488833746,904.0,2026-07-07,0.5
138.25790754257906,7232.0,6974.0,8.0,0.8888888888888888,7.111111111111111,0.5,0.4444444444444444,0.625,0.3684210526315789,NQ|NQU6|PDL|2026-07-08|1783517400,6974.0,1783517460,1783517340,True,0.5,0.4444444444444444,0.625,0.3684210526315789,REVERSAL,138055,92122,10976,-2.0,-2.0,0.3333333333333333,0.007232859355202027,102.75,pdl_sweep,258.0,0.47058823529411764,258.0,2026-07-08,0.6666666666666667
174.64827586206897,5666.0,6996.0,7.6,1.0,7.6,0.5,0.5,0.5,0.46153846153846156,NQ|NQU6|PDH|2026-07-09|1783603800,5666.0,1783603860,1783603740,True,0.5,0.5,0.5,0.5384615384615384,CONTINUATION,117694,89504,9582,1.0,-1.0,1.0,0.005725793713473385,72.5,pdh_sweep,1330.0,0.5,-1330.0,2026-07-09,0.0
176.29268292682926,2176.0,1438.0,12.0,1.2592592592592593,15.11111111111111,0.5,0.5573770491803278,0.5294117647058824,0.5,NQ|NQU6|PDH|2026-07-10|1783700100,1088.0,1783700160,1783700103,True,0.5,0.4426229508196722,0.47058823529411764,0.5,AMBIGUOUS,34376,27430,2596,-1.0,1.0,1.0,0.005672385168788046,20.5,pdh_sweep,-738.0,0.4426229508196721,738.0,2026-07-10,0.0
117.06976744186046,5222.0,4846.0,9.6,0.8333333333333334,8.0,0.5,0.4782608695652174,0.4444444444444444,0.4117647058823529,NQ|NQU6|PDL|2026-07-13|1783949400,4846.0,1783949460,1783949409,True,0.5,0.4782608695652174,0.4444444444444444,0.4117647058823529,REVERSAL,112465,78581,8182,0.0,0.0,1.0,0.00854191497814859,86.0,pdl_sweep,376.0,0.45454545454545453,376.0,2026-07-13,0.0
212.8395061728395,4462.0,4158.0,8.923076923076923,0.9961685823754789,8.88888888888889,0.6666666666666666,0.40816326530612246,0.5,0.4117647058823529,NQ|NQU6|PDH|2026-07-15|1784122200,4462.0,1784122260,1784122140,True,0.33333333333333337,0.5918367346938775,0.5,0.5882352941176471,NEITHER,94944,70436,6696,-1.0,1.0,1.0,0.004698375870069605,40.5,pdh_sweep,-304.0,0.5009596928982726,304.0,2026-07-15,0.0
112.36571428571429,4572.0,5260.0,8.0,1.6666666666666667,13.333333333333334,0.5,0.6,0.5555555555555556,0.5909090909090909,NQ|NQU6|PDL|2026-07-15|1784126520,5260.0,1784126580,1784126537,True,0.5,0.6,0.5555555555555556,0.5909090909090909,REVERSAL,115786,61690,7072,-1.0,-1.0,0.5,0.008899511798209928,87.5,pdl_sweep,-688.0,0.625,-688.0,2026-07-15,0.5
95.04318936877077,3504.0,3648.0,9.777777777777779,1.227272727272727,12.0,0.5,0.5769230769230769,0.5,0.5789473684210527,NQ|NQU6|PDL|2026-07-16|1784209080,3648.0,1784209140,1784209110,True,0.5,0.5769230769230769,0.5,0.5789473684210527,AMBIGUOUS,135411,64604,5758,0.0,0.0,1.0,0.010521532438478746,75.25,pdl_sweep,-144.0,0.5510204081632653,-144.0,2026-07-16,0.0
175.33333333333334,7408.0,6268.0,7.0,1.5064935064935063,10.545454545454545,0.6666666666666666,0.58,0.5384615384615384,0.5666666666666667,NQ|NQU6|PDL|2026-07-17|1784295000,3134.0,1784295060,1784294940,True,0.6666666666666666,0.58,0.5384615384615384,0.5666666666666667,CONTINUATION,150534,85931,10742,1.0,1.0,2.0,0.005703422053231939,78.0,pdl_sweep,1140.0,0.6010362694300517,1140.0,2026-07-17,0.0
197.61702127659575,4614.0,4674.0,12.0,0.6666666666666666,8.0,0.3333333333333333,0.4,0.4166666666666667,0.4090909090909091,NQ|NQU6|PDH|2026-07-20|1784554200,2307.0,1784554260,1784554200,True,0.6666666666666667,0.6,0.5833333333333333,0.5909090909090908,AMBIGUOUS,111305,83671,7680,-0.0,0.0,1.0,0.0050602928509905255,47.0,pdh_sweep,60.0,0.6,-60.0,2026-07-20,0.0
246.28352490421457,7730.0,8340.0,6.909090909090909,1.563157894736842,10.8,0.6666666666666666,0.5869565217391305,0.5454545454545454,0.5882352941176471,NQ|NQU6|PDH|2026-07-21|1784640600,7730.0,1784640660,1784640540,True,0.33333333333333337,0.4130434782608695,0.4545454545454546,0.4117647058823529,REVERSAL,129832,84643,11092,-0.0,0.0,1.0,0.004060360920970753,65.25,pdh_sweep,610.0,0.3901437371663244,-610.0,2026-07-21,0.0
206.25454545454545,6580.0,7600.0,10.222222222222221,0.7470355731225298,7.636363636363637,0.3333333333333333,0.4772727272727273,0.3333333333333333,0.4117647058823529,NQ|NQU6|PDL|2026-07-23|1784813400,7600.0,1784813460,1784813340,True,0.3333333333333333,0.4772727272727273,0.3333333333333333,0.4117647058823529,NEITHER,139545,98477,10788,0.0,0.0,1.0,0.004848377997179126,68.75,pdl_sweep,-1020.0,0.42760180995475117,-1020.0,2026-07-23,0.0
121.88585607940446,5790.0,6490.0,10.8,0.8641975308641975,9.333333333333334,0.5,0.4375,0.3333333333333333,0.4,NQ|NQU6|PDL|2026-07-24|1784901000,6490.0,1784901060,1784901028,True,0.5,0.4375,0.3333333333333333,0.4,AMBIGUOUS,155121,67912,9090,1.0,1.0,1.0,0.008204397394136807,100.75,pdl_sweep,-700.0,0.4635761589403974,-700.0,2026-07-24,0.0
134.52,3090.0,3636.0,13.333333333333334,0.6499999999999999,8.666666666666666,0.5,0.4642857142857143,0.4444444444444444,0.4117647058823529,NQ|NQU6|PDL|2026-07-27|1785162060,3636.0,1785162120,1785162079,True,0.5,0.4642857142857143,0.4444444444444444,0.4117647058823529,REVERSAL,122087,53432,5060,-3.0,-3.0,0.25,0.007433838834374071,50.0,pdl_sweep,-546.0,0.3939393939393939,-546.0,2026-07-27,0.75
201.42292490118578,6486.0,6254.0,12.444444444444445,1.0,12.444444444444445,0.5,0.5,0.5,0.5294117647058824,NQ|NQU6|PDL|2026-07-28|1785245400,6254.0,1785245460,1785245391,True,0.5,0.5,0.5,0.5294117647058824,AMBIGUOUS,140593,110977,10216,0.0,0.0,1.0,0.004964678178963893,63.25,pdl_sweep,232.0,0.5,232.0,2026-07-28,0.0
120.4153005464481,4784.0,6234.0,7.2727272727272725,0.6678571428571428,4.857142857142857,0.5,0.4594594594594595,0.3,0.4444444444444444,NQ|NQU6|PDL|2026-07-29|1785335100,6234.0,1785335160,1785335108,True,0.5,0.4594594594594595,0.3,0.4444444444444444,CONTINUATION,133042,70767,7778,0.0,0.0,1.0,0.008304592485024506,91.5,pdl_sweep,-1450.0,0.40042826552462524,-1450.0,2026-07-29,0.0
132.16969696969696,2820.0,2632.0,12.88888888888889,0.7758620689655172,10.0,0.6666666666666666,0.46296296296296297,0.5714285714285714,0.5,NQ|NQU6|PDH|2026-07-29|1785351240,2820.0,1785351300,1785351288,True,0.33333333333333337,0.537037037037037,0.4285714285714286,0.5,REVERSAL,79800,38876,4104,-0.0,0.0,1.0,0.007566030814380044,41.25,pdh_sweep,-188.0,0.5631067961165048,188.0,2026-07-29,0.0
191.2751677852349,8752.0,5498.0,10.0,1.7333333333333332,17.333333333333332,0.5,0.609375,0.46153846153846156,0.5769230769230769,NQ|NQU6|PDH|2026-07-30|1785419400,8752.0,1785419460,1785419454,True,0.5,0.390625,0.5384615384615384,0.42307692307692313,REVERSAL,123028,67940,9038,-0.0,0.0,1.0,0.005228070175438596,74.5,pdh_sweep,-3254.0,0.36585365853658536,3254.0,2026-07-30,0.0
183.54609929078015,6274.0,6666.0,12.0,0.5555555555555556,6.666666666666667,0.5,0.425531914893617,0.375,0.4375,NQ|NQU6|PDH|2026-07-31|1785504600,6274.0,1785504660,1785504540,True,0.5,0.574468085106383,0.625,0.5625,CONTINUATION,143914,98971,10502,4.0,-4.0,0.5,0.00544822256568779,70.5,pdh_sweep,392.0,0.6428571428571428,-392.0,2026-07-31,0.5
202.97345132743362,2962.0,2772.0,17.77777777777778,0.875,15.555555555555555,0.5,0.4666666666666667,0.5,0.48484848484848486,NQ|NQU6|PDH|2026-08-03|1785767940,2962.0,1785768000,1785767956,True,0.5,0.5333333333333333,0.5,0.5151515151515151,REVERSAL,69803,35435,4114,-1.0,1.0,0.5,0.00492675270317405,28.25,pdh_sweep,-190.0,0.5333333333333333,190.0,2026-08-03,0.5
152.06201550387595,7870.0,6842.0,9.2,1.1111111111111112,10.222222222222221,0.5,0.5,0.5384615384615384,0.5714285714285714,NQ|NQU6|PDH|2026-08-04|1785850200,7870.0,1785850260,1785850140,True,0.5,0.5,0.46153846153846156,0.4285714285714286,CONTINUATION,128781,87293,11566,1.0,-1.0,1.0,0.00657626427406199,96.75,pdh_sweep,-1028.0,0.47368421052631576,1028.0,2026-08-04,0.0
343.35353535353534,8848.0,8148.0,10.222222222222221,0.7470355731225298,7.636363636363637,0.6666666666666666,0.4772727272727273,0.5,0.45454545454545453,NQ|NQU6|PDH|2026-08-05|1785936600,8848.0,1785936660,1785936540,True,0.33333333333333337,0.5227272727272727,0.5,0.5454545454545454,REVERSAL,135934,90474,12606,-2.0,2.0,0.5,0.0029124499882325254,49.5,pdh_sweep,-700.0,0.5723981900452488,700.0,2026-08-05,0.5
213.15887850467288,5516.0,5888.0,9.333333333333334,2.5285714285714285,23.6,0.75,0.7375,0.6875,0.6923076923076923,NQ|NQU6|PDL|2026-08-06|1786023000,1962.6666666666667,1786023060,1786022940,True,0.75,0.7375,0.6875,0.6923076923076923,CONTINUATION,120735,89189,8692,3.0,3.0,3.0,0.004691336373202385,53.5,pdl_sweep,-372.0,0.7165991902834008,-372.0,2026-08-06,0.0
135.2316384180791,3614.0,2370.0,21.77777777777778,0.8775510204081632,19.11111111111111,0.5,0.4673913043478261,0.5333333333333333,0.5263157894736842,NQ|NQU6|PDH|2026-08-10|1786370760,3614.0,1786370820,1786370815,True,0.5,0.5326086956521738,0.4666666666666667,0.4736842105263158,REVERSAL,98048,37701,4348,3.0,-3.0,1.0,0.0073947192513368985,44.25,pdh_sweep,-1244.0,0.532608695652174,1244.0,2026-08-10,0.0
217.86138613861385,5084.0,5918.0,15.11111111111111,0.8529411764705883,12.88888888888889,0.6666666666666666,0.4603174603174603,0.6,0.42857142857142855,NQ|NQU6|PDL|2026-08-11|1786455300,2959.0,1786455360,1786455322,True,0.6666666666666666,0.4603174603174603,0.6,0.42857142857142855,REVERSAL,148745,68873,8106,2.0,2.0,2.0,0.00459007453190329,50.5,pdl_sweep,-834.0,0.46031746031746035,-834.0,2026-08-11,0.0
167.4318181818182,8564.0,6170.0,14.222222222222221,1.15625,16.444444444444443,0.6,0.5362318840579711,0.4,0.5,NQ|NQU6|PDH|2026-08-13|1786628160,4282.0,1786628220,1786628203,True,0.4,0.46376811594202894,0.6,0.5,CONTINUATION,129642,56074,10536,-2.0,2.0,1.0,0.005972580426225058,88.0,pdh_sweep,-2394.0,0.463768115942029,2394.0,2026-08-13,0.0
311.53719008264466,5064.0,4360.0,17.77777777777778,1.075,19.11111111111111,0.6,0.5180722891566265,0.5652173913043478,0.525,NQ|NQU6|PDH|2026-08-14|1786715100,2532.0,1786715160,1786715122,True,0.4,0.4819277108433735,0.4347826086956522,0.475,REVERSAL,120146,68499,6738,-1.0,1.0,2.0,0.0032098896434634974,30.25,pdh_sweep,-704.0,0.48192771084337355,704.0,2026-08-14,0.0
