always_pts,bear_year,bull_10,bull_20,bull_20_and_5,bull_60,bull_ema,bull_open_pts,close_third,dip_bucket,gap_bucket,gap_points,instrument,prior_1d,prior_2d,prior_3d,ret_10,ret_20,ret_5,rth_close,rth_open,rth_up,st_1d,st_2d,st_3d,strength_20,trading_date,vol_bucket,year
8.92,False,True,True,True,True,True,8.92,middle,near_high,,,ES,0.00046353522867748076,0.003953794867819438,0.00030897574540422745,0.012114107073075475,0.04116417430455055,0.0030983733539891034,3258.5,3246.5,True,positive,positive,positive,strong,2020-01-02,weak,2020
15.67,False,True,True,True,True,True,15.67,upper,near_high,negative,-37.0,ES,0.007335907335907388,0.007802843016069483,0.011318706876502382,0.014938146736170443,0.045775212441878654,0.0055499884375243,3234.25,3221.5,True,positive,positive,positive,strong,2020-01-03,weak,2020
30.17,False,True,True,False,True,True,30.17,middle,near_high,negative,-19.75,ES,-0.007895745496358741,-0.0006177606177605321,-0.00015451174289216052,0.003411381609552233,0.028285396472270463,-0.00030897574540367234,3246.5,3214.5,True,negative,negative,negative,medium,2020-01-06,weak,2020
-2.08,False,True,True,True,True,True,-2.08,upper,near_high,negative,-7.0,ES,0.002163498686447163,-0.005749329244921442,0.001544401544401497,0.004336379123431877,0.034290271132375816,0.005504302659121052,3237.25,3239.5,False,positive,negative,positive,medium,2020-01-07,weak,2020
15.67,False,False,True,False,True,False,15.67,lower,near_high,positive,1.75,ES,-0.012104857363145705,-0.009967547519703301,-0.017784591797623595,-0.007205950720594934,0.02209636247606972,-0.010120519159455887,3253.75,3239.0,True,negative,negative,negative,medium,2020-01-08,weak,2020
2.42,False,True,True,True,True,True,2.42,upper,near_high,positive,17.25,ES,0.018340747678139424,0.006013878180416432,0.008190387884407402,0.010689388071262629,0.03687221869040047,0.00756756756756749,3275.5,3271.0,True,positive,positive,positive,strong,2020-01-09,medium,2020
-16.58,False,True,True,True,True,True,-16.58,upper,near_high,positive,6.5,ES,0.004904966278356904,0.02333567470537745,0.010948342328450433,0.010714561011331503,0.03057455002750986,0.005136067458796578,3265.75,3282.0,False,positive,positive,positive,medium,2020-01-10,weak,2020
14.17,False,True,True,True,True,True,14.17,lower,near_high,positive,7.25,ES,-0.004423428920073191,0.0004598405885960499,0.018809022086943017,0.008342345125907924,0.02884615384615441,0.008653994745789095,3288.5,3273.0,True,negative,positive,positive,medium,2020-01-13,weak,2020
-3.83,False,True,True,True,True,True,-3.83,upper,near_high,negative,-4.75,ES,0.009345794392523255,0.004881025015253115,0.009809932556713585,0.021474532909528277,0.031066593630174166,0.015882806476484435,3283.25,3283.75,False,positive,positive,positive,medium,2020-01-14,medium,2020
5.67,False,True,True,True,True,True,5.67,lower,near_high,negative,-1.0,ES,-0.004553734061930825,0.004749502068331468,0.0003050640634532087,0.013288009888751562,0.02645171388323697,0.02364785764457955,3291.0,3282.25,True,negative,positive,positive,medium,2020-01-15,medium,2020
9.92,False,True,True,True,True,True,9.92,upper,near_high,positive,14.25,ES,0.0054894784995425105,0.0009107468123861207,0.010265052857361567,0.01837837837837819,0.030715123094959162,0.010729613733905463,3317.5,3305.25,True,positive,positive,positive,medium,2020-01-16,medium,2020
3.17,False,True,True,True,True,True,3.17,upper,near_high,positive,7.75,ES,0.006900212314224996,0.012427569380908832,0.007817243472981072,0.017937907244154783,0.03314401307087822,0.012736424649176126,3328.25,3325.25,True,positive,positive,positive,medium,2020-01-17,medium,2020
1.92,False,True,True,True,True,True,1.92,middle,near_high,negative,-11.75,ES,-0.00022564874012787062,0.0009789893817306883,0.007885956930542948,0.024826522744795687,0.02927055908316545,0.008803885853066129,3321.25,3316.5,True,negative,positive,positive,medium,2020-01-21,medium,2020
-8.08,False,True,True,True,True,True,-8.08,middle,near_high,positive,9.25,ES,-0.0007523322299127777,-0.0009778112072208467,0.00022592062655335532,0.03660344962147799,0.02913373624670723,0.01265629765172327,3321.5,3330.5,False,negative,negative,positive,medium,2020-01-22,medium,2020
10.92,False,True,True,True,True,True,10.92,lower,near_high,negative,-8.0,ES,-0.0018069567836169753,-0.002557929581703422,-0.0027830011282438116,0.016094420600858195,0.02695584817970542,0.005307855626326852,3325.25,3313.5,True,negative,negative,negative,medium,2020-01-23,medium,2020
-36.33,False,True,True,True,True,True,-36.33,upper,near_high,positive,6.25,ES,0.004827274098657464,0.0030115946393616255,0.002256996689738111,0.01601586333129945,0.026902027287443175,0.003238195647262687,3294.5,3331.5,False,positive,positive,positive,medium,2020-01-24,medium,2020
5.42,False,True,True,False,True,True,5.42,lower,near_high,negative,-57.75,ES,-0.011860081068908568,-0.00709005883240299,-0.008884204186116462,0.008426535927684942,0.016839178124517407,-0.009853328318916943,3241.25,3236.75,True,negative,negative,negative,weak,2020-01-27,medium,2020
19.92,False,False,True,False,True,False,19.92,middle,modest_dip,positive,15.75,ES,-0.0036056770233985347,-0.015422994470501328,-0.010670171393574956,-0.004513139976929481,0.016864475359638975,-0.013200807428228933,3276.0,3257.0,True,negative,negative,negative,weak,2020-01-28,medium,2020
-16.33,False,True,True,False,True,False,-16.33,upper,near_high,positive,14.25,ES,0.008700338774253247,0.005063291139240533,-0.006856840973054834,0.008741473357499974,0.022145640030667657,-0.003865896359210641,3272.5,3290.25,False,positive,positive,negative,medium,2020-01-29,medium,2020
30.42,False,True,True,False,True,False,30.42,lower,near_high,negative,-23.5,ES,-0.0006106404091290596,0.008084385586695442,0.004449558879938698,0.0026216251968085302,0.02104818479501991,-0.002672047586701254,3282.75,3249.0,True,negative,positive,positive,medium,2020-01-30,medium,2020
-51.33,False,True,True,False,True,True,-51.33,upper,near_high,negative,-7.25,ES,0.004888108149392778,0.004274482863903417,0.013012011087157438,0.0006180709983516497,0.01856706514274542,-0.002611667558391151,3222.5,3275.5,False,positive,positive,positive,medium,2020-01-31,medium,2020
6.67,False,False,True,False,True,False,6.67,lower,modest_dip,positive,16.75,ES,-0.018925286919510564,-0.014129687619338638,-0.014731699870239034,-0.01950032696130266,0.007243328160213558,-0.009742999616417447,3247.0,3239.25,True,negative,negative,negative,weak,2020-02-03,medium,2020
9.17,False,False,True,False,True,False,9.17,lower,modest_dip,positive,39.5,ES,0.004493337465137914,-0.014516987155126615,-0.009699839608951377,-0.014872318225624959,0.009584976572474257,-0.0016938712657836863,3296.0,3286.5,True,positive,negative,negative,weak,2020-02-04,medium,2020
1.42,False,True,True,True,True,True,1.42,upper,near_high,positive,32.0,ES,0.016196205460434987,0.020762317942361275,0.0014440981986774126,0.0018367261713638783,0.03850740630672389,0.005724753835584906,3333.5,3328.0,True,positive,positive,positive,strong,2020-02-05,medium,2020
-0.33,False,True,True,True,True,True,-0.33,upper,near_high,positive,10.5,ES,0.012295081967213184,0.028690421101342123,0.03331267431050522,0.015990241296003793,0.03234201556578897,0.018712289009394256,3344.5,3344.0,True,positive,positive,positive,medium,2020-02-06,medium,2020
-9.58,False,True,True,True,True,True,-9.58,middle,near_high,negative,-11.5,ES,0.004348478032688563,0.01669702489374636,0.033163658799938434,0.015506126122048602,0.031770333450116484,0.018165235235996002,3326.75,3333.0,False,positive,positive,positive,medium,2020-02-07,medium,2020
31.17,False,True,True,True,True,True,31.17,lower,near_high,negative,-10.25,ES,-0.007763511495968989,-0.0034487929224771285,0.008803885853066351,0.019716148830072777,0.02830882359423037,0.029748992872637103,3351.5,3316.5,True,negative,negative,positive,medium,2020-02-10,medium,2020
-7.08,False,True,True,True,True,True,-7.08,upper,near_high,positive,14.75,ES,0.008576587421005089,0.0007464914899968367,0.005098215624531388,0.03218355404989248,0.02752516518858039,0.03393490667900689,3356.75,3366.25,False,positive,positive,positive,medium,2020-02-11,medium,2020
7.67,False,True,True,True,True,True,7.67,middle,near_high,positive,15.75,ES,0.002759958227659176,0.011360216671682188,0.0035085100029856875,0.026104877490267686,0.035074545938849955,0.020264116575592128,3378.25,3372.5,True,positive,positive,positive,medium,2020-02-12,medium,2020
11.92,False,True,True,True,True,True,11.92,middle,near_high,negative,-16.0,ES,0.0020084802499442667,0.0047739817991943045,0.01339151369244651,0.028794012067516972,0.031491124371878954,0.009896536212325557,3374.75,3362.25,True,positive,positive,positive,medium,2020-02-13,medium,2020
-0.33,False,True,True,True,True,True,-0.33,upper,near_high,positive,3.25,ES,0.002004454342984463,0.004016960499888533,0.006788005370729433,0.025841757239492225,0.02647580027854035,0.007539564048969716,3379.5,3378.0,True,positive,positive,positive,medium,2020-02-14,medium,2020
0.16999999999999998,False,True,True,True,True,True,0.16999999999999998,lower,near_high,negative,-11.0,ES,-0.0013311640289898063,0.0005186337704674582,0.002524127691165612,0.04149313589387682,0.02600371854705852,0.007310159630016466,3370.0,3368.5,True,negative,positive,positive,medium,2020-02-18,medium,2020
6.17,False,True,True,True,True,True,6.17,upper,near_high,positive,10.75,ES,0.0005924170616113944,-0.0007395355716609542,0.001111358079573188,0.02550091074681249,0.027384475108338968,0.005132782860968632,3386.25,3380.75,True,positive,negative,positive,medium,2020-02-19,medium,2020
-7.58,False,True,True,True,True,True,-7.58,upper,near_high,negative,-6.25,ES,0.00399644760213147,0.00459123222748814,0.003253956515308465,0.017094017094017033,0.033357595848072075,0.007126948775055819,3372.0,3380.0,False,positive,positive,positive,medium,2020-02-20,medium,2020
-19.83,False,True,True,False,True,True,-19.83,lower,near_high,negative,-14.75,ES,-0.010467344832669867,-0.006512729425695585,-0.005924170616113722,0.002090176171991809,0.017628712829380833,-0.005408609320589619,3337.0,3357.25,False,negative,negative,negative,weak,2020-02-21,medium,2020
-4.58,False,True,True,False,True,True,-4.58,lower,near_high,negative,-104.25,ES,-0.005289034564958328,-0.015701017249004856,-0.011767317939609168,0.004589226602467633,0.024395857307249358,-0.01249815116107078,3225.5,3232.75,False,negative,negative,negative,medium,2020-02-24,medium,2020
-114.58,False,False,True,False,True,False,-114.58,lower,modest_dip,positive,15.0,ES,-0.01781112626951642,-0.023005957171994385,-0.03323249071773937,-0.021694164484324263,0.009791194250319712,-0.028793836572634346,3127.75,3240.5,False,negative,negative,negative,weak,2020-02-25,medium,2020
-21.83,False,False,False,False,True,False,,lower,deep_dip,positive,14.5,ES,-0.027239756154024186,-0.044565711687130416,-0.04961903666256351,-0.050962281347783245,-0.026187767968723574,-0.05580861072811216,3116.25,3142.25,False,negative,negative,negative,,2020-02-26,strong,2020
-61.08,False,False,False,False,True,False,,lower,deep_dip,negative,-62.0,ES,-0.015310169760431536,-0.04213288062350484,-0.059193572836137576,-0.06736538812776116,-0.04051109585892798,-0.07396519077701202,2973.75,3054.25,False,negative,negative,negative,,2020-02-27,strong,2020
31.42,False,False,False,False,False,False,,lower,deep_dip,negative,-88.0,ES,-0.04382502215419315,-0.05846422338568935,-0.08411142835095287,-0.1100220408402276,-0.08702344647112192,-0.10518232160462992,2963.75,2885.75,True,negative,negative,negative,,2020-02-28,strong,2020
104.42,False,False,False,False,False,False,,upper,deep_dip,positive,16.75,ES,0.006993006993007089,-0.03713848384757901,-0.05188005711565913,-0.1054553511199875,-0.06290418793341113,-0.09413369713506126,3089.5,2980.5,True,positive,negative,negative,,2020-03-02,strong,2020
-84.58,False,False,False,False,True,False,,upper,deep_dip,positive,4.0,ES,0.056697499143542274,0.06408699214454616,0.017453356139822684,-0.05347692919178404,-0.014202718788048907,-0.025414884654400782,3001.0,3093.5,False,positive,positive,positive,,2020-03-03,strong,2020
66.17,False,False,False,False,False,False,,lower,deep_dip,positive,57.75,ES,-0.03039390500891559,0.024580335731414715,0.03174523318408218,-0.08278883303908391,-0.05939911293443412,-0.028574950605912197,3127.0,3058.75,True,negative,positive,positive,,2020-03-04,strong,2020
-32.83,False,False,False,False,True,False,,upper,deep_dip,negative,-80.0,ES,0.038786257627685394,0.0072134867887825305,0.06431997259335387,-0.051006248222078665,-0.03478413280707149,0.02479274248253982,3021.5,3047.0,False,positive,positive,positive,,2020-03-05,strong,2020
37.92,False,False,False,False,False,False,,lower,deep_dip,negative,-93.25,ES,-0.025830852176711994,0.011953523363704699,-0.018803695898849115,-0.0657403475959134,-0.06378758033200516,0.044078223934339134,2970.5,2928.25,True,negative,positive,negative,,2020-03-06,strong,2020
10.42,False,False,False,False,False,False,,middle,deep_dip,negative,-208.5,ES,-0.020733520568313235,-0.04602880824012234,-0.009027835827133734,-0.08024622983351759,-0.07602527136374981,0.015330592668722165,2735.75,2762.0,False,negative,negative,negative,,2020-03-09,strong,2020
32.92,False,False,False,False,False,False,,upper,deep_dip,positive,104.5,ES,-0.009477413640389676,-0.030014434058055484,-0.055069987825446254,-0.07244226888961991,-0.09256485887703525,-0.04825374766630086,2881.25,2840.25,True,negative,negative,negative,,2020-03-10,strong,2020
-61.83,False,False,False,False,False,False,,middle,deep_dip,negative,-79.0,ES,0.011177680407761681,0.0015943312666075737,-0.019172245401814614,-0.035810025212143826,-0.08494734597999443,-0.007447897921455171,2738.0,2802.25,False,positive,positive,negative,,2020-03-11,strong,2020
-49.83,False,False,False,False,False,False,,lower,deep_dip,negative,-175.0,ES,-0.033339228864520676,-0.02253420370204784,-0.031798051372896374,-0.05346374469738635,-0.11722752691284455,-0.0763632332039661,2469.75,2563.0,False,negative,negative,negative,,2020-03-12,strong,2020
48.67,False,False,False,False,False,False,,lower,deep_dip,positive,152.75,ES,-0.10703503796541947,-0.13680580120268837,-0.1271572923186981,-0.11603657189933947,-0.21329203228709803,-0.15335517221145312,2703.75,2622.5,True,negative,negative,negative,,2020-03-13,strong,2020
-106.33,False,False,False,False,False,False,,upper,deep_dip,negative,-190.25,ES,0.09199877061776451,-0.02488335925349927,-0.057392996108949434,-0.04141640502604882,-0.1425041746118868,-0.055890168290522735,2387.0,2513.5,False,positive,negative,negative,,2020-03-16,strong,2020
69.17,False,False,False,False,False,False,,middle,deep_dip,positive,56.75,ES,-0.04819863680623171,0.039365918479907336,-0.07188265206455258,-0.13657298027971265,-0.18274640587556745,-0.09279703744233436,2549.0,2443.75,True,negative,positive,negative,,2020-03-17,strong,2020
17.17,False,False,False,False,False,False,,lower,deep_dip,negative,-196.0,ES,-0.007570332480818398,-0.055404089581304716,0.03149757290778332,-0.11624875860958583,-0.18941349258113993,-0.1096172789924944,2392.75,2353.0,True,negative,negative,positive,,2020-03-18,strong,2020
24.42,False,False,False,False,False,False,,upper,deep_dip,negative,-18.0,ES,0.007421915266467405,-0.0002046035805626234,-0.04839337877312555,-0.14293208859550766,-0.18664790722778368,-0.0720725481971225,2398.25,2374.75,True,positive,negative,negative,,2020-03-19,strong,2020
-124.33,False,False,False,False,False,False,,middle,deep_dip,positive,22.5,ES,-0.035710631331218656,-0.028553757344603636,-0.03590792838874679,-0.1516242563817808,-0.20739677265918388,0.002044441509426953,2284.25,2420.75,False,negative,negative,negative,,2020-03-20,strong,2020
-38.83,False,False,False,False,False,False,,lower,deep_dip,negative,-4.75,ES,-0.037988115449915094,-0.07234216719533404,-0.06545716936398305,-0.16657256725626868,-0.23345197657378036,-0.11723466407010708,2216.75,2279.5,False,negative,negative,negative,,2020-03-23,strong,2020
77.67,False,False,False,False,False,False,,middle,deep_dip,positive,130.0,ES,0.028300810224808792,-0.010762399671252476,-0.04608869891557177,-0.13478590376855726,-0.19746397597484489,-0.0462838725833129,2433.0,2346.75,True,positive,negative,negative,,2020-03-24,strong,2020
37.17,False,False,False,False,False,False,,upper,deep_dip,positive,11.0,ES,0.07501942070802348,0.10544334132146505,0.06344963204800536,-0.08015972411093353,-0.11309922758166657,0.03308414930629877,2466.75,2444.0,True,positive,positive,positive,,2020-03-25,strong,2020
126.92,False,False,False,False,False,False,,middle,deep_dip,positive,26.25,ES,0.01930422215340144,0.09577183442459214,0.126783065160333,-0.030066073934980397,-0.08192237373145428,0.04526913626763318,2609.0,2493.0,True,positive,positive,positive,,2020-03-26,strong,2020
-5.08,False,True,True,True,False,False,-5.08,upper,deep_dip,negative,-81.0,ES,0.06512051853352241,0.08568184164343973,0.1671290644767507,0.15692840166960753,0.022682396006884042,0.15456795501691678,2532.0,2528.0,True,positive,positive,positive,medium,2020-03-27,strong,2020
63.92,False,True,False,False,False,False,,lower,deep_dip,positive,20.75,ES,-0.04155177331938764,0.020862872189588932,0.040569835862496184,0.015437017707784939,-0.02661873309604379,0.15029099623416609,2614.0,2552.75,True,negative,positive,positive,,2020-03-30,strong,2020
-27.08,False,True,False,False,False,False,,upper,deep_dip,negative,-11.5,ES,0.0521712907117009,0.008451707746880865,0.07412260587137398,0.12251749038578796,-0.030788068692302772,0.17699329823259857,2571.75,2602.5,False,positive,positive,positive,,2020-03-31,strong,2020
-15.33,False,True,False,False,False,False,,lower,deep_dip,negative,-96.25,ES,-0.029712429540460494,0.020908725371934223,-0.021511842564505446,0.09747300407433124,-0.030106870256843,0.06232682479086371,2455.75,2475.5,False,negative,positive,negative,,2020-04-01,strong,2020
65.17,False,True,False,False,False,False,,lower,deep_dip,negative,-8.0,ES,-0.026782197715636058,-0.055698863093532,-0.006433453960594915,0.060211465430675126,-0.09132677367623498,0.014295197901276424,2516.0,2447.75,True,negative,negative,negative,,2020-04-02,strong,2020
-20.08,False,True,False,False,False,False,,upper,deep_dip,negative,-12.5,ES,0.01365843787940113,-0.013489562820007794,-0.0428011846756472,0.1144914926874292,-0.05449245113512302,-0.0347112200328652,2479.5,2503.5,False,positive,negative,negative,,2020-04-03,strong,2020
86.42,False,True,False,False,False,False,,middle,deep_dip,positive,95.75,ES,-0.009781415310909258,0.0037434237150952843,-0.023139031114611908,0.1471689760393209,-0.0439179053762937,-0.002714113389625683,2646.75,2575.25,True,negative,positive,negative,,2020-04-06,strong,2020
-76.33,False,True,True,True,False,True,-76.33,upper,deep_dip,positive,93.0,ES,0.057568238213399514,0.04722372405580755,0.06152716423665905,0.17981962170946897,0.020796567713480707,0.002401308045776096,2649.75,2739.75,False,positive,positive,positive,medium,2020-04-07,strong,2020
68.92,False,True,True,True,False,True,68.92,lower,deep_dip,positive,28.0,ES,-0.004880337869544782,0.0524069478908189,0.042112918457412274,0.09213069151546494,0.004585796590502289,0.02805527077833947,2738.5,2677.75,True,negative,positive,positive,weak,2020-04-08,strong,2020
8.17,False,True,True,True,False,True,8.17,upper,near_high,positive,34.75,ES,0.03640479109685946,0.03134678554669179,0.09071960297766757,0.1104530488447335,0.07706608537684345,0.09480262860597355,2780.0,2773.25,True,positive,positive,positive,strong,2020-04-09,strong,2020
-17.58,False,True,True,True,False,True,-17.58,upper,near_high,negative,-11.25,ES,0.014469014469014496,0.05140054701499586,0.04626935710933844,0.0576457691629515,0.22362042925031633,0.09567809251751713,2753.0,2768.75,False,positive,positive,positive,strong,2020-04-13,strong,2020
29.92,False,True,True,True,False,True,29.92,upper,near_high,positive,54.5,ES,0.008746355685131268,0.023341921301105018,0.06059647016673053,0.11314965748739558,0.13033336846144272,0.11617909411194494,2837.0,2807.5,True,positive,positive,positive,strong,2020-04-14,strong,2020
-5.08,False,True,True,True,True,True,-5.08,upper,near_high,negative,-64.25,ES,0.023121387283236983,0.03206997084548102,0.04700300618667974,0.08241617299024306,0.21503108605799648,0.07982318488835527,2775.0,2772.75,True,positive,positive,positive,strong,2020-04-15,strong,2020
5.92,False,True,True,True,False,True,5.92,lower,modest_dip,positive,13.75,ES,-0.027630649717514166,-0.0051481213872832665,0.0035532069970845015,0.08473852794723258,0.19047125090141726,0.055136390795388124,2788.75,2788.75,False,negative,negative,positive,strong,2020-04-16,strong,2020
16.17,False,True,True,True,True,True,16.17,upper,near_high,positive,61.5,ES,0.04203359055832956,0.013241525423728806,0.03666907514450868,0.16143989602395292,0.23137189417320614,0.06086692311182107,2864.5,2850.25,True,positive,positive,positive,strong,2020-04-17,strong,2020
-4.58,False,True,True,True,True,True,-4.58,upper,near_high,negative,-41.75,ES,-0.00017424638438756634,0.04185201997276433,0.013064971751412413,0.14559054206733113,0.27675091323722123,0.04555393586005807,2813.25,2822.75,False,negative,positive,positive,strong,2020-04-20,strong,2020
-40.33,False,True,True,True,True,True,-40.33,lower,modest_dip,negative,-49.0,ES,-0.018037643778319956,-0.018208747168496298,0.02305946436677253,0.1360388558117327,0.3032285309624272,0.017792630057803294,2727.0,2764.25,False,negative,negative,positive,strong,2020-04-21,strong,2020
19.42,False,True,True,False,False,True,19.42,lower,modest_dip,positive,53.75,ES,-0.026887922619575844,-0.04444057162774484,-0.044607074403206215,0.04531612336561652,0.23328447323602974,-0.03195621468926557,2789.0,2780.75,True,negative,negative,negative,strong,2020-04-22,strong,2020
-10.58,False,True,True,True,True,True,-10.58,upper,modest_dip,positive,13.0,ES,0.013678643078606667,-0.013577069837607536,-0.0313698152666434,0.06481126827794226,0.16291306675784822,0.009169314571039422,2788.0,2802.0,False,positive,negative,negative,strong,2020-04-23,strong,2020
21.42,False,True,True,False,True,True,21.42,lower,modest_dip,positive,17.0,ES,-0.0032385750269880997,0.01039576873974113,-0.016771674505279832,0.024081330203779228,0.13719423538975706,-0.034675030493117265,2828.0,2805.0,True,negative,positive,negative,strong,2020-04-24,strong,2020
26.17,False,True,True,False,True,True,26.17,upper,near_high,positive,21.0,ES,0.02093862815884484,0.017632241813602123,0.03155207003465277,0.030612244897959107,0.0900226804638582,-0.01429069362147073,2869.25,2849.0,True,positive,positive,positive,strong,2020-04-27,strong,2020
-55.58,False,True,True,True,True,True,-55.58,upper,near_high,positive,39.25,ES,0.013967468175388964,0.035198555956678756,0.03184598776538339,0.03594653179190743,0.15316352703941738,0.017836542727837745,2856.0,2908.5,False,positive,positive,positive,strong,2020-04-28,strong,2020
19.42,False,True,True,True,True,True,19.42,lower,near_high,positive,57.25,ES,0.001394943330427223,0.015381895332390316,0.036642599277978416,0.0139477401129946,0.09751343246521271,0.04741929600583639,2929.75,2913.25,True,positive,positive,positive,strong,2020-04-29,strong,2020
-8.08,False,True,True,True,True,True,-8.08,upper,near_high,negative,-15.0,ES,0.025944628243078638,0.027375762859634056,0.04172560113154167,0.06981389014979578,0.1604683443785926,0.06009355883411338,2901.25,2914.75,False,positive,positive,positive,strong,2020-04-30,strong,2020
-37.58,False,True,True,True,True,True,-37.58,lower,modest_dip,negative,-51.0,ES,-0.02435505770536317,0.0009576876197110451,0.002353966870096258,0.0016553406516819358,0.16336247469832643,0.037635379061372154,2824.25,2850.25,False,negative,positive,positive,strong,2020-05-01,strong,2020
24.17,False,False,True,False,False,True,24.17,lower,modest_dip,negative,-20.0,ES,-0.019918239540749783,-0.04378818737270873,-0.0189796273724534,-0.018124782154060215,0.12482696305460861,-0.0038896746817539407,2833.0,2804.25,True,negative,negative,negative,strong,2020-05-04,strong,2020
3.17,False,True,True,True,True,True,3.17,upper,modest_dip,positive,30.25,ES,0.01944369430191739,-0.0008618293994950843,-0.025195897200101403,0.019353229869022215,0.15802487692839828,0.0014901087527470214,2858.75,2863.25,False,positive,negative,negative,strong,2020-05-05,strong,2020
-33.33,False,True,True,True,True,True,-33.33,middle,modest_dip,positive,18.75,ES,0.012450331125827718,0.032136105860113284,0.01157777166493501,0.06056079161332861,0.10862129528281406,0.012546547173233114,2840.0,2877.5,False,positive,positive,positive,strong,2020-05-06,strong,2020
-2.33,False,True,True,False,True,True,-2.33,lower,modest_dip,positive,34.5,ES,-0.01151229722658298,0.0007947019867549088,0.02025384823116383,0.03420478246390424,0.10123290607450275,-0.024421218442909565,2874.0,2874.5,False,negative,positive,positive,strong,2020-05-07,strong,2020
15.42,False,True,True,True,True,True,15.42,upper,modest_dip,positive,34.0,ES,0.020822304570319305,0.009070294784580435,0.02163355408388501,0.05916950935479193,0.08467572005133928,0.02075308025146483,2921.5,2908.0,True,positive,positive,positive,strong,2020-05-08,strong,2020
27.67,False,True,True,True,True,True,27.67,upper,near_high,negative,-21.25,ES,0.013137424373379503,0.03423328039527096,0.02232687946973666,0.05107617547758392,0.08325197676771423,0.055180484292015164,2922.25,2900.25,True,positive,positive,positive,strong,2020-05-11,strong,2020
-64.83,False,True,True,True,True,True,-64.83,middle,near_high,positive,12.75,ES,-0.004947961098788589,0.008124459809853102,0.029115934356802597,0.03146848816706749,0.06854620296931513,0.029933774834437044,2862.75,2935.0,False,negative,positive,positive,strong,2020-05-12,strong,2020
-45.58,False,False,True,False,True,False,-45.58,lower,modest_dip,negative,-5.5,ES,-0.029749657064471857,-0.034550418017403106,-0.021866897147795994,-0.000611436040512725,0.013327775921493368,-0.012994941566370155,2813.25,2857.25,False,negative,negative,negative,weak,2020-05-13,strong,2020
55.92,False,False,True,False,True,False,55.92,middle,modest_dip,negative,-27.0,ES,-0.004418132013784604,-0.034036351165980805,-0.03881590172325533,-0.03018827141311664,0.03751805807243169,-0.005911416975472039,2846.75,2786.25,True,negative,negative,negative,strong,2020-05-14,strong,2020
32.92,False,True,True,False,True,True,32.92,upper,modest_dip,negative,-26.25,ES,0.01313570604419989,0.008659538747017637,-0.02134773662551437,0.007078341492694262,0.008745399210795535,-0.013396715643906654,2859.0,2820.5,True,positive,positive,negative,weak,2020-05-15,strong,2020
29.92,False,True,True,False,True,True,29.92,upper,modest_dip,positive,68.0,ES,0.000350416119141439,0.013490725126475533,0.009012989308120334,0.02790530200738095,0.009274742333494013,-0.02584883125746451,2946.25,2927.0,True,positive,positive,positive,weak,2020-05-18,strong,2020
-17.83,False,True,True,True,True,True,-17.83,upper,near_high,negative,-6.5,ES,0.03380331027235317,0.0341655716162943,0.04775006656607794,0.04238410596026476,0.06255760517472897,0.01208847736625529,2916.25,2939.75,False,positive,positive,positive,strong,2020-05-19,strong,2020
9.17,False,True,True,True,True,True,9.17,lower,near_high,positive,38.25,ES,-0.009487505294366816,0.023995095892810347,0.024353920280332897,0.019797662654805537,0.08155741639060277,0.03322435274365976,2966.25,2954.5,True,negative,positive,positive,strong,2020-05-20,strong,2020
-23.08,False,True,True,True,True,True,-23.08,upper,near_high,negative,-2.0,ES,0.014025485333105214,0.00440491317238445,0.038357124091426664,0.04614434445032645,0.08192748417809392,0.05236531463566152,2944.0,2964.25,False,positive,positive,positive,strong,2020-05-21,strong,2020
5.67,False,True,True,True,True,True,5.67,middle,near_high,negative,-2.25,ES,-0.005060301931348543,0.008894210211237485,-0.0006776789495976931,0.019619706136559945,0.0799501038771373,0.0334647393780112,2950.25,2941.75,True,negative,positive,negative,strong,2020-05-22,strong,2020
-31.83,False,True,True,True,True,True,-31.83,upper,near_high,positive,66.0,ES,0.008794926004228376,0.011189285411545402,0.006072362317618207,0.0227194787379974,0.05490291455289342,0.010504023718763023,2987.75,3016.25,False,positive,positive,positive,strong,2020-05-26,strong,2020
9.92,False,True,True,True,True,True,9.92,lower,near_high,positive,29.75,ES,0.002598709028418078,0.011416490486257924,0.01381707213698391,0.05681717769726924,0.056171001586592384,0.022834174292311493,3031.25,3017.5,True,positive,positive,positive,strong,2020-05-27,strong,2020
-20.83,False,True,True,True,True,True,-20.83,upper,near_high,positive,12.25,ES,0.01755852842809369,0.020202866962863553,0.029175475687103658,0.0801455578237329,0.047537830558477934,0.026397908408535065,3026.5,3043.5,False,positive,positive,positive,strong,2020-05-28,strong,2020
21.17,False,True,True,True,True,True,21.17,lower,near_high,negative,-5.25,ES,-0.0056696795398520905,0.01178929765886294,0.014418643641545659,0.06009636443276367,0.0676000885153829,0.025769263372043882,3038.25,3021.25,True,negative,positive,positive,strong,2020-05-29,strong,2020
20.67,False,True,True,True,True,True,20.67,upper,near_high,negative,-5.5,ES,0.010577638211717977,0.004847986852916986,0.02249163879598659,0.07093440756633718,0.10081915563957078,0.03416490486257939,3052.75,3032.75,True,positive,positive,positive,strong,2020-06-01,strong,2020
10.92,False,True,True,True,True,True,10.92,middle,near_high,positive,9.5,ES,0.004297165523510449,0.014920257597472064,0.009165984978390274,0.04036849107895013,0.08446357944256122,0.029554031116355794,3078.0,3062.25,True,positive,positive,positive,strong,2020-06-02,strong,2020
24.92,False,True,True,True,True,True,24.92,upper,near_high,positive,20.75,ES,0.015716284045091733,0.020080985042558508,0.030871032648991603,0.06684087625805568,0.08796183203257035,0.0430242781007899,3119.25,3098.75,True,positive,positive,positive,strong,2020-06-03,strong,2020
-5.33,False,True,True,True,True,True,-5.33,upper,near_high,negative,-11.5,ES,0.011989630589760214,0.027894347074796322,0.032311379224857495,0.0646989842743344,0.11382882094060198,0.03731601121945638,3110.0,3107.75,True,positive,positive,positive,strong,2020-06-04,strong,2020
17.42,False,True,True,True,True,True,17.42,middle,near_high,positive,59.5,ES,-0.004562920268972093,0.007372002592352711,0.023204147124166852,0.06523123939668674,0.08613076328113345,0.03847061657406137,3189.5,3169.5,True,negative,positive,positive,strong,2020-06-05,strong,2020
25.17,False,True,True,True,True,True,25.17,upper,near_high,positive,10.25,ES,0.024607961399276235,0.0199327569644574,0.03216137394685692,0.0888600159370403,0.0984277161282634,0.05288819105859033,3229.75,3199.75,True,positive,positive,positive,strong,2020-06-08,strong,2020
3.92,False,True,True,True,True,True,3.92,upper,near_high,negative,-29.5,ES,0.011851503021740761,0.03675110574989948,0.03202049311559407,0.09215918449371019,0.11697247186432369,0.06080803093886278,3205.75,3200.25,True,positive,positive,positive,strong,2020-06-09,strong,2020
-16.08,False,True,True,True,True,True,-16.08,middle,near_high,positive,6.0,ES,-0.002171889543903238,0.009653873322345019,0.03449939686369108,0.0869624362839081,0.1487205741765072,0.04212572909915746,3188.0,3211.75,False,negative,positive,positive,strong,2020-06-10,strong,2020
-107.08,False,True,True,True,True,True,-107.08,lower,modest_dip,negative,-76.25,ES,-0.015935945273631846,-0.018073223704623054,-0.006435915548230309,0.05118342827626465,0.13543111051052903,0.01336855587576058,3003.5,3111.75,False,negative,negative,negative,strong,2020-06-11,strong,2020
-40.08,False,True,True,False,True,False,-40.08,lower,deep_dip,positive,76.0,ES,-0.043131368986491836,-0.05837997512437809,-0.060425069810735366,0.011579781146892065,0.07237204832751076,-0.025894652191395418,3039.0,3079.5,False,negative,negative,negative,strong,2020-06-12,strong,2020
82.42,False,True,True,False,True,False,82.42,middle,deep_dip,negative,-62.25,ES,0.002476677949310613,-0.040761513547673656,-0.056047885572139355,0.0034707875382198328,0.07465139336236915,-0.04693509143709307,3066.75,2976.75,True,positive,negative,negative,strong,2020-06-15,strong,2020
-39.58,False,True,True,False,True,True,-39.58,upper,modest_dip,positive,85.0,ES,0.03387567793074675,0.036436255024606456,-0.008266659521837694,0.03302496150029266,0.07472662044294998,-0.026190478039632592,3126.75,3151.75,False,positive,positive,negative,strong,2020-06-16,strong,2020
-23.58,False,True,True,False,True,True,-23.58,middle,modest_dip,positive,0.5,ES,0.012186264224033572,0.04647476011681273,0.04906654107970421,0.029434787111021876,0.09824311033204758,-0.012177937492346413,3102.0,3127.25,False,positive,positive,positive,strong,2020-06-17,strong,2020
14.67,False,True,True,False,True,True,14.67,lower,modest_dip,negative,-16.0,ES,-0.014272045925689647,-0.0022597046243241214,0.031539424280350614,0.0027203993785056557,0.0675953907294502,-0.010507683937412637,3103.0,3086.0,True,negative,negative,positive,strong,2020-06-18,strong,2020
-47.58,False,True,True,True,True,True,-47.58,upper,modest_dip,positive,38.25,ES,0.007926878589339159,-0.006458300111624848,0.005649261560810359,0.015301582412944326,0.08153096299515772,0.04229135452034716,3084.5,3141.25,False,positive,negative,positive,strong,2020-06-19,strong,2020
25.42,False,False,True,True,True,False,25.42,lower,modest_dip,negative,-5.5,ES,-0.018457587673541442,-0.010677020140742566,-0.024796683144633902,-0.02737280795720365,0.05905485982851766,0.020525657071339465,3106.0,3079.0,True,negative,negative,negative,strong,2020-06-22,strong,2020
-10.83,False,False,True,True,True,True,-10.83,upper,modest_dip,positive,28.25,ES,0.021093941623743007,0.0022470106733007977,0.01019170104343603,-0.018488651459686034,0.07196663399311065,0.007908966185134592,3119.75,3134.25,False,positive,positive,positive,strong,2020-06-23,strong,2020
-60.83,False,False,True,False,True,True,-60.83,middle,modest_dip,negative,-22.25,ES,-0.00344302986628231,0.017578284686452506,-0.0012037557178395941,-0.019739005743082627,0.06550687851158465,-0.007654281613777569,3040.25,3097.5,False,negative,positive,negative,strong,2020-06-24,strong,2020
39.42,False,False,True,False,True,False,39.42,lower,deep_dip,negative,-6.25,ES,-0.02386308854250363,-0.027223957082232353,-0.0067042760199492735,-0.027635513399306477,0.02213343455900696,-0.017309714470597704,3072.5,3034.0,True,negative,negative,negative,medium,2020-06-25,strong,2020
-64.58,False,True,True,False,True,False,-64.58,upper,modest_dip,negative,-11.5,ES,0.011770516091859307,-0.012373453318335281,-0.015773881015293534,0.028155471452058878,0.0400612867964536,-0.013562314420993538,2999.75,3061.0,False,positive,negative,negative,strong,2020-06-26,strong,2020
18.67,False,True,True,False,True,False,18.67,lower,deep_dip,positive,13.5,ES,-0.02277904328018221,-0.011276648283809476,-0.03487064116985383,0.002252816020025028,0.005731422604013048,-0.017905322541084234,3043.5,3013.25,True,negative,negative,negative,weak,2020-06-29,strong,2020
59.42,False,False,True,False,True,False,59.42,upper,modest_dip,negative,-5.25,ES,0.017066267066267127,-0.006101529450048715,0.005597168491233706,-0.014042450165442477,0.018518759958766617,-0.02177916566578597,3088.75,3038.25,True,positive,negative,positive,medium,2020-06-30,strong,2020
13.17,False,False,True,False,True,True,13.17,upper,modest_dip,positive,5.75,ES,0.010067938119014519,0.02730602730602749,0.0039049788480314263,-0.016105884228990508,0.01285482960851625,-0.00851679254378912,3104.75,3094.5,True,positive,positive,positive,weak,2020-07-01,strong,2020
-24.83,False,True,True,True,True,True,-24.83,upper,modest_dip,positive,37.25,ES,0.005672609400324102,0.015797658999754383,0.03313353313353318,0.0038016662622339936,0.006532407691276942,0.021483249650176894,3121.5,3142.0,False,positive,positive,positive,weak,2020-07-02,strong,2020
6.17,False,True,False,False,True,True,,lower,modest_dip,positive,42.0,ES,-0.0037572947477816365,0.0041901692183721195,0.009886547811993385,0.0188864361049792,-0.00900334664072222,0.03746253746253747,3169.25,3163.5,True,negative,positive,positive,,2020-07-06,strong,2020
-19.58,False,True,False,False,True,True,,upper,near_high,negative,-16.25,ES,0.019740009629273025,0.015908545846990085,0.024012892828364052,0.017535431179437566,-0.0012774267555201169,0.04018989932061867,3136.5,3153.0,False,positive,positive,positive,,2020-07-07,strong,2020
13.67,False,True,False,False,True,True,,lower,modest_dip,positive,8.5,ES,-0.011567516525023636,0.007944150216658619,0.004157006954992326,0.009239916439016449,-0.010681476067721518,0.017909238249594672,3160.25,3145.0,True,negative,positive,positive,,2020-07-08,strong,2020
-24.33,False,True,True,True,True,True,-24.33,upper,near_high,positive,7.0,ES,0.008598041557200897,-0.0030689329556184974,0.01661049590755903,0.04280187669767033,0.013983511461370002,0.02087026591458474,3143.25,3167.25,False,positive,negative,positive,weak,2020-07-09,strong,2020
34.17,False,True,True,True,True,True,34.17,upper,near_high,negative,-1.75,ES,-0.005130633830610187,0.0034232943237002544,-0.008183821214982734,0.025382362512202716,0.05425248634736013,0.007594531937005211,3175.25,3141.5,True,negative,positive,negative,strong,2020-07-10,strong,2020
-60.58,False,True,True,True,True,True,-60.58,upper,near_high,positive,25.25,ES,0.009044747699143096,0.003867708579998297,0.012499004856301177,0.05877455877455873,0.061159783062160855,0.020542449045096944,3148.0,3200.5,False,positive,positive,positive,strong,2020-07-13,strong,2020
57.67,False,True,True,False,True,True,57.67,lower,modest_dip,negative,-16.25,ES,-0.007626985375059014,0.0013487781656615905,-0.003788775751835338,0.033068674797413156,0.018561859414090387,-0.006846081208687571,3188.0,3131.75,True,negative,positive,negative,medium,2020-07-14,strong,2020
-9.33,False,True,True,True,True,True,-9.33,upper,near_high,positive,35.0,ES,0.017272799302749275,0.009514074540021955,0.018644874642970377,0.040437601296595904,0.02368043374262463,0.02213199586020198,3218.25,3223.0,False,positive,positive,positive,medium,2020-07-15,strong,2020
7.67,False,True,True,True,True,True,7.67,middle,near_high,negative,-21.0,ES,0.0025702936365761264,0.01988748910545901,0.012108822141846165,0.03722804190169149,0.04117123675483225,0.01602336411713612,3207.25,3197.25,True,positive,positive,positive,strong,2020-07-16,strong,2020
-2.33,False,True,True,True,True,True,-2.33,middle,near_high,positive,10.5,ES,-0.004505904288377827,-0.0019471921489211397,0.015291973694635752,0.02438244463985928,0.028328384559825892,0.01666137734052686,3216.5,3217.75,False,negative,negative,positive,medium,2020-07-17,strong,2020
33.17,False,True,True,True,True,True,33.17,middle,near_high,negative,-2.75,ES,0.0031996254097081955,-0.001320696084524453,0.0012462029753097514,0.03153586904188721,0.051017905322541246,0.010772133983330878,3242.75,3213.75,True,positive,negative,positive,strong,2020-07-20,strong,2020
-19.58,False,True,True,True,True,True,-19.58,upper,near_high,positive,21.0,ES,0.00917930766238828,0.01240830341813659,0.007846488502175397,0.020853005980484562,0.03875410361117759,0.027890024562237548,3249.5,3263.75,False,positive,positive,positive,strong,2020-07-21,strong,2020
21.17,False,True,True,True,True,True,21.17,middle,near_high,negative,-3.75,ES,0.004085408155399595,0.013302217036172737,0.01654440455751538,0.03701934559350373,0.04660131769243092,0.014564997273931235,3267.75,3245.75,True,positive,positive,positive,strong,2020-07-22,strong,2020
-41.08,False,True,True,True,True,True,-41.08,upper,near_high,negative,-3.5,ES,0.0013818516812529325,0.005472905264780614,0.014702450408401457,0.029599810561212303,0.07366861470079833,0.013362336855189616,3228.75,3264.25,False,positive,positive,positive,strong,2020-07-23,strong,2020
-3.08,False,True,True,True,True,True,-3.08,lower,near_high,negative,-19.75,ES,-0.008356332413370082,-0.006986027944111628,-0.002929160564248856,0.026261504284354364,0.05231044581841782,0.009442796940846154,3208.0,3209.0,False,negative,negative,negative,strong,2020-07-24,strong,2020
14.42,False,True,True,False,True,True,14.42,lower,modest_dip,positive,8.0,ES,-0.009354464630846548,-0.017632628028212194,-0.016275142023644884,0.007548356659852429,0.06676656676656667,-0.0031894204589653086,3231.0,3216.0,True,negative,negative,negative,strong,2020-07-27,medium,2020
-13.33,False,True,True,False,True,True,-13.33,upper,near_high,negative,-7.25,ES,0.010145153738098989,0.0006957866254349021,-0.007666360012266171,0.025592266856825807,0.05950724400425633,-0.0022354120095583463,3211.75,3223.75,False,positive,positive,negative,strong,2020-07-28,medium,2020
25.42,False,True,True,False,True,True,25.42,lower,modest_dip,positive,8.75,ES,-0.0057169344870210415,0.004370220071796549,-0.005025125628140725,0.0024145182646626573,0.04294975688816849,-0.011976047904191489,3250.25,3220.5,True,negative,positive,negative,strong,2020-07-29,medium,2020
17.92,False,True,True,False,True,True,17.92,upper,near_high,negative,-32.0,ES,0.010411810411810496,0.004635352286773919,0.014827532386452402,0.010254816656308341,0.04786462530217528,-0.0030665440049064685,3239.0,3218.25,True,positive,positive,positive,strong,2020-07-30,medium,2020
-4.58,False,True,True,True,True,True,-4.58,upper,near_high,positive,19.0,ES,0.005075361427253178,0.015540015540015606,0.009734239802225098,0.019978148899641335,0.044847709649052714,0.010436799381523088,3265.0,3258.0,True,positive,positive,positive,strong,2020-07-31,medium,2020
7.17,False,True,True,True,True,True,7.17,upper,near_high,positive,18.0,ES,0.000612088752869111,0.005690556751768661,0.016161616161616266,0.01734733566705593,0.04943026801476491,0.020602466052754842,3286.75,3283.0,True,positive,positive,positive,strong,2020-08-03,medium,2020
15.42,False,True,True,True,True,True,15.42,upper,near_high,negative,-8.75,ES,0.005581893255849568,0.006197398622800332,0.011304214087972886,0.01372080474832349,0.03485993075228233,0.015991965389369645,3300.0,3278.0,True,positive,positive,positive,medium,2020-08-04,medium,2020
4.67,False,True,True,True,True,True,4.67,upper,near_high,positive,14.25,ES,0.003421793019542152,0.009022786358770407,0.009640397857689331,0.013050821434055004,0.05055329989650503,0.02533022533022522,3320.0,3314.25,True,positive,positive,positive,strong,2020-08-05,medium,2020
27.67,False,True,True,True,True,True,27.67,upper,near_high,negative,-6.25,ES,0.005986662625037997,0.009428940764960814,0.015063465361676132,0.01770929162833479,0.04783329386691926,0.02083974161796376,3342.5,3313.75,True,positive,positive,positive,strong,2020-08-06,medium,2020
10.92,False,True,True,True,True,True,10.92,upper,near_high,negative,-10.5,ES,0.006629001883239116,0.012655350106092866,0.016120447114287728,0.033088519520680704,0.060218978102190235,0.022417750573833217,3344.75,3332.0,True,positive,positive,positive,strong,2020-08-07,medium,2020
2.92,False,True,True,True,True,True,2.92,upper,near_high,positive,5.25,ES,0.0019456708822869206,0.008587570621468865,0.014625644134586446,0.044872795380052954,0.05275986790375886,0.023780394555742435,3355.0,3350.0,True,positive,positive,positive,strong,2020-08-10,medium,2020
-45.58,False,True,True,True,True,True,-45.58,upper,near_high,positive,13.25,ES,0.0014937635372320734,0.0034423407917383297,0.010094161958568604,0.0359239802224971,0.0624356231677361,0.019618279978708797,3328.0,3368.25,False,positive,positive,positive,strong,2020-08-11,medium,2020
19.67,False,True,True,True,True,True,19.67,lower,near_high,positive,25.75,ES,-0.005369527929002915,-0.0038837851968033243,-0.0019456708822869206,0.03628593628593646,0.03878806760651199,0.010685056077599508,3373.5,3353.75,True,negative,negative,negative,strong,2020-08-12,weak,2020
2.67,False,True,True,True,True,True,2.67,upper,near_high,negative,-8.25,ES,0.010946989577865995,0.005518681482586274,0.007020688624990612,0.036834820055367645,0.04746737103791143,0.015668549905837992,3367.75,3365.25,True,positive,positive,positive,strong,2020-08-13,weak,2020
1.42,False,True,True,True,True,True,1.42,upper,near_high,negative,-4.25,ES,0.0015575168730994626,0.012521556571942538,0.0070847937952120965,0.03320581484315244,0.05384735445606381,0.010551522861632634,3367.75,3363.5,True,positive,positive,positive,strong,2020-08-14,weak,2020
-0.58,False,True,True,True,True,True,-0.58,middle,near_high,positive,11.0,ES,-0.003628554502369652,-0.002076689164132617,0.00884756691909705,0.02882703777335993,0.046674445740956916,0.0049294196728657536,3378.25,3378.75,False,negative,negative,positive,strong,2020-08-17,weak,2020
-0.08,False,True,True,True,True,True,-0.08,upper,near_high,positive,4.5,ES,0.006614641397250098,0.002962085308056972,0.004524215679003296,0.029883659037335475,0.044014491636475306,0.010067864866880383,3385.75,3382.75,True,positive,positive,positive,strong,2020-08-18,weak,2020
-19.08,False,True,True,True,True,True,-19.08,upper,near_high,positive,4.25,ES,0.0008860011813349722,0.00750650315867718,0.0038507109004741746,0.02728099424067909,0.040687855059112765,0.016420484366798993,3371.75,3390.0,False,positive,positive,positive,strong,2020-08-19,weak,2020
27.67,False,True,True,False,True,True,27.67,lower,near_high,negative,-19.0,ES,-0.007893183830038342,-0.007014176018901308,-0.0004459308807133189,0.013107344632768303,0.03104875804967766,-0.002521693985018003,3382.0,3352.75,True,negative,negative,negative,medium,2020-08-20,medium,2020
14.92,False,True,True,True,True,True,14.92,upper,near_high,negative,-3.5,ES,0.008104691798646702,0.00014753614635587553,0.0010336680448908009,0.014592531617151794,0.04816389640510299,0.003998815165876968,3393.75,3378.5,True,positive,positive,positive,strong,2020-08-21,weak,2020
2.42,False,True,True,True,True,True,2.42,upper,near_high,positive,26.75,ES,0.0005900575306092559,0.008699531563685081,0.0007376807317793777,0.013219807304503783,0.058685812392695436,0.008249721293199563,3428.5,3420.5,True,positive,positive,positive,strong,2020-08-24,weak,2020
4.42,False,True,True,True,True,True,4.42,upper,near_high,positive,6.25,ES,0.012310187232787762,0.01290750848207689,0.02111681165885937,0.024162875680513007,0.060954882571075064,0.013954518606024813,3440.25,3434.75,True,positive,positive,positive,strong,2020-08-25,weak,2020
27.67,False,True,True,True,True,True,27.67,upper,near_high,positive,6.5,ES,0.0034224131653681766,0.015774730945009585,0.01637409647440613,0.03321586563694989,0.07070707070707072,0.01652404839185606,3475.0,3446.75,True,positive,positive,positive,strong,2020-08-26,weak,2020
-0.08,False,True,True,True,True,True,-0.08,upper,near_high,positive,9.5,ES,0.009361393323657374,0.012815845044782614,0.025283797729618085,0.03159534228287497,0.06959397108582,0.034203286489701945,3482.25,3484.5,False,positive,positive,positive,strong,2020-08-27,weak,2020
8.67,False,True,True,True,True,True,8.67,upper,near_high,positive,11.5,ES,0.004241857789920145,0.013642960812771943,0.01711206582684044,0.034360189573459765,0.06870696250956376,0.030240448443722867,3505.0,3493.75,True,positive,positive,positive,strong,2020-08-28,weak,2020
1.92,False,True,True,True,True,True,1.92,upper,near_high,negative,-2.25,ES,0.0042239404352806265,0.00848371557984029,0.01792452830188651,0.042512077294685646,0.07256461232604372,0.03398201385817479,3492.5,3502.75,False,positive,positive,positive,strong,2020-08-31,weak,2020
15.17,False,True,True,True,True,True,15.17,lower,near_high,positive,9.0,ES,-0.002922934340913952,0.0012886597938144284,0.005535983895319507,0.0326343768458357,0.0634932704737281,0.018422777251875022,3525.0,3501.5,True,negative,positive,positive,strong,2020-09-01,weak,2020
38.67,False,True,True,True,True,True,38.67,upper,near_high,positive,21.25,ES,0.011154011154011156,0.008198474370856301,0.012457044673539475,0.04322809088226598,0.07168839042133968,0.0262699564586355,3576.5,3546.25,True,positive,positive,positive,strong,2020-09-02,weak,2020
-109.33,False,True,True,True,True,True,-109.33,upper,near_high,negative,-18.5,ES,0.013576580398812155,0.024882024882024956,0.02188636201611205,0.06580414900736131,0.07977401129943518,0.030555755266374218,3453.25,3558.0,False,positive,positive,positive,strong,2020-09-03,weak,2020
-30.33,False,True,True,False,True,True,-30.33,lower,modest_dip,positive,7.0,ES,-0.042346867587554016,-0.02934521284118219,-0.01851851851851838,0.012464965334119782,0.027239392352016667,-0.017253722794959736,3425.5,3460.25,False,negative,negative,negative,medium,2020-09-04,strong,2020
-31.08,False,True,True,False,True,True,-31.08,upper,modest_dip,negative,-59.75,ES,0.007174231332357284,0.0022583230130399645,-0.040184177480117156,0.0018204325347705996,0.026027295100305547,-0.01630201630201611,3332.25,3365.75,False,positive,positive,negative,medium,2020-09-08,strong,2020
37.42,False,False,False,False,True,False,,lower,deep_dip,positive,42.75,ES,-0.033943887192905975,-0.027013177159590063,-0.031762220441465816,-0.035486211901306186,-0.003449051510834189,-0.06017536416348457,3396.5,3375.0,True,negative,negative,negative,,2020-09-09,strong,2020
-72.33,False,False,True,False,True,False,-72.33,upper,modest_dip,positive,20.75,ES,0.026107892558874468,-0.008722197993894398,-0.0016105417276720546,-0.019483787475735093,0.01149595787287705,-0.04855588112180831,3338.0,3417.25,False,positive,negative,negative,weak,2020-09-10,strong,2020
-18.58,False,False,False,False,True,False,,lower,deep_dip,positive,19.0,ES,-0.018404458131690893,0.007222932811677074,-0.026966128797790367,-0.04159507445589894,-0.008664099526066393,-0.02476870401398712,3339.75,3357.0,False,negative,positive,negative,,2020-09-11,strong,2020
13.67,False,False,False,False,True,False,,middle,deep_dip,positive,23.75,ES,-0.002838574736684807,-0.02119079043848071,0.004363855240388181,-0.04833535324730842,-0.007878112225938372,-0.022767203513909262,3373.0,3363.5,True,negative,negative,positive,,2020-09-14,strong,2020
-9.58,False,False,False,False,True,False,,middle,modest_dip,positive,27.0,ES,0.01146153269907857,0.008590423545230541,-0.009972136676932086,-0.03460603460603451,-0.0031010041346720696,-0.01860735572030814,3390.25,3400.0,False,positive,positive,negative,,2020-09-15,strong,2020
-24.58,False,False,True,True,True,False,-24.58,middle,modest_dip,positive,14.0,ES,0.004665975411050294,0.01618098733987572,0.013296481661313475,-0.04080045255267983,0.0006639126586014399,0.020615454066661654,3376.75,3404.25,False,positive,positive,positive,weak,2020-09-16,strong,2020
21.17,False,False,True,False,True,False,21.17,lower,modest_dip,negative,-53.25,ES,-0.0030962034647991077,0.0015553251370168386,0.013034684246010952,-0.05657876377842874,0.005502267826604346,-0.008432321454758696,3347.25,3323.5,True,negative,positive,positive,weak,2020-09-17,strong,2020
-45.08,False,False,False,False,True,False,,middle,deep_dip,positive,7.75,ES,-0.009539303409006883,-0.012605971249539216,-0.007998814990371694,-0.02425876010781669,-0.012096179377489191,0.0005228953462317332,3307.75,3355.0,False,negative,negative,negative,,2020-09-18,strong,2020
2.42,False,False,False,False,True,False,,middle,deep_dip,negative,-49.75,ES,-0.009332536956846327,-0.018782814464246123,-0.021820862513822314,-0.028623718887262006,-0.02189296771340099,-0.005992958274027904,3270.5,3258.0,True,negative,negative,negative,,2020-09-21,strong,2020
17.42,False,False,False,False,True,False,,middle,deep_dip,positive,15.5,ES,-0.010550908131735648,-0.019784978348514226,-0.02913554684611408,-0.045718854484663285,-0.04398165004004906,-0.027625536957487706,3303.75,3286.0,True,negative,negative,negative,,2020-09-22,strong,2020
-87.08,False,False,False,False,True,False,,upper,deep_dip,positive,5.5,ES,0.006169548328128549,-0.0044464541412314595,-0.013737494400477779,-0.006094349559852552,-0.04136429608127701,-0.02617029119056391,3226.75,3309.25,False,positive,negative,negative,,2020-09-23,strong,2020
26.17,False,False,False,False,True,False,,lower,deep_dip,negative,-14.5,ES,-0.026040878122634337,-0.020031990250590326,-0.030371542693496067,-0.056606540548467366,-0.0749874182184197,-0.048583894106337455,3235.25,3212.25,True,negative,negative,negative,,2020-09-24,strong,2020
61.42,False,False,False,False,True,False,,upper,deep_dip,negative,-9.5,ES,0.011503186693611056,-0.014837244511733516,-0.008759235280676458,-0.02786285202061678,-0.0682989690721647,-0.028370912348812838,3287.5,3225.75,True,positive,negative,negative,,2020-09-25,strong,2020
7.42,False,False,False,False,True,False,,upper,deep_dip,positive,45.5,ES,0.009835561702781659,0.02145188869889636,-0.005147615442846254,-0.015506779534047443,-0.06309260711484954,-0.00957118094807441,3343.0,3333.0,True,positive,positive,negative,,2020-09-28,strong,2020
-10.33,False,False,False,False,True,True,,upper,deep_dip,negative,-2.25,ES,0.021229645411657172,0.031274012601813395,0.04313695010104146,-0.005999111242778854,-0.04039754039754029,0.022240840886586843,3324.75,3340.75,False,positive,positive,positive,,2020-09-29,strong,2020
26.42,False,False,False,False,True,False,,middle,deep_dip,positive,7.0,ES,-0.00566276730496984,0.015446659564753995,0.02543414784078668,-0.01621820862513823,-0.05635695092631876,0.010219530658591935,3349.5,3331.75,True,negative,positive,positive,,2020-09-30,strong,2020
-12.08,False,False,False,False,True,True,,upper,deep_dip,positive,27.75,ES,0.007568377669539217,0.0018627524029506404,0.02313194338761204,-0.00569400281002741,-0.06195060694851384,0.04508005596144882,3370.25,3377.25,False,positive,positive,positive,,2020-10-01,strong,2020
24.67,False,True,False,False,True,True,,middle,modest_dip,negative,-53.5,ES,0.0017105458872526125,0.009291869614087567,0.0035764846136649986,0.005599522174107641,-0.01879507539884928,0.03496234824035627,3338.5,3316.75,True,positive,positive,positive,,2020-10-02,strong,2020
36.92,False,True,False,False,True,True,,middle,modest_dip,positive,22.0,ES,-0.006459276857970209,-0.004759779860181612,0.0027725739977517705,0.008516090134900844,-0.020351390922401347,0.018262060569167238,3397.5,3360.5,True,negative,negative,positive,,2020-10-05,strong,2020
-48.58,False,True,False,False,True,True,,upper,near_high,positive,1.75,ES,0.013151995217456358,0.006607765981141878,0.008329614755317571,0.03267575596008809,-0.014536996656490553,0.010207883168169118,3349.25,3399.25,False,positive,positive,positive,,2020-10-06,strong,2020
32.92,False,True,True,True,True,False,32.92,lower,modest_dip,positive,32.0,ES,-0.012833751290750817,0.00014945449110759235,-0.006310787734798429,0.013171839515518702,0.006997216161311881,0.0029224428624952115,3407.0,3381.25,True,negative,positive,negative,weak,2020-10-07,strong,2020
7.92,False,True,True,True,True,True,7.92,upper,near_high,positive,21.5,ES,0.020322773460848875,0.0072282047499632185,0.020475265281721944,0.061402145188869994,0.0013198416190056683,0.015618027666220557,3437.5,3428.5,True,positive,positive,positive,weak,2020-10-08,strong,2020
8.17,False,True,True,True,True,True,8.17,upper,near_high,positive,18.75,ES,0.011643233743409587,0.03220263000597745,0.01895559817082182,0.06154910096818811,0.03197131545529275,0.025688618308709055,3468.75,3456.25,True,positive,positive,positive,medium,2020-10-09,strong,2020
29.17,False,True,True,True,True,True,29.17,upper,near_high,positive,28.0,ES,0.006587043069127718,0.018306971294669072,0.039001793185893696,0.058134226145183376,0.04172597198291972,0.039157076670154334,3525.0,3496.75,True,positive,positive,positive,strong,2020-10-12,strong,2020
-16.08,False,True,True,True,True,True,-16.08,upper,near_high,negative,-1.5,ES,0.01589242053789741,0.022584147665581034,0.03449033391915668,0.05260412785932522,0.04628943860168899,0.041967841864582134,3502.25,3523.5,False,positive,positive,positive,strong,2020-10-13,strong,2020
-22.83,False,True,True,True,True,True,-22.83,middle,near_high,positive,5.75,ES,-0.006512352233312146,0.009276571264202449,0.015924719507781404,0.0517047583364556,0.03464799115370454,0.048640167364016884,3480.5,3508.0,False,negative,positive,positive,medium,2020-10-14,strong,2020
35.92,False,True,True,True,True,True,35.92,lower,near_high,negative,-43.5,ES,-0.007053794086213094,-0.013520209527854599,0.0021573421544656135,0.036442064554514486,0.030540560526510552,0.020503807850029476,3475.75,3437.0,True,negative,negative,positive,medium,2020-10-15,strong,2020
-12.33,False,True,True,True,True,True,-12.33,upper,near_high,positive,14.25,ES,-7.175660160729791e-05,-0.007125044531528291,-0.013590995965173214,0.03459796569901297,0.040391219949231116,0.008686210640608039,3473.5,3490.0,False,negative,negative,negative,strong,2020-10-16,strong,2020
-75.83,False,True,True,False,True,True,-75.83,lower,modest_dip,positive,13.75,ES,-0.005453893074991001,-0.005525258323765714,-0.01254007837548976,0.03564489612912913,0.044464541412314595,-0.0033798360419963203,3421.0,3487.25,False,negative,negative,negative,strong,2020-10-19,strong,2020
6.17,False,True,True,False,True,True,6.17,middle,modest_dip,positive,14.0,ES,-0.007215527815859768,-0.012630068173663411,-0.0127009184845005,0.014825195456557472,0.04798537588544449,-0.026049408933248586,3434.25,3435.0,False,negative,negative,negative,strong,2020-10-20,strong,2020
-0.08,False,True,True,False,True,True,-0.08,middle,modest_dip,negative,-0.5,ES,0.0013809143106331412,-0.005844577530846329,-0.01126659490491555,0.029438135086671036,0.042997728993187545,-0.018311364446027656,3427.25,3433.75,False,positive,negative,negative,strong,2020-10-21,strong,2020
18.92,False,False,True,False,True,False,18.92,lower,modest_dip,positive,2.75,ES,-0.008999854841050925,-0.007631368558761453,-0.01479183202251233,-0.00014645577035721224,0.061246696720037574,-0.020235361653272,3447.5,3430.0,True,negative,negative,negative,strong,2020-10-22,strong,2020
-4.33,False,False,True,False,True,True,-4.33,upper,modest_dip,positive,12.5,ES,0.011205507543577076,0.0021048047612135523,0.003488625626862696,-0.000579080709373514,0.06093437836176463,-0.00918550412630037,3458.25,3460.0,False,positive,positive,positive,strong,2020-10-23,strong,2020
-40.58,False,False,True,False,True,True,-40.58,upper,modest_dip,negative,-36.5,ES,0.00028970811907003124,0.011498461989160713,0.0023951226593119657,-0.0068315834891411464,0.05090549383655518,-0.0034634533516124666,3394.5,3421.75,False,positive,positive,positive,strong,2020-10-26,strong,2020
-9.08,False,False,True,False,True,False,-9.08,middle,modest_dip,positive,2.75,ES,-0.017449858808196383,-0.017165206054899684,-0.006152043357257941,-0.03942804558646573,0.011102004321585923,-0.013736463405770505,3383.25,3397.25,False,negative,negative,negative,weak,2020-10-27,strong,2020
-52.83,False,False,True,False,True,False,-52.83,lower,modest_dip,negative,-62.25,ES,-0.0078113485630065815,-0.025124900441676923,-0.024842471210255623,-0.0406840042750265,0.00891719745222952,-0.02278995500072578,3266.75,3321.0,False,negative,negative,negative,weak,2020-10-28,strong,2020
50.42,False,False,False,False,False,False,,lower,deep_dip,positive,2.0,ES,-0.024955436720142554,-0.032571849668386,-0.04945333429874732,-0.05797933409873679,-0.023650156180276327,-0.03852350959425799,3299.75,3268.75,True,negative,negative,negative,,2020-10-29,strong,2020
-37.33,False,False,False,False,False,False,,lower,deep_dip,negative,-18.25,ES,-0.001828153564899404,-0.026737967914438387,-0.03434045689019882,-0.05963401506996735,-0.0270992649788393,-0.05091620192655888,3265.25,3281.5,False,negative,negative,negative,,2020-10-30,strong,2020
-7.08,False,False,False,False,False,False,,upper,deep_dip,positive,36.75,ES,0.0006868131868131844,-0.0011425959780620998,-0.026069518716577478,-0.05382783750631326,-0.020101629053952297,-0.050539425095937895,3301.75,3302.0,False,positive,negative,negative,,2020-11-02,strong,2020
41.92,False,False,False,False,False,False,,upper,deep_dip,positive,35.25,ES,0.009380004575612055,0.010073260073260037,0.008226691042047651,-0.038011483392687895,-0.023749815607021052,-0.024613117170228183,3359.25,3337.0,True,positive,positive,positive,,2020-11-03,strong,2020
36.17,False,False,True,True,True,True,36.17,upper,modest_dip,positive,49.75,ES,0.02258990631610769,0.032181804316327556,0.032890720390720496,-0.017636812309478667,0.01128212791392813,0.005273321449792201,3435.0,3409.0,True,positive,positive,positive,weak,2020-11-04,strong,2020
13.42,False,True,True,True,True,True,13.42,upper,modest_dip,positive,57.25,ES,0.014998152936830378,0.03792686612269569,0.04766262487607742,0.006152043357258163,0.006004686584651919,0.04646556977452798,3502.5,3492.25,True,positive,positive,positive,weak,2020-11-05,strong,2020
10.42,False,True,True,True,True,True,10.42,upper,near_high,negative,-3.25,ES,0.01892560780317365,0.034207609900258396,0.05757026291931089,0.013833562685594547,0.013246471226928014,0.0682234432234432,3501.75,3499.25,True,positive,positive,positive,weak,2020-11-06,strong,2020
-81.83,False,True,True,True,True,True,-81.83,upper,near_high,positive,138.75,ES,0.0030004286326617002,0.021982821371378414,0.03731067602511984,0.016580986170444012,0.00963612828994731,0.07069320521619793,3546.5,3640.5,False,positive,positive,positive,weak,2020-11-09,strong,2020
4.17,False,True,True,True,True,True,4.17,lower,modest_dip,negative,-11.25,ES,0.010897435897435859,0.013930561508786798,0.03311981365555372,0.04591009579955774,0.0046719048630285975,0.07230281051677223,3541.75,3535.25,True,positive,positive,positive,weak,2020-11-10,strong,2020
2.67,False,True,True,True,True,True,2.67,middle,modest_dip,positive,23.0,ES,-0.003029662509687836,0.007834757834757733,0.010858694099156851,0.0509506833036244,0.008193801211257679,0.04543775397118566,3567.0,3564.75,True,negative,positive,positive,weak,2020-11-11,strong,2020
-29.83,False,True,True,True,True,True,-29.83,upper,modest_dip,negative,-10.0,ES,0.008833922261484162,0.005777495948707134,0.016737891737891752,0.0873705057891534,0.02432548794489109,0.03908865919347804,3533.5,3557.0,False,positive,positive,positive,medium,2020-11-12,strong,2020
26.17,False,True,True,True,True,True,26.17,middle,modest_dip,positive,20.0,ES,-0.009597197898423837,-0.000848056537102404,-0.0038751497216937825,0.07890720390720385,0.014567635450305483,0.010001428775539223,3581.75,3553.5,True,negative,negative,negative,weak,2020-11-13,strong,2020
3.17,False,True,True,True,True,True,3.17,upper,modest_dip,positive,29.25,ES,0.013438958834347092,0.0037127845884412647,0.012579505300353455,0.0926561427590944,0.03384082545638223,0.02051282051282044,3626.25,3611.0,True,positive,positive,positive,medium,2020-11-16,strong,2020
5.67,False,True,True,True,True,True,5.67,upper,near_high,negative,-25.5,ES,0.011795086543830324,0.025392559060687603,0.015551663747810807,0.09527047446358394,0.05363761901301012,0.021419009370816644,3607.5,3600.75,True,positive,positive,positive,strong,2020-11-17,strong,2020
-40.33,False,True,True,True,True,True,-40.33,middle,near_high,positive,2.25,ES,-0.004000827757467018,0.007747068676716928,0.021290140048097372,0.06678980421130376,0.04797503266076353,0.020424028268551497,3563.5,3609.75,False,negative,positive,positive,strong,2020-11-18,strong,2020
21.92,False,True,True,False,True,True,21.92,lower,modest_dip,negative,-6.75,ES,-0.012881778516517728,-0.01683106849693028,-0.00523450586264651,0.037487261610132716,0.04386992822616098,-0.001541155866900179,3578.0,3556.75,True,negative,negative,negative,strong,2020-11-19,strong,2020
-18.83,False,True,True,True,True,True,-18.83,lower,modest_dip,negative,-2.5,ES,-0.004139479407843982,-0.016967934067456225,-0.02090087604331925,0.014002000285755267,0.028029260520026522,0.003960956288018069,3553.5,3575.5,False,negative,negative,negative,medium,2020-11-20,strong,2020
0.16999999999999998,False,True,True,False,True,True,0.16999999999999998,lower,modest_dip,positive,19.5,ES,0.0008454276454838983,-0.0032975513926893907,-0.01613685158251965,0.011823361823361855,0.028600390992687075,-0.008514796203238473,3575.5,3573.0,True,positive,negative,negative,medium,2020-11-23,strong,2020
30.42,False,True,True,False,True,True,30.42,upper,modest_dip,positive,27.0,ES,0.011333239476277734,0.012188248555727865,0.00799831614396962,0.012259564574085724,0.058732498157700874,-0.008967372559839815,3632.5,3602.5,True,positive,positive,positive,strong,2020-11-24,strong,2020
-5.58,False,True,True,True,True,True,-5.58,upper,near_high,negative,-0.75,ES,0.013990394654416427,0.0254821906236804,0.02634916161758505,0.02954063604240309,0.08199643493761144,0.008934136713068863,3627.25,3631.75,False,positive,positive,positive,strong,2020-11-25,strong,2020
-10.08,False,True,True,True,True,True,-10.08,upper,near_high,positive,1.25,ES,0.004626752296112091,0.001376651982378796,-0.0013728720483251466,0.015354550530430222,0.10943338671547354,0.024074334788118046,3620.75,3628.5,False,positive,positive,negative,strong,2020-11-30,strong,2020
7.92,False,True,True,True,True,True,7.92,upper,near_high,positive,35.5,ES,0.0006186417376958797,0.005248256335888435,0.001996145374449254,0.004138787335310923,0.09980356603203377,0.0132247511658663,3660.75,3656.25,True,positive,positive,positive,strong,2020-12-01,strong,2020
15.42,False,True,True,True,True,True,15.42,middle,near_high,negative,-12.0,ES,0.005289551418561578,0.0059114654935386035,0.010565568676196513,0.013505090380220519,0.08119689693387522,0.004530477759472795,3668.0,3648.75,True,positive,positive,positive,strong,2020-12-02,medium,2020
-10.58,False,True,True,True,True,True,-10.58,upper,near_high,negative,-1.0,ES,0.002323356566898971,0.007625197499484759,0.008248556502612026,0.029116677190766937,0.06769544329596755,0.009636563876651794,3667.0,3667.0,False,positive,positive,positive,strong,2020-12-03,medium,2020
21.67,False,True,True,True,True,True,21.67,middle,near_high,positive,5.75,ES,0.000818107444777727,0.0031433647669809606,0.008449543175104823,0.03423981964210232,0.04872124589227056,0.013742144879497431,3698.75,3672.75,True,positive,positive,positive,strong,2020-12-04,medium,2020
-4.08,False,True,True,True,True,True,-4.08,upper,near_high,negative,-8.25,ES,0.005517711171662221,0.006340332697027717,0.008678420117534502,0.0390679994368579,0.05135327635327669,0.014641187792136412,3691.25,3690.5,True,positive,positive,positive,strong,2020-12-07,medium,2020
22.92,False,True,True,True,True,True,22.92,middle,near_high,negative,-14.25,ES,-0.002100128717566596,0.0034059945504087974,0.004226888464685219,0.02526623512215531,0.03783555273726469,0.011884316823521424,3701.75,3677.0,True,negative,positive,positive,strong,2020-12-08,medium,2020
-36.08,False,True,True,True,True,True,-36.08,upper,near_high,positive,7.0,ES,0.006517311608961407,0.004403495698123594,0.009945504087193635,0.017710049423393714,0.0477738515901065,0.013120131201312057,3668.75,3708.75,False,positive,positive,positive,strong,2020-12-09,medium,2020
20.42,False,True,True,True,True,True,20.42,lower,near_high,negative,-15.25,ES,-0.008566032645352717,-0.002104548540393658,-0.00420025743513297,0.01177037444933915,0.029702276707530784,0.0021134442323427205,3667.25,3653.5,True,negative,negative,negative,medium,2020-12-10,medium,2020
11.17,False,True,True,True,True,True,11.17,upper,near_high,negative,-18.75,ES,-0.0006803183890060627,-0.009240523404829282,-0.002783435166327175,0.014363648919273997,0.038972980619606856,0.0006130790190739255,3662.5,3648.5,True,negative,negative,negative,strong,2020-12-11,medium,2020
-30.83,False,True,True,False,True,True,-30.83,upper,near_high,positive,16.25,ES,-0.0033358295323030474,-0.004013878495135681,-0.012545528126264527,0.00632389331866956,0.02177554438861007,-0.00819727660727576,3638.75,3678.75,False,negative,negative,negative,medium,2020-12-14,medium,2020
15.42,False,True,True,False,True,True,15.42,lower,near_high,positive,28.5,ES,-0.0035519125683060038,-0.006875893525767562,-0.0075515341179671625,0.0021295596620187762,0.006277160791888559,-0.009640190088255118,3687.75,3667.25,True,negative,negative,negative,weak,2020-12-15,medium,2020
5.92,False,True,True,False,True,True,5.92,upper,near_high,positive,3.25,ES,0.010830819851933127,0.007240437158470003,0.0038804547620669982,0.007653409867432126,0.021261860239629504,-0.005395926075812629,3694.75,3691.0,True,positive,positive,positive,medium,2020-12-16,medium,2020
1.67,False,True,True,True,True,True,1.67,middle,near_high,positive,16.75,ES,0.002509155025091525,0.013367151083081952,0.009767759562841594,0.007840196345787254,0.03718515400266642,0.005714674467650838,3713.5,3711.5,True,positive,positive,positive,strong,2020-12-17,weak,2020
-13.58,False,True,True,True,True,True,-13.58,upper,near_high,positive,2.5,ES,0.004802814043157744,0.007324020073240289,0.018234165067178454,0.011852861035422935,0.046498520501620844,0.01123289536387806,3700.25,3716.0,False,positive,positive,positive,strong,2020-12-18,weak,2020
22.67,False,True,True,True,True,True,22.67,upper,near_high,negative,-44.5,ES,0.0008078632018311271,0.005614557261719666,0.0081378000813781,0.007113339204661173,0.04645924257356082,0.015437158469945533,3685.5,3655.75,True,positive,positive,positive,strong,2020-12-21,weak,2020
-12.33,False,True,True,True,True,True,-12.33,upper,near_high,positive,2.25,ES,-0.008879321942688034,-0.008078632018311604,-0.0033146181424608123,0.00027155465037376203,0.025544650936173863,0.010008225939127868,3678.25,3687.75,False,negative,negative,negative,medium,2020-12-22,weak,2020
-1.58,False,False,True,False,True,True,-1.58,middle,near_high,positive,10.0,ES,-6.787023211618504e-05,-0.008946589533162963,-0.008145953951797513,-0.006272764063132263,0.01132619439868221,-0.0008815950088157942,3681.0,3688.25,False,negative,negative,negative,weak,2020-12-23,weak,2020
3.42,False,True,True,False,True,True,3.42,upper,near_high,positive,41.75,ES,0.00230711813801987,0.0025792438742957557,0.0025111985882992904,0.005582408605079081,0.020026241281679846,-0.005587720479332203,3727.75,3722.75,True,positive,positive,positive,medium,2020-12-28,weak,2020
-25.83,False,True,True,True,True,True,-25.83,upper,near_high,positive,16.5,ES,0.011441337756414649,0.01377485241229559,0.014050091631032435,0.020491803278688714,0.026945284575200068,0.004977801695143169,3721.25,3744.25,False,positive,positive,positive,medium,2020-12-29,weak,2020
-2.83,False,True,True,True,True,True,-2.83,lower,near_high,positive,8.0,ES,-0.0035475234270414546,0.007853225915645634,0.010178462373617414,0.020496298327392193,0.022669506079549873,0.010384145513777865,3725.0,3729.25,False,negative,positive,positive,medium,2020-12-30,weak,2020
22.42,False,True,True,True,True,True,22.42,middle,near_high,negative,-1.75,ES,0.0012762813192719324,-0.0022757697456491366,0.009139530160449771,0.010850400108504354,0.01858685253519221,0.011742347111925788,3744.25,3723.25,True,positive,negative,positive,medium,2020-12-31,weak,2020
-65.08,False,True,True,True,True,True,-65.08,upper,near_high,positive,14.25,ES,0.005970750033543526,0.007254651709545312,0.003681392235609149,0.014340796861259886,0.022293427870194282,0.01750695528262214,3693.5,3758.5,False,positive,positive,positive,medium,2021-01-04,weak,2021
34.17,False,False,True,True,True,True,34.17,middle,modest_dip,negative,-8.0,ES,-0.014804934978326134,-0.008922581510801053,-0.0076576879156310396,-0.005453076612360386,0.006335149863760936,0.0001354004468216985,3717.5,3685.5,True,negative,negative,negative,weak,2021-01-05,medium,2021
39.92,False,False,True,False,True,True,39.92,upper,near_high,negative,-15.5,ES,0.005618357814932695,-0.009269756585528532,-0.0033543539514289122,-0.0006726759047489539,0.006435878328027167,-0.005622489959839272,3740.5,3702.0,True,positive,negative,negative,weak,2021-01-06,medium,2021
36.42,False,True,True,True,True,True,36.42,upper,near_high,positive,25.25,ES,0.009625740441572495,0.015298179110539545,0.0002667555851951775,0.0179856115107917,0.018262050237611183,0.007523342513602538,3795.25,3765.75,True,positive,positive,positive,medium,2021-01-07,medium,2021
7.17,False,True,True,True,True,True,7.17,upper,near_high,positive,15.0,ES,0.01326755117007794,0.023021001615508796,0.028768699654775576,0.031561800040725174,0.025091056252529276,0.019589427076345034,3817.0,3810.25,True,positive,positive,positive,medium,2021-01-08,medium,2021
8.67,False,True,True,True,True,True,8.67,upper,near_high,negative,-34.25,ES,0.005921831819976298,0.019267951196746402,0.02907915993537946,0.03738888511908822,0.04007075311245689,0.01953984661553876,3792.25,3782.75,True,positive,positive,positive,strong,2021-01-11,medium,2021
3.17,False,True,True,True,True,True,3.17,middle,near_high,positive,0.75,ES,-0.0064756671899528495,-0.0005921831819976076,0.012667511167411272,0.028298693385688356,0.03403907686023633,0.028159480132674553,3792.75,3793.0,False,negative,negative,positive,medium,2021-01-12,medium,2021
13.17,False,True,True,True,True,True,13.17,upper,near_high,negative,-1.5,ES,-0.00019751135690304622,-0.006671899529042347,-0.0007895775759968471,0.016465863453815288,0.037295081967213095,0.02221324717285933,3802.5,3791.25,True,negative,negative,negative,strong,2021-01-13,medium,2021
-22.83,False,True,True,True,True,True,-22.83,upper,near_high,positive,7.75,ES,0.0026340050046094188,0.0024359734018037926,-0.004055468341182644,0.022771545643849977,0.04373457636413458,0.015134342289485847,3790.25,3810.25,False,positive,positive,negative,strong,2021-01-14,medium,2021
-11.08,False,True,True,False,True,True,-11.08,lower,near_high,negative,-18.75,ES,-0.0030211480362537513,-0.00039510075069149053,-0.0005925340707091387,0.018381859653830324,0.02943171029431757,-0.0011843663639952151,3761.75,3771.5,False,negative,negative,negative,medium,2021-01-15,medium,2021
5.67,False,True,True,False,True,True,5.67,upper,near_high,positive,26.5,ES,0.007140473807140557,-0.005797101449275366,-0.008800735583869623,0.02159344750558434,0.016022620169650947,-0.006386200539864384,3790.25,3788.25,True,positive,negative,negative,weak,2021-01-19,medium,2021
33.17,False,True,True,True,True,True,33.17,upper,near_high,positive,25.25,ES,0.008083752981712156,0.015281948615281982,0.0022397891963108485,0.024098007539041344,0.023409121485268303,0.0018438035032266598,3842.75,3815.5,True,positive,positive,positive,medium,2021-01-20,medium,2021
0.42,False,True,True,True,True,True,0.42,upper,near_high,positive,6.5,ES,0.01169975023005132,0.019878081102570944,0.02716049382716057,0.026201746783118818,0.04465861273245597,0.010902403783003,3846.25,3849.25,False,positive,positive,positive,strong,2021-01-21,medium,2021
13.42,False,True,True,True,True,True,13.42,lower,near_high,negative,-20.0,ES,-0.0010395010395010118,0.010648087288024355,0.01881791677710054,0.011712067377286584,0.04364352134663729,0.01291172595520429,3832.75,3826.25,True,negative,positive,positive,strong,2021-01-22,medium,2021
3.42,False,True,True,True,True,True,3.42,middle,near_high,positive,8.25,ES,-0.0036420395421435936,-0.004677754677754664,0.006967266990929533,0.002093144950288117,0.039560290425460165,0.02235568902235574,3848.5,3841.0,True,negative,negative,positive,strong,2021-01-25,medium,2021
-16.33,False,True,True,True,True,True,-16.33,upper,near_high,positive,9.75,ES,0.004046997389034024,0.00039021852237253185,-0.0006496881496880214,0.012706563960761308,0.041364836503960056,0.019215478399152053,3842.5,3858.25,False,positive,positive,negative,strong,2021-01-26,medium,2021
-62.33,False,True,True,True,True,True,-62.33,middle,near_high,negative,-36.5,ES,0.00039006631127280755,0.004438642297650119,0.0007804370447448417,0.013301725273278109,0.02998661311914308,0.011436834494544579,3749.0,3806.0,False,positive,positive,positive,medium,2021-01-27,medium,2021
24.17,False,False,False,False,True,False,,lower,modest_dip,positive,18.25,ES,-0.036002079542500676,-0.035626056429593156,-0.03172323759791129,-0.025745435439379794,-0.0035601531537582387,-0.036252598752598786,3779.75,3767.25,True,negative,negative,negative,,2021-01-28,strong,2021
-39.58,False,False,True,False,True,False,-39.58,middle,modest_dip,negative,-19.75,ES,0.01570715922879873,-0.02086041070964384,-0.02047848134182817,-0.007444005270092147,0.010801019723600813,-0.0200962539021855,3705.0,3760.0,False,positive,negative,negative,weak,2021-01-29,strong,2021
32.92,False,False,False,False,True,False,,lower,modest_dip,positive,35.75,ES,-0.01865002986659592,-0.003235809626533692,-0.039121393293475415,-0.013279946613280025,-0.013937979326441474,-0.03485639686684083,3764.75,3740.75,True,negative,negative,negative,,2021-02-01,strong,2021
24.42,False,False,True,False,True,False,24.42,upper,modest_dip,positive,34.5,ES,0.019816042202082995,0.0007964425565805122,0.016516111635431985,-0.0008613835144447579,0.020713463751438344,-0.019698348719282444,3818.5,3799.25,True,positive,positive,positive,medium,2021-02-02,strong,2021
-0.83,False,True,True,False,True,True,-0.83,upper,near_high,positive,8.75,ES,0.015650905232442502,0.03577708643311239,0.016459812835999177,0.006638622321545773,0.030896607431340817,-0.004743956329607557,3822.0,3827.25,False,positive,positive,positive,medium,2021-02-03,strong,2021
25.42,False,False,True,True,True,True,25.42,upper,near_high,positive,10.25,ES,0.0010447273914462318,0.01671198355328607,0.03685919112674152,-0.003963097713097774,0.02213480898726572,0.0335041121747337,3865.25,3832.25,True,positive,positive,positive,medium,2021-02-04,strong,2021
-8.08,False,True,True,True,True,True,-8.08,upper,near_high,positive,20.25,ES,0.00861000587045857,0.009663728370878255,0.025465879700245386,0.005658168574401268,0.017436504803263198,0.026282604367160012,3880.25,3885.5,False,positive,positive,positive,weak,2021-02-05,strong,2021
7.67,False,True,True,True,True,True,7.67,upper,near_high,positive,15.75,ES,0.004914958287524973,0.013567281977692192,0.014626183480248134,0.014295039164490708,0.016418105703819963,0.05092655214391972,3909.0,3896.0,True,positive,positive,positive,weak,2021-02-08,strong,2021
4.67,False,True,True,True,True,True,4.67,upper,near_high,negative,-9.25,ES,0.00649977476028063,0.011446679169630603,0.020155241014937042,0.016772851384735166,0.02969254065442084,0.03720405862457721,3906.0,3899.75,True,positive,positive,positive,medium,2021-02-09,strong,2021
-24.08,False,True,True,True,True,True,-24.08,upper,near_high,positive,18.5,ES,-0.0002557544757033625,0.0062423579380912475,0.011187997154497697,0.016116454380036283,0.029632556301856905,0.02095984329089151,3904.5,3924.5,False,negative,positive,positive,medium,2021-02-10,strong,2021
-8.33,False,True,True,True,True,True,-8.33,middle,near_high,positive,11.5,ES,-0.0007035047326682253,-0.0009590792838874984,0.005534461677070501,0.053323446137252484,0.026205175357940425,0.019176831256930482,3911.25,3916.0,False,negative,negative,positive,medium,2021-02-11,strong,2021
27.17,False,True,True,True,True,True,27.17,upper,near_high,negative,-9.5,ES,0.0012160000000001059,0.0005116398055768911,0.0002557544757033625,0.03829561292891759,0.0305665349143609,0.011705361184763508,3930.75,3901.75,True,positive,positive,positive,medium,2021-02-12,strong,2021
-14.58,False,True,True,True,True,True,-14.58,upper,near_high,positive,12.25,ES,0.002858413263037596,0.009204806954743017,0.010431999999999997,0.04701903309237987,0.04611714815796475,0.00946291560102308,3927.25,3943.0,False,positive,positive,positive,strong,2021-02-16,strong,2021
20.17,False,True,True,True,True,True,20.17,lower,near_high,negative,-19.75,ES,-0.006523942234608615,-0.0036841770945816865,0.002620813091281038,0.02415932092719597,0.030958327855922008,0.0031337938091584583,3928.0,3907.5,True,negative,negative,positive,medium,2021-02-17,strong,2021
11.92,False,True,True,True,True,True,11.92,upper,near_high,negative,-29.25,ES,0.0023589416640101835,-0.0041803901697492485,-0.0013339261894175225,0.025503881025373598,0.02143970893970848,0.006207999999999769,3911.0,3898.75,True,positive,negative,negative,medium,2021-02-18,strong,2021
-21.58,False,True,True,False,True,True,-21.58,middle,near_high,positive,12.75,ES,-0.00629690879023026,-0.0039528211667198,-0.01045097542437301,0.010347280605315978,0.016063995837668932,-0.001342367680899903,3903.5,3923.75,False,negative,negative,negative,weak,2021-02-19,strong,2021
1.17,False,True,True,False,True,True,1.17,lower,near_high,negative,-30.25,ES,-0.0016642130192664473,-0.007950642411906905,-0.005610455849537788,0.0037325439217452683,0.018080939947780594,-0.009273963031188437,3874.5,3873.25,True,negative,negative,negative,weak,2021-02-22,strong,2021
31.92,False,False,True,False,True,True,31.92,lower,modest_dip,negative,-25.25,ES,-0.005321536192857579,-0.006976893042309418,-0.01322986897341305,-0.00805626598465492,0.008581458848003765,-0.01735495312895874,3878.0,3849.25,True,negative,negative,negative,weak,2021-02-23,strong,2021
57.42,False,False,True,False,True,False,57.42,upper,modest_dip,negative,-12.0,ES,-0.0012891581797086493,-0.006603834070654568,-0.0082570569032836,-0.009081606548989263,0.006888484533402739,-0.012177239400701256,3920.5,3866.0,True,negative,negative,negative,weak,2021-02-24,strong,2021
-73.58,False,True,True,True,True,True,-73.58,upper,near_high,negative,-13.25,ES,0.015360784819930196,0.014051824158824111,0.008655510675129818,0.006847999999999743,0.060536605096400464,0.0006360513929524192,3826.5,3907.25,False,positive,positive,positive,strong,2021-02-25,medium,2021
-22.83,False,False,True,False,True,False,-22.83,lower,modest_dip,positive,20.0,ES,-0.028604118993134975,-0.013682715890022012,-0.014954234884620443,-0.023139861927895744,0.014269595805402435,-0.02182679382961028,3805.5,3846.5,False,negative,negative,negative,weak,2021-02-26,strong,2021
39.42,False,False,True,False,True,False,39.42,lower,modest_dip,positive,53.25,ES,-0.0033372595210050537,-0.03184591914569024,-0.01697431263714988,-0.03252239090389375,0.030096036791559477,-0.023466051163685275,3897.75,3858.75,True,negative,negative,negative,medium,2021-03-01,strong,2021
-26.83,False,False,True,True,True,True,-26.83,upper,near_high,positive,3.0,ES,0.02521173921607245,0.021790341578327377,-0.007437070938215107,-0.010957689384342828,0.03554612374825883,0.006510248807528596,3868.25,3900.75,False,positive,positive,negative,strong,2021-03-02,strong,2021
-38.33,False,False,True,True,True,True,-38.33,lower,modest_dip,negative,-8.25,ES,-0.00691642651296831,0.018120937561552086,0.014723203769140047,-0.011348422059292318,0.012536728697355892,0.000839034464954258,3817.0,3860.0,False,negative,positive,positive,weak,2021-03-03,strong,2021
-55.33,False,False,False,False,True,False,,lower,modest_dip,negative,-2.75,ES,-0.02076481588959822,-0.02753762407941085,-0.003020156260258644,-0.03415595980155195,-0.00952318831126453,-0.034769895753877456,3769.5,3814.25,False,negative,negative,negative,,2021-03-04,strong,2021
36.92,False,False,False,False,True,False,,lower,modest_dip,positive,37.0,ES,-0.010009878169245923,-0.03056684078158245,-0.03727185398655142,-0.03776483389873897,-0.0278083166267864,-0.01629367883784849,3838.0,3806.5,True,negative,negative,negative,,2021-03-05,strong,2021
-19.08,False,False,False,False,True,False,,upper,modest_dip,positive,10.75,ES,0.021885185924299888,0.011656239710240435,-0.009350615850906019,-0.015067000064114877,-0.011390694381877897,0.00860087978464974,3819.75,3848.75,False,positive,positive,negative,,2021-03-08,strong,2021
22.92,False,False,False,False,True,False,,middle,modest_dip,positive,41.0,ES,-0.000585861215987471,0.021286503026674675,0.0110635495554825,-0.010377723346654544,-0.018350383631713596,-0.01677873839257127,3873.0,3860.75,True,negative,positive,positive,,2021-03-09,strong,2021
0.16999999999999998,False,True,False,False,True,True,,upper,modest_dip,positive,26.0,ES,0.009900345209405303,0.009308683765134829,0.03139759196434522,0.0007099522395768165,-0.008378101816321148,-0.0001289740117366156,3897.25,3899.0,False,positive,positive,positive,,2021-03-10,strong,2021
14.42,False,False,False,False,True,True,,upper,near_high,positive,26.75,ES,0.0061270557884554044,0.01608806096528359,0.015492774378336405,-0.008390541571319465,-0.0016000000000001569,0.027329601580507124,3936.5,3924.0,True,positive,positive,positive,,2021-03-11,strong,2021
15.42,False,True,True,True,True,True,15.42,upper,near_high,negative,-13.75,ES,0.010512820512820431,0.016704288939051848,0.026770012375431307,0.03154037429655787,0.007670672462285921,0.04862635535156001,3943.0,3922.75,True,positive,positive,positive,weak,2021-03-12,strong,2021
15.92,False,True,True,True,True,True,15.92,upper,near_high,negative,-7.0,ES,0.00019030702867284255,0.010705128205128034,0.01689777491131883,0.0351913859891011,0.0015244870736199623,0.026363754719437527,3957.5,3936.0,True,positive,positive,positive,weak,2021-03-15,strong,2021
-7.33,False,True,True,True,True,True,-7.33,upper,near_high,positive,5.75,ES,0.002600367856916419,0.0027911697538696156,0.013333333333333197,0.012359910342619074,0.001266784899923712,0.029635901778153784,3951.75,3963.25,False,positive,positive,positive,weak,2021-03-16,strong,2021
20.92,False,True,True,True,True,True,20.92,middle,near_high,negative,-14.25,ES,0.0006958502024292379,0.003298027525845182,0.003488962192337075,0.020119945830915142,0.008543194134523535,0.02025153176394734,3964.0,3937.5,True,positive,positive,positive,weak,2021-03-17,strong,2021
-32.83,False,True,True,True,True,True,-32.83,upper,near_high,negative,-27.75,ES,0.004488273595044001,0.005187246963562986,0.007801103570749257,0.04642739545604235,0.01068566340160304,0.018589743589743524,3906.0,3936.25,False,positive,positive,positive,weak,2021-03-18,strong,2021
5.92,False,True,True,False,True,True,5.92,lower,near_high,negative,-3.75,ES,-0.01573316551290116,-0.011315506669195119,-0.01062753036437225,0.04037783542872364,0.001088139281828271,-0.007866023851814119,3898.0,3902.25,False,negative,negative,negative,weak,2021-03-19,strong,2021
25.92,False,True,False,False,True,False,,middle,modest_dip,positive,6.0,ES,-0.0033887468030689982,-0.01906859660163618,-0.01466590808521373,0.014646530399687885,-0.0006411489388982172,-0.011416249127925049,3929.5,3904.0,True,negative,negative,negative,,2021-03-22,strong,2021
-23.33,False,True,True,False,True,True,-23.33,upper,near_high,negative,-6.75,ES,0.010200808365945946,0.0067774936061382185,-0.00906230333543101,0.025597603074317465,0.014954234884620332,-0.003922064777327705,3899.0,3922.75,False,positive,positive,negative,weak,2021-03-23,strong,2021
-28.58,False,True,True,False,True,False,-28.58,lower,modest_dip,positive,15.25,ES,-0.009589737076082794,0.0005132482196701371,-0.002877237851662273,0.005804579168010582,0.006518652381567014,-0.01416018711675815,3879.0,3914.25,False,negative,positive,negative,weak,2021-03-24,strong,2021
38.42,False,False,False,False,True,False,,lower,modest_dip,negative,-15.0,ES,-0.003206155819172829,-0.012765146703924812,-0.0026945531532688305,-0.003525641025641013,-0.011886600559369187,-0.021711768407803533,3900.75,3864.0,True,negative,negative,negative,,2021-03-25,strong,2021
33.42,False,False,True,False,True,True,33.42,upper,near_high,positive,12.75,ES,0.005403666773882376,0.002180185957037617,-0.007430458529150141,-0.008563816290281356,0.022706452035074154,-0.0007033248081839139,3963.0,3913.5,True,positive,positive,negative,medium,2021-03-26,strong,2021
11.67,False,True,True,True,True,True,11.67,upper,near_high,negative,-15.25,ES,0.014076396442510797,0.019556127372145626,0.016287271561397976,0.005200735713833282,0.04057514280086694,0.016808879194200266,3961.75,3947.75,True,positive,positive,positive,strong,2021-03-29,strong,2021
-5.58,False,True,True,True,True,True,-5.58,upper,near_high,negative,-14.0,ES,0.0009464319515426478,0.015036150745409316,0.020521067867481646,0.003542510121457676,0.015946205571566008,0.007493966721707324,3952.0,3947.75,True,positive,positive,positive,weak,2021-03-30,strong,2021
13.42,False,False,True,True,True,True,13.42,middle,near_high,positive,5.0,ES,-0.0037821482602118373,-0.0028392958546281655,0.011197133533815462,-0.0009482268158539364,0.01915264074289058,0.013401731324142352,3968.75,3957.0,True,negative,negative,positive,medium,2021-03-31,strong,2021
18.17,False,False,True,True,True,True,18.17,upper,near_high,positive,19.25,ES,0.0049987344975954695,0.001197680282400304,0.002145245756829839,-0.00044052863436094825,0.045966414224563934,0.02174332582824068,4009.5,3988.0,True,positive,positive,positive,strong,2021-04-01,medium,2021
32.17,False,True,True,True,True,True,32.17,middle,near_high,positive,28.75,ES,0.002801294820717226,0.014229049927595439,0.019298911667932073,0.03348944633348272,0.04862648092696298,0.01640482049340619,4067.0,4038.25,True,positive,positive,positive,strong,2021-04-05,medium,2021
-3.08,False,True,True,True,True,True,-3.08,upper,near_high,negative,-5.5,ES,0.010987646657148131,0.013819721115537975,0.025373040357614896,0.03429442398069349,0.060769882107731155,0.026601109430156367,4064.5,4061.5,True,positive,positive,positive,strong,2021-04-06,medium,2021
4.42,False,True,True,True,True,True,4.42,upper,near_high,negative,-1.25,ES,-0.00012280486307258975,0.010863492457632296,0.01369521912350602,0.044180827188201155,0.050241857465333606,0.03037205770690954,4069.5,4063.25,True,negative,positive,positive,strong,2021-04-07,medium,2021
4.17,False,True,True,True,True,True,4.17,upper,near_high,positive,13.25,ES,0.002210759027265974,0.0020876826722338038,0.013098268048916673,0.04985525892569975,0.046153846153846434,0.02751369388654501,4089.25,4082.75,True,positive,positive,positive,strong,2021-04-08,medium,2021
30.67,False,True,True,True,True,True,30.67,upper,near_high,negative,-1.5,ES,0.004779411764705976,0.007000736919675843,0.00687707233206436,0.049203403928594014,0.040218218726211674,0.02079183266932283,4119.25,4087.75,True,positive,positive,positive,strong,2021-04-09,medium,2021
8.17,False,True,True,True,True,True,8.17,upper,near_high,negative,-6.5,ES,0.00353701670935469,0.008333333333333304,0.010562515352493307,0.03829894630576014,0.043698864717448105,0.02154075361599106,4121.0,4112.75,True,positive,positive,positive,strong,2021-04-12,medium,2021
13.67,False,True,True,True,True,True,13.67,upper,near_high,negative,-1.25,ES,0.0018230432668935315,0.005366508110745016,0.010171568627451055,0.039208270297528935,0.042889676113360364,0.012280486307257643,4132.5,4119.75,True,positive,positive,positive,strong,2021-04-13,medium,2021
-17.33,False,True,True,True,True,True,-17.33,upper,near_high,flat,-0.25,ES,0.002244328521169514,0.004071463296062339,0.007622880839126545,0.04549481144014167,0.04450344522409755,0.014676983542127209,4120.0,4132.25,False,positive,positive,positive,strong,2021-04-14,medium,2021
19.67,False,True,True,True,True,True,19.67,lower,near_high,positive,21.75,ES,-0.0018761726078799779,0.00036394516559501433,0.002187651920272371,0.03834288232701599,0.037885462555066196,0.010539215686274472,4163.25,4141.75,True,negative,positive,positive,strong,2021-04-15,medium,2021
-0.33,False,True,True,True,True,True,-0.33,upper,near_high,positive,14.0,ES,0.009641038079068576,0.0077467772196331275,0.010008492053863893,0.03654133466135456,0.06464194373401533,0.015428710818392144,4177.25,4177.25,False,positive,positive,positive,strong,2021-04-16,weak,2021
-17.58,False,True,True,True,True,True,-17.58,middle,near_high,negative,-10.5,ES,0.002282145216503606,0.01194518554450652,0.010046601706711789,0.03600471785958126,0.0706999422595751,0.014158969372873198,4157.25,4166.75,False,positive,positive,positive,strong,2021-04-19,weak,2021
-15.08,False,True,True,True,True,True,-15.08,middle,near_high,negative,-14.0,ES,-0.002456708011264852,-0.00018016935919751287,0.009459131700218393,0.022227680216136525,0.05728438968626959,0.009826519471066497,4126.5,4143.25,False,negative,negative,positive,strong,2021-04-20,weak,2021
45.42,False,True,True,False,True,True,45.42,lower,near_high,negative,-7.25,ES,-0.009490629505045645,-0.011924021810773455,-0.009669088943606852,0.012650454433800196,0.05739018916319294,-0.001997216001936697,4164.75,4119.25,True,negative,negative,negative,strong,2021-04-21,weak,2021
-35.83,False,True,True,True,True,True,-35.83,upper,near_high,negative,-1.5,ES,0.007822922983626412,-0.0017419509851033244,-0.004194379531427761,0.01832107843137254,0.06908973946606678,0.007700703371331663,4127.25,4163.25,False,positive,negative,negative,strong,2021-04-22,weak,2021
39.92,False,True,True,False,True,True,39.92,lower,near_high,positive,5.5,ES,-0.006017209218364572,0.0017586416009702788,-0.007748678519942431,0.0073789486522743974,0.056945421971974275,-0.00792745180469634,4170.75,4132.75,True,negative,positive,negative,strong,2021-04-23,weak,2021
1.17,False,True,True,False,True,True,1.17,middle,near_high,positive,7.5,ES,0.008777771051516448,0.002707744148263913,0.010551849605821673,0.012639766650461848,0.05142280270048527,-0.0014979926897956686,4180.25,4178.25,True,positive,positive,positive,strong,2021-04-26,weak,2021
-1.58,False,True,True,True,True,True,-1.58,upper,near_high,positive,2.75,ES,0.0041406625060009805,0.01295477934499667,0.00685961850893535,0.014982409316996348,0.054778113968734,0.005105718404613047,4179.0,4183.0,False,positive,positive,positive,strong,2021-04-27,weak,2021
-6.83,False,True,True,True,True,True,-6.83,middle,near_high,positive,3.0,ES,-0.0007171457598756925,0.0034205472875661336,0.012228343120043617,0.011983296011620403,0.058023285244241496,0.014008489993935669,4178.0,4182.0,False,negative,positive,positive,strong,2021-04-28,weak,2021
-5.08,False,True,True,True,True,True,-5.08,upper,near_high,positive,29.25,ES,0.0019735661742719124,0.0012550050797826007,0.005400864138262351,0.015886490419597665,0.05483850657936129,0.008123232444791961,4203.75,4207.25,False,positive,positive,positive,strong,2021-04-29,weak,2021
-8.83,False,True,True,True,True,True,-8.83,upper,near_high,negative,-23.75,ES,0.0020293661215231573,0.004006937384127829,0.0032869180660970443,0.00822773407002586,0.04506972111553775,0.016284278709365108,4177.25,4180.0,False,positive,positive,positive,strong,2021-04-30,weak,2021
-15.08,False,True,True,True,True,True,-15.08,middle,near_high,positive,21.0,ES,-0.00393137955682632,-0.0019099916437865794,5.9805035584004074e-05,0.0019773503505304824,0.03805326215159166,0.0034805568891025374,4186.25,4198.25,False,negative,negative,positive,strong,2021-05-03,weak,2021
-16.08,False,True,True,False,True,True,-16.08,lower,near_high,negative,-21.5,ES,-0.0001196029183112568,-0.0040505122706695484,-0.0020293661215232683,0.004324843825084024,0.026648655286749312,-0.000776907906531954,4160.75,4164.75,False,negative,negative,negative,medium,2021-05-04,weak,2021
-17.08,False,True,True,False,True,True,-17.08,middle,near_high,positive,17.0,ES,-0.004904306220095744,-0.005023322569070787,-0.008934953538241697,0.008975136446331078,0.021739130434782483,-0.004963817953471783,4161.0,4177.75,False,negative,negative,negative,medium,2021-05-05,weak,2021
26.42,False,True,True,False,True,True,26.42,lower,near_high,positive,1.25,ES,0.000300516889049085,-0.00460526315789489,-0.004724315273292867,0.0014441302124070798,0.019791666666665986,-0.00662528351438485,4194.5,4162.25,True,positive,negative,negative,medium,2021-05-06,weak,2021
24.92,False,True,True,False,True,True,24.92,upper,near_high,positive,8.5,ES,0.008111518356065606,0.008414472893376601,0.003468899521530844,0.015678915188570564,0.023173557750944873,-0.0005956635692162537,4224.5,4203.0,True,positive,positive,positive,medium,2021-05-07,weak,2021
-41.83,False,True,True,True,True,True,-41.83,upper,near_high,positive,4.0,ES,0.007688639885564452,0.015862524785194898,0.016167808630844993,0.014582333173307704,0.027406417112299408,0.01106326994378648,4183.75,4228.5,False,positive,positive,positive,medium,2021-05-10,weak,2021
8.42,False,False,True,True,True,True,8.42,lower,near_high,negative,-49.5,ES,-0.010291595197255532,-0.0026820836810107496,0.005407678904043811,0.0,0.014982409316996126,0.0007775119617223769,4146.25,4134.25,True,negative,negative,positive,weak,2021-05-11,weak,2021
-64.33,False,False,True,False,True,False,-64.33,middle,modest_dip,negative,-30.5,ES,-0.008844797705133578,-0.019045365824806315,-0.011503158898557575,-0.008133484839423666,0.0037523452157599557,-0.0031854790239210784,4057.75,4115.75,False,negative,negative,negative,weak,2021-05-12,weak,2021
40.42,False,False,False,False,True,False,,lower,modest_dip,positive,16.0,ES,-0.019656315948145875,-0.02832725751508991,-0.03832732004495176,-0.02954518323982358,-0.01412806209071027,-0.023072763323919943,4105.5,4073.75,True,negative,negative,negative,,2021-05-13,medium,2021
41.42,False,False,False,False,True,False,,upper,modest_dip,positive,29.5,ES,0.011993357525063031,-0.007898703647874594,-0.016673638917109934,-0.019895163211817835,-0.011831121253979004,-0.019311002503277996,4169.0,4135.0,True,positive,negative,negative,,2021-05-14,medium,2021
-0.58,False,False,True,False,True,True,-0.58,upper,near_high,negative,-12.25,ES,0.01452534338154865,0.026692908542960803,0.006511908350919526,-0.0017342423155124465,0.00023967883036735138,-0.012657479150647521,4158.5,4156.75,True,positive,positive,positive,weak,2021-05-17,medium,2021
-32.83,False,False,True,False,True,True,-32.83,upper,near_high,positive,2.5,ES,-0.0020367818846223074,0.012458976540658862,0.02460175902577033,-0.003648325358851623,0.0006607400288320964,-0.004422398852566678,4123.0,4161.0,False,negative,positive,positive,weak,2021-05-18,medium,2021
31.67,False,False,False,False,True,False,,lower,modest_dip,negative,-51.25,ES,-0.01332613001980909,-0.01533576948421489,-0.0010331834204447832,-0.012080778939776105,-0.003214069132807529,-0.00892372625866733,4111.5,4071.75,True,negative,negative,negative,,2021-05-19,medium,2021
39.17,False,False,False,False,True,False,,upper,modest_dip,positive,9.25,ES,-0.0021293423374094678,-0.015427096464373569,-0.017432456718384892,-0.014480562398605956,-0.013057344003851057,0.008795128851712963,4155.5,4120.75,True,negative,negative,negative,,2021-05-20,medium,2021
-17.08,False,False,True,True,True,True,-17.08,upper,near_high,positive,16.0,ES,0.014815266430923124,0.012654377319462284,-0.0008403865778257025,-0.007927047323876057,0.007627580362007613,0.011608119606175027,4152.5,4171.5,False,positive,positive,negative,weak,2021-05-21,medium,2021
21.42,False,False,False,False,True,True,,lower,near_high,positive,23.75,ES,-0.0008410934214478916,0.013961711986343106,0.011802640384498408,-0.016324599278405016,-0.0019803168506958846,-0.0037141316719582207,4194.5,4176.25,True,negative,positive,positive,,2021-05-24,medium,2021
-25.58,False,True,True,True,True,True,-25.58,upper,near_high,positive,11.75,ES,0.010402260838193733,0.00955241814358665,0.024509206194366584,0.004243112412598116,0.004243112412598116,0.008704003841767394,4185.75,4206.25,False,positive,positive,positive,weak,2021-05-25,medium,2021
-1.58,False,True,True,True,True,True,-1.58,middle,near_high,positive,5.75,ES,-0.0017257795762913863,0.008658529252600466,0.007810153199158787,0.011456135061802986,0.003229471921535776,0.02056336314412599,4193.75,4191.5,True,negative,positive,positive,weak,2021-05-26,medium,2021
-5.08,False,True,True,True,True,True,-5.08,middle,near_high,positive,10.75,ES,-0.0001788375558867683,-0.0019043084979767366,0.008478143226504642,0.03155175595055071,0.0010743702996296456,0.022558224606755273,4195.0,4204.5,False,negative,negative,positive,weak,2021-05-27,medium,2021
-6.83,False,True,True,True,True,True,-6.83,upper,near_high,positive,17.5,ES,0.005127593608394987,0.004947839046199665,0.003213520590335639,0.02455330010939627,0.004169644984512999,0.012796635626314057,4203.5,4212.5,False,positive,positive,positive,weak,2021-05-28,medium,2021
-27.58,False,True,True,False,True,True,-27.58,middle,near_high,positive,25.25,ES,-0.0005353000654255702,-0.0032032269545616554,0.0019079418077749821,0.008704003841767394,0.005023923444976042,0.0,4199.25,4228.75,False,negative,negative,positive,weak,2021-06-01,medium,2021
-4.08,False,True,True,True,True,True,-4.08,lower,near_high,positive,7.25,ES,-0.00124970245179723,-0.0017843335514186043,-0.004448926325780089,0.02105006996410541,0.008714989782425908,0.0004769001490312341,4206.25,4206.5,False,negative,negative,negative,weak,2021-06-02,medium,2021
8.92,False,True,True,True,True,True,8.92,upper,near_high,negative,-25.25,ES,0.0030387892510277403,0.0017852892168530587,0.001249033485992923,0.02633825143275237,0.011476296340803938,0.0036966372525637503,4190.75,4181.0,True,positive,positive,positive,weak,2021-06-03,medium,2021
19.92,False,True,False,False,True,True,,middle,near_high,positive,19.5,ES,-0.0052275157419507945,-0.0022046118095693235,-0.0034515591525827727,0.006067888254730924,-0.0019072595064962838,-0.006643729979831647,4228.25,4210.25,True,negative,negative,negative,,2021-06-04,medium,2021
-3.33,False,True,True,True,True,True,-3.33,upper,near_high,flat,0.25,ES,0.009853099247581598,0.0045740762742070284,0.007626765179050254,0.016836029102278882,0.0002365883953394654,0.005828822934633937,4225.25,4228.5,False,positive,positive,positive,weak,2021-06-07,medium,2021
-6.33,False,True,True,True,True,True,-6.33,middle,near_high,positive,8.75,ES,-0.00047306486902021216,0.009375373223456496,0.00409884757039336,0.005891454415615227,0.01015956493157244,0.005891454415615227,4225.5,4234.0,False,negative,positive,positive,weak,2021-06-08,medium,2021
-14.58,False,True,True,True,True,True,-14.58,middle,near_high,positive,9.0,ES,5.916109566350691e-05,-0.0004139317603927273,0.00943508897647205,0.007690014903129816,0.019234247814290395,0.007209676458320935,4219.25,4234.5,False,positive,negative,positive,medium,2021-06-09,medium,2021
4.67,False,True,True,True,True,True,4.67,lower,near_high,positive,13.25,ES,-0.0010056791292002432,-0.0009465775306158886,-0.0014191946070606365,0.00685666587169087,0.038624761670459584,0.0031483901627658017,4238.5,4232.5,True,negative,negative,negative,strong,2021-06-10,medium,2021
-2.83,False,True,True,True,True,True,-2.83,upper,near_high,positive,6.25,ES,0.0038491147036181506,0.0028395646000944907,0.0028988936875109506,0.005575987661643911,0.030266196669503254,0.012301445121223109,4245.5,4244.75,True,positive,positive,positive,medium,2021-06-11,medium,2021
2.67,False,True,True,True,True,True,2.67,upper,near_high,negative,-7.75,ES,0.001651722510618292,0.005507194883638267,0.004495977283483166,0.009932790102896716,0.017192835320194444,0.0040801844952989,4247.25,4237.75,True,positive,positive,positive,weak,2021-06-14,weak,2021
-12.58,False,True,True,True,True,True,-12.58,upper,near_high,positive,0.5,ES,-0.00017667844522972764,0.0014747522416234116,0.005329543435778961,0.010295167817186313,0.019088780839186192,0.004377921079098179,4237.5,4247.75,False,negative,positive,positive,medium,2021-06-15,weak,2021
-24.33,False,True,True,True,True,True,-24.33,lower,near_high,positive,1.75,ES,-0.0017670966601872617,-0.001943462897526449,-0.0002949504483246157,0.009771792885657993,0.031027559773681324,0.0025437766209182033,4213.75,4239.25,False,negative,negative,negative,medium,2021-06-16,weak,2021
6.92,False,False,True,False,True,False,6.92,lower,near_high,negative,-5.0,ES,-0.00950020652622885,-0.011250515403192551,-0.01142520612485276,-0.0028513722228821203,0.023411779051335513,-0.005980932077929713,4212.5,4208.75,True,negative,negative,negative,medium,2021-06-17,weak,2021
-8.08,False,True,True,False,True,True,-8.08,upper,near_high,negative,-36.75,ES,0.004468009055164979,-0.005074644479848955,-0.006832773752724286,0.006867311596799652,0.012976869930909851,-0.005368098159509116,4154.75,4175.75,False,positive,negative,negative,weak,2021-06-18,weak,2021
41.17,False,False,False,False,True,False,,lower,modest_dip,positive,18.75,ES,-0.017436688215408336,-0.01304658644108192,-0.022422847701658144,-0.020341789367867236,-0.0038482352233779604,-0.02432273262661966,4214.0,4173.5,True,negative,negative,negative,,2021-06-21,weak,2021
25.17,False,False,True,False,True,True,25.17,upper,near_high,flat,-0.25,ES,0.018289370435202512,0.0005337761698593901,0.00500417014178467,-0.001952316156895617,0.00392763627707704,-0.00630264475466813,4236.0,4213.75,True,positive,positive,positive,weak,2021-06-22,medium,2021
-4.58,False,True,True,True,True,True,-4.58,upper,near_high,positive,1.0,ES,0.004801422643746278,0.023178608076296126,0.0053377616985943455,0.002780407004259411,0.010491803278688705,0.0002360299758068507,4231.75,4237.0,False,positive,positive,positive,weak,2021-06-23,medium,2021
3.17,False,True,True,True,True,True,3.17,middle,near_high,positive,22.5,ES,-0.00011798713940180949,0.004682868998221679,0.0230578861592321,0.0036714632557588445,0.010553303124254398,0.00971047301322514,4256.0,4254.25,True,negative,positive,positive,weak,2021-06-24,medium,2021
6.67,False,True,True,True,True,True,6.67,upper,near_high,positive,8.25,ES,0.005251047259425379,0.005132440563978546,0.009958506224066355,0.0050731477111845,0.010677423181871815,0.010497598007235709,4270.75,4264.25,True,positive,positive,positive,weak,2021-06-25,medium,2021
2.92,False,True,True,True,True,True,2.92,upper,near_high,positive,6.5,ES,0.003521540086864672,0.008791079119712109,0.00867205474603261,0.00694935217903403,0.01695116873847624,0.03205166898050327,4280.25,4277.25,True,positive,positive,positive,weak,2021-06-28,medium,2021
-2.33,False,True,True,True,True,True,-2.33,upper,near_high,positive,4.0,ES,0.0006433500994267316,0.0041671557694564765,0.009440084960764539,0.007775225304824218,0.01815044037134017,0.014167160640189636,4282.5,4284.25,False,positive,positive,positive,weak,2021-06-29,medium,2021
13.42,False,True,True,True,True,True,13.42,upper,near_high,negative,-5.0,ES,0.002454848325442738,0.0030997777517838276,0.006632233830261791,0.01203752876615316,0.021926949889769398,0.011798713940180283,4286.25,4277.5,True,positive,positive,positive,medium,2021-06-30,medium,2021
13.17,False,True,True,True,True,True,13.17,upper,near_high,positive,7.75,ES,0.001574252230190698,0.0040329651060846405,0.004678909814013421,0.023352793994995347,0.020434834263989732,0.013511121600094267,4310.5,4294.0,True,positive,positive,positive,medium,2021-07-01,medium,2021
22.67,False,True,True,True,True,True,22.67,upper,near_high,positive,11.75,ES,0.0034928396786586546,0.005072590519503262,0.007539891285288425,0.022359290670778575,0.02938015048369791,0.011738466956215277,4343.0,4322.25,True,positive,positive,positive,medium,2021-07-02,medium,2021
-10.58,False,True,True,True,True,True,-10.58,upper,near_high,positive,0.5,ES,0.0017286084701815252,0.008527671423599115,0.012050296891372492,0.03052756372258436,0.02851564810980234,0.016131860424337896,4334.5,4343.5,False,positive,positive,positive,medium,2021-07-06,medium,2021
8.92,False,True,True,True,True,True,8.92,middle,near_high,positive,7.75,ES,-0.00425654299683631,-0.002535292422932822,0.004234830026685454,0.0212376850923246,0.024077141504969646,0.009328902104833725,4349.75,4342.25,True,negative,negative,positive,medium,2021-07-07,medium,2021
12.92,False,True,True,True,True,True,12.92,upper,near_high,negative,-57.25,ES,0.005256773150020155,0.0009778544722460758,0.002708153269951108,0.026727240545164843,0.030496831882513176,0.013039934800325836,4315.5,4292.5,True,positive,positive,positive,medium,2021-07-08,medium,2021
30.67,False,True,True,False,True,True,30.67,middle,near_high,positive,15.5,ES,-0.0096540627514079,-0.004448038819247935,-0.008685648547598679,0.011503697617090802,0.016635205285511878,-0.00023204548091404487,4360.25,4331.0,True,negative,negative,negative,weak,2021-07-09,medium,2021
16.67,False,True,True,True,True,True,16.67,upper,near_high,negative,-1.0,ES,0.01241731461065343,0.0026433743247902264,0.007914043093986578,0.020470230436308468,0.02756183745582974,0.00535868625756275,4376.25,4359.25,True,positive,positive,positive,medium,2021-07-12,medium,2021
-5.83,False,True,True,True,True,True,-5.83,upper,near_high,negative,-8.75,ES,0.003496102705181192,0.01595682952303612,0.006148718538099063,0.02337950786135945,0.031336514107321634,0.007132585562266147,4361.5,4367.5,False,positive,positive,positive,medium,2021-07-13,medium,2021
-12.58,False,True,True,True,True,True,-12.58,lower,near_high,positive,17.75,ES,-0.004911759666457294,-0.0014328289775331626,0.010966693744923095,0.01585913357821722,0.02808756712102456,0.006469874646178875,4367.75,4379.25,False,negative,negative,positive,medium,2021-07-14,medium,2021
-3.08,False,True,True,True,True,True,-3.08,middle,near_high,negative,-14.5,ES,0.0027549790506802285,-0.0021703124107601557,0.0013182026593308027,0.017056700430783556,0.04080781603717343,0.00396506148718534,4353.0,4353.25,False,positive,negative,positive,strong,2021-07-15,medium,2021
-48.08,False,True,True,True,True,True,-48.08,lower,near_high,positive,12.25,ES,-0.005552057695609847,-0.0028123744475692103,-0.007710320406647986,0.007889546351085297,0.030425241681987902,0.008123476848091338,4319.0,4365.25,False,negative,negative,negative,medium,2021-07-16,medium,2021
-23.58,False,False,True,False,True,True,-23.58,lower,near_high,negative,-52.25,ES,-0.005755726948313611,-0.011275828515826203,-0.00855191413648615,-0.004667242869489607,0.04267519768213912,-0.00997248968363118,4255.0,4266.75,False,negative,negative,negative,strong,2021-07-19,medium,2021
61.42,False,False,True,False,True,False,61.42,middle,modest_dip,positive,6.25,ES,-0.013083246497626488,-0.01876366985150224,-0.024211550569515183,-0.01938452689099812,0.010551274451689574,-0.026329316351590637,4314.75,4261.25,True,negative,negative,negative,weak,2021-07-20,weak,2021
20.42,False,False,True,False,True,True,20.42,upper,near_high,positive,13.25,ES,0.01466447677146876,0.0013893713094823568,-0.00437435248071838,-0.0007509675928599746,0.020470768686213336,-0.007174424611146146,4351.25,4328.0,True,positive,positive,negative,medium,2021-07-21,medium,2021
6.67,False,True,True,False,True,True,6.67,upper,near_high,positive,0.75,ES,0.006937218175511628,0.021703425621773853,0.008336227856894585,0.0009194345477530064,0.027671249041241186,-0.003033598534714743,4359.75,4352.0,True,positive,positive,positive,medium,2021-07-22,medium,2021
24.42,False,True,True,True,True,True,24.42,upper,near_high,positive,20.0,ES,0.0033873004937421403,0.010348017111804886,0.025164242139840587,0.014100034814901186,0.02576593496889279,0.005928398756762876,4403.75,4379.75,True,positive,positive,positive,medium,2021-07-23,medium,2021
14.67,False,True,True,True,True,True,14.67,upper,near_high,negative,-5.75,ES,0.006866166962293363,0.010276725226777028,0.017285235287316514,0.008539660706098351,0.029184699964908356,0.018698622206784865,4414.5,4398.0,True,positive,positive,positive,medium,2021-07-26,medium,2021
-14.83,False,True,True,True,True,True,-14.83,upper,near_high,negative,-11.0,ES,0.002784565550946194,0.009669851805229834,0.013089906992766354,0.007824547375635538,0.03138698930387518,0.03507742843735362,4395.0,4403.5,False,positive,positive,positive,medium,2021-07-27,medium,2021
-4.08,False,True,True,True,True,True,-4.08,middle,near_high,positive,6.25,ES,-0.004363595149042276,-0.0015911803148264125,0.005264061337758363,0.008379727945818871,0.02437175674887815,0.01566655104636383,4392.75,4401.25,False,negative,negative,positive,medium,2021-07-28,medium,2021
9.92,False,True,True,True,True,True,9.92,middle,near_high,positive,10.0,ES,0.0005122659229324089,-0.003853564547206201,-0.0010797294993465378,0.006124434777631471,0.023285597857725104,0.009185899644046591,4411.75,4402.75,True,positive,negative,negative,medium,2021-07-29,medium,2021
1.17,False,True,True,True,True,True,1.17,lower,near_high,negative,-27.75,ES,-0.0017066788030493107,-0.0011952871535091392,-0.005553666553326564,0.01001496489006537,0.017983524770855297,0.004062482119356892,4390.0,4384.0,True,negative,negative,negative,weak,2021-07-30,medium,2021
-30.08,False,True,True,False,True,True,-30.08,upper,near_high,positive,18.0,ES,0.0018805561887393907,0.00017066788030484226,0.0006830212305763972,0.017772374667129665,0.013022183808701016,-0.0009092458941867276,4380.0,4408.0,False,positive,positive,positive,weak,2021-08-02,medium,2021
23.92,False,True,True,False,True,True,23.92,lower,near_high,positive,8.5,ES,-0.002047665092998141,-0.0001709596535218738,-0.001877346683354264,0.02915297982167986,0.009203336209375745,-0.005723676753938589,4415.5,4388.5,True,negative,negative,negative,weak,2021-08-03,medium,2021
-2.33,False,True,True,True,True,True,-2.33,upper,near_high,negative,-13.75,ES,0.005015673981191293,0.002957738467664006,0.004843856849783501,0.01936640073996987,0.01860088960776385,0.003642779896408266,4394.0,4401.75,False,positive,positive,positive,medium,2021-08-04,medium,2021
11.67,False,True,True,True,True,True,11.67,lower,near_high,positive,12.0,ES,-0.0024386094255089974,0.0025648332858365652,0.0005119162732496463,0.009874842117350013,0.01080335593609938,0.0006826715212198131,4421.5,4406.0,True,negative,positive,positive,weak,2021-08-05,medium,2021
1.17,False,True,True,True,True,True,1.17,upper,near_high,positive,3.5,ES,0.004434337691870294,0.001984914648670122,0.00701054431461956,0.010928649081650477,0.025182778229082325,0.006838386140870734,4429.25,4425.0,True,positive,positive,positive,medium,2021-08-06,medium,2021
-5.08,False,True,True,True,True,True,-5.08,upper,near_high,negative,-0.75,ES,0.002999773601992217,0.007447413303012906,0.004990642545227519,0.007046655679945113,0.015646492434663095,0.007963142028325931,4425.5,4428.5,False,positive,positive,positive,weak,2021-08-09,weak,2021
-3.83,False,True,True,True,True,True,-3.83,middle,near_high,positive,4.25,ES,-0.0011286044805597362,0.001867783563504588,0.006310403638430717,0.003116853677887166,0.01096578902278833,0.008891422057566212,4430.25,4429.75,True,negative,positive,positive,weak,2021-08-10,weak,2021
-3.58,False,True,True,True,True,True,-3.58,middle,near_high,positive,11.5,ES,0.0005649398339075962,-0.0005643022402799236,0.0024337785827484026,0.008082417895155736,0.016529874304080483,0.004423524074178786,4441.0,4441.75,False,positive,negative,positive,weak,2021-08-11,weak,2021
15.42,False,True,True,True,True,True,15.42,upper,near_high,negative,-1.25,ES,0.002597255942634602,0.003163663069883027,0.002031488065007636,0.010183183524860473,0.016369984545818284,0.009494030699260803,4454.5,4439.75,True,positive,positive,positive,weak,2021-08-12,weak,2021
-1.83,False,True,True,True,True,True,-1.83,upper,near_high,positive,5.0,ES,0.0029847384130201604,0.005589746485235247,0.006157844189593753,0.014930476407567728,0.025094969494646513,0.008037129273262389,4462.75,4459.5,True,positive,positive,positive,medium,2021-08-13,weak,2021
21.92,False,True,True,True,True,True,21.92,upper,near_high,negative,-13.5,ES,0.0016282987085907141,0.004617897167314311,0.007227146970809173,0.014674933166486603,0.03270811624406589,0.006658766435302832,4473.75,4449.25,True,positive,positive,positive,medium,2021-08-16,weak,2021
-7.58,False,True,True,True,True,True,-7.58,upper,near_high,negative,-28.0,ES,0.0025225629239307157,0.0041549691184727955,0.0071521090274258015,0.01932174408663423,0.04903801032379129,0.010338398960510586,4444.5,4445.75,False,positive,positive,positive,strong,2021-08-17,weak,2021
-30.33,False,True,True,True,True,True,-30.33,middle,near_high,negative,-11.5,ES,-0.008331469469917252,-0.005829923201973175,-0.004211117349803506,0.005784608404695524,0.025263036189154375,0.00135509005702672,4395.5,4433.0,False,negative,negative,negative,medium,2021-08-18,weak,2021
32.42,False,False,True,False,True,False,32.42,lower,near_high,negative,-29.75,ES,-0.009529179588384507,-0.017781256989487737,-0.015303548405179557,-0.0013644115974987825,0.008496957170743169,-0.010756321450695494,4402.25,4365.75,True,negative,negative,negative,weak,2021-08-19,weak,2021
31.67,False,False,True,False,True,False,31.67,upper,near_high,positive,3.25,ES,0.0006831378799954102,-0.008852551451931201,-0.017110266159695797,-0.005093955173194553,0.005779023859930454,-0.013026389668725491,4436.5,4405.5,True,positive,negative,negative,weak,2021-08-20,weak,2021
23.42,False,True,True,False,True,True,23.42,upper,near_high,positive,18.5,ES,0.009784958470815841,0.010474780826596808,0.0008457851705667707,0.0016364764968119783,0.008694663863157981,-0.004989068893996196,4476.0,4455.0,True,positive,positive,positive,weak,2021-08-23,weak,2021
-2.08,False,True,True,True,True,True,-2.08,upper,near_high,positive,6.75,ES,0.010366197183098613,0.020252588462851273,0.020949561653193616,0.013163098130049011,0.016320979258755308,0.0027957951241333046,4483.0,4482.75,True,positive,positive,positive,weak,2021-08-24,weak,2021
10.42,False,True,True,True,True,True,10.42,lower,near_high,positive,2.0,ES,-0.0004460800713728119,0.009915492957746519,0.01979747411537147,0.012139348427531171,0.020319881609653034,0.01076966450521577,4492.5,4485.0,True,negative,positive,positive,medium,2021-08-25,weak,2021
-21.33,False,True,True,True,True,True,-21.33,upper,near_high,negative,-3.0,ES,0.00245453531183748,0.0020073603211776536,0.012394366197183038,0.011995269471194447,0.022300603026510046,0.02299897529318007,4466.0,4489.5,False,positive,positive,positive,medium,2021-08-26,weak,2021
31.17,False,True,True,True,True,True,31.17,lower,near_high,positive,8.5,ES,-0.005898720089037246,-0.0034586633939529543,-0.0039032006245121043,0.0030320044918585864,0.01800775017095968,0.016270337922402955,4505.0,4474.5,True,negative,negative,negative,weak,2021-08-27,weak,2021
13.67,False,True,True,True,True,True,13.67,upper,near_high,positive,8.25,ES,0.009292431706224846,0.0033388981636059967,0.0058016289188886905,0.010706878188239344,0.02553893407656016,0.015774647887323967,4525.75,4513.25,True,positive,positive,positive,medium,2021-08-30,weak,2021
-7.08,False,True,True,True,True,True,-7.08,upper,near_high,negative,-0.75,ES,0.00443704936217415,0.013770712046574207,0.0077907623817472516,0.012636993961082643,0.03220290681105742,0.009813761570201862,4520.25,4525.0,False,positive,positive,positive,medium,2021-08-31,weak,2021
-8.58,False,True,True,True,True,True,-8.58,middle,near_high,positive,9.25,ES,0.00022087244616231239,0.0046589018302827245,0.013994626063591697,0.021370171976317964,0.02727839845743718,0.010487559968760385,4522.0,4529.5,False,positive,positive,positive,medium,2021-09-01,weak,2021
-6.33,False,True,True,True,True,True,-6.33,lower,near_high,positive,15.0,ES,-0.001159324279562779,-0.0009387078961899942,0.003494176372712099,0.030001138563133356,0.02859579306424065,0.006844741235392249,4536.0,4537.0,False,negative,negative,positive,medium,2021-09-02,weak,2021
10.17,False,True,True,True,True,True,10.17,upper,near_high,negative,-12.75,ES,0.002542419720333866,0.0013801479518604776,0.0016013252346769313,0.031914893617021045,0.02665836540638411,0.015394088669950845,4534.5,4523.25,True,positive,positive,positive,medium,2021-09-03,weak,2021
-11.83,False,True,True,True,True,True,-11.83,middle,near_high,negative,-3.75,ES,0.0011579818031430822,0.0009372071227740086,0.003482009616978976,0.012378721980595309,0.02570476244279951,0.0025400331308669255,4519.0,4530.75,False,positive,positive,positive,medium,2021-09-07,weak,2021
-2.08,False,True,True,False,True,True,-2.08,lower,near_high,negative,-6.5,ES,-0.005397664683851056,-0.004245933278191338,-0.0044655162908651125,0.007363605935512441,0.01959234374117802,-0.0030915314121675586,4513.0,4512.5,True,negative,negative,negative,medium,2021-09-08,weak,2021
-17.08,False,True,True,False,True,True,-17.08,middle,near_high,negative,-2.75,ES,-0.0015505593088935843,-0.006939854593522754,-0.005789909015715522,0.0033388981636057746,0.015374218618009694,-0.003482009616978865,4493.25,4510.25,False,negative,negative,negative,weak,2021-09-09,weak,2021
-56.08,False,True,True,False,True,True,-56.08,lower,near_high,positive,20.75,ES,-0.003605102606766497,-0.005150071990253635,-0.01051993831240361,0.005653828929691018,0.008702975856260897,-0.009592590550747127,4458.75,4514.0,False,negative,negative,negative,weak,2021-09-10,weak,2021
-25.58,False,False,True,False,True,False,-25.58,lower,near_high,positive,21.75,ES,-0.006735318675201829,-0.010316139767054922,-0.011850703289400855,-0.010316139767055033,0.0002802847693259558,-0.016046319272125853,4459.5,4480.5,False,negative,negative,negative,weak,2021-09-13,weak,2021
-42.33,False,False,False,False,True,False,,middle,near_high,positive,15.75,ES,0.0011768661735036545,-0.005566379070414795,-0.009151414309484296,-0.013528437327443577,-0.0010624021471706824,-0.0160277594183742,4435.75,4475.25,False,positive,negative,negative,,2021-09-14,weak,2021
32.42,False,False,True,False,True,False,32.42,lower,modest_dip,positive,3.75,ES,-0.005597537083683157,-0.004427258462228245,-0.01113275814082948,-0.019266865407971845,0.0016915703411333194,-0.016225495625207698,4472.25,4439.5,True,negative,negative,negative,weak,2021-09-15,weak,2021
-1.58,False,False,True,False,True,False,-1.58,upper,near_high,negative,-6.0,ES,0.007655502392344582,0.002015113350126052,0.003194351042367316,-0.010611838832697562,0.019070932483206127,-0.007154742096505795,4464.5,4466.25,False,positive,positive,positive,medium,2021-09-16,weak,2021
-33.58,False,False,True,False,True,False,-33.58,middle,modest_dip,negative,-8.75,ES,-0.003966258868219663,0.003658879819870675,-0.0019591379792890384,-0.017035117702188796,0.014336101945613411,-0.0075146117450598515,4420.0,4455.75,False,negative,positive,negative,weak,2021-09-17,weak,2021
-14.83,False,False,False,False,True,False,,lower,modest_dip,negative,-65.75,ES,-0.011048794167134002,-0.014971230657505163,-0.007430340557275317,-0.027681279294182515,-0.006591549295774102,-0.011824702981394042,4346.5,4354.25,False,negative,negative,negative,,2021-09-20,weak,2021
-20.58,False,False,False,False,True,False,,middle,modest_dip,positive,24.75,ES,-0.01190948789202062,-0.022826696578799766,-0.026702418859281596,-0.04037232870676344,-0.02849336455893836,-0.024741113909879542,4342.75,4371.25,False,negative,negative,negative,,2021-09-21,weak,2021
20.42,False,False,False,False,True,False,,lower,modest_dip,positive,23.75,ES,-0.005567353498249439,-0.01741053706119211,-0.0282669657879977,-0.04053605050393172,-0.033470936070512325,-0.024711511398817665,4384.25,4366.5,True,negative,negative,negative,,2021-09-22,weak,2021
36.67,False,False,False,False,True,False,,upper,modest_dip,positive,20.0,ES,0.013967447766362717,0.008322332548929667,-0.0036862700618158772,-0.02562396006655565,-0.022370617696160444,-0.018602312719959824,4437.25,4404.25,True,positive,positive,negative,,2021-09-23,medium,2021
27.67,False,False,False,False,True,False,,upper,modest_dip,negative,-17.0,ES,0.011156648451730478,0.025279926122590446,0.019571830339206953,-0.011188421931533465,-0.005597850425436368,-0.0037016264722375958,4445.5,4420.25,True,positive,positive,positive,,2021-09-24,medium,2021
-3.08,False,False,False,False,True,True,,upper,modest_dip,negative,-12.0,ES,0.0011258725512270917,0.012295081967212962,0.026434260648735997,-0.0033624747814389178,-0.013643926788685645,0.008563488912833872,4433.25,4433.5,False,positive,positive,positive,,2021-09-27,medium,2021
-59.33,False,False,False,False,True,False,,lower,modest_dip,negative,-30.5,ES,-0.003654970760233911,-0.002533213240261345,0.008595173041894277,-0.008172404142177347,-0.021590281612368867,0.016989037479194113,4343.75,4402.75,False,negative,negative,positive,,2021-09-28,medium,2021
-8.83,False,False,False,False,True,False,,lower,modest_dip,positive,14.25,ES,-0.016761668265703467,-0.02035537561853351,-0.01925242062598531,-0.019307627357162627,-0.038202495307496864,0.005540805725499309,4350.5,4358.0,False,negative,negative,negative,,2021-09-29,medium,2021
-59.58,False,False,False,False,True,False,,middle,modest_dip,positive,15.5,ES,0.001607163356675434,-0.015181443648061399,-0.018780926675663556,-0.025194123233338916,-0.03553860609075332,-0.006716757741347945,4296.75,4366.0,False,positive,negative,negative,,2021-09-30,medium,2021
39.42,False,False,False,False,False,False,,lower,modest_dip,positive,18.25,ES,-0.013065902578796584,-0.011479738261967687,-0.02804898696314695,-0.03409983174425113,-0.05055405479905184,-0.03051114613825745,4347.0,4315.0,True,negative,negative,negative,,2021-10-01,medium,2021
-55.08,False,False,False,False,False,False,,upper,modest_dip,negative,-12.25,ES,0.01050981302984555,-0.0026934097421204006,-0.001090575134886973,-0.013043724834117865,-0.04036393713813091,-0.021423751686909687,4292.0,4334.75,False,positive,negative,negative,,2021-10-04,medium,2021
30.92,False,False,False,False,False,False,,lower,modest_dip,positive,15.5,ES,-0.013158650807332029,-0.0027871327371965515,-0.015816618911174807,-0.0142914538254032,-0.05408680326062998,-0.030757943450533287,4335.0,4307.5,True,negative,negative,negative,,2021-10-05,medium,2021
51.67,False,False,False,False,False,False,,middle,modest_dip,negative,-38.0,ES,0.008093629905671307,-0.005171522151353192,0.005283939147601835,-0.000750317441994719,-0.04125595304020391,-0.00625645735277236,4353.5,4297.0,True,positive,negative,positive,,2021-10-06,medium,2021
4.17,False,False,False,False,False,False,,upper,modest_dip,positive,34.75,ES,0.008606249638999586,0.016769535344124842,0.003390220076998185,-0.006033697632058299,-0.031503050471436644,0.0006876790830945279,4391.0,4388.25,True,positive,positive,positive,,2021-10-07,medium,2021
-17.33,False,False,False,False,True,True,,middle,modest_dip,positive,8.25,ES,0.007960142022677807,0.01663489863108647,0.02486316524979615,-0.009175861292502141,-0.020261619816309584,0.022006735570781366,4383.0,4399.25,False,positive,positive,positive,,2021-10-08,medium,2021
-20.58,False,False,False,False,True,False,,lower,modest_dip,negative,-7.0,ES,-0.004488381341969161,0.0034360325277746906,0.012071853520476017,-0.014732343679712212,-0.018045281327056406,0.006837901511233868,4350.75,4376.0,False,negative,positive,positive,,2021-10-11,medium,2021
-26.33,False,False,False,False,True,False,,lower,modest_dip,positive,10.0,ES,-0.007419244378495615,-0.011874325322424828,-0.004008704615736991,-0.01845476607032004,-0.026476350405821303,0.012693606614650133,4340.25,4360.75,False,negative,negative,negative,,2021-10-12,medium,2021
3.92,False,False,False,False,True,False,,lower,modest_dip,positive,10.75,ES,-0.004657313707451705,-0.012042004337404433,-0.01647633657178571,-0.006371254735392129,-0.0255558682803263,-0.00011552012938242928,4355.25,4351.0,True,negative,negative,negative,,2021-10-13,medium,2021
32.92,False,False,False,False,True,False,,upper,modest_dip,positive,40.0,ES,0.00802957656981107,0.0033348666053356624,-0.004109119963474517,0.0,-0.025194123233338805,-0.0006872065055548715,4429.0,4395.25,True,positive,positive,negative,,2021-10-14,medium,2021
8.67,False,True,False,False,True,True,,upper,near_high,positive,23.0,ES,0.016962750716332353,0.025128530991854747,0.02035418583256665,0.030426199047729696,-0.004711160964666172,0.008238168285892744,4463.25,4452.0,True,positive,positive,positive,,2021-10-15,strong,2021
33.92,False,True,True,True,True,True,33.92,upper,near_high,negative,-19.5,ES,0.006480333596303289,0.0235530085959883,0.03177170585177036,0.026317301614664057,0.012930301139908007,0.01934710649469218,4476.75,4443.75,True,positive,positive,positive,weak,2021-10-18,strong,2021
13.67,False,True,True,True,True,True,13.67,upper,near_high,positive,16.75,ES,0.00274340742399648,0.009241519215597904,0.026361031518624456,0.04285547921276334,0.02795155828502538,0.029783808647654064,4511.75,4493.5,True,positive,positive,positive,medium,2021-10-19,strong,2021
7.67,False,True,True,True,True,True,7.67,upper,near_high,positive,4.0,ES,0.008542713567839089,0.011309557135658732,0.017863180435027548,0.04332004851845417,0.04253722728846743,0.04344058691005692,4529.0,4515.75,True,positive,positive,positive,strong,2021-10-20,strong,2021
15.17,False,True,True,True,True,True,15.17,middle,near_high,negative,-7.0,ES,0.001107235785860583,0.009659408151870386,0.012429315267902252,0.03556293666246679,0.029314663023679133,0.0362750716332374,4541.0,4522.0,True,positive,positive,positive,medium,2021-10-21,medium,2021
2.17,False,True,True,True,True,True,2.17,middle,near_high,negative,-5.0,ES,0.001990820107283131,0.0031002602004097657,0.01166945840312672,0.029430146014430614,0.019984237784282044,0.021018821142792854,4536.25,4536.0,True,positive,positive,positive,medium,2021-10-22,medium,2021
7.67,False,True,True,True,True,True,7.67,middle,near_high,positive,11.5,ES,-0.00011038136762508977,0.001880218990211846,0.002989536621823774,0.033957310809268115,0.01872469635627505,0.014332904092716259,4560.25,4547.75,True,negative,positive,positive,medium,2021-10-25,medium,2021
-5.58,False,True,True,True,True,True,-5.58,upper,near_high,positive,16.25,ES,0.008224319699729588,0.008113030520448206,0.010120002212022472,0.05025298988040472,0.03087081663750757,0.01987716359575664,4564.75,4576.5,False,positive,positive,positive,medium,2021-10-26,medium,2021
-21.58,False,True,True,True,True,True,-21.58,lower,near_high,positive,4.25,ES,0.000656958283149045,0.008886681017828746,0.008775318726199188,0.055860435561204014,0.049133279761221615,0.011902784698001767,4544.0,4569.0,False,positive,positive,positive,strong,2021-10-27,medium,2021
25.17,False,True,True,True,True,True,25.17,lower,near_high,positive,15.75,ES,-0.0034467666046613665,-0.0027920727033833304,0.005409284097808831,0.04383954154727765,0.04383954154727765,0.007299673726704814,4587.75,4559.75,True,negative,negative,positive,strong,2021-10-28,medium,2021
35.42,False,True,True,True,True,True,35.42,middle,near_high,negative,-24.0,ES,0.004611583859456481,0.0011489222015537148,0.0018066352786598738,0.031161951989180814,0.06253629079084932,0.009934323086263186,4597.25,4563.75,True,positive,positive,positive,strong,2021-10-29,medium,2021
-7.83,False,True,True,True,True,True,-7.83,upper,near_high,positive,10.75,ES,0.006065905240723479,0.010705462530881116,0.007221796695480842,0.030737360730082708,0.05786358673791847,0.016172655516917933,4606.0,4608.0,False,positive,positive,positive,strong,2021-11-01,medium,2021
13.17,False,True,True,True,True,True,13.17,middle,near_high,positive,1.0,ES,0.00016295491580664567,0.006229848625607826,0.010870161954433133,0.02808486878838634,0.07214393851170331,0.00804773896857558,4623.75,4607.0,True,positive,positive,positive,strong,2021-11-02,weak,2021
34.67,False,True,True,True,True,True,34.67,upper,near_high,negative,-5.75,ES,0.003475805137674426,0.0036393264530145686,0.009727307503142102,0.022919780767314712,0.0672327153006409,0.010887405624247615,4652.25,4618.0,True,positive,positive,positive,strong,2021-11-03,weak,2021
11.67,False,True,True,True,True,True,11.67,upper,near_high,positive,5.75,ES,0.008713535747145063,0.012219627437136671,0.012384573601303517,0.030691809987280827,0.06734623754438185,0.02322261872083442,4674.0,4658.0,True,positive,positive,positive,strong,2021-11-04,weak,2021
-10.08,False,True,True,True,True,True,-10.08,upper,near_high,positive,23.75,ES,0.0037557677862432026,0.012502029550251592,0.01602128930646818,0.032507312765605256,0.06289415374126461,0.022350948139242544,4690.0,4697.75,False,positive,positive,positive,strong,2021-11-05,weak,2021
-6.08,False,True,True,True,True,True,-6.08,middle,near_high,positive,11.75,ES,0.0018708573872139311,0.005633651679364693,0.014396276451804857,0.03455318209416558,0.06968382604725498,0.01808799565453545,4694.25,4701.75,False,positive,positive,positive,strong,2021-11-08,weak,2021
-22.83,False,True,True,True,True,True,-22.83,middle,near_high,positive,4.0,ES,0.0005868857706876618,0.0024588411374810715,0.006223843760059911,0.02671630351472687,0.0783118675252985,0.01851952424917136,4678.75,4698.25,False,positive,positive,positive,strong,2021-11-09,weak,2021
-15.58,False,True,True,True,True,True,-15.58,lower,near_high,negative,-18.25,ES,-0.0035192492268315556,-0.002934428853438642,-0.0010690613641224367,0.02243133822081167,0.07954479810525084,0.011419602749364044,4641.25,4660.5,False,negative,negative,negative,strong,2021-11-10,weak,2021
-13.08,False,True,True,False,True,True,-13.08,lower,near_high,positive,15.5,ES,-0.0064747431506849695,-0.009971206142689537,-0.009390172331003588,0.01932473236343668,0.06401146131805113,-0.0038094216117610102,4642.75,4656.75,False,negative,negative,negative,strong,2021-11-11,weak,2021
19.67,False,True,True,False,True,True,19.67,middle,near_high,positive,13.25,ES,0.0019927828943824277,-0.004494863013698724,-0.007998293697344616,0.016667577463248984,0.04834892370111521,-0.0055591190934362045,4677.25,4656.0,True,positive,negative,negative,strong,2021-11-12,weak,2021
-19.58,False,True,True,False,True,True,-19.58,upper,near_high,positive,14.25,ES,0.006450225757901551,0.008455862551839166,0.0019263698630136439,0.017055947854426767,0.04831756340630444,-0.0010137117857335065,4679.0,4691.5,False,positive,positive,positive,strong,2021-11-15,weak,2021
21.92,False,True,True,False,True,True,21.92,middle,near_high,negative,-2.75,ES,-0.0003204443494979614,0.0061277144700064845,0.008132708568966418,0.016564383859229093,0.04511446119486284,-0.0019195904873627878,4697.25,4676.25,True,negative,positive,positive,strong,2021-11-16,weak,2021
-7.08,False,True,True,True,True,True,-7.08,upper,near_high,negative,-2.5,ES,0.004220536382092188,0.0038987395855587526,0.010374113093958304,0.017318828814201215,0.04063555334108426,0.005832619863013644,4686.25,4694.75,False,positive,positive,positive,strong,2021-11-17,weak,2021
4.17,False,True,True,True,True,True,4.17,middle,near_high,positive,11.0,ES,-0.0022875990849603456,0.0019232824019661532,0.001602221747490029,0.006223843760059911,0.03710667477741514,0.010071632466203573,4702.0,4697.25,True,negative,positive,positive,strong,2021-11-18,weak,2021
-8.83,False,True,True,True,True,True,-8.83,upper,near_high,negative,-1.25,ES,0.0035192492268316666,0.0012235995105602804,0.00544930013890399,0.005986743639085024,0.03868866935261317,0.011610406364222836,4693.75,4700.75,False,positive,positive,positive,strong,2021-11-19,weak,2021
-24.83,False,True,True,True,True,True,-24.83,middle,near_high,positive,18.75,ES,-0.001540913921360243,0.001972912445345143,-0.00031919987231998626,0.002560956090273736,0.03720262736656155,0.003578295236061013,4680.0,4712.5,False,negative,positive,negative,strong,2021-11-22,weak,2021
10.42,False,False,True,True,True,True,10.42,lower,near_high,negative,-3.25,ES,-0.0026608482784311605,-0.00419766206163652,-0.0006931854537697291,-0.0006931854537697291,0.02600459870798222,0.0012287637568118015,4687.25,4676.75,True,negative,negative,negative,medium,2021-11-23,weak,2021
34.17,False,True,True,False,True,True,34.17,upper,near_high,negative,-22.25,ES,-0.0006403073475268473,-0.00329945186525471,-0.004835281615302889,0.002193921232876761,0.02467447204289308,-0.0036175985529605104,4698.5,4665.0,True,negative,negative,negative,medium,2021-11-24,weak,2021
10.67,False,False,False,False,True,False,,lower,modest_dip,negative,-53.5,ES,-0.02319876273265431,-0.026107300473228068,-0.02205136419456466,-0.021790215765861487,-0.005105920695274602,-0.025278058645096135,4650.5,4645.0,True,negative,negative,negative,,2021-11-29,medium,2021
-65.08,False,False,True,False,True,True,-65.08,upper,near_high,negative,-26.5,ES,0.018290019654946477,-0.005333048904058502,-0.008294783857074495,-0.0035794422481033594,0.012925650355726237,-0.004802305106451077,4562.75,4624.0,False,positive,negative,negative,weak,2021-11-30,medium,2021
-90.33,False,False,False,False,True,False,,lower,modest_dip,positive,57.75,ES,-0.016781941987024873,0.001201135619130822,-0.02202549197376147,-0.024418790232483945,-0.007522866266168715,-0.020876715254418476,4508.5,4620.5,False,negative,positive,negative,,2021-12-01,medium,2021
62.17,False,False,False,False,True,False,,lower,modest_dip,positive,1.75,ES,-0.01259679354346166,-0.02916733687201767,-0.011410788381742698,-0.03449930681454605,-0.028490181349930754,-0.037220183974052246,4577.5,4510.25,True,negative,negative,negative,,2021-12-02,medium,2021
-71.83,False,False,False,False,True,False,,middle,modest_dip,positive,17.5,ES,0.007731816424587201,-0.004962373214090876,-0.021661036941718947,-0.03044633368756644,-0.024641864443018857,-0.02687856647645459,4537.25,4595.0,False,positive,negative,negative,,2021-12-03,medium,2021
32.42,False,False,False,False,True,False,,middle,modest_dip,positive,27.5,ES,-0.0062476023455910745,0.0014359087645661184,-0.011178972625149886,-0.03501676334415427,-0.0325454836472282,-0.009991264468224403,4591.25,4564.75,True,negative,positive,negative,,2021-12-06,medium,2021
28.67,False,False,False,False,True,False,,upper,modest_dip,positive,56.5,ES,0.013345833563116916,0.007014851756453,0.014800905727066827,-0.019529374099567898,-0.020209022075290517,-0.01479813414830311,4686.25,4647.75,True,positive,positive,positive,,2021-12-07,strong,2021
11.67,False,True,True,True,True,True,11.67,upper,near_high,positive,4.0,ES,0.02084353741496603,0.03446754535928975,0.028004603496465164,0.0015484008756472267,0.0037457191780823074,0.02290326098811213,4698.5,4690.25,True,positive,positive,positive,weak,2021-12-08,strong,2021
-12.08,False,False,True,True,True,True,-12.08,middle,near_high,negative,-13.75,ES,0.0015460070369974765,0.022421768707483025,0.03606683946396072,-0.0010634338278302513,0.01184897937200402,0.037554536919423454,4666.75,4684.75,False,positive,positive,positive,weak,2021-12-09,strong,2021
11.17,False,False,True,True,True,True,11.17,lower,near_high,positive,29.25,ES,-0.00510991643157499,-0.003571809361339162,0.01719727891156464,-0.003199829342435234,0.0046764136744785745,0.02433276703019671,4710.75,4696.0,True,negative,negative,positive,weak,2021-12-10,strong,2021
-36.33,False,True,True,True,True,True,-36.33,upper,near_high,negative,-12.75,ES,0.008453266277887783,0.0033001543620589935,0.004851263460923461,0.029100240227123875,0.006675923947874862,0.03948601996360224,4661.0,4698.0,False,positive,positive,positive,weak,2021-12-13,strong,2021
-5.83,False,True,False,False,True,True,,lower,near_high,negative,-36.25,ES,-0.010027057138309758,-0.0016585522443957057,-0.006759993612604376,0.0004825478526619964,-0.0030986216476120987,0.015510204081632839,4628.75,4624.75,True,negative,negative,negative,,2021-12-14,strong,2021
65.17,False,True,False,False,True,False,,middle,modest_dip,flat,0.0,ES,-0.008145766345123207,-0.018091145418855148,-0.009790808410464868,0.00927036754280719,-0.015374793850082336,-0.013327646870668342,4700.25,4628.75,True,negative,negative,negative,,2021-12-15,strong,2021
-59.33,False,True,True,True,True,True,-59.33,upper,near_high,positive,19.75,ES,0.01750594337583755,0.00921757770632392,-0.0009019046103241335,0.04003976362732664,0.004159112722619485,0.0023952733273009397,4658.0,4720.0,False,positive,positive,negative,weak,2021-12-16,strong,2021
-13.33,False,True,False,False,True,True,,lower,near_high,negative,-33.25,ES,-0.010620220900594779,0.006699805489517985,-0.0015005359056804446,0.021099358798706724,-0.009989373007438629,-0.0031565994328820457,4608.5,4624.75,False,negative,positive,negative,,2021-12-17,strong,2021
2.42,False,True,False,False,True,False,,middle,modest_dip,negative,-55.75,ES,-0.00831902103907256,-0.018850892098555727,-0.0016749513723796072,0.018970936965753138,-0.016710127188547808,-0.019735795002387424,4559.0,4552.75,True,negative,negative,negative,,2021-12-20,strong,2021
43.17,False,False,False,False,True,False,,upper,modest_dip,positive,35.75,ES,-0.008767657087189518,-0.017013739802490324,-0.027453271028037518,-0.0032653061224487967,-0.02273091083720169,-0.018488745980707377,4640.25,4594.75,True,negative,negative,negative,,2021-12-21,strong,2021
46.92,False,False,False,False,True,False,,upper,modest_dip,negative,-2.75,ES,0.012885612885612963,0.004004979163284128,-0.004347359381708826,-0.011035291608913256,-0.009503977788456575,0.0023233196455585414,4686.25,4637.5,True,positive,positive,negative,,2021-12-22,strong,2021
30.92,False,False,False,False,True,True,,upper,near_high,positive,10.25,ES,0.011481860816128453,0.024515424515424433,0.01553282459273686,-0.0012242508117313866,-0.002286382729834835,-0.0036108751062023936,4715.0,4696.5,True,positive,positive,positive,,2021-12-23,strong,2021
49.67,False,True,True,True,True,True,49.67,upper,near_high,positive,14.75,ES,0.005489234704753709,0.017034122149749198,0.030139230139230033,0.009416296613343311,0.006186336728707609,0.012612709317303405,4782.75,4729.75,True,positive,positive,positive,weak,2021-12-27,strong,2021
-10.33,False,True,True,True,True,True,-10.33,upper,near_high,positive,4.5,ES,0.01309164149043296,0.018652739287998044,0.030348768260470838,0.014059101278582453,0.0435684647302903,0.03447529360826973,4780.0,4787.25,False,positive,positive,positive,strong,2021-12-28,strong,2021
9.42,False,True,True,True,True,True,9.42,middle,near_high,flat,0.25,ES,0.0016218478602072484,0.014734722001378042,0.02030483905350655,0.025991425509110266,0.026486515468339356,0.045318045318045286,4784.5,4780.25,True,positive,positive,positive,medium,2021-12-29,strong,2021
-14.08,False,True,True,True,True,True,-14.08,middle,near_high,positive,4.0,ES,-0.0012013580569338878,0.0004185413832793472,0.013515662267451045,0.03317484331100018,0.042752753844475855,0.030780011859198986,4772.25,4788.5,False,negative,positive,positive,strong,2021-12-30,strong,2021
-6.33,False,True,True,True,True,True,-6.33,lower,near_high,negative,-6.0,ES,-0.0015165777638321831,-0.0027161138678505337,-0.0010986711311079533,0.013859388275275553,0.054454078533164196,0.017533574930718387,4759.5,4766.25,False,negative,negative,negative,strong,2021-12-31,strong,2021
9.92,True,True,True,True,True,True,9.92,middle,near_high,positive,13.5,ES,-0.002461635154245023,-0.0039744796569396446,-0.005171062940715565,0.022219836839845186,0.0437880199484848,0.009487464885779229,4786.5,4773.0,True,negative,negative,negative,strong,2022-01-03,strong,2022
-11.83,True,True,True,True,True,True,-11.83,upper,near_high,positive,14.75,ES,0.004462879344744319,0.0019902582098150212,0.00047066206463752813,0.03539535638902436,0.055037776429713636,0.0008894004394686128,4783.75,4801.25,False,positive,positive,positive,strong,2022-01-04,strong,2022
-77.33,True,True,True,False,True,True,-77.33,lower,near_high,negative,-3.5,ES,-0.0009408812921436471,0.0035177990129160452,0.0010475043209552393,0.04357084357084351,0.04016326530612235,-0.0016714546879079695,4692.25,4780.25,False,negative,positive,positive,strong,2022-01-05,medium,2022
-2.33,True,True,True,False,True,False,-2.33,lower,modest_dip,negative,-5.0,ES,-0.016742531261445093,-0.017667659819141757,-0.013283629108474249,0.013045118861517047,0.00186587056189369,-0.017205313251752008,4687.0,4687.25,False,negative,negative,negative,weak,2022-01-06,medium,2022
-15.58,True,True,True,False,True,False,-15.58,upper,modest_dip,flat,0.0,ES,0.0002128452083223209,-0.016533249620676926,-0.017458575087554218,0.0017586868471541894,0.0005322829616227764,-0.015503063950138785,4668.75,4687.0,False,positive,negative,negative,weak,2022-01-07,medium,2022
16.17,True,False,False,False,True,False,,lower,modest_dip,negative,-35.0,ES,-0.006756397297441041,-0.006544990155909036,-0.023177941715062933,-0.010441511634070255,-0.0011235353913642276,-0.019741678042633604,4662.25,4633.75,True,negative,negative,negative,,2022-01-10,medium,2022
36.67,True,False,False,False,True,False,,upper,modest_dip,negative,-2.5,ES,-0.0005356186395286677,-0.0072883970846411295,-0.007077103176714616,-0.023752223501098513,-0.010027057138309425,-0.024619727144425174,4705.0,4659.75,True,negative,negative,negative,,2022-01-11,medium,2022
-2.08,True,False,True,False,True,True,-2.08,upper,modest_dip,positive,18.0,ES,0.00836012861736335,0.00782003213711846,0.0010107995956802895,-0.017184643510054665,0.00836012861736335,-0.015539161827028636,4718.5,4723.0,False,positive,positive,positive,weak,2022-01-12,medium,2022
-83.08,True,False,True,True,True,True,-83.08,middle,near_high,positive,11.0,ES,0.002869897959183687,0.0112540192926045,0.010712372790573133,-0.013178537809852564,0.01955910957423801,0.004097270260203567,4653.0,4729.5,False,positive,positive,positive,medium,2022-01-13,medium,2022
36.17,True,False,False,False,True,False,,lower,modest_dip,negative,-34.25,ES,-0.013089560148383694,-0.010257227891156462,-0.0019828510182208214,-0.02461635154245012,-0.01109813084112199,-0.009256796297281267,4653.75,4618.75,True,negative,negative,negative,,2022-01-14,medium,2022
-43.33,True,False,True,False,True,False,-43.33,middle,modest_dip,negative,-49.75,ES,-0.0015008576329330614,0.0002684852064651633,-0.012824589295177602,-0.02629240499712504,0.0081723223467014,-0.0017148981779208095,4572.5,4604.0,False,negative,positive,negative,weak,2022-01-18,medium,2022
-55.58,True,False,False,False,True,False,,lower,modest_dip,positive,15.5,ES,-0.01905733304702595,-0.020529588336192006,-0.018793964452558543,-0.043949144561293285,-0.002293202293202068,-0.028858418367346927,4524.75,4588.0,False,negative,negative,negative,,2022-01-19,medium,2022
-68.83,True,False,False,False,False,False,,lower,deep_dip,positive,19.0,ES,-0.011437640234225332,-0.030277002362035565,-0.031732418524871187,-0.03879103921672922,-0.02625195407255665,-0.04271330153683095,4474.25,4543.75,False,negative,negative,negative,,2022-01-20,medium,2022
-71.58,True,False,False,False,False,False,,lower,deep_dip,negative,-12.0,ES,-0.01184676705048715,-0.023148908225250286,-0.04176508481855268,-0.05038037984784782,-0.04871029631208679,-0.04150781291950789,4385.5,4462.25,False,negative,negative,negative,,2022-01-21,medium,2022
69.92,True,False,False,False,False,False,,lower,deep_dip,negative,-59.25,ES,-0.018151260504201683,-0.029782993799822854,-0.04087998686586758,-0.061274772362078345,-0.07107648274765488,-0.06057032590051448,4404.75,4326.25,True,negative,negative,negative,,2022-01-24,medium,2022
6.67,True,False,False,False,False,False,,upper,deep_dip,negative,-68.5,ES,0.004621704895583667,-0.013613445378151345,-0.025298937112488984,-0.05643086816720255,-0.07884273307523271,-0.054809963495812686,4351.0,4336.25,True,positive,negative,negative,,2022-01-25,medium,2022
-69.33,True,False,False,False,False,False,,middle,deep_dip,positive,62.0,ES,-0.01005281990117568,-0.005477576172543741,-0.02352941176470602,-0.07366071428571419,-0.08957952468007291,-0.04613363979642093,4340.0,4413.0,False,negative,negative,negative,,2022-01-26,medium,2022
-64.83,True,False,False,False,False,False,,middle,deep_dip,positive,47.5,ES,0.0019506597819851645,-0.008121769750667251,-0.003537601278101099,-0.07450980392156858,-0.0867064114632361,-0.03321523472099197,4317.75,4387.5,False,positive,negative,negative,,2022-01-27,medium,2022
79.92,True,False,False,False,False,False,,middle,deep_dip,positive,14.25,ES,-0.006985799358680711,-0.00504876649454955,-0.01505083205543245,-0.06878590989636446,-0.0917090032996386,-0.028459383753501433,4424.0,4332.0,True,negative,negative,negative,,2022-01-28,medium,2022
87.42,True,False,False,False,False,False,,upper,deep_dip,negative,-7.0,ES,0.019432591396609356,0.012311039853412753,0.014285714285714235,-0.05236921097770153,-0.0717736007560641,0.008729887024991445,4501.75,4417.0,True,positive,positive,positive,,2022-01-31,strong,2022
26.92,True,False,False,False,False,False,,upper,deep_dip,positive,10.0,ES,0.016573335595904792,0.036327989851228315,0.029088410444342738,-0.035215804165771636,-0.06058230097747097,0.020730391321633457,4534.25,4511.75,True,positive,positive,positive,,2022-02-01,strong,2022
20.42,True,False,False,False,False,True,,upper,modest_dip,positive,25.5,ES,0.012964611618072608,0.02975281407319419,0.04976357974858736,-0.003721337492474941,-0.04750693245435034,0.04446356855995415,4577.25,4559.75,True,positive,positive,positive,,2022-02-02,strong,2022
-49.83,True,True,False,False,False,True,,lower,modest_dip,negative,-63.0,ES,-0.004449327107937329,0.008457600712219016,0.025171106963063572,0.0033215234720993525,-0.035598361091895514,0.03779202931745318,4471.75,4514.25,False,negative,positive,positive,,2022-02-03,strong,2022
36.17,True,True,False,False,False,False,,upper,modest_dip,negative,-4.0,ES,-0.002703597439858707,-0.007140895358417887,0.005731137324727298,0.0126050420168069,-0.03841038463584556,0.042267327874524474,4491.25,4467.75,True,negative,negative,positive,,2022-02-04,strong,2022
-34.33,True,True,False,False,False,False,,middle,modest_dip,positive,8.25,ES,-0.00735822959889354,-0.010041933348046816,-0.014446580609722481,0.023736163414355804,-0.038993036957685856,0.014876407036597206,4476.75,4499.5,False,negative,negative,negative,,2022-02-07,strong,2022
47.67,True,True,False,False,False,False,,middle,modest_dip,negative,-5.75,ES,0.0002229405863336531,-0.007136929460581087,-0.009821231516221718,0.01925370591242115,-0.03826366559485528,-0.0014466948586692174,4513.25,4471.0,True,positive,negative,negative,,2022-02-08,strong,2022
19.67,True,True,False,False,False,True,,upper,modest_dip,positive,43.5,ES,0.00863702217764395,0.008861888306766152,0.001438450899031496,0.03849684452094104,-0.03799957482993188,-0.0057127162867344206,4579.5,4556.75,True,positive,positive,positive,,2022-02-09,strong,2022
-29.58,True,True,False,False,False,True,,upper,modest_dip,negative,-62.0,ES,0.011933042373349467,0.020673130502618875,0.020900679968788083,0.048843334860283916,-0.029305776364599856,0.010648863385565699,4498.0,4517.5,False,positive,positive,positive,,2022-02-10,strong,2022
-83.83,True,True,False,False,False,False,,lower,modest_dip,positive,0.75,ES,-0.0206365671234372,-0.008949781780012156,-0.00039005906608724494,0.03442509514473535,-0.03672877624442872,-0.007524204702628379,4408.25,4498.75,False,negative,negative,negative,,2022-02-11,strong,2022
-7.33,True,False,False,False,False,False,,lower,modest_dip,negative,-5.25,ES,-0.014883772785551086,-0.035213189932849276,-0.02370034804706933,-0.00039594999717185164,-0.05274442538593471,-0.015048489577527802,4394.75,4403.0,False,negative,negative,negative,,2022-02-14,strong,2022
17.92,True,False,False,False,False,False,,upper,modest_dip,positive,46.75,ES,-0.0032820280669986213,-0.018116951892524713,-0.038379647322159705,-0.019919875361673833,-0.05443418509770226,-0.018499944277276414,4464.5,4441.5,True,negative,negative,negative,,2022-02-15,strong,2022
28.92,True,False,False,False,False,False,,upper,modest_dip,negative,-21.0,ES,0.011184285227659796,0.007865550022634782,-0.007135291822286671,-0.02164240593243638,-0.0252832047282876,-0.016021214297552766,4470.25,4443.5,True,positive,positive,negative,,2022-02-16,strong,2022
-62.08,True,False,False,False,False,False,,middle,modest_dip,negative,-34.25,ES,0.002021222839817982,0.013228114000227054,0.009902670891806187,-0.015283601853895878,-0.012012843224092351,-0.0256592236719988,4375.0,4436.0,False,positive,positive,positive,,2022-02-17,strong,2022
-34.08,True,False,False,False,False,False,,lower,modest_dip,positive,2.0,ES,-0.01865859808371151,-0.016675088428499296,-0.005677302146020247,-0.031037344398340716,-0.018823529411764905,-0.02369139862868619,4346.0,4377.0,False,negative,negative,negative,,2022-02-18,strong,2022
-34.58,True,False,False,False,False,False,,lower,deep_dip,negative,-23.75,ES,-0.016631179144846686,-0.024323398424117904,-0.04252815599260373,-0.04781009695753957,-0.02947691259158336,-0.029862609288066277,4300.0,4322.25,False,negative,negative,negative,,2022-02-22,strong,2022
-111.83,True,False,False,False,False,False,,middle,modest_dip,positive,30.25,ES,0.012230805243445664,-0.004603786614490457,-0.012390087929656346,-0.04441743550080135,-0.007630522088353242,-0.028858570546291706,4223.0,4330.25,False,positive,negative,negative,,2022-02-23,strong,2022
174.42,True,False,False,False,False,False,,lower,deep_dip,negative,-110.5,ES,-0.024512921315835157,-0.012581928838951373,-0.029003855671289713,-0.07883387017524712,-0.03384104443426483,-0.05457499859920434,4285.75,4112.5,True,negative,negative,negative,,2022-02-24,strong,2022
77.17,True,False,False,False,False,False,,upper,deep_dip,positive,13.0,ES,0.01007526817993254,-0.014684627392033245,-0.002633426966292096,-0.04994704275600659,-0.017241379310344973,-0.02689277149708813,4380.0,4298.75,True,positive,negative,negative,,2022-02-25,strong,2022
37.17,True,False,False,False,False,False,,upper,modest_dip,negative,-56.5,ES,0.02810538050812661,0.03846381793397757,0.013008036075620177,-0.008488003621548112,-0.008880592793710118,0.008344363238764085,4369.5,4323.5,True,positive,positive,positive,,2022-02-28,strong,2022
-58.83,True,True,False,False,False,False,,upper,modest_dip,negative,-16.25,ES,0.021646537137522515,0.05036030180858253,0.06094296353485884,0.016310356745978805,-0.003934418889179336,0.047594254665477065,4303.25,4353.25,False,positive,positive,positive,,2022-03-01,strong,2022
64.42,True,False,False,False,False,False,,middle,modest_dip,positive,24.0,ES,-0.013763563677898327,0.007585039967325846,0.03590360090990363,-0.008763962140952986,-0.03021669484715861,0.020691742516476097,4381.5,4327.25,True,negative,positive,positive,,2022-03-02,strong,2022
-52.83,True,True,False,False,False,False,,upper,modest_dip,positive,26.0,ES,0.01337657073368459,-0.0005711022272987254,0.021063072524651227,0.0024691632642428463,-0.012852176297895923,0.060337056645347165,4360.5,4407.5,False,positive,negative,positive,,2022-03-03,strong,2022
2.67,True,True,False,False,False,False,,middle,modest_dip,negative,-40.5,ES,-0.0007428571428571562,0.012623776709711043,-0.0013135351227869796,0.02077062063184809,-0.01091138867241026,0.04898061666057574,4325.5,4320.0,True,negative,positive,negative,,2022-03-04,strong,2022
-119.83,True,True,False,False,False,False,,middle,modest_dip,negative,-7.0,ES,-0.011780179561960313,-0.0125142857142857,0.0006948867913603163,0.01669869543900382,-0.015317510275133284,0.008285197502771346,4198.0,4318.5,False,negative,negative,positive,,2022-03-07,strong,2022
-20.58,True,True,False,False,False,False,,lower,deep_dip,positive,1.75,ES,-0.019441353867775346,-0.030992510790245675,-0.03171234492508712,0.013793273877769963,-0.03467628084122765,-0.03226533616156624,4165.25,4199.75,False,negative,negative,negative,,2022-03-08,strong,2022
23.17,True,False,False,False,False,False,,lower,deep_dip,positive,89.5,ES,-0.004060913705583702,-0.023423317912982244,-0.034927566583990766,-0.0025235927942147685,-0.046828936774848784,-0.022744707675849574,4277.25,4254.75,True,negative,negative,negative,,2022-03-09,strong,2022
34.67,True,True,False,False,False,False,,upper,deep_dip,negative,-49.5,ES,0.025664088265275442,0.021498954911914003,0.0016396322539087294,0.04878450173104465,-0.03389523952023166,-0.010895172286868648,4258.0,4227.75,True,positive,positive,positive,,2022-03-10,strong,2022
-78.33,True,True,False,False,False,False,,upper,modest_dip,positive,26.75,ES,-0.002747734580532013,0.0228458355819392,0.018692146909525142,0.035470081524456853,-0.016248586910010854,-0.012879680445506692,4203.5,4284.75,False,negative,positive,positive,,2022-03-11,strong,2022
-43.58,True,False,False,False,False,False,,lower,deep_dip,negative,-0.5,ES,-0.01377652714268962,-0.016486407483192078,0.008754572165257546,-0.0067118417995476465,-0.015142875283594148,-0.014873806874743822,4165.0,4203.0,False,negative,negative,positive,,2022-03-14,strong,2022
64.42,True,False,False,False,False,False,,lower,deep_dip,positive,27.0,ES,-0.007727515900850079,-0.021397584710986073,-0.02408652440806791,-0.035270543836669166,-0.01953546224329139,-0.0031054045983877065,4256.25,4192.0,True,negative,negative,negative,,2022-03-15,strong,2022
41.67,True,False,False,False,False,False,,upper,modest_dip,positive,37.75,ES,0.01803151021386218,0.010164655531118116,-0.0037519052643920636,-0.004168829060585688,-0.0128962557414799,0.01900821490675786,4351.0,4294.0,True,positive,positive,negative,,2022-03-16,strong,2022
63.92,True,True,True,True,False,True,63.92,upper,modest_dip,negative,-21.0,ES,0.02553842532658579,0.04403043191757017,0.035962670153955933,0.0077824576079772445,0.010270837030651458,0.01888336743642194,4405.0,4330.0,True,positive,positive,positive,weak,2022-03-17,strong,2022
63.17,True,True,True,True,False,True,63.17,upper,near_high,negative,-17.25,ES,0.005164103741106318,0.03083441214546312,0.049421913376864524,0.013739814629828428,0.034795819738904665,0.02696681908781806,4452.75,4387.75,True,positive,positive,positive,medium,2022-03-18,strong,2022
-6.83,True,True,True,True,False,True,-6.83,upper,near_high,negative,-1.25,ES,0.01952277657266821,0.024787697957310284,0.05095916205719675,0.045851144814663014,0.06331549455645624,0.06164179991678065,4453.0,4451.5,True,positive,positive,positive,strong,2022-03-21,strong,2022
32.92,True,True,True,True,False,True,32.92,middle,near_high,positive,14.25,ES,-0.004367301231802956,0.015070213494691176,0.02031214138168491,0.061928934010152314,0.07657641063568299,0.0652369256574612,4505.5,4467.25,True,negative,positive,positive,strong,2022-03-22,strong,2022
-26.83,True,True,True,True,False,True,-26.83,upper,near_high,negative,-28.0,ES,0.01445281745585425,0.01002239641657332,0.029740837995204883,0.08166936499370414,0.07893967197848295,0.06149229139696377,4446.75,4477.5,False,positive,positive,positive,strong,2022-03-23,strong,2022
38.67,True,True,True,True,False,True,38.67,lower,near_high,positive,21.25,ES,-0.012694717002051159,0.0015746260263187484,-0.0027995520716685984,0.04121601870797997,0.09201122337503098,0.021918751434473416,4513.25,4468.0,True,negative,positive,negative,strong,2022-03-24,strong,2022
8.17,True,True,True,True,False,True,8.17,upper,near_high,positive,7.0,ES,0.01291409320606407,5.543544542385703e-05,0.014509054099651308,0.057568296400516195,0.09508033009152306,0.029797922137230426,4536.0,4520.25,True,positive,positive,positive,strong,2022-03-25,strong,2022
29.92,True,True,True,True,False,True,29.92,upper,near_high,negative,-6.5,ES,0.0057649667405765825,0.0187535092644584,0.005820721769499659,0.07852345003863759,0.0712845712648762,0.015901455767077355,4569.0,4529.5,True,positive,positive,positive,strong,2022-03-28,strong,2022
9.42,True,True,True,True,False,True,9.42,upper,near_high,positive,41.0,ES,0.006999559082892404,0.01280487804878061,0.02588433464345896,0.09453064158629343,0.055925950611646735,0.02749971881678115,4627.0,4610.0,True,positive,positive,positive,strong,2022-03-29,strong,2022
-32.58,True,True,True,True,True,True,-32.58,upper,near_high,negative,-13.0,ES,0.011767281484319492,0.018849206349206504,0.024722838137472447,0.08779569259738751,0.08326085830210816,0.02477964410444078,4598.0,4614.0,False,positive,positive,positive,strong,2022-03-30,strong,2022
-48.58,True,True,True,True,True,True,-48.58,middle,near_high,negative,-8.75,ES,-0.004922644163150469,0.0067867111816541925,0.013833774250441078,0.055485425751664375,0.06369969633341421,0.0328467153284675,4527.75,4589.25,False,negative,positive,positive,strong,2022-03-31,strong,2022
-8.33,True,True,True,True,True,True,-8.33,lower,near_high,positive,15.75,ES,-0.012231584669747164,-0.017094017094017033,-0.005527885720540526,0.037218860600525705,0.05147005547573835,0.007206208425720728,4538.0,4543.5,False,negative,negative,negative,strong,2022-04-01,strong,2022
33.42,True,True,True,True,True,True,33.42,upper,near_high,positive,3.25,ES,-0.0008805723720418657,-0.013101386246262559,-0.017959536946878685,0.01646136618141103,0.06306728348070512,0.0005511463844800613,4577.75,4541.25,True,negative,negative,negative,strong,2022-04-04,strong,2022
-43.83,True,True,True,True,True,True,-43.83,upper,near_high,negative,-15.5,ES,0.0076567147736035235,0.006769400110071322,-0.005544985050285445,0.028736924980317324,0.09244550612123037,0.0012040939193258549,4521.25,4562.25,False,positive,positive,negative,strong,2022-04-05,strong,2022
-2.08,True,True,True,False,False,True,-2.08,lower,modest_dip,negative,-43.5,ES,-0.01098780954463452,-0.003415225294700952,-0.004292790313704109,0.0029380786074619802,0.08484739461533919,-0.021313426376717515,4475.5,4477.75,False,negative,negative,negative,strong,2022-04-06,strong,2022
35.17,True,True,True,False,False,False,35.17,lower,modest_dip,negative,-9.5,ES,-0.013541896971036915,-0.024380910730880667,-0.016910873636664103,0.002077484559236842,0.04337912890967566,-0.02979070399565098,4497.5,4466.0,True,negative,negative,negative,strong,2022-04-07,strong,2022
-7.83,True,False,True,False,True,True,-7.83,upper,modest_dip,negative,-8.25,ES,0.008909060346276698,-0.004753482202078274,-0.015689061389602577,-0.0018847006651884213,0.05557509672880778,-0.009025866813428873,4487.0,4489.25,False,positive,negative,negative,strong,2022-04-08,strong,2022
-46.08,True,False,True,False,False,True,-46.08,lower,modest_dip,negative,-36.5,ES,-0.003998667110962972,0.004874768868717405,-0.008733141720097204,-0.011574074074073737,0.06604053973726454,-0.01211854136829349,4409.25,4450.5,False,negative,positive,negative,strong,2022-04-11,strong,2022
-47.58,True,False,True,False,False,False,-47.58,lower,modest_dip,positive,31.5,ES,-0.01722984275677486,-0.021159613462179205,-0.01243906538914108,-0.03535657599474562,0.05583178577846981,-0.036516700377193456,4391.25,4440.75,False,negative,negative,negative,strong,2022-04-12,strong,2022
52.42,True,False,True,False,False,False,52.42,middle,modest_dip,negative,-2.0,ES,0.0,-0.01722984275677486,-0.021159613462179205,-0.04657578708211618,0.0371307520301285,-0.025812513818262106,4442.5,4389.25,True,positive,negative,negative,strong,2022-04-13,strong,2022
-51.83,True,False,True,False,True,False,-51.83,upper,modest_dip,positive,1.5,ES,0.0073758865248227945,0.0073758865248227945,-0.009981041596966556,-0.03479206306061411,0.01876291025935295,-0.0051549279991034425,4387.25,4444.0,False,positive,positive,negative,medium,2022-04-14,strong,2022
-3.33,True,False,True,False,True,False,-3.33,lower,modest_dip,negative,-11.0,ES,-0.011208110391438986,-0.003914893617021131,-0.003914893617021131,-0.03379196477710522,0.0021691973969637512,-0.024991669443518605,4389.0,4376.25,True,negative,negative,negative,weak,2022-04-18,strong,2022
70.92,True,False,False,False,True,False,,upper,modest_dip,negative,-2.25,ES,0.00495557074504438,-0.0063080822303576145,0.0010212765957446912,-0.02814806654180879,-0.012150055991041353,-0.01622616259618581,4459.0,4386.75,True,positive,negative,positive,,2022-04-19,strong,2022
-20.33,True,False,False,False,True,False,,upper,modest_dip,positive,18.5,ES,0.00736836138978636,0.012360446570972794,0.0010137989298790728,-0.02842617394631808,-0.0005061297941738596,0.008397163120567486,4455.75,4477.5,False,positive,positive,positive,,2022-04-20,strong,2022
-99.58,True,False,False,False,True,True,,upper,modest_dip,positive,38.75,ES,0.006245428458898417,0.013659808422604058,0.01868307131465019,-0.011496794163165625,-0.00859249404068907,0.014695035460993155,4388.75,4494.5,False,positive,positive,positive,,2022-04-21,strong,2022
-105.08,True,False,False,False,True,False,,lower,modest_dip,negative,-11.5,ES,-0.02085663162603446,-0.014741461767850073,-0.007481720795782909,-0.018826693561942998,-0.016788321167882758,-0.013742607716136113,4269.25,4377.25,False,negative,negative,negative,,2022-04-22,strong,2022
48.42,True,False,False,False,True,False,,lower,deep_dip,negative,-25.25,ES,-0.02889612243732509,-0.049150078282263476,-0.04321161312102617,-0.05559258025102709,-0.05737250554323714,-0.031385281385281516,4293.0,4244.0,True,negative,negative,negative,,2022-04-25,strong,2022
-88.08,True,False,False,False,True,False,,upper,deep_dip,negative,-27.25,ES,0.009291384886797927,-0.01987322254582835,-0.04031536569000227,-0.042990966878554526,-0.05406746031745979,-0.0272062574392109,4168.0,4265.75,False,positive,negative,negative,,2022-04-26,strong,2022
0.67,True,False,False,False,False,False,,lower,deep_dip,positive,11.25,ES,-0.027384489891044694,-0.018347544839753094,-0.046713494374964304,-0.05287943262411332,-0.08636637294072536,-0.06076633095144324,4179.5,4179.25,True,negative,negative,negative,,2022-04-27,strong,2022
48.67,True,False,False,False,False,False,,upper,deep_dip,positive,50.25,ES,0.00946504522853897,-0.018178640097884946,-0.009056159952955056,-0.043914893617021056,-0.088445309964297,-0.05776112726459404,4285.25,4229.75,True,positive,negative,negative,,2022-04-28,strong,2022
-117.58,True,False,False,False,False,False,,middle,deep_dip,negative,-42.75,ES,0.007774019346032945,0.017312646019289613,-0.010545941851657581,-0.04353703182202173,-0.07681435172601214,-0.030209582548112457,4127.75,4242.5,False,positive,positive,negative,,2022-04-29,strong,2022
20.17,True,False,False,False,False,False,,lower,deep_dip,negative,-0.75,ES,-0.025556471558120353,-0.017981128716396566,-0.008686275684418487,-0.05741626794258392,-0.0892680242157401,-0.026874448691561192,4151.5,4127.0,True,negative,negative,negative,,2022-05-02,strong,2022
16.42,True,False,False,False,False,False,,upper,deep_dip,positive,4.5,ES,0.0027797921198935427,-0.02284772111647637,-0.015251320396415635,-0.05945700844527557,-0.08593147515698984,-0.033152712229796655,4170.25,4156.0,True,positive,negative,negative,,2022-05-03,strong,2022
117.92,True,False,False,False,False,False,,upper,deep_dip,positive,6.25,ES,0.006689164758346466,0.00948755136572399,-0.0163113885290308,-0.06009114949642702,-0.08680916197452548,0.000718864194572566,4297.0,4176.5,True,positive,positive,negative,,2022-05-04,strong,2022
-122.58,True,False,False,False,False,False,,upper,modest_dip,negative,-46.0,ES,0.026638730918886466,0.03350608653730269,0.03637901861252102,-0.04104227242227687,-0.052067212027415044,0.017743754079876606,4144.5,4251.0,False,positive,positive,positive,,2022-05-05,strong,2022
2.17,True,False,False,False,False,False,,lower,deep_dip,negative,-28.0,ES,-0.032594752186588916,-0.006824304100568779,-0.00018078823671197064,-0.05253840443150015,-0.07037597355297809,-0.023024378753974895,4119.0,4116.5,True,negative,negative,negative,,2022-05-06,strong,2022
-77.58,True,False,False,False,False,False,,middle,deep_dip,negative,-63.5,ES,-0.008920499065758536,-0.04122448979591831,-0.015683926967973716,-0.0330491032049397,-0.08680439853382182,-0.006345177664974777,3987.25,4055.5,False,negative,negative,negative,,2022-05-09,strong,2022
-52.08,True,False,False,False,False,False,,lower,deep_dip,positive,62.75,ES,-0.027124004135498425,-0.03580254354770662,-0.06723032069970847,-0.06793684087863427,-0.10800713728114186,-0.03597685910570081,3995.0,4050.0,False,negative,negative,negative,,2022-05-10,strong,2022
-56.83,True,False,False,False,False,False,,middle,deep_dip,negative,-10.0,ES,-0.0018753516284303329,-0.02894848871860367,-0.0376107528177928,-0.04349128377164091,-0.09407092198581557,-0.0441783897036816,3932.0,3985.0,False,negative,negative,negative,,2022-05-11,strong,2022
9.42,True,False,False,False,False,False,,lower,deep_dip,negative,-35.0,ES,-0.012275317843051248,-0.014127648934175063,-0.040868454661558085,-0.06409115186042358,-0.10519148936170208,-0.08040816326530609,3927.75,3897.0,True,negative,negative,negative,,2022-05-12,strong,2022
42.17,True,False,False,False,False,False,,upper,deep_dip,positive,43.0,ES,-0.00019022256039569196,-0.012463205361057161,-0.014315184097018152,-0.07148745730773765,-0.1119121374260772,-0.049605207642697824,4020.25,3970.75,True,negative,negative,negative,,2022-05-13,strong,2022
2.92,True,False,False,False,False,False,,upper,deep_dip,negative,-17.0,ES,0.0182648401826484,0.01807114323758796,0.005573996367508105,-0.029731689630166924,-0.08544087491455954,-0.023535851122057916,4006.5,4003.25,True,positive,positive,positive,,2022-05-16,strong,2022
9.17,True,False,False,False,False,False,,middle,deep_dip,positive,63.0,ES,-0.00130792227204779,0.01693302891933035,0.01673958531481845,-0.03368687477401466,-0.09114096242135661,0.002375445396011866,4086.25,4069.5,True,negative,positive,positive,,2022-05-17,strong,2022
-128.58,True,False,False,False,False,False,,upper,deep_dip,negative,-48.0,ES,0.019145618958528177,0.017812655705032432,0.03640284119736181,-0.02173002095181087,-0.08051538851066209,0.023485939750736096,3923.75,4038.25,False,positive,positive,positive,,2022-05-18,strong,2022
10.67,True,False,False,False,False,False,,lower,deep_dip,negative,-35.5,ES,-0.045771631379268096,-0.027502338634237566,-0.02877428998505227,-0.09072886297376093,-0.12804741668530506,-0.011223131063343939,3897.0,3888.25,True,negative,negative,negative,,2022-05-19,strong,2022
-43.33,True,False,False,False,False,False,,middle,deep_dip,positive,38.5,ES,0.0024368346800052176,-0.04344633459796832,-0.025132522606797547,-0.05780242300042182,-0.10730398035520516,-0.00862506341958369,3898.25,3935.5,False,positive,negative,negative,,2022-05-20,strong,2022
30.17,True,False,False,False,False,False,,middle,deep_dip,positive,32.75,ES,-0.0015353121801432446,0.0008977811978967409,-0.044914943091420745,-0.05078148756309642,-0.08215230814466323,-0.027902341803686892,3972.0,3931.0,True,negative,positive,negative,,2022-05-23,strong,2022
4.17,True,False,False,False,False,False,,middle,deep_dip,negative,-44.0,ES,0.0031126921610977742,0.0015726010267664847,0.004013267875491611,-0.021280058807875424,-0.087771199717391,-0.02359944501088762,3943.25,3928.0,True,positive,positive,positive,,2022-05-24,strong,2022
49.42,True,False,False,False,False,False,,upper,deep_dip,negative,-18.25,ES,0.0027863973149262478,0.005907762673103889,0.004363380232971226,-0.01670893970051912,-0.05947353023412172,-0.039272527242577016,3979.0,3925.0,True,positive,positive,positive,,2022-05-25,strong,2022
68.17,True,False,False,False,False,False,,upper,deep_dip,positive,10.25,ES,0.0027786548784338727,0.0055727946298524955,0.008702833185110004,-0.0017225400828607684,-0.06570329236524808,0.00960842762300862,4055.5,3989.25,True,positive,positive,positive,,2022-05-26,strong,2022
64.92,True,True,False,False,False,True,,upper,modest_dip,positive,26.0,ES,0.021915737766861954,0.02475528891695622,0.02761066430245096,0.020349540449335013,-0.05259265376250655,0.029226685888249282,4156.25,4081.5,True,positive,positive,positive,,2022-05-27,strong,2022
-0.33,True,True,False,False,False,True,,middle,modest_dip,negative,-18.25,ES,0.0023392514395392805,0.029826831823503985,0.052396246615026065,0.03328666166949912,-0.0015215367078210695,0.05826103476663924,4132.25,4138.0,False,positive,positive,positive,,2022-05-31,strong,2022
-47.83,True,True,False,False,False,True,,middle,modest_dip,positive,22.0,ES,-0.007061217162348199,-0.004738483685220896,0.022555000924385116,0.006716195482407317,-0.015159768537952756,0.04786864540574687,4098.25,4154.25,False,negative,negative,positive,,2022-06-01,strong,2022
73.17,True,True,False,False,False,True,,lower,modest_dip,negative,-1.75,ES,-0.014644729705297399,-0.021602537250912657,-0.01931381957773526,0.03955524854437886,-0.054762417154457954,0.029661817494804232,4175.75,4096.5,True,negative,negative,negative,,2022-06-02,strong,2022
-14.58,True,True,False,False,False,True,,upper,near_high,negative,-50.25,ES,0.023058103975535094,0.008075694569999348,0.0009574531745555337,0.06094008595875633,-0.00038482166793551986,0.030812842792875772,4108.0,4125.5,False,positive,positive,positive,,2022-06-03,strong,2022
-27.33,True,True,False,False,False,True,,lower,modest_dip,positive,41.75,ES,-0.017277455610689274,0.005382262996941778,-0.009341288495148592,0.04421293355355105,-0.008813752544923004,-0.014035508637236238,4119.25,4149.75,False,negative,positive,negative,,2022-06-06,strong,2022
79.67,True,True,True,False,False,True,79.67,lower,near_high,negative,-36.75,ES,0.0028592286166200243,-0.014467627189573729,0.008256880733944927,0.043949084921790726,0.02173378700222739,-0.013524026090599106,4158.75,4082.5,True,positive,negative,positive,medium,2022-06-07,strong,2022
-28.58,True,True,True,False,False,True,-28.58,upper,near_high,negative,-17.75,ES,0.006248104337276406,0.009125197712617217,-0.00830991809649062,0.04755288916956113,0.030049391111321988,-0.00030133188694014823,4114.25,4141.0,False,positive,positive,negative,medium,2022-06-08,strong,2022
-65.33,True,True,True,True,False,True,-65.33,lower,near_high,negative,-19.75,ES,-0.006932722449963791,-0.0007279344858961423,0.002129212799610869,0.03740789722274673,0.03562092053750465,0.007522935779816553,4015.0,4094.5,False,negative,negative,positive,strong,2022-06-09,strong,2022
-38.58,True,False,True,False,False,False,-38.58,lower,modest_dip,negative,-65.5,ES,-0.023432283129970255,-0.030202556064624964,-0.024143160448892864,-0.008627595982005354,0.011546376853913465,-0.03826149339391394,3898.0,3949.5,False,negative,negative,negative,weak,2022-06-10,strong,2022
-51.08,True,False,False,False,False,False,,lower,deep_dip,negative,-100.5,ES,-0.028905327282899185,-0.05166029260001215,-0.058234868579696064,-0.06297984644913635,-0.0353125640742723,-0.04964107555663688,3750.25,3797.5,False,negative,negative,negative,,2022-06-13,strong,2022
-32.08,True,False,False,False,False,False,,lower,deep_dip,positive,17.75,ES,-0.02621868323946397,-0.054366150902399824,-0.0765245109917384,-0.08967675600304614,-0.05937513417023865,-0.07719674064706727,3738.0,3768.0,False,negative,negative,negative,,2022-06-14,strong,2022
15.42,True,False,False,False,False,False,,middle,deep_dip,positive,38.25,ES,-0.001063688339316582,-0.02725448307114653,-0.055372010600947985,-0.084178239892572,-0.0780274019246483,-0.08390219041098679,3795.5,3776.25,True,negative,negative,negative,,2022-06-15,strong,2022
-48.83,True,False,False,False,False,False,,upper,deep_dip,negative,-88.0,ES,0.01717023825369357,0.016088286132163176,-0.010552210785265803,-0.0546083569961725,-0.017213155585377393,-0.061667373088534094,3673.5,3707.5,False,positive,positive,negative,,2022-06-16,strong,2022
9.92,True,False,False,False,False,False,,lower,deep_dip,negative,-1.0,ES,-0.03755561371368754,-0.021030214295221672,-0.022071533040819213,-0.11062052476270112,-0.056421663091786534,-0.07523773964727443,3675.25,3672.5,True,negative,negative,negative,,2022-06-17,strong,2022
37.67,True,False,False,False,False,False,,upper,deep_dip,positive,61.0,ES,0.009026128266033329,0.010740992522093817,-0.027218005757654984,-0.08787136949478769,-0.0477841508531176,-0.011567610690067842,3768.5,3736.25,True,positive,positive,negative,,2022-06-21,strong,2022
50.92,True,False,False,False,False,False,,upper,deep_dip,negative,-44.5,ES,0.012779122948614496,0.021920597217509386,0.023657375934738267,-0.08195123008176763,-0.038295358673593904,0.002129641953946493,3760.75,3724.0,True,positive,positive,positive,,2022-06-22,strong,2022
11.67,True,False,False,False,False,False,,middle,deep_dip,positive,23.0,ES,-0.005312790543232859,0.0073984396018293985,0.016491347132677303,-0.08045367142894955,-0.046055376878209486,-0.02002093692750584,3798.75,3783.75,True,negative,positive,positive,,2022-06-23,strong,2022
78.67,True,False,False,False,False,False,,upper,deep_dip,positive,33.0,ES,0.010749098678061175,0.005379200425023267,0.01822706483723424,-0.04826812647995149,-0.05647928456787943,0.029163834126444632,3919.0,3831.75,True,positive,positive,positive,,2022-06-24,strong,2022
-33.83,True,True,False,False,False,True,,upper,deep_dip,positive,9.75,ES,0.03434837175506966,0.045466684470556906,0.03991233895603674,0.013724347769793477,-0.050119855994499085,0.0627078384798101,3905.5,3928.75,False,positive,positive,positive,,2022-06-27,strong,2022
-89.83,True,True,False,False,False,True,,lower,deep_dip,positive,14.75,ES,-0.0012772207676097214,0.03302728053372084,0.044131392709306994,0.039688871160749706,-0.05354705405741522,0.05185633575464066,3825.25,3920.25,False,negative,positive,positive,,2022-06-28,strong,2022
-13.08,True,True,False,False,False,False,,lower,deep_dip,positive,4.75,ES,-0.020525609054287353,-0.021776614087745116,0.01182376643107208,0.01943298282976169,-0.06638109135328218,0.017266569265506737,3820.5,3830.0,False,negative,negative,positive,,2022-06-29,strong,2022
-3.83,True,False,False,False,False,False,,middle,deep_dip,negative,-42.5,ES,-0.0031988510249379987,-0.023658801713664523,-0.0249058049683889,-0.0009814184768384138,-0.055536181822465225,0.019428495126185163,3789.5,3778.0,True,negative,negative,negative,,2022-06-30,strong,2022
42.67,True,True,False,False,False,False,,middle,deep_dip,negative,-8.5,ES,-0.007073154758006406,-0.01024937981459717,-0.030564614105761168,0.030659415363698095,-0.08335267001545288,0.0014532003434837293,3828.0,3781.0,True,negative,negative,negative,,2022-07-01,strong,2022
55.17,True,True,False,False,False,False,,upper,deep_dip,negative,-53.5,ES,0.005620180368579364,0.014972627135413363,0.007793568668544415,0.03497444175410269,-0.05597017983493369,-0.016049619540891014,3835.5,3774.5,True,positive,positive,positive,,2022-07-05,strong,2022
6.17,True,True,False,False,False,False,,upper,deep_dip,positive,1.25,ES,-0.00558877047049644,2.220446049250313e-16,0.009300178088516686,0.01620401115686021,-0.06707515757147064,-0.001044522783652857,3849.5,3836.75,True,negative,positive,positive,,2022-07-06,strong,2022
37.42,True,True,False,False,False,False,,middle,deep_dip,positive,17.5,ES,0.006927199058946565,0.0012997140629062987,0.006927199058946787,0.028708772866872012,-0.05405462474143741,0.009103412142249523,3904.75,3867.0,True,positive,positive,positive,,2022-07-07,strong,2022
18.92,True,True,False,False,False,True,,upper,modest_dip,negative,-17.25,ES,0.011747144340602311,0.018755718206770355,0.013062126332207047,0.029724552480348887,-0.019978322458283904,0.02823032781478818,3902.0,3887.5,True,positive,positive,positive,,2022-07-08,strong,2022
-21.83,True,False,True,True,False,True,-21.83,upper,near_high,negative,-28.75,ES,0.0021168772852653284,0.013888888888889062,0.020912299045876326,-0.0023628584200777736,0.011329060659027945,0.020912299045876548,3857.75,3873.25,False,positive,positive,positive,weak,2022-07-11,strong,2022
-27.83,True,False,True,True,False,False,-27.83,lower,modest_dip,negative,-6.75,ES,-0.010754064780437833,-0.008659952530630455,0.0029854620976117463,-0.011829400856831596,0.027389974737402234,0.004289056407590586,3824.0,3851.0,False,negative,negative,positive,medium,2022-07-12,strong,2022
44.17,True,False,True,False,False,False,44.17,lower,modest_dip,negative,-58.5,ES,-0.010741555584314777,-0.02138010498015619,-0.01930848675347996,-0.001958480219349412,0.01743644349793727,-0.0009149130832570851,3803.0,3765.5,True,negative,negative,negative,weak,2022-07-13,strong,2022
43.42,True,False,False,False,False,False,,lower,modest_dip,negative,-53.5,ES,-0.011316064887493482,-0.02193606833182349,-0.03245423121239277,-0.010085794747527133,-0.011057314839046817,-0.019016095534787114,3794.25,3749.5,True,negative,negative,negative,,2022-07-14,strong,2022
17.17,True,True,True,False,False,False,17.17,upper,modest_dip,positive,45.75,ES,0.008402249421104901,-0.0030088958660386966,-0.013718131228161012,0.005342655497658777,0.036165873555405126,-0.022259285393546602,3865.5,3840.0,True,positive,negative,negative,strong,2022-07-15,strong,2022
-65.33,True,True,True,False,False,True,-65.33,upper,modest_dip,positive,32.5,ES,0.014761842277916326,0.02328812437975536,0.011708529565672476,0.010782904195530296,0.049677638276213854,-0.009921905005761067,3834.0,3898.0,False,positive,positive,positive,strong,2022-07-18,strong,2022
61.92,True,False,True,False,False,False,61.92,lower,modest_dip,positive,40.5,ES,-0.005883493890217917,0.008791497178847862,0.01726761495203455,-0.0007798284377434905,0.03416733925208515,-0.005047236961304491,3936.5,3874.5,True,negative,positive,positive,medium,2022-07-19,strong,2022
23.92,True,True,True,True,False,True,23.92,upper,near_high,positive,2.0,ES,0.025949531737773146,0.019913363936121975,0.03496916415168605,0.030910992027185946,0.04761588524372451,0.03185504971219255,3962.5,3938.5,True,positive,positive,positive,strong,2022-07-20,strong,2022
41.67,True,True,True,True,False,True,41.67,middle,near_high,negative,-7.75,ES,0.003232963549920864,0.029266389177939667,0.023210706665804715,0.027128764278297135,0.05661637067699399,0.04703936486933524,4002.75,3954.75,True,positive,positive,positive,strong,2022-07-21,strong,2022
-46.33,True,True,True,True,False,True,-46.33,upper,near_high,positive,0.5,ES,0.007013774800960437,0.010269413629160118,0.036485431841831506,0.022323433190070352,0.052711539731818746,0.04559769059178587,3965.5,4003.25,False,positive,positive,positive,strong,2022-07-22,strong,2022
-5.83,True,True,True,True,False,True,-5.83,lower,near_high,positive,5.75,ES,-0.005270753592269584,0.0017060533299633196,0.004944532488114106,0.014786839073102076,0.012389041445814097,0.024956358699165904,3970.0,3971.25,False,negative,positive,positive,weak,2022-07-25,strong,2022
-26.58,True,True,True,True,False,True,-26.58,lower,near_high,negative,-17.25,ES,-0.001829306755819049,-0.007090418522934017,-0.0001263743207380319,0.02394202148311142,0.01182940085683315,0.02913631633714897,3923.0,3952.75,False,negative,negative,negative,weak,2022-07-26,strong,2022
73.42,True,True,True,True,False,True,73.42,upper,near_high,positive,34.5,ES,-0.0005055611729019027,-0.0023339431022518786,-0.007592395055531109,0.03453689167974905,0.03251077164120719,0.0025990491283676143,4024.0,3957.5,True,negative,negative,negative,medium,2022-07-27,strong,2022
40.92,True,True,True,True,False,True,40.92,upper,near_high,positive,7.75,ES,0.01650227617602429,0.015988372093023173,0.014129817700119895,0.06364538537876308,0.05291767633767863,0.015859977252622226,4073.25,4031.75,True,positive,positive,positive,strong,2022-07-28,strong,2022
45.67,True,True,True,True,False,True,45.67,upper,near_high,positive,15.75,ES,0.019033401754058543,0.035849772382397616,0.03532608695652151,0.0748589423960111,0.08060154343381098,0.02798519169228819,4133.75,4089.0,True,positive,positive,positive,strong,2022-07-29,strong,2022
14.42,True,True,True,True,True,True,14.42,upper,near_high,negative,-28.75,ES,0.008972715619849803,0.02817689867512585,0.04514415781487102,0.0687269670912265,0.08025094758855089,0.042704850816880136,4119.75,4105.0,True,positive,positive,positive,strong,2022-08-01,strong,2022
-7.33,True,True,True,True,True,True,-7.33,middle,near_high,negative,-16.0,ES,-0.00453720508166966,0.004394799487273282,0.023511849225601678,0.0701742976066595,0.06933974525604403,0.039876137512638854,4094.0,4103.75,False,negative,positive,positive,strong,2022-08-02,strong,2022
49.17,True,True,True,True,True,True,49.17,lower,near_high,positive,21.75,ES,-0.004922515952597961,-0.009437386569872919,-0.0005493499359092713,0.03797147385103017,0.07005620180368588,0.0352807283763279,4157.0,4115.75,True,negative,negative,negative,strong,2022-08-03,strong,2022
-5.33,True,True,True,True,True,True,-5.33,upper,near_high,negative,-1.25,ES,0.013863442042262086,0.008872683075053178,0.00429522081064726,0.04897004928598503,0.07742731048805807,0.032593145487342046,4153.25,4155.75,False,positive,positive,positive,strong,2022-08-04,strong,2022
36.42,True,True,True,True,True,True,36.42,middle,near_high,negative,-45.25,ES,0.0008433226914041914,0.014718456088921528,0.009723488301428107,0.0425425111376041,0.0658156392327931,0.014161020570103044,4146.0,4108.0,True,positive,positive,positive,strong,2022-08-05,strong,2022
-21.33,True,True,True,True,True,True,-21.33,middle,near_high,positive,18.25,ES,-0.0028889557628648532,-0.002048069393409957,0.011786979357518046,0.04503879391913235,0.0604916143899632,0.0022383545069570854,4141.5,4164.25,False,negative,negative,positive,strong,2022-08-08,strong,2022
-11.08,True,True,True,True,True,True,-11.08,middle,near_high,negative,-8.0,ES,0.002655882175409019,-0.00024074631357196008,0.0006023733510029938,0.04973458038422662,0.07486734825935071,0.009480401093892477,4125.0,4133.5,False,positive,negative,positive,strong,2022-08-09,strong,2022
10.92,True,True,True,True,True,True,10.92,middle,near_high,positive,74.0,ES,-0.005719101800012005,-0.0030784088851329994,-0.005958471260908649,0.04425897824987368,0.08032443746729512,0.008672285330401985,4210.5,4199.0,True,negative,negative,negative,strong,2022-08-10,strong,2022
-29.08,True,True,True,True,True,True,-29.08,upper,near_high,positive,30.0,ES,0.020222814240736353,0.014388056107398794,0.01708215126456225,0.04808110965976242,0.11478663579225978,0.01499909643997377,4211.5,4240.5,False,positive,positive,positive,strong,2022-08-11,strong,2022
45.17,True,True,True,True,True,True,45.17,lower,near_high,positive,19.5,ES,0.0005341246290802015,0.0207677403729718,0.014929865751610594,0.0290545077214186,0.10608843983729188,0.014685525127896781,4281.0,4231.0,True,positive,positive,positive,strong,2022-08-12,strong,2022
38.92,True,True,True,True,True,True,38.92,upper,near_high,negative,-22.75,ES,0.015659291772940342,0.01620178041543041,0.03675224025187718,0.03587416817906908,0.10706665804616322,0.03356069294380415,4299.0,4258.25,True,positive,positive,positive,strong,2022-08-15,strong,2022
21.17,True,True,True,True,True,True,21.17,upper,near_high,negative,-11.25,ES,0.0032704549436430863,0.018980959724776092,0.0195252225519289,0.04399878456396267,0.11726066597294516,0.03419420865691447,4307.0,4287.75,True,positive,positive,positive,strong,2022-08-16,strong,2022
7.67,True,True,True,True,True,True,7.67,middle,near_high,negative,-37.75,ES,0.0029687409045928703,0.006248904981603687,0.022006050180912284,0.05227800171002839,0.09223454833597522,0.04323080649067612,4276.5,4269.25,True,positive,positive,positive,strong,2022-08-17,medium,2022
6.67,True,True,True,True,True,True,6.67,lower,near_high,positive,1.0,ES,-0.00882182240278584,-0.005879271203213188,-0.0026280441511417063,0.028733208842841362,0.07911032478200486,0.013531157270029848,4288.5,4277.5,True,negative,negative,negative,strong,2022-08-18,medium,2022
-27.58,True,True,True,True,True,True,-27.58,upper,near_high,negative,-29.5,ES,0.003923176015926844,-0.004933255948926352,-0.0019791606030619135,0.03189888654830009,0.07579845642216254,0.016964232754018482,4230.0,4259.0,False,positive,negative,negative,strong,2022-08-19,medium,2022
-39.58,True,True,True,False,True,True,-39.58,lower,modest_dip,negative,-51.25,ES,-0.013473315835520583,-0.009602998009134667,-0.018340104468949625,0.020945252610611753,0.06692739544565796,-0.01220580505752511,4142.75,4178.75,False,negative,negative,negative,strong,2022-08-22,strong,2022
-4.58,True,False,True,False,True,False,-4.58,lower,modest_dip,negative,-5.75,ES,-0.018032399195932358,-0.03126275882181395,-0.02746223211148857,-0.00012040214315778286,0.04960819009100126,-0.03318004540427266,4131.0,4137.0,False,negative,negative,negative,strong,2022-08-23,strong,2022
18.67,True,False,True,False,True,False,18.67,lower,modest_dip,negative,-2.5,ES,-0.005659582154253773,-0.023589925505498432,-0.036745406824147064,-6.054734802574124e-05,0.04419575113808816,-0.04149738827626248,4143.75,4128.5,True,negative,negative,negative,strong,2022-08-24,strong,2022
34.92,True,False,True,False,True,False,34.92,upper,modest_dip,positive,15.0,ES,0.004056917953375816,-0.0016256246613282066,-0.01962870994442467,-0.015905044510385546,0.03141133296012977,-0.02904321349104111,4202.25,4158.75,True,positive,negative,negative,medium,2022-08-25,strong,2022
-141.58,True,False,True,False,True,True,-141.58,upper,modest_dip,negative,-1.5,ES,0.012242190326860358,0.016348773841961872,0.010596664459028071,-0.004389346936354732,0.02453763047060975,-0.02099737532808399,4059.0,4200.75,False,positive,positive,positive,medium,2022-08-26,strong,2022
9.92,True,False,False,False,False,False,,lower,deep_dip,negative,-31.0,ES,-0.03658028001191538,-0.0247859124351707,-0.020829548894943928,-0.05559773404193202,-0.021718088324258256,-0.04392810689369753,4032.0,4028.0,True,negative,negative,negative,,2022-08-29,strong,2022
-65.33,True,False,False,False,False,False,,middle,deep_dip,positive,11.5,ES,-0.00030919547337826536,-0.036878165028299104,-0.025087444216620458,-0.058967343850049425,-0.01756305074445441,-0.026672286109940435,3986.25,4043.5,False,negative,negative,negative,,2022-08-30,strong,2022
-36.33,True,False,False,False,False,False,,lower,deep_dip,positive,17.75,ES,-0.013299517505876546,-0.013604600828643898,-0.04968722073279719,-0.07423099245502052,-0.02583363869549249,-0.034150772025431375,3955.75,4004.0,False,negative,negative,negative,,2022-08-31,strong,2022
24.67,True,False,False,False,False,False,,lower,deep_dip,negative,-23.75,ES,-0.013039934800325947,-0.026166027465050035,-0.026467132521179826,-0.07817074598899165,-0.051683633516052985,-0.05059703292727047,3967.5,3932.0,True,negative,negative,negative,,2022-09-01,strong,2022
-83.33,True,False,False,False,False,False,,upper,deep_dip,positive,38.75,ES,0.008575239789112565,-0.004576515578960549,-0.017815167635778728,-0.07389909594633992,-0.04435750827565421,-0.054036341971998914,3925.5,4006.25,False,positive,negative,negative,,2022-09-02,strong,2022
-28.58,True,False,False,False,True,False,,upper,deep_dip,positive,8.5,ES,0.0015254560477975243,-0.007620607129361412,0.0008892841262782003,-0.05129748931302314,-0.05141171512852882,-0.025300012371644143,3911.0,3934.0,False,positive,negative,positive,,2022-09-06,strong,2022
76.17,True,False,False,False,True,False,,lower,deep_dip,negative,-4.25,ES,-0.008440693025322132,-0.006928112883747728,-0.015996976949238073,-0.053950953678474245,-0.05400823443933134,-0.020500282113974033,3980.5,3906.75,True,negative,negative,negative,,2022-09-07,strong,2022
45.92,True,False,False,False,True,False,,upper,deep_dip,negative,-25.25,ES,0.01824116743471582,0.009646506314653802,0.011186677683848956,-0.040586177783138444,-0.05584569732937694,0.010544368925871517,4005.75,3955.25,True,positive,positive,positive,,2022-09-08,strong,2022
42.42,True,False,False,False,True,False,,upper,deep_dip,positive,23.5,ES,0.008108617763530113,0.026497695852534697,0.01783334391064284,-0.044504021447721365,-0.04869802479387908,0.010076835873535472,4066.75,4029.25,True,positive,positive,positive,,2022-09-09,strong,2022
15.67,True,True,False,False,True,True,,upper,deep_dip,positive,22.75,ES,0.014153884524254812,0.022377270727261145,0.04102662570404503,0.005812874899511211,-0.050108041815102866,0.03381427572618034,4111.25,4089.5,True,positive,positive,positive,,2022-09-12,strong,2022
-86.33,True,True,False,False,True,True,,upper,modest_dip,negative,-92.0,ES,0.01205041500153703,0.026374859708192977,0.03469734112766343,0.018248175182481674,-0.041795215088189286,0.044678555562607025,3932.25,4019.25,False,positive,positive,positive,,2022-09-13,strong,2022
-2.08,True,False,False,False,True,False,,lower,deep_dip,positive,31.5,ES,-0.04270700443472453,-0.03117122656009841,-0.0174585359770546,-0.01209955488684089,-0.08543238537434772,0.008576548899129621,3964.25,3963.75,True,negative,negative,negative,,2022-09-14,strong,2022
-27.83,True,True,False,False,True,False,,upper,deep_dip,negative,-17.25,ES,0.007932478740956928,-0.03511329809853603,-0.023486012911159038,0.008892841262782891,-0.06997306476168197,-0.0016342950531147427,3918.75,3947.0,False,positive,negative,negative,,2022-09-15,strong,2022
14.92,True,False,False,False,True,False,,lower,deep_dip,negative,-45.0,ES,-0.019328842158282455,-0.0115496890468334,-0.05376344086021512,-0.01902002771129918,-0.09151356080489936,-0.02880658436214012,3888.75,3873.75,True,negative,negative,negative,,2022-09-16,strong,2022
61.17,True,False,False,False,False,False,,upper,deep_dip,negative,-34.75,ES,0.0021828454031844746,-0.01718818862935212,-0.009392054829293062,-0.007817962244963006,-0.0770958968901504,-0.040270519520442805,3918.75,3854.0,True,positive,negative,negative,,2022-09-19,strong,2022
-5.83,True,False,False,False,True,False,,upper,deep_dip,negative,-36.0,ES,0.007367072389493856,0.009565998972778766,-0.009947742869734988,-0.002030843434663976,-0.05322415557830118,-0.04471174290747826,3874.0,3882.75,False,positive,positive,negative,,2022-09-20,strong,2022
-73.58,True,False,False,False,True,False,,middle,deep_dip,positive,19.0,ES,-0.014181240063593004,-0.006918641896220379,-0.004750898818695282,-0.007808499743983566,-0.061338177414471895,-0.016245716461479986,3804.0,3893.0,False,negative,negative,negative,,2022-09-21,strong,2022
-10.83,True,False,False,False,False,False,,lower,deep_dip,negative,-8.25,ES,-0.024254934847116494,-0.03809220985691575,-0.03100576553491352,-0.04921742409956631,-0.08780605475817171,-0.04766102121765414,3771.25,3795.75,False,negative,negative,negative,,2022-09-22,strong,2022
-30.58,True,False,False,False,False,False,,lower,deep_dip,negative,-36.5,ES,-0.0005950019833399489,-0.02483550509611665,-0.038664546899841,-0.057426112981668664,-0.0993744414655946,-0.029468412942989075,3707.5,3734.75,False,negative,negative,negative,,2022-09-23,strong,2022
-3.33,True,False,False,False,False,False,,middle,deep_dip,negative,-15.5,ES,-0.017926837335450196,-0.01851117281502057,-0.04231712037156499,-0.08724254534276077,-0.08193680044524176,-0.04894298526585528,3671.0,3692.0,False,negative,negative,negative,,2022-09-26,strong,2022
-44.08,True,False,False,False,False,False,,lower,deep_dip,positive,37.5,ES,-0.008689209214603255,-0.02646027650988958,-0.02703953457622643,-0.10594739080250293,-0.08963256216751214,-0.0641017488076312,3661.0,3708.5,False,negative,negative,negative,,2022-09-27,strong,2022
72.67,True,False,False,False,False,False,,lower,deep_dip,positive,9.25,ES,-0.004484609635115877,-0.013134851138353776,-0.03082622213402142,-0.07025003172991517,-0.08149959250203753,-0.054896142433234374,3732.5,3670.25,True,negative,negative,negative,,2022-09-28,strong,2022
-41.83,True,False,False,False,False,False,,upper,deep_dip,negative,-38.25,ES,0.017746228926353247,0.013182034382007268,0.004378283712784592,-0.06119750676824276,-0.05284888521882769,-0.014213936268676508,3654.5,3694.25,False,positive,positive,positive,,2022-09-29,strong,2022
-37.58,True,False,False,False,False,False,,middle,deep_dip,negative,-10.5,ES,-0.015961370800080532,0.0015016039860760166,-0.002989739756743881,-0.05797380585516165,-0.0758911701725663,-0.029370906925977436,3597.25,3644.0,False,negative,positive,negative,,2022-09-30,strong,2022
57.17,True,False,False,False,False,False,,lower,deep_dip,positive,38.5,ES,-0.01744701151775374,-0.03312990409764616,-0.015971606033717944,-0.07642536835361957,-0.0836458399542368,-0.02889667250437844,3691.25,3635.75,True,negative,negative,negative,,2022-10-03,strong,2022
52.42,True,False,False,False,False,False,,upper,deep_dip,positive,58.0,ES,0.027259485329818922,0.009336877257547727,-0.0067735229025552846,-0.05818759936407003,-0.06010027289458664,0.00631922266766316,3804.75,3749.25,True,positive,positive,negative,,2022-10-04,strong,2022
34.17,True,False,False,False,False,False,,upper,deep_dip,negative,-45.75,ES,0.025320729237002126,0.053270444613997325,0.03489402303550726,-0.02044897432589332,-0.028097798259088647,0.03644802402566372,3797.0,3759.0,True,positive,positive,positive,,2022-10-05,strong,2022
-19.58,True,True,False,False,True,False,,upper,deep_dip,negative,-16.5,ES,0.003951267698386607,0.029372045914922484,0.05743219809946587,0.007867248446383757,-0.041737381356464986,0.022399570786667766,3756.0,3780.5,False,positive,positive,positive,,2022-10-06,strong,2022
-64.33,True,False,False,False,False,False,,lower,deep_dip,negative,-42.25,ES,-0.017120367333551934,-0.013236746789594855,0.011748818365969083,-0.008798041939538148,-0.06571891757076942,0.021195392898521126,3651.25,3713.75,False,negative,negative,positive,,2022-10-07,strong,2022
-27.83,True,False,False,False,False,False,,lower,deep_dip,positive,11.75,ES,-0.025427122263747992,-0.04211216792390937,-0.03832729667434953,-0.01636804526471769,-0.10218260067629892,0.012901435804952621,3623.5,3663.0,False,negative,negative,negative,,2022-10-10,strong,2022
-4.83,True,False,False,False,False,False,,middle,deep_dip,negative,-18.75,ES,-0.005135930973087732,-0.0304324612920448,-0.047031813709412784,-0.012842291227831537,-0.11742907478281994,-0.01904118838622537,3599.75,3604.75,False,negative,negative,negative,,2022-10-11,strong,2022
-8.33,True,False,False,False,False,False,,middle,deep_dip,positive,4.25,ES,-0.007433920704845831,-0.012531671574334102,-0.03764014949279226,-0.015766841853798508,-0.08490925244320335,-0.050378663154428516,3587.5,3604.0,False,negative,negative,negative,,2022-10-12,strong,2022
175.67,True,False,False,False,False,False,,lower,deep_dip,negative,-74.25,ES,-0.0018723994452150006,-0.009292400881057317,-0.014380606724645695,-0.03473945409429258,-0.09381099288547523,-0.05588717612331906,3682.0,3513.25,True,negative,negative,negative,,2022-10-13,strong,2022
-103.83,True,True,False,False,False,False,,upper,deep_dip,positive,25.5,ES,0.022649899256583117,0.020735090152565805,0.013147026431718167,0.0031350098820963623,-0.05502054442732396,-0.01768553123331551,3599.25,3707.5,False,positive,positive,positive,,2022-10-14,strong,2022
32.92,True,False,False,False,False,False,,lower,deep_dip,positive,63.0,ES,-0.02262381955295878,-0.00048634753004928033,-0.002357836338418906,-0.002150239300825363,-0.07841127482383081,-0.014859960282133766,3690.0,3662.25,True,negative,negative,negative,,2022-10-17,strong,2022
-46.58,True,True,False,False,False,False,,upper,modest_dip,positive,83.5,ES,0.034338940636730264,0.010938243087166288,0.033835892447717786,0.004726536124240566,-0.05373608903020666,0.02422907488986814,3733.75,3773.5,False,positive,positive,positive,,2022-10-18,strong,2022
-9.33,True,False,False,False,False,True,,upper,modest_dip,negative,-21.75,ES,0.011693548387096797,0.0464340330877242,0.022759698349072766,-0.008626934474810444,-0.02889949683911719,0.04396671289875176,3707.0,3712.0,False,positive,positive,positive,,2022-10-19,strong,2022
-18.33,True,False,False,False,False,False,,lower,modest_dip,negative,-6.75,ES,-0.017736149860502204,-0.006249999999999978,0.02787432225775066,-0.030042636930140865,-0.02241174137247104,0.027374418119919586,3674.5,3700.25,False,negative,negative,positive,,2022-10-20,strong,2022
91.92,True,False,False,False,False,False,,lower,modest_dip,negative,-3.0,ES,-0.00940014877933315,-0.026969576192374056,-0.015591397849462285,-0.02242391884676964,-0.03102467420784527,-0.004823697262042126,3763.75,3671.5,True,negative,negative,negative,,2022-10-21,strong,2022
23.17,True,True,True,True,False,True,23.17,upper,near_high,positive,15.75,ES,0.030038230475150085,0.020355717860282674,0.0022585359372924163,0.03321235362596742,0.016300687053752094,0.04879744195745861,3809.5,3779.5,True,positive,positive,positive,weak,2022-10-24,strong,2022
57.17,True,True,True,True,False,True,57.17,upper,near_high,negative,-0.75,ES,0.010007953340402942,0.04034680502457655,0.03056739027524169,0.048939977973568194,0.03546918529591658,0.024126344086021323,3870.0,3808.75,True,positive,positive,positive,medium,2022-10-25,strong,2022
9.67,True,True,True,True,False,True,9.67,middle,near_high,negative,-32.75,ES,0.006037141544720681,0.016105514316012703,0.04662752594210784,0.06317614424410545,0.04641321411507726,0.018400425136176457,3842.0,3837.25,True,positive,positive,positive,strong,2022-10-26,strong,2022
-35.33,True,True,True,True,False,True,-35.33,middle,near_high,positive,8.75,ES,0.007305459526449676,0.013386705164380786,0.023528632025450635,0.0729521295073996,0.035678358259003895,0.04436329208088163,3820.0,3850.75,False,positive,positive,positive,strong,2022-10-27,strong,2022
94.67,True,True,True,True,False,True,94.67,middle,modest_dip,negative,-1.5,ES,-0.016965615489218377,-0.009784097580066486,-0.0038060240173239945,0.031388001902303175,0.034621413480542707,0.03638722009830686,3910.75,3818.5,True,negative,negative,negative,medium,2022-10-28,strong,2022
-2.33,True,True,True,True,False,True,-2.33,upper,near_high,negative,-26.5,ES,0.03366049667347348,0.01612381014051678,0.023547061509360256,0.09078270540803546,0.08843726156620657,0.04003181336161177,3882.75,3884.25,False,positive,positive,positive,strong,2022-10-31,strong,2022
-52.08,True,True,True,True,False,True,-52.08,middle,near_high,positive,39.0,ES,-0.00879429008411925,0.024570186417232076,0.00718772259276057,0.045295698924731065,0.05023632680621204,0.02067064768029403,3865.0,3921.75,False,negative,positive,positive,strong,2022-11-01,strong,2022
-87.83,True,True,True,True,False,True,-87.83,lower,near_high,negative,-6.5,ES,-0.005979169345506019,-0.014720876879938838,0.018444107766286688,0.027036003719941748,0.01817583141257839,0.008479551236057814,3767.0,3858.5,False,negative,negative,positive,weak,2022-11-02,strong,2022
-1.58,True,True,False,False,False,False,,lower,modest_dip,negative,-35.0,ES,-0.027423840631265795,-0.03323903818953333,-0.041741014529696696,0.016906742408872466,-0.013643817645129341,-0.026290228582529385,3726.25,3732.0,False,negative,negative,negative,,2022-11-03,strong,2022
-16.58,True,True,False,False,False,False,,lower,modest_dip,positive,60.0,ES,-0.010174901908625356,-0.03731970765151027,-0.04307573614504312,0.01611141452758047,-0.006673785371062224,-0.019563928594954372,3780.25,3786.25,False,negative,negative,negative,,2022-11-04,strong,2022
21.42,True,True,True,False,False,False,21.42,middle,modest_dip,positive,12.75,ES,0.013907551733405077,0.003591141850103119,-0.02393118168294417,0.00019883351007421446,0.03341779086489072,-0.03829977058373679,3816.0,3793.0,True,positive,positive,negative,medium,2022-11-07,strong,2022
13.42,True,True,True,False,False,True,13.42,upper,modest_dip,positive,10.75,ES,0.011530051023789012,0.0255979575382963,0.015162598922657589,0.0017061486974212503,0.05072962555066063,-0.0185804294715185,3835.25,3826.75,True,positive,positive,positive,strong,2022-11-08,strong,2022
-58.58,True,True,True,False,False,True,-58.58,upper,modest_dip,negative,-22.0,ES,0.006812970848345978,0.018421575773639898,0.03258532652512791,0.0024786380536172548,0.06581137309292684,-0.005950455986029279,3755.5,3813.25,False,positive,positive,positive,strong,2022-11-09,strong,2022
69.42,True,False,True,False,False,False,69.42,lower,modest_dip,positive,138.75,ES,-0.022057388249072774,-0.015394693743858379,-0.004042144324431729,-0.026743508385676296,0.04425762523448973,-0.0004655183879760383,3961.0,3894.25,True,negative,negative,negative,strong,2022-11-10,strong,2022
33.42,True,True,True,True,False,True,33.42,upper,near_high,positive,10.25,ES,0.05708582834331333,0.03376927581495215,0.04081231575499511,0.04657137210987439,0.07942115632855518,0.06745498521902737,4000.75,3971.25,True,positive,positive,positive,strong,2022-11-11,strong,2022
-8.33,True,True,True,True,False,True,-8.33,upper,near_high,negative,-19.0,ES,0.006923464249748212,0.06440452428476373,0.040926540438545045,0.019500382360438495,0.11205338523564556,0.06010204757802673,3967.5,3981.75,False,positive,positive,positive,strong,2022-11-14,strong,2022
-33.58,True,True,True,True,False,True,-33.58,lower,near_high,positive,59.25,ES,-0.006375796974621872,0.000503524672708977,0.05761809713905519,0.02198791307702197,0.06827956989247297,0.041336390435637194,4001.0,4026.75,False,negative,positive,positive,strong,2022-11-15,strong,2022
-9.08,True,True,True,True,False,True,-9.08,middle,near_high,negative,-18.0,ES,0.005535983895319507,-0.0008751093886737449,0.0060422960725075026,0.033827048703188645,0.061777600637704655,0.04001561585008773,3969.5,3983.0,False,positive,negative,positive,strong,2022-11-16,strong,2022
27.92,True,True,True,True,False,True,27.92,lower,near_high,negative,-52.5,ES,-0.004754754754754731,0.0007549068948162763,-0.005625703212901789,0.05792378798962572,0.07580983296138499,0.05841650033266799,3956.0,3917.0,True,negative,positive,negative,strong,2022-11-17,strong,2022
-26.08,True,True,True,False,False,True,-26.08,middle,modest_dip,positive,34.5,ES,-0.005908976615539352,-0.010635635635635632,-0.00515853044791148,0.06248320343993563,0.07960131075914778,-0.004657603222557816,3973.25,3990.5,False,negative,negative,negative,strong,2022-11-18,strong,2022
1.17,True,True,True,False,False,True,1.17,middle,near_high,negative,-14.75,ES,0.004552927785506533,-0.0013829519738496332,-0.006131131131131062,0.05268040553972564,0.052889713679745265,-0.007000875109388849,3958.0,3958.5,False,positive,negative,negative,strong,2022-11-21,strong,2022
30.92,True,True,True,False,False,True,30.92,middle,modest_dip,positive,19.5,ES,-0.0030844768978974813,0.0014544074870368462,-0.0044631631883328415,0.037471339665902326,0.039241420040685426,-0.003711625566180099,4010.0,3977.5,True,negative,positive,negative,strong,2022-11-22,strong,2022
24.42,True,True,True,True,True,True,24.42,upper,near_high,negative,-4.25,ES,0.013133800593546852,0.010008812791137078,0.014607309978500238,0.04398464441408034,0.046572304481117266,0.003816316316316515,4034.5,4005.75,True,positive,positive,positive,strong,2022-11-23,strong,2022
-34.08,True,True,True,True,True,True,-34.08,middle,near_high,negative,-34.0,ES,-0.002410979228486654,-0.0016086122625750265,0.005733873480834983,0.008688586073259064,0.028358399184297944,0.015800075538209946,3968.5,4000.5,False,negative,negative,positive,medium,2022-11-28,strong,2022
-11.33,True,False,True,True,True,True,-11.33,lower,near_high,positive,0.5,ES,-0.01555431616781311,-0.017927794263105867,-0.017137907566664667,-0.0006290890790132675,0.021344991642020972,0.0030940203321336845,3961.25,3969.0,False,negative,negative,negative,medium,2022-11-29,strong,2022
111.67,True,False,True,False,True,True,111.67,middle,modest_dip,positive,1.5,ES,-0.00327332242225864,-0.018776724298196767,-0.021142433234421443,-0.00938438438438427,0.024125218291184414,-0.013150514178872141,4082.25,3962.75,True,negative,negative,negative,medium,2022-11-30,strong,2022
-11.33,True,True,True,True,True,True,-11.33,upper,near_high,positive,13.0,ES,0.033472274851585215,0.030089386881530844,0.014067050876866771,0.02866482273070159,0.08824898583494067,0.012435810183752949,4081.0,4095.25,False,positive,positive,positive,strong,2022-12-01,strong,2022
41.17,True,True,True,True,True,True,41.17,middle,near_high,negative,-52.5,ES,-0.0031777071620631148,0.03018820260199573,0.026816064459272093,0.0314910838497533,0.09594195108841741,0.008407517309594326,4075.25,4028.5,True,negative,positive,positive,strong,2022-12-02,strong,2022
-45.08,True,True,True,True,True,True,-45.08,upper,near_high,negative,-29.5,ES,-0.002758705247670412,-0.005927646052309998,0.027346217001389395,0.023983381593856157,0.0779272414021599,0.008056020325958979,4002.0,4045.75,False,negative,negative,positive,strong,2022-12-05,strong,2022
-55.58,True,True,True,True,False,True,-55.58,lower,modest_dip,negative,-2.0,ES,-0.014446425278170527,-0.017165277096615972,-0.020288438034710365,0.012312938056450173,0.05024566000655084,0.009190482185571947,3943.75,4000.0,False,negative,negative,negative,strong,2022-12-06,strong,2022
2.42,True,False,True,False,True,False,2.42,lower,modest_dip,negative,-10.0,ES,-0.015032435129740507,-0.029261695457060255,-0.03193967631191763,-0.015830476784045144,0.027457869737783414,-0.0027156751294682424,3936.25,3933.75,True,negative,negative,negative,medium,2022-12-07,strong,2022
5.67,True,False,True,False,False,False,5.67,middle,modest_dip,positive,18.75,ES,-0.0025330884681147303,-0.017527445109780437,-0.03172066146185526,-0.02549031739157326,0.04797072521623402,-0.03746027866047419,3965.75,3955.0,True,negative,negative,negative,strong,2022-12-08,strong,2022
-12.33,True,False,False,False,True,False,,upper,modest_dip,negative,-13.5,ES,0.006412291283093063,0.003862959913874864,-0.011227544910179743,-0.02002967359050467,-0.0022658610271902857,-0.02820009808729773,3936.25,3952.25,False,positive,positive,negative,,2022-12-09,strong,2022
40.42,True,False,False,False,True,False,,lower,modest_dip,positive,8.25,ES,-0.007948523845571542,-0.0015872008126468495,-0.004116268760686603,-0.025469418107455066,-0.017002125265658363,-0.03325751521485221,3992.5,3944.5,True,negative,negative,negative,,2022-12-12,strong,2022
-76.58,True,True,True,False,True,True,-76.58,upper,modest_dip,positive,114.0,ES,0.014943405824748845,0.006876103961645175,0.013332486826233225,0.004721138109026635,0.004089079013588792,-0.004428642714570996,4023.0,4106.5,False,positive,positive,positive,weak,2022-12-13,strong,2022
-13.83,True,True,True,True,True,True,-13.83,lower,modest_dip,positive,28.75,ES,0.007956894931395286,0.023019203866208926,0.014887711329800712,0.016041429834533272,0.0065065065065068595,0.01880818187575173,4029.25,4051.75,False,positive,positive,positive,weak,2022-12-14,strong,2022
-52.08,True,False,True,True,True,True,-52.08,middle,modest_dip,negative,-53.25,ES,-0.0043767722845518,0.003545297129636582,0.018541681768162954,-0.02116924422597599,0.006888765871644997,0.016925051583145834,3927.0,3976.0,False,negative,positive,positive,weak,2022-12-15,strong,2022
-12.83,True,False,False,False,True,False,,lower,modest_dip,negative,-28.5,ES,-0.02767630487276329,-0.03193194427320922,-0.024229128467351035,-0.04522566941315542,-0.015158790911052988,-0.017519626511947273,3877.75,3898.5,False,negative,negative,negative,,2022-12-16,strong,2022
-36.83,True,False,False,False,True,False,,lower,deep_dip,positive,2.25,ES,-0.013754457463066694,-0.04105008977772273,-0.045247195167057,-0.055753173655106236,-0.03310694170008921,-0.023269545710772777,3844.25,3880.0,False,negative,negative,negative,,2022-12-19,strong,2022
15.92,True,False,False,False,True,False,,lower,deep_dip,negative,-7.5,ES,-0.005423553719008267,-0.01910341314314823,-0.046251006129651384,-0.04710847076651781,-0.035375576392549735,-0.042869682559289024,3849.25,3836.75,True,negative,negative,negative,,2022-12-20,strong,2022
25.17,True,False,False,False,True,False,,upper,deep_dip,positive,27.5,ES,0.0029862373409503817,-0.002453512396694224,-0.01617422312786554,-0.02967658673527518,-0.045037269001977576,-0.04758969300949323,3906.5,3876.75,True,positive,negative,negative,,2022-12-21,strong,2022
-25.83,True,False,False,False,True,False,,upper,modest_dip,negative,-34.0,ES,0.012686084142394805,0.01571020514152166,0.010201446280991622,-0.01487156479042162,-0.0399828012753779,-0.031267413782428366,3850.0,3872.5,False,positive,positive,positive,,2022-12-22,strong,2022
30.67,True,False,False,False,True,False,,middle,deep_dip,negative,-12.0,ES,-0.016106353061485335,-0.0036245954692556426,-0.0006491820306413487,-0.036913979274383335,-0.056204277909095435,-0.01974019358125323,3871.25,3838.0,True,negative,negative,negative,,2022-12-23,strong,2022
-13.83,True,False,False,False,True,False,,upper,deep_dip,negative,-1.5,ES,0.006592128223356752,0.0117578277250876,-0.004537901060974181,-0.03224456672688447,-0.027675659670641117,0.011101012723967685,3855.75,3869.75,False,positive,positive,negative,,2022-12-27,strong,2022
-46.33,True,False,False,False,True,False,,lower,deep_dip,negative,-1.75,ES,-0.009951845906902124,-0.003425321527822711,0.0016889697284654392,-0.049439033411416755,-0.034190676362439776,-0.001941747572815733,3806.75,3854.0,False,negative,negative,positive,,2022-12-28,strong,2022
41.67,True,False,False,False,False,False,,lower,deep_dip,positive,28.0,ES,-0.011154345006485045,-0.020995184590690164,-0.0145414593162283,-0.055909850783233406,-0.07589552572334113,-0.025437811581234926,3872.25,3834.75,True,negative,negative,negative,,2022-12-29,strong,2022
15.42,True,False,False,False,True,False,,upper,deep_dip,negative,-28.25,ES,0.014165792235047325,0.0028534370946824428,-0.007126805778491008,-0.015282730514518672,-0.05981722820969393,0.004547226192022746,3861.25,3844.0,True,positive,positive,negative,,2022-12-30,strong,2022
-34.08,False,True,False,False,True,False,,lower,deep_dip,positive,19.75,ES,0.0009048603929679988,0.0014226590791517335,0.01560860440713574,0.005323292651259415,-0.042035950291501756,-0.00571428571428545,3844.75,3881.0,False,positive,positive,positive,,2023-01-03,strong,2023
-6.33,False,False,False,False,True,False,,lower,deep_dip,positive,24.25,ES,-0.006844892160661198,-0.005946225439503516,-0.00543197102948767,-0.0045307443365696365,-0.03407287404456494,-0.0025940337224381604,3873.75,3869.0,True,negative,negative,negative,,2023-01-04,strong,2023
-29.33,False,False,False,False,True,False,,middle,deep_dip,negative,-21.0,ES,0.007152145643693153,0.00025829781738351265,0.0011633919338160936,-0.00997059951425261,-0.024693885887998812,0.015870933892970118,3829.0,3852.75,False,positive,positive,positive,,2023-01-05,strong,2023
54.67,False,False,False,False,True,False,,lower,deep_dip,positive,32.25,ES,-0.009683666881859287,-0.002600780234070177,-0.009427870334495658,-0.0035078602052749375,-0.04029235040074308,-0.008018623900672317,3916.25,3861.25,True,negative,negative,negative,,2023-01-06,strong,2023
-23.33,False,True,False,False,True,True,,upper,modest_dip,positive,23.25,ES,0.02053455019556716,0.010652033570045072,0.017880364109232882,0.011762424869127042,-0.012737909226636535,0.011827817993795398,3913.75,3939.5,False,positive,positive,positive,,2023-01-09,strong,2023
28.67,False,True,False,False,True,True,,lower,modest_dip,negative,-6.25,ES,-0.0007026509102523448,0.01981747066492834,0.009941897998708704,0.004430176565008326,-0.027957239285738456,0.010202763786645974,3941.75,3907.5,True,negative,positive,positive,,2023-01-10,strong,2023
27.42,False,True,False,False,True,True,,upper,modest_dip,positive,15.75,ES,0.008054206085400084,0.0073458958799104135,0.028031290743155024,0.02269779507133607,-0.027863395388977863,0.025357607282184613,3989.75,3957.5,True,positive,positive,positive,,2023-01-11,strong,2023
-1.33,False,True,False,False,True,True,,upper,near_high,positive,10.0,ES,0.01160431198478129,0.01975198159038616,0.01903545193228995,0.04623557187827987,-0.012259302829546126,0.029890251775338772,4002.75,3999.75,True,positive,positive,positive,,2023-01-12,strong,2023
48.42,False,True,True,True,True,True,48.42,upper,near_high,negative,-34.5,ES,0.004074468751958937,0.015726062143310182,0.023906929174124292,0.03582514226590816,0.019994905756495207,0.04419817470664911,4017.75,3968.25,True,positive,positive,positive,medium,2023-01-13,strong,2023
-12.33,False,True,True,True,True,True,-12.33,middle,near_high,positive,0.5,ES,-0.001492908683752181,0.0021226120614310506,0.006205729329906706,0.03654914115975716,0.04206699558556215,0.026080286371772177,4010.25,4018.25,False,negative,positive,positive,strong,2023-01-17,medium,2023
-73.83,False,True,True,True,True,True,-73.83,lower,near_high,positive,11.75,ES,-0.0031148766508846126,-0.004603135108235845,-0.0009988762642025861,0.04044213263979213,0.03572815533980589,0.014711477488903446,3946.75,4022.0,False,negative,negative,negative,strong,2023-01-18,medium,2023
-1.58,False,True,True,False,True,True,-1.58,lower,modest_dip,negative,-23.75,ES,-0.013498312710911176,-0.016571143782706188,-0.018039313262005474,0.019109102646869047,0.008947973923047803,-0.010468250485802022,3916.75,3923.0,False,negative,negative,negative,weak,2023-01-19,strong,2023
56.92,False,True,True,False,True,False,56.92,middle,modest_dip,positive,13.0,ES,-0.007221588749524943,-0.020622422197225432,-0.02367306254672319,0.021642764015645133,0.018058984019748037,-0.02160069921338481,3987.75,3929.75,True,negative,negative,negative,weak,2023-01-20,medium,2023
39.17,False,True,True,False,True,True,39.17,upper,near_high,positive,8.75,ES,0.0178662582950484,0.010515646775623777,-0.0031246094238222,0.018971574576812644,0.03095715116654829,-0.007713361532719731,4035.5,3996.5,True,positive,positive,negative,medium,2023-01-23,strong,2023
13.42,False,True,True,True,True,True,13.42,upper,near_high,negative,-17.5,ES,0.011158475426278791,0.029224093925471983,0.02179146078803984,0.03106622347225807,0.03563402889245615,0.004859207575379942,4030.5,4018.0,True,positive,positive,positive,strong,2023-01-24,strong,2023
37.42,False,True,True,True,True,True,37.42,lower,near_high,negative,-43.0,ES,-0.003657780533168009,0.0074598796389167,0.02545941807044394,0.01908687381103391,0.04221789883268512,0.004311961004874076,4032.5,3987.5,True,negative,positive,positive,strong,2023-01-25,strong,2023
8.42,False,True,True,True,True,True,8.42,upper,near_high,positive,26.5,ES,0.004915686640532657,0.001239925604463732,0.012412236710130253,0.012348774525167583,0.059155299055614785,0.02305840618269328,4074.75,4059.0,True,positive,positive,positive,strong,2023-01-26,medium,2023
24.17,False,True,True,True,True,True,24.17,upper,near_high,negative,-11.0,ES,0.006253869969040204,0.011200298674631348,0.007501549907005467,0.01454613559745277,0.05089239524055866,0.036944869831546656,4084.0,4063.75,True,positive,positive,positive,strong,2023-01-27,medium,2023
-21.08,False,True,True,True,True,True,-21.08,middle,near_high,negative,-29.5,ES,0.005230447357085666,0.011517027863777063,0.0164893286043184,0.01617317740731483,0.0558428128231645,0.02407221664994963,4033.25,4054.5,False,positive,positive,positive,strong,2023-01-30,medium,2023
47.17,False,True,True,True,True,True,47.17,lower,near_high,positive,3.5,ES,-0.009916748285994093,-0.004738169958771743,0.001486068111455019,0.007600299028158286,0.04442722458995174,0.002727836329819988,4090.25,4036.75,True,negative,negative,positive,strong,2023-01-31,medium,2023
50.92,False,True,True,True,True,True,50.92,upper,near_high,negative,-12.5,ES,0.009274143687399539,-0.0007345739471106283,0.004492031259614837,0.020122484689413467,0.061378413524057374,0.015742642026009612,4134.5,4077.75,True,positive,negative,positive,strong,2023-02-01,medium,2023
11.17,False,True,True,True,True,True,11.17,upper,near_high,positive,39.25,ES,0.016968880176427392,0.026400395696797307,0.01622184133202742,0.05162802483212947,0.07172369270497092,0.02792569659442723,4192.75,4173.75,True,positive,positive,positive,strong,2023-02-02,strong,2023
8.17,False,True,True,True,True,True,8.17,middle,near_high,negative,-52.25,ES,0.0035540027709173305,0.020583190394511064,0.030048225547174345,0.06304236855538536,0.08604954367666195,0.025167681988800705,4147.75,4140.5,True,positive,positive,positive,strong,2023-02-03,medium,2023
2.17,False,True,True,True,True,True,2.17,lower,near_high,negative,-26.5,ES,-0.004561824729891972,-0.0010240346967050895,0.01592746875765738,0.03961885656970887,0.05934206323858193,0.015181194906953799,4122.75,4121.25,True,negative,negative,positive,strong,2023-02-06,medium,2023
75.92,False,True,True,True,True,True,75.92,upper,near_high,negative,-11.75,ES,-0.003919440424505538,-0.008463385354141706,-0.004939461478224216,0.024116553006819474,0.05593198670416788,0.02133053048101874,4175.0,4111.0,True,negative,negative,negative,strong,2023-02-07,medium,2023
-24.83,False,True,True,True,True,True,-24.83,upper,near_high,negative,-21.25,ES,0.009262061868151816,0.005306319343945987,0.0007202881152459373,0.03739655279696352,0.05719720989220045,0.0213183043371723,4129.25,4153.75,False,positive,positive,positive,strong,2023-02-08,medium,2023
-66.83,False,True,True,False,True,True,-66.83,lower,near_high,positive,36.25,ES,-0.008277351247600762,0.000908045281191372,-0.0030149541726965934,0.023777089783281635,0.036419482229047784,-0.004035901451719837,4092.0,4165.5,False,negative,positive,negative,strong,2023-02-09,medium,2023
22.42,False,True,True,False,True,True,22.42,lower,modest_dip,negative,-13.5,ES,-0.009556066287649712,-0.01775431861804222,-0.008656698347357605,0.007691834348655613,0.022349856411536306,-0.017046818727491253,4100.0,4078.5,True,negative,negative,negative,medium,2023-02-10,medium,2023
34.17,False,True,True,False,True,True,34.17,upper,modest_dip,positive,7.0,ES,0.0013434294088909837,-0.008225474779242847,-0.01643474088291752,0.0037952987267380056,0.02002985817367464,-0.01121562952243138,4148.25,4107.0,True,positive,negative,negative,medium,2023-02-13,medium,2023
22.17,False,True,True,True,True,True,22.17,upper,near_high,negative,-16.75,ES,0.011891694109037676,0.013251099169516278,0.003568404499818545,0.025905774700135664,0.03370296536257111,0.004479690053877272,4146.25,4131.5,True,positive,positive,positive,medium,2023-02-14,medium,2023
27.92,False,True,True,False,True,True,27.92,middle,near_high,negative,-24.25,ES,-0.0022298559633580073,0.009635321380656148,0.01099169516365417,0.014212202891447978,0.03462067241594746,-0.006957773512476062,4158.75,4122.0,True,negative,positive,positive,medium,2023-02-15,medium,2023
0.67,False,True,True,True,True,True,0.67,upper,near_high,negative,-55.0,ES,0.004832085044696788,0.002591454227686363,0.014513965117697314,0.0021083067285101453,0.05384517927277277,0.006169106084432219,4099.75,4103.75,False,positive,positive,positive,strong,2023-02-16,medium,2023
7.42,False,False,True,False,True,False,7.42,lower,modest_dip,negative,-23.5,ES,-0.017131522000480848,-0.012382217927035533,-0.014584463327909303,-0.01854741896758727,0.04332567636549256,-0.0015266243282853198,4088.25,4076.25,True,negative,negative,negative,strong,2023-02-17,medium,2023
-38.08,False,False,True,False,True,False,-38.08,lower,modest_dip,negative,-43.0,ES,-0.0021415896714189753,-0.002629808574399206,-0.019716277951430716,-0.012773170288758573,0.011035337879726992,-0.017175917555595777,4006.25,4045.25,False,negative,negative,negative,weak,2023-02-21,medium,2023
-16.83,False,False,False,False,True,False,,lower,modest_dip,positive,2.75,ES,-0.01637233259749815,-0.018478859450529295,-0.01895908507124955,-0.03784788867562383,-0.0018667164457718544,-0.031106547475235558,4000.25,4009.0,False,negative,negative,negative,,2023-02-22,medium,2023
-11.83,False,False,False,False,False,False,,middle,modest_dip,positive,28.25,ES,-6.234025310147828e-05,-0.01643365219524162,-0.01854004772685558,-0.029877827506955335,-0.006811145510836059,-0.03582591969223381,4018.75,4028.5,False,negative,negative,negative,,2023-02-23,medium,2023
4.17,False,False,False,False,False,False,,middle,modest_dip,negative,-53.5,ES,0.0005610972568579342,0.0004987220248113822,-0.015881775815550614,-0.01996824621397164,-0.012430004307427356,-0.018469818359733492,3975.75,3965.25,True,positive,positive,negative,,2023-02-24,medium,2023
-24.58,False,False,False,False,False,False,,middle,modest_dip,positive,34.5,ES,-0.009408685899433,-0.008852867830423827,-0.008914656193504178,-0.030491523356506844,-0.02681194906954021,-0.02722878296518394,3988.25,4010.25,False,negative,negative,negative,,2023-02-27,medium,2023
-1.08,False,False,False,False,False,False,,middle,modest_dip,negative,-5.5,ES,0.004340168574663572,-0.005109352607639006,-0.0045511221945134794,-0.0377267522449225,-0.012798318288611332,-0.020909982830512597,3972.0,3982.75,False,positive,negative,negative,,2023-02-28,medium,2023
-7.83,False,False,False,False,False,False,,lower,modest_dip,negative,-8.25,ES,-0.007077096511555081,-0.0027676437287708078,-0.012150289737678288,-0.04240154626721415,-0.02879196275422702,-0.011657627329966891,3957.75,3963.75,False,negative,negative,negative,,2023-03-01,medium,2023
47.17,False,False,False,False,False,False,,middle,modest_dip,negative,-22.75,ES,-0.0008830579033682895,-0.0079539049289159,-0.003648257642470676,-0.047848040394325664,-0.04584061201132483,-0.012468827930174453,3986.25,3935.0,True,negative,negative,negative,,2023-03-02,medium,2023
42.17,False,False,False,False,False,False,,upper,modest_dip,positive,18.75,ES,0.004797979797979801,0.0039106850006307425,-0.0031940878061000877,-0.02660387743868886,-0.044657863145258325,-0.00828712069287807,4049.25,4005.0,True,positive,positive,negative,,2023-03-03,medium,2023
-5.58,False,False,False,False,True,True,,upper,modest_dip,positive,8.5,ES,0.018471977883890434,0.023358585858585856,0.02245490097136371,-0.008138040751392017,-0.022551857211770332,0.019625110076739283,4052.25,4057.75,False,positive,positive,positive,,2023-03-06,medium,2023
-62.83,False,False,False,False,True,True,,lower,modest_dip,negative,-1.0,ES,0.0005552128315855498,0.01903744659462192,0.023926767676767824,-0.0054574441991659395,-0.018160905623827106,0.015782551512494525,3989.5,4051.25,False,positive,positive,positive,,2023-03-07,medium,2023
3.42,False,False,False,False,False,False,,lower,modest_dip,positive,0.75,ES,-0.015660644922621647,-0.015114127082048068,0.0030786629806485166,-0.004737859235708575,-0.04240642994241839,0.007001387662419756,3995.5,3990.25,True,negative,negative,positive,,2023-03-08,medium,2023
-74.08,False,False,False,False,False,False,,upper,modest_dip,positive,7.0,ES,0.0008142812402129884,-0.014859115851778792,-0.014312152991980187,-0.0038653366583537574,-0.0336276763033746,0.008712121212121504,3920.25,4002.5,False,positive,negative,negative,,2023-03-09,medium,2023
-56.83,False,False,False,False,False,False,,lower,deep_dip,negative,-6.75,ES,-0.020653398422831426,-0.019855934857500812,-0.03520562303471242,-0.024985980434918065,-0.04445530043966783,-0.016838401608444298,3862.5,3913.5,False,negative,negative,negative,,2023-03-10,strong,2023
38.92,False,False,False,False,True,False,,middle,deep_dip,negative,-41.25,ES,-0.008435582822085896,-0.028914757791963952,-0.02812402129658631,-0.02402817964523829,-0.053787047200878124,-0.04281307834669956,3857.0,3821.25,True,negative,negative,negative,,2023-03-13,strong,2023
-4.33,False,False,False,False,True,False,,middle,deep_dip,positive,51.75,ES,-0.004575921629285884,-0.012972903885480558,-0.03335836775566403,-0.03269242813302431,-0.06918580124148721,-0.04772180775633528,3919.0,3908.75,True,negative,negative,negative,,2023-03-14,medium,2023
12.17,False,False,False,False,True,False,,upper,modest_dip,negative,-28.25,ES,0.015021042408546403,0.01037638566640875,0.001853271983639937,-0.011164374921155518,-0.05309253442860573,-0.018039461321641137,3928.75,3890.75,True,positive,positive,positive,,2023-03-15,strong,2023
89.92,False,False,False,False,False,False,,middle,modest_dip,negative,-27.75,ES,-0.007527357834145154,0.007380615813150193,0.002770921064327414,-0.017740302321078927,-0.06473950401333817,-0.026223957239072115,3994.75,3901.0,True,negative,positive,positive,,2023-03-16,strong,2023
-32.33,False,False,False,False,True,True,,upper,modest_dip,negative,-13.25,ES,0.01829190567240291,0.010626858118793159,0.025807527013811393,-0.004549054113576312,-0.03103190907416542,0.012499824560858741,3948.0,3981.5,False,positive,positive,positive,,2023-03-17,strong,2023
29.42,False,False,False,False,True,False,,lower,modest_dip,positive,6.5,ES,-0.011641734994053965,0.006437221159974582,-0.0011385919412991719,-0.03398209166340216,-0.04184358476801964,0.009225979256009875,3984.5,3954.5,True,negative,positive,negative,,2023-03-20,strong,2023
18.42,False,False,False,False,True,True,,upper,modest_dip,positive,35.5,ES,0.009372427332024591,-0.0023784189772798614,0.01586998087954128,-0.025469231003804604,-0.03078767829597151,0.023367726924525378,4038.5,4020.0,True,positive,negative,positive,,2023-03-21,strong,2023
-52.08,False,True,False,False,True,True,,upper,near_high,negative,-2.75,ES,0.013300708952882934,0.022797796213032795,0.010890655317018272,0.0032035334426070428,-0.00154950368360951,0.021633246884686264,3969.0,4035.75,False,positive,positive,positive,,2023-03-22,strong,2023
-11.08,False,False,False,False,True,False,,lower,modest_dip,positive,27.5,ES,-0.015478917714073392,-0.002384089340610962,0.006965993287315619,-0.01312856240015814,-0.01694315274499525,0.013448056086679872,3975.75,3996.5,False,negative,negative,positive,,2023-03-23,strong,2023
28.92,False,True,False,False,True,True,,middle,modest_dip,negative,-13.25,ES,0.0023268976793913154,-0.013188037892390425,-6.273919317378862e-05,0.010028303426861562,-0.015208244001275073,-0.0024410089503660304,4002.5,3962.5,True,positive,negative,negative,,2023-03-24,strong,2023
-13.58,False,True,True,True,True,True,-13.58,upper,near_high,positive,23.5,ES,0.006525285481239873,0.008867366832274959,-0.006748808123335781,0.025267757534349844,0.0006324396718435654,0.015895130137420166,4010.25,4026.0,False,positive,positive,negative,weak,2023-03-27,strong,2023
-3.58,False,True,False,False,True,True,,middle,near_high,negative,-8.0,ES,0.0011220546066574855,0.007654661814531449,0.00999937110873561,0.0311365640509369,-0.0025737939646320873,0.007591442374051294,4001.25,4002.25,False,positive,positive,positive,,2023-03-28,strong,2023
12.92,False,True,True,False,True,True,12.92,upper,near_high,positive,43.25,ES,-0.0009962640099626663,0.0001246727340729059,0.006650771740494443,0.014864950344740668,0.00353461754475215,-0.006624976781623326,4058.75,4044.5,True,negative,positive,positive,weak,2023-03-29,strong,2023
-6.83,False,True,True,True,True,True,-6.83,upper,near_high,positive,26.25,ES,0.010658189977561738,0.009651307596513004,0.010784191497319462,0.03346080305927379,0.015126895976017352,0.01974718571159073,4080.75,4085.0,False,positive,positive,positive,weak,2023-03-30,strong,2023
41.17,False,True,True,True,True,True,41.17,upper,near_high,positive,9.5,ES,0.007955596669750209,0.018698578908002972,0.0176836861768368,0.02297052012267664,0.01831697187004533,0.025473710628686197,4138.0,4090.25,True,positive,positive,positive,medium,2023-03-31,strong,2023
18.92,False,True,True,True,True,True,18.92,upper,near_high,negative,-5.5,ES,0.013093489965736671,0.02115325316065375,0.03203689852904512,0.048571971376100365,0.012939302529123564,0.032165565390848805,4153.5,4132.5,True,positive,positive,positive,weak,2023-04-03,strong,2023
-34.83,False,True,True,True,True,True,-34.83,upper,near_high,positive,6.75,ES,0.002596931996617924,0.01572442486539405,0.023805118717237228,0.04153334588117197,0.015006292496758888,0.0336861768368617,4130.25,4160.25,False,positive,positive,positive,weak,2023-04-04,strong,2023
-2.33,False,True,True,True,True,True,-2.33,lower,near_high,negative,-10.25,ES,-0.003975664116619426,-0.001389056649353737,0.011686245717082766,0.02377561760881708,0.027055317037552484,0.030603340812764834,4117.25,4120.0,False,negative,negative,positive,medium,2023-04-05,strong,2023
20.67,False,True,True,True,True,True,20.67,middle,near_high,negative,-9.5,ES,-0.004898699727850064,-0.008854888259743343,-0.006280951805773594,0.03477768693792882,0.021192543504672923,0.014739438791242732,4132.5,4107.75,True,negative,negative,negative,medium,2023-04-06,strong,2023
23.67,False,True,True,True,True,True,23.67,upper,near_high,negative,-26.75,ES,0.00320959244231811,0.006806855475872009,0.0018748110069548574,0.032664256327141095,0.058757366370405295,0.0004831501389055415,4137.5,4105.75,True,positive,positive,positive,strong,2023-04-10,medium,2023
-5.33,False,True,True,False,True,True,-5.33,upper,near_high,positive,4.75,ES,0.0001810938065918144,0.003391267486222871,0.006989181961832847,0.03169364881693637,0.06381704419426959,-0.0019275947232095803,4137.75,4142.25,False,positive,positive,positive,strong,2023-04-11,medium,2023
-42.08,False,True,True,True,True,True,-42.08,middle,near_high,positive,20.5,ES,-0.0006638903977307375,-0.00048291681757817173,0.0027251256585718586,0.03203689852904468,0.04737807577961961,0.0013909888116117042,4120.75,4158.25,False,negative,negative,positive,strong,2023-04-12,medium,2023
40.42,False,True,True,False,True,True,40.42,lower,near_high,positive,9.5,ES,-0.006764101944679357,-0.007423501720079773,-0.007243752263672576,0.014246068455133765,0.048183556405353656,-0.00048620396256249254,4173.25,4130.25,True,negative,negative,negative,strong,2023-04-13,medium,2023
-5.83,False,True,True,True,True,True,-5.83,upper,near_high,negative,-7.0,ES,0.014289188860513224,0.007428433385674671,0.006759611322348924,0.020619187469407496,0.04406334105276355,0.010173802458668835,4163.25,4166.25,False,positive,positive,positive,strong,2023-04-14,medium,2023
13.42,False,True,True,True,True,True,13.42,middle,near_high,negative,-2.25,ES,0.00035969066602725697,0.014654019214398684,0.007790795989853994,0.0077907959898537715,0.056741181685769915,0.007304116865869847,4177.25,4161.0,True,positive,positive,positive,strong,2023-04-17,medium,2023
-13.58,False,True,True,True,True,True,-13.58,upper,near_high,positive,16.25,ES,0.0011386108947084583,0.001498711108446793,0.015809315335035823,0.00632492018553088,0.04812096116443909,0.008268453135373388,4179.25,4193.5,False,positive,positive,positive,strong,2023-04-18,medium,2023
16.92,False,True,True,True,True,True,16.92,middle,near_high,negative,-20.75,ES,-0.00011971746677841288,0.0010187571163180476,0.0013788142197710407,0.010220743876625527,0.03423936598353028,0.008817490035028408,4178.5,4158.5,True,negative,positive,positive,medium,2023-04-19,medium,2023
1.67,False,True,True,True,True,True,1.67,middle,near_high,negative,-32.25,ES,-0.002394636015325635,-0.0025140668023464485,-0.0013783184514891689,0.012762854017259961,0.047984403496635686,0.013255502857837831,4153.5,4146.25,True,negative,negative,negative,strong,2023-04-20,weak,2023
-1.58,False,True,True,False,True,True,-1.58,middle,near_high,positive,2.25,ES,-0.0034805568891022043,-0.005866858237547845,-0.005985873338920089,0.005631926361049144,0.04191241059104023,-0.004496133325340046,4156.0,4155.75,True,negative,negative,negative,strong,2023-04-21,weak,2023
2.92,False,True,True,False,True,True,2.92,upper,near_high,negative,-2.5,ES,0.00042153438516190356,-0.003060489678348599,-0.005447796934865967,0.002837136303271759,0.035594065577857714,-0.0044345898004434225,4160.5,4153.5,True,positive,negative,negative,strong,2023-04-24,weak,2023
-42.83,False,True,True,False,True,True,-42.83,upper,near_high,negative,-22.0,ES,0.0006621320652500096,0.00108394556184499,-0.002400384061450045,0.0033194519886532436,0.03511830635118263,-0.004908416137914595,4093.5,4138.5,False,positive,positive,negative,medium,2023-04-25,weak,2023
-25.08,False,False,True,False,False,False,-25.08,lower,modest_dip,positive,5.25,ES,-0.010767564966313814,-0.01011256245109271,-0.009695290858725891,-0.006824495712042911,0.024993767140363277,-0.015505268199233924,4074.75,4098.75,False,negative,negative,negative,medium,2023-04-26,medium,2023
53.92,False,False,True,False,False,False,53.92,middle,modest_dip,positive,25.0,ES,-0.006324110671936722,-0.017023580365736257,-0.01637272015891189,-0.006384531192995424,0.007770582793709124,-0.019383101296207683,4154.25,4099.75,True,negative,negative,negative,weak,2023-04-27,weak,2023
38.42,False,False,True,False,False,True,38.42,upper,near_high,negative,-9.75,ES,0.015543724374273316,0.009121313469139691,-0.0017444658325311835,-0.005155566213056795,0.015357317670092518,-0.0006624111766831975,4189.5,4144.5,True,positive,positive,negative,weak,2023-04-28,medium,2023
2.92,False,True,True,True,True,True,2.92,upper,near_high,negative,-5.25,ES,0.010123531184091483,0.02582461293678473,0.01933718455457578,0.004554443578833611,0.01238072230945697,0.009029073617046635,4184.75,4184.25,True,positive,positive,positive,weak,2023-05-01,medium,2023
-37.33,False,True,True,True,True,True,-37.33,lower,near_high,negative,-7.75,ES,-0.0028037940702738684,0.007291352817113461,0.022948411969891502,0.0005985873338918424,0.00692729353653343,0.0055341674687199305,4137.25,4177.0,False,negative,positive,positive,weak,2023-05-02,medium,2023
-32.33,False,False,True,True,False,True,-32.33,middle,near_high,positive,4.25,ES,-0.00975113663555871,-0.012527590526755339,-0.002530882796022982,-0.009039750957854698,0.0010885999395222612,0.006567345697780391,4107.5,4141.5,False,negative,negative,negative,weak,2023-05-03,medium,2023
-19.33,False,False,False,False,False,False,,lower,modest_dip,negative,-12.25,ES,-0.01081374977345495,-0.020459440057429945,-0.02320587007098962,-0.017402784445511688,-0.00486203962562326,0.0020194602533503136,4077.25,4095.25,False,negative,negative,negative,,2023-05-04,medium,2023
36.17,False,False,False,False,False,False,,middle,modest_dip,positive,37.25,ES,-0.0014657383657017409,-0.012263638011236644,-0.021895190236898787,-0.015416114657353153,-0.009871010718827677,-0.014763482976800302,4151.75,4114.5,True,negative,negative,negative,,2023-05-05,medium,2023
-1.83,False,False,True,False,True,True,-1.83,upper,near_high,positive,3.0,ES,0.015045871559633106,0.013558079882741048,0.002597716426025576,-0.0010232950099323679,0.001810938065918144,-0.009962417228419618,4153.25,4154.75,False,positive,positive,positive,weak,2023-05-08,medium,2023
0.42,False,False,True,False,False,True,0.42,middle,near_high,negative,-17.75,ES,0.00036153289949392153,0.015412844036697404,0.01392451447416665,-0.0013233878729544957,0.0019916711931919906,-0.0068198133524765,4134.5,4135.5,False,positive,positive,positive,weak,2023-05-09,medium,2023
-9.83,False,True,False,False,False,True,,lower,near_high,positive,28.25,ES,-0.003011685339115777,-0.0026512412629549065,0.012354740061162328,0.0065065369413195295,-0.0003623626041796557,-6.0412009907362396e-05,4152.5,4162.75,False,negative,negative,positive,,2023-05-10,medium,2023
0.16999999999999998,False,True,True,True,False,True,0.16999999999999998,upper,near_high,negative,-11.0,ES,0.004591590140164303,0.0015660763763400976,0.0019281754639672855,0.01756318462762385,0.011066520734524632,0.01551239770367685,4144.0,4141.5,True,positive,positive,positive,weak,2023-05-11,medium,2023
-20.08,False,False,False,False,True,True,,middle,near_high,positive,11.75,ES,-0.002646139042578821,0.0019333011116480225,-0.0010842067220818707,-0.000662850256101466,-0.0058149991007734325,0.014311926605504732,4138.0,4155.75,False,negative,positive,negative,,2023-05-12,medium,2023
3.42,False,False,False,False,True,False,,middle,near_high,positive,5.0,ES,-0.0033767486734201935,-0.006013952369497311,-0.0014499758337362945,-0.014018970351369009,-0.009528375382033882,-0.0040973728609303706,4151.5,4143.0,True,negative,negative,negative,,2023-05-15,medium,2023
-15.08,False,False,False,False,True,True,,upper,near_high,negative,-12.5,ES,0.003630203291384415,0.0002411963338158074,-0.0024055809477988577,-0.007657334290499973,-0.007063330539925805,-0.0008432718949525908,4123.0,4139.0,False,positive,positive,negative,,2023-05-16,medium,2023
28.67,False,False,False,False,True,False,,lower,near_high,positive,20.75,ES,-0.004340487099107837,-0.0007260406582768608,-0.004100337674867283,-0.002235244366579958,-0.01125478927203094,-0.0021749637506042196,4172.25,4143.75,True,negative,negative,negative,,2023-05-17,medium,2023
42.92,False,True,True,True,True,True,42.92,upper,near_high,negative,-5.0,ES,0.009929765076289732,0.005546177959971033,0.009196515004840311,0.018688164162697474,0.0009601536245795739,0.003127255232138637,4211.25,4167.25,True,positive,positive,positive,weak,2023-05-18,medium,2023
-12.83,False,True,True,True,True,True,-12.83,upper,near_high,positive,8.5,ES,0.011390887290167795,0.021433761201259394,0.017000241138172,0.0318042813455659,0.01589786824039474,0.017245537867824456,4204.5,4219.75,False,positive,positive,positive,weak,2023-05-19,medium,2023
-0.33,False,True,True,True,True,True,-0.33,lower,near_high,flat,0.0,ES,-0.004564315352697079,0.006774580335731306,0.016771615403245344,0.01187033020004824,0.010834888340456095,0.016033397870280686,4205.75,4204.5,True,negative,positive,positive,weak,2023-05-22,medium,2023
-27.83,False,True,True,True,True,True,-27.83,upper,near_high,negative,-18.0,ES,0.004406597987256511,-0.0001778304682870102,0.011211031175059727,0.015961932297313464,0.01461742059672777,0.01681938750904255,4158.0,4187.75,False,positive,negative,positive,weak,2023-05-23,medium,2023
-13.58,False,True,True,True,True,True,-13.58,lower,near_high,negative,-18.0,ES,-0.012450346831090253,-0.008098612517120296,-0.012625963248369954,0.006343644272595261,0.012891456369716892,0.008537176071688135,4126.75,4140.0,False,negative,negative,negative,weak,2023-05-24,medium,2023
-0.08,False,False,True,False,True,False,-0.08,middle,near_high,positive,34.0,ES,-0.004742750795461381,-0.017134048734214757,-0.01280295361162398,-0.0030069761847485443,0.014503396364971666,-0.006115107913669204,4160.0,4160.75,False,negative,negative,negative,weak,2023-05-25,medium,2023
49.17,False,True,True,False,True,False,49.17,middle,near_high,positive,6.25,ES,0.0019302690312461568,-0.0028216365491986473,-0.015236853026620145,0.001567776169802082,0.0009038867128650097,-0.015411973918198152,4213.5,4166.25,True,positive,negative,negative,weak,2023-05-26,medium,2023
-24.08,False,True,True,True,True,True,-24.08,lower,near_high,positive,19.5,ES,0.0007110268412633403,0.01679711017459362,0.01875980214742423,0.01814564745599201,0.010349365877003969,0.0013043220489712404,4215.0,4233.0,False,positive,positive,positive,weak,2023-05-30,medium,2023
-3.08,False,True,True,True,True,True,-3.08,middle,near_high,negative,-20.25,ES,-0.0014210432826099462,-0.0007110268412631182,0.015352197471402818,0.02113102446112869,0.018848547091162127,0.012487242600708326,4191.25,4194.75,False,negative,negative,positive,medium,2023-05-31,medium,2023
32.92,False,True,True,True,True,True,32.92,middle,near_high,flat,0.0,ES,-0.00474355173436114,-0.006157854224643211,-0.005451205783018165,0.00629496402877705,0.025100769512642174,0.012486427795874055,4228.75,4191.25,True,negative,negative,negative,medium,2023-06-01,medium,2023
36.67,False,True,True,True,True,True,36.67,upper,near_high,positive,26.0,ES,0.008102472445636,0.003320486214052787,0.0018947243768134836,0.003023117960877064,0.034923547400611765,0.018723660445514767,4289.25,4254.75,True,positive,positive,positive,medium,2023-06-02,medium,2023
-10.33,False,True,True,True,True,True,-10.33,upper,near_high,positive,2.75,ES,0.013828969919035483,0.022043491212391908,0.017195375037059035,0.021556600964687256,0.033682815136177435,0.01647212182259894,4280.5,4292.0,False,positive,positive,positive,medium,2023-06-05,medium,2023
15.42,False,True,True,True,True,True,15.42,lower,near_high,negative,-5.0,ES,-0.0030311862430778547,0.010755865492583006,0.018945487042001607,0.01399181834351082,0.03017708709793987,0.012670969269939159,4289.75,4275.5,True,negative,positive,positive,medium,2023-06-06,medium,2023
-20.83,False,True,True,True,True,True,-20.83,upper,near_high,positive,3.0,ES,0.004151318482137567,0.0011075488195859684,0.014951834997931401,0.031038002041183566,0.037578540357660284,0.018321968573969727,4274.5,4292.75,False,positive,positive,positive,strong,2023-06-07,medium,2023
24.42,False,True,True,True,True,True,24.42,lower,near_high,negative,-2.0,ES,-0.004483521602422269,-0.0003508156463779555,-0.0033809385018946925,0.031306550850524806,0.028205436612941837,0.018588025022341137,4297.75,4272.5,True,negative,negative,negative,medium,2023-06-08,medium,2023
-2.08,False,True,True,True,True,True,-2.08,upper,near_high,positive,7.5,ES,0.004796163069544335,0.0002911377663910031,0.004443664854119067,0.03425647200481663,0.035877954655088695,0.015247325808167123,4305.0,4305.25,False,positive,positive,positive,strong,2023-06-09,medium,2023
23.42,False,True,True,True,True,True,23.42,middle,near_high,positive,9.5,ES,0.0023284242388963428,0.007135754810785544,0.002620239897519472,0.020264264976002533,0.04180784123910919,0.003730690760710864,4343.5,4314.5,True,positive,positive,positive,strong,2023-06-12,medium,2023
11.67,False,True,True,True,True,True,11.67,upper,near_high,positive,14.0,ES,0.00917591033161047,0.01152569998253683,0.016377142188688243,0.028894546746403016,0.04756450446105576,0.01602058118458749,4371.0,4357.5,True,positive,positive,positive,strong,2023-06-13,medium,2023
-11.83,False,True,True,True,True,True,-11.83,upper,near_high,positive,47.5,ES,0.006330206594924226,0.015564202334630295,0.01792886663950166,0.036881114734657494,0.058791474933397536,0.01822522417608008,4419.5,4418.5,True,positive,positive,positive,strong,2023-06-14,medium,2023
65.67,False,True,True,True,True,True,65.67,middle,near_high,negative,-11.25,ES,0.0006791940230925775,0.007013700056500927,0.01625396747092278,0.04253065629322683,0.049093349273490405,0.02350570660828355,4472.75,4408.25,True,positive,positive,positive,strong,2023-06-15,medium,2023
-36.83,False,True,True,True,True,True,-36.83,upper,near_high,positive,19.5,ES,0.010237556561085936,0.010923703871405843,0.01732305976861781,0.044738656675094246,0.04789702487251146,0.029048420140827425,4455.75,4492.25,False,positive,positive,positive,strong,2023-06-16,medium,2023
0.67,False,True,True,True,True,True,0.67,lower,near_high,negative,-20.75,ES,-0.0027472527472527375,-0.004143105089300714,0.006052036199095001,0.029338765323513316,0.0437410863418537,0.013108183422227304,4434.0,4435.0,False,negative,negative,positive,strong,2023-06-20,medium,2023
-8.58,False,True,True,True,True,True,-8.58,middle,near_high,negative,-12.0,ES,-0.0024737167594310883,-0.0052141735815205426,-0.006606572980236369,0.022547552216220623,0.05428538522911497,0.004244962644328609,4409.5,4422.0,False,negative,negative,negative,strong,2023-06-21,weak,2023
24.42,False,True,True,False,True,True,24.42,lower,near_high,negative,-11.5,ES,-0.005692385729583527,-0.008152021139034238,-0.010876878223817,0.02130586402620649,0.05327942799228258,-0.002149321266968318,4423.75,4398.0,True,negative,negative,negative,strong,2023-06-22,weak,2023
5.92,False,True,True,False,True,True,5.92,upper,near_high,negative,-37.75,ES,0.0030041945357668354,-0.00270529222792093,-0.0051723168606286896,0.019484451844349993,0.05440839242830209,-0.009293992497620751,4390.25,4386.0,True,positive,negative,negative,strong,2023-06-23,weak,2023
-8.83,False,True,True,False,True,True,-8.83,lower,modest_dip,negative,-7.25,ES,-0.007968352641989251,-0.004988096587688506,-0.010652088147438454,0.009011433539851454,0.029458308592919202,-0.01581071989235261,4371.25,4383.0,False,negative,negative,negative,medium,2023-06-26,weak,2023
39.92,False,False,True,False,True,True,39.92,lower,modest_dip,positive,8.25,ES,-0.0021077817021761813,-0.01005933879627019,-0.007085364471148492,-0.0022704194632511276,0.026558524541837603,-0.015179625569236133,4418.0,4379.5,True,negative,negative,negative,medium,2023-06-27,weak,2023
4.17,False,False,True,False,True,True,4.17,upper,near_high,negative,-11.75,ES,0.007250099902951446,0.005127036572860844,-0.0028821701045493864,-0.001358388046185488,0.035472627823086356,-0.005579665220086905,4420.75,4406.25,True,positive,positive,negative,medium,2023-06-28,weak,2023
17.17,False,True,True,True,True,True,17.17,upper,near_high,negative,-6.75,ES,0.0034572659260938554,0.010732431352400651,0.008602028027799857,0.001414027149321262,0.04400482294522501,0.0035710236934585193,4436.5,4414.0,True,positive,positive,positive,strong,2023-06-29,weak,2023
29.17,False,False,True,True,True,True,29.17,upper,near_high,positive,31.75,ES,0.00248517367975154,0.005951031512128724,0.01324427698806896,-0.0062706455405634465,0.03818747087656038,0.00305170952246403,4486.25,4468.25,True,positive,positive,positive,strong,2023-06-30,weak,2023
12.92,False,True,True,True,True,True,12.92,middle,near_high,negative,-15.0,ES,0.00027852049910870313,0.0015058561070830923,0.011718970082821523,0.012061094516147008,0.03488059489075557,0.017739741555202748,4483.75,4471.25,True,positive,positive,positive,medium,2023-07-05,weak,2023
0.67,False,True,True,True,True,True,0.67,middle,near_high,negative,-40.0,ES,-0.0018934120398730325,-0.0016154188948307446,-0.0003904071388733943,0.015927899331141138,0.03757312101472077,0.012312905958768772,4446.5,4443.75,True,negative,negative,negative,strong,2023-07-06,weak,2023
1.42,False,True,True,True,True,True,1.42,middle,near_high,negative,-11.75,ES,-0.007922780784466843,-0.009801191735813286,-0.009525401069518713,0.004860129980220451,0.02443927879312735,0.0018029184742802684,4434.75,4434.75,False,negative,negative,negative,medium,2023-07-07,weak,2023
9.42,False,True,True,False,True,True,9.42,lower,near_high,negative,-4.75,ES,-0.001630954389516881,-0.009540813479886112,-0.01141616082864616,0.011279480460294034,0.020392558288677698,-0.009927495817066312,4445.5,4430.0,True,negative,negative,negative,medium,2023-07-10,weak,2023
18.42,False,True,True,False,True,True,18.42,upper,near_high,positive,7.5,ES,0.0018026137899955774,0.00016871941960538983,-0.007755398091837118,0.01524233601644176,0.012937310056833295,-0.009358288770053402,4473.0,4453.0,True,positive,positive,negative,weak,2023-07-11,weak,2023
-4.58,False,True,True,False,True,True,-4.58,upper,near_high,positive,39.5,ES,0.005904183535762497,0.007717440288418365,0.006073899105787373,0.013885740194967022,0.012508489925288746,-0.003786824079745843,4509.25,4512.5,False,positive,positive,positive,weak,2023-07-12,weak,2023
19.67,False,True,True,True,True,True,19.67,upper,near_high,positive,16.75,ES,0.008999944099726154,0.014957264957265126,0.016786840919333246,0.019486020898051404,0.020927601809954677,0.007085867321319217,4542.75,4526.0,True,positive,positive,positive,medium,2023-07-13,weak,2023
-16.08,False,True,True,True,True,True,-16.08,upper,near_high,positive,8.75,ES,0.006204986149584535,0.015260774777796415,0.021255060728745168,0.023268916558679464,0.016852359890263457,0.021427366289860528,4539.25,4551.5,False,positive,positive,positive,weak,2023-07-14,weak,2023
21.42,False,True,True,True,True,True,21.42,lower,near_high,negative,-2.5,ES,-0.0011562603237529334,0.005041551246537379,0.014086869025658144,0.011767986614612536,0.017100246692083543,0.021913023884632787,4554.5,4536.75,True,negative,positive,positive,weak,2023-07-17,weak,2023
39.42,False,True,True,True,True,True,39.42,middle,near_high,negative,-4.5,ES,0.0029215588997300035,0.0017619204933378985,0.007977839335180148,0.013480392156863141,0.02288188002473701,0.023054430949168037,4587.75,4550.0,True,positive,positive,positive,medium,2023-07-18,weak,2023
1.92,False,True,True,True,True,True,1.92,upper,near_high,positive,7.5,ES,0.008244476200945261,0.01119012182349377,0.010020922805858534,0.021551484100908125,0.03387251310375938,0.025434624629660618,4596.0,4595.25,True,positive,positive,positive,medium,2023-07-19,weak,2023
-20.08,False,True,True,True,True,True,-20.08,lower,near_high,negative,-11.75,ES,-0.0002725686873091826,0.007969660327580508,0.010914503059368252,0.023210400044635593,0.03950799229112323,0.016011080332410055,4565.0,4584.25,False,negative,positive,positive,strong,2023-07-20,weak,2023
-14.08,False,True,True,True,True,True,-14.08,lower,near_high,positive,16.75,ES,-0.004253230819564857,-0.004524640209332742,0.0036825327030889365,0.026995107136832175,0.03198643684656677,0.005450941526263797,4563.75,4581.75,False,negative,negative,positive,medium,2023-07-21,weak,2023
3.92,False,True,True,True,True,True,3.92,lower,near_high,positive,11.5,ES,-0.00027380756804118445,-0.0045258738208190374,-0.004797208896641925,0.02839116719242929,0.03999088526831507,0.006339231574885584,4584.25,4575.25,True,negative,negative,negative,strong,2023-07-24,weak,2023
18.67,False,True,True,True,True,True,18.67,upper,near_high,negative,-4.25,ES,0.004546450482033393,0.004271398061442611,0.0,0.03120782726045923,0.04692584346634754,0.00796966032758073,4595.25,4580.0,True,positive,positive,positive,strong,2023-07-25,weak,2023
3.17,False,True,True,True,True,True,3.17,middle,near_high,negative,-10.0,ES,0.0021811440100332202,0.006737510955302506,0.006461858605772086,0.02739113421655781,0.04165722058490151,0.0019079808111646113,4596.25,4585.25,True,positive,positive,positive,strong,2023-07-26,weak,2023
-67.83,False,True,True,True,True,True,-67.83,middle,near_high,positive,33.0,ES,0.0004896893193317986,0.002671901412290678,0.007230499561788006,0.018725761772853344,0.03857667325614256,0.002671901412290678,4563.5,4629.25,False,positive,positive,positive,strong,2023-07-27,weak,2023
11.42,False,True,True,True,True,True,11.42,lower,near_high,positive,33.25,ES,-0.006743528388079234,-0.00625714130257371,-0.004089645018812482,0.005616121572513899,0.029015719195447875,0.00016428454082473287,4606.75,4596.75,True,negative,negative,negative,medium,2023-07-28,weak,2023
-7.08,False,True,True,True,True,True,-7.08,upper,near_high,positive,4.75,ES,0.00897941305300054,0.002175331738090147,0.002666086294140113,0.015820517060801453,0.027774679308422368,0.00942156003505712,4616.0,4611.5,True,positive,positive,positive,medium,2023-07-31,weak,2023
4.42,False,True,True,True,True,True,4.42,upper,near_high,negative,-16.5,ES,0.0018450184501845879,0.010840998685939685,0.004024363715466883,0.014730130812355968,0.028409090909091272,0.006707017830852369,4601.0,4599.5,True,positive,positive,positive,medium,2023-08-01,weak,2023
-30.58,False,True,True,False,True,True,-30.58,lower,near_high,negative,-33.25,ES,-0.006337341566460819,-0.004504015628391422,0.004434954007884517,5.451373746212518e-05,0.0216071726903162,-0.0018499374285868564,4536.25,4567.75,False,negative,negative,positive,medium,2023-08-02,weak,2023
11.42,False,False,True,False,True,False,11.42,lower,near_high,negative,-23.0,ES,-0.009266830198964349,-0.015545444697215971,-0.013729107879314029,-0.00894269044113627,0.014060146180885358,-0.011583641505329312,4520.25,4513.25,True,negative,negative,negative,weak,2023-08-03,weak,2023
-44.08,False,False,True,False,True,False,-44.08,middle,modest_dip,positive,18.25,ES,-0.0028610729023383907,-0.012101390024529923,-0.01836204094897631,-0.007557088877936602,0.019234013834993124,-0.0077201051248356745,4499.25,4538.5,False,negative,negative,negative,medium,2023-08-04,weak,2023
15.92,False,False,True,False,True,False,15.92,lower,modest_dip,positive,19.0,ES,-0.007228383821663131,-0.010068775790921691,-0.019242300354320063,-0.01446099912357568,0.013519603424966498,-0.0236596483611895,4538.25,4518.25,True,negative,negative,negative,weak,2023-08-07,weak,2023
6.17,False,False,True,False,True,False,6.17,upper,modest_dip,negative,-27.5,ES,0.009004001778568194,0.0017105335761187224,-0.0011554332874829099,-0.010087791046403893,0.02080521817363956,-0.01668291626042695,4517.25,4510.75,True,positive,positive,negative,medium,2023-08-08,weak,2023
-31.33,False,False,True,False,True,False,-31.33,middle,modest_dip,positive,2.5,ES,-0.004847416547317351,0.004112939084037315,-0.0031451746399602243,-0.01703030632787428,0.009894348482307525,-0.015208503679476792,4486.25,4519.75,False,negative,positive,negative,weak,2023-08-09,weak,2023
-24.58,False,False,False,False,True,False,,lower,modest_dip,positive,22.75,ES,-0.00431750249086682,-0.009143990305166882,-0.0002223210315696056,-0.02175331738090036,-0.0034349030470912645,-0.010288858321870764,4486.25,4509.0,False,negative,negative,negative,,2023-08-10,weak,2023
13.92,False,False,False,False,True,False,,lower,modest_dip,negative,-20.75,ES,-0.001278630197909747,-0.0055906121997122415,-0.010410928720943069,-0.016371003066141143,-0.010846823037110598,-0.008718203387960033,4482.0,4465.5,True,negative,negative,negative,,2023-08-11,weak,2023
25.67,False,False,False,False,True,False,,upper,modest_dip,negative,-9.5,ES,-0.001558586139716156,-0.0028352234823215694,-0.007140484888741416,-0.02664423703060581,-0.011245245576319118,-0.003056914184081938,4506.75,4472.5,True,negative,negative,negative,,2023-08-14,weak,2023
-34.83,False,False,False,False,True,False,,upper,modest_dip,negative,-19.5,ES,0.005965323075207696,0.0043974394656276505,0.003113186568823645,-0.022641100639150702,-0.008244476200945261,-0.0060592706841468,4454.0,4487.25,False,positive,positive,positive,,2023-08-15,weak,2023
-25.58,False,False,False,False,True,False,,lower,modest_dip,negative,-5.75,ES,-0.012192418532476212,-0.00629982717288291,-0.007848594489284766,-0.028400109021532005,-0.028347143480156878,-0.013395328240894622,4419.75,4448.25,False,negative,negative,negative,,2023-08-16,weak,2023
-41.08,False,False,False,False,True,False,,lower,modest_dip,positive,13.25,ES,-0.008303411131059257,-0.02039459099977836,-0.014550928248871053,-0.027455295735900997,-0.036152461966301286,-0.017344896597731863,4383.5,4433.0,False,negative,negative,negative,,2023-08-17,weak,2023
28.67,False,False,False,False,True,False,,lower,modest_dip,negative,-30.0,ES,-0.008486082824168406,-0.016719030520646383,-0.028707603635557577,-0.0329415659658997,-0.04024971250205367,-0.024436404119120625,4384.75,4353.5,True,negative,negative,negative,,2023-08-18,weak,2023
19.92,False,False,False,False,True,False,,middle,modest_dip,positive,10.25,ES,-0.000342348510783963,-0.008825526137135165,-0.017055655296229877,-0.02623388172521135,-0.0403155127081507,-0.023248034788426186,4412.75,4395.0,True,negative,negative,negative,,2023-08-21,weak,2023
-33.33,False,False,False,False,True,False,,upper,modest_dip,positive,18.25,ES,0.005878995433789891,0.005534634257674309,-0.0029984159312063108,-0.029249752120744876,-0.039042477779595464,-0.023331855464420403,4399.75,4431.0,False,positive,positive,negative,,2023-08-22,weak,2023
33.67,False,False,False,False,True,False,,lower,modest_dip,positive,10.75,ES,-0.0011348805538217155,0.004737442922374324,0.004393472555060951,-0.02562825196501739,-0.04222210131127935,-0.012399012567325007,4448.0,4410.5,True,negative,positive,positive,,2023-08-23,weak,2023
-72.58,False,False,False,False,True,False,,upper,modest_dip,positive,15.5,ES,0.015622337101630412,0.014469727061226845,0.020433789954337866,-0.006115187903046548,-0.027735479660648155,0.011427924869879869,4385.0,4463.5,False,positive,positive,positive,,2023-08-24,medium,2023
9.17,False,False,False,False,True,False,,lower,modest_dip,positive,17.25,ES,-0.018290636536525295,-0.0029540419246718574,-0.004085569993758087,-0.02304480935151698,-0.039038545773105726,0.001426452128266531,4415.0,4402.25,True,negative,negative,negative,,2023-08-25,medium,2023
2.17,False,False,False,False,True,False,,upper,modest_dip,positive,22.75,ES,0.0058116346646914785,-0.012585300369168717,0.002840424927569307,-0.01583319395662608,-0.04205556761450002,0.007591324200913352,4441.75,4437.75,True,positive,negative,positive,,2023-08-28,medium,2023
62.17,False,False,False,False,True,False,,upper,modest_dip,negative,-0.75,ES,0.006741063841839923,0.012591875106831463,-0.005929074840586135,-0.015074262912879721,-0.03737406564835877,0.008454860125971964,4506.0,4441.0,True,positive,positive,negative,,2023-08-29,medium,2023
10.92,False,True,False,False,True,True,,upper,near_high,positive,3.25,ES,0.014798559531847832,0.021639381408259162,0.027576776252065338,0.011837971274685666,-0.01689833742164093,0.024541271374197704,4524.0,4509.25,True,positive,positive,positive,,2023-08-30,medium,2023
-7.83,False,True,False,False,True,True,,upper,near_high,positive,3.75,ES,0.003493207651788177,0.0183434616250282,0.025208179912762585,0.023874179678660123,-0.004236588720770373,0.012305627027631827,4514.25,4527.75,False,positive,positive,positive,,2023-08-31,medium,2023
-21.33,False,True,False,False,True,True,,lower,near_high,positive,28.5,ES,-0.0013261133826941718,0.002162461879678501,0.01699302273238823,0.03126783065160321,-0.0027037466203166938,0.02979887185915331,4522.75,4542.75,False,negative,positive,positive,,2023-09-01,medium,2023
-11.58,False,True,False,False,True,True,,lower,near_high,negative,-5.25,ES,0.00022128789555209138,0.0003319685736415945,-0.0009945850370206566,0.025932020654826138,-0.004076236642062359,0.017330632455548223,4502.25,4517.5,False,positive,positive,negative,,2023-09-05,medium,2023
-25.33,False,True,False,False,True,True,,lower,near_high,negative,-9.25,ES,-0.004092920353982343,-0.0038725381721620433,-0.0037623105012727365,0.02289382491620784,-0.0033211557622053745,-0.0016079844746325067,4471.0,4493.0,False,negative,negative,negative,,2023-09-06,medium,2023
18.17,False,True,False,False,True,False,,middle,near_high,negative,-33.0,ES,-0.006942130400977464,-0.011006637168141653,-0.010787784908165565,0.00016780400492222292,-0.005948410051144992,-0.01199027516852702,4455.25,4438.0,True,negative,negative,negative,,2023-09-07,medium,2023
0.92,False,True,False,False,False,False,,middle,near_high,flat,0.0,ES,-0.0029640400425031688,-0.009885593690991845,-0.013938053097345193,0.01578257649136794,-0.007625939326468267,-0.013610711519309704,4461.5,4455.25,True,negative,negative,negative,,2023-09-08,medium,2023
-1.58,False,True,False,False,True,False,,middle,near_high,positive,26.75,ES,0.0014583800762844046,-0.001509982663162046,-0.00844163056758862,0.01138616665722525,-0.004627306684506949,-0.012281478203142404,4490.5,4488.25,True,positive,negative,negative,,2023-09-11,medium,2023
-8.08,False,True,False,False,True,True,,upper,near_high,negative,-16.25,ES,0.004928867480676669,0.006394435719093483,0.003411442313069779,0.009565608822867722,-0.005652848592329951,-0.0076327433628319286,4464.75,4474.25,False,positive,positive,positive,,2023-09-12,medium,2023
1.42,False,False,True,False,True,False,1.42,lower,near_high,positive,50.5,ES,-0.004514546873258252,0.0003920690041447905,0.0018510208660533767,-0.009647906847795706,0.0020758527827646756,-0.008052871265133765,4518.0,4515.25,True,negative,positive,positive,weak,2023-09-13,medium,2023
11.42,False,False,True,True,True,True,11.42,upper,near_high,positive,24.0,ES,0.012933206427411692,0.008360271987515322,0.013330346140920879,-0.0003315283456736262,0.023534736365693476,0.011800234886192085,4555.0,4542.0,True,positive,positive,positive,medium,2023-09-14,medium,2023
-40.08,False,True,True,True,True,True,-40.08,upper,near_high,negative,-18.0,ES,0.00762768074286968,0.02065953753989125,0.01605172221602924,0.0086311829146839,0.040168891931986694,0.022548799641014083,4497.75,4537.0,False,positive,positive,positive,strong,2023-09-15,medium,2023
2.67,False,False,True,True,True,True,2.67,lower,near_high,negative,-3.25,ES,-0.012835984640702125,-0.0053062126906920914,0.0075583673926431505,-0.004425757911042383,0.027168949771689377,0.007953399798364513,4501.0,4494.5,True,negative,negative,positive,medium,2023-09-18,medium,2023
0.16999999999999998,False,False,True,True,True,True,0.16999999999999998,middle,near_high,negative,-10.5,ES,0.0010557901755945398,-0.011793746571585273,-0.004256024762326005,-0.003595132743362872,0.022243658854905535,0.004068665700590612,4491.0,4490.5,True,positive,negative,negative,medium,2023-09-19,medium,2023
-50.08,False,False,True,True,True,True,-50.08,middle,near_high,positive,12.25,ES,-0.0025534276991395766,-0.0015003334074238373,-0.014317059791552289,-0.0020548705986892513,0.020791910469806663,0.006046693914114609,4448.0,4503.25,False,negative,negative,negative,medium,2023-09-20,medium,2023
-38.33,False,False,False,False,True,False,,lower,modest_dip,negative,-32.25,ES,-0.011519839723969083,-0.014043852345267838,-0.013002889531006923,-0.006655108774677121,-0.006488421523660692,-0.018240106124253974,4373.0,4415.75,False,negative,negative,negative,,2023-09-21,medium,2023
-22.83,False,False,False,False,False,False,,lower,modest_dip,positive,9.25,ES,-0.01593289044026569,-0.027269185820023356,-0.02975298362475709,-0.019575947947049643,-0.0041023303515468346,-0.04119583104772351,4361.5,4382.25,False,negative,negative,negative,,2023-09-22,medium,2023
19.92,False,False,False,False,False,False,,lower,modest_dip,negative,-13.25,ES,-0.0016019223067681443,-0.017509289494426317,-0.028827425009739005,-0.022571972667189244,-0.011442814252535238,-0.030284507668370764,4379.5,4348.25,True,negative,negative,negative,,2023-09-25,medium,2023
-33.83,False,False,False,False,False,False,,upper,modest_dip,negative,-33.25,ES,0.0034955016904474334,0.0018879798615480947,-0.014074991555005134,-0.02396611303087748,-0.014629754670267725,-0.02792117679711359,4314.0,4346.25,False,positive,positive,negative,,2023-09-26,medium,2023
-12.58,False,False,False,False,False,False,,lower,modest_dip,positive,11.5,ES,-0.012962539972590226,-0.009512348862529496,-0.011099033125464897,-0.03224903420861103,-0.04158580537843082,-0.03806555734876749,4315.0,4325.5,False,negative,negative,negative,,2023-09-27,medium,2023
27.17,False,False,False,False,False,False,,upper,modest_dip,negative,-7.75,ES,0.0,-0.012962539972590226,-0.009512348862529496,-0.04460535043113001,-0.04492209083876708,-0.026855083886949682,4338.25,4307.25,True,positive,negative,negative,,2023-09-28,medium,2023
-38.58,False,False,False,False,False,False,,upper,modest_dip,positive,31.5,ES,0.004165461382701796,0.004165461382701796,-0.008851073549565935,-0.04788809654415804,-0.039670244550182754,-0.006979804336632589,4326.25,4369.75,False,positive,positive,negative,,2023-09-29,medium,2023
2.17,False,False,False,False,False,False,,lower,modest_dip,negative,-9.0,ES,-0.0023045457164256877,0.0018513161700897118,0.0018513161700897118,-0.037730606801511524,-0.04198937818101367,-0.007678643057704604,4324.75,4317.25,True,negative,positive,positive,,2023-10-02,medium,2023
-40.83,False,False,False,False,False,False,,middle,modest_dip,negative,-23.75,ES,-0.0008662008431021828,-0.0031687503600853484,0.0009835117153600414,-0.039578129336663936,-0.04303097345132778,-0.01199177706715393,4266.5,4301.0,False,negative,negative,positive,,2023-10-03,medium,2023
31.17,False,False,False,False,False,False,,lower,deep_dip,positive,3.0,ES,-0.013871228759680942,-0.014725414332736664,-0.016996024658639253,-0.05047581946685986,-0.05242696878818165,-0.012901359560312464,4296.25,4269.5,True,negative,negative,negative,,2023-10-04,medium,2023
0.42,False,False,False,False,False,False,,upper,deep_dip,negative,-5.5,ES,0.006154026491618891,-0.007802566177320447,-0.008662008431021495,-0.03349847990091204,-0.03993065264806217,-0.00682672837720566,4291.5,4290.75,True,positive,negative,negative,,2023-10-05,medium,2023
77.17,False,False,False,False,False,False,,middle,deep_dip,negative,-26.25,ES,-0.0013397798101008052,0.004806001641073809,-0.009131892266789898,-0.019165856170261453,-0.038366614314561454,-0.012271705939966626,4342.0,4265.25,True,negative,positive,negative,,2023-10-06,medium,2023
43.92,False,False,False,False,False,False,,upper,modest_dip,negative,-20.25,ES,0.01382407839477362,0.012465777363546149,0.018696518579299104,-0.0040112314480547084,-0.026492662708636705,0.003695790263902543,4370.0,4321.75,True,positive,positive,positive,,2023-10-09,medium,2023
14.17,False,False,False,False,False,False,,upper,modest_dip,positive,6.0,ES,0.005580806627927037,0.019482034531031145,0.01811615308440584,-0.0019415258108725908,-0.025861108014714196,0.010172234423766024,4391.5,4376.0,True,positive,positive,positive,,2023-10-10,medium,2023
5.42,False,True,False,False,False,True,,middle,modest_dip,positive,11.0,ES,0.005378189724224658,0.01098901098901095,0.024965002333177555,0.016603991900491444,-0.016180505010917945,0.029890985816434235,4408.75,4402.5,True,positive,positive,positive,,2023-10-11,medium,2023
-33.58,False,True,False,False,False,True,,upper,modest_dip,positive,5.0,ES,0.00603232415206012,0.011442956860052478,0.017087624417467362,0.022736476713913545,-0.022883042228609596,0.029766412302673517,4380.75,4413.75,False,positive,positive,positive,,2023-10-12,medium,2023
-36.83,False,True,False,False,False,True,,middle,modest_dip,positive,14.25,ES,-0.008258852811404038,-0.00227634873662641,0.003089598352214118,0.010082387509362079,-0.038288535381239774,0.0226318245450301,4358.0,4395.0,False,negative,negative,positive,,2023-10-13,medium,2023
27.42,False,True,False,False,False,False,,lower,modest_dip,positive,22.25,ES,-0.007186858316221789,-0.015386355922615724,-0.009446847256999735,0.005139458335739366,-0.0327850633474106,0.001438352223692485,4402.5,4380.25,True,negative,negative,negative,,2023-10-16,medium,2023
29.67,False,True,False,False,False,True,,upper,modest_dip,negative,-33.25,ES,0.011662645064920207,0.004391968971024562,-0.0039031564656635265,0.017743613455091678,-0.02253677490979744,0.007495136743334463,4402.5,4369.25,True,positive,positive,negative,,2023-10-17,medium,2023
-42.58,False,True,False,False,False,True,,middle,modest_dip,negative,-19.75,ES,-0.0023283548185586422,0.009307135470527417,0.002053388090349273,0.029656546711991583,-0.022316211252713436,-0.00022763487366250779,4343.0,4382.75,False,negative,positive,positive,,2023-10-18,medium,2023
-40.58,False,True,False,False,False,False,,lower,modest_dip,positive,4.75,ES,-0.010928961748633892,-0.013231870066443219,-0.0017235436056531883,0.012174520883089235,-0.021731786960927924,-0.01708338047290414,4301.5,4347.75,False,negative,negative,negative,,2023-10-19,medium,2023
-48.83,False,True,False,False,False,False,,lower,modest_dip,negative,-5.0,ES,-0.011279926335174939,-0.02208561020036426,-0.02436254188199205,0.002099860009332488,-0.01710624177584552,-0.02007757243896846,4248.5,4296.5,False,negative,negative,negative,,2023-10-20,medium,2023
9.17,False,False,False,False,False,False,,lower,modest_dip,negative,-17.25,ES,-0.011757857974388775,-0.022905156537753157,-0.03358378870673939,-0.023186237845923663,-0.027104463927568823,-0.024589222107319286,4240.5,4231.25,True,negative,negative,negative,,2023-10-23,medium,2023
9.67,False,False,False,False,False,False,,middle,modest_dip,positive,21.25,ES,0.002238190599599399,-0.009545983701979122,-0.02071823204419887,-0.026433230346721515,-0.02832343535861137,-0.03367596115622684,4271.0,4261.75,True,positive,negative,negative,,2023-10-24,medium,2023
-44.33,False,False,False,False,False,False,,middle,modest_dip,negative,-17.5,ES,0.003349788434414691,0.005595476498998719,-0.006228172293364476,-0.028397450489414777,-0.012264969626844202,-0.02817622950819665,4210.25,4253.5,False,positive,positive,negative,,2023-10-25,medium,2023
-38.83,False,False,False,False,False,False,,lower,modest_dip,negative,-14.0,ES,-0.017981608387512393,-0.014692054536906363,-0.01248674755566015,-0.05158954632877022,-0.03002603413364191,-0.035105893186003656,4156.75,4196.25,False,negative,negative,negative,,2023-10-26,medium,2023
-40.58,False,False,False,False,False,False,,middle,modest_dip,positive,16.0,ES,-0.0027436478587617996,-0.02067592104492466,-0.0173953925716972,-0.04631530914898441,-0.036699890534078516,-0.0267753201396973,4138.0,4172.75,False,negative,negative,negative,,2023-10-27,medium,2023
23.92,False,False,False,False,False,False,,lower,deep_dip,positive,27.75,ES,-0.010406698564593309,-0.013121794107121554,-0.030867451531658152,-0.04940825002872573,-0.04452272333545082,-0.025444693132288698,4186.0,4165.75,True,negative,negative,negative,,2023-10-30,medium,2023
19.17,False,False,False,False,False,False,,upper,modest_dip,positive,5.5,ES,0.010999637374591975,0.00047846889952141147,-0.002266491709411955,-0.05003123402805376,-0.03317535545023709,-0.016925246826516305,4212.25,4191.5,True,positive,positive,negative,,2023-10-31,medium,2023
35.67,False,False,False,False,False,False,,upper,modest_dip,positive,9.25,ES,0.004901960784313708,0.01595551794995753,0.005382775119617156,-0.043146630236794214,-0.014769663579885073,-0.01540443975868333,4256.5,4221.5,True,positive,positive,positive,,2023-11-01,medium,2023
42.67,False,False,False,False,False,False,,upper,modest_dip,positive,37.5,ES,0.015169541939321851,0.020145863223338223,0.031367097787984966,-0.017898250460405163,-0.005941632201316938,0.01783371108195153,4336.25,4294.0,True,positive,positive,positive,,2023-11-02,strong,2023
17.42,False,True,True,True,False,True,17.42,upper,modest_dip,positive,23.25,ES,0.014415470260767727,0.02980368828078528,0.03485174557627957,0.007625145518044274,0.009741017265515461,0.03534688995215318,4375.0,4359.5,True,positive,positive,positive,weak,2023-11-03,strong,2023
-4.83,False,True,True,True,False,True,-4.83,upper,near_high,positive,7.5,ES,0.01172664779619903,0.026311163199531418,0.041879833432480806,0.031570267404877006,0.007652033830044536,0.05850356581651184,4384.5,4382.5,True,positive,positive,positive,weak,2023-11-06,strong,2023
8.67,False,True,True,True,False,True,8.67,middle,near_high,negative,-0.5,ES,-0.0004567774351946774,0.011264513892900618,0.02584236741869339,0.028796426892336635,0.0016020139604076,0.046508847441415924,4396.5,4384.0,True,negative,positive,positive,weak,2023-11-07,strong,2023
-2.33,False,True,True,True,False,True,-2.33,upper,near_high,positive,5.75,ES,0.0042271221295555605,0.0037684138403561995,0.015539252498411482,0.02969601124582688,0.0004552697473256817,0.045806067816775764,4398.5,4402.25,False,positive,positive,positive,weak,2023-11-08,strong,2023
-50.08,False,True,False,False,False,True,,middle,near_high,positive,10.5,ES,-0.0005119453924914419,0.0037130126813664788,0.003254539225762132,0.048013837528331216,-0.006052720896028818,0.029651333138001945,4363.0,4409.0,False,negative,positive,positive,,2023-11-09,strong,2023
45.92,False,True,False,False,False,True,,lower,near_high,positive,20.75,ES,-0.007398554436287119,-0.007906712172923824,-0.0037130126813663678,0.04312200956937806,-0.005190508783937897,0.007509675928600412,4430.25,4383.75,True,negative,negative,negative,,2023-11-10,strong,2023
10.17,False,True,True,True,True,True,10.17,upper,near_high,negative,-14.75,ES,0.014735393612751668,0.007227818564680577,0.006712172923777127,0.0696240783270885,0.016775824428358233,0.010505881009478024,4425.5,4415.5,True,positive,positive,positive,weak,2023-11-13,strong,2023
21.42,False,True,True,True,True,True,21.42,upper,near_high,positive,61.0,ES,0.0007345462764154487,0.015480763717676815,0.007967674008309222,0.058763749402200194,0.005792492475439115,0.011710270764309527,4510.75,4486.5,True,positive,positive,positive,weak,2023-11-14,strong,2023
-8.58,False,True,True,True,True,True,-8.58,upper,near_high,positive,13.0,ES,0.02004404042685337,0.020793309978528685,0.03583510119832578,0.07471743010113041,0.028346994535519476,0.027645051194539416,4519.5,4523.75,False,positive,positive,positive,medium,2023-11-15,strong,2023
6.17,False,True,True,True,True,True,6.17,lower,near_high,negative,-6.5,ES,0.0,0.02004404042685337,0.020793309978528685,0.05865807207735152,0.03970994475138134,0.02817141881509322,4523.0,4513.0,True,positive,positive,positive,strong,2023-11-16,strong,2023
3.42,False,True,True,True,True,True,3.42,upper,near_high,negative,-0.75,ES,0.0017159304771394712,0.0017159304771394712,0.021794365083846357,0.04540465599907617,0.05337601862630992,0.03761252221776279,4528.25,4522.25,True,positive,positive,positive,strong,2023-11-17,strong,2023
35.42,False,True,True,True,True,True,35.42,middle,near_high,negative,-3.75,ES,-0.00011051555506436106,0.0016052252850660143,0.0016052252850660143,0.03317346123101528,0.06579102367770084,0.022431913210532395,4562.25,4524.5,True,negative,positive,positive,strong,2023-11-20,medium,2023
1.42,False,True,True,True,True,True,1.42,upper,near_high,negative,-12.25,ES,0.008952749378281277,0.008841244405149995,0.010572345843020248,0.04289957728778737,0.07293135872120393,0.030828298797357823,4551.0,4550.0,True,positive,positive,positive,strong,2023-11-21,medium,2023
0.42,False,True,True,True,True,True,0.42,lower,near_high,positive,15.5,ES,-0.004162786876266589,0.004752694114396272,0.004641653312703831,0.03418657565415262,0.0648977918350615,0.006365548544226884,4566.75,4566.5,True,negative,positive,positive,strong,2023-11-22,strong,2023
-0.33,False,True,True,True,True,True,-0.33,middle,near_high,negative,-5.5,ES,-0.0005469561888092889,0.0010408677550124423,0.005060227710246945,0.03248954684145122,0.10437567992264052,0.009836971539099126,4560.25,4561.25,False,negative,positive,positive,strong,2023-11-27,medium,2023
5.17,False,True,True,False,True,True,5.17,upper,near_high,negative,-5.0,ES,-0.0009303343731188463,-0.0014767817097850466,0.000109565026843228,0.030771836711648515,0.09134385461501737,-5.477351152982646e-05,4563.25,4555.25,True,negative,negative,positive,strong,2023-11-28,medium,2023
-26.83,False,True,True,True,True,True,-26.83,middle,near_high,positive,22.0,ES,5.4776511831722274e-05,-0.0008756088217589664,-0.0014220860909041066,0.010572345843020248,0.0860797144556813,0.004180188108464877,4560.0,4585.25,False,positive,negative,negative,strong,2023-11-29,medium,2023
5.92,False,True,True,False,True,True,5.92,lower,near_high,positive,6.25,ES,-0.0003834145807087852,-0.00032865907099033365,-0.0012586876812784586,0.010184877670762926,0.06944037503662481,-0.00021913005368723315,4574.75,4566.25,True,negative,negative,negative,strong,2023-11-30,medium,2023
27.67,False,True,True,True,True,True,27.67,upper,near_high,negative,-6.0,ES,0.002301369863013658,0.001917072903543815,0.001971954425942224,0.010775266618776591,0.056669169891976345,0.0004922605699282379,4601.25,4568.75,True,positive,positive,positive,strong,2023-12-01,medium,2023
10.42,False,True,True,True,True,True,10.42,upper,near_high,negative,-35.25,ES,0.006778919746337264,0.00909589041095904,0.008708988333242074,0.01773970710140893,0.051501655818202874,0.00782575384446993,4576.75,4566.0,True,positive,positive,positive,strong,2023-12-04,weak,2023
8.92,False,True,True,True,True,True,8.92,middle,near_high,negative,-14.75,ES,-0.007439183318853182,-0.0007106931992126864,0.001589041095890531,0.001205017253656182,0.04415628927224957,0.0012598597721298344,4575.75,4562.0,True,negative,negative,positive,strong,2023-12-05,medium,2023
-44.33,False,True,True,True,True,True,-44.33,upper,near_high,positive,21.5,ES,0.001805350402100725,-0.0056472632493485,0.001093374152635107,0.007205324239590638,0.04163822525597283,0.003012543134140344,4556.0,4597.25,False,positive,negative,positive,strong,2023-12-06,medium,2023
12.92,False,False,True,False,True,True,12.92,lower,near_high,positive,20.5,ES,-0.004969418960244609,-0.0031730401006619946,-0.010588618592528354,-0.0018078229429169257,0.036992772181435374,-0.001589041095890309,4588.5,4576.5,True,negative,negative,negative,strong,2023-12-07,medium,2023
27.92,False,True,True,True,True,True,27.92,upper,near_high,negative,-7.5,ES,0.00642116239503876,0.001419833988641539,0.0032277476886044543,0.0030082590384508112,0.05143053723983737,0.002514760551060702,4607.75,4581.0,True,positive,positive,positive,strong,2023-12-08,medium,2023
20.67,False,True,True,True,True,True,20.67,upper,near_high,negative,-5.5,ES,0.004962373214090876,0.011415399813402116,0.006389252948886037,0.008537186012148812,0.04130410215843616,0.0007059079061684237,4625.0,4602.25,True,positive,positive,positive,strong,2023-12-11,weak,2023
20.67,False,True,True,True,True,True,20.67,upper,near_high,negative,-4.0,ES,0.003961148190352093,0.008943178100119908,0.015421766094067202,0.013475021910604568,0.04466150979617245,0.012199792111165841,4646.25,4621.0,True,positive,positive,positive,strong,2023-12-12,weak,2023
52.42,False,True,True,True,True,True,52.42,upper,near_high,positive,54.0,ES,0.005729110366446966,0.009712952411959463,0.01472352492092921,0.019225502546968087,0.030001107051921272,0.016164263870686035,4761.0,4700.25,True,positive,positive,positive,medium,2023-12-13,weak,2023
-12.33,False,True,True,True,True,True,-12.33,upper,near_high,positive,18.0,ES,0.02520421324161659,0.031077721327424257,0.03516197297737267,0.045315068493151145,0.055961474593159144,0.04697876077053964,4775.25,4779.0,False,positive,positive,positive,strong,2023-12-14,medium,2023
9.42,False,True,True,True,True,True,9.42,middle,near_high,negative,-7.0,ES,0.0005241914347120513,0.02574161650902851,0.031618203437466574,0.04346162256724262,0.05470519975686572,0.0408441487621336,4766.75,4768.25,False,positive,positive,positive,strong,2023-12-15,medium,2023
14.67,False,True,True,True,True,True,14.67,middle,near_high,positive,15.25,ES,-0.00047152512181070083,5.241914347120513e-05,0.025257953568357694,0.035947002606429246,0.05432439900524999,0.035216235281350095,4792.75,4782.0,True,negative,positive,positive,strong,2023-12-18,medium,2023
16.92,False,True,True,True,True,True,16.92,middle,near_high,positive,4.75,ES,0.004507810042981397,0.00403415937549112,0.004560465481993958,0.04841621532906637,0.049679574957550265,0.03577991568479111,4820.25,4797.5,True,positive,positive,positive,strong,2023-12-19,medium,2023
-46.83,False,True,True,True,True,True,-46.83,upper,near_high,negative,-9.75,ES,0.0055312043414736944,0.010063948002935419,0.009587677476816658,0.05231542158147717,0.059897695396292416,0.03557609630266545,4749.75,4810.5,False,positive,positive,positive,strong,2023-12-20,medium,2023
12.67,False,True,True,False,True,True,12.67,lower,near_high,positive,31.5,ES,-0.01209133367929427,-0.006627008975161663,-0.002149072229793436,0.044783491575654644,0.04289470800920303,-0.002096765738847761,4795.25,4781.25,True,negative,negative,negative,strong,2023-12-21,medium,2023
-2.08,False,True,True,True,True,True,-2.08,upper,near_high,positive,11.0,ES,0.007143982770394519,-0.00503373118837569,0.0004696305572950976,0.04553386410731863,0.04867910080402593,0.00450568449730171,4805.25,4806.25,False,positive,negative,positive,strong,2023-12-22,medium,2023
14.67,False,True,True,True,True,True,14.67,upper,near_high,positive,3.5,ES,0.0022399333229150553,0.0034944974704012033,0.010663444870515404,0.03988757972111201,0.05390008764241916,0.00396576915049085,4825.0,4808.75,True,positive,positive,positive,strong,2023-12-26,medium,2023
0.92,False,True,True,True,True,True,0.92,upper,near_high,negative,-2.75,ES,0.003482328482328434,0.005730061988852286,0.0069889949408021845,0.03756448839208937,0.05751218710631534,0.0019200830306176364,4834.75,4822.25,True,positive,positive,positive,strong,2023-12-27,medium,2023
-3.33,False,True,True,True,True,True,-3.33,upper,near_high,negative,-2.75,ES,0.0016056352618221137,0.005093555093554913,0.007344897640256143,0.013681396445982097,0.059616438356165036,0.01581131480800546,4833.0,4832.0,True,positive,positive,positive,strong,2023-12-28,medium,2023
-17.33,False,True,True,True,True,True,-17.33,middle,near_high,negative,-4.5,ES,0.0001551349674215885,0.0017610193194177448,0.005249480249480021,0.013307486771100496,0.057347474305707635,0.00876232201533389,4818.75,4828.5,False,positive,positive,positive,strong,2023-12-29,medium,2023
-3.58,False,True,True,True,True,True,-3.58,upper,near_high,negative,-35.25,ES,0.001714196665108414,-0.0029471071816348227,-0.0027924294135898142,0.0062617407639324885,0.05498112588216042,0.0022869022869020927,4788.0,4783.5,True,positive,negative,negative,strong,2024-01-02,medium,2024
-22.58,False,False,True,False,True,True,-22.58,middle,near_high,negative,-23.75,ES,-0.0067413399709603805,-0.005038699288348547,-0.00966857970115298,-0.00601971977166571,0.04598077763215458,-0.007924586937380296,4747.0,4764.25,False,negative,negative,negative,strong,2024-01-03,medium,2024
-11.08,False,False,True,False,True,True,-11.08,lower,near_high,negative,-7.5,ES,-0.008040096063485436,-0.01472723501348272,-0.013038283725520627,-0.0019435835478279762,0.0427528675703861,-0.017478539662840076,4729.75,4739.5,False,negative,negative,negative,strong,2024-01-04,medium,2024
5.92,False,False,True,False,True,False,5.92,lower,modest_dip,positive,0.5,ES,-0.003368421052631576,-0.011381434687271597,-0.018046048537647796,-0.01236113284306073,0.03260988112116969,-0.020939972080037172,4735.5,4730.25,True,negative,negative,negative,medium,2024-01-05,medium,2024
61.67,False,False,True,False,True,False,61.67,middle,modest_dip,positive,3.75,ES,0.00031685678073500867,-0.003052631578947418,-0.011068184191291741,-0.013283325519612532,0.027836561940420168,-0.01605111422783234,4801.5,4739.25,True,positive,negative,negative,medium,2024-01-08,medium,2024
20.67,False,False,True,False,True,True,20.67,upper,near_high,negative,-28.5,ES,0.013039805722732556,0.013360794254330344,0.009947368421052483,-0.0026507276507279354,0.03713112095989657,-0.004926363824932722,4793.0,4773.0,True,positive,positive,positive,strong,2024-01-09,medium,2024
20.67,False,False,True,True,True,True,20.67,upper,near_high,positive,2.25,ES,-0.0010943769868153597,0.01193115827262159,0.01225179552175737,-0.0071994613352671655,0.03009458297506451,0.0007309178239531811,4819.25,4795.25,True,negative,positive,positive,medium,2024-01-10,medium,2024
-15.08,False,False,True,True,True,True,-15.08,upper,near_high,positive,7.75,ES,0.006103923205342143,0.005002866225441549,0.01810790835181053,-0.00274071775778284,0.010903181842008891,0.01499999999999968,4814.75,4827.0,False,positive,positive,positive,weak,2024-01-11,weak,2024
-12.08,False,False,True,True,True,True,-12.08,middle,near_high,positive,14.25,ES,-0.0021260046668395427,0.0039649415692819545,0.0028662254416591537,-0.00501525257225599,0.008225493791585547,0.01626531474440185,4816.75,4829.0,False,negative,positive,positive,weak,2024-01-12,weak,2024
-8.33,False,False,True,True,True,True,-8.33,lower,near_high,negative,-14.75,ES,-0.000571577032995596,-0.0005196424859695847,-0.0026445423904589704,-0.0025928230657543683,0.003652682112293526,0.0023450935431756914,4798.5,4802.0,False,negative,negative,negative,weak,2024-01-16,weak,2024
4.92,False,True,False,False,True,True,,middle,near_high,negative,-32.5,ES,-0.0017157117604242877,-0.002286308131982384,-0.0022344626896694253,0.0024537955518426635,-0.0035806953814219167,0.0017216193656091061,4771.0,4766.0,True,negative,negative,negative,,2024-01-17,weak,2024
25.67,False,True,True,False,True,False,25.67,middle,near_high,positive,15.0,ES,-0.006353835737721969,-0.008058646147447224,-0.008625617043387934,0.004157894736841694,0.002206229973209961,-0.010681877106559545,4811.0,4786.0,True,negative,negative,negative,weak,2024-01-18,weak,2024
47.92,False,True,True,True,True,True,47.92,upper,near_high,positive,11.0,ES,0.00943445673253307,0.003020676006457945,0.0012997816366848713,0.01705745669623937,0.004485474364991804,0.0007794637289544326,4870.75,4822.0,True,positive,positive,positive,weak,2024-01-19,weak,2024
-5.08,False,True,True,True,True,True,-5.08,upper,near_high,positive,15.0,ES,0.011423230697336306,0.020965459405629217,0.014478412582678013,0.028349699081405833,0.014689795280511841,0.012159002338269609,4881.75,4885.75,False,positive,positive,positive,weak,2024-01-22,weak,2024
8.67,False,True,True,True,True,True,8.67,lower,near_high,positive,4.0,ES,0.002361517531700885,0.013811724388597568,0.02337648723727659,0.017510031789045755,0.014812889812889418,0.01512945825101375,4894.75,4885.75,True,positive,positive,positive,weak,2024-01-23,weak,2024
-26.58,False,True,True,True,True,True,-26.58,upper,near_high,positive,28.75,ES,0.0047631241997438956,0.007135889932748052,0.018640635547017004,0.023476627712854636,0.016108147304086273,0.02171761887401691,4898.75,4923.5,False,positive,positive,positive,weak,2024-01-24,weak,2024
-2.83,False,True,True,True,True,True,-2.83,lower,near_high,positive,20.25,ES,-0.0010194719135487862,0.003738796414852752,0.006109143179834575,0.016230230749286978,0.013445030509876554,0.027202683578803954,4924.0,4919.0,True,negative,positive,positive,weak,2024-01-25,weak,2024
-2.83,False,True,True,True,True,True,-2.83,middle,near_high,negative,-5.75,ES,0.0029084600469435617,0.0018860230400652434,0.006658130601792545,0.02135730617335274,0.016234941316374485,0.020561815255205396,4917.0,4918.25,False,positive,positive,positive,weak,2024-01-26,weak,2024
28.42,False,True,True,True,True,True,28.42,middle,near_high,positive,2.0,ES,-0.00020351055711009813,0.0027043575875089765,0.0016821286573556193,0.021096388672382504,0.02077814139525236,0.00883002207505501,4954.75,4919.0,True,negative,positive,positive,medium,2024-01-29,weak,2024
2.67,False,True,True,True,True,True,2.67,upper,near_high,negative,-8.5,ES,0.008142079283496972,0.007936911727295826,0.010868455964894386,0.029998960174690392,0.027328355113046765,0.014647887323943731,4949.25,4946.25,True,positive,positive,positive,medium,2024-01-30,weak,2024
-51.08,False,True,True,True,True,True,-51.08,lower,near_high,negative,-23.25,ES,-0.004643884710514357,0.003460383695486291,0.0032561689137624583,0.026977761574918047,0.02949775503811214,0.005148333163421448,4868.75,4926.0,False,negative,positive,positive,medium,2024-01-31,weak,2024
37.42,False,True,True,False,True,True,37.42,lower,near_high,positive,14.5,ES,-0.010751052284598606,-0.01534501034778657,-0.007327871355147231,0.02243304156402326,0.02668421052631542,-0.00464333095213787,4929.75,4883.25,True,negative,negative,negative,medium,2024-02-01,weak,2024
56.92,False,True,True,True,True,True,56.92,upper,near_high,positive,3.25,ES,0.01584046752447832,0.004919113545311493,0.0002523850386149107,0.02892154317461948,0.046472327841148964,0.008191299923683504,4979.5,4933.0,True,positive,positive,positive,strong,2024-02-02,medium,2024
-5.33,False,True,True,True,True,True,-5.33,middle,near_high,negative,-6.5,ES,0.0037848203471941844,0.019685241195468217,0.008722551853542093,0.02115098311001562,0.05010030619786687,0.01221311892524568,4961.0,4973.0,False,positive,positive,positive,strong,2024-02-05,medium,2024
-2.33,False,True,True,True,True,True,-2.33,middle,near_high,positive,9.0,ES,-0.0029661656025338212,0.0008074283407346616,0.01666068590762282,0.01572343149807942,0.03350878107248967,0.0010600171621826249,4975.0,4970.0,True,negative,positive,positive,medium,2024-02-06,weak,2024
13.17,False,True,True,True,True,True,13.17,upper,near_high,positive,22.5,ES,0.0030758370310608463,0.00010054798652658903,0.0038857488897858783,0.014017738811295866,0.037823455759599334,0.008823976875094841,5015.5,4997.5,True,positive,positive,positive,strong,2024-02-07,weak,2024
-1.83,False,True,True,True,True,True,-1.83,upper,near_high,negative,-2.25,ES,0.00814356808927763,0.011244453408632449,0.008244934895178746,0.023318705990407196,0.03992740471869283,0.02809247962269934,5017.0,5013.25,True,positive,positive,positive,strong,2024-02-08,medium,2024
21.42,False,True,True,True,True,True,21.42,upper,near_high,positive,3.0,ES,0.00029917726252803867,0.008445181722213757,0.011546994755949891,0.02065632154668018,0.042454791103720524,0.012363746467500825,5044.0,5020.0,True,positive,positive,positive,strong,2024-02-09,weak,2024
-2.58,False,True,True,True,True,True,-2.58,upper,near_high,negative,-1.0,ES,0.005333732117043022,0.005634505110944987,0.013823958176242712,0.02630909368479961,0.04796050922317496,0.013925896133929916,5041.5,5043.0,False,positive,positive,positive,strong,2024-02-12,medium,2024
-15.33,False,True,True,True,True,True,-15.33,lower,near_high,negative,-66.5,ES,-0.0013387544625148573,0.003987837096854685,0.004288207429568702,0.016657412548584105,0.047156077778932826,0.015580879386849489,4971.75,4975.0,False,negative,positive,positive,strong,2024-02-13,medium,2024
14.42,False,True,True,False,True,True,14.42,middle,near_high,positive,25.5,ES,-0.012462141899607815,-0.013784212614042057,-0.008524001794526614,0.008671839342765386,0.03588354773188884,-0.0001508068164682852,5015.25,4997.25,True,negative,negative,negative,strong,2024-02-14,medium,2024
23.92,False,True,True,True,True,True,23.92,upper,near_high,positive,3.75,ES,0.0092508798391151,-0.0033265478377439983,-0.004660848869496248,0.029066488952683045,0.052151580271502684,0.0009473946646720854,5046.75,5019.0,True,positive,negative,negative,strong,2024-02-15,medium,2024
-23.08,False,True,True,True,True,True,-23.08,upper,near_high,negative,-3.75,ES,0.005928066155225675,0.015233785822021062,0.0025817983218310303,0.019025030278562394,0.04849680668778178,0.0065799312098100415,5020.5,5043.0,False,positive,positive,positive,strong,2024-02-16,medium,2024
-16.83,False,True,True,False,True,True,-16.83,lower,near_high,negative,-18.75,ES,0.00019942167713637993,-0.006487396622592012,-0.0005977881837202492,0.011597418313836094,0.027503201024327906,-0.003922347450474151,4992.5,5001.75,False,positive,negative,negative,medium,2024-02-20,medium,2024
13.92,False,True,True,True,True,True,13.92,middle,near_high,negative,-14.5,ES,-0.0053833117336257175,-0.005184963605543769,-0.011835784677858618,0.00306640526818458,0.01712712814761952,0.0032176973353443827,4995.75,4978.0,True,negative,negative,negative,weak,2024-02-21,medium,2024
37.92,False,True,True,True,True,True,37.92,upper,near_high,positive,66.5,ES,0.006615214994487362,0.001196291496361468,0.0013959517399544374,0.0015457491897283848,0.02490050005102562,0.0005977881837202492,5097.5,5062.25,True,positive,positive,positive,medium,2024-02-22,medium,2024
-9.08,False,True,True,True,True,True,-9.08,upper,near_high,positive,16.75,ES,0.015433635367917864,0.022150947178510627,0.016648389991027912,0.01669906784307873,0.037700330704655505,0.01005298865943649,5099.75,5114.25,False,positive,positive,positive,strong,2024-02-23,medium,2024
-19.58,False,True,True,True,True,True,-19.58,lower,near_high,positive,4.0,ES,-0.0008334967640714064,0.014587274718709464,0.02129898767164473,0.010462118207060556,0.03704646073991125,0.01600358959018866,5080.0,5103.75,False,negative,positive,positive,strong,2024-02-26,medium,2024
2.17,False,True,True,True,True,True,2.17,lower,near_high,positive,6.5,ES,-0.002993277393395166,-0.0038242792704452633,0.011550333565667481,0.008788044287771024,0.025591842915551943,0.012760442627853807,5088.5,5086.5,True,negative,negative,positive,medium,2024-02-27,medium,2024
1.67,False,True,True,True,True,True,1.67,upper,near_high,negative,-16.25,ES,0.0015257407225119923,-0.001472103636096067,-0.0023043734065504307,0.023076923076922995,0.031948881789136685,0.01979552971835208,5081.5,5072.25,True,positive,negative,negative,medium,2024-02-28,medium,2024
7.42,False,True,True,True,True,True,7.42,lower,near_high,positive,16.5,ES,-0.0031942601602044096,-0.001673393050497185,-0.004661661514304027,0.010461293215103806,0.03983185523145516,0.00985761226725046,5096.75,5098.0,False,negative,negative,negative,strong,2024-02-29,medium,2024
38.92,False,True,True,False,True,True,38.92,upper,near_high,positive,9.0,ES,0.005225793729047634,0.002014841024129188,0.0035436558716408495,0.009755855989699747,0.028966491723859455,-0.00029417532849573824,5145.0,5105.75,True,positive,positive,positive,medium,2024-03-01,medium,2024
2.92,False,True,True,True,True,True,2.92,upper,near_high,negative,-9.25,ES,0.008092202059833298,0.013360283967659425,0.010123347584648279,0.024778143384186047,0.03338193152682112,0.008636341331763164,5137.75,5135.75,True,positive,positive,positive,medium,2024-03-04,medium,2024
-34.33,False,True,True,True,True,True,-34.33,lower,near_high,negative,-21.25,ES,-0.0015567988324008963,0.006522805296714118,0.011782685860777242,0.022978765825939718,0.03484267849939493,0.010089575745644064,5085.75,5116.5,False,negative,positive,positive,medium,2024-03-05,medium,2024
-6.33,False,True,True,True,True,True,-6.33,middle,near_high,positive,33.5,ES,-0.008332115187838052,-0.009875942593043141,-0.0018636586562039703,0.019945875513681655,0.02307344291961977,0.0001474273920099023,5112.0,5119.25,False,negative,negative,negative,medium,2024-03-06,medium,2024
22.17,False,True,True,True,True,True,22.17,middle,near_high,positive,31.0,ES,0.004078223270440162,-0.004287872143448945,-0.0058379956215034445,0.017375286269042833,0.01894789329344282,0.00744429106685085,5159.75,5143.0,True,positive,negative,negative,medium,2024-03-07,medium,2024
-30.83,False,True,True,True,True,True,-30.83,upper,near_high,positive,5.25,ES,0.009982872522632746,0.014101808176100628,0.005652195098182489,0.011914100804079064,0.02881212302477465,0.012211868563021033,5128.25,5165.0,False,positive,positive,positive,medium,2024-03-08,medium,2024
2.42,False,True,True,False,True,True,2.42,lower,near_high,negative,-14.0,ES,-0.005378167546877255,0.004551015414729687,0.00864779874213828,0.007311448059276637,0.017850059500198023,-0.0013135490148383777,5122.75,5114.25,True,negative,positive,positive,weak,2024-03-11,medium,2024
35.42,False,True,True,True,True,True,35.42,upper,near_high,positive,21.0,ES,0.0008768511301637805,-0.004506032269005145,0.005431857107903282,0.011221576926862653,0.02010823692964614,0.0011206938556740376,5177.25,5143.75,True,positive,negative,positive,medium,2024-03-12,medium,2024
-10.58,False,True,True,True,True,True,-10.58,upper,near_high,positive,66.0,ES,0.008371459164800976,0.009255650818394523,0.0038277048306605277,0.01813356921716114,0.041628959276018174,0.017983490566037874,5233.0,5243.25,False,positive,positive,positive,strong,2024-03-13,medium,2024
-27.08,False,True,True,True,True,True,-27.08,upper,near_high,positive,7.0,ES,-0.0008106432692766008,0.007554029628498382,0.00843750451807912,0.020568186390609977,0.031244649434448934,0.01302691914593268,5220.25,5240.0,False,negative,positive,positive,medium,2024-03-14,weak,2024
-5.83,False,True,True,False,True,True,-5.83,middle,near_high,negative,-34.25,ES,-0.004772358499570473,-0.005579133088550847,0.002745620591424247,0.010417436030966565,0.020274923026366132,-0.0017727835325643815,5182.75,5186.0,False,negative,negative,positive,medium,2024-03-15,weak,2024
-12.58,False,False,True,False,True,True,-12.58,lower,near_high,positive,42.75,ES,-0.005802244173779614,-0.010546912284050802,-0.011349005769872633,-0.00350905869813789,0.021182136726482614,-0.0021983973860202344,5215.25,5225.5,False,negative,negative,negative,medium,2024-03-18,weak,2024
36.67,False,True,True,True,True,True,36.67,middle,near_high,negative,-9.5,ES,0.005160854676120152,-0.0006713340366356624,-0.005440488689510414,0.0031954597564098908,0.026247653303798302,0.002072443326233797,5242.5,5205.75,True,positive,negative,negative,medium,2024-03-19,weak,2024
37.17,False,True,True,False,True,True,37.17,upper,near_high,negative,-1.5,ES,0.005470249520153514,0.010659335359089361,0.004795243118826065,0.017158269101175794,0.03744638131437972,-0.0008106432692766008,5287.75,5241.0,True,positive,positive,positive,strong,2024-03-20,weak,2024
-9.33,False,True,True,True,True,True,-9.33,upper,near_high,positive,27.25,ES,0.012264961343896097,0.017802303262955732,0.02305503303911638,0.025451655149583585,0.043269171212870994,0.012264961343895875,5302.75,5315.0,False,positive,positive,positive,strong,2024-03-21,medium,2024
-1.33,False,True,True,True,True,True,-1.33,middle,near_high,negative,-1.5,ES,0.001367215124228105,0.013648945308771587,0.019193857965451144,0.016704041323886587,0.028817155760134217,0.018509638438668707,5292.0,5301.25,False,positive,positive,positive,medium,2024-03-22,weak,2024
0.42,False,True,True,True,True,True,0.42,lower,near_high,negative,-15.25,ES,-0.003813559322033866,-0.002451558153787947,0.009783334924119425,0.018303386374822983,0.025748658692887894,0.02054695413109564,5277.0,5276.75,True,negative,negative,positive,medium,2024-03-25,weak,2024
-20.33,False,True,True,True,True,True,-20.33,middle,near_high,positive,13.0,ES,-0.001134269105345198,-0.00494350282485867,-0.003583046532459333,0.016257249985602407,0.02766125889379767,0.014155470249520352,5266.0,5290.0,False,negative,negative,negative,medium,2024-03-26,weak,2024
11.92,False,True,True,True,True,True,11.92,middle,near_high,positive,27.0,ES,-0.0015613910574875378,-0.0026938891251948593,-0.006497175141242817,0.006246721663249355,0.024493566240071596,0.007063090579364495,5310.25,5293.0,True,negative,negative,negative,medium,2024-03-27,weak,2024
3.67,False,True,True,True,True,True,3.67,upper,near_high,negative,-0.75,ES,0.005307553786370933,0.0037378755618642234,0.0025993666997494724,0.01240813209888314,0.033231531263262726,0.0001414360473341869,5305.25,5309.5,False,positive,positive,positive,medium,2024-03-28,weak,2024
-14.83,False,True,True,False,True,True,-14.83,lower,near_high,positive,6.5,ES,0.0001414160460073699,0.005449720405648728,0.0038798202034540097,0.01740673252133873,0.028005502074854194,-0.0010828625235403955,5294.0,5311.75,False,positive,positive,positive,medium,2024-04-01,weak,2024
5.92,False,True,True,False,True,True,5.92,lower,near_high,negative,-40.75,ES,-0.002780788989960925,-0.0026397661921373494,0.0026537768931853556,0.020498721844403267,0.016917731928075996,-4.72612127229155e-05,5261.0,5253.25,True,negative,negative,positive,weak,2024-04-02,weak,2024
17.67,False,True,True,False,True,True,17.67,middle,near_high,negative,-13.25,ES,-0.0058606673598639025,-0.00862515907055672,-0.008484962760441306,0.009309021113244054,0.012534227471993065,-0.004778802933522619,5265.25,5247.75,True,negative,negative,negative,weak,2024-04-03,weak,2024
-97.58,False,True,True,True,True,True,-97.58,upper,near_high,positive,40.0,ES,0.003850908053627533,-0.002032328197372091,-0.004807465711457848,0.0076834971843084965,0.02497360179781105,0.0006160553502037036,5197.5,5305.25,False,positive,negative,negative,medium,2024-04-04,weak,2024
48.17,False,False,True,False,True,False,48.17,lower,modest_dip,positive,13.5,ES,-0.014776225432157286,-0.010982219264048632,-0.016778523489932917,-0.019235302437414226,0.005726782427834198,-0.019373998303007456,5251.25,5211.0,True,negative,negative,negative,weak,2024-04-05,medium,2024
-6.58,False,False,True,False,True,True,-6.58,upper,near_high,positive,7.25,ES,0.010575397779166495,-0.004357092114610439,-0.0005229628220975169,-0.010216572504707977,0.0063168107698716724,-0.009143611255125639,5254.25,5258.5,False,positive,negative,negative,weak,2024-04-08,medium,2024
-23.58,False,False,True,False,True,True,-23.58,middle,near_high,positive,17.5,ES,-9.513390096560492e-05,0.01047925779935599,-0.004451811508406345,-0.00652204735573525,0.011661963466381042,-0.006475092163720553,5260.0,5271.75,False,negative,positive,negative,weak,2024-04-09,weak,2024
10.42,False,False,True,True,True,True,10.42,upper,near_high,negative,-60.25,ES,0.0012844298558585265,0.0011891737620701726,0.011777147526799148,-0.0041163946061036905,0.012073934123348007,0.0006655890463060921,5205.25,5199.75,True,positive,positive,positive,weak,2024-04-10,weak,2024
29.17,False,False,False,False,True,False,,lower,modest_dip,positive,13.5,ES,-0.012495248954770055,-0.011226868369725418,-0.01132093421490743,-0.015022272770353395,-0.008869391063849763,-0.015628699976319993,5242.5,5218.75,True,negative,negative,negative,,2024-04-11,medium,2024
-42.58,False,False,True,True,True,True,-42.58,upper,near_high,negative,-38.25,ES,0.00928554245850366,-0.003325731660965503,-0.0020455734741449128,-0.011124728952578322,0.001145366039896789,0.0084122482334279,5167.75,5204.25,False,positive,negative,negative,weak,2024-04-12,medium,2024
-104.08,False,False,False,False,True,False,,lower,modest_dip,positive,43.5,ES,-0.014872723805891885,-0.005725282655761443,-0.01814899277841131,-0.025969741245227884,-0.00901505706339345,-0.016981401322361256,5103.25,5211.25,False,negative,negative,negative,,2024-04-15,medium,2024
-3.58,False,False,False,False,True,False,,lower,modest_dip,positive,3.75,ES,-0.012339107713152053,-0.02702831537801509,-0.017993745489535806,-0.03530579449853477,-0.015530796315052386,-0.02901860044717197,5092.0,5107.0,False,negative,negative,negative,,2024-04-16,medium,2024
-45.83,False,False,False,False,True,False,,middle,modest_dip,positive,25.5,ES,0.000734897849199001,-0.01161327784767252,-0.026313280579654874,-0.02890558143957389,-0.01986564299424176,-0.029551501330292718,5060.75,5117.5,False,positive,negative,negative,,2024-04-17,medium,2024
-26.33,False,False,False,False,True,False,,lower,modest_dip,positive,13.0,ES,-0.007882111034955397,-0.0071530057322031215,-0.019403851737152755,-0.04025574236324869,-0.03288155006204041,-0.02501804185710854,5048.25,5073.75,False,negative,negative,negative,,2024-04-18,medium,2024
-43.83,False,False,False,False,True,False,,lower,modest_dip,negative,-1.0,ES,-0.005181347150259086,-0.013022618231665506,-0.012297290676595907,-0.03090900350910919,-0.04954976191598648,-0.038993231003908724,5003.25,5047.25,False,negative,negative,negative,,2024-04-19,medium,2024
13.67,False,False,False,False,True,False,,middle,deep_dip,positive,27.0,ES,-0.007242063492063466,-0.012385886997285933,-0.02017037109566233,-0.04799505303714979,-0.05772128060263626,-0.031549404819510185,5048.5,5030.25,True,negative,negative,negative,,2024-04-22,medium,2024
36.42,False,False,False,False,True,False,,middle,modest_dip,positive,21.0,ES,0.008494054162086595,0.0011904761904761862,-0.003997039230199784,-0.039817325531611214,-0.046079682404650435,-0.011121454117877572,5107.75,5069.5,True,positive,positive,negative,,2024-04-23,medium,2024
-7.83,False,False,False,False,True,False,,upper,modest_dip,positive,9.0,ES,0.013921918351169182,0.02253422604177069,0.015128968253968145,-0.027698593690611895,-0.031700969955050895,0.0019093312444924404,5105.25,5116.75,False,positive,positive,positive,,2024-04-24,medium,2024
39.17,False,False,False,False,True,False,,lower,modest_dip,negative,-65.75,ES,-0.008062545809919386,0.005747126436781436,0.014289997002098431,-0.02333413519364924,-0.03800587622026341,0.0017271157167531026,5082.75,5039.5,True,negative,positive,positive,,2024-04-25,medium,2024
22.42,False,False,False,False,True,False,,upper,modest_dip,positive,28.25,ES,0.008768472906403924,0.0006352308819936869,0.014565992865635868,-0.023834493278672708,-0.034694069953803974,0.01577380952380958,5129.5,5111.0,True,positive,positive,positive,,2024-04-26,medium,2024
-4.83,False,False,False,False,True,False,,middle,modest_dip,positive,17.75,ES,0.0023928117980271946,0.011182266009852171,0.0030295626679697207,-0.006726023420110083,-0.032521091577508376,0.025632057559707988,5147.25,5147.25,False,positive,positive,positive,,2024-04-29,medium,2024
-51.58,False,True,False,False,True,True,,upper,modest_dip,negative,-16.25,ES,0.002533248891703588,0.004932122277566231,0.013743842364531966,0.008230855911028234,-0.02736553549484788,0.01956995640110959,5065.0,5131.0,False,positive,positive,positive,,2024-04-30,medium,2024
-5.58,False,False,False,False,True,False,,lower,modest_dip,negative,-7.0,ES,-0.01691044268428976,-0.01442003215277432,-0.012061724777810201,-0.009546656222461425,-0.038176286013121286,-0.011434155875885699,5046.0,5058.0,False,negative,negative,negative,,2024-05-01,strong,2024
-0.33,False,True,False,False,True,False,,lower,modest_dip,positive,37.25,ES,0.0017794473827295043,-0.015161086544535629,-0.012666244458517939,9.869232667192307e-05,-0.040161022969452675,-0.001625615763546806,5091.75,5083.25,True,positive,negative,negative,,2024-05-02,medium,2024
2.92,False,True,False,False,True,False,,upper,modest_dip,positive,61.5,ES,0.007894606996595499,0.009688102417082733,-0.0073861703678506085,0.013244047619047628,-0.01807431620439337,-0.0024904775857015338,5154.25,5153.25,True,positive,positive,negative,,2024-05-03,medium,2024
23.67,False,True,False,False,True,True,,upper,modest_dip,positive,24.25,ES,0.010721104420619687,0.01870035032318551,0.020513073995353626,0.03157789547316869,-0.017932740332017305,0.005797242656014223,5207.0,5178.5,True,positive,positive,positive,,2024-05-06,medium,2024
0.67,False,True,False,False,True,True,,upper,near_high,positive,9.25,ES,0.008524653685944017,0.019337151808880293,0.02738441801944047,0.03160919540229856,-0.009466723752438178,0.011808153943340338,5212.25,5216.25,False,positive,positive,positive,,2024-05-07,medium,2024
22.17,False,True,False,False,True,True,,middle,near_high,negative,-20.0,ES,0.0016328882912304277,0.010171461784365121,0.02100161550888524,0.019105790373808995,-0.00912200684150477,0.03089318372794203,5211.75,5192.25,True,positive,positive,positive,,2024-05-08,medium,2024
25.42,False,True,True,True,True,True,25.42,upper,near_high,negative,-0.5,ES,-0.0007192174913693838,0.0009124963980404743,0.009444928799767549,0.02665024630541879,0.002694250661534614,0.02832190260028611,5239.25,5211.25,True,negative,positive,positive,weak,2024-05-09,medium,2024
-6.08,False,True,False,False,True,True,,upper,near_high,positive,16.25,ES,0.006381651552228806,0.005657844265439138,0.007299971184324239,0.024221115343295407,-0.0001906759462291241,0.02677828364419632,5245.25,5255.5,False,positive,positive,positive,,2024-05-10,medium,2024
-17.83,False,True,True,True,True,True,-17.83,lower,near_high,positive,16.75,ES,-0.00038142462095924756,0.005997792812245217,0.0052742616033754075,0.021386466604959686,0.014516597309590873,0.015499370338080132,5245.75,5262.0,False,negative,positive,positive,weak,2024-05-13,medium,2024
26.42,False,True,True,True,True,True,26.42,middle,near_high,positive,1.0,ES,0.0005246589716683125,0.00014303423285966232,0.006525598579722791,0.019340103989503588,0.02773014550977404,0.007444049562962185,5268.5,5246.75,True,positive,positive,positive,medium,2024-05-14,medium,2024
38.42,False,True,True,True,True,True,38.42,upper,near_high,positive,25.0,ES,0.005196167230776538,0.005723552418200661,0.00533994469342991,0.042261875339824506,0.03231175952217802,0.011028001534330256,5333.5,5293.5,True,positive,positive,positive,medium,2024-05-15,medium,2024
0.16999999999999998,False,True,True,True,True,True,0.16999999999999998,upper,near_high,negative,-1.25,ES,0.012567580385089538,0.01782905086523323,0.01836306400839427,0.05348596240193393,0.05358993338267992,0.024470994673959856,5320.0,5332.25,False,positive,positive,positive,strong,2024-05-16,medium,2024
3.17,False,True,True,True,True,True,3.17,lower,near_high,positive,0.75,ES,-0.003325371176994052,0.009200417338518285,0.01444439147637877,0.041758456944240185,0.055555555555555136,0.01458949175169244,5327.75,5320.75,True,negative,positive,positive,strong,2024-05-17,medium,2024
1.42,False,True,True,True,True,True,1.42,upper,near_high,flat,0.25,ES,0.0014567669172931286,-0.0018734485504192655,0.010670587119415487,0.032209628983822514,0.06480463675427184,0.016455213202327235,5333.25,5328.0,True,positive,negative,positive,strong,2024-05-20,medium,2024
20.42,False,True,True,True,True,True,20.42,lower,near_high,negative,-8.75,ES,0.0007038618553798504,0.002161654135338198,-0.0011709053440120964,0.0242051676111803,0.05657946888624621,0.016637269390284315,5346.0,5324.5,True,positive,positive,negative,strong,2024-05-21,medium,2024
-19.08,False,True,True,True,True,True,-19.08,upper,near_high,negative,-8.0,ES,0.0028134671293256197,0.0035193092768992518,0.0049812030075184754,0.025412351361717933,0.04500366479354967,0.014227449492554056,5329.25,5338.0,False,positive,positive,positive,strong,2024-05-22,medium,2024
-71.83,False,True,True,True,True,True,-71.83,upper,near_high,positive,28.25,ES,-0.0010287103712709467,0.0017818625152394851,0.0024869785556753676,0.02509476512643305,0.05241379310344829,0.0006088707788860503,5286.25,5357.5,False,negative,positive,positive,strong,2024-05-23,weak,2024
13.67,False,True,True,False,True,True,13.67,lower,near_high,positive,18.25,ES,-0.00997004306309679,-0.010988497147666698,-0.008205945793866798,0.008439019738723852,0.03286453755249519,-0.006062030075188352,5321.75,5304.5,True,negative,negative,negative,medium,2024-05-24,medium,2024
-11.83,False,True,True,False,True,True,-11.83,middle,near_high,positive,6.75,ES,0.0009867030023962275,0.00723370053425354,-0.002808462834675396,0.01558850169232917,0.03523008892560342,-0.0010316046140863566,5325.5,5328.5,False,positive,positive,negative,medium,2024-05-28,medium,2024
1.42,False,True,True,False,True,True,1.42,middle,near_high,negative,-43.5,ES,-0.0013612467142321005,-0.00037588685805578503,0.005862606968937367,0.008963293180308973,0.05160397409915385,-0.005190311418685312,5287.5,5282.0,True,negative,negative,positive,strong,2024-05-29,weak,2024
-18.83,False,False,True,False,True,False,-18.83,lower,near_high,negative,-17.75,ES,-0.009776733254994174,-0.011124671423206944,-0.010148945167504642,-0.013301484707976652,0.03947303498297683,-0.01390189103164241,5251.5,5269.75,False,negative,negative,negative,strong,2024-05-30,weak,2024
22.67,False,False,True,False,True,False,22.67,lower,modest_dip,positive,6.25,ES,-0.004509422319267098,-0.014242068155111642,-0.015583927900863714,-0.014473684210527082,0.026680374014783625,-0.008462956834192514,5296.75,5257.75,True,negative,negative,negative,medium,2024-05-31,weak,2024
-25.58,False,False,True,False,True,True,-25.58,upper,near_high,positive,15.5,ES,0.010728590501621227,0.006170788436891783,-0.0036662749706227737,-0.005349350100887107,0.0266879783008811,-0.004040783724099106,5299.5,5312.25,False,positive,positive,negative,medium,2024-06-03,weak,2024
17.67,False,False,True,False,True,True,17.67,upper,near_high,negative,-14.25,ES,-0.00047176487238764775,0.010251764257104723,0.005696112403284603,-0.006517865516271537,0.01752953606762042,-0.0054919263987983635,5304.0,5285.25,True,negative,positive,positive,weak,2024-06-04,weak,2024
35.92,False,False,True,False,True,True,35.92,upper,near_high,positive,23.5,ES,0.002784726483220812,0.002311647874699174,0.013065039099751985,-0.0065463387262698625,0.018699654775603314,-0.0013631022326675568,5366.5,5327.5,True,positive,positive,positive,medium,2024-06-05,weak,2024
-6.83,False,True,True,True,True,True,-6.83,upper,near_high,positive,2.75,ES,0.01096677021557002,0.013782036154245558,0.013303769401330268,0.005382887099793621,0.03061273451369817,0.0195566525846107,5365.25,5369.25,False,positive,positive,positive,medium,2024-06-06,weak,2024
4.42,False,True,True,True,True,True,4.42,upper,near_high,negative,-12.75,ES,-0.0010242562502910113,0.009931281182340213,0.012743663567281738,0.014467401068506858,0.023028511490416292,0.023126072859050106,5356.0,5352.5,True,negative,positive,positive,medium,2024-06-07,weak,2024
20.92,False,True,True,True,True,True,20.92,middle,near_high,negative,-8.75,ES,-0.002004008016032066,-0.003026211648587074,0.007907370799209223,0.006155147300662245,0.021367929027949373,0.010237297730810724,5372.75,5347.25,True,negative,negative,positive,medium,2024-06-10,weak,2024
22.92,False,True,True,True,True,True,22.92,upper,near_high,negative,-17.25,ES,0.002381619501260923,0.0003728387006571854,-0.0006517994320033305,0.0075572662410814395,0.023263574390998798,0.013121253598905147,5384.0,5355.5,True,positive,positive,negative,medium,2024-06-11,weak,2024
0.42,False,True,True,True,True,True,0.42,upper,near_high,positive,46.0,ES,0.003447472629862558,0.005837302699168934,0.0038215966817356506,0.012408930669800311,0.02148344873375696,0.01379083121528768,5426.75,5430.0,False,positive,positive,positive,medium,2024-06-12,weak,2024
-3.83,False,True,True,True,True,True,-3.83,upper,near_high,positive,17.5,ES,0.009517619202377148,0.012997903563941371,0.015410479125805843,0.03213556747519797,0.01840663200786774,0.012337632105777763,5436.5,5444.25,False,positive,positive,positive,medium,2024-06-13,weak,2024
10.67,False,True,True,True,True,True,10.67,upper,near_high,negative,-17.5,ES,0.0003679175864605977,0.009889038488323454,0.013370603307710338,0.03719244707228708,0.022180451127818746,0.013748427086731851,5437.25,5419.0,True,positive,positive,positive,medium,2024-06-14,weak,2024
50.17,False,True,True,True,True,True,50.17,upper,near_high,negative,-7.5,ES,-0.0004137550570062487,-4.598969830760247e-05,0.009471191791633693,0.025758362032363147,0.020271221434939646,0.015363780704212626,5479.75,5429.75,True,negative,negative,positive,medium,2024-06-17,weak,2024
11.67,False,True,True,True,True,True,11.67,upper,near_high,negative,-0.5,ES,0.00906038725106928,0.008642883413019442,0.00901398086828542,0.03554066172653081,0.0287911469567661,0.022129047286280068,5492.75,5479.25,True,positive,positive,positive,medium,2024-06-18,weak,2024
-18.83,False,True,True,True,True,True,-18.83,middle,near_high,positive,77.5,ES,0.01228277681739609,0.014220601640838604,0.023409833049717,0.03598864006704239,0.041565249953191996,0.023362766740250063,5545.25,5570.25,False,positive,positive,positive,strong,2024-06-20,weak,2024
3.67,False,True,True,True,True,True,3.67,middle,near_high,negative,-11.0,ES,-0.0028761459644076615,0.009371303794013297,0.01130355515041015,0.03406813627254546,0.04902841473216313,0.020044133872747505,5530.25,5534.25,False,negative,positive,positive,strong,2024-06-21,weak,2024
-7.83,False,True,True,True,True,True,-7.83,middle,near_high,positive,0.75,ES,-0.0018929150892373903,-0.004763616753550193,0.007460649622418325,0.03418324460633282,0.04054879481276119,0.01853470082325348,5514.5,5531.0,False,negative,negative,positive,strong,2024-06-24,weak,2024
4.92,False,True,True,True,True,True,4.92,lower,near_high,positive,12.75,ES,-0.0031156868057437004,-0.005002704164413174,-0.007864461621427288,0.028511530398322993,0.0362842658655651,0.006244302643573452,5535.25,5527.25,True,negative,negative,negative,strong,2024-06-25,weak,2024
18.42,False,True,True,True,True,True,18.42,upper,near_high,negative,-12.25,ES,0.0026724645558726667,-0.0004515488124265943,-0.002343609158103388,0.0277171642137517,0.04047003525264414,0.00700573196251475,5541.5,5523.0,True,positive,negative,negative,strong,2024-06-26,weak,2024
-3.08,False,True,True,False,True,True,-3.08,lower,near_high,negative,-2.75,ES,-0.0015811348030357886,0.0010871042261177966,-0.0020319696559197853,0.016418322295805865,0.04908150187497018,-0.006785906884774429,5548.0,5538.75,True,negative,positive,negative,strong,2024-06-27,weak,2024
-26.08,False,True,True,True,True,True,-26.08,upper,near_high,positive,4.75,ES,0.005339124926473815,0.003749548247198975,0.006432033337862908,0.021469290180213374,0.059460232691207926,0.0013971516134847484,5523.25,5552.75,False,positive,positive,positive,strong,2024-06-28,weak,2024
-2.08,False,True,True,False,True,True,-2.08,lower,near_high,positive,13.75,ES,-0.0040505873351636135,0.0012669109995022687,-0.00031622696060729094,0.017752839994481073,0.043968486106524374,-0.0007676329811252547,5533.75,5537.0,False,negative,positive,negative,strong,2024-07-01,weak,2024
46.42,False,True,True,True,True,True,46.42,middle,near_high,negative,-17.75,ES,-0.0006326539834605738,-0.004680678698411267,0.0006334554997511344,0.007976298997265374,0.04380044366828795,0.001721248358019567,5569.5,5516.0,True,negative,negative,positive,strong,2024-07-02,weak,2024
31.67,False,True,True,True,True,True,31.67,lower,near_high,positive,22.75,ES,-0.0004471671958145018,0.00471952535059339,0.010761926294370339,0.007436452136289962,0.041757934473598546,0.006030874476799175,5622.0,5592.25,True,negative,positive,positive,strong,2024-07-05,weak,2024
-3.83,False,True,True,True,True,True,-3.83,upper,near_high,positive,7.0,ES,0.004786829508343304,0.004337521799400612,0.009528946422150186,0.01417863271019626,0.048846548986644756,0.014957747751819017,5627.5,5629.0,False,positive,positive,positive,strong,2024-07-08,weak,2024
-4.58,False,True,True,True,True,True,-4.58,upper,near_high,positive,8.5,ES,0.004185218165627891,0.008992081599785262,0.008540893440057262,0.021606196494089014,0.05073375262054536,0.01985078001356544,5631.75,5636.0,False,positive,positive,positive,strong,2024-07-09,weak,2024
43.42,False,True,True,True,True,True,43.42,lower,near_high,positive,11.5,ES,-0.0008424226301321225,0.0033392698130010334,0.008142083836621516,0.0180249367546077,0.046241701100329546,0.01290003595828848,5686.25,5643.25,True,negative,positive,positive,strong,2024-07-10,weak,2024
-46.58,False,True,True,True,True,True,-46.58,upper,near_high,flat,0.25,ES,0.008830707787885528,0.007980845969672856,0.01219946571683006,0.02864123795303386,0.04552980132450335,0.016589902964718517,5636.0,5686.5,False,positive,positive,positive,strong,2024-07-11,weak,2024
27.67,False,True,True,True,True,True,27.67,lower,near_high,positive,10.0,ES,-0.008137591272983191,0.0006212558242733035,-0.00022169016582418433,0.014852153562266546,0.03664030893710968,0.0087683979779003,5670.25,5646.0,True,negative,positive,negative,strong,2024-07-12,weak,2024
-13.08,False,True,True,True,True,True,-13.08,middle,near_high,positive,20.25,ES,0.005366091622688307,-0.002815166710653738,0.005990681162635791,0.0244475575037284,0.042634411074828904,0.009349955476402716,5685.5,5690.5,False,positive,negative,positive,strong,2024-07-15,weak,2024
20.17,False,True,True,True,True,True,20.17,middle,near_high,positive,12.75,ES,0.0043670048522275184,0.009756530223069548,0.0015395442948884508,0.02957268822066439,0.037784867821330836,0.009532677130442258,5717.75,5698.25,True,positive,positive,positive,strong,2024-07-16,weak,2024
-15.58,False,True,True,True,True,True,-15.58,upper,near_high,negative,-62.5,ES,0.003601387851903892,0.007984119982355375,0.013393055124395481,0.02710355987055002,0.03953234464561883,0.014022631462169644,5637.25,5655.25,False,positive,positive,positive,strong,2024-07-17,weak,2024
-65.58,False,True,True,False,True,True,-65.58,lower,near_high,positive,14.5,ES,-0.011159249048181663,-0.007598049980236277,-0.00326422584913999,0.010418995662478281,0.015459284558691389,-0.006070203219847081,5593.25,5651.75,False,negative,negative,negative,weak,2024-07-18,weak,2024
-39.08,False,True,True,False,True,True,-39.08,middle,modest_dip,negative,-6.0,ES,-0.008364312267657992,-0.01943022187212806,-0.01589880978523428,0.0024157831163602594,0.009870200108166749,-0.0062973967803451325,5553.75,5587.25,False,negative,negative,negative,weak,2024-07-19,weak,2024
15.67,False,False,True,False,True,False,15.67,lower,modest_dip,positive,39.75,ES,-0.00874726647922519,-0.01703841387856253,-0.028007527022887224,-0.011086375779162938,0.002935067280773307,-0.020247022496691747,5609.5,5593.5,True,negative,negative,negative,weak,2024-07-22,weak,2024
-12.58,False,False,True,False,True,True,-12.58,upper,modest_dip,negative,-2.0,ES,0.009499797397685805,0.0006694336591244188,-0.007700477960700947,-0.005852620377760354,0.015627123250441466,-0.015240019324520127,5598.75,5607.5,False,positive,positive,negative,weak,2024-07-23,weak,2024
-85.58,False,False,True,False,True,False,-85.58,lower,modest_dip,negative,-50.25,ES,-0.00544108464900539,0.0040070235468911974,-0.004775293435087202,-0.010428222764588768,0.007408745934224692,-0.024112730296266927,5471.75,5548.5,False,negative,positive,negative,weak,2024-07-24,weak,2024
-22.83,False,False,False,False,True,False,,lower,modest_dip,flat,0.0,ES,-0.016233183856502187,-0.021585942378021472,-0.01229120705956499,-0.03501363596375473,-0.007375231889960032,-0.02912019826517942,5441.25,5471.75,False,negative,negative,negative,,2024-07-25,medium,2024
7.17,False,False,False,False,True,False,,lower,modest_dip,positive,37.25,ES,-0.006016956878475699,-0.022152466367712953,-0.02747301757202736,-0.032950463435185595,-0.018587695215806388,-0.026821975275583387,5499.25,5478.5,True,negative,negative,negative,,2024-07-26,medium,2024
-7.58,False,False,False,False,True,False,,middle,modest_dip,positive,15.0,ES,0.008759057140236726,0.00268939739265206,-0.01358744394618816,-0.02968681076312285,-0.005965023272628156,-0.009634865607131449,5503.0,5514.25,False,positive,positive,negative,,2024-07-29,medium,2024
-34.33,False,False,False,False,True,False,,lower,modest_dip,positive,13.25,ES,-0.0019093512751738873,0.00683298174814273,0.000774911113136989,-0.03575036233475304,-0.007234908433190079,-0.020827758451520628,5472.75,5516.25,False,negative,positive,positive,,2024-07-30,medium,2024
17.92,False,False,False,False,True,False,,middle,modest_dip,positive,70.5,ES,-0.0015030744705079035,-0.00340955584852487,0.005319636797211702,-0.040654675944159724,-0.014653002517080127,-0.016950672645739795,5556.5,5543.25,True,negative,negative,positive,,2024-07-31,medium,2024
-109.83,False,False,False,False,True,True,,upper,modest_dip,positive,21.5,ES,0.01952376607973716,0.01799134593486662,0.016047642860389955,-0.010886882634094208,-0.0005813173545586858,0.01878019874190895,5480.75,5578.0,False,positive,positive,positive,,2024-08-01,medium,2024
-38.83,False,False,False,False,True,False,,lower,modest_dip,negative,-76.25,ES,-0.022639821029082796,-0.0035580695192045653,-0.005055795946253827,-0.025126076672468245,-0.022770992707913718,0.0017426396404658373,5376.25,5404.5,False,negative,negative,negative,,2024-08-02,strong,2024
41.17,False,False,False,False,True,False,,lower,deep_dip,negative,-216.75,ES,-0.01886101446621502,-0.04107382550335581,-0.022351975184746076,-0.0350727117194185,-0.045770258236865646,-0.02568532072555363,5218.75,5159.5,True,negative,negative,negative,,2024-08-05,strong,2024
40.92,False,False,False,False,True,False,,upper,deep_dip,positive,16.5,ES,-0.015724150802538306,-0.034288591832997706,-0.056152125279642195,-0.05918294532155921,-0.06468919038751497,-0.039171031655659494,5264.75,5235.25,True,negative,negative,negative,,2024-08-06,strong,2024
-96.33,False,False,False,False,False,False,,lower,deep_dip,positive,63.0,ES,-0.005735956387769581,-0.02136991414706979,-0.03982787035341517,-0.05946188340807168,-0.069270024406479,-0.04324422954110041,5228.75,5327.75,False,negative,negative,negative,,2024-08-07,strong,2024
59.92,False,False,False,False,False,False,,lower,deep_dip,positive,52.0,ES,-0.007866882807285203,-0.013557715098364453,-0.02906868234415827,-0.05146321451362945,-0.08467493621887934,-0.06894854586129762,5348.25,5280.75,True,negative,negative,negative,,2024-08-08,strong,2024
24.67,False,False,False,False,True,False,,upper,deep_dip,negative,-10.75,ES,0.029890912585900375,0.02178888147229907,0.01592794501066619,-0.01719710171512434,-0.04958091267905451,-0.018906793627540663,5368.5,5337.5,True,positive,positive,positive,,2024-08-09,strong,2024
-19.33,False,False,False,False,True,False,,upper,deep_dip,positive,12.5,ES,0.0013531799729364913,0.031284540343121,0.02317154572327662,-0.02441241987543763,-0.05337450374944841,0.0013064576334453903,5371.75,5381.0,False,positive,positive,positive,,2024-08-12,strong,2024
47.17,False,False,False,False,True,False,,middle,deep_dip,positive,31.75,ES,0.0013979496738116826,0.002753021324249927,0.03272622422990068,-0.021179685720792762,-0.05617286661689114,0.018724816307182035,5458.75,5403.5,True,positive,positive,positive,,2024-08-13,strong,2024
12.92,False,False,False,False,True,True,,upper,modest_dip,positive,7.5,ES,0.015867845509539347,0.017287977632805207,0.018664551350846992,-0.0041510811057384744,-0.04463699619272654,0.04086011252026345,5475.25,5466.25,True,positive,positive,positive,,2024-08-14,strong,2024
27.42,False,False,False,False,True,True,,upper,modest_dip,positive,57.25,ES,0.0031148367001052613,0.019032107957189348,0.020456663560111776,-0.02017897091722598,-0.030846167463267737,0.05238118121966462,5568.5,5532.5,True,positive,positive,positive,,2024-08-15,strong,2024
24.67,False,True,False,False,True,True,,upper,near_high,negative,-19.0,ES,0.018220010046120727,0.021391599102194014,0.03759888320148885,0.020783739241897026,-0.004864551256303806,0.040455415052960575,5578.25,5549.5,True,positive,positive,positive,,2024-08-16,strong,2024
42.17,False,True,True,True,True,True,42.17,upper,near_high,positive,4.0,ES,0.0010314826441832903,0.019270286314443386,0.02244514680958254,0.04148002986188848,0.004952501013011146,0.04012115563839669,5631.0,5582.25,True,positive,positive,positive,weak,2024-08-19,strong,2024
-6.33,False,True,True,True,True,True,-6.33,upper,near_high,negative,-5.0,ES,0.008646566014067547,0.00968696744102604,0.028083474131238795,0.06726712491111653,0.004103113014004123,0.047650069799906936,5621.0,5626.0,False,positive,positive,positive,weak,2024-08-20,strong,2024
9.42,False,True,True,True,True,True,9.42,middle,near_high,positive,10.25,ES,-0.0015545882561961433,0.007078535907889538,0.008117319939007883,0.07175550681796516,0.00802690582959631,0.029682561495121718,5640.25,5631.25,True,negative,positive,positive,weak,2024-08-21,strong,2024
-71.33,False,True,True,True,True,True,-71.33,upper,near_high,positive,18.5,ES,0.004537568397170677,0.0029759260904325124,0.011648223645894129,0.08515546157912435,0.029309873279241172,0.031142974565048664,5595.25,5658.75,False,positive,positive,positive,medium,2024-08-22,strong,2024
28.92,False,True,True,True,True,True,28.92,lower,near_high,positive,30.75,ES,-0.007218457995660121,-0.0027136438453668754,-0.004264013502709552,0.04605478045821476,0.028065669999082443,0.005381648578347553,5651.25,5626.0,True,negative,negative,negative,medium,2024-08-23,strong,2024
-28.33,False,True,True,True,True,True,-28.33,upper,near_high,positive,9.75,ES,0.008252297261129415,0.0009742704043220751,0.005516259620089725,0.05326188257222686,0.02754921125608001,0.012633842569777398,5637.25,5661.0,False,positive,positive,positive,medium,2024-08-26,strong,2024
17.17,False,True,True,True,True,True,17.17,lower,near_high,negative,-14.0,ES,-0.0033181436092554195,0.004906771344455274,-0.0023471059740490796,0.04830153559795236,0.026098838533363145,0.0006218353024782797,5643.75,5623.25,True,negative,positive,negative,medium,2024-08-27,strong,2024
-22.83,False,True,True,True,True,True,-22.83,middle,near_high,negative,-3.75,ES,0.0006658380681818787,-0.0026545148874043134,0.005575876527790236,0.03261417250698573,0.02832770732597356,0.00284710173940117,5611.5,5640.0,False,positive,negative,positive,medium,2024-08-28,strong,2024
-27.58,False,True,False,False,True,True,,lower,near_high,positive,19.0,ES,-0.011311715388368948,-0.01065340909090906,-0.013936203158872784,0.0177633681903282,-0.0027740492170024167,-0.012975510384836908,5610.25,5630.5,False,negative,negative,negative,,2024-08-29,strong,2024
24.92,False,True,True,True,True,True,24.92,middle,near_high,positive,21.0,ES,0.00771715721464461,-0.0036818524597437285,-0.0030184659090909394,0.00726522558076903,0.028199963376670745,0.0018734945133374037,5658.25,5631.25,True,positive,negative,negative,medium,2024-08-30,strong,2024
-96.08,False,True,True,True,True,True,-96.08,middle,near_high,negative,-32.0,ES,-0.00039777247414474193,0.006990204808548617,0.014761306532663276,0.004574931153948691,0.07214979853045733,0.003950639204545636,5543.25,5626.25,False,negative,positive,positive,strong,2024-09-03,strong,2024
7.92,False,False,True,False,True,False,7.92,lower,modest_dip,negative,-20.5,ES,-0.021488261042578616,-0.02187748607796336,-0.014648263579697174,-0.015481115707994264,0.0551635358062359,-0.01827618329414904,5528.0,5522.75,True,negative,negative,negative,strong,2024-09-04,strong,2024
-22.58,False,False,True,False,True,False,-22.58,lower,modest_dip,flat,0.25,ES,-0.001717048484026984,-0.023168413140558064,-0.02355696985768585,-0.02161108896860231,0.06170407035417336,-0.008749102656138041,5515.0,5528.25,False,negative,negative,negative,strong,2024-09-05,strong,2024
-97.33,False,False,True,False,True,False,-97.33,lower,modest_dip,positive,0.5,ES,-0.00239894989363143,-0.00411187926438028,-0.025511783171950353,-0.01686145062003752,0.02841677943166432,-0.018699910952804877,5420.5,5515.5,False,negative,negative,negative,medium,2024-09-06,medium,2024
9.42,False,False,True,False,False,False,9.42,lower,modest_dip,positive,41.5,ES,-0.01928312159709622,-0.02163581224822342,-0.023315710993628835,-0.043711011812591405,0.007222739981360471,-0.044683107928931265,5479.5,5462.0,True,negative,negative,negative,weak,2024-09-09,strong,2024
3.92,False,False,True,False,True,False,3.92,upper,modest_dip,positive,18.75,ES,0.015359703909322286,-0.004219600725952843,-0.006608428008871514,-0.02579012784090895,0.021265704979059663,-0.029623734359110476,5502.0,5498.25,True,positive,negative,negative,medium,2024-09-10,strong,2024
52.92,False,False,True,False,True,False,52.92,upper,modest_dip,negative,-1.5,ES,0.0019137011892285116,0.01730279898218834,-0.002313974591651613,-0.024575256177084004,0.0072374146855389565,-0.006416339071890098,5556.75,5500.5,True,positive,positive,negative,weak,2024-09-11,strong,2024
32.92,False,False,True,True,False,True,32.92,upper,near_high,positive,6.0,ES,0.010823593614989413,0.012758007928190596,0.028313671061762857,-0.0027368987796123623,0.01497785286999398,0.006065269542389062,5603.5,5562.75,True,positive,positive,positive,weak,2024-09-12,strong,2024
24.17,False,False,True,True,True,True,24.17,upper,near_high,positive,4.25,ES,0.008773113780537134,0.01969166401382516,0.021643049163894812,-0.0016918967052537148,0.005561036864292435,0.017332123411978317,5630.0,5607.75,True,positive,positive,positive,weak,2024-09-13,strong,2024
11.17,False,False,True,True,True,True,11.17,middle,near_high,negative,-2.25,ES,0.0037909196325038863,0.012597291582309822,0.02355723316203573,-0.00525943604702539,0.008332959992831901,0.041267638214203206,5639.0,5627.75,True,positive,positive,positive,weak,2024-09-16,strong,2024
-25.08,False,False,True,True,True,True,-25.08,upper,near_high,positive,21.75,ES,0.0014662105122851266,0.005262688431005413,0.014081972375939333,-0.003404518724852923,0.001154836990317154,0.02701963821934683,5640.75,5660.75,False,positive,positive,positive,weak,2024-09-17,medium,2024
-23.58,False,True,True,True,True,True,-23.58,middle,near_high,positive,66.5,ES,0.0016415261756876909,0.00311014351090777,0.006912853447507139,0.020152726944105748,0.004359624538458062,0.026740643048797308,5680.75,5707.25,False,positive,positive,positive,weak,2024-09-18,medium,2024
-1.58,False,True,True,True,True,True,-1.58,middle,near_high,positive,97.5,ES,0.002190772466371671,0.003835894852407984,0.0053077295940495706,0.02414615805790432,0.0020132443192626415,0.017971884193695997,5778.0,5778.25,False,positive,positive,positive,weak,2024-09-19,medium,2024
4.42,False,True,True,True,True,True,4.42,upper,near_high,negative,-17.5,ES,0.009093691251694125,0.011304385926477645,0.012964468547563834,0.03594460621878803,0.01847707739593596,0.018295384937208725,5763.0,5760.5,True,positive,positive,positive,medium,2024-09-20,medium,2024
0.92,False,True,True,True,True,True,0.92,middle,near_high,positive,11.5,ES,-0.0020796325982409547,0.006995147116687805,0.009201244358760796,0.05411688613868848,0.008040370476828151,0.012340005060103243,5776.25,5774.5,True,negative,positive,positive,weak,2024-09-23,medium,2024
0.42,False,True,True,True,True,True,0.42,upper,near_high,positive,8.0,ES,0.0025181261668041355,0.0004332567913001295,0.009530887946487043,0.04078513396166894,0.013943152301879813,0.013403342282907849,5793.0,5784.25,True,positive,positive,positive,weak,2024-09-24,medium,2024
-13.58,False,True,True,True,True,True,-13.58,upper,near_high,negative,-2.5,ES,0.0033346325408167843,0.005861155733078549,0.003769334084311682,0.04226119345197987,0.01664735761946412,0.015116330017964419,5779.5,5790.5,False,positive,positive,positive,weak,2024-09-25,medium,2024
-22.33,False,True,True,True,True,True,-22.33,upper,near_high,positive,44.25,ES,-0.000517955801104919,0.002814949547442769,0.00534016411236049,0.030566910785171375,0.02774635346473442,0.012372666462641346,5803.0,5823.75,False,negative,positive,positive,medium,2024-09-26,medium,2024
-16.58,False,True,True,True,True,True,-16.58,middle,near_high,positive,8.5,ES,0.0027638624978407744,0.0022444751381216488,0.005586592178770999,0.024427834073133203,0.022694607995894733,0.006022269399072799,5791.0,5811.5,False,positive,positive,positive,medium,2024-09-27,medium,2024
30.42,False,True,True,True,True,True,30.42,lower,near_high,negative,-10.75,ES,-0.0033161068044789133,-0.0005614095698738275,-0.0010790745856352757,0.017174694443015337,0.011824929188939848,0.004775756523249353,5816.0,5780.25,True,negative,negative,negative,weak,2024-09-30,medium,2024
-49.33,False,True,True,True,True,True,-49.33,upper,near_high,negative,-7.5,ES,0.003888864883550003,0.0005598621877691556,0.003325272067714602,0.01963534932479316,0.016163981685495044,0.006149582088259331,5760.5,5808.5,False,positive,positive,positive,weak,2024-10-01,medium,2024
12.42,False,True,True,False,True,True,12.42,lower,near_high,negative,-10.75,ES,-0.009899711617096352,-0.0060493453744113745,-0.009345391903531453,0.007886780878937794,0.028198447964564943,-0.007121892265193441,5760.75,5749.75,True,negative,negative,negative,medium,2024-10-02,medium,2024
-0.58,False,True,True,False,True,True,-0.58,upper,near_high,negative,-16.25,ES,0.0032169716993435404,-0.006714587009856721,-0.0028518342479368908,0.008918812573776691,0.0332803256897769,-0.0034116427707722163,5749.0,5744.5,True,positive,negative,negative,medium,2024-10-03,medium,2024
4.67,False,False,True,False,True,True,4.67,middle,near_high,positive,44.5,ES,-0.00346665511114963,-0.0002608355431900078,-0.010157964963629418,-0.003639357046921643,0.03217443391592534,-0.00960378983634802,5799.75,5793.5,True,negative,negative,negative,medium,2024-10-04,medium,2024
-31.33,False,True,True,True,True,True,-31.33,upper,near_high,negative,-18.0,ES,0.0080445275470713,0.004549984833383869,0.007781593705168843,0.006468979290582766,0.060935946444973466,0.0016851747828714458,5747.0,5781.75,False,positive,positive,positive,strong,2024-10-07,weak,2024
31.17,False,False,True,False,False,True,31.17,lower,near_high,positive,25.5,ES,-0.008843067897506662,-0.0008696786537374379,-0.0043333188889370655,-0.00493698843705348,0.03564678978984337,-0.011018809452072675,5800.75,5772.5,True,negative,negative,negative,strong,2024-10-08,weak,2024
44.92,False,True,True,True,True,True,44.92,upper,near_high,negative,-1.25,ES,0.008921965443704494,-1.1102230246251565e-16,0.0080445275470713,0.0006042817679556833,0.0428910128886304,0.007781593705168843,5839.75,5799.5,True,positive,negative,positive,strong,2024-10-09,weak,2024
4.92,False,True,True,True,True,True,4.92,upper,near_high,negative,-14.25,ES,0.00746268656716409,0.016451233842537993,0.007462686567163868,0.008593884954223308,0.03942348425408837,0.012046626511244884,5828.75,5825.5,True,positive,positive,positive,strong,2024-10-10,weak,2024
38.67,False,True,True,True,True,True,38.67,upper,near_high,negative,-4.5,ES,-0.0005566259901520487,0.0069019066517124195,0.01588545066805902,0.005254091300602726,0.029810271444232317,0.015001956776970582,5859.5,5824.25,True,negative,positive,positive,medium,2024-10-11,weak,2024
33.42,False,True,True,True,True,True,33.42,upper,near_high,positive,17.0,ES,0.003041727358409796,0.002483408263755038,0.009964627728410003,0.011666594650650008,0.02904165929198088,0.00996462772840978,5909.25,5876.5,True,positive,positive,positive,medium,2024-10-14,weak,2024
-46.58,False,True,True,True,True,True,-46.58,upper,near_high,positive,1.75,ES,0.010165292786058933,0.013237940193642439,0.012673945621922256,0.017991649808461574,0.03798027146217309,0.02933368150759419,5863.0,5911.0,False,positive,positive,positive,strong,2024-10-15,weak,2024
24.42,False,True,True,True,True,True,24.42,lower,near_high,negative,-1.25,ES,-0.008414020548814016,0.0016657412548584105,0.004712535344015167,0.019519193148719527,0.027559917626954977,0.011646967474764791,5886.0,5861.75,True,negative,positive,positive,medium,2024-10-16,weak,2024
-34.83,False,True,True,True,True,True,-34.83,middle,near_high,positive,37.0,ES,0.0027289783387345334,-0.005708003889898894,0.004399265365395477,0.019023269922433528,0.02811174747518841,0.006893598801113177,5886.25,5923.0,False,positive,negative,positive,medium,2024-10-17,weak,2024
4.42,False,True,True,True,True,True,4.42,middle,near_high,positive,15.25,ES,0.0021687361796223215,0.0049036329524134725,-0.003551646864826008,0.02478584163151676,0.02105628005719007,0.009639276840030853,5906.25,5901.5,True,positive,positive,negative,medium,2024-10-18,weak,2024
-9.08,False,True,True,True,True,True,-9.08,upper,near_high,negative,-7.75,ES,0.0026732295158484742,0.004847763225038326,0.007589971004605234,0.019325338624794908,0.02591933313072481,0.009268355187289412,5897.0,5898.5,False,positive,positive,positive,medium,2024-10-21,weak,2024
29.92,False,True,True,False,True,True,29.92,middle,near_high,negative,-27.75,ES,-0.0019889970376639754,0.0006789154325965718,0.002849124000680492,0.026374200287243577,0.021307002728335078,-0.002875142700097255,5892.5,5869.25,True,negative,positive,positive,medium,2024-10-22,weak,2024
-35.83,False,True,True,True,True,True,-35.83,upper,near_high,negative,-22.25,ES,-0.0009752788025272352,-0.0029623360135421217,-0.0002970255017608059,0.016305754464670752,0.016919889502762242,0.004605150946614511,5837.25,5870.25,False,negative,negative,negative,weak,2024-10-23,weak,2024
-4.58,False,True,True,False,True,True,-4.58,middle,near_high,positive,19.75,ES,-0.008022071307300482,-0.008989526353729294,-0.010960643250105817,0.0006850781417255813,0.009284850578683557,-0.006166014628338101,5849.0,5857.0,False,negative,negative,negative,weak,2024-10-24,weak,2024
-25.33,False,True,True,False,True,True,-25.33,middle,near_high,positive,21.0,ES,0.001326430191262773,-0.006706281833616212,-0.007675020141627242,0.0025704738240086566,0.007838070628768179,-0.007001315398650454,5845.5,5870.0,False,positive,negative,negative,weak,2024-10-25,weak,2024
-15.08,False,False,True,False,True,True,-15.08,lower,near_high,positive,34.25,ES,-0.0015383300572601177,-0.00021394035342947593,-0.008234295415959214,-0.0020074317686751275,0.009635742989240192,-0.011172238679644453,5862.75,5879.75,False,negative,negative,negative,weak,2024-10-28,weak,2024
19.67,False,False,True,False,True,True,19.67,lower,near_high,negative,-10.75,ES,0.0033809809124367707,0.0018374497906159526,0.0031663172307558884,-0.008709991120882887,0.009124951577496931,-0.005851672815163522,5871.75,5852.0,True,positive,positive,positive,weak,2024-10-29,weak,2024
-13.58,False,True,True,False,True,True,-13.58,upper,near_high,negative,-5.5,ES,0.0039240776284921175,0.007318325772489809,0.005768737714724859,0.003624424356131861,0.023214363343911026,-0.0009762308998303437,5853.0,5866.25,False,positive,positive,positive,medium,2024-10-30,weak,2024
-58.83,False,False,True,False,True,False,-58.83,lower,near_high,negative,-45.75,ES,-0.008922122615456551,-0.005033056088718402,-0.0016690918428488022,-0.008037081136247903,0.010833297222342608,-0.001882675110179699,5735.5,5807.25,False,negative,negative,negative,weak,2024-10-31,weak,2024
-1.83,False,False,False,False,True,False,,lower,modest_dip,positive,25.25,ES,-0.015304153984653013,-0.024089731061732622,-0.020260183407976307,-0.02533203207875434,-0.0011740661825458965,-0.01845996068712119,5756.75,5760.75,False,negative,negative,negative,,2024-11-01,medium,2024
-16.08,False,False,False,False,True,False,,middle,modest_dip,positive,1.0,ES,0.002916848062690436,-0.012431945813863865,-0.021243149084420376,-0.025095217943292725,-0.006254852903115005,-0.014080287597364016,5744.25,5757.75,False,positive,negative,negative,,2024-11-04,medium,2024
51.67,False,False,False,False,True,False,,middle,modest_dip,positive,8.75,ES,-0.0028215479446108693,8.70700914235023e-05,-0.01521841642731614,-0.025908493406267552,-0.00021760891326172427,-0.020174877372574285,5813.0,5753.0,True,negative,positive,negative,,2024-11-05,medium,2024
17.42,False,False,True,False,True,True,17.42,upper,near_high,positive,126.0,ES,0.012711126588890842,0.00985371359117937,0.012799303439268606,-0.012563667232597941,0.0035372271590023985,-0.011598759400093583,5957.5,5939.0,True,positive,positive,positive,weak,2024-11-06,medium,2024
22.92,False,True,True,True,True,True,22.92,upper,near_high,positive,19.5,ES,0.024200481430536547,0.037219223402403134,0.03429265963450101,0.01951136023276656,0.020209805180903206,0.021434389334247683,6002.5,5977.0,True,positive,positive,positive,medium,2024-11-07,medium,2024
18.42,False,True,True,True,True,True,18.42,upper,near_high,positive,2.25,ES,0.008477777311453494,0.032883425034388125,0.04601253700156738,0.026792581830612283,0.029431925284894023,0.04610361340879421,6027.0,6004.75,True,positive,positive,positive,medium,2024-11-08,medium,2024
-16.33,False,True,True,True,True,True,-16.33,middle,near_high,positive,15.0,ES,0.002705064713471206,0.011205774961178472,0.03567744154057784,0.031156381066506755,0.029086404988681425,0.045882710422364026,6032.25,6042.0,False,positive,positive,positive,medium,2024-11-11,medium,2024
-18.08,False,True,True,True,True,True,-18.08,middle,near_high,negative,-1.75,ES,0.0007055698514153441,0.0034125431769944647,0.011919251269568276,0.02840690978886773,0.019449494735952033,0.04958209994776275,6012.5,6030.5,False,positive,positive,positive,medium,2024-11-12,medium,2024
-5.33,False,True,True,True,True,True,-5.33,middle,near_high,positive,3.5,ES,-0.003276512794989861,-0.0025732547522204774,0.00012484914062182995,0.021030717593575998,0.024731366194781224,0.03301237964236603,6015.75,6016.0,False,negative,negative,positive,medium,2024-11-13,medium,2024
-40.08,False,True,True,True,True,True,-40.08,middle,near_high,negative,-0.5,ES,0.0020389480692410977,-0.0012442453651859697,-0.0005395534157880411,0.032323059116045716,0.02402619493111091,0.010660175431233876,5976.75,6015.25,False,positive,negative,negative,medium,2024-11-14,medium,2024
-38.08,False,True,True,False,True,True,-38.08,lower,near_high,negative,-40.0,ES,-0.008803621112080107,-0.0067826231691078265,-0.010036912612500504,0.0391380060949067,0.012814528790257462,-0.006658620833159934,5897.0,5936.75,False,negative,negative,negative,weak,2024-11-15,medium,2024
13.42,False,True,False,False,True,False,,lower,modest_dip,positive,3.25,ES,-0.011269847919896048,-0.019974253560898658,-0.01797603195739006,0.024438946043321863,-0.0012695725772327027,-0.02050302979995,5920.25,5900.25,True,negative,negative,negative,,2024-11-18,medium,2024
50.92,False,True,True,False,True,True,50.92,middle,modest_dip,negative,-36.5,ES,0.00283898305084751,-0.008462859776278697,-0.017191977077363862,0.03025422253177834,0.003561887800534347,-0.018414831404752863,5939.0,5883.75,True,positive,negative,negative,weak,2024-11-19,medium,2024
-2.33,False,True,True,False,True,True,-2.33,upper,near_high,flat,-0.25,ES,0.004774580639709258,0.007627118644067732,-0.003728685743013882,0.02218019257221493,0.009337860780984641,-0.010486018641810868,5939.25,5938.75,True,positive,positive,negative,weak,2024-11-20,medium,2024
6.42,False,False,True,False,True,True,6.42,upper,near_high,positive,28.5,ES,-0.000841042893187538,0.00392952211940667,0.006779661016949046,-0.002811936038946916,0.016644559496811873,-0.013330011212159043,5970.0,5967.75,True,negative,positive,positive,weak,2024-11-21,medium,2024
20.42,False,False,True,False,True,True,20.42,upper,near_high,negative,-1.75,ES,0.004082491582491521,0.003238015138772088,0.008028055942873813,-0.007158017395646921,0.019442782668147807,-0.0005027441451255221,5986.0,5968.25,True,positive,positive,positive,medium,2024-11-22,medium,2024
-20.33,False,False,True,True,True,True,-20.33,upper,near_high,positive,40.75,ES,0.0044850567967473776,0.008585858585858697,0.007737594617325483,-0.00539553415788141,0.025592741590344747,0.015423728813559245,6005.5,6026.75,False,positive,positive,positive,medium,2024-11-25,medium,2024
21.17,False,False,True,True,True,True,21.17,lower,near_high,positive,13.0,ES,0.0005007511266901243,0.004988053820681682,0.00909090909090926,-0.005599104143336864,0.022648752399232475,0.013056154138674003,6037.0,6018.5,True,positive,positive,positive,medium,2024-11-26,medium,2024
-19.33,False,True,True,True,True,True,-19.33,upper,near_high,negative,-4.0,ES,0.007757757757757666,0.008262393590385608,0.012784507691662839,0.005409454061251706,0.026553936355525165,0.016063919259882375,6015.75,6033.0,False,positive,positive,positive,medium,2024-11-27,medium,2024
5.92,False,True,True,True,True,True,5.92,upper,near_high,positive,39.5,ES,0.003607114722832705,0.005232558139534937,0.0018210413045278706,0.025677966101694816,0.05074445457307841,0.01009848105491562,6062.0,6055.25,True,positive,positive,positive,strong,2024-12-02,medium,2024
6.17,False,True,True,True,True,True,6.17,upper,near_high,negative,-3.5,ES,0.001982979426588427,0.005597246983705784,0.007225913621262459,0.024802467570879116,0.0558070694758841,0.011594928261594806,6062.75,6058.5,True,positive,positive,positive,strong,2024-12-03,medium,2024
18.42,False,True,True,True,True,True,18.42,upper,near_high,positive,17.25,ES,0.0009482971880927504,0.0029331570684953956,0.00655085202537431,0.020899915895711052,0.04354367262723535,0.004759539773197874,6099.0,6080.0,True,positive,positive,positive,strong,2024-12-04,medium,2024
-9.83,False,True,True,True,True,True,-9.83,upper,near_high,flat,-0.25,ES,0.004077933846850845,0.005030098128143701,0.007023052135834096,0.02592592592592613,0.023041087841524588,0.012292358803986492,6088.75,6098.75,False,positive,positive,positive,medium,2024-12-05,weak,2024
2.92,False,True,True,True,True,True,2.92,lower,near_high,positive,5.75,ES,-0.0015999343616671657,0.002471475058697603,0.0034221159396388146,0.020119880957370828,0.012817845103832992,0.009038517351465769,6098.5,6094.5,True,negative,positive,positive,weak,2024-12-06,weak,2024
-35.58,False,True,True,True,True,True,-35.58,middle,near_high,negative,-2.5,ES,0.002054484940625434,0.0004512635379061436,0.004531037607612198,0.017651477215823608,0.012160703909687376,0.007477484921093902,6065.75,6096.0,False,positive,positive,positive,weak,2024-12-09,weak,2024
-30.83,False,True,True,False,True,True,-30.83,lower,near_high,positive,6.0,ES,-0.005699758067822969,-0.003656983194313068,-0.005251066622907752,0.011344678011344866,0.005682053834349832,-0.0002473818751546064,6047.5,6071.75,False,negative,negative,negative,weak,2024-12-10,weak,2024
17.67,False,True,True,False,True,True,17.67,lower,near_high,positive,28.0,ES,-0.001773342131309752,-0.00746299257801275,-0.0054238402432508215,0.0017796540021521867,0.00719873501997359,-0.0029657700704368573,6092.25,6075.5,True,negative,negative,negative,weak,2024-12-11,weak,2024
-19.08,False,True,True,False,True,True,-19.08,upper,near_high,negative,-10.0,ES,0.005866556496591624,0.004082810953480731,-0.0016402181490137169,0.0110880398671096,0.011046052904780002,-0.0011896947817524595,6059.75,6082.25,False,positive,positive,negative,weak,2024-12-12,weak,2024
-22.83,False,True,True,False,True,True,-22.83,lower,near_high,positive,17.5,ES,-0.0035322627017702057,0.0023135715761206654,0.0005361266908612272,0.0058874746050834315,0.016422975407432094,-0.0031228171097502644,6055.75,6077.25,False,negative,positive,positive,weak,2024-12-13,weak,2024
2.92,False,False,True,False,True,True,2.92,lower,near_high,positive,16.75,ES,-0.002308231317752818,-0.00583234074013228,0.0,-4.1312071387134e-05,0.025635593220339148,-0.00746299257801275,6080.0,6072.5,True,negative,negative,positive,medium,2024-12-16,weak,2024
4.42,False,True,True,True,True,True,4.42,middle,near_high,negative,-27.25,ES,0.003676926254906121,0.0013602077408185753,-0.0021768595720210726,0.0016492125010307834,0.026492584611484515,0.0018970636753548042,6054.0,6052.75,True,positive,positive,negative,medium,2024-12-17,weak,2024
-143.58,False,False,True,False,True,True,-143.58,lower,near_high,positive,70.0,ES,-0.003910430558985767,-0.000247882668869992,-0.0025555418160834176,-0.0032129175763065954,0.01761984861227983,-0.000247882668869992,5939.25,6124.0,False,negative,negative,negative,weak,2024-12-18,weak,2024
-52.83,False,False,False,False,True,False,,lower,modest_dip,positive,49.5,ES,-0.029842825066340062,-0.033636557330219974,-0.030083310216086012,-0.03688736969889883,-0.011917782987388659,-0.03574019484044699,5934.25,5988.75,False,negative,negative,negative,,2024-12-19,medium,2024
91.17,False,False,False,False,True,False,,lower,modest_dip,negative,-27.0,ES,-0.0011361723615552766,-0.030945090834864186,-0.03473451276499884,-0.036439998895215875,-0.017053286377703758,-0.03342155117731671,6002.25,5907.25,True,negative,negative,negative,,2024-12-20,medium,2024
39.17,False,False,False,False,True,False,,upper,modest_dip,negative,-3.5,ES,0.010489952394995061,0.009341861639454496,-0.02077975096958562,-0.028328584643990684,-0.011177148794566771,-0.02102248269832696,6036.75,5998.75,True,positive,positive,negative,,2024-12-23,medium,2024
20.67,False,False,True,True,True,True,20.67,lower,near_high,positive,42.5,ES,-0.00020495163141498463,0.010230284956925129,0.016884849495538923,-0.010298733056444354,0.000675114047954839,0.026384447062783867,6094.75,6079.25,True,negative,positive,positive,weak,2024-12-26,medium,2024
-29.33,False,False,False,False,True,True,,upper,near_high,negative,-42.25,ES,-0.0004509860194333859,-0.000655845220527973,0.009774685222001311,-0.0072383796479328355,-0.0013935208192084048,0.02708851160635306,6028.5,6052.5,False,negative,negative,positive,,2024-12-27,medium,2024
16.42,False,False,False,False,True,False,,middle,near_high,negative,-73.25,ES,-0.010787530762920383,-0.01123365175679547,-0.011436301032956231,-0.015675778172081545,-0.01571644264460159,0.0054615192195446305,5958.0,5955.25,True,negative,negative,negative,,2024-12-30,medium,2024
-43.58,False,False,False,False,True,False,,lower,modest_dip,positive,14.5,ES,-0.012605216237508765,-0.023256767842493753,-0.023697265384773014,-0.03164397154117693,-0.030046946673593866,-0.013709410205433925,5935.0,5972.5,False,negative,negative,negative,,2024-12-31,medium,2024
-56.08,False,False,False,False,True,False,,lower,modest_dip,positive,32.75,ES,0.00016839978108018627,-0.0023516566581279763,-0.014927229754944649,-0.00029456320484799736,-0.03717106724190966,-0.025993194210979453,5917.25,5967.75,False,positive,negative,negative,,2025-01-02,medium,2025
37.92,False,False,False,False,True,False,,lower,modest_dip,positive,27.75,ES,-0.004125099970535007,-0.00395739485538682,-0.006467055809851852,-0.003286009183974481,-0.039606265908156635,-0.02957342083675152,5988.0,5945.0,True,negative,negative,negative,,2025-01-03,medium,2025
-17.33,False,False,False,False,True,False,,upper,modest_dip,positive,44.75,ES,0.011919354156980422,0.007745085658963591,0.007914789710773196,-0.0018760943883933123,-0.030151531933702014,-0.007297756769084174,6022.5,6032.75,False,positive,positive,positive,,2025-01-06,medium,2025
-90.08,False,False,False,False,True,True,,middle,near_high,positive,19.5,ES,0.006766634643498692,0.018766642715245974,0.014564128467399184,-0.0016981444665339351,-0.017991712028706974,0.012178221979590953,5955.0,6042.0,False,positive,positive,positive,,2025-01-07,medium,2025
4.42,False,False,False,False,True,False,,lower,modest_dip,negative,-1.0,ES,-0.011201925071567809,-0.0045110897623322765,0.007354495118137017,-0.023077553697327446,-0.02726710706867408,0.003367995621605502,5959.0,5954.0,True,negative,negative,positive,,2025-01-08,strong,2025
-50.33,False,False,False,False,False,False,,lower,modest_dip,negative,-38.25,ES,-0.0031516577719881145,-0.004657407795913282,-0.01580716093432355,-0.026989335520918756,-0.03403235611190547,0.0026628344393253567,5866.5,5920.75,False,negative,negative,negative,,2025-01-10,strong,2025
54.17,False,False,False,False,False,False,,lower,modest_dip,negative,-49.0,ES,-0.011634769412359858,-0.014749758372904265,-0.016237989342508308,-0.02782269768213297,-0.04306233341720023,-0.020675828077356906,5875.25,5817.5,True,negative,negative,negative,,2025-01-13,strong,2025
-27.33,False,False,False,False,False,False,,upper,modest_dip,positive,27.5,ES,0.005288748613835992,-0.006407554169125751,-0.009539017523217397,-0.010204510141519463,-0.041525570454186256,-0.02211342986350251,5882.0,5902.75,False,positive,negative,negative,,2025-01-14,strong,2025
25.42,False,False,False,False,False,False,,middle,modest_dip,positive,82.75,ES,-0.0010182435299108672,0.004265119849867771,-0.007419273248461367,-0.008714688670904969,-0.03874260053072043,-0.012042126463307157,5988.5,5964.75,True,negative,positive,negative,,2025-01-15,strong,2025
-18.08,False,True,True,True,True,True,-18.08,upper,near_high,positive,13.25,ES,0.01830459526034156,0.017267713194739187,0.022647786402798076,0.009260428505282858,0.008963137518935849,0.007563978652771253,5976.25,6001.75,False,positive,positive,positive,weak,2025-01-16,medium,2025
12.92,False,True,True,True,True,True,12.92,lower,modest_dip,positive,50.5,ES,-0.003294824206531266,0.014949460630255818,0.01391599490878237,0.010101863984107506,0.006782659982305983,0.007419273248461478,6033.0,6026.75,True,negative,positive,positive,weak,2025-01-17,medium,2025
21.42,False,True,True,True,True,True,21.42,upper,near_high,positive,30.75,ES,0.005884790716949917,0.015649845175328636,0.012303457480085322,0.007011575322574126,0.005301524188204398,0.029783623249894253,6086.5,6063.75,True,positive,positive,positive,weak,2025-01-21,medium,2025
6.42,False,True,False,False,True,True,,upper,near_high,positive,29.75,ES,0.004696769940672363,0.010609200165768717,0.02042011883839656,0.023203121721982356,-0.00040990326282985823,0.03567484923129216,6120.25,6116.25,True,positive,positive,positive,,2025-01-22,medium,2025
29.42,False,True,True,True,True,True,29.42,middle,near_high,negative,-6.75,ES,0.003198556548839493,0.007910349373764003,0.0138416908412764,0.028028743118880817,0.0029929072198764395,0.02031113150102204,6153.5,6113.5,True,positive,positive,positive,weak,2025-01-23,medium,2025
-23.58,False,True,True,True,True,True,-23.58,upper,near_high,negative,-1.5,ES,0.005232177894048506,0.00844746985975564,0.013183915622940079,0.03667481662591743,0.008695652173913437,0.02904008703657235,6132.75,6152.0,False,positive,positive,positive,weak,2025-01-24,medium,2025
33.67,False,True,True,True,True,True,33.67,lower,near_high,negative,-134.75,ES,-0.002602472348731344,0.0026160889470243642,0.005823013204297567,0.046148596775569706,0.017041920636895025,0.016493990882718634,6046.75,5998.0,True,negative,positive,positive,weak,2025-01-27,medium,2025
43.92,False,True,True,False,True,True,43.92,upper,near_high,positive,10.75,ES,-0.012964774951076286,-0.015533506831489907,-0.010382603008502134,0.02715316079762453,0.016671565951371425,-0.002554383651944714,6096.0,6057.5,True,negative,negative,negative,weak,2025-01-28,medium,2025
-19.08,False,True,True,False,True,True,-19.08,upper,near_high,negative,-8.75,ES,0.005824039653036017,-0.007216242661448047,-0.009799934938191202,0.03418839717998834,0.025175767271502947,-0.0014352497334534364,6068.25,6087.25,False,positive,negative,negative,medium,2025-01-29,medium,2025
8.92,False,True,True,False,True,True,8.92,middle,near_high,positive,21.25,ES,-0.0031210217239537874,0.002684840974803926,-0.010314742335290172,0.012428577386662365,0.02180409984425702,-0.007725637671680552,6099.25,6089.5,True,negative,positive,negative,medium,2025-01-30,medium,2025
-55.83,False,True,True,False,True,True,-55.83,upper,near_high,positive,23.25,ES,0.006673532440782726,0.0035316824771056687,0.00937629078893032,0.022554188635032668,0.03288389196500319,-0.0063028627195834686,6064.75,6122.5,False,positive,positive,positive,medium,2025-01-31,medium,2025
55.92,False,True,True,False,False,True,55.92,lower,near_high,negative,-92.5,ES,-0.007161271841879091,-0.0005355303810503642,-0.0036548807030512,0.005470368835474915,0.01340796123804422,-0.010844748858447328,6023.0,5972.25,True,negative,negative,negative,weak,2025-02-03,medium,2025
40.42,False,True,True,True,True,True,40.42,upper,near_high,positive,0.5,ES,0.014955385195425386,0.007687013774661855,0.014411845751242547,0.014537226252942403,0.02165073043237009,0.017135380240041798,6062.5,6023.5,True,positive,positive,positive,medium,2025-02-04,medium,2025
27.92,False,True,True,True,True,False,27.92,upper,near_high,negative,-11.5,ES,-0.0024351989433712973,0.012483766913828465,0.0052330954234687255,0.0073354036276269685,0.030708729612860974,0.008783259531982557,6086.0,6051.0,True,negative,positive,positive,medium,2025-02-05,medium,2025
0.92,False,True,True,True,True,True,0.92,upper,near_high,positive,17.75,ES,0.007902685257975106,0.00544824170381375,0.020485107452557383,0.012058930551584357,0.040425670337183695,0.019938606674107184,6107.0,6103.75,True,positive,positive,positive,strong,2025-02-06,medium,2025
-59.58,False,True,True,True,True,True,-59.58,upper,near_high,positive,3.5,ES,0.0016830870279145316,0.009599073192932961,0.00714049859666499,0.008485737029332308,0.04547176650473661,0.014882401482397167,6049.25,6110.5,False,positive,positive,positive,strong,2025-02-07,medium,2025
5.42,False,True,True,True,True,False,5.42,lower,near_high,positive,31.5,ES,-0.008237367321011435,-0.006568144499179085,0.0012826347800900528,0.0027881981326958183,0.04906546633962128,0.013782413807548632,6088.25,6080.75,True,negative,negative,positive,strong,2025-02-10,medium,2025
22.92,False,True,True,True,True,True,22.92,middle,near_high,negative,-23.25,ES,0.00446280991735537,-0.0038113192082291913,-0.002134646962233311,0.020493925329161833,0.04820356097662404,0.00330196466897803,6092.5,6065.0,True,positive,negative,negative,strong,2025-02-11,medium,2025
38.17,False,True,True,True,True,True,38.17,upper,near_high,negative,-61.75,ES,0.0025917393450716197,0.007066115702479392,-0.0012294578091062158,0.017214482107407836,0.05199141483893244,0.008357813728329555,6072.75,6030.75,True,positive,positive,negative,strong,2025-02-12,medium,2025
48.42,False,True,True,False,True,True,48.42,upper,near_high,positive,10.75,ES,-0.001436133109023019,0.0011518841533650903,0.005619834710743898,0.018933741051767816,0.03159763790431103,-0.0009852216748769127,6135.25,6083.5,True,negative,positive,positive,medium,2025-02-13,medium,2025
1.42,False,True,True,True,True,True,1.42,upper,near_high,negative,-0.75,ES,0.0081771860618014,0.006729309425136387,0.009338489386210291,0.020455707568157733,0.043471258090345355,0.005491578214007475,6131.75,6134.5,False,positive,positive,positive,strong,2025-02-14,medium,2025
-7.83,False,True,True,True,True,True,-7.83,middle,near_high,positive,11.5,ES,0.0012226931855232603,0.001263501120847721,0.009451019066403665,0.013950800726432178,0.028690832925944543,0.010613789698864506,6148.0,6143.25,True,positive,positive,positive,medium,2025-02-18,medium,2025
24.42,False,True,True,True,True,True,24.42,upper,near_high,negative,-13.75,ES,0.0013026133680695828,0.002526899250081316,0.002567760342367942,0.017750010343828837,0.025215617461722184,0.009314349021377621,6163.0,6134.25,True,positive,positive,positive,medium,2025-02-19,medium,2025
-13.58,False,True,True,True,True,True,-13.58,upper,near_high,negative,-14.5,ES,0.0009350353687291868,0.002238866726369748,0.00346429735898246,0.010714285714285454,0.022902419093208115,0.011711045364891426,6137.25,6148.5,False,positive,positive,positive,medium,2025-02-20,medium,2025
-99.08,False,True,True,True,True,True,-99.08,middle,near_high,negative,-4.75,ES,-0.002883717152024734,-0.0019513781608261338,-0.0006513066840349024,0.006106307118560528,0.01464386066432155,0.0006113715100874995,6030.25,6132.5,False,negative,negative,negative,weak,2025-02-21,medium,2025
-46.33,False,False,False,False,True,False,,lower,modest_dip,positive,19.75,ES,-0.01755600814663949,-0.020389098736850686,-0.01947312789657696,-0.0033471074380164723,-0.0005682417040293597,-0.01699543527877423,6002.25,6050.0,False,negative,negative,negative,,2025-02-24,medium,2025
-35.08,False,False,True,False,False,False,-35.08,lower,modest_dip,negative,-1.75,ES,-0.005099713918487514,-0.02256619144602856,-0.025384834084724472,-0.012835280566068974,0.00739559948159263,-0.02320280061874136,5970.5,6000.5,False,negative,negative,negative,weak,2025-02-25,medium,2025
-13.08,False,False,False,False,False,False,,upper,modest_dip,positive,16.75,ES,-0.002250375062510468,-0.007338612711969894,-0.024765784114053058,-0.01760288867916804,-0.0006914311839667509,-0.026668834864623236,5972.0,5987.25,False,negative,negative,negative,,2025-02-26,medium,2025
-112.58,False,False,True,False,False,False,-112.58,middle,modest_dip,positive,23.5,ES,-0.0011694929412747745,-0.003417236206034402,-0.008499523197479264,-0.01734056541748874,0.001264853858972792,-0.028715324316640478,5877.5,5995.5,False,negative,negative,negative,weak,2025-02-27,medium,2025
68.67,False,False,False,False,False,False,,lower,modest_dip,positive,2.25,ES,-0.01522120933344484,-0.01637290117784651,-0.018586431071845322,-0.040146729162421235,-0.020512251345827792,-0.04073319755600835,5964.0,5879.75,True,negative,negative,negative,,2025-02-28,medium,2025
-138.33,False,False,False,False,False,False,,upper,modest_dip,positive,20.75,ES,0.011974522292993672,-0.0034289537509408774,-0.004594436555007908,-0.028692533420280553,-0.0016337815759714935,-0.011899332476470903,5862.75,5984.75,False,positive,negative,negative,,2025-03-03,medium,2025
-31.08,False,False,False,False,False,False,,lower,modest_dip,negative,-43.75,ES,-0.014728096676737135,-0.0029299363057324612,-0.018106548465334105,-0.04416673451111286,-0.030832095096582357,-0.0214619103183864,5790.75,5819.0,False,negative,negative,negative,,2025-03-04,medium,2025
67.92,False,False,False,False,False,False,,middle,modest_dip,negative,-2.75,ES,-0.0061752054852859395,-0.020812353138637052,-0.009087048832271738,-0.05130498414505247,-0.03446563780048817,-0.02531116865758909,5850.75,5788.0,True,negative,negative,negative,,2025-03-05,medium,2025
-20.83,False,False,False,False,False,False,,upper,modest_dip,negative,-77.0,ES,0.001928351045594745,-0.004258762403645533,-0.0189241356159785,-0.050363510824093294,-0.040188834154351594,-0.022288199381115703,5747.75,5773.75,False,positive,negative,negative,,2025-03-06,medium,2025
55.67,False,False,False,False,False,False,,middle,deep_dip,negative,-21.5,ES,-0.013771866045079295,-0.011870071991772368,-0.01797197734338396,-0.060733197556008145,-0.054997745994016856,-0.02084925690021222,5775.0,5726.25,True,negative,negative,negative,,2025-03-07,medium,2025
-73.58,False,False,False,False,False,False,,upper,deep_dip,negative,-83.75,ES,0.0012142764213538548,-0.012574312475941984,-0.010670209118957885,-0.0427878436087733,-0.045991735537189715,-0.031260490097348104,5623.5,5691.25,False,positive,negative,negative,,2025-03-10,medium,2025
-15.58,False,False,False,False,False,False,,lower,deep_dip,negative,-14.5,ES,-0.029410490752371454,-0.02823192679647868,-0.04161498652752227,-0.06617769628271397,-0.07816356754977816,-0.045696520591116285,5575.75,5609.0,False,negative,negative,negative,,2025-03-11,strong,2025
-28.08,False,False,False,False,False,False,,middle,deep_dip,positive,59.75,ES,-0.0015173152445555615,-0.03088318101095855,-0.02970640530812274,-0.06549160471138582,-0.0819416519633992,-0.041223860130270906,5602.75,5635.5,False,negative,negative,negative,,2025-03-12,strong,2025
-76.83,False,False,False,False,False,False,,middle,deep_dip,negative,-4.75,ES,0.00482703137570395,0.0033023920028560916,-0.026205223718976045,-0.059881241113991845,-0.07618343195266275,-0.03845002352337357,5528.25,5598.0,False,positive,positive,negative,,2025-03-13,strong,2025
72.17,False,False,False,False,False,False,,middle,deep_dip,positive,43.75,ES,-0.012054087714616135,-0.0072852417985160844,-0.008791503034630499,-0.056857749469214514,-0.09472182596291023,-0.036775228761004475,5637.5,5572.0,True,negative,negative,negative,,2025-03-14,strong,2025
53.42,False,False,False,False,False,False,,upper,deep_dip,flat,-0.25,ES,0.01368691189050475,0.001467840939418208,0.0063019576293914525,-0.05526183282980868,-0.08236876426475404,-0.02477584787975906,5680.5,5637.25,True,positive,positive,positive,,2025-03-17,strong,2025
-38.58,False,False,False,False,False,False,,upper,deep_dip,negative,-23.25,ES,0.009016211414612396,0.02282652739633506,0.010497286718263332,-0.03249435713981519,-0.0752259220060244,0.013834344876829663,5620.5,5657.25,False,positive,positive,positive,,2025-03-18,strong,2025
47.92,False,False,False,False,False,False,,lower,deep_dip,positive,67.25,ES,-0.010256184523285472,-0.0013324450366423157,0.012336229796046982,-0.0364672608844705,-0.08590129278803149,0.004961115580584652,5730.75,5687.75,True,negative,negative,positive,,2025-03-19,strong,2025
23.42,False,False,False,False,False,False,,upper,deep_dip,negative,-38.75,ES,0.01326575583957701,0.0028735152765599903,0.01191563491240899,-0.02556432487691329,-0.07464032654835773,0.013400966108570778,5714.5,5692.0,True,positive,positive,positive,,2025-03-20,strong,2025
43.92,False,False,False,False,False,False,,middle,deep_dip,negative,-50.5,ES,-0.00574137706058897,0.007448215072719311,-0.00288435971872103,-0.017629857499887658,-0.07729233743747077,0.019876327761473744,5714.5,5664.0,True,negative,positive,negative,,2025-03-21,strong,2025
40.67,False,False,False,False,False,False,,upper,modest_dip,positive,68.0,ES,0.00091867535762713,-0.004827976164586301,0.00837373292199195,-0.017919894973318584,-0.059940984918488205,0.007030130346479702,5813.5,5782.5,True,positive,negative,positive,,2025-03-24,strong,2025
-1.08,False,True,False,False,False,True,,upper,modest_dip,positive,12.5,ES,0.0159965034965035,0.01692987444770111,0.011091296594319289,0.02802466269601811,-0.040007641203018474,0.013996682881080025,5826.0,5826.0,False,positive,positive,positive,,2025-03-25,strong,2025
-59.58,False,True,False,False,False,True,,upper,modest_dip,negative,-2.0,ES,0.003656543061171913,0.019711538461538503,0.020648322323811197,0.03335159927768294,-0.034324255190089525,0.02825033054208892,5758.25,5824.0,False,positive,positive,positive,,2025-03-26,strong,2025
5.17,False,True,False,False,False,False,,lower,modest_dip,negative,-15.5,ES,-0.01465860871801461,-0.01105566549083703,0.004763986013986088,0.013312809789480351,-0.0473656188974203,-8.699056152405849e-05,5740.5,5742.75,False,negative,negative,positive,,2025-03-27,strong,2025
-94.83,False,True,False,False,False,False,,lower,modest_dip,negative,-17.0,ES,-0.0019574579146548476,-0.016587373023016605,-0.012991482405575017,0.023668684726333433,-0.03453481288931659,0.003718447876110087,5624.5,5723.5,False,negative,negative,negative,,2025-03-28,strong,2025
94.17,False,False,False,False,False,False,,lower,deep_dip,negative,-61.0,ES,-0.02327405857740583,-0.025185958501892203,-0.039475376109039506,-0.01365624033808499,-0.06816340429724677,-0.020541958041957797,5656.25,5563.5,True,negative,negative,negative,,2025-03-31,strong,2025
36.42,False,False,False,False,False,False,,upper,modest_dip,negative,-17.5,ES,0.005934850513163781,-0.01747733612273361,-0.019400582887467932,-0.016668363495302763,-0.04862109287876537,-0.03024176202357387,5674.75,5638.75,True,positive,negative,negative,,2025-04-01,strong,2025
101.67,False,True,False,False,False,False,,upper,modest_dip,negative,-61.75,ES,0.008339617619660178,0.014323962516733513,-0.009283472803347292,0.0018069634200086337,-0.03472619247090769,-0.025716857400025717,5710.0,5613.0,True,positive,positive,negative,,2025-04-02,strong,2025
-69.58,False,False,False,False,False,False,,lower,modest_dip,negative,-198.0,ES,-0.030047072280146025,-0.021958035753892546,-0.01615350290049089,-0.04101604975860129,-0.06553182701431803,-0.040932619948671145,5436.0,5512.0,False,negative,negative,negative,,2025-04-03,strong,2025
-173.58,False,False,False,False,False,False,,lower,deep_dip,negative,-144.0,ES,-0.016282656023222097,-0.04584048216092562,-0.037883156633988446,-0.0511833413535151,-0.06791084383897206,-0.05469839609483962,5108.5,5292.0,False,negative,negative,negative,,2025-04-04,strong,2025
143.17,False,False,False,False,False,False,,lower,deep_dip,negative,-166.75,ES,-0.06003043017197662,-0.07533563134978238,-0.10311908846949103,-0.10895979020979019,-0.12492713718623438,-0.0902721999107543,5098.75,4941.75,True,negative,negative,negative,,2025-04-07,strong,2025
-263.33,False,False,False,False,False,False,,upper,deep_dip,positive,173.25,ES,0.0476166251208221,-0.015272251540495274,-0.03130623474518335,-0.0812285926035361,-0.05548033381650419,-0.052576847077221434,5017.5,5272.0,False,positive,negative,negative,,2025-04-08,strong,2025
513.17,False,False,False,False,False,False,,lower,deep_dip,negative,-34.75,ES,-0.037197105812654785,0.008648318665106514,-0.05190127379660081,-0.11862700815972194,-0.08923180932169239,-0.09536257654192393,5489.5,4982.75,True,negative,positive,negative,,2025-04-09,strong,2025
-69.83,False,False,True,True,False,False,-69.83,upper,modest_dip,negative,-114.0,ES,0.1125737630503858,0.07118923906181718,0.12219565549168232,-0.004819573339035044,0.008429074387316549,0.03765433728723355,5299.5,5375.5,False,positive,positive,positive,weak,2025-04-10,strong,2025
118.67,False,False,False,False,False,False,,middle,deep_dip,negative,-18.25,ES,-0.04356498481345483,0.06410450395924738,0.02452289612975278,-0.046307781131198045,-0.0237351406768348,0.008876124751062475,5390.0,5281.25,True,negative,positive,positive,,2025-04-11,strong,2025
-44.33,False,False,False,False,False,False,,upper,deep_dip,positive,103.25,ES,0.02298796094416522,-0.02157849403871448,0.08856609673677296,-0.0011367396181418687,-0.014777456366799613,0.09798036322938386,5442.5,5493.25,False,positive,negative,positive,,2025-04-14,strong,2025
-15.33,False,False,False,False,False,False,,lower,deep_dip,positive,6.75,ES,0.004772274475281391,0.027869940278699268,-0.01690919805974911,-0.002291142898879772,-0.01892131679152409,0.05307628805904896,5427.75,5449.25,False,positive,positive,negative,,2025-04-15,strong,2025
-64.33,False,False,False,False,False,False,,lower,deep_dip,negative,-60.5,ES,-0.0065018906206769644,-0.0017606449520457534,0.021186842354725455,-0.016976179532746105,-0.015199891448164693,0.08664951833358536,5305.25,5367.25,False,negative,negative,positive,,2025-04-16,strong,2025
-6.08,False,False,False,False,False,False,,lower,deep_dip,positive,17.5,ES,-0.014574147133905813,-0.02098127824402851,-0.016309132187369846,-0.0012947443245272527,-0.0422576887854893,-0.037535699714402515,5310.75,5322.75,False,negative,negative,negative,,2025-04-17,strong,2025
-78.33,False,True,False,False,False,False,,middle,deep_dip,negative,-53.5,ES,0.003532570298149018,-0.011093061035042928,-0.017522825786221552,0.018822386669169244,-0.03332434732632161,0.009858754384301838,5183.5,5257.25,False,positive,negative,negative,,2025-04-21,strong,2025
67.42,False,True,False,False,False,False,,middle,deep_dip,positive,62.0,ES,-0.022763540786632896,-0.01931138429654744,-0.03360408447435603,0.05921554662461204,-0.05619635712255411,-0.035305564564703795,5314.25,5245.5,True,negative,negative,negative,,2025-04-22,strong,2025
-36.58,False,True,False,False,False,False,,upper,deep_dip,positive,135.75,ES,0.039815570817924195,0.01614568666103433,0.019735292732325327,0.05132812120623487,-0.03406978244386727,-0.0016600571797473762,5398.25,5450.0,False,positive,positive,positive,,2025-04-23,strong,2025
104.17,False,True,False,False,False,False,,lower,deep_dip,positive,13.5,ES,-9.237875288681252e-05,0.0397195139522597,0.016051816389749174,0.09184445453169898,-0.03767778648517994,0.004780691575771545,5510.5,5411.75,True,negative,positive,positive,,2025-04-24,strong,2025
38.67,False,True,False,False,False,True,,upper,modest_dip,flat,0.0,ES,0.02148004434589801,0.02138568129330265,0.0620527352192497,0.00244798041615657,-0.0023833911440267475,0.041543026706231334,5548.25,5510.5,True,positive,positive,positive,,2025-04-25,strong,2025
4.92,False,True,True,True,False,True,4.92,upper,modest_dip,positive,8.75,ES,0.004386559942115564,0.02596082779009623,0.025866050808314167,0.052706417669921235,0.003957919285055178,0.042429362620857836,5551.5,5557.0,False,positive,positive,positive,weak,2025-04-28,strong,2025
57.92,False,True,True,True,False,True,57.92,upper,modest_dip,negative,-20.5,ES,0.000495272399819946,0.004884004884005089,0.026468957871397025,0.029560302089607804,0.028389960104956424,0.06723980596513135,5583.5,5531.0,True,positive,positive,positive,medium,2025-04-29,strong,2025
75.17,False,True,True,True,False,True,75.17,middle,modest_dip,negative,-67.25,ES,0.002925160883848532,0.0034218820351192836,0.007823452267896824,0.027667619662455012,0.025313086293256903,0.02937644341801393,5584.0,5516.25,True,positive,positive,positive,medium,2025-04-30,strong,2025
-1.33,False,True,True,True,False,True,-1.33,upper,modest_dip,positive,61.0,ES,0.011262676119536907,0.014220782143017807,0.01472309770373692,0.04604316546762588,0.028285348891645246,0.04106614929785657,5625.0,5645.0,False,positive,positive,positive,medium,2025-05-01,strong,2025
23.42,False,True,True,True,False,True,23.42,lower,near_high,positive,61.5,ES,-0.003993433021253989,0.0072242663555595055,0.010170559380765942,0.057274739767321226,0.055905839298541427,0.015104237326459602,5706.0,5686.5,True,negative,positive,positive,strong,2025-05-02,strong,2025
7.92,False,True,True,True,False,True,7.92,upper,near_high,negative,-41.75,ES,0.01759700628146299,0.013533300794249303,0.0249483980974603,0.07209236834694432,0.09227170544903585,0.02845565060783417,5674.5,5664.25,True,positive,positive,positive,strong,2025-05-05,strong,2025
20.42,False,True,True,True,False,True,20.42,lower,near_high,negative,-58.0,ES,-0.007705104631818616,0.00975631487503903,0.005723920663797122,0.08861245857547662,0.1530752403723863,0.020026101435578925,5625.5,5616.5,True,negative,positive,positive,strong,2025-05-06,strong,2025
2.42,False,True,True,True,False,True,2.42,upper,near_high,positive,13.0,ES,0.0009264978381717803,-0.006785745556431078,0.010691851917851158,0.047898383371824504,0.10168503860535116,0.01799335905949917,5648.75,5638.5,True,positive,negative,positive,strong,2025-05-07,strong,2025
1.92,False,True,True,True,False,True,1.92,middle,near_high,positive,40.0,ES,-0.0045841230660730314,-0.003661872408011857,-0.01133876192977834,0.04319105691056935,0.13900237050486708,0.0020410879886407773,5686.5,5688.75,False,negative,negative,negative,strong,2025-05-08,strong,2025
-15.83,False,True,True,True,False,True,-15.83,middle,near_high,positive,13.25,ES,0.005977948013992762,0.0013664212985409208,0.002294185123091985,0.027359471803916513,0.029874427671245485,0.012072882790573614,5677.75,5699.75,False,positive,positive,positive,medium,2025-05-09,strong,2025
5.42,False,True,True,False,False,True,5.42,middle,near_high,positive,172.5,ES,0.0007923232678932468,0.006775007749191708,0.002159827213822796,0.023683025664115176,0.07763769077637717,-0.004640574380527007,5864.25,5850.25,True,positive,positive,positive,strong,2025-05-12,strong,2025
38.17,False,True,True,True,False,True,38.17,upper,near_high,positive,5.5,ES,0.01936297972326173,0.020170644730525433,0.026269171810126002,0.04298801615535219,0.07381905698874491,0.022511105046681523,5903.5,5869.75,True,positive,positive,positive,strong,2025-05-13,strong,2025
-2.08,False,True,True,True,False,True,-2.08,upper,near_high,positive,9.75,ES,0.00870790113971065,0.028239491776172798,0.0290541898504737,0.049001753792652814,0.0780251353418362,0.030460311412838337,5909.5,5913.25,False,positive,positive,positive,strong,2025-05-14,strong,2025
38.42,False,True,True,True,False,True,38.42,lower,near_high,negative,-20.5,ES,-0.0018619609834539252,0.006829726384086854,0.026324949960839117,0.03538732139635381,0.08305983115848892,0.03327830945001242,5938.25,5889.0,True,negative,positive,positive,strong,2025-05-15,strong,2025
25.92,False,True,True,True,False,True,25.92,upper,near_high,positive,6.25,ES,0.006656208928647045,0.00478185434387024,0.013531395398471924,0.04645803580518182,0.10639364748334534,0.033974977098288006,5975.25,5944.5,True,positive,positive,positive,strong,2025-05-16,strong,2025
63.92,False,True,True,True,False,True,63.92,middle,near_high,negative,-63.0,ES,0.0021057951482479353,0.008776020689362563,0.006897719097795019,0.0305274638060109,0.10482062931835623,0.03533199895570438,5981.25,5912.25,True,positive,positive,positive,strong,2025-05-19,strong,2025
-7.83,False,True,True,True,True,True,-7.83,upper,near_high,negative,-19.25,ES,0.006514247289232555,0.00863376010781658,0.015347437147581022,0.04529467941960008,0.13792081089883546,0.022281982328083094,5959.25,5962.0,False,positive,positive,positive,strong,2025-05-20,strong,2025
-51.08,False,True,True,True,True,True,-51.08,middle,near_high,negative,-44.75,ES,-0.00538644619817108,0.0010927124485164974,0.003200808625336782,0.03870190080207392,0.08845404265573431,0.00799796876983594,5859.25,5914.5,False,negative,positive,positive,strong,2025-05-21,medium,2025
13.17,False,True,True,False,False,True,13.17,lower,modest_dip,negative,-3.75,ES,-0.0158690176322418,-0.021169986220718973,-0.014793645456837812,0.026926278463865305,0.07128030979995725,-0.006147454106075645,5858.5,5855.5,True,negative,negative,negative,strong,2025-05-22,medium,2025
30.67,False,True,True,False,False,True,30.67,middle,modest_dip,negative,-74.5,ES,-0.00017063390495686281,-0.016036943744752286,-0.02133700780825909,0.02064965941836583,0.048574094996899575,-0.012887466307277662,5817.0,5784.0,True,negative,negative,negative,strong,2025-05-23,medium,2025
41.42,False,False,True,False,False,True,41.42,middle,near_high,positive,69.25,ES,0.002301594067001922,-0.005353154006126903,-0.005522874481511786,-0.004886123856900015,0.037891847527154576,-0.026575941525558422,5936.0,5886.25,True,positive,negative,negative,strong,2025-05-27,medium,2025
-41.58,False,False,True,False,True,True,-41.58,upper,near_high,positive,4.25,ES,0.009950671882973383,0.01227516835734388,0.004544250397792382,-0.003660101526661741,0.045162300872125805,-0.011565569234951223,5901.5,5940.25,False,positive,positive,positive,strong,2025-05-28,medium,2025
-38.83,False,True,True,True,True,True,-38.83,upper,near_high,positive,53.5,ES,0.00913684210526311,0.019178431706072585,0.02152416673770352,0.007318887274865071,0.042965204487478426,0.013549637153495997,5923.25,5955.0,False,positive,positive,positive,strong,2025-05-29,medium,2025
4.92,False,False,True,False,True,True,4.92,lower,near_high,negative,-12.75,ES,-0.014561688989026544,-0.005557894736842095,0.004337472359244865,-0.013912978312582536,0.03189868784799654,-0.0010389008044184855,5914.75,5910.5,True,negative,negative,positive,medium,2025-05-30,medium,2025
41.42,False,False,True,True,True,True,41.42,upper,near_high,negative,-17.25,ES,0.0015666017444322389,-0.013017899611966421,-0.0040000000000000036,-0.014443552649400337,0.015642986125875558,0.008226067683914318,5947.25,5897.5,True,positive,negative,negative,weak,2025-06-02,medium,2025
35.67,False,False,True,True,True,True,35.67,upper,near_high,negative,-3.75,ES,0.0035933206510252447,0.0051655516978577065,-0.009471356448449875,-0.017303659288006257,0.027207256431357907,0.009525429494812165,5981.5,5943.5,True,positive,positive,negative,medium,2025-06-03,medium,2025
-7.58,False,False,True,True,True,True,-7.58,upper,near_high,positive,7.75,ES,0.00817186183656271,0.011794546607482692,0.013379625709204923,-0.003907803539760946,0.03464285783736343,0.007747368421052725,5978.25,5989.25,False,positive,positive,positive,medium,2025-06-04,medium,2025
-50.83,False,True,True,False,True,True,-50.83,lower,near_high,positive,16.75,ES,-0.001587699506977569,0.006571187868576134,0.010188120904671472,0.01054709097592288,0.03775736334838897,-0.0029624066424667195,5947.75,5995.0,False,negative,positive,positive,strong,2025-06-05,medium,2025
10.17,False,True,True,True,True,True,10.17,lower,near_high,positive,55.0,ES,-0.0045195848677602735,-0.006100108632071555,0.0020219039595619215,0.006151521198428878,0.02692820743444746,0.007197899906850713,6006.5,6002.75,True,negative,negative,positive,medium,2025-06-06,medium,2025
0.92,False,True,True,True,True,True,0.92,upper,near_high,positive,6.25,ES,0.01059357659324034,0.006026113157013846,0.004428845993147856,0.024635580939391444,0.03698542237704738,0.01627562883111433,6010.0,6012.75,False,positive,positive,positive,strong,2025-06-09,medium,2025
21.17,False,True,True,True,True,True,21.17,middle,near_high,positive,6.25,ES,0.0005823627287853128,0.011182108626198062,0.0066119852695012415,0.02287804048307529,0.017880131686771827,0.013226621735467736,6045.0,6016.25,True,positive,positive,positive,weak,2025-06-10,medium,2025
-32.83,False,True,True,True,True,True,-32.83,upper,near_high,positive,10.5,ES,0.004656190238629732,0.005241264559068259,0.015890364889860287,0.017515789473684373,0.01379157837922973,0.00969332330575745,6028.5,6055.5,False,positive,positive,positive,weak,2025-06-11,medium,2025
25.67,False,True,True,True,True,True,25.67,lower,near_high,negative,-14.5,ES,-0.0038070015724571693,0.00083146254261246,0.001414309484192966,0.004464471982309037,0.01181603422435451,0.007448945430197584,6050.5,6014.0,True,negative,positive,positive,weak,2025-06-12,medium,2025
-26.08,False,True,True,True,True,True,-26.08,middle,near_high,negative,-54.5,ES,-0.0006646174295921181,-0.004469088802449783,0.00016629250852240318,0.018629858582437153,0.004457683451430938,0.011350260635614395,5980.0,5996.0,False,negative,negative,positive,weak,2025-06-13,medium,2025
20.42,False,True,False,False,True,True,,middle,near_high,positive,34.25,ES,-0.006027101172167315,-0.00668771288527048,-0.010469254324257382,0.010906785034876743,-0.003694300338411005,-0.0052828618968387975,6038.0,6014.25,True,negative,negative,negative,,2025-06-16,medium,2025
-24.33,False,True,False,False,True,True,,lower,near_high,negative,-26.5,ES,0.0035127336595157654,-0.002535539113808327,-0.003198471379912027,0.010825610783488093,-0.006665371185100577,-0.0023696682464455776,5985.0,6011.5,False,positive,negative,negative,,2025-06-17,medium,2025
-8.58,False,False,False,False,True,True,,lower,near_high,positive,60.0,ES,-0.004708921948576861,-0.0012127294776899111,-0.007232521406600689,-0.0020890782986547896,-0.0059887181308451165,-0.011669287428618835,6035.5,6045.0,False,negative,negative,negative,,2025-06-18,medium,2025
-44.08,False,True,True,False,True,True,-44.08,upper,near_high,positive,25.0,ES,-0.002734617775015491,-0.00124486493215481,-0.005947924908929703,0.0027857594568863053,0.008954417313668195,-0.008468382826485432,6016.75,6060.5,False,negative,negative,negative,weak,2025-06-20,medium,2025
49.42,False,False,True,False,True,True,49.42,lower,near_high,positive,8.25,ES,0.0012879637708256286,-0.0014501760928111729,4.149549773857508e-05,-0.0064479584663899026,0.01802877327030905,-0.0011712843027644748,6076.75,6025.0,True,positive,negative,positive,weak,2025-06-23,weak,2025
28.42,False,True,True,True,True,True,28.42,upper,near_high,positive,41.75,ES,0.013858921161825632,0.015164734721010431,0.012388647192873359,0.0067353158217087206,0.029767447132819536,0.009126611108696281,6143.75,6118.5,True,positive,positive,positive,medium,2025-06-24,medium,2025
-14.58,False,True,True,True,True,True,-14.58,upper,near_high,positive,11.25,ES,0.006138986657935774,0.020082987551867326,0.021396817483069652,0.008221180872850953,0.025880970819929683,0.0201253164031705,6147.5,6155.0,False,positive,positive,positive,medium,2025-06-25,medium,2025
29.92,False,True,True,True,True,True,29.92,middle,near_high,positive,18.0,ES,8.135372600071022e-05,0.0062208398133749565,0.020165975103734635,0.01215648475156983,0.016675229019455395,0.018686554795939614,6196.25,6165.5,True,positive,positive,positive,weak,2025-06-26,weak,2025
12.67,False,True,True,True,True,True,12.67,upper,near_high,positive,8.0,ES,0.008134710811030565,0.008216726326065737,0.014406155357289174,0.02106870510875969,0.040091070687888086,0.02978935560264251,6223.25,6204.25,True,positive,positive,positive,strong,2025-06-27,weak,2025
14.92,False,True,True,True,True,True,14.92,upper,near_high,positive,25.0,ES,0.003913499556201128,0.01208004555438058,0.012162382037097297,0.03128028766366442,0.04252824007191758,0.03248962655601684,6251.5,6248.25,True,positive,positive,positive,strong,2025-06-30,weak,2025
16.92,False,True,True,True,True,True,16.92,middle,near_high,negative,-16.25,ES,0.004702005385202712,0.00863390623739213,0.016838851378833564,0.03250246696068637,0.043679936800994135,0.023164442989277445,6249.0,6235.25,True,positive,positive,positive,strong,2025-07-01,weak,2025
27.92,False,True,True,True,True,True,27.92,upper,near_high,negative,-4.0,ES,0.000320000000000098,0.005023510026926026,0.008956669087388125,0.03771940744429281,0.03555153035010772,0.01724698991213791,6275.25,6245.0,True,positive,positive,positive,strong,2025-07-02,weak,2025
-32.33,False,True,True,True,True,True,-32.33,lower,near_high,positive,26.75,ES,-0.005027512766715536,0.0009557945041815952,0.005038387715931014,0.042904564315353166,0.03617995900023874,0.010087208134067271,6275.5,6302.0,False,negative,positive,positive,strong,2025-07-07,weak,2025
-11.08,False,True,True,True,True,True,-11.08,lower,near_high,positive,5.5,ES,-0.0024269913264900467,-0.007442302363326991,-0.0014735165272800055,0.026152083162806372,0.0330635415240117,0.0029200000000002557,6270.5,6281.0,False,negative,negative,negative,medium,2025-07-08,weak,2025
9.92,False,True,True,True,True,True,9.92,lower,near_high,positive,24.75,ES,0.0003589518605671138,-0.0020689106389751855,-0.007086021931040132,0.02025707777416197,0.028644795747349905,0.0029590531030070366,6307.0,6295.25,True,positive,negative,negative,medium,2025-07-09,weak,2025
12.92,False,True,True,True,True,True,12.92,upper,near_high,positive,0.75,ES,0.00526273821864276,0.005623579148885227,0.0031829394445768155,0.025542991946636118,0.038009989690314994,0.004141776184786838,6324.5,6307.75,True,positive,positive,positive,strong,2025-07-10,weak,2025
11.67,False,True,True,True,True,True,11.67,upper,near_high,negative,-34.0,ES,0.004164353137146026,0.00944900725619946,0.009811350855501999,0.02150407488098094,0.04302584300204493,0.0022960294525153913,6299.0,6290.5,True,positive,positive,positive,strong,2025-07-11,weak,2025
14.42,False,True,True,True,True,True,14.42,lower,near_high,negative,-4.75,ES,-0.005647932382795484,-0.0015070992305861175,0.0037477075193363962,0.011775107503114057,0.04342372391674698,0.0016710432084028337,6310.75,6294.25,True,negative,negative,positive,strong,2025-07-14,weak,2025
-45.58,False,True,True,True,True,True,-45.58,upper,near_high,positive,27.25,ES,0.001588814744200917,-0.004068091156838594,7.932101213636855e-05,0.008640000000000203,0.04142328827522679,0.0057033462290114745,6282.25,6338.0,False,positive,negative,positive,strong,2025-07-15,weak,2025
4.42,False,True,True,True,True,True,4.42,lower,near_high,positive,16.25,ES,-0.00499682741116747,-0.0034159517000316164,-0.009044591018602444,0.003278950735764674,0.0411220382588493,0.0003189538314327667,6302.75,6298.5,True,negative,negative,negative,strong,2025-07-16,weak,2025
36.67,False,True,True,False,True,True,36.67,upper,near_high,positive,1.75,ES,0.00326823435631729,-0.0017449238578679527,-0.00015888147441989187,0.0024691358024693244,0.042966645949865656,-0.0016657412548580774,6342.25,6304.5,True,positive,negative,negative,strong,2025-07-17,weak,2025
-17.83,False,True,True,True,True,True,-17.83,upper,near_high,positive,9.75,ES,0.00893850309868105,0.012235950577919485,0.007177982233502522,0.005383793199002174,0.05517470605342978,0.003080690390615981,6334.75,6352.0,False,positive,positive,positive,strong,2025-07-18,weak,2025
-0.33,False,True,True,True,True,True,-0.33,middle,near_high,positive,10.75,ES,-0.002204984840729174,0.006713808994120551,0.010003985651654057,0.00823585581284303,0.051493775933610264,0.006553860819828561,6345.25,6345.5,False,negative,positive,positive,strong,2025-07-21,weak,2025
-0.08,False,True,True,True,True,True,-0.08,lower,near_high,positive,2.75,ES,0.0020520105757468876,-0.00015749891719485376,0.008779596376926824,0.012762732820165157,0.03924858803306974,0.007019352791878264,6345.5,6348.0,False,positive,negative,positive,strong,2025-07-22,weak,2025
18.67,False,True,True,True,True,True,18.67,upper,near_high,positive,27.25,ES,0.0021659512464065056,0.00422240637701754,0.0020081111942356067,0.014592137788055348,0.03514480963228128,0.014268632921482727,6399.0,6372.75,True,positive,positive,positive,medium,2025-07-23,weak,2025
3.67,False,True,True,True,True,True,3.67,upper,near_high,positive,3.25,ES,0.006601697579377452,0.00878194778088437,0.010851979006353263,0.015943523439359675,0.04189376067680772,0.01763864611473065,6401.75,6402.25,False,positive,positive,positive,strong,2025-07-24,weak,2025
18.67,False,True,True,True,True,True,18.67,upper,near_high,positive,3.25,ES,0.0011321049344159562,0.007741276328198543,0.009923994801716907,0.012875705991547859,0.03465666101831699,0.009764932866086484,6425.75,6405.0,True,positive,positive,positive,medium,2025-07-25,weak,2025
-9.83,False,True,True,True,True,True,-9.83,upper,near_high,positive,3.25,ES,0.0026515890037044354,0.0037866958151155927,0.010413392015089507,0.02132983794089638,0.0333561065787884,0.014679767964957957,6423.0,6429.0,False,positive,positive,positive,medium,2025-07-28,weak,2025
-32.83,False,True,True,True,True,True,-32.83,middle,near_high,positive,13.75,ES,0.0,0.0026515890037044354,0.0037866958151155927,0.019709708121827374,0.0285200000000001,0.012601898160910396,6406.0,6436.75,False,positive,positive,positive,medium,2025-07-29,weak,2025
-26.08,False,True,True,True,True,True,-26.08,lower,near_high,positive,6.0,ES,-0.0031890483413059556,-0.0031890483413059556,-0.0005459153831156582,0.021562375448385795,0.024912028150991805,0.0071911348632505145,6397.5,6412.0,False,negative,negative,negative,medium,2025-07-30,weak,2025
-85.58,False,True,True,True,True,True,-85.58,upper,near_high,positive,49.25,ES,0.005423120440092077,0.0022167775055419447,0.0022167775055419447,0.023756554902272464,0.026284348864994422,0.006011867582760733,6371.0,6446.75,False,positive,positive,positive,medium,2025-07-31,weak,2025
-43.83,False,True,True,False,True,True,-43.83,lower,near_high,negative,-60.0,ES,-0.012378734963135463,-0.007022745893644489,-0.010189398358806834,0.002126235382131858,0.007521475792723997,-0.0075648274517450265,6263.5,6311.0,False,negative,negative,negative,weak,2025-08-01,weak,2025
50.67,False,False,False,False,True,False,,lower,modest_dip,positive,39.75,ES,-0.015637892420729993,-0.027823050058207177,-0.022550817369591525,-0.011364981650290207,-0.00322272618763475,-0.025667950064169887,6357.0,6303.25,True,negative,negative,negative,,2025-08-04,weak,2025
-36.33,False,True,True,False,True,True,-36.33,upper,near_high,positive,6.75,ES,0.016085897896459533,0.00019645593493389235,-0.012184710904152074,0.00248099870042906,0.015275395844134954,-0.009994944191654032,6325.25,6363.75,False,positive,positive,negative,weak,2025-08-05,medium,2025
37.17,False,False,True,False,True,False,37.17,lower,modest_dip,positive,9.75,ES,-0.007424575738529282,0.008541891190675832,-0.007229578405563597,-0.007112543225400891,0.007375807351885921,-0.014201552807147633,6371.75,6335.0,True,negative,positive,negative,weak,2025-08-06,medium,2025
-53.08,False,False,True,False,True,True,-53.08,upper,near_high,positive,35.5,ES,0.010092215142280425,0.002592708988057746,0.0187203129365745,-0.0036695815115553865,0.012215435868962121,-0.009623593325572388,6367.5,6407.25,False,positive,positive,positive,weak,2025-08-07,medium,2025
29.67,False,False,True,True,True,True,29.67,middle,near_high,positive,15.5,ES,-0.0005485463521667233,0.009538132742312078,0.0020427404148333217,-0.005342171963345632,0.007464749792646108,0.002239597658245218,6414.0,6383.0,True,negative,positive,positive,weak,2025-08-08,medium,2025
-25.58,False,False,True,True,True,True,-25.58,upper,near_high,positive,2.25,ES,0.0075662537243217365,0.0070135569312750334,0.01717655439901833,-0.0004666900011667252,0.020853193517636148,0.025865165848401483,6400.0,6416.25,False,positive,positive,positive,medium,2025-08-11,medium,2025
42.42,False,False,True,True,True,True,42.42,lower,near_high,positive,23.75,ES,-0.004124353138010184,0.0034106946840206653,0.0028602774077266524,-0.004589118344806131,0.015030139593908753,0.005460402262727815,6467.5,6423.75,True,negative,positive,positive,weak,2025-08-12,medium,2025
-1.58,False,True,True,True,True,True,-1.58,upper,near_high,positive,22.0,ES,0.011330337956632075,0.007159254503715795,0.01477967696408955,0.009909874761031334,0.031685930649661076,0.024458780227173627,6489.0,6489.5,False,positive,positive,positive,medium,2025-08-13,medium,2025
26.67,False,True,True,True,True,True,26.67,middle,near_high,negative,-21.5,ES,0.0024724744060267145,0.013830826333268265,0.009649429983269231,0.0069460613116028025,0.030867630700778692,0.016730663741086005,6488.75,6467.5,True,positive,positive,positive,medium,2025-08-14,medium,2025
-26.58,False,True,True,True,True,True,-26.58,upper,near_high,positive,8.0,ES,0.0005009826968283004,0.002974695769750735,0.01433873803477237,0.020077796550233673,0.02224672205378564,0.017798337776383732,6471.5,6496.75,False,positive,positive,positive,medium,2025-08-15,medium,2025
8.92,False,True,True,True,True,True,8.92,lower,near_high,negative,-7.0,ES,-0.0035821585394036903,-0.0030829704420208826,-0.0006181186015067341,0.032570949586875786,0.020835799692198398,0.006536710633827658,6468.75,6464.5,True,negative,negative,negative,medium,2025-08-18,medium,2025
-44.33,False,True,True,True,True,True,-44.33,middle,near_high,negative,-2.5,ES,0.0006571572151996552,-0.0029273553655342344,-0.0024278392230914214,0.016891891891891442,0.01941479935415269,0.011369408087517074,6432.75,6466.25,False,positive,negative,negative,medium,2025-08-19,medium,2025
-6.83,False,True,True,False,True,True,-6.83,lower,near_high,negative,-4.75,ES,-0.006837672873367895,-0.00618500908423214,-0.009745011940528459,0.017493172913285893,0.010256208739389816,-0.0067993046165735205,6413.75,6428.0,False,negative,negative,negative,weak,2025-08-20,medium,2025
-6.83,False,True,True,False,True,True,-6.83,upper,near_high,negative,-18.5,ES,-0.002489400599012037,-0.009310051765433092,-0.008659012717925019,0.004819371522607696,0.0011321049344157341,-0.011715287679679331,6388.25,6395.25,False,negative,negative,negative,weak,2025-08-21,medium,2025
74.67,False,True,False,False,True,False,,middle,near_high,positive,19.5,ES,-0.0020276857087151434,-0.004512038585709255,-0.011318859615236043,0.0033322879096751024,-0.0020276857087151434,-0.014213080656343968,6483.25,6407.75,True,negative,negative,negative,,2025-08-22,medium,2025
-5.58,False,True,True,True,True,True,-5.58,upper,near_high,negative,-13.25,ES,0.01351932168952441,0.011464223045427824,0.008946283402699429,0.009260340064588979,0.008789328355306658,0.0027059414743513255,6454.5,6470.0,False,positive,positive,positive,weak,2025-08-25,medium,2025
25.92,False,True,True,False,True,True,25.92,lower,near_high,negative,-3.75,ES,-0.0038166467481398625,0.009651076466221209,0.007603821407681677,0.009572182066809543,0.004939135845681175,-0.001777022328672051,6481.0,6450.75,True,negative,positive,positive,weak,2025-08-26,medium,2025
24.42,False,True,True,True,True,True,24.42,upper,near_high,negative,-7.0,ES,0.004063467492260164,0.000231311924129729,0.013753760793967285,0.0023179447556498367,0.01225079005891283,0.009179664708856894,6494.25,6474.0,True,positive,positive,positive,weak,2025-08-27,medium,2025
21.92,False,False,True,True,True,True,21.92,middle,near_high,positive,5.75,ES,-0.001580265947195958,0.002476780185758587,-0.0013493195574231232,-0.0017341708736365868,0.00519984478075286,0.010099434587638845,6517.0,6500.0,True,negative,positive,negative,weak,2025-08-28,medium,2025
-36.33,False,True,True,True,True,True,-36.33,upper,near_high,negative,-18.0,ES,0.0059064237183446,0.004316824050876855,0.008397832817337525,0.0036591942069177374,0.02381045931397563,0.018129957410229602,6475.25,6499.0,False,positive,positive,positive,medium,2025-08-29,medium,2025
25.67,False,False,True,True,True,True,25.67,lower,near_high,negative,-77.0,ES,-0.0006564720420142445,-0.006831177802509969,-0.0009651019147622897,-0.0002704164413198651,0.01661690760527934,0.0015092879256966008,6426.0,6398.25,True,negative,negative,negative,weak,2025-09-02,weak,2025
2.42,False,True,True,False,True,False,2.42,middle,near_high,positive,22.75,ES,-0.005371150353568499,-0.0060240963855421326,-0.0121656368730092,0.0012058034151467556,0.018720069656072758,-0.007901329735980012,6458.5,6448.75,True,negative,negative,negative,medium,2025-09-03,weak,2025
41.92,False,True,True,False,True,True,41.92,upper,near_high,positive,7.25,ES,0.0032245532245531727,-0.002163916689207457,-0.002818968180413939,0.0069409241567555124,0.011793746571584718,-0.003126930203829592,6511.25,6465.75,True,positive,negative,negative,weak,2025-09-04,weak,2025
-50.83,False,True,True,True,True,True,-50.83,upper,near_high,positive,22.25,ES,0.009294040196723863,0.012548562548562403,0.007110011978824549,0.018364396514672476,0.021757879880821118,0.0002302644203091564,6491.0,6533.5,False,positive,positive,positive,medium,2025-09-05,weak,2025
-2.08,False,True,True,True,True,True,-2.08,middle,near_high,positive,13.5,ES,-0.004143805394620781,0.005111722108197991,0.00835275835275806,0.0006168317976789073,0.009882883934477116,0.0022783441458140707,6507.0,6504.5,True,negative,positive,positive,weak,2025-09-08,weak,2025
13.67,False,True,True,True,True,True,13.67,upper,near_high,flat,0.25,ES,0.0031978424195724386,-0.0009592142117177405,0.008325911009565035,0.007662538699690469,0.017308067982027442,0.006143977742571138,6521.0,6507.25,True,positive,negative,positive,weak,2025-09-09,weak,2025
-15.58,False,True,True,True,True,True,-15.58,upper,near_high,positive,32.25,ES,0.003110838005991212,0.006318628395299619,0.002148639834247845,0.006706494507612293,0.009039984547034807,0.01472416472416449,6539.25,6553.25,False,positive,positive,positive,weak,2025-09-10,weak,2025
39.17,False,True,True,True,True,True,39.17,middle,near_high,positive,18.5,ES,0.0024120372142883983,0.00553037867731776,0.008745906376420809,0.010731933292155382,0.00897915141238581,0.013902335127599308,6592.25,6557.75,True,positive,positive,positive,weak,2025-09-11,weak,2025
6.67,False,True,True,True,True,True,6.67,upper,near_high,negative,-2.5,ES,0.007256894049346929,0.009686435162142404,0.012827406098778749,0.01208888206623926,0.015792311840381767,0.011855887656831543,6587.75,6589.75,False,positive,positive,positive,weak,2025-09-12,weak,2025
5.92,False,True,True,True,True,True,5.92,middle,near_high,positive,21.5,ES,-0.0006825420900955503,0.006569398823619288,0.008997281672345814,0.017686129131912587,0.018748308786578294,0.015372760547101016,6621.75,6609.25,True,negative,positive,positive,medium,2025-09-15,weak,2025
-11.58,False,True,True,True,True,True,-11.58,upper,near_high,positive,5.25,ES,0.004819002807922912,0.004133171545578573,0.011420059582919695,0.023262104408980022,0.022985397512168326,0.017013595514248525,6611.5,6627.0,False,positive,positive,positive,medium,2025-09-16,weak,2025
-6.83,False,True,True,True,True,True,-6.83,lower,near_high,positive,57.5,ES,-0.0007552584872172474,0.004060104727935165,0.0033747914454724803,0.02801087801087765,0.029250457038391353,0.01309391630613721,6660.25,6669.0,False,negative,positive,positive,medium,2025-09-17,weak,2025
10.92,False,True,True,True,True,True,10.92,upper,near_high,positive,26.5,ES,0.0016486192813518485,0.0008921156604302372,0.005715417576225734,0.026396008008513716,0.03352014485489763,0.012322363257346813,6692.25,6686.75,True,positive,positive,positive,medium,2025-09-18,weak,2025
21.42,False,True,True,True,True,True,21.42,middle,near_high,positive,14.75,ES,0.002955149066696583,0.004608640263779051,0.0038499010618882057,0.01994970763227011,0.03868046848825335,0.007998984908988982,6721.75,6707.0,True,positive,positive,positive,strong,2025-09-19,weak,2025
47.92,False,True,True,True,True,True,47.92,upper,near_high,negative,-15.75,ES,0.0024988810980157705,0.005461414730856928,0.007119037805837447,0.026753105736092353,0.027386439700075593,0.011208046572826369,6751.75,6706.0,True,positive,positive,positive,medium,2025-09-22,weak,2025
-33.83,False,True,True,True,True,True,-33.83,upper,near_high,negative,-1.5,ES,0.004650470627627579,0.007160972698791568,0.010137283507275718,0.028239841912182317,0.03611876949339754,0.011038442797077108,6715.75,6750.25,False,positive,positive,positive,strong,2025-09-23,weak,2025
-34.33,False,True,True,True,True,True,-34.33,lower,near_high,positive,11.5,ES,-0.004925196267219656,-0.00029763012016803536,0.002200507235566196,0.020002496349140753,0.026843137488657076,0.006819288845591576,6692.0,6727.25,False,negative,negative,positive,medium,2025-09-24,weak,2025
-1.33,False,True,True,True,True,True,-1.33,middle,near_high,negative,-32.0,ES,-0.002865542778460073,-0.007776625685083749,-0.0031623200267866247,0.01463230468399912,0.025521270893933856,0.0022818239628923376,6660.5,6660.0,True,negative,negative,negative,medium,2025-09-25,weak,2025
22.67,False,True,True,False,True,True,22.67,middle,near_high,positive,13.0,ES,-0.005896842576696315,-0.008745487700494992,-0.013627610724337269,0.001382252798591388,0.013487844755898593,-0.0065642249738923075,6696.25,6673.5,True,negative,negative,negative,weak,2025-09-26,weak,2025
-13.33,False,True,True,False,True,True,-13.33,upper,near_high,positive,26.0,ES,0.00581919207088144,-0.00011196536538038426,-0.002977187302296236,0.007897420876245231,0.025723224813583467,-0.0032739313218497212,6714.25,6722.25,False,positive,negative,negative,medium,2025-09-29,weak,2025
33.42,False,True,True,False,True,True,33.42,middle,near_high,negative,-7.5,ES,0.00201560225448838,0.00784652350202708,0.0019034112114650892,0.005085431672623875,0.02846583392413682,-0.005888016590135159,6737.25,6706.75,True,positive,positive,positive,medium,2025-09-30,weak,2025
55.17,False,True,True,True,True,True,55.17,middle,near_high,negative,-30.5,ES,0.0018252933507170166,0.0038445746705981776,0.009686139059918553,0.007681067106297901,0.03590709855088381,0.0008559413494100276,6760.5,6706.75,True,positive,positive,positive,strong,2025-10-01,weak,2025
-15.08,False,True,True,True,True,True,-15.08,upper,near_high,positive,18.5,ES,0.005354354131033023,0.007189420748742847,0.00921951401590082,0.011409119814461466,0.038106283040967526,0.009106516384264962,6766.75,6779.0,False,positive,positive,positive,strong,2025-10-02,weak,2025
-4.08,False,True,True,True,True,True,-4.08,upper,near_high,positive,5.25,ES,0.0014424143797617806,0.006804491708187754,0.00864220525237469,0.009883634193644353,0.03003051743842211,0.016556540021023913,6765.0,6772.0,False,positive,positive,positive,medium,2025-10-03,weak,2025
2.42,False,True,True,True,True,True,2.42,lower,near_high,positive,23.5,ES,-0.0009232928315544564,0.000517789777350286,0.005874916338216796,0.006436251348636679,0.03336154679760295,0.009742077563360763,6788.5,6788.5,False,negative,positive,positive,medium,2025-10-06,weak,2025
-34.08,False,True,True,True,True,True,-34.08,middle,near_high,positive,8.75,ES,0.0022918823007540556,0.0013664733907006177,0.002810858791330473,0.00407347059694807,0.03242834667482253,0.010020487986589499,6762.5,6797.25,False,positive,positive,positive,medium,2025-10-07,weak,2025
28.17,False,True,True,True,True,True,28.17,lower,near_high,positive,10.75,ES,-0.00280298001032675,-0.0005175218098477652,-0.0014403368172248854,0.0062148784935431856,0.02634168792706104,0.005354354131033023,6802.0,6773.25,True,negative,negative,negative,medium,2025-10-08,weak,2025
-25.33,False,True,True,True,True,True,-25.33,upper,near_high,positive,3.5,ES,0.007323026851098424,0.004499520542893043,0.006801715215141169,0.016496230499364994,0.031369913054168475,0.007323026851098202,6781.25,6805.5,False,positive,positive,positive,medium,2025-10-09,weak,2025
-188.33,False,True,True,True,True,True,-188.33,middle,near_high,positive,6.75,ES,-0.002900572771332044,0.00440121310747843,0.0015858965847901363,0.019559993993091718,0.020969283648121007,0.0029545370609742605,6595.0,6788.0,False,negative,positive,positive,medium,2025-10-10,weak,2025
28.92,False,False,False,False,True,False,,lower,modest_dip,positive,75.25,ES,-0.034944949736716135,-0.037744162138346304,-0.030697536800059155,-0.0217610391549401,-0.014035474363605749,-0.031199171965104355,6694.5,6670.25,True,negative,negative,negative,,2025-10-13,medium,2025
48.92,False,False,False,False,True,False,,middle,near_high,negative,-60.5,ES,0.003449180819555364,-0.031616300367532935,-0.03442516775888871,-0.020361477708366382,-0.015379592939382292,-0.030080543965519402,6686.0,6634.0,True,positive,negative,negative,,2025-10-14,medium,2025
-34.08,False,False,False,False,True,False,,upper,near_high,positive,46.0,ES,-0.0003362600410984351,0.003111760956772791,-0.03194192911017035,-0.022475160587673737,-0.01496672669807464,-0.02768129923976992,6715.0,6732.0,False,negative,positive,negative,,2025-10-15,medium,2025
-61.58,False,False,False,False,True,True,,middle,near_high,positive,16.5,ES,0.003886978621617576,0.0035494115449281605,0.007010834926704845,-0.023901917236516135,-0.012765497259600966,-0.03099794530184008,6668.5,6731.5,False,positive,positive,positive,,2025-10-16,medium,2025
51.17,False,False,False,False,True,False,,lower,modest_dip,negative,-14.0,ES,-0.009493670886076,-0.005643593960233284,-0.0059779562861945745,-0.0345612339457384,-0.025019190345694775,-0.03740525579219933,6703.75,6654.5,True,negative,negative,negative,,2025-10-17,medium,2025
45.17,False,False,False,False,True,True,,upper,near_high,positive,29.75,ES,0.008983273820710291,-0.00059568131049903,0.0032889819105992313,-0.024988211758379952,-0.018712790821373115,0.0064109773928691105,6773.25,6733.5,True,positive,negative,positive,,2025-10-20,medium,2025
8.92,False,False,False,False,True,True,,upper,near_high,positive,1.0,ES,0.009983609000149052,0.01905656831422653,0.009381980640357224,-0.017505836278466913,-0.013503675190874032,0.012964692695684565,6772.0,6774.25,False,positive,positive,positive,,2025-10-21,strong,2025
-41.83,False,False,False,False,True,True,,middle,near_high,positive,7.0,ES,-0.001217173207435862,0.008754284011324609,0.017816199962412904,-0.015943410902740762,-0.009827618770730684,0.012072058603677327,6737.0,6779.0,False,negative,positive,positive,,2025-10-22,medium,2025
36.92,False,False,False,False,True,True,,middle,near_high,positive,2.25,ES,-0.006314856530891144,-0.007524343464148764,0.002384145432871243,-0.029266296060384223,-0.013252849126693889,0.0017870439314962017,6774.75,6739.25,True,negative,negative,positive,,2025-10-23,strong,2025
11.42,False,False,True,True,True,True,11.42,upper,near_high,positive,46.0,ES,0.007990188791437536,0.0016248753646737057,0.0004057244024786577,-0.018663512604842003,0.0005314231938089442,0.01947002443149759,6827.25,6820.75,True,positive,positive,positive,weak,2025-10-24,strong,2025
27.17,False,True,True,True,True,True,27.17,upper,near_high,positive,55.75,ES,0.006562695866976442,0.014605321837371843,0.008198234794490222,0.023544408203051814,0.001271018259325185,0.017024288481597205,6907.5,6883.0,True,positive,positive,positive,weak,2025-10-27,strong,2025
1.67,False,True,True,True,True,True,1.67,upper,near_high,positive,18.25,ES,0.01256364235742291,0.019208789588172515,0.027352460234874476,0.032841397347281864,0.011811220258917343,0.019622307465329225,6925.5,6925.75,False,positive,positive,positive,weak,2025-10-28,strong,2025
-23.33,False,True,True,True,True,True,-23.33,middle,near_high,positive,16.5,ES,0.0024236724063086967,0.015017764917035992,0.0216790178077646,0.035692928688891845,0.012415563797091078,0.02333911887440454,6928.0,6942.0,False,positive,positive,positive,weak,2025-10-29,strong,2025
-35.58,False,True,True,True,True,True,-35.58,middle,near_high,negative,-35.0,ES,-0.0007939085561690096,0.0016278396758788727,0.014211933628804907,0.03086373790022301,0.006224118154806613,0.029024825330756787,6853.75,6893.0,False,negative,positive,positive,weak,2025-10-30,strong,2025
-20.08,False,True,True,True,True,True,-20.08,middle,near_high,positive,48.25,ES,-0.0034309653653075145,-0.004222150048717066,-0.001808710750976883,0.03717346363465501,0.0013274689156659303,0.017365335692954176,6872.0,6902.0,False,negative,negative,negative,weak,2025-10-31,strong,2025
-28.58,False,True,False,False,True,True,,middle,near_high,positive,36.25,ES,-0.003805175038051778,-0.007223084979594785,-0.008011259066796561,0.02402771569065698,-0.0015609057154708506,0.006886194644884824,6885.25,6908.25,False,negative,negative,negative,,2025-11-03,strong,2025
-11.08,False,True,False,False,True,True,,middle,near_high,negative,-75.0,ES,0.0005820510022189751,-0.0032253388417773365,-0.006645238181227309,0.014495426379462995,-0.0032641644599894493,-0.005028215887715515,6803.5,6810.25,False,positive,negative,negative,,2025-11-04,strong,2025
36.92,False,True,False,False,True,False,,lower,modest_dip,negative,-5.0,ES,-0.012070532630430786,-0.011495507293826646,-0.015256939914474299,0.003471324642712048,-0.012527431015184276,-0.019414672873588223,6824.25,6798.5,True,negative,negative,negative,,2025-11-05,strong,2025
-60.33,False,True,False,False,True,True,,upper,near_high,negative,-12.0,ES,0.006109005262576739,-0.006035266315215448,-0.005456728145803891,0.016017541251672096,-0.013717528913142929,-0.012640398714291012,6750.0,6812.25,False,positive,negative,negative,,2025-11-06,strong,2025
17.92,False,False,False,False,True,False,,lower,modest_dip,negative,-26.5,ES,-0.010205201360693472,-0.004158539726934918,-0.01617887656789674,-0.0023227519079750403,-0.020942913803304264,-0.019352033050663353,6753.25,6723.5,True,negative,negative,negative,,2025-11-07,strong,2025
47.17,False,False,True,False,True,False,47.17,upper,modest_dip,positive,62.5,ES,0.0,-0.010205201360693472,-0.004158539726934918,-0.008827515475623549,0.014509054099651086,-0.015606242496998823,6857.0,6815.75,True,positive,negative,negative,weak,2025-11-10,medium,2025
33.42,False,False,True,False,True,True,33.42,upper,near_high,negative,-14.5,ES,0.014375461936437572,0.014375461936437572,0.004023556092029867,-0.0070539719288092995,0.025555763123481734,-0.002035993455735241,6872.75,6842.5,True,positive,positive,positive,medium,2025-11-11,medium,2025
-13.83,False,False,True,True,True,True,-13.83,upper,near_high,positive,18.5,ES,0.0013115231884586187,0.015705838876570732,0.015705838876570732,-0.00815560607700938,0.02724622514576125,0.011481985794722815,6876.0,6891.25,False,positive,positive,positive,medium,2025-11-12,medium,2025
-98.58,False,False,True,True,True,True,-98.58,lower,near_high,negative,-28.75,ES,-0.0018919410587593388,-0.0005828991948705342,0.013784183296378538,-0.009245548773881396,0.02133283693224075,0.0034383115695528765,6762.0,6847.25,False,negative,negative,positive,medium,2025-11-13,medium,2025
62.67,False,False,True,True,True,False,62.67,lower,modest_dip,negative,-70.0,ES,-0.013305143440382028,-0.015171911951973871,-0.013880287077853493,-0.019062114952526077,0.01740274384514162,0.00029563932002973914,6758.0,6692.0,True,negative,negative,negative,weak,2025-11-14,medium,2025
-50.58,False,False,True,True,True,False,-50.58,upper,modest_dip,negative,-23.75,ES,-0.00025860795034726713,-0.013560310574855072,-0.015426596325268438,-0.015569864309360026,0.008083743108329822,3.6954915003883926e-05,6693.75,6734.25,False,negative,negative,negative,weak,2025-11-17,medium,2025
-8.33,False,False,False,False,True,False,,lower,modest_dip,negative,-37.0,ES,-0.009423155094046787,-0.009679326141569411,-0.02285568475923161,-0.025413561170696264,-0.011286515196223146,-0.02342526139385781,6637.5,6656.75,False,negative,negative,negative,,2025-11-18,medium,2025
22.42,False,False,False,False,False,False,,middle,modest_dip,positive,5.0,ES,-0.008915914347534137,-0.018255053397878918,-0.018508940446283484,-0.022301549332057524,-0.018907640607112475,-0.03340003638348199,6661.75,6642.5,True,negative,negative,negative,,2025-11-19,medium,2025
-202.08,False,False,True,False,True,False,-202.08,upper,modest_dip,positive,103.25,ES,0.013588286219746282,0.004551219876147039,-0.0049148220686597854,-0.01503346867112898,0.0007432733759475951,-0.018408486129843693,6558.75,6765.0,False,positive,positive,negative,weak,2025-11-20,medium,2025
39.42,False,False,False,False,False,False,,lower,modest_dip,positive,22.75,ES,-0.024658348187759915,-0.011405126660895104,-0.020219353875997936,-0.029416112342941392,-0.031670537919846864,-0.02970297029702973,6622.5,6581.5,True,negative,negative,negative,,2025-11-21,strong,2025
71.17,False,False,False,False,False,False,,upper,modest_dip,positive,35.25,ES,0.009975632043862426,-0.01492869875222802,-0.0015432679640153824,-0.019733924611973097,-0.028387238562690098,-0.019770148922803932,6718.75,6657.75,True,positive,negative,negative,,2025-11-24,strong,2025
70.92,False,False,False,False,True,False,,upper,modest_dip,negative,-2.25,ES,0.013684686722460926,0.023796832165702053,-0.001448306595365323,-0.020401471820467254,-0.027311532339748368,0.0030963217190180803,6780.25,6716.5,True,positive,positive,negative,,2025-11-25,strong,2025
26.42,False,False,False,False,True,True,,upper,modest_dip,positive,24.75,ES,0.009074342668005553,0.022883208927090504,0.033087115443192205,-0.01280698562852478,-0.020858142975713534,0.02130462603982375,6825.25,6805.0,True,positive,positive,positive,,2025-11-26,strong,2025
11.42,False,True,False,False,True,True,,upper,near_high,negative,-11.75,ES,0.0030351788195714935,0.004100010982172275,0.010909224929053218,0.013598906174938197,-0.0021826912583212676,0.034042071929427875,6829.0,6813.5,True,positive,positive,positive,,2025-12-01,strong,2025
-4.58,False,True,False,False,True,True,,middle,near_high,positive,15.25,ES,-0.004703051514820089,-0.0016821472975937501,-0.0006223230955082482,0.018428709990301106,-0.00745319032903069,0.015285060805534156,6839.25,6844.25,False,negative,negative,negative,,2025-12-02,strong,2025
31.42,False,True,True,True,True,True,31.42,middle,near_high,negative,-10.0,ES,0.003040293040293074,-0.001677057129315651,0.0013530315219776323,0.03071479655211351,0.007728259669524951,0.009213872406294898,6862.5,6829.25,True,positive,negative,positive,weak,2025-12-03,strong,2025
-16.33,False,True,True,True,True,True,-16.33,upper,near_high,positive,13.75,ES,0.0025928495782054917,0.005641025641025754,0.0009114440920194866,0.019533571004159533,0.004206445005304094,0.005015192004978575,6867.5,6876.25,False,positive,positive,positive,weak,2025-12-04,strong,2025
-4.08,False,True,True,True,True,True,-4.08,middle,near_high,positive,7.75,ES,3.6424564726411646e-05,0.0026293685863492122,0.0056776556776556575,0.04534724337496221,0.014597191426459988,0.003985957726907019,6876.75,6875.25,True,positive,positive,positive,weak,2025-12-05,strong,2025
-41.83,False,True,True,True,True,True,-41.83,middle,near_high,positive,9.0,ES,0.002294663995629165,0.002331172142492788,0.004930066099404717,0.03739727060242792,0.016925351071692685,0.003244740967589088,6856.5,6885.75,False,positive,positive,positive,weak,2025-12-08,strong,2025
-3.58,False,True,True,True,True,True,-3.58,middle,near_high,negative,-6.0,ES,-0.0015989534123119764,0.0006920415224913601,0.000728491294528899,0.02175610844583331,0.0009107799919851889,0.006373626373626262,6849.25,6850.5,False,negative,positive,positive,weak,2025-12-09,medium,2025
54.67,False,True,False,False,True,True,,lower,near_high,negative,-5.75,ES,-0.003203028317682155,-0.004796860236935818,-0.0025132034237843603,0.009324438875170316,-0.0036019647080225425,0.00010955702443116166,6892.0,6843.5,True,negative,negative,negative,,2025-12-10,medium,2025
34.42,False,True,True,True,True,True,34.42,upper,near_high,negative,-24.0,ES,0.005294676111881946,0.0020746887966804906,0.0004724180536375133,0.007833949555221986,0.0035723398826230657,0.0028046914839365833,6908.0,6868.0,True,positive,positive,positive,weak,2025-12-11,medium,2025
-69.33,False,True,True,True,True,True,-69.33,upper,near_high,negative,-11.75,ES,0.003087428716719298,0.008398451763674819,0.005168522967168965,0.009873473268485089,0.02024530811290126,0.0058641413221636185,6831.25,6896.25,False,positive,positive,positive,medium,2025-12-12,medium,2025
-48.83,False,False,True,False,False,True,-48.83,lower,near_high,positive,39.75,ES,-0.010211471610660494,-0.007155570084631968,-0.0018987803987439156,-0.0034634875496735162,0.010088318983038302,-0.006686532451486427,6820.75,6871.0,False,negative,negative,negative,weak,2025-12-15,medium,2025
5.17,False,False,True,False,False,False,5.17,lower,near_high,negative,-15.5,ES,-0.002341406307163285,-0.012528968713789168,-0.00948022229486778,-0.001098901098901206,0.01730955756174013,-0.007425202009172294,6800.25,6805.25,False,negative,negative,negative,weak,2025-12-16,medium,2025
-84.83,False,False,True,False,False,False,-84.83,middle,near_high,positive,65.25,ES,-0.003997066373303992,-0.006329113924050667,-0.016475955967555134,-0.008107219807910071,0.022358565137200026,-0.008215876725334192,6777.0,6865.5,False,negative,negative,negative,medium,2025-12-17,medium,2025
-3.08,False,False,False,False,False,False,,lower,modest_dip,positive,62.75,ES,-0.00920346225484825,-0.013163741778655424,-0.015474326417792228,-0.019777636712462243,-0.0006303935793201543,-0.022519168875229312,6828.5,6839.75,False,negative,negative,negative,,2025-12-18,medium,2025
40.42,False,False,True,False,False,True,40.42,middle,near_high,positive,18.75,ES,0.007003575509602289,-0.0022643438880975975,-0.0062523595285888245,-0.012948528295196327,0.03181153501581546,-0.01870299262545705,6888.5,6847.25,True,positive,negative,negative,medium,2025-12-19,weak,2025
9.42,False,False,True,True,True,True,9.42,upper,near_high,positive,33.25,ES,0.009334163036714305,0.016403111061963127,0.007048683393594102,-0.006016088027712585,0.031156197302774746,0.0006749575493307791,6929.5,6921.75,True,positive,positive,positive,medium,2025-12-22,weak,2025
41.67,False,True,True,True,True,True,41.67,upper,near_high,negative,-10.25,ES,0.005403641111191737,0.014788242615029867,0.021895388698440765,0.0009555255560445008,0.02273242251949803,0.008443421676815666,6960.25,6919.25,True,positive,positive,positive,medium,2025-12-23,weak,2025
-6.33,False,True,True,True,True,True,-6.33,middle,near_high,positive,23.25,ES,0.0006805157593123834,0.003988788270806509,0.00779136457093399,0.00356737395356177,0.013476069593416184,0.022694827775540993,6980.0,6983.5,False,positive,positive,positive,weak,2025-12-26,weak,2025
1.42,False,True,True,True,True,True,1.42,lower,near_high,negative,-28.75,ES,-0.0011095601131035915,-0.00042979942693410766,0.0028748023573379466,0.012795993156115237,0.009288186843459778,0.012112859940523801,6955.0,6951.25,True,negative,negative,positive,weak,2025-12-29,weak,2025
-2.58,False,True,True,True,False,True,-2.58,lower,near_high,negative,-5.25,ES,-0.003726530027232333,-0.004831955331257465,-0.0041547277936963,0.01138985305710749,0.010278435636164929,0.0029217617141001906,6945.25,6949.75,False,negative,negative,negative,weak,2025-12-30,weak,2025
-47.58,False,True,True,False,True,True,-47.58,lower,near_high,flat,0.0,ES,-0.0012228456337217697,-0.004944818689981423,-0.0060488922295001135,0.014206931814031876,0.005984533287109128,-0.002084231709069906,6891.75,6945.25,False,negative,negative,negative,weak,2025-12-31,weak,2025
-35.08,False,True,False,False,False,True,,upper,near_high,positive,36.0,ES,0.001305530371713548,-0.005725603168887261,-0.006941447273773549,0.01068853179106144,-0.0023983972604659787,-0.011739861841869925,6900.25,6927.75,False,positive,negative,negative,,2026-01-02,weak,2026
6.67,False,True,False,False,True,True,,middle,near_high,positive,34.0,ES,-0.00032595704610483,0.00097914777878505,-0.006049693914295995,0.0010154493363314643,-0.005006747723976468,-0.010964597964741363,6946.0,6934.25,True,negative,positive,negative,,2026-01-05,weak,2026
43.17,False,True,True,False,True,True,43.17,middle,near_high,positive,0.75,ES,0.005977827693645299,0.005649922132483276,0.006962828649138553,0.0015871298200049733,0.0025441719191534595,-0.0013307437778736775,6986.25,6946.75,True,positive,positive,positive,weak,2026-01-06,weak,2026
-24.83,False,True,True,True,True,True,-24.83,upper,near_high,positive,2.75,ES,0.006518529189325495,0.012535323527280484,0.01220528050414682,0.004312203536007031,0.012321780697576834,0.006409794742527897,6963.0,6989.0,False,positive,positive,positive,weak,2026-01-07,weak,2026
9.92,False,False,True,True,True,True,9.92,lower,near_high,negative,-9.25,ES,-0.003220266208673217,0.0032772715813735864,0.009274690239837513,-0.002220630372492871,0.003747318127238941,0.010262919310970009,6960.75,6953.75,True,negative,positive,positive,weak,2026-01-08,weak,2026
38.92,False,False,True,True,True,True,38.92,upper,near_high,positive,9.5,ES,-7.179266278989349e-05,-0.003291827679977044,0.0032052436345302304,-0.0029707577221808057,0.0005860184276607061,0.00887327514396441,7004.75,6970.25,True,negative,negative,positive,weak,2026-01-09,weak,2026
50.42,False,True,True,True,True,True,50.42,upper,near_high,negative,-35.25,ES,0.005743825387708235,0.005671620360399254,0.0024330900243310083,0.0038698581052025727,0.01671536993914713,0.014998913122237445,7016.0,6969.5,True,positive,positive,positive,weak,2026-01-12,weak,2026
-21.08,False,True,True,True,True,True,-21.08,upper,near_high,positive,2.5,ES,0.0002855511136492517,0.006031016657093602,0.005958791011558606,0.007912530571140497,0.019392506188763425,0.00925559116937369,7000.75,7018.5,False,positive,positive,positive,medium,2026-01-13,weak,2026
-12.83,False,True,True,True,True,True,-12.83,middle,near_high,negative,-28.5,ES,-0.001177562089637485,-0.0008923472301543001,0.004846352670878851,0.007958228303925008,0.022278222124830993,0.001538571633032726,6968.0,6972.25,False,negative,negative,positive,medium,2026-01-14,weak,2026
-27.83,False,True,True,False,True,True,-27.83,middle,near_high,positive,41.0,ES,-0.005430316887571007,-0.006601484441907002,-0.006317818389491858,0.009573889392565427,0.02617125585167135,-0.0006820302965037106,6984.75,7009.0,False,negative,negative,negative,medium,2026-01-15,weak,2026
-13.08,False,True,True,True,True,True,-13.08,middle,near_high,positive,11.75,ES,0.004310499658752187,-0.0011432246079096098,-0.0023194404795888746,0.012603672449386094,0.023426918994106538,0.0036975875933373814,6976.5,6996.5,False,positive,negative,negative,medium,2026-01-16,weak,2026
-47.33,False,False,False,False,False,False,,middle,near_high,negative,-104.75,ES,-0.01013937157393141,-0.011838763904288396,-0.007579295233305805,-0.005005942305614575,-0.0034267575659198135,-0.014130745075649265,6833.75,6871.75,False,negative,negative,negative,,2026-01-20,weak,2026
57.17,False,False,False,False,False,False,,lower,modest_dip,positive,19.0,ES,-0.010822354133487755,-0.020851993837555094,-0.022532994742301193,-0.02214827536854147,-0.01793157970389503,-0.023650459076131503,6911.0,6852.75,True,negative,negative,negative,,2026-01-21,weak,2026
-11.58,False,False,False,False,False,False,,upper,near_high,positive,45.0,ES,0.013465549416370903,0.002497466338497123,-0.007667227974633706,-0.005779309354583817,-0.00798710601719177,-0.0051007579295233585,6946.0,6956.0,False,positive,positive,negative,,2026-01-22,weak,2026
9.17,False,False,False,False,False,True,,middle,near_high,negative,-11.0,ES,0.002455139545799234,0.015953748765048292,0.0049587375126682876,-0.0032668006892587753,-0.006227853538064876,-0.0069387317142958205,6945.5,6935.0,True,positive,positive,positive,,2026-01-23,weak,2026
25.17,False,False,False,False,True,False,,lower,near_high,positive,12.25,ES,-0.0010804970286332205,0.001371989746181912,0.014856013758278941,-0.010029982866933351,-0.006198939372223156,-0.006305757586614669,6980.75,6957.75,True,negative,positive,positive,,2026-01-26,weak,2026
14.92,False,False,True,True,True,True,14.92,upper,near_high,positive,13.5,ES,0.00685054984676392,0.005762650819376658,0.00823193847709125,-0.003532686268912122,0.004351891814127207,0.010749963804835616,7008.75,6994.25,True,positive,positive,positive,weak,2026-01-27,weak,2026
-13.58,False,True,True,True,True,True,-13.58,upper,near_high,positive,14.0,ES,0.00451208594449426,0.01139354606093379,0.010300738339636073,0.0021435461398306987,0.01011883327331664,0.026418822496249605,7006.5,7022.75,False,positive,positive,positive,weak,2026-01-28,weak,2026
-27.83,False,True,True,True,True,True,-27.83,lower,near_high,positive,8.5,ES,-0.0023885066486043494,0.002112802148612314,0.008977825851811616,0.00520852042099218,0.014832275611967427,0.010362133083005265,6989.75,7015.0,False,negative,positive,positive,weak,2026-01-29,weak,2026
-5.08,False,False,True,True,True,True,-5.08,upper,near_high,negative,-23.5,ES,-0.0013579188107489815,-0.0037431820612455757,0.0007520143240824506,-0.0004649665581745177,0.012132845605012488,0.006518998739419857,6968.0,6966.25,True,negative,negative,positive,weak,2026-01-30,weak,2026
57.92,False,False,True,True,True,True,57.92,middle,near_high,negative,-24.5,ES,-0.0036141129320833576,-0.0049671240708977216,-0.007343766710634192,-0.0023646590949807367,0.008803709876096022,0.003966107806020913,7003.0,6943.5,True,negative,negative,negative,weak,2026-02-02,weak,2026
-69.83,False,True,True,True,True,True,-69.83,upper,near_high,positive,6.5,ES,0.007757227509427089,0.0041150790810848825,0.0027515723270439274,0.015672506153177723,0.010588108185975775,0.004870188003581077,6940.5,7009.5,False,positive,positive,positive,weak,2026-02-03,weak,2026
-39.33,False,True,False,False,True,False,,middle,near_high,positive,8.75,ES,-0.01037026478030001,-0.0026934817741066652,-0.006297860158877899,0.01613670459951,-0.006368970946043051,-0.010017468182952571,6906.25,6949.25,False,negative,negative,negative,,2026-02-04,weak,2026
-39.58,False,False,False,False,True,False,,middle,near_high,negative,-52.75,ES,-0.0034569679510262352,-0.013791383058337048,-0.006141138444963112,-0.0008304148463733618,-0.006604924976667426,-0.011077758719268194,6817.75,6853.5,False,negative,negative,negative,,2026-02-05,weak,2026
105.67,False,False,False,False,False,False,,lower,modest_dip,positive,38.5,ES,-0.021283515212835113,-0.024666906733885385,-0.03478136916004404,-0.024491265982351962,-0.02767805858701866,-0.030809418163601276,6948.75,6856.25,True,negative,negative,negative,,2026-02-06,medium,2026
48.42,False,True,False,False,True,True,,upper,near_high,negative,-13.25,ES,0.02577072180173534,0.003938715039387253,0.0004681310767016278,0.0017306652244455378,-0.008316676185037286,-0.0022266115999279856,6980.25,6935.5,True,positive,positive,positive,,2026-02-09,strong,2026
-26.33,False,False,False,False,True,True,,upper,near_high,positive,9.5,ES,0.004751106791923032,0.030644268045043388,0.008708535087085467,-0.0003581020590867068,-0.003889523265772077,-0.005202950714514709,6961.25,6989.75,False,positive,positive,positive,,2026-02-10,strong,2026
-37.33,False,False,False,False,True,True,,middle,near_high,positive,42.5,ES,-0.0005731685473759907,0.004175215059568638,0.030053535167066547,-0.0054187016505650165,-0.0032867707477404196,0.004645300684191556,6958.75,7003.75,False,negative,positive,positive,,2026-02-11,strong,2026
-126.58,False,False,False,False,True,True,,lower,near_high,positive,22.75,ES,-0.002473206924979432,-0.0030449579079349087,0.0016916819637906588,-0.005503144654088188,-0.000323287474406575,0.0056370600563706574,6850.5,6981.5,False,negative,negative,positive,,2026-02-12,strong,2026
-2.83,False,False,False,False,True,False,,lower,modest_dip,positive,1.0,ES,-0.013905856988860932,-0.016344671852037695,-0.016908472147590947,-0.01799899806770211,-0.01845559569369437,0.013217648144729477,6850.0,6851.5,False,negative,negative,negative,,2026-02-13,strong,2026
22.92,False,False,False,False,True,False,,middle,modest_dip,negative,-15.0,ES,0.0027756473467002163,0.0005101483074008151,-0.013402802730865915,-0.02152453583265035,-0.006189373099753981,-0.016406949668636983,6862.5,6835.0,True,positive,positive,negative,,2026-02-17,strong,2026
29.42,False,False,True,False,True,False,29.42,middle,modest_dip,positive,11.25,ES,-0.0020395527552172776,0.0007304335122895189,-0.0015304449222024452,-0.013287720561757421,0.002634564016246621,-0.01785010215419902,6895.5,6873.75,True,negative,positive,negative,weak,2026-02-18,strong,2026
0.67,False,False,False,False,True,False,,middle,modest_dip,negative,-24.75,ES,0.00649611328053723,0.004443311359580537,0.0072312917716665925,-0.0034328250343281796,-0.004260389211828364,-0.009019044196909798,6878.25,6870.75,True,positive,positive,positive,,2026-02-19,medium,2026
65.92,False,True,False,False,False,False,,middle,modest_dip,negative,-25.5,ES,-0.002139308894448688,0.004342907193168211,0.002294496849619465,0.01606055011999241,-0.008824059067171097,0.002805815690704483,6924.75,6852.75,True,negative,positive,positive,,2026-02-20,medium,2026
-68.58,False,False,False,False,True,True,,upper,near_high,negative,-16.75,ES,0.006504360465116266,0.004351136734471961,0.01087551549213539,-0.003023431594860293,-0.0012979989183343754,0.011613892845403928,6854.0,6908.0,False,positive,positive,positive,,2026-02-23,medium,2026
59.92,False,False,False,False,False,False,,lower,modest_dip,negative,-6.5,ES,-0.009747644319289539,-0.003306686046511631,-0.00543892091808984,-0.01740999462654491,-0.017761862130707184,-0.0010197763776086388,6903.25,6847.5,True,negative,negative,negative,,2026-02-24,strong,2026
32.17,False,False,False,False,True,False,,upper,near_high,positive,27.25,ES,0.0068540595719859265,-0.0029603956821545596,0.0035247093023256237,-0.010107889171654838,-0.015471819186481883,0.007882923980876866,6959.5,6930.5,True,positive,negative,positive,,2026-02-25,strong,2026
-43.58,False,False,False,False,True,True,,middle,near_high,positive,1.5,ES,0.0064090958467610815,0.013307083743483217,0.003429726704935243,-0.0012935680919869963,-0.006789594053745018,0.007795786649262171,6921.5,6961.0,False,positive,positive,positive,,2026-02-26,strong,2026
24.92,False,True,False,False,False,False,,lower,near_high,negative,-65.75,ES,-0.008059293372670306,-0.0017018503095918014,0.005140544678989389,0.004627773931421775,-0.013454519430329936,0.001816860465116532,6888.25,6855.75,True,negative,negative,positive,,2026-02-27,strong,2026
80.17,False,True,False,False,False,False,,middle,modest_dip,negative,-77.25,ES,-0.0025027203482045346,-0.010541843563358855,-0.004200311402396961,0.004382601073737558,-0.012354103070569167,-0.007148272500812181,6887.25,6811.0,True,negative,negative,negative,,2026-03-02,strong,2026
50.67,False,True,False,False,True,False,,upper,modest_dip,negative,-114.5,ES,0.008801525597770254,0.006276777492356889,-0.001833102271559195,0.01041813582927098,-0.011330645541346218,0.011449588226485785,6825.75,6772.75,True,positive,positive,negative,,2026-03-03,strong,2026
42.67,False,True,False,False,False,False,,middle,modest_dip,positive,13.0,ES,-0.009669914206776209,-0.0009534986064251294,-0.003453832614265462,0.0026925234416521615,-0.010630974619204148,-0.005149805017753417,6873.0,6838.75,True,negative,negative,negative,,2026-03-04,strong,2026
-8.08,False,True,True,False,True,False,-8.08,upper,near_high,negative,-30.75,ES,0.011012407312238404,0.0012360040715426734,0.010048408390787689,0.007191750214114334,0.0037342371596105206,-0.0005993639218876412,6835.0,6842.25,False,positive,positive,positive,weak,2026-03-05,strong,2026
-8.08,False,True,True,True,False,False,-8.08,middle,modest_dip,negative,-82.75,ES,-0.006462856727906474,0.00447837897364356,-0.005234840773593263,0.0028277726084924293,0.018933738312191473,0.0010090787880199237,6742.5,6752.25,False,negative,positive,negative,medium,2026-03-06,medium,2026
107.92,False,False,False,False,False,False,,lower,modest_dip,negative,-61.0,ES,-0.014763923403011248,-0.021131363009222248,-0.010351662873504197,-0.018362821865259615,-0.021330734724321676,-0.011295291183805234,6801.75,6681.5,True,negative,negative,negative,,2026-03-09,medium,2026
-10.58,False,True,False,False,True,False,,upper,modest_dip,negative,-6.75,ES,0.021611224258882178,0.006528234396267596,2.3186624771742714e-05,0.012723225124665394,-0.00490828078293204,0.0012592193550771125,6788.0,6795.0,False,positive,positive,positive,,2026-03-10,medium,2026
-13.08,False,True,False,False,True,False,,middle,modest_dip,positive,4.5,ES,0.0037287259571012754,0.025420532548842356,0.010281302350416244,0.00957967327823206,-0.0006250461692195453,0.014805724892327676,6779.75,6792.5,False,positive,positive,positive,,2026-03-11,medium,2026
-43.33,False,False,False,False,True,False,,lower,modest_dip,negative,-53.0,ES,-0.009967632779167235,-0.006276073393140513,0.015199517236177407,-0.006848648369258692,-0.008133357268241936,-0.006253032289327498,6676.25,6726.75,False,negative,negative,positive,,2026-03-12,medium,2026
-73.08,False,False,False,False,True,False,,lower,modest_dip,positive,30.25,ES,-0.007281643570977492,-0.017176695601000436,-0.01351201683464387,-0.006070049460587201,-0.001470366345822094,-0.007071992051439269,6637.0,6706.5,False,negative,negative,negative,,2026-03-13,medium,2026
1.92,False,False,False,False,False,False,,lower,modest_dip,positive,60.25,ES,-0.00823322480446087,-0.015454916966972543,-0.025268500809180527,-0.01178006003100307,-0.007449086261006488,-0.000490307007618318,6703.0,6697.25,True,negative,negative,negative,,2026-03-16,medium,2026
-12.08,False,False,True,False,False,False,-12.08,middle,modest_dip,positive,33.75,ES,0.011546734085506216,0.0032184424235619513,-0.004086636697997581,-0.009090859332832935,0.0012325666891037645,-0.010337062059290303,6720.5,6736.75,False,positive,positive,negative,weak,2026-03-17,strong,2026
-65.33,False,True,True,False,False,False,-65.33,middle,modest_dip,positive,26.0,ES,0.0019397918454135965,0.01350892419154004,0.0051644773773436015,0.0025256350185018928,0.005224958791646195,-0.012100926879505591,6677.25,6746.5,False,positive,positive,positive,weak,2026-03-18,strong,2026
29.67,False,False,False,False,False,False,,lower,modest_dip,negative,-48.0,ES,-0.006627201310547726,-0.004700264856194236,0.00679219652088614,-0.014965900899489015,-0.007881781706372992,-0.008767693279340127,6658.75,6629.25,True,negative,negative,positive,,2026-03-19,strong,2026
-88.08,False,False,False,False,False,False,,upper,modest_dip,negative,-16.0,ES,0.0004497582549378709,-0.0061804236941064294,-0.004252620584175859,-0.008112446533777518,-0.005307614079381073,-0.001047864975113444,6562.75,6642.75,False,positive,negative,negative,,2026-03-20,strong,2026
-13.33,False,False,False,False,False,False,,middle,modest_dip,positive,95.25,ES,-0.012699958790694188,-0.012255912447059814,-0.01880189135857646,-0.006034547786075151,-0.0242865583253018,-0.005546960492056829,6631.5,6658.0,False,negative,negative,negative,,2026-03-23,strong,2026
13.92,False,False,False,False,False,False,,middle,modest_dip,negative,-42.25,ES,0.008575548303862757,-0.0042333195968981,-0.0037854653123947646,-0.01871746594307233,-0.006232387351363666,-0.008467937479016752,6607.0,6589.25,True,positive,negative,negative,,2026-03-24,strong,2026
-21.58,False,False,False,False,False,False,,upper,modest_dip,positive,54.75,ES,0.0009029345372459918,0.009486225999848052,-0.0033342074701233626,-0.02148006473444175,-0.012106163458360908,-0.009494024349380292,6642.0,6661.75,False,positive,positive,negative,,2026-03-25,strong,2026
-71.33,False,False,False,False,False,False,,lower,modest_dip,negative,-49.0,ES,-0.003195008269433197,-0.002294958615500442,0.006260909159899519,-0.014786194598209512,-0.021533577519945557,-0.006071736441662923,6523.0,6593.0,False,negative,negative,positive,,2026-03-26,strong,2026
-87.33,False,False,False,False,False,False,,lower,modest_dip,negative,-28.25,ES,-0.011802858327991217,-0.014960156367463506,-0.014070729872084353,-0.019273230792261176,-0.025226290788673555,-0.018244483572472214,6407.25,6494.75,False,negative,negative,negative,,2026-03-27,strong,2026
-80.33,False,False,False,False,False,False,,lower,deep_dip,positive,60.5,ES,-0.023429748912462744,-0.034956069233379794,-0.038039392572545405,-0.03430059243047445,-0.045676589423547576,-0.028914016847537582,6387.75,6467.75,False,negative,negative,negative,,2026-03-30,strong,2026
108.17,False,False,False,False,False,False,,lower,deep_dip,positive,69.5,ES,-0.003907471084714009,-0.027245668930779177,-0.03872695048832908,-0.04905435147536097,-0.05769926459926822,-0.04093303235515433,6569.0,6457.25,True,negative,negative,negative,,2026-03-31,strong,2026
12.67,False,False,False,False,False,False,,upper,modest_dip,positive,37.25,ES,0.03401067001412206,0.029970303219756023,0.005838357628024093,-0.01861573401839256,-0.016137115549622716,-0.009209141482483862,6619.5,6606.25,True,positive,positive,positive,,2026-04-01,strong,2026
90.42,False,False,False,False,False,False,,middle,modest_dip,negative,-91.75,ES,0.003793770628627735,0.037933469323709224,0.03387777430447003,-0.008320527716352721,-0.02316190442260746,-0.002262528752969617,6623.25,6527.75,True,positive,positive,positive,,2026-04-02,strong,2026
24.42,False,True,False,False,False,False,,lower,modest_dip,negative,-1.5,ES,-0.0030194376297414394,-0.0016629502248760586,0.0021245115520316382,0.0023146391439625713,-0.003733876442634121,0.03215848702719604,6653.0,6621.75,True,negative,negative,positive,,2026-04-06,strong,2026
17.42,False,False,False,False,False,True,,upper,modest_dip,negative,-23.5,ES,0.0057543062653795385,0.00271749386676734,0.0040817869156055675,-0.0004890895410082363,-0.019197400967253753,0.0421700925780637,6655.5,6629.5,True,positive,positive,positive,,2026-04-07,strong,2026
-12.58,False,True,True,True,False,True,-12.58,upper,near_high,positive,174.0,ES,0.024466443331953247,0.030361537005489492,0.027250424608416868,0.023041647872500626,0.0010666470501692338,0.032550551993626664,6823.5,6829.5,False,positive,positive,positive,weak,2026-04-08,strong,2026
55.42,False,True,True,True,True,True,55.42,middle,near_high,negative,-10.75,ES,0.0012492192379762734,0.025746226521624616,0.03164868445958757,0.027602850786228705,0.012408515064828762,0.029933104047772385,6861.75,6812.75,True,positive,positive,positive,weak,2026-04-09,strong,2026
-24.58,False,True,True,True,True,True,-24.58,upper,near_high,positive,13.25,ES,0.006348390884738153,0.00760554065473773,0.032258064516129004,0.04647790582309419,0.026308895625163364,0.03506321947537283,6855.5,6875.0,False,positive,positive,positive,medium,2026-04-10,strong,2026
82.92,False,True,True,True,True,True,82.92,middle,near_high,negative,-20.75,ES,0.0011303967327886966,0.007485963817841501,0.008744534665833692,0.07279618630822138,0.035998641560695654,0.039371569184175614,6921.25,6834.75,True,positive,positive,positive,strong,2026-04-13,strong,2026
59.17,False,True,True,True,True,True,59.17,upper,near_high,positive,16.5,ES,0.0208195150711179,0.021973446115721273,0.028461333025486812,0.09942726291689707,0.04549557154017747,0.05494033147429289,7006.0,6937.75,True,positive,positive,positive,strong,2026-04-14,strong,2026
45.67,False,True,True,True,True,True,45.67,upper,near_high,positive,8.25,ES,0.011984261632314253,0.03305328321910239,0.034221043275249885,0.07600735577148088,0.05597668903460473,0.04208685346586494,7060.0,7014.25,True,positive,positive,positive,strong,2026-04-15,strong,2026
5.92,False,True,True,True,True,True,5.92,upper,near_high,positive,11.5,ES,0.008596397360442376,0.020683680467819432,0.04193381973616339,0.08115548663427852,0.07215970244205105,0.04973369861129373,7076.75,7071.5,True,positive,positive,positive,strong,2026-04-16,strong,2026
41.17,False,True,True,True,True,True,41.17,upper,near_high,positive,44.5,ES,0.002051209506295004,0.010665239878723032,0.022777316536115144,0.08190113308324598,0.07387594204625225,0.045251258789403614,7161.5,7121.25,True,positive,positive,positive,strong,2026-04-17,strong,2026
-7.83,False,True,True,True,True,True,-7.83,upper,near_high,negative,-13.25,ES,0.011399731771017052,0.013474324515490022,0.02218655252363111,0.09754849502951268,0.10008892373850498,0.055973174146952465,7148.25,7148.25,False,positive,positive,positive,strong,2026-04-20,strong,2026
-67.08,False,True,True,True,True,True,-67.08,upper,near_high,positive,14.25,ES,0.00678932001266408,0.01826644821073309,0.020355126029244275,0.09867797344545415,0.09814062153970626,0.0414598254197347,7100.5,7162.5,False,positive,positive,positive,strong,2026-04-21,strong,2026
17.92,False,True,True,True,True,True,17.92,middle,near_high,positive,49.75,ES,-0.0033542976939203717,0.003412248918281957,0.014850879411703266,0.06884192018182023,0.09346979933801758,0.025674507481762365,7170.25,7150.25,True,negative,positive,positive,strong,2026-04-22,strong,2026
-15.08,False,True,True,True,True,True,-15.08,upper,near_high,negative,-18.0,ES,0.004452390969008624,0.0010831586303283736,0.007879832553558286,0.07226133280945235,0.10185880238283418,0.021460332490002676,7141.75,7152.25,False,positive,positive,positive,strong,2026-04-23,strong,2026
33.42,False,True,True,True,True,True,33.42,upper,near_high,positive,20.75,ES,-0.001326306237129593,0.003120179497966724,-0.00024458420684847493,0.06408396497208924,0.11354035928392703,0.018017396319137013,7194.75,7162.5,True,negative,positive,negative,strong,2026-04-24,strong,2026
20.17,False,True,True,True,True,True,20.17,upper,near_high,negative,-8.5,ES,0.005906406179009505,0.004572266238525691,0.009045014724442746,0.06916030176584198,0.14699109428654245,0.012488127484433953,7207.25,7186.25,True,positive,positive,positive,strong,2026-04-27,strong,2026
-1.33,False,True,True,True,True,True,-1.33,upper,near_high,negative,-35.25,ES,0.0030227225349177544,0.008946982140984883,0.007608809465638355,0.05052074423627939,0.15497114647311427,0.00870020964360596,7171.5,7172.0,False,positive,positive,positive,strong,2026-04-28,medium,2026
-0.08,False,True,True,True,True,True,-0.08,middle,near_high,negative,-8.25,ES,-0.005230524091586086,-0.002223611979709439,0.003669660643763395,0.03265041739802488,0.11113944506076456,0.006801290141635441,7170.25,7163.25,True,negative,negative,positive,strong,2026-04-29,medium,2026
46.17,False,True,True,True,True,True,46.17,upper,near_high,positive,29.75,ES,0.0018455324186921196,-0.0033946447746717734,-0.0003821833090125182,0.025738551047777447,0.10898286231759946,0.004188335485672656,7238.25,7200.0,True,positive,negative,negative,strong,2026-04-30,medium,2026
-0.83,False,True,True,True,True,True,-0.83,upper,near_high,positive,26.25,ES,0.008341732995029716,0.010202660352392146,0.004918771000034683,0.032177775298447564,0.11671430463873511,0.013909761297312695,7257.5,7264.5,False,positive,positive,positive,strong,2026-05-01,medium,2026
-26.08,False,True,True,True,True,True,-26.08,lower,near_high,negative,-7.0,ES,-0.0006893936782599308,0.007646588578777314,0.009506233024583866,0.019840292679495164,0.1193241784008372,0.007261482871239178,7231.0,7250.5,False,negative,positive,positive,strong,2026-05-04,medium,2026
18.67,False,True,True,True,True,True,18.67,middle,near_high,positive,36.5,ES,-0.002862957469559557,-0.003550377443038877,0.0047617392513295,0.010062893081760782,0.10973385242352185,0.0013509300633898214,7287.0,7267.5,True,negative,negative,positive,strong,2026-05-05,medium,2026
62.92,False,True,True,True,True,True,62.92,upper,near_high,positive,44.0,ES,0.012072782620727862,0.009175261287985848,0.008479542242597615,0.025697658112467048,0.09630865442292547,0.01876871648443479,7386.75,7331.0,True,positive,positive,positive,strong,2026-05-06,medium,2026
-42.08,False,True,True,True,True,True,-42.08,upper,near_high,positive,12.5,ES,0.00895512185118097,0.0211360177113602,0.018212548722017052,0.03029562667969743,0.10474616185132213,0.02599840116784269,7364.25,7399.25,False,positive,positive,positive,strong,2026-05-07,medium,2026
24.67,False,True,True,True,True,True,24.67,middle,near_high,positive,31.5,ES,-0.0023036010704969856,0.006630891752401169,0.018783727687837315,0.029287386852130615,0.09524820369737541,0.015166660921719366,7421.0,7395.75,True,negative,positive,positive,strong,2026-05-08,medium,2026
24.92,False,True,True,True,True,True,24.92,upper,near_high,negative,-11.0,ES,0.007843536722012878,0.005521867271926606,0.014526438117373752,0.03126954346466593,0.10259245629260372,0.023834983270669907,7438.75,7410.0,True,positive,positive,positive,strong,2026-05-11,medium,2026
14.17,False,True,True,True,True,True,14.17,upper,near_high,negative,-24.75,ES,0.002459403005188321,0.010322230144986566,0.007994850774077689,0.03069035990162483,0.08276160396101373,0.029299847792998657,7428.25,7414.0,True,positive,positive,positive,strong,2026-05-12,weak,2026
40.17,False,True,True,True,True,True,40.17,middle,near_high,positive,1.0,ES,-0.00359603427995292,-0.001145475372279492,0.0066890767715868105,0.03238387074308813,0.06609163503783866,0.013364323067983852,7468.5,7429.25,True,negative,negative,positive,strong,2026-05-13,weak,2026
44.67,False,True,True,True,True,True,44.67,upper,near_high,positive,12.5,ES,0.009241770102536462,0.00561250210048736,0.008085708510208178,0.04000556115533027,0.06677379738109934,0.013652223991327705,7526.0,7481.0,True,positive,positive,positive,strong,2026-05-14,weak,2026
-29.08,False,True,True,True,True,True,-29.08,upper,near_high,negative,-66.5,ES,0.005414076599157713,0.014705882352941124,0.011056965215930026,0.03698597083864752,0.07035387239593605,0.021493327900580672,7432.5,7459.5,False,positive,positive,positive,strong,2026-05-15,weak,2026
-14.08,False,True,True,False,True,True,-14.08,lower,near_high,positive,6.0,ES,-0.013694987368701006,-0.008355056480181977,0.0008094981111710364,0.02349004863578319,0.04379639075526787,-0.0003369045212587851,7426.25,7438.5,False,negative,negative,positive,strong,2026-05-18,weak,2026
-19.58,False,True,True,False,True,True,-19.58,upper,near_high,negative,-39.5,ES,0.0015165812887569796,-0.012199175641537163,-0.00685114631374939,0.027985332779853378,0.03832983927323519,-0.0012770962863386526,7377.5,7386.75,False,positive,negative,negative,strong,2026-05-19,weak,2026
53.42,False,True,True,False,True,True,53.42,lower,modest_dip,positive,17.5,ES,-0.006359995961907283,-0.004853060124022757,-0.01848158489562568,0.00926274054072529,0.035198429392792274,-0.004047490555855404,7451.5,7395.0,True,negative,negative,negative,medium,2026-05-20,medium,2026
36.17,False,True,True,False,True,True,36.17,middle,near_high,negative,-27.75,ES,0.005249254944459603,-0.001144126257697442,0.00037071987058512335,0.005555743758257625,0.036019685176783334,-0.007987433995053972,7465.25,7423.75,True,positive,negative,positive,strong,2026-05-21,medium,2026
-8.33,False,True,True,False,True,True,-8.33,upper,near_high,positive,31.5,ES,0.00791698952262232,0.013207802763478771,0.006763805229330178,0.01585684696614731,0.04560863942963045,-0.005517883260204859,7490.75,7496.75,False,positive,positive,positive,strong,2026-05-22,medium,2026
5.92,False,True,True,True,True,True,5.92,middle,near_high,positive,43.25,ES,0.008451080602598804,0.009091516812621103,0.017080483778593614,0.01461939169887394,0.04575842599327995,0.015916815290910824,7539.25,7534.0,True,positive,positive,positive,strong,2026-05-26,medium,2026
-4.33,False,True,True,True,True,True,-4.33,upper,near_high,positive,2.75,ES,-0.0005299768135144101,0.007916624912315928,0.008556721705996306,0.017741500269832455,0.05069990946444736,0.02187753996206987,7540.0,7542.0,False,negative,positive,positive,strong,2026-05-27,medium,2026
46.92,False,True,True,True,True,True,46.92,middle,near_high,negative,-4.75,ES,-0.001193080135215796,-0.001722424643921916,0.006714099609179236,0.007218768798876729,0.047513120850856794,0.015328639288481272,7582.0,7535.25,True,negative,negative,positive,strong,2026-05-28,medium,2026
4.92,False,True,True,True,True,True,4.92,upper,near_high,positive,8.75,ES,0.006735682527042375,0.005534566182806344,0.005001656177542335,0.008542746975136017,0.04584467960428795,0.014138645631392333,7595.0,7590.75,True,positive,positive,positive,strong,2026-05-29,medium,2026
27.92,False,True,True,True,True,True,27.92,middle,near_high,negative,-12.0,ES,0.000725091460400229,0.007465657973322992,0.006263670709882652,0.023287948234025357,0.04732503190645332,0.014229882753783007,7614.0,7583.0,True,positive,positive,positive,strong,2026-06-01,weak,2026
24.92,False,True,True,True,True,True,24.92,middle,near_high,negative,-15.75,ES,0.0006586964397456985,0.0013842655153093464,0.008129272015396038,0.022411414341959368,0.0510239380102393,0.006392845313017759,7623.5,7598.25,True,positive,positive,positive,strong,2026-06-02,weak,2026
-35.08,False,True,True,True,True,True,-35.08,upper,near_high,negative,-15.0,ES,0.0037850113550341735,0.004446200968283742,0.005174516331037271,0.032850176104037176,0.04241719930273158,0.01073772121694172,7572.5,7608.5,False,positive,positive,positive,strong,2026-06-03,weak,2026
55.42,False,True,True,True,True,True,55.42,lower,near_high,negative,-24.25,ES,-0.01180405272476881,-0.008063719843333317,-0.007410334947139607,0.015328639288481494,0.020969545038789006,2.220446049250313e-16,7599.5,7548.25,True,negative,negative,negative,medium,2026-06-04,medium,2026
-131.83,False,True,True,False,True,True,-131.83,middle,near_high,negative,-51.75,ES,0.0051761895281703385,-0.006688963210702337,-0.0029292696573741672,0.01256768500568195,0.02862381582968343,-0.0015490590290365702,7400.25,7547.75,False,positive,negative,negative,medium,2026-06-05,medium,2026
-42.83,False,False,False,False,True,False,,lower,modest_dip,positive,57.0,ES,-0.02713408595761535,-0.02209834760103524,-0.033641550265591125,-0.015532618498847461,-0.007074994946431601,-0.029344926390672876,7416.0,7457.25,False,negative,negative,negative,,2026-06-08,medium,2026
-75.33,False,False,False,False,True,False,,lower,modest_dip,positive,42.5,ES,0.005768186753528859,-0.02152241367927632,-0.01645762824341357,-0.018151705862868184,-0.003797681062006064,-0.024388638383306405,7392.0,7458.5,False,positive,negative,negative,,2026-06-09,medium,2026
-65.58,False,False,False,False,True,False,,middle,modest_dip,negative,-37.0,ES,-0.0042844612374334234,0.0014590119435395899,-0.025714662969564928,-0.021839994697421483,-0.0044859686994063175,-0.032231621745688166,7276.0,7355.0,False,negative,positive,negative,,2026-06-10,medium,2026
93.17,False,False,False,False,True,False,,lower,modest_dip,positive,32.0,ES,-0.017516517025241374,-0.021725929424465273,-0.016083061889250794,-0.0378260003981683,-0.030880288750752327,-0.03782600039816841,7394.25,7308.0,True,negative,negative,negative,,2026-06-11,medium,2026
6.17,False,False,False,False,True,False,,upper,modest_dip,positive,29.25,ES,0.022829160631767653,0.004912756225647907,0.0006072464745967565,-0.0224448765696581,-0.014093870495944794,-0.020928236614511153,7433.5,7423.5,True,positive,positive,positive,,2026-06-12,strong,2026
21.17,False,False,True,True,True,True,21.17,upper,modest_dip,positive,101.5,ES,0.0028658125421443525,0.025760397268777213,0.007792647806200259,-0.020353719988143282,0.002460231868428364,0.009263029315961013,7564.5,7535.0,True,positive,positive,positive,weak,2026-06-15,strong,2026
-35.58,False,False,True,True,True,True,-35.58,upper,near_high,negative,-3.0,ES,0.007903688387914443,0.010792151419370066,0.03386768780945304,-0.013260862617301972,0.008853357038009602,0.011405951389869662,7519.25,7561.5,False,positive,positive,positive,weak,2026-06-16,strong,2026
-115.08,False,False,True,True,True,True,-115.08,lower,near_high,positive,76.5,ES,-0.0042351851239122995,0.003635029680517654,0.006511259536311487,-0.0211448633403174,0.011010700279294516,0.011456003992783348,7492.25,7595.75,False,negative,positive,positive,weak,2026-06-17,strong,2026
-3.33,False,False,False,False,True,True,,middle,near_high,positive,85.0,ES,-0.006684668071654354,-0.010891542388791309,-0.00307393735798156,-0.016073869092612658,-0.0009916203454219952,0.022607274063274785,7564.25,7577.25,False,negative,negative,negative,,2026-06-18,strong,2026
-30.08,False,True,False,False,True,True,,upper,near_high,positive,9.0,ES,-0.0012556587251759677,0.001989060169069967,-0.004708904109589129,0.008161931995040117,-0.007497462679699751,-0.0010909914352723593,7540.25,7573.25,False,negative,positive,negative,,2026-06-22,strong,2026
22.42,False,False,False,False,True,True,,lower,near_high,negative,-110.75,ES,-0.003209263854425104,-0.004460892839440844,-0.0012265871042600462,-0.0008368850967185315,-0.018973400067470392,-0.012104770067611681,7434.75,7429.5,True,negative,negative,negative,,2026-06-23,strong,2026
-21.08,False,False,False,False,True,False,,lower,modest_dip,positive,12.5,ES,-0.011318374933616537,-0.01449131513647639,-0.015728777715361852,-0.007895153090982765,-0.029562717686761775,-0.019131981032666,7428.25,7447.25,False,negative,negative,negative,,2026-06-24,strong,2026
-65.08,False,True,False,False,True,False,,upper,modest_dip,positive,57.5,ES,0.0033571692349010362,-0.007999203398831756,-0.011182795698924775,0.013182947121799904,-0.02514171143944688,-0.009215978783358447,7428.5,7485.75,False,positive,negative,negative,,2026-06-25,strong,2026
43.67,False,False,False,False,True,False,,lower,modest_dip,negative,-47.75,ES,-0.006424197811757626,-0.0030885956961090866,-0.014372012745618834,-0.01579452542377624,-0.03788489581982124,-0.018768793576314224,7380.25,7380.75,False,negative,negative,negative,,2026-06-26,strong,2026
34.67,False,False,False,False,True,False,,middle,modest_dip,positive,77.0,ES,-0.0035696245159118067,-0.009970890353665496,-0.006647195085104363,-0.02211021821598924,-0.04201391301368784,-0.021042183622828947,7497.0,7457.25,True,negative,negative,negative,,2026-06-29,strong,2026
59.67,False,False,False,False,True,True,,upper,near_high,positive,3.0,ES,0.013281962891615207,0.009664926755346137,0.0031786395422759295,-0.01689210090836224,-0.029928959696200685,-0.004845990440786041,7544.75,7500.0,True,positive,positive,positive,,2026-06-30,strong,2026
13.92,False,False,False,False,True,True,,upper,near_high,negative,-12.5,ES,0.006570609032085839,0.019939842509040462,0.0162990402424652,-0.006223656480505935,-0.027236921455065843,0.013160103400812417,7542.0,7532.25,True,positive,positive,positive,,2026-07-01,strong,2026
-32.58,False,False,False,False,True,True,,middle,near_high,positive,13.25,ES,-0.0013254249643791516,0.005236475218464376,0.018587988779614095,-0.0008619260732640743,-0.01692194067900743,0.008431759627931745,7526.25,7555.25,False,negative,positive,positive,,2026-07-02,strong,2026
25.92,False,True,True,True,True,True,25.92,upper,near_high,positive,38.5,ES,0.0027533587659644976,0.002952984505126377,0.001623645581364741,9.925558312651184e-05,0.0082619976954863,0.021595863327588116,7593.5,7564.75,True,positive,positive,positive,weak,2026-07-06,medium,2026
-26.58,False,True,True,True,True,True,-26.58,upper,near_high,negative,-12.75,ES,0.003804419743284271,0.006568253441698424,0.0067686386409635535,0.0071362187997876525,0.006293361507908823,0.012040557667934104,7553.0,7580.75,False,positive,positive,positive,weak,2026-07-07,medium,2026
23.92,False,True,True,False,True,True,23.92,lower,near_high,negative,-46.0,ES,-0.006162871172922912,-0.002381897578404235,0.00036490296898317176,0.012387954476785312,0.004394996588723998,-0.0007621193545179761,7526.75,7507.0,True,negative,negative,positive,weak,2026-07-08,medium,2026
35.42,False,True,True,False,True,True,35.42,middle,near_high,positive,20.0,ES,-0.001591723040191062,-0.007744784629074353,-0.003969829297340355,0.007394519356241691,0.02067494803570602,-0.0010285676366169616,7590.75,7546.75,True,negative,negative,negative,medium,2026-07-09,medium,2026
30.17,False,True,True,True,True,True,30.17,upper,near_high,positive,1.5,ES,0.008170585890793225,0.006565857540787867,0.00036252183370133473,0.02219228826401798,0.006047246179043286,0.006933156410681596,7620.75,7592.25,True,positive,positive,positive,weak,2026-07-10,weak,2026
-33.58,False,True,True,True,True,True,-33.58,upper,near_high,negative,-25.25,ES,0.004941688080648321,0.013152650458349902,0.011539992041384783,0.0309236540606308,0.008129707105325457,0.009130607383882383,7563.25,7595.5,False,positive,positive,positive,weak,2026-07-13,weak,2026
11.42,False,True,False,False,True,True,,lower,near_high,positive,16.25,ES,-0.009539732494099118,-0.004645186795809497,0.003487445197289718,0.007704622773664349,-0.009317625400051655,-0.004284348943743299,7590.0,7579.5,True,negative,negative,positive,,2026-07-14,weak,2026
-1.58,False,True,True,True,True,True,-1.58,upper,near_high,positive,22.5,ES,0.0065534703604408495,-0.0030487804878048808,0.001877841470646402,0.007687464793399323,0.001415964172813311,0.008456028651014691,7617.0,7612.5,True,positive,negative,positive,weak,2026-07-15,medium,2026
-29.08,False,True,True,True,True,True,-29.08,upper,near_high,negative,-20.0,ES,0.0017756732761171623,0.00834078045874298,-0.0012785208497246847,0.010816549985069424,0.009945300845349836,0.011857313670784908,7577.0,7597.0,False,positive,positive,negative,weak,2026-07-16,weak,2026
18.92,False,True,False,False,True,True,,lower,near_high,negative,-91.75,ES,-0.007319875266699527,-0.005557199697477921,0.0009598517194584488,0.003217780726488373,-0.0006939166639131633,-0.003689793766884164,7497.0,7485.25,True,negative,negative,positive,,2026-07-17,medium,2026
-49.33,False,False,False,False,True,False,,lower,near_high,positive,37.5,ES,-0.008696514780768494,-0.015952732644017753,-0.014205386208937631,-0.008237395791981239,-0.00813895781637719,-0.017210857592447004,7486.0,7534.5,False,negative,negative,negative,,2026-07-20,medium,2026
19.92,False,False,False,False,True,False,,lower,near_high,positive,40.0,ES,-0.0012675539544347858,-0.009953045433503172,-0.01720006564910559,-0.013248525195267868,-0.006206850770048122,-0.009002747161817815,7545.75,7526.0,True,negative,negative,negative,,2026-07-21,medium,2026
12.92,False,True,True,False,True,True,12.92,upper,near_high,negative,-18.0,ES,0.007748572191977665,0.006471196504219678,-0.0022815951325970696,0.0005637352434009202,0.012958673246718622,-0.007826115550294332,7536.5,7527.75,True,positive,positive,negative,weak,2026-07-22,weak,2026
-25.08,False,True,True,False,True,False,-25.08,middle,near_high,negative,-83.0,ES,-0.0017233950883239757,0.006011823252396464,0.004736648987624825,0.0004317789291881091,0.007829491083079176,-0.011291646151321055,7444.0,7453.5,False,negative,positive,positive,weak,2026-07-23,weak,2026
-0.33,False,False,True,False,True,False,-0.33,lower,modest_dip,flat,0.0,ES,-0.010789814415192112,-0.012494614390349046,-0.00484285761998593,-0.018383079660011847,0.0034012460010106604,-0.014747701871569374,7447.75,7444.0,True,negative,negative,negative,weak,2026-07-24,medium,2026
-61.83,False,False,True,False,True,False,-61.83,lower,modest_dip,positive,60.0,ES,-0.0006712310377231523,-0.011453802994588536,-0.013157458655088994,-0.02386572252819308,0.006319916185069108,-0.006771406651322365,7449.25,7507.75,False,negative,negative,negative,weak,2026-07-27,medium,2026
23.92,False,False,False,False,True,False,,lower,modest_dip,positive,0.5,ES,-0.008420982558913548,-0.009086561171775087,-0.019778333278251403,-0.022763154161261956,-0.015233912903549252,-0.01388541386975084,7466.0,7449.75,True,negative,negative,negative,,2026-07-28,weak,2026
-93.33,False,False,False,False,False,False,,upper,near_high,negative,-9.75,ES,0.00631063072740079,-0.0021634935428039848,-0.00283327237651132,-0.022998920907912668,-0.015488259509278901,-0.01529248612105294,7350.25,7456.25,False,positive,negative,negative,,2026-07-29,weak,2026
53.42,False,False,False,False,False,False,,lower,modest_dip,positive,64.25,ES,-0.015544214283331637,-0.009331677352220513,-0.017674078018905637,-0.03989047586052619,-0.02950540320153061,-0.028925445605754607,7472.75,7414.5,True,negative,negative,negative,,2026-07-30,medium,2026
38.17,False,False,False,False,False,False,,upper,near_high,positive,26.25,ES,0.014840917561752542,-0.0009339871243202458,0.005370749555234866,-0.01845679573844783,-0.015298404933559495,-0.003764613260912264,7520.0,7499.0,True,positive,negative,positive,,2026-07-31,medium,2026
82.17,False,False,False,False,False,True,,upper,near_high,positive,26.25,ES,0.0021034356114988384,0.016975570087758074,0.001167483905400557,-0.0077631806428167804,-0.015936628043238588,-0.0009985354812940272,7628.5,7546.25,True,positive,positive,positive,,2026-08-03,medium,2026
111.17,False,True,False,False,True,True,,upper,near_high,positive,29.0,ES,0.0175917904977676,0.019732229307869442,0.03486599125808976,0.010973505071668166,-0.0024204028820218326,0.025208955724883353,7764.0,7657.5,True,positive,positive,positive,,2026-08-04,medium,2026
-44.33,False,True,True,True,True,True,-44.33,upper,near_high,positive,45.75,ES,0.018597341365987896,0.03651629239688137,0.0386965376782078,0.02185699178671885,0.022433048586704585,0.03772640848594033,7747.75,7809.75,False,positive,positive,positive,medium,2026-08-05,strong,2026
-16.08,False,True,True,True,True,True,-16.08,lower,near_high,positive,4.25,ES,-0.002025072324011612,0.01653460808067586,0.034417271939761296,0.02154818860428076,0.021989271587270265,0.051977094839562366,7735.25,7752.0,False,negative,positive,positive,medium,2026-08-06,strong,2026
17.92,False,True,True,True,True,True,17.92,middle,near_high,positive,22.0,ES,-0.002802203111411772,-0.004821600771456214,0.013686071639054553,0.029796920751966383,0.010866081924148396,0.03368835765082956,7778.25,7757.25,True,negative,negative,positive,weak,2026-08-07,medium,2026
-2.33,False,True,True,True,True,True,-2.33,upper,near_high,negative,-5.25,ES,0.004812661498708071,0.0019969723322703636,-3.214400514306437e-05,0.035448009585940854,0.010736294696792603,0.036482974611847574,7778.0,7773.0,True,positive,positive,negative,weak,2026-08-10,medium,2026
-42.83,False,True,True,True,True,True,-42.83,lower,near_high,positive,13.75,ES,-0.0008357709987463213,0.003972868217054337,0.00115953232196353,0.043368802658521055,0.019618437756553808,0.017713312815140103,7749.75,7791.75,False,negative,positive,positive,medium,2026-08-11,medium,2026
-25.33,False,True,True,False,True,True,-25.33,lower,near_high,positive,42.0,ES,-0.0019946594601550904,-0.00282876338037219,0.00197028423772605,0.03475766369792188,0.010959354031677027,-0.0028608164577306194,7769.5,7791.75,False,negative,negative,positive,weak,2026-08-12,medium,2026
26.42,False,True,True,True,True,True,26.42,middle,near_high,positive,23.75,ES,0.0016762838077430953,-0.00032171926776702886,-0.0011572213828795475,0.052858062548707396,0.010859053420047893,0.0008374400103068336,7823.25,7793.25,True,positive,negative,negative,weak,2026-08-13,medium,2026
-23.83,False,True,True,True,True,True,-23.83,upper,near_high,positive,4.5,ES,0.007401924500370027,0.00909061603429917,0.0070778238908726365,0.04514039598010067,0.025850453173495547,0.011078811369508834,7805.5,7827.75,False,positive,positive,positive,medium,2026-08-14,medium,2026
