candidate,direction,entry_fill,entry_theo,entry_ts,exit_px,exit_ts,extras,hold_sec,instrument,mae_points,mfe_points,outcome,points,points_after_cost,r_after_cost,r_multiple,reach_1r,reach_2r,risk_points,signal_hhmm,status,stop,target,target_r,trading_date,year
LONG20_FIRST_RED_GREEN_5M,LONG,8848.25,8848.0,1577977200,8831.75,1577977920,"{""adverse_ticks"": 1.0, ""stop_buffer_ticks"": 1.0}",720,NQ,18.75,1.75,STOP_HIT,-16.5,-16.7,-1.012121212121212,-1.0,False,False,16.5,10:00,ENTERED,8831.75,8864.75,1.0,2020-01-02,2020
LONG20_FIRST_RED_GREEN_5M,LONG,8838.0,8837.75,1578062700,8813.5,1578063600,"{""adverse_ticks"": 1.0, ""stop_buffer_ticks"": 1.0}",900,NQ,31.25,1.0,STOP_HIT,-24.5,-24.7,-1.0081632653061223,-1.0,False,False,24.5,09:45,ENTERED,8813.5,8862.5,1.0,2020-01-03,2020
LONG20_FIRST_RED_GREEN_5M,LONG,8806.25,8806.0,1578323700,8819.25,1578325320,"{""adverse_ticks"": 1.0, ""stop_buffer_ticks"": 1.0}",1620,NQ,5.75,16.25,TARGET_HIT,13.0,12.8,0.9846153846153847,1.0,True,False,13.0,10:15,ENTERED,8793.25,8819.25,1.0,2020-01-06,2020
LONG20_FIRST_RED_GREEN_5M,LONG,8846.75,8846.5,1578408600,8859.25,1578409140,"{""adverse_ticks"": 1.0, ""stop_buffer_ticks"": 1.0}",540,NQ,7.5,16.0,TARGET_HIT,12.5,12.3,0.9840000000000001,1.0,True,False,12.5,09:50,ENTERED,8834.25,8859.25,1.0,2020-01-07,2020
LONG20_FIRST_RED_GREEN_5M,LONG,8889.75,8889.5,1578495300,8875.25,1578498180,"{""adverse_ticks"": 1.0, ""stop_buffer_ticks"": 1.0}",2880,NQ,14.75,8.0,STOP_HIT,-14.5,-14.7,-1.013793103448276,-1.0,False,False,14.5,09:55,ENTERED,8875.25,8904.25,1.0,2020-01-08,2020
LONG20_FIRST_RED_GREEN_5M,LONG,9011.0,9010.75,1578581700,8995.75,1578582060,"{""adverse_ticks"": 1.0, ""stop_buffer_ticks"": 1.0}",360,NQ,18.25,1.0,STOP_HIT,-15.25,-15.45,-1.0131147540983607,-1.0,False,False,15.25,09:55,ENTERED,8995.75,9026.25,1.0,2020-01-09,2020
LONG20_FIRST_RED_GREEN_5M,LONG,9018.25,9018.0,1578667500,9032.25,1578668340,"{""adverse_ticks"": 1.0, ""stop_buffer_ticks"": 1.0}",840,NQ,7.75,14.25,TARGET_HIT,14.0,13.8,0.9857142857142858,1.0,True,False,14.0,09:45,ENTERED,9004.25,9032.25,1.0,2020-01-10,2020
LONG20_FIRST_RED_GREEN_5M,LONG,9033.5,9033.25,1578927600,9048.0,1578932880,"{""adverse_ticks"": 1.0, ""stop_buffer_ticks"": 1.0}",5280,NQ,13.5,19.25,TARGET_HIT,14.5,14.3,0.9862068965517242,1.0,True,False,14.5,10:00,ENTERED,9019.0,9048.0,1.0,2020-01-13,2020
LONG20_FIRST_RED_GREEN_5M,LONG,9055.75,9055.5,1579014300,9076.5,1579015860,"{""adverse_ticks"": 1.0, ""stop_buffer_ticks"": 1.0}",1560,NQ,0.5,21.75,TARGET_HIT,20.75,20.55,0.9903614457831326,1.0,True,False,20.75,10:05,ENTERED,9035.0,9076.5,1.0,2020-01-14,2020
LONG20_FIRST_RED_GREEN_5M,LONG,9072.5,9072.25,1579099800,9083.25,1579100040,"{""adverse_ticks"": 1.0, ""stop_buffer_ticks"": 1.0}",240,NQ,2.75,11.25,TARGET_HIT,10.75,10.55,0.9813953488372094,1.0,True,False,10.75,09:50,ENTERED,9061.75,9083.25,1.0,2020-01-15,2020
LONG20_FIRST_RED_GREEN_5M,LONG,9113.0,9112.75,1579185900,9095.75,1579189980,"{""adverse_ticks"": 1.0, ""stop_buffer_ticks"": 1.0}",4080,NQ,18.75,6.75,STOP_HIT,-17.25,-17.45,-1.0115942028985507,-1.0,False,False,17.25,09:45,ENTERED,9095.75,9130.25,1.0,2020-01-16,2020
LONG20_FIRST_RED_GREEN_5M,LONG,9148.0,9147.75,1579272300,9156.25,1579273080,"{""adverse_ticks"": 1.0, ""stop_buffer_ticks"": 1.0}",780,NQ,5.25,8.75,TARGET_HIT,8.25,8.05,0.9757575757575758,1.0,True,False,8.25,09:45,ENTERED,9139.75,9156.25,1.0,2020-01-17,2020
LONG20_FIRST_RED_GREEN_5M,LONG,9162.25,9162.0,1579617900,9169.5,1579618080,"{""adverse_ticks"": 1.0, ""stop_buffer_ticks"": 1.0}",180,NQ,2.5,8.25,TARGET_HIT,7.25,7.05,0.9724137931034482,1.0,True,False,7.25,09:45,ENTERED,9155.0,9169.5,1.0,2020-01-21,2020
LONG20_FIRST_RED_GREEN_5M,LONG,9234.25,9234.0,1579704000,9211.5,1579723560,"{""adverse_ticks"": 1.0, ""stop_buffer_ticks"": 1.0}",19560,NQ,23.25,20.0,STOP_HIT,-22.75,-22.95,-1.0087912087912088,-1.0,False,False,22.75,09:40,ENTERED,9211.5,9257.0,1.0,2020-01-22,2020
LONG20_FIRST_RED_GREEN_5M,LONG,9169.75,9169.5,1579790400,9188.0,1579791540,"{""adverse_ticks"": 1.0, ""stop_buffer_ticks"": 1.0}",1140,NQ,12.0,20.25,TARGET_HIT,18.25,18.05,0.989041095890411,1.0,True,False,18.25,09:40,ENTERED,9151.5,9188.0,1.0,2020-01-23,2020
LONG20_FIRST_RED_GREEN_5M,LONG,9269.75,9269.5,1579876800,9261.75,1579877220,"{""adverse_ticks"": 1.0, ""stop_buffer_ticks"": 1.0}",420,NQ,10.5,4.0,STOP_HIT,-8.0,-8.2,-1.025,-1.0,False,False,8.0,09:40,ENTERED,9261.75,9277.75,1.0,2020-01-24,2020
LONG20_FIRST_RED_GREEN_5M,LONG,8989.0,8988.75,1580136900,8969.0,1580137020,"{""adverse_ticks"": 1.0, ""stop_buffer_ticks"": 1.0}",120,NQ,21.25,1.25,STOP_HIT,-20.0,-20.2,-1.01,-1.0,False,False,20.0,09:55,ENTERED,8969.0,9009.0,1.0,2020-01-27,2020
LONG20_FIRST_RED_GREEN_5M,LONG,9014.25,9014.0,1580222700,9027.75,1580223600,"{""adverse_ticks"": 1.0, ""stop_buffer_ticks"": 1.0}",900,NQ,12.5,20.5,TARGET_HIT,13.5,13.3,0.9851851851851853,1.0,True,False,13.5,09:45,ENTERED,9000.75,9027.75,1.0,2020-01-28,2020
LONG20_FIRST_RED_GREEN_5M,LONG,9139.5,9139.25,1580309100,9136.75,1580309100,"{""adverse_ticks"": 1.0, ""stop_buffer_ticks"": 1.0}",0,NQ,3.0,2.25,STOP_HIT,-2.75,-2.95,-1.0727272727272728,-1.0,False,False,2.75,09:45,ENTERED,9136.75,9142.25,1.0,2020-01-29,2020
LONG20_FIRST_RED_GREEN_5M,LONG,9090.0,9089.75,1580396700,9100.25,1580396700,"{""adverse_ticks"": 1.0, ""stop_buffer_ticks"": 1.0}",0,NQ,2.0,11.75,TARGET_HIT,10.25,10.05,0.9804878048780489,1.0,True,False,10.25,10:05,ENTERED,9079.75,9100.25,1.0,2020-01-30,2020
LONG20_FIRST_RED_GREEN_5M,LONG,9128.75,9128.5,1580482800,9102.5,1580483040,"{""adverse_ticks"": 1.0, ""stop_buffer_ticks"": 1.0}",240,NQ,31.5,0.75,STOP_HIT,-26.25,-26.45,-1.0076190476190476,-1.0,False,False,26.25,10:00,ENTERED,9102.5,9155.0,1.0,2020-01-31,2020
LONG20_FIRST_RED_GREEN_5M,LONG,9139.75,9139.5,1580742900,9118.5,1580748060,"{""adverse_ticks"": 1.0, ""stop_buffer_ticks"": 1.0}",5160,NQ,26.25,16.25,STOP_HIT,-21.25,-21.45,-1.0094117647058822,-1.0,False,False,21.25,10:15,ENTERED,9118.5,9161.0,1.0,2020-02-03,2020
LONG20_FIRST_RED_GREEN_5M,LONG,9251.5,9251.25,1580827500,9276.25,1580829000,"{""adverse_ticks"": 1.0, ""stop_buffer_ticks"": 1.0}",1500,NQ,0.0,27.5,TARGET_HIT,24.75,24.55,0.991919191919192,1.0,True,False,24.75,09:45,ENTERED,9226.75,9276.25,1.0,2020-02-04,2020
LONG20_FIRST_RED_GREEN_5M,LONG,9403.5,9403.25,1580914200,9372.25,1580915580,"{""adverse_ticks"": 1.0, ""stop_buffer_ticks"": 1.0}",1380,NQ,35.0,4.75,STOP_HIT,-31.25,-31.45,-1.0064,-1.0,False,False,31.25,09:50,ENTERED,9372.25,9434.75,1.0,2020-02-05,2020
LONG20_FIRST_RED_GREEN_5M,LONG,9376.25,9376.0,1581000300,9390.25,1581000540,"{""adverse_ticks"": 1.0, ""stop_buffer_ticks"": 1.0}",240,NQ,8.25,14.5,TARGET_HIT,14.0,13.8,0.9857142857142858,1.0,True,False,14.0,09:45,ENTERED,9362.25,9390.25,1.0,2020-02-06,2020
LONG20_FIRST_RED_GREEN_5M,LONG,9399.0,9398.75,1581086400,9413.25,1581087180,"{""adverse_ticks"": 1.0, ""stop_buffer_ticks"": 1.0}",780,NQ,8.75,15.75,TARGET_HIT,14.25,14.05,0.9859649122807018,1.0,True,False,14.25,09:40,ENTERED,9384.75,9413.25,1.0,2020-02-07,2020
LONG20_FIRST_RED_GREEN_5M,LONG,9437.5,9437.25,1581346500,9452.25,1581346800,"{""adverse_ticks"": 1.0, ""stop_buffer_ticks"": 1.0}",300,NQ,5.25,15.5,TARGET_HIT,14.75,14.55,0.9864406779661018,1.0,True,False,14.75,09:55,ENTERED,9422.75,9452.25,1.0,2020-02-10,2020
LONG20_FIRST_RED_GREEN_5M,LONG,9566.5,9566.25,1581432300,9594.5,1581434880,"{""adverse_ticks"": 1.0, ""stop_buffer_ticks"": 1.0}",2580,NQ,9.75,30.0,TARGET_HIT,28.0,27.8,0.9928571428571429,1.0,True,False,28.0,09:45,ENTERED,9538.5,9594.5,1.0,2020-02-11,2020
LONG20_FIRST_RED_GREEN_5M,LONG,9582.5,9582.25,1581519600,9560.75,1581520020,"{""adverse_ticks"": 1.0, ""stop_buffer_ticks"": 1.0}",420,NQ,23.0,8.5,STOP_HIT,-21.75,-21.95,-1.0091954022988505,-1.0,False,False,21.75,10:00,ENTERED,9560.75,9604.25,1.0,2020-02-12,2020
LONG20_FIRST_RED_GREEN_5M,LONG,9570.75,9570.5,1581605100,9577.5,1581605100,"{""adverse_ticks"": 1.0, ""stop_buffer_ticks"": 1.0}",0,NQ,1.25,9.0,TARGET_HIT,6.75,6.55,0.9703703703703703,1.0,True,False,6.75,09:45,ENTERED,9564.0,9577.5,1.0,2020-02-13,2020
LONG20_FIRST_RED_GREEN_5M,LONG,9616.0,9615.75,1581691800,9607.75,1581691800,"{""adverse_ticks"": 1.0, ""stop_buffer_ticks"": 1.0}",0,NQ,9.5,0.5,STOP_HIT,-8.25,-8.45,-1.0242424242424242,-1.0,False,False,8.25,09:50,ENTERED,9607.75,9624.25,1.0,2020-02-14,2020
LONG20_FIRST_RED_GREEN_5M,LONG,9603.0,9602.75,1582037100,9616.0,1582037580,"{""adverse_ticks"": 1.0, ""stop_buffer_ticks"": 1.0}",480,NQ,1.5,16.75,TARGET_HIT,13.0,12.8,0.9846153846153847,1.0,True,False,13.0,09:45,ENTERED,9590.0,9616.0,1.0,2020-02-18,2020
LONG20_FIRST_RED_GREEN_5M,LONG,9708.75,9708.5,1582123800,9716.5,1582124100,"{""adverse_ticks"": 1.0, ""stop_buffer_ticks"": 1.0}",300,NQ,5.5,8.75,TARGET_HIT,7.75,7.55,0.9741935483870967,1.0,True,False,7.75,09:50,ENTERED,9701.0,9716.5,1.0,2020-02-19,2020
LONG20_FIRST_RED_GREEN_5M,LONG,9701.0,9700.75,1582210200,9716.25,1582210560,"{""adverse_ticks"": 1.0, ""stop_buffer_ticks"": 1.0}",360,NQ,0.5,16.75,TARGET_HIT,15.25,15.05,0.9868852459016394,1.0,True,False,15.25,09:50,ENTERED,9685.75,9716.25,1.0,2020-02-20,2020
LONG20_FIRST_RED_GREEN_5M,LONG,9508.75,9508.5,1582296900,9481.5,1582299600,"{""adverse_ticks"": 1.0, ""stop_buffer_ticks"": 1.0}",2700,NQ,33.5,22.25,STOP_HIT,-27.25,-27.45,-1.0073394495412844,-1.0,False,False,27.25,09:55,ENTERED,9481.5,9536.0,1.0,2020-02-21,2020
LONG20_FIRST_RED_GREEN_5M,LONG,9188.25,9188.0,1582556100,9161.0,1582556220,"{""adverse_ticks"": 1.0, ""stop_buffer_ticks"": 1.0}",120,NQ,28.75,1.75,STOP_HIT,-27.25,-27.45,-1.0073394495412844,-1.0,False,False,27.25,09:55,ENTERED,9161.0,9215.5,1.0,2020-02-24,2020
LONG20_FIRST_RED_GREEN_5M,LONG,9161.5,9161.25,1582641600,9133.0,1582641780,"{""adverse_ticks"": 1.0, ""stop_buffer_ticks"": 1.0}",180,NQ,36.0,0.75,STOP_HIT,-28.5,-28.7,-1.0070175438596491,-1.0,False,False,28.5,09:40,ENTERED,9133.0,9190.0,1.0,2020-02-25,2020
LONG20_FIRST_RED_GREEN_5M,LONG,8825.5,8825.25,1583246700,8801.25,1583246880,"{""adverse_ticks"": 1.0, ""stop_buffer_ticks"": 1.0}",180,NQ,24.25,10.25,STOP_HIT,-24.25,-24.45,-1.0082474226804123,-1.0,False,False,24.25,09:45,ENTERED,8801.25,8849.75,1.0,2020-03-03,2020
LONG20_FIRST_RED_GREEN_5M,LONG,7604.25,7604.0,1585317000,7630.75,1585317120,"{""adverse_ticks"": 1.0, ""stop_buffer_ticks"": 1.0}",120,NQ,2.25,27.0,TARGET_HIT,26.5,26.3,0.9924528301886792,1.0,True,False,26.5,09:50,ENTERED,7577.75,7630.75,1.0,2020-03-27,2020
LONG20_FIRST_RED_GREEN_5M,LONG,7671.5,7671.25,1585576200,7713.25,1585576980,"{""adverse_ticks"": 1.0, ""stop_buffer_ticks"": 1.0}",780,NQ,4.75,47.75,TARGET_HIT,41.75,41.55,0.9952095808383233,1.0,True,False,41.75,09:50,ENTERED,7629.75,7713.25,1.0,2020-03-30,2020
LONG20_FIRST_RED_GREEN_5M,LONG,7848.75,7848.5,1585662300,7818.75,1585662540,"{""adverse_ticks"": 1.0, ""stop_buffer_ticks"": 1.0}",240,NQ,33.0,3.25,STOP_HIT,-30.0,-30.2,-1.0066666666666666,-1.0,False,False,30.0,09:45,ENTERED,7818.75,7878.75,1.0,2020-03-31,2020
LONG20_FIRST_RED_GREEN_5M,LONG,7591.75,7591.5,1585749300,7565.75,1585749900,"{""adverse_ticks"": 1.0, ""stop_buffer_ticks"": 1.0}",600,NQ,27.25,16.25,STOP_HIT,-26.0,-26.2,-1.0076923076923077,-1.0,False,False,26.0,09:55,ENTERED,7565.75,7617.75,1.0,2020-04-01,2020
LONG20_FIRST_RED_GREEN_5M,LONG,7781.0,7780.75,1586180700,7812.25,1586181000,"{""adverse_ticks"": 1.0, ""stop_buffer_ticks"": 1.0}",300,NQ,0.0,46.75,TARGET_HIT,31.25,31.05,0.9936,1.0,True,False,31.25,09:45,ENTERED,7749.75,7812.25,1.0,2020-04-06,2020
LONG20_FIRST_RED_GREEN_5M,LONG,8235.0,8234.75,1586267100,8269.5,1586267580,"{""adverse_ticks"": 1.0, ""stop_buffer_ticks"": 1.0}",480,NQ,4.0,36.25,TARGET_HIT,34.5,34.3,0.9942028985507245,1.0,True,False,34.5,09:45,ENTERED,8200.5,8269.5,1.0,2020-04-07,2020
LONG20_FIRST_RED_GREEN_5M,LONG,8128.25,8128.0,1586353500,8100.75,1586353740,"{""adverse_ticks"": 1.0, ""stop_buffer_ticks"": 1.0}",240,NQ,35.5,8.75,STOP_HIT,-27.5,-27.7,-1.0072727272727273,-1.0,False,False,27.5,09:45,ENTERED,8100.75,8155.75,1.0,2020-04-08,2020
LONG20_FIRST_RED_GREEN_5M,LONG,8283.75,8283.5,1586439600,8237.25,1586441280,"{""adverse_ticks"": 1.0, ""stop_buffer_ticks"": 1.0}",1680,NQ,48.25,42.75,STOP_HIT,-46.5,-46.7,-1.0043010752688173,-1.0,False,False,46.5,09:40,ENTERED,8237.25,8330.25,1.0,2020-04-09,2020
LONG20_FIRST_RED_GREEN_5M,LONG,8179.5,8179.25,1586786100,8191.0,1586786100,"{""adverse_ticks"": 1.0, ""stop_buffer_ticks"": 1.0}",0,NQ,0.0,13.75,TARGET_HIT,11.5,11.3,0.982608695652174,1.0,True,False,11.5,09:55,ENTERED,8168.0,8191.0,1.0,2020-04-13,2020
LONG20_FIRST_RED_GREEN_5M,LONG,8575.75,8575.5,1586873400,8583.75,1586873400,"{""adverse_ticks"": 1.0, ""stop_buffer_ticks"": 1.0}",0,NQ,2.25,10.25,TARGET_HIT,8.0,7.8,0.975,1.0,True,False,8.0,10:10,ENTERED,8567.75,8583.75,1.0,2020-04-14,2020
LONG20_FIRST_RED_GREEN_5M,LONG,8501.75,8501.5,1586958600,8517.25,1586959080,"{""adverse_ticks"": 1.0, ""stop_buffer_ticks"": 1.0}",480,NQ,8.75,23.0,TARGET_HIT,15.5,15.3,0.9870967741935485,1.0,True,False,15.5,09:50,ENTERED,8486.25,8517.25,1.0,2020-04-15,2020
LONG20_FIRST_RED_GREEN_5M,LONG,8670.75,8670.5,1587044700,8646.25,1587045240,"{""adverse_ticks"": 1.0, ""stop_buffer_ticks"": 1.0}",540,NQ,26.25,17.5,STOP_HIT,-24.5,-24.7,-1.0081632653061223,-1.0,False,False,24.5,09:45,ENTERED,8646.25,8695.25,1.0,2020-04-16,2020
LONG20_FIRST_RED_GREEN_5M,LONG,8808.0,8807.75,1587131400,8763.75,1587134280,"{""adverse_ticks"": 1.0, ""stop_buffer_ticks"": 1.0}",2880,NQ,48.0,39.5,STOP_HIT,-44.25,-44.45,-1.0045197740112994,-1.0,False,False,44.25,09:50,ENTERED,8763.75,8852.25,1.0,2020-04-17,2020
LONG20_FIRST_RED_GREEN_5M,LONG,8763.25,8763.0,1587390600,8742.5,1587390720,"{""adverse_ticks"": 1.0, ""stop_buffer_ticks"": 1.0}",120,NQ,21.5,3.25,STOP_HIT,-20.75,-20.95,-1.0096385542168675,-1.0,False,False,20.75,09:50,ENTERED,8742.5,8784.0,1.0,2020-04-20,2020
LONG20_FIRST_RED_GREEN_5M,LONG,8571.25,8571.0,1587477000,8530.0,1587478620,"{""adverse_ticks"": 1.0, ""stop_buffer_ticks"": 1.0}",1620,NQ,44.0,19.25,STOP_HIT,-41.25,-41.45,-1.0048484848484849,-1.0,False,False,41.25,09:50,ENTERED,8530.0,8612.5,1.0,2020-04-21,2020
LONG20_FIRST_RED_GREEN_5M,LONG,8579.5,8579.25,1587562800,8541.5,1587563280,"{""adverse_ticks"": 1.0, ""stop_buffer_ticks"": 1.0}",480,NQ,45.5,18.75,STOP_HIT,-38.0,-38.2,-1.0052631578947369,-1.0,False,False,38.0,09:40,ENTERED,8541.5,8617.5,1.0,2020-04-22,2020
LONG20_FIRST_RED_GREEN_5M,LONG,8723.0,8722.75,1587650400,8740.5,1587650880,"{""adverse_ticks"": 1.0, ""stop_buffer_ticks"": 1.0}",480,NQ,13.5,18.0,TARGET_HIT,17.5,17.3,0.9885714285714287,1.0,True,False,17.5,10:00,ENTERED,8705.5,8740.5,1.0,2020-04-23,2020
LONG20_FIRST_RED_GREEN_5M,LONG,8639.5,8639.25,1587735600,8616.0,1587735960,"{""adverse_ticks"": 1.0, ""stop_buffer_ticks"": 1.0}",360,NQ,30.25,4.25,STOP_HIT,-23.5,-23.7,-1.0085106382978724,-1.0,False,False,23.5,09:40,ENTERED,8616.0,8663.0,1.0,2020-04-24,2020
LONG20_FIRST_RED_GREEN_5M,LONG,8836.25,8836.0,1587994800,8821.75,1587994860,"{""adverse_ticks"": 1.0, ""stop_buffer_ticks"": 1.0}",60,NQ,16.75,8.75,STOP_HIT,-14.5,-14.7,-1.013793103448276,-1.0,False,False,14.5,09:40,ENTERED,8821.75,8850.75,1.0,2020-04-27,2020
LONG20_FIRST_RED_GREEN_5M,LONG,8855.0,8854.75,1588082100,8849.0,1588082100,"{""adverse_ticks"": 1.0, ""stop_buffer_ticks"": 1.0}",0,NQ,12.25,0.75,STOP_HIT,-6.0,-6.2,-1.0333333333333334,-1.0,False,False,6.0,09:55,ENTERED,8849.0,8861.0,1.0,2020-04-28,2020
LONG20_FIRST_RED_GREEN_5M,LONG,8864.0,8863.75,1588167900,8912.25,1588170000,"{""adverse_ticks"": 1.0, ""stop_buffer_ticks"": 1.0}",2100,NQ,3.75,51.25,TARGET_HIT,48.25,48.05,0.9958549222797927,1.0,True,False,48.25,09:45,ENTERED,8815.75,8912.25,1.0,2020-04-29,2020
LONG20_FIRST_RED_GREEN_5M,LONG,8967.0,8966.75,1588254300,8996.5,1588254600,"{""adverse_ticks"": 1.0, ""stop_buffer_ticks"": 1.0}",300,NQ,11.0,30.0,TARGET_HIT,29.5,29.3,0.9932203389830508,1.0,True,False,29.5,09:45,ENTERED,8937.5,8996.5,1.0,2020-04-30,2020
LONG20_FIRST_RED_GREEN_5M,LONG,8832.0,8831.75,1588341000,8864.5,1588341720,"{""adverse_ticks"": 1.0, ""stop_buffer_ticks"": 1.0}",720,NQ,30.0,35.25,TARGET_HIT,32.5,32.3,0.9938461538461537,1.0,True,False,32.5,09:50,ENTERED,8799.5,8864.5,1.0,2020-05-01,2020
LONG20_FIRST_RED_GREEN_5M,LONG,8672.5,8672.25,1588599900,8693.5,1588600200,"{""adverse_ticks"": 1.0, ""stop_buffer_ticks"": 1.0}",300,NQ,5.75,23.5,TARGET_HIT,21.0,20.8,0.9904761904761905,1.0,True,False,21.0,09:45,ENTERED,8651.5,8693.5,1.0,2020-05-04,2020
LONG20_FIRST_RED_GREEN_5M,LONG,8932.5,8932.25,1588686300,8941.25,1588686420,"{""adverse_ticks"": 1.0, ""stop_buffer_ticks"": 1.0}",120,NQ,4.75,9.0,TARGET_HIT,8.75,8.55,0.9771428571428572,1.0,True,False,8.75,09:45,ENTERED,8923.75,8941.25,1.0,2020-05-05,2020
LONG20_FIRST_RED_GREEN_5M,LONG,9012.75,9012.5,1588773000,9003.5,1588773000,"{""adverse_ticks"": 1.0, ""stop_buffer_ticks"": 1.0}",0,NQ,9.25,4.75,STOP_HIT,-9.25,-9.45,-1.0216216216216216,-1.0,False,False,9.25,09:50,ENTERED,9003.5,9022.0,1.0,2020-05-06,2020
LONG20_FIRST_RED_GREEN_5M,LONG,9093.0,9092.75,1588859100,9057.75,1588860420,"{""adverse_ticks"": 1.0, ""stop_buffer_ticks"": 1.0}",1320,NQ,38.75,1.0,STOP_HIT,-35.25,-35.45,-1.0056737588652482,-1.0,False,False,35.25,09:45,ENTERED,9057.75,9128.25,1.0,2020-05-07,2020
LONG20_FIRST_RED_GREEN_5M,LONG,9135.5,9135.25,1588945200,9155.25,1588945680,"{""adverse_ticks"": 1.0, ""stop_buffer_ticks"": 1.0}",480,NQ,1.75,21.0,TARGET_HIT,19.75,19.55,0.989873417721519,1.0,True,False,19.75,09:40,ENTERED,9115.75,9155.25,1.0,2020-05-08,2020
LONG20_FIRST_RED_GREEN_5M,LONG,9207.5,9207.25,1589205000,9221.0,1589205120,"{""adverse_ticks"": 1.0, ""stop_buffer_ticks"": 1.0}",120,NQ,0.25,16.5,TARGET_HIT,13.5,13.3,0.9851851851851853,1.0,True,False,13.5,09:50,ENTERED,9194.0,9221.0,1.0,2020-05-11,2020
LONG20_FIRST_RED_GREEN_5M,LONG,9295.0,9294.75,1589291100,9264.25,1589291400,"{""adverse_ticks"": 1.0, ""stop_buffer_ticks"": 1.0}",300,NQ,32.0,9.75,STOP_HIT,-30.75,-30.95,-1.0065040650406505,-1.0,False,False,30.75,09:45,ENTERED,9264.25,9325.75,1.0,2020-05-12,2020
LONG20_FIRST_RED_GREEN_5M,LONG,9086.25,9086.0,1589377200,9130.0,1589378460,"{""adverse_ticks"": 1.0, ""stop_buffer_ticks"": 1.0}",1260,NQ,23.0,51.75,TARGET_HIT,43.75,43.55,0.9954285714285713,1.0,True,False,43.75,09:40,ENTERED,9042.5,9130.0,1.0,2020-05-13,2020
LONG20_FIRST_RED_GREEN_5M,LONG,8872.5,8872.25,1589464800,8891.5,1589465100,"{""adverse_ticks"": 1.0, ""stop_buffer_ticks"": 1.0}",300,NQ,13.0,23.75,TARGET_HIT,19.0,18.8,0.9894736842105264,1.0,True,False,19.0,10:00,ENTERED,8853.5,8891.5,1.0,2020-05-14,2020
LONG20_FIRST_RED_GREEN_5M,LONG,9011.25,9011.0,1589550900,9054.5,1589552100,"{""adverse_ticks"": 1.0, ""stop_buffer_ticks"": 1.0}",1200,NQ,12.25,46.25,TARGET_HIT,43.25,43.05,0.9953757225433525,1.0,True,False,43.25,09:55,ENTERED,8968.0,9054.5,1.0,2020-05-15,2020
LONG20_FIRST_RED_GREEN_5M,LONG,9271.75,9271.5,1589809200,9246.25,1589810040,"{""adverse_ticks"": 1.0, ""stop_buffer_ticks"": 1.0}",840,NQ,27.0,25.5,STOP_HIT,-25.5,-25.7,-1.007843137254902,-1.0,True,False,25.5,09:40,ENTERED,9246.25,9297.25,1.0,2020-05-18,2020
LONG20_FIRST_RED_GREEN_5M,LONG,9355.25,9355.0,1589896500,9382.5,1589896860,"{""adverse_ticks"": 1.0, ""stop_buffer_ticks"": 1.0}",360,NQ,0.0,29.75,TARGET_HIT,27.25,27.05,0.9926605504587156,1.0,True,False,27.25,09:55,ENTERED,9328.0,9382.5,1.0,2020-05-19,2020
LONG20_FIRST_RED_GREEN_5M,LONG,9468.0,9467.75,1589983800,9452.0,1589984760,"{""adverse_ticks"": 1.0, ""stop_buffer_ticks"": 1.0}",960,NQ,18.75,6.5,STOP_HIT,-16.0,-16.2,-1.0125,-1.0,False,False,16.0,10:10,ENTERED,9452.0,9484.0,1.0,2020-05-20,2020
LONG20_FIRST_RED_GREEN_5M,LONG,9496.5,9496.25,1590068400,9469.25,1590069240,"{""adverse_ticks"": 1.0, ""stop_buffer_ticks"": 1.0}",840,NQ,30.0,14.5,STOP_HIT,-27.25,-27.45,-1.0073394495412844,-1.0,False,False,27.25,09:40,ENTERED,9469.25,9523.75,1.0,2020-05-21,2020
LONG20_FIRST_RED_GREEN_5M,LONG,9336.75,9336.5,1590155100,9354.0,1590155280,"{""adverse_ticks"": 1.0, ""stop_buffer_ticks"": 1.0}",180,NQ,5.25,23.25,TARGET_HIT,17.25,17.05,0.9884057971014493,1.0,True,False,17.25,09:45,ENTERED,9319.5,9354.0,1.0,2020-05-22,2020
LONG20_FIRST_RED_GREEN_5M,LONG,9539.5,9539.25,1590500700,9519.0,1590501000,"{""adverse_ticks"": 1.0, ""stop_buffer_ticks"": 1.0}",300,NQ,27.0,7.5,STOP_HIT,-20.5,-20.7,-1.0097560975609756,-1.0,False,False,20.5,09:45,ENTERED,9519.0,9560.0,1.0,2020-05-26,2020
LONG20_FIRST_RED_GREEN_5M,LONG,9341.5,9341.25,1590587100,9324.0,1590587160,"{""adverse_ticks"": 1.0, ""stop_buffer_ticks"": 1.0}",60,NQ,27.75,0.5,STOP_HIT,-17.5,-17.7,-1.0114285714285713,-1.0,False,False,17.5,09:45,ENTERED,9324.0,9359.0,1.0,2020-05-27,2020
LONG20_FIRST_RED_GREEN_5M,LONG,9447.0,9446.75,1590674100,9429.75,1590674160,"{""adverse_ticks"": 1.0, ""stop_buffer_ticks"": 1.0}",60,NQ,20.75,0.0,STOP_HIT,-17.25,-17.45,-1.0115942028985507,-1.0,False,False,17.25,09:55,ENTERED,9429.75,9464.25,1.0,2020-05-28,2020
LONG20_FIRST_RED_GREEN_5M,LONG,9404.5,9404.25,1590762000,9390.5,1590762120,"{""adverse_ticks"": 1.0, ""stop_buffer_ticks"": 1.0}",120,NQ,24.0,6.75,STOP_HIT,-14.0,-14.2,-1.0142857142857142,-1.0,False,False,14.0,10:20,ENTERED,9390.5,9418.5,1.0,2020-05-29,2020
LONG20_FIRST_RED_GREEN_5M,LONG,9556.0,9555.75,1591019100,9603.0,1591032300,"{""adverse_ticks"": 1.0, ""stop_buffer_ticks"": 1.0}",13200,NQ,20.25,49.25,TARGET_HIT,47.0,46.8,0.9957446808510638,1.0,True,False,47.0,09:45,ENTERED,9509.0,9603.0,1.0,2020-06-01,2020
LONG20_FIRST_RED_GREEN_5M,LONG,9588.75,9588.5,1591105200,9570.0,1591105680,"{""adverse_ticks"": 1.0, ""stop_buffer_ticks"": 1.0}",480,NQ,30.25,0.0,STOP_HIT,-18.75,-18.95,-1.0106666666666666,-1.0,False,False,18.75,09:40,ENTERED,9570.0,9607.5,1.0,2020-06-02,2020
LONG20_FIRST_RED_GREEN_5M,LONG,9683.0,9682.75,1591191900,9650.5,1591200540,"{""adverse_ticks"": 1.0, ""stop_buffer_ticks"": 1.0}",8640,NQ,32.75,21.0,STOP_HIT,-32.5,-32.7,-1.0061538461538462,-1.0,False,False,32.5,09:45,ENTERED,9650.5,9715.5,1.0,2020-06-03,2020
LONG20_FIRST_RED_GREEN_5M,LONG,9721.25,9721.0,1591279800,9736.75,1591281120,"{""adverse_ticks"": 1.0, ""stop_buffer_ticks"": 1.0}",1320,NQ,12.0,17.0,TARGET_HIT,15.5,15.3,0.9870967741935485,1.0,True,False,15.5,10:10,ENTERED,9705.75,9736.75,1.0,2020-06-04,2020
LONG20_FIRST_RED_GREEN_5M,LONG,9762.5,9762.25,1591365900,9747.75,1591366140,"{""adverse_ticks"": 1.0, ""stop_buffer_ticks"": 1.0}",240,NQ,16.0,12.0,STOP_HIT,-14.75,-14.95,-1.0135593220338983,-1.0,False,False,14.75,10:05,ENTERED,9747.75,9777.25,1.0,2020-06-05,2020
LONG20_FIRST_RED_GREEN_5M,LONG,9812.75,9812.5,1591623600,9794.0,1591623600,"{""adverse_ticks"": 1.0, ""stop_buffer_ticks"": 1.0}",0,NQ,19.75,1.25,STOP_HIT,-18.75,-18.95,-1.0106666666666666,-1.0,False,False,18.75,09:40,ENTERED,9794.0,9831.5,1.0,2020-06-08,2020
LONG20_FIRST_RED_GREEN_5M,LONG,9905.5,9905.25,1591710900,9886.5,1591711200,"{""adverse_ticks"": 1.0, ""stop_buffer_ticks"": 1.0}",300,NQ,25.75,5.0,STOP_HIT,-19.0,-19.2,-1.0105263157894737,-1.0,False,False,19.0,09:55,ENTERED,9886.5,9924.5,1.0,2020-06-09,2020
LONG20_FIRST_RED_GREEN_5M,LONG,10055.75,10055.5,1591796400,10023.25,1591800960,"{""adverse_ticks"": 1.0, ""stop_buffer_ticks"": 1.0}",4560,NQ,35.0,22.25,STOP_HIT,-32.5,-32.7,-1.0061538461538462,-1.0,False,False,32.5,09:40,ENTERED,10023.25,10088.25,1.0,2020-06-10,2020
LONG20_FIRST_RED_GREEN_5M,LONG,9903.25,9903.0,1591883100,9930.75,1591883820,"{""adverse_ticks"": 1.0, ""stop_buffer_ticks"": 1.0}",720,NQ,14.0,27.75,TARGET_HIT,27.5,27.3,0.9927272727272728,1.0,True,False,27.5,09:45,ENTERED,9875.75,9930.75,1.0,2020-06-11,2020
LONG20_FIRST_RED_GREEN_5M,LONG,9816.5,9816.25,1591970700,9795.75,1591971120,"{""adverse_ticks"": 1.0, ""stop_buffer_ticks"": 1.0}",420,NQ,23.5,2.25,STOP_HIT,-20.75,-20.95,-1.0096385542168675,-1.0,False,False,20.75,10:05,ENTERED,9795.75,9837.25,1.0,2020-06-12,2020
LONG20_FIRST_RED_GREEN_5M,LONG,9554.5,9554.25,1592228400,9625.75,1592229960,"{""adverse_ticks"": 1.0, ""stop_buffer_ticks"": 1.0}",1560,NQ,40.25,72.0,TARGET_HIT,71.25,71.05,0.9971929824561403,1.0,True,False,71.25,09:40,ENTERED,9483.25,9625.75,1.0,2020-06-15,2020
LONG20_FIRST_RED_GREEN_5M,LONG,9982.75,9982.5,1592315100,9940.25,1592318460,"{""adverse_ticks"": 1.0, ""stop_buffer_ticks"": 1.0}",3360,NQ,46.25,19.25,STOP_HIT,-42.5,-42.7,-1.0047058823529413,-1.0,False,False,42.5,09:45,ENTERED,9940.25,10025.25,1.0,2020-06-16,2020
LONG20_FIRST_RED_GREEN_5M,LONG,10012.25,10012.0,1592401500,9975.5,1592402220,"{""adverse_ticks"": 1.0, ""stop_buffer_ticks"": 1.0}",720,NQ,40.0,6.0,STOP_HIT,-36.75,-36.95,-1.0054421768707484,-1.0,False,False,36.75,09:45,ENTERED,9975.5,10049.0,1.0,2020-06-17,2020
LONG20_FIRST_RED_GREEN_5M,LONG,9977.0,9976.75,1592487900,9941.5,1592490780,"{""adverse_ticks"": 1.0, ""stop_buffer_ticks"": 1.0}",2880,NQ,52.5,15.25,STOP_HIT,-35.5,-35.7,-1.0056338028169014,-1.0,False,False,35.5,09:45,ENTERED,9941.5,10012.5,1.0,2020-06-18,2020
LONG20_FIRST_RED_GREEN_5M,LONG,10095.0,10094.75,1592574000,10075.0,1592577960,"{""adverse_ticks"": 1.0, ""stop_buffer_ticks"": 1.0}",3960,NQ,27.25,14.5,STOP_HIT,-20.0,-20.2,-1.01,-1.0,False,False,20.0,09:40,ENTERED,10075.0,10115.0,1.0,2020-06-19,2020
LONG20_FIRST_RED_GREEN_5M,LONG,9989.5,9989.25,1592833500,10003.5,1592833980,"{""adverse_ticks"": 1.0, ""stop_buffer_ticks"": 1.0}",480,NQ,6.5,23.5,TARGET_HIT,14.0,13.8,0.9857142857142858,1.0,True,False,14.0,09:45,ENTERED,9975.5,10003.5,1.0,2020-06-22,2020
LONG20_FIRST_RED_GREEN_5M,LONG,10188.25,10188.0,1592919600,10218.0,1592922600,"{""adverse_ticks"": 1.0, ""stop_buffer_ticks"": 1.0}",3000,NQ,24.0,34.75,TARGET_HIT,29.75,29.55,0.9932773109243698,1.0,True,False,29.75,09:40,ENTERED,10158.5,10218.0,1.0,2020-06-23,2020
LONG20_FIRST_RED_GREEN_5M,LONG,10093.0,10092.75,1593007800,10115.0,1593007980,"{""adverse_ticks"": 1.0, ""stop_buffer_ticks"": 1.0}",180,NQ,7.5,22.5,TARGET_HIT,22.0,21.8,0.990909090909091,1.0,True,False,22.0,10:10,ENTERED,10071.0,10115.0,1.0,2020-06-24,2020
LONG20_FIRST_RED_GREEN_5M,LONG,9934.25,9934.0,1593093300,9983.25,1593094860,"{""adverse_ticks"": 1.0, ""stop_buffer_ticks"": 1.0}",1560,NQ,10.0,51.5,TARGET_HIT,49.0,48.8,0.9959183673469387,1.0,True,False,49.0,09:55,ENTERED,9885.25,9983.25,1.0,2020-06-25,2020
LONG20_FIRST_RED_GREEN_5M,LONG,10014.5,10014.25,1593179400,9995.0,1593180060,"{""adverse_ticks"": 1.0, ""stop_buffer_ticks"": 1.0}",660,NQ,25.25,9.0,STOP_HIT,-19.5,-19.7,-1.0102564102564102,-1.0,False,False,19.5,09:50,ENTERED,9995.0,10034.0,1.0,2020-06-26,2020
LONG20_FIRST_RED_GREEN_5M,LONG,9759.25,9759.0,1593438900,9790.0,1593439140,"{""adverse_ticks"": 1.0, ""stop_buffer_ticks"": 1.0}",240,NQ,6.0,34.5,TARGET_HIT,30.75,30.55,0.9934959349593496,1.0,True,False,30.75,09:55,ENTERED,9728.5,9790.0,1.0,2020-06-29,2020
LONG20_FIRST_RED_GREEN_5M,LONG,10029.5,10029.25,1593525600,10064.0,1593529140,"{""adverse_ticks"": 1.0, ""stop_buffer_ticks"": 1.0}",3540,NQ,10.25,37.75,TARGET_HIT,34.5,34.3,0.9942028985507245,1.0,True,False,34.5,10:00,ENTERED,9995.0,10064.0,1.0,2020-06-30,2020
LONG20_FIRST_RED_GREEN_5M,LONG,10171.0,10170.75,1593611100,10131.0,1593611640,"{""adverse_ticks"": 1.0, ""stop_buffer_ticks"": 1.0}",540,NQ,42.5,1.5,STOP_HIT,-40.0,-40.2,-1.0050000000000001,-1.0,False,False,40.0,09:45,ENTERED,10131.0,10211.0,1.0,2020-07-01,2020
LONG20_FIRST_RED_GREEN_5M,LONG,10404.75,10404.5,1593697500,10378.0,1593700080,"{""adverse_ticks"": 1.0, ""stop_buffer_ticks"": 1.0}",2580,NQ,32.25,17.75,STOP_HIT,-26.75,-26.95,-1.0074766355140186,-1.0,False,False,26.75,09:45,ENTERED,10378.0,10431.5,1.0,2020-07-02,2020
LONG20_FIRST_RED_GREEN_5M,LONG,10490.5,10490.25,1594043100,10505.0,1594043700,"{""adverse_ticks"": 1.0, ""stop_buffer_ticks"": 1.0}",600,NQ,8.5,18.75,TARGET_HIT,14.5,14.3,0.9862068965517242,1.0,True,False,14.5,09:45,ENTERED,10476.0,10505.0,1.0,2020-07-06,2020
LONG20_FIRST_RED_GREEN_5M,LONG,10609.0,10608.75,1594129500,10661.0,1594131420,"{""adverse_ticks"": 1.0, ""stop_buffer_ticks"": 1.0}",1920,NQ,10.75,54.75,TARGET_HIT,52.0,51.8,0.9961538461538461,1.0,True,False,52.0,09:45,ENTERED,10557.0,10661.0,1.0,2020-07-07,2020
LONG20_FIRST_RED_GREEN_5M,LONG,10623.25,10623.0,1594217400,10633.75,1594217520,"{""adverse_ticks"": 1.0, ""stop_buffer_ticks"": 1.0}",120,NQ,8.0,13.5,TARGET_HIT,10.5,10.3,0.980952380952381,1.0,True,False,10.5,10:10,ENTERED,10612.75,10633.75,1.0,2020-07-08,2020
LONG20_FIRST_RED_GREEN_5M,LONG,10704.0,10703.75,1594302600,10719.25,1594302780,"{""adverse_ticks"": 1.0, ""stop_buffer_ticks"": 1.0}",180,NQ,1.0,16.5,TARGET_HIT,15.25,15.05,0.9868852459016394,1.0,True,False,15.25,09:50,ENTERED,10688.75,10719.25,1.0,2020-07-09,2020
LONG20_FIRST_RED_GREEN_5M,LONG,10695.75,10695.5,1594388700,10656.75,1594389600,"{""adverse_ticks"": 1.0, ""stop_buffer_ticks"": 1.0}",900,NQ,54.5,7.75,STOP_HIT,-39.0,-39.2,-1.005128205128205,-1.0,False,False,39.0,09:45,ENTERED,10656.75,10734.75,1.0,2020-07-10,2020
LONG20_FIRST_RED_GREEN_5M,LONG,10985.0,10984.75,1594649400,11027.0,1594652280,"{""adverse_ticks"": 1.0, ""stop_buffer_ticks"": 1.0}",2880,NQ,14.75,44.25,TARGET_HIT,42.0,41.8,0.9952380952380951,1.0,True,False,42.0,10:10,ENTERED,10943.0,11027.0,1.0,2020-07-13,2020
LONG20_FIRST_RED_GREEN_5M,LONG,10473.25,10473.0,1594735200,10386.5,1594735920,"{""adverse_ticks"": 1.0, ""stop_buffer_ticks"": 1.0}",720,NQ,96.25,12.0,STOP_HIT,-86.75,-86.95,-1.0023054755043228,-1.0,False,False,86.75,10:00,ENTERED,10386.5,10560.0,1.0,2020-07-14,2020
LONG20_FIRST_RED_GREEN_5M,LONG,10763.5,10763.25,1594820700,10677.0,1594825380,"{""adverse_ticks"": 1.0, ""stop_buffer_ticks"": 1.0}",4680,NQ,100.0,2.75,STOP_HIT,-86.5,-86.7,-1.0023121387283238,-1.0,False,False,86.5,09:45,ENTERED,10677.0,10850.0,1.0,2020-07-15,2020
LONG20_FIRST_RED_GREEN_5M,LONG,10592.5,10592.25,1594906800,10537.25,1594908060,"{""adverse_ticks"": 1.0, ""stop_buffer_ticks"": 1.0}",1260,NQ,70.0,7.5,STOP_HIT,-55.25,-55.45,-1.0036199095022624,-1.0,False,False,55.25,09:40,ENTERED,10537.25,10647.75,1.0,2020-07-16,2020
LONG20_FIRST_RED_GREEN_5M,LONG,10591.5,10591.25,1594994100,10567.0,1594995840,"{""adverse_ticks"": 1.0, ""stop_buffer_ticks"": 1.0}",1740,NQ,35.75,23.0,STOP_HIT,-24.5,-24.7,-1.0081632653061223,-1.0,False,False,24.5,09:55,ENTERED,10567.0,10616.0,1.0,2020-07-17,2020
LONG20_FIRST_RED_GREEN_5M,LONG,10649.25,10649.0,1595253000,10693.0,1595253360,"{""adverse_ticks"": 1.0, ""stop_buffer_ticks"": 1.0}",360,NQ,2.5,46.0,TARGET_HIT,43.75,43.55,0.9954285714285713,1.0,True,False,43.75,09:50,ENTERED,10605.5,10693.0,1.0,2020-07-20,2020
LONG20_FIRST_RED_GREEN_5M,LONG,10933.75,10933.5,1595339400,10905.5,1595340600,"{""adverse_ticks"": 1.0, ""stop_buffer_ticks"": 1.0}",1200,NQ,38.5,27.0,STOP_HIT,-28.25,-28.45,-1.0070796460176992,-1.0,False,False,28.25,09:50,ENTERED,10905.5,10962.0,1.0,2020-07-21,2020
LONG20_FIRST_RED_GREEN_5M,LONG,10849.0,10848.75,1595425800,10873.25,1595425860,"{""adverse_ticks"": 1.0, ""stop_buffer_ticks"": 1.0}",60,NQ,0.0,26.0,TARGET_HIT,24.25,24.05,0.9917525773195877,1.0,True,False,24.25,09:50,ENTERED,10824.75,10873.25,1.0,2020-07-22,2020
LONG20_FIRST_RED_GREEN_5M,LONG,10826.5,10826.25,1595511600,10854.25,1595511960,"{""adverse_ticks"": 1.0, ""stop_buffer_ticks"": 1.0}",360,NQ,5.0,31.75,TARGET_HIT,27.75,27.55,0.9927927927927929,1.0,True,False,27.75,09:40,ENTERED,10798.75,10854.25,1.0,2020-07-23,2020
LONG20_FIRST_RED_GREEN_5M,LONG,10357.75,10357.5,1595598300,10414.75,1595599620,"{""adverse_ticks"": 1.0, ""stop_buffer_ticks"": 1.0}",1320,NQ,35.75,66.75,TARGET_HIT,57.0,56.8,0.9964912280701754,1.0,True,False,57.0,09:45,ENTERED,10300.75,10414.75,1.0,2020-07-24,2020
LONG20_FIRST_RED_GREEN_5M,LONG,10621.25,10621.0,1595858700,10610.0,1595858700,"{""adverse_ticks"": 1.0, ""stop_buffer_ticks"": 1.0}",0,NQ,15.0,0.75,STOP_HIT,-11.25,-11.45,-1.0177777777777777,-1.0,False,False,11.25,10:05,ENTERED,10610.0,10632.5,1.0,2020-07-27,2020
LONG20_FIRST_RED_GREEN_5M,LONG,10613.25,10613.0,1595943900,10578.75,1595944260,"{""adverse_ticks"": 1.0, ""stop_buffer_ticks"": 1.0}",360,NQ,39.5,15.75,STOP_HIT,-34.5,-34.7,-1.0057971014492755,-1.0,False,False,34.5,09:45,ENTERED,10578.75,10647.75,1.0,2020-07-28,2020
LONG20_FIRST_RED_GREEN_5M,LONG,10584.25,10584.0,1596030900,10597.75,1596030960,"{""adverse_ticks"": 1.0, ""stop_buffer_ticks"": 1.0}",60,NQ,0.5,17.25,TARGET_HIT,13.5,13.3,0.9851851851851853,1.0,True,False,13.5,09:55,ENTERED,10570.75,10597.75,1.0,2020-07-29,2020
LONG20_FIRST_RED_GREEN_5M,LONG,10599.0,10598.75,1596117000,10576.25,1596117180,"{""adverse_ticks"": 1.0, ""stop_buffer_ticks"": 1.0}",180,NQ,27.25,7.75,STOP_HIT,-22.75,-22.95,-1.0087912087912088,-1.0,False,False,22.75,09:50,ENTERED,10576.25,10621.75,1.0,2020-07-30,2020
LONG20_FIRST_RED_GREEN_5M,LONG,10824.75,10824.5,1596203100,10779.75,1596204180,"{""adverse_ticks"": 1.0, ""stop_buffer_ticks"": 1.0}",1080,NQ,49.5,18.5,STOP_HIT,-45.0,-45.2,-1.0044444444444445,-1.0,False,False,45.0,09:45,ENTERED,10779.75,10869.75,1.0,2020-07-31,2020
LONG20_FIRST_RED_GREEN_5M,LONG,11043.0,11042.75,1596462300,11004.0,1596465960,"{""adverse_ticks"": 1.0, ""stop_buffer_ticks"": 1.0}",3660,NQ,41.25,25.0,STOP_HIT,-39.0,-39.2,-1.005128205128205,-1.0,False,False,39.0,09:45,ENTERED,11004.0,11082.0,1.0,2020-08-03,2020
LONG20_FIRST_RED_GREEN_5M,LONG,11048.25,11048.0,1596548700,11006.0,1596565860,"{""adverse_ticks"": 1.0, ""stop_buffer_ticks"": 1.0}",17160,NQ,48.75,34.0,STOP_HIT,-42.25,-42.45,-1.004733727810651,-1.0,False,False,42.25,09:45,ENTERED,11006.0,11090.5,1.0,2020-08-04,2020
LONG20_FIRST_RED_GREEN_5M,LONG,11080.5,11080.25,1596634800,11096.75,1596635400,"{""adverse_ticks"": 1.0, ""stop_buffer_ticks"": 1.0}",600,NQ,15.5,18.25,TARGET_HIT,16.25,16.05,0.9876923076923078,1.0,True,False,16.25,09:40,ENTERED,11064.25,11096.75,1.0,2020-08-05,2020
LONG20_FIRST_RED_GREEN_5M,LONG,11098.25,11098.0,1596721500,11081.0,1596721800,"{""adverse_ticks"": 1.0, ""stop_buffer_ticks"": 1.0}",300,NQ,25.0,4.75,STOP_HIT,-17.25,-17.45,-1.0115942028985507,-1.0,False,False,17.25,09:45,ENTERED,11081.0,11115.5,1.0,2020-08-06,2020
LONG20_FIRST_RED_GREEN_5M,LONG,11226.75,11226.5,1596807900,11246.0,1596808140,"{""adverse_ticks"": 1.0, ""stop_buffer_ticks"": 1.0}",240,NQ,5.75,20.5,TARGET_HIT,19.25,19.05,0.9896103896103896,1.0,True,False,19.25,09:45,ENTERED,11207.5,11246.0,1.0,2020-08-07,2020
LONG20_FIRST_RED_GREEN_5M,LONG,11135.75,11135.5,1597066800,11116.0,1597067460,"{""adverse_ticks"": 1.0, ""stop_buffer_ticks"": 1.0}",660,NQ,24.75,11.25,STOP_HIT,-19.75,-19.95,-1.010126582278481,-1.0,False,False,19.75,09:40,ENTERED,11116.0,11155.5,1.0,2020-08-10,2020
LONG20_FIRST_RED_GREEN_5M,LONG,11010.25,11010.0,1597153200,10955.75,1597154820,"{""adverse_ticks"": 1.0, ""stop_buffer_ticks"": 1.0}",1620,NQ,61.25,32.25,STOP_HIT,-54.5,-54.7,-1.0036697247706423,-1.0,False,False,54.5,09:40,ENTERED,10955.75,11064.75,1.0,2020-08-11,2020
LONG20_FIRST_RED_GREEN_5M,LONG,11030.75,11030.5,1597240200,11078.5,1597241760,"{""adverse_ticks"": 1.0, ""stop_buffer_ticks"": 1.0}",1560,NQ,13.5,48.5,TARGET_HIT,47.75,47.55,0.9958115183246072,1.0,True,False,47.75,09:50,ENTERED,10983.0,11078.5,1.0,2020-08-12,2020
LONG20_FIRST_RED_GREEN_5M,LONG,11215.25,11215.0,1597327200,11259.25,1597331340,"{""adverse_ticks"": 1.0, ""stop_buffer_ticks"": 1.0}",4140,NQ,38.0,44.75,TARGET_HIT,44.0,43.8,0.9954545454545454,1.0,True,False,44.0,10:00,ENTERED,11171.25,11259.25,1.0,2020-08-13,2020
LONG20_FIRST_RED_GREEN_5M,LONG,11201.75,11201.5,1597412400,11157.25,1597412760,"{""adverse_ticks"": 1.0, ""stop_buffer_ticks"": 1.0}",360,NQ,44.25,1.75,STOP_HIT,-44.5,-44.7,-1.0044943820224719,-1.0,False,False,44.5,09:40,ENTERED,11157.25,11246.25,1.0,2020-08-14,2020
LONG20_FIRST_RED_GREEN_5M,LONG,11250.0,11249.75,1597674300,11262.5,1597674660,"{""adverse_ticks"": 1.0, ""stop_buffer_ticks"": 1.0}",360,NQ,2.25,13.25,TARGET_HIT,12.5,12.3,0.9840000000000001,1.0,True,False,12.5,10:25,ENTERED,11237.5,11262.5,1.0,2020-08-17,2020
LONG20_FIRST_RED_GREEN_5M,LONG,11372.5,11372.25,1597758600,11358.0,1597758720,"{""adverse_ticks"": 1.0, ""stop_buffer_ticks"": 1.0}",120,NQ,21.5,2.75,STOP_HIT,-14.5,-14.7,-1.013793103448276,-1.0,False,False,14.5,09:50,ENTERED,11358.0,11387.0,1.0,2020-08-18,2020
LONG20_FIRST_RED_GREEN_5M,LONG,11353.0,11352.75,1597845600,11373.75,1597846080,"{""adverse_ticks"": 1.0, ""stop_buffer_ticks"": 1.0}",480,NQ,6.75,24.75,TARGET_HIT,20.75,20.55,0.9903614457831326,1.0,True,False,20.75,10:00,ENTERED,11332.25,11373.75,1.0,2020-08-19,2020
LONG20_FIRST_RED_GREEN_5M,LONG,11369.5,11369.25,1597932600,11357.75,1597932660,"{""adverse_ticks"": 1.0, ""stop_buffer_ticks"": 1.0}",60,NQ,13.25,5.0,STOP_HIT,-11.75,-11.95,-1.0170212765957447,-1.0,False,False,11.75,10:10,ENTERED,11357.75,11381.25,1.0,2020-08-20,2020
LONG20_FIRST_RED_GREEN_5M,LONG,11485.75,11485.5,1598017500,11516.25,1598019960,"{""adverse_ticks"": 1.0, ""stop_buffer_ticks"": 1.0}",2460,NQ,17.5,32.5,TARGET_HIT,30.5,30.3,0.9934426229508196,1.0,True,False,30.5,09:45,ENTERED,11455.25,11516.25,1.0,2020-08-21,2020
LONG20_FIRST_RED_GREEN_5M,LONG,11656.25,11656.0,1598277600,11613.75,1598277780,"{""adverse_ticks"": 1.0, ""stop_buffer_ticks"": 1.0}",180,NQ,45.25,3.0,STOP_HIT,-42.5,-42.7,-1.0047058823529413,-1.0,False,False,42.5,10:00,ENTERED,11613.75,11698.75,1.0,2020-08-24,2020
LONG20_FIRST_RED_GREEN_5M,LONG,11619.75,11619.5,1598363100,11584.75,1598363700,"{""adverse_ticks"": 1.0, ""stop_buffer_ticks"": 1.0}",600,NQ,36.5,8.0,STOP_HIT,-35.0,-35.2,-1.0057142857142858,-1.0,False,False,35.0,09:45,ENTERED,11584.75,11654.75,1.0,2020-08-25,2020
LONG20_FIRST_RED_GREEN_5M,LONG,11780.25,11780.0,1598449500,11789.0,1598449560,"{""adverse_ticks"": 1.0, ""stop_buffer_ticks"": 1.0}",60,NQ,7.5,10.5,TARGET_HIT,8.75,8.55,0.9771428571428572,1.0,True,False,8.75,09:45,ENTERED,11771.5,11789.0,1.0,2020-08-26,2020
LONG20_FIRST_RED_GREEN_5M,LONG,11966.25,11966.0,1598535900,11911.75,1598537160,"{""adverse_ticks"": 1.0, ""stop_buffer_ticks"": 1.0}",1260,NQ,56.5,40.75,STOP_HIT,-54.5,-54.7,-1.0036697247706423,-1.0,False,False,54.5,09:45,ENTERED,11911.75,12020.75,1.0,2020-08-27,2020
LONG20_FIRST_RED_GREEN_5M,LONG,11994.75,11994.5,1598622300,11973.0,1598622360,"{""adverse_ticks"": 1.0, ""stop_buffer_ticks"": 1.0}",60,NQ,31.25,0.25,STOP_HIT,-21.75,-21.95,-1.0091954022988505,-1.0,False,False,21.75,09:45,ENTERED,11973.0,12016.5,1.0,2020-08-28,2020
LONG20_FIRST_RED_GREEN_5M,LONG,12041.0,12040.75,1598881500,12088.5,1598885760,"{""adverse_ticks"": 1.0, ""stop_buffer_ticks"": 1.0}",4260,NQ,24.75,47.75,TARGET_HIT,47.5,47.3,0.9957894736842104,1.0,True,False,47.5,09:45,ENTERED,11993.5,12088.5,1.0,2020-08-31,2020
LONG20_FIRST_RED_GREEN_5M,LONG,12164.25,12164.0,1598967600,12203.75,1598968320,"{""adverse_ticks"": 1.0, ""stop_buffer_ticks"": 1.0}",720,NQ,2.0,49.0,TARGET_HIT,39.5,39.3,0.9949367088607595,1.0,True,False,39.5,09:40,ENTERED,12124.75,12203.75,1.0,2020-09-01,2020
LONG20_FIRST_RED_GREEN_5M,LONG,12404.5,12404.25,1599054300,12358.25,1599054660,"{""adverse_ticks"": 1.0, ""stop_buffer_ticks"": 1.0}",360,NQ,62.0,0.5,STOP_HIT,-46.25,-46.45,-1.0043243243243243,-1.0,False,False,46.25,09:45,ENTERED,12358.25,12450.75,1.0,2020-09-02,2020
LONG20_FIRST_RED_GREEN_5M,LONG,12214.75,12214.5,1599140400,12166.5,1599140520,"{""adverse_ticks"": 1.0, ""stop_buffer_ticks"": 1.0}",120,NQ,63.5,1.5,STOP_HIT,-48.25,-48.45,-1.0041450777202072,-1.0,False,False,48.25,09:40,ENTERED,12166.5,12263.0,1.0,2020-09-03,2020
LONG20_FIRST_RED_GREEN_5M,LONG,11541.75,11541.5,1599228000,11582.75,1599228120,"{""adverse_ticks"": 1.0, ""stop_buffer_ticks"": 1.0}",120,NQ,20.75,65.25,TARGET_HIT,41.0,40.8,0.9951219512195121,1.0,True,False,41.0,10:00,ENTERED,11500.75,11582.75,1.0,2020-09-04,2020
LONG20_FIRST_RED_GREEN_5M,LONG,11183.0,11182.75,1599573000,11249.25,1599573180,"{""adverse_ticks"": 1.0, ""stop_buffer_ticks"": 1.0}",180,NQ,17.0,70.0,TARGET_HIT,66.25,66.05,0.9969811320754717,1.0,True,False,66.25,09:50,ENTERED,11116.75,11249.25,1.0,2020-09-08,2020
LONG20_FIRST_RED_GREEN_5M,LONG,11262.0,11261.75,1599659100,11206.75,1599659460,"{""adverse_ticks"": 1.0, ""stop_buffer_ticks"": 1.0}",360,NQ,73.5,15.25,STOP_HIT,-55.25,-55.45,-1.0036199095022624,-1.0,False,False,55.25,09:45,ENTERED,11206.75,11317.25,1.0,2020-09-09,2020
LONG20_FIRST_RED_GREEN_5M,LONG,11505.0,11504.75,1599746100,11553.75,1599746580,"{""adverse_ticks"": 1.0, ""stop_buffer_ticks"": 1.0}",480,NQ,9.0,53.5,TARGET_HIT,48.75,48.55,0.9958974358974358,1.0,True,False,48.75,09:55,ENTERED,11456.25,11553.75,1.0,2020-09-10,2020
LONG20_FIRST_RED_GREEN_5M,LONG,11203.25,11203.0,1599831600,11239.75,1599832020,"{""adverse_ticks"": 1.0, ""stop_buffer_ticks"": 1.0}",420,NQ,24.75,36.75,TARGET_HIT,36.5,36.3,0.9945205479452054,1.0,True,False,36.5,09:40,ENTERED,11166.75,11239.75,1.0,2020-09-11,2020
LONG20_FIRST_RED_GREEN_5M,LONG,11224.0,11223.75,1600090800,11253.5,1600090800,"{""adverse_ticks"": 1.0, ""stop_buffer_ticks"": 1.0}",0,NQ,7.75,33.5,TARGET_HIT,29.5,29.3,0.9932203389830508,1.0,True,False,29.5,09:40,ENTERED,11194.5,11253.5,1.0,2020-09-14,2020
LONG20_FIRST_RED_GREEN_5M,LONG,11464.5,11464.25,1600263600,11434.0,1600263840,"{""adverse_ticks"": 1.0, ""stop_buffer_ticks"": 1.0}",240,NQ,42.5,13.5,STOP_HIT,-30.5,-30.7,-1.0065573770491802,-1.0,False,False,30.5,09:40,ENTERED,11434.0,11495.0,1.0,2020-09-16,2020
LONG20_FIRST_RED_GREEN_5M,LONG,11425.25,11425.0,1602078300,11407.5,1602079080,"{""adverse_ticks"": 1.0, ""stop_buffer_ticks"": 1.0}",780,NQ,17.5,12.75,STOP_HIT,-17.75,-17.95,-1.0112676056338028,-1.0,False,False,17.75,09:45,ENTERED,11407.5,11443.0,1.0,2020-10-07,2020
LONG20_FIRST_RED_GREEN_5M,LONG,11620.25,11620.0,1602251100,11635.75,1602251400,"{""adverse_ticks"": 1.0, ""stop_buffer_ticks"": 1.0}",300,NQ,11.5,15.75,TARGET_HIT,15.5,15.3,0.9870967741935485,1.0,True,False,15.5,09:45,ENTERED,11604.75,11635.75,1.0,2020-10-09,2020
LONG20_FIRST_RED_GREEN_5M,LONG,11920.5,11920.25,1602510000,11875.25,1602510720,"{""adverse_ticks"": 1.0, ""stop_buffer_ticks"": 1.0}",720,NQ,53.0,7.0,STOP_HIT,-45.25,-45.45,-1.0044198895027625,-1.0,False,False,45.25,09:40,ENTERED,11875.25,11965.75,1.0,2020-10-12,2020
LONG20_FIRST_RED_GREEN_5M,LONG,12045.75,12045.5,1602596700,12040.25,1602596700,"{""adverse_ticks"": 1.0, ""stop_buffer_ticks"": 1.0}",0,NQ,13.5,2.25,STOP_HIT,-5.5,-5.7,-1.0363636363636364,-1.0,False,False,5.5,09:45,ENTERED,12040.25,12051.25,1.0,2020-10-13,2020
LONG20_FIRST_RED_GREEN_5M,LONG,12132.0,12131.75,1602682800,12071.0,1602685500,"{""adverse_ticks"": 1.0, ""stop_buffer_ticks"": 1.0}",2700,NQ,75.0,21.25,STOP_HIT,-61.0,-61.2,-1.0032786885245901,-1.0,False,False,61.0,09:40,ENTERED,12071.0,12193.0,1.0,2020-10-14,2020
LONG20_FIRST_RED_GREEN_5M,LONG,11875.5,11875.25,1602770100,11835.0,1602770820,"{""adverse_ticks"": 1.0, ""stop_buffer_ticks"": 1.0}",720,NQ,44.25,4.75,STOP_HIT,-40.5,-40.7,-1.0049382716049384,-1.0,False,False,40.5,09:55,ENTERED,11835.0,11916.0,1.0,2020-10-15,2020
LONG20_FIRST_RED_GREEN_5M,LONG,11958.0,11957.75,1602855900,11989.5,1602856980,"{""adverse_ticks"": 1.0, ""stop_buffer_ticks"": 1.0}",1080,NQ,28.75,35.5,TARGET_HIT,31.5,31.3,0.9936507936507937,1.0,True,False,31.5,09:45,ENTERED,11926.5,11989.5,1.0,2020-10-16,2020
LONG20_FIRST_RED_GREEN_5M,LONG,11832.75,11832.5,1603116900,11857.0,1603117500,"{""adverse_ticks"": 1.0, ""stop_buffer_ticks"": 1.0}",600,NQ,7.5,25.5,TARGET_HIT,24.25,24.05,0.9917525773195877,1.0,True,False,24.25,10:15,ENTERED,11808.5,11857.0,1.0,2020-10-19,2020
LONG20_FIRST_RED_GREEN_5M,LONG,11674.25,11674.0,1603201500,11717.0,1603202700,"{""adverse_ticks"": 1.0, ""stop_buffer_ticks"": 1.0}",1200,NQ,35.75,47.75,TARGET_HIT,42.75,42.55,0.9953216374269005,1.0,True,False,42.75,09:45,ENTERED,11631.5,11717.0,1.0,2020-10-20,2020
LONG20_FIRST_RED_GREEN_5M,LONG,11753.75,11753.5,1603289400,11770.0,1603289640,"{""adverse_ticks"": 1.0, ""stop_buffer_ticks"": 1.0}",240,NQ,5.25,18.75,TARGET_HIT,16.25,16.05,0.9876923076923078,1.0,True,False,16.25,10:10,ENTERED,11737.5,11770.0,1.0,2020-10-21,2020
LONG20_FIRST_RED_GREEN_5M,LONG,11704.5,11704.25,1603374300,11672.25,1603374600,"{""adverse_ticks"": 1.0, ""stop_buffer_ticks"": 1.0}",300,NQ,36.25,2.25,STOP_HIT,-32.25,-32.45,-1.006201550387597,-1.0,False,False,32.25,09:45,ENTERED,11672.25,11736.75,1.0,2020-10-22,2020
LONG20_FIRST_RED_GREEN_5M,LONG,11614.75,11614.5,1603461300,11590.0,1603461600,"{""adverse_ticks"": 1.0, ""stop_buffer_ticks"": 1.0}",300,NQ,30.75,13.75,STOP_HIT,-24.75,-24.95,-1.0080808080808081,-1.0,False,False,24.75,09:55,ENTERED,11590.0,11639.5,1.0,2020-10-23,2020
LONG20_FIRST_RED_GREEN_5M,LONG,11641.5,11641.25,1603720200,11662.25,1603720320,"{""adverse_ticks"": 1.0, ""stop_buffer_ticks"": 1.0}",120,NQ,2.5,30.0,TARGET_HIT,20.75,20.55,0.9903614457831326,1.0,True,False,20.75,09:50,ENTERED,11620.75,11662.25,1.0,2020-10-26,2020
LONG20_FIRST_RED_GREEN_5M,LONG,11544.5,11544.25,1603806000,11498.0,1603808520,"{""adverse_ticks"": 1.0, ""stop_buffer_ticks"": 1.0}",2520,NQ,55.0,33.75,STOP_HIT,-46.5,-46.7,-1.0043010752688173,-1.0,False,False,46.5,09:40,ENTERED,11498.0,11591.0,1.0,2020-10-27,2020
LONG20_FIRST_RED_GREEN_5M,LONG,11369.0,11368.75,1603892400,11344.0,1603892400,"{""adverse_ticks"": 1.0, ""stop_buffer_ticks"": 1.0}",0,NQ,34.0,7.75,STOP_HIT,-25.0,-25.2,-1.008,-1.0,False,False,25.0,09:40,ENTERED,11344.0,11394.0,1.0,2020-10-28,2020
LONG20_FIRST_RED_GREEN_5M,LONG,11613.75,11613.5,1604501100,11670.75,1604502240,"{""adverse_ticks"": 1.0, ""stop_buffer_ticks"": 1.0}",1140,NQ,47.75,81.0,TARGET_HIT,57.0,56.8,0.9964912280701754,1.0,True,False,57.0,09:45,ENTERED,11556.75,11670.75,1.0,2020-11-04,2020
LONG20_FIRST_RED_GREEN_5M,LONG,12044.5,12044.25,1604587200,12067.25,1604609700,"{""adverse_ticks"": 1.0, ""stop_buffer_ticks"": 1.0}",22500,NQ,69.25,68.0,TIME_EXIT,22.75,22.55,0.31319444444444444,0.3159722222222222,False,False,72.0,09:40,ENTERED,11972.5,12116.5,1.0,2020-11-05,2020
LONG20_FIRST_RED_GREEN_5M,LONG,11927.0,11926.75,1604674200,11911.25,1604674320,"{""adverse_ticks"": 1.0, ""stop_buffer_ticks"": 1.0}",120,NQ,20.0,10.5,STOP_HIT,-15.75,-15.95,-1.0126984126984127,-1.0,False,False,15.75,09:50,ENTERED,11911.25,11942.75,1.0,2020-11-06,2020
LONG20_FIRST_RED_GREEN_5M,LONG,12106.0,12105.75,1604932800,12071.5,1604932860,"{""adverse_ticks"": 1.0, ""stop_buffer_ticks"": 1.0}",60,NQ,44.0,14.25,STOP_HIT,-34.5,-34.7,-1.0057971014492755,-1.0,False,False,34.5,09:40,ENTERED,12071.5,12140.5,1.0,2020-11-09,2020
LONG20_FIRST_RED_GREEN_5M,LONG,11952.25,11952.0,1605537600,12017.0,1605542400,"{""adverse_ticks"": 1.0, ""stop_buffer_ticks"": 1.0}",4800,NQ,19.5,73.0,TARGET_HIT,64.75,64.55,0.9969111969111969,1.0,True,False,64.75,09:40,ENTERED,11887.5,12017.0,1.0,2020-11-16,2020
LONG20_FIRST_RED_GREEN_5M,LONG,11992.0,11991.75,1605624900,11968.5,1605625140,"{""adverse_ticks"": 1.0, ""stop_buffer_ticks"": 1.0}",240,NQ,30.25,12.25,STOP_HIT,-23.5,-23.7,-1.0085106382978724,-1.0,False,False,23.5,09:55,ENTERED,11968.5,12015.5,1.0,2020-11-17,2020
LONG20_FIRST_RED_GREEN_5M,LONG,11977.75,11977.5,1605710400,11942.75,1605711120,"{""adverse_ticks"": 1.0, ""stop_buffer_ticks"": 1.0}",720,NQ,44.5,11.0,STOP_HIT,-35.0,-35.2,-1.0057142857142858,-1.0,False,False,35.0,09:40,ENTERED,11942.75,12012.75,1.0,2020-11-18,2020
LONG20_FIRST_RED_GREEN_5M,LONG,11864.25,11864.0,1605796800,11887.0,1605797040,"{""adverse_ticks"": 1.0, ""stop_buffer_ticks"": 1.0}",240,NQ,19.5,30.5,TARGET_HIT,22.75,22.55,0.9912087912087912,1.0,True,False,22.75,09:40,ENTERED,11841.5,11887.0,1.0,2020-11-19,2020
LONG20_FIRST_RED_GREEN_5M,LONG,11969.75,11969.5,1605883500,11951.75,1605884100,"{""adverse_ticks"": 1.0, ""stop_buffer_ticks"": 1.0}",600,NQ,20.5,13.5,STOP_HIT,-18.0,-18.2,-1.011111111111111,-1.0,False,False,18.0,09:45,ENTERED,11951.75,11987.75,1.0,2020-11-20,2020
LONG20_FIRST_RED_GREEN_5M,LONG,11916.25,11916.0,1606144800,11891.75,1606145100,"{""adverse_ticks"": 1.0, ""stop_buffer_ticks"": 1.0}",300,NQ,40.5,0.25,STOP_HIT,-24.5,-24.7,-1.0081632653061223,-1.0,False,False,24.5,10:20,ENTERED,11891.75,11940.75,1.0,2020-11-23,2020
LONG20_FIRST_RED_GREEN_5M,LONG,11892.75,11892.5,1606229400,11913.0,1606229700,"{""adverse_ticks"": 1.0, ""stop_buffer_ticks"": 1.0}",300,NQ,4.0,26.25,TARGET_HIT,20.25,20.05,0.9901234567901235,1.0,True,False,20.25,09:50,ENTERED,11872.5,11913.0,1.0,2020-11-24,2020
LONG20_FIRST_RED_GREEN_5M,LONG,12139.5,12139.25,1606316100,12109.5,1606316460,"{""adverse_ticks"": 1.0, ""stop_buffer_ticks"": 1.0}",360,NQ,34.25,6.0,STOP_HIT,-30.0,-30.2,-1.0066666666666666,-1.0,False,False,30.0,09:55,ENTERED,12109.5,12169.5,1.0,2020-11-25,2020
LONG20_FIRST_RED_GREEN_5M,LONG,12258.5,12258.25,1606748100,12223.25,1606749780,"{""adverse_ticks"": 1.0, ""stop_buffer_ticks"": 1.0}",1680,NQ,38.0,10.75,STOP_HIT,-35.25,-35.45,-1.0056737588652482,-1.0,False,False,35.25,09:55,ENTERED,12223.25,12293.75,1.0,2020-11-30,2020
LONG20_FIRST_RED_GREEN_5M,LONG,12358.25,12358.0,1606833600,12382.5,1606833960,"{""adverse_ticks"": 1.0, ""stop_buffer_ticks"": 1.0}",360,NQ,11.5,31.5,TARGET_HIT,24.25,24.05,0.9917525773195877,1.0,True,False,24.25,09:40,ENTERED,12334.0,12382.5,1.0,2020-12-01,2020
LONG20_FIRST_RED_GREEN_5M,LONG,12324.75,12324.5,1606920600,12316.0,1606920600,"{""adverse_ticks"": 1.0, ""stop_buffer_ticks"": 1.0}",0,NQ,12.0,4.75,STOP_HIT,-8.75,-8.95,-1.0228571428571427,-1.0,False,False,8.75,09:50,ENTERED,12316.0,12333.5,1.0,2020-12-02,2020
LONG20_FIRST_RED_GREEN_5M,LONG,12496.5,12496.25,1607007000,12518.25,1607007780,"{""adverse_ticks"": 1.0, ""stop_buffer_ticks"": 1.0}",780,NQ,20.5,22.0,TARGET_HIT,21.75,21.55,0.9908045977011495,1.0,True,False,21.75,09:50,ENTERED,12474.75,12518.25,1.0,2020-12-03,2020
LONG20_FIRST_RED_GREEN_5M,LONG,12473.25,12473.0,1607092800,12498.25,1607093340,"{""adverse_ticks"": 1.0, ""stop_buffer_ticks"": 1.0}",540,NQ,12.75,26.5,TARGET_HIT,25.0,24.8,0.992,1.0,True,False,25.0,09:40,ENTERED,12448.25,12498.25,1.0,2020-12-04,2020
LONG20_FIRST_RED_GREEN_5M,LONG,12584.75,12584.5,1607353200,12607.5,1607357340,"{""adverse_ticks"": 1.0, ""stop_buffer_ticks"": 1.0}",4140,NQ,8.25,24.75,TARGET_HIT,22.75,22.55,0.9912087912087912,1.0,True,False,22.75,10:00,ENTERED,12562.0,12607.5,1.0,2020-12-07,2020
LONG20_FIRST_RED_GREEN_5M,LONG,12556.75,12556.5,1607438700,12536.0,1607438820,"{""adverse_ticks"": 1.0, ""stop_buffer_ticks"": 1.0}",120,NQ,25.0,4.0,STOP_HIT,-20.75,-20.95,-1.0096385542168675,-1.0,False,False,20.75,09:45,ENTERED,12536.0,12577.5,1.0,2020-12-08,2020
LONG20_FIRST_RED_GREEN_5M,LONG,12606.25,12606.0,1607524800,12625.0,1607525040,"{""adverse_ticks"": 1.0, ""stop_buffer_ticks"": 1.0}",240,NQ,3.0,20.0,TARGET_HIT,18.75,18.55,0.9893333333333334,1.0,True,False,18.75,09:40,ENTERED,12587.5,12625.0,1.0,2020-12-09,2020
LONG20_FIRST_RED_GREEN_5M,LONG,12304.5,12304.25,1607611200,12391.0,1607612880,"{""adverse_ticks"": 1.0, ""stop_buffer_ticks"": 1.0}",1680,NQ,3.25,92.0,TARGET_HIT,86.5,86.3,0.9976878612716763,1.0,True,False,86.5,09:40,ENTERED,12218.0,12391.0,1.0,2020-12-10,2020
LONG20_FIRST_RED_GREEN_5M,LONG,12330.25,12330.0,1607697600,12296.75,1607697720,"{""adverse_ticks"": 1.0, ""stop_buffer_ticks"": 1.0}",120,NQ,38.25,5.75,STOP_HIT,-33.5,-33.7,-1.0059701492537314,-1.0,False,False,33.5,09:40,ENTERED,12296.75,12363.75,1.0,2020-12-11,2020
LONG20_FIRST_RED_GREEN_5M,LONG,12492.0,12491.75,1607957400,12484.5,1607957580,"{""adverse_ticks"": 1.0, ""stop_buffer_ticks"": 1.0}",180,NQ,7.75,3.5,STOP_HIT,-7.5,-7.7,-1.0266666666666666,-1.0,False,False,7.5,09:50,ENTERED,12484.5,12499.5,1.0,2020-12-14,2020
LONG20_FIRST_RED_GREEN_5M,LONG,12572.5,12572.25,1608043800,12546.5,1608045300,"{""adverse_ticks"": 1.0, ""stop_buffer_ticks"": 1.0}",1500,NQ,28.0,11.5,STOP_HIT,-26.0,-26.2,-1.0076923076923077,-1.0,False,False,26.0,09:50,ENTERED,12546.5,12598.5,1.0,2020-12-15,2020
LONG20_FIRST_RED_GREEN_5M,LONG,12595.5,12595.25,1608130200,12619.25,1608131340,"{""adverse_ticks"": 1.0, ""stop_buffer_ticks"": 1.0}",1140,NQ,0.0,24.25,TARGET_HIT,23.75,23.55,0.9915789473684211,1.0,True,False,23.75,09:50,ENTERED,12571.75,12619.25,1.0,2020-12-16,2020
LONG20_FIRST_RED_GREEN_5M,LONG,12754.25,12754.0,1608216600,12733.5,1608216960,"{""adverse_ticks"": 1.0, ""stop_buffer_ticks"": 1.0}",360,NQ,25.75,2.25,STOP_HIT,-20.75,-20.95,-1.0096385542168675,-1.0,False,False,20.75,09:50,ENTERED,12733.5,12775.0,1.0,2020-12-17,2020
LONG20_FIRST_RED_GREEN_5M,LONG,12760.5,12760.25,1608302400,12749.0,1608302520,"{""adverse_ticks"": 1.0, ""stop_buffer_ticks"": 1.0}",120,NQ,12.25,5.25,STOP_HIT,-11.5,-11.7,-1.017391304347826,-1.0,False,False,11.5,09:40,ENTERED,12749.0,12772.0,1.0,2020-12-18,2020
LONG20_FIRST_RED_GREEN_5M,LONG,12586.0,12585.75,1608562500,12607.25,1608562500,"{""adverse_ticks"": 1.0, ""stop_buffer_ticks"": 1.0}",0,NQ,0.25,22.75,TARGET_HIT,21.25,21.05,0.9905882352941177,1.0,True,False,21.25,09:55,ENTERED,12564.75,12607.25,1.0,2020-12-21,2020
LONG20_FIRST_RED_GREEN_5M,LONG,12703.5,12703.25,1608648000,12728.75,1608648600,"{""adverse_ticks"": 1.0, ""stop_buffer_ticks"": 1.0}",600,NQ,10.25,31.25,TARGET_HIT,25.25,25.05,0.9920792079207921,1.0,True,False,25.25,09:40,ENTERED,12678.25,12728.75,1.0,2020-12-22,2020
LONG20_FIRST_RED_GREEN_5M,LONG,12690.5,12690.25,1608734400,12676.25,1608734640,"{""adverse_ticks"": 1.0, ""stop_buffer_ticks"": 1.0}",240,NQ,21.75,5.75,STOP_HIT,-14.25,-14.45,-1.0140350877192983,-1.0,False,False,14.25,09:40,ENTERED,12676.25,12704.75,1.0,2020-12-23,2020
LONG20_FIRST_RED_GREEN_5M,LONG,12808.5,12808.25,1609166400,12788.5,1609167000,"{""adverse_ticks"": 1.0, ""stop_buffer_ticks"": 1.0}",600,NQ,22.25,8.75,STOP_HIT,-20.0,-20.2,-1.01,-1.0,False,False,20.0,09:40,ENTERED,12788.5,12828.5,1.0,2020-12-28,2020
LONG20_FIRST_RED_GREEN_5M,LONG,12901.75,12901.5,1609253400,12890.25,1609253640,"{""adverse_ticks"": 1.0, ""stop_buffer_ticks"": 1.0}",240,NQ,12.25,11.5,STOP_HIT,-11.5,-11.7,-1.017391304347826,-1.0,True,False,11.5,09:50,ENTERED,12890.25,12913.25,1.0,2020-12-29,2020
LONG20_FIRST_RED_GREEN_5M,LONG,12870.5,12870.25,1609339800,12851.25,1609340040,"{""adverse_ticks"": 1.0, ""stop_buffer_ticks"": 1.0}",240,NQ,20.5,1.75,STOP_HIT,-19.25,-19.45,-1.0103896103896104,-1.0,False,False,19.25,09:50,ENTERED,12851.25,12889.75,1.0,2020-12-30,2020
LONG20_FIRST_RED_GREEN_5M,LONG,12851.25,12851.0,1609425600,12823.75,1609426560,"{""adverse_ticks"": 1.0, ""stop_buffer_ticks"": 1.0}",960,NQ,28.5,6.5,STOP_HIT,-27.5,-27.7,-1.0072727272727273,-1.0,False,False,27.5,09:40,ENTERED,12823.75,12878.75,1.0,2020-12-31,2020
LONG20_FIRST_RED_GREEN_5M,LONG,12890.75,12890.5,1609771500,12858.0,1609773060,"{""adverse_ticks"": 1.0, ""stop_buffer_ticks"": 1.0}",1560,NQ,40.25,20.0,STOP_HIT,-32.75,-32.95,-1.0061068702290077,-1.0,False,False,32.75,09:45,ENTERED,12858.0,12923.5,1.0,2021-01-04,2021
LONG20_FIRST_RED_GREEN_5M,LONG,12763.25,12763.0,1609858500,12729.0,1609859940,"{""adverse_ticks"": 1.0, ""stop_buffer_ticks"": 1.0}",1440,NQ,38.0,21.0,STOP_HIT,-34.25,-34.45,-1.0058394160583943,-1.0,False,False,34.25,09:55,ENTERED,12729.0,12797.5,1.0,2021-01-05,2021
LONG20_FIRST_RED_GREEN_5M,LONG,12616.5,12616.25,1609944000,12682.0,1609945800,"{""adverse_ticks"": 1.0, ""stop_buffer_ticks"": 1.0}",1800,NQ,26.5,71.5,TARGET_HIT,65.5,65.3,0.9969465648854962,1.0,True,False,65.5,09:40,ENTERED,12551.0,12682.0,1.0,2021-01-06,2021
LONG20_FIRST_RED_GREEN_5M,LONG,12808.75,12808.5,1610031300,12837.5,1610031540,"{""adverse_ticks"": 1.0, ""stop_buffer_ticks"": 1.0}",240,NQ,0.5,31.25,TARGET_HIT,28.75,28.55,0.9930434782608696,1.0,True,False,28.75,09:55,ENTERED,12780.0,12837.5,1.0,2021-01-07,2021
LONG20_FIRST_RED_GREEN_5M,LONG,13038.5,13038.25,1610117100,13007.75,1610117220,"{""adverse_ticks"": 1.0, ""stop_buffer_ticks"": 1.0}",120,NQ,44.75,6.5,STOP_HIT,-30.75,-30.95,-1.0065040650406505,-1.0,False,False,30.75,09:45,ENTERED,13007.75,13069.25,1.0,2021-01-08,2021
LONG20_FIRST_RED_GREEN_5M,LONG,12933.0,12932.75,1610376900,12974.0,1610377560,"{""adverse_ticks"": 1.0, ""stop_buffer_ticks"": 1.0}",660,NQ,5.5,48.5,TARGET_HIT,41.0,40.8,0.9951219512195121,1.0,True,False,41.0,09:55,ENTERED,12892.0,12974.0,1.0,2021-01-11,2021
LONG20_FIRST_RED_GREEN_5M,LONG,12890.75,12890.5,1610463600,12842.75,1610471040,"{""adverse_ticks"": 1.0, ""stop_buffer_ticks"": 1.0}",7440,NQ,56.5,37.0,STOP_HIT,-48.0,-48.2,-1.0041666666666667,-1.0,False,False,48.0,10:00,ENTERED,12842.75,12938.75,1.0,2021-01-12,2021
LONG20_FIRST_RED_GREEN_5M,LONG,12910.75,12910.5,1610549400,12957.25,1610552340,"{""adverse_ticks"": 1.0, ""stop_buffer_ticks"": 1.0}",2940,NQ,39.5,49.0,TARGET_HIT,46.5,46.3,0.9956989247311827,1.0,True,False,46.5,09:50,ENTERED,12864.25,12957.25,1.0,2021-01-13,2021
LONG20_FIRST_RED_GREEN_5M,LONG,12993.5,12993.25,1610636400,13018.5,1610638860,"{""adverse_ticks"": 1.0, ""stop_buffer_ticks"": 1.0}",2460,NQ,12.75,26.5,TARGET_HIT,25.0,24.8,0.992,1.0,True,False,25.0,10:00,ENTERED,12968.5,13018.5,1.0,2021-01-14,2021
LONG20_FIRST_RED_GREEN_5M,LONG,12916.5,12916.25,1610722200,12896.75,1610722500,"{""adverse_ticks"": 1.0, ""stop_buffer_ticks"": 1.0}",300,NQ,28.0,5.25,STOP_HIT,-19.75,-19.95,-1.010126582278481,-1.0,False,False,19.75,09:50,ENTERED,12896.75,12936.25,1.0,2021-01-15,2021
LONG20_FIRST_RED_GREEN_5M,LONG,12884.75,12884.5,1611068400,12860.25,1611068520,"{""adverse_ticks"": 1.0, ""stop_buffer_ticks"": 1.0}",120,NQ,26.75,6.5,STOP_HIT,-24.5,-24.7,-1.0081632653061223,-1.0,False,False,24.5,10:00,ENTERED,12860.25,12909.25,1.0,2021-01-19,2021
LONG20_FIRST_RED_GREEN_5M,LONG,13164.5,13164.25,1611154800,13168.5,1611154800,"{""adverse_ticks"": 1.0, ""stop_buffer_ticks"": 1.0}",0,NQ,0.25,8.5,TARGET_HIT,4.0,3.8,0.95,1.0,True,True,4.0,10:00,ENTERED,13160.5,13168.5,1.0,2021-01-20,2021
LONG20_FIRST_RED_GREEN_5M,LONG,13303.75,13303.5,1611240000,13315.75,1611240000,"{""adverse_ticks"": 1.0, ""stop_buffer_ticks"": 1.0}",0,NQ,9.25,15.75,TARGET_HIT,12.0,11.8,0.9833333333333334,1.0,True,False,12.0,09:40,ENTERED,13291.75,13315.75,1.0,2021-01-21,2021
LONG20_FIRST_RED_GREEN_5M,LONG,13383.25,13383.0,1611327600,13369.0,1611328440,"{""adverse_ticks"": 1.0, ""stop_buffer_ticks"": 1.0}",840,NQ,17.0,8.75,STOP_HIT,-14.25,-14.45,-1.0140350877192983,-1.0,False,False,14.25,10:00,ENTERED,13369.0,13397.5,1.0,2021-01-22,2021
LONG20_FIRST_RED_GREEN_5M,LONG,13539.0,13538.75,1611586800,13513.25,1611588420,"{""adverse_ticks"": 1.0, ""stop_buffer_ticks"": 1.0}",1620,NQ,28.5,12.0,STOP_HIT,-25.75,-25.95,-1.007766990291262,-1.0,False,False,25.75,10:00,ENTERED,13513.25,13564.75,1.0,2021-01-25,2021
LONG20_FIRST_RED_GREEN_5M,LONG,13456.75,13456.5,1611672600,13487.0,1611673320,"{""adverse_ticks"": 1.0, ""stop_buffer_ticks"": 1.0}",720,NQ,20.25,34.0,TARGET_HIT,30.25,30.05,0.9933884297520661,1.0,True,False,30.25,09:50,ENTERED,13426.5,13487.0,1.0,2021-01-26,2021
LONG20_FIRST_RED_GREEN_5M,LONG,13217.75,13217.5,1611759300,13264.5,1611759420,"{""adverse_ticks"": 1.0, ""stop_buffer_ticks"": 1.0}",120,NQ,2.0,60.25,TARGET_HIT,46.75,46.55,0.9957219251336897,1.0,True,False,46.75,09:55,ENTERED,13171.0,13264.5,1.0,2021-01-27,2021
LONG20_FIRST_RED_GREEN_5M,LONG,13237.75,13237.5,1611845100,13347.5,1611854220,"{""adverse_ticks"": 1.0, ""stop_buffer_ticks"": 1.0}",9120,NQ,61.25,110.0,TARGET_HIT,109.75,109.55,0.9981776765375854,1.0,True,False,109.75,09:45,ENTERED,13128.0,13347.5,1.0,2021-01-28,2021
LONG20_FIRST_RED_GREEN_5M,LONG,13052.75,13052.5,1611931800,13107.75,1611933000,"{""adverse_ticks"": 1.0, ""stop_buffer_ticks"": 1.0}",1200,NQ,28.5,57.75,TARGET_HIT,55.0,54.8,0.9963636363636363,1.0,True,False,55.0,09:50,ENTERED,12997.75,13107.75,1.0,2021-01-29,2021
LONG20_FIRST_RED_GREEN_5M,LONG,13385.5,13385.25,1612278300,13404.0,1612278600,"{""adverse_ticks"": 1.0, ""stop_buffer_ticks"": 1.0}",300,NQ,16.75,20.5,TARGET_HIT,18.5,18.3,0.9891891891891892,1.0,True,False,18.5,10:05,ENTERED,13367.0,13404.0,1.0,2021-02-02,2021
LONG20_FIRST_RED_GREEN_5M,LONG,13486.25,13486.0,1612363500,13511.25,1612364220,"{""adverse_ticks"": 1.0, ""stop_buffer_ticks"": 1.0}",720,NQ,14.25,26.25,TARGET_HIT,25.0,24.8,0.992,1.0,True,False,25.0,09:45,ENTERED,13461.25,13511.25,1.0,2021-02-03,2021
LONG20_FIRST_RED_GREEN_5M,LONG,13447.0,13446.75,1612449600,13412.0,1612450920,"{""adverse_ticks"": 1.0, ""stop_buffer_ticks"": 1.0}",1320,NQ,48.5,14.75,STOP_HIT,-35.0,-35.2,-1.0057142857142858,-1.0,False,False,35.0,09:40,ENTERED,13412.0,13482.0,1.0,2021-02-04,2021
LONG20_FIRST_RED_GREEN_5M,LONG,13566.5,13566.25,1612536300,13544.25,1612536900,"{""adverse_ticks"": 1.0, ""stop_buffer_ticks"": 1.0}",600,NQ,26.5,14.0,STOP_HIT,-22.25,-22.45,-1.0089887640449438,-1.0,False,False,22.25,09:45,ENTERED,13544.25,13588.75,1.0,2021-02-05,2021
LONG20_FIRST_RED_GREEN_5M,LONG,13656.0,13655.75,1612795500,13679.5,1612796820,"{""adverse_ticks"": 1.0, ""stop_buffer_ticks"": 1.0}",1320,NQ,13.0,27.0,TARGET_HIT,23.5,23.3,0.9914893617021276,1.0,True,False,23.5,09:45,ENTERED,13632.5,13679.5,1.0,2021-02-08,2021
LONG20_FIRST_RED_GREEN_5M,LONG,13676.75,13676.5,1612881900,13699.0,1612882620,"{""adverse_ticks"": 1.0, ""stop_buffer_ticks"": 1.0}",720,NQ,2.5,24.25,TARGET_HIT,22.25,22.05,0.9910112359550562,1.0,True,False,22.25,09:45,ENTERED,13654.5,13699.0,1.0,2021-02-09,2021
LONG20_FIRST_RED_GREEN_5M,LONG,13735.75,13735.5,1612968000,13716.0,1612968060,"{""adverse_ticks"": 1.0, ""stop_buffer_ticks"": 1.0}",60,NQ,21.25,1.0,STOP_HIT,-19.75,-19.95,-1.010126582278481,-1.0,False,False,19.75,09:40,ENTERED,13716.0,13755.5,1.0,2021-02-10,2021
LONG20_FIRST_RED_GREEN_5M,LONG,13722.0,13721.75,1613055000,13702.25,1613055000,"{""adverse_ticks"": 1.0, ""stop_buffer_ticks"": 1.0}",0,NQ,22.75,2.5,STOP_HIT,-19.75,-19.95,-1.010126582278481,-1.0,False,False,19.75,09:50,ENTERED,13702.25,13741.75,1.0,2021-02-11,2021
LONG20_FIRST_RED_GREEN_5M,LONG,13679.0,13678.75,1613140800,13712.25,1613144280,"{""adverse_ticks"": 1.0, ""stop_buffer_ticks"": 1.0}",3480,NQ,14.5,35.5,TARGET_HIT,33.25,33.05,0.993984962406015,1.0,True,False,33.25,09:40,ENTERED,13645.75,13712.25,1.0,2021-02-12,2021
LONG20_FIRST_RED_GREEN_5M,LONG,13856.25,13856.0,1613486700,13811.25,1613491680,"{""adverse_ticks"": 1.0, ""stop_buffer_ticks"": 1.0}",4980,NQ,52.75,19.5,STOP_HIT,-45.0,-45.2,-1.0044444444444445,-1.0,False,False,45.0,09:45,ENTERED,13811.25,13901.25,1.0,2021-02-16,2021
LONG20_FIRST_RED_GREEN_5M,LONG,13645.0,13644.75,1613572800,13679.5,1613573400,"{""adverse_ticks"": 1.0, ""stop_buffer_ticks"": 1.0}",600,NQ,7.5,39.5,TARGET_HIT,34.5,34.3,0.9942028985507245,1.0,True,False,34.5,09:40,ENTERED,13610.5,13679.5,1.0,2021-02-17,2021
LONG20_FIRST_RED_GREEN_5M,LONG,13563.0,13562.75,1613659500,13527.25,1613660700,"{""adverse_ticks"": 1.0, ""stop_buffer_ticks"": 1.0}",1200,NQ,45.75,20.75,STOP_HIT,-35.75,-35.95,-1.0055944055944057,-1.0,False,False,35.75,09:45,ENTERED,13527.25,13598.75,1.0,2021-02-18,2021
LONG20_FIRST_RED_GREEN_5M,LONG,13669.75,13669.5,1613745900,13648.0,1613745960,"{""adverse_ticks"": 1.0, ""stop_buffer_ticks"": 1.0}",60,NQ,26.25,1.75,STOP_HIT,-21.75,-21.95,-1.0091954022988505,-1.0,False,False,21.75,09:45,ENTERED,13648.0,13691.5,1.0,2021-02-19,2021
LONG20_FIRST_RED_GREEN_5M,LONG,13404.25,13404.0,1614004800,13358.25,1614007320,"{""adverse_ticks"": 1.0, ""stop_buffer_ticks"": 1.0}",2520,NQ,54.0,42.0,STOP_HIT,-46.0,-46.2,-1.0043478260869565,-1.0,False,False,46.0,09:40,ENTERED,13358.25,13450.25,1.0,2021-02-22,2021
LONG20_FIRST_RED_GREEN_5M,LONG,13162.25,13162.0,1614266400,13203.25,1614266460,"{""adverse_ticks"": 1.0, ""stop_buffer_ticks"": 1.0}",60,NQ,0.25,45.0,TARGET_HIT,41.0,40.8,0.9951219512195121,1.0,True,False,41.0,10:20,ENTERED,13121.25,13203.25,1.0,2021-02-25,2021
LONG20_FIRST_RED_GREEN_5M,LONG,13079.25,13079.0,1614609900,13118.25,1614610920,"{""adverse_ticks"": 1.0, ""stop_buffer_ticks"": 1.0}",1020,NQ,38.0,41.0,TARGET_HIT,39.0,38.8,0.9948717948717948,1.0,True,False,39.0,09:45,ENTERED,13040.25,13118.25,1.0,2021-03-01,2021
LONG20_FIRST_RED_GREEN_5M,LONG,13211.5,13211.25,1614696900,13244.0,1614697740,"{""adverse_ticks"": 1.0, ""stop_buffer_ticks"": 1.0}",840,NQ,8.0,33.75,TARGET_HIT,32.5,32.3,0.9938461538461537,1.0,True,False,32.5,09:55,ENTERED,13179.0,13244.0,1.0,2021-03-02,2021
LONG20_FIRST_RED_GREEN_5M,LONG,12821.0,12820.75,1616766600,12778.5,1616768580,"{""adverse_ticks"": 1.0, ""stop_buffer_ticks"": 1.0}",1980,NQ,43.75,35.0,STOP_HIT,-42.5,-42.7,-1.0047058823529413,-1.0,False,False,42.5,09:50,ENTERED,12778.5,12863.5,1.0,2021-03-26,2021
LONG20_FIRST_RED_GREEN_5M,LONG,12929.5,12929.25,1617025800,12903.0,1617026040,"{""adverse_ticks"": 1.0, ""stop_buffer_ticks"": 1.0}",240,NQ,42.5,9.25,STOP_HIT,-26.5,-26.7,-1.0075471698113208,-1.0,False,False,26.5,09:50,ENTERED,12903.0,12956.0,1.0,2021-03-29,2021
LONG20_FIRST_RED_GREEN_5M,LONG,13282.75,13282.5,1617285000,13287.5,1617285000,"{""adverse_ticks"": 1.0, ""stop_buffer_ticks"": 1.0}",0,NQ,0.5,10.5,TARGET_HIT,4.75,4.55,0.9578947368421052,1.0,True,True,4.75,09:50,ENTERED,13278.0,13287.5,1.0,2021-04-01,2021
LONG20_FIRST_RED_GREEN_5M,LONG,13439.5,13439.25,1617630300,13457.25,1617630360,"{""adverse_ticks"": 1.0, ""stop_buffer_ticks"": 1.0}",60,NQ,0.0,25.75,TARGET_HIT,17.75,17.55,0.9887323943661972,1.0,True,False,17.75,09:45,ENTERED,13421.75,13457.25,1.0,2021-04-05,2021
LONG20_FIRST_RED_GREEN_5M,LONG,13567.5,13567.25,1617716400,13596.5,1617717540,"{""adverse_ticks"": 1.0, ""stop_buffer_ticks"": 1.0}",1140,NQ,11.0,30.5,TARGET_HIT,29.0,28.8,0.993103448275862,1.0,True,False,29.0,09:40,ENTERED,13538.5,13596.5,1.0,2021-04-06,2021
LONG20_FIRST_RED_GREEN_5M,LONG,13525.75,13525.5,1617802800,13539.25,1617802860,"{""adverse_ticks"": 1.0, ""stop_buffer_ticks"": 1.0}",60,NQ,2.75,20.25,TARGET_HIT,13.5,13.3,0.9851851851851853,1.0,True,False,13.5,09:40,ENTERED,13512.25,13539.25,1.0,2021-04-07,2021
LONG20_FIRST_RED_GREEN_5M,LONG,13730.0,13729.75,1617890100,13704.0,1617891120,"{""adverse_ticks"": 1.0, ""stop_buffer_ticks"": 1.0}",1020,NQ,33.75,25.25,STOP_HIT,-26.0,-26.2,-1.0076923076923077,-1.0,False,False,26.0,09:55,ENTERED,13704.0,13756.0,1.0,2021-04-08,2021
LONG20_FIRST_RED_GREEN_5M,LONG,13702.25,13702.0,1617975900,13746.5,1617977520,"{""adverse_ticks"": 1.0, ""stop_buffer_ticks"": 1.0}",1620,NQ,9.25,45.0,TARGET_HIT,44.25,44.05,0.9954802259887005,1.0,True,False,44.25,09:45,ENTERED,13658.0,13746.5,1.0,2021-04-09,2021
LONG20_FIRST_RED_GREEN_5M,LONG,13800.75,13800.5,1618234800,13776.25,1618235280,"{""adverse_ticks"": 1.0, ""stop_buffer_ticks"": 1.0}",480,NQ,28.0,6.75,STOP_HIT,-24.5,-24.7,-1.0081632653061223,-1.0,False,False,24.5,09:40,ENTERED,13776.25,13825.25,1.0,2021-04-12,2021
LONG20_FIRST_RED_GREEN_5M,LONG,13925.25,13925.0,1618321800,13938.25,1618321980,"{""adverse_ticks"": 1.0, ""stop_buffer_ticks"": 1.0}",180,NQ,3.0,19.75,TARGET_HIT,13.0,12.8,0.9846153846153847,1.0,True,False,13.0,09:50,ENTERED,13912.25,13938.25,1.0,2021-04-13,2021
LONG20_FIRST_RED_GREEN_5M,LONG,13973.0,13972.75,1618407900,13943.0,1618408920,"{""adverse_ticks"": 1.0, ""stop_buffer_ticks"": 1.0}",1020,NQ,34.25,2.25,STOP_HIT,-30.0,-30.2,-1.0066666666666666,-1.0,False,False,30.0,09:45,ENTERED,13943.0,14003.0,1.0,2021-04-14,2021
LONG20_FIRST_RED_GREEN_5M,LONG,13968.0,13967.75,1618494900,13952.75,1618495080,"{""adverse_ticks"": 1.0, ""stop_buffer_ticks"": 1.0}",180,NQ,17.75,5.0,STOP_HIT,-15.25,-15.45,-1.0131147540983607,-1.0,False,False,15.25,09:55,ENTERED,13952.75,13983.25,1.0,2021-04-15,2021
LONG20_FIRST_RED_GREEN_5M,LONG,13985.5,13985.25,1618580400,13997.75,1618580460,"{""adverse_ticks"": 1.0, ""stop_buffer_ticks"": 1.0}",60,NQ,7.25,13.0,TARGET_HIT,12.25,12.05,0.9836734693877551,1.0,True,False,12.25,09:40,ENTERED,13973.25,13997.75,1.0,2021-04-16,2021
LONG20_FIRST_RED_GREEN_5M,LONG,14005.25,14005.0,1618839900,13994.5,1618839960,"{""adverse_ticks"": 1.0, ""stop_buffer_ticks"": 1.0}",60,NQ,17.5,6.5,STOP_HIT,-10.75,-10.95,-1.0186046511627906,-1.0,False,False,10.75,09:45,ENTERED,13994.5,14016.0,1.0,2021-04-19,2021
LONG20_FIRST_RED_GREEN_5M,LONG,13888.75,13888.5,1618926000,13925.75,1618926780,"{""adverse_ticks"": 1.0, ""stop_buffer_ticks"": 1.0}",780,NQ,23.5,41.25,TARGET_HIT,37.0,36.8,0.9945945945945945,1.0,True,False,37.0,09:40,ENTERED,13851.75,13925.75,1.0,2021-04-20,2021
LONG20_FIRST_RED_GREEN_5M,LONG,13727.75,13727.5,1619012700,13755.25,1619012820,"{""adverse_ticks"": 1.0, ""stop_buffer_ticks"": 1.0}",120,NQ,5.25,36.25,TARGET_HIT,27.5,27.3,0.9927272727272728,1.0,True,False,27.5,09:45,ENTERED,13700.25,13755.25,1.0,2021-04-21,2021
LONG20_FIRST_RED_GREEN_5M,LONG,13894.0,13893.75,1619098800,13878.5,1619098800,"{""adverse_ticks"": 1.0, ""stop_buffer_ticks"": 1.0}",0,NQ,21.5,5.25,STOP_HIT,-15.5,-15.7,-1.0129032258064516,-1.0,False,False,15.5,09:40,ENTERED,13878.5,13909.5,1.0,2021-04-22,2021
LONG20_FIRST_RED_GREEN_5M,LONG,13811.0,13810.75,1619185800,13836.5,1619186580,"{""adverse_ticks"": 1.0, ""stop_buffer_ticks"": 1.0}",780,NQ,3.5,30.25,TARGET_HIT,25.5,25.3,0.9921568627450981,1.0,True,False,25.5,09:50,ENTERED,13785.5,13836.5,1.0,2021-04-23,2021
LONG20_FIRST_RED_GREEN_5M,LONG,13930.5,13930.25,1619444400,13942.5,1619444520,"{""adverse_ticks"": 1.0, ""stop_buffer_ticks"": 1.0}",120,NQ,8.75,16.25,TARGET_HIT,12.0,11.8,0.9833333333333334,1.0,True,False,12.0,09:40,ENTERED,13918.5,13942.5,1.0,2021-04-26,2021
LONG20_FIRST_RED_GREEN_5M,LONG,13956.0,13955.75,1619532600,13924.0,1619532960,"{""adverse_ticks"": 1.0, ""stop_buffer_ticks"": 1.0}",360,NQ,37.75,4.25,STOP_HIT,-32.0,-32.2,-1.00625,-1.0,False,False,32.0,10:10,ENTERED,13924.0,13988.0,1.0,2021-04-27,2021
LONG20_FIRST_RED_GREEN_5M,LONG,13914.75,13914.5,1619617500,13944.25,1619617680,"{""adverse_ticks"": 1.0, ""stop_buffer_ticks"": 1.0}",180,NQ,0.75,30.5,TARGET_HIT,29.5,29.3,0.9932203389830508,1.0,True,False,29.5,09:45,ENTERED,13885.25,13944.25,1.0,2021-04-28,2021
LONG20_FIRST_RED_GREEN_5M,LONG,14022.75,14022.5,1619703900,14010.75,1619703900,"{""adverse_ticks"": 1.0, ""stop_buffer_ticks"": 1.0}",0,NQ,16.5,5.5,STOP_HIT,-12.0,-12.2,-1.0166666666666666,-1.0,False,False,12.0,09:45,ENTERED,14010.75,14034.75,1.0,2021-04-29,2021
LONG20_FIRST_RED_GREEN_5M,LONG,13884.0,13883.75,1619790600,13901.5,1619791140,"{""adverse_ticks"": 1.0, ""stop_buffer_ticks"": 1.0}",540,NQ,11.75,24.75,TARGET_HIT,17.5,17.3,0.9885714285714287,1.0,True,False,17.5,09:50,ENTERED,13866.5,13901.5,1.0,2021-04-30,2021
LONG20_FIRST_RED_GREEN_5M,LONG,13867.25,13867.0,1620049500,13854.75,1620049560,"{""adverse_ticks"": 1.0, ""stop_buffer_ticks"": 1.0}",60,NQ,16.0,4.75,STOP_HIT,-12.5,-12.7,-1.016,-1.0,False,False,12.5,09:45,ENTERED,13854.75,13879.75,1.0,2021-05-03,2021
LONG20_FIRST_RED_GREEN_5M,LONG,13535.5,13535.25,1620137400,13509.75,1620137520,"{""adverse_ticks"": 1.0, ""stop_buffer_ticks"": 1.0}",120,NQ,39.75,3.5,STOP_HIT,-25.75,-25.95,-1.007766990291262,-1.0,False,False,25.75,10:10,ENTERED,13509.75,13561.25,1.0,2021-05-04,2021
LONG20_FIRST_RED_GREEN_5M,LONG,13683.0,13682.75,1622641500,13707.75,1622642100,"{""adverse_ticks"": 1.0, ""stop_buffer_ticks"": 1.0}",600,NQ,0.25,25.75,TARGET_HIT,24.75,24.55,0.991919191919192,1.0,True,False,24.75,09:45,ENTERED,13658.25,13707.75,1.0,2021-06-02,2021
LONG20_FIRST_RED_GREEN_5M,LONG,13490.0,13489.75,1622728500,13518.0,1622729100,"{""adverse_ticks"": 1.0, ""stop_buffer_ticks"": 1.0}",600,NQ,7.5,32.0,TARGET_HIT,28.0,27.8,0.9928571428571429,1.0,True,False,28.0,09:55,ENTERED,13462.0,13518.0,1.0,2021-06-03,2021
LONG20_FIRST_RED_GREEN_5M,LONG,13739.0,13738.75,1623073500,13757.5,1623073740,"{""adverse_ticks"": 1.0, ""stop_buffer_ticks"": 1.0}",240,NQ,1.75,18.75,TARGET_HIT,18.5,18.3,0.9891891891891892,1.0,True,False,18.5,09:45,ENTERED,13720.5,13757.5,1.0,2021-06-07,2021
LONG20_FIRST_RED_GREEN_5M,LONG,13848.0,13847.75,1623161400,13822.5,1623162600,"{""adverse_ticks"": 1.0, ""stop_buffer_ticks"": 1.0}",1200,NQ,26.5,7.25,STOP_HIT,-25.5,-25.7,-1.007843137254902,-1.0,False,False,25.5,10:10,ENTERED,13822.5,13873.5,1.0,2021-06-08,2021
LONG20_FIRST_RED_GREEN_5M,LONG,13883.25,13883.0,1623246300,13858.5,1623246600,"{""adverse_ticks"": 1.0, ""stop_buffer_ticks"": 1.0}",300,NQ,32.0,21.25,STOP_HIT,-24.75,-24.95,-1.0080808080808081,-1.0,False,False,24.75,09:45,ENTERED,13858.5,13908.0,1.0,2021-06-09,2021
LONG20_FIRST_RED_GREEN_5M,LONG,13948.5,13948.25,1623333900,13954.0,1623333960,"{""adverse_ticks"": 1.0, ""stop_buffer_ticks"": 1.0}",60,NQ,1.25,6.75,TARGET_HIT,5.5,5.3,0.9636363636363636,1.0,True,False,5.5,10:05,ENTERED,13943.0,13954.0,1.0,2021-06-10,2021
LONG20_FIRST_RED_GREEN_5M,LONG,13954.25,13954.0,1623418800,13967.5,1623418920,"{""adverse_ticks"": 1.0, ""stop_buffer_ticks"": 1.0}",120,NQ,5.25,14.5,TARGET_HIT,13.25,13.05,0.9849056603773585,1.0,True,False,13.25,09:40,ENTERED,13941.0,13967.5,1.0,2021-06-11,2021
LONG20_FIRST_RED_GREEN_5M,LONG,13995.25,13995.0,1623678000,14033.75,1623678600,"{""adverse_ticks"": 1.0, ""stop_buffer_ticks"": 1.0}",600,NQ,3.0,42.5,TARGET_HIT,38.5,38.3,0.9948051948051947,1.0,True,False,38.5,09:40,ENTERED,13956.75,14033.75,1.0,2021-06-14,2021
LONG20_FIRST_RED_GREEN_5M,LONG,14084.75,14084.5,1623764400,14106.0,1623764700,"{""adverse_ticks"": 1.0, ""stop_buffer_ticks"": 1.0}",300,NQ,8.25,31.5,TARGET_HIT,21.25,21.05,0.9905882352941177,1.0,True,False,21.25,09:40,ENTERED,14063.5,14106.0,1.0,2021-06-15,2021
LONG20_FIRST_RED_GREEN_5M,LONG,14087.0,14086.75,1623852600,14070.75,1623854040,"{""adverse_ticks"": 1.0, ""stop_buffer_ticks"": 1.0}",1440,NQ,17.25,9.0,STOP_HIT,-16.25,-16.45,-1.0123076923076924,-1.0,False,False,16.25,10:10,ENTERED,14070.75,14103.25,1.0,2021-06-16,2021
LONG20_FIRST_RED_GREEN_5M,LONG,14003.75,14003.5,1623937800,14021.75,1623937860,"{""adverse_ticks"": 1.0, ""stop_buffer_ticks"": 1.0}",60,NQ,0.25,19.25,TARGET_HIT,18.0,17.8,0.9888888888888889,1.0,True,False,18.0,09:50,ENTERED,13985.75,14021.75,1.0,2021-06-17,2021
LONG20_FIRST_RED_GREEN_5M,LONG,14097.5,14097.25,1624024800,14055.25,1624029060,"{""adverse_ticks"": 1.0, ""stop_buffer_ticks"": 1.0}",4260,NQ,43.0,27.75,STOP_HIT,-42.25,-42.45,-1.004733727810651,-1.0,False,False,42.25,10:00,ENTERED,14055.25,14139.75,1.0,2021-06-18,2021
LONG20_FIRST_RED_GREEN_5M,LONG,14011.25,14011.0,1624283100,14064.25,1624283940,"{""adverse_ticks"": 1.0, ""stop_buffer_ticks"": 1.0}",840,NQ,40.0,56.5,TARGET_HIT,53.0,52.8,0.9962264150943396,1.0,True,False,53.0,09:45,ENTERED,13958.25,14064.25,1.0,2021-06-21,2021
LONG20_FIRST_RED_GREEN_5M,LONG,14129.25,14129.0,1624369800,14136.5,1624369800,"{""adverse_ticks"": 1.0, ""stop_buffer_ticks"": 1.0}",0,NQ,0.25,11.25,TARGET_HIT,7.25,7.05,0.9724137931034482,1.0,True,False,7.25,09:50,ENTERED,14122.0,14136.5,1.0,2021-06-22,2021
LONG20_FIRST_RED_GREEN_5M,LONG,14294.0,14293.75,1624455900,14280.5,1624456200,"{""adverse_ticks"": 1.0, ""stop_buffer_ticks"": 1.0}",300,NQ,15.25,6.75,STOP_HIT,-13.5,-13.7,-1.0148148148148148,-1.0,False,False,13.5,09:45,ENTERED,14280.5,14307.5,1.0,2021-06-23,2021
LONG20_FIRST_RED_GREEN_5M,LONG,14375.75,14375.5,1624542600,14362.5,1624543020,"{""adverse_ticks"": 1.0, ""stop_buffer_ticks"": 1.0}",420,NQ,13.5,4.25,STOP_HIT,-13.25,-13.45,-1.0150943396226415,-1.0,False,False,13.25,09:50,ENTERED,14362.5,14389.0,1.0,2021-06-24,2021
LONG20_FIRST_RED_GREEN_5M,LONG,14384.5,14384.25,1624628700,14361.25,1624629060,"{""adverse_ticks"": 1.0, ""stop_buffer_ticks"": 1.0}",360,NQ,25.0,3.75,STOP_HIT,-23.25,-23.45,-1.0086021505376344,-1.0,False,False,23.25,09:45,ENTERED,14361.25,14407.75,1.0,2021-06-25,2021
LONG20_FIRST_RED_GREEN_5M,LONG,14451.0,14450.75,1624888200,14431.25,1624888320,"{""adverse_ticks"": 1.0, ""stop_buffer_ticks"": 1.0}",120,NQ,22.75,2.0,STOP_HIT,-19.75,-19.95,-1.010126582278481,-1.0,False,False,19.75,09:50,ENTERED,14431.25,14470.75,1.0,2021-06-28,2021
LONG20_FIRST_RED_GREEN_5M,LONG,14517.0,14516.75,1624974000,14563.75,1624995480,"{""adverse_ticks"": 1.0, ""stop_buffer_ticks"": 1.0}",21480,NQ,39.5,47.25,TARGET_HIT,46.75,46.55,0.9957219251336897,1.0,True,False,46.75,09:40,ENTERED,14470.25,14563.75,1.0,2021-06-29,2021
LONG20_FIRST_RED_GREEN_5M,LONG,14556.75,14556.5,1625060400,14524.25,1625061480,"{""adverse_ticks"": 1.0, ""stop_buffer_ticks"": 1.0}",1080,NQ,34.5,16.0,STOP_HIT,-32.5,-32.7,-1.0061538461538462,-1.0,False,False,32.5,09:40,ENTERED,14524.25,14589.25,1.0,2021-06-30,2021
LONG20_FIRST_RED_GREEN_5M,LONG,14552.0,14551.75,1625147100,14562.75,1625147100,"{""adverse_ticks"": 1.0, ""stop_buffer_ticks"": 1.0}",0,NQ,0.5,17.25,TARGET_HIT,10.75,10.55,0.9813953488372094,1.0,True,False,10.75,09:45,ENTERED,14541.25,14562.75,1.0,2021-07-01,2021
LONG20_FIRST_RED_GREEN_5M,LONG,14664.75,14664.5,1625233800,14642.75,1625234580,"{""adverse_ticks"": 1.0, ""stop_buffer_ticks"": 1.0}",780,NQ,22.0,0.75,STOP_HIT,-22.0,-22.2,-1.009090909090909,-1.0,False,False,22.0,09:50,ENTERED,14642.75,14686.75,1.0,2021-07-02,2021
LONG20_FIRST_RED_GREEN_5M,LONG,14762.25,14762.0,1625579400,14783.5,1625580540,"{""adverse_ticks"": 1.0, ""stop_buffer_ticks"": 1.0}",1140,NQ,18.5,25.0,TARGET_HIT,21.25,21.05,0.9905882352941177,1.0,True,False,21.25,09:50,ENTERED,14741.0,14783.5,1.0,2021-07-06,2021
LONG20_FIRST_RED_GREEN_5M,LONG,14834.75,14834.5,1625665200,14852.25,1625665440,"{""adverse_ticks"": 1.0, ""stop_buffer_ticks"": 1.0}",240,NQ,9.25,18.0,TARGET_HIT,17.5,17.3,0.9885714285714287,1.0,True,False,17.5,09:40,ENTERED,14817.25,14852.25,1.0,2021-07-07,2021
LONG20_FIRST_RED_GREEN_5M,LONG,14611.0,14610.75,1625752500,14681.75,1625759460,"{""adverse_ticks"": 1.0, ""stop_buffer_ticks"": 1.0}",6960,NQ,44.75,76.0,TARGET_HIT,70.75,70.55,0.997173144876325,1.0,True,False,70.75,09:55,ENTERED,14540.25,14681.75,1.0,2021-07-08,2021
LONG20_FIRST_RED_GREEN_5M,LONG,14704.5,14704.25,1625838300,14741.25,1625842080,"{""adverse_ticks"": 1.0, ""stop_buffer_ticks"": 1.0}",3780,NQ,18.25,39.25,TARGET_HIT,36.75,36.55,0.9945578231292517,1.0,True,False,36.75,09:45,ENTERED,14667.75,14741.25,1.0,2021-07-09,2021
LONG20_FIRST_RED_GREEN_5M,LONG,14855.75,14855.5,1626097500,14823.75,1626097800,"{""adverse_ticks"": 1.0, ""stop_buffer_ticks"": 1.0}",300,NQ,34.5,2.5,STOP_HIT,-32.0,-32.2,-1.00625,-1.0,False,False,32.0,09:45,ENTERED,14823.75,14887.75,1.0,2021-07-12,2021
LONG20_FIRST_RED_GREEN_5M,LONG,14869.75,14869.5,1626183900,14897.5,1626184140,"{""adverse_ticks"": 1.0, ""stop_buffer_ticks"": 1.0}",240,NQ,2.75,31.0,TARGET_HIT,27.75,27.55,0.9927927927927929,1.0,True,False,27.75,09:45,ENTERED,14842.0,14897.5,1.0,2021-07-13,2021
LONG20_FIRST_RED_GREEN_5M,LONG,14953.75,14953.5,1626270300,14936.5,1626270540,"{""adverse_ticks"": 1.0, ""stop_buffer_ticks"": 1.0}",240,NQ,18.5,9.5,STOP_HIT,-17.25,-17.45,-1.0115942028985507,-1.0,False,False,17.25,09:45,ENTERED,14936.5,14971.0,1.0,2021-07-14,2021
LONG20_FIRST_RED_GREEN_5M,LONG,14813.75,14813.5,1626356700,14832.0,1626356760,"{""adverse_ticks"": 1.0, ""stop_buffer_ticks"": 1.0}",60,NQ,6.25,32.75,TARGET_HIT,18.25,18.05,0.989041095890411,1.0,True,False,18.25,09:45,ENTERED,14795.5,14832.0,1.0,2021-07-15,2021
LONG20_FIRST_RED_GREEN_5M,LONG,14789.25,14789.0,1626445200,14772.25,1626445260,"{""adverse_ticks"": 1.0, ""stop_buffer_ticks"": 1.0}",60,NQ,22.25,1.0,STOP_HIT,-17.0,-17.2,-1.011764705882353,-1.0,False,False,17.0,10:20,ENTERED,14772.25,14806.25,1.0,2021-07-16,2021
LONG20_FIRST_RED_GREEN_5M,LONG,14522.25,14522.0,1626702000,14555.25,1626702240,"{""adverse_ticks"": 1.0, ""stop_buffer_ticks"": 1.0}",240,NQ,30.0,48.5,TARGET_HIT,33.0,32.8,0.9939393939393939,1.0,True,False,33.0,09:40,ENTERED,14489.25,14555.25,1.0,2021-07-19,2021
LONG20_FIRST_RED_GREEN_5M,LONG,14535.75,14535.5,1626788700,14555.0,1626788760,"{""adverse_ticks"": 1.0, ""stop_buffer_ticks"": 1.0}",60,NQ,3.5,29.0,TARGET_HIT,19.25,19.05,0.9896103896103896,1.0,True,False,19.25,09:45,ENTERED,14516.5,14555.0,1.0,2021-07-20,2021
LONG20_FIRST_RED_GREEN_5M,LONG,14737.25,14737.0,1626875700,14760.75,1626877440,"{""adverse_ticks"": 1.0, ""stop_buffer_ticks"": 1.0}",1740,NQ,11.5,26.0,TARGET_HIT,23.5,23.3,0.9914893617021276,1.0,True,False,23.5,09:55,ENTERED,14713.75,14760.75,1.0,2021-07-21,2021
LONG20_FIRST_RED_GREEN_5M,LONG,14878.5,14878.25,1626962400,14900.0,1626963960,"{""adverse_ticks"": 1.0, ""stop_buffer_ticks"": 1.0}",1560,NQ,6.25,23.25,TARGET_HIT,21.5,21.3,0.9906976744186047,1.0,True,False,21.5,10:00,ENTERED,14857.0,14900.0,1.0,2021-07-22,2021
LONG20_FIRST_RED_GREEN_5M,LONG,14953.0,14952.75,1627047900,14972.0,1627048020,"{""adverse_ticks"": 1.0, ""stop_buffer_ticks"": 1.0}",120,NQ,4.75,21.25,TARGET_HIT,19.0,18.8,0.9894736842105264,1.0,True,False,19.0,09:45,ENTERED,14934.0,14972.0,1.0,2021-07-23,2021
LONG20_FIRST_RED_GREEN_5M,LONG,15077.25,15077.0,1627306800,15114.5,1627308180,"{""adverse_ticks"": 1.0, ""stop_buffer_ticks"": 1.0}",1380,NQ,11.25,38.0,TARGET_HIT,37.25,37.05,0.9946308724832214,1.0,True,False,37.25,09:40,ENTERED,15040.0,15114.5,1.0,2021-07-26,2021
LONG20_FIRST_RED_GREEN_5M,LONG,15077.25,15077.0,1627393200,15061.75,1627393380,"{""adverse_ticks"": 1.0, ""stop_buffer_ticks"": 1.0}",180,NQ,21.75,0.5,STOP_HIT,-15.5,-15.7,-1.0129032258064516,-1.0,False,False,15.5,09:40,ENTERED,15061.75,15092.75,1.0,2021-07-27,2021
LONG20_FIRST_RED_GREEN_5M,LONG,14917.75,14917.5,1627480200,14934.25,1627480200,"{""adverse_ticks"": 1.0, ""stop_buffer_ticks"": 1.0}",0,NQ,1.25,21.0,TARGET_HIT,16.5,16.3,0.9878787878787879,1.0,True,False,16.5,09:50,ENTERED,14901.25,14934.25,1.0,2021-07-28,2021
LONG20_FIRST_RED_GREEN_5M,LONG,15065.75,15065.5,1627566600,15052.75,1627566960,"{""adverse_ticks"": 1.0, ""stop_buffer_ticks"": 1.0}",360,NQ,19.0,4.25,STOP_HIT,-13.0,-13.2,-1.0153846153846153,-1.0,False,False,13.0,09:50,ENTERED,15052.75,15078.75,1.0,2021-07-29,2021
LONG20_FIRST_RED_GREEN_5M,LONG,14914.0,14913.75,1627652700,14940.75,1627653060,"{""adverse_ticks"": 1.0, ""stop_buffer_ticks"": 1.0}",360,NQ,4.5,28.0,TARGET_HIT,26.75,26.55,0.9925233644859813,1.0,True,False,26.75,09:45,ENTERED,14887.25,14940.75,1.0,2021-07-30,2021
LONG20_FIRST_RED_GREEN_5M,LONG,14959.0,14958.75,1627912200,14940.0,1627912260,"{""adverse_ticks"": 1.0, ""stop_buffer_ticks"": 1.0}",60,NQ,22.5,1.75,STOP_HIT,-19.0,-19.2,-1.0105263157894737,-1.0,False,False,19.0,09:50,ENTERED,14940.0,14978.0,1.0,2021-08-02,2021
LONG20_FIRST_RED_GREEN_5M,LONG,14980.5,14980.25,1627998000,14951.5,1627998720,"{""adverse_ticks"": 1.0, ""stop_buffer_ticks"": 1.0}",720,NQ,35.75,28.5,STOP_HIT,-29.0,-29.2,-1.006896551724138,-1.0,False,False,29.0,09:40,ENTERED,14951.5,15009.5,1.0,2021-08-03,2021
LONG20_FIRST_RED_GREEN_5M,LONG,15049.25,15049.0,1628084400,15065.0,1628084700,"{""adverse_ticks"": 1.0, ""stop_buffer_ticks"": 1.0}",300,NQ,8.0,17.75,TARGET_HIT,15.75,15.55,0.9873015873015873,1.0,True,False,15.75,09:40,ENTERED,15033.5,15065.0,1.0,2021-08-04,2021
LONG20_FIRST_RED_GREEN_5M,LONG,15102.25,15102.0,1628170800,15131.75,1628172900,"{""adverse_ticks"": 1.0, ""stop_buffer_ticks"": 1.0}",2100,NQ,14.75,31.0,TARGET_HIT,29.5,29.3,0.9932203389830508,1.0,True,False,29.5,09:40,ENTERED,15072.75,15131.75,1.0,2021-08-05,2021
LONG20_FIRST_RED_GREEN_5M,LONG,15125.0,15124.75,1628259000,15095.25,1628261280,"{""adverse_ticks"": 1.0, ""stop_buffer_ticks"": 1.0}",2280,NQ,36.25,6.0,STOP_HIT,-29.75,-29.95,-1.0067226890756302,-1.0,False,False,29.75,10:10,ENTERED,15095.25,15154.75,1.0,2021-08-06,2021
LONG20_FIRST_RED_GREEN_5M,LONG,15094.0,15093.75,1628516700,15119.25,1628517240,"{""adverse_ticks"": 1.0, ""stop_buffer_ticks"": 1.0}",540,NQ,6.5,26.25,TARGET_HIT,25.25,25.05,0.9920792079207921,1.0,True,False,25.25,09:45,ENTERED,15068.75,15119.25,1.0,2021-08-09,2021
LONG20_FIRST_RED_GREEN_5M,LONG,15140.75,15140.5,1628603100,15116.5,1628605080,"{""adverse_ticks"": 1.0, ""stop_buffer_ticks"": 1.0}",1980,NQ,28.25,16.75,STOP_HIT,-24.25,-24.45,-1.0082474226804123,-1.0,False,False,24.25,09:45,ENTERED,15116.5,15165.0,1.0,2021-08-10,2021
LONG20_FIRST_RED_GREEN_5M,LONG,15069.0,15068.75,1628690100,15047.0,1628691060,"{""adverse_ticks"": 1.0, ""stop_buffer_ticks"": 1.0}",960,NQ,26.25,13.0,STOP_HIT,-22.0,-22.2,-1.009090909090909,-1.0,False,False,22.0,09:55,ENTERED,15047.0,15091.0,1.0,2021-08-11,2021
LONG20_FIRST_RED_GREEN_5M,LONG,14977.75,14977.5,1628776200,14946.25,1628776980,"{""adverse_ticks"": 1.0, ""stop_buffer_ticks"": 1.0}",780,NQ,36.25,11.0,STOP_HIT,-31.5,-31.7,-1.0063492063492063,-1.0,False,False,31.5,09:50,ENTERED,14946.25,15009.25,1.0,2021-08-12,2021
LONG20_FIRST_RED_GREEN_5M,LONG,15081.0,15080.75,1628862000,15068.5,1628862060,"{""adverse_ticks"": 1.0, ""stop_buffer_ticks"": 1.0}",60,NQ,12.5,4.0,STOP_HIT,-12.5,-12.7,-1.016,-1.0,False,False,12.5,09:40,ENTERED,15068.5,15093.5,1.0,2021-08-13,2021
LONG20_FIRST_RED_GREEN_5M,LONG,15031.75,15031.5,1629122400,15021.5,1629122760,"{""adverse_ticks"": 1.0, ""stop_buffer_ticks"": 1.0}",360,NQ,16.5,10.0,STOP_HIT,-10.25,-10.45,-1.0195121951219512,-1.0,False,False,10.25,10:00,ENTERED,15021.5,15042.0,1.0,2021-08-16,2021
LONG20_FIRST_RED_GREEN_5M,LONG,15022.0,15021.75,1629207600,14971.25,1629208500,"{""adverse_ticks"": 1.0, ""stop_buffer_ticks"": 1.0}",900,NQ,60.75,20.5,STOP_HIT,-50.75,-50.95,-1.0039408866995074,-1.0,False,False,50.75,09:40,ENTERED,14971.25,15072.75,1.0,2021-08-17,2021
LONG20_FIRST_RED_GREEN_5M,LONG,14995.5,14995.25,1629294600,15008.75,1629294660,"{""adverse_ticks"": 1.0, ""stop_buffer_ticks"": 1.0}",60,NQ,4.25,21.25,TARGET_HIT,13.25,13.05,0.9849056603773585,1.0,True,False,13.25,09:50,ENTERED,14982.25,15008.75,1.0,2021-08-18,2021
LONG20_FIRST_RED_GREEN_5M,LONG,14801.0,14800.75,1629380700,14829.0,1629380820,"{""adverse_ticks"": 1.0, ""stop_buffer_ticks"": 1.0}",120,NQ,25.25,32.75,TARGET_HIT,28.0,27.8,0.9928571428571429,1.0,True,False,28.0,09:45,ENTERED,14773.0,14829.0,1.0,2021-08-19,2021
LONG20_FIRST_RED_GREEN_5M,LONG,15256.25,15256.0,1629729300,15274.75,1629730860,"{""adverse_ticks"": 1.0, ""stop_buffer_ticks"": 1.0}",1560,NQ,5.25,19.5,TARGET_HIT,18.5,18.3,0.9891891891891892,1.0,True,False,18.5,10:35,ENTERED,15237.75,15274.75,1.0,2021-08-23,2021
LONG20_FIRST_RED_GREEN_5M,LONG,15333.75,15333.5,1629812400,15354.75,1629814080,"{""adverse_ticks"": 1.0, ""stop_buffer_ticks"": 1.0}",1680,NQ,12.25,25.5,TARGET_HIT,21.0,20.8,0.9904761904761905,1.0,True,False,21.0,09:40,ENTERED,15312.75,15354.75,1.0,2021-08-24,2021
LONG20_FIRST_RED_GREEN_5M,LONG,15377.5,15377.25,1629900000,15363.75,1629900360,"{""adverse_ticks"": 1.0, ""stop_buffer_ticks"": 1.0}",360,NQ,16.0,1.0,STOP_HIT,-13.75,-13.95,-1.0145454545454544,-1.0,False,False,13.75,10:00,ENTERED,15363.75,15391.25,1.0,2021-08-25,2021
LONG20_FIRST_RED_GREEN_5M,LONG,15350.25,15350.0,1629985500,15337.25,1629986340,"{""adverse_ticks"": 1.0, ""stop_buffer_ticks"": 1.0}",840,NQ,15.75,12.25,STOP_HIT,-13.0,-13.2,-1.0153846153846153,-1.0,False,False,13.0,09:45,ENTERED,15337.25,15363.25,1.0,2021-08-26,2021
LONG20_FIRST_RED_GREEN_5M,LONG,15303.0,15302.75,1630071900,,1630072800,"{""adverse_ticks"": 1.0, ""stop_buffer_ticks"": 1.0}",,NQ,22.75,32.25,AMBIGUOUS,,,,,True,False,19.0,09:45,ENTERED,15284.0,15322.0,1.0,2021-08-27,2021
LONG20_FIRST_RED_GREEN_5M,LONG,15511.25,15511.0,1630331400,15530.75,1630332000,"{""adverse_ticks"": 1.0, ""stop_buffer_ticks"": 1.0}",600,NQ,5.0,24.5,TARGET_HIT,19.5,19.3,0.9897435897435898,1.0,True,False,19.5,09:50,ENTERED,15491.75,15530.75,1.0,2021-08-30,2021
LONG20_FIRST_RED_GREEN_5M,LONG,15557.25,15557.0,1630417800,15531.0,1630418040,"{""adverse_ticks"": 1.0, ""stop_buffer_ticks"": 1.0}",240,NQ,27.5,6.0,STOP_HIT,-26.25,-26.45,-1.0076190476190476,-1.0,False,False,26.25,09:50,ENTERED,15531.0,15583.5,1.0,2021-08-31,2021
LONG20_FIRST_RED_GREEN_5M,LONG,15670.25,15670.0,1630503900,15690.75,1630504020,"{""adverse_ticks"": 1.0, ""stop_buffer_ticks"": 1.0}",120,NQ,1.25,23.5,TARGET_HIT,20.5,20.3,0.9902439024390244,1.0,True,False,20.5,09:45,ENTERED,15649.75,15690.75,1.0,2021-09-01,2021
LONG20_FIRST_RED_GREEN_5M,LONG,15673.5,15673.25,1630590600,15651.5,1630590960,"{""adverse_ticks"": 1.0, ""stop_buffer_ticks"": 1.0}",360,NQ,22.5,1.0,STOP_HIT,-22.0,-22.2,-1.009090909090909,-1.0,False,False,22.0,09:50,ENTERED,15651.5,15695.5,1.0,2021-09-02,2021
LONG20_FIRST_RED_GREEN_5M,LONG,15640.75,15640.5,1630677600,15643.75,1630698900,"{""adverse_ticks"": 1.0, ""stop_buffer_ticks"": 1.0}",21300,NQ,36.75,29.25,TIME_EXIT,3.0,2.8,0.04014336917562724,0.043010752688172046,False,False,69.75,10:00,ENTERED,15571.0,15710.5,1.0,2021-09-03,2021
LONG20_FIRST_RED_GREEN_5M,LONG,15656.0,15655.75,1631022000,15625.25,1631022660,"{""adverse_ticks"": 1.0, ""stop_buffer_ticks"": 1.0}",660,NQ,33.25,9.25,STOP_HIT,-30.75,-30.95,-1.0065040650406505,-1.0,False,False,30.75,09:40,ENTERED,15625.25,15686.75,1.0,2021-09-07,2021
LONG20_FIRST_RED_GREEN_5M,LONG,15626.0,15625.75,1631109000,15614.0,1631109420,"{""adverse_ticks"": 1.0, ""stop_buffer_ticks"": 1.0}",420,NQ,13.75,6.75,STOP_HIT,-12.0,-12.2,-1.0166666666666666,-1.0,False,False,12.0,09:50,ENTERED,15614.0,15638.0,1.0,2021-09-08,2021
LONG20_FIRST_RED_GREEN_5M,LONG,15662.25,15662.0,1631195700,15651.5,1631195760,"{""adverse_ticks"": 1.0, ""stop_buffer_ticks"": 1.0}",60,NQ,14.0,1.25,STOP_HIT,-10.75,-10.95,-1.0186046511627906,-1.0,False,False,10.75,09:55,ENTERED,15651.5,15673.0,1.0,2021-09-09,2021
LONG20_FIRST_RED_GREEN_5M,LONG,15656.0,15655.75,1631282400,15641.25,1631282520,"{""adverse_ticks"": 1.0, ""stop_buffer_ticks"": 1.0}",120,NQ,24.75,1.25,STOP_HIT,-14.75,-14.95,-1.0135593220338983,-1.0,False,False,14.75,10:00,ENTERED,15641.25,15670.75,1.0,2021-09-10,2021
LONG20_FIRST_RED_GREEN_5M,LONG,15450.0,15449.75,1631541000,15466.75,1631541000,"{""adverse_ticks"": 1.0, ""stop_buffer_ticks"": 1.0}",0,NQ,1.0,19.75,TARGET_HIT,16.75,16.55,0.9880597014925373,1.0,True,False,16.75,09:50,ENTERED,15433.25,15466.75,1.0,2021-09-13,2021
LONG20_FIRST_RED_GREEN_5M,LONG,15469.75,15469.5,1631627100,15479.5,1631627220,"{""adverse_ticks"": 1.0, ""stop_buffer_ticks"": 1.0}",120,NQ,8.25,11.75,TARGET_HIT,9.75,9.55,0.9794871794871796,1.0,True,False,9.75,09:45,ENTERED,15460.0,15479.5,1.0,2021-09-14,2021
LONG20_FIRST_RED_GREEN_5M,LONG,15375.25,15375.0,1631713800,15331.0,1631715120,"{""adverse_ticks"": 1.0, ""stop_buffer_ticks"": 1.0}",1320,NQ,58.25,2.75,STOP_HIT,-44.25,-44.45,-1.0045197740112994,-1.0,False,False,44.25,09:50,ENTERED,15331.0,15419.5,1.0,2021-09-15,2021
LONG20_FIRST_RED_GREEN_5M,LONG,15409.25,15409.0,1631800800,15387.0,1631800980,"{""adverse_ticks"": 1.0, ""stop_buffer_ticks"": 1.0}",180,NQ,26.75,0.5,STOP_HIT,-22.25,-22.45,-1.0089887640449438,-1.0,False,False,22.25,10:00,ENTERED,15387.0,15431.5,1.0,2021-09-16,2021
LONG20_FIRST_RED_GREEN_5M,LONG,15423.0,15422.75,1631886300,15438.25,1631886360,"{""adverse_ticks"": 1.0, ""stop_buffer_ticks"": 1.0}",60,NQ,11.25,16.0,TARGET_HIT,15.25,15.05,0.9868852459016394,1.0,True,False,15.25,09:45,ENTERED,15407.75,15438.25,1.0,2021-09-17,2021
LONG20_FIRST_RED_GREEN_5M,LONG,15107.0,15106.75,1632146400,15080.25,1632146580,"{""adverse_ticks"": 1.0, ""stop_buffer_ticks"": 1.0}",180,NQ,26.5,4.5,STOP_HIT,-26.75,-26.95,-1.0074766355140186,-1.0,False,False,26.75,10:00,ENTERED,15080.25,15133.75,1.0,2021-09-20,2021
LONG20_FIRST_RED_GREEN_5M,LONG,15211.5,15211.25,1632491700,15225.75,1632491880,"{""adverse_ticks"": 1.0, ""stop_buffer_ticks"": 1.0}",180,NQ,6.0,21.75,TARGET_HIT,14.25,14.05,0.9859649122807018,1.0,True,False,14.25,09:55,ENTERED,15197.25,15225.75,1.0,2021-09-24,2021
LONG20_FIRST_RED_GREEN_5M,LONG,15342.0,15341.75,1634650800,15382.25,1634655720,"{""adverse_ticks"": 1.0, ""stop_buffer_ticks"": 1.0}",4920,NQ,30.25,40.5,TARGET_HIT,40.25,40.05,0.995031055900621,1.0,True,False,40.25,09:40,ENTERED,15301.75,15382.25,1.0,2021-10-19,2021
LONG20_FIRST_RED_GREEN_5M,LONG,15425.25,15425.0,1634737200,15402.0,1634737980,"{""adverse_ticks"": 1.0, ""stop_buffer_ticks"": 1.0}",780,NQ,25.0,14.0,STOP_HIT,-23.25,-23.45,-1.0086021505376344,-1.0,False,False,23.25,09:40,ENTERED,15402.0,15448.5,1.0,2021-10-20,2021
LONG20_FIRST_RED_GREEN_5M,LONG,15390.0,15389.75,1634824500,15409.0,1634825760,"{""adverse_ticks"": 1.0, ""stop_buffer_ticks"": 1.0}",1260,NQ,14.75,19.5,TARGET_HIT,19.0,18.8,0.9894736842105264,1.0,True,False,19.0,09:55,ENTERED,15371.0,15409.0,1.0,2021-10-21,2021
LONG20_FIRST_RED_GREEN_5M,LONG,15415.0,15414.75,1634910900,15444.75,1634912640,"{""adverse_ticks"": 1.0, ""stop_buffer_ticks"": 1.0}",1740,NQ,9.75,30.25,TARGET_HIT,29.75,29.55,0.9932773109243698,1.0,True,False,29.75,09:55,ENTERED,15385.25,15444.75,1.0,2021-10-22,2021
LONG20_FIRST_RED_GREEN_5M,LONG,15367.0,15366.75,1635169800,15412.0,1635171720,"{""adverse_ticks"": 1.0, ""stop_buffer_ticks"": 1.0}",1920,NQ,16.75,49.0,TARGET_HIT,45.0,44.8,0.9955555555555555,1.0,True,False,45.0,09:50,ENTERED,15322.0,15412.0,1.0,2021-10-25,2021
LONG20_FIRST_RED_GREEN_5M,LONG,15640.0,15639.75,1635256800,15656.75,1635256860,"{""adverse_ticks"": 1.0, ""stop_buffer_ticks"": 1.0}",60,NQ,5.0,24.0,TARGET_HIT,16.75,16.55,0.9880597014925373,1.0,True,False,16.75,10:00,ENTERED,15623.25,15656.75,1.0,2021-10-26,2021
LONG20_FIRST_RED_GREEN_5M,LONG,15587.25,15587.0,1635344400,15612.5,1635344580,"{""adverse_ticks"": 1.0, ""stop_buffer_ticks"": 1.0}",180,NQ,1.75,31.0,TARGET_HIT,25.25,25.05,0.9920792079207921,1.0,True,False,25.25,10:20,ENTERED,15562.0,15612.5,1.0,2021-10-27,2021
LONG20_FIRST_RED_GREEN_5M,LONG,15666.75,15666.5,1635428700,15698.25,1635430980,"{""adverse_ticks"": 1.0, ""stop_buffer_ticks"": 1.0}",2280,NQ,17.0,32.5,TARGET_HIT,31.5,31.3,0.9936507936507937,1.0,True,False,31.5,09:45,ENTERED,15635.25,15698.25,1.0,2021-10-28,2021
LONG20_FIRST_RED_GREEN_5M,LONG,15683.75,15683.5,1635515700,15708.25,1635520080,"{""adverse_ticks"": 1.0, ""stop_buffer_ticks"": 1.0}",4380,NQ,16.0,27.0,TARGET_HIT,24.5,24.3,0.9918367346938776,1.0,True,False,24.5,09:55,ENTERED,15659.25,15708.25,1.0,2021-10-29,2021
LONG20_FIRST_RED_GREEN_5M,LONG,15829.5,15829.25,1635774900,15799.25,1635775020,"{""adverse_ticks"": 1.0, ""stop_buffer_ticks"": 1.0}",120,NQ,31.5,3.25,STOP_HIT,-30.25,-30.45,-1.006611570247934,-1.0,False,False,30.25,09:55,ENTERED,15799.25,15859.75,1.0,2021-11-01,2021
LONG20_FIRST_RED_GREEN_5M,LONG,15919.75,15919.5,1635862800,15945.25,1635863160,"{""adverse_ticks"": 1.0, ""stop_buffer_ticks"": 1.0}",360,NQ,0.75,27.0,TARGET_HIT,25.5,25.3,0.9921568627450981,1.0,True,False,25.5,10:20,ENTERED,15894.25,15945.25,1.0,2021-11-02,2021
LONG20_FIRST_RED_GREEN_5M,LONG,15975.5,15975.25,1635946800,15943.0,1635948240,"{""adverse_ticks"": 1.0, ""stop_buffer_ticks"": 1.0}",1440,NQ,40.0,9.5,STOP_HIT,-32.5,-32.7,-1.0061538461538462,-1.0,False,False,32.5,09:40,ENTERED,15943.0,16008.0,1.0,2021-11-03,2021
LONG20_FIRST_RED_GREEN_5M,LONG,16181.0,16180.75,1636033200,16205.25,1636033440,"{""adverse_ticks"": 1.0, ""stop_buffer_ticks"": 1.0}",240,NQ,6.25,24.75,TARGET_HIT,24.25,24.05,0.9917525773195877,1.0,True,False,24.25,09:40,ENTERED,16156.75,16205.25,1.0,2021-11-04,2021
LONG20_FIRST_RED_GREEN_5M,LONG,16416.75,16416.5,1636120800,16374.5,1636131420,"{""adverse_ticks"": 1.0, ""stop_buffer_ticks"": 1.0}",10620,NQ,49.5,31.75,STOP_HIT,-42.25,-42.45,-1.004733727810651,-1.0,False,False,42.25,10:00,ENTERED,16374.5,16459.0,1.0,2021-11-05,2021
LONG20_FIRST_RED_GREEN_5M,LONG,16351.25,16351.0,1636383000,16337.0,1636383120,"{""adverse_ticks"": 1.0, ""stop_buffer_ticks"": 1.0}",120,NQ,16.5,10.25,STOP_HIT,-14.25,-14.45,-1.0140350877192983,-1.0,False,False,14.25,09:50,ENTERED,16337.0,16365.5,1.0,2021-11-08,2021
LONG20_FIRST_RED_GREEN_5M,LONG,16370.75,16370.5,1636468800,16353.75,1636469220,"{""adverse_ticks"": 1.0, ""stop_buffer_ticks"": 1.0}",420,NQ,21.25,10.5,STOP_HIT,-17.0,-17.2,-1.011764705882353,-1.0,False,False,17.0,09:40,ENTERED,16353.75,16387.75,1.0,2021-11-09,2021
LONG20_FIRST_RED_GREEN_5M,LONG,16097.75,16097.5,1636555200,16154.0,1636556040,"{""adverse_ticks"": 1.0, ""stop_buffer_ticks"": 1.0}",840,NQ,9.0,57.0,TARGET_HIT,56.25,56.05,0.9964444444444444,1.0,True,False,56.25,09:40,ENTERED,16041.5,16154.0,1.0,2021-11-10,2021
LONG20_FIRST_RED_GREEN_5M,LONG,16065.0,16064.75,1636641900,16077.0,1636642140,"{""adverse_ticks"": 1.0, ""stop_buffer_ticks"": 1.0}",240,NQ,6.25,13.75,TARGET_HIT,12.0,11.8,0.9833333333333334,1.0,True,False,12.0,09:45,ENTERED,16053.0,16077.0,1.0,2021-11-11,2021
LONG20_FIRST_RED_GREEN_5M,LONG,16025.5,16025.25,1636728300,16006.5,1636728480,"{""adverse_ticks"": 1.0, ""stop_buffer_ticks"": 1.0}",180,NQ,23.5,7.75,STOP_HIT,-19.0,-19.2,-1.0105263157894737,-1.0,False,False,19.0,09:45,ENTERED,16006.5,16044.5,1.0,2021-11-12,2021
LONG20_FIRST_RED_GREEN_5M,LONG,16221.0,16220.75,1636987800,16211.25,1636987800,"{""adverse_ticks"": 1.0, ""stop_buffer_ticks"": 1.0}",0,NQ,19.75,1.0,STOP_HIT,-9.75,-9.95,-1.0205128205128204,-1.0,False,False,9.75,09:50,ENTERED,16211.25,16230.75,1.0,2021-11-15,2021
LONG20_FIRST_RED_GREEN_5M,LONG,16224.75,16224.5,1637074800,16244.0,1637074920,"{""adverse_ticks"": 1.0, ""stop_buffer_ticks"": 1.0}",120,NQ,0.25,20.0,TARGET_HIT,19.25,19.05,0.9896103896103896,1.0,True,False,19.25,10:00,ENTERED,16205.5,16244.0,1.0,2021-11-16,2021
LONG20_FIRST_RED_GREEN_5M,LONG,16313.0,16312.75,1637160300,16292.25,1637160660,"{""adverse_ticks"": 1.0, ""stop_buffer_ticks"": 1.0}",360,NQ,42.75,9.0,STOP_HIT,-20.75,-20.95,-1.0096385542168675,-1.0,False,False,20.75,09:45,ENTERED,16292.25,16333.75,1.0,2021-11-17,2021
LONG20_FIRST_RED_GREEN_5M,LONG,16382.75,16382.5,1637246400,16412.5,1637246820,"{""adverse_ticks"": 1.0, ""stop_buffer_ticks"": 1.0}",420,NQ,5.0,35.75,TARGET_HIT,29.75,29.55,0.9932773109243698,1.0,True,False,29.75,09:40,ENTERED,16353.0,16412.5,1.0,2021-11-18,2021
LONG20_FIRST_RED_GREEN_5M,LONG,16556.75,16556.5,1637332800,16597.5,1637333820,"{""adverse_ticks"": 1.0, ""stop_buffer_ticks"": 1.0}",1020,NQ,12.5,53.0,TARGET_HIT,40.75,40.55,0.9950920245398772,1.0,True,False,40.75,09:40,ENTERED,16516.0,16597.5,1.0,2021-11-19,2021
LONG20_FIRST_RED_GREEN_5M,LONG,16744.75,16744.5,1637593500,16714.75,1637596560,"{""adverse_ticks"": 1.0, ""stop_buffer_ticks"": 1.0}",3060,NQ,38.0,23.0,STOP_HIT,-30.0,-30.2,-1.0066666666666666,-1.0,False,False,30.0,10:05,ENTERED,16714.75,16774.75,1.0,2021-11-22,2021
LONG20_FIRST_RED_GREEN_5M,LONG,16346.0,16345.75,1637678400,16410.5,1637678940,"{""adverse_ticks"": 1.0, ""stop_buffer_ticks"": 1.0}",540,NQ,10.5,66.0,TARGET_HIT,64.5,64.3,0.9968992248062015,1.0,True,False,64.5,09:40,ENTERED,16281.5,16410.5,1.0,2021-11-23,2021
LONG20_FIRST_RED_GREEN_5M,LONG,16133.0,16132.75,1637765400,16164.25,1637765520,"{""adverse_ticks"": 1.0, ""stop_buffer_ticks"": 1.0}",120,NQ,3.0,33.75,TARGET_HIT,31.25,31.05,0.9936,1.0,True,False,31.25,09:50,ENTERED,16101.75,16164.25,1.0,2021-11-24,2021
LONG20_FIRST_RED_GREEN_5M,LONG,16261.75,16261.5,1638196800,16210.0,1638197160,"{""adverse_ticks"": 1.0, ""stop_buffer_ticks"": 1.0}",360,NQ,53.0,13.5,STOP_HIT,-51.75,-51.95,-1.003864734299517,-1.0,False,False,51.75,09:40,ENTERED,16210.0,16313.5,1.0,2021-11-29,2021
LONG20_FIRST_RED_GREEN_5M,LONG,16356.0,16355.75,1638283500,16393.25,1638284100,"{""adverse_ticks"": 1.0, ""stop_buffer_ticks"": 1.0}",600,NQ,10.25,40.25,TARGET_HIT,37.25,37.05,0.9946308724832214,1.0,True,False,37.25,09:45,ENTERED,16318.75,16393.25,1.0,2021-11-30,2021
LONG20_FIRST_RED_GREEN_5M,LONG,16287.5,16287.25,1638369600,16304.75,1638369840,"{""adverse_ticks"": 1.0, ""stop_buffer_ticks"": 1.0}",240,NQ,6.75,27.75,TARGET_HIT,17.25,17.05,0.9884057971014493,1.0,True,False,17.25,09:40,ENTERED,16270.25,16304.75,1.0,2021-12-01,2021
LONG20_FIRST_RED_GREEN_5M,LONG,16318.25,16318.0,1638974700,16385.25,1638996600,"{""adverse_ticks"": 1.0, ""stop_buffer_ticks"": 1.0}",21900,NQ,63.25,68.75,TARGET_HIT,67.0,66.8,0.9970149253731343,1.0,True,False,67.0,09:45,ENTERED,16251.25,16385.25,1.0,2021-12-08,2021
LONG20_FIRST_RED_GREEN_5M,LONG,16357.0,16356.75,1639062300,16321.5,1639062420,"{""adverse_ticks"": 1.0, ""stop_buffer_ticks"": 1.0}",120,NQ,37.75,3.75,STOP_HIT,-35.5,-35.7,-1.0056338028169014,-1.0,False,False,35.5,10:05,ENTERED,16321.5,16392.5,1.0,2021-12-09,2021
LONG20_FIRST_RED_GREEN_5M,LONG,16231.25,16231.0,1639148100,16202.0,1639148160,"{""adverse_ticks"": 1.0, ""stop_buffer_ticks"": 1.0}",60,NQ,29.75,6.0,STOP_HIT,-29.25,-29.45,-1.0068376068376068,-1.0,False,False,29.25,09:55,ENTERED,16202.0,16260.5,1.0,2021-12-10,2021
LONG20_FIRST_RED_GREEN_5M,LONG,16310.5,16310.25,1639406700,16269.5,1639407180,"{""adverse_ticks"": 1.0, ""stop_buffer_ticks"": 1.0}",480,NQ,49.75,16.5,STOP_HIT,-41.0,-41.2,-1.0048780487804878,-1.0,False,False,41.0,09:45,ENTERED,16269.5,16351.5,1.0,2021-12-13,2021
LONG20_FIRST_RED_GREEN_5M,LONG,16560.75,16560.5,1640702700,16520.75,1640704140,"{""adverse_ticks"": 1.0, ""stop_buffer_ticks"": 1.0}",1440,NQ,42.0,35.25,STOP_HIT,-40.0,-40.2,-1.0050000000000001,-1.0,False,False,40.0,09:45,ENTERED,16520.75,16600.75,1.0,2021-12-28,2021
LONG20_FIRST_RED_GREEN_5M,LONG,16511.75,16511.5,1640789400,16477.25,1640790300,"{""adverse_ticks"": 1.0, ""stop_buffer_ticks"": 1.0}",900,NQ,35.5,20.25,STOP_HIT,-34.5,-34.7,-1.0057971014492755,-1.0,False,False,34.5,09:50,ENTERED,16477.25,16546.25,1.0,2021-12-29,2021
LONG20_FIRST_RED_GREEN_5M,LONG,16468.0,16467.75,1640875800,16487.0,1640875860,"{""adverse_ticks"": 1.0, ""stop_buffer_ticks"": 1.0}",60,NQ,1.5,20.0,TARGET_HIT,19.0,18.8,0.9894736842105264,1.0,True,False,19.0,09:50,ENTERED,16449.0,16487.0,1.0,2021-12-30,2021
LONG20_FIRST_RED_GREEN_5M,LONG,16416.0,16415.75,1640962500,16383.75,1640962860,"{""adverse_ticks"": 1.0, ""stop_buffer_ticks"": 1.0}",360,NQ,61.75,14.75,STOP_HIT,-32.25,-32.45,-1.006201550387597,-1.0,False,False,32.25,09:55,ENTERED,16383.75,16448.25,1.0,2021-12-31,2021
LONG20_FIRST_RED_GREEN_5M,LONG,16317.25,16317.0,1641222000,16342.75,1641222000,"{""adverse_ticks"": 1.0, ""stop_buffer_ticks"": 1.0}",0,NQ,12.0,34.25,TARGET_HIT,25.5,25.3,0.9921568627450981,1.0,True,False,25.5,10:00,ENTERED,16291.75,16342.75,1.0,2022-01-03,2022
LONG20_FIRST_RED_GREEN_5M,LONG,16490.75,16490.5,1641307200,16468.5,1641307380,"{""adverse_ticks"": 1.0, ""stop_buffer_ticks"": 1.0}",180,NQ,23.0,10.5,STOP_HIT,-22.25,-22.45,-1.0089887640449438,-1.0,False,False,22.25,09:40,ENTERED,16468.5,16513.0,1.0,2022-01-04,2022
LONG20_FIRST_RED_GREEN_5M,LONG,16156.0,16155.75,1641393600,16209.25,1641394260,"{""adverse_ticks"": 1.0, ""stop_buffer_ticks"": 1.0}",660,NQ,6.25,54.5,TARGET_HIT,53.25,53.05,0.996244131455399,1.0,True,False,53.25,09:40,ENTERED,16102.75,16209.25,1.0,2022-01-05,2022
LONG20_FIRST_RED_GREEN_5M,LONG,13915.0,13914.75,1647525300,13960.75,1647525420,"{""adverse_ticks"": 1.0, ""stop_buffer_ticks"": 1.0}",120,NQ,1.5,52.25,TARGET_HIT,45.75,45.55,0.9956284153005464,1.0,True,False,45.75,09:55,ENTERED,13869.25,13960.75,1.0,2022-03-17,2022
LONG20_FIRST_RED_GREEN_5M,LONG,14058.25,14058.0,1647610800,14121.75,1647611460,"{""adverse_ticks"": 1.0, ""stop_buffer_ticks"": 1.0}",660,NQ,22.25,64.5,TARGET_HIT,63.5,63.3,0.9968503937007873,1.0,True,False,63.5,09:40,ENTERED,13994.75,14121.75,1.0,2022-03-18,2022
LONG20_FIRST_RED_GREEN_5M,LONG,14303.25,14303.0,1647871200,14314.0,1647871260,"{""adverse_ticks"": 1.0, ""stop_buffer_ticks"": 1.0}",60,NQ,9.25,16.0,TARGET_HIT,10.75,10.55,0.9813953488372094,1.0,True,False,10.75,10:00,ENTERED,14292.5,14314.0,1.0,2022-03-21,2022
LONG20_FIRST_RED_GREEN_5M,LONG,14455.5,14455.25,1647957300,14509.25,1647957600,"{""adverse_ticks"": 1.0, ""stop_buffer_ticks"": 1.0}",300,NQ,11.75,61.25,TARGET_HIT,53.75,53.55,0.9962790697674418,1.0,True,False,53.75,09:55,ENTERED,14401.75,14509.25,1.0,2022-03-22,2022
LONG20_FIRST_RED_GREEN_5M,LONG,14510.25,14510.0,1648043100,14470.5,1648043100,"{""adverse_ticks"": 1.0, ""stop_buffer_ticks"": 1.0}",0,NQ,41.5,3.0,STOP_HIT,-39.75,-39.95,-1.0050314465408805,-1.0,False,False,39.75,09:45,ENTERED,14470.5,14550.0,1.0,2022-03-23,2022
LONG20_FIRST_RED_GREEN_5M,LONG,14529.25,14529.0,1648129500,14471.75,1648129800,"{""adverse_ticks"": 1.0, ""stop_buffer_ticks"": 1.0}",300,NQ,60.5,19.0,STOP_HIT,-57.5,-57.7,-1.0034782608695654,-1.0,False,False,57.5,09:45,ENTERED,14471.75,14586.75,1.0,2022-03-24,2022
LONG20_FIRST_RED_GREEN_5M,LONG,14742.5,14742.25,1648215900,14772.0,1648216020,"{""adverse_ticks"": 1.0, ""stop_buffer_ticks"": 1.0}",120,NQ,14.0,30.75,TARGET_HIT,29.5,29.3,0.9932203389830508,1.0,True,False,29.5,09:45,ENTERED,14713.0,14772.0,1.0,2022-03-25,2022
LONG20_FIRST_RED_GREEN_5M,LONG,14880.0,14879.75,1648475700,14828.75,1648476240,"{""adverse_ticks"": 1.0, ""stop_buffer_ticks"": 1.0}",540,NQ,57.75,32.5,STOP_HIT,-51.25,-51.45,-1.0039024390243902,-1.0,False,False,51.25,09:55,ENTERED,14828.75,14931.25,1.0,2022-03-28,2022
LONG20_FIRST_RED_GREEN_5M,LONG,15133.75,15133.5,1648562100,15161.75,1648562280,"{""adverse_ticks"": 1.0, ""stop_buffer_ticks"": 1.0}",180,NQ,3.0,31.5,TARGET_HIT,28.0,27.8,0.9928571428571429,1.0,True,False,28.0,09:55,ENTERED,15105.75,15161.75,1.0,2022-03-29,2022
LONG20_FIRST_RED_GREEN_5M,LONG,15181.75,15181.5,1648647900,15222.5,1648649700,"{""adverse_ticks"": 1.0, ""stop_buffer_ticks"": 1.0}",1800,NQ,30.5,48.5,TARGET_HIT,40.75,40.55,0.9950920245398772,1.0,True,False,40.75,09:45,ENTERED,15141.0,15222.5,1.0,2022-03-30,2022
LONG20_FIRST_RED_GREEN_5M,LONG,15005.0,15004.75,1648734900,15030.0,1648735080,"{""adverse_ticks"": 1.0, ""stop_buffer_ticks"": 1.0}",180,NQ,14.25,31.25,TARGET_HIT,25.0,24.8,0.992,1.0,True,False,25.0,09:55,ENTERED,14980.0,15030.0,1.0,2022-03-31,2022
LONG20_FIRST_RED_GREEN_5M,LONG,14876.5,14876.25,1648820700,14856.0,1648821000,"{""adverse_ticks"": 1.0, ""stop_buffer_ticks"": 1.0}",300,NQ,22.75,12.5,STOP_HIT,-20.5,-20.7,-1.0097560975609756,-1.0,False,False,20.5,09:45,ENTERED,14856.0,14897.0,1.0,2022-04-01,2022
LONG20_FIRST_RED_GREEN_5M,LONG,15036.0,15035.75,1649082300,15064.75,1649083080,"{""adverse_ticks"": 1.0, ""stop_buffer_ticks"": 1.0}",780,NQ,11.5,38.5,TARGET_HIT,28.75,28.55,0.9930434782608696,1.0,True,False,28.75,10:25,ENTERED,15007.25,15064.75,1.0,2022-04-04,2022
LONG20_FIRST_RED_GREEN_5M,LONG,15094.5,15094.25,1649166600,15079.5,1649166660,"{""adverse_ticks"": 1.0, ""stop_buffer_ticks"": 1.0}",60,NQ,25.25,7.0,STOP_HIT,-15.0,-15.2,-1.0133333333333332,-1.0,False,False,15.0,09:50,ENTERED,15079.5,15109.5,1.0,2022-04-05,2022
LONG20_FIRST_RED_GREEN_5M,LONG,14475.0,14474.75,1649254500,14494.0,1649254560,"{""adverse_ticks"": 1.0, ""stop_buffer_ticks"": 1.0}",60,NQ,2.75,28.0,TARGET_HIT,19.0,18.8,0.9894736842105264,1.0,True,False,19.0,10:15,ENTERED,14456.0,14494.0,1.0,2022-04-06,2022
LONG20_FIRST_RED_GREEN_5M,LONG,14546.0,14545.75,1649339700,14461.75,1649342400,"{""adverse_ticks"": 1.0, ""stop_buffer_ticks"": 1.0}",2700,NQ,98.75,62.25,STOP_HIT,-84.25,-84.45,-1.002373887240356,-1.0,False,False,84.25,09:55,ENTERED,14461.75,14630.25,1.0,2022-04-07,2022
LONG20_FIRST_RED_GREEN_5M,LONG,14383.0,14382.75,1649425800,14358.75,1649425860,"{""adverse_ticks"": 1.0, ""stop_buffer_ticks"": 1.0}",60,NQ,29.5,6.0,STOP_HIT,-24.25,-24.45,-1.0082474226804123,-1.0,False,False,24.25,09:50,ENTERED,14358.75,14407.25,1.0,2022-04-08,2022
LONG20_FIRST_RED_GREEN_5M,LONG,14161.25,14161.0,1649684700,14098.75,1649687160,"{""adverse_ticks"": 1.0, ""stop_buffer_ticks"": 1.0}",2460,NQ,80.0,36.0,STOP_HIT,-62.5,-62.7,-1.0032,-1.0,False,False,62.5,09:45,ENTERED,14098.75,14223.75,1.0,2022-04-11,2022
LONG20_FIRST_RED_GREEN_5M,LONG,14176.25,14176.0,1649771100,14239.75,1649771400,"{""adverse_ticks"": 1.0, ""stop_buffer_ticks"": 1.0}",300,NQ,18.25,64.0,TARGET_HIT,63.5,63.3,0.9968503937007873,1.0,True,False,63.5,09:45,ENTERED,14112.75,14239.75,1.0,2022-04-12,2022
LONG20_FIRST_RED_GREEN_5M,LONG,13993.25,13993.0,1649857200,14065.75,1649857620,"{""adverse_ticks"": 1.0, ""stop_buffer_ticks"": 1.0}",420,NQ,15.25,74.75,TARGET_HIT,72.5,72.3,0.9972413793103447,1.0,True,False,72.5,09:40,ENTERED,13920.75,14065.75,1.0,2022-04-13,2022
LONG20_FIRST_RED_GREEN_5M,LONG,14124.0,14123.75,1649945100,14103.75,1649945100,"{""adverse_ticks"": 1.0, ""stop_buffer_ticks"": 1.0}",0,NQ,31.5,1.25,STOP_HIT,-20.25,-20.45,-1.0098765432098764,-1.0,False,False,20.25,10:05,ENTERED,14103.75,14144.25,1.0,2022-04-14,2022
LONG20_FIRST_RED_GREEN_5M,LONG,12543.5,12543.25,1654610700,12508.75,1654610880,"{""adverse_ticks"": 1.0, ""stop_buffer_ticks"": 1.0}",180,NQ,47.5,16.75,STOP_HIT,-34.75,-34.95,-1.0057553956834533,-1.0,False,False,34.75,10:05,ENTERED,12508.75,12578.25,1.0,2022-06-07,2022
LONG20_FIRST_RED_GREEN_5M,LONG,12713.5,12713.25,1654695600,12627.25,1654706340,"{""adverse_ticks"": 1.0, ""stop_buffer_ticks"": 1.0}",10740,NQ,87.0,69.75,STOP_HIT,-86.25,-86.45,-1.00231884057971,-1.0,False,False,86.25,09:40,ENTERED,12627.25,12799.75,1.0,2022-06-08,2022
LONG20_FIRST_RED_GREEN_5M,LONG,12534.25,12534.0,1654782300,12562.75,1654782420,"{""adverse_ticks"": 1.0, ""stop_buffer_ticks"": 1.0}",120,NQ,15.25,32.75,TARGET_HIT,28.5,28.3,0.9929824561403509,1.0,True,False,28.5,09:45,ENTERED,12505.75,12562.75,1.0,2022-06-09,2022
LONG20_FIRST_RED_GREEN_5M,LONG,11995.25,11995.0,1654868400,12018.75,1654868400,"{""adverse_ticks"": 1.0, ""stop_buffer_ticks"": 1.0}",0,NQ,6.0,29.5,TARGET_HIT,23.5,23.3,0.9914893617021276,1.0,True,False,23.5,09:40,ENTERED,11971.75,12018.75,1.0,2022-06-10,2022
LONG20_FIRST_RED_GREEN_5M,LONG,11885.0,11884.75,1657548000,11855.5,1657548060,"{""adverse_ticks"": 1.0, ""stop_buffer_ticks"": 1.0}",60,NQ,31.75,0.0,STOP_HIT,-29.5,-29.7,-1.006779661016949,-1.0,False,False,29.5,10:00,ENTERED,11855.5,11914.5,1.0,2022-07-11,2022
LONG20_FIRST_RED_GREEN_5M,LONG,11923.25,11923.0,1657634100,11903.5,1657634100,"{""adverse_ticks"": 1.0, ""stop_buffer_ticks"": 1.0}",0,NQ,29.25,0.5,STOP_HIT,-19.75,-19.95,-1.010126582278481,-1.0,False,False,19.75,09:55,ENTERED,11903.5,11943.0,1.0,2022-07-12,2022
LONG20_FIRST_RED_GREEN_5M,LONG,11696.5,11696.25,1657720200,11802.25,1657723440,"{""adverse_ticks"": 1.0, ""stop_buffer_ticks"": 1.0}",3240,NQ,98.25,107.75,TARGET_HIT,105.75,105.55,0.9981087470449173,1.0,True,False,105.75,09:50,ENTERED,11590.75,11802.25,1.0,2022-07-13,2022
LONG20_FIRST_RED_GREEN_5M,LONG,11901.75,11901.5,1657893600,11950.25,1657893600,"{""adverse_ticks"": 1.0, ""stop_buffer_ticks"": 1.0}",0,NQ,0.0,88.5,TARGET_HIT,48.5,48.3,0.9958762886597937,1.0,True,False,48.5,10:00,ENTERED,11853.25,11950.25,1.0,2022-07-15,2022
LONG20_FIRST_RED_GREEN_5M,LONG,12134.5,12134.25,1658151900,12176.75,1658152320,"{""adverse_ticks"": 1.0, ""stop_buffer_ticks"": 1.0}",420,NQ,6.0,43.75,TARGET_HIT,42.25,42.05,0.995266272189349,1.0,True,False,42.25,09:45,ENTERED,12092.25,12176.75,1.0,2022-07-18,2022
LONG20_FIRST_RED_GREEN_5M,LONG,12029.5,12029.25,1658238900,12066.25,1658239080,"{""adverse_ticks"": 1.0, ""stop_buffer_ticks"": 1.0}",180,NQ,7.5,42.0,TARGET_HIT,36.75,36.55,0.9945578231292517,1.0,True,False,36.75,09:55,ENTERED,11992.75,12066.25,1.0,2022-07-19,2022
LONG20_FIRST_RED_GREEN_5M,LONG,12300.0,12299.75,1658325900,12276.25,1658325960,"{""adverse_ticks"": 1.0, ""stop_buffer_ticks"": 1.0}",60,NQ,27.75,0.0,STOP_HIT,-23.75,-23.95,-1.0084210526315789,-1.0,False,False,23.75,10:05,ENTERED,12276.25,12323.75,1.0,2022-07-20,2022
LONG20_FIRST_RED_GREEN_5M,LONG,12481.25,12481.0,1658410800,12409.0,1658412840,"{""adverse_ticks"": 1.0, ""stop_buffer_ticks"": 1.0}",2040,NQ,74.5,60.25,STOP_HIT,-72.25,-72.45,-1.0027681660899654,-1.0,False,False,72.25,09:40,ENTERED,12409.0,12553.5,1.0,2022-07-21,2022
LONG20_FIRST_RED_GREEN_5M,LONG,12640.25,12640.0,1658497200,12565.75,1658498400,"{""adverse_ticks"": 1.0, ""stop_buffer_ticks"": 1.0}",1200,NQ,79.25,58.5,STOP_HIT,-74.5,-74.7,-1.0026845637583892,-1.0,False,False,74.5,09:40,ENTERED,12565.75,12714.75,1.0,2022-07-22,2022
LONG20_FIRST_RED_GREEN_5M,LONG,12420.25,12420.0,1658756700,12356.5,1658757960,"{""adverse_ticks"": 1.0, ""stop_buffer_ticks"": 1.0}",1260,NQ,74.5,4.0,STOP_HIT,-63.75,-63.95,-1.0031372549019608,-1.0,False,False,63.75,09:45,ENTERED,12356.5,12484.0,1.0,2022-07-25,2022
LONG20_FIRST_RED_GREEN_5M,LONG,12239.5,12239.25,1658842800,12216.25,1658843100,"{""adverse_ticks"": 1.0, ""stop_buffer_ticks"": 1.0}",300,NQ,32.0,15.75,STOP_HIT,-23.25,-23.45,-1.0086021505376344,-1.0,False,False,23.25,09:40,ENTERED,12216.25,12262.75,1.0,2022-07-26,2022
LONG20_FIRST_RED_GREEN_5M,LONG,12345.0,12344.75,1658929200,12413.75,1658930700,"{""adverse_ticks"": 1.0, ""stop_buffer_ticks"": 1.0}",1500,NQ,2.0,72.0,TARGET_HIT,68.75,68.55,0.997090909090909,1.0,True,False,68.75,09:40,ENTERED,12276.25,12413.75,1.0,2022-07-27,2022
LONG20_FIRST_RED_GREEN_5M,LONG,12490.25,12490.0,1659016800,12527.0,1659016860,"{""adverse_ticks"": 1.0, ""stop_buffer_ticks"": 1.0}",60,NQ,3.25,39.0,TARGET_HIT,36.75,36.55,0.9945578231292517,1.0,True,False,36.75,10:00,ENTERED,12453.5,12527.0,1.0,2022-07-28,2022
LONG20_FIRST_RED_GREEN_5M,LONG,12800.5,12800.25,1659102000,12857.0,1659102120,"{""adverse_ticks"": 1.0, ""stop_buffer_ticks"": 1.0}",120,NQ,4.5,64.0,TARGET_HIT,56.5,56.3,0.9964601769911504,1.0,True,False,56.5,09:40,ENTERED,12744.0,12857.0,1.0,2022-07-29,2022
LONG20_FIRST_RED_GREEN_5M,LONG,12921.0,12920.75,1659361200,12990.5,1659361980,"{""adverse_ticks"": 1.0, ""stop_buffer_ticks"": 1.0}",780,NQ,15.5,87.5,TARGET_HIT,69.5,69.3,0.9971223021582734,1.0,True,False,69.5,09:40,ENTERED,12851.5,12990.5,1.0,2022-08-01,2022
LONG20_FIRST_RED_GREEN_5M,LONG,12919.75,12919.5,1659448200,12894.0,1659448380,"{""adverse_ticks"": 1.0, ""stop_buffer_ticks"": 1.0}",180,NQ,36.0,16.75,STOP_HIT,-25.75,-25.95,-1.007766990291262,-1.0,False,False,25.75,09:50,ENTERED,12894.0,12945.5,1.0,2022-08-02,2022
LONG20_FIRST_RED_GREEN_5M,LONG,13076.75,13076.5,1659534600,13113.5,1659534960,"{""adverse_ticks"": 1.0, ""stop_buffer_ticks"": 1.0}",360,NQ,12.25,48.0,TARGET_HIT,36.75,36.55,0.9945578231292517,1.0,True,False,36.75,09:50,ENTERED,13040.0,13113.5,1.0,2022-08-03,2022
LONG20_FIRST_RED_GREEN_5M,LONG,13326.0,13325.75,1659620700,13252.0,1659622560,"{""adverse_ticks"": 1.0, ""stop_buffer_ticks"": 1.0}",1860,NQ,73.75,13.25,STOP_HIT,-74.0,-74.2,-1.0027027027027027,-1.0,False,False,74.0,09:45,ENTERED,13252.0,13400.0,1.0,2022-08-04,2022
LONG20_FIRST_RED_GREEN_5M,LONG,13179.5,13179.25,1659707400,13213.25,1659708120,"{""adverse_ticks"": 1.0, ""stop_buffer_ticks"": 1.0}",720,NQ,25.0,46.5,TARGET_HIT,33.75,33.55,0.994074074074074,1.0,True,False,33.75,09:50,ENTERED,13145.75,13213.25,1.0,2022-08-05,2022
LONG20_FIRST_RED_GREEN_5M,LONG,13398.5,13398.25,1659966900,13352.25,1659968820,"{""adverse_ticks"": 1.0, ""stop_buffer_ticks"": 1.0}",1920,NQ,59.75,21.0,STOP_HIT,-46.25,-46.45,-1.0043243243243243,-1.0,False,False,46.25,09:55,ENTERED,13352.25,13444.75,1.0,2022-08-08,2022
LONG20_FIRST_RED_GREEN_5M,LONG,13045.5,13045.25,1660052400,13054.25,1660052400,"{""adverse_ticks"": 1.0, ""stop_buffer_ticks"": 1.0}",0,NQ,6.25,14.25,TARGET_HIT,8.75,8.55,0.9771428571428572,1.0,True,False,8.75,09:40,ENTERED,13036.75,13054.25,1.0,2022-08-09,2022
LONG20_FIRST_RED_GREEN_5M,LONG,13315.0,13314.75,1660139100,13268.25,1660141140,"{""adverse_ticks"": 1.0, ""stop_buffer_ticks"": 1.0}",2040,NQ,58.0,33.25,STOP_HIT,-46.75,-46.95,-1.0042780748663103,-1.0,False,False,46.75,09:45,ENTERED,13268.25,13361.75,1.0,2022-08-10,2022
LONG20_FIRST_RED_GREEN_5M,LONG,13478.75,13478.5,1660225200,13502.25,1660225320,"{""adverse_ticks"": 1.0, ""stop_buffer_ticks"": 1.0}",120,NQ,3.0,34.5,TARGET_HIT,23.5,23.3,0.9914893617021276,1.0,True,False,23.5,09:40,ENTERED,13455.25,13502.25,1.0,2022-08-11,2022
LONG20_FIRST_RED_GREEN_5M,LONG,13389.0,13388.75,1660311600,13419.0,1660311600,"{""adverse_ticks"": 1.0, ""stop_buffer_ticks"": 1.0}",0,NQ,1.25,37.75,TARGET_HIT,30.0,29.8,0.9933333333333334,1.0,True,False,30.0,09:40,ENTERED,13359.0,13419.0,1.0,2022-08-12,2022
LONG20_FIRST_RED_GREEN_5M,LONG,13556.25,13556.0,1660571400,13566.25,1660571400,"{""adverse_ticks"": 1.0, ""stop_buffer_ticks"": 1.0}",0,NQ,4.75,16.75,TARGET_HIT,10.0,9.8,0.9800000000000001,1.0,True,False,10.0,09:50,ENTERED,13546.25,13566.25,1.0,2022-08-15,2022
LONG20_FIRST_RED_GREEN_5M,LONG,13612.25,13612.0,1660658400,13582.75,1660658460,"{""adverse_ticks"": 1.0, ""stop_buffer_ticks"": 1.0}",60,NQ,41.75,1.5,STOP_HIT,-29.5,-29.7,-1.006779661016949,-1.0,False,False,29.5,10:00,ENTERED,13582.75,13641.75,1.0,2022-08-16,2022
LONG20_FIRST_RED_GREEN_5M,LONG,13512.0,13511.75,1660744200,13539.75,1660744620,"{""adverse_ticks"": 1.0, ""stop_buffer_ticks"": 1.0}",420,NQ,23.5,31.75,TARGET_HIT,27.75,27.55,0.9927927927927929,1.0,True,False,27.75,09:50,ENTERED,13484.25,13539.75,1.0,2022-08-17,2022
LONG20_FIRST_RED_GREEN_5M,LONG,13480.25,13480.0,1660830000,13434.75,1660831200,"{""adverse_ticks"": 1.0, ""stop_buffer_ticks"": 1.0}",1200,NQ,54.25,22.25,STOP_HIT,-45.5,-45.7,-1.0043956043956044,-1.0,False,False,45.5,09:40,ENTERED,13434.75,13525.75,1.0,2022-08-18,2022
LONG20_FIRST_RED_GREEN_5M,LONG,13308.75,13308.5,1660917600,13300.0,1660917600,"{""adverse_ticks"": 1.0, ""stop_buffer_ticks"": 1.0}",0,NQ,12.75,0.75,STOP_HIT,-8.75,-8.95,-1.0228571428571427,-1.0,False,False,8.75,10:00,ENTERED,13300.0,13317.5,1.0,2022-08-19,2022
LONG20_FIRST_RED_GREEN_5M,LONG,13065.25,13065.0,1661175900,13021.0,1661176140,"{""adverse_ticks"": 1.0, ""stop_buffer_ticks"": 1.0}",240,NQ,51.0,2.75,STOP_HIT,-44.25,-44.45,-1.0045197740112994,-1.0,False,False,44.25,09:45,ENTERED,13021.0,13109.5,1.0,2022-08-22,2022
LONG20_FIRST_RED_GREEN_5M,LONG,12939.0,12938.75,1661262600,13012.25,1661263860,"{""adverse_ticks"": 1.0, ""stop_buffer_ticks"": 1.0}",1260,NQ,15.5,77.0,TARGET_HIT,73.25,73.05,0.9972696245733788,1.0,True,False,73.25,09:50,ENTERED,12865.75,13012.25,1.0,2022-08-23,2022
LONG20_FIRST_RED_GREEN_5M,LONG,12902.0,12901.75,1661348400,12952.75,1661351700,"{""adverse_ticks"": 1.0, ""stop_buffer_ticks"": 1.0}",3300,NQ,33.0,53.5,TARGET_HIT,50.75,50.55,0.9960591133004926,1.0,True,False,50.75,09:40,ENTERED,12851.25,12952.75,1.0,2022-08-24,2022
LONG20_FIRST_RED_GREEN_5M,LONG,12988.5,12988.25,1661434800,12966.5,1661435400,"{""adverse_ticks"": 1.0, ""stop_buffer_ticks"": 1.0}",600,NQ,26.25,14.0,STOP_HIT,-22.0,-22.2,-1.009090909090909,-1.0,False,False,22.0,09:40,ENTERED,12966.5,13010.5,1.0,2022-08-25,2022
LONG20_FIRST_RED_GREEN_5M,LONG,13127.5,13127.25,1661522100,13084.5,1661522460,"{""adverse_ticks"": 1.0, ""stop_buffer_ticks"": 1.0}",360,NQ,71.75,15.75,STOP_HIT,-43.0,-43.2,-1.0046511627906978,-1.0,False,False,43.0,09:55,ENTERED,13084.5,13170.5,1.0,2022-08-26,2022
LONG20_FIRST_RED_GREEN_5M,LONG,11368.0,11367.75,1666618800,11300.25,1666620120,"{""adverse_ticks"": 1.0, ""stop_buffer_ticks"": 1.0}",1320,NQ,80.25,58.25,STOP_HIT,-67.75,-67.95,-1.0029520295202952,-1.0,False,False,67.75,09:40,ENTERED,11300.25,11435.75,1.0,2022-10-24,2022
LONG20_FIRST_RED_GREEN_5M,LONG,11560.0,11559.75,1666705500,11597.75,1666705560,"{""adverse_ticks"": 1.0, ""stop_buffer_ticks"": 1.0}",60,NQ,1.25,42.0,TARGET_HIT,37.75,37.55,0.9947019867549668,1.0,True,False,37.75,09:45,ENTERED,11522.25,11597.75,1.0,2022-10-25,2022
LONG20_FIRST_RED_GREEN_5M,LONG,11516.25,11516.0,1666792200,11569.5,1666793940,"{""adverse_ticks"": 1.0, ""stop_buffer_ticks"": 1.0}",1740,NQ,43.25,56.5,TARGET_HIT,53.25,53.05,0.996244131455399,1.0,True,False,53.25,09:50,ENTERED,11463.0,11569.5,1.0,2022-10-26,2022
LONG20_FIRST_RED_GREEN_5M,LONG,11406.5,11406.25,1666878300,11367.25,1666878480,"{""adverse_ticks"": 1.0, ""stop_buffer_ticks"": 1.0}",180,NQ,53.0,5.25,STOP_HIT,-39.25,-39.45,-1.0050955414012739,-1.0,False,False,39.25,09:45,ENTERED,11367.25,11445.75,1.0,2022-10-27,2022
LONG20_FIRST_RED_GREEN_5M,LONG,11488.5,11488.25,1667223600,11453.0,1667223780,"{""adverse_ticks"": 1.0, ""stop_buffer_ticks"": 1.0}",180,NQ,35.75,4.25,STOP_HIT,-35.5,-35.7,-1.0056338028169014,-1.0,False,False,35.5,09:40,ENTERED,11453.0,11524.0,1.0,2022-10-31,2022
LONG20_FIRST_RED_GREEN_5M,LONG,11513.25,11513.0,1667311200,,1667311200,"{""adverse_ticks"": 1.0, ""stop_buffer_ticks"": 1.0}",,NQ,54.5,14.75,AMBIGUOUS,,,,,True,False,13.75,10:00,ENTERED,11499.5,11527.0,1.0,2022-11-01,2022
LONG20_FIRST_RED_GREEN_5M,LONG,11037.75,11037.5,1667919000,11069.0,1667919120,"{""adverse_ticks"": 1.0, ""stop_buffer_ticks"": 1.0}",120,NQ,5.75,32.5,TARGET_HIT,31.25,31.05,0.9936,1.0,True,False,31.25,09:50,ENTERED,11006.5,11069.0,1.0,2022-11-08,2022
LONG20_FIRST_RED_GREEN_5M,LONG,10991.5,10991.25,1668004800,11014.25,1668004920,"{""adverse_ticks"": 1.0, ""stop_buffer_ticks"": 1.0}",120,NQ,9.25,23.25,TARGET_HIT,22.75,22.55,0.9912087912087912,1.0,True,False,22.75,09:40,ENTERED,10968.75,11014.25,1.0,2022-11-09,2022
LONG20_FIRST_RED_GREEN_5M,LONG,11591.5,11591.25,1668177600,11614.0,1668177660,"{""adverse_ticks"": 1.0, ""stop_buffer_ticks"": 1.0}",60,NQ,4.75,31.0,TARGET_HIT,22.5,22.3,0.9911111111111112,1.0,True,False,22.5,09:40,ENTERED,11569.0,11614.0,1.0,2022-11-11,2022
LONG20_FIRST_RED_GREEN_5M,LONG,11768.5,11768.25,1668436800,11724.5,1668437040,"{""adverse_ticks"": 1.0, ""stop_buffer_ticks"": 1.0}",240,NQ,49.25,8.0,STOP_HIT,-44.0,-44.2,-1.0045454545454546,-1.0,False,False,44.0,09:40,ENTERED,11724.5,11812.5,1.0,2022-11-14,2022
LONG20_FIRST_RED_GREEN_5M,LONG,12031.25,12031.0,1668524400,11962.75,1668527400,"{""adverse_ticks"": 1.0, ""stop_buffer_ticks"": 1.0}",3000,NQ,69.75,23.75,STOP_HIT,-68.5,-68.7,-1.0029197080291972,-1.0,False,False,68.5,10:00,ENTERED,11962.75,12099.75,1.0,2022-11-15,2022
LONG20_FIRST_RED_GREEN_5M,LONG,11770.0,11769.75,1668610500,11790.75,1668610680,"{""adverse_ticks"": 1.0, ""stop_buffer_ticks"": 1.0}",180,NQ,4.25,27.75,TARGET_HIT,20.75,20.55,0.9903614457831326,1.0,True,False,20.75,09:55,ENTERED,11749.25,11790.75,1.0,2022-11-16,2022
LONG20_FIRST_RED_GREEN_5M,LONG,11608.5,11608.25,1668697500,11646.25,1668698340,"{""adverse_ticks"": 1.0, ""stop_buffer_ticks"": 1.0}",840,NQ,25.0,54.5,TARGET_HIT,37.75,37.55,0.9947019867549668,1.0,True,False,37.75,10:05,ENTERED,11570.75,11646.25,1.0,2022-11-17,2022
LONG20_FIRST_RED_GREEN_5M,LONG,11763.5,11763.25,1668782700,11747.25,1668782880,"{""adverse_ticks"": 1.0, ""stop_buffer_ticks"": 1.0}",180,NQ,25.75,14.25,STOP_HIT,-16.25,-16.45,-1.0123076923076924,-1.0,False,False,16.25,09:45,ENTERED,11747.25,11779.75,1.0,2022-11-18,2022
LONG20_FIRST_RED_GREEN_5M,LONG,11643.0,11642.75,1669041600,11658.0,1669041600,"{""adverse_ticks"": 1.0, ""stop_buffer_ticks"": 1.0}",0,NQ,3.5,23.0,TARGET_HIT,15.0,14.8,0.9866666666666667,1.0,True,False,15.0,09:40,ENTERED,11628.0,11658.0,1.0,2022-11-21,2022
LONG20_FIRST_RED_GREEN_5M,LONG,11543.75,11543.5,1669128600,11560.5,1669129200,"{""adverse_ticks"": 1.0, ""stop_buffer_ticks"": 1.0}",600,NQ,11.25,20.0,TARGET_HIT,16.75,16.55,0.9880597014925373,1.0,True,False,16.75,09:50,ENTERED,11527.0,11560.5,1.0,2022-11-22,2022
LONG20_FIRST_RED_GREEN_5M,LONG,11820.25,11820.0,1669215000,11859.5,1669216020,"{""adverse_ticks"": 1.0, ""stop_buffer_ticks"": 1.0}",1020,NQ,18.25,44.25,TARGET_HIT,39.25,39.05,0.994904458598726,1.0,True,False,39.25,09:50,ENTERED,11781.0,11859.5,1.0,2022-11-23,2022
LONG20_FIRST_RED_GREEN_5M,LONG,11758.0,11757.75,1669647600,11740.25,1669648320,"{""adverse_ticks"": 1.0, ""stop_buffer_ticks"": 1.0}",720,NQ,25.5,11.25,STOP_HIT,-17.75,-17.95,-1.0112676056338028,-1.0,False,False,17.75,10:00,ENTERED,11740.25,11775.75,1.0,2022-11-28,2022
LONG20_FIRST_RED_GREEN_5M,LONG,11588.0,11587.75,1669733400,11571.5,1669733700,"{""adverse_ticks"": 1.0, ""stop_buffer_ticks"": 1.0}",300,NQ,20.75,2.75,STOP_HIT,-16.5,-16.7,-1.012121212121212,-1.0,False,False,16.5,09:50,ENTERED,11571.5,11604.5,1.0,2022-11-29,2022
LONG20_FIRST_RED_GREEN_5M,LONG,11575.25,11575.0,1669819500,11529.0,1669820400,"{""adverse_ticks"": 1.0, ""stop_buffer_ticks"": 1.0}",900,NQ,52.5,2.25,STOP_HIT,-46.25,-46.45,-1.0043243243243243,-1.0,False,False,46.25,09:45,ENTERED,11529.0,11621.5,1.0,2022-11-30,2022
LONG20_FIRST_RED_GREEN_5M,LONG,12099.5,12099.25,1669905900,12140.75,1669906800,"{""adverse_ticks"": 1.0, ""stop_buffer_ticks"": 1.0}",900,NQ,23.5,45.75,TARGET_HIT,41.25,41.05,0.9951515151515151,1.0,True,False,41.25,09:45,ENTERED,12058.25,12140.75,1.0,2022-12-01,2022
LONG20_FIRST_RED_GREEN_5M,LONG,11874.5,11874.25,1669993200,11912.0,1669993920,"{""adverse_ticks"": 1.0, ""stop_buffer_ticks"": 1.0}",720,NQ,22.75,50.75,TARGET_HIT,37.5,37.3,0.9946666666666666,1.0,True,False,37.5,10:00,ENTERED,11837.0,11912.0,1.0,2022-12-02,2022
LONG20_FIRST_RED_GREEN_5M,LONG,11967.25,11967.0,1670251800,11941.0,1670252160,"{""adverse_ticks"": 1.0, ""stop_buffer_ticks"": 1.0}",360,NQ,33.25,1.75,STOP_HIT,-26.25,-26.45,-1.0076190476190476,-1.0,False,False,26.25,09:50,ENTERED,11941.0,11993.5,1.0,2022-12-05,2022
LONG20_FIRST_RED_GREEN_5M,LONG,11730.25,11730.0,1670338200,11704.5,1670338440,"{""adverse_ticks"": 1.0, ""stop_buffer_ticks"": 1.0}",240,NQ,35.0,1.0,STOP_HIT,-25.75,-25.95,-1.007766990291262,-1.0,False,False,25.75,09:50,ENTERED,11704.5,11756.0,1.0,2022-12-06,2022
LONG20_FIRST_RED_GREEN_5M,LONG,11482.75,11482.5,1670424900,11459.75,1670425200,"{""adverse_ticks"": 1.0, ""stop_buffer_ticks"": 1.0}",300,NQ,39.0,4.25,STOP_HIT,-23.0,-23.2,-1.008695652173913,-1.0,False,False,23.0,09:55,ENTERED,11459.75,11505.75,1.0,2022-12-07,2022
LONG20_FIRST_RED_GREEN_5M,LONG,11522.0,11521.75,1670511000,11567.0,1670511360,"{""adverse_ticks"": 1.0, ""stop_buffer_ticks"": 1.0}",360,NQ,4.0,54.5,TARGET_HIT,45.0,44.8,0.9955555555555555,1.0,True,False,45.0,09:50,ENTERED,11477.0,11567.0,1.0,2022-12-08,2022
LONG20_FIRST_RED_GREEN_5M,LONG,11438.5,11438.25,1673621400,11468.5,1673621460,"{""adverse_ticks"": 1.0, ""stop_buffer_ticks"": 1.0}",60,NQ,4.75,35.0,TARGET_HIT,30.0,29.8,0.9933333333333334,1.0,True,False,30.0,09:50,ENTERED,11408.5,11468.5,1.0,2023-01-13,2023
LONG20_FIRST_RED_GREEN_5M,LONG,11579.25,11579.0,1673966700,11609.25,1673966880,"{""adverse_ticks"": 1.0, ""stop_buffer_ticks"": 1.0}",180,NQ,0.0,30.75,TARGET_HIT,30.0,29.8,0.9933333333333334,1.0,True,False,30.0,09:45,ENTERED,11549.25,11609.25,1.0,2023-01-17,2023
LONG20_FIRST_RED_GREEN_5M,LONG,11699.25,11699.0,1674053400,11726.5,1674054000,"{""adverse_ticks"": 1.0, ""stop_buffer_ticks"": 1.0}",600,NQ,8.25,46.0,TARGET_HIT,27.25,27.05,0.9926605504587156,1.0,True,False,27.25,09:50,ENTERED,11672.0,11726.5,1.0,2023-01-18,2023
LONG20_FIRST_RED_GREEN_5M,LONG,11365.5,11365.25,1674140100,11382.5,1674140100,"{""adverse_ticks"": 1.0, ""stop_buffer_ticks"": 1.0}",0,NQ,0.0,21.0,TARGET_HIT,17.0,16.8,0.9882352941176471,1.0,True,False,17.0,09:55,ENTERED,11348.5,11382.5,1.0,2023-01-19,2023
LONG20_FIRST_RED_GREEN_5M,LONG,11412.25,11412.0,1674225600,11441.25,1674225780,"{""adverse_ticks"": 1.0, ""stop_buffer_ticks"": 1.0}",180,NQ,0.25,31.5,TARGET_HIT,29.0,28.8,0.993103448275862,1.0,True,False,29.0,09:40,ENTERED,11383.25,11441.25,1.0,2023-01-20,2023
LONG20_FIRST_RED_GREEN_5M,LONG,11723.0,11722.75,1674484800,11774.5,1674485220,"{""adverse_ticks"": 1.0, ""stop_buffer_ticks"": 1.0}",420,NQ,1.0,62.75,TARGET_HIT,51.5,51.3,0.9961165048543689,1.0,True,False,51.5,09:40,ENTERED,11671.5,11774.5,1.0,2023-01-23,2023
LONG20_FIRST_RED_GREEN_5M,LONG,11872.75,11872.5,1674573000,11907.5,1674573300,"{""adverse_ticks"": 1.0, ""stop_buffer_ticks"": 1.0}",300,NQ,6.5,64.5,TARGET_HIT,34.75,34.55,0.9942446043165467,1.0,True,False,34.75,10:10,ENTERED,11838.0,11907.5,1.0,2023-01-24,2023
LONG20_FIRST_RED_GREEN_5M,LONG,11699.25,11699.0,1674657600,11658.0,1674658380,"{""adverse_ticks"": 1.0, ""stop_buffer_ticks"": 1.0}",780,NQ,44.75,25.0,STOP_HIT,-41.25,-41.45,-1.0048484848484849,-1.0,False,False,41.25,09:40,ENTERED,11658.0,11740.5,1.0,2023-01-25,2023
LONG20_FIRST_RED_GREEN_5M,LONG,11980.25,11980.0,1674745200,12013.75,1674746160,"{""adverse_ticks"": 1.0, ""stop_buffer_ticks"": 1.0}",960,NQ,26.75,40.75,TARGET_HIT,33.5,33.3,0.9940298507462686,1.0,True,False,33.5,10:00,ENTERED,11946.75,12013.75,1.0,2023-01-26,2023
LONG20_FIRST_RED_GREEN_5M,LONG,12156.25,12156.0,1674831900,12104.0,1674834900,"{""adverse_ticks"": 1.0, ""stop_buffer_ticks"": 1.0}",3000,NQ,61.5,37.25,STOP_HIT,-52.25,-52.45,-1.0038277511961724,-1.0,False,False,52.25,10:05,ENTERED,12104.0,12208.5,1.0,2023-01-27,2023
LONG20_FIRST_RED_GREEN_5M,LONG,12094.25,12094.0,1675089600,12129.25,1675090080,"{""adverse_ticks"": 1.0, ""stop_buffer_ticks"": 1.0}",480,NQ,25.5,37.5,TARGET_HIT,35.0,34.8,0.9942857142857142,1.0,True,False,35.0,09:40,ENTERED,12059.25,12129.25,1.0,2023-01-30,2023
LONG20_FIRST_RED_GREEN_5M,LONG,12041.5,12041.25,1675176600,11984.5,1675177200,"{""adverse_ticks"": 1.0, ""stop_buffer_ticks"": 1.0}",600,NQ,60.0,14.0,STOP_HIT,-57.0,-57.2,-1.0035087719298246,-1.0,False,False,57.0,09:50,ENTERED,11984.5,12098.5,1.0,2023-01-31,2023
LONG20_FIRST_RED_GREEN_5M,LONG,12125.5,12125.25,1675262400,12150.0,1675263240,"{""adverse_ticks"": 1.0, ""stop_buffer_ticks"": 1.0}",840,NQ,18.25,26.5,TARGET_HIT,24.5,24.3,0.9918367346938776,1.0,True,False,24.5,09:40,ENTERED,12101.0,12150.0,1.0,2023-02-01,2023
LONG20_FIRST_RED_GREEN_5M,LONG,12728.5,12728.25,1675349400,12670.5,1675349940,"{""adverse_ticks"": 1.0, ""stop_buffer_ticks"": 1.0}",540,NQ,59.5,5.0,STOP_HIT,-58.0,-58.2,-1.003448275862069,-1.0,False,False,58.0,09:50,ENTERED,12670.5,12786.5,1.0,2023-02-02,2023
LONG20_FIRST_RED_GREEN_5M,LONG,12698.0,12697.75,1675437000,12728.0,1675437120,"{""adverse_ticks"": 1.0, ""stop_buffer_ticks"": 1.0}",120,NQ,19.5,39.25,TARGET_HIT,30.0,29.8,0.9933333333333334,1.0,True,False,30.0,10:10,ENTERED,12668.0,12728.0,1.0,2023-02-03,2023
LONG20_FIRST_RED_GREEN_5M,LONG,12534.25,12534.0,1675694700,12551.0,1675694700,"{""adverse_ticks"": 1.0, ""stop_buffer_ticks"": 1.0}",0,NQ,6.5,34.75,TARGET_HIT,16.75,16.55,0.9880597014925373,1.0,True,True,16.75,09:45,ENTERED,12517.5,12551.0,1.0,2023-02-06,2023
LONG20_FIRST_RED_GREEN_5M,LONG,12499.0,12498.75,1675782300,12514.0,1675782300,"{""adverse_ticks"": 1.0, ""stop_buffer_ticks"": 1.0}",0,NQ,2.75,17.0,TARGET_HIT,15.0,14.8,0.9866666666666667,1.0,True,False,15.0,10:05,ENTERED,12484.0,12514.0,1.0,2023-02-07,2023
LONG20_FIRST_RED_GREEN_5M,LONG,12731.5,12731.25,1675867200,12683.5,1675867920,"{""adverse_ticks"": 1.0, ""stop_buffer_ticks"": 1.0}",720,NQ,55.25,20.75,STOP_HIT,-48.0,-48.2,-1.0041666666666667,-1.0,False,False,48.0,09:40,ENTERED,12683.5,12779.5,1.0,2023-02-08,2023
LONG20_FIRST_RED_GREEN_5M,LONG,12682.0,12681.75,1675954200,12634.0,1675956420,"{""adverse_ticks"": 1.0, ""stop_buffer_ticks"": 1.0}",2220,NQ,63.75,26.0,STOP_HIT,-48.0,-48.2,-1.0041666666666667,-1.0,False,False,48.0,09:50,ENTERED,12634.0,12730.0,1.0,2023-02-09,2023
LONG20_FIRST_RED_GREEN_5M,LONG,12370.25,12370.0,1676040600,12311.25,1676041200,"{""adverse_ticks"": 1.0, ""stop_buffer_ticks"": 1.0}",600,NQ,64.0,16.5,STOP_HIT,-59.0,-59.2,-1.0033898305084745,-1.0,False,False,59.0,09:50,ENTERED,12311.25,12429.25,1.0,2023-02-10,2023
LONG20_FIRST_RED_GREEN_5M,LONG,12394.25,12394.0,1676299200,12436.75,1676299560,"{""adverse_ticks"": 1.0, ""stop_buffer_ticks"": 1.0}",360,NQ,6.75,43.25,TARGET_HIT,42.5,42.3,0.9952941176470588,1.0,True,False,42.5,09:40,ENTERED,12351.75,12436.75,1.0,2023-02-13,2023
LONG20_FIRST_RED_GREEN_5M,LONG,12481.0,12480.75,1676385600,12571.75,1676386500,"{""adverse_ticks"": 1.0, ""stop_buffer_ticks"": 1.0}",900,NQ,17.75,103.5,TARGET_HIT,90.75,90.55,0.9977961432506887,1.0,True,False,90.75,09:40,ENTERED,12390.25,12571.75,1.0,2023-02-14,2023
LONG20_FIRST_RED_GREEN_5M,LONG,12596.75,12596.5,1676472300,12629.5,1676472600,"{""adverse_ticks"": 1.0, ""stop_buffer_ticks"": 1.0}",300,NQ,12.5,35.0,TARGET_HIT,32.75,32.55,0.9938931297709923,1.0,True,False,32.75,09:45,ENTERED,12564.0,12629.5,1.0,2023-02-15,2023
LONG20_FIRST_RED_GREEN_5M,LONG,12560.75,12560.5,1676559000,12595.25,1676560260,"{""adverse_ticks"": 1.0, ""stop_buffer_ticks"": 1.0}",1260,NQ,25.0,35.25,TARGET_HIT,34.5,34.3,0.9942028985507245,1.0,True,False,34.5,09:50,ENTERED,12526.25,12595.25,1.0,2023-02-16,2023
LONG20_FIRST_RED_GREEN_5M,LONG,12329.25,12329.0,1676646000,12362.5,1676646180,"{""adverse_ticks"": 1.0, ""stop_buffer_ticks"": 1.0}",180,NQ,4.75,33.75,TARGET_HIT,33.25,33.05,0.993984962406015,1.0,True,False,33.25,10:00,ENTERED,12296.0,12362.5,1.0,2023-02-17,2023
LONG20_FIRST_RED_GREEN_5M,LONG,12200.75,12200.5,1676992800,12183.75,1676993220,"{""adverse_ticks"": 1.0, ""stop_buffer_ticks"": 1.0}",420,NQ,17.75,16.75,STOP_HIT,-17.0,-17.2,-1.011764705882353,-1.0,False,False,17.0,10:20,ENTERED,12183.75,12217.75,1.0,2023-02-21,2023
LONG20_FIRST_RED_GREEN_5M,LONG,12080.75,12080.5,1677079500,12039.75,1677079920,"{""adverse_ticks"": 1.0, ""stop_buffer_ticks"": 1.0}",420,NQ,44.75,8.5,STOP_HIT,-41.0,-41.2,-1.0048780487804878,-1.0,False,False,41.0,10:25,ENTERED,12039.75,12121.75,1.0,2023-02-22,2023
LONG20_FIRST_RED_GREEN_5M,LONG,12216.0,12215.75,1677163500,12235.0,1677163560,"{""adverse_ticks"": 1.0, ""stop_buffer_ticks"": 1.0}",60,NQ,6.5,22.5,TARGET_HIT,19.0,18.8,0.9894736842105264,1.0,True,False,19.0,09:45,ENTERED,12197.0,12235.0,1.0,2023-02-23,2023
LONG20_FIRST_RED_GREEN_5M,LONG,11978.5,11978.25,1677250500,11955.0,1677251220,"{""adverse_ticks"": 1.0, ""stop_buffer_ticks"": 1.0}",720,NQ,28.75,19.25,STOP_HIT,-23.5,-23.7,-1.0085106382978724,-1.0,False,False,23.5,09:55,ENTERED,11955.0,12002.0,1.0,2023-02-24,2023
LONG20_FIRST_RED_GREEN_5M,LONG,12073.75,12073.5,1677595200,12106.25,1677595500,"{""adverse_ticks"": 1.0, ""stop_buffer_ticks"": 1.0}",300,NQ,1.5,35.5,TARGET_HIT,32.5,32.3,0.9938461538461537,1.0,True,False,32.5,09:40,ENTERED,12041.25,12106.25,1.0,2023-02-28,2023
LONG20_FIRST_RED_GREEN_5M,LONG,12753.25,12753.0,1679060400,12691.5,1679063040,"{""adverse_ticks"": 1.0, ""stop_buffer_ticks"": 1.0}",2640,NQ,65.0,58.25,STOP_HIT,-61.75,-61.95,-1.003238866396761,-1.0,False,False,61.75,09:40,ENTERED,12691.5,12815.0,1.0,2023-03-17,2023
LONG20_FIRST_RED_GREEN_5M,LONG,12594.75,12594.5,1679319600,12555.25,1679319780,"{""adverse_ticks"": 1.0, ""stop_buffer_ticks"": 1.0}",180,NQ,42.25,17.0,STOP_HIT,-39.5,-39.7,-1.0050632911392405,-1.0,False,False,39.5,09:40,ENTERED,12555.25,12634.25,1.0,2023-03-20,2023
LONG20_FIRST_RED_GREEN_5M,LONG,12788.5,12788.25,1679406300,12782.0,1679406300,"{""adverse_ticks"": 1.0, ""stop_buffer_ticks"": 1.0}",0,NQ,6.25,5.25,STOP_HIT,-6.5,-6.7,-1.0307692307692309,-1.0,False,False,6.5,09:45,ENTERED,12782.0,12795.0,1.0,2023-03-21,2023
LONG20_FIRST_RED_GREEN_5M,LONG,12879.25,12879.0,1679492400,12907.5,1679495220,"{""adverse_ticks"": 1.0, ""stop_buffer_ticks"": 1.0}",2820,NQ,20.0,32.25,TARGET_HIT,28.25,28.05,0.9929203539823009,1.0,True,False,28.25,09:40,ENTERED,12851.0,12907.5,1.0,2023-03-22,2023
LONG20_FIRST_RED_GREEN_5M,LONG,12875.25,12875.0,1679579100,12903.5,1679580000,"{""adverse_ticks"": 1.0, ""stop_buffer_ticks"": 1.0}",900,NQ,25.5,34.75,TARGET_HIT,28.25,28.05,0.9929203539823009,1.0,True,False,28.25,09:45,ENTERED,12847.0,12903.5,1.0,2023-03-23,2023
LONG20_FIRST_RED_GREEN_5M,LONG,12801.75,12801.5,1679666100,12736.0,1679670660,"{""adverse_ticks"": 1.0, ""stop_buffer_ticks"": 1.0}",4560,NQ,68.5,41.0,STOP_HIT,-65.75,-65.95,-1.003041825095057,-1.0,False,False,65.75,09:55,ENTERED,12736.0,12867.5,1.0,2023-03-24,2023
LONG20_FIRST_RED_GREEN_5M,LONG,12936.0,12935.75,1679924700,12880.5,1679927400,"{""adverse_ticks"": 1.0, ""stop_buffer_ticks"": 1.0}",2700,NQ,60.5,29.5,STOP_HIT,-55.5,-55.7,-1.0036036036036036,-1.0,False,False,55.5,09:45,ENTERED,12880.5,12991.5,1.0,2023-03-27,2023
LONG20_FIRST_RED_GREEN_5M,LONG,12713.75,12713.5,1680011400,12682.5,1680012000,"{""adverse_ticks"": 1.0, ""stop_buffer_ticks"": 1.0}",600,NQ,40.5,7.0,STOP_HIT,-31.25,-31.45,-1.0064,-1.0,False,False,31.25,09:50,ENTERED,12682.5,12745.0,1.0,2023-03-28,2023
LONG20_FIRST_RED_GREEN_5M,LONG,12915.0,12914.75,1680098400,12931.25,1680098640,"{""adverse_ticks"": 1.0, ""stop_buffer_ticks"": 1.0}",240,NQ,4.5,18.0,TARGET_HIT,16.25,16.05,0.9876923076923078,1.0,True,False,16.25,10:00,ENTERED,12898.75,12931.25,1.0,2023-03-29,2023
LONG20_FIRST_RED_GREEN_5M,LONG,13047.25,13047.0,1680183900,13057.75,1680184020,"{""adverse_ticks"": 1.0, ""stop_buffer_ticks"": 1.0}",120,NQ,5.5,11.5,TARGET_HIT,10.5,10.3,0.980952380952381,1.0,True,False,10.5,09:45,ENTERED,13036.75,13057.75,1.0,2023-03-30,2023
LONG20_FIRST_RED_GREEN_5M,LONG,13133.5,13133.25,1680270300,13152.5,1680270720,"{""adverse_ticks"": 1.0, ""stop_buffer_ticks"": 1.0}",420,NQ,4.75,20.0,TARGET_HIT,19.0,18.8,0.9894736842105264,1.0,True,False,19.0,09:45,ENTERED,13114.5,13152.5,1.0,2023-03-31,2023
LONG20_FIRST_RED_GREEN_5M,LONG,13260.5,13260.25,1680529800,13221.75,1680530280,"{""adverse_ticks"": 1.0, ""stop_buffer_ticks"": 1.0}",480,NQ,39.25,1.5,STOP_HIT,-38.75,-38.95,-1.0051612903225806,-1.0,False,False,38.75,09:50,ENTERED,13221.75,13299.25,1.0,2023-04-03,2023
LONG20_FIRST_RED_GREEN_5M,LONG,13260.5,13260.25,1680616200,13291.25,1680616800,"{""adverse_ticks"": 1.0, ""stop_buffer_ticks"": 1.0}",600,NQ,1.0,57.0,TARGET_HIT,30.75,30.55,0.9934959349593496,1.0,True,False,30.75,09:50,ENTERED,13229.75,13291.25,1.0,2023-04-04,2023
LONG20_FIRST_RED_GREEN_5M,LONG,13133.25,13133.0,1680702900,13146.75,1680703200,"{""adverse_ticks"": 1.0, ""stop_buffer_ticks"": 1.0}",300,NQ,10.0,31.0,TARGET_HIT,13.5,13.3,0.9851851851851853,1.0,True,True,13.5,09:55,ENTERED,13119.75,13146.75,1.0,2023-04-05,2023
LONG20_FIRST_RED_GREEN_5M,LONG,12976.0,12975.75,1680788700,12957.25,1680788880,"{""adverse_ticks"": 1.0, ""stop_buffer_ticks"": 1.0}",180,NQ,20.5,1.75,STOP_HIT,-18.75,-18.95,-1.0106666666666666,-1.0,False,False,18.75,09:45,ENTERED,12957.25,12994.75,1.0,2023-04-06,2023
LONG20_FIRST_RED_GREEN_5M,LONG,12986.5,12986.25,1681134900,13005.75,1681135920,"{""adverse_ticks"": 1.0, ""stop_buffer_ticks"": 1.0}",1020,NQ,15.25,19.75,TARGET_HIT,19.25,19.05,0.9896103896103896,1.0,True,False,19.25,09:55,ENTERED,12967.25,13005.75,1.0,2023-04-10,2023
LONG20_FIRST_RED_GREEN_5M,LONG,13107.25,13107.0,1681221600,13092.5,1681222320,"{""adverse_ticks"": 1.0, ""stop_buffer_ticks"": 1.0}",720,NQ,22.25,12.75,STOP_HIT,-14.75,-14.95,-1.0135593220338983,-1.0,False,False,14.75,10:00,ENTERED,13092.5,13122.0,1.0,2023-04-11,2023
LONG20_FIRST_RED_GREEN_5M,LONG,13085.0,13084.75,1681308300,13033.25,1681311300,"{""adverse_ticks"": 1.0, ""stop_buffer_ticks"": 1.0}",3000,NQ,71.75,44.25,STOP_HIT,-51.75,-51.95,-1.003864734299517,-1.0,False,False,51.75,10:05,ENTERED,13033.25,13136.75,1.0,2023-04-12,2023
LONG20_FIRST_RED_GREEN_5M,LONG,13067.5,13067.25,1681393800,13045.0,1681394340,"{""adverse_ticks"": 1.0, ""stop_buffer_ticks"": 1.0}",540,NQ,22.75,10.75,STOP_HIT,-22.5,-22.7,-1.008888888888889,-1.0,False,False,22.5,09:50,ENTERED,13045.0,13090.0,1.0,2023-04-13,2023
LONG20_FIRST_RED_GREEN_5M,LONG,13249.25,13249.0,1681481100,13213.0,1681481220,"{""adverse_ticks"": 1.0, ""stop_buffer_ticks"": 1.0}",120,NQ,45.75,0.75,STOP_HIT,-36.25,-36.45,-1.0055172413793105,-1.0,False,False,36.25,10:05,ENTERED,13213.0,13285.5,1.0,2023-04-14,2023
LONG20_FIRST_RED_GREEN_5M,LONG,13162.5,13162.25,1681740000,13184.0,1681740000,"{""adverse_ticks"": 1.0, ""stop_buffer_ticks"": 1.0}",0,NQ,0.5,24.5,TARGET_HIT,21.5,21.3,0.9906976744186047,1.0,True,False,21.5,10:00,ENTERED,13141.0,13184.0,1.0,2023-04-17,2023
LONG20_FIRST_RED_GREEN_5M,LONG,13267.5,13267.25,1681825200,13276.25,1681825260,"{""adverse_ticks"": 1.0, ""stop_buffer_ticks"": 1.0}",60,NQ,2.75,12.5,TARGET_HIT,8.75,8.55,0.9771428571428572,1.0,True,False,8.75,09:40,ENTERED,13258.75,13276.25,1.0,2023-04-18,2023
LONG20_FIRST_RED_GREEN_5M,LONG,13095.0,13094.75,1681912800,13101.5,1681912800,"{""adverse_ticks"": 1.0, ""stop_buffer_ticks"": 1.0}",0,NQ,4.0,10.75,TARGET_HIT,6.5,6.3,0.9692307692307692,1.0,True,False,6.5,10:00,ENTERED,13088.5,13101.5,1.0,2023-04-19,2023
LONG20_FIRST_RED_GREEN_5M,LONG,13137.5,13137.25,1681999800,13102.25,1682003220,"{""adverse_ticks"": 1.0, ""stop_buffer_ticks"": 1.0}",3420,NQ,41.25,20.75,STOP_HIT,-35.25,-35.45,-1.0056737588652482,-1.0,False,False,35.25,10:10,ENTERED,13102.25,13172.75,1.0,2023-04-20,2023
LONG20_FIRST_RED_GREEN_5M,LONG,13062.75,13062.5,1682084700,13038.0,1682085000,"{""adverse_ticks"": 1.0, ""stop_buffer_ticks"": 1.0}",300,NQ,36.25,7.75,STOP_HIT,-24.75,-24.95,-1.0080808080808081,-1.0,False,False,24.75,09:45,ENTERED,13038.0,13087.5,1.0,2023-04-21,2023
LONG20_FIRST_RED_GREEN_5M,LONG,13118.5,13118.25,1682344500,13106.25,1682344560,"{""adverse_ticks"": 1.0, ""stop_buffer_ticks"": 1.0}",60,NQ,13.25,5.25,STOP_HIT,-12.25,-12.45,-1.0163265306122449,-1.0,False,False,12.25,09:55,ENTERED,13106.25,13130.75,1.0,2023-04-24,2023
LONG20_FIRST_RED_GREEN_5M,LONG,12979.25,12979.0,1682431200,12992.75,1682431200,"{""adverse_ticks"": 1.0, ""stop_buffer_ticks"": 1.0}",0,NQ,7.5,22.75,TARGET_HIT,13.5,13.3,0.9851851851851853,1.0,True,False,13.5,10:00,ENTERED,12965.75,12992.75,1.0,2023-04-25,2023
LONG20_FIRST_RED_GREEN_5M,LONG,12940.0,12939.75,1682516400,12911.25,1682516400,"{""adverse_ticks"": 1.0, ""stop_buffer_ticks"": 1.0}",0,NQ,31.0,1.0,STOP_HIT,-28.75,-28.95,-1.0069565217391303,-1.0,False,False,28.75,09:40,ENTERED,12911.25,12968.75,1.0,2023-04-26,2023
LONG20_FIRST_RED_GREEN_5M,LONG,13043.5,13043.25,1682602800,13073.75,1682604840,"{""adverse_ticks"": 1.0, ""stop_buffer_ticks"": 1.0}",2040,NQ,28.25,35.25,TARGET_HIT,30.25,30.05,0.9933884297520661,1.0,True,False,30.25,09:40,ENTERED,13013.25,13073.75,1.0,2023-04-27,2023
LONG20_FIRST_RED_GREEN_5M,LONG,13204.75,13204.5,1682689800,13237.5,1682690880,"{""adverse_ticks"": 1.0, ""stop_buffer_ticks"": 1.0}",1080,NQ,14.5,34.0,TARGET_HIT,32.75,32.55,0.9938931297709923,1.0,True,False,32.75,09:50,ENTERED,13172.0,13237.5,1.0,2023-04-28,2023
LONG20_FIRST_RED_GREEN_5M,LONG,13315.5,13315.25,1682949000,13293.5,1682949600,"{""adverse_ticks"": 1.0, ""stop_buffer_ticks"": 1.0}",600,NQ,28.25,13.0,STOP_HIT,-22.0,-22.2,-1.009090909090909,-1.0,False,False,22.0,09:50,ENTERED,13293.5,13337.5,1.0,2023-05-01,2023
LONG20_FIRST_RED_GREEN_5M,LONG,13295.25,13295.0,1683035400,13265.5,1683036300,"{""adverse_ticks"": 1.0, ""stop_buffer_ticks"": 1.0}",900,NQ,31.25,10.0,STOP_HIT,-29.75,-29.95,-1.0067226890756302,-1.0,False,False,29.75,09:50,ENTERED,13265.5,13325.0,1.0,2023-05-02,2023
LONG20_FIRST_RED_GREEN_5M,LONG,13046.25,13046.0,1683208200,13065.75,1683209340,"{""adverse_ticks"": 1.0, ""stop_buffer_ticks"": 1.0}",1140,NQ,9.75,20.25,TARGET_HIT,19.5,19.3,0.9897435897435898,1.0,True,False,19.5,09:50,ENTERED,13026.75,13065.75,1.0,2023-05-04,2023
LONG20_FIRST_RED_GREEN_5M,LONG,13270.75,13270.5,1683554400,13280.5,1683554460,"{""adverse_ticks"": 1.0, ""stop_buffer_ticks"": 1.0}",60,NQ,5.75,13.75,TARGET_HIT,9.75,9.55,0.9794871794871796,1.0,True,False,9.75,10:00,ENTERED,13261.0,13280.5,1.0,2023-05-08,2023
LONG20_FIRST_RED_GREEN_5M,LONG,13310.25,13310.0,1683640800,13277.75,1683641640,"{""adverse_ticks"": 1.0, ""stop_buffer_ticks"": 1.0}",840,NQ,33.0,7.5,STOP_HIT,-32.5,-32.7,-1.0061538461538462,-1.0,False,False,32.5,10:00,ENTERED,13277.75,13342.75,1.0,2023-05-09,2023
LONG20_FIRST_RED_GREEN_5M,LONG,13347.0,13346.75,1683726900,13373.0,1683727080,"{""adverse_ticks"": 1.0, ""stop_buffer_ticks"": 1.0}",180,NQ,5.5,31.25,TARGET_HIT,26.0,25.8,0.9923076923076923,1.0,True,False,26.0,09:55,ENTERED,13321.0,13373.0,1.0,2023-05-10,2023
LONG20_FIRST_RED_GREEN_5M,LONG,13393.0,13392.75,1683812400,13408.5,1683812580,"{""adverse_ticks"": 1.0, ""stop_buffer_ticks"": 1.0}",180,NQ,9.0,17.0,TARGET_HIT,15.5,15.3,0.9870967741935485,1.0,True,False,15.5,09:40,ENTERED,13377.5,13408.5,1.0,2023-05-11,2023
LONG20_FIRST_RED_GREEN_5M,LONG,13471.75,13471.5,1683899100,13460.5,1683899280,"{""adverse_ticks"": 1.0, ""stop_buffer_ticks"": 1.0}",180,NQ,23.5,3.0,STOP_HIT,-11.25,-11.45,-1.0177777777777777,-1.0,False,False,11.25,09:45,ENTERED,13460.5,13483.0,1.0,2023-05-12,2023
LONG20_FIRST_RED_GREEN_5M,LONG,13417.5,13417.25,1684158300,13391.0,1684158660,"{""adverse_ticks"": 1.0, ""stop_buffer_ticks"": 1.0}",360,NQ,32.0,11.0,STOP_HIT,-26.5,-26.7,-1.0075471698113208,-1.0,False,False,26.5,09:45,ENTERED,13391.0,13444.0,1.0,2023-05-15,2023
LONG20_FIRST_RED_GREEN_5M,LONG,13500.5,13500.25,1684244700,13460.75,1684246260,"{""adverse_ticks"": 1.0, ""stop_buffer_ticks"": 1.0}",1560,NQ,48.25,15.5,STOP_HIT,-39.75,-39.95,-1.0050314465408805,-1.0,False,False,39.75,09:45,ENTERED,13460.75,13540.25,1.0,2023-05-16,2023
LONG20_FIRST_RED_GREEN_5M,LONG,13525.0,13524.75,1684330800,13531.5,1684330860,"{""adverse_ticks"": 1.0, ""stop_buffer_ticks"": 1.0}",60,NQ,1.75,7.75,TARGET_HIT,6.5,6.3,0.9692307692307692,1.0,True,False,6.5,09:40,ENTERED,13518.5,13531.5,1.0,2023-05-17,2023
LONG20_FIRST_RED_GREEN_5M,LONG,13704.25,13704.0,1684418100,13716.75,1684418220,"{""adverse_ticks"": 1.0, ""stop_buffer_ticks"": 1.0}",120,NQ,6.0,13.5,TARGET_HIT,12.5,12.3,0.9840000000000001,1.0,True,False,12.5,09:55,ENTERED,13691.75,13716.75,1.0,2023-05-18,2023
LONG20_FIRST_RED_GREEN_5M,LONG,13897.5,13897.25,1684504800,13878.0,1684504920,"{""adverse_ticks"": 1.0, ""stop_buffer_ticks"": 1.0}",120,NQ,27.25,0.5,STOP_HIT,-19.5,-19.7,-1.0102564102564102,-1.0,False,False,19.5,10:00,ENTERED,13878.0,13917.0,1.0,2023-05-19,2023
LONG20_FIRST_RED_GREEN_5M,LONG,13905.0,13904.75,1684764900,13897.5,1684785300,"{""adverse_ticks"": 1.0, ""stop_buffer_ticks"": 1.0}",20400,NQ,34.5,38.0,TIME_EXIT,-7.5,-7.7,-0.17906976744186046,-0.1744186046511628,False,False,43.0,10:15,ENTERED,13862.0,13948.0,1.0,2023-05-22,2023
LONG20_FIRST_RED_GREEN_5M,LONG,13864.75,13864.5,1684849800,13839.25,1684853400,"{""adverse_ticks"": 1.0, ""stop_buffer_ticks"": 1.0}",3600,NQ,27.25,13.5,STOP_HIT,-25.5,-25.7,-1.007843137254902,-1.0,False,False,25.5,09:50,ENTERED,13839.25,13890.25,1.0,2023-05-23,2023
LONG20_FIRST_RED_GREEN_5M,LONG,13643.5,13643.25,1684936800,13630.5,1684936920,"{""adverse_ticks"": 1.0, ""stop_buffer_ticks"": 1.0}",120,NQ,13.5,7.0,STOP_HIT,-13.0,-13.2,-1.0153846153846153,-1.0,False,False,13.0,10:00,ENTERED,13630.5,13656.5,1.0,2023-05-24,2023
LONG20_FIRST_RED_GREEN_5M,LONG,13897.75,13897.5,1685022300,13863.5,1685022540,"{""adverse_ticks"": 1.0, ""stop_buffer_ticks"": 1.0}",240,NQ,39.0,8.0,STOP_HIT,-34.25,-34.45,-1.0058394160583943,-1.0,False,False,34.25,09:45,ENTERED,13863.5,13932.0,1.0,2023-05-25,2023
LONG20_FIRST_RED_GREEN_5M,LONG,14133.5,14133.25,1685109900,14164.5,1685110680,"{""adverse_ticks"": 1.0, ""stop_buffer_ticks"": 1.0}",780,NQ,7.0,38.75,TARGET_HIT,31.0,30.8,0.9935483870967742,1.0,True,False,31.0,10:05,ENTERED,14102.5,14164.5,1.0,2023-05-26,2023
LONG20_FIRST_RED_GREEN_5M,LONG,14443.75,14443.5,1685455200,14427.5,1685455200,"{""adverse_ticks"": 1.0, ""stop_buffer_ticks"": 1.0}",0,NQ,25.25,1.75,STOP_HIT,-16.25,-16.45,-1.0123076923076924,-1.0,False,False,16.25,10:00,ENTERED,14427.5,14460.0,1.0,2023-05-30,2023
LONG20_FIRST_RED_GREEN_5M,LONG,14382.0,14381.75,1685541900,14365.75,1685541960,"{""adverse_ticks"": 1.0, ""stop_buffer_ticks"": 1.0}",60,NQ,21.75,0.0,STOP_HIT,-16.25,-16.45,-1.0123076923076924,-1.0,False,False,16.25,10:05,ENTERED,14365.75,14398.25,1.0,2023-05-31,2023
LONG20_FIRST_RED_GREEN_5M,LONG,14288.0,14287.75,1685626800,14324.25,1685628000,"{""adverse_ticks"": 1.0, ""stop_buffer_ticks"": 1.0}",1200,NQ,15.75,45.25,TARGET_HIT,36.25,36.05,0.9944827586206896,1.0,True,False,36.25,09:40,ENTERED,14251.75,14324.25,1.0,2023-06-01,2023
LONG20_FIRST_RED_GREEN_5M,LONG,14499.0,14498.75,1685714700,14530.0,1685715180,"{""adverse_ticks"": 1.0, ""stop_buffer_ticks"": 1.0}",480,NQ,13.5,37.75,TARGET_HIT,31.0,30.8,0.9935483870967742,1.0,True,False,31.0,10:05,ENTERED,14468.0,14530.0,1.0,2023-06-02,2023
LONG20_FIRST_RED_GREEN_5M,LONG,14597.75,14597.5,1685973600,14616.5,1685973660,"{""adverse_ticks"": 1.0, ""stop_buffer_ticks"": 1.0}",60,NQ,4.75,35.75,TARGET_HIT,18.75,18.55,0.9893333333333334,1.0,True,False,18.75,10:00,ENTERED,14579.0,14616.5,1.0,2023-06-05,2023
LONG20_FIRST_RED_GREEN_5M,LONG,14529.0,14528.75,1686058800,14553.75,1686059280,"{""adverse_ticks"": 1.0, ""stop_buffer_ticks"": 1.0}",480,NQ,9.25,28.25,TARGET_HIT,24.75,24.55,0.991919191919192,1.0,True,False,24.75,09:40,ENTERED,14504.25,14553.75,1.0,2023-06-06,2023
LONG20_FIRST_RED_GREEN_5M,LONG,14667.5,14667.25,1686145500,14638.25,1686146040,"{""adverse_ticks"": 1.0, ""stop_buffer_ticks"": 1.0}",540,NQ,42.75,3.0,STOP_HIT,-29.25,-29.45,-1.0068376068376068,-1.0,False,False,29.25,09:45,ENTERED,14638.25,14696.75,1.0,2023-06-07,2023
LONG20_FIRST_RED_GREEN_5M,LONG,14363.75,14363.5,1686231600,14399.75,1686233100,"{""adverse_ticks"": 1.0, ""stop_buffer_ticks"": 1.0}",1500,NQ,22.0,44.5,TARGET_HIT,36.0,35.8,0.9944444444444444,1.0,True,False,36.0,09:40,ENTERED,14327.75,14399.75,1.0,2023-06-08,2023
LONG20_FIRST_RED_GREEN_5M,LONG,14660.75,14660.5,1686319500,14674.0,1686319560,"{""adverse_ticks"": 1.0, ""stop_buffer_ticks"": 1.0}",60,NQ,3.0,15.25,TARGET_HIT,13.25,13.05,0.9849056603773585,1.0,True,False,13.25,10:05,ENTERED,14647.5,14674.0,1.0,2023-06-09,2023
LONG20_FIRST_RED_GREEN_5M,LONG,14627.0,14626.75,1686577200,14600.25,1686578700,"{""adverse_ticks"": 1.0, ""stop_buffer_ticks"": 1.0}",1500,NQ,40.25,10.0,STOP_HIT,-26.75,-26.95,-1.0074766355140186,-1.0,False,False,26.75,09:40,ENTERED,14600.25,14653.75,1.0,2023-06-12,2023
LONG20_FIRST_RED_GREEN_5M,LONG,15051.5,15051.25,1686664500,15015.0,1686664740,"{""adverse_ticks"": 1.0, ""stop_buffer_ticks"": 1.0}",240,NQ,39.5,15.0,STOP_HIT,-36.5,-36.7,-1.0054794520547945,-1.0,False,False,36.5,09:55,ENTERED,15015.0,15088.0,1.0,2023-06-13,2023
LONG20_FIRST_RED_GREEN_5M,LONG,15098.0,15097.75,1686750300,15143.75,1686751620,"{""adverse_ticks"": 1.0, ""stop_buffer_ticks"": 1.0}",1320,NQ,0.25,48.75,TARGET_HIT,45.75,45.55,0.9956284153005464,1.0,True,False,45.75,09:45,ENTERED,15052.25,15143.75,1.0,2023-06-14,2023
LONG20_FIRST_RED_GREEN_5M,LONG,15151.5,15151.25,1686836400,15188.75,1686836640,"{""adverse_ticks"": 1.0, ""stop_buffer_ticks"": 1.0}",240,NQ,6.75,37.75,TARGET_HIT,37.25,37.05,0.9946308724832214,1.0,True,False,37.25,09:40,ENTERED,15114.25,15188.75,1.0,2023-06-15,2023
LONG20_FIRST_RED_GREEN_5M,LONG,15360.0,15359.75,1686923400,15339.75,1686923640,"{""adverse_ticks"": 1.0, ""stop_buffer_ticks"": 1.0}",240,NQ,26.75,18.0,STOP_HIT,-20.25,-20.45,-1.0098765432098764,-1.0,False,False,20.25,09:50,ENTERED,15339.75,15380.25,1.0,2023-06-16,2023
LONG20_FIRST_RED_GREEN_5M,LONG,15297.75,15297.5,1687269000,15267.0,1687269180,"{""adverse_ticks"": 1.0, ""stop_buffer_ticks"": 1.0}",180,NQ,30.5,2.75,STOP_HIT,-30.75,-30.95,-1.0065040650406505,-1.0,False,False,30.75,09:50,ENTERED,15267.0,15328.5,1.0,2023-06-20,2023
LONG20_FIRST_RED_GREEN_5M,LONG,15202.25,15202.0,1687354800,15177.75,1687355100,"{""adverse_ticks"": 1.0, ""stop_buffer_ticks"": 1.0}",300,NQ,42.75,10.5,STOP_HIT,-24.5,-24.7,-1.0081632653061223,-1.0,False,False,24.5,09:40,ENTERED,15177.75,15226.75,1.0,2023-06-21,2023
LONG20_FIRST_RED_GREEN_5M,LONG,15132.75,15132.5,1687443300,15066.5,1687444980,"{""adverse_ticks"": 1.0, ""stop_buffer_ticks"": 1.0}",1680,NQ,72.25,16.5,STOP_HIT,-66.25,-66.45,-1.0030188679245284,-1.0,False,False,66.25,10:15,ENTERED,15066.5,15199.0,1.0,2023-06-22,2023
LONG20_FIRST_RED_GREEN_5M,LONG,15018.0,15017.75,1687528500,15051.0,1687529340,"{""adverse_ticks"": 1.0, ""stop_buffer_ticks"": 1.0}",840,NQ,18.25,36.75,TARGET_HIT,33.0,32.8,0.9939393939393939,1.0,True,False,33.0,09:55,ENTERED,14985.0,15051.0,1.0,2023-06-23,2023
LONG20_FIRST_RED_GREEN_5M,LONG,15139.25,15139.0,1687788600,15125.0,1687788600,"{""adverse_ticks"": 1.0, ""stop_buffer_ticks"": 1.0}",0,NQ,21.25,0.25,STOP_HIT,-14.25,-14.45,-1.0140350877192983,-1.0,False,False,14.25,10:10,ENTERED,15125.0,15153.5,1.0,2023-06-26,2023
LONG20_FIRST_RED_GREEN_5M,LONG,14937.75,14937.5,1687873500,14959.25,1687873860,"{""adverse_ticks"": 1.0, ""stop_buffer_ticks"": 1.0}",360,NQ,19.5,22.0,TARGET_HIT,21.5,21.3,0.9906976744186047,1.0,True,False,21.5,09:45,ENTERED,14916.25,14959.25,1.0,2023-06-27,2023
LONG20_FIRST_RED_GREEN_5M,LONG,15074.75,15074.5,1687960200,15112.0,1687961880,"{""adverse_ticks"": 1.0, ""stop_buffer_ticks"": 1.0}",1680,NQ,31.75,38.75,TARGET_HIT,37.25,37.05,0.9946308724832214,1.0,True,False,37.25,09:50,ENTERED,15037.5,15112.0,1.0,2023-06-28,2023
LONG20_FIRST_RED_GREEN_5M,LONG,15119.25,15119.0,1688046600,15079.5,1688047620,"{""adverse_ticks"": 1.0, ""stop_buffer_ticks"": 1.0}",1020,NQ,55.0,13.5,STOP_HIT,-39.75,-39.95,-1.0050314465408805,-1.0,False,False,39.75,09:50,ENTERED,15079.5,15159.0,1.0,2023-06-29,2023
LONG20_FIRST_RED_GREEN_5M,LONG,15325.25,15325.0,1688133900,15345.75,1688134500,"{""adverse_ticks"": 1.0, ""stop_buffer_ticks"": 1.0}",600,NQ,9.25,22.75,TARGET_HIT,20.5,20.3,0.9902439024390244,1.0,True,False,20.5,10:05,ENTERED,15304.75,15345.75,1.0,2023-06-30,2023
LONG20_FIRST_RED_GREEN_5M,LONG,15384.75,15384.5,1688565300,15405.0,1688566560,"{""adverse_ticks"": 1.0, ""stop_buffer_ticks"": 1.0}",1260,NQ,18.25,27.0,TARGET_HIT,20.25,20.05,0.9901234567901235,1.0,True,False,20.25,09:55,ENTERED,15364.5,15405.0,1.0,2023-07-05,2023
LONG20_FIRST_RED_GREEN_5M,LONG,15180.75,15180.5,1688650800,15150.0,1688651640,"{""adverse_ticks"": 1.0, ""stop_buffer_ticks"": 1.0}",840,NQ,44.0,22.75,STOP_HIT,-30.75,-30.95,-1.0065040650406505,-1.0,False,False,30.75,09:40,ENTERED,15150.0,15211.5,1.0,2023-07-06,2023
LONG20_FIRST_RED_GREEN_5M,LONG,15226.25,15226.0,1688737500,15264.0,1688737920,"{""adverse_ticks"": 1.0, ""stop_buffer_ticks"": 1.0}",420,NQ,1.0,40.75,TARGET_HIT,37.75,37.55,0.9947019867549668,1.0,True,False,37.75,09:45,ENTERED,15188.5,15264.0,1.0,2023-07-07,2023
LONG20_FIRST_RED_GREEN_5M,LONG,15131.25,15131.0,1688997900,15177.25,1688998800,"{""adverse_ticks"": 1.0, ""stop_buffer_ticks"": 1.0}",900,NQ,3.75,53.75,TARGET_HIT,46.0,45.8,0.9956521739130434,1.0,True,False,46.0,10:05,ENTERED,15085.25,15177.25,1.0,2023-07-10,2023
LONG20_FIRST_RED_GREEN_5M,LONG,15166.0,15165.75,1689083700,15146.25,1689083760,"{""adverse_ticks"": 1.0, ""stop_buffer_ticks"": 1.0}",60,NQ,24.25,2.5,STOP_HIT,-19.75,-19.95,-1.010126582278481,-1.0,False,False,19.75,09:55,ENTERED,15146.25,15185.75,1.0,2023-07-11,2023
LONG20_FIRST_RED_GREEN_5M,LONG,15430.25,15430.0,1689169500,15452.25,1689169680,"{""adverse_ticks"": 1.0, ""stop_buffer_ticks"": 1.0}",180,NQ,4.25,29.75,TARGET_HIT,22.0,21.8,0.990909090909091,1.0,True,False,22.0,09:45,ENTERED,15408.25,15452.25,1.0,2023-07-12,2023
LONG20_FIRST_RED_GREEN_5M,LONG,15620.0,15619.75,1689256500,15594.5,1689256920,"{""adverse_ticks"": 1.0, ""stop_buffer_ticks"": 1.0}",420,NQ,29.0,1.5,STOP_HIT,-25.5,-25.7,-1.007843137254902,-1.0,False,False,25.5,09:55,ENTERED,15594.5,15645.5,1.0,2023-07-13,2023
LONG20_FIRST_RED_GREEN_5M,LONG,15788.75,15788.5,1689342600,15815.25,1689343380,"{""adverse_ticks"": 1.0, ""stop_buffer_ticks"": 1.0}",780,NQ,18.5,33.0,TARGET_HIT,26.5,26.3,0.9924528301886792,1.0,True,False,26.5,09:50,ENTERED,15762.25,15815.25,1.0,2023-07-14,2023
LONG20_FIRST_RED_GREEN_5M,LONG,15723.75,15723.5,1689602100,15739.0,1689602340,"{""adverse_ticks"": 1.0, ""stop_buffer_ticks"": 1.0}",240,NQ,12.0,19.75,TARGET_HIT,15.25,15.05,0.9868852459016394,1.0,True,False,15.25,09:55,ENTERED,15708.5,15739.0,1.0,2023-07-17,2023
LONG20_FIRST_RED_GREEN_5M,LONG,15761.75,15761.5,1689687900,15771.5,1689687900,"{""adverse_ticks"": 1.0, ""stop_buffer_ticks"": 1.0}",0,NQ,1.75,10.0,TARGET_HIT,9.75,9.55,0.9794871794871796,1.0,True,False,9.75,09:45,ENTERED,15752.0,15771.5,1.0,2023-07-18,2023
LONG20_FIRST_RED_GREEN_5M,LONG,16018.25,16018.0,1689774000,15977.25,1689776100,"{""adverse_ticks"": 1.0, ""stop_buffer_ticks"": 1.0}",2100,NQ,47.0,19.0,STOP_HIT,-41.0,-41.2,-1.0048780487804878,-1.0,False,False,41.0,09:40,ENTERED,15977.25,16059.25,1.0,2023-07-19,2023
LONG20_FIRST_RED_GREEN_5M,LONG,15890.0,15889.75,1689860700,15855.75,1689861600,"{""adverse_ticks"": 1.0, ""stop_buffer_ticks"": 1.0}",900,NQ,47.0,5.25,STOP_HIT,-34.25,-34.45,-1.0058394160583943,-1.0,False,False,34.25,09:45,ENTERED,15855.75,15924.25,1.0,2023-07-20,2023
LONG20_FIRST_RED_GREEN_5M,LONG,15679.0,15678.75,1689947100,15651.0,1689947280,"{""adverse_ticks"": 1.0, ""stop_buffer_ticks"": 1.0}",180,NQ,36.75,26.25,STOP_HIT,-28.0,-28.2,-1.0071428571428571,-1.0,False,False,28.0,09:45,ENTERED,15651.0,15707.0,1.0,2023-07-21,2023
LONG20_FIRST_RED_GREEN_5M,LONG,15603.0,15602.75,1690206300,15574.5,1690206360,"{""adverse_ticks"": 1.0, ""stop_buffer_ticks"": 1.0}",60,NQ,47.0,9.0,STOP_HIT,-28.5,-28.7,-1.0070175438596491,-1.0,False,False,28.5,09:45,ENTERED,15574.5,15631.5,1.0,2023-07-24,2023
LONG20_FIRST_RED_GREEN_5M,LONG,15624.75,15624.5,1690292700,15643.75,1690292700,"{""adverse_ticks"": 1.0, ""stop_buffer_ticks"": 1.0}",0,NQ,3.25,22.5,TARGET_HIT,19.0,18.8,0.9894736842105264,1.0,True,False,19.0,09:45,ENTERED,15605.75,15643.75,1.0,2023-07-25,2023
LONG20_FIRST_RED_GREEN_5M,LONG,15587.5,15587.25,1690378800,15609.25,1690378920,"{""adverse_ticks"": 1.0, ""stop_buffer_ticks"": 1.0}",120,NQ,8.0,22.5,TARGET_HIT,21.75,21.55,0.9908045977011495,1.0,True,False,21.75,09:40,ENTERED,15565.75,15609.25,1.0,2023-07-26,2023
LONG20_FIRST_RED_GREEN_5M,LONG,15871.5,15871.25,1690466700,15855.5,1690466820,"{""adverse_ticks"": 1.0, ""stop_buffer_ticks"": 1.0}",120,NQ,24.0,1.0,STOP_HIT,-16.0,-16.2,-1.0125,-1.0,False,False,16.0,10:05,ENTERED,15855.5,15887.5,1.0,2023-07-27,2023
LONG20_FIRST_RED_GREEN_5M,LONG,15825.0,15824.75,1690553100,15785.0,1690554480,"{""adverse_ticks"": 1.0, ""stop_buffer_ticks"": 1.0}",1380,NQ,42.5,4.5,STOP_HIT,-40.0,-40.2,-1.0050000000000001,-1.0,False,False,40.0,10:05,ENTERED,15785.0,15865.0,1.0,2023-07-28,2023
LONG20_FIRST_RED_GREEN_5M,LONG,15876.25,15876.0,1690810800,15845.25,1690811700,"{""adverse_ticks"": 1.0, ""stop_buffer_ticks"": 1.0}",900,NQ,61.0,29.0,STOP_HIT,-31.0,-31.2,-1.0064516129032257,-1.0,False,False,31.0,09:40,ENTERED,15845.25,15907.25,1.0,2023-07-31,2023
LONG20_FIRST_RED_GREEN_5M,LONG,15793.25,15793.0,1690897500,15764.0,1690899240,"{""adverse_ticks"": 1.0, ""stop_buffer_ticks"": 1.0}",1740,NQ,41.75,22.25,STOP_HIT,-29.25,-29.45,-1.0068376068376068,-1.0,False,False,29.25,09:45,ENTERED,15764.0,15822.5,1.0,2023-08-01,2023
LONG20_FIRST_RED_GREEN_5M,LONG,15617.5,15617.25,1690984200,15586.25,1690984440,"{""adverse_ticks"": 1.0, ""stop_buffer_ticks"": 1.0}",240,NQ,35.75,1.25,STOP_HIT,-31.25,-31.45,-1.0064,-1.0,False,False,31.25,09:50,ENTERED,15586.25,15648.75,1.0,2023-08-02,2023
LONG20_FIRST_RED_GREEN_5M,LONG,15437.0,15436.75,1691070600,15385.25,1691072460,"{""adverse_ticks"": 1.0, ""stop_buffer_ticks"": 1.0}",1860,NQ,53.0,30.0,STOP_HIT,-51.75,-51.95,-1.003864734299517,-1.0,False,False,51.75,09:50,ENTERED,15385.25,15488.75,1.0,2023-08-03,2023
LONG20_FIRST_RED_GREEN_5M,LONG,15527.75,15527.5,1691157000,15495.75,1691157060,"{""adverse_ticks"": 1.0, ""stop_buffer_ticks"": 1.0}",60,NQ,69.5,10.5,STOP_HIT,-32.0,-32.2,-1.00625,-1.0,False,False,32.0,09:50,ENTERED,15495.75,15559.75,1.0,2023-08-04,2023
LONG20_FIRST_RED_GREEN_5M,LONG,15425.25,15425.0,1691416500,15373.25,1691416800,"{""adverse_ticks"": 1.0, ""stop_buffer_ticks"": 1.0}",300,NQ,57.25,10.5,STOP_HIT,-52.0,-52.2,-1.0038461538461538,-1.0,False,False,52.0,09:55,ENTERED,15373.25,15477.25,1.0,2023-08-07,2023
LONG20_FIRST_RED_GREEN_5M,LONG,15365.75,15365.5,1691502000,15342.25,1691502180,"{""adverse_ticks"": 1.0, ""stop_buffer_ticks"": 1.0}",180,NQ,26.25,3.5,STOP_HIT,-23.5,-23.7,-1.0085106382978724,-1.0,False,False,23.5,09:40,ENTERED,15342.25,15389.25,1.0,2023-08-08,2023
LONG20_FIRST_RED_GREEN_5M,LONG,15279.75,15279.5,1691589600,15296.0,1691589660,"{""adverse_ticks"": 1.0, ""stop_buffer_ticks"": 1.0}",60,NQ,4.0,22.75,TARGET_HIT,16.25,16.05,0.9876923076923078,1.0,True,False,16.25,10:00,ENTERED,15263.5,15296.0,1.0,2023-08-09,2023
LONG20_FIRST_RED_GREEN_5M,LONG,15547.0,15546.75,1693490100,15583.5,1693491300,"{""adverse_ticks"": 1.0, ""stop_buffer_ticks"": 1.0}",1200,NQ,10.0,37.5,TARGET_HIT,36.5,36.3,0.9945205479452054,1.0,True,False,36.5,09:55,ENTERED,15510.5,15583.5,1.0,2023-08-31,2023
LONG20_FIRST_RED_GREEN_5M,LONG,15521.75,15521.5,1693576500,15545.0,1693576620,"{""adverse_ticks"": 1.0, ""stop_buffer_ticks"": 1.0}",120,NQ,5.25,30.75,TARGET_HIT,23.25,23.05,0.9913978494623656,1.0,True,False,23.25,09:55,ENTERED,15498.5,15545.0,1.0,2023-09-01,2023
LONG20_FIRST_RED_GREEN_5M,LONG,15487.5,15487.25,1693921200,15449.75,1693922280,"{""adverse_ticks"": 1.0, ""stop_buffer_ticks"": 1.0}",1080,NQ,41.0,19.75,STOP_HIT,-37.75,-37.95,-1.005298013245033,-1.0,False,False,37.75,09:40,ENTERED,15449.75,15525.25,1.0,2023-09-05,2023
LONG20_FIRST_RED_GREEN_5M,LONG,15495.0,15494.75,1694007900,15460.25,1694008800,"{""adverse_ticks"": 1.0, ""stop_buffer_ticks"": 1.0}",900,NQ,54.75,19.5,STOP_HIT,-34.75,-34.95,-1.0057553956834533,-1.0,False,False,34.75,09:45,ENTERED,15460.25,15529.75,1.0,2023-09-06,2023
LONG20_FIRST_RED_GREEN_5M,LONG,15207.0,15206.75,1694094000,15256.75,1694097660,"{""adverse_ticks"": 1.0, ""stop_buffer_ticks"": 1.0}",3660,NQ,44.75,58.25,TARGET_HIT,49.75,49.55,0.9959798994974873,1.0,True,False,49.75,09:40,ENTERED,15157.25,15256.75,1.0,2023-09-07,2023
LONG20_FIRST_RED_GREEN_5M,LONG,15358.0,15357.75,1694181900,15313.75,1694185080,"{""adverse_ticks"": 1.0, ""stop_buffer_ticks"": 1.0}",3180,NQ,44.75,33.0,STOP_HIT,-44.25,-44.45,-1.0045197740112994,-1.0,False,False,44.25,10:05,ENTERED,15313.75,15402.25,1.0,2023-09-08,2023
LONG20_FIRST_RED_GREEN_5M,LONG,15586.5,15586.25,1694440500,15550.5,1694441520,"{""adverse_ticks"": 1.0, ""stop_buffer_ticks"": 1.0}",1020,NQ,47.5,9.25,STOP_HIT,-36.0,-36.2,-1.0055555555555555,-1.0,False,False,36.0,09:55,ENTERED,15550.5,15622.5,1.0,2023-09-11,2023
LONG20_FIRST_RED_GREEN_5M,LONG,15639.25,15639.0,1694526900,15616.5,1694528640,"{""adverse_ticks"": 1.0, ""stop_buffer_ticks"": 1.0}",1740,NQ,25.25,19.75,STOP_HIT,-22.75,-22.95,-1.0087912087912088,-1.0,False,False,22.75,09:55,ENTERED,15616.5,15662.0,1.0,2023-09-12,2023
LONG20_FIRST_RED_GREEN_5M,LONG,15547.75,15547.5,1694613600,15506.5,1694613840,"{""adverse_ticks"": 1.0, ""stop_buffer_ticks"": 1.0}",240,NQ,50.0,4.5,STOP_HIT,-41.25,-41.45,-1.0048484848484849,-1.0,False,False,41.25,10:00,ENTERED,15506.5,15589.0,1.0,2023-09-13,2023
LONG20_FIRST_RED_GREEN_5M,LONG,15609.75,15609.5,1694698800,15582.25,1694699400,"{""adverse_ticks"": 1.0, ""stop_buffer_ticks"": 1.0}",600,NQ,34.0,13.75,STOP_HIT,-27.5,-27.7,-1.0072727272727273,-1.0,False,False,27.5,09:40,ENTERED,15582.25,15637.25,1.0,2023-09-14,2023
LONG20_FIRST_RED_GREEN_5M,LONG,15495.5,15495.25,1694787600,15469.0,1694789280,"{""adverse_ticks"": 1.0, ""stop_buffer_ticks"": 1.0}",1680,NQ,32.0,19.5,STOP_HIT,-26.5,-26.7,-1.0075471698113208,-1.0,False,False,26.5,10:20,ENTERED,15469.0,15522.0,1.0,2023-09-15,2023
LONG20_FIRST_RED_GREEN_5M,LONG,15406.75,15406.5,1695045000,15370.25,1695047880,"{""adverse_ticks"": 1.0, ""stop_buffer_ticks"": 1.0}",2880,NQ,40.25,33.0,STOP_HIT,-36.5,-36.7,-1.0054794520547945,-1.0,False,False,36.5,09:50,ENTERED,15370.25,15443.25,1.0,2023-09-18,2023
LONG20_FIRST_RED_GREEN_5M,LONG,15351.5,15351.25,1695131100,15366.5,1695131100,"{""adverse_ticks"": 1.0, ""stop_buffer_ticks"": 1.0}",0,NQ,1.75,20.5,TARGET_HIT,15.0,14.8,0.9866666666666667,1.0,True,False,15.0,09:45,ENTERED,15336.5,15366.5,1.0,2023-09-19,2023
LONG20_FIRST_RED_GREEN_5M,LONG,15413.25,15413.0,1695217200,15374.75,1695219240,"{""adverse_ticks"": 1.0, ""stop_buffer_ticks"": 1.0}",2040,NQ,44.75,22.25,STOP_HIT,-38.5,-38.7,-1.0051948051948052,-1.0,False,False,38.5,09:40,ENTERED,15374.75,15451.75,1.0,2023-09-20,2023
LONG20_FIRST_RED_GREEN_5M,LONG,14623.75,14623.5,1698242100,14642.5,1698242160,"{""adverse_ticks"": 1.0, ""stop_buffer_ticks"": 1.0}",60,NQ,2.5,21.75,TARGET_HIT,18.75,18.55,0.9893333333333334,1.0,True,False,18.75,09:55,ENTERED,14605.0,14642.5,1.0,2023-10-25,2023
LONG20_FIRST_RED_GREEN_5M,LONG,15093.75,15093.5,1699019100,15147.25,1699020000,"{""adverse_ticks"": 1.0, ""stop_buffer_ticks"": 1.0}",900,NQ,1.5,69.75,TARGET_HIT,53.5,53.3,0.9962616822429906,1.0,True,False,53.5,09:45,ENTERED,15040.25,15147.25,1.0,2023-11-03,2023
LONG20_FIRST_RED_GREEN_5M,LONG,15210.75,15210.5,1699282500,15224.75,1699282680,"{""adverse_ticks"": 1.0, ""stop_buffer_ticks"": 1.0}",180,NQ,5.5,16.75,TARGET_HIT,14.0,13.8,0.9857142857142858,1.0,True,False,14.0,09:55,ENTERED,15196.75,15224.75,1.0,2023-11-06,2023
LONG20_FIRST_RED_GREEN_5M,LONG,15264.75,15264.5,1699368300,15305.75,1699369200,"{""adverse_ticks"": 1.0, ""stop_buffer_ticks"": 1.0}",900,NQ,21.25,55.0,TARGET_HIT,41.0,40.8,0.9951219512195121,1.0,True,False,41.0,09:45,ENTERED,15223.75,15305.75,1.0,2023-11-07,2023
LONG20_FIRST_RED_GREEN_5M,LONG,15396.0,15395.75,1699455000,15410.0,1699455180,"{""adverse_ticks"": 1.0, ""stop_buffer_ticks"": 1.0}",180,NQ,1.5,19.25,TARGET_HIT,14.0,13.8,0.9857142857142858,1.0,True,False,14.0,09:50,ENTERED,15382.0,15410.0,1.0,2023-11-08,2023
LONG20_FIRST_RED_GREEN_5M,LONG,15496.0,15495.75,1699887000,15480.0,1699887240,"{""adverse_ticks"": 1.0, ""stop_buffer_ticks"": 1.0}",240,NQ,24.5,6.25,STOP_HIT,-16.0,-16.2,-1.0125,-1.0,False,False,16.0,09:50,ENTERED,15480.0,15512.0,1.0,2023-11-13,2023
LONG20_FIRST_RED_GREEN_5M,LONG,15850.25,15850.0,1699973700,15870.75,1699974000,"{""adverse_ticks"": 1.0, ""stop_buffer_ticks"": 1.0}",300,NQ,5.25,27.25,TARGET_HIT,20.5,20.3,0.9902439024390244,1.0,True,False,20.5,09:55,ENTERED,15829.75,15870.75,1.0,2023-11-14,2023
LONG20_FIRST_RED_GREEN_5M,LONG,15920.0,15919.75,1700060700,15934.25,1700061360,"{""adverse_ticks"": 1.0, ""stop_buffer_ticks"": 1.0}",660,NQ,7.5,18.25,TARGET_HIT,14.25,14.05,0.9859649122807018,1.0,True,False,14.25,10:05,ENTERED,15905.75,15934.25,1.0,2023-11-15,2023
LONG20_FIRST_RED_GREEN_5M,LONG,15847.5,15847.25,1700145600,15870.0,1700145900,"{""adverse_ticks"": 1.0, ""stop_buffer_ticks"": 1.0}",300,NQ,10.0,23.0,TARGET_HIT,22.5,22.3,0.9911111111111112,1.0,True,False,22.5,09:40,ENTERED,15825.0,15870.0,1.0,2023-11-16,2023
LONG20_FIRST_RED_GREEN_5M,LONG,15851.5,15851.25,1700232600,15871.75,1700232720,"{""adverse_ticks"": 1.0, ""stop_buffer_ticks"": 1.0}",120,NQ,4.25,29.5,TARGET_HIT,20.25,20.05,0.9901234567901235,1.0,True,False,20.25,09:50,ENTERED,15831.25,15871.75,1.0,2023-11-17,2023
LONG20_FIRST_RED_GREEN_5M,LONG,15965.0,15964.75,1700491800,15981.25,1700491860,"{""adverse_ticks"": 1.0, ""stop_buffer_ticks"": 1.0}",60,NQ,0.0,23.25,TARGET_HIT,16.25,16.05,0.9876923076923078,1.0,True,False,16.25,09:50,ENTERED,15948.75,15981.25,1.0,2023-11-20,2023
LONG20_FIRST_RED_GREEN_5M,LONG,16007.0,16006.75,1700577600,15980.0,1700578860,"{""adverse_ticks"": 1.0, ""stop_buffer_ticks"": 1.0}",1260,NQ,30.5,9.25,STOP_HIT,-27.0,-27.2,-1.0074074074074073,-1.0,False,False,27.0,09:40,ENTERED,15980.0,16034.0,1.0,2023-11-21,2023
LONG20_FIRST_RED_GREEN_5M,LONG,16067.25,16067.0,1700665200,16034.75,1700665260,"{""adverse_ticks"": 1.0, ""stop_buffer_ticks"": 1.0}",60,NQ,50.25,6.5,STOP_HIT,-32.5,-32.7,-1.0061538461538462,-1.0,False,False,32.5,10:00,ENTERED,16034.75,16099.75,1.0,2023-11-22,2023
LONG20_FIRST_RED_GREEN_5M,LONG,16002.75,16002.5,1701096000,16035.5,1701097740,"{""adverse_ticks"": 1.0, ""stop_buffer_ticks"": 1.0}",1740,NQ,18.25,42.5,TARGET_HIT,32.75,32.55,0.9938931297709923,1.0,True,False,32.75,09:40,ENTERED,15970.0,16035.5,1.0,2023-11-27,2023
LONG20_FIRST_RED_GREEN_5M,LONG,15981.0,15980.75,1701183000,15962.0,1701183240,"{""adverse_ticks"": 1.0, ""stop_buffer_ticks"": 1.0}",240,NQ,22.25,5.0,STOP_HIT,-19.0,-19.2,-1.0105263157894737,-1.0,False,False,19.0,09:50,ENTERED,15962.0,16000.0,1.0,2023-11-28,2023
LONG20_FIRST_RED_GREEN_5M,LONG,16202.0,16201.75,1701269400,16183.0,1701270180,"{""adverse_ticks"": 1.0, ""stop_buffer_ticks"": 1.0}",780,NQ,30.75,3.0,STOP_HIT,-19.0,-19.2,-1.0105263157894737,-1.0,False,False,19.0,09:50,ENTERED,16183.0,16221.0,1.0,2023-11-29,2023
LONG20_FIRST_RED_GREEN_5M,LONG,15980.0,15979.75,1701356100,15946.25,1701356520,"{""adverse_ticks"": 1.0, ""stop_buffer_ticks"": 1.0}",420,NQ,58.25,7.5,STOP_HIT,-33.75,-33.95,-1.0059259259259261,-1.0,False,False,33.75,09:55,ENTERED,15946.25,16013.75,1.0,2023-11-30,2023
LONG20_FIRST_RED_GREEN_5M,LONG,15915.75,15915.5,1701441600,15956.25,1701442920,"{""adverse_ticks"": 1.0, ""stop_buffer_ticks"": 1.0}",1320,NQ,7.25,48.0,TARGET_HIT,40.5,40.3,0.9950617283950617,1.0,True,False,40.5,09:40,ENTERED,15875.25,15956.25,1.0,2023-12-01,2023
LONG20_FIRST_RED_GREEN_5M,LONG,15840.5,15840.25,1701701400,15831.75,1701701400,"{""adverse_ticks"": 1.0, ""stop_buffer_ticks"": 1.0}",0,NQ,14.25,1.0,STOP_HIT,-8.75,-8.95,-1.0228571428571427,-1.0,False,False,8.75,09:50,ENTERED,15831.75,15849.25,1.0,2023-12-04,2023
LONG20_FIRST_RED_GREEN_5M,LONG,15808.5,15808.25,1701787200,15834.0,1701787380,"{""adverse_ticks"": 1.0, ""stop_buffer_ticks"": 1.0}",180,NQ,9.0,26.25,TARGET_HIT,25.5,25.3,0.9921568627450981,1.0,True,False,25.5,09:40,ENTERED,15783.0,15834.0,1.0,2023-12-05,2023
LONG20_FIRST_RED_GREEN_5M,LONG,15948.75,15948.5,1701873900,15961.5,1701874200,"{""adverse_ticks"": 1.0, ""stop_buffer_ticks"": 1.0}",300,NQ,11.25,13.0,TARGET_HIT,12.75,12.55,0.9843137254901961,1.0,True,False,12.75,09:45,ENTERED,15936.0,15961.5,1.0,2023-12-06,2023
LONG20_FIRST_RED_GREEN_5M,LONG,15913.5,15913.25,1701960900,15939.75,1701961560,"{""adverse_ticks"": 1.0, ""stop_buffer_ticks"": 1.0}",660,NQ,14.75,27.25,TARGET_HIT,26.25,26.05,0.9923809523809524,1.0,True,False,26.25,09:55,ENTERED,15887.25,15939.75,1.0,2023-12-07,2023
LONG20_FIRST_RED_GREEN_5M,LONG,15998.0,15997.75,1702047600,16018.5,1702047600,"{""adverse_ticks"": 1.0, ""stop_buffer_ticks"": 1.0}",0,NQ,0.0,48.75,TARGET_HIT,20.5,20.3,0.9902439024390244,1.0,True,True,20.5,10:00,ENTERED,15977.5,16018.5,1.0,2023-12-08,2023
LONG20_FIRST_RED_GREEN_5M,LONG,16145.0,16144.75,1702306200,16169.0,1702307100,"{""adverse_ticks"": 1.0, ""stop_buffer_ticks"": 1.0}",900,NQ,19.5,25.25,TARGET_HIT,24.0,23.8,0.9916666666666667,1.0,True,False,24.0,09:50,ENTERED,16121.0,16169.0,1.0,2023-12-11,2023
LONG20_FIRST_RED_GREEN_5M,LONG,16437.25,16437.0,1702392600,16478.25,1702393560,"{""adverse_ticks"": 1.0, ""stop_buffer_ticks"": 1.0}",960,NQ,14.25,43.0,TARGET_HIT,41.0,40.8,0.9951219512195121,1.0,True,False,41.0,09:50,ENTERED,16396.25,16478.25,1.0,2023-12-12,2023
LONG20_FIRST_RED_GREEN_5M,LONG,16611.0,16610.75,1702479600,16625.0,1702480020,"{""adverse_ticks"": 1.0, ""stop_buffer_ticks"": 1.0}",420,NQ,7.75,14.5,TARGET_HIT,14.0,13.8,0.9857142857142858,1.0,True,False,14.0,10:00,ENTERED,16597.0,16625.0,1.0,2023-12-13,2023
LONG20_FIRST_RED_GREEN_5M,LONG,16856.75,16856.5,1702565100,16821.5,1702566060,"{""adverse_ticks"": 1.0, ""stop_buffer_ticks"": 1.0}",960,NQ,40.0,20.75,STOP_HIT,-35.25,-35.45,-1.0056737588652482,-1.0,False,False,35.25,09:45,ENTERED,16821.5,16892.0,1.0,2023-12-14,2023
LONG20_FIRST_RED_GREEN_5M,LONG,16829.0,16828.75,1702652100,16855.25,1702653360,"{""adverse_ticks"": 1.0, ""stop_buffer_ticks"": 1.0}",1260,NQ,19.25,26.75,TARGET_HIT,26.25,26.05,0.9923809523809524,1.0,True,False,26.25,09:55,ENTERED,16802.75,16855.25,1.0,2023-12-15,2023
LONG20_FIRST_RED_GREEN_5M,LONG,16866.25,16866.0,1702911300,16889.0,1702911660,"{""adverse_ticks"": 1.0, ""stop_buffer_ticks"": 1.0}",360,NQ,1.75,23.75,TARGET_HIT,22.75,22.55,0.9912087912087912,1.0,True,False,22.75,09:55,ENTERED,16843.5,16889.0,1.0,2023-12-18,2023
LONG20_FIRST_RED_GREEN_5M,LONG,16979.25,16979.0,1702997700,16955.0,1702998060,"{""adverse_ticks"": 1.0, ""stop_buffer_ticks"": 1.0}",360,NQ,24.75,12.0,STOP_HIT,-24.25,-24.45,-1.0082474226804123,-1.0,False,False,24.25,09:55,ENTERED,16955.0,17003.5,1.0,2023-12-19,2023
LONG20_FIRST_RED_GREEN_5M,LONG,17026.5,17026.25,1703084700,17044.25,1703085420,"{""adverse_ticks"": 1.0, ""stop_buffer_ticks"": 1.0}",720,NQ,0.5,21.0,TARGET_HIT,17.75,17.55,0.9887323943661972,1.0,True,False,17.75,10:05,ENTERED,17008.75,17044.25,1.0,2023-12-20,2023
LONG20_FIRST_RED_GREEN_5M,LONG,16931.5,16931.25,1703169900,16900.5,1703170620,"{""adverse_ticks"": 1.0, ""stop_buffer_ticks"": 1.0}",720,NQ,34.75,1.0,STOP_HIT,-31.0,-31.2,-1.0064516129032257,-1.0,False,False,31.0,09:45,ENTERED,16900.5,16962.5,1.0,2023-12-21,2023
LONG20_FIRST_RED_GREEN_5M,LONG,17006.75,17006.5,1703256000,17024.5,1703256180,"{""adverse_ticks"": 1.0, ""stop_buffer_ticks"": 1.0}",180,NQ,4.75,19.0,TARGET_HIT,17.75,17.55,0.9887323943661972,1.0,True,False,17.75,09:40,ENTERED,16989.0,17024.5,1.0,2023-12-22,2023
LONG20_FIRST_RED_GREEN_5M,LONG,17043.0,17042.75,1703601900,17060.0,1703605200,"{""adverse_ticks"": 1.0, ""stop_buffer_ticks"": 1.0}",3300,NQ,12.5,17.25,TARGET_HIT,17.0,16.8,0.9882352941176471,1.0,True,False,17.0,09:45,ENTERED,17026.0,17060.0,1.0,2023-12-26,2023
LONG20_FIRST_RED_GREEN_5M,LONG,17106.75,17106.5,1703688300,17098.0,1703688420,"{""adverse_ticks"": 1.0, ""stop_buffer_ticks"": 1.0}",120,NQ,10.0,4.5,STOP_HIT,-8.75,-8.95,-1.0228571428571427,-1.0,False,False,8.75,09:45,ENTERED,17098.0,17115.5,1.0,2023-12-27,2023
LONG20_FIRST_RED_GREEN_5M,LONG,17130.25,17130.0,1703774400,17120.0,1703774640,"{""adverse_ticks"": 1.0, ""stop_buffer_ticks"": 1.0}",240,NQ,12.75,6.75,STOP_HIT,-10.25,-10.45,-1.0195121951219512,-1.0,False,False,10.25,09:40,ENTERED,17120.0,17140.5,1.0,2023-12-28,2023
LONG20_FIRST_RED_GREEN_5M,LONG,17096.75,17096.5,1703862600,17084.0,1703863920,"{""adverse_ticks"": 1.0, ""stop_buffer_ticks"": 1.0}",1320,NQ,13.0,3.5,STOP_HIT,-12.75,-12.95,-1.0156862745098039,-1.0,False,False,12.75,10:10,ENTERED,17084.0,17109.5,1.0,2023-12-29,2023
LONG20_FIRST_RED_GREEN_5M,LONG,16763.75,16763.5,1704207600,16719.25,1704209280,"{""adverse_ticks"": 1.0, ""stop_buffer_ticks"": 1.0}",1680,NQ,46.75,25.5,STOP_HIT,-44.5,-44.7,-1.0044943820224719,-1.0,False,False,44.5,10:00,ENTERED,16719.25,16808.25,1.0,2024-01-02,2024
LONG20_FIRST_RED_GREEN_5M,LONG,16639.25,16639.0,1704294300,16593.25,1704294600,"{""adverse_ticks"": 1.0, ""stop_buffer_ticks"": 1.0}",300,NQ,49.5,9.5,STOP_HIT,-46.0,-46.2,-1.0043478260869565,-1.0,False,False,46.0,10:05,ENTERED,16593.25,16685.25,1.0,2024-01-03,2024
LONG20_FIRST_RED_GREEN_5M,LONG,16487.0,16486.75,1704380100,16450.0,1704380400,"{""adverse_ticks"": 1.0, ""stop_buffer_ticks"": 1.0}",300,NQ,41.0,6.25,STOP_HIT,-37.0,-37.2,-1.0054054054054056,-1.0,False,False,37.0,09:55,ENTERED,16450.0,16524.0,1.0,2024-01-04,2024
LONG20_FIRST_RED_GREEN_5M,LONG,16465.0,16464.75,1704465900,16483.5,1704465900,"{""adverse_ticks"": 1.0, ""stop_buffer_ticks"": 1.0}",0,NQ,0.0,20.0,TARGET_HIT,18.5,18.3,0.9891891891891892,1.0,True,False,18.5,09:45,ENTERED,16446.5,16483.5,1.0,2024-01-05,2024
LONG20_FIRST_RED_GREEN_5M,LONG,16642.0,16641.75,1704727200,16661.25,1704728880,"{""adverse_ticks"": 1.0, ""stop_buffer_ticks"": 1.0}",1680,NQ,15.5,21.25,TARGET_HIT,19.25,19.05,0.9896103896103896,1.0,True,False,19.25,10:20,ENTERED,16622.75,16661.25,1.0,2024-01-08,2024
LONG20_FIRST_RED_GREEN_5M,LONG,16677.0,16676.75,1704811800,16693.75,1704812220,"{""adverse_ticks"": 1.0, ""stop_buffer_ticks"": 1.0}",420,NQ,8.75,19.5,TARGET_HIT,16.75,16.55,0.9880597014925373,1.0,True,False,16.75,09:50,ENTERED,16660.25,16693.75,1.0,2024-01-09,2024
LONG20_FIRST_RED_GREEN_5M,LONG,16837.5,16837.25,1704898800,16813.25,1704898920,"{""adverse_ticks"": 1.0, ""stop_buffer_ticks"": 1.0}",120,NQ,32.75,1.75,STOP_HIT,-24.25,-24.45,-1.0082474226804123,-1.0,False,False,24.25,10:00,ENTERED,16813.25,16861.75,1.0,2024-01-10,2024
LONG20_FIRST_RED_GREEN_5M,LONG,16958.5,16958.25,1704985200,16926.5,1704985380,"{""adverse_ticks"": 1.0, ""stop_buffer_ticks"": 1.0}",180,NQ,45.75,3.25,STOP_HIT,-32.0,-32.2,-1.00625,-1.0,False,False,32.0,10:00,ENTERED,16926.5,16990.5,1.0,2024-01-11,2024
LONG20_FIRST_RED_GREEN_5M,LONG,17007.75,17007.5,1705070400,17041.75,1705070700,"{""adverse_ticks"": 1.0, ""stop_buffer_ticks"": 1.0}",300,NQ,2.25,35.0,TARGET_HIT,34.0,33.8,0.9941176470588234,1.0,True,False,34.0,09:40,ENTERED,16973.75,17041.75,1.0,2024-01-12,2024
LONG20_FIRST_RED_GREEN_5M,LONG,16883.0,16882.75,1705416900,16911.25,1705417140,"{""adverse_ticks"": 1.0, ""stop_buffer_ticks"": 1.0}",240,NQ,0.5,36.75,TARGET_HIT,28.25,28.05,0.9929203539823009,1.0,True,False,28.25,09:55,ENTERED,16854.75,16911.25,1.0,2024-01-16,2024
LONG20_FIRST_RED_GREEN_5M,LONG,17027.75,17027.5,1705590000,17006.25,1705590120,"{""adverse_ticks"": 1.0, ""stop_buffer_ticks"": 1.0}",120,NQ,30.5,14.5,STOP_HIT,-21.5,-21.7,-1.0093023255813953,-1.0,False,False,21.5,10:00,ENTERED,17006.25,17049.25,1.0,2024-01-18,2024
LONG20_FIRST_RED_GREEN_5M,LONG,17190.25,17190.0,1705675200,17214.5,1705676400,"{""adverse_ticks"": 1.0, ""stop_buffer_ticks"": 1.0}",1200,NQ,16.0,42.75,TARGET_HIT,24.25,24.05,0.9917525773195877,1.0,True,False,24.25,09:40,ENTERED,17166.0,17214.5,1.0,2024-01-19,2024
LONG20_FIRST_RED_GREEN_5M,LONG,17531.75,17531.5,1705935000,17491.75,1705937280,"{""adverse_ticks"": 1.0, ""stop_buffer_ticks"": 1.0}",2280,NQ,41.25,20.25,STOP_HIT,-40.0,-40.2,-1.0050000000000001,-1.0,False,False,40.0,09:50,ENTERED,17491.75,17571.75,1.0,2024-01-22,2024
LONG20_FIRST_RED_GREEN_5M,LONG,17456.0,17455.75,1706020800,17502.75,1706040420,"{""adverse_ticks"": 1.0, ""stop_buffer_ticks"": 1.0}",19620,NQ,28.25,50.5,TARGET_HIT,46.75,46.55,0.9957219251336897,1.0,True,False,46.75,09:40,ENTERED,17409.25,17502.75,1.0,2024-01-23,2024
LONG20_FIRST_RED_GREEN_5M,LONG,17655.0,17654.75,1706107500,17672.75,1706107860,"{""adverse_ticks"": 1.0, ""stop_buffer_ticks"": 1.0}",360,NQ,16.75,23.25,TARGET_HIT,17.75,17.55,0.9887323943661972,1.0,True,False,17.75,09:45,ENTERED,17637.25,17672.75,1.0,2024-01-24,2024
LONG20_FIRST_RED_GREEN_5M,LONG,17693.25,17693.0,1706194200,17672.0,1706194560,"{""adverse_ticks"": 1.0, ""stop_buffer_ticks"": 1.0}",360,NQ,27.5,11.0,STOP_HIT,-21.25,-21.45,-1.0094117647058822,-1.0,False,False,21.25,09:50,ENTERED,17672.0,17714.5,1.0,2024-01-25,2024
LONG20_FIRST_RED_GREEN_5M,LONG,17558.5,17558.25,1706280300,17527.25,1706280720,"{""adverse_ticks"": 1.0, ""stop_buffer_ticks"": 1.0}",420,NQ,35.0,0.5,STOP_HIT,-31.25,-31.45,-1.0064,-1.0,False,False,31.25,09:45,ENTERED,17527.25,17589.75,1.0,2024-01-26,2024
LONG20_FIRST_RED_GREEN_5M,LONG,17567.5,17567.25,1706540100,17552.75,1706540280,"{""adverse_ticks"": 1.0, ""stop_buffer_ticks"": 1.0}",180,NQ,15.75,2.25,STOP_HIT,-14.75,-14.95,-1.0135593220338983,-1.0,False,False,14.75,09:55,ENTERED,17552.75,17582.25,1.0,2024-01-29,2024
LONG20_FIRST_RED_GREEN_5M,LONG,17672.0,17671.75,1706626500,17664.5,1706626560,"{""adverse_ticks"": 1.0, ""stop_buffer_ticks"": 1.0}",60,NQ,10.25,0.75,STOP_HIT,-7.5,-7.7,-1.0266666666666666,-1.0,False,False,7.5,09:55,ENTERED,17664.5,17679.5,1.0,2024-01-30,2024
LONG20_FIRST_RED_GREEN_5M,LONG,17383.5,17383.25,1706712600,17347.0,1706713980,"{""adverse_ticks"": 1.0, ""stop_buffer_ticks"": 1.0}",1380,NQ,37.75,11.25,STOP_HIT,-36.5,-36.7,-1.0054794520547945,-1.0,False,False,36.5,09:50,ENTERED,17347.0,17420.0,1.0,2024-01-31,2024
LONG20_FIRST_RED_GREEN_5M,LONG,17328.0,17327.75,1706798700,17306.5,1706798940,"{""adverse_ticks"": 1.0, ""stop_buffer_ticks"": 1.0}",240,NQ,24.5,7.75,STOP_HIT,-21.5,-21.7,-1.0093023255813953,-1.0,False,False,21.5,09:45,ENTERED,17306.5,17349.5,1.0,2024-02-01,2024
LONG20_FIRST_RED_GREEN_5M,LONG,17590.75,17590.5,1706886000,17556.5,1706887920,"{""adverse_ticks"": 1.0, ""stop_buffer_ticks"": 1.0}",1920,NQ,42.0,31.0,STOP_HIT,-34.25,-34.45,-1.0058394160583943,-1.0,False,False,34.25,10:00,ENTERED,17556.5,17625.0,1.0,2024-02-02,2024
LONG20_FIRST_RED_GREEN_5M,LONG,17705.0,17704.75,1707145200,17676.25,1707145260,"{""adverse_ticks"": 1.0, ""stop_buffer_ticks"": 1.0}",60,NQ,30.75,1.25,STOP_HIT,-28.75,-28.95,-1.0069565217391303,-1.0,False,False,28.75,10:00,ENTERED,17676.25,17733.75,1.0,2024-02-05,2024
LONG20_FIRST_RED_GREEN_5M,LONG,17726.75,17726.5,1707230700,17702.0,1707230880,"{""adverse_ticks"": 1.0, ""stop_buffer_ticks"": 1.0}",180,NQ,42.75,5.75,STOP_HIT,-24.75,-24.95,-1.0080808080808081,-1.0,False,False,24.75,09:45,ENTERED,17702.0,17751.5,1.0,2024-02-06,2024
LONG20_FIRST_RED_GREEN_5M,LONG,17731.75,17731.5,1707317100,17722.75,1707317100,"{""adverse_ticks"": 1.0, ""stop_buffer_ticks"": 1.0}",0,NQ,12.0,8.25,STOP_HIT,-9.0,-9.2,-1.0222222222222221,-1.0,False,False,9.0,09:45,ENTERED,17722.75,17740.75,1.0,2024-02-07,2024
LONG20_FIRST_RED_GREEN_5M,LONG,17841.0,17840.75,1707403200,17819.0,1707403260,"{""adverse_ticks"": 1.0, ""stop_buffer_ticks"": 1.0}",60,NQ,28.0,2.25,STOP_HIT,-22.0,-22.2,-1.009090909090909,-1.0,False,False,22.0,09:40,ENTERED,17819.0,17863.0,1.0,2024-02-08,2024
LONG20_FIRST_RED_GREEN_5M,LONG,17900.5,17900.25,1707489900,17926.25,1707490560,"{""adverse_ticks"": 1.0, ""stop_buffer_ticks"": 1.0}",660,NQ,3.5,28.25,TARGET_HIT,25.75,25.55,0.9922330097087378,1.0,True,False,25.75,09:45,ENTERED,17874.75,17926.25,1.0,2024-02-09,2024
LONG20_FIRST_RED_GREEN_5M,LONG,18038.75,18038.5,1707749100,18021.25,1707749280,"{""adverse_ticks"": 1.0, ""stop_buffer_ticks"": 1.0}",180,NQ,20.25,3.0,STOP_HIT,-17.5,-17.7,-1.0114285714285713,-1.0,False,False,17.5,09:45,ENTERED,18021.25,18056.25,1.0,2024-02-12,2024
LONG20_FIRST_RED_GREEN_5M,LONG,17657.5,17657.25,1707835200,17728.5,1707838080,"{""adverse_ticks"": 1.0, ""stop_buffer_ticks"": 1.0}",2880,NQ,29.0,72.0,TARGET_HIT,71.0,70.8,0.9971830985915493,1.0,True,False,71.0,09:40,ENTERED,17586.5,17728.5,1.0,2024-02-13,2024
LONG20_FIRST_RED_GREEN_5M,LONG,17772.25,17772.0,1707921900,17801.75,1707923160,"{""adverse_ticks"": 1.0, ""stop_buffer_ticks"": 1.0}",1260,NQ,21.5,33.5,TARGET_HIT,29.5,29.3,0.9932203389830508,1.0,True,False,29.5,09:45,ENTERED,17742.75,17801.75,1.0,2024-02-14,2024
LONG20_FIRST_RED_GREEN_5M,LONG,17853.25,17853.0,1708008600,17868.5,1708008720,"{""adverse_ticks"": 1.0, ""stop_buffer_ticks"": 1.0}",120,NQ,2.5,17.75,TARGET_HIT,15.25,15.05,0.9868852459016394,1.0,True,False,15.25,09:50,ENTERED,17838.0,17868.5,1.0,2024-02-15,2024
LONG20_FIRST_RED_GREEN_5M,LONG,17765.0,17764.75,1708096200,17813.25,1708098000,"{""adverse_ticks"": 1.0, ""stop_buffer_ticks"": 1.0}",1800,NQ,25.0,52.5,TARGET_HIT,48.25,48.05,0.9958549222797927,1.0,True,False,48.25,10:10,ENTERED,17716.75,17813.25,1.0,2024-02-16,2024
LONG20_FIRST_RED_GREEN_5M,LONG,17581.0,17580.75,1708440600,17559.0,1708440660,"{""adverse_ticks"": 1.0, ""stop_buffer_ticks"": 1.0}",60,NQ,27.5,1.25,STOP_HIT,-22.0,-22.2,-1.009090909090909,-1.0,False,False,22.0,09:50,ENTERED,17559.0,17603.0,1.0,2024-02-20,2024
LONG20_FIRST_RED_GREEN_5M,LONG,17893.25,17893.0,1708612800,17922.75,1708613100,"{""adverse_ticks"": 1.0, ""stop_buffer_ticks"": 1.0}",300,NQ,8.0,41.0,TARGET_HIT,29.5,29.3,0.9932203389830508,1.0,True,False,29.5,09:40,ENTERED,17863.75,17922.75,1.0,2024-02-22,2024
LONG20_FIRST_RED_GREEN_5M,LONG,18140.25,18140.0,1708699500,18115.75,1708699740,"{""adverse_ticks"": 1.0, ""stop_buffer_ticks"": 1.0}",240,NQ,33.5,3.75,STOP_HIT,-24.5,-24.7,-1.0081632653061223,-1.0,False,False,24.5,09:45,ENTERED,18115.75,18164.75,1.0,2024-02-23,2024
LONG20_FIRST_RED_GREEN_5M,LONG,18026.75,18026.5,1708958400,18007.25,1708958640,"{""adverse_ticks"": 1.0, ""stop_buffer_ticks"": 1.0}",240,NQ,35.75,6.0,STOP_HIT,-19.5,-19.7,-1.0102564102564102,-1.0,False,False,19.5,09:40,ENTERED,18007.25,18046.25,1.0,2024-02-26,2024
LONG20_FIRST_RED_GREEN_5M,LONG,17972.5,17972.25,1709045400,18004.25,1709046000,"{""adverse_ticks"": 1.0, ""stop_buffer_ticks"": 1.0}",600,NQ,12.25,45.5,TARGET_HIT,31.75,31.55,0.9937007874015749,1.0,True,False,31.75,09:50,ENTERED,17940.75,18004.25,1.0,2024-02-27,2024
LONG20_FIRST_RED_GREEN_5M,LONG,17896.5,17896.25,1709132400,17917.25,1709133000,"{""adverse_ticks"": 1.0, ""stop_buffer_ticks"": 1.0}",600,NQ,16.5,25.0,TARGET_HIT,20.75,20.55,0.9903614457831326,1.0,True,False,20.75,10:00,ENTERED,17875.75,17917.25,1.0,2024-02-28,2024
LONG20_FIRST_RED_GREEN_5M,LONG,18054.5,18054.25,1709218500,18030.75,1709219400,"{""adverse_ticks"": 1.0, ""stop_buffer_ticks"": 1.0}",900,NQ,45.75,16.25,STOP_HIT,-23.75,-23.95,-1.0084210526315789,-1.0,False,False,23.75,09:55,ENTERED,18030.75,18078.25,1.0,2024-02-29,2024
LONG20_FIRST_RED_GREEN_5M,LONG,18134.25,18134.0,1709304300,18105.25,1709304480,"{""adverse_ticks"": 1.0, ""stop_buffer_ticks"": 1.0}",180,NQ,38.75,3.5,STOP_HIT,-29.0,-29.2,-1.006896551724138,-1.0,False,False,29.0,09:45,ENTERED,18105.25,18163.25,1.0,2024-03-01,2024
LONG20_FIRST_RED_GREEN_5M,LONG,18321.25,18321.0,1709563200,18287.75,1709564400,"{""adverse_ticks"": 1.0, ""stop_buffer_ticks"": 1.0}",1200,NQ,40.75,7.75,STOP_HIT,-33.5,-33.7,-1.0059701492537314,-1.0,False,False,33.5,09:40,ENTERED,18287.75,18354.75,1.0,2024-03-04,2024
LONG20_FIRST_RED_GREEN_5M,LONG,18080.75,18080.5,1709649600,18056.0,1709649780,"{""adverse_ticks"": 1.0, ""stop_buffer_ticks"": 1.0}",180,NQ,25.75,5.0,STOP_HIT,-24.75,-24.95,-1.0080808080808081,-1.0,False,False,24.75,09:40,ENTERED,18056.0,18105.5,1.0,2024-03-05,2024
LONG20_FIRST_RED_GREEN_5M,LONG,18102.0,18101.75,1709736300,18069.0,1709736600,"{""adverse_ticks"": 1.0, ""stop_buffer_ticks"": 1.0}",300,NQ,42.0,13.0,STOP_HIT,-33.0,-33.2,-1.006060606060606,-1.0,False,False,33.0,09:45,ENTERED,18069.0,18135.0,1.0,2024-03-06,2024
LONG20_FIRST_RED_GREEN_5M,LONG,18194.5,18194.25,1709823300,18270.5,1709826300,"{""adverse_ticks"": 1.0, ""stop_buffer_ticks"": 1.0}",3000,NQ,20.0,76.5,TARGET_HIT,76.0,75.8,0.9973684210526316,1.0,True,False,76.0,09:55,ENTERED,18118.5,18270.5,1.0,2024-03-07,2024
LONG20_FIRST_RED_GREEN_5M,LONG,18309.5,18309.25,1709909100,18331.25,1709909100,"{""adverse_ticks"": 1.0, ""stop_buffer_ticks"": 1.0}",0,NQ,4.5,25.25,TARGET_HIT,21.75,21.55,0.9908045977011495,1.0,True,False,21.75,09:45,ENTERED,18287.75,18331.25,1.0,2024-03-08,2024
LONG20_FIRST_RED_GREEN_5M,LONG,17983.75,17983.5,1710164400,17906.75,1710165540,"{""adverse_ticks"": 1.0, ""stop_buffer_ticks"": 1.0}",1140,NQ,85.25,17.75,STOP_HIT,-77.0,-77.2,-1.0025974025974027,-1.0,False,False,77.0,09:40,ENTERED,17906.75,18060.75,1.0,2024-03-11,2024
LONG20_FIRST_RED_GREEN_5M,LONG,18232.75,18232.5,1710251700,18291.75,1710251940,"{""adverse_ticks"": 1.0, ""stop_buffer_ticks"": 1.0}",240,NQ,0.5,62.75,TARGET_HIT,59.0,58.8,0.9966101694915254,1.0,True,False,59.0,09:55,ENTERED,18173.75,18291.75,1.0,2024-03-12,2024
LONG20_FIRST_RED_GREEN_5M,LONG,18337.5,18337.25,1710339000,18372.5,1710340980,"{""adverse_ticks"": 1.0, ""stop_buffer_ticks"": 1.0}",1980,NQ,17.0,38.25,TARGET_HIT,35.0,34.8,0.9942857142857142,1.0,True,False,35.0,10:10,ENTERED,18302.5,18372.5,1.0,2024-03-13,2024
LONG20_FIRST_RED_GREEN_5M,LONG,18238.0,18237.75,1710424800,18229.25,1710424800,"{""adverse_ticks"": 1.0, ""stop_buffer_ticks"": 1.0}",0,NQ,32.25,0.75,STOP_HIT,-8.75,-8.95,-1.0228571428571427,-1.0,False,False,8.75,10:00,ENTERED,18229.25,18246.75,1.0,2024-03-14,2024
LONG20_FIRST_RED_GREEN_5M,LONG,18093.25,18093.0,1710510600,18116.75,1710510780,"{""adverse_ticks"": 1.0, ""stop_buffer_ticks"": 1.0}",180,NQ,3.5,25.5,TARGET_HIT,23.5,23.3,0.9914893617021276,1.0,True,False,23.5,09:50,ENTERED,18069.75,18116.75,1.0,2024-03-15,2024
LONG20_FIRST_RED_GREEN_5M,LONG,18303.75,18303.5,1710770700,18322.25,1710770820,"{""adverse_ticks"": 1.0, ""stop_buffer_ticks"": 1.0}",120,NQ,11.5,26.25,TARGET_HIT,18.5,18.3,0.9891891891891892,1.0,True,False,18.5,10:05,ENTERED,18285.25,18322.25,1.0,2024-03-18,2024
LONG20_FIRST_RED_GREEN_5M,LONG,18080.25,18080.0,1710856200,18107.5,1710856860,"{""adverse_ticks"": 1.0, ""stop_buffer_ticks"": 1.0}",660,NQ,13.75,29.0,TARGET_HIT,27.25,27.05,0.9926605504587156,1.0,True,False,27.25,09:50,ENTERED,18053.0,18107.5,1.0,2024-03-19,2024
LONG20_FIRST_RED_GREEN_5M,LONG,18256.25,18256.0,1710942600,18267.0,1710942780,"{""adverse_ticks"": 1.0, ""stop_buffer_ticks"": 1.0}",180,NQ,5.25,11.5,TARGET_HIT,10.75,10.55,0.9813953488372094,1.0,True,False,10.75,09:50,ENTERED,18245.5,18267.0,1.0,2024-03-20,2024
LONG20_FIRST_RED_GREEN_5M,LONG,18682.25,18682.0,1711028400,18655.0,1711028880,"{""adverse_ticks"": 1.0, ""stop_buffer_ticks"": 1.0}",480,NQ,41.25,27.0,STOP_HIT,-27.25,-27.45,-1.0073394495412844,-1.0,False,False,27.25,09:40,ENTERED,18655.0,18709.5,1.0,2024-03-21,2024
LONG20_FIRST_RED_GREEN_5M,LONG,18531.25,18531.0,1711114800,18545.25,1711114800,"{""adverse_ticks"": 1.0, ""stop_buffer_ticks"": 1.0}",0,NQ,2.25,15.0,TARGET_HIT,14.0,13.8,0.9857142857142858,1.0,True,False,14.0,09:40,ENTERED,18517.25,18545.25,1.0,2024-03-22,2024
LONG20_FIRST_RED_GREEN_5M,LONG,18466.25,18466.0,1711374600,18518.0,1711375860,"{""adverse_ticks"": 1.0, ""stop_buffer_ticks"": 1.0}",1260,NQ,2.5,52.75,TARGET_HIT,51.75,51.55,0.996135265700483,1.0,True,False,51.75,09:50,ENTERED,18414.5,18518.0,1.0,2024-03-25,2024
LONG20_FIRST_RED_GREEN_5M,LONG,18585.75,18585.5,1711460700,18606.5,1711461660,"{""adverse_ticks"": 1.0, ""stop_buffer_ticks"": 1.0}",960,NQ,18.0,21.25,TARGET_HIT,20.75,20.55,0.9903614457831326,1.0,True,False,20.75,09:45,ENTERED,18565.0,18606.5,1.0,2024-03-26,2024
LONG20_FIRST_RED_GREEN_5M,LONG,18511.0,18510.75,1711547400,18485.75,1711547580,"{""adverse_ticks"": 1.0, ""stop_buffer_ticks"": 1.0}",180,NQ,30.5,3.25,STOP_HIT,-25.25,-25.45,-1.007920792079208,-1.0,False,False,25.25,09:50,ENTERED,18485.75,18536.25,1.0,2024-03-27,2024
LONG20_FIRST_RED_GREEN_5M,LONG,18493.0,18492.75,1711633200,18529.0,1711633800,"{""adverse_ticks"": 1.0, ""stop_buffer_ticks"": 1.0}",600,NQ,5.75,37.0,TARGET_HIT,36.0,35.8,0.9944444444444444,1.0,True,False,36.0,09:40,ENTERED,18457.0,18529.0,1.0,2024-03-28,2024
LONG20_FIRST_RED_GREEN_5M,LONG,18594.25,18594.0,1711979700,18578.5,1711980000,"{""adverse_ticks"": 1.0, ""stop_buffer_ticks"": 1.0}",300,NQ,23.25,9.25,STOP_HIT,-15.75,-15.95,-1.0126984126984127,-1.0,False,False,15.75,09:55,ENTERED,18578.5,18610.0,1.0,2024-04-01,2024
LONG20_FIRST_RED_GREEN_5M,LONG,18537.75,18537.5,1712238300,18548.0,1712238300,"{""adverse_ticks"": 1.0, ""stop_buffer_ticks"": 1.0}",0,NQ,2.5,11.0,TARGET_HIT,10.25,10.05,0.9804878048780489,1.0,True,False,10.25,09:45,ENTERED,18527.5,18548.0,1.0,2024-04-04,2024
LONG20_FIRST_RED_GREEN_5M,LONG,18390.75,18390.5,1712670000,18342.5,1712670600,"{""adverse_ticks"": 1.0, ""stop_buffer_ticks"": 1.0}",600,NQ,55.25,12.5,STOP_HIT,-48.25,-48.45,-1.0041450777202072,-1.0,False,False,48.25,09:40,ENTERED,18342.5,18439.0,1.0,2024-04-09,2024
LONG20_FIRST_RED_GREEN_5M,LONG,18193.5,18193.25,1712757300,18206.25,1712778900,"{""adverse_ticks"": 1.0, ""stop_buffer_ticks"": 1.0}",21600,NQ,79.25,40.75,TIME_EXIT,12.75,12.55,0.14593023255813956,0.14825581395348839,False,False,86.0,09:55,ENTERED,18107.5,18279.5,1.0,2024-04-10,2024
LONG20_FIRST_RED_GREEN_5M,LONG,18333.5,18333.25,1712930100,18308.25,1712930400,"{""adverse_ticks"": 1.0, ""stop_buffer_ticks"": 1.0}",300,NQ,30.75,10.0,STOP_HIT,-25.25,-25.45,-1.007920792079208,-1.0,False,False,25.25,09:55,ENTERED,18308.25,18358.75,1.0,2024-04-12,2024
LONG20_FIRST_RED_GREEN_5M,LONG,18141.0,18140.75,1715262900,18173.5,1715263440,"{""adverse_ticks"": 1.0, ""stop_buffer_ticks"": 1.0}",540,NQ,1.75,32.75,TARGET_HIT,32.5,32.3,0.9938461538461537,1.0,True,False,32.5,09:55,ENTERED,18108.5,18173.5,1.0,2024-05-09,2024
LONG20_FIRST_RED_GREEN_5M,LONG,18277.0,18276.75,1715608500,18302.0,1715609820,"{""adverse_ticks"": 1.0, ""stop_buffer_ticks"": 1.0}",1320,NQ,20.5,26.75,TARGET_HIT,25.0,24.8,0.992,1.0,True,False,25.0,09:55,ENTERED,18252.0,18302.0,1.0,2024-05-13,2024
LONG20_FIRST_RED_GREEN_5M,LONG,18312.25,18312.0,1715694900,18305.0,1715694960,"{""adverse_ticks"": 1.0, ""stop_buffer_ticks"": 1.0}",60,NQ,9.25,2.5,STOP_HIT,-7.25,-7.45,-1.0275862068965518,-1.0,False,False,7.25,09:55,ENTERED,18305.0,18319.5,1.0,2024-05-14,2024
LONG20_FIRST_RED_GREEN_5M,LONG,18483.5,18483.25,1715781600,18520.5,1715782080,"{""adverse_ticks"": 1.0, ""stop_buffer_ticks"": 1.0}",480,NQ,1.25,41.5,TARGET_HIT,37.0,36.8,0.9945945945945945,1.0,True,False,37.0,10:00,ENTERED,18446.5,18520.5,1.0,2024-05-15,2024
LONG20_FIRST_RED_GREEN_5M,LONG,18705.0,18704.75,1715867400,18686.25,1715868420,"{""adverse_ticks"": 1.0, ""stop_buffer_ticks"": 1.0}",1020,NQ,31.0,11.75,STOP_HIT,-18.75,-18.95,-1.0106666666666666,-1.0,False,False,18.75,09:50,ENTERED,18686.25,18723.75,1.0,2024-05-16,2024
LONG20_FIRST_RED_GREEN_5M,LONG,18662.25,18662.0,1715953200,18638.75,1715953500,"{""adverse_ticks"": 1.0, ""stop_buffer_ticks"": 1.0}",300,NQ,24.25,1.25,STOP_HIT,-23.5,-23.7,-1.0085106382978724,-1.0,False,False,23.5,09:40,ENTERED,18638.75,18685.75,1.0,2024-05-17,2024
LONG20_FIRST_RED_GREEN_5M,LONG,18743.0,18742.75,1716213300,18789.75,1716224280,"{""adverse_ticks"": 1.0, ""stop_buffer_ticks"": 1.0}",10980,NQ,13.25,49.5,TARGET_HIT,46.75,46.55,0.9957219251336897,1.0,True,False,46.75,09:55,ENTERED,18696.25,18789.75,1.0,2024-05-20,2024
LONG20_FIRST_RED_GREEN_5M,LONG,18717.5,18717.25,1716299700,18754.5,1716302160,"{""adverse_ticks"": 1.0, ""stop_buffer_ticks"": 1.0}",2460,NQ,15.5,41.5,TARGET_HIT,37.0,36.8,0.9945945945945945,1.0,True,False,37.0,09:55,ENTERED,18680.5,18754.5,1.0,2024-05-21,2024
LONG20_FIRST_RED_GREEN_5M,LONG,18813.5,18813.25,1716385500,18838.5,1716390420,"{""adverse_ticks"": 1.0, ""stop_buffer_ticks"": 1.0}",4920,NQ,11.75,25.5,TARGET_HIT,25.0,24.8,0.992,1.0,True,False,25.0,09:45,ENTERED,18788.5,18838.5,1.0,2024-05-22,2024
LONG20_FIRST_RED_GREEN_5M,LONG,18944.25,18944.0,1716471600,18931.0,1716471600,"{""adverse_ticks"": 1.0, ""stop_buffer_ticks"": 1.0}",0,NQ,21.25,1.25,STOP_HIT,-13.25,-13.45,-1.0150943396226415,-1.0,False,False,13.25,09:40,ENTERED,18931.0,18957.5,1.0,2024-05-23,2024
LONG20_FIRST_RED_GREEN_5M,LONG,18770.25,18770.0,1716558300,18738.75,1716558780,"{""adverse_ticks"": 1.0, ""stop_buffer_ticks"": 1.0}",480,NQ,32.75,17.25,STOP_HIT,-31.5,-31.7,-1.0063492063492063,-1.0,False,False,31.5,09:45,ENTERED,18738.75,18801.75,1.0,2024-05-24,2024
LONG20_FIRST_RED_GREEN_5M,LONG,18853.0,18852.75,1716904500,18867.25,1716904680,"{""adverse_ticks"": 1.0, ""stop_buffer_ticks"": 1.0}",180,NQ,1.5,15.75,TARGET_HIT,14.25,14.05,0.9859649122807018,1.0,True,False,14.25,09:55,ENTERED,18838.75,18867.25,1.0,2024-05-28,2024
LONG20_FIRST_RED_GREEN_5M,LONG,18808.5,18808.25,1716990600,18838.0,1716990660,"{""adverse_ticks"": 1.0, ""stop_buffer_ticks"": 1.0}",60,NQ,0.25,31.5,TARGET_HIT,29.5,29.3,0.9932203389830508,1.0,True,False,29.5,09:50,ENTERED,18779.0,18838.0,1.0,2024-05-29,2024
LONG20_FIRST_RED_GREEN_5M,LONG,18735.5,18735.25,1717076400,18696.75,1717078320,"{""adverse_ticks"": 1.0, ""stop_buffer_ticks"": 1.0}",1920,NQ,45.25,19.0,STOP_HIT,-38.75,-38.95,-1.0051612903225806,-1.0,False,False,38.75,09:40,ENTERED,18696.75,18774.25,1.0,2024-05-30,2024
LONG20_FIRST_RED_GREEN_5M,LONG,18615.25,18615.0,1717162800,18575.5,1717163160,"{""adverse_ticks"": 1.0, ""stop_buffer_ticks"": 1.0}",360,NQ,40.75,16.5,STOP_HIT,-39.75,-39.95,-1.0050314465408805,-1.0,False,False,39.75,09:40,ENTERED,18575.5,18655.0,1.0,2024-05-31,2024
LONG20_FIRST_RED_GREEN_5M,LONG,18695.0,18694.75,1717424100,18645.25,1717425900,"{""adverse_ticks"": 1.0, ""stop_buffer_ticks"": 1.0}",1800,NQ,56.0,15.25,STOP_HIT,-49.75,-49.95,-1.0040201005025127,-1.0,False,False,49.75,10:15,ENTERED,18645.25,18744.75,1.0,2024-06-03,2024
LONG20_FIRST_RED_GREEN_5M,LONG,18626.75,18626.5,1717508400,18581.25,1717509420,"{""adverse_ticks"": 1.0, ""stop_buffer_ticks"": 1.0}",1020,NQ,47.0,5.5,STOP_HIT,-45.5,-45.7,-1.0043956043956044,-1.0,False,False,45.5,09:40,ENTERED,18581.25,18672.25,1.0,2024-06-04,2024
LONG20_FIRST_RED_GREEN_5M,LONG,18833.75,18833.5,1717595100,18854.0,1717595520,"{""adverse_ticks"": 1.0, ""stop_buffer_ticks"": 1.0}",420,NQ,14.25,26.0,TARGET_HIT,20.25,20.05,0.9901234567901235,1.0,True,False,20.25,09:45,ENTERED,18813.5,18854.0,1.0,2024-06-05,2024
LONG20_FIRST_RED_GREEN_5M,LONG,19067.75,19067.5,1717682100,19060.25,1717682100,"{""adverse_ticks"": 1.0, ""stop_buffer_ticks"": 1.0}",0,NQ,8.5,6.0,STOP_HIT,-7.5,-7.7,-1.0266666666666666,-1.0,False,False,7.5,09:55,ENTERED,19060.25,19075.25,1.0,2024-06-06,2024
LONG20_FIRST_RED_GREEN_5M,LONG,19001.25,19001.0,1717767600,19010.25,1717767780,"{""adverse_ticks"": 1.0, ""stop_buffer_ticks"": 1.0}",180,NQ,8.0,29.5,TARGET_HIT,9.0,8.8,0.9777777777777779,1.0,True,True,9.0,09:40,ENTERED,18992.25,19010.25,1.0,2024-06-07,2024
LONG20_FIRST_RED_GREEN_5M,LONG,18998.0,18997.75,1718027700,19012.0,1718027820,"{""adverse_ticks"": 1.0, ""stop_buffer_ticks"": 1.0}",120,NQ,5.75,17.5,TARGET_HIT,14.0,13.8,0.9857142857142858,1.0,True,False,14.0,09:55,ENTERED,18984.0,19012.0,1.0,2024-06-10,2024
LONG20_FIRST_RED_GREEN_5M,LONG,19032.5,19032.25,1718114400,19070.75,1718115360,"{""adverse_ticks"": 1.0, ""stop_buffer_ticks"": 1.0}",960,NQ,6.25,40.5,TARGET_HIT,38.25,38.05,0.9947712418300653,1.0,True,False,38.25,10:00,ENTERED,18994.25,19070.75,1.0,2024-06-11,2024
LONG20_FIRST_RED_GREEN_5M,LONG,19491.25,19491.0,1718200800,19483.5,1718200800,"{""adverse_ticks"": 1.0, ""stop_buffer_ticks"": 1.0}",0,NQ,8.0,5.0,STOP_HIT,-7.75,-7.95,-1.0258064516129033,-1.0,False,False,7.75,10:00,ENTERED,19483.5,19499.0,1.0,2024-06-12,2024
LONG20_FIRST_RED_GREEN_5M,LONG,19658.25,19658.0,1718286000,19618.0,1718287080,"{""adverse_ticks"": 1.0, ""stop_buffer_ticks"": 1.0}",1080,NQ,43.25,5.5,STOP_HIT,-40.25,-40.45,-1.004968944099379,-1.0,False,False,40.25,09:40,ENTERED,19618.0,19698.5,1.0,2024-06-13,2024
LONG20_FIRST_RED_GREEN_5M,LONG,19623.75,19623.5,1718373000,19584.25,1718375820,"{""adverse_ticks"": 1.0, ""stop_buffer_ticks"": 1.0}",2820,NQ,44.5,25.0,STOP_HIT,-39.5,-39.7,-1.0050632911392405,-1.0,False,False,39.5,09:50,ENTERED,19584.25,19663.25,1.0,2024-06-14,2024
LONG20_FIRST_RED_GREEN_5M,LONG,19953.25,19953.0,1718631600,19928.0,1718632020,"{""adverse_ticks"": 1.0, ""stop_buffer_ticks"": 1.0}",420,NQ,31.5,4.75,STOP_HIT,-25.25,-25.45,-1.007920792079208,-1.0,False,False,25.25,09:40,ENTERED,19928.0,19978.5,1.0,2024-06-17,2024
LONG20_FIRST_RED_GREEN_5M,LONG,20191.25,20191.0,1718718300,20180.5,1718718360,"{""adverse_ticks"": 1.0, ""stop_buffer_ticks"": 1.0}",60,NQ,13.25,3.5,STOP_HIT,-10.75,-10.95,-1.0186046511627906,-1.0,False,False,10.75,09:45,ENTERED,20180.5,20202.0,1.0,2024-06-18,2024
LONG20_FIRST_RED_GREEN_5M,LONG,20233.5,20233.25,1718890800,20198.25,1718892480,"{""adverse_ticks"": 1.0, ""stop_buffer_ticks"": 1.0}",1680,NQ,39.5,30.0,STOP_HIT,-35.25,-35.45,-1.0056737588652482,-1.0,False,False,35.25,09:40,ENTERED,20198.25,20268.75,1.0,2024-06-20,2024
LONG20_FIRST_RED_GREEN_5M,LONG,19953.75,19953.5,1718978400,19993.5,1718979180,"{""adverse_ticks"": 1.0, ""stop_buffer_ticks"": 1.0}",780,NQ,5.25,41.25,TARGET_HIT,39.75,39.55,0.9949685534591194,1.0,True,False,39.75,10:00,ENTERED,19914.0,19993.5,1.0,2024-06-21,2024
LONG20_FIRST_RED_GREEN_5M,LONG,19939.75,19939.5,1719237300,19866.5,1719240180,"{""adverse_ticks"": 1.0, ""stop_buffer_ticks"": 1.0}",2880,NQ,78.75,56.0,STOP_HIT,-73.25,-73.45,-1.0027303754266212,-1.0,False,False,73.25,09:55,ENTERED,19866.5,20013.0,1.0,2024-06-24,2024
LONG20_FIRST_RED_GREEN_5M,LONG,19824.5,19824.25,1719323100,19857.0,1719324060,"{""adverse_ticks"": 1.0, ""stop_buffer_ticks"": 1.0}",960,NQ,8.75,41.25,TARGET_HIT,32.5,32.3,0.9938461538461537,1.0,True,False,32.5,09:45,ENTERED,19792.0,19857.0,1.0,2024-06-25,2024
LONG20_FIRST_RED_GREEN_5M,LONG,19937.5,19937.25,1719409200,19956.0,1719409500,"{""adverse_ticks"": 1.0, ""stop_buffer_ticks"": 1.0}",300,NQ,16.0,21.25,TARGET_HIT,18.5,18.3,0.9891891891891892,1.0,True,False,18.5,09:40,ENTERED,19919.0,19956.0,1.0,2024-06-26,2024
LONG20_FIRST_RED_GREEN_5M,LONG,20060.0,20059.75,1719496800,20110.5,1719497640,"{""adverse_ticks"": 1.0, ""stop_buffer_ticks"": 1.0}",840,NQ,21.0,53.0,TARGET_HIT,50.5,50.3,0.996039603960396,1.0,True,False,50.5,10:00,ENTERED,20009.5,20110.5,1.0,2024-06-27,2024
LONG20_FIRST_RED_GREEN_5M,LONG,20087.75,20087.5,1719582000,20136.5,1719582600,"{""adverse_ticks"": 1.0, ""stop_buffer_ticks"": 1.0}",600,NQ,19.75,50.0,TARGET_HIT,48.75,48.55,0.9958974358974358,1.0,True,False,48.75,09:40,ENTERED,20039.0,20136.5,1.0,2024-06-28,2024
LONG20_FIRST_RED_GREEN_5M,LONG,19954.5,19954.25,1719841200,19927.5,1719841200,"{""adverse_ticks"": 1.0, ""stop_buffer_ticks"": 1.0}",0,NQ,28.75,0.0,STOP_HIT,-27.0,-27.2,-1.0074074074074073,-1.0,False,False,27.0,09:40,ENTERED,19927.5,19981.5,1.0,2024-07-01,2024
LONG20_FIRST_RED_GREEN_5M,LONG,20070.75,20070.5,1719928500,20041.5,1719928560,"{""adverse_ticks"": 1.0, ""stop_buffer_ticks"": 1.0}",60,NQ,32.25,7.25,STOP_HIT,-29.25,-29.45,-1.0068376068376068,-1.0,False,False,29.25,09:55,ENTERED,20041.5,20100.0,1.0,2024-07-02,2024
LONG20_FIRST_RED_GREEN_5M,LONG,20484.5,20484.25,1720187700,20541.0,1720188060,"{""adverse_ticks"": 1.0, ""stop_buffer_ticks"": 1.0}",360,NQ,0.5,57.0,TARGET_HIT,56.5,56.3,0.9964601769911504,1.0,True,False,56.5,09:55,ENTERED,20428.0,20541.0,1.0,2024-07-05,2024
LONG20_FIRST_RED_GREEN_5M,LONG,20622.5,20622.25,1720446300,20644.75,1720446600,"{""adverse_ticks"": 1.0, ""stop_buffer_ticks"": 1.0}",300,NQ,13.0,25.5,TARGET_HIT,22.25,22.05,0.9910112359550562,1.0,True,False,22.25,09:45,ENTERED,20600.25,20644.75,1.0,2024-07-08,2024
LONG20_FIRST_RED_GREEN_5M,LONG,20743.75,20743.5,1720532700,20719.0,1720533960,"{""adverse_ticks"": 1.0, ""stop_buffer_ticks"": 1.0}",1260,NQ,30.25,18.75,STOP_HIT,-24.75,-24.95,-1.0080808080808081,-1.0,False,False,24.75,09:45,ENTERED,20719.0,20768.5,1.0,2024-07-09,2024
LONG20_FIRST_RED_GREEN_5M,LONG,20754.75,20754.5,1720619100,20788.25,1720620540,"{""adverse_ticks"": 1.0, ""stop_buffer_ticks"": 1.0}",1440,NQ,5.5,35.0,TARGET_HIT,33.5,33.3,0.9940298507462686,1.0,True,False,33.5,09:45,ENTERED,20721.25,20788.25,1.0,2024-07-10,2024
LONG20_FIRST_RED_GREEN_5M,LONG,20891.75,20891.5,1720705500,20852.0,1720705860,"{""adverse_ticks"": 1.0, ""stop_buffer_ticks"": 1.0}",360,NQ,40.25,6.0,STOP_HIT,-39.75,-39.95,-1.0050314465408805,-1.0,False,False,39.75,09:45,ENTERED,20852.0,20931.5,1.0,2024-07-11,2024
LONG20_FIRST_RED_GREEN_5M,LONG,20457.0,20456.75,1720791600,20489.0,1720792140,"{""adverse_ticks"": 1.0, ""stop_buffer_ticks"": 1.0}",540,NQ,23.5,39.0,TARGET_HIT,32.0,31.8,0.99375,1.0,True,False,32.0,09:40,ENTERED,20425.0,20489.0,1.0,2024-07-12,2024
LONG20_FIRST_RED_GREEN_5M,LONG,20620.75,20620.5,1721051400,20660.0,1721052240,"{""adverse_ticks"": 1.0, ""stop_buffer_ticks"": 1.0}",840,NQ,27.0,46.75,TARGET_HIT,39.25,39.05,0.994904458598726,1.0,True,False,39.25,09:50,ENTERED,20581.5,20660.0,1.0,2024-07-15,2024
LONG20_FIRST_RED_GREEN_5M,LONG,20627.25,20627.0,1721138100,20600.5,1721138160,"{""adverse_ticks"": 1.0, ""stop_buffer_ticks"": 1.0}",60,NQ,30.0,1.25,STOP_HIT,-26.75,-26.95,-1.0074766355140186,-1.0,False,False,26.75,09:55,ENTERED,20600.5,20654.0,1.0,2024-07-16,2024
LONG20_FIRST_RED_GREEN_5M,LONG,20237.5,20237.25,1721223600,20226.75,1721223660,"{""adverse_ticks"": 1.0, ""stop_buffer_ticks"": 1.0}",60,NQ,21.0,10.75,STOP_HIT,-10.75,-10.95,-1.0186046511627906,-1.0,True,False,10.75,09:40,ENTERED,20226.75,20248.25,1.0,2024-07-17,2024
LONG20_FIRST_RED_GREEN_5M,LONG,20006.75,20006.5,1721743200,19982.0,1721743320,"{""adverse_ticks"": 1.0, ""stop_buffer_ticks"": 1.0}",120,NQ,35.25,17.0,STOP_HIT,-24.75,-24.95,-1.0080808080808081,-1.0,False,False,24.75,10:00,ENTERED,19982.0,20031.5,1.0,2024-07-23,2024
LONG20_FIRST_RED_GREEN_5M,LONG,19605.0,19604.75,1724075100,19544.25,1724077140,"{""adverse_ticks"": 1.0, ""stop_buffer_ticks"": 1.0}",2040,NQ,75.75,20.75,STOP_HIT,-60.75,-60.95,-1.0032921810699589,-1.0,False,False,60.75,09:45,ENTERED,19544.25,19665.75,1.0,2024-08-19,2024
LONG20_FIRST_RED_GREEN_5M,LONG,19868.0,19867.75,1724161500,19889.25,1724161740,"{""adverse_ticks"": 1.0, ""stop_buffer_ticks"": 1.0}",240,NQ,7.25,22.0,TARGET_HIT,21.25,21.05,0.9905882352941177,1.0,True,False,21.25,09:45,ENTERED,19846.75,19889.25,1.0,2024-08-20,2024
LONG20_FIRST_RED_GREEN_5M,LONG,19848.5,19848.25,1724247600,19884.25,1724248620,"{""adverse_ticks"": 1.0, ""stop_buffer_ticks"": 1.0}",1020,NQ,14.5,36.0,TARGET_HIT,35.75,35.55,0.9944055944055943,1.0,True,False,35.75,09:40,ENTERED,19812.75,19884.25,1.0,2024-08-21,2024
LONG20_FIRST_RED_GREEN_5M,LONG,19986.0,19985.75,1724334300,,1724334300,"{""adverse_ticks"": 1.0, ""stop_buffer_ticks"": 1.0}",,NQ,17.5,19.25,AMBIGUOUS,,,,,True,False,16.25,09:45,ENTERED,19969.75,20002.25,1.0,2024-08-22,2024
LONG20_FIRST_RED_GREEN_5M,LONG,19734.5,19734.25,1724420400,19762.75,1724421600,"{""adverse_ticks"": 1.0, ""stop_buffer_ticks"": 1.0}",1200,NQ,25.75,84.75,TARGET_HIT,28.25,28.05,0.9929203539823009,1.0,True,True,28.25,09:40,ENTERED,19706.25,19762.75,1.0,2024-08-23,2024
LONG20_FIRST_RED_GREEN_5M,LONG,19722.75,19722.5,1724680800,19711.0,1724680860,"{""adverse_ticks"": 1.0, ""stop_buffer_ticks"": 1.0}",60,NQ,28.25,4.5,STOP_HIT,-11.75,-11.95,-1.0170212765957447,-1.0,False,False,11.75,10:00,ENTERED,19711.0,19734.5,1.0,2024-08-26,2024
LONG20_FIRST_RED_GREEN_5M,LONG,19475.5,19475.25,1724766300,19454.0,1724766300,"{""adverse_ticks"": 1.0, ""stop_buffer_ticks"": 1.0}",0,NQ,33.75,6.25,STOP_HIT,-21.5,-21.7,-1.0093023255813953,-1.0,False,False,21.5,09:45,ENTERED,19454.0,19497.0,1.0,2024-08-27,2024
LONG20_FIRST_RED_GREEN_5M,LONG,19552.5,19552.25,1724853300,19530.25,1724853600,"{""adverse_ticks"": 1.0, ""stop_buffer_ticks"": 1.0}",300,NQ,28.25,19.25,STOP_HIT,-22.25,-22.45,-1.0089887640449438,-1.0,False,False,22.25,09:55,ENTERED,19530.25,19574.75,1.0,2024-08-28,2024
LONG20_FIRST_RED_GREEN_5M,LONG,19559.5,19559.25,1725025500,19605.25,1725026400,"{""adverse_ticks"": 1.0, ""stop_buffer_ticks"": 1.0}",900,NQ,28.5,61.75,TARGET_HIT,45.75,45.55,0.9956284153005464,1.0,True,False,45.75,09:45,ENTERED,19513.75,19605.25,1.0,2024-08-30,2024
LONG20_FIRST_RED_GREEN_5M,LONG,19413.5,19413.25,1725371400,19358.0,1725371640,"{""adverse_ticks"": 1.0, ""stop_buffer_ticks"": 1.0}",240,NQ,80.25,1.0,STOP_HIT,-55.5,-55.7,-1.0036036036036036,-1.0,False,False,55.5,09:50,ENTERED,19358.0,19469.0,1.0,2024-09-03,2024
LONG20_FIRST_RED_GREEN_5M,LONG,18945.0,18944.75,1725457500,18874.5,1725458400,"{""adverse_ticks"": 1.0, ""stop_buffer_ticks"": 1.0}",900,NQ,106.5,46.5,STOP_HIT,-70.5,-70.7,-1.0028368794326241,-1.0,False,False,70.5,09:45,ENTERED,18874.5,19015.5,1.0,2024-09-04,2024
LONG20_FIRST_RED_GREEN_5M,LONG,19034.75,19034.5,1725544500,19108.0,1725544860,"{""adverse_ticks"": 1.0, ""stop_buffer_ticks"": 1.0}",360,NQ,13.5,75.5,TARGET_HIT,73.25,73.05,0.9972696245733788,1.0,True,False,73.25,09:55,ENTERED,18961.5,19108.0,1.0,2024-09-05,2024
LONG20_FIRST_RED_GREEN_5M,LONG,18849.75,18849.5,1725630300,18764.75,1725631140,"{""adverse_ticks"": 1.0, ""stop_buffer_ticks"": 1.0}",840,NQ,108.0,34.75,STOP_HIT,-85.0,-85.2,-1.0023529411764707,-1.0,False,False,85.0,09:45,ENTERED,18764.75,18934.75,1.0,2024-09-06,2024
LONG20_FIRST_RED_GREEN_5M,LONG,18766.75,18766.5,1725975900,18812.0,1725977280,"{""adverse_ticks"": 1.0, ""stop_buffer_ticks"": 1.0}",1380,NQ,44.5,50.25,TARGET_HIT,45.25,45.05,0.9955801104972375,1.0,True,False,45.25,09:45,ENTERED,18721.5,18812.0,1.0,2024-09-10,2024
LONG20_FIRST_RED_GREEN_5M,LONG,19267.75,19267.5,1726148700,19232.25,1726148820,"{""adverse_ticks"": 1.0, ""stop_buffer_ticks"": 1.0}",120,NQ,50.0,10.0,STOP_HIT,-35.5,-35.7,-1.0056338028169014,-1.0,False,False,35.5,09:45,ENTERED,19232.25,19303.25,1.0,2024-09-12,2024
LONG20_FIRST_RED_GREEN_5M,LONG,20018.75,20018.5,1726841100,19983.25,1726841520,"{""adverse_ticks"": 1.0, ""stop_buffer_ticks"": 1.0}",420,NQ,40.5,7.5,STOP_HIT,-35.5,-35.7,-1.0056338028169014,-1.0,False,False,35.5,10:05,ENTERED,19983.25,20054.25,1.0,2024-09-20,2024
LONG20_FIRST_RED_GREEN_5M,LONG,20012.0,20011.75,1727187000,20039.25,1727187060,"{""adverse_ticks"": 1.0, ""stop_buffer_ticks"": 1.0}",60,NQ,2.25,33.75,TARGET_HIT,27.25,27.05,0.9926605504587156,1.0,True,False,27.25,10:10,ENTERED,19984.75,20039.25,1.0,2024-09-24,2024
LONG20_FIRST_RED_GREEN_5M,LONG,20192.0,20191.75,1727272200,20239.75,1727272800,"{""adverse_ticks"": 1.0, ""stop_buffer_ticks"": 1.0}",600,NQ,16.25,53.0,TARGET_HIT,47.75,47.55,0.9958115183246072,1.0,True,False,47.75,09:50,ENTERED,20144.25,20239.75,1.0,2024-09-25,2024
LONG20_FIRST_RED_GREEN_5M,LONG,20428.25,20428.0,1727359200,20404.75,1727359500,"{""adverse_ticks"": 1.0, ""stop_buffer_ticks"": 1.0}",300,NQ,47.5,9.0,STOP_HIT,-23.5,-23.7,-1.0085106382978724,-1.0,False,False,23.5,10:00,ENTERED,20404.75,20451.75,1.0,2024-09-26,2024
LONG20_FIRST_RED_GREEN_5M,LONG,20359.75,20359.5,1727445000,20310.25,1727446320,"{""adverse_ticks"": 1.0, ""stop_buffer_ticks"": 1.0}",1320,NQ,55.0,17.0,STOP_HIT,-49.5,-49.7,-1.004040404040404,-1.0,False,False,49.5,09:50,ENTERED,20310.25,20409.25,1.0,2024-09-27,2024
LONG20_FIRST_RED_GREEN_5M,LONG,20184.75,20184.5,1727706600,20242.25,1727712480,"{""adverse_ticks"": 1.0, ""stop_buffer_ticks"": 1.0}",5880,NQ,21.75,61.0,TARGET_HIT,57.5,57.3,0.9965217391304347,1.0,True,False,57.5,10:30,ENTERED,20127.25,20242.25,1.0,2024-09-30,2024
LONG20_FIRST_RED_GREEN_5M,LONG,20044.75,20044.5,1727791200,19978.25,1727791740,"{""adverse_ticks"": 1.0, ""stop_buffer_ticks"": 1.0}",540,NQ,84.25,33.75,STOP_HIT,-66.5,-66.7,-1.0030075187969925,-1.0,False,False,66.5,10:00,ENTERED,19978.25,20111.25,1.0,2024-10-01,2024
LONG20_FIRST_RED_GREEN_5M,LONG,19912.5,19912.25,1727877000,19991.75,1727878740,"{""adverse_ticks"": 1.0, ""stop_buffer_ticks"": 1.0}",1740,NQ,20.75,91.0,TARGET_HIT,79.25,79.05,0.9974763406940063,1.0,True,False,79.25,09:50,ENTERED,19833.25,19991.75,1.0,2024-10-02,2024
LONG20_FIRST_RED_GREEN_5M,LONG,19995.25,19995.0,1727963100,20042.5,1727963760,"{""adverse_ticks"": 1.0, ""stop_buffer_ticks"": 1.0}",660,NQ,19.25,53.25,TARGET_HIT,47.25,47.05,0.9957671957671957,1.0,True,False,47.25,09:45,ENTERED,19948.0,20042.5,1.0,2024-10-03,2024
LONG20_FIRST_RED_GREEN_5M,LONG,20222.25,20222.0,1728049200,20185.5,1728049860,"{""adverse_ticks"": 1.0, ""stop_buffer_ticks"": 1.0}",660,NQ,40.0,8.75,STOP_HIT,-36.75,-36.95,-1.0054421768707484,-1.0,False,False,36.75,09:40,ENTERED,20185.5,20259.0,1.0,2024-10-04,2024
LONG20_FIRST_RED_GREEN_5M,LONG,20134.75,20134.5,1728309000,20100.0,1728309180,"{""adverse_ticks"": 1.0, ""stop_buffer_ticks"": 1.0}",180,NQ,39.0,0.5,STOP_HIT,-34.75,-34.95,-1.0057553956834533,-1.0,False,False,34.75,09:50,ENTERED,20100.0,20169.5,1.0,2024-10-07,2024
LONG20_FIRST_RED_GREEN_5M,LONG,20085.5,20085.25,1728394800,20101.5,1728394920,"{""adverse_ticks"": 1.0, ""stop_buffer_ticks"": 1.0}",120,NQ,8.0,23.75,TARGET_HIT,16.0,15.8,0.9875,1.0,True,False,16.0,09:40,ENTERED,20069.5,20101.5,1.0,2024-10-08,2024
LONG20_FIRST_RED_GREEN_5M,LONG,20269.75,20269.5,1728481200,20297.0,1728481260,"{""adverse_ticks"": 1.0, ""stop_buffer_ticks"": 1.0}",60,NQ,0.0,30.0,TARGET_HIT,27.25,27.05,0.9926605504587156,1.0,True,False,27.25,09:40,ENTERED,20242.5,20297.0,1.0,2024-10-09,2024
LONG20_FIRST_RED_GREEN_5M,LONG,20379.0,20378.75,1728567900,20350.75,1728568020,"{""adverse_ticks"": 1.0, ""stop_buffer_ticks"": 1.0}",120,NQ,47.5,5.25,STOP_HIT,-28.25,-28.45,-1.0070796460176992,-1.0,False,False,28.25,09:45,ENTERED,20350.75,20407.25,1.0,2024-10-10,2024
LONG20_FIRST_RED_GREEN_5M,LONG,20339.75,20339.5,1728654300,20365.0,1728654660,"{""adverse_ticks"": 1.0, ""stop_buffer_ticks"": 1.0}",360,NQ,3.25,29.75,TARGET_HIT,25.25,25.05,0.9920792079207921,1.0,True,False,25.25,09:45,ENTERED,20314.5,20365.0,1.0,2024-10-11,2024
LONG20_FIRST_RED_GREEN_5M,LONG,20671.75,20671.5,1728914400,20632.5,1728915000,"{""adverse_ticks"": 1.0, ""stop_buffer_ticks"": 1.0}",600,NQ,41.75,8.5,STOP_HIT,-39.25,-39.45,-1.0050955414012739,-1.0,False,False,39.25,10:00,ENTERED,20632.5,20711.0,1.0,2024-10-14,2024
LONG20_FIRST_RED_GREEN_5M,LONG,20630.5,20630.25,1728999900,20617.5,1729000020,"{""adverse_ticks"": 1.0, ""stop_buffer_ticks"": 1.0}",120,NQ,13.5,6.75,STOP_HIT,-13.0,-13.2,-1.0153846153846153,-1.0,False,False,13.0,09:45,ENTERED,20617.5,20643.5,1.0,2024-10-15,2024
LONG20_FIRST_RED_GREEN_5M,LONG,20248.75,20248.5,1729086600,20227.5,1729086660,"{""adverse_ticks"": 1.0, ""stop_buffer_ticks"": 1.0}",60,NQ,30.0,1.0,STOP_HIT,-21.25,-21.45,-1.0094117647058822,-1.0,False,False,21.25,09:50,ENTERED,20227.5,20270.0,1.0,2024-10-16,2024
LONG20_FIRST_RED_GREEN_5M,LONG,20448.25,20448.0,1729172700,20494.0,1729173120,"{""adverse_ticks"": 1.0, ""stop_buffer_ticks"": 1.0}",420,NQ,4.5,48.5,TARGET_HIT,45.75,45.55,0.9956284153005464,1.0,True,False,45.75,09:45,ENTERED,20402.5,20494.0,1.0,2024-10-17,2024
LONG20_FIRST_RED_GREEN_5M,LONG,20451.5,20451.25,1729258800,20470.25,1729258860,"{""adverse_ticks"": 1.0, ""stop_buffer_ticks"": 1.0}",60,NQ,8.25,31.0,TARGET_HIT,18.75,18.55,0.9893333333333334,1.0,True,False,18.75,09:40,ENTERED,20432.75,20470.25,1.0,2024-10-18,2024
LONG20_FIRST_RED_GREEN_5M,LONG,20499.0,20498.75,1729519500,20518.0,1729519560,"{""adverse_ticks"": 1.0, ""stop_buffer_ticks"": 1.0}",60,NQ,4.5,35.0,TARGET_HIT,19.0,18.8,0.9894736842105264,1.0,True,False,19.0,10:05,ENTERED,20480.0,20518.0,1.0,2024-10-21,2024
LONG20_FIRST_RED_GREEN_5M,LONG,20425.75,20425.5,1729604400,20482.25,1729605960,"{""adverse_ticks"": 1.0, ""stop_buffer_ticks"": 1.0}",1560,NQ,9.5,92.5,TARGET_HIT,56.5,56.3,0.9964601769911504,1.0,True,False,56.5,09:40,ENTERED,20369.25,20482.25,1.0,2024-10-22,2024
LONG20_FIRST_RED_GREEN_5M,LONG,20442.0,20441.75,1729690800,20407.5,1729692060,"{""adverse_ticks"": 1.0, ""stop_buffer_ticks"": 1.0}",1260,NQ,41.75,9.75,STOP_HIT,-34.5,-34.7,-1.0057971014492755,-1.0,False,False,34.5,09:40,ENTERED,20407.5,20476.5,1.0,2024-10-23,2024
LONG20_FIRST_RED_GREEN_5M,LONG,20348.5,20348.25,1729777200,20311.5,1729777620,"{""adverse_ticks"": 1.0, ""stop_buffer_ticks"": 1.0}",420,NQ,40.0,11.75,STOP_HIT,-37.0,-37.2,-1.0054054054054056,-1.0,False,False,37.0,09:40,ENTERED,20311.5,20385.5,1.0,2024-10-24,2024
LONG20_FIRST_RED_GREEN_5M,LONG,20665.0,20664.75,1729866000,20688.5,1729866120,"{""adverse_ticks"": 1.0, ""stop_buffer_ticks"": 1.0}",120,NQ,2.25,40.75,TARGET_HIT,23.5,23.3,0.9914893617021276,1.0,True,False,23.5,10:20,ENTERED,20641.5,20688.5,1.0,2024-10-25,2024
LONG20_FIRST_RED_GREEN_5M,LONG,20590.75,20590.5,1730122800,20564.25,1730122920,"{""adverse_ticks"": 1.0, ""stop_buffer_ticks"": 1.0}",120,NQ,34.0,0.75,STOP_HIT,-26.5,-26.7,-1.0075471698113208,-1.0,False,False,26.5,09:40,ENTERED,20564.25,20617.25,1.0,2024-10-28,2024
LONG20_FIRST_RED_GREEN_5M,LONG,20451.75,20451.5,1730209200,20471.5,1730209320,"{""adverse_ticks"": 1.0, ""stop_buffer_ticks"": 1.0}",120,NQ,16.75,28.0,TARGET_HIT,19.75,19.55,0.989873417721519,1.0,True,False,19.75,09:40,ENTERED,20432.0,20471.5,1.0,2024-10-29,2024
LONG20_FIRST_RED_GREEN_5M,LONG,20574.5,20574.25,1730296200,20606.5,1730296380,"{""adverse_ticks"": 1.0, ""stop_buffer_ticks"": 1.0}",180,NQ,1.5,32.5,TARGET_HIT,32.0,31.8,0.99375,1.0,True,False,32.0,09:50,ENTERED,20542.5,20606.5,1.0,2024-10-30,2024
LONG20_FIRST_RED_GREEN_5M,LONG,20187.0,20186.75,1730384400,20118.75,1730385540,"{""adverse_ticks"": 1.0, ""stop_buffer_ticks"": 1.0}",1140,NQ,70.75,12.5,STOP_HIT,-68.25,-68.45,-1.002930402930403,-1.0,False,False,68.25,10:20,ENTERED,20118.75,20255.25,1.0,2024-10-31,2024
LONG20_FIRST_RED_GREEN_5M,LONG,20175.5,20175.25,1730470200,20219.0,1730470380,"{""adverse_ticks"": 1.0, ""stop_buffer_ticks"": 1.0}",180,NQ,2.5,46.25,TARGET_HIT,43.5,43.3,0.9954022988505746,1.0,True,False,43.5,10:10,ENTERED,20132.0,20219.0,1.0,2024-11-01,2024
LONG20_FIRST_RED_GREEN_5M,LONG,20249.75,20249.5,1730818200,20305.25,1730818800,"{""adverse_ticks"": 1.0, ""stop_buffer_ticks"": 1.0}",600,NQ,2.0,71.75,TARGET_HIT,55.5,55.3,0.9963963963963963,1.0,True,False,55.5,09:50,ENTERED,20194.25,20305.25,1.0,2024-11-05,2024
LONG20_FIRST_RED_GREEN_5M,LONG,20675.75,20675.5,1730905200,20707.75,1730905260,"{""adverse_ticks"": 1.0, ""stop_buffer_ticks"": 1.0}",60,NQ,0.0,65.75,TARGET_HIT,32.0,31.8,0.99375,1.0,True,True,32.0,10:00,ENTERED,20643.75,20707.75,1.0,2024-11-06,2024
LONG20_FIRST_RED_GREEN_5M,LONG,21074.0,21073.75,1730991300,21099.25,1730991420,"{""adverse_ticks"": 1.0, ""stop_buffer_ticks"": 1.0}",120,NQ,2.0,29.75,TARGET_HIT,25.25,25.05,0.9920792079207921,1.0,True,False,25.25,09:55,ENTERED,21048.75,21099.25,1.0,2024-11-07,2024
LONG20_FIRST_RED_GREEN_5M,LONG,21207.75,21207.5,1731077400,21176.0,1731078360,"{""adverse_ticks"": 1.0, ""stop_buffer_ticks"": 1.0}",960,NQ,36.25,19.0,STOP_HIT,-31.75,-31.95,-1.0062992125984251,-1.0,False,False,31.75,09:50,ENTERED,21176.0,21239.5,1.0,2024-11-08,2024
LONG20_FIRST_RED_GREEN_5M,LONG,21182.75,21182.5,1731337800,21210.5,1731339000,"{""adverse_ticks"": 1.0, ""stop_buffer_ticks"": 1.0}",1200,NQ,11.25,30.25,TARGET_HIT,27.75,27.55,0.9927927927927929,1.0,True,False,27.75,10:10,ENTERED,21155.0,21210.5,1.0,2024-11-11,2024
LONG20_FIRST_RED_GREEN_5M,LONG,21226.25,21226.0,1731422400,21181.25,1731424080,"{""adverse_ticks"": 1.0, ""stop_buffer_ticks"": 1.0}",1680,NQ,46.5,25.75,STOP_HIT,-45.0,-45.2,-1.0044444444444445,-1.0,False,False,45.0,09:40,ENTERED,21181.25,21271.25,1.0,2024-11-12,2024
LONG20_FIRST_RED_GREEN_5M,LONG,21179.0,21178.75,1731509100,21138.75,1731509340,"{""adverse_ticks"": 1.0, ""stop_buffer_ticks"": 1.0}",240,NQ,50.75,0.5,STOP_HIT,-40.25,-40.45,-1.004968944099379,-1.0,False,False,40.25,09:45,ENTERED,21138.75,21219.25,1.0,2024-11-13,2024
LONG20_FIRST_RED_GREEN_5M,LONG,21087.0,21086.75,1731595800,21110.25,1731595800,"{""adverse_ticks"": 1.0, ""stop_buffer_ticks"": 1.0}",0,NQ,1.0,34.5,TARGET_HIT,23.25,23.05,0.9913978494623656,1.0,True,False,23.25,09:50,ENTERED,21063.75,21110.25,1.0,2024-11-14,2024
LONG20_FIRST_RED_GREEN_5M,LONG,20701.75,20701.5,1731681900,20716.75,1731681960,"{""adverse_ticks"": 1.0, ""stop_buffer_ticks"": 1.0}",60,NQ,12.5,16.0,TARGET_HIT,15.0,14.8,0.9866666666666667,1.0,True,False,15.0,09:45,ENTERED,20686.75,20716.75,1.0,2024-11-15,2024
LONG20_FIRST_RED_GREEN_5M,LONG,20566.75,20566.5,1731940800,20521.0,1731941160,"{""adverse_ticks"": 1.0, ""stop_buffer_ticks"": 1.0}",360,NQ,50.5,5.0,STOP_HIT,-45.75,-45.95,-1.0043715846994536,-1.0,False,False,45.75,09:40,ENTERED,20521.0,20612.5,1.0,2024-11-18,2024
LONG20_FIRST_RED_GREEN_5M,LONG,20554.25,20554.0,1732028400,20596.75,1732030140,"{""adverse_ticks"": 1.0, ""stop_buffer_ticks"": 1.0}",1740,NQ,29.5,51.0,TARGET_HIT,42.5,42.3,0.9952941176470588,1.0,True,False,42.5,10:00,ENTERED,20511.75,20596.75,1.0,2024-11-19,2024
LONG20_FIRST_RED_GREEN_5M,LONG,20657.5,20657.25,1732114200,20635.75,1732114560,"{""adverse_ticks"": 1.0, ""stop_buffer_ticks"": 1.0}",360,NQ,26.75,10.5,STOP_HIT,-21.75,-21.95,-1.0091954022988505,-1.0,False,False,21.75,09:50,ENTERED,20635.75,20679.25,1.0,2024-11-20,2024
LONG20_FIRST_RED_GREEN_5M,LONG,20695.5,20695.25,1732200300,20763.0,1732200540,"{""adverse_ticks"": 1.0, ""stop_buffer_ticks"": 1.0}",240,NQ,3.0,84.75,TARGET_HIT,67.5,67.3,0.9970370370370369,1.0,True,False,67.5,09:45,ENTERED,20628.0,20763.0,1.0,2024-11-21,2024
LONG20_FIRST_RED_GREEN_5M,LONG,20844.25,20844.0,1732286700,20788.0,1732288140,"{""adverse_ticks"": 1.0, ""stop_buffer_ticks"": 1.0}",1440,NQ,61.75,29.0,STOP_HIT,-56.25,-56.45,-1.0035555555555555,-1.0,False,False,56.25,09:45,ENTERED,20788.0,20900.5,1.0,2024-11-22,2024
LONG20_FIRST_RED_GREEN_5M,LONG,21055.0,21054.75,1732545600,20956.0,1732546320,"{""adverse_ticks"": 1.0, ""stop_buffer_ticks"": 1.0}",720,NQ,110.5,26.25,STOP_HIT,-99.0,-99.2,-1.002020202020202,-1.0,False,False,99.0,09:40,ENTERED,20956.0,21154.0,1.0,2024-11-25,2024
LONG20_FIRST_RED_GREEN_5M,LONG,21016.25,21016.0,1732632600,20959.5,1732632960,"{""adverse_ticks"": 1.0, ""stop_buffer_ticks"": 1.0}",360,NQ,62.0,8.75,STOP_HIT,-56.75,-56.95,-1.00352422907489,-1.0,False,False,56.75,09:50,ENTERED,20959.5,21073.0,1.0,2024-11-26,2024
LONG20_FIRST_RED_GREEN_5M,LONG,20884.25,20884.0,1732718700,20852.25,1732719180,"{""adverse_ticks"": 1.0, ""stop_buffer_ticks"": 1.0}",480,NQ,40.75,15.25,STOP_HIT,-32.0,-32.2,-1.00625,-1.0,False,False,32.0,09:45,ENTERED,20852.25,20916.25,1.0,2024-11-27,2024
LONG20_FIRST_RED_GREEN_5M,LONG,21149.0,21148.75,1733151000,21202.0,1733153760,"{""adverse_ticks"": 1.0, ""stop_buffer_ticks"": 1.0}",2760,NQ,22.25,55.75,TARGET_HIT,53.0,52.8,0.9962264150943396,1.0,True,False,53.0,09:50,ENTERED,21096.0,21202.0,1.0,2024-12-02,2024
LONG20_FIRST_RED_GREEN_5M,LONG,21196.25,21196.0,1733237400,21217.5,1733238060,"{""adverse_ticks"": 1.0, ""stop_buffer_ticks"": 1.0}",660,NQ,9.0,25.75,TARGET_HIT,21.25,21.05,0.9905882352941177,1.0,True,False,21.25,09:50,ENTERED,21175.0,21217.5,1.0,2024-12-03,2024
LONG20_FIRST_RED_GREEN_5M,LONG,21416.25,21416.0,1733323500,21444.5,1733324880,"{""adverse_ticks"": 1.0, ""stop_buffer_ticks"": 1.0}",1380,NQ,24.5,30.25,TARGET_HIT,28.25,28.05,0.9929203539823009,1.0,True,False,28.25,09:45,ENTERED,21388.0,21444.5,1.0,2024-12-04,2024
LONG20_FIRST_RED_GREEN_5M,LONG,21534.0,21533.75,1733409900,21520.0,1733410140,"{""adverse_ticks"": 1.0, ""stop_buffer_ticks"": 1.0}",240,NQ,18.0,9.5,STOP_HIT,-14.0,-14.2,-1.0142857142857142,-1.0,False,False,14.0,09:45,ENTERED,21520.0,21548.0,1.0,2024-12-05,2024
LONG20_FIRST_RED_GREEN_5M,LONG,21609.75,21609.5,1733497800,21628.5,1733497860,"{""adverse_ticks"": 1.0, ""stop_buffer_ticks"": 1.0}",60,NQ,2.0,19.5,TARGET_HIT,18.75,18.55,0.9893333333333334,1.0,True,False,18.75,10:10,ENTERED,21591.0,21628.5,1.0,2024-12-06,2024
LONG20_FIRST_RED_GREEN_5M,LONG,21611.75,21611.5,1733755200,21641.0,1733755740,"{""adverse_ticks"": 1.0, ""stop_buffer_ticks"": 1.0}",540,NQ,2.5,36.0,TARGET_HIT,29.25,29.05,0.9931623931623932,1.0,True,False,29.25,09:40,ENTERED,21582.5,21641.0,1.0,2024-12-09,2024
LONG20_FIRST_RED_GREEN_5M,LONG,21540.5,21540.25,1733841600,21575.75,1733841840,"{""adverse_ticks"": 1.0, ""stop_buffer_ticks"": 1.0}",240,NQ,3.75,36.5,TARGET_HIT,35.25,35.05,0.9943262411347517,1.0,True,False,35.25,09:40,ENTERED,21505.25,21575.75,1.0,2024-12-10,2024
LONG20_FIRST_RED_GREEN_5M,LONG,21636.5,21636.25,1733928300,21678.75,1733928600,"{""adverse_ticks"": 1.0, ""stop_buffer_ticks"": 1.0}",300,NQ,2.75,43.0,TARGET_HIT,42.25,42.05,0.995266272189349,1.0,True,False,42.25,09:45,ENTERED,21594.25,21678.75,1.0,2024-12-11,2024
LONG20_FIRST_RED_GREEN_5M,LONG,21683.25,21683.0,1734014400,21655.75,1734015720,"{""adverse_ticks"": 1.0, ""stop_buffer_ticks"": 1.0}",1320,NQ,28.75,9.25,STOP_HIT,-27.5,-27.7,-1.0072727272727273,-1.0,False,False,27.5,09:40,ENTERED,21655.75,21710.75,1.0,2024-12-12,2024
LONG20_FIRST_RED_GREEN_5M,LONG,21880.75,21880.5,1734102000,21866.5,1734102060,"{""adverse_ticks"": 1.0, ""stop_buffer_ticks"": 1.0}",60,NQ,16.75,5.0,STOP_HIT,-14.25,-14.45,-1.0140350877192983,-1.0,False,False,14.25,10:00,ENTERED,21866.5,21895.0,1.0,2024-12-13,2024
LONG20_FIRST_RED_GREEN_5M,LONG,21942.75,21942.5,1734360600,21982.75,1734361200,"{""adverse_ticks"": 1.0, ""stop_buffer_ticks"": 1.0}",600,NQ,19.75,42.0,TARGET_HIT,40.0,39.8,0.9949999999999999,1.0,True,False,40.0,09:50,ENTERED,21902.75,21982.75,1.0,2024-12-16,2024
LONG20_FIRST_RED_GREEN_5M,LONG,22010.5,22010.25,1734446400,22044.0,1734446640,"{""adverse_ticks"": 1.0, ""stop_buffer_ticks"": 1.0}",240,NQ,16.0,51.25,TARGET_HIT,33.5,33.3,0.9940298507462686,1.0,True,False,33.5,09:40,ENTERED,21977.0,22044.0,1.0,2024-12-17,2024
LONG20_FIRST_RED_GREEN_5M,LONG,22252.25,22252.0,1734532800,22293.5,1734533700,"{""adverse_ticks"": 1.0, ""stop_buffer_ticks"": 1.0}",900,NQ,11.5,44.5,TARGET_HIT,41.25,41.05,0.9951515151515151,1.0,True,False,41.25,09:40,ENTERED,22211.0,22293.5,1.0,2024-12-18,2024
LONG20_FIRST_RED_GREEN_5M,LONG,21604.75,21604.5,1734619800,21567.75,1734620040,"{""adverse_ticks"": 1.0, ""stop_buffer_ticks"": 1.0}",240,NQ,43.25,15.0,STOP_HIT,-37.0,-37.2,-1.0054054054054056,-1.0,False,False,37.0,09:50,ENTERED,21567.75,21641.75,1.0,2024-12-19,2024
LONG20_FIRST_RED_GREEN_5M,LONG,21305.75,21305.5,1734705600,21184.0,1734706200,"{""adverse_ticks"": 1.0, ""stop_buffer_ticks"": 1.0}",600,NQ,145.0,3.0,STOP_HIT,-121.75,-121.95,-1.0016427104722794,-1.0,False,False,121.75,09:40,ENTERED,21184.0,21427.5,1.0,2024-12-20,2024
LONG20_FIRST_RED_GREEN_5M,LONG,21597.75,21597.5,1734965700,21642.75,1734965880,"{""adverse_ticks"": 1.0, ""stop_buffer_ticks"": 1.0}",180,NQ,16.5,55.25,TARGET_HIT,45.0,44.8,0.9955555555555555,1.0,True,False,45.0,09:55,ENTERED,21552.75,21642.75,1.0,2024-12-23,2024
LONG20_FIRST_RED_GREEN_5M,LONG,21957.25,21957.0,1735225200,22044.5,1735232580,"{""adverse_ticks"": 1.0, ""stop_buffer_ticks"": 1.0}",7380,NQ,29.0,87.5,TARGET_HIT,87.25,87.05,0.9977077363896848,1.0,True,False,87.25,10:00,ENTERED,21870.0,22044.5,1.0,2024-12-26,2024
LONG20_FIRST_RED_GREEN_5M,LONG,21733.0,21732.75,1735311000,21675.5,1735311600,"{""adverse_ticks"": 1.0, ""stop_buffer_ticks"": 1.0}",600,NQ,78.0,13.75,STOP_HIT,-57.5,-57.7,-1.0034782608695654,-1.0,False,False,57.5,09:50,ENTERED,21675.5,21790.5,1.0,2024-12-27,2024
LONG20_FIRST_RED_GREEN_5M,LONG,21363.0,21362.75,1735569600,21330.25,1735569720,"{""adverse_ticks"": 1.0, ""stop_buffer_ticks"": 1.0}",120,NQ,41.5,19.25,STOP_HIT,-32.75,-32.95,-1.0061068702290077,-1.0,False,False,32.75,09:40,ENTERED,21330.25,21395.75,1.0,2024-12-30,2024
LONG20_FIRST_RED_GREEN_5M,LONG,21766.0,21765.75,1736261100,21695.0,1736262000,"{""adverse_ticks"": 1.0, ""stop_buffer_ticks"": 1.0}",900,NQ,115.0,29.25,STOP_HIT,-71.0,-71.2,-1.0028169014084507,-1.0,False,False,71.0,09:45,ENTERED,21695.0,21837.0,1.0,2025-01-07,2025
LONG20_FIRST_RED_GREEN_5M,LONG,22023.5,22023.25,1737729600,22047.5,1737729900,"{""adverse_ticks"": 1.0, ""stop_buffer_ticks"": 1.0}",300,NQ,5.0,41.0,TARGET_HIT,24.0,23.8,0.9916666666666667,1.0,True,False,24.0,09:40,ENTERED,21999.5,22047.5,1.0,2025-01-24,2025
LONG20_FIRST_RED_GREEN_5M,LONG,21305.0,21304.75,1737989400,21238.25,1737991140,"{""adverse_ticks"": 1.0, ""stop_buffer_ticks"": 1.0}",1740,NQ,76.75,36.25,STOP_HIT,-66.75,-66.95,-1.002996254681648,-1.0,False,False,66.75,09:50,ENTERED,21238.25,21371.75,1.0,2025-01-27,2025
LONG20_FIRST_RED_GREEN_5M,LONG,21202.0,21201.75,1738075800,21244.75,1738075920,"{""adverse_ticks"": 1.0, ""stop_buffer_ticks"": 1.0}",120,NQ,20.5,61.0,TARGET_HIT,42.75,42.55,0.9953216374269005,1.0,True,False,42.75,09:50,ENTERED,21159.25,21244.75,1.0,2025-01-28,2025
LONG20_FIRST_RED_GREEN_5M,LONG,21545.25,21545.0,1738161600,21526.25,1738161660,"{""adverse_ticks"": 1.0, ""stop_buffer_ticks"": 1.0}",60,NQ,30.5,14.5,STOP_HIT,-19.0,-19.2,-1.0105263157894737,-1.0,False,False,19.0,09:40,ENTERED,21526.25,21564.25,1.0,2025-01-29,2025
LONG20_FIRST_RED_GREEN_5M,LONG,21652.25,21652.0,1738248000,21708.0,1738248480,"{""adverse_ticks"": 1.0, ""stop_buffer_ticks"": 1.0}",480,NQ,32.75,64.25,TARGET_HIT,55.75,55.55,0.9964125560538116,1.0,True,False,55.75,09:40,ENTERED,21596.5,21708.0,1.0,2025-01-30,2025
LONG20_FIRST_RED_GREEN_5M,LONG,21820.0,21819.75,1738334700,21875.0,1738335600,"{""adverse_ticks"": 1.0, ""stop_buffer_ticks"": 1.0}",900,NQ,21.25,64.25,TARGET_HIT,55.0,54.8,0.9963636363636363,1.0,True,False,55.0,09:45,ENTERED,21765.0,21875.0,1.0,2025-01-31,2025
LONG20_FIRST_RED_GREEN_5M,LONG,21215.5,21215.25,1738594800,21171.25,1738594800,"{""adverse_ticks"": 1.0, ""stop_buffer_ticks"": 1.0}",0,NQ,52.25,0.0,STOP_HIT,-44.25,-44.45,-1.0045197740112994,-1.0,False,False,44.25,10:00,ENTERED,21171.25,21259.75,1.0,2025-02-03,2025
LONG20_FIRST_RED_GREEN_5M,LONG,21520.25,21520.0,1738680600,21557.5,1738680900,"{""adverse_ticks"": 1.0, ""stop_buffer_ticks"": 1.0}",300,NQ,12.5,42.25,TARGET_HIT,37.25,37.05,0.9946308724832214,1.0,True,False,37.25,09:50,ENTERED,21483.0,21557.5,1.0,2025-02-04,2025
LONG20_FIRST_RED_GREEN_5M,LONG,21568.75,21568.5,1738766400,21518.75,1738767780,"{""adverse_ticks"": 1.0, ""stop_buffer_ticks"": 1.0}",1380,NQ,54.25,45.25,STOP_HIT,-50.0,-50.2,-1.004,-1.0,False,False,50.0,09:40,ENTERED,21518.75,21618.75,1.0,2025-02-05,2025
LONG20_FIRST_RED_GREEN_5M,LONG,21764.0,21763.75,1738852800,21790.0,1738853100,"{""adverse_ticks"": 1.0, ""stop_buffer_ticks"": 1.0}",300,NQ,5.25,44.25,TARGET_HIT,26.0,25.8,0.9923076923076923,1.0,True,False,26.0,09:40,ENTERED,21738.0,21790.0,1.0,2025-02-06,2025
LONG20_FIRST_RED_GREEN_5M,LONG,21953.0,21952.75,1738939800,21929.5,1738940100,"{""adverse_ticks"": 1.0, ""stop_buffer_ticks"": 1.0}",300,NQ,31.0,7.0,STOP_HIT,-23.5,-23.7,-1.0085106382978724,-1.0,False,False,23.5,09:50,ENTERED,21929.5,21976.5,1.0,2025-02-07,2025
LONG20_FIRST_RED_GREEN_5M,LONG,21776.75,21776.5,1739198400,21809.75,1739199660,"{""adverse_ticks"": 1.0, ""stop_buffer_ticks"": 1.0}",1260,NQ,24.75,41.25,TARGET_HIT,33.0,32.8,0.9939393939393939,1.0,True,False,33.0,09:40,ENTERED,21743.75,21809.75,1.0,2025-02-10,2025
LONG20_FIRST_RED_GREEN_5M,LONG,21786.5,21786.25,1739285700,21776.0,1739285700,"{""adverse_ticks"": 1.0, ""stop_buffer_ticks"": 1.0}",0,NQ,14.75,1.25,STOP_HIT,-10.5,-10.7,-1.019047619047619,-1.0,False,False,10.5,09:55,ENTERED,21776.0,21797.0,1.0,2025-02-11,2025
LONG20_FIRST_RED_GREEN_5M,LONG,21618.0,21617.75,1739373000,21593.75,1739373060,"{""adverse_ticks"": 1.0, ""stop_buffer_ticks"": 1.0}",60,NQ,27.75,6.5,STOP_HIT,-24.25,-24.45,-1.0082474226804123,-1.0,False,False,24.25,10:10,ENTERED,21593.75,21642.25,1.0,2025-02-12,2025
LONG20_FIRST_RED_GREEN_5M,LONG,21886.75,21886.5,1739457900,21939.0,1739458920,"{""adverse_ticks"": 1.0, ""stop_buffer_ticks"": 1.0}",1020,NQ,36.25,78.0,TARGET_HIT,52.25,52.05,0.9961722488038277,1.0,True,False,52.25,09:45,ENTERED,21834.5,21939.0,1.0,2025-02-13,2025
LONG20_FIRST_RED_GREEN_5M,LONG,22121.75,22121.5,1739544600,22153.75,1739545800,"{""adverse_ticks"": 1.0, ""stop_buffer_ticks"": 1.0}",1200,NQ,22.5,38.5,TARGET_HIT,32.0,31.8,0.99375,1.0,True,False,32.0,09:50,ENTERED,22089.75,22153.75,1.0,2025-02-14,2025
LONG20_FIRST_RED_GREEN_5M,LONG,22208.0,22207.75,1739890500,22164.75,1739890860,"{""adverse_ticks"": 1.0, ""stop_buffer_ticks"": 1.0}",360,NQ,56.75,17.0,STOP_HIT,-43.25,-43.45,-1.0046242774566474,-1.0,False,False,43.25,09:55,ENTERED,22164.75,22251.25,1.0,2025-02-18,2025
LONG20_FIRST_RED_GREEN_5M,LONG,22188.25,22188.0,1739976900,22154.5,1739977320,"{""adverse_ticks"": 1.0, ""stop_buffer_ticks"": 1.0}",420,NQ,40.75,1.75,STOP_HIT,-33.75,-33.95,-1.0059259259259261,-1.0,False,False,33.75,09:55,ENTERED,22154.5,22222.0,1.0,2025-02-19,2025
LONG20_FIRST_RED_GREEN_5M,LONG,22199.25,22199.0,1740062400,22171.5,1740062640,"{""adverse_ticks"": 1.0, ""stop_buffer_ticks"": 1.0}",240,NQ,34.5,14.25,STOP_HIT,-27.75,-27.95,-1.0072072072072071,-1.0,False,False,27.75,09:40,ENTERED,22171.5,22227.0,1.0,2025-02-20,2025
LONG20_FIRST_RED_GREEN_5M,LONG,22092.75,22092.5,1740150600,22046.75,1740151260,"{""adverse_ticks"": 1.0, ""stop_buffer_ticks"": 1.0}",660,NQ,56.0,18.25,STOP_HIT,-46.0,-46.2,-1.0043478260869565,-1.0,False,False,46.0,10:10,ENTERED,22046.75,22138.75,1.0,2025-02-21,2025
LONG20_FIRST_RED_GREEN_5M,LONG,21711.75,21711.5,1740408300,21683.75,1740408540,"{""adverse_ticks"": 1.0, ""stop_buffer_ticks"": 1.0}",240,NQ,41.5,18.25,STOP_HIT,-28.0,-28.2,-1.0071428571428571,-1.0,False,False,28.0,09:45,ENTERED,21683.75,21739.75,1.0,2025-02-24,2025
LONG20_FIRST_RED_GREEN_5M,LONG,21377.25,21377.0,1740494400,21325.25,1740494580,"{""adverse_ticks"": 1.0, ""stop_buffer_ticks"": 1.0}",180,NQ,60.0,1.0,STOP_HIT,-52.0,-52.2,-1.0038461538461538,-1.0,False,False,52.0,09:40,ENTERED,21325.25,21429.25,1.0,2025-02-25,2025
LONG20_FIRST_RED_GREEN_5M,LONG,21265.0,21264.75,1740580800,21341.25,1740582960,"{""adverse_ticks"": 1.0, ""stop_buffer_ticks"": 1.0}",2160,NQ,70.25,77.5,TARGET_HIT,76.25,76.05,0.9973770491803279,1.0,True,False,76.25,09:40,ENTERED,21188.75,21341.25,1.0,2025-02-26,2025
LONG20_FIRST_RED_GREEN_5M,LONG,20981.0,20980.75,1740669000,21066.0,1740669180,"{""adverse_ticks"": 1.0, ""stop_buffer_ticks"": 1.0}",180,NQ,5.5,106.0,TARGET_HIT,85.0,84.8,0.9976470588235293,1.0,True,False,85.0,10:10,ENTERED,20896.0,21066.0,1.0,2025-02-27,2025
LONG20_FIRST_RED_GREEN_5M,LONG,18807.75,18807.5,1744293000,18679.5,1744293480,"{""adverse_ticks"": 1.0, ""stop_buffer_ticks"": 1.0}",480,NQ,136.25,42.5,STOP_HIT,-128.25,-128.45,-1.001559454191033,-1.0,False,False,128.25,09:50,ENTERED,18679.5,18936.0,1.0,2025-04-10,2025
LONG20_FIRST_RED_GREEN_5M,LONG,19264.0,19263.75,1745589600,19292.5,1745589600,"{""adverse_ticks"": 1.0, ""stop_buffer_ticks"": 1.0}",0,NQ,7.0,60.5,TARGET_HIT,28.5,28.3,0.9929824561403509,1.0,True,True,28.5,10:00,ENTERED,19235.5,19292.5,1.0,2025-04-25,2025
LONG20_FIRST_RED_GREEN_5M,LONG,19597.75,19597.5,1745847900,19482.5,1745848680,"{""adverse_ticks"": 1.0, ""stop_buffer_ticks"": 1.0}",780,NQ,132.5,25.5,STOP_HIT,-115.25,-115.45,-1.0017353579175705,-1.0,False,False,115.25,09:45,ENTERED,19482.5,19713.0,1.0,2025-04-28,2025
LONG20_FIRST_RED_GREEN_5M,LONG,19473.0,19472.75,1745934300,19542.5,1745934600,"{""adverse_ticks"": 1.0, ""stop_buffer_ticks"": 1.0}",300,NQ,3.75,73.25,TARGET_HIT,69.5,69.3,0.9971223021582734,1.0,True,False,69.5,09:45,ENTERED,19403.5,19542.5,1.0,2025-04-29,2025
LONG20_FIRST_RED_GREEN_5M,LONG,19210.75,19210.5,1746021000,19134.75,1746021360,"{""adverse_ticks"": 1.0, ""stop_buffer_ticks"": 1.0}",360,NQ,84.25,5.0,STOP_HIT,-76.0,-76.2,-1.0026315789473685,-1.0,False,False,76.0,09:50,ENTERED,19134.75,19286.75,1.0,2025-04-30,2025
LONG20_FIRST_RED_GREEN_5M,LONG,19933.25,19933.0,1746107100,19978.5,1746107280,"{""adverse_ticks"": 1.0, ""stop_buffer_ticks"": 1.0}",180,NQ,7.5,51.0,TARGET_HIT,45.25,45.05,0.9955801104972375,1.0,True,False,45.25,09:45,ENTERED,19888.0,19978.5,1.0,2025-05-01,2025
LONG20_FIRST_RED_GREEN_5M,LONG,20089.5,20089.25,1746193200,20030.75,1746193920,"{""adverse_ticks"": 1.0, ""stop_buffer_ticks"": 1.0}",720,NQ,69.5,30.5,STOP_HIT,-58.75,-58.95,-1.003404255319149,-1.0,False,False,58.75,09:40,ENTERED,20030.75,20148.25,1.0,2025-05-02,2025
LONG20_FIRST_RED_GREEN_5M,LONG,20036.0,20035.75,1746452700,20087.0,1746453600,"{""adverse_ticks"": 1.0, ""stop_buffer_ticks"": 1.0}",900,NQ,27.5,62.0,TARGET_HIT,51.0,50.8,0.9960784313725489,1.0,True,False,51.0,09:45,ENTERED,19985.0,20087.0,1.0,2025-05-05,2025
LONG20_FIRST_RED_GREEN_5M,LONG,19757.75,19757.5,1746540000,19746.75,1746540000,"{""adverse_ticks"": 1.0, ""stop_buffer_ticks"": 1.0}",0,NQ,18.5,3.75,STOP_HIT,-11.0,-11.2,-1.018181818181818,-1.0,False,False,11.0,10:00,ENTERED,19746.75,19768.75,1.0,2025-05-06,2025
LONG20_FIRST_RED_GREEN_5M,LONG,19924.0,19923.75,1746625500,19865.75,1746625740,"{""adverse_ticks"": 1.0, ""stop_buffer_ticks"": 1.0}",240,NQ,66.25,12.75,STOP_HIT,-58.25,-58.45,-1.0034334763948498,-1.0,False,False,58.25,09:45,ENTERED,19865.75,19982.25,1.0,2025-05-07,2025
LONG20_FIRST_RED_GREEN_5M,LONG,20124.0,20123.75,1746711900,20097.5,1746712020,"{""adverse_ticks"": 1.0, ""stop_buffer_ticks"": 1.0}",120,NQ,27.75,1.75,STOP_HIT,-26.5,-26.7,-1.0075471698113208,-1.0,False,False,26.5,09:45,ENTERED,20097.5,20150.5,1.0,2025-05-08,2025
LONG20_FIRST_RED_GREEN_5M,LONG,20240.75,20240.5,1746798600,20219.75,1746798720,"{""adverse_ticks"": 1.0, ""stop_buffer_ticks"": 1.0}",120,NQ,34.75,4.5,STOP_HIT,-21.0,-21.2,-1.0095238095238095,-1.0,False,False,21.0,09:50,ENTERED,20219.75,20261.75,1.0,2025-05-09,2025
LONG20_FIRST_RED_GREEN_5M,LONG,20798.0,20797.75,1747057800,20849.75,1747058040,"{""adverse_ticks"": 1.0, ""stop_buffer_ticks"": 1.0}",240,NQ,5.5,52.5,TARGET_HIT,51.75,51.55,0.996135265700483,1.0,True,False,51.75,09:50,ENTERED,20746.25,20849.75,1.0,2025-05-12,2025
LONG20_FIRST_RED_GREEN_5M,LONG,21110.0,21109.75,1747144500,21173.75,1747145280,"{""adverse_ticks"": 1.0, ""stop_buffer_ticks"": 1.0}",780,NQ,7.0,70.25,TARGET_HIT,63.75,63.55,0.9968627450980392,1.0,True,False,63.75,09:55,ENTERED,21046.25,21173.75,1.0,2025-05-13,2025
LONG20_FIRST_RED_GREEN_5M,LONG,21331.75,21331.5,1747231200,21390.0,1747238700,"{""adverse_ticks"": 1.0, ""stop_buffer_ticks"": 1.0}",7500,NQ,43.0,65.0,TARGET_HIT,58.25,58.05,0.9965665236051502,1.0,True,False,58.25,10:00,ENTERED,21273.5,21390.0,1.0,2025-05-14,2025
LONG20_FIRST_RED_GREEN_5M,LONG,21317.75,21317.5,1747316700,21277.5,1747316760,"{""adverse_ticks"": 1.0, ""stop_buffer_ticks"": 1.0}",60,NQ,50.0,3.75,STOP_HIT,-40.25,-40.45,-1.004968944099379,-1.0,False,False,40.25,09:45,ENTERED,21277.5,21358.0,1.0,2025-05-15,2025
LONG20_FIRST_RED_GREEN_5M,LONG,21438.25,21438.0,1747402800,21402.0,1747402860,"{""adverse_ticks"": 1.0, ""stop_buffer_ticks"": 1.0}",60,NQ,46.0,2.0,STOP_HIT,-36.25,-36.45,-1.0055172413793105,-1.0,False,False,36.25,09:40,ENTERED,21402.0,21474.5,1.0,2025-05-16,2025
LONG20_FIRST_RED_GREEN_5M,LONG,21356.5,21356.25,1747663200,21371.75,1747663260,"{""adverse_ticks"": 1.0, ""stop_buffer_ticks"": 1.0}",60,NQ,8.5,31.75,TARGET_HIT,15.25,15.05,0.9868852459016394,1.0,True,True,15.25,10:00,ENTERED,21341.25,21371.75,1.0,2025-05-19,2025
LONG20_FIRST_RED_GREEN_5M,LONG,21423.0,21422.75,1747749300,21354.5,1747765680,"{""adverse_ticks"": 1.0, ""stop_buffer_ticks"": 1.0}",16380,NQ,80.5,51.5,STOP_HIT,-68.5,-68.7,-1.0029197080291972,-1.0,False,False,68.5,09:55,ENTERED,21354.5,21491.5,1.0,2025-05-20,2025
LONG20_FIRST_RED_GREEN_5M,LONG,21397.25,21397.0,1747836300,21432.25,1747839360,"{""adverse_ticks"": 1.0, ""stop_buffer_ticks"": 1.0}",3060,NQ,25.0,50.75,TARGET_HIT,35.0,34.8,0.9942857142857142,1.0,True,False,35.0,10:05,ENTERED,21362.25,21432.25,1.0,2025-05-21,2025
LONG20_FIRST_RED_GREEN_5M,LONG,21156.5,21156.25,1747921200,21199.5,1747921260,"{""adverse_ticks"": 1.0, ""stop_buffer_ticks"": 1.0}",60,NQ,4.0,44.25,TARGET_HIT,43.0,42.8,0.9953488372093022,1.0,True,False,43.0,09:40,ENTERED,21113.5,21199.5,1.0,2025-05-22,2025
LONG20_FIRST_RED_GREEN_5M,LONG,20874.5,20874.25,1748008500,20904.75,1748008800,"{""adverse_ticks"": 1.0, ""stop_buffer_ticks"": 1.0}",300,NQ,8.5,38.75,TARGET_HIT,30.25,30.05,0.9933884297520661,1.0,True,False,30.25,09:55,ENTERED,20844.25,20904.75,1.0,2025-05-23,2025
LONG20_FIRST_RED_GREEN_5M,LONG,21243.0,21242.75,1748353500,21293.5,1748354100,"{""adverse_ticks"": 1.0, ""stop_buffer_ticks"": 1.0}",600,NQ,5.5,51.0,TARGET_HIT,50.5,50.3,0.996039603960396,1.0,True,False,50.5,09:45,ENTERED,21192.5,21293.5,1.0,2025-05-27,2025
LONG20_FIRST_RED_GREEN_5M,LONG,21491.5,21491.25,1748440500,21467.0,1748440620,"{""adverse_ticks"": 1.0, ""stop_buffer_ticks"": 1.0}",120,NQ,39.75,1.5,STOP_HIT,-24.5,-24.7,-1.0081632653061223,-1.0,False,False,24.5,09:55,ENTERED,21467.0,21516.0,1.0,2025-05-28,2025
LONG20_FIRST_RED_GREEN_5M,LONG,21546.5,21546.25,1748526900,21485.0,1748527500,"{""adverse_ticks"": 1.0, ""stop_buffer_ticks"": 1.0}",600,NQ,94.25,11.5,STOP_HIT,-61.5,-61.7,-1.0032520325203254,-1.0,False,False,61.5,09:55,ENTERED,21485.0,21608.0,1.0,2025-05-29,2025
LONG20_FIRST_RED_GREEN_5M,LONG,21323.0,21322.75,1748613900,21234.5,1748622420,"{""adverse_ticks"": 1.0, ""stop_buffer_ticks"": 1.0}",8520,NQ,103.25,76.75,STOP_HIT,-88.5,-88.7,-1.0022598870056498,-1.0,False,False,88.5,10:05,ENTERED,21234.5,21411.5,1.0,2025-05-30,2025
LONG20_FIRST_RED_GREEN_5M,LONG,21317.75,21317.5,1748873400,21401.0,1748874840,"{""adverse_ticks"": 1.0, ""stop_buffer_ticks"": 1.0}",1440,NQ,36.75,97.25,TARGET_HIT,83.25,83.05,0.9975975975975976,1.0,True,False,83.25,10:10,ENTERED,21234.5,21401.0,1.0,2025-06-02,2025
LONG20_FIRST_RED_GREEN_5M,LONG,21563.75,21563.5,1748958300,21618.0,1748959200,"{""adverse_ticks"": 1.0, ""stop_buffer_ticks"": 1.0}",900,NQ,6.0,61.75,TARGET_HIT,54.25,54.05,0.9963133640552995,1.0,True,False,54.25,09:45,ENTERED,21509.5,21618.0,1.0,2025-06-03,2025
LONG20_FIRST_RED_GREEN_5M,LONG,21776.5,21776.25,1749045000,21752.75,1749045060,"{""adverse_ticks"": 1.0, ""stop_buffer_ticks"": 1.0}",60,NQ,39.0,0.25,STOP_HIT,-23.75,-23.95,-1.0084210526315789,-1.0,False,False,23.75,09:50,ENTERED,21752.75,21800.25,1.0,2025-06-04,2025
LONG20_FIRST_RED_GREEN_5M,LONG,21778.5,21778.25,1749131100,21735.0,1749131100,"{""adverse_ticks"": 1.0, ""stop_buffer_ticks"": 1.0}",0,NQ,49.75,2.75,STOP_HIT,-43.5,-43.7,-1.0045977011494254,-1.0,False,False,43.5,09:45,ENTERED,21735.0,21822.0,1.0,2025-06-05,2025
LONG20_FIRST_RED_GREEN_5M,LONG,21817.0,21816.75,1749217200,21768.0,1749220140,"{""adverse_ticks"": 1.0, ""stop_buffer_ticks"": 1.0}",2940,NQ,54.0,47.5,STOP_HIT,-49.0,-49.2,-1.0040816326530613,-1.0,False,False,49.0,09:40,ENTERED,21768.0,21866.0,1.0,2025-06-06,2025
LONG20_FIRST_RED_GREEN_5M,LONG,21795.75,21795.5,1749476700,21841.0,1749478320,"{""adverse_ticks"": 1.0, ""stop_buffer_ticks"": 1.0}",1620,NQ,19.0,51.25,TARGET_HIT,45.25,45.05,0.9955801104972375,1.0,True,False,45.25,09:45,ENTERED,21750.5,21841.0,1.0,2025-06-09,2025
LONG20_FIRST_RED_GREEN_5M,LONG,21880.75,21880.5,1749562800,21817.75,1749569520,"{""adverse_ticks"": 1.0, ""stop_buffer_ticks"": 1.0}",6720,NQ,97.5,12.75,STOP_HIT,-63.0,-63.2,-1.0031746031746032,-1.0,False,False,63.0,09:40,ENTERED,21817.75,21943.75,1.0,2025-06-10,2025
LONG20_FIRST_RED_GREEN_5M,LONG,21995.75,21995.5,1749649200,21958.75,1749649560,"{""adverse_ticks"": 1.0, ""stop_buffer_ticks"": 1.0}",360,NQ,74.5,2.25,STOP_HIT,-37.0,-37.2,-1.0054054054054056,-1.0,False,False,37.0,09:40,ENTERED,21958.75,22032.75,1.0,2025-06-11,2025
LONG20_FIRST_RED_GREEN_5M,LONG,21891.25,21891.0,1749737400,21942.25,1749739020,"{""adverse_ticks"": 1.0, ""stop_buffer_ticks"": 1.0}",1620,NQ,4.25,52.75,TARGET_HIT,51.0,50.8,0.9960784313725489,1.0,True,False,51.0,10:10,ENTERED,21840.25,21942.25,1.0,2025-06-12,2025
LONG20_FIRST_RED_GREEN_5M,LONG,21664.25,21664.0,1749825300,21711.75,1749825540,"{""adverse_ticks"": 1.0, ""stop_buffer_ticks"": 1.0}",240,NQ,4.5,55.75,TARGET_HIT,47.5,47.3,0.9957894736842104,1.0,True,False,47.5,10:35,ENTERED,21616.75,21711.75,1.0,2025-06-13,2025
LONG20_FIRST_RED_GREEN_5M,LONG,21883.25,21883.0,1750081800,21927.5,1750082100,"{""adverse_ticks"": 1.0, ""stop_buffer_ticks"": 1.0}",300,NQ,9.5,48.75,TARGET_HIT,44.25,44.05,0.9954802259887005,1.0,True,False,44.25,09:50,ENTERED,21839.0,21927.5,1.0,2025-06-16,2025
LONG20_FIRST_RED_GREEN_5M,LONG,22058.0,22057.75,1750168200,22090.25,1750168320,"{""adverse_ticks"": 1.0, ""stop_buffer_ticks"": 1.0}",120,NQ,11.25,39.0,TARGET_HIT,32.25,32.05,0.993798449612403,1.0,True,False,32.25,09:50,ENTERED,22025.75,22090.25,1.0,2025-06-17,2025
LONG20_FIRST_RED_GREEN_5M,LONG,21962.75,21962.5,1750254000,21999.5,1750254480,"{""adverse_ticks"": 1.0, ""stop_buffer_ticks"": 1.0}",480,NQ,4.25,38.0,TARGET_HIT,36.75,36.55,0.9945578231292517,1.0,True,False,36.75,09:40,ENTERED,21926.0,21999.5,1.0,2025-06-18,2025
LONG20_FIRST_RED_GREEN_5M,LONG,22020.75,22020.5,1750428300,22001.5,1750428360,"{""adverse_ticks"": 1.0, ""stop_buffer_ticks"": 1.0}",60,NQ,25.25,9.75,STOP_HIT,-19.25,-19.45,-1.0103896103896104,-1.0,False,False,19.25,10:05,ENTERED,22001.5,22040.0,1.0,2025-06-20,2025
LONG20_FIRST_RED_GREEN_5M,LONG,21867.75,21867.5,1750686000,21977.25,1750687500,"{""adverse_ticks"": 1.0, ""stop_buffer_ticks"": 1.0}",1500,NQ,13.5,110.5,TARGET_HIT,109.5,109.3,0.9981735159817351,1.0,True,False,109.5,09:40,ENTERED,21758.25,21977.25,1.0,2025-06-23,2025
LONG20_FIRST_RED_GREEN_5M,LONG,22303.5,22303.25,1750773900,22278.75,1750774080,"{""adverse_ticks"": 1.0, ""stop_buffer_ticks"": 1.0}",180,NQ,37.25,8.5,STOP_HIT,-24.75,-24.95,-1.0080808080808081,-1.0,False,False,24.75,10:05,ENTERED,22278.75,22328.25,1.0,2025-06-24,2025
LONG20_FIRST_RED_GREEN_5M,LONG,22523.0,22522.75,1750860000,22485.5,1750860660,"{""adverse_ticks"": 1.0, ""stop_buffer_ticks"": 1.0}",660,NQ,43.5,7.25,STOP_HIT,-37.5,-37.7,-1.0053333333333334,-1.0,False,False,37.5,10:00,ENTERED,22485.5,22560.5,1.0,2025-06-25,2025
LONG20_FIRST_RED_GREEN_5M,LONG,22525.0,22524.75,1750945500,22494.75,1750945680,"{""adverse_ticks"": 1.0, ""stop_buffer_ticks"": 1.0}",180,NQ,35.5,9.0,STOP_HIT,-30.25,-30.45,-1.006611570247934,-1.0,False,False,30.25,09:45,ENTERED,22494.75,22555.25,1.0,2025-06-26,2025
LONG20_FIRST_RED_GREEN_5M,LONG,22736.0,22735.75,1751032200,22755.25,1751032500,"{""adverse_ticks"": 1.0, ""stop_buffer_ticks"": 1.0}",300,NQ,6.0,22.5,TARGET_HIT,19.25,19.05,0.9896103896103896,1.0,True,False,19.25,09:50,ENTERED,22716.75,22755.25,1.0,2025-06-27,2025
LONG20_FIRST_RED_GREEN_5M,LONG,22833.25,22833.0,1751290800,22808.5,1751291040,"{""adverse_ticks"": 1.0, ""stop_buffer_ticks"": 1.0}",240,NQ,28.25,6.75,STOP_HIT,-24.75,-24.95,-1.0080808080808081,-1.0,False,False,24.75,09:40,ENTERED,22808.5,22858.0,1.0,2025-06-30,2025
LONG20_FIRST_RED_GREEN_5M,LONG,22819.5,22819.25,1751377800,22779.75,1751379720,"{""adverse_ticks"": 1.0, ""stop_buffer_ticks"": 1.0}",1920,NQ,43.25,29.0,STOP_HIT,-39.75,-39.95,-1.0050314465408805,-1.0,False,False,39.75,09:50,ENTERED,22779.75,22859.25,1.0,2025-07-01,2025
LONG20_FIRST_RED_GREEN_5M,LONG,22710.75,22710.5,1751464200,22742.75,1751465160,"{""adverse_ticks"": 1.0, ""stop_buffer_ticks"": 1.0}",960,NQ,7.75,34.75,TARGET_HIT,32.0,31.8,0.99375,1.0,True,False,32.0,09:50,ENTERED,22678.75,22742.75,1.0,2025-07-02,2025
LONG20_FIRST_RED_GREEN_5M,LONG,22948.5,22948.25,1751895900,22900.25,1751899980,"{""adverse_ticks"": 1.0, ""stop_buffer_ticks"": 1.0}",4080,NQ,55.5,29.25,STOP_HIT,-48.25,-48.45,-1.0041450777202072,-1.0,False,False,48.25,09:45,ENTERED,22900.25,22996.75,1.0,2025-07-07,2025
LONG20_FIRST_RED_GREEN_5M,LONG,22905.25,22905.0,1751982300,22921.25,1751982780,"{""adverse_ticks"": 1.0, ""stop_buffer_ticks"": 1.0}",480,NQ,13.25,17.5,TARGET_HIT,16.0,15.8,0.9875,1.0,True,False,16.0,09:45,ENTERED,22889.25,22921.25,1.0,2025-07-08,2025
LONG20_FIRST_RED_GREEN_5M,LONG,23089.75,23089.5,1752069900,23074.25,1752070800,"{""adverse_ticks"": 1.0, ""stop_buffer_ticks"": 1.0}",900,NQ,16.0,15.0,STOP_HIT,-15.5,-15.7,-1.0129032258064516,-1.0,False,False,15.5,10:05,ENTERED,23074.25,23105.25,1.0,2025-07-09,2025
LONG20_FIRST_RED_GREEN_5M,LONG,23036.0,23035.75,1752154800,23021.5,1752155100,"{""adverse_ticks"": 1.0, ""stop_buffer_ticks"": 1.0}",300,NQ,17.0,3.5,STOP_HIT,-14.5,-14.7,-1.013793103448276,-1.0,False,False,14.5,09:40,ENTERED,23021.5,23050.5,1.0,2025-07-10,2025
LONG20_FIRST_RED_GREEN_5M,LONG,22935.5,22935.25,1752241800,23008.25,1752244500,"{""adverse_ticks"": 1.0, ""stop_buffer_ticks"": 1.0}",2700,NQ,7.75,73.75,TARGET_HIT,72.75,72.55,0.9972508591065292,1.0,True,False,72.75,09:50,ENTERED,22862.75,23008.25,1.0,2025-07-11,2025
LONG20_FIRST_RED_GREEN_5M,LONG,22919.25,22919.0,1752501000,22996.5,1752505260,"{""adverse_ticks"": 1.0, ""stop_buffer_ticks"": 1.0}",4260,NQ,16.5,91.0,TARGET_HIT,77.25,77.05,0.9974110032362459,1.0,True,False,77.25,09:50,ENTERED,22842.0,22996.5,1.0,2025-07-14,2025
LONG20_FIRST_RED_GREEN_5M,LONG,23164.5,23164.25,1752587100,23122.75,1752588000,"{""adverse_ticks"": 1.0, ""stop_buffer_ticks"": 1.0}",900,NQ,43.5,20.0,STOP_HIT,-41.75,-41.95,-1.0047904191616768,-1.0,False,False,41.75,09:45,ENTERED,23122.75,23206.25,1.0,2025-07-15,2025
LONG20_FIRST_RED_GREEN_5M,LONG,23043.75,23043.5,1752673200,23012.25,1752673260,"{""adverse_ticks"": 1.0, ""stop_buffer_ticks"": 1.0}",60,NQ,31.75,0.5,STOP_HIT,-31.5,-31.7,-1.0063492063492063,-1.0,False,False,31.5,09:40,ENTERED,23012.25,23075.25,1.0,2025-07-16,2025
LONG20_FIRST_RED_GREEN_5M,LONG,23122.5,23122.25,1752759900,23179.5,1752762840,"{""adverse_ticks"": 1.0, ""stop_buffer_ticks"": 1.0}",2940,NQ,7.25,57.5,TARGET_HIT,57.0,56.8,0.9964912280701754,1.0,True,False,57.0,09:45,ENTERED,23065.5,23179.5,1.0,2025-07-17,2025
LONG20_FIRST_RED_GREEN_5M,LONG,23287.0,23286.75,1752846600,23257.0,1752846720,"{""adverse_ticks"": 1.0, ""stop_buffer_ticks"": 1.0}",120,NQ,32.5,8.25,STOP_HIT,-30.0,-30.2,-1.0066666666666666,-1.0,False,False,30.0,09:50,ENTERED,23257.0,23317.0,1.0,2025-07-18,2025
LONG20_FIRST_RED_GREEN_5M,LONG,23376.25,23376.0,1753106400,23387.25,1753106400,"{""adverse_ticks"": 1.0, ""stop_buffer_ticks"": 1.0}",0,NQ,0.0,24.25,TARGET_HIT,11.0,10.8,0.9818181818181819,1.0,True,True,11.0,10:00,ENTERED,23365.25,23387.25,1.0,2025-07-21,2025
LONG20_FIRST_RED_GREEN_5M,LONG,23306.25,23306.0,1753191600,23278.25,1753191660,"{""adverse_ticks"": 1.0, ""stop_buffer_ticks"": 1.0}",60,NQ,33.75,0.0,STOP_HIT,-28.0,-28.2,-1.0071428571428571,-1.0,False,False,28.0,09:40,ENTERED,23278.25,23334.25,1.0,2025-07-22,2025
LONG20_FIRST_RED_GREEN_5M,LONG,23224.5,23224.25,1753278000,23182.75,1753278300,"{""adverse_ticks"": 1.0, ""stop_buffer_ticks"": 1.0}",300,NQ,59.5,8.0,STOP_HIT,-41.75,-41.95,-1.0047904191616768,-1.0,False,False,41.75,09:40,ENTERED,23182.75,23266.25,1.0,2025-07-23,2025
LONG20_FIRST_RED_GREEN_5M,LONG,23360.0,23359.75,1753364700,23386.0,1753364820,"{""adverse_ticks"": 1.0, ""stop_buffer_ticks"": 1.0}",120,NQ,5.25,39.25,TARGET_HIT,26.0,25.8,0.9923076923076923,1.0,True,False,26.0,09:45,ENTERED,23334.0,23386.0,1.0,2025-07-24,2025
LONG20_FIRST_RED_GREEN_5M,LONG,23361.75,23361.5,1753451100,23393.0,1753451460,"{""adverse_ticks"": 1.0, ""stop_buffer_ticks"": 1.0}",360,NQ,0.0,32.5,TARGET_HIT,31.25,31.05,0.9936,1.0,True,False,31.25,09:45,ENTERED,23330.5,23393.0,1.0,2025-07-25,2025
LONG20_FIRST_RED_GREEN_5M,LONG,23495.0,23494.75,1753710300,23519.25,1753710840,"{""adverse_ticks"": 1.0, ""stop_buffer_ticks"": 1.0}",540,NQ,6.25,25.75,TARGET_HIT,24.25,24.05,0.9917525773195877,1.0,True,False,24.25,09:45,ENTERED,23470.75,23519.25,1.0,2025-07-28,2025
LONG20_FIRST_RED_GREEN_5M,LONG,23571.75,23571.5,1753798200,23551.75,1753799160,"{""adverse_ticks"": 1.0, ""stop_buffer_ticks"": 1.0}",960,NQ,21.75,14.75,STOP_HIT,-20.0,-20.2,-1.01,-1.0,False,False,20.0,10:10,ENTERED,23551.75,23591.75,1.0,2025-07-29,2025
LONG20_FIRST_RED_GREEN_5M,LONG,23493.25,23493.0,1753882800,23536.0,1753887120,"{""adverse_ticks"": 1.0, ""stop_buffer_ticks"": 1.0}",4320,NQ,26.0,43.0,TARGET_HIT,42.75,42.55,0.9953216374269005,1.0,True,False,42.75,09:40,ENTERED,23450.5,23536.0,1.0,2025-07-30,2025
LONG20_FIRST_RED_GREEN_5M,LONG,23645.25,23645.0,1753969800,23681.5,1753969980,"{""adverse_ticks"": 1.0, ""stop_buffer_ticks"": 1.0}",180,NQ,4.5,41.75,TARGET_HIT,36.25,36.05,0.9944827586206896,1.0,True,False,36.25,09:50,ENTERED,23609.0,23681.5,1.0,2025-07-31,2025
LONG20_FIRST_RED_GREEN_5M,LONG,22881.5,22881.25,1754056500,22857.75,1754056800,"{""adverse_ticks"": 1.0, ""stop_buffer_ticks"": 1.0}",300,NQ,63.25,23.5,STOP_HIT,-23.75,-23.95,-1.0084210526315789,-1.0,False,False,23.75,09:55,ENTERED,22857.75,22905.25,1.0,2025-08-01,2025
LONG20_FIRST_RED_GREEN_5M,LONG,23351.5,23351.25,1754401200,23303.25,1754403420,"{""adverse_ticks"": 1.0, ""stop_buffer_ticks"": 1.0}",2220,NQ,55.25,46.0,STOP_HIT,-48.25,-48.45,-1.0041450777202072,-1.0,False,False,48.25,09:40,ENTERED,23303.25,23399.75,1.0,2025-08-05,2025
LONG20_FIRST_RED_GREEN_5M,LONG,23202.75,23202.5,1754487900,23257.25,1754489040,"{""adverse_ticks"": 1.0, ""stop_buffer_ticks"": 1.0}",1140,NQ,28.75,67.25,TARGET_HIT,54.5,54.3,0.9963302752293578,1.0,True,False,54.5,09:45,ENTERED,23148.25,23257.25,1.0,2025-08-06,2025
LONG20_FIRST_RED_GREEN_5M,LONG,23617.25,23617.0,1754574900,23664.75,1754575200,"{""adverse_ticks"": 1.0, ""stop_buffer_ticks"": 1.0}",300,NQ,10.25,54.0,TARGET_HIT,47.5,47.3,0.9957894736842104,1.0,True,False,47.5,09:55,ENTERED,23569.75,23664.75,1.0,2025-08-07,2025
LONG20_FIRST_RED_GREEN_5M,LONG,23644.0,23643.75,1754661600,23675.25,1754662200,"{""adverse_ticks"": 1.0, ""stop_buffer_ticks"": 1.0}",600,NQ,12.25,34.75,TARGET_HIT,31.25,31.05,0.9936,1.0,True,False,31.25,10:00,ENTERED,23612.75,23675.25,1.0,2025-08-08,2025
LONG20_FIRST_RED_GREEN_5M,LONG,23713.0,23712.75,1754919600,23745.5,1754920800,"{""adverse_ticks"": 1.0, ""stop_buffer_ticks"": 1.0}",1200,NQ,7.5,33.5,TARGET_HIT,32.5,32.3,0.9938461538461537,1.0,True,False,32.5,09:40,ENTERED,23680.5,23745.5,1.0,2025-08-11,2025
LONG20_FIRST_RED_GREEN_5M,LONG,23712.25,23712.0,1755006900,23666.0,1755007020,"{""adverse_ticks"": 1.0, ""stop_buffer_ticks"": 1.0}",120,NQ,46.75,13.0,STOP_HIT,-46.25,-46.45,-1.0043243243243243,-1.0,False,False,46.25,09:55,ENTERED,23666.0,23758.5,1.0,2025-08-12,2025
LONG20_FIRST_RED_GREEN_5M,LONG,24053.75,24053.5,1755093300,24027.0,1755093300,"{""adverse_ticks"": 1.0, ""stop_buffer_ticks"": 1.0}",0,NQ,39.0,0.25,STOP_HIT,-26.75,-26.95,-1.0074766355140186,-1.0,False,False,26.75,09:55,ENTERED,24027.0,24080.5,1.0,2025-08-13,2025
LONG20_FIRST_RED_GREEN_5M,LONG,23936.0,23935.75,1755180000,23974.5,1755181860,"{""adverse_ticks"": 1.0, ""stop_buffer_ticks"": 1.0}",1860,NQ,31.0,40.25,TARGET_HIT,38.5,38.3,0.9948051948051947,1.0,True,False,38.5,10:00,ENTERED,23897.5,23974.5,1.0,2025-08-14,2025
LONG20_FIRST_RED_GREEN_5M,LONG,23786.25,23786.0,1755266100,23802.5,1755266100,"{""adverse_ticks"": 1.0, ""stop_buffer_ticks"": 1.0}",0,NQ,1.0,23.0,TARGET_HIT,16.25,16.05,0.9876923076923078,1.0,True,False,16.25,09:55,ENTERED,23770.0,23802.5,1.0,2025-08-15,2025
LONG20_FIRST_RED_GREEN_5M,LONG,23791.75,23791.5,1755525000,23770.75,1755525000,"{""adverse_ticks"": 1.0, ""stop_buffer_ticks"": 1.0}",0,NQ,21.5,0.0,STOP_HIT,-21.0,-21.2,-1.0095238095238095,-1.0,False,False,21.0,09:50,ENTERED,23770.75,23812.75,1.0,2025-08-18,2025
LONG20_FIRST_RED_GREEN_5M,LONG,23693.25,23693.0,1755610800,23726.75,1755610920,"{""adverse_ticks"": 1.0, ""stop_buffer_ticks"": 1.0}",120,NQ,8.75,38.25,TARGET_HIT,33.5,33.3,0.9940298507462686,1.0,True,False,33.5,09:40,ENTERED,23659.75,23726.75,1.0,2025-08-19,2025
LONG20_FIRST_RED_GREEN_5M,LONG,23174.25,23174.0,1755698400,23202.75,1755698400,"{""adverse_ticks"": 1.0, ""stop_buffer_ticks"": 1.0}",0,NQ,9.0,32.25,TARGET_HIT,28.5,28.3,0.9929824561403509,1.0,True,False,28.5,10:00,ENTERED,23145.75,23202.75,1.0,2025-08-20,2025
LONG20_FIRST_RED_GREEN_5M,LONG,23500.25,23500.0,1756129200,23557.5,1756131240,"{""adverse_ticks"": 1.0, ""stop_buffer_ticks"": 1.0}",2040,NQ,51.75,58.25,TARGET_HIT,57.25,57.05,0.9965065502183406,1.0,True,False,57.25,09:40,ENTERED,23443.0,23557.5,1.0,2025-08-25,2025
LONG20_FIRST_RED_GREEN_5M,LONG,23539.5,23539.25,1756302900,23591.75,1756304340,"{""adverse_ticks"": 1.0, ""stop_buffer_ticks"": 1.0}",1440,NQ,23.25,62.5,TARGET_HIT,52.25,52.05,0.9961722488038277,1.0,True,False,52.25,09:55,ENTERED,23487.25,23591.75,1.0,2025-08-27,2025
LONG20_FIRST_RED_GREEN_5M,LONG,23601.0,23600.75,1756475100,23587.75,1756475100,"{""adverse_ticks"": 1.0, ""stop_buffer_ticks"": 1.0}",0,NQ,35.5,0.25,STOP_HIT,-13.25,-13.45,-1.0150943396226415,-1.0,False,False,13.25,09:45,ENTERED,23587.75,23614.25,1.0,2025-08-29,2025
LONG20_FIRST_RED_GREEN_5M,LONG,23134.0,23133.75,1756820400,23243.0,1756821060,"{""adverse_ticks"": 1.0, ""stop_buffer_ticks"": 1.0}",660,NQ,6.75,109.5,TARGET_HIT,109.0,108.8,0.9981651376146788,1.0,True,False,109.0,09:40,ENTERED,23025.0,23243.0,1.0,2025-09-02,2025
LONG20_FIRST_RED_GREEN_5M,LONG,23397.25,23397.0,1756907100,23371.5,1756907280,"{""adverse_ticks"": 1.0, ""stop_buffer_ticks"": 1.0}",180,NQ,26.5,14.25,STOP_HIT,-25.75,-25.95,-1.007766990291262,-1.0,False,False,25.75,09:45,ENTERED,23371.5,23423.0,1.0,2025-09-03,2025
LONG20_FIRST_RED_GREEN_5M,LONG,23874.5,23874.25,1757079900,23821.5,1757080800,"{""adverse_ticks"": 1.0, ""stop_buffer_ticks"": 1.0}",900,NQ,63.25,19.0,STOP_HIT,-53.0,-53.2,-1.0037735849056604,-1.0,False,False,53.0,09:45,ENTERED,23821.5,23927.5,1.0,2025-09-05,2025
LONG20_FIRST_RED_GREEN_5M,LONG,23841.5,23841.25,1757425500,23815.5,1757425860,"{""adverse_ticks"": 1.0, ""stop_buffer_ticks"": 1.0}",360,NQ,33.5,7.5,STOP_HIT,-26.0,-26.2,-1.0076923076923077,-1.0,False,False,26.0,09:45,ENTERED,23815.5,23867.5,1.0,2025-09-09,2025
LONG20_FIRST_RED_GREEN_5M,LONG,24030.0,24029.75,1757684700,24058.75,1757686140,"{""adverse_ticks"": 1.0, ""stop_buffer_ticks"": 1.0}",1440,NQ,13.25,29.0,TARGET_HIT,28.75,28.55,0.9930434782608696,1.0,True,False,28.75,09:45,ENTERED,24001.25,24058.75,1.0,2025-09-12,2025
LONG20_FIRST_RED_GREEN_5M,LONG,24229.0,24228.75,1757944200,24261.0,1757944740,"{""adverse_ticks"": 1.0, ""stop_buffer_ticks"": 1.0}",540,NQ,2.75,33.5,TARGET_HIT,32.0,31.8,0.99375,1.0,True,False,32.0,09:50,ENTERED,24197.0,24261.0,1.0,2025-09-15,2025
LONG20_FIRST_RED_GREEN_5M,LONG,24568.0,24567.75,1758030300,24551.5,1758030300,"{""adverse_ticks"": 1.0, ""stop_buffer_ticks"": 1.0}",0,NQ,19.75,2.5,STOP_HIT,-16.5,-16.7,-1.012121212121212,-1.0,False,False,16.5,09:45,ENTERED,24551.5,24584.5,1.0,2025-09-16,2025
LONG20_FIRST_RED_GREEN_5M,LONG,24496.75,24496.5,1758117000,24460.0,1758117660,"{""adverse_ticks"": 1.0, ""stop_buffer_ticks"": 1.0}",660,NQ,42.75,24.0,STOP_HIT,-36.75,-36.95,-1.0054421768707484,-1.0,False,False,36.75,09:50,ENTERED,24460.0,24533.5,1.0,2025-09-17,2025
LONG20_FIRST_RED_GREEN_5M,LONG,24656.25,24656.0,1758203400,24714.0,1758204000,"{""adverse_ticks"": 1.0, ""stop_buffer_ticks"": 1.0}",600,NQ,14.5,58.5,TARGET_HIT,57.75,57.55,0.9965367965367965,1.0,True,False,57.75,09:50,ENTERED,24598.5,24714.0,1.0,2025-09-18,2025
LONG20_FIRST_RED_GREEN_5M,LONG,24752.75,24752.5,1758289200,24768.25,1758289260,"{""adverse_ticks"": 1.0, ""stop_buffer_ticks"": 1.0}",60,NQ,4.0,29.5,TARGET_HIT,15.5,15.3,0.9870967741935485,1.0,True,False,15.5,09:40,ENTERED,24737.25,24768.25,1.0,2025-09-19,2025
LONG20_FIRST_RED_GREEN_5M,LONG,24847.75,24847.5,1758548700,24874.25,1758549240,"{""adverse_ticks"": 1.0, ""stop_buffer_ticks"": 1.0}",540,NQ,6.5,31.5,TARGET_HIT,26.5,26.3,0.9924528301886792,1.0,True,False,26.5,09:45,ENTERED,24821.25,24874.25,1.0,2025-09-22,2025
LONG20_FIRST_RED_GREEN_5M,LONG,24941.5,24941.25,1758636300,24953.75,1758636300,"{""adverse_ticks"": 1.0, ""stop_buffer_ticks"": 1.0}",0,NQ,1.25,15.75,TARGET_HIT,12.25,12.05,0.9836734693877551,1.0,True,False,12.25,10:05,ENTERED,24929.25,24953.75,1.0,2025-09-23,2025
LONG20_FIRST_RED_GREEN_5M,LONG,24821.25,24821.0,1758722400,24784.25,1758726600,"{""adverse_ticks"": 1.0, ""stop_buffer_ticks"": 1.0}",4200,NQ,40.5,20.0,STOP_HIT,-37.0,-37.2,-1.0054054054054056,-1.0,False,False,37.0,10:00,ENTERED,24784.25,24858.25,1.0,2025-09-24,2025
LONG20_FIRST_RED_GREEN_5M,LONG,24485.75,24485.5,1758808200,24549.25,1758809220,"{""adverse_ticks"": 1.0, ""stop_buffer_ticks"": 1.0}",1020,NQ,55.25,67.75,TARGET_HIT,63.5,63.3,0.9968503937007873,1.0,True,False,63.5,09:50,ENTERED,24422.25,24549.25,1.0,2025-09-25,2025
LONG20_FIRST_RED_GREEN_5M,LONG,24699.75,24699.5,1758894600,24643.25,1758895560,"{""adverse_ticks"": 1.0, ""stop_buffer_ticks"": 1.0}",960,NQ,63.75,33.75,STOP_HIT,-56.5,-56.7,-1.0035398230088497,-1.0,False,False,56.5,09:50,ENTERED,24643.25,24756.25,1.0,2025-09-26,2025
LONG20_FIRST_RED_GREEN_5M,LONG,24969.25,24969.0,1759155000,24919.75,1759155600,"{""adverse_ticks"": 1.0, ""stop_buffer_ticks"": 1.0}",600,NQ,51.5,2.5,STOP_HIT,-49.5,-49.7,-1.004040404040404,-1.0,False,False,49.5,10:10,ENTERED,24919.75,25018.75,1.0,2025-09-29,2025
LONG20_FIRST_RED_GREEN_5M,LONG,24798.0,24797.75,1759239900,24741.25,1759240440,"{""adverse_ticks"": 1.0, ""stop_buffer_ticks"": 1.0}",540,NQ,65.75,8.5,STOP_HIT,-56.75,-56.95,-1.00352422907489,-1.0,False,False,56.75,09:45,ENTERED,24741.25,24854.75,1.0,2025-09-30,2025
LONG20_FIRST_RED_GREEN_5M,LONG,24777.5,24777.25,1759326900,24829.25,1759327980,"{""adverse_ticks"": 1.0, ""stop_buffer_ticks"": 1.0}",1080,NQ,27.25,52.5,TARGET_HIT,51.75,51.55,0.996135265700483,1.0,True,False,51.75,09:55,ENTERED,24725.75,24829.25,1.0,2025-10-01,2025
LONG20_FIRST_RED_GREEN_5M,LONG,25050.25,25050.0,1759413300,25086.75,1759414740,"{""adverse_ticks"": 1.0, ""stop_buffer_ticks"": 1.0}",1440,NQ,30.5,37.0,TARGET_HIT,36.5,36.3,0.9945205479452054,1.0,True,False,36.5,09:55,ENTERED,25013.75,25086.75,1.0,2025-10-02,2025
LONG20_FIRST_RED_GREEN_5M,LONG,25151.75,25151.5,1759499400,25113.25,1759499760,"{""adverse_ticks"": 1.0, ""stop_buffer_ticks"": 1.0}",360,NQ,45.5,16.5,STOP_HIT,-38.5,-38.7,-1.0051948051948052,-1.0,False,False,38.5,09:50,ENTERED,25113.25,25190.25,1.0,2025-10-03,2025
LONG20_FIRST_RED_GREEN_5M,LONG,25164.0,25163.75,1759758000,25180.0,1759758000,"{""adverse_ticks"": 1.0, ""stop_buffer_ticks"": 1.0}",0,NQ,7.0,19.5,TARGET_HIT,16.0,15.8,0.9875,1.0,True,False,16.0,09:40,ENTERED,25148.0,25180.0,1.0,2025-10-06,2025
LONG20_FIRST_RED_GREEN_5M,LONG,25249.0,25248.75,1759845000,25229.5,1759845780,"{""adverse_ticks"": 1.0, ""stop_buffer_ticks"": 1.0}",780,NQ,34.75,16.0,STOP_HIT,-19.5,-19.7,-1.0102564102564102,-1.0,False,False,19.5,09:50,ENTERED,25229.5,25268.5,1.0,2025-10-07,2025
LONG20_FIRST_RED_GREEN_5M,LONG,25162.0,25161.75,1759931400,25209.25,1759932120,"{""adverse_ticks"": 1.0, ""stop_buffer_ticks"": 1.0}",720,NQ,18.75,49.5,TARGET_HIT,47.25,47.05,0.9957671957671957,1.0,True,False,47.25,09:50,ENTERED,25114.75,25209.25,1.0,2025-10-08,2025
LONG20_FIRST_RED_GREEN_5M,LONG,25302.25,25302.0,1760017800,25253.5,1760018100,"{""adverse_ticks"": 1.0, ""stop_buffer_ticks"": 1.0}",300,NQ,50.5,14.75,STOP_HIT,-48.75,-48.95,-1.0041025641025643,-1.0,False,False,48.75,09:50,ENTERED,25253.5,25351.0,1.0,2025-10-09,2025
LONG20_FIRST_RED_GREEN_5M,LONG,25355.75,25355.5,1760104800,25325.25,1760104860,"{""adverse_ticks"": 1.0, ""stop_buffer_ticks"": 1.0}",60,NQ,43.5,15.25,STOP_HIT,-30.5,-30.7,-1.0065573770491802,-1.0,False,False,30.5,10:00,ENTERED,25325.25,25386.25,1.0,2025-10-10,2025
LONG20_FIRST_RED_GREEN_5M,LONG,25506.25,25506.0,1761314400,25548.75,1761314760,"{""adverse_ticks"": 1.0, ""stop_buffer_ticks"": 1.0}",360,NQ,12.75,42.75,TARGET_HIT,42.5,42.3,0.9952941176470588,1.0,True,False,42.5,10:00,ENTERED,25463.75,25548.75,1.0,2025-10-24,2025
LONG20_FIRST_RED_GREEN_5M,LONG,25841.75,25841.5,1761573300,25875.25,1761573840,"{""adverse_ticks"": 1.0, ""stop_buffer_ticks"": 1.0}",540,NQ,7.5,34.25,TARGET_HIT,33.5,33.3,0.9940298507462686,1.0,True,False,33.5,09:55,ENTERED,25808.25,25875.25,1.0,2025-10-27,2025
LONG20_FIRST_RED_GREEN_5M,LONG,26077.75,26077.5,1761659100,26041.25,1761659280,"{""adverse_ticks"": 1.0, ""stop_buffer_ticks"": 1.0}",180,NQ,40.5,3.5,STOP_HIT,-36.5,-36.7,-1.0054794520547945,-1.0,False,False,36.5,09:45,ENTERED,26041.25,26114.25,1.0,2025-10-28,2025
LONG20_FIRST_RED_GREEN_5M,LONG,26276.75,26276.5,1761745500,26299.0,1761746100,"{""adverse_ticks"": 1.0, ""stop_buffer_ticks"": 1.0}",600,NQ,11.5,27.25,TARGET_HIT,22.25,22.05,0.9910112359550562,1.0,True,False,22.25,09:45,ENTERED,26254.5,26299.0,1.0,2025-10-29,2025
LONG20_FIRST_RED_GREEN_5M,LONG,25975.0,25974.75,1761831900,26008.0,1761831960,"{""adverse_ticks"": 1.0, ""stop_buffer_ticks"": 1.0}",60,NQ,11.0,56.0,TARGET_HIT,33.0,32.8,0.9939393939393939,1.0,True,False,33.0,09:45,ENTERED,25942.0,26008.0,1.0,2025-10-30,2025
LONG20_FIRST_RED_GREEN_5M,LONG,26111.75,26111.5,1761918900,26086.75,1761919020,"{""adverse_ticks"": 1.0, ""stop_buffer_ticks"": 1.0}",120,NQ,31.25,8.0,STOP_HIT,-25.0,-25.2,-1.008,-1.0,False,False,25.0,09:55,ENTERED,26086.75,26136.75,1.0,2025-10-31,2025
LONG20_FIRST_RED_GREEN_5M,LONG,26123.75,26123.5,1762182600,26088.0,1762182960,"{""adverse_ticks"": 1.0, ""stop_buffer_ticks"": 1.0}",360,NQ,40.5,32.25,STOP_HIT,-35.75,-35.95,-1.0055944055944057,-1.0,False,False,35.75,10:10,ENTERED,26088.0,26159.5,1.0,2025-11-03,2025
LONG20_FIRST_RED_GREEN_5M,LONG,25689.0,25688.75,1762267200,25715.25,1762267200,"{""adverse_ticks"": 1.0, ""stop_buffer_ticks"": 1.0}",0,NQ,8.75,36.0,TARGET_HIT,26.25,26.05,0.9923809523809524,1.0,True,False,26.25,09:40,ENTERED,25662.75,25715.25,1.0,2025-11-04,2025
LONG20_FIRST_RED_GREEN_5M,LONG,25637.5,25637.25,1762786800,25588.25,1762789800,"{""adverse_ticks"": 1.0, ""stop_buffer_ticks"": 1.0}",3000,NQ,63.25,29.25,STOP_HIT,-49.25,-49.45,-1.0040609137055838,-1.0,False,False,49.25,10:00,ENTERED,25588.25,25686.75,1.0,2025-11-10,2025
LONG20_FIRST_RED_GREEN_5M,LONG,25627.0,25626.75,1762873200,25560.0,1762873560,"{""adverse_ticks"": 1.0, ""stop_buffer_ticks"": 1.0}",360,NQ,82.25,1.25,STOP_HIT,-67.0,-67.2,-1.0029850746268658,-1.0,False,False,67.0,10:00,ENTERED,25560.0,25694.0,1.0,2025-11-11,2025
LONG20_FIRST_RED_GREEN_5M,LONG,25682.75,25682.5,1762958400,25668.75,1762958400,"{""adverse_ticks"": 1.0, ""stop_buffer_ticks"": 1.0}",0,NQ,21.5,7.75,STOP_HIT,-14.0,-14.2,-1.0142857142857142,-1.0,False,False,14.0,09:40,ENTERED,25668.75,25696.75,1.0,2025-11-12,2025
LONG20_FIRST_RED_GREEN_5M,LONG,25317.75,25317.5,1763045400,25355.5,1763045460,"{""adverse_ticks"": 1.0, ""stop_buffer_ticks"": 1.0}",60,NQ,2.75,49.5,TARGET_HIT,37.75,37.55,0.9947019867549668,1.0,True,False,37.75,09:50,ENTERED,25280.0,25355.5,1.0,2025-11-13,2025
LONG20_FIRST_RED_GREEN_5M,LONG,24800.75,24800.5,1763131200,24975.75,1763132760,"{""adverse_ticks"": 1.0, ""stop_buffer_ticks"": 1.0}",1560,NQ,23.0,183.5,TARGET_HIT,175.0,174.8,0.9988571428571429,1.0,True,False,175.0,09:40,ENTERED,24625.75,24975.75,1.0,2025-11-14,2025
LONG20_FIRST_RED_GREEN_5M,LONG,25474.5,25474.25,1764773100,25496.25,1764773160,"{""adverse_ticks"": 1.0, ""stop_buffer_ticks"": 1.0}",60,NQ,8.75,30.25,TARGET_HIT,21.75,21.55,0.9908045977011495,1.0,True,False,21.75,09:45,ENTERED,25452.75,25496.25,1.0,2025-12-03,2025
LONG20_FIRST_RED_GREEN_5M,LONG,25753.25,25753.0,1764946200,25833.25,1764947160,"{""adverse_ticks"": 1.0, ""stop_buffer_ticks"": 1.0}",960,NQ,12.0,82.0,TARGET_HIT,80.0,79.8,0.9974999999999999,1.0,True,False,80.0,09:50,ENTERED,25673.25,25833.25,1.0,2025-12-05,2025
LONG20_FIRST_RED_GREEN_5M,LONG,25805.5,25805.25,1765205100,25771.25,1765205280,"{""adverse_ticks"": 1.0, ""stop_buffer_ticks"": 1.0}",180,NQ,67.25,2.0,STOP_HIT,-34.25,-34.45,-1.0058394160583943,-1.0,False,False,34.25,09:45,ENTERED,25771.25,25839.75,1.0,2025-12-08,2025
LONG20_FIRST_RED_GREEN_5M,LONG,25622.75,25622.5,1765377600,25566.75,1765381200,"{""adverse_ticks"": 1.0, ""stop_buffer_ticks"": 1.0}",3600,NQ,58.25,49.75,STOP_HIT,-56.0,-56.2,-1.0035714285714286,-1.0,False,False,56.0,09:40,ENTERED,25566.75,25678.75,1.0,2025-12-10,2025
LONG20_FIRST_RED_GREEN_5M,LONG,25585.75,25585.5,1765464000,25563.25,1765464120,"{""adverse_ticks"": 1.0, ""stop_buffer_ticks"": 1.0}",120,NQ,29.5,15.75,STOP_HIT,-22.5,-22.7,-1.008888888888889,-1.0,False,False,22.5,09:40,ENTERED,25563.25,25608.25,1.0,2025-12-11,2025
LONG20_FIRST_RED_GREEN_5M,LONG,25561.25,25561.0,1765551300,25501.25,1765551840,"{""adverse_ticks"": 1.0, ""stop_buffer_ticks"": 1.0}",540,NQ,81.75,9.0,STOP_HIT,-60.0,-60.2,-1.0033333333333334,-1.0,False,False,60.0,09:55,ENTERED,25501.25,25621.25,1.0,2025-12-12,2025
LONG20_FIRST_RED_GREEN_5M,LONG,25304.75,25304.5,1765810200,25256.75,1765810320,"{""adverse_ticks"": 1.0, ""stop_buffer_ticks"": 1.0}",120,NQ,64.5,5.5,STOP_HIT,-48.0,-48.2,-1.0041666666666667,-1.0,False,False,48.0,09:50,ENTERED,25256.75,25352.75,1.0,2025-12-15,2025
LONG20_FIRST_RED_GREEN_5M,LONG,25321.0,25320.75,1765896600,25205.0,1765898700,"{""adverse_ticks"": 1.0, ""stop_buffer_ticks"": 1.0}",2100,NQ,125.25,88.25,STOP_HIT,-116.0,-116.2,-1.0017241379310344,-1.0,False,False,116.0,09:50,ENTERED,25205.0,25437.0,1.0,2025-12-16,2025
LONG20_FIRST_RED_GREEN_5M,LONG,25332.75,25332.5,1765983600,25245.25,1765985700,"{""adverse_ticks"": 1.0, ""stop_buffer_ticks"": 1.0}",2100,NQ,105.0,13.25,STOP_HIT,-87.5,-87.7,-1.0022857142857142,-1.0,False,False,87.5,10:00,ENTERED,25245.25,25420.25,1.0,2025-12-17,2025
LONG20_FIRST_RED_GREEN_5M,LONG,25559.0,25558.75,1766156400,25594.25,1766156400,"{""adverse_ticks"": 1.0, ""stop_buffer_ticks"": 1.0}",0,NQ,3.25,41.5,TARGET_HIT,35.25,35.05,0.9943262411347517,1.0,True,False,35.25,10:00,ENTERED,25523.75,25594.25,1.0,2025-12-19,2025
LONG20_FIRST_RED_GREEN_5M,LONG,25718.25,25718.0,1766415000,25672.0,1766417460,"{""adverse_ticks"": 1.0, ""stop_buffer_ticks"": 1.0}",2460,NQ,50.0,40.5,STOP_HIT,-46.25,-46.45,-1.0043243243243243,-1.0,False,False,46.25,09:50,ENTERED,25672.0,25764.5,1.0,2025-12-22,2025
LONG20_FIRST_RED_GREEN_5M,LONG,25657.75,25657.5,1766502600,25687.5,1766503500,"{""adverse_ticks"": 1.0, ""stop_buffer_ticks"": 1.0}",900,NQ,27.25,30.25,TARGET_HIT,29.75,29.55,0.9932773109243698,1.0,True,False,29.75,10:10,ENTERED,25628.0,25687.5,1.0,2025-12-23,2025
LONG20_FIRST_RED_GREEN_5M,LONG,25868.0,25867.75,1766761800,25839.75,1766761920,"{""adverse_ticks"": 1.0, ""stop_buffer_ticks"": 1.0}",120,NQ,31.75,0.75,STOP_HIT,-28.25,-28.45,-1.0070796460176992,-1.0,False,False,28.25,10:10,ENTERED,25839.75,25896.25,1.0,2025-12-26,2025
LONG20_FIRST_RED_GREEN_5M,LONG,25705.5,25705.25,1767021600,25749.5,1767022020,"{""adverse_ticks"": 1.0, ""stop_buffer_ticks"": 1.0}",420,NQ,0.75,44.75,TARGET_HIT,44.0,43.8,0.9954545454545454,1.0,True,False,44.0,10:20,ENTERED,25661.5,25749.5,1.0,2025-12-29,2025
LONG20_FIRST_RED_GREEN_5M,LONG,25737.0,25736.75,1767106200,25688.5,1767128100,"{""adverse_ticks"": 1.0, ""stop_buffer_ticks"": 1.0}",21900,NQ,55.25,57.0,TIME_EXIT,-48.5,-48.7,-0.773015873015873,-0.7698412698412699,False,False,63.0,09:50,ENTERED,25674.0,25800.0,1.0,2025-12-30,2025
LONG20_FIRST_RED_GREEN_5M,LONG,25871.75,25871.5,1768229400,25909.75,1768229460,"{""adverse_ticks"": 1.0, ""stop_buffer_ticks"": 1.0}",60,NQ,4.5,52.5,TARGET_HIT,38.0,37.8,0.994736842105263,1.0,True,False,38.0,09:50,ENTERED,25833.75,25909.75,1.0,2026-01-12,2026
LONG20_FIRST_RED_GREEN_5M,LONG,25914.75,25914.5,1768317300,25892.5,1768317300,"{""adverse_ticks"": 1.0, ""stop_buffer_ticks"": 1.0}",0,NQ,28.0,0.0,STOP_HIT,-22.25,-22.45,-1.0089887640449438,-1.0,False,False,22.25,10:15,ENTERED,25892.5,25937.0,1.0,2026-01-13,2026
LONG20_FIRST_RED_GREEN_5M,LONG,25666.75,25666.5,1768402200,25613.75,1768402380,"{""adverse_ticks"": 1.0, ""stop_buffer_ticks"": 1.0}",180,NQ,55.5,3.25,STOP_HIT,-53.0,-53.2,-1.0037735849056604,-1.0,False,False,53.0,09:50,ENTERED,25613.75,25719.75,1.0,2026-01-14,2026
LONG20_FIRST_RED_GREEN_5M,LONG,25927.0,25926.75,1768488300,25853.25,1768488660,"{""adverse_ticks"": 1.0, ""stop_buffer_ticks"": 1.0}",360,NQ,83.75,26.0,STOP_HIT,-73.75,-73.95,-1.0027118644067796,-1.0,False,False,73.75,09:45,ENTERED,25853.25,26000.75,1.0,2026-01-15,2026
LONG20_FIRST_RED_GREEN_5M,LONG,25821.5,25821.25,1768575000,25806.75,1768575120,"{""adverse_ticks"": 1.0, ""stop_buffer_ticks"": 1.0}",120,NQ,21.0,9.25,STOP_HIT,-14.75,-14.95,-1.0135593220338983,-1.0,False,False,14.75,09:50,ENTERED,25806.75,25836.25,1.0,2026-01-16,2026
LONG20_FIRST_RED_GREEN_5M,LONG,25823.5,25823.25,1769439300,25844.25,1769439420,"{""adverse_ticks"": 1.0, ""stop_buffer_ticks"": 1.0}",120,NQ,1.0,26.5,TARGET_HIT,20.75,20.55,0.9903614457831326,1.0,True,False,20.75,09:55,ENTERED,25802.75,25844.25,1.0,2026-01-26,2026
LONG20_FIRST_RED_GREEN_5M,LONG,25959.5,25959.25,1769525100,26002.0,1769525460,"{""adverse_ticks"": 1.0, ""stop_buffer_ticks"": 1.0}",360,NQ,0.75,49.75,TARGET_HIT,42.5,42.3,0.9952941176470588,1.0,True,False,42.5,09:45,ENTERED,25917.0,26002.0,1.0,2026-01-27,2026
LONG20_FIRST_RED_GREEN_5M,LONG,26285.75,26285.5,1769611500,26213.5,1769613120,"{""adverse_ticks"": 1.0, ""stop_buffer_ticks"": 1.0}",1620,NQ,73.0,15.5,STOP_HIT,-72.25,-72.45,-1.0027681660899654,-1.0,False,False,72.25,09:45,ENTERED,26213.5,26358.0,1.0,2026-01-28,2026
LONG20_FIRST_RED_GREEN_5M,LONG,25986.75,25986.5,1769698200,25910.25,1769698380,"{""adverse_ticks"": 1.0, ""stop_buffer_ticks"": 1.0}",180,NQ,80.75,1.75,STOP_HIT,-76.5,-76.7,-1.0026143790849673,-1.0,False,False,76.5,09:50,ENTERED,25910.25,26063.25,1.0,2026-01-29,2026
LONG20_FIRST_RED_GREEN_5M,LONG,25892.25,25892.0,1769784600,25838.0,1769785140,"{""adverse_ticks"": 1.0, ""stop_buffer_ticks"": 1.0}",540,NQ,85.75,38.0,STOP_HIT,-54.25,-54.45,-1.0036866359447005,-1.0,False,False,54.25,09:50,ENTERED,25838.0,25946.5,1.0,2026-01-30,2026
LONG20_FIRST_RED_GREEN_5M,LONG,25797.5,25797.25,1770044700,25866.75,1770045240,"{""adverse_ticks"": 1.0, ""stop_buffer_ticks"": 1.0}",540,NQ,7.75,80.75,TARGET_HIT,69.25,69.05,0.9971119133574007,1.0,True,False,69.25,10:05,ENTERED,25728.25,25866.75,1.0,2026-02-02,2026
LONG20_FIRST_RED_GREEN_5M,LONG,25799.0,25798.75,1770130200,25722.75,1770130440,"{""adverse_ticks"": 1.0, ""stop_buffer_ticks"": 1.0}",240,NQ,79.0,0.75,STOP_HIT,-76.25,-76.45,-1.0026229508196722,-1.0,False,False,76.25,09:50,ENTERED,25722.75,25875.25,1.0,2026-02-03,2026
LONG20_FIRST_RED_GREEN_5M,LONG,25088.0,25087.75,1772722200,25140.25,1772722260,"{""adverse_ticks"": 1.0, ""stop_buffer_ticks"": 1.0}",60,NQ,8.25,57.25,TARGET_HIT,52.25,52.05,0.9961722488038277,1.0,True,False,52.25,09:50,ENTERED,25035.75,25140.25,1.0,2026-03-05,2026
LONG20_FIRST_RED_GREEN_5M,LONG,24681.5,24681.25,1772808300,24754.5,1772809200,"{""adverse_ticks"": 1.0, ""stop_buffer_ticks"": 1.0}",900,NQ,48.25,94.25,TARGET_HIT,73.0,72.8,0.9972602739726028,1.0,True,False,73.0,09:45,ENTERED,24608.5,24754.5,1.0,2026-03-06,2026
LONG20_FIRST_RED_GREEN_5M,LONG,25029.5,25029.25,1773150300,24959.25,1773151020,"{""adverse_ticks"": 1.0, ""stop_buffer_ticks"": 1.0}",720,NQ,74.25,27.25,STOP_HIT,-70.25,-70.45,-1.002846975088968,-1.0,False,False,70.25,09:45,ENTERED,24959.25,25099.75,1.0,2026-03-10,2026
LONG20_FIRST_RED_GREEN_5M,LONG,25050.5,25050.25,1773237300,25086.0,1773237480,"{""adverse_ticks"": 1.0, ""stop_buffer_ticks"": 1.0}",180,NQ,19.0,58.0,TARGET_HIT,35.5,35.3,0.9943661971830985,1.0,True,False,35.5,09:55,ENTERED,25015.0,25086.0,1.0,2026-03-11,2026
LONG20_FIRST_RED_GREEN_5M,LONG,24720.0,24719.75,1773324300,24630.25,1773325740,"{""adverse_ticks"": 1.0, ""stop_buffer_ticks"": 1.0}",1440,NQ,103.0,27.75,STOP_HIT,-89.75,-89.95,-1.0022284122562675,-1.0,False,False,89.75,10:05,ENTERED,24630.25,24809.75,1.0,2026-03-12,2026
LONG20_FIRST_RED_GREEN_5M,LONG,24790.25,24790.0,1773410100,24734.5,1773410220,"{""adverse_ticks"": 1.0, ""stop_buffer_ticks"": 1.0}",120,NQ,58.0,2.25,STOP_HIT,-55.75,-55.95,-1.0035874439461885,-1.0,False,False,55.75,09:55,ENTERED,24734.5,24846.0,1.0,2026-03-13,2026
LONG20_FIRST_RED_GREEN_5M,LONG,24713.25,24713.0,1773669000,24762.0,1773670680,"{""adverse_ticks"": 1.0, ""stop_buffer_ticks"": 1.0}",1680,NQ,32.75,49.0,TARGET_HIT,48.75,48.55,0.9958974358974358,1.0,True,False,48.75,09:50,ENTERED,24664.5,24762.0,1.0,2026-03-16,2026
LONG20_FIRST_RED_GREEN_5M,LONG,25114.0,25113.75,1773755400,25046.5,1773756660,"{""adverse_ticks"": 1.0, ""stop_buffer_ticks"": 1.0}",1260,NQ,77.25,0.5,STOP_HIT,-67.5,-67.7,-1.002962962962963,-1.0,False,False,67.5,09:50,ENTERED,25046.5,25181.5,1.0,2026-03-17,2026
LONG20_FIRST_RED_GREEN_5M,LONG,24966.75,24966.5,1773841800,24926.25,1773842520,"{""adverse_ticks"": 1.0, ""stop_buffer_ticks"": 1.0}",720,NQ,43.25,11.25,STOP_HIT,-40.5,-40.7,-1.0049382716049384,-1.0,False,False,40.5,09:50,ENTERED,24926.25,25007.25,1.0,2026-03-18,2026
LONG20_FIRST_RED_GREEN_5M,LONG,24384.5,24384.25,1773927600,24442.5,1773927660,"{""adverse_ticks"": 1.0, ""stop_buffer_ticks"": 1.0}",60,NQ,9.25,65.75,TARGET_HIT,58.0,57.8,0.996551724137931,1.0,True,False,58.0,09:40,ENTERED,24326.5,24442.5,1.0,2026-03-19,2026
LONG20_FIRST_RED_GREEN_5M,LONG,24454.5,24454.25,1774014300,24379.75,1774014600,"{""adverse_ticks"": 1.0, ""stop_buffer_ticks"": 1.0}",300,NQ,93.5,15.75,STOP_HIT,-74.75,-74.95,-1.002675585284281,-1.0,False,False,74.75,09:45,ENTERED,24379.75,24529.25,1.0,2026-03-20,2026
LONG20_FIRST_RED_GREEN_5M,LONG,24164.75,24164.5,1774360500,24195.75,1774360620,"{""adverse_ticks"": 1.0, ""stop_buffer_ticks"": 1.0}",120,NQ,4.5,57.25,TARGET_HIT,31.0,30.8,0.9935483870967742,1.0,True,False,31.0,09:55,ENTERED,24133.75,24195.75,1.0,2026-03-24,2026
LONG20_FIRST_RED_GREEN_5M,LONG,24395.25,24395.0,1774447500,24463.25,1774448160,"{""adverse_ticks"": 1.0, ""stop_buffer_ticks"": 1.0}",660,NQ,9.25,70.25,TARGET_HIT,68.0,67.8,0.9970588235294118,1.0,True,False,68.0,10:05,ENTERED,24327.25,24463.25,1.0,2026-03-25,2026
LONG20_FIRST_RED_GREEN_5M,LONG,25153.5,25153.25,1775656200,25089.5,1775656260,"{""adverse_ticks"": 1.0, ""stop_buffer_ticks"": 1.0}",60,NQ,81.5,0.25,STOP_HIT,-64.0,-64.2,-1.003125,-1.0,False,False,64.0,09:50,ENTERED,25089.5,25217.5,1.0,2026-04-08,2026
LONG20_FIRST_RED_GREEN_5M,LONG,25062.0,25061.75,1775742000,25105.25,1775742180,"{""adverse_ticks"": 1.0, ""stop_buffer_ticks"": 1.0}",180,NQ,18.75,47.25,TARGET_HIT,43.25,43.05,0.9953757225433525,1.0,True,False,43.25,09:40,ENTERED,25018.75,25105.25,1.0,2026-04-09,2026
LONG20_FIRST_RED_GREEN_5M,LONG,25324.75,25324.5,1775828700,25290.25,1775829660,"{""adverse_ticks"": 1.0, ""stop_buffer_ticks"": 1.0}",960,NQ,40.25,30.5,STOP_HIT,-34.5,-34.7,-1.0057971014492755,-1.0,False,False,34.5,09:45,ENTERED,25290.25,25359.25,1.0,2026-04-10,2026
LONG20_FIRST_RED_GREEN_5M,LONG,25271.75,25271.5,1776088200,25383.75,1776097740,"{""adverse_ticks"": 1.0, ""stop_buffer_ticks"": 1.0}",9540,NQ,42.75,125.0,TARGET_HIT,112.0,111.8,0.9982142857142857,1.0,True,False,112.0,09:50,ENTERED,25159.75,25383.75,1.0,2026-04-13,2026
LONG20_FIRST_RED_GREEN_5M,LONG,25748.5,25748.25,1776174300,25793.75,1776176520,"{""adverse_ticks"": 1.0, ""stop_buffer_ticks"": 1.0}",2220,NQ,36.25,45.5,TARGET_HIT,45.25,45.05,0.9955801104972375,1.0,True,False,45.25,09:45,ENTERED,25703.25,25793.75,1.0,2026-04-14,2026
LONG20_FIRST_RED_GREEN_5M,LONG,26052.0,26051.75,1776260400,25995.0,1776260640,"{""adverse_ticks"": 1.0, ""stop_buffer_ticks"": 1.0}",240,NQ,69.5,8.0,STOP_HIT,-57.0,-57.2,-1.0035087719298246,-1.0,False,False,57.0,09:40,ENTERED,25995.0,26109.0,1.0,2026-04-15,2026
LONG20_FIRST_RED_GREEN_5M,LONG,26395.5,26395.25,1776347100,26345.0,1776347460,"{""adverse_ticks"": 1.0, ""stop_buffer_ticks"": 1.0}",360,NQ,67.25,0.0,STOP_HIT,-50.5,-50.7,-1.003960396039604,-1.0,False,False,50.5,09:45,ENTERED,26345.0,26446.0,1.0,2026-04-16,2026
LONG20_FIRST_RED_GREEN_5M,LONG,26697.0,26696.75,1776433200,26764.75,1776434700,"{""adverse_ticks"": 1.0, ""stop_buffer_ticks"": 1.0}",1500,NQ,64.5,69.75,TARGET_HIT,67.75,67.55,0.9970479704797047,1.0,True,False,67.75,09:40,ENTERED,26629.25,26764.75,1.0,2026-04-17,2026
LONG20_FIRST_RED_GREEN_5M,LONG,26750.25,26750.0,1776692700,,1776692880,"{""adverse_ticks"": 1.0, ""stop_buffer_ticks"": 1.0}",,NQ,19.75,18.5,AMBIGUOUS,,,,,True,False,17.5,09:45,ENTERED,26732.75,26767.75,1.0,2026-04-20,2026
LONG20_FIRST_RED_GREEN_5M,LONG,26768.75,26768.5,1776779100,26811.0,1776779700,"{""adverse_ticks"": 1.0, ""stop_buffer_ticks"": 1.0}",600,NQ,25.75,43.75,TARGET_HIT,42.25,42.05,0.995266272189349,1.0,True,False,42.25,09:45,ENTERED,26726.5,26811.0,1.0,2026-04-21,2026
LONG20_FIRST_RED_GREEN_5M,LONG,26834.0,26833.75,1776865200,26854.75,1776865380,"{""adverse_ticks"": 1.0, ""stop_buffer_ticks"": 1.0}",180,NQ,4.25,28.25,TARGET_HIT,20.75,20.55,0.9903614457831326,1.0,True,False,20.75,09:40,ENTERED,26813.25,26854.75,1.0,2026-04-22,2026
LONG20_FIRST_RED_GREEN_5M,LONG,27046.5,27046.25,1776951600,27128.25,1776957060,"{""adverse_ticks"": 1.0, ""stop_buffer_ticks"": 1.0}",5460,NQ,76.25,83.5,TARGET_HIT,81.75,81.55,0.9975535168195718,1.0,True,False,81.75,09:40,ENTERED,26964.75,27128.25,1.0,2026-04-23,2026
LONG20_FIRST_RED_GREEN_5M,LONG,27240.25,27240.0,1777038600,27198.75,1777038660,"{""adverse_ticks"": 1.0, ""stop_buffer_ticks"": 1.0}",60,NQ,44.5,15.0,STOP_HIT,-41.5,-41.7,-1.0048192771084339,-1.0,False,False,41.5,09:50,ENTERED,27198.75,27281.75,1.0,2026-04-24,2026
LONG20_FIRST_RED_GREEN_5M,LONG,27392.75,27392.5,1777297200,27353.25,1777297560,"{""adverse_ticks"": 1.0, ""stop_buffer_ticks"": 1.0}",360,NQ,42.5,8.5,STOP_HIT,-39.5,-39.7,-1.0050632911392405,-1.0,False,False,39.5,09:40,ENTERED,27353.25,27432.25,1.0,2026-04-27,2026
LONG20_FIRST_RED_GREEN_5M,LONG,27166.0,27165.75,1777383600,27068.0,1777387080,"{""adverse_ticks"": 1.0, ""stop_buffer_ticks"": 1.0}",3480,NQ,111.75,86.25,STOP_HIT,-98.0,-98.2,-1.0020408163265306,-1.0,False,False,98.0,09:40,ENTERED,27068.0,27264.0,1.0,2026-04-28,2026
LONG20_FIRST_RED_GREEN_5M,LONG,27183.5,27183.25,1777470000,27243.0,1777472640,"{""adverse_ticks"": 1.0, ""stop_buffer_ticks"": 1.0}",2640,NQ,27.75,61.75,TARGET_HIT,59.5,59.3,0.9966386554621848,1.0,True,False,59.5,09:40,ENTERED,27124.0,27243.0,1.0,2026-04-29,2026
LONG20_FIRST_RED_GREEN_5M,LONG,27346.0,27345.75,1777556700,27270.75,1777557120,"{""adverse_ticks"": 1.0, ""stop_buffer_ticks"": 1.0}",420,NQ,89.75,19.5,STOP_HIT,-75.25,-75.45,-1.00265780730897,-1.0,False,False,75.25,09:45,ENTERED,27270.75,27421.25,1.0,2026-04-30,2026
LONG20_FIRST_RED_GREEN_5M,LONG,27790.5,27790.25,1777643700,27828.75,1777643700,"{""adverse_ticks"": 1.0, ""stop_buffer_ticks"": 1.0}",0,NQ,0.75,67.75,TARGET_HIT,38.25,38.05,0.9947712418300653,1.0,True,False,38.25,09:55,ENTERED,27752.25,27828.75,1.0,2026-05-01,2026
LONG20_FIRST_RED_GREEN_5M,LONG,27836.75,27836.5,1777902000,27865.5,1777902060,"{""adverse_ticks"": 1.0, ""stop_buffer_ticks"": 1.0}",60,NQ,12.0,42.75,TARGET_HIT,28.75,28.55,0.9930434782608696,1.0,True,False,28.75,09:40,ENTERED,27808.0,27865.5,1.0,2026-05-04,2026
LONG20_FIRST_RED_GREEN_5M,LONG,28085.25,28085.0,1777989600,28064.5,1777989600,"{""adverse_ticks"": 1.0, ""stop_buffer_ticks"": 1.0}",0,NQ,26.25,6.75,STOP_HIT,-20.75,-20.95,-1.0096385542168675,-1.0,False,False,20.75,10:00,ENTERED,28064.5,28106.0,1.0,2026-05-05,2026
LONG20_FIRST_RED_GREEN_5M,LONG,28481.5,28481.25,1778075100,28395.25,1778076360,"{""adverse_ticks"": 1.0, ""stop_buffer_ticks"": 1.0}",1260,NQ,93.25,24.75,STOP_HIT,-86.25,-86.45,-1.00231884057971,-1.0,False,False,86.25,09:45,ENTERED,28395.25,28567.75,1.0,2026-05-06,2026
LONG20_FIRST_RED_GREEN_5M,LONG,28787.75,28787.5,1778162100,28867.75,1778163660,"{""adverse_ticks"": 1.0, ""stop_buffer_ticks"": 1.0}",1560,NQ,17.0,85.25,TARGET_HIT,80.0,79.8,0.9974999999999999,1.0,True,False,80.0,09:55,ENTERED,28707.75,28867.75,1.0,2026-05-07,2026
LONG20_FIRST_RED_GREEN_5M,LONG,29106.75,29106.5,1778248800,29172.0,1778252280,"{""adverse_ticks"": 1.0, ""stop_buffer_ticks"": 1.0}",3480,NQ,33.0,68.75,TARGET_HIT,65.25,65.05,0.996934865900383,1.0,True,False,65.25,10:00,ENTERED,29041.5,29172.0,1.0,2026-05-08,2026
LONG20_FIRST_RED_GREEN_5M,LONG,29400.0,29399.75,1778507100,29332.0,1778507640,"{""adverse_ticks"": 1.0, ""stop_buffer_ticks"": 1.0}",540,NQ,77.75,14.25,STOP_HIT,-68.0,-68.2,-1.0029411764705882,-1.0,False,False,68.0,09:45,ENTERED,29332.0,29468.0,1.0,2026-05-11,2026
LONG20_FIRST_RED_GREEN_5M,LONG,29226.75,29226.5,1778593200,29142.75,1778594220,"{""adverse_ticks"": 1.0, ""stop_buffer_ticks"": 1.0}",1020,NQ,94.75,69.5,STOP_HIT,-84.0,-84.2,-1.0023809523809524,-1.0,False,False,84.0,09:40,ENTERED,29142.75,29310.75,1.0,2026-05-12,2026
LONG20_FIRST_RED_GREEN_5M,LONG,29211.25,29211.0,1778679900,29180.25,1778679900,"{""adverse_ticks"": 1.0, ""stop_buffer_ticks"": 1.0}",0,NQ,45.5,4.5,STOP_HIT,-31.0,-31.2,-1.0064516129032257,-1.0,False,False,31.0,09:45,ENTERED,29180.25,29242.25,1.0,2026-05-13,2026
LONG20_FIRST_RED_GREEN_5M,LONG,29596.5,29596.25,1778767500,29666.5,1778768580,"{""adverse_ticks"": 1.0, ""stop_buffer_ticks"": 1.0}",1080,NQ,58.75,70.25,TARGET_HIT,70.0,69.8,0.9971428571428571,1.0,True,False,70.0,10:05,ENTERED,29526.5,29666.5,1.0,2026-05-14,2026
LONG20_FIRST_RED_GREEN_5M,LONG,29220.0,29219.75,1778853000,29350.5,1778854680,"{""adverse_ticks"": 1.0, ""stop_buffer_ticks"": 1.0}",1680,NQ,87.75,139.5,TARGET_HIT,130.5,130.3,0.9984674329501917,1.0,True,False,130.5,09:50,ENTERED,29089.5,29350.5,1.0,2026-05-15,2026
LONG20_FIRST_RED_GREEN_5M,LONG,29273.25,29273.0,1779112500,29134.75,1779113160,"{""adverse_ticks"": 1.0, ""stop_buffer_ticks"": 1.0}",660,NQ,144.0,35.75,STOP_HIT,-138.5,-138.7,-1.0014440433212997,-1.0,False,False,138.5,09:55,ENTERED,29134.75,29411.75,1.0,2026-05-18,2026
LONG20_FIRST_RED_GREEN_5M,LONG,28944.25,28944.0,1779198600,29020.0,1779198900,"{""adverse_ticks"": 1.0, ""stop_buffer_ticks"": 1.0}",300,NQ,28.0,84.0,TARGET_HIT,75.75,75.55,0.9973597359735973,1.0,True,False,75.75,09:50,ENTERED,28868.5,29020.0,1.0,2026-05-19,2026
LONG20_FIRST_RED_GREEN_5M,LONG,29143.0,29142.75,1779284700,29023.0,1779286320,"{""adverse_ticks"": 1.0, ""stop_buffer_ticks"": 1.0}",1620,NQ,127.0,52.0,STOP_HIT,-120.0,-120.2,-1.0016666666666667,-1.0,False,False,120.0,09:45,ENTERED,29023.0,29263.0,1.0,2026-05-20,2026
LONG20_FIRST_RED_GREEN_5M,LONG,29216.5,29216.25,1779371100,29250.25,1779371160,"{""adverse_ticks"": 1.0, ""stop_buffer_ticks"": 1.0}",60,NQ,12.75,35.75,TARGET_HIT,33.75,33.55,0.994074074074074,1.0,True,False,33.75,09:45,ENTERED,29182.75,29250.25,1.0,2026-05-21,2026
LONG20_FIRST_RED_GREEN_5M,LONG,29640.75,29640.5,1779458400,29587.25,1779458400,"{""adverse_ticks"": 1.0, ""stop_buffer_ticks"": 1.0}",0,NQ,62.75,1.5,STOP_HIT,-53.5,-53.7,-1.0037383177570094,-1.0,False,False,53.5,10:00,ENTERED,29587.25,29694.25,1.0,2026-05-22,2026
LONG20_FIRST_RED_GREEN_5M,LONG,29860.0,29859.75,1779802800,29893.5,1779802860,"{""adverse_ticks"": 1.0, ""stop_buffer_ticks"": 1.0}",60,NQ,7.75,50.25,TARGET_HIT,33.5,33.3,0.9940298507462686,1.0,True,False,33.5,09:40,ENTERED,29826.5,29893.5,1.0,2026-05-26,2026
LONG20_FIRST_RED_GREEN_5M,LONG,29998.0,29997.75,1779889800,30059.25,1779889920,"{""adverse_ticks"": 1.0, ""stop_buffer_ticks"": 1.0}",120,NQ,11.25,70.25,TARGET_HIT,61.25,61.05,0.996734693877551,1.0,True,False,61.25,09:50,ENTERED,29936.75,30059.25,1.0,2026-05-27,2026
LONG20_FIRST_RED_GREEN_5M,LONG,29953.5,29953.25,1779976500,29987.0,1779976620,"{""adverse_ticks"": 1.0, ""stop_buffer_ticks"": 1.0}",120,NQ,4.0,44.75,TARGET_HIT,33.5,33.3,0.9940298507462686,1.0,True,False,33.5,09:55,ENTERED,29920.0,29987.0,1.0,2026-05-28,2026
LONG20_FIRST_RED_GREEN_5M,LONG,30428.75,30428.5,1780062000,30493.0,1780062600,"{""adverse_ticks"": 1.0, ""stop_buffer_ticks"": 1.0}",600,NQ,5.5,65.25,TARGET_HIT,64.25,64.05,0.9968871595330739,1.0,True,False,64.25,09:40,ENTERED,30364.5,30493.0,1.0,2026-05-29,2026
LONG20_FIRST_RED_GREEN_5M,LONG,30428.5,30428.25,1780321800,30403.0,1780321860,"{""adverse_ticks"": 1.0, ""stop_buffer_ticks"": 1.0}",60,NQ,27.0,23.25,STOP_HIT,-25.5,-25.7,-1.007843137254902,-1.0,False,False,25.5,09:50,ENTERED,30403.0,30454.0,1.0,2026-06-01,2026
LONG20_FIRST_RED_GREEN_5M,LONG,30502.75,30502.5,1780407900,30582.0,1780408380,"{""adverse_ticks"": 1.0, ""stop_buffer_ticks"": 1.0}",480,NQ,5.5,81.0,TARGET_HIT,79.25,79.05,0.9974763406940063,1.0,True,False,79.25,09:45,ENTERED,30423.5,30582.0,1.0,2026-06-02,2026
LONG20_FIRST_RED_GREEN_5M,LONG,30734.75,30734.5,1780494000,30665.75,1780494240,"{""adverse_ticks"": 1.0, ""stop_buffer_ticks"": 1.0}",240,NQ,112.5,2.25,STOP_HIT,-69.0,-69.2,-1.0028985507246377,-1.0,False,False,69.0,09:40,ENTERED,30665.75,30803.75,1.0,2026-06-03,2026
LONG20_FIRST_RED_GREEN_5M,LONG,30246.5,30246.25,1780581000,30305.5,1780581120,"{""adverse_ticks"": 1.0, ""stop_buffer_ticks"": 1.0}",120,NQ,24.75,69.75,TARGET_HIT,59.0,58.8,0.9966101694915254,1.0,True,False,59.0,09:50,ENTERED,30187.5,30305.5,1.0,2026-06-04,2026
LONG20_FIRST_RED_GREEN_5M,LONG,29894.0,29893.75,1780667700,29845.5,1780667760,"{""adverse_ticks"": 1.0, ""stop_buffer_ticks"": 1.0}",60,NQ,58.75,3.75,STOP_HIT,-48.5,-48.7,-1.0041237113402062,-1.0,False,False,48.5,09:55,ENTERED,29845.5,29942.5,1.0,2026-06-05,2026
LONG20_FIRST_RED_GREEN_5M,LONG,30818.0,30817.75,1781617500,30885.5,1781618100,"{""adverse_ticks"": 1.0, ""stop_buffer_ticks"": 1.0}",600,NQ,4.75,71.25,TARGET_HIT,67.5,67.3,0.9970370370370369,1.0,True,False,67.5,09:45,ENTERED,30750.5,30885.5,1.0,2026-06-16,2026
LONG20_FIRST_RED_GREEN_5M,LONG,30521.0,30520.75,1781703900,30398.0,1781704620,"{""adverse_ticks"": 1.0, ""stop_buffer_ticks"": 1.0}",720,NQ,161.75,21.5,STOP_HIT,-123.0,-123.2,-1.0016260162601627,-1.0,False,False,123.0,09:45,ENTERED,30398.0,30644.0,1.0,2026-06-17,2026
LONG20_FIRST_RED_GREEN_5M,LONG,29819.5,29819.25,1782222600,29915.25,1782223080,"{""adverse_ticks"": 1.0, ""stop_buffer_ticks"": 1.0}",480,NQ,2.25,97.5,TARGET_HIT,95.75,95.55,0.997911227154047,1.0,True,False,95.75,09:50,ENTERED,29723.75,29915.25,1.0,2026-06-23,2026
LONG20_FIRST_RED_GREEN_5M,LONG,29917.25,29917.0,1783345500,30048.75,1783348320,"{""adverse_ticks"": 1.0, ""stop_buffer_ticks"": 1.0}",2820,NQ,21.0,132.75,TARGET_HIT,131.5,131.3,0.9984790874524716,1.0,True,False,131.5,09:45,ENTERED,29785.75,30048.75,1.0,2026-07-06,2026
LONG20_FIRST_RED_GREEN_5M,LONG,29901.5,29901.25,1783605300,29808.25,1783606260,"{""adverse_ticks"": 1.0, ""stop_buffer_ticks"": 1.0}",960,NQ,107.25,30.0,STOP_HIT,-93.25,-93.45,-1.0021447721179626,-1.0,False,False,93.25,09:55,ENTERED,29808.25,29994.75,1.0,2026-07-09,2026
LONG20_FIRST_RED_GREEN_5M,LONG,30221.5,30221.25,1786714800,30273.5,1786715100,"{""adverse_ticks"": 1.0, ""stop_buffer_ticks"": 1.0}",300,NQ,26.25,54.0,TARGET_HIT,52.0,51.8,0.9961538461538461,1.0,True,False,52.0,09:40,ENTERED,30169.5,30273.5,1.0,2026-08-14,2026
