aligned_1h_4h,candidate,depth_bucket,direction,entry_fill,entry_theo,entry_ts,exit_px,exit_ts,extras,hold_sec,horizon,htf_age,htf_return,htf_strength,instrument,mae_points,mfe_points,outcome,points,points_after_cost,r_after_cost,r_multiple,reach_1r,reach_2r,retracement,risk_points,signal_hhmm,status,stop,target,target_r,trading_date,vwap_aligned,year
True,HTF_1H_TREND_FIRST_PULLBACK_5M_BREAK,medium,LONG,8837.5,8837.25,1577977500,8833.25,1577977860,"{""adverse_ticks"": 1.0, ""stop_buffer_ticks"": 1.0, ""tod"": ""0930_1030"", ""gap_points"": null, ""prior_ret"": null, ""trend_1h"": ""BULLISH"", ""trend_4h"": ""BULLISH"", ""confirm_kind"": ""break""}",360,1h,1,0.0034021320027217694,weak,NQ,5.0,4.25,STOP_HIT,-4.25,-4.45,-1.0470588235294118,-1.0,True,False,0.544,4.25,10:05,ENTERED,8833.25,8841.75,1.0,2020-01-02,False,2020
False,HTF_1H_TREND_FIRST_PULLBACK_5M_BREAK,medium,LONG,8825.75,8825.5,1578064500,8846.75,1578071040,"{""adverse_ticks"": 1.0, ""stop_buffer_ticks"": 1.0, ""tod"": ""0930_1030"", ""gap_points"": -117.0, ""prior_ret"": 67.75, ""trend_1h"": ""BULLISH"", ""trend_4h"": ""NEUTRAL"", ""confirm_kind"": ""break""}",6540,1h,1,0.009089869654699267,strong,NQ,20.0,21.5,TARGET_HIT,21.0,20.8,0.9904761904761905,1.0,True,False,0.52,21.0,10:15,ENTERED,8804.75,8846.75,1.0,2020-01-03,True,2020
False,HTF_1H_TREND_FIRST_PULLBACK_5M_BREAK,medium,SHORT,8846.25,8846.5,1578408600,8842.25,1578408600,"{""adverse_ticks"": 1.0, ""stop_buffer_ticks"": 1.0, ""tod"": ""0930_1030"", ""gap_points"": 3.5, ""prior_ret"": 124.5, ""trend_1h"": ""BEARISH"", ""trend_4h"": ""BULLISH"", ""confirm_kind"": ""break""}",0,1h,1,-0.0023373039339922297,weak,NQ,0.75,6.5,TARGET_HIT,4.0,3.8,0.95,1.0,True,False,0.4645669291338583,4.0,09:50,ENTERED,8850.25,8842.25,1.0,2020-01-07,True,2020
True,HTF_1H_TREND_FIRST_PULLBACK_5M_BREAK,medium,LONG,8889.75,8889.5,1578495300,8875.25,1578498180,"{""adverse_ticks"": 1.0, ""stop_buffer_ticks"": 1.0, ""tod"": ""0930_1030"", ""gap_points"": -1.25, ""prior_ret"": -4.5, ""trend_1h"": ""BULLISH"", ""trend_4h"": ""BULLISH"", ""confirm_kind"": ""break""}",2880,1h,6,0.003139317834719213,weak,NQ,14.75,8.0,STOP_HIT,-14.5,-14.7,-1.013793103448276,-1.0,False,False,0.42424242424242425,14.5,09:55,ENTERED,8875.25,8904.25,1.0,2020-01-08,True,2020
True,HTF_1H_TREND_FIRST_PULLBACK_5M_BREAK,medium,LONG,9013.25,9013.0,1578585300,9006.75,1578586080,"{""adverse_ticks"": 1.0, ""stop_buffer_ticks"": 1.0, ""tod"": ""1030_1200"", ""gap_points"": 72.0, ""prior_ret"": 68.5, ""trend_1h"": ""BULLISH"", ""trend_4h"": ""BULLISH"", ""confirm_kind"": ""break""}",780,1h,1,0.002644618896497919,weak,NQ,8.75,2.5,STOP_HIT,-6.5,-6.7,-1.0307692307692309,-1.0,False,False,0.5487804878048781,6.5,10:55,ENTERED,9006.75,9019.75,1.0,2020-01-09,True,2020
False,HTF_1H_TREND_FIRST_PULLBACK_5M_BREAK,medium,SHORT,9006.5,9006.75,1578675900,8992.5,1578676140,"{""adverse_ticks"": 1.0, ""stop_buffer_ticks"": 1.0, ""tod"": ""1200_1400"", ""gap_points"": 31.75, ""prior_ret"": 4.5, ""trend_1h"": ""BEARISH"", ""trend_4h"": ""NEUTRAL"", ""confirm_kind"": ""break""}",240,1h,1,-0.0033161079945837058,weak,NQ,5.0,14.25,TARGET_HIT,14.0,13.8,0.9857142857142858,1.0,True,False,0.4701492537313433,14.0,12:05,ENTERED,9020.5,8992.5,1.0,2020-01-10,True,2020
True,HTF_1H_TREND_FIRST_PULLBACK_5M_BREAK,medium,LONG,9046.5,9046.25,1578933900,9058.5,1578934740,"{""adverse_ticks"": 1.0, ""stop_buffer_ticks"": 1.0, ""tod"": ""1030_1200"", ""gap_points"": 34.75, ""prior_ret"": -55.25, ""trend_1h"": ""BULLISH"", ""trend_4h"": ""BULLISH"", ""confirm_kind"": ""break""}",840,1h,1,0.0030529266464989213,weak,NQ,1.25,12.5,TARGET_HIT,12.0,11.8,0.9833333333333334,1.0,True,False,0.5071428571428571,12.0,11:45,ENTERED,9034.5,9058.5,1.0,2020-01-13,True,2020
True,HTF_1H_TREND_FIRST_PULLBACK_5M_BREAK,medium,SHORT,9055.25,9055.5,1579014300,9057.5,1579014300,"{""adverse_ticks"": 1.0, ""stop_buffer_ticks"": 1.0, ""tod"": ""0930_1030"", ""gap_points"": -8.75, ""prior_ret"": 67.75, ""trend_1h"": ""BEARISH"", ""trend_4h"": ""BEARISH"", ""confirm_kind"": ""break""}",0,1h,1,-0.003828779197884491,weak,NQ,4.0,0.5,STOP_HIT,-2.25,-2.45,-1.088888888888889,-1.0,False,False,0.484472049689441,2.25,10:05,ENTERED,9057.5,9053.0,1.0,2020-01-14,True,2020
True,HTF_1H_TREND_FIRST_PULLBACK_5M_BREAK,medium,LONG,9080.75,9080.5,1579102500,9089.5,1579102620,"{""adverse_ticks"": 1.0, ""stop_buffer_ticks"": 1.0, ""tod"": ""1030_1200"", ""gap_points"": 3.5, ""prior_ret"": -26.0, ""trend_1h"": ""BULLISH"", ""trend_4h"": ""BULLISH"", ""confirm_kind"": ""break""}",120,1h,1,0.003258048484179099,weak,NQ,0.0,11.5,TARGET_HIT,8.75,8.55,0.9771428571428572,1.0,True,False,0.5100671140939598,8.75,10:35,ENTERED,9072.0,9089.5,1.0,2020-01-15,True,2020
False,HTF_1H_TREND_FIRST_PULLBACK_5M_BREAK,medium,SHORT,9144.75,9145.0,1579277400,9134.75,1579277580,"{""adverse_ticks"": 1.0, ""stop_buffer_ticks"": 1.0, ""tod"": ""1030_1200"", ""gap_points"": 37.5, ""prior_ret"": 42.25, ""trend_1h"": ""BEARISH"", ""trend_4h"": ""NEUTRAL"", ""confirm_kind"": ""break""}",180,1h,1,-0.002507768631085483,weak,NQ,0.5,10.75,TARGET_HIT,10.0,9.8,0.9800000000000001,1.0,True,False,0.4084507042253521,10.0,11:10,ENTERED,9154.75,9134.75,1.0,2020-01-17,True,2020
True,HTF_1H_TREND_FIRST_PULLBACK_5M_BREAK,medium,LONG,9177.75,9177.5,1579619400,9167.5,1579619820,"{""adverse_ticks"": 1.0, ""stop_buffer_ticks"": 1.0, ""tod"": ""0930_1030"", ""gap_points"": -28.75, ""prior_ret"": 7.0, ""trend_1h"": ""BULLISH"", ""trend_4h"": ""BULLISH"", ""confirm_kind"": ""break""}",420,1h,1,0.004298543423502332,medium,NQ,11.75,0.75,STOP_HIT,-10.25,-10.45,-1.0195121951219512,-1.0,False,False,0.4666666666666667,10.25,10:10,ENTERED,9167.5,9188.0,1.0,2020-01-21,True,2020
False,HTF_1H_TREND_FIRST_PULLBACK_5M_BREAK,medium,SHORT,9249.5,9249.75,1579882500,9243.0,1579882680,"{""adverse_ticks"": 1.0, ""stop_buffer_ticks"": 1.0, ""tod"": ""1030_1200"", ""gap_points"": 45.5, ""prior_ret"": 34.5, ""trend_1h"": ""BEARISH"", ""trend_4h"": ""NEUTRAL"", ""confirm_kind"": ""break""}",180,1h,1,-0.0042015675078779235,medium,NQ,4.5,24.75,TARGET_HIT,6.5,6.3,0.9692307692307692,1.0,True,True,0.4044943820224719,6.5,11:15,ENTERED,9256.0,9243.0,1.0,2020-01-24,True,2020
False,HTF_1H_TREND_FIRST_PULLBACK_5M_BREAK,medium,LONG,8970.75,8970.5,1580138100,8983.25,1580138820,"{""adverse_ticks"": 1.0, ""stop_buffer_ticks"": 1.0, ""tod"": ""0930_1030"", ""gap_points"": -204.5, ""prior_ret"": -121.25, ""trend_1h"": ""BULLISH"", ""trend_4h"": ""BEARISH"", ""confirm_kind"": ""break""}",720,1h,1,0.002790490010045721,weak,NQ,11.75,15.0,TARGET_HIT,12.5,12.3,0.9840000000000001,1.0,True,False,0.5317919075144508,12.5,10:15,ENTERED,8958.25,8983.25,1.0,2020-01-27,True,2020
True,HTF_1H_TREND_FIRST_PULLBACK_5M_BREAK,medium,LONG,9049.75,9049.5,1580225100,9070.25,1580226120,"{""adverse_ticks"": 1.0, ""stop_buffer_ticks"": 1.0, ""tod"": ""0930_1030"", ""gap_points"": 62.75, ""prior_ret"": 13.75, ""trend_1h"": ""BULLISH"", ""trend_4h"": ""BULLISH"", ""confirm_kind"": ""break""}",1020,1h,3,0.0027798626747839172,weak,NQ,3.0,21.5,TARGET_HIT,20.5,20.3,0.9902439024390244,1.0,True,False,0.578125,20.5,10:25,ENTERED,9029.25,9070.25,1.0,2020-01-28,True,2020
True,HTF_1H_TREND_FIRST_PULLBACK_5M_BREAK,medium,SHORT,9081.25,9081.5,1580310600,9105.75,1580312400,"{""adverse_ticks"": 1.0, ""stop_buffer_ticks"": 1.0, ""tod"": ""0930_1030"", ""gap_points"": 50.75, ""prior_ret"": 74.5, ""trend_1h"": ""BEARISH"", ""trend_4h"": ""BEARISH"", ""confirm_kind"": ""break""}",1800,1h,1,-0.004155957784218289,medium,NQ,28.0,8.75,STOP_HIT,-24.5,-24.7,-1.0081632653061223,-1.0,False,False,0.4041095890410959,24.5,10:10,ENTERED,9105.75,9056.75,1.0,2020-01-29,True,2020
True,HTF_1H_TREND_FIRST_PULLBACK_5M_BREAK,medium,LONG,9105.75,9105.5,1580397000,9079.75,1580397480,"{""adverse_ticks"": 1.0, ""stop_buffer_ticks"": 1.0, ""tod"": ""0930_1030"", ""gap_points"": -58.0, ""prior_ret"": -39.25, ""trend_1h"": ""BULLISH"", ""trend_4h"": ""BULLISH"", ""confirm_kind"": ""break""}",480,1h,1,0.004783498313333023,medium,NQ,27.5,3.75,STOP_HIT,-26.0,-26.2,-1.0076923076923077,-1.0,False,False,0.49603174603174605,26.0,10:10,ENTERED,9079.75,9131.75,1.0,2020-01-30,True,2020
True,HTF_1H_TREND_FIRST_PULLBACK_5M_BREAK,medium,LONG,9107.25,9107.0,1580741400,9145.5,1580742000,"{""adverse_ticks"": 1.0, ""stop_buffer_ticks"": 1.0, ""tod"": ""0930_1030"", ""gap_points"": 46.25, ""prior_ret"": -186.25, ""trend_1h"": ""BULLISH"", ""trend_4h"": ""BULLISH"", ""confirm_kind"": ""break""}",600,1h,1,0.002656704026567036,weak,NQ,2.5,41.75,TARGET_HIT,38.25,38.05,0.9947712418300653,1.0,True,False,0.47393364928909953,38.25,09:50,ENTERED,9069.0,9145.5,1.0,2020-02-03,True,2020
True,HTF_1H_TREND_FIRST_PULLBACK_5M_BREAK,medium,LONG,9291.75,9291.5,1580831100,9308.25,1580833560,"{""adverse_ticks"": 1.0, ""stop_buffer_ticks"": 1.0, ""tod"": ""1030_1200"", ""gap_points"": 126.5, ""prior_ret"": 90.0, ""trend_1h"": ""BULLISH"", ""trend_4h"": ""BULLISH"", ""confirm_kind"": ""break""}",2460,1h,7,0.00485305281422832,medium,NQ,12.0,17.0,TARGET_HIT,16.5,16.3,0.9878787878787879,1.0,True,False,0.4444444444444444,16.5,10:45,ENTERED,9275.25,9308.25,1.0,2020-02-04,True,2020
False,HTF_1H_TREND_FIRST_PULLBACK_5M_BREAK,medium,SHORT,9370.25,9370.5,1580915700,9332.25,1580916960,"{""adverse_ticks"": 1.0, ""stop_buffer_ticks"": 1.0, ""tod"": ""0930_1030"", ""gap_points"": 116.25, ""prior_ret"": 82.75, ""trend_1h"": ""BEARISH"", ""trend_4h"": ""BULLISH"", ""confirm_kind"": ""break""}",1260,1h,1,-0.004660646664724766,medium,NQ,11.0,39.25,TARGET_HIT,38.0,37.8,0.994736842105263,1.0,True,False,0.42011834319526625,38.0,10:15,ENTERED,9408.25,9332.25,1.0,2020-02-05,True,2020
False,HTF_1H_TREND_FIRST_PULLBACK_5M_BREAK,medium,LONG,9449.0,9448.75,1581100200,9440.75,1581100440,"{""adverse_ticks"": 1.0, ""stop_buffer_ticks"": 1.0, ""tod"": ""1200_1400"", ""gap_points"": -41.75, ""prior_ret"": 56.5, ""trend_1h"": ""BULLISH"", ""trend_4h"": ""BEARISH"", ""confirm_kind"": ""break""}",240,1h,2,0.00430278884462143,medium,NQ,14.75,1.5,STOP_HIT,-8.25,-8.45,-1.0242424242424242,-1.0,False,False,0.40669856459330145,8.25,13:30,ENTERED,9440.75,9457.25,1.0,2020-02-07,True,2020
False,HTF_1H_TREND_FIRST_PULLBACK_5M_BREAK,medium,LONG,9598.75,9598.5,1581437100,9604.75,1581437400,"{""adverse_ticks"": 1.0, ""stop_buffer_ticks"": 1.0, ""tod"": ""1030_1200"", ""gap_points"": 51.75, ""prior_ret"": 144.75, ""trend_1h"": ""BULLISH"", ""trend_4h"": ""NEUTRAL"", ""confirm_kind"": ""break""}",300,1h,1,0.004500026162942872,medium,NQ,1.25,7.25,TARGET_HIT,6.0,5.8,0.9666666666666667,1.0,True,False,0.5038167938931297,6.0,11:05,ENTERED,9592.75,9604.75,1.0,2020-02-11,True,2020
True,HTF_1H_TREND_FIRST_PULLBACK_5M_BREAK,medium,LONG,9604.75,9604.5,1581528300,9614.25,1581528720,"{""adverse_ticks"": 1.0, ""stop_buffer_ticks"": 1.0, ""tod"": ""1200_1400"", ""gap_points"": 55.5, ""prior_ret"": -51.75, ""trend_1h"": ""BULLISH"", ""trend_4h"": ""BULLISH"", ""confirm_kind"": ""break""}",420,1h,1,0.0034485461243043414,weak,NQ,0.5,12.0,TARGET_HIT,9.5,9.3,0.9789473684210527,1.0,True,False,0.5121951219512195,9.5,12:25,ENTERED,9595.25,9614.25,1.0,2020-02-12,True,2020
False,HTF_1H_TREND_FIRST_PULLBACK_5M_BREAK,medium,LONG,9574.25,9574.0,1581605400,9584.5,1581605520,"{""adverse_ticks"": 1.0, ""stop_buffer_ticks"": 1.0, ""tod"": ""0930_1030"", ""gap_points"": -70.25, ""prior_ret"": 39.5, ""trend_1h"": ""BULLISH"", ""trend_4h"": ""BEARISH"", ""confirm_kind"": ""break""}",120,1h,1,0.0020697966883254093,weak,NQ,0.25,12.0,TARGET_HIT,10.25,10.05,0.9804878048780489,1.0,True,False,0.43103448275862066,10.25,09:50,ENTERED,9564.0,9584.5,1.0,2020-02-13,True,2020
False,HTF_1H_TREND_FIRST_PULLBACK_5M_BREAK,medium,LONG,9617.0,9616.75,1582037700,9598.75,1582039740,"{""adverse_ticks"": 1.0, ""stop_buffer_ticks"": 1.0, ""tod"": ""0930_1030"", ""gap_points"": -45.75, ""prior_ret"": 10.75, ""trend_1h"": ""BULLISH"", ""trend_4h"": ""BEARISH"", ""confirm_kind"": ""break""}",2040,1h,1,0.0035613281659159224,weak,NQ,23.0,11.25,STOP_HIT,-18.25,-18.45,-1.010958904109589,-1.0,False,False,0.5234375,18.25,09:55,ENTERED,9598.75,9635.25,1.0,2020-02-18,True,2020
True,HTF_1H_TREND_FIRST_PULLBACK_5M_BREAK,medium,LONG,9717.0,9716.75,1582125600,9728.75,1582128120,"{""adverse_ticks"": 1.0, ""stop_buffer_ticks"": 1.0, ""tod"": ""0930_1030"", ""gap_points"": 54.75, ""prior_ret"": 51.75, ""trend_1h"": ""BULLISH"", ""trend_4h"": ""BULLISH"", ""confirm_kind"": ""break""}",2520,1h,1,0.004291623578076553,medium,NQ,6.25,12.25,TARGET_HIT,11.75,11.55,0.9829787234042554,1.0,True,False,0.4351851851851852,11.75,10:20,ENTERED,9705.25,9728.75,1.0,2020-02-19,True,2020
False,HTF_1H_TREND_FIRST_PULLBACK_5M_BREAK,medium,SHORT,9565.75,9566.0,1582218300,9604.5,1582222260,"{""adverse_ticks"": 1.0, ""stop_buffer_ticks"": 1.0, ""tod"": ""1200_1400"", ""gap_points"": -23.5, ""prior_ret"": 38.0, ""trend_1h"": ""BEARISH"", ""trend_4h"": ""NEUTRAL"", ""confirm_kind"": ""break""}",3960,1h,1,-0.013332646967981088,strong,NQ,41.5,18.25,STOP_HIT,-38.75,-38.95,-1.0051612903225806,-1.0,False,False,0.4647137150466045,38.75,12:05,ENTERED,9604.5,9527.0,1.0,2020-02-20,True,2020
True,HTF_1H_TREND_FIRST_PULLBACK_5M_BREAK,medium,SHORT,9500.0,9500.25,1582299300,9531.0,1582304700,"{""adverse_ticks"": 1.0, ""stop_buffer_ticks"": 1.0, ""tod"": ""1030_1200"", ""gap_points"": -44.0, ""prior_ret"": -70.75, ""trend_1h"": ""BEARISH"", ""trend_4h"": ""BEARISH"", ""confirm_kind"": ""break""}",5400,1h,1,-0.00707184050520604,medium,NQ,36.5,27.5,STOP_HIT,-31.0,-31.2,-1.0064516129032257,-1.0,False,False,0.45265588914549654,31.0,10:35,ENTERED,9531.0,9469.0,1.0,2020-02-21,True,2020
True,HTF_1H_TREND_FIRST_PULLBACK_5M_BREAK,medium,SHORT,9025.5,9025.75,1582650300,9044.75,1582650600,"{""adverse_ticks"": 1.0, ""stop_buffer_ticks"": 1.0, ""tod"": ""1200_1400"", ""gap_points"": 75.0, ""prior_ret"": -19.75, ""trend_1h"": ""BEARISH"", ""trend_4h"": ""BEARISH"", ""confirm_kind"": ""break""}",300,1h,2,-0.014857423259364233,strong,NQ,19.5,9.0,STOP_HIT,-19.25,-19.45,-1.0103896103896104,-1.0,False,False,0.4574712643678161,19.25,12:05,ENTERED,9044.75,9006.25,1.0,2020-02-25,True,2020
True,HTF_1H_TREND_FIRST_PULLBACK_5M_BREAK,medium,LONG,8973.0,8972.75,1582730100,9020.5,1582731300,"{""adverse_ticks"": 1.0, ""stop_buffer_ticks"": 1.0, ""tod"": ""0930_1030"", ""gap_points"": 51.0, ""prior_ret"": -319.5, ""trend_1h"": ""BULLISH"", ""trend_4h"": ""BULLISH"", ""confirm_kind"": ""break""}",1200,1h,3,0.01706465260228862,strong,NQ,1.5,50.25,TARGET_HIT,47.5,47.3,0.9957894736842104,1.0,True,False,0.4729458917835671,47.5,10:15,ENTERED,8925.5,9020.5,1.0,2020-02-26,True,2020
True,HTF_1H_TREND_FIRST_PULLBACK_5M_BREAK,medium,SHORT,8524.25,8524.5,1582817700,8606.75,1582818360,"{""adverse_ticks"": 1.0, ""stop_buffer_ticks"": 1.0, ""tod"": ""1030_1200"", ""gap_points"": -222.0, ""prior_ret"": -10.75, ""trend_1h"": ""BEARISH"", ""trend_4h"": ""BEARISH"", ""confirm_kind"": ""break""}",660,1h,4,-0.009934341992577811,strong,NQ,85.25,4.5,STOP_HIT,-82.5,-82.7,-1.0024242424242424,-1.0,False,False,0.4131054131054131,82.5,10:35,ENTERED,8606.75,8441.75,1.0,2020-02-27,True,2020
False,HTF_1H_TREND_FIRST_PULLBACK_5M_BREAK,medium,LONG,8686.75,8686.5,1583167500,8636.75,1583173860,"{""adverse_ticks"": 1.0, ""stop_buffer_ticks"": 1.0, ""tod"": ""1030_1200"", ""gap_points"": 88.25, ""prior_ret"": 314.75, ""trend_1h"": ""BULLISH"", ""trend_4h"": ""BEARISH"", ""confirm_kind"": ""break""}",6360,1h,1,0.02099988068249603,strong,NQ,53.75,49.75,STOP_HIT,-50.0,-50.2,-1.004,-1.0,False,False,0.4171656686626746,50.0,11:45,ENTERED,8636.75,8736.75,1.0,2020-03-02,True,2020
False,HTF_1H_TREND_FIRST_PULLBACK_5M_BREAK,medium,SHORT,8816.25,8816.5,1583247000,8778.75,1583247180,"{""adverse_ticks"": 1.0, ""stop_buffer_ticks"": 1.0, ""tod"": ""0930_1030"", ""gap_points"": 24.75, ""prior_ret"": 312.25, ""trend_1h"": ""BEARISH"", ""trend_4h"": ""BULLISH"", ""confirm_kind"": ""break""}",180,1h,2,-0.005198381476902325,medium,NQ,0.0,48.5,TARGET_HIT,37.5,37.3,0.9946666666666666,1.0,True,False,0.5226130653266332,37.5,09:50,ENTERED,8853.75,8778.75,1.0,2020-03-03,True,2020
True,HTF_1H_TREND_FIRST_PULLBACK_5M_BREAK,medium,LONG,8822.75,8822.5,1583349300,8837.0,1583349420,"{""adverse_ticks"": 1.0, ""stop_buffer_ticks"": 1.0, ""tod"": ""1400_1530"", ""gap_points"": 150.0, ""prior_ret"": -305.5, ""trend_1h"": ""BULLISH"", ""trend_4h"": ""BULLISH"", ""confirm_kind"": ""break""}",120,1h,2,0.016159176514563445,strong,NQ,2.5,17.0,TARGET_HIT,14.25,14.05,0.9859649122807018,1.0,True,False,0.4164859002169197,14.25,14:15,ENTERED,8808.5,8837.0,1.0,2020-03-04,True,2020
False,HTF_1H_TREND_FIRST_PULLBACK_5M_BREAK,medium,LONG,8802.25,8802.0,1583421900,8842.25,1583424720,"{""adverse_ticks"": 1.0, ""stop_buffer_ticks"": 1.0, ""tod"": ""0930_1030"", ""gap_points"": -227.5, ""prior_ret"": 198.25, ""trend_1h"": ""BULLISH"", ""trend_4h"": ""BEARISH"", ""confirm_kind"": ""break""}",2820,1h,1,0.0024374157657787165,weak,NQ,31.25,43.25,TARGET_HIT,40.0,39.8,0.9949999999999999,1.0,True,False,0.4126984126984127,40.0,10:25,ENTERED,8762.25,8842.25,1.0,2020-03-05,True,2020
False,HTF_1H_TREND_FIRST_PULLBACK_5M_BREAK,medium,LONG,8461.0,8460.75,1583512200,8479.25,1583512200,"{""adverse_ticks"": 1.0, ""stop_buffer_ticks"": 1.0, ""tod"": ""1030_1200"", ""gap_points"": -287.75, ""prior_ret"": -44.0, ""trend_1h"": ""BULLISH"", ""trend_4h"": ""BEARISH"", ""confirm_kind"": ""break""}",0,1h,1,0.012764817900499992,strong,NQ,2.25,19.25,TARGET_HIT,18.25,18.05,0.989041095890411,1.0,True,False,0.41029641185647425,18.25,11:30,ENTERED,8442.75,8479.25,1.0,2020-03-06,True,2020
False,HTF_1H_TREND_FIRST_PULLBACK_5M_BREAK,medium,LONG,8114.0,8113.75,1583772300,8120.25,1583772300,"{""adverse_ticks"": 1.0, ""stop_buffer_ticks"": 1.0, ""tod"": ""1200_1400"", ""gap_points"": -555.0, ""prior_ret"": 143.5, ""trend_1h"": ""BULLISH"", ""trend_4h"": ""BEARISH"", ""confirm_kind"": ""break""}",0,1h,1,0.01232508571958113,strong,NQ,1.75,14.0,TARGET_HIT,6.25,6.05,0.968,1.0,True,True,0.40130963517305895,6.25,12:45,ENTERED,8107.75,8120.25,1.0,2020-03-09,False,2020
False,HTF_1H_TREND_FIRST_PULLBACK_5M_BREAK,medium,SHORT,8125.0,8125.25,1583939400,8109.75,1583939460,"{""adverse_ticks"": 1.0, ""stop_buffer_ticks"": 1.0, ""tod"": ""1030_1200"", ""gap_points"": -202.75, ""prior_ret"": 129.0, ""trend_1h"": ""BEARISH"", ""trend_4h"": ""BULLISH"", ""confirm_kind"": ""break""}",60,1h,1,-0.007550745903643907,medium,NQ,9.5,20.25,TARGET_HIT,15.25,15.05,0.9868852459016394,1.0,True,False,0.48859934853420195,15.25,11:10,ENTERED,8140.25,8109.75,1.0,2020-03-11,True,2020
True,HTF_1H_TREND_FIRST_PULLBACK_5M_BREAK,medium,SHORT,7401.0,7401.25,1584021300,7475.25,1584021420,"{""adverse_ticks"": 1.0, ""stop_buffer_ticks"": 1.0, ""tod"": ""0930_1030"", ""gap_points"": -492.75, ""prior_ret"": -165.5, ""trend_1h"": ""BEARISH"", ""trend_4h"": ""BEARISH"", ""confirm_kind"": ""break""}",120,1h,5,-0.002885813602675924,weak,NQ,118.75,18.25,STOP_HIT,-74.25,-74.45,-1.0026936026936026,-1.0,False,False,0.5234375,74.25,09:55,ENTERED,7475.25,7326.75,1.0,2020-03-12,True,2020
False,HTF_1H_TREND_FIRST_PULLBACK_5M_BREAK,medium,SHORT,7530.25,7530.5,1584108900,7568.5,1584109020,"{""adverse_ticks"": 1.0, ""stop_buffer_ticks"": 1.0, ""tod"": ""0930_1030"", ""gap_points"": 429.5, ""prior_ret"": -245.0, ""trend_1h"": ""BEARISH"", ""trend_4h"": ""BULLISH"", ""confirm_kind"": ""break""}",120,1h,1,-0.005592322964923846,medium,NQ,45.5,18.5,STOP_HIT,-38.25,-38.45,-1.0052287581699346,-1.0,False,False,0.43638392857142855,38.25,10:15,ENTERED,7568.5,7492.0,1.0,2020-03-13,True,2020
True,HTF_1H_TREND_FIRST_PULLBACK_5M_BREAK,medium,SHORT,7253.25,7253.5,1584368700,,1584368700,"{""adverse_ticks"": 1.0, ""stop_buffer_ticks"": 1.0, ""tod"": ""0930_1030"", ""gap_points"": -560.5, ""prior_ret"": 251.75, ""trend_1h"": ""BEARISH"", ""trend_4h"": ""BEARISH"", ""confirm_kind"": ""break""}",,1h,1,-0.042467842461212046,strong,NQ,28.0,9.75,AMBIGUOUS,,,,,True,False,0.5735512630014858,7.5,10:25,ENTERED,7260.75,7245.75,1.0,2020-03-16,False,2020
True,HTF_1H_TREND_FIRST_PULLBACK_5M_BREAK,medium,SHORT,7082.0,7082.25,1584454800,7064.0,1584454800,"{""adverse_ticks"": 1.0, ""stop_buffer_ticks"": 1.0, ""tod"": ""0930_1030"", ""gap_points"": 233.5, ""prior_ret"": -447.5, ""trend_1h"": ""BEARISH"", ""trend_4h"": ""BEARISH"", ""confirm_kind"": ""break""}",0,1h,1,-0.015755820115165853,strong,NQ,6.75,23.75,TARGET_HIT,18.0,17.8,0.9888888888888889,1.0,True,False,0.534957627118644,18.0,10:20,ENTERED,7100.0,7064.0,1.0,2020-03-17,False,2020
True,HTF_1H_TREND_FIRST_PULLBACK_5M_BREAK,medium,LONG,7153.25,7153.0,1584543900,7149.25,1584543900,"{""adverse_ticks"": 1.0, ""stop_buffer_ticks"": 1.0, ""tod"": ""1030_1200"", ""gap_points"": -463.25, ""prior_ret"": 270.0, ""trend_1h"": ""BULLISH"", ""trend_4h"": ""BULLISH"", ""confirm_kind"": ""break""}",0,1h,2,0.016137594224439944,strong,NQ,18.25,1.75,STOP_HIT,-4.0,-4.2,-1.05,-1.0,False,False,0.43651925820256776,4.0,11:05,ENTERED,7149.25,7157.25,1.0,2020-03-18,False,2020
True,HTF_1H_TREND_FIRST_PULLBACK_5M_BREAK,medium,SHORT,7047.25,7047.5,1584625500,7110.25,1584625860,"{""adverse_ticks"": 1.0, ""stop_buffer_ticks"": 1.0, ""tod"": ""0930_1030"", ""gap_points"": -29.5, ""prior_ret"": 232.75, ""trend_1h"": ""BEARISH"", ""trend_4h"": ""BEARISH"", ""confirm_kind"": ""break""}",360,1h,2,-0.017629909106499753,strong,NQ,85.5,18.0,STOP_HIT,-63.0,-63.2,-1.0031746031746032,-1.0,False,False,0.4395833333333333,63.0,09:45,ENTERED,7110.25,6984.25,1.0,2020-03-19,True,2020
True,HTF_1H_TREND_FIRST_PULLBACK_5M_BREAK,medium,LONG,7453.5,7453.25,1585065600,7500.75,1585067340,"{""adverse_ticks"": 1.0, ""stop_buffer_ticks"": 1.0, ""tod"": ""1200_1400"", ""gap_points"": 387.0, ""prior_ret"": -7.5, ""trend_1h"": ""BULLISH"", ""trend_4h"": ""BULLISH"", ""confirm_kind"": ""break""}",1740,1h,2,0.021761480466072625,strong,NQ,21.5,48.0,TARGET_HIT,47.25,47.05,0.9957671957671957,1.0,True,False,0.5465116279069767,47.25,12:00,ENTERED,7406.25,7500.75,1.0,2020-03-24,True,2020
False,HTF_1H_TREND_FIRST_PULLBACK_5M_BREAK,medium,SHORT,7393.0,7393.25,1585145700,7482.0,1585147020,"{""adverse_ticks"": 1.0, ""stop_buffer_ticks"": 1.0, ""tod"": ""0930_1030"", ""gap_points"": 21.75, ""prior_ret"": 154.25, ""trend_1h"": ""BEARISH"", ""trend_4h"": ""NEUTRAL"", ""confirm_kind"": ""break""}",1320,1h,4,-0.0269548798749919,strong,NQ,89.75,0.75,STOP_HIT,-89.0,-89.2,-1.002247191011236,-1.0,False,False,0.4842105263157895,89.0,10:15,ENTERED,7482.0,7304.0,1.0,2020-03-25,True,2020
False,HTF_1H_TREND_FIRST_PULLBACK_5M_BREAK,medium,LONG,7938.5,7938.25,1585667400,7906.5,1585670640,"{""adverse_ticks"": 1.0, ""stop_buffer_ticks"": 1.0, ""tod"": ""1030_1200"", ""gap_points"": -22.25, ""prior_ret"": 206.5, ""trend_1h"": ""BULLISH"", ""trend_4h"": ""BEARISH"", ""confirm_kind"": ""break""}",3240,1h,1,0.007971037505160483,medium,NQ,33.25,31.25,STOP_HIT,-32.0,-32.2,-1.00625,-1.0,False,False,0.415973377703827,32.0,11:10,ENTERED,7906.5,7970.5,1.0,2020-03-31,True,2020
False,HTF_1H_TREND_FIRST_PULLBACK_5M_BREAK,medium,LONG,7661.75,7661.5,1585753500,7619.5,1585755000,"{""adverse_ticks"": 1.0, ""stop_buffer_ticks"": 1.0, ""tod"": ""1030_1200"", ""gap_points"": -230.5, ""prior_ret"": -49.0, ""trend_1h"": ""BULLISH"", ""trend_4h"": ""BEARISH"", ""confirm_kind"": ""break""}",1500,1h,1,0.00864458228850462,strong,NQ,46.75,21.5,STOP_HIT,-42.25,-42.45,-1.004733727810651,-1.0,False,False,0.41081081081081083,42.25,11:05,ENTERED,7619.5,7704.0,1.0,2020-04-01,True,2020
False,HTF_1H_TREND_FIRST_PULLBACK_5M_BREAK,medium,LONG,7575.75,7575.5,1585839900,7535.25,1585840320,"{""adverse_ticks"": 1.0, ""stop_buffer_ticks"": 1.0, ""tod"": ""1030_1200"", ""gap_points"": -34.5, ""prior_ret"": -98.75, ""trend_1h"": ""BULLISH"", ""trend_4h"": ""BEARISH"", ""confirm_kind"": ""break""}",420,1h,1,0.004081632653061273,medium,NQ,40.75,3.0,STOP_HIT,-40.5,-40.7,-1.0049382716049384,-1.0,False,False,0.4427994616419919,40.5,11:05,ENTERED,7535.25,7616.25,1.0,2020-04-02,True,2020
False,HTF_1H_TREND_FIRST_PULLBACK_5M_BREAK,medium,SHORT,8183.5,8183.75,1586274600,8169.25,1586274720,"{""adverse_ticks"": 1.0, ""stop_buffer_ticks"": 1.0, ""tod"": ""1030_1200"", ""gap_points"": 229.0, ""prior_ret"": 255.5, ""trend_1h"": ""BEARISH"", ""trend_4h"": ""BULLISH"", ""confirm_kind"": ""break""}",120,1h,1,-0.023063008742839952,strong,NQ,3.0,14.75,TARGET_HIT,14.25,14.05,0.9859649122807018,1.0,True,False,0.42248520710059173,14.25,11:50,ENTERED,8197.75,8169.25,1.0,2020-04-07,False,2020
True,HTF_1H_TREND_FIRST_PULLBACK_5M_BREAK,medium,LONG,8151.5,8151.25,1586359500,8168.75,1586359560,"{""adverse_ticks"": 1.0, ""stop_buffer_ticks"": 1.0, ""tod"": ""1030_1200"", ""gap_points"": 75.25, ""prior_ret"": -242.0, ""trend_1h"": ""BULLISH"", ""trend_4h"": ""BULLISH"", ""confirm_kind"": ""break""}",60,1h,5,0.008211961574217552,strong,NQ,0.5,21.0,TARGET_HIT,17.25,17.05,0.9884057971014493,1.0,True,False,0.512987012987013,17.25,11:25,ENTERED,8134.25,8168.75,1.0,2020-04-08,True,2020
False,HTF_1H_TREND_FIRST_PULLBACK_5M_BREAK,medium,SHORT,8203.25,8203.5,1586456400,8228.25,1586457120,"{""adverse_ticks"": 1.0, ""stop_buffer_ticks"": 1.0, ""tod"": ""1400_1530"", ""gap_points"": 71.75, ""prior_ret"": 97.0, ""trend_1h"": ""BEARISH"", ""trend_4h"": ""BULLISH"", ""confirm_kind"": ""break""}",720,1h,1,-0.006981853200517585,medium,NQ,25.25,12.5,STOP_HIT,-25.0,-25.2,-1.008,-1.0,False,False,0.5459882583170255,25.0,14:20,ENTERED,8228.25,8178.25,1.0,2020-04-09,True,2020
True,HTF_1H_TREND_FIRST_PULLBACK_5M_BREAK,medium,LONG,8241.0,8240.75,1586802900,8266.75,1586805480,"{""adverse_ticks"": 1.0, ""stop_buffer_ticks"": 1.0, ""tod"": ""1400_1530"", ""gap_points"": -37.0, ""prior_ret"": -58.5, ""trend_1h"": ""BULLISH"", ""trend_4h"": ""BULLISH"", ""confirm_kind"": ""break""}",2580,1h,1,0.008720930232558155,strong,NQ,18.5,27.0,TARGET_HIT,25.75,25.55,0.9922330097087378,1.0,True,False,0.5609756097560976,25.75,14:35,ENTERED,8215.25,8266.75,1.0,2020-04-13,True,2020
True,HTF_1H_TREND_FIRST_PULLBACK_5M_BREAK,medium,LONG,8538.5,8538.25,1586871900,8574.5,1586872440,"{""adverse_ticks"": 1.0, ""stop_buffer_ticks"": 1.0, ""tod"": ""0930_1030"", ""gap_points"": 170.75, ""prior_ret"": 127.5, ""trend_1h"": ""BULLISH"", ""trend_4h"": ""BULLISH"", ""confirm_kind"": ""break""}",540,1h,2,0.007150698750852946,medium,NQ,2.75,36.25,TARGET_HIT,36.0,35.8,0.9944444444444444,1.0,True,False,0.5118110236220472,36.0,09:45,ENTERED,8502.5,8574.5,1.0,2020-04-14,True,2020
True,HTF_1H_TREND_FIRST_PULLBACK_5M_BREAK,medium,SHORT,8519.0,8519.25,1586959200,8513.25,1586959200,"{""adverse_ticks"": 1.0, ""stop_buffer_ticks"": 1.0, ""tod"": ""0930_1030"", ""gap_points"": -138.75, ""prior_ret"": 194.75, ""trend_1h"": ""BEARISH"", ""trend_4h"": ""BEARISH"", ""confirm_kind"": ""break""}",0,1h,2,-0.007254187909686793,medium,NQ,0.0,10.0,TARGET_HIT,5.75,5.55,0.9652173913043478,1.0,True,False,0.45374449339207046,5.75,10:00,ENTERED,8524.75,8513.25,1.0,2020-04-15,True,2020
False,HTF_1H_TREND_FIRST_PULLBACK_5M_BREAK,medium,SHORT,8604.25,8604.5,1587046500,8636.0,1587046800,"{""adverse_ticks"": 1.0, ""stop_buffer_ticks"": 1.0, ""tod"": ""0930_1030"", ""gap_points"": 96.25, ""prior_ret"": 38.75, ""trend_1h"": ""BEARISH"", ""trend_4h"": ""BULLISH"", ""confirm_kind"": ""break""}",300,1h,1,-0.002567801500288569,weak,NQ,34.75,0.5,STOP_HIT,-31.75,-31.95,-1.0062992125984251,-1.0,False,False,0.4217687074829932,31.75,10:15,ENTERED,8636.0,8572.5,1.0,2020-04-16,True,2020
True,HTF_1H_TREND_FIRST_PULLBACK_5M_BREAK,medium,SHORT,8773.75,8774.0,1587134100,8738.25,1587136860,"{""adverse_ticks"": 1.0, ""stop_buffer_ticks"": 1.0, ""tod"": ""1030_1200"", ""gap_points"": 105.75, ""prior_ret"": 65.0, ""trend_1h"": ""BEARISH"", ""trend_4h"": ""BEARISH"", ""confirm_kind"": ""break""}",2760,1h,1,-0.010513920430650137,strong,NQ,11.5,35.75,TARGET_HIT,35.5,35.3,0.9943661971830985,1.0,True,False,0.5294117647058824,35.5,10:35,ENTERED,8809.25,8738.25,1.0,2020-04-17,True,2020
False,HTF_1H_TREND_FIRST_PULLBACK_5M_BREAK,medium,LONG,8795.0,8794.75,1587402900,8800.5,1587403080,"{""adverse_ticks"": 1.0, ""stop_buffer_ticks"": 1.0, ""tod"": ""1200_1400"", ""gap_points"": -78.75, ""prior_ret"": -33.25, ""trend_1h"": ""BULLISH"", ""trend_4h"": ""BEARISH"", ""confirm_kind"": ""break""}",180,1h,3,0.011465917560052663,strong,NQ,3.25,6.25,TARGET_HIT,5.5,5.3,0.9636363636363636,1.0,True,False,0.48853211009174313,5.5,13:15,ENTERED,8789.5,8800.5,1.0,2020-04-20,True,2020
True,HTF_1H_TREND_FIRST_PULLBACK_5M_BREAK,medium,SHORT,8579.0,8579.25,1587477900,8568.0,1587477960,"{""adverse_ticks"": 1.0, ""stop_buffer_ticks"": 1.0, ""tod"": ""0930_1030"", ""gap_points"": -81.5, ""prior_ret"": -25.0, ""trend_1h"": ""BEARISH"", ""trend_4h"": ""BEARISH"", ""confirm_kind"": ""break""}",60,1h,4,-0.009033710459478206,strong,NQ,3.25,11.75,TARGET_HIT,11.0,10.8,0.9818181818181819,1.0,True,False,0.5187032418952618,11.0,10:05,ENTERED,8590.0,8568.0,1.0,2020-04-21,True,2020
True,HTF_1H_TREND_FIRST_PULLBACK_5M_BREAK,medium,LONG,8723.5,8723.25,1587650700,8741.5,1587651000,"{""adverse_ticks"": 1.0, ""stop_buffer_ticks"": 1.0, ""tod"": ""0930_1030"", ""gap_points"": 28.75, ""prior_ret"": 79.75, ""trend_1h"": ""BULLISH"", ""trend_4h"": ""BULLISH"", ""confirm_kind"": ""break""}",300,1h,3,0.007711191335740164,medium,NQ,1.0,18.75,TARGET_HIT,18.0,17.8,0.9888888888888889,1.0,True,False,0.462406015037594,18.0,10:05,ENTERED,8705.5,8741.5,1.0,2020-04-23,True,2020
False,HTF_1H_TREND_FIRST_PULLBACK_5M_BREAK,medium,SHORT,8831.5,8831.75,1587999900,8825.5,1587999900,"{""adverse_ticks"": 1.0, ""stop_buffer_ticks"": 1.0, ""tod"": ""1030_1200"", ""gap_points"": 87.25, ""prior_ret"": 126.25, ""trend_1h"": ""BEARISH"", ""trend_4h"": ""BULLISH"", ""confirm_kind"": ""break""}",0,1h,2,-0.004881489841986442,medium,NQ,1.5,6.25,TARGET_HIT,6.0,5.8,0.9666666666666667,1.0,True,False,0.5414364640883977,6.0,11:05,ENTERED,8837.5,8825.5,1.0,2020-04-27,True,2020
True,HTF_1H_TREND_FIRST_PULLBACK_5M_BREAK,medium,LONG,8894.25,8894.0,1588168800,8879.25,1588168920,"{""adverse_ticks"": 1.0, ""stop_buffer_ticks"": 1.0, ""tod"": ""0930_1030"", ""gap_points"": 193.5, ""prior_ret"": -236.75, ""trend_1h"": ""BULLISH"", ""trend_4h"": ""BULLISH"", ""confirm_kind"": ""break""}",120,1h,2,0.00893312914752431,strong,NQ,20.0,2.25,STOP_HIT,-15.0,-15.2,-1.0133333333333332,-1.0,False,False,0.4383561643835616,15.0,10:00,ENTERED,8879.25,8909.25,1.0,2020-04-29,True,2020
True,HTF_1H_TREND_FIRST_PULLBACK_5M_BREAK,medium,LONG,8740.25,8740.0,1588601400,8767.5,1588601880,"{""adverse_ticks"": 1.0, ""stop_buffer_ticks"": 1.0, ""tod"": ""0930_1030"", ""gap_points"": -41.0, ""prior_ret"": -79.0, ""trend_1h"": ""BULLISH"", ""trend_4h"": ""BULLISH"", ""confirm_kind"": ""break""}",480,1h,1,0.00791976182906029,medium,NQ,7.5,29.0,TARGET_HIT,27.25,27.05,0.9926605504587156,1.0,True,False,0.471875,27.25,10:10,ENTERED,8713.0,8767.5,1.0,2020-05-04,True,2020
True,HTF_1H_TREND_FIRST_PULLBACK_5M_BREAK,medium,LONG,8932.5,8932.25,1588686300,8941.25,1588686420,"{""adverse_ticks"": 1.0, ""stop_buffer_ticks"": 1.0, ""tod"": ""0930_1030"", ""gap_points"": 89.25, ""prior_ret"": 147.0, ""trend_1h"": ""BULLISH"", ""trend_4h"": ""BULLISH"", ""confirm_kind"": ""break""}",120,1h,1,0.009600407804933209,strong,NQ,4.75,9.0,TARGET_HIT,8.75,8.55,0.9771428571428572,1.0,True,False,0.524822695035461,8.75,09:45,ENTERED,8923.75,8941.25,1.0,2020-05-05,True,2020
True,HTF_1H_TREND_FIRST_PULLBACK_5M_BREAK,medium,LONG,9022.0,9021.75,1588778100,9015.0,1588778100,"{""adverse_ticks"": 1.0, ""stop_buffer_ticks"": 1.0, ""tod"": ""1030_1200"", ""gap_points"": 68.75, ""prior_ret"": 11.5, ""trend_1h"": ""BULLISH"", ""trend_4h"": ""BULLISH"", ""confirm_kind"": ""break""}",0,1h,1,0.003445688720927098,weak,NQ,8.5,0.0,STOP_HIT,-7.0,-7.2,-1.0285714285714287,-1.0,False,False,0.4723404255319149,7.0,11:15,ENTERED,9015.0,9029.0,1.0,2020-05-06,True,2020
True,HTF_1H_TREND_FIRST_PULLBACK_5M_BREAK,medium,LONG,9113.5,9113.25,1588873800,9106.0,1588873920,"{""adverse_ticks"": 1.0, ""stop_buffer_ticks"": 1.0, ""tod"": ""1200_1400"", ""gap_points"": 114.75, ""prior_ret"": -15.75, ""trend_1h"": ""BULLISH"", ""trend_4h"": ""BULLISH"", ""confirm_kind"": ""break""}",120,1h,1,0.0026127612761275287,weak,NQ,17.25,2.0,STOP_HIT,-7.5,-7.7,-1.0266666666666666,-1.0,False,False,0.43037974683544306,7.5,13:50,ENTERED,9106.0,9121.0,1.0,2020-05-07,True,2020
False,HTF_1H_TREND_FIRST_PULLBACK_5M_BREAK,medium,SHORT,9264.25,9264.5,1589310300,9249.75,1589310660,"{""adverse_ticks"": 1.0, ""stop_buffer_ticks"": 1.0, ""tod"": ""1400_1530"", ""gap_points"": 33.25, ""prior_ret"": 129.5, ""trend_1h"": ""BEARISH"", ""trend_4h"": ""BULLISH"", ""confirm_kind"": ""break""}",360,1h,1,-0.003974114551166696,weak,NQ,5.5,16.5,TARGET_HIT,14.5,14.3,0.9862068965517242,1.0,True,False,0.5015015015015015,14.5,15:05,ENTERED,9278.75,9249.75,1.0,2020-05-12,True,2020
False,HTF_1H_TREND_FIRST_PULLBACK_5M_BREAK,medium,SHORT,9061.25,9061.5,1589384400,9030.5,1589384640,"{""adverse_ticks"": 1.0, ""stop_buffer_ticks"": 1.0, ""tod"": ""1030_1200"", ""gap_points"": 20.0, ""prior_ret"": -218.0, ""trend_1h"": ""BEARISH"", ""trend_4h"": ""BULLISH"", ""confirm_kind"": ""break""}",240,1h,2,-0.0038797814207650605,weak,NQ,4.75,35.5,TARGET_HIT,30.75,30.55,0.9934959349593496,1.0,True,False,0.4952681388012618,30.75,11:40,ENTERED,9092.0,9030.5,1.0,2020-05-13,True,2020
True,HTF_1H_TREND_FIRST_PULLBACK_5M_BREAK,medium,SHORT,8852.0,8852.25,1589466600,8904.25,1589467080,"{""adverse_ticks"": 1.0, ""stop_buffer_ticks"": 1.0, ""tod"": ""1030_1200"", ""gap_points"": -56.5, ""prior_ret"": -131.25, ""trend_1h"": ""BEARISH"", ""trend_4h"": ""BEARISH"", ""confirm_kind"": ""break""}",480,1h,3,-0.017796352162962603,strong,NQ,52.25,5.25,STOP_HIT,-52.25,-52.45,-1.0038277511961724,-1.0,False,False,0.515527950310559,52.25,10:30,ENTERED,8904.25,8799.75,1.0,2020-05-14,True,2020
False,HTF_1H_TREND_FIRST_PULLBACK_5M_BREAK,medium,LONG,9024.5,9024.25,1589559300,9036.25,1589559600,"{""adverse_ticks"": 1.0, ""stop_buffer_ticks"": 1.0, ""tod"": ""1200_1400"", ""gap_points"": -124.25, ""prior_ret"": 152.0, ""trend_1h"": ""BULLISH"", ""trend_4h"": ""BEARISH"", ""confirm_kind"": ""break""}",300,1h,1,0.005000419029527636,medium,NQ,9.75,19.5,TARGET_HIT,11.75,11.55,0.9829787234042554,1.0,True,False,0.4645669291338583,11.75,12:15,ENTERED,9012.75,9036.25,1.0,2020-05-15,True,2020
True,HTF_1H_TREND_FIRST_PULLBACK_5M_BREAK,medium,LONG,9304.0,9303.75,1589812500,9320.0,1589812860,"{""adverse_ticks"": 1.0, ""stop_buffer_ticks"": 1.0, ""tod"": ""1030_1200"", ""gap_points"": 122.75, ""prior_ret"": 184.0, ""trend_1h"": ""BULLISH"", ""trend_4h"": ""BULLISH"", ""confirm_kind"": ""break""}",360,1h,7,0.0058377908713243,medium,NQ,10.5,19.5,TARGET_HIT,16.0,15.8,0.9875,1.0,True,False,0.43478260869565216,16.0,10:35,ENTERED,9288.0,9320.0,1.0,2020-05-18,True,2020
True,HTF_1H_TREND_FIRST_PULLBACK_5M_BREAK,medium,LONG,9376.5,9376.25,1589897100,9398.25,1589897580,"{""adverse_ticks"": 1.0, ""stop_buffer_ticks"": 1.0, ""tod"": ""0930_1030"", ""gap_points"": 6.75, ""prior_ret"": 51.25, ""trend_1h"": ""BULLISH"", ""trend_4h"": ""BULLISH"", ""confirm_kind"": ""break""}",480,1h,1,0.005984328037784481,medium,NQ,2.0,22.25,TARGET_HIT,21.75,21.55,0.9908045977011495,1.0,True,False,0.46445497630331756,21.75,10:05,ENTERED,9354.75,9398.25,1.0,2020-05-19,True,2020
True,HTF_1H_TREND_FIRST_PULLBACK_5M_BREAK,medium,LONG,9464.0,9463.75,1589985600,9483.25,1589988360,"{""adverse_ticks"": 1.0, ""stop_buffer_ticks"": 1.0, ""tod"": ""1030_1200"", ""gap_points"": 110.75, ""prior_ret"": -35.5, ""trend_1h"": ""BULLISH"", ""trend_4h"": ""BULLISH"", ""confirm_kind"": ""break""}",2760,1h,6,0.005820598006644584,medium,NQ,16.5,22.25,TARGET_HIT,19.25,19.05,0.9896103896103896,1.0,True,False,0.40484429065743943,19.25,10:40,ENTERED,9444.75,9483.25,1.0,2020-05-20,True,2020
False,HTF_1H_TREND_FIRST_PULLBACK_5M_BREAK,medium,SHORT,9432.25,9432.5,1590077700,9430.5,1590077700,"{""adverse_ticks"": 1.0, ""stop_buffer_ticks"": 1.0, ""tod"": ""1200_1400"", ""gap_points"": 3.5, ""prior_ret"": 78.0, ""trend_1h"": ""BEARISH"", ""trend_4h"": ""BULLISH"", ""confirm_kind"": ""break""}",0,1h,1,-0.005529246805471066,medium,NQ,0.25,5.0,TARGET_HIT,1.75,1.55,0.8857142857142858,1.0,True,True,0.4494163424124514,1.75,12:15,ENTERED,9434.0,9430.5,1.0,2020-05-21,False,2020
True,HTF_1H_TREND_FIRST_PULLBACK_5M_BREAK,medium,SHORT,9511.25,9511.5,1590502500,9518.75,1590502920,"{""adverse_ticks"": 1.0, ""stop_buffer_ticks"": 1.0, ""tod"": ""0930_1030"", ""gap_points"": 152.5, ""prior_ret"": 48.0, ""trend_1h"": ""BEARISH"", ""trend_4h"": ""BEARISH"", ""confirm_kind"": ""break""}",420,1h,3,-0.008688618692271555,strong,NQ,9.75,6.0,STOP_HIT,-7.5,-7.7,-1.0266666666666666,-1.0,False,False,0.4309210526315789,7.5,10:15,ENTERED,9518.75,9503.75,1.0,2020-05-26,True,2020
True,HTF_1H_TREND_FIRST_PULLBACK_5M_BREAK,medium,SHORT,9274.5,9274.75,1590588300,9309.75,1590588600,"{""adverse_ticks"": 1.0, ""stop_buffer_ticks"": 1.0, ""tod"": ""0930_1030"", ""gap_points"": -26.75, ""prior_ret"": -170.75, ""trend_1h"": ""BEARISH"", ""trend_4h"": ""BEARISH"", ""confirm_kind"": ""break""}",300,1h,3,-0.022754175983164537,strong,NQ,37.5,0.5,STOP_HIT,-35.25,-35.45,-1.0056737588652482,-1.0,False,False,0.42016806722689076,35.25,10:05,ENTERED,9309.75,9239.25,1.0,2020-05-27,True,2020
False,HTF_1H_TREND_FIRST_PULLBACK_5M_BREAK,medium,LONG,9462.0,9461.75,1590675000,9517.25,1590681600,"{""adverse_ticks"": 1.0, ""stop_buffer_ticks"": 1.0, ""tod"": ""0930_1030"", ""gap_points"": -51.5, ""prior_ret"": 73.25, ""trend_1h"": ""BULLISH"", ""trend_4h"": ""BEARISH"", ""confirm_kind"": ""break""}",6600,1h,1,0.005544892301130311,medium,NQ,17.0,60.0,TARGET_HIT,55.25,55.05,0.9963800904977375,1.0,True,False,0.554858934169279,55.25,10:10,ENTERED,9406.75,9517.25,1.0,2020-05-28,True,2020
False,HTF_1H_TREND_FIRST_PULLBACK_5M_BREAK,medium,LONG,9573.5,9573.25,1591020600,9542.0,1591024920,"{""adverse_ticks"": 1.0, ""stop_buffer_ticks"": 1.0, ""tod"": ""0930_1030"", ""gap_points"": -22.75, ""prior_ret"": 101.5, ""trend_1h"": ""BULLISH"", ""trend_4h"": ""NEUTRAL"", ""confirm_kind"": ""break""}",4320,1h,1,0.0047870801441385336,medium,NQ,31.5,6.0,STOP_HIT,-31.5,-31.7,-1.0063492063492063,-1.0,False,False,0.5577889447236181,31.5,10:10,ENTERED,9542.0,9605.0,1.0,2020-06-01,True,2020
False,HTF_1H_TREND_FIRST_PULLBACK_5M_BREAK,medium,SHORT,9569.5,9569.75,1591105800,9588.75,1591106400,"{""adverse_ticks"": 1.0, ""stop_buffer_ticks"": 1.0, ""tod"": ""0930_1030"", ""gap_points"": 10.75, ""prior_ret"": 73.25, ""trend_1h"": ""BEARISH"", ""trend_4h"": ""BULLISH"", ""confirm_kind"": ""break""}",600,1h,1,-0.003292970674410811,weak,NQ,23.0,5.0,STOP_HIT,-19.25,-19.45,-1.0103896103896104,-1.0,False,False,0.5367647058823529,19.25,09:50,ENTERED,9588.75,9550.25,1.0,2020-06-02,True,2020
False,HTF_1H_TREND_FIRST_PULLBACK_5M_BREAK,medium,LONG,9703.25,9703.0,1591211700,9714.25,1591212360,"{""adverse_ticks"": 1.0, ""stop_buffer_ticks"": 1.0, ""tod"": ""1400_1530"", ""gap_points"": 22.25, ""prior_ret"": 50.75, ""trend_1h"": ""BULLISH"", ""trend_4h"": ""NEUTRAL"", ""confirm_kind"": ""break""}",660,1h,1,0.002169869807811642,weak,NQ,10.5,11.5,TARGET_HIT,11.0,10.8,0.9818181818181819,1.0,True,False,0.47413793103448276,11.0,15:15,ENTERED,9692.25,9714.25,1.0,2020-06-03,True,2020
True,HTF_1H_TREND_FIRST_PULLBACK_5M_BREAK,medium,LONG,9714.25,9714.0,1591280100,9722.75,1591280100,"{""adverse_ticks"": 1.0, ""stop_buffer_ticks"": 1.0, ""tod"": ""0930_1030"", ""gap_points"": -15.5, ""prior_ret"": 19.5, ""trend_1h"": ""BULLISH"", ""trend_4h"": ""BULLISH"", ""confirm_kind"": ""break""}",0,1h,1,0.007198715624838092,medium,NQ,0.0,13.25,TARGET_HIT,8.5,8.3,0.9764705882352942,1.0,True,False,0.4775510204081633,8.5,10:15,ENTERED,9705.75,9722.75,1.0,2020-06-04,True,2020
True,HTF_1H_TREND_FIRST_PULLBACK_5M_BREAK,medium,SHORT,9750.75,9751.0,1591625400,9788.25,1591627200,"{""adverse_ticks"": 1.0, ""stop_buffer_ticks"": 1.0, ""tod"": ""0930_1030"", ""gap_points"": -6.5, ""prior_ret"": 145.25, ""trend_1h"": ""BEARISH"", ""trend_4h"": ""BEARISH"", ""confirm_kind"": ""break""}",1800,1h,1,-0.0028786875222907016,weak,NQ,41.0,4.0,STOP_HIT,-37.5,-37.7,-1.0053333333333334,-1.0,False,False,0.5656565656565656,37.5,10:10,ENTERED,9788.25,9713.25,1.0,2020-06-08,True,2020
False,HTF_1H_TREND_FIRST_PULLBACK_5M_BREAK,medium,LONG,9895.5,9895.25,1591711800,9879.25,1591712040,"{""adverse_ticks"": 1.0, ""stop_buffer_ticks"": 1.0, ""tod"": ""0930_1030"", ""gap_points"": -39.0, ""prior_ret"": 87.0, ""trend_1h"": ""BULLISH"", ""trend_4h"": ""NEUTRAL"", ""confirm_kind"": ""break""}",240,1h,2,0.007047449433914332,medium,NQ,18.0,4.5,STOP_HIT,-16.25,-16.45,-1.0123076923076924,-1.0,False,False,0.44549763033175355,16.25,10:10,ENTERED,9879.25,9911.75,1.0,2020-06-09,True,2020
True,HTF_1H_TREND_FIRST_PULLBACK_5M_BREAK,medium,LONG,10078.0,10077.75,1591798200,10055.75,1591798440,"{""adverse_ticks"": 1.0, ""stop_buffer_ticks"": 1.0, ""tod"": ""0930_1030"", ""gap_points"": 74.5, ""prior_ret"": 106.5, ""trend_1h"": ""BULLISH"", ""trend_4h"": ""BULLISH"", ""confirm_kind"": ""break""}",240,1h,3,0.007033440128153767,medium,NQ,28.0,0.0,STOP_HIT,-22.25,-22.45,-1.0089887640449438,-1.0,False,False,0.4852941176470588,22.25,10:10,ENTERED,10055.75,10100.25,1.0,2020-06-10,True,2020
True,HTF_1H_TREND_FIRST_PULLBACK_5M_BREAK,medium,SHORT,9880.5,9880.75,1591888500,9905.75,1591888680,"{""adverse_ticks"": 1.0, ""stop_buffer_ticks"": 1.0, ""tod"": ""1030_1200"", ""gap_points"": -162.75, ""prior_ret"": 51.25, ""trend_1h"": ""BEARISH"", ""trend_4h"": ""BEARISH"", ""confirm_kind"": ""break""}",180,1h,2,-0.005377559994974246,medium,NQ,27.25,0.0,STOP_HIT,-25.25,-25.45,-1.007920792079208,-1.0,False,False,0.46320346320346323,25.25,11:15,ENTERED,9905.75,9855.25,1.0,2020-06-11,True,2020
False,HTF_1H_TREND_FIRST_PULLBACK_5M_BREAK,medium,SHORT,9704.25,9704.5,1591978500,9671.0,1591979220,"{""adverse_ticks"": 1.0, ""stop_buffer_ticks"": 1.0, ""tod"": ""1200_1400"", ""gap_points"": 204.0, ""prior_ret"": -334.25, ""trend_1h"": ""BEARISH"", ""trend_4h"": ""BULLISH"", ""confirm_kind"": ""break""}",720,1h,2,-0.0035123702089475684,weak,NQ,24.75,34.0,TARGET_HIT,33.25,33.05,0.993984962406015,1.0,True,False,0.5531215772179627,33.25,12:15,ENTERED,9737.5,9671.0,1.0,2020-06-12,True,2020
False,HTF_1H_TREND_FIRST_PULLBACK_5M_BREAK,medium,LONG,9603.0,9602.75,1592229900,9560.25,1592232000,"{""adverse_ticks"": 1.0, ""stop_buffer_ticks"": 1.0, ""tod"": ""0930_1030"", ""gap_points"": -137.25, ""prior_ret"": -136.75, ""trend_1h"": ""BULLISH"", ""trend_4h"": ""NEUTRAL"", ""confirm_kind"": ""break""}",2100,1h,5,0.007876289742445364,medium,NQ,46.0,32.5,STOP_HIT,-42.75,-42.95,-1.0046783625730995,-1.0,False,False,0.511326860841424,42.75,10:05,ENTERED,9560.25,9645.75,1.0,2020-06-15,True,2020
False,HTF_1H_TREND_FIRST_PULLBACK_5M_BREAK,medium,SHORT,9859.75,9860.0,1592319900,9897.25,1592320200,"{""adverse_ticks"": 1.0, ""stop_buffer_ticks"": 1.0, ""tod"": ""1030_1200"", ""gap_points"": 199.5, ""prior_ret"": 254.5, ""trend_1h"": ""BEARISH"", ""trend_4h"": ""BULLISH"", ""confirm_kind"": ""break""}",300,1h,1,-0.008021997426906458,strong,NQ,38.25,5.5,STOP_HIT,-37.5,-37.7,-1.0053333333333334,-1.0,False,False,0.4813008130081301,37.5,11:05,ENTERED,9897.25,9822.25,1.0,2020-06-16,True,2020
True,HTF_1H_TREND_FIRST_PULLBACK_5M_BREAK,medium,LONG,10031.0,10030.75,1592417400,10018.25,1592418300,"{""adverse_ticks"": 1.0, ""stop_buffer_ticks"": 1.0, ""tod"": ""1400_1530"", ""gap_points"": 60.75, ""prior_ret"": -34.75, ""trend_1h"": ""BULLISH"", ""trend_4h"": ""BULLISH"", ""confirm_kind"": ""break""}",900,1h,2,0.004408044681543766,medium,NQ,15.25,7.0,STOP_HIT,-12.75,-12.95,-1.0156862745098039,-1.0,False,False,0.4860335195530726,12.75,14:10,ENTERED,10018.25,10043.75,1.0,2020-06-17,True,2020
False,HTF_1H_TREND_FIRST_PULLBACK_5M_BREAK,medium,SHORT,9948.5,9948.75,1592583600,10005.75,1592596500,"{""adverse_ticks"": 1.0, ""stop_buffer_ticks"": 1.0, ""tod"": ""1200_1400"", ""gap_points"": 99.75, ""prior_ret"": 43.0, ""trend_1h"": ""BEARISH"", ""trend_4h"": ""BULLISH"", ""confirm_kind"": ""break""}",12900,1h,1,-0.0026293595277074866,weak,NQ,74.5,27.25,TIME_EXIT,-57.25,-57.45,-0.6528409090909091,-0.6505681818181818,False,False,0.4376417233560091,88.0,12:20,ENTERED,10036.5,9860.5,1.0,2020-06-19,True,2020
True,HTF_1H_TREND_FIRST_PULLBACK_5M_BREAK,medium,LONG,10033.0,10032.75,1592838600,10053.5,1592839380,"{""adverse_ticks"": 1.0, ""stop_buffer_ticks"": 1.0, ""tod"": ""1030_1200"", ""gap_points"": 0.5, ""prior_ret"": -107.75, ""trend_1h"": ""BULLISH"", ""trend_4h"": ""BULLISH"", ""confirm_kind"": ""break""}",780,1h,1,0.002174891255437128,weak,NQ,0.25,21.75,TARGET_HIT,20.5,20.3,0.9902439024390244,1.0,True,False,0.539622641509434,20.5,11:10,ENTERED,10012.5,10053.5,1.0,2020-06-22,True,2020
True,HTF_1H_TREND_FIRST_PULLBACK_5M_BREAK,medium,LONG,10225.75,10225.5,1592924700,10251.75,1592925840,"{""adverse_ticks"": 1.0, ""stop_buffer_ticks"": 1.0, ""tod"": ""1030_1200"", ""gap_points"": 67.0, ""prior_ret"": 123.75, ""trend_1h"": ""BULLISH"", ""trend_4h"": ""BULLISH"", ""confirm_kind"": ""break""}",1140,1h,1,0.002379959270800036,weak,NQ,1.75,27.0,TARGET_HIT,26.0,25.8,0.9923076923076923,1.0,True,False,0.46464646464646464,26.0,11:05,ENTERED,10199.75,10251.75,1.0,2020-06-23,True,2020
True,HTF_1H_TREND_FIRST_PULLBACK_5M_BREAK,medium,SHORT,10101.0,10101.25,1593008400,10115.5,1593008700,"{""adverse_ticks"": 1.0, ""stop_buffer_ticks"": 1.0, ""tod"": ""0930_1030"", ""gap_points"": -30.25, ""prior_ret"": 15.75, ""trend_1h"": ""BEARISH"", ""trend_4h"": ""BEARISH"", ""confirm_kind"": ""break""}",300,1h,1,-0.004019827862586034,medium,NQ,21.25,6.0,STOP_HIT,-14.5,-14.7,-1.013793103448276,-1.0,False,False,0.4140625,14.5,10:20,ENTERED,10115.5,10086.5,1.0,2020-06-24,True,2020
False,HTF_1H_TREND_FIRST_PULLBACK_5M_BREAK,medium,SHORT,9940.0,9940.25,1593094200,9967.75,1593094200,"{""adverse_ticks"": 1.0, ""stop_buffer_ticks"": 1.0, ""tod"": ""0930_1030"", ""gap_points"": 4.25, ""prior_ret"": -174.5, ""trend_1h"": ""BEARISH"", ""trend_4h"": ""NEUTRAL"", ""confirm_kind"": ""break""}",0,1h,1,-0.0053748656283593155,medium,NQ,32.5,4.25,STOP_HIT,-27.75,-27.95,-1.0072072072072071,-1.0,False,False,0.5560538116591929,27.75,10:10,ENTERED,9967.75,9912.25,1.0,2020-06-25,True,2020
True,HTF_1H_TREND_FIRST_PULLBACK_5M_BREAK,medium,SHORT,9958.25,9958.5,1593180900,9897.25,1593181380,"{""adverse_ticks"": 1.0, ""stop_buffer_ticks"": 1.0, ""tod"": ""0930_1030"", ""gap_points"": -14.25, ""prior_ret"": 90.0, ""trend_1h"": ""BEARISH"", ""trend_4h"": ""BEARISH"", ""confirm_kind"": ""break""}",480,1h,1,-0.007429972509101712,medium,NQ,0.0,63.0,TARGET_HIT,61.0,60.8,0.9967213114754098,1.0,True,False,0.4266666666666667,61.0,10:15,ENTERED,10019.25,9897.25,1.0,2020-06-26,True,2020
True,HTF_1H_TREND_FIRST_PULLBACK_5M_BREAK,medium,LONG,9895.75,9895.5,1593457200,9887.75,1593457320,"{""adverse_ticks"": 1.0, ""stop_buffer_ticks"": 1.0, ""tod"": ""1400_1530"", ""gap_points"": -4.75, ""prior_ret"": -231.5, ""trend_1h"": ""BULLISH"", ""trend_4h"": ""BULLISH"", ""confirm_kind"": ""break""}",120,1h,3,0.0036769367313300716,weak,NQ,17.5,5.5,STOP_HIT,-8.0,-8.2,-1.025,-1.0,False,False,0.4282238442822384,8.0,15:00,ENTERED,9887.75,9903.75,1.0,2020-06-29,True,2020
True,HTF_1H_TREND_FIRST_PULLBACK_5M_BREAK,medium,LONG,10061.5,10061.25,1593537900,10084.25,1593542280,"{""adverse_ticks"": 1.0, ""stop_buffer_ticks"": 1.0, ""tod"": ""1200_1400"", ""gap_points"": -0.75, ""prior_ret"": 114.25, ""trend_1h"": ""BULLISH"", ""trend_4h"": ""BULLISH"", ""confirm_kind"": ""break""}",4380,1h,4,0.011482123564734659,strong,NQ,11.0,26.0,TARGET_HIT,22.75,22.55,0.9912087912087912,1.0,True,False,0.41830065359477125,22.75,13:25,ENTERED,10038.75,10084.25,1.0,2020-06-30,True,2020
False,HTF_1H_TREND_FIRST_PULLBACK_5M_BREAK,medium,LONG,10218.75,10218.5,1593615600,10244.0,1593620220,"{""adverse_ticks"": 1.0, ""stop_buffer_ticks"": 1.0, ""tod"": ""1030_1200"", ""gap_points"": 0.25, ""prior_ret"": 198.5, ""trend_1h"": ""BULLISH"", ""trend_4h"": ""NEUTRAL"", ""confirm_kind"": ""break""}",4620,1h,2,0.01135716936780895,strong,NQ,16.75,25.5,TARGET_HIT,25.25,25.05,0.9920792079207921,1.0,True,False,0.40397350993377484,25.25,11:00,ENTERED,10193.5,10244.0,1.0,2020-07-01,True,2020
True,HTF_1H_TREND_FIRST_PULLBACK_5M_BREAK,medium,LONG,10398.25,10398.0,1593697800,10407.75,1593698160,"{""adverse_ticks"": 1.0, ""stop_buffer_ticks"": 1.0, ""tod"": ""0930_1030"", ""gap_points"": 103.5, ""prior_ret"": 116.25, ""trend_1h"": ""BULLISH"", ""trend_4h"": ""BULLISH"", ""confirm_kind"": ""break""}",360,1h,1,0.005037539355776222,medium,NQ,2.75,14.25,TARGET_HIT,9.5,9.3,0.9789473684210527,1.0,True,False,0.514792899408284,9.5,09:50,ENTERED,10388.75,10407.75,1.0,2020-07-02,True,2020
True,HTF_1H_TREND_FIRST_PULLBACK_5M_BREAK,medium,LONG,10540.25,10540.0,1594044300,10583.25,1594047900,"{""adverse_ticks"": 1.0, ""stop_buffer_ticks"": 1.0, ""tod"": ""0930_1030"", ""gap_points"": 135.25, ""prior_ret"": -33.25, ""trend_1h"": ""BULLISH"", ""trend_4h"": ""BULLISH"", ""confirm_kind"": ""break""}",3600,1h,1,0.004176311958570933,medium,NQ,29.5,44.75,TARGET_HIT,43.0,42.8,0.9953488372093022,1.0,True,False,0.4517766497461929,43.0,10:05,ENTERED,10497.25,10583.25,1.0,2020-07-06,True,2020
False,HTF_1H_TREND_FIRST_PULLBACK_5M_BREAK,medium,LONG,10622.0,10621.75,1594131000,10646.25,1594131120,"{""adverse_ticks"": 1.0, ""stop_buffer_ticks"": 1.0, ""tod"": ""0930_1030"", ""gap_points"": -12.0, ""prior_ret"": 121.0, ""trend_1h"": ""BULLISH"", ""trend_4h"": ""NEUTRAL"", ""confirm_kind"": ""break""}",120,1h,2,0.005498021186340241,medium,NQ,4.5,25.0,TARGET_HIT,24.25,24.05,0.9917525773195877,1.0,True,False,0.5674418604651162,24.25,10:10,ENTERED,10597.75,10646.25,1.0,2020-07-07,True,2020
True,HTF_1H_TREND_FIRST_PULLBACK_5M_BREAK,medium,LONG,10615.75,10615.5,1594219500,10606.75,1594219500,"{""adverse_ticks"": 1.0, ""stop_buffer_ticks"": 1.0, ""tod"": ""1030_1200"", ""gap_points"": 56.75, ""prior_ret"": -62.75, ""trend_1h"": ""BULLISH"", ""trend_4h"": ""BULLISH"", ""confirm_kind"": ""break""}",0,1h,1,0.008612917002799758,strong,NQ,10.0,1.75,STOP_HIT,-9.0,-9.2,-1.0222222222222221,-1.0,False,False,0.5,9.0,10:45,ENTERED,10606.75,10624.75,1.0,2020-07-08,True,2020
False,HTF_1H_TREND_FIRST_PULLBACK_5M_BREAK,medium,SHORT,10574.5,10574.75,1594307100,10653.75,1594310760,"{""adverse_ticks"": 1.0, ""stop_buffer_ticks"": 1.0, ""tod"": ""1030_1200"", ""gap_points"": 79.75, ""prior_ret"": 80.75, ""trend_1h"": ""BEARISH"", ""trend_4h"": ""BULLISH"", ""confirm_kind"": ""break""}",3660,1h,1,-0.009096861699639858,strong,NQ,80.75,14.75,STOP_HIT,-79.25,-79.45,-1.0025236593059936,-1.0,False,False,0.4457831325301205,79.25,11:05,ENTERED,10653.75,10495.25,1.0,2020-07-09,True,2020
True,HTF_1H_TREND_FIRST_PULLBACK_5M_BREAK,medium,LONG,10965.25,10965.0,1594648800,,1594648800,"{""adverse_ticks"": 1.0, ""stop_buffer_ticks"": 1.0, ""tod"": ""0930_1030"", ""gap_points"": 117.0, ""prior_ret"": 86.75, ""trend_1h"": ""BULLISH"", ""trend_4h"": ""BULLISH"", ""confirm_kind"": ""break""}",,1h,3,0.006378780230370307,medium,NQ,5.25,8.75,AMBIGUOUS,,,,,True,True,0.4092827004219409,3.5,10:00,ENTERED,10961.75,10968.75,1.0,2020-07-13,False,2020
True,HTF_1H_TREND_FIRST_PULLBACK_5M_BREAK,medium,SHORT,10368.5,10368.75,1594736100,10449.25,1594736880,"{""adverse_ticks"": 1.0, ""stop_buffer_ticks"": 1.0, ""tod"": ""0930_1030"", ""gap_points"": -105.75, ""prior_ret"": -339.25, ""trend_1h"": ""BEARISH"", ""trend_4h"": ""BEARISH"", ""confirm_kind"": ""break""}",780,1h,2,-0.01483728367193382,strong,NQ,80.5,8.75,STOP_HIT,-80.75,-80.95,-1.0024767801857586,-1.0,False,False,0.5872641509433962,80.75,10:15,ENTERED,10449.25,10287.75,1.0,2020-07-14,True,2020
False,HTF_1H_TREND_FIRST_PULLBACK_5M_BREAK,medium,SHORT,10646.0,10646.25,1594826400,10619.25,1594826520,"{""adverse_ticks"": 1.0, ""stop_buffer_ticks"": 1.0, ""tod"": ""1030_1200"", ""gap_points"": 51.75, ""prior_ret"": 180.25, ""trend_1h"": ""BEARISH"", ""trend_4h"": ""NEUTRAL"", ""confirm_kind"": ""break""}",120,1h,1,-0.002469538475875388,weak,NQ,7.75,30.0,TARGET_HIT,26.75,26.55,0.9925233644859813,1.0,True,False,0.5011933174224343,26.75,11:20,ENTERED,10672.75,10619.25,1.0,2020-07-15,True,2020
True,HTF_1H_TREND_FIRST_PULLBACK_5M_BREAK,medium,SHORT,10503.75,10504.0,1594914300,10529.75,1594914900,"{""adverse_ticks"": 1.0, ""stop_buffer_ticks"": 1.0, ""tod"": ""1030_1200"", ""gap_points"": -116.5, ""prior_ret"": -37.0, ""trend_1h"": ""BEARISH"", ""trend_4h"": ""BEARISH"", ""confirm_kind"": ""break""}",600,1h,1,-0.0022071911712353565,weak,NQ,26.5,2.5,STOP_HIT,-26.0,-26.2,-1.0076923076923077,-1.0,False,False,0.46475195822454307,26.0,11:45,ENTERED,10529.75,10477.75,1.0,2020-07-16,True,2020
True,HTF_1H_TREND_FIRST_PULLBACK_5M_BREAK,medium,LONG,10727.0,10726.75,1595254500,10763.0,1595255160,"{""adverse_ticks"": 1.0, ""stop_buffer_ticks"": 1.0, ""tod"": ""0930_1030"", ""gap_points"": 29.0, ""prior_ret"": -12.75, ""trend_1h"": ""BULLISH"", ""trend_4h"": ""BULLISH"", ""confirm_kind"": ""break""}",660,1h,5,0.004821033817788534,medium,NQ,6.25,37.75,TARGET_HIT,36.0,35.8,0.9944444444444444,1.0,True,False,0.49606299212598426,36.0,10:15,ENTERED,10691.0,10763.0,1.0,2020-07-20,True,2020
True,HTF_1H_TREND_FIRST_PULLBACK_5M_BREAK,medium,SHORT,10953.25,10953.5,1595340300,10945.75,1595340300,"{""adverse_ticks"": 1.0, ""stop_buffer_ticks"": 1.0, ""tod"": ""0930_1030"", ""gap_points"": 65.0, ""prior_ret"": 277.25, ""trend_1h"": ""BEARISH"", ""trend_4h"": ""BEARISH"", ""confirm_kind"": ""break""}",0,1h,2,-0.00930179925314023,strong,NQ,2.0,17.5,TARGET_HIT,7.5,7.3,0.9733333333333333,1.0,True,True,0.5091383812010444,7.5,10:05,ENTERED,10960.75,10945.75,1.0,2020-07-21,False,2020
False,HTF_1H_TREND_FIRST_PULLBACK_5M_BREAK,medium,LONG,10486.25,10486.0,1595603100,10509.5,1595604240,"{""adverse_ticks"": 1.0, ""stop_buffer_ticks"": 1.0, ""tod"": ""1030_1200"", ""gap_points"": -156.5, ""prior_ret"": -270.5, ""trend_1h"": ""BULLISH"", ""trend_4h"": ""BEARISH"", ""confirm_kind"": ""break""}",1140,1h,1,0.00315238936785045,weak,NQ,11.75,28.5,TARGET_HIT,23.25,23.05,0.9913978494623656,1.0,True,False,0.45892351274787535,23.25,11:05,ENTERED,10463.0,10509.5,1.0,2020-07-24,True,2020
True,HTF_1H_TREND_FIRST_PULLBACK_5M_BREAK,medium,LONG,10615.5,10615.25,1595857800,10576.75,1595860140,"{""adverse_ticks"": 1.0, ""stop_buffer_ticks"": 1.0, ""tod"": ""0930_1030"", ""gap_points"": 77.0, ""prior_ret"": 54.25, ""trend_1h"": ""BULLISH"", ""trend_4h"": ""BULLISH"", ""confirm_kind"": ""break""}",2340,1h,4,0.0028757486453085956,weak,NQ,42.25,20.5,STOP_HIT,-38.75,-38.95,-1.0051612903225806,-1.0,False,False,0.52734375,38.75,09:50,ENTERED,10576.75,10654.25,1.0,2020-07-27,True,2020
True,HTF_1H_TREND_FIRST_PULLBACK_5M_BREAK,medium,SHORT,10593.0,10593.25,1595945700,10610.0,1595945760,"{""adverse_ticks"": 1.0, ""stop_buffer_ticks"": 1.0, ""tod"": ""0930_1030"", ""gap_points"": -29.5, ""prior_ret"": 113.75, ""trend_1h"": ""BEARISH"", ""trend_4h"": ""BEARISH"", ""confirm_kind"": ""break""}",60,1h,6,-0.00470024206246622,medium,NQ,22.5,4.5,STOP_HIT,-17.0,-17.2,-1.011764705882353,-1.0,False,False,0.4745762711864407,17.0,10:15,ENTERED,10610.0,10576.0,1.0,2020-07-28,True,2020
True,HTF_1H_TREND_FIRST_PULLBACK_5M_BREAK,medium,LONG,10635.5,10635.25,1596035400,10618.0,1596038400,"{""adverse_ticks"": 1.0, ""stop_buffer_ticks"": 1.0, ""tod"": ""1030_1200"", ""gap_points"": 63.5, ""prior_ret"": -105.75, ""trend_1h"": ""BULLISH"", ""trend_4h"": ""BULLISH"", ""confirm_kind"": ""break""}",3000,1h,1,0.0049361139321224545,medium,NQ,21.75,6.25,STOP_HIT,-17.5,-17.7,-1.0114285714285713,-1.0,False,False,0.42920353982300885,17.5,11:10,ENTERED,10618.0,10653.0,1.0,2020-07-29,True,2020
False,HTF_1H_TREND_FIRST_PULLBACK_5M_BREAK,medium,LONG,10589.25,10589.0,1596122100,,1596122100,"{""adverse_ticks"": 1.0, ""stop_buffer_ticks"": 1.0, ""tod"": ""1030_1200"", ""gap_points"": -83.75, ""prior_ret"": 61.5, ""trend_1h"": ""BULLISH"", ""trend_4h"": ""BEARISH"", ""confirm_kind"": ""break""}",,1h,1,0.006150558062218092,medium,NQ,5.0,6.25,AMBIGUOUS,,,,,True,True,0.5707762557077626,1.75,11:15,ENTERED,10587.5,10591.0,1.0,2020-07-30,True,2020
True,HTF_1H_TREND_FIRST_PULLBACK_5M_BREAK,medium,SHORT,10792.0,10792.25,1596204300,10756.75,1596204600,"{""adverse_ticks"": 1.0, ""stop_buffer_ticks"": 1.0, ""tod"": ""0930_1030"", ""gap_points"": 190.75, ""prior_ret"": 138.5, ""trend_1h"": ""BEARISH"", ""trend_4h"": ""BEARISH"", ""confirm_kind"": ""break""}",300,1h,1,-0.00498655697773287,medium,NQ,14.0,37.0,TARGET_HIT,35.25,35.05,0.9943262411347517,1.0,True,False,0.4038876889848812,35.25,10:05,ENTERED,10827.25,10756.75,1.0,2020-07-31,True,2020
True,HTF_1H_TREND_FIRST_PULLBACK_5M_BREAK,medium,LONG,11043.0,11042.75,1596462300,11004.0,1596465960,"{""adverse_ticks"": 1.0, ""stop_buffer_ticks"": 1.0, ""tod"": ""0930_1030"", ""gap_points"": 89.5, ""prior_ret"": 2.0, ""trend_1h"": ""BULLISH"", ""trend_4h"": ""BULLISH"", ""confirm_kind"": ""break""}",3660,1h,3,0.004800109716793566,medium,NQ,41.25,25.0,STOP_HIT,-39.0,-39.2,-1.005128205128205,-1.0,False,False,0.5374149659863946,39.0,09:45,ENTERED,11004.0,11082.0,1.0,2020-08-03,True,2020
False,HTF_1H_TREND_FIRST_PULLBACK_5M_BREAK,medium,LONG,11059.75,11059.5,1596552000,11046.75,1596553200,"{""adverse_ticks"": 1.0, ""stop_buffer_ticks"": 1.0, ""tod"": ""1030_1200"", ""gap_points"": -23.75, ""prior_ret"": 51.5, ""trend_1h"": ""BULLISH"", ""trend_4h"": ""NEUTRAL"", ""confirm_kind"": ""break""}",1200,1h,1,0.005066109318915046,medium,NQ,13.5,11.75,STOP_HIT,-13.0,-13.2,-1.0153846153846153,-1.0,False,False,0.43656716417910446,13.0,10:40,ENTERED,11046.75,11072.75,1.0,2020-08-04,True,2020
False,HTF_1H_TREND_FIRST_PULLBACK_5M_BREAK,medium,LONG,11129.75,11129.5,1596727500,11118.25,1596727500,"{""adverse_ticks"": 1.0, ""stop_buffer_ticks"": 1.0, ""tod"": ""1030_1200"", ""gap_points"": -12.5, ""prior_ret"": 10.0, ""trend_1h"": ""BULLISH"", ""trend_4h"": ""NEUTRAL"", ""confirm_kind"": ""break""}",0,1h,1,0.004428778018799706,medium,NQ,11.25,0.75,STOP_HIT,-11.5,-11.7,-1.017391304347826,-1.0,False,False,0.5129533678756477,11.5,11:25,ENTERED,11118.25,11141.25,1.0,2020-08-06,True,2020
False,HTF_1H_TREND_FIRST_PULLBACK_5M_BREAK,medium,SHORT,11173.75,11174.0,1596816300,11201.0,1596818160,"{""adverse_ticks"": 1.0, ""stop_buffer_ticks"": 1.0, ""tod"": ""1200_1400"", ""gap_points"": -21.5, ""prior_ret"": 155.5, ""trend_1h"": ""BEARISH"", ""trend_4h"": ""NEUTRAL"", ""confirm_kind"": ""break""}",1860,1h,1,-0.003899895259955821,weak,NQ,31.75,15.0,STOP_HIT,-27.25,-27.45,-1.0073394495412844,-1.0,False,False,0.47107438016528924,27.25,12:05,ENTERED,11201.0,11146.5,1.0,2020-08-07,True,2020
False,HTF_1H_TREND_FIRST_PULLBACK_5M_BREAK,medium,SHORT,11065.75,11066.0,1597068300,11026.5,1597070460,"{""adverse_ticks"": 1.0, ""stop_buffer_ticks"": 1.0, ""tod"": ""0930_1030"", ""gap_points"": 9.5, ""prior_ret"": -104.5, ""trend_1h"": ""BEARISH"", ""trend_4h"": ""NEUTRAL"", ""confirm_kind"": ""break""}",2160,1h,1,-0.003529596906544419,weak,NQ,18.75,39.5,TARGET_HIT,39.25,39.05,0.994904458598726,1.0,True,False,0.5463917525773195,39.25,10:05,ENTERED,11105.0,11026.5,1.0,2020-08-10,True,2020
True,HTF_1H_TREND_FIRST_PULLBACK_5M_BREAK,medium,SHORT,10976.25,10976.5,1597156500,11004.75,1597156680,"{""adverse_ticks"": 1.0, ""stop_buffer_ticks"": 1.0, ""tod"": ""1030_1200"", ""gap_points"": -51.0, ""prior_ret"": -59.5, ""trend_1h"": ""BEARISH"", ""trend_4h"": ""BEARISH"", ""confirm_kind"": ""break""}",180,1h,3,-0.011495027053725737,strong,NQ,37.5,1.25,STOP_HIT,-28.5,-28.7,-1.0070175438596491,-1.0,False,False,0.4239766081871345,28.5,10:35,ENTERED,11004.75,10947.75,1.0,2020-08-11,True,2020
True,HTF_1H_TREND_FIRST_PULLBACK_5M_BREAK,medium,SHORT,11114.75,11115.0,1597417500,11141.0,1597418160,"{""adverse_ticks"": 1.0, ""stop_buffer_ticks"": 1.0, ""tod"": ""1030_1200"", ""gap_points"": 21.0, ""prior_ret"": -3.5, ""trend_1h"": ""BEARISH"", ""trend_4h"": ""BEARISH"", ""confirm_kind"": ""break""}",660,1h,1,-0.0063022393063066895,medium,NQ,27.0,5.5,STOP_HIT,-26.25,-26.45,-1.0076190476190476,-1.0,False,False,0.4710526315789474,26.25,11:05,ENTERED,11141.0,11088.5,1.0,2020-08-14,True,2020
True,HTF_1H_TREND_FIRST_PULLBACK_5M_BREAK,medium,LONG,11257.75,11257.5,1597672500,11273.25,1597672860,"{""adverse_ticks"": 1.0, ""stop_buffer_ticks"": 1.0, ""tod"": ""0930_1030"", ""gap_points"": 69.0, ""prior_ret"": -31.25, ""trend_1h"": ""BULLISH"", ""trend_4h"": ""BULLISH"", ""confirm_kind"": ""break""}",360,1h,1,0.0028583551059602197,weak,NQ,1.25,19.25,TARGET_HIT,15.5,15.3,0.9870967741935485,1.0,True,False,0.4444444444444444,15.5,09:55,ENTERED,11242.25,11273.25,1.0,2020-08-17,True,2020
True,HTF_1H_TREND_FIRST_PULLBACK_5M_BREAK,medium,SHORT,11352.5,11352.75,1597845600,11360.25,1597845600,"{""adverse_ticks"": 1.0, ""stop_buffer_ticks"": 1.0, ""tod"": ""0930_1030"", ""gap_points"": -1.5, ""prior_ret"": 64.0, ""trend_1h"": ""BEARISH"", ""trend_4h"": ""BEARISH"", ""confirm_kind"": ""break""}",0,1h,2,-0.00641067716879995,medium,NQ,10.75,1.75,STOP_HIT,-7.75,-7.95,-1.0258064516129033,-1.0,False,False,0.4009216589861751,7.75,10:00,ENTERED,11360.25,11344.75,1.0,2020-08-19,True,2020
False,HTF_1H_TREND_FIRST_PULLBACK_5M_BREAK,medium,LONG,11538.0,11537.75,1598023500,11510.5,1598024040,"{""adverse_ticks"": 1.0, ""stop_buffer_ticks"": 1.0, ""tod"": ""1030_1200"", ""gap_points"": 7.25, ""prior_ret"": 189.5, ""trend_1h"": ""BULLISH"", ""trend_4h"": ""NEUTRAL"", ""confirm_kind"": ""break""}",540,1h,1,0.007306752748211576,medium,NQ,28.25,2.0,STOP_HIT,-27.5,-27.7,-1.0072727272727273,-1.0,False,False,0.4723127035830619,27.5,11:25,ENTERED,11510.5,11565.5,1.0,2020-08-21,True,2020
False,HTF_1H_TREND_FIRST_PULLBACK_5M_BREAK,medium,SHORT,11589.0,11589.25,1598282400,11570.25,1598282820,"{""adverse_ticks"": 1.0, ""stop_buffer_ticks"": 1.0, ""tod"": ""1030_1200"", ""gap_points"": 132.75, ""prior_ret"": 73.25, ""trend_1h"": ""BEARISH"", ""trend_4h"": ""BULLISH"", ""confirm_kind"": ""break""}",420,1h,1,-0.0100942991855979,strong,NQ,4.5,25.25,TARGET_HIT,18.75,18.55,0.9893333333333334,1.0,True,False,0.45125786163522014,18.75,11:20,ENTERED,11607.75,11570.25,1.0,2020-08-24,True,2020
False,HTF_1H_TREND_FIRST_PULLBACK_5M_BREAK,medium,LONG,11630.75,11630.5,1598372100,,1598372100,"{""adverse_ticks"": 1.0, ""stop_buffer_ticks"": 1.0, ""tod"": ""1200_1400"", ""gap_points"": -35.0, ""prior_ret"": -61.0, ""trend_1h"": ""BULLISH"", ""trend_4h"": ""BEARISH"", ""confirm_kind"": ""break""}",,1h,1,0.0032273333620207456,weak,NQ,6.0,6.75,AMBIGUOUS,,,,,True,False,0.4114713216957606,6.0,12:15,ENTERED,11624.75,11636.75,1.0,2020-08-25,True,2020
True,HTF_1H_TREND_FIRST_PULLBACK_5M_BREAK,medium,LONG,11806.0,11805.75,1598452200,11828.25,1598452800,"{""adverse_ticks"": 1.0, ""stop_buffer_ticks"": 1.0, ""tod"": ""1030_1200"", ""gap_points"": 53.0, ""prior_ret"": 124.0, ""trend_1h"": ""BULLISH"", ""trend_4h"": ""BULLISH"", ""confirm_kind"": ""break""}",600,1h,1,0.0024452997086903405,weak,NQ,0.5,24.5,TARGET_HIT,22.25,22.05,0.9910112359550562,1.0,True,False,0.5227272727272727,22.25,10:30,ENTERED,11783.75,11828.25,1.0,2020-08-26,True,2020
False,HTF_1H_TREND_FIRST_PULLBACK_5M_BREAK,medium,LONG,12074.5,12074.25,1598889000,12092.25,1598890200,"{""adverse_ticks"": 1.0, ""stop_buffer_ticks"": 1.0, ""tod"": ""1030_1200"", ""gap_points"": 26.0, ""prior_ret"": 11.75, ""trend_1h"": ""BULLISH"", ""trend_4h"": ""BEARISH"", ""confirm_kind"": ""break""}",1200,1h,1,0.0032582077781928565,weak,NQ,15.75,19.0,TARGET_HIT,17.75,17.55,0.9887323943661972,1.0,True,False,0.5239520958083832,17.75,11:50,ENTERED,12056.75,12092.25,1.0,2020-08-31,True,2020
True,HTF_1H_TREND_FIRST_PULLBACK_5M_BREAK,medium,LONG,12251.5,12251.25,1598980800,12269.25,1598982000,"{""adverse_ticks"": 1.0, ""stop_buffer_ticks"": 1.0, ""tod"": ""1200_1400"", ""gap_points"": 106.0, ""prior_ret"": 75.5, ""trend_1h"": ""BULLISH"", ""trend_4h"": ""BULLISH"", ""confirm_kind"": ""break""}",1200,1h,1,0.005127468876263919,medium,NQ,6.5,23.5,TARGET_HIT,17.75,17.55,0.9887323943661972,1.0,True,False,0.49310344827586206,17.75,13:20,ENTERED,12233.75,12269.25,1.0,2020-09-01,True,2020
True,HTF_1H_TREND_FIRST_PULLBACK_5M_BREAK,medium,SHORT,12347.0,12347.25,1599057000,,1599057000,"{""adverse_ticks"": 1.0, ""stop_buffer_ticks"": 1.0, ""tod"": ""1030_1200"", ""gap_points"": 138.25, ""prior_ret"": 95.25, ""trend_1h"": ""BEARISH"", ""trend_4h"": ""BEARISH"", ""confirm_kind"": ""break""}",,1h,1,-0.016595428731964734,strong,NQ,1.75,19.25,AMBIGUOUS,,,,,True,True,0.49538866930171277,2.0,10:30,ENTERED,12349.0,12345.0,1.0,2020-09-02,False,2020
True,HTF_1H_TREND_FIRST_PULLBACK_5M_BREAK,medium,SHORT,12175.75,12176.0,1599141600,12186.5,1599141600,"{""adverse_ticks"": 1.0, ""stop_buffer_ticks"": 1.0, ""tod"": ""0930_1030"", ""gap_points"": -186.0, ""prior_ret"": -22.0, ""trend_1h"": ""BEARISH"", ""trend_4h"": ""BEARISH"", ""confirm_kind"": ""break""}",0,1h,5,-0.009778410245984914,strong,NQ,11.75,6.25,STOP_HIT,-10.75,-10.95,-1.0186046511627906,-1.0,False,False,0.5835616438356165,10.75,10:00,ENTERED,12186.5,12165.0,1.0,2020-09-03,True,2020
True,HTF_1H_TREND_FIRST_PULLBACK_5M_BREAK,medium,SHORT,11471.0,11471.25,1599228900,11329.5,1599230040,"{""adverse_ticks"": 1.0, ""stop_buffer_ticks"": 1.0, ""tod"": ""0930_1030"", ""gap_points"": -58.75, ""prior_ret"": -451.5, ""trend_1h"": ""BEARISH"", ""trend_4h"": ""BEARISH"", ""confirm_kind"": ""break""}",1140,1h,3,-0.02111645854092903,strong,NQ,27.0,148.0,TARGET_HIT,141.5,141.3,0.9985865724381626,1.0,True,False,0.5223004694835681,141.5,10:15,ENTERED,11612.5,11329.5,1.0,2020-09-04,True,2020
False,HTF_1H_TREND_FIRST_PULLBACK_5M_BREAK,medium,LONG,11247.25,11247.0,1599584700,,1599584700,"{""adverse_ticks"": 1.0, ""stop_buffer_ticks"": 1.0, ""tod"": ""1200_1400"", ""gap_points"": -460.75, ""prior_ret"": -95.0, ""trend_1h"": ""BULLISH"", ""trend_4h"": ""BEARISH"", ""confirm_kind"": ""break""}",,1h,1,0.004722129413075038,medium,NQ,15.5,5.25,AMBIGUOUS,,,,,True,True,0.5689655172413793,2.5,13:05,ENTERED,11244.75,11249.75,1.0,2020-09-08,False,2020
True,HTF_1H_TREND_FIRST_PULLBACK_5M_BREAK,medium,SHORT,11144.5,11144.75,1599833700,11182.0,1599833940,"{""adverse_ticks"": 1.0, ""stop_buffer_ticks"": 1.0, ""tod"": ""0930_1030"", ""gap_points"": 87.0, ""prior_ret"": -360.0, ""trend_1h"": ""BEARISH"", ""trend_4h"": ""BEARISH"", ""confirm_kind"": ""break""}",240,1h,2,-0.01627039318277146,strong,NQ,50.5,28.75,STOP_HIT,-37.5,-37.7,-1.0053333333333334,-1.0,False,False,0.47925311203319504,37.5,10:15,ENTERED,11182.0,11107.0,1.0,2020-09-11,True,2020
True,HTF_1H_TREND_FIRST_PULLBACK_5M_BREAK,medium,LONG,11307.0,11306.75,1600092300,11345.25,1600093740,"{""adverse_ticks"": 1.0, ""stop_buffer_ticks"": 1.0, ""tod"": ""0930_1030"", ""gap_points"": 144.0, ""prior_ret"": -159.0, ""trend_1h"": ""BULLISH"", ""trend_4h"": ""BULLISH"", ""confirm_kind"": ""break""}",1440,1h,1,0.009572374306673792,strong,NQ,11.5,42.5,TARGET_HIT,38.25,38.05,0.9947712418300653,1.0,True,False,0.4066666666666667,38.25,10:05,ENTERED,11268.75,11345.25,1.0,2020-09-14,True,2020
False,HTF_1H_TREND_FIRST_PULLBACK_5M_BREAK,medium,SHORT,11395.0,11395.25,1600266900,11371.25,1600266960,"{""adverse_ticks"": 1.0, ""stop_buffer_ticks"": 1.0, ""tod"": ""1030_1200"", ""gap_points"": 28.75, ""prior_ret"": 6.25, ""trend_1h"": ""BEARISH"", ""trend_4h"": ""NEUTRAL"", ""confirm_kind"": ""break""}",60,1h,2,-0.005214670606640048,medium,NQ,5.25,25.25,TARGET_HIT,23.75,23.55,0.9915789473684211,1.0,True,False,0.4646840148698885,23.75,10:35,ENTERED,11418.75,11371.25,1.0,2020-09-16,True,2020
False,HTF_1H_TREND_FIRST_PULLBACK_5M_BREAK,medium,SHORT,11010.25,11010.5,1600783800,11025.25,1600783800,"{""adverse_ticks"": 1.0, ""stop_buffer_ticks"": 1.0, ""tod"": ""0930_1030"", ""gap_points"": 103.5, ""prior_ret"": 206.0, ""trend_1h"": ""BEARISH"", ""trend_4h"": ""BULLISH"", ""confirm_kind"": ""break""}",0,1h,1,-0.003891754909946643,weak,NQ,21.0,2.5,STOP_HIT,-15.0,-15.2,-1.0133333333333332,-1.0,False,False,0.4817987152034261,15.0,10:10,ENTERED,11025.25,10995.25,1.0,2020-09-22,False,2020
True,HTF_1H_TREND_FIRST_PULLBACK_5M_BREAK,medium,SHORT,11055.0,11055.25,1600870200,11004.75,1600876200,"{""adverse_ticks"": 1.0, ""stop_buffer_ticks"": 1.0, ""tod"": ""0930_1030"", ""gap_points"": -11.75, ""prior_ret"": 97.5, ""trend_1h"": ""BEARISH"", ""trend_4h"": ""BEARISH"", ""confirm_kind"": ""break""}",6000,1h,3,-0.01243232404251049,strong,NQ,47.0,51.25,TARGET_HIT,50.25,50.05,0.9960199004975124,1.0,True,False,0.4,50.25,10:10,ENTERED,11105.25,11004.75,1.0,2020-09-23,True,2020
True,HTF_1H_TREND_FIRST_PULLBACK_5M_BREAK,medium,LONG,10899.25,10899.0,1600956300,10808.0,1600957860,"{""adverse_ticks"": 1.0, ""stop_buffer_ticks"": 1.0, ""tod"": ""0930_1030"", ""gap_points"": -101.25, ""prior_ret"": -332.25, ""trend_1h"": ""BULLISH"", ""trend_4h"": ""BULLISH"", ""confirm_kind"": ""break""}",1560,1h,1,0.006035423292091169,medium,NQ,92.5,38.0,STOP_HIT,-91.25,-91.45,-1.0021917808219178,-1.0,False,False,0.4218241042345277,91.25,10:05,ENTERED,10808.0,10990.5,1.0,2020-09-24,True,2020
False,HTF_1H_TREND_FIRST_PULLBACK_5M_BREAK,medium,LONG,10955.75,10955.5,1601044500,10986.5,1601045640,"{""adverse_ticks"": 1.0, ""stop_buffer_ticks"": 1.0, ""tod"": ""1030_1200"", ""gap_points"": 16.75, ""prior_ret"": 159.0, ""trend_1h"": ""BULLISH"", ""trend_4h"": ""BEARISH"", ""confirm_kind"": ""break""}",1140,1h,1,0.0033355570380253496,weak,NQ,17.75,32.25,TARGET_HIT,30.75,30.55,0.9934959349593496,1.0,True,False,0.4258373205741627,30.75,10:35,ENTERED,10925.0,10986.5,1.0,2020-09-25,True,2020
False,HTF_1H_TREND_FIRST_PULLBACK_5M_BREAK,medium,SHORT,11296.75,11297.0,1601306700,,1601306700,"{""adverse_ticks"": 1.0, ""stop_buffer_ticks"": 1.0, ""tod"": ""1030_1200"", ""gap_points"": 207.5, ""prior_ret"": 238.0, ""trend_1h"": ""BEARISH"", ""trend_4h"": ""BULLISH"", ""confirm_kind"": ""break""}",,1h,1,-0.007198374845433619,medium,NQ,3.0,3.5,AMBIGUOUS,,,,,True,True,0.4928909952606635,1.75,11:25,ENTERED,11298.5,11295.0,1.0,2020-09-28,False,2020
True,HTF_1H_TREND_FIRST_PULLBACK_5M_BREAK,medium,SHORT,11308.25,11308.5,1601391000,11328.5,1601391420,"{""adverse_ticks"": 1.0, ""stop_buffer_ticks"": 1.0, ""tod"": ""1030_1200"", ""gap_points"": -13.5, ""prior_ret"": 18.75, ""trend_1h"": ""BEARISH"", ""trend_4h"": ""BEARISH"", ""confirm_kind"": ""break""}",420,1h,1,-0.002110678715124381,weak,NQ,20.25,10.0,STOP_HIT,-20.25,-20.45,-1.0098765432098764,-1.0,False,False,0.5823529411764706,20.25,10:50,ENTERED,11328.5,11288.0,1.0,2020-09-29,True,2020
True,HTF_1H_TREND_FIRST_PULLBACK_5M_BREAK,medium,LONG,11444.5,11444.25,1601486400,11467.0,1601487240,"{""adverse_ticks"": 1.0, ""stop_buffer_ticks"": 1.0, ""tod"": ""1200_1400"", ""gap_points"": 10.25, ""prior_ret"": -36.25, ""trend_1h"": ""BULLISH"", ""trend_4h"": ""BULLISH"", ""confirm_kind"": ""break""}",840,1h,8,0.012994187973746518,strong,NQ,12.5,23.5,TARGET_HIT,22.5,22.3,0.9911111111111112,1.0,True,False,0.4268456375838926,22.5,13:20,ENTERED,11422.0,11467.0,1.0,2020-09-30,True,2020
False,HTF_1H_TREND_FIRST_PULLBACK_5M_BREAK,medium,SHORT,11497.0,11497.25,1601565300,11527.5,1601565900,"{""adverse_ticks"": 1.0, ""stop_buffer_ticks"": 1.0, ""tod"": ""1030_1200"", ""gap_points"": 153.25, ""prior_ret"": 82.25, ""trend_1h"": ""BEARISH"", ""trend_4h"": ""BULLISH"", ""confirm_kind"": ""break""}",600,1h,1,-0.0035691109669045984,weak,NQ,32.25,4.75,STOP_HIT,-30.5,-30.7,-1.0065573770491802,-1.0,False,False,0.5070422535211268,30.5,11:15,ENTERED,11527.5,11466.5,1.0,2020-10-01,True,2020
False,HTF_1H_TREND_FIRST_PULLBACK_5M_BREAK,medium,LONG,11427.25,11427.0,1601647500,11367.0,1601652600,"{""adverse_ticks"": 1.0, ""stop_buffer_ticks"": 1.0, ""tod"": ""0930_1030"", ""gap_points"": -256.25, ""prior_ret"": 17.0, ""trend_1h"": ""BULLISH"", ""trend_4h"": ""BEARISH"", ""confirm_kind"": ""break""}",5100,1h,1,0.007107226415927315,medium,NQ,61.75,41.75,STOP_HIT,-60.25,-60.45,-1.0033195020746888,-1.0,False,False,0.5496688741721855,60.25,10:05,ENTERED,11367.0,11487.5,1.0,2020-10-02,True,2020
True,HTF_1H_TREND_FIRST_PULLBACK_5M_BREAK,medium,LONG,11405.5,11405.25,1601921700,11424.0,1601923140,"{""adverse_ticks"": 1.0, ""stop_buffer_ticks"": 1.0, ""tod"": ""1400_1530"", ""gap_points"": 81.0, ""prior_ret"": -72.0, ""trend_1h"": ""BULLISH"", ""trend_4h"": ""BULLISH"", ""confirm_kind"": ""break""}",1440,1h,4,0.0037832130916768403,weak,NQ,16.0,20.25,TARGET_HIT,18.5,18.3,0.9891891891891892,1.0,True,False,0.4381139489194499,18.5,14:15,ENTERED,11387.0,11424.0,1.0,2020-10-05,True,2020
False,HTF_1H_TREND_FIRST_PULLBACK_5M_BREAK,medium,LONG,11490.75,11490.5,1601993700,11469.0,1601994840,"{""adverse_ticks"": 1.0, ""stop_buffer_ticks"": 1.0, ""tod"": ""0930_1030"", ""gap_points"": -41.75, ""prior_ret"": 163.5, ""trend_1h"": ""BULLISH"", ""trend_4h"": ""NEUTRAL"", ""confirm_kind"": ""break""}",1140,1h,1,0.0024740010946906477,weak,NQ,21.5,8.25,STOP_HIT,-21.75,-21.95,-1.0091954022988505,-1.0,False,False,0.4144736842105263,21.75,10:15,ENTERED,11469.0,11512.5,1.0,2020-10-06,True,2020
True,HTF_1H_TREND_FIRST_PULLBACK_5M_BREAK,medium,LONG,11425.25,11425.0,1602078300,11407.5,1602079080,"{""adverse_ticks"": 1.0, ""stop_buffer_ticks"": 1.0, ""tod"": ""0930_1030"", ""gap_points"": 109.75, ""prior_ret"": -171.25, ""trend_1h"": ""BULLISH"", ""trend_4h"": ""BULLISH"", ""confirm_kind"": ""break""}",780,1h,1,0.0038393645189762626,weak,NQ,17.5,12.75,STOP_HIT,-17.75,-17.95,-1.0112676056338028,-1.0,False,False,0.5135135135135135,17.75,09:45,ENTERED,11407.5,11443.0,1.0,2020-10-07,True,2020
True,HTF_1H_TREND_FIRST_PULLBACK_5M_BREAK,medium,LONG,11643.0,11642.75,1602252300,11617.25,1602252780,"{""adverse_ticks"": 1.0, ""stop_buffer_ticks"": 1.0, ""tod"": ""0930_1030"", ""gap_points"": 65.5, ""prior_ret"": -35.0, ""trend_1h"": ""BULLISH"", ""trend_4h"": ""BULLISH"", ""confirm_kind"": ""break""}",480,1h,2,0.005401784749681227,medium,NQ,27.5,0.5,STOP_HIT,-25.75,-25.95,-1.007766990291262,-1.0,False,False,0.5866666666666667,25.75,10:05,ENTERED,11617.25,11668.75,1.0,2020-10-09,True,2020
True,HTF_1H_TREND_FIRST_PULLBACK_5M_BREAK,medium,LONG,11934.25,11934.0,1602514200,11942.75,1602514260,"{""adverse_ticks"": 1.0, ""stop_buffer_ticks"": 1.0, ""tod"": ""1030_1200"", ""gap_points"": 200.25, ""prior_ret"": 109.5, ""trend_1h"": ""BULLISH"", ""trend_4h"": ""BULLISH"", ""confirm_kind"": ""break""}",60,1h,7,0.004414684635207555,medium,NQ,0.0,10.75,TARGET_HIT,8.5,8.3,0.9764705882352942,1.0,True,False,0.5869565217391305,8.5,10:50,ENTERED,11925.75,11942.75,1.0,2020-10-12,True,2020
False,HTF_1H_TREND_FIRST_PULLBACK_5M_BREAK,medium,SHORT,12067.0,12067.25,1602598200,12034.0,1602598320,"{""adverse_ticks"": 1.0, ""stop_buffer_ticks"": 1.0, ""tod"": ""0930_1030"", ""gap_points"": 77.25, ""prior_ret"": 161.75, ""trend_1h"": ""BEARISH"", ""trend_4h"": ""BULLISH"", ""confirm_kind"": ""break""}",120,1h,1,-0.009338903907593954,strong,NQ,10.25,34.25,TARGET_HIT,33.0,32.8,0.9939393939393939,1.0,True,False,0.5242105263157895,33.0,10:10,ENTERED,12100.0,12034.0,1.0,2020-10-13,True,2020
True,HTF_1H_TREND_FIRST_PULLBACK_5M_BREAK,medium,SHORT,11983.75,11984.0,1602699600,11964.5,1602699960,"{""adverse_ticks"": 1.0, ""stop_buffer_ticks"": 1.0, ""tod"": ""1400_1530"", ""gap_points"": 37.25, ""prior_ret"": -76.75, ""trend_1h"": ""BEARISH"", ""trend_4h"": ""BEARISH"", ""confirm_kind"": ""break""}",360,1h,3,-0.013580068827662939,strong,NQ,5.25,27.0,TARGET_HIT,19.25,19.05,0.9896103896103896,1.0,True,False,0.43556085918854415,19.25,14:20,ENTERED,12003.0,11964.5,1.0,2020-10-14,True,2020
True,HTF_1H_TREND_FIRST_PULLBACK_5M_BREAK,medium,LONG,11994.5,11994.25,1602859500,11999.0,1602859500,"{""adverse_ticks"": 1.0, ""stop_buffer_ticks"": 1.0, ""tod"": ""1030_1200"", ""gap_points"": 70.75, ""prior_ret"": 115.0, ""trend_1h"": ""BULLISH"", ""trend_4h"": ""BULLISH"", ""confirm_kind"": ""break""}",0,1h,3,0.005632618747372753,medium,NQ,0.5,4.75,TARGET_HIT,4.5,4.3,0.9555555555555555,1.0,True,False,0.4344262295081967,4.5,10:45,ENTERED,11990.0,11999.0,1.0,2020-10-16,True,2020
True,HTF_1H_TREND_FIRST_PULLBACK_5M_BREAK,medium,SHORT,11825.75,11826.0,1603116600,11774.75,1603118220,"{""adverse_ticks"": 1.0, ""stop_buffer_ticks"": 1.0, ""tod"": ""0930_1030"", ""gap_points"": 82.5, ""prior_ret"": -134.0, ""trend_1h"": ""BEARISH"", ""trend_4h"": ""BEARISH"", ""confirm_kind"": ""break""}",1620,1h,2,-0.004485338810756412,medium,NQ,43.75,56.75,TARGET_HIT,51.0,50.8,0.9960784313725489,1.0,True,False,0.4567901234567901,51.0,10:10,ENTERED,11876.75,11774.75,1.0,2020-10-19,True,2020
True,HTF_1H_TREND_FIRST_PULLBACK_5M_BREAK,medium,LONG,11734.25,11734.0,1603290900,11726.5,1603290960,"{""adverse_ticks"": 1.0, ""stop_buffer_ticks"": 1.0, ""tod"": ""1030_1200"", ""gap_points"": 7.0, ""prior_ret"": -3.5, ""trend_1h"": ""BULLISH"", ""trend_4h"": ""BULLISH"", ""confirm_kind"": ""break""}",60,1h,2,0.008307106001241849,strong,NQ,11.5,3.0,STOP_HIT,-7.75,-7.95,-1.0258064516129033,-1.0,False,False,0.43478260869565216,7.75,10:35,ENTERED,11726.5,11742.0,1.0,2020-10-21,False,2020
False,HTF_1H_TREND_FIRST_PULLBACK_5M_BREAK,medium,SHORT,11548.75,11549.0,1603379400,11588.0,1603379640,"{""adverse_ticks"": 1.0, ""stop_buffer_ticks"": 1.0, ""tod"": ""1030_1200"", ""gap_points"": 33.75, ""prior_ret"": -17.5, ""trend_1h"": ""BEARISH"", ""trend_4h"": ""BULLISH"", ""confirm_kind"": ""break""}",240,1h,1,-0.009484862758532109,strong,NQ,55.75,0.5,STOP_HIT,-39.25,-39.45,-1.0050955414012739,-1.0,False,False,0.43794579172610554,39.25,11:10,ENTERED,11588.0,11509.5,1.0,2020-10-22,True,2020
True,HTF_1H_TREND_FIRST_PULLBACK_5M_BREAK,medium,SHORT,11578.0,11578.25,1603461900,11628.5,1603465800,"{""adverse_ticks"": 1.0, ""stop_buffer_ticks"": 1.0, ""tod"": ""0930_1030"", ""gap_points"": 23.25, ""prior_ret"": -32.0, ""trend_1h"": ""BEARISH"", ""trend_4h"": ""BEARISH"", ""confirm_kind"": ""break""}",3900,1h,1,-0.0033678700903103653,weak,NQ,53.75,10.5,STOP_HIT,-50.5,-50.7,-1.003960396039604,-1.0,False,False,0.4355300859598854,50.5,10:05,ENTERED,11628.5,11527.5,1.0,2020-10-23,True,2020
False,HTF_1H_TREND_FIRST_PULLBACK_5M_BREAK,medium,SHORT,11483.0,11483.25,1603725600,11428.25,1603730820,"{""adverse_ticks"": 1.0, ""stop_buffer_ticks"": 1.0, ""tod"": ""1030_1200"", ""gap_points"": -104.25, ""prior_ret"": 2.5, ""trend_1h"": ""BEARISH"", ""trend_4h"": ""BULLISH"", ""confirm_kind"": ""break""}",5220,1h,1,-0.003024738036080832,weak,NQ,27.0,60.5,TARGET_HIT,54.75,54.55,0.9963470319634703,1.0,True,False,0.5603448275862069,54.75,11:20,ENTERED,11537.75,11428.25,1.0,2020-10-26,True,2020
True,HTF_1H_TREND_FIRST_PULLBACK_5M_BREAK,medium,SHORT,11289.0,11289.25,1603894200,11241.0,1603894620,"{""adverse_ticks"": 1.0, ""stop_buffer_ticks"": 1.0, ""tod"": ""0930_1030"", ""gap_points"": -185.75, ""prior_ret"": 51.25, ""trend_1h"": ""BEARISH"", ""trend_4h"": ""BEARISH"", ""confirm_kind"": ""break""}",420,1h,6,-0.0147103691757835,strong,NQ,9.5,53.25,TARGET_HIT,48.0,47.8,0.9958333333333332,1.0,True,False,0.5251396648044693,48.0,10:10,ENTERED,11337.0,11241.0,1.0,2020-10-28,True,2020
True,HTF_1H_TREND_FIRST_PULLBACK_5M_BREAK,medium,LONG,11298.0,11297.75,1603988100,11332.75,1603990200,"{""adverse_ticks"": 1.0, ""stop_buffer_ticks"": 1.0, ""tod"": ""1200_1400"", ""gap_points"": 52.25, ""prior_ret"": -263.0, ""trend_1h"": ""BULLISH"", ""trend_4h"": ""BULLISH"", ""confirm_kind"": ""break""}",2100,1h,2,0.011995515695067294,strong,NQ,3.5,36.25,TARGET_HIT,34.75,34.55,0.9942446043165467,1.0,True,False,0.4939965694682676,34.75,12:15,ENTERED,11263.25,11332.75,1.0,2020-10-29,True,2020
True,HTF_1H_TREND_FIRST_PULLBACK_5M_BREAK,medium,SHORT,11066.75,11067.0,1604075700,11035.75,1604076240,"{""adverse_ticks"": 1.0, ""stop_buffer_ticks"": 1.0, ""tod"": ""1200_1400"", ""gap_points"": -78.5, ""prior_ret"": 135.0, ""trend_1h"": ""BEARISH"", ""trend_4h"": ""BEARISH"", ""confirm_kind"": ""break""}",540,1h,2,-0.019991985395609757,strong,NQ,0.25,32.5,TARGET_HIT,31.0,30.8,0.9935483870967742,1.0,True,False,0.44026340545625586,31.0,12:35,ENTERED,11097.75,11035.75,1.0,2020-10-30,True,2020
False,HTF_1H_TREND_FIRST_PULLBACK_5M_BREAK,medium,SHORT,11072.75,11073.0,1604334300,11037.5,1604338680,"{""adverse_ticks"": 1.0, ""stop_buffer_ticks"": 1.0, ""tod"": ""1030_1200"", ""gap_points"": 84.0, ""prior_ret"": -191.0, ""trend_1h"": ""BEARISH"", ""trend_4h"": ""BULLISH"", ""confirm_kind"": ""break""}",4380,1h,1,-0.0048768483926534545,medium,NQ,34.0,37.75,TARGET_HIT,35.25,35.05,0.9943262411347517,1.0,True,False,0.5315985130111525,35.25,11:25,ENTERED,11108.0,11037.5,1.0,2020-11-02,True,2020
True,HTF_1H_TREND_FIRST_PULLBACK_5M_BREAK,medium,LONG,11241.25,11241.0,1604416200,11286.5,1604416620,"{""adverse_ticks"": 1.0, ""stop_buffer_ticks"": 1.0, ""tod"": ""0930_1030"", ""gap_points"": 75.75, ""prior_ret"": -70.5, ""trend_1h"": ""BULLISH"", ""trend_4h"": ""BULLISH"", ""confirm_kind"": ""break""}",420,1h,1,0.005070789113509333,medium,NQ,7.0,51.75,TARGET_HIT,45.25,45.05,0.9955801104972375,1.0,True,False,0.4375,45.25,10:10,ENTERED,11196.0,11286.5,1.0,2020-11-03,True,2020
True,HTF_1H_TREND_FIRST_PULLBACK_5M_BREAK,medium,LONG,11729.75,11729.5,1604502900,11776.75,1604503260,"{""adverse_ticks"": 1.0, ""stop_buffer_ticks"": 1.0, ""tod"": ""0930_1030"", ""gap_points"": 370.5, ""prior_ret"": 112.5, ""trend_1h"": ""BULLISH"", ""trend_4h"": ""BULLISH"", ""confirm_kind"": ""break""}",360,1h,6,0.010587061222718797,strong,NQ,11.5,53.75,TARGET_HIT,47.0,46.8,0.9957446808510638,1.0,True,False,0.41424802110817943,47.0,10:15,ENTERED,11682.75,11776.75,1.0,2020-11-04,True,2020
False,HTF_1H_TREND_FIRST_PULLBACK_5M_BREAK,medium,SHORT,11980.5,11980.75,1604597700,12002.5,1604597760,"{""adverse_ticks"": 1.0, ""stop_buffer_ticks"": 1.0, ""tod"": ""1200_1400"", ""gap_points"": 270.25, ""prior_ret"": 132.25, ""trend_1h"": ""BEARISH"", ""trend_4h"": ""BULLISH"", ""confirm_kind"": ""break""}",60,1h,1,-0.004822718522964786,medium,NQ,22.25,4.0,STOP_HIT,-22.0,-22.2,-1.009090909090909,-1.0,False,False,0.5152838427947598,22.0,12:35,ENTERED,12002.5,11958.5,1.0,2020-11-05,True,2020
True,HTF_1H_TREND_FIRST_PULLBACK_5M_BREAK,medium,LONG,11791.25,11791.0,1605107100,11811.25,1605107220,"{""adverse_ticks"": 1.0, ""stop_buffer_ticks"": 1.0, ""tod"": ""0930_1030"", ""gap_points"": 99.5, ""prior_ret"": -71.75, ""trend_1h"": ""BULLISH"", ""trend_4h"": ""BULLISH"", ""confirm_kind"": ""break""}",120,1h,1,0.0038113488768232173,weak,NQ,2.25,21.25,TARGET_HIT,20.0,19.8,0.99,1.0,True,False,0.5218390804597701,20.0,10:05,ENTERED,11771.25,11811.25,1.0,2020-11-11,True,2020
False,HTF_1H_TREND_FIRST_PULLBACK_5M_BREAK,medium,SHORT,11813.75,11814.0,1605207000,11840.75,1605207120,"{""adverse_ticks"": 1.0, ""stop_buffer_ticks"": 1.0, ""tod"": ""1200_1400"", ""gap_points"": 37.5, ""prior_ret"": 160.5, ""trend_1h"": ""BEARISH"", ""trend_4h"": ""BULLISH"", ""confirm_kind"": ""break""}",120,1h,1,-0.0066507217186975165,medium,NQ,34.5,3.75,STOP_HIT,-27.0,-27.2,-1.0074074074074073,-1.0,False,False,0.4088291746641075,27.0,13:50,ENTERED,11840.75,11786.75,1.0,2020-11-12,True,2020
False,HTF_1H_TREND_FIRST_PULLBACK_5M_BREAK,medium,SHORT,11848.0,11848.25,1605280800,11863.25,1605281160,"{""adverse_ticks"": 1.0, ""stop_buffer_ticks"": 1.0, ""tod"": ""0930_1030"", ""gap_points"": 66.0, ""prior_ret"": -93.75, ""trend_1h"": ""BEARISH"", ""trend_4h"": ""BULLISH"", ""confirm_kind"": ""break""}",360,1h,2,-0.0025185216278045264,weak,NQ,18.25,2.5,STOP_HIT,-15.25,-15.45,-1.0131147540983607,-1.0,False,False,0.43564356435643564,15.25,10:20,ENTERED,11863.25,11832.75,1.0,2020-11-13,True,2020
False,HTF_1H_TREND_FIRST_PULLBACK_5M_BREAK,medium,LONG,11992.75,11992.5,1605545700,11973.0,1605547200,"{""adverse_ticks"": 1.0, ""stop_buffer_ticks"": 1.0, ""tod"": ""1030_1200"", ""gap_points"": -17.0, ""prior_ret"": 42.75, ""trend_1h"": ""BULLISH"", ""trend_4h"": ""BEARISH"", ""confirm_kind"": ""break""}",1500,1h,1,0.007335834503573668,medium,NQ,28.25,13.75,STOP_HIT,-19.75,-19.95,-1.010126582278481,-1.0,False,False,0.4587737843551797,19.75,11:55,ENTERED,11973.0,12012.5,1.0,2020-11-16,True,2020
True,HTF_1H_TREND_FIRST_PULLBACK_5M_BREAK,medium,SHORT,12001.25,12001.5,1605626700,12006.75,1605626760,"{""adverse_ticks"": 1.0, ""stop_buffer_ticks"": 1.0, ""tod"": ""0930_1030"", ""gap_points"": 14.25, ""prior_ret"": 98.0, ""trend_1h"": ""BEARISH"", ""trend_4h"": ""BEARISH"", ""confirm_kind"": ""break""}",60,1h,1,-0.004575992678411689,medium,NQ,6.5,4.75,STOP_HIT,-5.5,-5.7,-1.0363636363636364,-1.0,False,False,0.43018867924528303,5.5,10:25,ENTERED,12006.75,11995.75,1.0,2020-11-17,False,2020
True,HTF_1H_TREND_FIRST_PULLBACK_5M_BREAK,medium,SHORT,11931.75,11932.0,1605711900,11933.75,1605711900,"{""adverse_ticks"": 1.0, ""stop_buffer_ticks"": 1.0, ""tod"": ""0930_1030"", ""gap_points"": -17.75, ""prior_ret"": -50.75, ""trend_1h"": ""BEARISH"", ""trend_4h"": ""BEARISH"", ""confirm_kind"": ""break""}",0,1h,1,-0.006910332195487423,medium,NQ,4.5,2.0,STOP_HIT,-2.0,-2.2,-1.1,-1.0,True,False,0.4207650273224044,2.0,10:05,ENTERED,11933.75,11929.75,1.0,2020-11-18,True,2020
True,HTF_1H_TREND_FIRST_PULLBACK_5M_BREAK,medium,LONG,11915.25,11915.0,1605798300,11901.25,1605798420,"{""adverse_ticks"": 1.0, ""stop_buffer_ticks"": 1.0, ""tod"": ""0930_1030"", ""gap_points"": -22.5, ""prior_ret"": -67.25, ""trend_1h"": ""BULLISH"", ""trend_4h"": ""BULLISH"", ""confirm_kind"": ""break""}",120,1h,3,0.006289971927306404,medium,NQ,15.0,4.25,STOP_HIT,-14.0,-14.2,-1.0142857142857142,-1.0,False,False,0.41284403669724773,14.0,10:05,ENTERED,11901.25,11929.25,1.0,2020-11-19,True,2020
False,HTF_1H_TREND_FIRST_PULLBACK_5M_BREAK,medium,SHORT,11858.75,11859.0,1606147800,11913.0,1606157340,"{""adverse_ticks"": 1.0, ""stop_buffer_ticks"": 1.0, ""tod"": ""1030_1200"", ""gap_points"": 41.75, ""prior_ret"": -79.5, ""trend_1h"": ""BEARISH"", ""trend_4h"": ""BULLISH"", ""confirm_kind"": ""break""}",9540,1h,1,-0.0032432206226983284,weak,NQ,54.75,50.75,STOP_HIT,-54.25,-54.45,-1.0036866359447005,-1.0,False,False,0.5533333333333333,54.25,11:10,ENTERED,11913.0,11804.5,1.0,2020-11-23,True,2020
False,HTF_1H_TREND_FIRST_PULLBACK_5M_BREAK,medium,LONG,12000.25,12000.0,1606233900,12029.5,1606236540,"{""adverse_ticks"": 1.0, ""stop_buffer_ticks"": 1.0, ""tod"": ""1030_1200"", ""gap_points"": 45.0, ""prior_ret"": -42.0, ""trend_1h"": ""BULLISH"", ""trend_4h"": ""BEARISH"", ""confirm_kind"": ""break""}",2640,1h,1,0.003831497843473919,weak,NQ,2.75,36.25,TARGET_HIT,29.25,29.05,0.9931623931623932,1.0,True,False,0.41721854304635764,29.25,11:05,ENTERED,11971.0,12029.5,1.0,2020-11-24,True,2020
True,HTF_1H_TREND_FIRST_PULLBACK_5M_BREAK,medium,SHORT,12167.75,12168.0,1606752900,12179.25,1606752900,"{""adverse_ticks"": 1.0, ""stop_buffer_ticks"": 1.0, ""tod"": ""1030_1200"", ""gap_points"": 117.25, ""prior_ret"": 41.25, ""trend_1h"": ""BEARISH"", ""trend_4h"": ""BEARISH"", ""confirm_kind"": ""break""}",0,1h,1,-0.007627205057611941,medium,NQ,19.75,5.5,STOP_HIT,-11.5,-11.7,-1.017391304347826,-1.0,False,False,0.4479025710419486,11.5,11:15,ENTERED,12179.25,12156.25,1.0,2020-11-30,True,2020
True,HTF_1H_TREND_FIRST_PULLBACK_5M_BREAK,medium,LONG,12422.0,12421.75,1606854000,12424.0,1606854000,"{""adverse_ticks"": 1.0, ""stop_buffer_ticks"": 1.0, ""tod"": ""1400_1530"", ""gap_points"": 102.25, ""prior_ret"": 3.25, ""trend_1h"": ""BULLISH"", ""trend_4h"": ""BULLISH"", ""confirm_kind"": ""break""}",0,1h,4,0.005727307560449368,medium,NQ,1.0,13.75,TARGET_HIT,2.0,1.8,0.9,1.0,True,True,0.4338235294117647,2.0,15:20,ENTERED,12420.0,12424.0,1.0,2020-12-01,False,2020
False,HTF_1H_TREND_FIRST_PULLBACK_5M_BREAK,medium,SHORT,12321.75,12322.0,1606920300,12372.25,1606921080,"{""adverse_ticks"": 1.0, ""stop_buffer_ticks"": 1.0, ""tod"": ""0930_1030"", ""gap_points"": -59.75, ""prior_ret"": 74.0, ""trend_1h"": ""BEARISH"", ""trend_4h"": ""NEUTRAL"", ""confirm_kind"": ""break""}",780,1h,2,-0.0030942956458840376,weak,NQ,50.75,9.5,STOP_HIT,-50.5,-50.7,-1.003960396039604,-1.0,False,False,0.5934065934065934,50.5,09:45,ENTERED,12372.25,12271.25,1.0,2020-12-02,True,2020
False,HTF_1H_TREND_FIRST_PULLBACK_5M_BREAK,medium,LONG,12575.25,12575.0,1607352300,12599.0,1607354640,"{""adverse_ticks"": 1.0, ""stop_buffer_ticks"": 1.0, ""tod"": ""0930_1030"", ""gap_points"": 3.75, ""prior_ret"": 54.0, ""trend_1h"": ""BULLISH"", ""trend_4h"": ""NEUTRAL"", ""confirm_kind"": ""break""}",2340,1h,2,0.0026600000000001067,weak,NQ,12.75,26.25,TARGET_HIT,23.75,23.55,0.9915789473684211,1.0,True,False,0.46099290780141844,23.75,09:45,ENTERED,12551.5,12599.0,1.0,2020-12-07,True,2020
False,HTF_1H_TREND_FIRST_PULLBACK_5M_BREAK,medium,LONG,12398.75,12398.5,1607619900,12372.75,1607622540,"{""adverse_ticks"": 1.0, ""stop_buffer_ticks"": 1.0, ""tod"": ""1200_1400"", ""gap_points"": -90.5, ""prior_ret"": -275.75, ""trend_1h"": ""BULLISH"", ""trend_4h"": ""NEUTRAL"", ""confirm_kind"": ""break""}",2640,1h,2,0.006830517777642209,medium,NQ,34.25,14.25,STOP_HIT,-26.0,-26.2,-1.0076923076923077,-1.0,False,False,0.41112618724559025,26.0,12:05,ENTERED,12372.75,12424.75,1.0,2020-12-10,True,2020
True,HTF_1H_TREND_FIRST_PULLBACK_5M_BREAK,medium,SHORT,12279.25,12279.5,1607706600,12264.25,1607706780,"{""adverse_ticks"": 1.0, ""stop_buffer_ticks"": 1.0, ""tod"": ""1200_1400"", ""gap_points"": -68.25, ""prior_ret"": 133.25, ""trend_1h"": ""BEARISH"", ""trend_4h"": ""BEARISH"", ""confirm_kind"": ""break""}",180,1h,1,-0.003024398165063169,weak,NQ,3.75,17.25,TARGET_HIT,15.0,14.8,0.9866666666666667,1.0,True,False,0.5119453924914675,15.0,12:10,ENTERED,12294.25,12264.25,1.0,2020-12-11,True,2020
True,HTF_1H_TREND_FIRST_PULLBACK_5M_BREAK,medium,LONG,12493.75,12493.5,1607969100,12481.75,1607969160,"{""adverse_ticks"": 1.0, ""stop_buffer_ticks"": 1.0, ""tod"": ""1200_1400"", ""gap_points"": 45.0, ""prior_ret"": 46.25, ""trend_1h"": ""BULLISH"", ""trend_4h"": ""BULLISH"", ""confirm_kind"": ""break""}",60,1h,4,0.005654037304573478,medium,NQ,14.5,3.0,STOP_HIT,-12.0,-12.2,-1.0166666666666666,-1.0,False,False,0.5080645161290323,12.0,13:05,ENTERED,12481.75,12505.75,1.0,2020-12-14,False,2020
False,HTF_1H_TREND_FIRST_PULLBACK_5M_BREAK,medium,SHORT,12516.25,12516.5,1608052500,12522.25,1608052800,"{""adverse_ticks"": 1.0, ""stop_buffer_ticks"": 1.0, ""tod"": ""1200_1400"", ""gap_points"": 111.5, ""prior_ret"": 32.0, ""trend_1h"": ""BEARISH"", ""trend_4h"": ""BULLISH"", ""confirm_kind"": ""break""}",300,1h,1,-0.003109365968388067,weak,NQ,6.0,4.75,STOP_HIT,-6.0,-6.2,-1.0333333333333334,-1.0,False,False,0.5,6.0,12:15,ENTERED,12522.25,12510.25,1.0,2020-12-15,True,2020
False,HTF_1H_TREND_FIRST_PULLBACK_5M_BREAK,medium,SHORT,12709.5,12709.75,1608307800,12691.5,1608307920,"{""adverse_ticks"": 1.0, ""stop_buffer_ticks"": 1.0, ""tod"": ""1030_1200"", ""gap_points"": 24.5, ""prior_ret"": 13.0, ""trend_1h"": ""BEARISH"", ""trend_4h"": ""NEUTRAL"", ""confirm_kind"": ""break""}",120,1h,1,-0.0025685770867237556,weak,NQ,1.5,25.5,TARGET_HIT,18.0,17.8,0.9888888888888889,1.0,True,False,0.47554347826086957,18.0,11:10,ENTERED,12727.5,12691.5,1.0,2020-12-18,True,2020
False,HTF_1H_TREND_FIRST_PULLBACK_5M_BREAK,medium,SHORT,12682.5,12682.75,1608654300,12660.5,1608654660,"{""adverse_ticks"": 1.0, ""stop_buffer_ticks"": 1.0, ""tod"": ""1030_1200"", ""gap_points"": 34.5, ""prior_ret"": 103.25, ""trend_1h"": ""BEARISH"", ""trend_4h"": ""BULLISH"", ""confirm_kind"": ""break""}",360,1h,1,-0.002023257641235121,weak,NQ,5.0,31.0,TARGET_HIT,22.0,21.8,0.990909090909091,1.0,True,False,0.4557522123893805,22.0,11:25,ENTERED,12704.5,12660.5,1.0,2020-12-22,True,2020
False,HTF_1H_TREND_FIRST_PULLBACK_5M_BREAK,medium,SHORT,12676.5,12676.75,1608741300,12685.0,1608741600,"{""adverse_ticks"": 1.0, ""stop_buffer_ticks"": 1.0, ""tod"": ""1030_1200"", ""gap_points"": 0.5, ""prior_ret"": -5.75, ""trend_1h"": ""BEARISH"", ""trend_4h"": ""NEUTRAL"", ""confirm_kind"": ""break""}",300,1h,2,-0.002476561117990439,weak,NQ,9.5,2.75,STOP_HIT,-8.5,-8.7,-1.0235294117647058,-1.0,False,False,0.5482625482625483,8.5,11:35,ENTERED,12685.0,12668.0,1.0,2020-12-23,True,2020
False,HTF_1H_TREND_FIRST_PULLBACK_5M_BREAK,medium,SHORT,12814.75,12815.0,1609254900,12869.25,1609256280,"{""adverse_ticks"": 1.0, ""stop_buffer_ticks"": 1.0, ""tod"": ""0930_1030"", ""gap_points"": 58.0, ""prior_ret"": 17.5, ""trend_1h"": ""BEARISH"", ""trend_4h"": ""NEUTRAL"", ""confirm_kind"": ""break""}",1380,1h,1,-0.002037094521185834,weak,NQ,60.0,0.5,STOP_HIT,-54.5,-54.7,-1.0036697247706423,-1.0,False,False,0.5666666666666667,54.5,10:15,ENTERED,12869.25,12760.25,1.0,2020-12-29,True,2020
False,HTF_1H_TREND_FIRST_PULLBACK_5M_BREAK,medium,SHORT,12844.75,12845.0,1609344300,12859.75,1609345020,"{""adverse_ticks"": 1.0, ""stop_buffer_ticks"": 1.0, ""tod"": ""1030_1200"", ""gap_points"": 50.25, ""prior_ret"": -45.0, ""trend_1h"": ""BEARISH"", ""trend_4h"": ""NEUTRAL"", ""confirm_kind"": ""break""}",720,1h,1,-0.0024833152258264546,weak,NQ,15.25,2.0,STOP_HIT,-15.0,-15.2,-1.0133333333333332,-1.0,False,False,0.46078431372549017,15.0,11:05,ENTERED,12859.75,12829.75,1.0,2020-12-30,True,2020
False,HTF_1H_TREND_FIRST_PULLBACK_5M_BREAK,medium,SHORT,12819.5,12819.75,1609436100,12811.25,1609436160,"{""adverse_ticks"": 1.0, ""stop_buffer_ticks"": 1.0, ""tod"": ""1200_1400"", ""gap_points"": -1.25, ""prior_ret"": -54.25, ""trend_1h"": ""BEARISH"", ""trend_4h"": ""NEUTRAL"", ""confirm_kind"": ""break""}",60,1h,1,-0.004026062433142075,medium,NQ,0.75,8.5,TARGET_HIT,8.25,8.05,0.9757575757575758,1.0,True,False,0.4444444444444444,8.25,12:35,ENTERED,12827.75,12811.25,1.0,2020-12-31,True,2020
False,HTF_1H_TREND_FIRST_PULLBACK_5M_BREAK,medium,SHORT,12873.5,12873.75,1609772700,12844.75,1609775100,"{""adverse_ticks"": 1.0, ""stop_buffer_ticks"": 1.0, ""tod"": ""0930_1030"", ""gap_points"": 64.0, ""prior_ret"": 28.25, ""trend_1h"": ""BEARISH"", ""trend_4h"": ""NEUTRAL"", ""confirm_kind"": ""break""}",2400,1h,1,-0.004598234123534106,medium,NQ,17.25,43.75,TARGET_HIT,28.75,28.55,0.9930434782608696,1.0,True,False,0.5794701986754967,28.75,10:05,ENTERED,12902.25,12844.75,1.0,2021-01-04,True,2021
True,HTF_1H_TREND_FIRST_PULLBACK_5M_BREAK,medium,LONG,12744.75,12744.5,1609860600,12718.5,1609861440,"{""adverse_ticks"": 1.0, ""stop_buffer_ticks"": 1.0, ""tod"": ""1030_1200"", ""gap_points"": -37.0, ""prior_ret"": -245.75, ""trend_1h"": ""BULLISH"", ""trend_4h"": ""BULLISH"", ""confirm_kind"": ""break""}",840,1h,1,0.003522235340417179,weak,NQ,27.25,3.5,STOP_HIT,-26.25,-26.45,-1.0076190476190476,-1.0,False,False,0.44360902255639095,26.25,10:30,ENTERED,12718.5,12771.0,1.0,2021-01-05,True,2021
True,HTF_1H_TREND_FIRST_PULLBACK_5M_BREAK,medium,SHORT,12869.0,12869.25,1610470800,12860.0,1610470920,"{""adverse_ticks"": 1.0, ""stop_buffer_ticks"": 1.0, ""tod"": ""1200_1400"", ""gap_points"": 6.25, ""prior_ret"": -68.0, ""trend_1h"": ""BEARISH"", ""trend_4h"": ""BEARISH"", ""confirm_kind"": ""break""}",120,1h,4,-0.005640332238748269,medium,NQ,4.75,12.5,TARGET_HIT,9.0,8.8,0.9777777777777779,1.0,True,False,0.5840336134453782,9.0,12:00,ENTERED,12878.0,12860.0,1.0,2021-01-12,True,2021
False,HTF_1H_TREND_FIRST_PULLBACK_5M_BREAK,medium,LONG,12958.5,12958.25,1610558100,12950.0,1610558700,"{""adverse_ticks"": 1.0, ""stop_buffer_ticks"": 1.0, ""tod"": ""1200_1400"", ""gap_points"": 6.75, ""prior_ret"": -20.0, ""trend_1h"": ""BULLISH"", ""trend_4h"": ""NEUTRAL"", ""confirm_kind"": ""break""}",600,1h,2,0.009791135421330255,strong,NQ,12.5,3.75,STOP_HIT,-8.5,-8.7,-1.0235294117647058,-1.0,False,False,0.41346153846153844,8.5,12:15,ENTERED,12950.0,12967.0,1.0,2021-01-13,True,2021
False,HTF_1H_TREND_FIRST_PULLBACK_5M_BREAK,medium,SHORT,12766.5,12766.75,1610726700,12817.0,1610727420,"{""adverse_ticks"": 1.0, ""stop_buffer_ticks"": 1.0, ""tod"": ""1030_1200"", ""gap_points"": -7.5, ""prior_ret"": -88.25, ""trend_1h"": ""BEARISH"", ""trend_4h"": ""NEUTRAL"", ""confirm_kind"": ""break""}",720,1h,1,-0.004838051567023549,medium,NQ,53.0,23.25,STOP_HIT,-50.5,-50.7,-1.003960396039604,-1.0,False,False,0.4672727272727273,50.5,11:05,ENTERED,12817.0,12716.0,1.0,2021-01-15,True,2021
False,HTF_1H_TREND_FIRST_PULLBACK_5M_BREAK,medium,SHORT,12879.5,12879.75,1611074400,12880.0,1611074400,"{""adverse_ticks"": 1.0, ""stop_buffer_ticks"": 1.0, ""tod"": ""1030_1200"", ""gap_points"": 97.75, ""prior_ret"": -91.25, ""trend_1h"": ""BEARISH"", ""trend_4h"": ""NEUTRAL"", ""confirm_kind"": ""break""}",0,1h,3,-0.004098281428212447,medium,NQ,5.0,0.5,STOP_HIT,-0.5,-0.7,-1.4,-1.0,True,False,0.43915343915343913,0.5,11:40,ENTERED,12880.0,12879.0,1.0,2021-01-19,True,2021
True,HTF_1H_TREND_FIRST_PULLBACK_5M_BREAK,medium,LONG,13206.75,13206.5,1611155400,13253.0,1611159780,"{""adverse_ticks"": 1.0, ""stop_buffer_ticks"": 1.0, ""tod"": ""0930_1030"", ""gap_points"": 152.0, ""prior_ret"": 88.5, ""trend_1h"": ""BULLISH"", ""trend_4h"": ""BULLISH"", ""confirm_kind"": ""break""}",4380,1h,7,0.005269086119012556,medium,NQ,1.25,48.5,TARGET_HIT,46.25,46.05,0.9956756756756756,1.0,True,False,0.5905172413793104,46.25,10:10,ENTERED,13160.5,13253.0,1.0,2021-01-20,True,2021
False,HTF_1H_TREND_FIRST_PULLBACK_5M_BREAK,medium,LONG,13378.0,13377.75,1611246300,13363.5,1611246840,"{""adverse_ticks"": 1.0, ""stop_buffer_ticks"": 1.0, ""tod"": ""1030_1200"", ""gap_points"": 54.5, ""prior_ret"": 148.5, ""trend_1h"": ""BULLISH"", ""trend_4h"": ""BEARISH"", ""confirm_kind"": ""break""}",540,1h,1,0.0023963306187400057,weak,NQ,15.0,3.0,STOP_HIT,-14.5,-14.7,-1.013793103448276,-1.0,False,False,0.5497630331753555,14.5,11:25,ENTERED,13363.5,13392.5,1.0,2021-01-21,True,2021
True,HTF_1H_TREND_FIRST_PULLBACK_5M_BREAK,medium,LONG,13376.75,13376.5,1611327900,13384.5,1611327960,"{""adverse_ticks"": 1.0, ""stop_buffer_ticks"": 1.0, ""tod"": ""0930_1030"", ""gap_points"": -49.5, ""prior_ret"": 57.25, ""trend_1h"": ""BULLISH"", ""trend_4h"": ""BULLISH"", ""confirm_kind"": ""break""}",60,1h,1,0.004805075360849953,medium,NQ,2.75,10.25,TARGET_HIT,7.75,7.55,0.9741935483870967,1.0,True,False,0.4911242603550296,7.75,10:05,ENTERED,13369.0,13384.5,1.0,2021-01-22,True,2021
True,HTF_1H_TREND_FIRST_PULLBACK_5M_BREAK,medium,LONG,13541.0,13540.75,1611587100,13522.0,1611587400,"{""adverse_ticks"": 1.0, ""stop_buffer_ticks"": 1.0, ""tod"": ""0930_1030"", ""gap_points"": 142.5, ""prior_ret"": 7.5, ""trend_1h"": ""BULLISH"", ""trend_4h"": ""BULLISH"", ""confirm_kind"": ""break""}",300,1h,1,0.0036321856120973273,weak,NQ,22.25,4.75,STOP_HIT,-19.0,-19.2,-1.0105263157894737,-1.0,False,False,0.5682819383259912,19.0,10:05,ENTERED,13522.0,13560.0,1.0,2021-01-25,True,2021
True,HTF_1H_TREND_FIRST_PULLBACK_5M_BREAK,medium,LONG,13239.75,13239.5,1611846900,13277.75,1611847320,"{""adverse_ticks"": 1.0, ""stop_buffer_ticks"": 1.0, ""tod"": ""0930_1030"", ""gap_points"": 35.5, ""prior_ret"": -269.75, ""trend_1h"": ""BULLISH"", ""trend_4h"": ""BULLISH"", ""confirm_kind"": ""break""}",420,1h,3,0.017591574561657275,strong,NQ,0.0,39.5,TARGET_HIT,38.0,37.8,0.994736842105263,1.0,True,False,0.5,38.0,10:15,ENTERED,13201.75,13277.75,1.0,2021-01-28,True,2021
True,HTF_1H_TREND_FIRST_PULLBACK_5M_BREAK,medium,LONG,13121.5,13121.25,1612196400,13158.25,1612197000,"{""adverse_ticks"": 1.0, ""stop_buffer_ticks"": 1.0, ""tod"": ""1030_1200"", ""gap_points"": 137.75, ""prior_ret"": -196.75, ""trend_1h"": ""BULLISH"", ""trend_4h"": ""BULLISH"", ""confirm_kind"": ""break""}",600,1h,1,0.0025114549184257484,weak,NQ,2.0,39.25,TARGET_HIT,36.75,36.55,0.9945578231292517,1.0,True,False,0.5851393188854489,36.75,11:20,ENTERED,13084.75,13158.25,1.0,2021-02-01,True,2021
True,HTF_1H_TREND_FIRST_PULLBACK_5M_BREAK,medium,LONG,13422.25,13422.0,1612282200,13449.75,1612284900,"{""adverse_ticks"": 1.0, ""stop_buffer_ticks"": 1.0, ""tod"": ""1030_1200"", ""gap_points"": 121.75, ""prior_ret"": 179.0, ""trend_1h"": ""BULLISH"", ""trend_4h"": ""BULLISH"", ""confirm_kind"": ""break""}",2700,1h,1,0.006225739306542577,medium,NQ,15.75,31.25,TARGET_HIT,27.5,27.3,0.9927272727272728,1.0,True,False,0.49853372434017595,27.5,11:10,ENTERED,13394.75,13449.75,1.0,2021-02-02,True,2021
False,HTF_1H_TREND_FIRST_PULLBACK_5M_BREAK,medium,SHORT,13427.25,13427.5,1612368900,13449.5,1612370340,"{""adverse_ticks"": 1.0, ""stop_buffer_ticks"": 1.0, ""tod"": ""1030_1200"", ""gap_points"": 83.0, ""prior_ret"": 96.25, ""trend_1h"": ""BEARISH"", ""trend_4h"": ""NEUTRAL"", ""confirm_kind"": ""break""}",1440,1h,1,-0.00931510892221421,strong,NQ,26.75,9.25,STOP_HIT,-22.25,-22.45,-1.0089887640449438,-1.0,False,False,0.41459074733096085,22.25,11:15,ENTERED,13449.5,13405.0,1.0,2021-02-03,True,2021
True,HTF_1H_TREND_FIRST_PULLBACK_5M_BREAK,medium,SHORT,13545.5,13545.75,1612537500,13562.0,1612537980,"{""adverse_ticks"": 1.0, ""stop_buffer_ticks"": 1.0, ""tod"": ""0930_1030"", ""gap_points"": 39.5, ""prior_ret"": 101.5, ""trend_1h"": ""BEARISH"", ""trend_4h"": ""BEARISH"", ""confirm_kind"": ""break""}",480,1h,1,-0.0038627793617217465,weak,NQ,18.5,6.5,STOP_HIT,-16.5,-16.7,-1.012121212121212,-1.0,False,False,0.4840182648401826,16.5,10:05,ENTERED,13562.0,13529.0,1.0,2021-02-05,True,2021
True,HTF_1H_TREND_FIRST_PULLBACK_5M_BREAK,medium,SHORT,13631.25,13631.5,1612811700,13624.75,1612811940,"{""adverse_ticks"": 1.0, ""stop_buffer_ticks"": 1.0, ""tod"": ""1400_1530"", ""gap_points"": 69.75, ""prior_ret"": 6.5, ""trend_1h"": ""BEARISH"", ""trend_4h"": ""BEARISH"", ""confirm_kind"": ""break""}",240,1h,1,-0.0027994291360192713,weak,NQ,0.25,7.0,TARGET_HIT,6.5,6.3,0.9692307692307692,1.0,True,False,0.4412811387900356,6.5,14:15,ENTERED,13637.75,13624.75,1.0,2021-02-08,True,2021
False,HTF_1H_TREND_FIRST_PULLBACK_5M_BREAK,medium,SHORT,13602.5,13602.75,1612973400,13619.0,1612973520,"{""adverse_ticks"": 1.0, ""stop_buffer_ticks"": 1.0, ""tod"": ""1030_1200"", ""gap_points"": 62.25, ""prior_ret"": 34.75, ""trend_1h"": ""BEARISH"", ""trend_4h"": ""NEUTRAL"", ""confirm_kind"": ""break""}",120,1h,1,-0.008470871133457236,strong,NQ,21.25,5.25,STOP_HIT,-16.5,-16.7,-1.012121212121212,-1.0,False,False,0.4247787610619469,16.5,11:10,ENTERED,13619.0,13586.0,1.0,2021-02-10,True,2021
False,HTF_1H_TREND_FIRST_PULLBACK_5M_BREAK,medium,LONG,13742.25,13742.0,1613152200,13727.5,1613153940,"{""adverse_ticks"": 1.0, ""stop_buffer_ticks"": 1.0, ""tod"": ""1200_1400"", ""gap_points"": -32.25, ""prior_ret"": 8.5, ""trend_1h"": ""BULLISH"", ""trend_4h"": ""NEUTRAL"", ""confirm_kind"": ""break""}",1740,1h,1,0.0020967800751194865,weak,NQ,23.5,5.5,STOP_HIT,-14.75,-14.95,-1.0135593220338983,-1.0,False,False,0.4385245901639344,14.75,12:50,ENTERED,13727.5,13757.0,1.0,2021-02-12,True,2021
True,HTF_1H_TREND_FIRST_PULLBACK_5M_BREAK,medium,SHORT,13791.25,13791.5,1613493900,13777.75,1613493960,"{""adverse_ticks"": 1.0, ""stop_buffer_ticks"": 1.0, ""tod"": ""1030_1200"", ""gap_points"": 31.75, ""prior_ret"": 110.5, ""trend_1h"": ""BEARISH"", ""trend_4h"": ""BEARISH"", ""confirm_kind"": ""break""}",60,1h,1,-0.0030448804569122023,weak,NQ,0.25,16.5,TARGET_HIT,13.5,13.3,0.9851851851851853,1.0,True,False,0.4035714285714286,13.5,11:45,ENTERED,13804.75,13777.75,1.0,2021-02-16,True,2021
True,HTF_1H_TREND_FIRST_PULLBACK_5M_BREAK,medium,SHORT,13594.75,13595.0,1613576100,13610.25,1613576100,"{""adverse_ticks"": 1.0, ""stop_buffer_ticks"": 1.0, ""tod"": ""1030_1200"", ""gap_points"": -126.0, ""prior_ret"": -71.25, ""trend_1h"": ""BEARISH"", ""trend_4h"": ""BEARISH"", ""confirm_kind"": ""break""}",0,1h,3,-0.005040029112081568,medium,NQ,23.25,0.5,STOP_HIT,-15.5,-15.7,-1.0129032258064516,-1.0,False,False,0.4647887323943662,15.5,10:35,ENTERED,13610.25,13579.25,1.0,2021-02-17,True,2021
True,HTF_1H_TREND_FIRST_PULLBACK_5M_BREAK,medium,SHORT,13495.75,13496.0,1613662200,13482.0,1613662200,"{""adverse_ticks"": 1.0, ""stop_buffer_ticks"": 1.0, ""tod"": ""1030_1200"", ""gap_points"": -155.25, ""prior_ret"": 61.0, ""trend_1h"": ""BEARISH"", ""trend_4h"": ""BEARISH"", ""confirm_kind"": ""break""}",0,1h,3,-0.002756339581036382,weak,NQ,0.0,17.5,TARGET_HIT,13.75,13.55,0.9854545454545455,1.0,True,False,0.5035460992907801,13.75,10:30,ENTERED,13509.5,13482.0,1.0,2021-02-18,True,2021
False,HTF_1H_TREND_FIRST_PULLBACK_5M_BREAK,medium,SHORT,13630.0,13630.25,1613755200,13600.25,1613756040,"{""adverse_ticks"": 1.0, ""stop_buffer_ticks"": 1.0, ""tod"": ""1200_1400"", ""gap_points"": 57.75, ""prior_ret"": 93.5, ""trend_1h"": ""BEARISH"", ""trend_4h"": ""BULLISH"", ""confirm_kind"": ""break""}",840,1h,1,-0.003064351378958108,weak,NQ,8.75,39.0,TARGET_HIT,29.75,29.55,0.9932773109243698,1.0,True,False,0.44696969696969696,29.75,12:20,ENTERED,13659.75,13600.25,1.0,2021-02-19,True,2021
True,HTF_1H_TREND_FIRST_PULLBACK_5M_BREAK,medium,SHORT,13322.0,13322.25,1614011700,13345.75,1614011880,"{""adverse_ticks"": 1.0, ""stop_buffer_ticks"": 1.0, ""tod"": ""1030_1200"", ""gap_points"": -187.0, ""prior_ret"": -117.25, ""trend_1h"": ""BEARISH"", ""trend_4h"": ""BEARISH"", ""confirm_kind"": ""break""}",180,1h,1,-0.007184712424887052,medium,NQ,31.5,0.75,STOP_HIT,-23.75,-23.95,-1.0084210526315789,-1.0,False,False,0.4589041095890411,23.75,11:35,ENTERED,13345.75,13298.25,1.0,2021-02-22,True,2021
False,HTF_1H_TREND_FIRST_PULLBACK_5M_BREAK,medium,LONG,13226.25,13226.0,1614190500,13281.5,1614198840,"{""adverse_ticks"": 1.0, ""stop_buffer_ticks"": 1.0, ""tod"": ""1200_1400"", ""gap_points"": -114.25, ""prior_ret"": 187.0, ""trend_1h"": ""BULLISH"", ""trend_4h"": ""BEARISH"", ""confirm_kind"": ""break""}",8340,1h,1,0.009265627388048259,strong,NQ,20.0,61.0,TARGET_HIT,55.25,55.05,0.9963800904977375,1.0,True,False,0.45555555555555555,55.25,13:15,ENTERED,13171.0,13281.5,1.0,2021-02-24,True,2021
True,HTF_1H_TREND_FIRST_PULLBACK_5M_BREAK,medium,SHORT,13106.75,13107.0,1614267600,13060.5,1614268200,"{""adverse_ticks"": 1.0, ""stop_buffer_ticks"": 1.0, ""tod"": ""1030_1200"", ""gap_points"": -114.5, ""prior_ret"": 221.5, ""trend_1h"": ""BEARISH"", ""trend_4h"": ""BEARISH"", ""confirm_kind"": ""break""}",600,1h,1,-0.002753418198962798,weak,NQ,21.5,48.0,TARGET_HIT,46.25,46.05,0.9956756756756756,1.0,True,False,0.5274261603375527,46.25,10:40,ENTERED,13153.0,13060.5,1.0,2021-02-25,True,2021
True,HTF_1H_TREND_FIRST_PULLBACK_5M_BREAK,medium,LONG,13004.75,13004.5,1614357900,,1614357900,"{""adverse_ticks"": 1.0, ""stop_buffer_ticks"": 1.0, ""tod"": ""1030_1200"", ""gap_points"": 126.5, ""prior_ret"": -354.5, ""trend_1h"": ""BULLISH"", ""trend_4h"": ""BULLISH"", ""confirm_kind"": ""break""}",,1h,3,0.015199890310069852,strong,NQ,26.5,8.0,AMBIGUOUS,,,,,True,False,0.4353312302839117,7.5,11:45,ENTERED,12997.25,13012.25,1.0,2021-02-26,True,2021
False,HTF_1H_TREND_FIRST_PULLBACK_5M_BREAK,medium,SHORT,13163.0,13163.25,1614701700,13125.0,1614701760,"{""adverse_ticks"": 1.0, ""stop_buffer_ticks"": 1.0, ""tod"": ""1030_1200"", ""gap_points"": 23.25, ""prior_ret"": 175.0, ""trend_1h"": ""BEARISH"", ""trend_4h"": ""NEUTRAL"", ""confirm_kind"": ""break""}",60,1h,1,-0.004119347706959431,medium,NQ,1.0,38.75,TARGET_HIT,38.0,37.8,0.994736842105263,1.0,True,False,0.41185410334346506,38.0,11:15,ENTERED,13201.0,13125.0,1.0,2021-03-02,True,2021
True,HTF_1H_TREND_FIRST_PULLBACK_5M_BREAK,medium,SHORT,12904.25,12904.5,1614783600,12819.75,1614794340,"{""adverse_ticks"": 1.0, ""stop_buffer_ticks"": 1.0, ""tod"": ""0930_1030"", ""gap_points"": -45.5, ""prior_ret"": -239.25, ""trend_1h"": ""BEARISH"", ""trend_4h"": ""BEARISH"", ""confirm_kind"": ""break""}",10740,1h,3,-0.018724455850204325,strong,NQ,65.75,90.5,TARGET_HIT,84.5,84.3,0.9976331360946745,1.0,True,False,0.5482954545454546,84.5,10:00,ENTERED,12988.75,12819.75,1.0,2021-03-03,True,2021
False,HTF_1H_TREND_FIRST_PULLBACK_5M_BREAK,medium,SHORT,12323.75,12324.0,1614964200,12377.25,1614964560,"{""adverse_ticks"": 1.0, ""stop_buffer_ticks"": 1.0, ""tod"": ""1200_1400"", ""gap_points"": 111.5, ""prior_ret"": -193.0, ""trend_1h"": ""BEARISH"", ""trend_4h"": ""NEUTRAL"", ""confirm_kind"": ""break""}",360,1h,2,-0.010964605134156313,strong,NQ,58.0,9.5,STOP_HIT,-53.5,-53.7,-1.0037383177570094,-1.0,False,False,0.4234354194407457,53.5,12:10,ENTERED,12377.25,12270.25,1.0,2021-03-05,True,2021
True,HTF_1H_TREND_FIRST_PULLBACK_5M_BREAK,medium,LONG,12705.0,12704.75,1615302000,12767.75,1615303680,"{""adverse_ticks"": 1.0, ""stop_buffer_ticks"": 1.0, ""tod"": ""0930_1030"", ""gap_points"": 308.75, ""prior_ret"": -334.75, ""trend_1h"": ""BULLISH"", ""trend_4h"": ""BULLISH"", ""confirm_kind"": ""break""}",1680,1h,8,0.011544815780568873,strong,NQ,12.25,63.0,TARGET_HIT,62.75,62.55,0.996812749003984,1.0,True,False,0.5667752442996743,62.75,10:00,ENTERED,12642.25,12767.75,1.0,2021-03-09,True,2021
False,HTF_1H_TREND_FIRST_PULLBACK_5M_BREAK,medium,SHORT,12801.75,12802.0,1615399500,12768.0,1615400220,"{""adverse_ticks"": 1.0, ""stop_buffer_ticks"": 1.0, ""tod"": ""1200_1400"", ""gap_points"": 180.75, ""prior_ret"": 177.75, ""trend_1h"": ""BEARISH"", ""trend_4h"": ""BULLISH"", ""confirm_kind"": ""break""}",720,1h,1,-0.004288763826896913,medium,NQ,30.0,35.25,TARGET_HIT,33.75,33.55,0.994074074074074,1.0,True,False,0.4117647058823529,33.75,13:05,ENTERED,12835.5,12768.0,1.0,2021-03-10,True,2021
True,HTF_1H_TREND_FIRST_PULLBACK_5M_BREAK,medium,LONG,13031.5,13031.25,1615478700,13070.25,1615480620,"{""adverse_ticks"": 1.0, ""stop_buffer_ticks"": 1.0, ""tod"": ""1030_1200"", ""gap_points"": 199.25, ""prior_ret"": -215.5, ""trend_1h"": ""BULLISH"", ""trend_4h"": ""BULLISH"", ""confirm_kind"": ""break""}",1920,1h,1,0.003950664867989895,weak,NQ,7.0,41.5,TARGET_HIT,38.75,38.55,0.9948387096774193,1.0,True,False,0.45751633986928103,38.75,11:05,ENTERED,12992.75,13070.25,1.0,2021-03-11,True,2021
False,HTF_1H_TREND_FIRST_PULLBACK_5M_BREAK,medium,LONG,12972.25,12972.0,1615830900,12979.0,1615831260,"{""adverse_ticks"": 1.0, ""stop_buffer_ticks"": 1.0, ""tod"": ""1200_1400"", ""gap_points"": 4.25, ""prior_ret"": 66.25, ""trend_1h"": ""BULLISH"", ""trend_4h"": ""BEARISH"", ""confirm_kind"": ""break""}",360,1h,1,0.0023993343782047205,weak,NQ,1.5,12.0,TARGET_HIT,6.75,6.55,0.9703703703703703,1.0,True,False,0.46994535519125685,6.75,13:55,ENTERED,12965.5,12979.0,1.0,2021-03-15,True,2021
True,HTF_1H_TREND_FIRST_PULLBACK_5M_BREAK,medium,LONG,13225.0,13224.75,1615903200,13261.0,1615905000,"{""adverse_ticks"": 1.0, ""stop_buffer_ticks"": 1.0, ""tod"": ""0930_1030"", ""gap_points"": 91.5, ""prior_ret"": 126.75, ""trend_1h"": ""BULLISH"", ""trend_4h"": ""BULLISH"", ""confirm_kind"": ""break""}",1800,1h,2,0.007657434568935972,medium,NQ,12.75,43.25,TARGET_HIT,36.0,35.8,0.9944444444444444,1.0,True,False,0.48695652173913045,36.0,10:00,ENTERED,13189.0,13261.0,1.0,2021-03-16,True,2021
False,HTF_1H_TREND_FIRST_PULLBACK_5M_BREAK,medium,LONG,12859.75,12859.5,1616174100,12891.25,1616176140,"{""adverse_ticks"": 1.0, ""stop_buffer_ticks"": 1.0, ""tod"": ""1200_1400"", ""gap_points"": -6.25, ""prior_ret"": -197.5, ""trend_1h"": ""BULLISH"", ""trend_4h"": ""BEARISH"", ""confirm_kind"": ""break""}",2040,1h,1,0.002861703784457159,weak,NQ,14.75,31.75,TARGET_HIT,31.5,31.3,0.9936507936507937,1.0,True,False,0.5149425287356322,31.5,13:15,ENTERED,12828.25,12891.25,1.0,2021-03-19,True,2021
True,HTF_1H_TREND_FIRST_PULLBACK_5M_BREAK,medium,LONG,13015.0,13014.75,1616421300,13084.25,1616426640,"{""adverse_ticks"": 1.0, ""stop_buffer_ticks"": 1.0, ""tod"": ""0930_1030"", ""gap_points"": 90.75, ""prior_ret"": 61.75, ""trend_1h"": ""BULLISH"", ""trend_4h"": ""BULLISH"", ""confirm_kind"": ""break""}",5340,1h,3,0.002110971240437687,weak,NQ,32.25,71.0,TARGET_HIT,69.25,69.05,0.9971119133574007,1.0,True,False,0.4375,69.25,09:55,ENTERED,12945.75,13084.25,1.0,2021-03-22,True,2021
True,HTF_1H_TREND_FIRST_PULLBACK_5M_BREAK,medium,LONG,13139.0,13138.75,1616513700,13143.75,1616513700,"{""adverse_ticks"": 1.0, ""stop_buffer_ticks"": 1.0, ""tod"": ""1030_1200"", ""gap_points"": 42.75, ""prior_ret"": 142.5, ""trend_1h"": ""BULLISH"", ""trend_4h"": ""BULLISH"", ""confirm_kind"": ""break""}",0,1h,4,0.005573858412503796,medium,NQ,2.5,5.75,TARGET_HIT,4.75,4.55,0.9578947368421052,1.0,True,False,0.45726495726495725,4.75,11:35,ENTERED,13134.25,13143.75,1.0,2021-03-23,True,2021
False,HTF_1H_TREND_FIRST_PULLBACK_5M_BREAK,medium,SHORT,13010.25,13010.5,1616593500,12982.0,1616593740,"{""adverse_ticks"": 1.0, ""stop_buffer_ticks"": 1.0, ""tod"": ""0930_1030"", ""gap_points"": 65.75, ""prior_ret"": -108.5, ""trend_1h"": ""BEARISH"", ""trend_4h"": ""BULLISH"", ""confirm_kind"": ""break""}",240,1h,1,-0.0035416428653033405,weak,NQ,12.0,40.25,TARGET_HIT,28.25,28.05,0.9929203539823009,1.0,True,False,0.48412698412698413,28.25,09:45,ENTERED,13038.5,12982.0,1.0,2021-03-24,True,2021
False,HTF_1H_TREND_FIRST_PULLBACK_5M_BREAK,medium,SHORT,12666.5,12666.75,1616684400,12655.5,1616684400,"{""adverse_ticks"": 1.0, ""stop_buffer_ticks"": 1.0, ""tod"": ""1030_1200"", ""gap_points"": -72.5, ""prior_ret"": -280.75, ""trend_1h"": ""BEARISH"", ""trend_4h"": ""NEUTRAL"", ""confirm_kind"": ""break""}",0,1h,4,-0.013800755245844232,strong,NQ,0.75,12.5,TARGET_HIT,11.0,10.8,0.9818181818181819,1.0,True,False,0.4872611464968153,11.0,11:00,ENTERED,12677.5,12655.5,1.0,2021-03-25,True,2021
False,HTF_1H_TREND_FIRST_PULLBACK_5M_BREAK,medium,LONG,12818.0,12817.75,1616771400,12795.5,1616771400,"{""adverse_ticks"": 1.0, ""stop_buffer_ticks"": 1.0, ""tod"": ""1030_1200"", ""gap_points"": -9.25, ""prior_ret"": 55.0, ""trend_1h"": ""BULLISH"", ""trend_4h"": ""NEUTRAL"", ""confirm_kind"": ""break""}",0,1h,1,0.00305241943373713,weak,NQ,25.25,4.0,STOP_HIT,-22.5,-22.7,-1.008888888888889,-1.0,False,False,0.5841584158415841,22.5,11:10,ENTERED,12795.5,12840.5,1.0,2021-03-26,True,2021
True,HTF_1H_TREND_FIRST_PULLBACK_5M_BREAK,medium,SHORT,12856.25,12856.5,1617026700,12818.0,1617027120,"{""adverse_ticks"": 1.0, ""stop_buffer_ticks"": 1.0, ""tod"": ""0930_1030"", ""gap_points"": -20.75, ""prior_ret"": 198.75, ""trend_1h"": ""BEARISH"", ""trend_4h"": ""BEARISH"", ""confirm_kind"": ""break""}",420,1h,1,-0.006223545101374239,medium,NQ,0.0,41.0,TARGET_HIT,38.25,38.05,0.9947712418300653,1.0,True,False,0.47191011235955055,38.25,10:05,ENTERED,12894.5,12818.0,1.0,2021-03-29,True,2021
True,HTF_1H_TREND_FIRST_PULLBACK_5M_BREAK,medium,SHORT,12824.25,12824.5,1617113100,12844.5,1617113460,"{""adverse_ticks"": 1.0, ""stop_buffer_ticks"": 1.0, ""tod"": ""0930_1030"", ""gap_points"": -82.75, ""prior_ret"": 15.0, ""trend_1h"": ""BEARISH"", ""trend_4h"": ""BEARISH"", ""confirm_kind"": ""break""}",360,1h,1,-0.004924389298177623,medium,NQ,27.75,13.5,STOP_HIT,-20.25,-20.45,-1.0098765432098764,-1.0,False,False,0.5714285714285714,20.25,10:05,ENTERED,12844.5,12804.0,1.0,2021-03-30,True,2021
True,HTF_1H_TREND_FIRST_PULLBACK_5M_BREAK,medium,LONG,13028.0,13027.75,1617198600,13065.25,1617199200,"{""adverse_ticks"": 1.0, ""stop_buffer_ticks"": 1.0, ""tod"": ""0930_1030"", ""gap_points"": 72.75, ""prior_ret"": 21.75, ""trend_1h"": ""BULLISH"", ""trend_4h"": ""BULLISH"", ""confirm_kind"": ""break""}",600,1h,4,0.004610884011081673,medium,NQ,0.5,43.25,TARGET_HIT,37.25,37.05,0.9946308724832214,1.0,True,False,0.5132275132275133,37.25,09:50,ENTERED,12990.75,13065.25,1.0,2021-03-31,True,2021
True,HTF_1H_TREND_FIRST_PULLBACK_5M_BREAK,medium,LONG,13313.5,13313.25,1617288300,13291.25,1617288840,"{""adverse_ticks"": 1.0, ""stop_buffer_ticks"": 1.0, ""tod"": ""1030_1200"", ""gap_points"": 168.5, ""prior_ret"": 116.5, ""trend_1h"": ""BULLISH"", ""trend_4h"": ""BULLISH"", ""confirm_kind"": ""break""}",540,1h,1,0.005750605326876546,medium,NQ,26.25,2.5,STOP_HIT,-22.25,-22.45,-1.0089887640449438,-1.0,False,False,0.4,22.25,10:45,ENTERED,13291.25,13335.75,1.0,2021-04-01,True,2021
True,HTF_1H_TREND_FIRST_PULLBACK_5M_BREAK,medium,LONG,13477.25,13477.0,1617630600,13524.5,1617633060,"{""adverse_ticks"": 1.0, ""stop_buffer_ticks"": 1.0, ""tod"": ""0930_1030"", ""gap_points"": 104.75, ""prior_ret"": 61.25, ""trend_1h"": ""BULLISH"", ""trend_4h"": ""BULLISH"", ""confirm_kind"": ""break""}",2460,1h,5,0.004696592631401764,medium,NQ,20.0,48.75,TARGET_HIT,47.25,47.05,0.9957671957671957,1.0,True,False,0.5794392523364486,47.25,09:50,ENTERED,13430.0,13524.5,1.0,2021-04-05,True,2021
False,HTF_1H_TREND_FIRST_PULLBACK_5M_BREAK,medium,LONG,13925.25,13925.0,1618321800,13938.25,1618321980,"{""adverse_ticks"": 1.0, ""stop_buffer_ticks"": 1.0, ""tod"": ""0930_1030"", ""gap_points"": 65.25, ""prior_ret"": 27.5, ""trend_1h"": ""BULLISH"", ""trend_4h"": ""NEUTRAL"", ""confirm_kind"": ""break""}",180,1h,1,0.005685933652035402,medium,NQ,3.0,19.75,TARGET_HIT,13.0,12.8,0.9846153846153847,1.0,True,False,0.4291497975708502,13.0,09:50,ENTERED,13912.25,13938.25,1.0,2021-04-13,True,2021
False,HTF_1H_TREND_FIRST_PULLBACK_5M_BREAK,medium,SHORT,13940.5,13940.75,1618410300,13920.75,1618410420,"{""adverse_ticks"": 1.0, ""stop_buffer_ticks"": 1.0, ""tod"": ""0930_1030"", ""gap_points"": 7.5, ""prior_ret"": 98.25, ""trend_1h"": ""BEARISH"", ""trend_4h"": ""NEUTRAL"", ""confirm_kind"": ""break""}",120,1h,1,-0.002035278154681186,weak,NQ,1.75,23.5,TARGET_HIT,19.75,19.55,0.989873417721519,1.0,True,False,0.47752808988764045,19.75,10:25,ENTERED,13960.25,13920.75,1.0,2021-04-14,True,2021
True,HTF_1H_TREND_FIRST_PULLBACK_5M_BREAK,medium,LONG,13968.0,13967.75,1618494900,13952.75,1618495080,"{""adverse_ticks"": 1.0, ""stop_buffer_ticks"": 1.0, ""tod"": ""0930_1030"", ""gap_points"": 120.5, ""prior_ret"": -174.5, ""trend_1h"": ""BULLISH"", ""trend_4h"": ""BULLISH"", ""confirm_kind"": ""break""}",180,1h,7,0.00378153530333325,weak,NQ,17.75,5.0,STOP_HIT,-15.25,-15.45,-1.0131147540983607,-1.0,False,False,0.441025641025641,15.25,09:55,ENTERED,13952.75,13983.25,1.0,2021-04-15,True,2021
False,HTF_1H_TREND_FIRST_PULLBACK_5M_BREAK,medium,SHORT,13878.25,13878.5,1618847400,13848.5,1618848360,"{""adverse_ticks"": 1.0, ""stop_buffer_ticks"": 1.0, ""tod"": ""1030_1200"", ""gap_points"": -66.5, ""prior_ret"": -7.5, ""trend_1h"": ""BEARISH"", ""trend_4h"": ""NEUTRAL"", ""confirm_kind"": ""break""}",960,1h,1,-0.0045927302619821475,medium,NQ,29.0,34.25,TARGET_HIT,29.75,29.55,0.9932773109243698,1.0,True,False,0.4506024096385542,29.75,11:50,ENTERED,13908.0,13848.5,1.0,2021-04-19,True,2021
True,HTF_1H_TREND_FIRST_PULLBACK_5M_BREAK,medium,LONG,13775.75,13775.5,1619014500,13766.25,1619014620,"{""adverse_ticks"": 1.0, ""stop_buffer_ticks"": 1.0, ""tod"": ""0930_1030"", ""gap_points"": -52.5, ""prior_ret"": -74.5, ""trend_1h"": ""BULLISH"", ""trend_4h"": ""BULLISH"", ""confirm_kind"": ""break""}",120,1h,1,0.0027426620168555793,weak,NQ,13.5,9.0,STOP_HIT,-9.5,-9.7,-1.0210526315789472,-1.0,False,False,0.5431034482758621,9.5,10:15,ENTERED,13766.25,13785.25,1.0,2021-04-21,True,2021
True,HTF_1H_TREND_FIRST_PULLBACK_5M_BREAK,medium,LONG,13856.25,13856.0,1619188800,13887.75,1619190900,"{""adverse_ticks"": 1.0, ""stop_buffer_ticks"": 1.0, ""tod"": ""1030_1200"", ""gap_points"": 26.0, ""prior_ret"": -150.5, ""trend_1h"": ""BULLISH"", ""trend_4h"": ""BULLISH"", ""confirm_kind"": ""break""}",2100,1h,1,0.004230287405363242,medium,NQ,6.75,33.75,TARGET_HIT,31.5,31.3,0.9936507936507937,1.0,True,False,0.4310850439882698,31.5,10:40,ENTERED,13824.75,13887.75,1.0,2021-04-23,True,2021
False,HTF_1H_TREND_FIRST_PULLBACK_5M_BREAK,medium,LONG,13955.5,13955.25,1619446800,13967.25,1619448480,"{""adverse_ticks"": 1.0, ""stop_buffer_ticks"": 1.0, ""tod"": ""0930_1030"", ""gap_points"": 8.75, ""prior_ret"": 148.5, ""trend_1h"": ""BULLISH"", ""trend_4h"": ""NEUTRAL"", ""confirm_kind"": ""break""}",1680,1h,2,0.0035293058431620228,weak,NQ,10.75,14.0,TARGET_HIT,11.75,11.55,0.9829787234042554,1.0,True,False,0.504424778761062,11.75,10:20,ENTERED,13943.75,13967.25,1.0,2021-04-26,True,2021
True,HTF_1H_TREND_FIRST_PULLBACK_5M_BREAK,medium,SHORT,13922.25,13922.5,1619534400,13964.25,1619538720,"{""adverse_ticks"": 1.0, ""stop_buffer_ticks"": 1.0, ""tod"": ""1030_1200"", ""gap_points"": 11.0, ""prior_ret"": 80.25, ""trend_1h"": ""BEARISH"", ""trend_4h"": ""BEARISH"", ""confirm_kind"": ""break""}",4320,1h,1,-0.004121099673523254,medium,NQ,43.75,10.0,STOP_HIT,-42.0,-42.2,-1.0047619047619047,-1.0,False,False,0.42990654205607476,42.0,10:40,ENTERED,13964.25,13880.25,1.0,2021-04-27,True,2021
False,HTF_1H_TREND_FIRST_PULLBACK_5M_BREAK,medium,LONG,13958.0,13957.75,1619619900,,1619619900,"{""adverse_ticks"": 1.0, ""stop_buffer_ticks"": 1.0, ""tod"": ""0930_1030"", ""gap_points"": -11.75, ""prior_ret"": -73.5, ""trend_1h"": ""BULLISH"", ""trend_4h"": ""NEUTRAL"", ""confirm_kind"": ""break""}",,1h,1,0.00319506022150029,weak,NQ,3.5,2.5,AMBIGUOUS,,,,,True,True,0.5333333333333333,1.25,10:25,ENTERED,13956.75,13959.25,1.0,2021-04-28,True,2021
True,HTF_1H_TREND_FIRST_PULLBACK_5M_BREAK,medium,SHORT,13907.25,13907.5,1619717400,,1619717400,"{""adverse_ticks"": 1.0, ""stop_buffer_ticks"": 1.0, ""tod"": ""1200_1400"", ""gap_points"": 146.25, ""prior_ret"": -44.0, ""trend_1h"": ""BEARISH"", ""trend_4h"": ""BEARISH"", ""confirm_kind"": ""break""}",,1h,4,-0.012237420181071101,strong,NQ,2.5,4.5,AMBIGUOUS,,,,,True,False,0.407158836689038,2.5,13:30,ENTERED,13909.75,13904.75,1.0,2021-04-29,True,2021
False,HTF_1H_TREND_FIRST_PULLBACK_5M_BREAK,medium,LONG,13898.5,13898.25,1619795700,13879.25,1619795760,"{""adverse_ticks"": 1.0, ""stop_buffer_ticks"": 1.0, ""tod"": ""1030_1200"", ""gap_points"": -102.0, ""prior_ret"": -87.0, ""trend_1h"": ""BULLISH"", ""trend_4h"": ""NEUTRAL"", ""confirm_kind"": ""break""}",60,1h,1,0.003374963904129391,weak,NQ,25.75,0.5,STOP_HIT,-19.25,-19.45,-1.0103896103896104,-1.0,False,False,0.5662650602409639,19.25,11:15,ENTERED,13879.25,13917.75,1.0,2021-04-30,False,2021
False,HTF_1H_TREND_FIRST_PULLBACK_5M_BREAK,medium,SHORT,13803.25,13803.5,1620055200,13782.0,1620071700,"{""adverse_ticks"": 1.0, ""stop_buffer_ticks"": 1.0, ""tod"": ""1030_1200"", ""gap_points"": 54.0, ""prior_ret"": 8.0, ""trend_1h"": ""BEARISH"", ""trend_4h"": ""NEUTRAL"", ""confirm_kind"": ""break""}",16500,1h,1,-0.00208993946382241,weak,NQ,20.5,31.5,TIME_EXIT,21.25,21.05,0.5011904761904762,0.5059523809523809,False,False,0.43434343434343436,42.0,11:20,ENTERED,13845.25,13761.25,1.0,2021-05-03,True,2021
True,HTF_1H_TREND_FIRST_PULLBACK_5M_BREAK,medium,SHORT,13594.25,13594.5,1620135900,13533.0,1620136800,"{""adverse_ticks"": 1.0, ""stop_buffer_ticks"": 1.0, ""tod"": ""0930_1030"", ""gap_points"": -107.25, ""prior_ret"": -124.5, ""trend_1h"": ""BEARISH"", ""trend_4h"": ""BEARISH"", ""confirm_kind"": ""break""}",900,1h,2,-0.004040036396724345,medium,NQ,8.0,65.0,TARGET_HIT,61.25,61.05,0.996734693877551,1.0,True,False,0.5333333333333333,61.25,09:45,ENTERED,13655.5,13533.0,1.0,2021-05-04,True,2021
False,HTF_1H_TREND_FIRST_PULLBACK_5M_BREAK,medium,SHORT,13566.25,13566.5,1620234600,13577.25,1620235680,"{""adverse_ticks"": 1.0, ""stop_buffer_ticks"": 1.0, ""tod"": ""1200_1400"", ""gap_points"": 86.0, ""prior_ret"": -140.0, ""trend_1h"": ""BEARISH"", ""trend_4h"": ""NEUTRAL"", ""confirm_kind"": ""break""}",1080,1h,1,-0.003780648950227561,weak,NQ,12.75,9.25,STOP_HIT,-11.0,-11.2,-1.018181818181818,-1.0,False,False,0.4775,11.0,13:10,ENTERED,13577.25,13555.25,1.0,2021-05-05,True,2021
True,HTF_1H_TREND_FIRST_PULLBACK_5M_BREAK,medium,SHORT,13425.0,13425.25,1620310500,13401.0,1620310680,"{""adverse_ticks"": 1.0, ""stop_buffer_ticks"": 1.0, ""tod"": ""0930_1030"", ""gap_points"": -9.25, ""prior_ret"": -135.25, ""trend_1h"": ""BEARISH"", ""trend_4h"": ""BEARISH"", ""confirm_kind"": ""break""}",180,1h,3,-0.006198423565111244,medium,NQ,8.25,31.5,TARGET_HIT,24.0,23.8,0.9916666666666667,1.0,True,False,0.49825783972125437,24.0,10:15,ENTERED,13449.0,13401.0,1.0,2021-05-06,True,2021
True,HTF_1H_TREND_FIRST_PULLBACK_5M_BREAK,medium,LONG,13778.25,13778.0,1620398400,13784.75,1620398400,"{""adverse_ticks"": 1.0, ""stop_buffer_ticks"": 1.0, ""tod"": ""1030_1200"", ""gap_points"": 118.0, ""prior_ret"": 111.75, ""trend_1h"": ""BULLISH"", ""trend_4h"": ""BULLISH"", ""confirm_kind"": ""break""}",0,1h,3,0.006583049106979155,medium,NQ,3.0,7.75,TARGET_HIT,6.5,6.3,0.9692307692307692,1.0,True,False,0.4010416666666667,6.5,10:40,ENTERED,13771.75,13784.75,1.0,2021-05-07,True,2021
True,HTF_1H_TREND_FIRST_PULLBACK_5M_BREAK,medium,SHORT,13534.5,13534.75,1620663900,13539.75,1620663900,"{""adverse_ticks"": 1.0, ""stop_buffer_ticks"": 1.0, ""tod"": ""1200_1400"", ""gap_points"": -56.75, ""prior_ret"": -8.0, ""trend_1h"": ""BEARISH"", ""trend_4h"": ""BEARISH"", ""confirm_kind"": ""break""}",0,1h,3,-0.009488917384136264,strong,NQ,8.5,1.0,STOP_HIT,-5.25,-5.45,-1.0380952380952382,-1.0,False,False,0.4389312977099237,5.25,12:25,ENTERED,13539.75,13529.25,1.0,2021-05-10,False,2021
True,HTF_1H_TREND_FIRST_PULLBACK_5M_BREAK,medium,LONG,13201.0,13200.75,1620743100,13195.75,1620743100,"{""adverse_ticks"": 1.0, ""stop_buffer_ticks"": 1.0, ""tod"": ""0930_1030"", ""gap_points"": -243.0, ""prior_ret"": -293.5, ""trend_1h"": ""BULLISH"", ""trend_4h"": ""BULLISH"", ""confirm_kind"": ""break""}",0,1h,1,0.006637210096144708,medium,NQ,21.5,2.75,STOP_HIT,-5.25,-5.45,-1.0380952380952382,-1.0,False,False,0.5007541478129713,5.25,10:25,ENTERED,13195.75,13206.25,1.0,2021-05-11,False,2021
True,HTF_1H_TREND_FIRST_PULLBACK_5M_BREAK,medium,SHORT,13046.25,13046.5,1620831300,13086.5,1620832140,"{""adverse_ticks"": 1.0, ""stop_buffer_ticks"": 1.0, ""tod"": ""1030_1200"", ""gap_points"": -211.25, ""prior_ret"": 230.75, ""trend_1h"": ""BEARISH"", ""trend_4h"": ""BEARISH"", ""confirm_kind"": ""break""}",840,1h,3,-0.008907050316360299,strong,NQ,41.75,10.5,STOP_HIT,-40.25,-40.45,-1.004968944099379,-1.0,False,False,0.4095238095238095,40.25,10:55,ENTERED,13086.5,13006.0,1.0,2021-05-12,True,2021
True,HTF_1H_TREND_FIRST_PULLBACK_5M_BREAK,medium,LONG,13189.25,13189.0,1620914700,13142.75,1620918480,"{""adverse_ticks"": 1.0, ""stop_buffer_ticks"": 1.0, ""tod"": ""0930_1030"", ""gap_points"": 122.5, ""prior_ret"": -134.25, ""trend_1h"": ""BULLISH"", ""trend_4h"": ""BULLISH"", ""confirm_kind"": ""break""}",3780,1h,3,0.015609624327088234,strong,NQ,55.25,34.75,STOP_HIT,-46.5,-46.7,-1.0043010752688173,-1.0,False,False,0.5343915343915344,46.5,10:05,ENTERED,13142.75,13235.75,1.0,2021-05-13,True,2021
True,HTF_1H_TREND_FIRST_PULLBACK_5M_BREAK,medium,SHORT,13271.25,13271.5,1621365300,13288.75,1621365840,"{""adverse_ticks"": 1.0, ""stop_buffer_ticks"": 1.0, ""tod"": ""1400_1530"", ""gap_points"": 39.25, ""prior_ret"": -7.75, ""trend_1h"": ""BEARISH"", ""trend_4h"": ""BEARISH"", ""confirm_kind"": ""break""}",540,1h,1,-0.008555310643703073,strong,NQ,20.5,3.0,STOP_HIT,-17.5,-17.7,-1.0114285714285713,-1.0,False,False,0.4095238095238095,17.5,15:15,ENTERED,13288.75,13253.75,1.0,2021-05-18,True,2021
False,HTF_1H_TREND_FIRST_PULLBACK_5M_BREAK,medium,LONG,13134.0,13133.75,1621448100,13165.0,1621448400,"{""adverse_ticks"": 1.0, ""stop_buffer_ticks"": 1.0, ""tod"": ""1400_1530"", ""gap_points"": -228.75, ""prior_ret"": -131.75, ""trend_1h"": ""BULLISH"", ""trend_4h"": ""NEUTRAL"", ""confirm_kind"": ""break""}",300,1h,4,0.009218974604695784,strong,NQ,28.25,46.0,TARGET_HIT,31.0,30.8,0.9935483870967742,1.0,True,False,0.44379391100702575,31.0,14:15,ENTERED,13103.0,13165.0,1.0,2021-05-19,True,2021
False,HTF_1H_TREND_FIRST_PULLBACK_5M_BREAK,medium,LONG,13376.25,13376.0,1621518300,13427.75,1621521180,"{""adverse_ticks"": 1.0, ""stop_buffer_ticks"": 1.0, ""tod"": ""0930_1030"", ""gap_points"": 61.5, ""prior_ret"": 246.0, ""trend_1h"": ""BULLISH"", ""trend_4h"": ""BEARISH"", ""confirm_kind"": ""break""}",2880,1h,1,0.007204201186797432,medium,NQ,5.25,54.0,TARGET_HIT,51.5,51.3,0.9961165048543689,1.0,True,False,0.5510204081632653,51.5,09:45,ENTERED,13324.75,13427.75,1.0,2021-05-20,True,2021
True,HTF_1H_TREND_FIRST_PULLBACK_5M_BREAK,medium,SHORT,13445.25,13445.5,1621621200,13427.5,1621621680,"{""adverse_ticks"": 1.0, ""stop_buffer_ticks"": 1.0, ""tod"": ""1400_1530"", ""gap_points"": 65.25, ""prior_ret"": 194.5, ""trend_1h"": ""BEARISH"", ""trend_4h"": ""BEARISH"", ""confirm_kind"": ""break""}",480,1h,4,-0.007236344169389564,medium,NQ,4.0,19.75,TARGET_HIT,17.75,17.55,0.9887323943661972,1.0,True,False,0.4201954397394137,17.75,14:20,ENTERED,13463.0,13427.5,1.0,2021-05-21,True,2021
False,HTF_1H_TREND_FIRST_PULLBACK_5M_BREAK,medium,SHORT,13662.25,13662.5,1621951500,13677.5,1621951620,"{""adverse_ticks"": 1.0, ""stop_buffer_ticks"": 1.0, ""tod"": ""0930_1030"", ""gap_points"": 63.75, ""prior_ret"": 128.5, ""trend_1h"": ""BEARISH"", ""trend_4h"": ""NEUTRAL"", ""confirm_kind"": ""break""}",120,1h,1,-0.004811196967487996,medium,NQ,16.25,8.75,STOP_HIT,-15.25,-15.45,-1.0131147540983607,-1.0,False,False,0.5223880597014925,15.25,10:05,ENTERED,13677.5,13647.0,1.0,2021-05-25,True,2021
False,HTF_1H_TREND_FIRST_PULLBACK_5M_BREAK,medium,SHORT,13650.5,13650.75,1622562600,13667.0,1622565780,"{""adverse_ticks"": 1.0, ""stop_buffer_ticks"": 1.0, ""tod"": ""1030_1200"", ""gap_points"": 61.75, ""prior_ret"": -13.0, ""trend_1h"": ""BEARISH"", ""trend_4h"": ""BULLISH"", ""confirm_kind"": ""break""}",3180,1h,1,-0.008845369831100736,strong,NQ,24.0,11.5,STOP_HIT,-16.5,-16.7,-1.012121212121212,-1.0,False,False,0.465625,16.5,11:50,ENTERED,13667.0,13634.0,1.0,2021-06-01,True,2021
True,HTF_1H_TREND_FIRST_PULLBACK_5M_BREAK,medium,LONG,13679.25,13679.0,1622642400,13677.5,1622642400,"{""adverse_ticks"": 1.0, ""stop_buffer_ticks"": 1.0, ""tod"": ""0930_1030"", ""gap_points"": 16.0, ""prior_ret"": -101.25, ""trend_1h"": ""BULLISH"", ""trend_4h"": ""BULLISH"", ""confirm_kind"": ""break""}",0,1h,2,0.0030063059099574296,weak,NQ,8.75,1.0,STOP_HIT,-1.75,-1.95,-1.1142857142857143,-1.0,False,False,0.5894039735099338,1.75,10:00,ENTERED,13677.5,13681.0,1.0,2021-06-02,False,2021
True,HTF_1H_TREND_FIRST_PULLBACK_5M_BREAK,medium,SHORT,13466.75,13467.0,1622728200,13522.0,1622729340,"{""adverse_ticks"": 1.0, ""stop_buffer_ticks"": 1.0, ""tod"": ""0930_1030"", ""gap_points"": -118.75, ""prior_ret"": 7.25, ""trend_1h"": ""BEARISH"", ""trend_4h"": ""BEARISH"", ""confirm_kind"": ""break""}",1140,1h,4,-0.00889002707251041,strong,NQ,76.5,4.75,STOP_HIT,-55.25,-55.45,-1.0036199095022624,-1.0,False,False,0.4924812030075188,55.25,09:50,ENTERED,13522.0,13411.5,1.0,2021-06-03,True,2021
False,HTF_1H_TREND_FIRST_PULLBACK_5M_BREAK,medium,LONG,13676.75,13676.5,1622814300,13711.0,1622815260,"{""adverse_ticks"": 1.0, ""stop_buffer_ticks"": 1.0, ""tod"": ""0930_1030"", ""gap_points"": 81.75, ""prior_ret"": -27.25, ""trend_1h"": ""BULLISH"", ""trend_4h"": ""NEUTRAL"", ""confirm_kind"": ""break""}",960,1h,2,0.005453066656808003,medium,NQ,0.0,45.75,TARGET_HIT,34.25,34.05,0.9941605839416058,1.0,True,False,0.43776824034334766,34.25,09:45,ENTERED,13642.5,13711.0,1.0,2021-06-04,True,2021
False,HTF_1H_TREND_FIRST_PULLBACK_5M_BREAK,medium,LONG,13917.5,13917.25,1623332700,13869.25,1623336360,"{""adverse_ticks"": 1.0, ""stop_buffer_ticks"": 1.0, ""tod"": ""0930_1030"", ""gap_points"": 15.25, ""prior_ret"": -55.25, ""trend_1h"": ""BULLISH"", ""trend_4h"": ""BEARISH"", ""confirm_kind"": ""break""}",3660,1h,1,0.0030100273803694844,weak,NQ,49.0,47.5,STOP_HIT,-48.25,-48.45,-1.0041450777202072,-1.0,False,False,0.5416666666666666,48.25,09:45,ENTERED,13869.25,13965.75,1.0,2021-06-10,True,2021
False,HTF_1H_TREND_FIRST_PULLBACK_5M_BREAK,medium,LONG,14042.25,14042.0,1623690300,14049.25,1623690720,"{""adverse_ticks"": 1.0, ""stop_buffer_ticks"": 1.0, ""tod"": ""1200_1400"", ""gap_points"": 13.0, ""prior_ret"": 34.5, ""trend_1h"": ""BULLISH"", ""trend_4h"": ""NEUTRAL"", ""confirm_kind"": ""break""}",420,1h,1,0.0021234074444167472,weak,NQ,1.75,7.75,TARGET_HIT,7.0,6.8,0.9714285714285714,1.0,True,False,0.40106951871657753,7.0,13:05,ENTERED,14035.25,14049.25,1.0,2021-06-14,True,2021
True,HTF_1H_TREND_FIRST_PULLBACK_5M_BREAK,medium,SHORT,14075.0,14075.25,1623766800,14089.5,1623766920,"{""adverse_ticks"": 1.0, ""stop_buffer_ticks"": 1.0, ""tod"": ""0930_1030"", ""gap_points"": -13.5, ""prior_ret"": 116.0, ""trend_1h"": ""BEARISH"", ""trend_4h"": ""BEARISH"", ""confirm_kind"": ""break""}",120,1h,1,-0.002211841313656815,weak,NQ,17.75,0.75,STOP_HIT,-14.5,-14.7,-1.013793103448276,-1.0,False,False,0.4918918918918919,14.5,10:20,ENTERED,14089.5,14060.5,1.0,2021-06-15,True,2021
True,HTF_1H_TREND_FIRST_PULLBACK_5M_BREAK,medium,LONG,14087.0,14086.75,1623852600,14070.75,1623854040,"{""adverse_ticks"": 1.0, ""stop_buffer_ticks"": 1.0, ""tod"": ""0930_1030"", ""gap_points"": 23.0, ""prior_ret"": -82.75, ""trend_1h"": ""BULLISH"", ""trend_4h"": ""BULLISH"", ""confirm_kind"": ""break""}",1440,1h,1,0.0032957440364846935,weak,NQ,17.25,9.0,STOP_HIT,-16.25,-16.45,-1.0123076923076924,-1.0,False,False,0.42953020134228187,16.25,10:10,ENTERED,14070.75,14103.25,1.0,2021-06-16,True,2021
False,HTF_1H_TREND_FIRST_PULLBACK_5M_BREAK,medium,LONG,13990.0,13989.75,1623937500,14006.75,1623937740,"{""adverse_ticks"": 1.0, ""stop_buffer_ticks"": 1.0, ""tod"": ""0930_1030"", ""gap_points"": -41.5, ""prior_ret"": -74.5, ""trend_1h"": ""BULLISH"", ""trend_4h"": ""NEUTRAL"", ""confirm_kind"": ""break""}",240,1h,1,0.0022513192730939657,weak,NQ,0.0,17.25,TARGET_HIT,16.75,16.55,0.9880597014925373,1.0,True,False,0.47840531561461797,16.75,09:45,ENTERED,13973.25,14006.75,1.0,2021-06-17,True,2021
True,HTF_1H_TREND_FIRST_PULLBACK_5M_BREAK,medium,SHORT,14014.25,14014.5,1624030200,14051.25,1624030620,"{""adverse_ticks"": 1.0, ""stop_buffer_ticks"": 1.0, ""tod"": ""1030_1200"", ""gap_points"": -75.75, ""prior_ret"": 222.0, ""trend_1h"": ""BEARISH"", ""trend_4h"": ""BEARISH"", ""confirm_kind"": ""break""}",420,1h,3,-0.0071240896506726825,medium,NQ,37.75,4.5,STOP_HIT,-37.0,-37.2,-1.0054054054054056,-1.0,False,False,0.45871559633027525,37.0,11:30,ENTERED,14051.25,13977.25,1.0,2021-06-18,True,2021
False,HTF_1H_TREND_FIRST_PULLBACK_5M_BREAK,medium,LONG,14309.75,14309.5,1624458000,14290.75,1624458660,"{""adverse_ticks"": 1.0, ""stop_buffer_ticks"": 1.0, ""tod"": ""0930_1030"", ""gap_points"": 0.25, ""prior_ret"": 137.75, ""trend_1h"": ""BULLISH"", ""trend_4h"": ""NEUTRAL"", ""confirm_kind"": ""break""}",660,1h,1,0.002856692195797317,weak,NQ,22.0,3.25,STOP_HIT,-19.0,-19.2,-1.0105263157894737,-1.0,False,False,0.42857142857142855,19.0,10:20,ENTERED,14290.75,14328.75,1.0,2021-06-23,True,2021
True,HTF_1H_TREND_FIRST_PULLBACK_5M_BREAK,medium,LONG,14387.25,14387.0,1624543800,14403.75,1624545000,"{""adverse_ticks"": 1.0, ""stop_buffer_ticks"": 1.0, ""tod"": ""0930_1030"", ""gap_points"": 86.75, ""prior_ret"": 5.0, ""trend_1h"": ""BULLISH"", ""trend_4h"": ""BULLISH"", ""confirm_kind"": ""break""}",1200,1h,1,0.002056178992123847,weak,NQ,4.25,18.0,TARGET_HIT,16.5,16.3,0.9878787878787879,1.0,True,False,0.4178082191780822,16.5,10:10,ENTERED,14370.75,14403.75,1.0,2021-06-24,True,2021
False,HTF_1H_TREND_FIRST_PULLBACK_5M_BREAK,medium,SHORT,14338.5,14338.75,1624630500,14355.75,1624631100,"{""adverse_ticks"": 1.0, ""stop_buffer_ticks"": 1.0, ""tod"": ""0930_1030"", ""gap_points"": 25.25, ""prior_ret"": 4.5, ""trend_1h"": ""BEARISH"", ""trend_4h"": ""NEUTRAL"", ""confirm_kind"": ""break""}",600,1h,1,-0.002972052280311499,weak,NQ,17.25,2.0,STOP_HIT,-17.25,-17.45,-1.0115942028985507,-1.0,False,False,0.45739910313901344,17.25,10:15,ENTERED,14355.75,14321.25,1.0,2021-06-25,True,2021
True,HTF_1H_TREND_FIRST_PULLBACK_5M_BREAK,medium,LONG,14534.0,14533.75,1624983600,14549.0,1624985520,"{""adverse_ticks"": 1.0, ""stop_buffer_ticks"": 1.0, ""tod"": ""1200_1400"", ""gap_points"": -5.5, ""prior_ret"": 117.25, ""trend_1h"": ""BULLISH"", ""trend_4h"": ""BULLISH"", ""confirm_kind"": ""break""}",1920,1h,1,0.0023291523610704523,weak,NQ,3.75,15.75,TARGET_HIT,15.0,14.8,0.9866666666666667,1.0,True,False,0.4953271028037383,15.0,12:20,ENTERED,14519.0,14549.0,1.0,2021-06-29,True,2021
False,HTF_1H_TREND_FIRST_PULLBACK_5M_BREAK,medium,SHORT,14495.0,14495.25,1625159700,14502.25,1625160240,"{""adverse_ticks"": 1.0, ""stop_buffer_ticks"": 1.0, ""tod"": ""1200_1400"", ""gap_points"": -15.75, ""prior_ret"": -15.25, ""trend_1h"": ""BEARISH"", ""trend_4h"": ""NEUTRAL"", ""confirm_kind"": ""break""}",540,1h,1,-0.002425848186635493,weak,NQ,9.25,6.5,STOP_HIT,-7.25,-7.45,-1.0275862068965518,-1.0,False,False,0.5110132158590308,7.25,13:15,ENTERED,14502.25,14487.75,1.0,2021-07-01,True,2021
False,HTF_1H_TREND_FIRST_PULLBACK_5M_BREAK,medium,LONG,14664.75,14664.5,1625233800,14642.75,1625234580,"{""adverse_ticks"": 1.0, ""stop_buffer_ticks"": 1.0, ""tod"": ""0930_1030"", ""gap_points"": 81.25, ""prior_ret"": 20.0, ""trend_1h"": ""BULLISH"", ""trend_4h"": ""NEUTRAL"", ""confirm_kind"": ""break""}",780,1h,1,0.0041371970061114816,medium,NQ,22.0,0.75,STOP_HIT,-22.0,-22.2,-1.009090909090909,-1.0,False,False,0.5555555555555556,22.0,09:50,ENTERED,14642.75,14686.75,1.0,2021-07-02,True,2021
False,HTF_1H_TREND_FIRST_PULLBACK_5M_BREAK,medium,SHORT,14754.75,14755.0,1625670600,14785.75,1625672580,"{""adverse_ticks"": 1.0, ""stop_buffer_ticks"": 1.0, ""tod"": ""1030_1200"", ""gap_points"": 94.75, ""prior_ret"": 36.0, ""trend_1h"": ""BEARISH"", ""trend_4h"": ""BULLISH"", ""confirm_kind"": ""break""}",1980,1h,1,-0.00473191432035569,medium,NQ,33.0,12.75,STOP_HIT,-31.0,-31.2,-1.0064516129032257,-1.0,False,False,0.4086206896551724,31.0,11:10,ENTERED,14785.75,14723.75,1.0,2021-07-07,True,2021
False,HTF_1H_TREND_FIRST_PULLBACK_5M_BREAK,medium,LONG,14709.25,14709.0,1625770800,14686.0,1625771700,"{""adverse_ticks"": 1.0, ""stop_buffer_ticks"": 1.0, ""tod"": ""1400_1530"", ""gap_points"": -208.25, ""prior_ret"": -69.0, ""trend_1h"": ""BULLISH"", ""trend_4h"": ""BEARISH"", ""confirm_kind"": ""break""}",900,1h,4,0.008813291953155833,strong,NQ,25.25,10.75,STOP_HIT,-23.25,-23.45,-1.0086021505376344,-1.0,False,False,0.4083850931677019,23.25,15:00,ENTERED,14686.0,14732.5,1.0,2021-07-08,True,2021
False,HTF_1H_TREND_FIRST_PULLBACK_5M_BREAK,medium,SHORT,14835.5,14835.75,1626109500,14829.5,1626109620,"{""adverse_ticks"": 1.0, ""stop_buffer_ticks"": 1.0, ""tod"": ""1200_1400"", ""gap_points"": 60.5, ""prior_ret"": 116.75, ""trend_1h"": ""BEARISH"", ""trend_4h"": ""NEUTRAL"", ""confirm_kind"": ""break""}",120,1h,1,-0.0025542784163473664,weak,NQ,1.5,7.5,TARGET_HIT,6.0,5.8,0.9666666666666667,1.0,True,False,0.5547445255474452,6.0,13:05,ENTERED,14841.5,14829.5,1.0,2021-07-12,True,2021
False,HTF_1H_TREND_FIRST_PULLBACK_5M_BREAK,medium,SHORT,14925.0,14925.25,1626280500,14916.75,1626280560,"{""adverse_ticks"": 1.0, ""stop_buffer_ticks"": 1.0, ""tod"": ""1200_1400"", ""gap_points"": 103.75, ""prior_ret"": 12.25, ""trend_1h"": ""BEARISH"", ""trend_4h"": ""BULLISH"", ""confirm_kind"": ""break""}",60,1h,1,-0.004620406796685406,medium,NQ,1.0,10.0,TARGET_HIT,8.25,8.05,0.9757575757575758,1.0,True,False,0.45794392523364486,8.25,12:35,ENTERED,14933.25,14916.75,1.0,2021-07-14,True,2021
False,HTF_1H_TREND_FIRST_PULLBACK_5M_BREAK,medium,SHORT,14813.25,14813.5,1626356700,14842.75,1626356760,"{""adverse_ticks"": 1.0, ""stop_buffer_ticks"": 1.0, ""tod"": ""0930_1030"", ""gap_points"": -1.5, ""prior_ret"": -74.5, ""trend_1h"": ""BEARISH"", ""trend_4h"": ""BULLISH"", ""confirm_kind"": ""break""}",60,1h,2,-0.004729278074866339,medium,NQ,32.75,6.25,STOP_HIT,-29.5,-29.7,-1.006779661016949,-1.0,False,False,0.4465753424657534,29.5,09:45,ENTERED,14842.75,14783.75,1.0,2021-07-15,True,2021
False,HTF_1H_TREND_FIRST_PULLBACK_5M_BREAK,medium,SHORT,14735.5,14735.75,1626447900,14684.75,1626462240,"{""adverse_ticks"": 1.0, ""stop_buffer_ticks"": 1.0, ""tod"": ""1030_1200"", ""gap_points"": 39.25, ""prior_ret"": -102.5, ""trend_1h"": ""BEARISH"", ""trend_4h"": ""BULLISH"", ""confirm_kind"": ""break""}",14340,1h,1,-0.0037117019840734455,weak,NQ,47.25,52.25,TARGET_HIT,50.75,50.55,0.9960591133004926,1.0,True,False,0.5179063360881543,50.75,11:05,ENTERED,14786.25,14684.75,1.0,2021-07-16,True,2021
True,HTF_1H_TREND_FIRST_PULLBACK_5M_BREAK,medium,SHORT,14491.0,14491.25,1626703500,14482.75,1626703500,"{""adverse_ticks"": 1.0, ""stop_buffer_ticks"": 1.0, ""tod"": ""0930_1030"", ""gap_points"": -144.5, ""prior_ret"": -156.5, ""trend_1h"": ""BEARISH"", ""trend_4h"": ""BEARISH"", ""confirm_kind"": ""break""}",0,1h,4,-0.010098248611704386,strong,NQ,4.5,12.25,TARGET_HIT,8.25,8.05,0.9757575757575758,1.0,True,False,0.4826086956521739,8.25,10:05,ENTERED,14499.25,14482.75,1.0,2021-07-19,True,2021
False,HTF_1H_TREND_FIRST_PULLBACK_5M_BREAK,medium,LONG,14753.75,14753.5,1626887400,14772.75,1626888240,"{""adverse_ticks"": 1.0, ""stop_buffer_ticks"": 1.0, ""tod"": ""1200_1400"", ""gap_points"": -16.5, ""prior_ret"": 127.0, ""trend_1h"": ""BULLISH"", ""trend_4h"": ""NEUTRAL"", ""confirm_kind"": ""break""}",840,1h,3,0.0027032081470272917,weak,NQ,2.5,19.5,TARGET_HIT,19.0,18.8,0.9894736842105264,1.0,True,False,0.4059701492537313,19.0,13:10,ENTERED,14734.75,14772.75,1.0,2021-07-21,True,2021
False,HTF_1H_TREND_FIRST_PULLBACK_5M_BREAK,medium,LONG,14886.75,14886.5,1626962700,14909.25,1626964560,"{""adverse_ticks"": 1.0, ""stop_buffer_ticks"": 1.0, ""tod"": ""0930_1030"", ""gap_points"": 12.0, ""prior_ret"": 126.0, ""trend_1h"": ""BULLISH"", ""trend_4h"": ""NEUTRAL"", ""confirm_kind"": ""break""}",1860,1h,1,0.0020373457257834016,weak,NQ,14.5,24.75,TARGET_HIT,22.5,22.3,0.9911111111111112,1.0,True,False,0.5525114155251142,22.5,10:05,ENTERED,14864.25,14909.25,1.0,2021-07-22,True,2021
True,HTF_1H_TREND_FIRST_PULLBACK_5M_BREAK,medium,SHORT,15039.5,15039.75,1627394700,15011.75,1627394820,"{""adverse_ticks"": 1.0, ""stop_buffer_ticks"": 1.0, ""tod"": ""0930_1030"", ""gap_points"": -11.75, ""prior_ret"": 41.5, ""trend_1h"": ""BEARISH"", ""trend_4h"": ""BEARISH"", ""confirm_kind"": ""break""}",120,1h,1,-0.0036924197767990163,weak,NQ,3.5,32.5,TARGET_HIT,27.75,27.55,0.9927927927927929,1.0,True,False,0.4416058394160584,27.75,10:05,ENTERED,15067.25,15011.75,1.0,2021-07-27,True,2021
True,HTF_1H_TREND_FIRST_PULLBACK_5M_BREAK,medium,LONG,15054.25,15054.0,1627484700,15033.5,1627485420,"{""adverse_ticks"": 1.0, ""stop_buffer_ticks"": 1.0, ""tod"": ""1030_1200"", ""gap_points"": 48.0, ""prior_ret"": -155.0, ""trend_1h"": ""BULLISH"", ""trend_4h"": ""BULLISH"", ""confirm_kind"": ""break""}",720,1h,1,0.004408081482718318,medium,NQ,21.25,7.0,STOP_HIT,-20.75,-20.95,-1.0096385542168675,-1.0,False,False,0.5180327868852459,20.75,11:05,ENTERED,15033.5,15075.0,1.0,2021-07-28,True,2021
True,HTF_1H_TREND_FIRST_PULLBACK_5M_BREAK,medium,LONG,15039.5,15039.25,1627568400,15058.0,1627568760,"{""adverse_ticks"": 1.0, ""stop_buffer_ticks"": 1.0, ""tod"": ""0930_1030"", ""gap_points"": -22.75, ""prior_ret"": 7.75, ""trend_1h"": ""BULLISH"", ""trend_4h"": ""BULLISH"", ""confirm_kind"": ""break""}",360,1h,1,0.0033323891564056574,weak,NQ,13.75,19.25,TARGET_HIT,18.5,18.3,0.9891891891891892,1.0,True,False,0.45194805194805193,18.5,10:20,ENTERED,15021.0,15058.0,1.0,2021-07-29,False,2021
True,HTF_1H_TREND_FIRST_PULLBACK_5M_BREAK,medium,LONG,14951.5,14951.25,1627656300,14919.75,1627657200,"{""adverse_ticks"": 1.0, ""stop_buffer_ticks"": 1.0, ""tod"": ""1030_1200"", ""gap_points"": -166.25, ""prior_ret"": 52.0, ""trend_1h"": ""BULLISH"", ""trend_4h"": ""BULLISH"", ""confirm_kind"": ""break""}",900,1h,1,0.005972710601140685,medium,NQ,35.5,5.75,STOP_HIT,-31.75,-31.95,-1.0062992125984251,-1.0,False,False,0.44594594594594594,31.75,10:45,ENTERED,14919.75,14983.25,1.0,2021-07-30,True,2021
True,HTF_1H_TREND_FIRST_PULLBACK_5M_BREAK,medium,SHORT,14967.25,14967.5,1627913100,14950.5,1627913160,"{""adverse_ticks"": 1.0, ""stop_buffer_ticks"": 1.0, ""tod"": ""0930_1030"", ""gap_points"": 73.0, ""prior_ret"": 85.75, ""trend_1h"": ""BEARISH"", ""trend_4h"": ""BEARISH"", ""confirm_kind"": ""break""}",60,1h,1,-0.004338070306656672,medium,NQ,5.5,24.75,TARGET_HIT,16.75,16.55,0.9880597014925373,1.0,True,False,0.4483695652173913,16.75,10:05,ENTERED,14984.0,14950.5,1.0,2021-08-02,True,2021
True,HTF_1H_TREND_FIRST_PULLBACK_5M_BREAK,medium,SHORT,14876.75,14877.0,1628000100,14923.5,1628000580,"{""adverse_ticks"": 1.0, ""stop_buffer_ticks"": 1.0, ""tod"": ""0930_1030"", ""gap_points"": 31.25, ""prior_ret"": -73.0, ""trend_1h"": ""BEARISH"", ""trend_4h"": ""BEARISH"", ""confirm_kind"": ""break""}",480,1h,1,-0.0043420898812605024,medium,NQ,49.5,9.5,STOP_HIT,-46.75,-46.95,-1.0042780748663103,-1.0,False,False,0.48879837067209775,46.75,10:15,ENTERED,14923.5,14830.0,1.0,2021-08-03,True,2021
False,HTF_1H_TREND_FIRST_PULLBACK_5M_BREAK,medium,LONG,15076.0,15075.75,1628099100,15082.5,1628099520,"{""adverse_ticks"": 1.0, ""stop_buffer_ticks"": 1.0, ""tod"": ""1200_1400"", ""gap_points"": 0.75, ""prior_ret"": 58.0, ""trend_1h"": ""BULLISH"", ""trend_4h"": ""NEUTRAL"", ""confirm_kind"": ""break""}",420,1h,1,0.002345387404770527,weak,NQ,6.0,7.0,TARGET_HIT,6.5,6.3,0.9692307692307692,1.0,True,False,0.49145299145299143,6.5,13:45,ENTERED,15069.5,15082.5,1.0,2021-08-04,True,2021
True,HTF_1H_TREND_FIRST_PULLBACK_5M_BREAK,medium,LONG,15146.25,15146.0,1628179800,15137.0,1628182920,"{""adverse_ticks"": 1.0, ""stop_buffer_ticks"": 1.0, ""tod"": ""1200_1400"", ""gap_points"": 32.5, ""prior_ret"": 24.25, ""trend_1h"": ""BULLISH"", ""trend_4h"": ""BULLISH"", ""confirm_kind"": ""break""}",3120,1h,2,0.002398835324090909,weak,NQ,10.5,9.25,STOP_HIT,-9.25,-9.45,-1.0216216216216216,-1.0,True,False,0.4423076923076923,9.25,12:10,ENTERED,15137.0,15155.5,1.0,2021-08-05,True,2021
True,HTF_1H_TREND_FIRST_PULLBACK_5M_BREAK,medium,SHORT,15062.5,15062.75,1628262300,15085.5,1628263380,"{""adverse_ticks"": 1.0, ""stop_buffer_ticks"": 1.0, ""tod"": ""1030_1200"", ""gap_points"": -57.0, ""prior_ret"": 64.75, ""trend_1h"": ""BEARISH"", ""trend_4h"": ""BEARISH"", ""confirm_kind"": ""break""}",1080,1h,3,-0.004703358362901255,medium,NQ,25.25,15.5,STOP_HIT,-23.0,-23.2,-1.008695652173913,-1.0,False,False,0.41818181818181815,23.0,11:05,ENTERED,15085.5,15039.5,1.0,2021-08-06,True,2021
False,HTF_1H_TREND_FIRST_PULLBACK_5M_BREAK,medium,SHORT,15045.5,15045.75,1628611200,15058.5,1628611320,"{""adverse_ticks"": 1.0, ""stop_buffer_ticks"": 1.0, ""tod"": ""1200_1400"", ""gap_points"": 21.75, ""prior_ret"": 7.25, ""trend_1h"": ""BEARISH"", ""trend_4h"": ""BULLISH"", ""confirm_kind"": ""break""}",120,1h,2,-0.00650411872492862,medium,NQ,25.75,1.0,STOP_HIT,-13.0,-13.2,-1.0153846153846153,-1.0,False,False,0.4033333333333333,13.0,12:00,ENTERED,15058.5,15032.5,1.0,2021-08-10,True,2021
False,HTF_1H_TREND_FIRST_PULLBACK_5M_BREAK,medium,SHORT,15016.75,15017.0,1628702400,15001.0,1628703480,"{""adverse_ticks"": 1.0, ""stop_buffer_ticks"": 1.0, ""tod"": ""1200_1400"", ""gap_points"": 52.0, ""prior_ret"": -98.25, ""trend_1h"": ""BEARISH"", ""trend_4h"": ""NEUTRAL"", ""confirm_kind"": ""break""}",1080,1h,2,-0.0057488402915838455,medium,NQ,6.0,18.0,TARGET_HIT,15.75,15.55,0.9873015873015873,1.0,True,False,0.49168207024029575,15.75,13:20,ENTERED,15032.5,15001.0,1.0,2021-08-11,True,2021
False,HTF_1H_TREND_FIRST_PULLBACK_5M_BREAK,medium,LONG,15044.75,15044.5,1628787300,15037.25,1628787720,"{""adverse_ticks"": 1.0, ""stop_buffer_ticks"": 1.0, ""tod"": ""1200_1400"", ""gap_points"": -22.25, ""prior_ret"": -76.5, ""trend_1h"": ""BULLISH"", ""trend_4h"": ""NEUTRAL"", ""confirm_kind"": ""break""}",420,1h,1,0.00232972226382433,weak,NQ,10.0,4.0,STOP_HIT,-7.5,-7.7,-1.0266666666666666,-1.0,False,False,0.4864864864864865,7.5,12:55,ENTERED,15037.25,15052.25,1.0,2021-08-12,True,2021
True,HTF_1H_TREND_FIRST_PULLBACK_5M_BREAK,medium,SHORT,14992.25,14992.5,1629129300,15008.0,1629129900,"{""adverse_ticks"": 1.0, ""stop_buffer_ticks"": 1.0, ""tod"": ""1030_1200"", ""gap_points"": -46.5, ""prior_ret"": 37.25, ""trend_1h"": ""BEARISH"", ""trend_4h"": ""BEARISH"", ""confirm_kind"": ""break""}",600,1h,4,-0.010388018158322021,strong,NQ,16.25,8.25,STOP_HIT,-15.75,-15.95,-1.0126984126984127,-1.0,False,False,0.46,15.75,11:55,ENTERED,15008.0,14976.5,1.0,2021-08-16,True,2021
True,HTF_1H_TREND_FIRST_PULLBACK_5M_BREAK,medium,SHORT,14977.0,14977.25,1629209100,14965.0,1629209100,"{""adverse_ticks"": 1.0, ""stop_buffer_ticks"": 1.0, ""tod"": ""0930_1030"", ""gap_points"": -117.0, ""prior_ret"": 54.25, ""trend_1h"": ""BEARISH"", ""trend_4h"": ""BEARISH"", ""confirm_kind"": ""break""}",0,1h,2,-0.006517521020249051,medium,NQ,1.0,14.5,TARGET_HIT,12.0,11.8,0.9833333333333334,1.0,True,False,0.5161290322580645,12.0,10:05,ENTERED,14989.0,14965.0,1.0,2021-08-17,True,2021
True,HTF_1H_TREND_FIRST_PULLBACK_5M_BREAK,medium,LONG,14920.5,14920.25,1629397500,14893.75,1629397740,"{""adverse_ticks"": 1.0, ""stop_buffer_ticks"": 1.0, ""tod"": ""1400_1530"", ""gap_points"": -81.75, ""prior_ret"": -122.5, ""trend_1h"": ""BULLISH"", ""trend_4h"": ""BULLISH"", ""confirm_kind"": ""break""}",240,1h,4,0.008545998074616978,strong,NQ,42.75,7.25,STOP_HIT,-26.75,-26.95,-1.0074766355140186,-1.0,False,False,0.4309576837416481,26.75,14:25,ENTERED,14893.75,14947.25,1.0,2021-08-19,True,2021
True,HTF_1H_TREND_FIRST_PULLBACK_5M_BREAK,medium,LONG,15041.5,15041.25,1629468000,15074.5,1629469080,"{""adverse_ticks"": 1.0, ""stop_buffer_ticks"": 1.0, ""tod"": ""0930_1030"", ""gap_points"": 44.5, ""prior_ret"": 154.5, ""trend_1h"": ""BULLISH"", ""trend_4h"": ""BULLISH"", ""confirm_kind"": ""break""}",1080,1h,3,0.009683320187289235,strong,NQ,4.5,40.0,TARGET_HIT,33.0,32.8,0.9939393939393939,1.0,True,False,0.46387832699619774,33.0,10:00,ENTERED,15008.5,15074.5,1.0,2021-08-20,True,2021
False,HTF_1H_TREND_FIRST_PULLBACK_5M_BREAK,medium,SHORT,15270.0,15270.25,1629990300,15299.0,1629990660,"{""adverse_ticks"": 1.0, ""stop_buffer_ticks"": 1.0, ""tod"": ""1030_1200"", ""gap_points"": -27.0, ""prior_ret"": -2.75, ""trend_1h"": ""BEARISH"", ""trend_4h"": ""NEUTRAL"", ""confirm_kind"": ""break""}",360,1h,1,-0.0026406728825715264,weak,NQ,31.5,11.0,STOP_HIT,-29.0,-29.2,-1.006896551724138,-1.0,False,False,0.45353159851301117,29.0,11:05,ENTERED,15299.0,15241.0,1.0,2021-08-26,True,2021
False,HTF_1H_TREND_FIRST_PULLBACK_5M_BREAK,medium,SHORT,15556.75,15557.0,1630417800,15549.0,1630417800,"{""adverse_ticks"": 1.0, ""stop_buffer_ticks"": 1.0, ""tod"": ""0930_1030"", ""gap_points"": 8.25, ""prior_ret"": 143.75, ""trend_1h"": ""BEARISH"", ""trend_4h"": ""NEUTRAL"", ""confirm_kind"": ""break""}",0,1h,3,-0.004280466379172676,medium,NQ,6.0,10.75,TARGET_HIT,7.75,7.55,0.9741935483870967,1.0,True,False,0.40327868852459015,7.75,09:50,ENTERED,15564.5,15549.0,1.0,2021-08-31,True,2021
True,HTF_1H_TREND_FIRST_PULLBACK_5M_BREAK,medium,LONG,15681.5,15681.25,1630505700,15660.0,1630521060,"{""adverse_ticks"": 1.0, ""stop_buffer_ticks"": 1.0, ""tod"": ""0930_1030"", ""gap_points"": 45.5, ""prior_ret"": -23.0, ""trend_1h"": ""BULLISH"", ""trend_4h"": ""BULLISH"", ""confirm_kind"": ""break""}",15360,1h,1,0.003956241090449009,weak,NQ,23.75,7.75,STOP_HIT,-21.5,-21.7,-1.0093023255813953,-1.0,False,False,0.5507246376811594,21.5,10:15,ENTERED,15660.0,15703.0,1.0,2021-09-01,True,2021
True,HTF_1H_TREND_FIRST_PULLBACK_5M_BREAK,medium,SHORT,15585.75,15586.0,1630609800,15602.5,1630610340,"{""adverse_ticks"": 1.0, ""stop_buffer_ticks"": 1.0, ""tod"": ""1400_1530"", ""gap_points"": 56.75, ""prior_ret"": -18.5, ""trend_1h"": ""BEARISH"", ""trend_4h"": ""BEARISH"", ""confirm_kind"": ""break""}",540,1h,3,-0.0028606587505792813,weak,NQ,16.5,3.75,STOP_HIT,-16.75,-16.95,-1.0119402985074626,-1.0,False,False,0.4270386266094421,16.75,15:10,ENTERED,15602.5,15569.0,1.0,2021-09-02,True,2021
True,HTF_1H_TREND_FIRST_PULLBACK_5M_BREAK,medium,SHORT,15564.25,15564.5,1631115300,15536.5,1631116200,"{""adverse_ticks"": 1.0, ""stop_buffer_ticks"": 1.0, ""tod"": ""1030_1200"", ""gap_points"": -7.25, ""prior_ret"": 18.25, ""trend_1h"": ""BEARISH"", ""trend_4h"": ""BEARISH"", ""confirm_kind"": ""break""}",900,1h,1,-0.007024153509682107,medium,NQ,13.5,33.5,TARGET_HIT,27.75,27.55,0.9927927927927929,1.0,True,False,0.42585551330798477,27.75,11:35,ENTERED,15592.0,15536.5,1.0,2021-09-08,True,2021
True,HTF_1H_TREND_FIRST_PULLBACK_5M_BREAK,medium,LONG,15665.25,15665.0,1631196300,15647.75,1631196900,"{""adverse_ticks"": 1.0, ""stop_buffer_ticks"": 1.0, ""tod"": ""0930_1030"", ""gap_points"": 7.75, ""prior_ret"": -43.25, ""trend_1h"": ""BULLISH"", ""trend_4h"": ""BULLISH"", ""confirm_kind"": ""break""}",600,1h,3,0.004538602174680051,medium,NQ,18.25,10.0,STOP_HIT,-17.5,-17.7,-1.0114285714285713,-1.0,False,False,0.5303867403314917,17.5,10:05,ENTERED,15647.75,15682.75,1.0,2021-09-09,True,2021
False,HTF_1H_TREND_FIRST_PULLBACK_5M_BREAK,medium,SHORT,15578.25,15578.5,1631291100,15586.75,1631291520,"{""adverse_ticks"": 1.0, ""stop_buffer_ticks"": 1.0, ""tod"": ""1200_1400"", ""gap_points"": 73.5, ""prior_ret"": -66.5, ""trend_1h"": ""BEARISH"", ""trend_4h"": ""BULLISH"", ""confirm_kind"": ""break""}",420,1h,1,-0.005422872042615157,medium,NQ,8.25,2.0,STOP_HIT,-8.5,-8.7,-1.0235294117647058,-1.0,False,False,0.517162471395881,8.5,12:25,ENTERED,15586.75,15569.75,1.0,2021-09-10,True,2021
False,HTF_1H_TREND_FIRST_PULLBACK_5M_BREAK,medium,SHORT,15376.25,15376.5,1631542500,15417.75,1631562900,"{""adverse_ticks"": 1.0, ""stop_buffer_ticks"": 1.0, ""tod"": ""0930_1030"", ""gap_points"": 94.0, ""prior_ret"": -192.25, ""trend_1h"": ""BEARISH"", ""trend_4h"": ""NEUTRAL"", ""confirm_kind"": ""break""}",20400,1h,1,-0.0037587920242627693,weak,NQ,67.75,33.75,TIME_EXIT,-41.5,-41.7,-0.569283276450512,-0.5665529010238908,False,False,0.40691927512355847,73.25,10:15,ENTERED,15449.5,15303.0,1.0,2021-09-13,True,2021
False,HTF_1H_TREND_FIRST_PULLBACK_5M_BREAK,medium,SHORT,15392.5,15392.75,1631639400,15432.5,1631641980,"{""adverse_ticks"": 1.0, ""stop_buffer_ticks"": 1.0, ""tod"": ""1200_1400"", ""gap_points"": 61.75, ""prior_ret"": -108.25, ""trend_1h"": ""BEARISH"", ""trend_4h"": ""NEUTRAL"", ""confirm_kind"": ""break""}",2580,1h,1,-0.0038430486032617894,weak,NQ,39.75,6.25,STOP_HIT,-40.0,-40.2,-1.0050000000000001,-1.0,False,False,0.431924882629108,40.0,13:10,ENTERED,15432.5,15352.5,1.0,2021-09-14,True,2021
False,HTF_1H_TREND_FIRST_PULLBACK_5M_BREAK,medium,SHORT,15369.5,15369.75,1631714700,15361.0,1631714820,"{""adverse_ticks"": 1.0, ""stop_buffer_ticks"": 1.0, ""tod"": ""0930_1030"", ""gap_points"": 22.25, ""prior_ret"": -110.0, ""trend_1h"": ""BEARISH"", ""trend_4h"": ""NEUTRAL"", ""confirm_kind"": ""break""}",120,1h,1,-0.004682967932202242,medium,NQ,4.75,14.25,TARGET_HIT,8.5,8.3,0.9764705882352942,1.0,True,False,0.4406779661016949,8.5,10:05,ENTERED,15378.0,15361.0,1.0,2021-09-15,False,2021
True,HTF_1H_TREND_FIRST_PULLBACK_5M_BREAK,medium,SHORT,15384.0,15384.25,1631801100,15414.25,1631801340,"{""adverse_ticks"": 1.0, ""stop_buffer_ticks"": 1.0, ""tod"": ""0930_1030"", ""gap_points"": -55.5, ""prior_ret"": 92.25, ""trend_1h"": ""BEARISH"", ""trend_4h"": ""BEARISH"", ""confirm_kind"": ""break""}",240,1h,1,-0.0030730413404930212,weak,NQ,31.5,0.0,STOP_HIT,-30.25,-30.45,-1.006611570247934,-1.0,False,False,0.4908256880733945,30.25,10:05,ENTERED,15414.25,15353.75,1.0,2021-09-16,True,2021
True,HTF_1H_TREND_FIRST_PULLBACK_5M_BREAK,medium,SHORT,15038.25,15038.5,1632148200,,1632148200,"{""adverse_ticks"": 1.0, ""stop_buffer_ticks"": 1.0, ""tod"": ""1030_1200"", ""gap_points"": -246.0, ""prior_ret"": -161.75, ""trend_1h"": ""BEARISH"", ""trend_4h"": ""BEARISH"", ""confirm_kind"": ""break""}",,1h,7,-0.0029040029040029447,weak,NQ,11.0,11.0,AMBIGUOUS,,,,,True,False,0.40969162995594716,9.5,10:30,ENTERED,15047.75,15028.75,1.0,2021-09-20,True,2021
False,HTF_1H_TREND_FIRST_PULLBACK_5M_BREAK,medium,SHORT,15024.5,15024.75,1632234300,14990.25,1632235800,"{""adverse_ticks"": 1.0, ""stop_buffer_ticks"": 1.0, ""tod"": ""0930_1030"", ""gap_points"": 77.75, ""prior_ret"": -71.5, ""trend_1h"": ""BEARISH"", ""trend_4h"": ""NEUTRAL"", ""confirm_kind"": ""break""}",1500,1h,2,-0.0037687819230706188,weak,NQ,28.25,39.0,TARGET_HIT,34.25,34.05,0.9941605839416058,1.0,True,False,0.4651898734177215,34.25,10:25,ENTERED,15058.75,14990.25,1.0,2021-09-21,True,2021
True,HTF_1H_TREND_FIRST_PULLBACK_5M_BREAK,medium,LONG,15135.75,15135.5,1632331500,15146.25,1632331620,"{""adverse_ticks"": 1.0, ""stop_buffer_ticks"": 1.0, ""tod"": ""1200_1400"", ""gap_points"": 43.5, ""prior_ret"": -63.75, ""trend_1h"": ""BULLISH"", ""trend_4h"": ""BULLISH"", ""confirm_kind"": ""break""}",120,1h,3,0.004491067581452457,medium,NQ,1.0,12.5,TARGET_HIT,10.5,10.3,0.980952380952381,1.0,True,False,0.40316901408450706,10.5,13:25,ENTERED,15125.25,15146.25,1.0,2021-09-22,True,2021
True,HTF_1H_TREND_FIRST_PULLBACK_5M_BREAK,medium,LONG,15293.5,15293.25,1632411000,15321.75,1632416760,"{""adverse_ticks"": 1.0, ""stop_buffer_ticks"": 1.0, ""tod"": ""1030_1200"", ""gap_points"": 49.0, ""prior_ret"": 99.75, ""trend_1h"": ""BULLISH"", ""trend_4h"": ""BULLISH"", ""confirm_kind"": ""break""}",5760,1h,1,0.00490131794636417,medium,NQ,17.0,28.75,TARGET_HIT,28.25,28.05,0.9929203539823009,1.0,True,False,0.40117416829745595,28.25,11:30,ENTERED,15265.25,15321.75,1.0,2021-09-23,True,2021
True,HTF_1H_TREND_FIRST_PULLBACK_5M_BREAK,medium,SHORT,15123.0,15123.25,1632751200,15104.0,1632751200,"{""adverse_ticks"": 1.0, ""stop_buffer_ticks"": 1.0, ""tod"": ""0930_1030"", ""gap_points"": -130.5, ""prior_ret"": 109.25, ""trend_1h"": ""BEARISH"", ""trend_4h"": ""BEARISH"", ""confirm_kind"": ""break""}",0,1h,7,-0.009935021359477547,strong,NQ,0.25,19.75,TARGET_HIT,19.0,18.8,0.9894736842105264,1.0,True,False,0.5703703703703704,19.0,10:00,ENTERED,15142.0,15104.0,1.0,2021-09-27,True,2021
True,HTF_1H_TREND_FIRST_PULLBACK_5M_BREAK,medium,SHORT,14912.75,14913.0,1632837000,14853.0,1632838680,"{""adverse_ticks"": 1.0, ""stop_buffer_ticks"": 1.0, ""tod"": ""0930_1030"", ""gap_points"": -192.75, ""prior_ret"": 9.0, ""trend_1h"": ""BEARISH"", ""trend_4h"": ""BEARISH"", ""confirm_kind"": ""break""}",1680,1h,1,-0.0032471857723306297,weak,NQ,48.5,63.0,TARGET_HIT,59.75,59.55,0.9966527196652719,1.0,True,False,0.5993150684931506,59.75,09:50,ENTERED,14972.5,14853.0,1.0,2021-09-28,True,2021
False,HTF_1H_TREND_FIRST_PULLBACK_5M_BREAK,medium,SHORT,14774.0,14774.25,1632932400,14765.75,1632932400,"{""adverse_ticks"": 1.0, ""stop_buffer_ticks"": 1.0, ""tod"": ""1200_1400"", ""gap_points"": 53.5, ""prior_ret"": -237.25, ""trend_1h"": ""BEARISH"", ""trend_4h"": ""BULLISH"", ""confirm_kind"": ""break""}",0,1h,1,-0.005059929060130752,medium,NQ,1.5,13.25,TARGET_HIT,8.25,8.05,0.9757575757575758,1.0,True,False,0.4090909090909091,8.25,12:20,ENTERED,14782.25,14765.75,1.0,2021-09-29,True,2021
False,HTF_1H_TREND_FIRST_PULLBACK_5M_BREAK,medium,SHORT,14727.5,14727.75,1633017900,14698.0,1633018320,"{""adverse_ticks"": 1.0, ""stop_buffer_ticks"": 1.0, ""tod"": ""1200_1400"", ""gap_points"": 67.5, ""prior_ret"": -75.5, ""trend_1h"": ""BEARISH"", ""trend_4h"": ""NEUTRAL"", ""confirm_kind"": ""break""}",420,1h,1,-0.003849530627406006,weak,NQ,5.0,37.0,TARGET_HIT,29.5,29.3,0.9932203389830508,1.0,True,False,0.42857142857142855,29.5,12:05,ENTERED,14757.0,14698.0,1.0,2021-09-30,True,2021
True,HTF_1H_TREND_FIRST_PULLBACK_5M_BREAK,medium,SHORT,14558.75,14559.0,1633356900,14507.75,1633357800,"{""adverse_ticks"": 1.0, ""stop_buffer_ticks"": 1.0, ""tod"": ""0930_1030"", ""gap_points"": -66.25, ""prior_ret"": 60.5, ""trend_1h"": ""BEARISH"", ""trend_4h"": ""BEARISH"", ""confirm_kind"": ""break""}",900,1h,1,-0.007092922386079503,medium,NQ,4.5,70.25,TARGET_HIT,51.0,50.8,0.9960784313725489,1.0,True,False,0.40688575899843504,51.0,10:15,ENTERED,14609.75,14507.75,1.0,2021-10-04,True,2021
True,HTF_1H_TREND_FIRST_PULLBACK_5M_BREAK,medium,LONG,14606.5,14606.25,1633442700,14659.0,1633445160,"{""adverse_ticks"": 1.0, ""stop_buffer_ticks"": 1.0, ""tod"": ""0930_1030"", ""gap_points"": 39.0, ""prior_ret"": -236.25, ""trend_1h"": ""BULLISH"", ""trend_4h"": ""BULLISH"", ""confirm_kind"": ""break""}",2460,1h,1,0.0026818869481501917,weak,NQ,12.75,55.5,TARGET_HIT,52.5,52.3,0.9961904761904762,1.0,True,False,0.47790055248618785,52.5,10:05,ENTERED,14554.0,14659.0,1.0,2021-10-05,True,2021
True,HTF_1H_TREND_FIRST_PULLBACK_5M_BREAK,medium,SHORT,14846.75,14847.0,1633711800,14834.5,1633712280,"{""adverse_ticks"": 1.0, ""stop_buffer_ticks"": 1.0, ""tod"": ""1200_1400"", ""gap_points"": 46.75, ""prior_ret"": 4.25, ""trend_1h"": ""BEARISH"", ""trend_4h"": ""BEARISH"", ""confirm_kind"": ""break""}",480,1h,1,-0.005133883631970981,medium,NQ,2.5,13.0,TARGET_HIT,12.25,12.05,0.9836734693877551,1.0,True,False,0.40040241448692154,12.25,12:50,ENTERED,14859.0,14834.5,1.0,2021-10-08,True,2021
True,HTF_1H_TREND_FIRST_PULLBACK_5M_BREAK,medium,LONG,14821.5,14821.25,1633968900,14827.5,1633968960,"{""adverse_ticks"": 1.0, ""stop_buffer_ticks"": 1.0, ""tod"": ""1200_1400"", ""gap_points"": -62.75, ""prior_ret"": -122.25, ""trend_1h"": ""BULLISH"", ""trend_4h"": ""BULLISH"", ""confirm_kind"": ""break""}",60,1h,3,0.011381228628298157,strong,NQ,3.75,8.75,TARGET_HIT,6.0,5.8,0.9666666666666667,1.0,True,False,0.4228187919463087,6.0,12:15,ENTERED,14815.5,14827.5,1.0,2021-10-11,False,2021
False,HTF_1H_TREND_FIRST_PULLBACK_5M_BREAK,medium,SHORT,14688.75,14689.0,1634048400,14657.5,1634049360,"{""adverse_ticks"": 1.0, ""stop_buffer_ticks"": 1.0, ""tod"": ""0930_1030"", ""gap_points"": 60.0, ""prior_ret"": -48.5, ""trend_1h"": ""BEARISH"", ""trend_4h"": ""NEUTRAL"", ""confirm_kind"": ""break""}",960,1h,1,-0.004312613545681465,medium,NQ,14.75,36.0,TARGET_HIT,31.25,31.05,0.9936,1.0,True,False,0.5745721271393643,31.25,10:20,ENTERED,14720.0,14657.5,1.0,2021-10-12,True,2021
True,HTF_1H_TREND_FIRST_PULLBACK_5M_BREAK,medium,LONG,14973.5,14973.25,1634220300,15011.75,1634226300,"{""adverse_ticks"": 1.0, ""stop_buffer_ticks"": 1.0, ""tod"": ""0930_1030"", ""gap_points"": 153.0, ""prior_ret"": 19.5, ""trend_1h"": ""BULLISH"", ""trend_4h"": ""BULLISH"", ""confirm_kind"": ""break""}",6000,1h,3,0.004132092585749314,medium,NQ,7.75,38.5,TARGET_HIT,38.25,38.05,0.9947712418300653,1.0,True,False,0.5751633986928104,38.25,10:05,ENTERED,14935.25,15011.75,1.0,2021-10-14,True,2021
False,HTF_1H_TREND_FIRST_PULLBACK_5M_BREAK,medium,LONG,15116.0,15115.75,1634310900,15101.75,1634311260,"{""adverse_ticks"": 1.0, ""stop_buffer_ticks"": 1.0, ""tod"": ""1030_1200"", ""gap_points"": 51.75, ""prior_ret"": 117.75, ""trend_1h"": ""BULLISH"", ""trend_4h"": ""NEUTRAL"", ""confirm_kind"": ""break""}",360,1h,1,0.002354892205638448,weak,NQ,16.5,2.25,STOP_HIT,-14.25,-14.45,-1.0140350877192983,-1.0,False,False,0.47413793103448276,14.25,11:15,ENTERED,15101.75,15130.25,1.0,2021-10-15,True,2021
True,HTF_1H_TREND_FIRST_PULLBACK_5M_BREAK,medium,LONG,15147.25,15147.0,1634568300,15169.25,1634568840,"{""adverse_ticks"": 1.0, ""stop_buffer_ticks"": 1.0, ""tod"": ""1030_1200"", ""gap_points"": -58.75, ""prior_ret"": 46.5, ""trend_1h"": ""BULLISH"", ""trend_4h"": ""BULLISH"", ""confirm_kind"": ""break""}",540,1h,1,0.004445697792080594,medium,NQ,1.75,22.75,TARGET_HIT,22.0,21.8,0.990909090909091,1.0,True,False,0.41839762611275966,22.0,10:45,ENTERED,15125.25,15169.25,1.0,2021-10-18,True,2021
True,HTF_1H_TREND_FIRST_PULLBACK_5M_BREAK,medium,LONG,15378.0,15377.75,1634669100,15393.75,1634670840,"{""adverse_ticks"": 1.0, ""stop_buffer_ticks"": 1.0, ""tod"": ""1400_1530"", ""gap_points"": 44.25, ""prior_ret"": 209.75, ""trend_1h"": ""BULLISH"", ""trend_4h"": ""BULLISH"", ""confirm_kind"": ""break""}",1740,1h,2,0.004698895433260963,medium,NQ,9.5,17.75,TARGET_HIT,15.75,15.55,0.9873015873015873,1.0,True,False,0.5294117647058824,15.75,14:45,ENTERED,15362.25,15393.75,1.0,2021-10-19,True,2021
False,HTF_1H_TREND_FIRST_PULLBACK_5M_BREAK,medium,SHORT,15361.5,15361.75,1634754300,15375.0,1634755260,"{""adverse_ticks"": 1.0, ""stop_buffer_ticks"": 1.0, ""tod"": ""1400_1530"", ""gap_points"": 19.75, ""prior_ret"": 69.5, ""trend_1h"": ""BEARISH"", ""trend_4h"": ""NEUTRAL"", ""confirm_kind"": ""break""}",960,1h,1,-0.003342799188640999,weak,NQ,15.75,0.75,STOP_HIT,-13.5,-13.7,-1.0148148148148148,-1.0,False,False,0.4665012406947891,13.5,14:25,ENTERED,15375.0,15348.0,1.0,2021-10-20,True,2021
False,HTF_1H_TREND_FIRST_PULLBACK_5M_BREAK,medium,LONG,15409.0,15408.75,1634831100,15422.5,1634832060,"{""adverse_ticks"": 1.0, ""stop_buffer_ticks"": 1.0, ""tod"": ""1030_1200"", ""gap_points"": -36.5, ""prior_ret"": -36.75, ""trend_1h"": ""BULLISH"", ""trend_4h"": ""NEUTRAL"", ""confirm_kind"": ""break""}",960,1h,1,0.0055236015837583086,medium,NQ,5.25,14.25,TARGET_HIT,13.5,13.3,0.9851851851851853,1.0,True,False,0.43073047858942065,13.5,11:45,ENTERED,15395.5,15422.5,1.0,2021-10-21,True,2021
False,HTF_1H_TREND_FIRST_PULLBACK_5M_BREAK,medium,SHORT,15357.0,15357.25,1634916000,15310.75,1634916960,"{""adverse_ticks"": 1.0, ""stop_buffer_ticks"": 1.0, ""tod"": ""1030_1200"", ""gap_points"": -52.75, ""prior_ret"": 128.75, ""trend_1h"": ""BEARISH"", ""trend_4h"": ""NEUTRAL"", ""confirm_kind"": ""break""}",960,1h,1,-0.002751298774862798,weak,NQ,3.75,54.25,TARGET_HIT,46.25,46.05,0.9956756756756756,1.0,True,False,0.47297297297297297,46.25,11:20,ENTERED,15403.25,15310.75,1.0,2021-10-22,True,2021
True,HTF_1H_TREND_FIRST_PULLBACK_5M_BREAK,medium,LONG,15453.5,15453.25,1635177900,15481.0,1635179820,"{""adverse_ticks"": 1.0, ""stop_buffer_ticks"": 1.0, ""tod"": ""1200_1400"", ""gap_points"": 63.25, ""prior_ret"": -80.5, ""trend_1h"": ""BULLISH"", ""trend_4h"": ""BULLISH"", ""confirm_kind"": ""break""}",1920,1h,1,0.0030214424951267027,weak,NQ,2.25,32.5,TARGET_HIT,27.5,27.3,0.9927272727272728,1.0,True,False,0.40425531914893614,27.5,12:05,ENTERED,15426.0,15481.0,1.0,2021-10-25,True,2021
True,HTF_1H_TREND_FIRST_PULLBACK_5M_BREAK,medium,LONG,15647.5,15647.25,1635257100,15671.75,1635257640,"{""adverse_ticks"": 1.0, ""stop_buffer_ticks"": 1.0, ""tod"": ""0930_1030"", ""gap_points"": 96.5, ""prior_ret"": 96.0, ""trend_1h"": ""BULLISH"", ""trend_4h"": ""BULLISH"", ""confirm_kind"": ""break""}",540,1h,1,0.0025803349627373517,weak,NQ,2.75,28.25,TARGET_HIT,24.25,24.05,0.9917525773195877,1.0,True,False,0.5761316872427984,24.25,10:05,ENTERED,15623.25,15671.75,1.0,2021-10-26,True,2021
True,HTF_1H_TREND_FIRST_PULLBACK_5M_BREAK,medium,LONG,15626.75,15626.5,1635345300,15660.25,1635346560,"{""adverse_ticks"": 1.0, ""stop_buffer_ticks"": 1.0, ""tod"": ""1030_1200"", ""gap_points"": 25.75, ""prior_ret"": -52.75, ""trend_1h"": ""BULLISH"", ""trend_4h"": ""BULLISH"", ""confirm_kind"": ""break""}",1260,1h,1,0.007747193454346268,medium,NQ,16.25,33.75,TARGET_HIT,33.5,33.3,0.9940298507462686,1.0,True,False,0.5436893203883495,33.5,10:35,ENTERED,15593.25,15660.25,1.0,2021-10-27,True,2021
True,HTF_1H_TREND_FIRST_PULLBACK_5M_BREAK,medium,LONG,15724.75,15724.5,1635433800,15744.0,1635434280,"{""adverse_ticks"": 1.0, ""stop_buffer_ticks"": 1.0, ""tod"": ""1030_1200"", ""gap_points"": 83.75, ""prior_ret"": 14.25, ""trend_1h"": ""BULLISH"", ""trend_4h"": ""BULLISH"", ""confirm_kind"": ""break""}",480,1h,1,0.0025681926942096034,weak,NQ,2.5,21.5,TARGET_HIT,19.25,19.05,0.9896103896103896,1.0,True,False,0.44761904761904764,19.25,11:10,ENTERED,15705.5,15744.0,1.0,2021-10-28,True,2021
True,HTF_1H_TREND_FIRST_PULLBACK_5M_BREAK,medium,LONG,15698.75,15698.5,1635516600,15730.25,1635520800,"{""adverse_ticks"": 1.0, ""stop_buffer_ticks"": 1.0, ""tod"": ""0930_1030"", ""gap_points"": -130.5, ""prior_ret"": 92.75, ""trend_1h"": ""BULLISH"", ""trend_4h"": ""BULLISH"", ""confirm_kind"": ""break""}",4200,1h,1,0.003471166919939206,weak,NQ,30.25,35.0,TARGET_HIT,31.5,31.3,0.9936507936507937,1.0,True,False,0.46715328467153283,31.5,10:10,ENTERED,15667.25,15730.25,1.0,2021-10-29,True,2021
False,HTF_1H_TREND_FIRST_PULLBACK_5M_BREAK,medium,SHORT,15803.5,15803.75,1635774600,15772.0,1635775440,"{""adverse_ticks"": 1.0, ""stop_buffer_ticks"": 1.0, ""tod"": ""0930_1030"", ""gap_points"": 17.75, ""prior_ret"": 209.25, ""trend_1h"": ""BEARISH"", ""trend_4h"": ""BULLISH"", ""confirm_kind"": ""break""}",840,1h,1,-0.002216667452718979,weak,NQ,28.75,35.25,TARGET_HIT,31.5,31.3,0.9936507936507937,1.0,True,False,0.4131455399061033,31.5,09:50,ENTERED,15835.0,15772.0,1.0,2021-11-01,True,2021
True,HTF_1H_TREND_FIRST_PULLBACK_5M_BREAK,medium,LONG,15919.75,15919.5,1635862800,15945.25,1635863160,"{""adverse_ticks"": 1.0, ""stop_buffer_ticks"": 1.0, ""tod"": ""0930_1030"", ""gap_points"": -28.0, ""prior_ret"": 35.75, ""trend_1h"": ""BULLISH"", ""trend_4h"": ""BULLISH"", ""confirm_kind"": ""break""}",360,1h,1,0.005831087576631422,medium,NQ,0.75,27.0,TARGET_HIT,25.5,25.3,0.9921568627450981,1.0,True,False,0.48048780487804876,25.5,10:20,ENTERED,15894.25,15945.25,1.0,2021-11-02,False,2021
True,HTF_1H_TREND_FIRST_PULLBACK_5M_BREAK,medium,LONG,16257.75,16257.5,1636040400,16272.5,1636040700,"{""adverse_ticks"": 1.0, ""stop_buffer_ticks"": 1.0, ""tod"": ""1030_1200"", ""gap_points"": 50.5, ""prior_ret"": 149.25, ""trend_1h"": ""BULLISH"", ""trend_4h"": ""BULLISH"", ""confirm_kind"": ""break""}",300,1h,2,0.0068044004875715824,medium,NQ,8.0,15.0,TARGET_HIT,14.75,14.55,0.9864406779661018,1.0,True,False,0.47603305785123967,14.75,11:40,ENTERED,16243.0,16272.5,1.0,2021-11-04,True,2021
False,HTF_1H_TREND_FIRST_PULLBACK_5M_BREAK,medium,SHORT,16363.25,16363.5,1636136100,16353.25,1636136520,"{""adverse_ticks"": 1.0, ""stop_buffer_ticks"": 1.0, ""tod"": ""1400_1530"", ""gap_points"": 75.0, ""prior_ret"": 154.75, ""trend_1h"": ""BEARISH"", ""trend_4h"": ""NEUTRAL"", ""confirm_kind"": ""break""}",420,1h,1,-0.0037004888300059546,weak,NQ,7.25,14.25,TARGET_HIT,10.0,9.8,0.9800000000000001,1.0,True,False,0.5550847457627118,10.0,14:15,ENTERED,16373.25,16353.25,1.0,2021-11-05,True,2021
True,HTF_1H_TREND_FIRST_PULLBACK_5M_BREAK,medium,SHORT,16231.25,16231.5,1636471500,16264.5,1636471920,"{""adverse_ticks"": 1.0, ""stop_buffer_ticks"": 1.0, ""tod"": ""0930_1030"", ""gap_points"": 46.75, ""prior_ret"": -20.5, ""trend_1h"": ""BEARISH"", ""trend_4h"": ""BEARISH"", ""confirm_kind"": ""break""}",420,1h,1,-0.008296789768820534,strong,NQ,37.25,4.25,STOP_HIT,-33.25,-33.45,-1.0060150375939851,-1.0,False,False,0.4008042895442359,33.25,10:25,ENTERED,16264.5,16198.0,1.0,2021-11-09,True,2021
False,HTF_1H_TREND_FIRST_PULLBACK_5M_BREAK,medium,LONG,16182.75,16182.5,1636560300,16162.75,1636561620,"{""adverse_ticks"": 1.0, ""stop_buffer_ticks"": 1.0, ""tod"": ""1030_1200"", ""gap_points"": -116.0, ""prior_ret"": -158.5, ""trend_1h"": ""BULLISH"", ""trend_4h"": ""NEUTRAL"", ""confirm_kind"": ""break""}",1320,1h,1,0.002371982698479158,weak,NQ,22.25,12.75,STOP_HIT,-20.0,-20.2,-1.01,-1.0,False,False,0.48535564853556484,20.0,11:05,ENTERED,16162.75,16202.75,1.0,2021-11-10,True,2021
False,HTF_1H_TREND_FIRST_PULLBACK_5M_BREAK,medium,SHORT,16045.75,16046.0,1636653900,16027.75,1636655100,"{""adverse_ticks"": 1.0, ""stop_buffer_ticks"": 1.0, ""tod"": ""1200_1400"", ""gap_points"": 124.75, ""prior_ret"": -123.5, ""trend_1h"": ""BEARISH"", ""trend_4h"": ""BULLISH"", ""confirm_kind"": ""break""}",1200,1h,1,-0.0034143994536960376,weak,NQ,5.75,20.75,TARGET_HIT,18.0,17.8,0.9888888888888889,1.0,True,False,0.5047318611987381,18.0,13:05,ENTERED,16063.75,16027.75,1.0,2021-11-11,True,2021
False,HTF_1H_TREND_FIRST_PULLBACK_5M_BREAK,medium,LONG,16130.25,16130.0,1636733100,16171.5,1636733940,"{""adverse_ticks"": 1.0, ""stop_buffer_ticks"": 1.0, ""tod"": ""1030_1200"", ""gap_points"": 47.5, ""prior_ret"": -80.25, ""trend_1h"": ""BULLISH"", ""trend_4h"": ""BEARISH"", ""confirm_kind"": ""break""}",840,1h,1,0.0026608987924809924,weak,NQ,6.0,50.0,TARGET_HIT,41.25,41.05,0.9951515151515151,1.0,True,False,0.5470588235294118,41.25,11:05,ENTERED,16089.0,16171.5,1.0,2021-11-12,True,2021
False,HTF_1H_TREND_FIRST_PULLBACK_5M_BREAK,medium,SHORT,16104.75,16105.0,1636994700,16194.25,1637008200,"{""adverse_ticks"": 1.0, ""stop_buffer_ticks"": 1.0, ""tod"": ""1030_1200"", ""gap_points"": 51.25, ""prior_ret"": 119.75, ""trend_1h"": ""BEARISH"", ""trend_4h"": ""NEUTRAL"", ""confirm_kind"": ""break""}",13500,1h,1,-0.003926822507622663,weak,NQ,90.0,22.75,STOP_HIT,-89.5,-89.7,-1.0022346368715085,-1.0,False,False,0.5026455026455027,89.5,11:45,ENTERED,16194.25,16015.25,1.0,2021-11-15,True,2021
False,HTF_1H_TREND_FIRST_PULLBACK_5M_BREAK,medium,LONG,16246.5,16246.25,1637075100,16205.5,1637076540,"{""adverse_ticks"": 1.0, ""stop_buffer_ticks"": 1.0, ""tod"": ""0930_1030"", ""gap_points"": -31.0, ""prior_ret"": -52.75, ""trend_1h"": ""BULLISH"", ""trend_4h"": ""NEUTRAL"", ""confirm_kind"": ""break""}",1440,1h,1,0.0036187059260175403,weak,NQ,48.75,13.75,STOP_HIT,-41.0,-41.2,-1.0048780487804878,-1.0,False,False,0.48677248677248675,41.0,10:05,ENTERED,16205.5,16287.5,1.0,2021-11-16,True,2021
True,HTF_1H_TREND_FIRST_PULLBACK_5M_BREAK,medium,LONG,16590.5,16590.25,1637334300,16579.75,1637334360,"{""adverse_ticks"": 1.0, ""stop_buffer_ticks"": 1.0, ""tod"": ""0930_1030"", ""gap_points"": 68.0, ""prior_ret"": 83.0, ""trend_1h"": ""BULLISH"", ""trend_4h"": ""BULLISH"", ""confirm_kind"": ""break""}",60,1h,1,0.004110127232615168,medium,NQ,15.75,9.5,STOP_HIT,-10.75,-10.95,-1.0186046511627906,-1.0,False,False,0.5373134328358209,10.75,10:05,ENTERED,16579.75,16601.25,1.0,2021-11-19,True,2021
False,HTF_1H_TREND_FIRST_PULLBACK_5M_BREAK,medium,SHORT,16498.25,16498.5,1637601600,16535.25,1637602620,"{""adverse_ticks"": 1.0, ""stop_buffer_ticks"": 1.0, ""tod"": ""1200_1400"", ""gap_points"": 65.75, ""prior_ret"": 23.75, ""trend_1h"": ""BEARISH"", ""trend_4h"": ""BULLISH"", ""confirm_kind"": ""break""}",1020,1h,1,-0.007694966710251494,medium,NQ,40.5,24.75,STOP_HIT,-37.0,-37.2,-1.0054054054054056,-1.0,False,False,0.43519781718963163,37.0,12:20,ENTERED,16535.25,16461.25,1.0,2021-11-22,True,2021
False,HTF_1H_TREND_FIRST_PULLBACK_5M_BREAK,medium,SHORT,16220.25,16220.5,1637685300,16170.75,1637690220,"{""adverse_ticks"": 1.0, ""stop_buffer_ticks"": 1.0, ""tod"": ""1030_1200"", ""gap_points"": -52.25, ""prior_ret"": -255.25, ""trend_1h"": ""BEARISH"", ""trend_4h"": ""BULLISH"", ""confirm_kind"": ""break""}",4920,1h,1,-0.010557238593592255,strong,NQ,37.25,58.25,TARGET_HIT,49.5,49.3,0.9959595959595959,1.0,True,False,0.4783180026281209,49.5,11:35,ENTERED,16269.75,16170.75,1.0,2021-11-23,True,2021
True,HTF_1H_TREND_FIRST_PULLBACK_5M_BREAK,medium,SHORT,16132.5,16132.75,1637765400,16156.75,1637765460,"{""adverse_ticks"": 1.0, ""stop_buffer_ticks"": 1.0, ""tod"": ""0930_1030"", ""gap_points"": -106.75, ""prior_ret"": -25.25, ""trend_1h"": ""BEARISH"", ""trend_4h"": ""BEARISH"", ""confirm_kind"": ""break""}",60,1h,5,-0.004089728017711902,medium,NQ,30.25,3.0,STOP_HIT,-24.25,-24.45,-1.0082474226804123,-1.0,False,False,0.47774480712166173,24.25,09:50,ENTERED,16156.75,16108.25,1.0,2021-11-24,True,2021
True,HTF_1H_TREND_FIRST_PULLBACK_5M_BREAK,medium,LONG,16289.0,16288.75,1638198300,16269.0,1638198420,"{""adverse_ticks"": 1.0, ""stop_buffer_ticks"": 1.0, ""tod"": ""0930_1030"", ""gap_points"": -122.5, ""prior_ret"": 163.25, ""trend_1h"": ""BULLISH"", ""trend_4h"": ""BULLISH"", ""confirm_kind"": ""break""}",120,1h,2,0.005227286745204562,medium,NQ,24.5,12.0,STOP_HIT,-20.0,-20.2,-1.01,-1.0,False,False,0.556390977443609,20.0,10:05,ENTERED,16269.0,16309.0,1.0,2021-11-29,True,2021
False,HTF_1H_TREND_FIRST_PULLBACK_5M_BREAK,medium,LONG,16422.25,16422.0,1638284700,16386.25,1638285720,"{""adverse_ticks"": 1.0, ""stop_buffer_ticks"": 1.0, ""tod"": ""0930_1030"", ""gap_points"": -35.75, ""prior_ret"": 151.0, ""trend_1h"": ""BULLISH"", ""trend_4h"": ""NEUTRAL"", ""confirm_kind"": ""break""}",1020,1h,2,0.005700974682768312,medium,NQ,39.75,34.25,STOP_HIT,-36.0,-36.2,-1.0055555555555555,-1.0,False,False,0.5019762845849802,36.0,10:05,ENTERED,16386.25,16458.25,1.0,2021-11-30,True,2021
False,HTF_1H_TREND_FIRST_PULLBACK_5M_BREAK,medium,SHORT,16221.25,16221.5,1638382200,16156.5,1638384480,"{""adverse_ticks"": 1.0, ""stop_buffer_ticks"": 1.0, ""tod"": ""1200_1400"", ""gap_points"": 190.25, ""prior_ret"": -206.25, ""trend_1h"": ""BEARISH"", ""trend_4h"": ""NEUTRAL"", ""confirm_kind"": ""break""}",2280,1h,2,-0.006209945089401758,medium,NQ,33.5,70.0,TARGET_HIT,64.75,64.55,0.9969111969111969,1.0,True,False,0.49764150943396224,64.75,13:10,ENTERED,16286.0,16156.5,1.0,2021-12-01,True,2021
False,HTF_1H_TREND_FIRST_PULLBACK_5M_BREAK,medium,LONG,15796.25,15796.0,1638812100,15833.0,1638813600,"{""adverse_ticks"": 1.0, ""stop_buffer_ticks"": 1.0, ""tod"": ""1200_1400"", ""gap_points"": 18.25, ""prior_ret"": -331.25, ""trend_1h"": ""BULLISH"", ""trend_4h"": ""BEARISH"", ""confirm_kind"": ""break""}",1500,1h,3,0.0039924622313072256,weak,NQ,28.75,40.75,TARGET_HIT,36.75,36.55,0.9945578231292517,1.0,True,False,0.5466666666666666,36.75,12:35,ENTERED,15759.5,15833.0,1.0,2021-12-06,True,2021
True,HTF_1H_TREND_FIRST_PULLBACK_5M_BREAK,medium,SHORT,16281.75,16282.0,1638979200,16270.25,1638979200,"{""adverse_ticks"": 1.0, ""stop_buffer_ticks"": 1.0, ""tod"": ""1030_1200"", ""gap_points"": 9.0, ""prior_ret"": 201.75, ""trend_1h"": ""BEARISH"", ""trend_4h"": ""BEARISH"", ""confirm_kind"": ""break""}",0,1h,4,-0.005588468820619363,medium,NQ,1.5,12.5,TARGET_HIT,11.5,11.3,0.982608695652174,1.0,True,False,0.5221518987341772,11.5,11:00,ENTERED,16293.25,16270.25,1.0,2021-12-08,True,2021
True,HTF_1H_TREND_FIRST_PULLBACK_5M_BREAK,medium,SHORT,16274.75,16275.0,1639069500,16301.25,1639072020,"{""adverse_ticks"": 1.0, ""stop_buffer_ticks"": 1.0, ""tod"": ""1200_1400"", ""gap_points"": -52.25, ""prior_ret"": 58.5, ""trend_1h"": ""BEARISH"", ""trend_4h"": ""BEARISH"", ""confirm_kind"": ""break""}",2520,1h,1,-0.0029534638162425075,weak,NQ,29.0,11.5,STOP_HIT,-26.5,-26.7,-1.0075471698113208,-1.0,False,False,0.5718562874251497,26.5,12:05,ENTERED,16301.25,16248.25,1.0,2021-12-09,True,2021
True,HTF_1H_TREND_FIRST_PULLBACK_5M_BREAK,medium,SHORT,15808.5,15808.75,1639497600,15774.0,1639497840,"{""adverse_ticks"": 1.0, ""stop_buffer_ticks"": 1.0, ""tod"": ""1030_1200"", ""gap_points"": -205.25, ""prior_ret"": -239.0, ""trend_1h"": ""BEARISH"", ""trend_4h"": ""BEARISH"", ""confirm_kind"": ""break""}",240,1h,7,-0.010608004506055035,strong,NQ,0.5,41.25,TARGET_HIT,34.5,34.3,0.9942028985507245,1.0,True,False,0.4589041095890411,34.5,11:00,ENTERED,15843.0,15774.0,1.0,2021-12-14,True,2021
True,HTF_1H_TREND_FIRST_PULLBACK_5M_BREAK,medium,SHORT,15844.5,15844.75,1639581300,15866.5,1639581660,"{""adverse_ticks"": 1.0, ""stop_buffer_ticks"": 1.0, ""tod"": ""0930_1030"", ""gap_points"": -18.5, ""prior_ret"": 44.25, ""trend_1h"": ""BEARISH"", ""trend_4h"": ""BEARISH"", ""confirm_kind"": ""break""}",360,1h,1,-0.0036638100479597924,weak,NQ,29.25,10.5,STOP_HIT,-22.0,-22.2,-1.009090909090909,-1.0,False,False,0.5856079404466501,22.0,10:15,ENTERED,15866.5,15822.5,1.0,2021-12-15,True,2021
False,HTF_1H_TREND_FIRST_PULLBACK_5M_BREAK,medium,SHORT,16229.25,16229.5,1639666500,16177.25,1639666740,"{""adverse_ticks"": 1.0, ""stop_buffer_ticks"": 1.0, ""tod"": ""0930_1030"", ""gap_points"": 40.25, ""prior_ret"": 374.0, ""trend_1h"": ""BEARISH"", ""trend_4h"": ""BULLISH"", ""confirm_kind"": ""break""}",240,1h,1,-0.0024718861101362677,weak,NQ,5.0,62.75,TARGET_HIT,52.0,51.8,0.9961538461538461,1.0,True,False,0.5568181818181818,52.0,09:55,ENTERED,16281.25,16177.25,1.0,2021-12-16,True,2021
False,HTF_1H_TREND_FIRST_PULLBACK_5M_BREAK,medium,LONG,15812.0,15811.75,1639755900,15845.25,1639755900,"{""adverse_ticks"": 1.0, ""stop_buffer_ticks"": 1.0, ""tod"": ""1030_1200"", ""gap_points"": -149.0, ""prior_ret"": -460.0, ""trend_1h"": ""BULLISH"", ""trend_4h"": ""BEARISH"", ""confirm_kind"": ""break""}",0,1h,1,0.0036407574047281344,weak,NQ,4.75,41.5,TARGET_HIT,33.25,33.05,0.993984962406015,1.0,True,False,0.4932562620423892,33.25,10:45,ENTERED,15778.75,15845.25,1.0,2021-12-17,True,2021
False,HTF_1H_TREND_FIRST_PULLBACK_5M_BREAK,medium,SHORT,15541.75,15542.0,1640017200,,1640017200,"{""adverse_ticks"": 1.0, ""stop_buffer_ticks"": 1.0, ""tod"": ""1030_1200"", ""gap_points"": -201.5, ""prior_ret"": 66.25, ""trend_1h"": ""BEARISH"", ""trend_4h"": ""NEUTRAL"", ""confirm_kind"": ""break""}",,1h,1,-0.002934291120161636,weak,NQ,7.75,9.25,AMBIGUOUS,,,,,True,False,0.55078125,7.75,11:20,ENTERED,15549.5,15534.0,1.0,2021-12-20,True,2021
True,HTF_1H_TREND_FIRST_PULLBACK_5M_BREAK,medium,SHORT,15651.5,15651.75,1640100300,15708.25,1640102820,"{""adverse_ticks"": 1.0, ""stop_buffer_ticks"": 1.0, ""tod"": ""0930_1030"", ""gap_points"": 137.5, ""prior_ret"": 46.75, ""trend_1h"": ""BEARISH"", ""trend_4h"": ""BEARISH"", ""confirm_kind"": ""break""}",2520,1h,1,-0.005791444529068324,medium,NQ,66.5,46.75,STOP_HIT,-56.75,-56.95,-1.00352422907489,-1.0,False,False,0.5119825708061002,56.75,10:25,ENTERED,15708.25,15594.75,1.0,2021-12-21,True,2021
True,HTF_1H_TREND_FIRST_PULLBACK_5M_BREAK,medium,LONG,16003.25,16003.0,1640187000,16009.0,1640187000,"{""adverse_ticks"": 1.0, ""stop_buffer_ticks"": 1.0, ""tod"": ""1030_1200"", ""gap_points"": -10.75, ""prior_ret"": 210.75, ""trend_1h"": ""BULLISH"", ""trend_4h"": ""BULLISH"", ""confirm_kind"": ""break""}",0,1h,1,0.002929197994987476,weak,NQ,1.25,13.75,TARGET_HIT,5.75,5.55,0.9652173913043478,1.0,True,True,0.4575757575757576,5.75,10:30,ENTERED,15997.5,16009.0,1.0,2021-12-22,True,2021
True,HTF_1H_TREND_FIRST_PULLBACK_5M_BREAK,medium,LONG,16258.75,16258.5,1640272500,16292.0,1640275140,"{""adverse_ticks"": 1.0, ""stop_buffer_ticks"": 1.0, ""tod"": ""0930_1030"", ""gap_points"": 16.0, ""prior_ret"": 206.25, ""trend_1h"": ""BULLISH"", ""trend_4h"": ""BULLISH"", ""confirm_kind"": ""break""}",2640,1h,1,0.0022225995153497546,weak,NQ,12.5,36.0,TARGET_HIT,33.25,33.05,0.993984962406015,1.0,True,False,0.4,33.25,10:15,ENTERED,16225.5,16292.0,1.0,2021-12-23,True,2021
True,HTF_1H_TREND_FIRST_PULLBACK_5M_BREAK,medium,LONG,16457.5,16457.25,1640617500,16510.0,1640619000,"{""adverse_ticks"": 1.0, ""stop_buffer_ticks"": 1.0, ""tod"": ""0930_1030"", ""gap_points"": 52.75, ""prior_ret"": 109.25, ""trend_1h"": ""BULLISH"", ""trend_4h"": ""BULLISH"", ""confirm_kind"": ""break""}",1500,1h,3,0.005844553243574024,medium,NQ,6.0,56.5,TARGET_HIT,52.5,52.3,0.9961904761904762,1.0,True,False,0.4211822660098522,52.5,10:05,ENTERED,16405.0,16510.0,1.0,2021-12-27,True,2021
False,HTF_1H_TREND_FIRST_PULLBACK_5M_BREAK,medium,SHORT,16439.25,16439.5,1640792100,16432.5,1640792100,"{""adverse_ticks"": 1.0, ""stop_buffer_ticks"": 1.0, ""tod"": ""1030_1200"", ""gap_points"": 1.75, ""prior_ret"": -106.75, ""trend_1h"": ""BEARISH"", ""trend_4h"": ""NEUTRAL"", ""confirm_kind"": ""break""}",0,1h,3,-0.002009822440498632,weak,NQ,2.5,10.25,TARGET_HIT,6.75,6.55,0.9703703703703703,1.0,True,False,0.4610091743119266,6.75,10:35,ENTERED,16446.0,16432.5,1.0,2021-12-29,True,2021
False,HTF_1H_TREND_FIRST_PULLBACK_5M_BREAK,medium,LONG,16539.75,16539.5,1640888700,16529.75,1640890800,"{""adverse_ticks"": 1.0, ""stop_buffer_ticks"": 1.0, ""tod"": ""1200_1400"", ""gap_points"": -13.0, ""prior_ret"": -8.0, ""trend_1h"": ""BULLISH"", ""trend_4h"": ""NEUTRAL"", ""confirm_kind"": ""break""}",2100,1h,1,0.0022108817783970114,weak,NQ,16.75,10.0,STOP_HIT,-10.0,-10.2,-1.02,-1.0,True,False,0.40217391304347827,10.0,13:25,ENTERED,16529.75,16549.75,1.0,2021-12-30,True,2021
False,HTF_1H_TREND_FIRST_PULLBACK_5M_BREAK,medium,SHORT,16383.25,16383.5,1640970300,16379.5,1640970300,"{""adverse_ticks"": 1.0, ""stop_buffer_ticks"": 1.0, ""tod"": ""1200_1400"", ""gap_points"": -20.5, ""prior_ret"": -47.0, ""trend_1h"": ""BEARISH"", ""trend_4h"": ""NEUTRAL"", ""confirm_kind"": ""break""}",0,1h,1,-0.0026649610915681077,weak,NQ,0.0,5.5,TARGET_HIT,3.75,3.55,0.9466666666666667,1.0,True,False,0.5324074074074074,3.75,12:05,ENTERED,16387.0,16379.5,1.0,2021-12-31,True,2021
True,HTF_1H_TREND_FIRST_PULLBACK_5M_BREAK,medium,SHORT,16413.75,16414.0,1641308700,16356.75,1641310440,"{""adverse_ticks"": 1.0, ""stop_buffer_ticks"": 1.0, ""tod"": ""0930_1030"", ""gap_points"": 20.75, ""prior_ret"": 106.0, ""trend_1h"": ""BEARISH"", ""trend_4h"": ""BEARISH"", ""confirm_kind"": ""break""}",1740,1h,1,-0.005137270900382296,medium,NQ,7.0,60.75,TARGET_HIT,57.0,56.8,0.9964912280701754,1.0,True,False,0.4053030303030303,57.0,10:05,ENTERED,16470.75,16356.75,1.0,2022-01-04,True,2022
False,HTF_1H_TREND_FIRST_PULLBACK_5M_BREAK,medium,SHORT,16147.5,16147.75,1641399900,16173.0,1641400200,"{""adverse_ticks"": 1.0, ""stop_buffer_ticks"": 1.0, ""tod"": ""1030_1200"", ""gap_points"": -72.5, ""prior_ret"": -237.0, ""trend_1h"": ""BEARISH"", ""trend_4h"": ""NEUTRAL"", ""confirm_kind"": ""break""}",300,1h,1,-0.002836223506743729,weak,NQ,30.25,1.25,STOP_HIT,-25.5,-25.7,-1.007843137254902,-1.0,False,False,0.5424164524421594,25.5,11:25,ENTERED,16173.0,16122.0,1.0,2022-01-05,True,2022
False,HTF_1H_TREND_FIRST_PULLBACK_5M_BREAK,medium,LONG,15820.5,15820.25,1641487800,15871.0,1641491040,"{""adverse_ticks"": 1.0, ""stop_buffer_ticks"": 1.0, ""tod"": ""1030_1200"", ""gap_points"": -72.75, ""prior_ret"": -436.5, ""trend_1h"": ""BULLISH"", ""trend_4h"": ""BEARISH"", ""confirm_kind"": ""break""}",3240,1h,1,0.00957540030271642,strong,NQ,29.25,58.75,TARGET_HIT,50.5,50.3,0.996039603960396,1.0,True,False,0.5091575091575091,50.5,11:50,ENTERED,15770.0,15871.0,1.0,2022-01-06,True,2022
False,HTF_1H_TREND_FIRST_PULLBACK_5M_BREAK,medium,SHORT,15603.75,15604.0,1641573600,15625.75,1641574080,"{""adverse_ticks"": 1.0, ""stop_buffer_ticks"": 1.0, ""tod"": ""1030_1200"", ""gap_points"": -1.0, ""prior_ret"": 67.0, ""trend_1h"": ""BEARISH"", ""trend_4h"": ""NEUTRAL"", ""confirm_kind"": ""break""}",480,1h,1,-0.015071876385282734,strong,NQ,33.5,13.5,STOP_HIT,-22.0,-22.2,-1.009090909090909,-1.0,False,False,0.4331983805668016,22.0,11:40,ENTERED,15625.75,15581.75,1.0,2022-01-07,True,2022
False,HTF_1H_TREND_FIRST_PULLBACK_5M_BREAK,medium,SHORT,15318.0,15318.25,1641825900,15290.0,1641825900,"{""adverse_ticks"": 1.0, ""stop_buffer_ticks"": 1.0, ""tod"": ""0930_1030"", ""gap_points"": -208.0, ""prior_ret"": -172.0, ""trend_1h"": ""BEARISH"", ""trend_4h"": ""NEUTRAL"", ""confirm_kind"": ""break""}",0,1h,6,-0.012325865057456475,strong,NQ,1.75,29.75,TARGET_HIT,28.0,27.8,0.9928571428571429,1.0,True,False,0.48773006134969327,28.0,09:45,ENTERED,15346.0,15290.0,1.0,2022-01-10,True,2022
True,HTF_1H_TREND_FIRST_PULLBACK_5M_BREAK,medium,LONG,15976.25,15976.0,1642001400,15966.75,1642001400,"{""adverse_ticks"": 1.0, ""stop_buffer_ticks"": 1.0, ""tod"": ""1030_1200"", ""gap_points"": 106.25, ""prior_ret"": 266.75, ""trend_1h"": ""BULLISH"", ""trend_4h"": ""BULLISH"", ""confirm_kind"": ""break""}",0,1h,3,0.005874385788081193,medium,NQ,17.75,4.0,STOP_HIT,-9.5,-9.7,-1.0210526315789472,-1.0,False,False,0.5477031802120141,9.5,10:30,ENTERED,15966.75,15985.75,1.0,2022-01-12,True,2022
False,HTF_1H_TREND_FIRST_PULLBACK_5M_BREAK,medium,SHORT,15800.5,15800.75,1642092600,15770.0,1642093440,"{""adverse_ticks"": 1.0, ""stop_buffer_ticks"": 1.0, ""tod"": ""1030_1200"", ""gap_points"": 55.25, ""prior_ret"": -43.25, ""trend_1h"": ""BEARISH"", ""trend_4h"": ""BULLISH"", ""confirm_kind"": ""break""}",840,1h,1,-0.007258013728824286,medium,NQ,19.75,53.0,TARGET_HIT,30.5,30.3,0.9934426229508196,1.0,True,False,0.407119021134594,30.5,11:50,ENTERED,15831.0,15770.0,1.0,2022-01-13,True,2022
True,HTF_1H_TREND_FIRST_PULLBACK_5M_BREAK,medium,LONG,15520.0,15519.75,1642173300,15556.0,1642173300,"{""adverse_ticks"": 1.0, ""stop_buffer_ticks"": 1.0, ""tod"": ""0930_1030"", ""gap_points"": -108.75, ""prior_ret"": -452.5, ""trend_1h"": ""BULLISH"", ""trend_4h"": ""BULLISH"", ""confirm_kind"": ""break""}",0,1h,1,0.005809825059712059,medium,NQ,1.0,39.75,TARGET_HIT,36.0,35.8,0.9944444444444444,1.0,True,False,0.5382746051032807,36.0,10:15,ENTERED,15484.0,15556.0,1.0,2022-01-14,True,2022
True,HTF_1H_TREND_FIRST_PULLBACK_5M_BREAK,medium,SHORT,15243.5,15243.75,1642531800,15277.25,1642532400,"{""adverse_ticks"": 1.0, ""stop_buffer_ticks"": 1.0, ""tod"": ""1200_1400"", ""gap_points"": -244.5, ""prior_ret"": 203.0, ""trend_1h"": ""BEARISH"", ""trend_4h"": ""BEARISH"", ""confirm_kind"": ""break""}",600,1h,1,-0.0077247076807988035,medium,NQ,35.0,11.5,STOP_HIT,-33.75,-33.95,-1.0059259259259261,-1.0,False,False,0.4271255060728745,33.75,13:50,ENTERED,15277.25,15209.75,1.0,2022-01-18,True,2022
True,HTF_1H_TREND_FIRST_PULLBACK_5M_BREAK,medium,LONG,15361.0,15360.75,1642604400,15302.25,1642605720,"{""adverse_ticks"": 1.0, ""stop_buffer_ticks"": 1.0, ""tod"": ""0930_1030"", ""gap_points"": 52.75, ""prior_ret"": -133.25, ""trend_1h"": ""BULLISH"", ""trend_4h"": ""BULLISH"", ""confirm_kind"": ""break""}",1320,1h,7,0.006272313386394224,medium,NQ,69.0,11.25,STOP_HIT,-58.75,-58.95,-1.003404255319149,-1.0,False,False,0.5901162790697675,58.75,10:00,ENTERED,15302.25,15419.75,1.0,2022-01-19,True,2022
True,HTF_1H_TREND_FIRST_PULLBACK_5M_BREAK,medium,LONG,15277.5,15277.25,1642690800,15223.25,1642691880,"{""adverse_ticks"": 1.0, ""stop_buffer_ticks"": 1.0, ""tod"": ""0930_1030"", ""gap_points"": 131.5, ""prior_ret"": -230.25, ""trend_1h"": ""BULLISH"", ""trend_4h"": ""BULLISH"", ""confirm_kind"": ""break""}",1080,1h,4,0.00908220218633371,strong,NQ,55.25,16.25,STOP_HIT,-54.25,-54.45,-1.0036866359447005,-1.0,False,False,0.46859903381642515,54.25,10:00,ENTERED,15223.25,15331.75,1.0,2022-01-20,True,2022
False,HTF_1H_TREND_FIRST_PULLBACK_5M_BREAK,medium,SHORT,14624.5,14624.75,1642777500,14561.25,1642778460,"{""adverse_ticks"": 1.0, ""stop_buffer_ticks"": 1.0, ""tod"": ""0930_1030"", ""gap_points"": -89.75, ""prior_ret"": -333.25, ""trend_1h"": ""BEARISH"", ""trend_4h"": ""NEUTRAL"", ""confirm_kind"": ""break""}",960,1h,3,-0.010051524622011976,strong,NQ,54.5,85.25,TARGET_HIT,63.25,63.05,0.9968379446640315,1.0,True,False,0.4923413566739606,63.25,10:05,ENTERED,14687.75,14561.25,1.0,2022-01-21,True,2022
True,HTF_1H_TREND_FIRST_PULLBACK_5M_BREAK,medium,SHORT,14067.0,14067.25,1643037300,14023.0,1643037300,"{""adverse_ticks"": 1.0, ""stop_buffer_ticks"": 1.0, ""tod"": ""0930_1030"", ""gap_points"": -224.75, ""prior_ret"": -329.75, ""trend_1h"": ""BEARISH"", ""trend_4h"": ""BEARISH"", ""confirm_kind"": ""break""}",0,1h,8,-0.01696333618089574,strong,NQ,11.25,51.5,TARGET_HIT,44.0,43.8,0.9954545454545454,1.0,True,False,0.4928909952606635,44.0,10:15,ENTERED,14111.0,14023.0,1.0,2022-01-24,True,2022
True,HTF_1H_TREND_FIRST_PULLBACK_5M_BREAK,medium,SHORT,14055.75,14056.0,1643123100,14149.0,1643124360,"{""adverse_ticks"": 1.0, ""stop_buffer_ticks"": 1.0, ""tod"": ""0930_1030"", ""gap_points"": -280.75, ""prior_ret"": 309.25, ""trend_1h"": ""BEARISH"", ""trend_4h"": ""BEARISH"", ""confirm_kind"": ""break""}",1260,1h,2,-0.012207082559809401,strong,NQ,106.0,17.25,STOP_HIT,-93.25,-93.45,-1.0021447721179626,-1.0,False,False,0.5472,93.25,10:05,ENTERED,14149.0,13962.5,1.0,2022-01-25,True,2022
False,HTF_1H_TREND_FIRST_PULLBACK_5M_BREAK,medium,SHORT,14098.0,14098.25,1643310900,14041.5,1643311440,"{""adverse_ticks"": 1.0, ""stop_buffer_ticks"": 1.0, ""tod"": ""1400_1530"", ""gap_points"": 184.75, ""prior_ret"": -327.5, ""trend_1h"": ""BEARISH"", ""trend_4h"": ""BULLISH"", ""confirm_kind"": ""break""}",540,1h,2,-0.01974818452536442,strong,NQ,7.25,89.25,TARGET_HIT,56.5,56.3,0.9964601769911504,1.0,True,False,0.4500354358610914,56.5,14:15,ENTERED,14154.5,14041.5,1.0,2022-01-27,True,2022
True,HTF_1H_TREND_FIRST_PULLBACK_5M_BREAK,medium,SHORT,13898.0,13898.25,1643381100,13977.0,1643382900,"{""adverse_ticks"": 1.0, ""stop_buffer_ticks"": 1.0, ""tod"": ""0930_1030"", ""gap_points"": 80.5, ""prior_ret"": -345.0, ""trend_1h"": ""BEARISH"", ""trend_4h"": ""BEARISH"", ""confirm_kind"": ""break""}",1800,1h,5,-0.0033607767128402966,weak,NQ,83.25,38.0,STOP_HIT,-79.0,-79.2,-1.0025316455696203,-1.0,False,False,0.4310077519379845,79.0,09:45,ENTERED,13977.0,13819.0,1.0,2022-01-28,True,2022
False,HTF_1H_TREND_FIRST_PULLBACK_5M_BREAK,medium,SHORT,14772.0,14772.25,1643728200,14849.25,1643729100,"{""adverse_ticks"": 1.0, ""stop_buffer_ticks"": 1.0, ""tod"": ""0930_1030"", ""gap_points"": 45.5, ""prior_ret"": 410.25, ""trend_1h"": ""BEARISH"", ""trend_4h"": ""NEUTRAL"", ""confirm_kind"": ""break""}",900,1h,1,-0.0022688312997882765,weak,NQ,92.5,20.0,STOP_HIT,-77.25,-77.45,-1.002588996763754,-1.0,False,False,0.5064935064935064,77.25,10:10,ENTERED,14849.25,14694.75,1.0,2022-02-01,True,2022
True,HTF_1H_TREND_FIRST_PULLBACK_5M_BREAK,medium,SHORT,14661.5,14661.75,1643912100,14676.25,1643912400,"{""adverse_ticks"": 1.0, ""stop_buffer_ticks"": 1.0, ""tod"": ""1200_1400"", ""gap_points"": -409.75, ""prior_ret"": -54.0, ""trend_1h"": ""BEARISH"", ""trend_4h"": ""BEARISH"", ""confirm_kind"": ""break""}",300,1h,5,-0.0021937656242028147,weak,NQ,20.25,8.75,STOP_HIT,-14.75,-14.95,-1.0135593220338983,-1.0,False,False,0.5066225165562914,14.75,13:15,ENTERED,14676.25,14646.75,1.0,2022-02-03,True,2022
True,HTF_1H_TREND_FIRST_PULLBACK_5M_BREAK,medium,LONG,14693.25,14693.0,1644346800,14660.75,1644348060,"{""adverse_ticks"": 1.0, ""stop_buffer_ticks"": 1.0, ""tod"": ""1400_1530"", ""gap_points"": -49.25, ""prior_ret"": -142.75, ""trend_1h"": ""BULLISH"", ""trend_4h"": ""BULLISH"", ""confirm_kind"": ""break""}",1260,1h,4,0.011792249823546541,strong,NQ,37.0,28.75,STOP_HIT,-32.5,-32.7,-1.0061538461538462,-1.0,False,False,0.40309278350515465,32.5,14:00,ENTERED,14660.75,14725.75,1.0,2022-02-08,True,2022
False,HTF_1H_TREND_FIRST_PULLBACK_5M_BREAK,medium,SHORT,14553.75,14554.0,1644600000,14508.25,1644602040,"{""adverse_ticks"": 1.0, ""stop_buffer_ticks"": 1.0, ""tod"": ""1200_1400"", ""gap_points"": -2.25, ""prior_ret"": -39.25, ""trend_1h"": ""BEARISH"", ""trend_4h"": ""NEUTRAL"", ""confirm_kind"": ""break""}",2040,1h,1,-0.007192037630377013,medium,NQ,38.0,47.75,TARGET_HIT,45.5,45.3,0.9956043956043955,1.0,True,False,0.42105263157894735,45.5,12:20,ENTERED,14599.25,14508.25,1.0,2022-02-11,True,2022
True,HTF_1H_TREND_FIRST_PULLBACK_5M_BREAK,medium,LONG,14540.25,14540.0,1644952800,14566.5,1644954300,"{""adverse_ticks"": 1.0, ""stop_buffer_ticks"": 1.0, ""tod"": ""1400_1530"", ""gap_points"": 216.5, ""prior_ret"": 46.5, ""trend_1h"": ""BULLISH"", ""trend_4h"": ""BULLISH"", ""confirm_kind"": ""break""}",1500,1h,1,0.002827293728234981,weak,NQ,20.75,31.0,TARGET_HIT,26.25,26.05,0.9923809523809524,1.0,True,False,0.505464480874317,26.25,14:20,ENTERED,14514.0,14566.5,1.0,2022-02-15,True,2022
False,HTF_1H_TREND_FIRST_PULLBACK_5M_BREAK,medium,SHORT,14440.0,14440.25,1645023000,14410.75,1645023000,"{""adverse_ticks"": 1.0, ""stop_buffer_ticks"": 1.0, ""tod"": ""0930_1030"", ""gap_points"": -95.0, ""prior_ret"": 136.75, ""trend_1h"": ""BEARISH"", ""trend_4h"": ""NEUTRAL"", ""confirm_kind"": ""break""}",0,1h,2,-0.0054431549758652276,medium,NQ,6.5,47.75,TARGET_HIT,29.25,29.05,0.9931623931623932,1.0,True,False,0.46107784431137727,29.25,09:50,ENTERED,14469.25,14410.75,1.0,2022-02-16,True,2022
True,HTF_1H_TREND_FIRST_PULLBACK_5M_BREAK,medium,SHORT,14409.75,14410.0,1645110900,14392.25,1645110960,"{""adverse_ticks"": 1.0, ""stop_buffer_ticks"": 1.0, ""tod"": ""0930_1030"", ""gap_points"": -139.0, ""prior_ret"": 87.5, ""trend_1h"": ""BEARISH"", ""trend_4h"": ""BEARISH"", ""confirm_kind"": ""break""}",60,1h,2,-0.007151596615485367,medium,NQ,9.0,24.25,TARGET_HIT,17.5,17.3,0.9885714285714287,1.0,True,False,0.5895953757225434,17.5,10:15,ENTERED,14427.25,14392.25,1.0,2022-02-17,True,2022
False,HTF_1H_TREND_FIRST_PULLBACK_5M_BREAK,medium,SHORT,14103.5,14103.75,1645195500,14166.25,1645195860,"{""adverse_ticks"": 1.0, ""stop_buffer_ticks"": 1.0, ""tod"": ""0930_1030"", ""gap_points"": 38.25, ""prior_ret"": -296.25, ""trend_1h"": ""BEARISH"", ""trend_4h"": ""BULLISH"", ""confirm_kind"": ""break""}",360,1h,1,-0.006253941559806631,medium,NQ,63.75,11.0,STOP_HIT,-62.75,-62.95,-1.003187250996016,-1.0,False,False,0.543026706231454,62.75,09:45,ENTERED,14166.25,14040.75,1.0,2022-02-18,True,2022
True,HTF_1H_TREND_FIRST_PULLBACK_5M_BREAK,medium,LONG,14077.25,14077.0,1645541700,13969.0,1645545000,"{""adverse_ticks"": 1.0, ""stop_buffer_ticks"": 1.0, ""tod"": ""0930_1030"", ""gap_points"": -124.25, ""prior_ret"": -199.5, ""trend_1h"": ""BULLISH"", ""trend_4h"": ""BULLISH"", ""confirm_kind"": ""break""}",3300,1h,4,0.015574905275429929,strong,NQ,111.0,31.25,STOP_HIT,-108.25,-108.45,-1.0018475750577367,-1.0,False,False,0.4611872146118721,108.25,09:55,ENTERED,13969.0,14185.5,1.0,2022-02-22,True,2022
False,HTF_1H_TREND_FIRST_PULLBACK_5M_BREAK,medium,SHORT,13842.0,13842.25,1645629000,13779.5,1645631040,"{""adverse_ticks"": 1.0, ""stop_buffer_ticks"": 1.0, ""tod"": ""0930_1030"", ""gap_points"": 130.5, ""prior_ret"": -15.75, ""trend_1h"": ""BEARISH"", ""trend_4h"": ""NEUTRAL"", ""confirm_kind"": ""break""}",2040,1h,1,-0.007211967581848722,medium,NQ,44.75,69.75,TARGET_HIT,62.5,62.3,0.9967999999999999,1.0,True,False,0.4006568144499179,62.5,10:10,ENTERED,13904.5,13779.5,1.0,2022-02-23,True,2022
False,HTF_1H_TREND_FIRST_PULLBACK_5M_BREAK,medium,LONG,13377.75,13377.5,1645715700,13509.5,1645719180,"{""adverse_ticks"": 1.0, ""stop_buffer_ticks"": 1.0, ""tod"": ""0930_1030"", ""gap_points"": -433.0, ""prior_ret"": -488.75, ""trend_1h"": ""BULLISH"", ""trend_4h"": ""NEUTRAL"", ""confirm_kind"": ""break""}",3480,1h,1,0.01516218015789983,strong,NQ,69.5,149.75,TARGET_HIT,131.75,131.55,0.9984819734345352,1.0,True,False,0.4072164948453608,131.75,10:15,ENTERED,13246.0,13509.5,1.0,2022-02-24,True,2022
True,HTF_1H_TREND_FIRST_PULLBACK_5M_BREAK,medium,LONG,14094.5,14094.25,1645805700,14169.25,1645808520,"{""adverse_ticks"": 1.0, ""stop_buffer_ticks"": 1.0, ""tod"": ""1030_1200"", ""gap_points"": 28.75, ""prior_ret"": 892.0, ""trend_1h"": ""BULLISH"", ""trend_4h"": ""BULLISH"", ""confirm_kind"": ""break""}",2820,1h,1,0.011804081045093007,strong,NQ,21.25,81.75,TARGET_HIT,74.75,74.55,0.997324414715719,1.0,True,False,0.5091863517060368,74.75,11:15,ENTERED,14019.75,14169.25,1.0,2022-02-25,True,2022
True,HTF_1H_TREND_FIRST_PULLBACK_5M_BREAK,medium,LONG,14092.25,14092.0,1646060700,,1646060700,"{""adverse_ticks"": 1.0, ""stop_buffer_ticks"": 1.0, ""tod"": ""0930_1030"", ""gap_points"": -140.5, ""prior_ret"": 188.0, ""trend_1h"": ""BULLISH"", ""trend_4h"": ""BULLISH"", ""confirm_kind"": ""break""}",,1h,1,0.009996786747116904,strong,NQ,15.0,15.5,AMBIGUOUS,,,,,True,True,0.4786729857819905,6.5,10:05,ENTERED,14085.75,14098.75,1.0,2022-02-28,True,2022
False,HTF_1H_TREND_FIRST_PULLBACK_5M_BREAK,medium,LONG,14243.0,14242.75,1646148600,14225.75,1646148660,"{""adverse_ticks"": 1.0, ""stop_buffer_ticks"": 1.0, ""tod"": ""1030_1200"", ""gap_points"": -59.25, ""prior_ret"": 192.25, ""trend_1h"": ""BULLISH"", ""trend_4h"": ""NEUTRAL"", ""confirm_kind"": ""break""}",60,1h,2,0.0033916269210387817,weak,NQ,20.5,11.75,STOP_HIT,-17.25,-17.45,-1.0115942028985507,-1.0,False,False,0.4037433155080214,17.25,10:30,ENTERED,14225.75,14260.25,1.0,2022-03-01,True,2022
True,HTF_1H_TREND_FIRST_PULLBACK_5M_BREAK,medium,LONG,14170.25,14170.0,1646240700,14198.75,1646241060,"{""adverse_ticks"": 1.0, ""stop_buffer_ticks"": 1.0, ""tod"": ""1200_1400"", ""gap_points"": 62.75, ""prior_ret"": -170.25, ""trend_1h"": ""BULLISH"", ""trend_4h"": ""BULLISH"", ""confirm_kind"": ""break""}",360,1h,1,0.005466129518874041,medium,NQ,21.25,40.0,TARGET_HIT,28.5,28.3,0.9929824561403509,1.0,True,False,0.5209003215434084,28.5,12:05,ENTERED,14141.75,14198.75,1.0,2022-03-02,True,2022
False,HTF_1H_TREND_FIRST_PULLBACK_5M_BREAK,medium,SHORT,14144.5,14144.75,1646329500,14074.5,1646336760,"{""adverse_ticks"": 1.0, ""stop_buffer_ticks"": 1.0, ""tod"": ""1200_1400"", ""gap_points"": 113.25, ""prior_ret"": 169.75, ""trend_1h"": ""BEARISH"", ""trend_4h"": ""BULLISH"", ""confirm_kind"": ""break""}",7260,1h,2,-0.006055485142937633,medium,NQ,50.0,77.25,TARGET_HIT,70.0,69.8,0.9971428571428571,1.0,True,False,0.4980392156862745,70.0,12:45,ENTERED,14214.5,14074.5,1.0,2022-03-03,True,2022
False,HTF_1H_TREND_FIRST_PULLBACK_5M_BREAK,medium,SHORT,13795.0,13795.25,1646412900,13765.5,1646413620,"{""adverse_ticks"": 1.0, ""stop_buffer_ticks"": 1.0, ""tod"": ""1030_1200"", ""gap_points"": -100.5, ""prior_ret"": -315.0, ""trend_1h"": ""BEARISH"", ""trend_4h"": ""NEUTRAL"", ""confirm_kind"": ""break""}",720,1h,1,-0.010198402010952456,strong,NQ,9.75,31.25,TARGET_HIT,29.5,29.3,0.9932203389830508,1.0,True,False,0.40372670807453415,29.5,11:55,ENTERED,13824.5,13765.5,1.0,2022-03-04,True,2022
True,HTF_1H_TREND_FIRST_PULLBACK_5M_BREAK,medium,LONG,13636.0,13635.75,1646841300,13651.25,1646841420,"{""adverse_ticks"": 1.0, ""stop_buffer_ticks"": 1.0, ""tod"": ""1030_1200"", ""gap_points"": 348.75, ""prior_ret"": -31.75, ""trend_1h"": ""BULLISH"", ""trend_4h"": ""BULLISH"", ""confirm_kind"": ""break""}",120,1h,1,0.003587344440540763,weak,NQ,1.5,15.75,TARGET_HIT,15.25,15.05,0.9868852459016394,1.0,True,False,0.5654205607476636,15.25,10:55,ENTERED,13620.75,13651.25,1.0,2022-03-09,True,2022
True,HTF_1H_TREND_FIRST_PULLBACK_5M_BREAK,medium,SHORT,13067.5,13067.75,1647285000,13119.25,1647285420,"{""adverse_ticks"": 1.0, ""stop_buffer_ticks"": 1.0, ""tod"": ""1400_1530"", ""gap_points"": -53.75, ""prior_ret"": -410.75, ""trend_1h"": ""BEARISH"", ""trend_4h"": ""BEARISH"", ""confirm_kind"": ""break""}",420,1h,4,-0.021433781584902833,strong,NQ,52.0,5.5,STOP_HIT,-51.75,-51.95,-1.003864734299517,-1.0,False,False,0.43207126948775054,51.75,15:10,ENTERED,13119.25,13015.75,1.0,2022-03-14,True,2022
True,HTF_1H_TREND_FIRST_PULLBACK_5M_BREAK,medium,LONG,13260.5,13260.25,1647354600,13325.25,1647356700,"{""adverse_ticks"": 1.0, ""stop_buffer_ticks"": 1.0, ""tod"": ""1030_1200"", ""gap_points"": 107.0, ""prior_ret"": -198.0, ""trend_1h"": ""BULLISH"", ""trend_4h"": ""BULLISH"", ""confirm_kind"": ""break""}",2100,1h,3,0.013668082815894156,strong,NQ,4.5,66.75,TARGET_HIT,64.75,64.55,0.9969111969111969,1.0,True,False,0.5249266862170088,64.75,10:30,ENTERED,13195.75,13325.25,1.0,2022-03-15,True,2022
True,HTF_1H_TREND_FIRST_PULLBACK_5M_BREAK,medium,LONG,13751.0,13750.75,1647440100,13812.0,1647440220,"{""adverse_ticks"": 1.0, ""stop_buffer_ticks"": 1.0, ""tod"": ""0930_1030"", ""gap_points"": 164.25, ""prior_ret"": 299.0, ""trend_1h"": ""BULLISH"", ""trend_4h"": ""BULLISH"", ""confirm_kind"": ""break""}",120,1h,1,0.0034371800497294824,weak,NQ,2.0,68.5,TARGET_HIT,61.0,60.8,0.9967213114754098,1.0,True,False,0.46691176470588236,61.0,10:15,ENTERED,13690.0,13812.0,1.0,2022-03-16,True,2022
True,HTF_1H_TREND_FIRST_PULLBACK_5M_BREAK,medium,LONG,13949.75,13949.5,1647527400,13924.0,1647527460,"{""adverse_ticks"": 1.0, ""stop_buffer_ticks"": 1.0, ""tod"": ""1030_1200"", ""gap_points"": -82.75, ""prior_ret"": 336.25, ""trend_1h"": ""BULLISH"", ""trend_4h"": ""BULLISH"", ""confirm_kind"": ""break""}",60,1h,1,0.003733687554973164,weak,NQ,38.75,6.25,STOP_HIT,-25.75,-25.95,-1.007766990291262,-1.0,False,False,0.4377224199288256,25.75,10:30,ENTERED,13924.0,13975.5,1.0,2022-03-17,True,2022
True,HTF_1H_TREND_FIRST_PULLBACK_5M_BREAK,medium,LONG,14179.75,14179.5,1647612300,14263.5,1647617760,"{""adverse_ticks"": 1.0, ""stop_buffer_ticks"": 1.0, ""tod"": ""0930_1030"", ""gap_points"": -73.0, ""prior_ret"": 247.25, ""trend_1h"": ""BULLISH"", ""trend_4h"": ""BULLISH"", ""confirm_kind"": ""break""}",5460,1h,1,0.008876214241154923,strong,NQ,40.75,98.25,TARGET_HIT,83.75,83.55,0.9976119402985074,1.0,True,False,0.5284360189573459,83.75,10:05,ENTERED,14096.0,14263.5,1.0,2022-03-18,True,2022
True,HTF_1H_TREND_FIRST_PULLBACK_5M_BREAK,medium,SHORT,14283.25,14283.5,1647871500,14238.25,1647872460,"{""adverse_ticks"": 1.0, ""stop_buffer_ticks"": 1.0, ""tod"": ""0930_1030"", ""gap_points"": -38.75, ""prior_ret"": 363.75, ""trend_1h"": ""BEARISH"", ""trend_4h"": ""BEARISH"", ""confirm_kind"": ""break""}",960,1h,1,-0.004472054012667925,medium,NQ,16.5,49.75,TARGET_HIT,45.0,44.8,0.9955555555555555,1.0,True,False,0.44761904761904764,45.0,10:05,ENTERED,14328.25,14238.25,1.0,2022-03-21,True,2022
True,HTF_1H_TREND_FIRST_PULLBACK_5M_BREAK,medium,LONG,14531.25,14531.0,1647957900,14619.25,1647959700,"{""adverse_ticks"": 1.0, ""stop_buffer_ticks"": 1.0, ""tod"": ""0930_1030"", ""gap_points"": 17.75, ""prior_ret"": 1.25, ""trend_1h"": ""BULLISH"", ""trend_4h"": ""BULLISH"", ""confirm_kind"": ""break""}",1800,1h,1,0.003450308620570164,weak,NQ,12.5,93.25,TARGET_HIT,88.0,87.8,0.9977272727272727,1.0,True,False,0.46329113924050636,88.0,10:05,ENTERED,14443.25,14619.25,1.0,2022-03-22,True,2022
True,HTF_1H_TREND_FIRST_PULLBACK_5M_BREAK,medium,LONG,14838.5,14838.25,1648476900,14821.75,1648476960,"{""adverse_ticks"": 1.0, ""stop_buffer_ticks"": 1.0, ""tod"": ""0930_1030"", ""gap_points"": -2.0, ""prior_ret"": -8.0, ""trend_1h"": ""BULLISH"", ""trend_4h"": ""BULLISH"", ""confirm_kind"": ""break""}",60,1h,1,0.011963429969751527,strong,NQ,32.25,4.5,STOP_HIT,-16.75,-16.95,-1.0119402985074626,-1.0,False,False,0.5676100628930818,16.75,10:15,ENTERED,14821.75,14855.25,1.0,2022-03-28,False,2022
True,HTF_1H_TREND_FIRST_PULLBACK_5M_BREAK,medium,SHORT,15103.25,15103.5,1648665900,15073.75,1648666860,"{""adverse_ticks"": 1.0, ""stop_buffer_ticks"": 1.0, ""tod"": ""1400_1530"", ""gap_points"": -75.5, ""prior_ret"": 93.75, ""trend_1h"": ""BEARISH"", ""trend_4h"": ""BEARISH"", ""confirm_kind"": ""break""}",960,1h,1,-0.003934091619891,weak,NQ,5.0,31.5,TARGET_HIT,29.5,29.3,0.9932203389830508,1.0,True,False,0.42955326460481097,29.5,14:45,ENTERED,15132.75,15073.75,1.0,2022-03-30,True,2022
False,HTF_1H_TREND_FIRST_PULLBACK_5M_BREAK,medium,SHORT,15001.5,15001.75,1648734600,15030.5,1648735080,"{""adverse_ticks"": 1.0, ""stop_buffer_ticks"": 1.0, ""tod"": ""0930_1030"", ""gap_points"": -0.5, ""prior_ret"": -85.25, ""trend_1h"": ""BEARISH"", ""trend_4h"": ""NEUTRAL"", ""confirm_kind"": ""break""}",480,1h,2,-0.002426783768613605,weak,NQ,34.25,11.25,STOP_HIT,-29.0,-29.2,-1.006896551724138,-1.0,False,False,0.46380697050938335,29.0,09:50,ENTERED,15030.5,14972.5,1.0,2022-03-31,True,2022
True,HTF_1H_TREND_FIRST_PULLBACK_5M_BREAK,medium,SHORT,14487.75,14488.0,1649256900,14449.75,1649257860,"{""adverse_ticks"": 1.0, ""stop_buffer_ticks"": 1.0, ""tod"": ""1030_1200"", ""gap_points"": -228.75, ""prior_ret"": -273.75, ""trend_1h"": ""BEARISH"", ""trend_4h"": ""BEARISH"", ""confirm_kind"": ""break""}",960,1h,7,-0.013868352623260027,strong,NQ,11.5,41.75,TARGET_HIT,38.0,37.8,0.994736842105263,1.0,True,False,0.4726962457337884,38.0,10:55,ENTERED,14525.75,14449.75,1.0,2022-04-06,True,2022
False,HTF_1H_TREND_FIRST_PULLBACK_5M_BREAK,medium,SHORT,14371.25,14371.5,1649425500,14324.25,1649425920,"{""adverse_ticks"": 1.0, ""stop_buffer_ticks"": 1.0, ""tod"": ""0930_1030"", ""gap_points"": -74.75, ""prior_ret"": 75.5, ""trend_1h"": ""BEARISH"", ""trend_4h"": ""BULLISH"", ""confirm_kind"": ""break""}",420,1h,2,-0.004764679669557514,medium,NQ,34.5,51.75,TARGET_HIT,47.0,46.8,0.9957446808510638,1.0,True,False,0.4152046783625731,47.0,09:45,ENTERED,14418.25,14324.25,1.0,2022-04-08,True,2022
True,HTF_1H_TREND_FIRST_PULLBACK_5M_BREAK,medium,SHORT,14079.5,14079.75,1649687400,14035.0,1649688540,"{""adverse_ticks"": 1.0, ""stop_buffer_ticks"": 1.0, ""tod"": ""1030_1200"", ""gap_points"": -178.0, ""prior_ret"": -131.75, ""trend_1h"": ""BEARISH"", ""trend_4h"": ""BEARISH"", ""confirm_kind"": ""break""}",1140,1h,1,-0.00538126055149124,medium,NQ,37.25,45.25,TARGET_HIT,44.5,44.3,0.995505617977528,1.0,True,False,0.4177215189873418,44.5,10:30,ENTERED,14124.0,14035.0,1.0,2022-04-11,True,2022
True,HTF_1H_TREND_FIRST_PULLBACK_5M_BREAK,medium,LONG,14262.5,14262.25,1649772300,14230.5,1649772420,"{""adverse_ticks"": 1.0, ""stop_buffer_ticks"": 1.0, ""tod"": ""0930_1030"", ""gap_points"": 199.25, ""prior_ret"": -157.75, ""trend_1h"": ""BULLISH"", ""trend_4h"": ""BULLISH"", ""confirm_kind"": ""break""}",120,1h,9,0.01630405730475215,strong,NQ,42.75,3.5,STOP_HIT,-32.0,-32.2,-1.00625,-1.0,False,False,0.5098814229249012,32.0,10:05,ENTERED,14230.5,14294.5,1.0,2022-04-12,True,2022
True,HTF_1H_TREND_FIRST_PULLBACK_5M_BREAK,medium,SHORT,14055.5,14055.75,1649946300,13985.75,1649953680,"{""adverse_ticks"": 1.0, ""stop_buffer_ticks"": 1.0, ""tod"": ""0930_1030"", ""gap_points"": 2.25, ""prior_ret"": 269.0, ""trend_1h"": ""BEARISH"", ""trend_4h"": ""BEARISH"", ""confirm_kind"": ""break""}",7380,1h,6,-0.008743591544350005,strong,NQ,31.0,74.25,TARGET_HIT,69.75,69.55,0.9971326164874551,1.0,True,False,0.48099606815203144,69.75,10:25,ENTERED,14125.25,13985.75,1.0,2022-04-14,True,2022
False,HTF_1H_TREND_FIRST_PULLBACK_5M_BREAK,medium,SHORT,14123.75,14124.0,1650466200,14144.75,1650466320,"{""adverse_ticks"": 1.0, ""stop_buffer_ticks"": 1.0, ""tod"": ""1030_1200"", ""gap_points"": 39.5, ""prior_ret"": 336.75, ""trend_1h"": ""BEARISH"", ""trend_4h"": ""NEUTRAL"", ""confirm_kind"": ""break""}",120,1h,1,-0.008411790585129753,strong,NQ,24.75,10.25,STOP_HIT,-21.0,-21.2,-1.0095238095238095,-1.0,False,False,0.4184149184149184,21.0,10:50,ENTERED,14144.75,14102.75,1.0,2022-04-20,True,2022
False,HTF_1H_TREND_FIRST_PULLBACK_5M_BREAK,medium,SHORT,14092.5,14092.75,1650553800,14111.5,1650553860,"{""adverse_ticks"": 1.0, ""stop_buffer_ticks"": 1.0, ""tod"": ""1030_1200"", ""gap_points"": 169.0, ""prior_ret"": -248.25, ""trend_1h"": ""BEARISH"", ""trend_4h"": ""BULLISH"", ""confirm_kind"": ""break""}",60,1h,1,-0.004836631303948735,medium,NQ,22.25,11.25,STOP_HIT,-19.0,-19.2,-1.0105263157894737,-1.0,False,False,0.4075829383886256,19.0,11:10,ENTERED,14111.5,14073.5,1.0,2022-04-21,True,2022
False,HTF_1H_TREND_FIRST_PULLBACK_5M_BREAK,medium,SHORT,13617.25,13617.5,1650641400,13574.25,1650641880,"{""adverse_ticks"": 1.0, ""stop_buffer_ticks"": 1.0, ""tod"": ""1030_1200"", ""gap_points"": 3.5, ""prior_ret"": -450.5, ""trend_1h"": ""BEARISH"", ""trend_4h"": ""NEUTRAL"", ""confirm_kind"": ""break""}",480,1h,1,-0.005334307636097879,medium,NQ,15.0,46.25,TARGET_HIT,43.0,42.8,0.9953488372093022,1.0,True,False,0.5052631578947369,43.0,11:30,ENTERED,13660.25,13574.25,1.0,2022-04-22,True,2022
True,HTF_1H_TREND_FIRST_PULLBACK_5M_BREAK,medium,LONG,13428.25,13428.0,1650911100,13487.75,1650912780,"{""adverse_ticks"": 1.0, ""stop_buffer_ticks"": 1.0, ""tod"": ""1400_1530"", ""gap_points"": -67.75, ""prior_ret"": -368.75, ""trend_1h"": ""BULLISH"", ""trend_4h"": ""BULLISH"", ""confirm_kind"": ""break""}",1680,1h,1,0.007679390177173229,medium,NQ,17.25,61.0,TARGET_HIT,59.5,59.3,0.9966386554621848,1.0,True,False,0.549929676511955,59.5,14:25,ENTERED,13368.75,13487.75,1.0,2022-04-25,True,2022
False,HTF_1H_TREND_FIRST_PULLBACK_5M_BREAK,medium,SHORT,13322.25,13322.5,1650980700,13259.5,1650981420,"{""adverse_ticks"": 1.0, ""stop_buffer_ticks"": 1.0, ""tod"": ""0930_1030"", ""gap_points"": -87.5, ""prior_ret"": 241.75, ""trend_1h"": ""BEARISH"", ""trend_4h"": ""NEUTRAL"", ""confirm_kind"": ""break""}",720,1h,1,-0.0034018007358243008,weak,NQ,29.5,65.0,TARGET_HIT,62.75,62.55,0.996812749003984,1.0,True,False,0.4278728606356968,62.75,09:45,ENTERED,13385.0,13259.5,1.0,2022-04-26,True,2022
True,HTF_1H_TREND_FIRST_PULLBACK_5M_BREAK,medium,LONG,13107.25,13107.0,1651068300,,1651068300,"{""adverse_ticks"": 1.0, ""stop_buffer_ticks"": 1.0, ""tod"": ""0930_1030"", ""gap_points"": 12.75, ""prior_ret"": -434.25, ""trend_1h"": ""BULLISH"", ""trend_4h"": ""BULLISH"", ""confirm_kind"": ""break""}",,1h,1,0.0024726110772976817,weak,NQ,17.75,8.5,AMBIGUOUS,,,,,True,True,0.4057815845824411,3.0,10:05,ENTERED,13104.25,13110.25,1.0,2022-04-27,False,2022
False,HTF_1H_TREND_FIRST_PULLBACK_5M_BREAK,medium,SHORT,13138.75,13139.0,1651154100,13115.75,1651154400,"{""adverse_ticks"": 1.0, ""stop_buffer_ticks"": 1.0, ""tod"": ""0930_1030"", ""gap_points"": 211.0, ""prior_ret"": -20.0, ""trend_1h"": ""BEARISH"", ""trend_4h"": ""BULLISH"", ""confirm_kind"": ""break""}",300,1h,1,-0.010739588409491296,strong,NQ,22.0,56.75,TARGET_HIT,23.0,22.8,0.991304347826087,1.0,True,True,0.48621553884711777,23.0,09:55,ENTERED,13161.75,13115.75,1.0,2022-04-28,True,2022
True,HTF_1H_TREND_FIRST_PULLBACK_5M_BREAK,medium,SHORT,12998.25,12998.5,1651673100,12940.0,1651673700,"{""adverse_ticks"": 1.0, ""stop_buffer_ticks"": 1.0, ""tod"": ""0930_1030"", ""gap_points"": 17.0, ""prior_ret"": 16.5, ""trend_1h"": ""BEARISH"", ""trend_4h"": ""BEARISH"", ""confirm_kind"": ""break""}",600,1h,1,-0.008133333333333326,strong,NQ,7.5,61.0,TARGET_HIT,58.25,58.05,0.9965665236051502,1.0,True,False,0.4388888888888889,58.25,10:05,ENTERED,13056.5,12940.0,1.0,2022-05-04,True,2022
True,HTF_1H_TREND_FIRST_PULLBACK_5M_BREAK,medium,SHORT,12586.75,12587.0,1651845000,12688.75,1651846440,"{""adverse_ticks"": 1.0, ""stop_buffer_ticks"": 1.0, ""tod"": ""0930_1030"", ""gap_points"": -98.75, ""prior_ret"": -483.75, ""trend_1h"": ""BEARISH"", ""trend_4h"": ""BEARISH"", ""confirm_kind"": ""break""}",1440,1h,6,-0.005257603002110867,medium,NQ,109.0,68.0,STOP_HIT,-102.0,-102.2,-1.0019607843137255,-1.0,False,False,0.6,102.0,09:50,ENTERED,12688.75,12484.75,1.0,2022-05-06,True,2022
True,HTF_1H_TREND_FIRST_PULLBACK_5M_BREAK,medium,SHORT,12310.75,12311.0,1652111400,12352.0,1652111520,"{""adverse_ticks"": 1.0, ""stop_buffer_ticks"": 1.0, ""tod"": ""1030_1200"", ""gap_points"": -244.0, ""prior_ret"": -66.75, ""trend_1h"": ""BEARISH"", ""trend_4h"": ""BEARISH"", ""confirm_kind"": ""break""}",120,1h,1,-0.006821254868721094,medium,NQ,44.5,3.25,STOP_HIT,-41.25,-41.45,-1.0048484848484849,-1.0,False,False,0.43483412322274884,41.25,11:50,ENTERED,12352.0,12269.5,1.0,2022-05-09,True,2022
False,HTF_1H_TREND_FIRST_PULLBACK_5M_BREAK,medium,SHORT,12242.0,12242.25,1652197800,12314.25,1652198640,"{""adverse_ticks"": 1.0, ""stop_buffer_ticks"": 1.0, ""tod"": ""1030_1200"", ""gap_points"": 299.75, ""prior_ret"": -252.5, ""trend_1h"": ""BEARISH"", ""trend_4h"": ""BULLISH"", ""confirm_kind"": ""break""}",840,1h,1,-0.005612854856031246,medium,NQ,76.0,39.5,STOP_HIT,-72.25,-72.45,-1.0027681660899654,-1.0,False,False,0.42496171516079634,72.25,11:50,ENTERED,12314.25,12169.75,1.0,2022-05-10,True,2022
False,HTF_1H_TREND_FIRST_PULLBACK_5M_BREAK,medium,LONG,11965.75,11965.5,1652370300,,1652370300,"{""adverse_ticks"": 1.0, ""stop_buffer_ticks"": 1.0, ""tod"": ""1030_1200"", ""gap_points"": -183.0, ""prior_ret"": -270.75, ""trend_1h"": ""BULLISH"", ""trend_4h"": ""BEARISH"", ""confirm_kind"": ""break""}",,1h,1,0.01767581005351193,strong,NQ,22.75,8.25,AMBIGUOUS,,,,,True,False,0.5102639296187683,7.25,11:45,ENTERED,11958.5,11973.0,1.0,2022-05-12,True,2022
True,HTF_1H_TREND_FIRST_PULLBACK_5M_BREAK,medium,LONG,12241.25,12241.0,1652465700,12264.25,1652465940,"{""adverse_ticks"": 1.0, ""stop_buffer_ticks"": 1.0, ""tod"": ""1400_1530"", ""gap_points"": 184.0, ""prior_ret"": 156.25, ""trend_1h"": ""BULLISH"", ""trend_4h"": ""BULLISH"", ""confirm_kind"": ""break""}",240,1h,8,0.004900659547097286,medium,NQ,9.75,26.25,TARGET_HIT,23.0,22.8,0.991304347826087,1.0,True,False,0.466499162479062,23.0,14:15,ENTERED,12218.25,12264.25,1.0,2022-05-13,False,2022
False,HTF_1H_TREND_FIRST_PULLBACK_5M_BREAK,medium,SHORT,12403.0,12403.25,1652800800,12408.5,1652800800,"{""adverse_ticks"": 1.0, ""stop_buffer_ticks"": 1.0, ""tod"": ""1030_1200"", ""gap_points"": 243.75, ""prior_ret"": -64.0, ""trend_1h"": ""BEARISH"", ""trend_4h"": ""BULLISH"", ""confirm_kind"": ""break""}",0,1h,2,-0.009770747822604897,strong,NQ,7.0,3.5,STOP_HIT,-5.5,-5.7,-1.0363636363636364,-1.0,False,False,0.41935483870967744,5.5,11:20,ENTERED,12408.5,12397.5,1.0,2022-05-17,True,2022
False,HTF_1H_TREND_FIRST_PULLBACK_5M_BREAK,medium,SHORT,11912.0,11912.25,1653057600,11870.0,1653058260,"{""adverse_ticks"": 1.0, ""stop_buffer_ticks"": 1.0, ""tod"": ""1030_1200"", ""gap_points"": 150.0, ""prior_ret"": 12.0, ""trend_1h"": ""BEARISH"", ""trend_4h"": ""NEUTRAL"", ""confirm_kind"": ""break""}",660,1h,2,-0.004853261433164002,medium,NQ,25.75,66.25,TARGET_HIT,42.0,41.8,0.9952380952380951,1.0,True,False,0.5182724252491694,42.0,10:40,ENTERED,11954.0,11870.0,1.0,2022-05-20,True,2022
True,HTF_1H_TREND_FIRST_PULLBACK_5M_BREAK,medium,SHORT,11644.5,11644.75,1653405900,11674.5,1653407100,"{""adverse_ticks"": 1.0, ""stop_buffer_ticks"": 1.0, ""tod"": ""1030_1200"", ""gap_points"": -218.25, ""prior_ret"": 150.0, ""trend_1h"": ""BEARISH"", ""trend_4h"": ""BEARISH"", ""confirm_kind"": ""break""}",1200,1h,2,-0.017161213965677602,strong,NQ,52.25,16.25,STOP_HIT,-30.0,-30.2,-1.0066666666666666,-1.0,False,False,0.40790842872008326,30.0,11:25,ENTERED,11674.5,11614.5,1.0,2022-05-24,True,2022
False,HTF_1H_TREND_FIRST_PULLBACK_5M_BREAK,medium,LONG,11891.0,11890.75,1653491700,11836.0,1653492840,"{""adverse_ticks"": 1.0, ""stop_buffer_ticks"": 1.0, ""tod"": ""1030_1200"", ""gap_points"": -64.5, ""prior_ret"": -34.75, ""trend_1h"": ""BULLISH"", ""trend_4h"": ""BEARISH"", ""confirm_kind"": ""break""}",1140,1h,1,0.010719526979603211,strong,NQ,55.5,11.75,STOP_HIT,-55.0,-55.2,-1.0036363636363637,-1.0,False,False,0.4406580493537015,55.0,11:15,ENTERED,11836.0,11946.0,1.0,2022-05-25,True,2022
True,HTF_1H_TREND_FIRST_PULLBACK_5M_BREAK,medium,LONG,12041.5,12041.25,1653572700,12106.25,1653573120,"{""adverse_ticks"": 1.0, ""stop_buffer_ticks"": 1.0, ""tod"": ""0930_1030"", ""gap_points"": -36.75, ""prior_ret"": 232.25, ""trend_1h"": ""BULLISH"", ""trend_4h"": ""BULLISH"", ""confirm_kind"": ""break""}",420,1h,1,0.006999768776406734,medium,NQ,18.5,70.5,TARGET_HIT,64.75,64.55,0.9969111969111969,1.0,True,False,0.5514834205933682,64.75,09:45,ENTERED,11976.75,12106.25,1.0,2022-05-26,True,2022
True,HTF_1H_TREND_FIRST_PULLBACK_5M_BREAK,medium,LONG,12454.25,12454.0,1653659100,12464.25,1653659100,"{""adverse_ticks"": 1.0, ""stop_buffer_ticks"": 1.0, ""tod"": ""0930_1030"", ""gap_points"": 132.5, ""prior_ret"": 362.25, ""trend_1h"": ""BULLISH"", ""trend_4h"": ""BULLISH"", ""confirm_kind"": ""break""}",0,1h,5,0.006504691077833469,medium,NQ,5.0,21.25,TARGET_HIT,10.0,9.8,0.9800000000000001,1.0,True,True,0.5956284153005464,10.0,09:45,ENTERED,12444.25,12464.25,1.0,2022-05-27,False,2022
True,HTF_1H_TREND_FIRST_PULLBACK_5M_BREAK,medium,SHORT,12538.75,12539.0,1654005300,12487.25,1654006140,"{""adverse_ticks"": 1.0, ""stop_buffer_ticks"": 1.0, ""tod"": ""0930_1030"", ""gap_points"": -5.5, ""prior_ret"": 274.75, ""trend_1h"": ""BEARISH"", ""trend_4h"": ""BEARISH"", ""confirm_kind"": ""break""}",840,1h,1,-0.008884171629616522,strong,NQ,39.25,58.0,TARGET_HIT,51.5,51.3,0.9961165048543689,1.0,True,False,0.4439102564102564,51.5,09:55,ENTERED,12590.25,12487.25,1.0,2022-05-31,True,2022
True,HTF_1H_TREND_FIRST_PULLBACK_5M_BREAK,medium,SHORT,12654.0,12654.25,1654109100,,1654109100,"{""adverse_ticks"": 1.0, ""stop_buffer_ticks"": 1.0, ""tod"": ""1400_1530"", ""gap_points"": 88.25, ""prior_ret"": -31.5, ""trend_1h"": ""BEARISH"", ""trend_4h"": ""BEARISH"", ""confirm_kind"": ""break""}",,1h,3,-0.02010815453995274,strong,NQ,5.5,12.75,AMBIGUOUS,,,,,True,True,0.4062780269058296,2.75,14:45,ENTERED,12656.75,12651.25,1.0,2022-06-01,False,2022
True,HTF_1H_TREND_FIRST_PULLBACK_5M_BREAK,medium,SHORT,12580.0,12580.25,1654267200,12517.0,1654269120,"{""adverse_ticks"": 1.0, ""stop_buffer_ticks"": 1.0, ""tod"": ""1030_1200"", ""gap_points"": -220.75, ""prior_ret"": 391.75, ""trend_1h"": ""BEARISH"", ""trend_4h"": ""BEARISH"", ""confirm_kind"": ""break""}",1920,1h,7,-0.010484876831930112,strong,NQ,32.25,68.5,TARGET_HIT,63.0,62.8,0.9968253968253967,1.0,True,False,0.5214007782101168,63.0,10:40,ENTERED,12643.0,12517.0,1.0,2022-06-03,True,2022
False,HTF_1H_TREND_FIRST_PULLBACK_5M_BREAK,medium,LONG,12607.25,12607.0,1654616400,12581.5,1654616820,"{""adverse_ticks"": 1.0, ""stop_buffer_ticks"": 1.0, ""tod"": ""1030_1200"", ""gap_points"": -143.25, ""prior_ret"": -141.25, ""trend_1h"": ""BULLISH"", ""trend_4h"": ""NEUTRAL"", ""confirm_kind"": ""break""}",420,1h,1,0.014533079771794633,strong,NQ,37.25,6.0,STOP_HIT,-25.75,-25.95,-1.007766990291262,-1.0,False,False,0.45754245754245754,25.75,11:40,ENTERED,12581.5,12633.0,1.0,2022-06-07,True,2022
True,HTF_1H_TREND_FIRST_PULLBACK_5M_BREAK,medium,LONG,12762.5,12762.25,1654697400,12725.0,1654697640,"{""adverse_ticks"": 1.0, ""stop_buffer_ticks"": 1.0, ""tod"": ""0930_1030"", ""gap_points"": -37.75, ""prior_ret"": 254.5, ""trend_1h"": ""BULLISH"", ""trend_4h"": ""BULLISH"", ""confirm_kind"": ""break""}",240,1h,1,0.006150570701993097,medium,NQ,65.75,0.5,STOP_HIT,-37.5,-37.7,-1.0053333333333334,-1.0,False,False,0.528604118993135,37.5,10:10,ENTERED,12725.0,12800.0,1.0,2022-06-08,True,2022
True,HTF_1H_TREND_FIRST_PULLBACK_5M_BREAK,medium,SHORT,12483.25,12483.5,1654799700,12452.5,1654801140,"{""adverse_ticks"": 1.0, ""stop_buffer_ticks"": 1.0, ""tod"": ""1400_1530"", ""gap_points"": -76.25, ""prior_ret"": -54.75, ""trend_1h"": ""BEARISH"", ""trend_4h"": ""BEARISH"", ""confirm_kind"": ""break""}",1440,1h,1,-0.0076153176675369805,medium,NQ,7.0,45.25,TARGET_HIT,30.75,30.55,0.9934959349593496,1.0,True,False,0.4889867841409692,30.75,14:35,ENTERED,12514.0,12452.5,1.0,2022-06-09,True,2022
True,HTF_1H_TREND_FIRST_PULLBACK_5M_BREAK,medium,SHORT,11879.75,11880.0,1654870200,11959.0,1654889160,"{""adverse_ticks"": 1.0, ""stop_buffer_ticks"": 1.0, ""tod"": ""0930_1030"", ""gap_points"": -229.25, ""prior_ret"": -271.5, ""trend_1h"": ""BEARISH"", ""trend_4h"": ""BEARISH"", ""confirm_kind"": ""break""}",18960,1h,2,-0.027961228180691355,strong,NQ,83.75,57.0,STOP_HIT,-79.25,-79.45,-1.0025236593059936,-1.0,False,False,0.47058823529411764,79.25,10:10,ENTERED,11959.0,11800.5,1.0,2022-06-10,True,2022
True,HTF_1H_TREND_FIRST_PULLBACK_5M_BREAK,medium,SHORT,11389.0,11389.25,1655134200,11425.5,1655134800,"{""adverse_ticks"": 1.0, ""stop_buffer_ticks"": 1.0, ""tod"": ""1030_1200"", ""gap_points"": -370.75, ""prior_ret"": -205.0, ""trend_1h"": ""BEARISH"", ""trend_4h"": ""BEARISH"", ""confirm_kind"": ""break""}",600,1h,1,-0.013483585200625314,strong,NQ,53.25,18.5,STOP_HIT,-36.5,-36.7,-1.0054794520547945,-1.0,False,False,0.5252525252525253,36.5,11:30,ENTERED,11425.5,11352.5,1.0,2022-06-13,True,2022
False,HTF_1H_TREND_FIRST_PULLBACK_5M_BREAK,medium,SHORT,11300.5,11300.75,1655219700,11347.25,1655220360,"{""adverse_ticks"": 1.0, ""stop_buffer_ticks"": 1.0, ""tod"": ""1030_1200"", ""gap_points"": 120.25, ""prior_ret"": -171.75, ""trend_1h"": ""BEARISH"", ""trend_4h"": ""BULLISH"", ""confirm_kind"": ""break""}",660,1h,1,-0.006306661411115466,medium,NQ,50.0,15.5,STOP_HIT,-46.75,-46.95,-1.0042780748663103,-1.0,False,False,0.5327586206896552,46.75,11:15,ENTERED,11347.25,11253.75,1.0,2022-06-14,True,2022
True,HTF_1H_TREND_FIRST_PULLBACK_5M_BREAK,medium,SHORT,11234.0,11234.25,1655388300,11177.0,1655390460,"{""adverse_ticks"": 1.0, ""stop_buffer_ticks"": 1.0, ""tod"": ""0930_1030"", ""gap_points"": -302.75, ""prior_ret"": 144.5, ""trend_1h"": ""BEARISH"", ""trend_4h"": ""BEARISH"", ""confirm_kind"": ""break""}",2160,1h,1,-0.005055634051571833,medium,NQ,19.25,58.5,TARGET_HIT,57.0,56.8,0.9964912280701754,1.0,True,False,0.49836065573770494,57.0,10:05,ENTERED,11291.0,11177.0,1.0,2022-06-16,True,2022
True,HTF_1H_TREND_FIRST_PULLBACK_5M_BREAK,medium,LONG,11613.5,11613.25,1655828100,11638.75,1655831580,"{""adverse_ticks"": 1.0, ""stop_buffer_ticks"": 1.0, ""tod"": ""1200_1400"", ""gap_points"": 188.75, ""prior_ret"": 101.75, ""trend_1h"": ""BULLISH"", ""trend_4h"": ""BULLISH"", ""confirm_kind"": ""break""}",3480,1h,3,0.012982195845697264,strong,NQ,15.25,29.5,TARGET_HIT,25.25,25.05,0.9920792079207921,1.0,True,False,0.4461343472750317,25.25,12:15,ENTERED,11588.25,11638.75,1.0,2022-06-21,False,2022
False,HTF_1H_TREND_FIRST_PULLBACK_5M_BREAK,medium,LONG,11600.75,11600.5,1655906100,11697.0,1655907840,"{""adverse_ticks"": 1.0, ""stop_buffer_ticks"": 1.0, ""tod"": ""0930_1030"", ""gap_points"": -108.75, ""prior_ret"": 98.0, ""trend_1h"": ""BULLISH"", ""trend_4h"": ""BEARISH"", ""confirm_kind"": ""break""}",1740,1h,2,0.005504425558148673,medium,NQ,42.25,104.75,TARGET_HIT,96.25,96.05,0.9979220779220779,1.0,True,False,0.4491017964071856,96.25,09:55,ENTERED,11504.5,11697.0,1.0,2022-06-22,True,2022
True,HTF_1H_TREND_FIRST_PULLBACK_5M_BREAK,medium,LONG,12075.0,12074.75,1656079800,12114.75,1656100500,"{""adverse_ticks"": 1.0, ""stop_buffer_ticks"": 1.0, ""tod"": ""0930_1030"", ""gap_points"": 116.25, ""prior_ret"": 72.5, ""trend_1h"": ""BULLISH"", ""trend_4h"": ""BULLISH"", ""confirm_kind"": ""break""}",20700,1h,1,0.008647964564437949,strong,NQ,105.5,40.5,TIME_EXIT,39.75,39.55,0.32685950413223136,0.3285123966942149,False,False,0.4945717732207479,121.0,10:10,ENTERED,11954.0,12196.0,1.0,2022-06-24,True,2022
False,HTF_1H_TREND_FIRST_PULLBACK_5M_BREAK,medium,SHORT,12032.0,12032.25,1656337800,12108.5,1656338580,"{""adverse_ticks"": 1.0, ""stop_buffer_ticks"": 1.0, ""tod"": ""0930_1030"", ""gap_points"": 41.5, ""prior_ret"": 298.25, ""trend_1h"": ""BEARISH"", ""trend_4h"": ""BULLISH"", ""confirm_kind"": ""break""}",780,1h,2,-0.00488992552582046,medium,NQ,76.5,5.75,STOP_HIT,-76.5,-76.7,-1.0026143790849673,-1.0,False,False,0.4275618374558304,76.5,09:50,ENTERED,12108.5,11955.5,1.0,2022-06-27,True,2022
True,HTF_1H_TREND_FIRST_PULLBACK_5M_BREAK,medium,SHORT,11409.25,11409.5,1656600300,11457.75,1656600780,"{""adverse_ticks"": 1.0, ""stop_buffer_ticks"": 1.0, ""tod"": ""1030_1200"", ""gap_points"": -133.5, ""prior_ret"": 19.25, ""trend_1h"": ""BEARISH"", ""trend_4h"": ""BEARISH"", ""confirm_kind"": ""break""}",480,1h,1,-0.009450974428053094,strong,NQ,65.0,0.5,STOP_HIT,-48.5,-48.7,-1.0041237113402062,-1.0,False,False,0.5208333333333334,48.5,10:45,ENTERED,11457.75,11360.75,1.0,2022-06-30,True,2022
False,HTF_1H_TREND_FIRST_PULLBACK_5M_BREAK,medium,LONG,11586.5,11586.25,1657037700,11628.0,1657038180,"{""adverse_ticks"": 1.0, ""stop_buffer_ticks"": 1.0, ""tod"": ""1200_1400"", ""gap_points"": -158.75, ""prior_ret"": 132.25, ""trend_1h"": ""BULLISH"", ""trend_4h"": ""BEARISH"", ""confirm_kind"": ""break""}",480,1h,1,0.007422079052759933,medium,NQ,20.25,49.75,TARGET_HIT,41.5,41.3,0.9951807228915662,1.0,True,False,0.406099518459069,41.5,12:15,ENTERED,11545.0,11628.0,1.0,2022-07-05,True,2022
True,HTF_1H_TREND_FIRST_PULLBACK_5M_BREAK,medium,LONG,12035.75,12035.5,1657203000,12081.5,1657209060,"{""adverse_ticks"": 1.0, ""stop_buffer_ticks"": 1.0, ""tod"": ""0930_1030"", ""gap_points"": 33.25, ""prior_ret"": 60.0, ""trend_1h"": ""BULLISH"", ""trend_4h"": ""BULLISH"", ""confirm_kind"": ""break""}",6060,1h,1,0.010495602342618371,strong,NQ,29.25,46.5,TARGET_HIT,45.75,45.55,0.9956284153005464,1.0,True,False,0.4519230769230769,45.75,10:10,ENTERED,11990.0,12081.5,1.0,2022-07-07,True,2022
True,HTF_1H_TREND_FIRST_PULLBACK_5M_BREAK,medium,SHORT,11940.0,11940.25,1657551000,11912.0,1657551420,"{""adverse_ticks"": 1.0, ""stop_buffer_ticks"": 1.0, ""tod"": ""1030_1200"", ""gap_points"": -105.25, ""prior_ret"": 138.5, ""trend_1h"": ""BEARISH"", ""trend_4h"": ""BEARISH"", ""confirm_kind"": ""break""}",420,1h,1,-0.013898108197809456,strong,NQ,13.25,28.75,TARGET_HIT,28.0,27.8,0.9928571428571429,1.0,True,False,0.42585551330798477,28.0,10:50,ENTERED,11968.0,11912.0,1.0,2022-07-11,False,2022
True,HTF_1H_TREND_FIRST_PULLBACK_5M_BREAK,medium,SHORT,11525.25,11525.5,1657807500,11602.5,1657810320,"{""adverse_ticks"": 1.0, ""stop_buffer_ticks"": 1.0, ""tod"": ""0930_1030"", ""gap_points"": -113.25, ""prior_ret"": 212.25, ""trend_1h"": ""BEARISH"", ""trend_4h"": ""BEARISH"", ""confirm_kind"": ""break""}",2820,1h,1,-0.008401020123872227,strong,NQ,82.0,14.25,STOP_HIT,-77.25,-77.45,-1.002588996763754,-1.0,False,False,0.5778364116094987,77.25,10:05,ENTERED,11602.5,11448.0,1.0,2022-07-14,True,2022
True,HTF_1H_TREND_FIRST_PULLBACK_5M_BREAK,medium,LONG,12169.0,12168.75,1658162700,12159.75,1658162940,"{""adverse_ticks"": 1.0, ""stop_buffer_ticks"": 1.0, ""tod"": ""1200_1400"", ""gap_points"": 115.25, ""prior_ret"": 85.25, ""trend_1h"": ""BULLISH"", ""trend_4h"": ""BULLISH"", ""confirm_kind"": ""break""}",240,1h,1,0.0024897631638511886,weak,NQ,14.25,0.75,STOP_HIT,-9.25,-9.45,-1.0216216216216216,-1.0,False,False,0.42168674698795183,9.25,12:45,ENTERED,12159.75,12178.25,1.0,2022-07-18,True,2022
True,HTF_1H_TREND_FIRST_PULLBACK_5M_BREAK,medium,LONG,12103.0,12102.75,1658241900,12129.25,1658242140,"{""adverse_ticks"": 1.0, ""stop_buffer_ticks"": 1.0, ""tod"": ""1030_1200"", ""gap_points"": 153.75, ""prior_ret"": -217.25, ""trend_1h"": ""BULLISH"", ""trend_4h"": ""BULLISH"", ""confirm_kind"": ""break""}",240,1h,6,0.0071783314552815725,medium,NQ,2.0,27.25,TARGET_HIT,26.25,26.05,0.9923809523809524,1.0,True,False,0.5064935064935064,26.25,10:45,ENTERED,12076.75,12129.25,1.0,2022-07-19,True,2022
False,HTF_1H_TREND_FIRST_PULLBACK_5M_BREAK,medium,LONG,12445.5,12445.25,1658336100,12401.0,1658336940,"{""adverse_ticks"": 1.0, ""stop_buffer_ticks"": 1.0, ""tod"": ""1200_1400"", ""gap_points"": 20.0, ""prior_ret"": 208.25, ""trend_1h"": ""BULLISH"", ""trend_4h"": ""BEARISH"", ""confirm_kind"": ""break""}",840,1h,2,0.019479062557366422,strong,NQ,61.5,22.5,STOP_HIT,-44.5,-44.7,-1.0044943820224719,-1.0,False,False,0.5087527352297593,44.5,12:55,ENTERED,12401.0,12490.0,1.0,2022-07-20,True,2022
True,HTF_1H_TREND_FIRST_PULLBACK_5M_BREAK,medium,LONG,12562.75,12562.5,1658419500,12608.25,1658420940,"{""adverse_ticks"": 1.0, ""stop_buffer_ticks"": 1.0, ""tod"": ""1200_1400"", ""gap_points"": 17.5, ""prior_ret"": 177.0, ""trend_1h"": ""BULLISH"", ""trend_4h"": ""BULLISH"", ""confirm_kind"": ""break""}",1440,1h,1,0.004570603800817974,medium,NQ,7.75,46.75,TARGET_HIT,45.5,45.3,0.9956043956043955,1.0,True,False,0.4426229508196721,45.5,12:05,ENTERED,12517.25,12608.25,1.0,2022-07-21,True,2022
False,HTF_1H_TREND_FIRST_PULLBACK_5M_BREAK,medium,SHORT,12324.25,12324.5,1658758800,12389.75,1658767260,"{""adverse_ticks"": 1.0, ""stop_buffer_ticks"": 1.0, ""tod"": ""0930_1030"", ""gap_points"": 0.0, ""prior_ret"": -182.5, ""trend_1h"": ""BEARISH"", ""trend_4h"": ""NEUTRAL"", ""confirm_kind"": ""break""}",8460,1h,1,-0.008544101168560858,strong,NQ,68.0,36.5,STOP_HIT,-65.5,-65.7,-1.003053435114504,-1.0,False,False,0.5238095238095238,65.5,10:20,ENTERED,12389.75,12258.75,1.0,2022-07-25,True,2022
False,HTF_1H_TREND_FIRST_PULLBACK_5M_BREAK,medium,SHORT,12211.75,12212.0,1658843400,12255.25,1658844240,"{""adverse_ticks"": 1.0, ""stop_buffer_ticks"": 1.0, ""tod"": ""0930_1030"", ""gap_points"": -77.0, ""prior_ret"": -68.75, ""trend_1h"": ""BEARISH"", ""trend_4h"": ""NEUTRAL"", ""confirm_kind"": ""break""}",840,1h,2,-0.0025786802030456357,weak,NQ,48.0,7.0,STOP_HIT,-43.5,-43.7,-1.0045977011494254,-1.0,False,False,0.49193548387096775,43.5,09:50,ENTERED,12255.25,12168.25,1.0,2022-07-26,True,2022
True,HTF_1H_TREND_FIRST_PULLBACK_5M_BREAK,medium,LONG,12446.0,12445.75,1658946000,12488.25,1658946900,"{""adverse_ticks"": 1.0, ""stop_buffer_ticks"": 1.0, ""tod"": ""1400_1530"", ""gap_points"": 192.25, ""prior_ret"": -168.25, ""trend_1h"": ""BULLISH"", ""trend_4h"": ""BULLISH"", ""confirm_kind"": ""break""}",900,1h,5,0.004218642767752634,medium,NQ,34.0,58.5,TARGET_HIT,42.25,42.05,0.995266272189349,1.0,True,False,0.45576407506702415,42.25,14:20,ENTERED,12403.75,12488.25,1.0,2022-07-27,True,2022
True,HTF_1H_TREND_FIRST_PULLBACK_5M_BREAK,medium,SHORT,12484.75,12485.0,1659017400,12529.25,1659019680,"{""adverse_ticks"": 1.0, ""stop_buffer_ticks"": 1.0, ""tod"": ""0930_1030"", ""gap_points"": -9.0, ""prior_ret"": 313.0, ""trend_1h"": ""BEARISH"", ""trend_4h"": ""BEARISH"", ""confirm_kind"": ""break""}",2280,1h,1,-0.0030133104507992226,weak,NQ,55.25,36.0,STOP_HIT,-44.5,-44.7,-1.0044943820224719,-1.0,False,False,0.49263502454991814,44.5,10:10,ENTERED,12529.25,12440.25,1.0,2022-07-28,True,2022
True,HTF_1H_TREND_FIRST_PULLBACK_5M_BREAK,medium,LONG,13043.25,13043.0,1659363000,12967.5,1659364080,"{""adverse_ticks"": 1.0, ""stop_buffer_ticks"": 1.0, ""tod"": ""0930_1030"", ""gap_points"": -75.0, ""prior_ret"": 168.5, ""trend_1h"": ""BULLISH"", ""trend_4h"": ""BULLISH"", ""confirm_kind"": ""break""}",1080,1h,1,0.0037861958390479344,weak,NQ,77.25,25.25,STOP_HIT,-75.75,-75.95,-1.0026402640264027,-1.0,False,False,0.4660377358490566,75.75,10:10,ENTERED,12967.5,13119.0,1.0,2022-08-01,True,2022
False,HTF_1H_TREND_FIRST_PULLBACK_5M_BREAK,medium,LONG,12997.5,12997.25,1659452100,13076.0,1659457500,"{""adverse_ticks"": 1.0, ""stop_buffer_ticks"": 1.0, ""tod"": ""1030_1200"", ""gap_points"": -98.25, ""prior_ret"": 66.0, ""trend_1h"": ""BULLISH"", ""trend_4h"": ""NEUTRAL"", ""confirm_kind"": ""break""}",5400,1h,1,0.006449852880999307,medium,NQ,76.0,79.75,TARGET_HIT,78.5,78.3,0.9974522292993631,1.0,True,False,0.4076086956521739,78.5,10:55,ENTERED,12919.0,13076.0,1.0,2022-08-02,True,2022
True,HTF_1H_TREND_FIRST_PULLBACK_5M_BREAK,medium,LONG,13074.5,13074.25,1659534300,13112.75,1659534960,"{""adverse_ticks"": 1.0, ""stop_buffer_ticks"": 1.0, ""tod"": ""0930_1030"", ""gap_points"": 70.75, ""prior_ret"": 57.75, ""trend_1h"": ""BULLISH"", ""trend_4h"": ""BULLISH"", ""confirm_kind"": ""break""}",660,1h,4,0.005102829751043814,medium,NQ,34.0,50.25,TARGET_HIT,38.25,38.05,0.9947712418300653,1.0,True,False,0.5459317585301837,38.25,09:45,ENTERED,13036.25,13112.75,1.0,2022-08-03,True,2022
False,HTF_1H_TREND_FIRST_PULLBACK_5M_BREAK,medium,LONG,13232.25,13232.0,1659719700,13206.25,1659720180,"{""adverse_ticks"": 1.0, ""stop_buffer_ticks"": 1.0, ""tod"": ""1200_1400"", ""gap_points"": -212.5, ""prior_ret"": 56.25, ""trend_1h"": ""BULLISH"", ""trend_4h"": ""BEARISH"", ""confirm_kind"": ""break""}",480,1h,1,0.004757373929590969,medium,NQ,26.25,7.0,STOP_HIT,-26.0,-26.2,-1.0076923076923077,-1.0,False,False,0.5397653194263363,26.0,13:15,ENTERED,13206.25,13258.25,1.0,2022-08-05,True,2022
True,HTF_1H_TREND_FIRST_PULLBACK_5M_BREAK,medium,LONG,13372.75,13372.5,1659966600,13319.5,1659970080,"{""adverse_ticks"": 1.0, ""stop_buffer_ticks"": 1.0, ""tod"": ""0930_1030"", ""gap_points"": 38.0, ""prior_ret"": 108.0, ""trend_1h"": ""BULLISH"", ""trend_4h"": ""BULLISH"", ""confirm_kind"": ""break""}",3480,1h,3,0.004666917576213736,medium,NQ,54.25,46.75,STOP_HIT,-53.25,-53.45,-1.003755868544601,-1.0,False,False,0.5033557046979866,53.25,09:50,ENTERED,13319.5,13426.0,1.0,2022-08-08,True,2022
True,HTF_1H_TREND_FIRST_PULLBACK_5M_BREAK,medium,LONG,13535.25,13535.0,1660228500,13547.75,1660228620,"{""adverse_ticks"": 1.0, ""stop_buffer_ticks"": 1.0, ""tod"": ""1030_1200"", ""gap_points"": 96.0, ""prior_ret"": 53.25, ""trend_1h"": ""BULLISH"", ""trend_4h"": ""BULLISH"", ""confirm_kind"": ""break""}",120,1h,2,0.004915194280501245,medium,NQ,1.0,12.75,TARGET_HIT,12.5,12.3,0.9840000000000001,1.0,True,False,0.43859649122807015,12.5,10:35,ENTERED,13522.75,13547.75,1.0,2022-08-11,True,2022
True,HTF_1H_TREND_FIRST_PULLBACK_5M_BREAK,medium,LONG,13567.5,13567.25,1660572900,,1660572900,"{""adverse_ticks"": 1.0, ""stop_buffer_ticks"": 1.0, ""tod"": ""0930_1030"", ""gap_points"": -44.75, ""prior_ret"": 177.0, ""trend_1h"": ""BULLISH"", ""trend_4h"": ""BULLISH"", ""confirm_kind"": ""break""}",,1h,1,0.007062564709362507,medium,NQ,7.75,5.0,AMBIGUOUS,,,,,True,True,0.48872180451127817,2.5,10:15,ENTERED,13565.0,13570.0,1.0,2022-08-15,False,2022
True,HTF_1H_TREND_FIRST_PULLBACK_5M_BREAK,medium,SHORT,13582.75,13583.0,1660658700,13543.0,1660660320,"{""adverse_ticks"": 1.0, ""stop_buffer_ticks"": 1.0, ""tod"": ""0930_1030"", ""gap_points"": -43.5, ""prior_ret"": 150.5, ""trend_1h"": ""BEARISH"", ""trend_4h"": ""BEARISH"", ""confirm_kind"": ""break""}",1620,1h,2,-0.00314908731393837,weak,NQ,25.25,41.0,TARGET_HIT,39.75,39.55,0.9949685534591194,1.0,True,False,0.40425531914893614,39.75,10:05,ENTERED,13622.5,13543.0,1.0,2022-08-16,True,2022
True,HTF_1H_TREND_FIRST_PULLBACK_5M_BREAK,medium,SHORT,13488.5,13488.75,1660746600,13475.5,1660746660,"{""adverse_ticks"": 1.0, ""stop_buffer_ticks"": 1.0, ""tod"": ""1030_1200"", ""gap_points"": -136.5, ""prior_ret"": 12.0, ""trend_1h"": ""BEARISH"", ""trend_4h"": ""BEARISH"", ""confirm_kind"": ""break""}",60,1h,7,-0.002358838272150998,weak,NQ,2.5,21.75,TARGET_HIT,13.0,12.8,0.9846153846153847,1.0,True,False,0.5507246376811594,13.0,10:30,ENTERED,13501.5,13475.5,1.0,2022-08-17,True,2022
True,HTF_1H_TREND_FIRST_PULLBACK_5M_BREAK,medium,SHORT,13306.0,13306.25,1660928700,13300.5,1660928700,"{""adverse_ticks"": 1.0, ""stop_buffer_ticks"": 1.0, ""tod"": ""1200_1400"", ""gap_points"": -129.75, ""prior_ret"": 37.25, ""trend_1h"": ""BEARISH"", ""trend_4h"": ""BEARISH"", ""confirm_kind"": ""break""}",0,1h,4,-0.006333607353710469,medium,NQ,2.0,10.75,TARGET_HIT,5.5,5.3,0.9636363636363636,1.0,True,False,0.4264705882352941,5.5,13:05,ENTERED,13311.5,13300.5,1.0,2022-08-19,False,2022
True,HTF_1H_TREND_FIRST_PULLBACK_5M_BREAK,medium,SHORT,13026.0,13026.25,1661177100,13002.75,1661177340,"{""adverse_ticks"": 1.0, ""stop_buffer_ticks"": 1.0, ""tod"": ""0930_1030"", ""gap_points"": -183.0, ""prior_ret"": -135.75, ""trend_1h"": ""BEARISH"", ""trend_4h"": ""BEARISH"", ""confirm_kind"": ""break""}",240,1h,1,-0.003080101777276134,weak,NQ,5.0,25.75,TARGET_HIT,23.25,23.05,0.9913978494623656,1.0,True,False,0.5819397993311036,23.25,10:05,ENTERED,13049.25,13002.75,1.0,2022-08-22,True,2022
True,HTF_1H_TREND_FIRST_PULLBACK_5M_BREAK,medium,LONG,12932.25,12932.0,1661353500,12951.25,1661353980,"{""adverse_ticks"": 1.0, ""stop_buffer_ticks"": 1.0, ""tod"": ""1030_1200"", ""gap_points"": -23.0, ""prior_ret"": 1.25, ""trend_1h"": ""BULLISH"", ""trend_4h"": ""BULLISH"", ""confirm_kind"": ""break""}",480,1h,1,0.004271264100025318,medium,NQ,7.5,20.75,TARGET_HIT,19.0,18.8,0.9894736842105264,1.0,True,False,0.5301587301587302,19.0,11:05,ENTERED,12913.25,12951.25,1.0,2022-08-24,True,2022
True,HTF_1H_TREND_FIRST_PULLBACK_5M_BREAK,medium,LONG,13052.5,13052.25,1661437200,13064.0,1661437200,"{""adverse_ticks"": 1.0, ""stop_buffer_ticks"": 1.0, ""tod"": ""0930_1030"", ""gap_points"": 73.25, ""prior_ret"": 57.75, ""trend_1h"": ""BULLISH"", ""trend_4h"": ""BULLISH"", ""confirm_kind"": ""break""}",0,1h,1,0.003076035758915685,weak,NQ,4.75,16.0,TARGET_HIT,11.5,11.3,0.982608695652174,1.0,True,False,0.41810344827586204,11.5,10:20,ENTERED,13041.0,13064.0,1.0,2022-08-25,True,2022
False,HTF_1H_TREND_FIRST_PULLBACK_5M_BREAK,medium,LONG,12576.0,12575.75,1661780700,12556.75,1661780880,"{""adverse_ticks"": 1.0, ""stop_buffer_ticks"": 1.0, ""tod"": ""0930_1030"", ""gap_points"": -115.5, ""prior_ret"": -527.0, ""trend_1h"": ""BULLISH"", ""trend_4h"": ""BEARISH"", ""confirm_kind"": ""break""}",180,1h,1,0.0033526057977997237,weak,NQ,30.75,11.75,STOP_HIT,-19.25,-19.45,-1.0103896103896104,-1.0,False,False,0.42780748663101603,19.25,09:45,ENTERED,12556.75,12595.25,1.0,2022-08-29,True,2022
False,HTF_1H_TREND_FIRST_PULLBACK_5M_BREAK,medium,SHORT,12480.75,12481.0,1661868000,12432.5,1661868420,"{""adverse_ticks"": 1.0, ""stop_buffer_ticks"": 1.0, ""tod"": ""0930_1030"", ""gap_points"": 68.75, ""prior_ret"": -8.75, ""trend_1h"": ""BEARISH"", ""trend_4h"": ""NEUTRAL"", ""confirm_kind"": ""break""}",420,1h,2,-0.012365463754352657,strong,NQ,15.75,68.25,TARGET_HIT,48.25,48.05,0.9958549222797927,1.0,True,False,0.4791666666666667,48.25,10:00,ENTERED,12529.0,12432.5,1.0,2022-08-30,True,2022
False,HTF_1H_TREND_FIRST_PULLBACK_5M_BREAK,medium,SHORT,12383.75,12384.0,1661961900,12362.25,1661962920,"{""adverse_ticks"": 1.0, ""stop_buffer_ticks"": 1.0, ""tod"": ""1200_1400"", ""gap_points"": 123.75, ""prior_ret"": -210.0, ""trend_1h"": ""BEARISH"", ""trend_4h"": ""BULLISH"", ""confirm_kind"": ""break""}",1020,1h,2,-0.0036387760845965067,weak,NQ,14.75,22.75,TARGET_HIT,21.5,21.3,0.9906976744186047,1.0,True,False,0.41702127659574467,21.5,12:05,ENTERED,12405.25,12362.25,1.0,2022-08-31,True,2022
False,HTF_1H_TREND_FIRST_PULLBACK_5M_BREAK,medium,SHORT,12066.0,12066.25,1662045600,12037.25,1662045780,"{""adverse_ticks"": 1.0, ""stop_buffer_ticks"": 1.0, ""tod"": ""1030_1200"", ""gap_points"": -109.25, ""prior_ret"": -195.75, ""trend_1h"": ""BEARISH"", ""trend_4h"": ""NEUTRAL"", ""confirm_kind"": ""break""}",180,1h,1,-0.009491720425689243,strong,NQ,1.75,31.5,TARGET_HIT,28.75,28.55,0.9930434782608696,1.0,True,False,0.4143126177024482,28.75,11:20,ENTERED,12094.75,12037.25,1.0,2022-09-01,True,2022
True,HTF_1H_TREND_FIRST_PULLBACK_5M_BREAK,medium,SHORT,12045.75,12046.0,1662472800,12016.75,1662472860,"{""adverse_ticks"": 1.0, ""stop_buffer_ticks"": 1.0, ""tod"": ""0930_1030"", ""gap_points"": 18.0, ""prior_ret"": -294.5, ""trend_1h"": ""BEARISH"", ""trend_4h"": ""BEARISH"", ""confirm_kind"": ""break""}",60,1h,2,-0.012238371497099276,strong,NQ,0.0,69.0,TARGET_HIT,29.0,28.8,0.993103448275862,1.0,True,True,0.45707070707070707,29.0,10:00,ENTERED,12074.75,12016.75,1.0,2022-09-06,True,2022
True,HTF_1H_TREND_FIRST_PULLBACK_5M_BREAK,medium,LONG,12142.5,12142.25,1662568800,12184.25,1662570300,"{""adverse_ticks"": 1.0, ""stop_buffer_ticks"": 1.0, ""tod"": ""1200_1400"", ""gap_points"": 18.0, ""prior_ret"": -106.5, ""trend_1h"": ""BULLISH"", ""trend_4h"": ""BULLISH"", ""confirm_kind"": ""break""}",1500,1h,2,0.011325311237873281,strong,NQ,5.25,42.25,TARGET_HIT,41.75,41.55,0.9952095808383233,1.0,True,False,0.49897750511247446,41.75,12:40,ENTERED,12100.75,12184.25,1.0,2022-09-07,True,2022
False,HTF_1H_TREND_FIRST_PULLBACK_5M_BREAK,medium,LONG,12276.25,12276.0,1662657900,12261.75,1662657960,"{""adverse_ticks"": 1.0, ""stop_buffer_ticks"": 1.0, ""tod"": ""1200_1400"", ""gap_points"": -86.25, ""prior_ret"": 222.25, ""trend_1h"": ""BULLISH"", ""trend_4h"": ""BEARISH"", ""confirm_kind"": ""break""}",60,1h,3,0.00383762928911513,weak,NQ,18.25,12.0,STOP_HIT,-14.5,-14.7,-1.013793103448276,-1.0,False,False,0.5766871165644172,14.5,13:25,ENTERED,12261.75,12290.75,1.0,2022-09-08,True,2022
True,HTF_1H_TREND_FIRST_PULLBACK_5M_BREAK,medium,LONG,12524.5,12524.25,1662732300,12595.25,1662743760,"{""adverse_ticks"": 1.0, ""stop_buffer_ticks"": 1.0, ""tod"": ""0930_1030"", ""gap_points"": 90.5, ""prior_ret"": 150.5, ""trend_1h"": ""BULLISH"", ""trend_4h"": ""BULLISH"", ""confirm_kind"": ""break""}",11460,1h,1,0.004015257980325204,medium,NQ,37.25,72.5,TARGET_HIT,70.75,70.55,0.997173144876325,1.0,True,False,0.5754985754985755,70.75,10:05,ENTERED,12453.75,12595.25,1.0,2022-09-09,True,2022
True,HTF_1H_TREND_FIRST_PULLBACK_5M_BREAK,medium,LONG,12715.0,12714.75,1662994500,12722.0,1662994500,"{""adverse_ticks"": 1.0, ""stop_buffer_ticks"": 1.0, ""tod"": ""1030_1200"", ""gap_points"": 60.5, ""prior_ret"": 173.0, ""trend_1h"": ""BULLISH"", ""trend_4h"": ""BULLISH"", ""confirm_kind"": ""break""}",0,1h,1,0.005546235073522254,medium,NQ,6.5,8.0,TARGET_HIT,7.0,6.8,0.9714285714285714,1.0,True,False,0.4528301886792453,7.0,10:55,ENTERED,12708.0,12722.0,1.0,2022-09-12,True,2022
True,HTF_1H_TREND_FIRST_PULLBACK_5M_BREAK,medium,SHORT,12363.5,12363.75,1663077900,12301.75,1663080600,"{""adverse_ticks"": 1.0, ""stop_buffer_ticks"": 1.0, ""tod"": ""0930_1030"", ""gap_points"": -287.25, ""prior_ret"": 92.25, ""trend_1h"": ""BEARISH"", ""trend_4h"": ""BEARISH"", ""confirm_kind"": ""break""}",2700,1h,2,-0.03756287995027874,strong,NQ,47.0,68.0,TARGET_HIT,61.75,61.55,0.9967611336032388,1.0,True,False,0.5583941605839416,61.75,10:05,ENTERED,12425.25,12301.75,1.0,2022-09-13,True,2022
True,HTF_1H_TREND_FIRST_PULLBACK_5M_BREAK,medium,SHORT,12012.5,12012.75,1663254000,12089.25,1663261200,"{""adverse_ticks"": 1.0, ""stop_buffer_ticks"": 1.0, ""tod"": ""1030_1200"", ""gap_points"": -86.25, ""prior_ret"": 47.25, ""trend_1h"": ""BEARISH"", ""trend_4h"": ""BEARISH"", ""confirm_kind"": ""break""}",7200,1h,5,-0.01361032989140476,strong,NQ,87.5,24.75,STOP_HIT,-76.75,-76.95,-1.0026058631921824,-1.0,False,False,0.554089709762533,76.75,11:00,ENTERED,12089.25,11935.75,1.0,2022-09-15,True,2022
True,HTF_1H_TREND_FIRST_PULLBACK_5M_BREAK,medium,SHORT,11802.75,11803.0,1663336500,11837.0,1663337100,"{""adverse_ticks"": 1.0, ""stop_buffer_ticks"": 1.0, ""tod"": ""0930_1030"", ""gap_points"": -137.75, ""prior_ret"": -127.0, ""trend_1h"": ""BEARISH"", ""trend_4h"": ""BEARISH"", ""confirm_kind"": ""break""}",600,1h,1,-0.002422837880543538,weak,NQ,35.25,21.0,STOP_HIT,-34.25,-34.45,-1.0058394160583943,-1.0,False,False,0.5440613026819924,34.25,09:55,ENTERED,11837.0,11768.5,1.0,2022-09-16,True,2022
False,HTF_1H_TREND_FIRST_PULLBACK_5M_BREAK,medium,LONG,11897.0,11896.75,1663595100,11936.25,1663598100,"{""adverse_ticks"": 1.0, ""stop_buffer_ticks"": 1.0, ""tod"": ""0930_1030"", ""gap_points"": -107.5, ""prior_ret"": 60.75, ""trend_1h"": ""BULLISH"", ""trend_4h"": ""BEARISH"", ""confirm_kind"": ""break""}",3000,1h,1,0.002793000571295501,weak,NQ,26.25,44.25,TARGET_HIT,39.25,39.05,0.994904458598726,1.0,True,False,0.4,39.25,09:45,ENTERED,11857.75,11936.25,1.0,2022-09-19,True,2022
True,HTF_1H_TREND_FIRST_PULLBACK_5M_BREAK,medium,LONG,12004.75,12004.5,1663778100,11977.75,1663780020,"{""adverse_ticks"": 1.0, ""stop_buffer_ticks"": 1.0, ""tod"": ""1200_1400"", ""gap_points"": 37.0, ""prior_ret"": 9.0, ""trend_1h"": ""BULLISH"", ""trend_4h"": ""BULLISH"", ""confirm_kind"": ""break""}",1920,1h,4,0.0023870346329410985,weak,NQ,27.0,5.5,STOP_HIT,-27.0,-27.2,-1.0074074074074073,-1.0,False,False,0.5838926174496645,27.0,12:35,ENTERED,11977.75,12031.75,1.0,2022-09-21,True,2022
False,HTF_1H_TREND_FIRST_PULLBACK_5M_BREAK,medium,SHORT,11592.25,11592.5,1663855200,11572.0,1663855260,"{""adverse_ticks"": 1.0, ""stop_buffer_ticks"": 1.0, ""tod"": ""0930_1030"", ""gap_points"": -61.75, ""prior_ret"": -258.75, ""trend_1h"": ""BEARISH"", ""trend_4h"": ""NEUTRAL"", ""confirm_kind"": ""break""}",60,1h,2,-0.009379339814122423,strong,NQ,2.0,26.25,TARGET_HIT,20.25,20.05,0.9901234567901235,1.0,True,False,0.4883720930232558,20.25,10:00,ENTERED,11612.5,11572.0,1.0,2022-09-22,True,2022
True,HTF_1H_TREND_FIRST_PULLBACK_5M_BREAK,medium,SHORT,11372.5,11372.75,1663944000,11407.5,1663944840,"{""adverse_ticks"": 1.0, ""stop_buffer_ticks"": 1.0, ""tod"": ""1030_1200"", ""gap_points"": -102.0, ""prior_ret"": -79.0, ""trend_1h"": ""BEARISH"", ""trend_4h"": ""BEARISH"", ""confirm_kind"": ""break""}",840,1h,6,-0.008817495307521073,strong,NQ,36.75,3.75,STOP_HIT,-35.0,-35.2,-1.0057142857142858,-1.0,False,False,0.4195519348268839,35.0,10:40,ENTERED,11407.5,11337.5,1.0,2022-09-23,True,2022
True,HTF_1H_TREND_FIRST_PULLBACK_5M_BREAK,medium,LONG,11459.0,11458.75,1664204400,11435.25,1664204700,"{""adverse_ticks"": 1.0, ""stop_buffer_ticks"": 1.0, ""tod"": ""1030_1200"", ""gap_points"": -21.75, ""prior_ret"": -87.25, ""trend_1h"": ""BULLISH"", ""trend_4h"": ""BULLISH"", ""confirm_kind"": ""break""}",300,1h,2,0.012995623922556598,strong,NQ,31.5,13.75,STOP_HIT,-23.75,-23.95,-1.0084210526315789,-1.0,False,False,0.5383580080753702,23.75,11:00,ENTERED,11435.25,11482.75,1.0,2022-09-26,False,2022
True,HTF_1H_TREND_FIRST_PULLBACK_5M_BREAK,medium,SHORT,11359.75,11360.0,1664304600,11355.5,1664304600,"{""adverse_ticks"": 1.0, ""stop_buffer_ticks"": 1.0, ""tod"": ""1400_1530"", ""gap_points"": 152.25, ""prior_ret"": -33.75, ""trend_1h"": ""BEARISH"", ""trend_4h"": ""BEARISH"", ""confirm_kind"": ""break""}",0,1h,3,-0.01895249907522245,strong,NQ,1.75,12.75,TARGET_HIT,4.25,4.05,0.9529411764705882,1.0,True,True,0.4008438818565401,4.25,14:50,ENTERED,11364.0,11355.5,1.0,2022-09-27,True,2022
True,HTF_1H_TREND_FIRST_PULLBACK_5M_BREAK,medium,LONG,11408.5,11408.25,1664376300,11437.25,1664378400,"{""adverse_ticks"": 1.0, ""stop_buffer_ticks"": 1.0, ""tod"": ""1030_1200"", ""gap_points"": -1.75, ""prior_ret"": -137.75, ""trend_1h"": ""BULLISH"", ""trend_4h"": ""BULLISH"", ""confirm_kind"": ""break""}",2100,1h,2,0.014370264090032725,strong,NQ,24.75,39.25,TARGET_HIT,28.75,28.55,0.9930434782608696,1.0,True,False,0.4673913043478261,28.75,10:45,ENTERED,11379.75,11437.25,1.0,2022-09-28,True,2022
True,HTF_1H_TREND_FIRST_PULLBACK_5M_BREAK,medium,SHORT,11196.0,11196.25,1664465100,11254.75,1664466720,"{""adverse_ticks"": 1.0, ""stop_buffer_ticks"": 1.0, ""tod"": ""1030_1200"", ""gap_points"": -166.75, ""prior_ret"": 222.75, ""trend_1h"": ""BEARISH"", ""trend_4h"": ""BEARISH"", ""confirm_kind"": ""break""}",1620,1h,3,-0.016679452054794486,strong,NQ,70.25,4.0,STOP_HIT,-58.75,-58.95,-1.003404255319149,-1.0,False,False,0.41885964912280704,58.75,11:25,ENTERED,11254.75,11137.25,1.0,2022-09-29,True,2022
True,HTF_1H_TREND_FIRST_PULLBACK_5M_BREAK,medium,LONG,11191.0,11190.75,1664807100,11247.25,1664817780,"{""adverse_ticks"": 1.0, ""stop_buffer_ticks"": 1.0, ""tod"": ""0930_1030"", ""gap_points"": 74.75, ""prior_ret"": -156.25, ""trend_1h"": ""BULLISH"", ""trend_4h"": ""BULLISH"", ""confirm_kind"": ""break""}",10680,1h,4,0.007815162323647762,medium,NQ,32.5,62.25,TARGET_HIT,56.25,56.05,0.9964444444444444,1.0,True,False,0.5031847133757962,56.25,10:25,ENTERED,11134.75,11247.25,1.0,2022-10-03,True,2022
True,HTF_1H_TREND_FIRST_PULLBACK_5M_BREAK,medium,SHORT,11400.0,11400.25,1664979600,11455.25,1664984280,"{""adverse_ticks"": 1.0, ""stop_buffer_ticks"": 1.0, ""tod"": ""0930_1030"", ""gap_points"": -157.75, ""prior_ret"": 127.75, ""trend_1h"": ""BEARISH"", ""trend_4h"": ""BEARISH"", ""confirm_kind"": ""break""}",4680,1h,3,-0.0031224250834814837,weak,NQ,55.5,33.75,STOP_HIT,-55.25,-55.45,-1.0036199095022624,-1.0,False,False,0.5212355212355212,55.25,10:20,ENTERED,11455.25,11344.75,1.0,2022-10-05,True,2022
False,HTF_1H_TREND_FIRST_PULLBACK_5M_BREAK,medium,LONG,11701.75,11701.5,1665063900,11638.5,1665064680,"{""adverse_ticks"": 1.0, ""stop_buffer_ticks"": 1.0, ""tod"": ""0930_1030"", ""gap_points"": -46.0, ""prior_ret"": 150.5, ""trend_1h"": ""BULLISH"", ""trend_4h"": ""BEARISH"", ""confirm_kind"": ""break""}",780,1h,1,0.003172205438066511,weak,NQ,69.0,10.25,STOP_HIT,-63.25,-63.45,-1.0031620553359684,-1.0,False,False,0.5089058524173028,63.25,09:45,ENTERED,11638.5,11765.0,1.0,2022-10-06,True,2022
True,HTF_1H_TREND_FIRST_PULLBACK_5M_BREAK,medium,SHORT,11244.75,11245.0,1665153000,11213.5,1665153480,"{""adverse_ticks"": 1.0, ""stop_buffer_ticks"": 1.0, ""tod"": ""1030_1200"", ""gap_points"": -196.5, ""prior_ret"": -48.25, ""trend_1h"": ""BEARISH"", ""trend_4h"": ""BEARISH"", ""confirm_kind"": ""break""}",480,1h,2,-0.02520461107613481,strong,NQ,8.75,34.75,TARGET_HIT,31.25,31.05,0.9936,1.0,True,False,0.504424778761062,31.25,10:30,ENTERED,11276.0,11213.5,1.0,2022-10-07,True,2022
True,HTF_1H_TREND_FIRST_PULLBACK_5M_BREAK,medium,SHORT,11040.5,11040.75,1665412200,11012.5,1665412320,"{""adverse_ticks"": 1.0, ""stop_buffer_ticks"": 1.0, ""tod"": ""1030_1200"", ""gap_points"": 9.25, ""prior_ret"": -246.25, ""trend_1h"": ""BEARISH"", ""trend_4h"": ""BEARISH"", ""confirm_kind"": ""break""}",120,1h,1,-0.005620006319685844,medium,NQ,13.75,29.0,TARGET_HIT,28.0,27.8,0.9928571428571429,1.0,True,False,0.415506958250497,28.0,10:30,ENTERED,11068.5,11012.5,1.0,2022-10-10,False,2022
True,HTF_1H_TREND_FIRST_PULLBACK_5M_BREAK,medium,SHORT,10825.0,10825.25,1665498300,10853.25,1665498780,"{""adverse_ticks"": 1.0, ""stop_buffer_ticks"": 1.0, ""tod"": ""0930_1030"", ""gap_points"": -60.75, ""prior_ret"": -128.0, ""trend_1h"": ""BEARISH"", ""trend_4h"": ""BEARISH"", ""confirm_kind"": ""break""}",480,1h,1,-0.005535775812564592,medium,NQ,39.5,16.5,STOP_HIT,-28.25,-28.45,-1.0070796460176992,-1.0,False,False,0.4011406844106464,28.25,10:25,ENTERED,10853.25,10796.75,1.0,2022-10-11,True,2022
False,HTF_1H_TREND_FIRST_PULLBACK_5M_BREAK,medium,SHORT,10836.0,10836.25,1665586200,10844.0,1665586200,"{""adverse_ticks"": 1.0, ""stop_buffer_ticks"": 1.0, ""tod"": ""1030_1200"", ""gap_points"": 21.5, ""prior_ret"": -76.0, ""trend_1h"": ""BEARISH"", ""trend_4h"": ""BULLISH"", ""confirm_kind"": ""break""}",0,1h,2,-0.0054335418474041886,medium,NQ,9.5,1.25,STOP_HIT,-8.0,-8.2,-1.025,-1.0,False,False,0.5708333333333333,8.0,10:50,ENTERED,10844.0,10828.0,1.0,2022-10-12,True,2022
True,HTF_1H_TREND_FIRST_PULLBACK_5M_BREAK,medium,LONG,11090.0,11089.75,1666014900,11069.0,1666014960,"{""adverse_ticks"": 1.0, ""stop_buffer_ticks"": 1.0, ""tod"": ""0930_1030"", ""gap_points"": 253.25, ""prior_ret"": -433.25, ""trend_1h"": ""BULLISH"", ""trend_4h"": ""BULLISH"", ""confirm_kind"": ""break""}",60,1h,1,0.007433147696414677,medium,NQ,29.5,7.0,STOP_HIT,-21.0,-21.2,-1.0095238095238095,-1.0,False,False,0.4008810572687225,21.0,09:55,ENTERED,11069.0,11111.0,1.0,2022-10-17,True,2022
False,HTF_1H_TREND_FIRST_PULLBACK_5M_BREAK,medium,SHORT,11182.25,11182.5,1666110300,11221.5,1666111020,"{""adverse_ticks"": 1.0, ""stop_buffer_ticks"": 1.0, ""tod"": ""1200_1400"", ""gap_points"": 292.25, ""prior_ret"": 110.0, ""trend_1h"": ""BEARISH"", ""trend_4h"": ""BULLISH"", ""confirm_kind"": ""break""}",720,1h,2,-0.016159255748330104,strong,NQ,51.0,14.75,STOP_HIT,-39.25,-39.45,-1.0050955414012739,-1.0,False,False,0.4078125,39.25,12:25,ENTERED,11221.5,11143.0,1.0,2022-10-18,True,2022
False,HTF_1H_TREND_FIRST_PULLBACK_5M_BREAK,medium,LONG,11209.0,11208.75,1666274100,11263.25,1666274700,"{""adverse_ticks"": 1.0, ""stop_buffer_ticks"": 1.0, ""tod"": ""0930_1030"", ""gap_points"": -43.5, ""prior_ret"": 24.75, ""trend_1h"": ""BULLISH"", ""trend_4h"": ""BEARISH"", ""confirm_kind"": ""break""}",600,1h,3,0.002623306723354313,weak,NQ,15.5,55.5,TARGET_HIT,54.25,54.05,0.9963133640552995,1.0,True,False,0.5217391304347826,54.25,09:55,ENTERED,11154.75,11263.25,1.0,2022-10-20,True,2022
True,HTF_1H_TREND_FIRST_PULLBACK_5M_BREAK,medium,LONG,11165.0,11164.75,1666361100,11224.5,1666361220,"{""adverse_ticks"": 1.0, ""stop_buffer_ticks"": 1.0, ""tod"": ""0930_1030"", ""gap_points"": -44.0, ""prior_ret"": -23.25, ""trend_1h"": ""BULLISH"", ""trend_4h"": ""BULLISH"", ""confirm_kind"": ""break""}",120,1h,1,0.014043858652425856,strong,NQ,7.5,60.5,TARGET_HIT,59.5,59.3,0.9966386554621848,1.0,True,False,0.44642857142857145,59.5,10:05,ENTERED,11105.5,11224.5,1.0,2022-10-21,True,2022
True,HTF_1H_TREND_FIRST_PULLBACK_5M_BREAK,medium,LONG,11645.25,11645.0,1666719000,11675.5,1666721820,"{""adverse_ticks"": 1.0, ""stop_buffer_ticks"": 1.0, ""tod"": ""1200_1400"", ""gap_points"": 36.25, ""prior_ret"": 120.0, ""trend_1h"": ""BULLISH"", ""trend_4h"": ""BULLISH"", ""confirm_kind"": ""break""}",2820,1h,4,0.015355797085665701,strong,NQ,15.75,39.5,TARGET_HIT,30.25,30.05,0.9933884297520661,1.0,True,False,0.4178712220762155,30.25,13:30,ENTERED,11615.0,11675.5,1.0,2022-10-25,True,2022
True,HTF_1H_TREND_FIRST_PULLBACK_5M_BREAK,medium,SHORT,11308.25,11308.5,1666887300,11286.5,1666887660,"{""adverse_ticks"": 1.0, ""stop_buffer_ticks"": 1.0, ""tod"": ""1200_1400"", ""gap_points"": -52.0, ""prior_ret"": -21.5, ""trend_1h"": ""BEARISH"", ""trend_4h"": ""BEARISH"", ""confirm_kind"": ""break""}",360,1h,3,-0.007537633227117868,medium,NQ,14.25,32.75,TARGET_HIT,21.75,21.55,0.9908045977011495,1.0,True,False,0.40437158469945356,21.75,12:15,ENTERED,11330.0,11286.5,1.0,2022-10-27,True,2022
True,HTF_1H_TREND_FIRST_PULLBACK_5M_BREAK,medium,LONG,11320.0,11319.75,1666966800,11383.0,1666967160,"{""adverse_ticks"": 1.0, ""stop_buffer_ticks"": 1.0, ""tod"": ""0930_1030"", ""gap_points"": -26.25, ""prior_ret"": -161.0, ""trend_1h"": ""BULLISH"", ""trend_4h"": ""BULLISH"", ""confirm_kind"": ""break""}",360,1h,4,0.018374002024063918,strong,NQ,8.75,70.75,TARGET_HIT,63.0,62.8,0.9968253968253967,1.0,True,False,0.53156146179402,63.0,10:20,ENTERED,11257.0,11383.0,1.0,2022-10-28,True,2022
True,HTF_1H_TREND_FIRST_PULLBACK_5M_BREAK,medium,SHORT,11412.75,11413.0,1667225400,11372.0,1667226960,"{""adverse_ticks"": 1.0, ""stop_buffer_ticks"": 1.0, ""tod"": ""0930_1030"", ""gap_points"": -96.25, ""prior_ret"": 370.75, ""trend_1h"": ""BEARISH"", ""trend_4h"": ""BEARISH"", ""confirm_kind"": ""break""}",1560,1h,1,-0.0072569255839217695,medium,NQ,28.5,45.75,TARGET_HIT,40.75,40.55,0.9950920245398772,1.0,True,False,0.5348837209302325,40.75,10:10,ENTERED,11453.5,11372.0,1.0,2022-10-31,True,2022
False,HTF_1H_TREND_FIRST_PULLBACK_5M_BREAK,medium,SHORT,11405.0,11405.25,1667311800,11342.75,1667332500,"{""adverse_ticks"": 1.0, ""stop_buffer_ticks"": 1.0, ""tod"": ""0930_1030"", ""gap_points"": 147.0, ""prior_ret"": -40.0, ""trend_1h"": ""BEARISH"", ""trend_4h"": ""NEUTRAL"", ""confirm_kind"": ""break""}",20700,1h,1,-0.00490503252014951,medium,NQ,40.25,89.5,TIME_EXIT,62.25,62.05,0.5044715447154471,0.5060975609756098,False,False,0.5652173913043478,123.0,10:10,ENTERED,11528.0,11282.0,1.0,2022-11-01,True,2022
True,HTF_1H_TREND_FIRST_PULLBACK_5M_BREAK,medium,SHORT,11266.25,11266.5,1667398500,11222.75,1667405220,"{""adverse_ticks"": 1.0, ""stop_buffer_ticks"": 1.0, ""tod"": ""0930_1030"", ""gap_points"": 0.0, ""prior_ret"": -265.25, ""trend_1h"": ""BEARISH"", ""trend_4h"": ""BEARISH"", ""confirm_kind"": ""break""}",6720,1h,2,-0.006648906893287232,medium,NQ,20.75,47.0,TARGET_HIT,43.5,43.3,0.9954022988505746,1.0,True,False,0.5829787234042553,43.5,10:15,ENTERED,11309.75,11222.75,1.0,2022-11-02,True,2022
True,HTF_1H_TREND_FIRST_PULLBACK_5M_BREAK,medium,SHORT,10740.5,10740.75,1667483700,10794.5,1667484840,"{""adverse_ticks"": 1.0, ""stop_buffer_ticks"": 1.0, ""tod"": ""0930_1030"", ""gap_points"": -109.25, ""prior_ret"": -391.5, ""trend_1h"": ""BEARISH"", ""trend_4h"": ""BEARISH"", ""confirm_kind"": ""break""}",1140,1h,6,-0.010372541387127066,strong,NQ,63.0,32.75,STOP_HIT,-54.0,-54.2,-1.0037037037037038,-1.0,False,False,0.5302013422818792,54.0,09:55,ENTERED,10794.5,10686.5,1.0,2022-11-03,True,2022
False,HTF_1H_TREND_FIRST_PULLBACK_5M_BREAK,medium,SHORT,10729.5,10729.75,1667580000,10663.0,1667585220,"{""adverse_ticks"": 1.0, ""stop_buffer_ticks"": 1.0, ""tod"": ""1200_1400"", ""gap_points"": 207.5, ""prior_ret"": -104.5, ""trend_1h"": ""BEARISH"", ""trend_4h"": ""BULLISH"", ""confirm_kind"": ""break""}",5220,1h,1,-0.010284736988074306,strong,NQ,9.75,67.0,TARGET_HIT,66.5,66.3,0.9969924812030074,1.0,True,False,0.46153846153846156,66.5,12:40,ENTERED,10796.0,10663.0,1.0,2022-11-04,True,2022
False,HTF_1H_TREND_FIRST_PULLBACK_5M_BREAK,medium,SHORT,10883.5,10883.75,1667835300,10899.5,1667835420,"{""adverse_ticks"": 1.0, ""stop_buffer_ticks"": 1.0, ""tod"": ""1030_1200"", ""gap_points"": 46.0, ""prior_ret"": -39.5, ""trend_1h"": ""BEARISH"", ""trend_4h"": ""NEUTRAL"", ""confirm_kind"": ""break""}",120,1h,1,-0.0060049775098750535,medium,NQ,18.75,8.25,STOP_HIT,-16.0,-16.2,-1.0125,-1.0,False,False,0.5683060109289617,16.0,10:35,ENTERED,10899.5,10867.5,1.0,2022-11-07,True,2022
True,HTF_1H_TREND_FIRST_PULLBACK_5M_BREAK,medium,LONG,11120.0,11119.75,1667922300,11135.75,1667922600,"{""adverse_ticks"": 1.0, ""stop_buffer_ticks"": 1.0, ""tod"": ""1030_1200"", ""gap_points"": 62.0, ""prior_ret"": 75.75, ""trend_1h"": ""BULLISH"", ""trend_4h"": ""BULLISH"", ""confirm_kind"": ""break""}",300,1h,6,0.0021068370259615943,weak,NQ,5.0,18.25,TARGET_HIT,15.75,15.55,0.9873015873015873,1.0,True,False,0.4427860696517413,15.75,10:45,ENTERED,11104.25,11135.75,1.0,2022-11-08,True,2022
True,HTF_1H_TREND_FIRST_PULLBACK_5M_BREAK,medium,SHORT,10966.25,10966.5,1668008700,10949.75,1668009300,"{""adverse_ticks"": 1.0, ""stop_buffer_ticks"": 1.0, ""tod"": ""1030_1200"", ""gap_points"": -76.0, ""prior_ret"": 17.75, ""trend_1h"": ""BEARISH"", ""trend_4h"": ""BEARISH"", ""confirm_kind"": ""break""}",600,1h,2,-0.008625166519903416,strong,NQ,14.0,19.25,TARGET_HIT,16.5,16.3,0.9878787878787879,1.0,True,False,0.5201342281879194,16.5,10:45,ENTERED,10982.75,10949.75,1.0,2022-11-09,True,2022
True,HTF_1H_TREND_FIRST_PULLBACK_5M_BREAK,medium,LONG,11436.0,11435.75,1668093900,11405.75,1668094200,"{""adverse_ticks"": 1.0, ""stop_buffer_ticks"": 1.0, ""tod"": ""0930_1030"", ""gap_points"": 525.5, ""prior_ret"": -187.25, ""trend_1h"": ""BULLISH"", ""trend_4h"": ""BULLISH"", ""confirm_kind"": ""break""}",300,1h,2,0.0519268752009554,strong,NQ,48.5,2.0,STOP_HIT,-30.25,-30.45,-1.006611570247934,-1.0,False,False,0.42444444444444446,30.25,10:25,ENTERED,11405.75,11466.25,1.0,2022-11-10,True,2022
False,HTF_1H_TREND_FIRST_PULLBACK_5M_BREAK,medium,LONG,11697.0,11696.75,1668183900,11681.5,1668183960,"{""adverse_ticks"": 1.0, ""stop_buffer_ticks"": 1.0, ""tod"": ""1030_1200"", ""gap_points"": -4.5, ""prior_ret"": 272.25, ""trend_1h"": ""BULLISH"", ""trend_4h"": ""NEUTRAL"", ""confirm_kind"": ""break""}",60,1h,1,0.0039309519740216015,weak,NQ,26.25,7.5,STOP_HIT,-15.5,-15.7,-1.0129032258064516,-1.0,False,False,0.41373801916932906,15.5,11:25,ENTERED,11681.5,11712.5,1.0,2022-11-11,True,2022
False,HTF_1H_TREND_FIRST_PULLBACK_5M_BREAK,medium,SHORT,11979.75,11980.0,1668535800,11958.25,1668536100,"{""adverse_ticks"": 1.0, ""stop_buffer_ticks"": 1.0, ""tod"": ""1200_1400"", ""gap_points"": 279.0, ""prior_ret"": -18.0, ""trend_1h"": ""BEARISH"", ""trend_4h"": ""BULLISH"", ""confirm_kind"": ""break""}",300,1h,1,-0.007039774727208736,medium,NQ,4.0,27.75,TARGET_HIT,21.5,21.3,0.9906976744186047,1.0,True,False,0.5916398713826366,21.5,13:10,ENTERED,12001.25,11958.25,1.0,2022-11-15,True,2022
True,HTF_1H_TREND_FIRST_PULLBACK_5M_BREAK,medium,SHORT,11758.0,11758.25,1668611700,11722.75,1668613860,"{""adverse_ticks"": 1.0, ""stop_buffer_ticks"": 1.0, ""tod"": ""0930_1030"", ""gap_points"": -81.75, ""prior_ret"": -115.75, ""trend_1h"": ""BEARISH"", ""trend_4h"": ""BEARISH"", ""confirm_kind"": ""break""}",2160,1h,2,-0.010767583905295641,strong,NQ,27.75,44.5,TARGET_HIT,35.25,35.05,0.9943262411347517,1.0,True,False,0.5858585858585859,35.25,10:15,ENTERED,11793.25,11722.75,1.0,2022-11-16,True,2022
False,HTF_1H_TREND_FIRST_PULLBACK_5M_BREAK,medium,LONG,11688.5,11688.25,1668713400,11676.0,1668713760,"{""adverse_ticks"": 1.0, ""stop_buffer_ticks"": 1.0, ""tod"": ""1400_1530"", ""gap_points"": -189.5, ""prior_ret"": -83.25, ""trend_1h"": ""BULLISH"", ""trend_4h"": ""BEARISH"", ""confirm_kind"": ""break""}",360,1h,3,0.013568901544568135,strong,NQ,15.5,7.5,STOP_HIT,-12.5,-12.7,-1.016,-1.0,False,False,0.41183035714285715,12.5,14:30,ENTERED,11676.0,11701.0,1.0,2022-11-17,True,2022
False,HTF_1H_TREND_FIRST_PULLBACK_5M_BREAK,medium,SHORT,11700.0,11700.25,1668783900,11615.25,1668792000,"{""adverse_ticks"": 1.0, ""stop_buffer_ticks"": 1.0, ""tod"": ""0930_1030"", ""gap_points"": 125.5, ""prior_ret"": 161.25, ""trend_1h"": ""BEARISH"", ""trend_4h"": ""BULLISH"", ""confirm_kind"": ""break""}",8100,1h,1,-0.00469990473166082,medium,NQ,27.25,88.5,TARGET_HIT,84.75,84.55,0.9976401179941002,1.0,True,False,0.4792176039119804,84.75,10:05,ENTERED,11784.75,11615.25,1.0,2022-11-18,True,2022
False,HTF_1H_TREND_FIRST_PULLBACK_5M_BREAK,medium,SHORT,11575.5,11575.75,1669050900,11604.5,1669054380,"{""adverse_ticks"": 1.0, ""stop_buffer_ticks"": 1.0, ""tod"": ""1200_1400"", ""gap_points"": -58.0, ""prior_ret"": -130.25, ""trend_1h"": ""BEARISH"", ""trend_4h"": ""NEUTRAL"", ""confirm_kind"": ""break""}",3480,1h,1,-0.0038072703807270347,weak,NQ,29.75,22.75,STOP_HIT,-29.0,-29.2,-1.006896551724138,-1.0,False,False,0.4676470588235294,29.0,12:15,ENTERED,11604.5,11546.5,1.0,2022-11-21,True,2022
False,HTF_1H_TREND_FIRST_PULLBACK_5M_BREAK,medium,LONG,11639.0,11638.75,1669133700,11628.75,1669133760,"{""adverse_ticks"": 1.0, ""stop_buffer_ticks"": 1.0, ""tod"": ""1030_1200"", ""gap_points"": 30.0, ""prior_ret"": -62.25, ""trend_1h"": ""BULLISH"", ""trend_4h"": ""BEARISH"", ""confirm_kind"": ""break""}",60,1h,1,0.005697022011221353,medium,NQ,17.0,4.25,STOP_HIT,-10.25,-10.45,-1.0195121951219512,-1.0,False,False,0.5302013422818792,10.25,11:15,ENTERED,11628.75,11649.25,1.0,2022-11-22,True,2022
True,HTF_1H_TREND_FIRST_PULLBACK_5M_BREAK,medium,LONG,11852.0,11851.75,1669216200,11801.5,1669222440,"{""adverse_ticks"": 1.0, ""stop_buffer_ticks"": 1.0, ""tod"": ""0930_1030"", ""gap_points"": -2.25, ""prior_ret"": 134.5, ""trend_1h"": ""BULLISH"", ""trend_4h"": ""BULLISH"", ""confirm_kind"": ""break""}",6240,1h,1,0.006336111583602699,medium,NQ,65.0,38.75,STOP_HIT,-50.5,-50.7,-1.003960396039604,-1.0,False,False,0.49516908212560384,50.5,10:10,ENTERED,11801.5,11902.5,1.0,2022-11-23,True,2022
True,HTF_1H_TREND_FIRST_PULLBACK_5M_BREAK,medium,LONG,11764.75,11764.5,1669647900,11740.25,1669648320,"{""adverse_ticks"": 1.0, ""stop_buffer_ticks"": 1.0, ""tod"": ""0930_1030"", ""gap_points"": -165.25, ""prior_ret"": 119.25, ""trend_1h"": ""BULLISH"", ""trend_4h"": ""BULLISH"", ""confirm_kind"": ""break""}",420,1h,2,0.006980130181569066,medium,NQ,32.25,4.5,STOP_HIT,-24.5,-24.7,-1.0081632653061223,-1.0,False,False,0.47352941176470587,24.5,10:05,ENTERED,11740.25,11789.25,1.0,2022-11-28,True,2022
True,HTF_1H_TREND_FIRST_PULLBACK_5M_BREAK,medium,SHORT,11520.0,11520.25,1669742100,11511.75,1669742280,"{""adverse_ticks"": 1.0, ""stop_buffer_ticks"": 1.0, ""tod"": ""1200_1400"", ""gap_points"": 10.75, ""prior_ret"": -92.25, ""trend_1h"": ""BEARISH"", ""trend_4h"": ""BEARISH"", ""confirm_kind"": ""break""}",180,1h,3,-0.012849616653103135,strong,NQ,6.25,11.75,TARGET_HIT,8.25,8.05,0.9757575757575758,1.0,True,False,0.4012738853503185,8.25,12:15,ENTERED,11528.25,11511.75,1.0,2022-11-29,True,2022
False,HTF_1H_TREND_FIRST_PULLBACK_5M_BREAK,medium,LONG,11919.75,11919.5,1670005200,11943.0,1670006880,"{""adverse_ticks"": 1.0, ""stop_buffer_ticks"": 1.0, ""tod"": ""1200_1400"", ""gap_points"": -214.5, ""prior_ret"": 3.0, ""trend_1h"": ""BULLISH"", ""trend_4h"": ""BEARISH"", ""confirm_kind"": ""break""}",1680,1h,1,0.008309195086369181,strong,NQ,9.25,26.5,TARGET_HIT,23.25,23.05,0.9913978494623656,1.0,True,False,0.4739776951672863,23.25,13:20,ENTERED,11896.5,11943.0,1.0,2022-12-02,True,2022
True,HTF_1H_TREND_FIRST_PULLBACK_5M_BREAK,medium,LONG,11631.0,11630.75,1670512200,11666.5,1670513700,"{""adverse_ticks"": 1.0, ""stop_buffer_ticks"": 1.0, ""tod"": ""0930_1030"", ""gap_points"": 57.5, ""prior_ret"": -1.5, ""trend_1h"": ""BULLISH"", ""trend_4h"": ""BULLISH"", ""confirm_kind"": ""break""}",1500,1h,2,0.005808912779608155,medium,NQ,23.25,35.75,TARGET_HIT,35.5,35.3,0.9943661971830985,1.0,True,False,0.44495412844036697,35.5,10:10,ENTERED,11595.5,11666.5,1.0,2022-12-08,True,2022
False,HTF_1H_TREND_FIRST_PULLBACK_5M_BREAK,medium,LONG,11656.0,11655.75,1670610000,11633.5,1670610300,"{""adverse_ticks"": 1.0, ""stop_buffer_ticks"": 1.0, ""tod"": ""1200_1400"", ""gap_points"": -43.5, ""prior_ret"": 79.75, ""trend_1h"": ""BULLISH"", ""trend_4h"": ""BEARISH"", ""confirm_kind"": ""break""}",300,1h,1,0.005702235706754433,medium,NQ,24.0,4.25,STOP_HIT,-22.5,-22.7,-1.008888888888889,-1.0,False,False,0.5493562231759657,22.5,13:20,ENTERED,11633.5,11678.5,1.0,2022-12-09,True,2022
True,HTF_1H_TREND_FIRST_PULLBACK_5M_BREAK,medium,LONG,12004.25,12004.0,1671039000,11995.0,1671039300,"{""adverse_ticks"": 1.0, ""stop_buffer_ticks"": 1.0, ""tod"": ""1200_1400"", ""gap_points"": -28.0, ""prior_ret"": -329.75, ""trend_1h"": ""BULLISH"", ""trend_4h"": ""BULLISH"", ""confirm_kind"": ""break""}",300,1h,3,0.0075145476619080664,medium,NQ,11.25,8.5,STOP_HIT,-9.25,-9.45,-1.0216216216216216,-1.0,False,False,0.4391634980988593,9.25,12:30,ENTERED,11995.0,12013.5,1.0,2022-12-14,False,2022
True,HTF_1H_TREND_FIRST_PULLBACK_5M_BREAK,medium,SHORT,11607.0,11607.25,1671115800,11555.5,1671116400,"{""adverse_ticks"": 1.0, ""stop_buffer_ticks"": 1.0, ""tod"": ""0930_1030"", ""gap_points"": -176.5, ""prior_ret"": -68.25, ""trend_1h"": ""BEARISH"", ""trend_4h"": ""BEARISH"", ""confirm_kind"": ""break""}",600,1h,1,-0.0032208523527152977,weak,NQ,15.25,54.0,TARGET_HIT,51.5,51.3,0.9961165048543689,1.0,True,False,0.5468164794007491,51.5,09:50,ENTERED,11658.5,11555.5,1.0,2022-12-15,True,2022
True,HTF_1H_TREND_FIRST_PULLBACK_5M_BREAK,medium,SHORT,11284.0,11284.25,1671464100,11264.25,1671464340,"{""adverse_ticks"": 1.0, ""stop_buffer_ticks"": 1.0, ""tod"": ""1030_1200"", ""gap_points"": 11.75, ""prior_ret"": -86.75, ""trend_1h"": ""BEARISH"", ""trend_4h"": ""BEARISH"", ""confirm_kind"": ""break""}",240,1h,1,-0.011534834762395585,strong,NQ,5.25,26.0,TARGET_HIT,19.75,19.55,0.989873417721519,1.0,True,False,0.591919191919192,19.75,10:35,ENTERED,11303.75,11264.25,1.0,2022-12-19,False,2022
False,HTF_1H_TREND_FIRST_PULLBACK_5M_BREAK,medium,LONG,11329.25,11329.0,1671642000,11311.5,1671642660,"{""adverse_ticks"": 1.0, ""stop_buffer_ticks"": 1.0, ""tod"": ""1200_1400"", ""gap_points"": 42.0, ""prior_ret"": 42.0, ""trend_1h"": ""BULLISH"", ""trend_4h"": ""NEUTRAL"", ""confirm_kind"": ""break""}",660,1h,2,0.0089281738433451,strong,NQ,18.75,2.5,STOP_HIT,-17.75,-17.95,-1.0112676056338028,-1.0,False,False,0.4118564742589704,17.75,12:00,ENTERED,11311.5,11347.0,1.0,2022-12-21,True,2022
True,HTF_1H_TREND_FIRST_PULLBACK_5M_BREAK,medium,SHORT,11117.25,11117.5,1671720300,11085.25,1671721260,"{""adverse_ticks"": 1.0, ""stop_buffer_ticks"": 1.0, ""tod"": ""0930_1030"", ""gap_points"": -133.25, ""prior_ret"": 118.75, ""trend_1h"": ""BEARISH"", ""trend_4h"": ""BEARISH"", ""confirm_kind"": ""break""}",960,1h,5,-0.011950434360806117,strong,NQ,7.25,39.5,TARGET_HIT,32.0,31.8,0.99375,1.0,True,False,0.4065934065934066,32.0,09:45,ENTERED,11149.25,11085.25,1.0,2022-12-22,True,2022
False,HTF_1H_TREND_FIRST_PULLBACK_5M_BREAK,medium,LONG,11054.75,11054.5,1671824100,11074.5,1671825600,"{""adverse_ticks"": 1.0, ""stop_buffer_ticks"": 1.0, ""tod"": ""1400_1530"", ""gap_points"": -57.75, ""prior_ret"": -148.25, ""trend_1h"": ""BULLISH"", ""trend_4h"": ""BEARISH"", ""confirm_kind"": ""break""}",1500,1h,1,0.009050187402870558,strong,NQ,6.75,20.75,TARGET_HIT,19.75,19.55,0.989873417721519,1.0,True,False,0.5788235294117647,19.75,14:35,ENTERED,11035.0,11074.5,1.0,2022-12-23,True,2022
True,HTF_1H_TREND_FIRST_PULLBACK_5M_BREAK,medium,SHORT,10992.0,10992.25,1672155300,10979.75,1672155360,"{""adverse_ticks"": 1.0, ""stop_buffer_ticks"": 1.0, ""tod"": ""1030_1200"", ""gap_points"": -28.5, ""prior_ret"": 83.0, ""trend_1h"": ""BEARISH"", ""trend_4h"": ""BEARISH"", ""confirm_kind"": ""break""}",60,1h,5,-0.018630333774774965,strong,NQ,1.25,13.75,TARGET_HIT,12.25,12.05,0.9836734693877551,1.0,True,False,0.5594855305466238,12.25,10:35,ENTERED,11004.25,10979.75,1.0,2022-12-27,False,2022
False,HTF_1H_TREND_FIRST_PULLBACK_5M_BREAK,medium,SHORT,10832.75,10833.0,1672243500,10794.5,1672246080,"{""adverse_ticks"": 1.0, ""stop_buffer_ticks"": 1.0, ""tod"": ""1030_1200"", ""gap_points"": -18.5, ""prior_ret"": -132.75, ""trend_1h"": ""BEARISH"", ""trend_4h"": ""BULLISH"", ""confirm_kind"": ""break""}",2580,1h,1,-0.010079308847393276,strong,NQ,4.5,39.25,TARGET_HIT,38.25,38.05,0.9947712418300653,1.0,True,False,0.6,38.25,11:05,ENTERED,10871.0,10794.5,1.0,2022-12-28,True,2022
True,HTF_1H_TREND_FIRST_PULLBACK_5M_BREAK,medium,LONG,10957.0,10956.75,1672325700,10992.0,1672326900,"{""adverse_ticks"": 1.0, ""stop_buffer_ticks"": 1.0, ""tod"": ""0930_1030"", ""gap_points"": 115.25, ""prior_ret"": -130.0, ""trend_1h"": ""BULLISH"", ""trend_4h"": ""BULLISH"", ""confirm_kind"": ""break""}",1200,1h,1,0.004751470418636883,medium,NQ,13.25,47.25,TARGET_HIT,35.0,34.8,0.9942857142857142,1.0,True,False,0.5572289156626506,35.0,09:55,ENTERED,10922.0,10992.0,1.0,2022-12-29,True,2022
False,HTF_1H_TREND_FIRST_PULLBACK_5M_BREAK,medium,SHORT,10985.75,10986.0,1672758300,10928.0,1672759140,"{""adverse_ticks"": 1.0, ""stop_buffer_ticks"": 1.0, ""tod"": ""0930_1030"", ""gap_points"": 96.0, ""prior_ret"": 111.5, ""trend_1h"": ""BEARISH"", ""trend_4h"": ""NEUTRAL"", ""confirm_kind"": ""break""}",840,1h,3,-0.013394059050525042,strong,NQ,15.25,59.5,TARGET_HIT,57.75,57.55,0.9965367965367965,1.0,True,False,0.4070450097847358,57.75,10:05,ENTERED,11043.5,10928.0,1.0,2023-01-03,True,2023
False,HTF_1H_TREND_FIRST_PULLBACK_5M_BREAK,medium,SHORT,10843.5,10843.75,1672929900,10882.5,1672930620,"{""adverse_ticks"": 1.0, ""stop_buffer_ticks"": 1.0, ""tod"": ""0930_1030"", ""gap_points"": -73.75, ""prior_ret"": -37.25, ""trend_1h"": ""BEARISH"", ""trend_4h"": ""NEUTRAL"", ""confirm_kind"": ""break""}",720,1h,1,-0.005007283321194489,medium,NQ,38.75,29.0,STOP_HIT,-39.0,-39.2,-1.005128205128205,-1.0,False,False,0.4560810810810811,39.0,09:45,ENTERED,10882.5,10804.5,1.0,2023-01-05,True,2023
False,HTF_1H_TREND_FIRST_PULLBACK_5M_BREAK,medium,LONG,10941.5,10941.25,1673019900,10962.75,1673020140,"{""adverse_ticks"": 1.0, ""stop_buffer_ticks"": 1.0, ""tod"": ""1030_1200"", ""gap_points"": 71.0, ""prior_ret"": -102.5, ""trend_1h"": ""BULLISH"", ""trend_4h"": ""BEARISH"", ""confirm_kind"": ""break""}",240,1h,2,0.002177740709850884,weak,NQ,3.5,36.75,TARGET_HIT,21.25,21.05,0.9905882352941177,1.0,True,False,0.5677655677655677,21.25,10:45,ENTERED,10920.25,10962.75,1.0,2023-01-06,True,2023
True,HTF_1H_TREND_FIRST_PULLBACK_5M_BREAK,medium,LONG,11219.25,11219.0,1673373300,11229.5,1673373720,"{""adverse_ticks"": 1.0, ""stop_buffer_ticks"": 1.0, ""tod"": ""1200_1400"", ""gap_points"": -45.25, ""prior_ret"": -11.75, ""trend_1h"": ""BULLISH"", ""trend_4h"": ""BULLISH"", ""confirm_kind"": ""break""}",420,1h,2,0.006588563333408182,medium,NQ,6.5,13.75,TARGET_HIT,10.25,10.05,0.9804878048780489,1.0,True,False,0.4893238434163701,10.25,12:55,ENTERED,11209.0,11229.5,1.0,2023-01-10,True,2023
True,HTF_1H_TREND_FIRST_PULLBACK_5M_BREAK,medium,LONG,11360.75,11360.5,1673450400,11375.0,1673450520,"{""adverse_ticks"": 1.0, ""stop_buffer_ticks"": 1.0, ""tod"": ""0930_1030"", ""gap_points"": 37.75, ""prior_ret"": 143.25, ""trend_1h"": ""BULLISH"", ""trend_4h"": ""BULLISH"", ""confirm_kind"": ""break""}",120,1h,1,0.003918529997786191,weak,NQ,6.5,14.5,TARGET_HIT,14.25,14.05,0.9859649122807018,1.0,True,False,0.46511627906976744,14.25,10:20,ENTERED,11346.5,11375.0,1.0,2023-01-11,True,2023
False,HTF_1H_TREND_FIRST_PULLBACK_5M_BREAK,medium,LONG,11499.0,11498.75,1673627100,11462.25,1673628360,"{""adverse_ticks"": 1.0, ""stop_buffer_ticks"": 1.0, ""tod"": ""1030_1200"", ""gap_points"": -108.25, ""prior_ret"": 42.25, ""trend_1h"": ""BULLISH"", ""trend_4h"": ""BEARISH"", ""confirm_kind"": ""break""}",1260,1h,1,0.0037039457916638874,weak,NQ,44.5,0.75,STOP_HIT,-36.75,-36.95,-1.0054421768707484,-1.0,False,False,0.4135667396061269,36.75,11:25,ENTERED,11462.25,11535.75,1.0,2023-01-13,True,2023
True,HTF_1H_TREND_FIRST_PULLBACK_5M_BREAK,medium,LONG,11642.25,11642.0,1673981700,11650.0,1673982300,"{""adverse_ticks"": 1.0, ""stop_buffer_ticks"": 1.0, ""tod"": ""1200_1400"", ""gap_points"": -8.75, ""prior_ret"": 183.5, ""trend_1h"": ""BULLISH"", ""trend_4h"": ""BULLISH"", ""confirm_kind"": ""break""}",600,1h,4,0.005318114015176123,medium,NQ,4.0,8.0,TARGET_HIT,7.75,7.55,0.9741935483870967,1.0,True,False,0.5072463768115942,7.75,13:55,ENTERED,11634.5,11650.0,1.0,2023-01-17,True,2023
True,HTF_1H_TREND_FIRST_PULLBACK_5M_BREAK,medium,LONG,11737.25,11737.0,1674054600,11719.25,1674054840,"{""adverse_ticks"": 1.0, ""stop_buffer_ticks"": 1.0, ""tod"": ""0930_1030"", ""gap_points"": 67.5, ""prior_ret"": 28.75, ""trend_1h"": ""BULLISH"", ""trend_4h"": ""BULLISH"", ""confirm_kind"": ""break""}",240,1h,3,0.006981440109984582,medium,NQ,18.5,9.5,STOP_HIT,-18.0,-18.2,-1.011111111111111,-1.0,False,False,0.5441860465116279,18.0,10:10,ENTERED,11719.25,11755.25,1.0,2023-01-18,True,2023
False,HTF_1H_TREND_FIRST_PULLBACK_5M_BREAK,medium,LONG,11925.25,11925.0,1674577500,11898.75,1674579660,"{""adverse_ticks"": 1.0, ""stop_buffer_ticks"": 1.0, ""tod"": ""1030_1200"", ""gap_points"": -71.5, ""prior_ret"": 227.5, ""trend_1h"": ""BULLISH"", ""trend_4h"": ""BEARISH"", ""confirm_kind"": ""break""}",2160,1h,1,0.004165877674682905,medium,NQ,34.75,14.0,STOP_HIT,-26.5,-26.7,-1.0075471698113208,-1.0,False,False,0.505464480874317,26.5,11:25,ENTERED,11898.75,11951.75,1.0,2023-01-24,True,2023
True,HTF_1H_TREND_FIRST_PULLBACK_5M_BREAK,medium,SHORT,11638.5,11638.75,1674659100,11662.25,1674659160,"{""adverse_ticks"": 1.0, ""stop_buffer_ticks"": 1.0, ""tod"": ""0930_1030"", ""gap_points"": -193.25, ""prior_ret"": 45.75, ""trend_1h"": ""BEARISH"", ""trend_4h"": ""BEARISH"", ""confirm_kind"": ""break""}",60,1h,6,-0.012152372049544335,strong,NQ,24.75,3.5,STOP_HIT,-23.75,-23.95,-1.0084210526315789,-1.0,False,False,0.4419889502762431,23.75,10:05,ENTERED,11662.25,11614.75,1.0,2023-01-25,True,2023
False,HTF_1H_TREND_FIRST_PULLBACK_5M_BREAK,medium,SHORT,11905.25,11905.5,1674750300,11969.25,1674751440,"{""adverse_ticks"": 1.0, ""stop_buffer_ticks"": 1.0, ""tod"": ""1030_1200"", ""gap_points"": 141.5, ""prior_ret"": 163.75, ""trend_1h"": ""BEARISH"", ""trend_4h"": ""BULLISH"", ""confirm_kind"": ""break""}",1140,1h,1,-0.00219729627924492,weak,NQ,69.0,1.25,STOP_HIT,-64.0,-64.2,-1.003125,-1.0,False,False,0.40857787810383744,64.0,11:25,ENTERED,11969.25,11841.25,1.0,2023-01-26,True,2023
True,HTF_1H_TREND_FIRST_PULLBACK_5M_BREAK,medium,LONG,12175.25,12175.0,1674832200,12104.0,1674834900,"{""adverse_ticks"": 1.0, ""stop_buffer_ticks"": 1.0, ""tod"": ""0930_1030"", ""gap_points"": -57.75, ""prior_ret"": 87.25, ""trend_1h"": ""BULLISH"", ""trend_4h"": ""BULLISH"", ""confirm_kind"": ""break""}",2700,1h,1,0.006204220529952398,medium,NQ,80.5,18.25,STOP_HIT,-71.25,-71.45,-1.0028070175438597,-1.0,False,False,0.49445676274944567,71.25,10:10,ENTERED,12104.0,12246.5,1.0,2023-01-27,True,2023
True,HTF_1H_TREND_FIRST_PULLBACK_5M_BREAK,medium,LONG,12790.75,12790.5,1675352100,12860.75,1675362660,"{""adverse_ticks"": 1.0, ""stop_buffer_ticks"": 1.0, ""tod"": ""1030_1200"", ""gap_points"": 260.5, ""prior_ret"": 277.0, ""trend_1h"": ""BULLISH"", ""trend_4h"": ""BULLISH"", ""confirm_kind"": ""break""}",10560,1h,2,0.007933509633547331,medium,NQ,19.25,74.5,TARGET_HIT,70.0,69.8,0.9971428571428571,1.0,True,False,0.40671641791044777,70.0,10:35,ENTERED,12720.75,12860.75,1.0,2023-02-02,True,2023
True,HTF_1H_TREND_FIRST_PULLBACK_5M_BREAK,medium,LONG,12756.0,12755.75,1675437300,12844.0,1675438740,"{""adverse_ticks"": 1.0, ""stop_buffer_ticks"": 1.0, ""tod"": ""0930_1030"", ""gap_points"": -281.0, ""prior_ret"": 174.0, ""trend_1h"": ""BULLISH"", ""trend_4h"": ""BULLISH"", ""confirm_kind"": ""break""}",1440,1h,1,0.005374113370082867,medium,NQ,15.0,90.0,TARGET_HIT,88.0,87.8,0.9977272727272727,1.0,True,False,0.4736111111111111,88.0,10:15,ENTERED,12668.0,12844.0,1.0,2023-02-03,True,2023
False,HTF_1H_TREND_FIRST_PULLBACK_5M_BREAK,medium,LONG,12550.5,12550.25,1675696500,12544.75,1675696500,"{""adverse_ticks"": 1.0, ""stop_buffer_ticks"": 1.0, ""tod"": ""0930_1030"", ""gap_points"": -115.5, ""prior_ret"": 50.25, ""trend_1h"": ""BULLISH"", ""trend_4h"": ""NEUTRAL"", ""confirm_kind"": ""break""}",0,1h,1,0.004662890992415347,medium,NQ,31.25,3.0,STOP_HIT,-5.75,-5.95,-1.0347826086956522,-1.0,False,False,0.4329268292682927,5.75,10:15,ENTERED,12544.75,12556.25,1.0,2023-02-06,True,2023
True,HTF_1H_TREND_FIRST_PULLBACK_5M_BREAK,medium,SHORT,12611.75,12612.0,1675870500,12536.75,1675873500,"{""adverse_ticks"": 1.0, ""stop_buffer_ticks"": 1.0, ""tod"": ""1030_1200"", ""gap_points"": -58.5, ""prior_ret"": 268.25, ""trend_1h"": ""BEARISH"", ""trend_4h"": ""BEARISH"", ""confirm_kind"": ""break""}",3000,1h,2,-0.00460513423476383,medium,NQ,34.25,79.5,TARGET_HIT,75.0,74.8,0.9973333333333333,1.0,True,False,0.5341880341880342,75.0,10:35,ENTERED,12686.75,12536.75,1.0,2023-02-08,True,2023
True,HTF_1H_TREND_FIRST_PULLBACK_5M_BREAK,medium,LONG,12456.25,12456.0,1676302500,12476.75,1676303340,"{""adverse_ticks"": 1.0, ""stop_buffer_ticks"": 1.0, ""tod"": ""1030_1200"", ""gap_points"": 56.25, ""prior_ret"": 10.75, ""trend_1h"": ""BULLISH"", ""trend_4h"": ""BULLISH"", ""confirm_kind"": ""break""}",840,1h,1,0.005507252224082659,medium,NQ,10.25,30.25,TARGET_HIT,20.5,20.3,0.9902439024390244,1.0,True,False,0.5229681978798587,20.5,10:35,ENTERED,12435.75,12476.75,1.0,2023-02-13,True,2023
True,HTF_1H_TREND_FIRST_PULLBACK_5M_BREAK,medium,LONG,12623.5,12623.25,1676406000,12654.75,1676407440,"{""adverse_ticks"": 1.0, ""stop_buffer_ticks"": 1.0, ""tod"": ""1400_1530"", ""gap_points"": -70.75, ""prior_ret"": 142.5, ""trend_1h"": ""BULLISH"", ""trend_4h"": ""BULLISH"", ""confirm_kind"": ""break""}",1440,1h,1,0.010287406932991683,strong,NQ,6.0,34.5,TARGET_HIT,31.25,31.05,0.9936,1.0,True,False,0.40601503759398494,31.25,15:20,ENTERED,12592.25,12654.75,1.0,2023-02-14,True,2023
False,HTF_1H_TREND_FIRST_PULLBACK_5M_BREAK,medium,LONG,12631.75,12631.5,1676481600,12656.0,1676485200,"{""adverse_ticks"": 1.0, ""stop_buffer_ticks"": 1.0, ""tod"": ""1200_1400"", ""gap_points"": -77.25, ""prior_ret"": 156.75, ""trend_1h"": ""BULLISH"", ""trend_4h"": ""NEUTRAL"", ""confirm_kind"": ""break""}",3600,1h,1,0.0042081025824252105,medium,NQ,23.0,25.75,TARGET_HIT,24.25,24.05,0.9917525773195877,1.0,True,False,0.5431578947368421,24.25,12:20,ENTERED,12607.5,12656.0,1.0,2023-02-15,True,2023
False,HTF_1H_TREND_FIRST_PULLBACK_5M_BREAK,medium,LONG,12631.0,12630.75,1676572200,12624.5,1676572200,"{""adverse_ticks"": 1.0, ""stop_buffer_ticks"": 1.0, ""tod"": ""1200_1400"", ""gap_points"": -210.0, ""prior_ret"": 180.5, ""trend_1h"": ""BULLISH"", ""trend_4h"": ""BEARISH"", ""confirm_kind"": ""break""}",0,1h,1,0.0075246342191699345,medium,NQ,7.0,5.0,STOP_HIT,-6.5,-6.7,-1.0307692307692309,-1.0,False,False,0.40822320117474303,6.5,13:30,ENTERED,12624.5,12637.5,1.0,2023-02-16,True,2023
True,HTF_1H_TREND_FIRST_PULLBACK_5M_BREAK,medium,SHORT,12329.25,12329.5,1676649300,12308.5,1676649720,"{""adverse_ticks"": 1.0, ""stop_buffer_ticks"": 1.0, ""tod"": ""1030_1200"", ""gap_points"": -91.5, ""prior_ret"": -42.5, ""trend_1h"": ""BEARISH"", ""trend_4h"": ""BEARISH"", ""confirm_kind"": ""break""}",420,1h,1,-0.0022658304673275342,weak,NQ,8.75,22.75,TARGET_HIT,20.75,20.55,0.9903614457831326,1.0,True,False,0.5706666666666667,20.75,10:55,ENTERED,12350.0,12308.5,1.0,2023-02-17,True,2023
True,HTF_1H_TREND_FIRST_PULLBACK_5M_BREAK,medium,SHORT,12186.75,12187.0,1676993400,12217.5,1676994060,"{""adverse_ticks"": 1.0, ""stop_buffer_ticks"": 1.0, ""tod"": ""1030_1200"", ""gap_points"": -163.0, ""prior_ret"": 2.0, ""trend_1h"": ""BEARISH"", ""trend_4h"": ""BEARISH"", ""confirm_kind"": ""break""}",660,1h,2,-0.0031385656347443502,weak,NQ,35.25,6.0,STOP_HIT,-30.75,-30.95,-1.0065040650406505,-1.0,False,False,0.4722222222222222,30.75,10:30,ENTERED,12217.5,12156.0,1.0,2023-02-21,True,2023
True,HTF_1H_TREND_FIRST_PULLBACK_5M_BREAK,medium,SHORT,12116.0,12116.25,1677178800,12106.75,1677178800,"{""adverse_ticks"": 1.0, ""stop_buffer_ticks"": 1.0, ""tod"": ""1400_1530"", ""gap_points"": 149.5, ""prior_ret"": -17.75, ""trend_1h"": ""BEARISH"", ""trend_4h"": ""BEARISH"", ""confirm_kind"": ""break""}",0,1h,4,-0.009462884238064073,strong,NQ,3.25,9.5,TARGET_HIT,9.25,9.05,0.9783783783783785,1.0,True,False,0.42299107142857145,9.25,14:00,ENTERED,12125.25,12106.75,1.0,2023-02-23,True,2023
True,HTF_1H_TREND_FIRST_PULLBACK_5M_BREAK,medium,SHORT,11944.75,11945.0,1677252000,11961.5,1677252900,"{""adverse_ticks"": 1.0, ""stop_buffer_ticks"": 1.0, ""tod"": ""0930_1030"", ""gap_points"": -212.5, ""prior_ret"": -46.25, ""trend_1h"": ""BEARISH"", ""trend_4h"": ""BEARISH"", ""confirm_kind"": ""break""}",900,1h,8,-0.011962215897372452,strong,NQ,18.25,8.75,STOP_HIT,-16.75,-16.95,-1.0119402985074626,-1.0,False,False,0.4036697247706422,16.75,10:20,ENTERED,11961.5,11928.0,1.0,2023-02-24,True,2023
False,HTF_1H_TREND_FIRST_PULLBACK_5M_BREAK,medium,SHORT,11965.25,11965.5,1677683700,12019.0,1677685200,"{""adverse_ticks"": 1.0, ""stop_buffer_ticks"": 1.0, ""tod"": ""0930_1030"", ""gap_points"": -12.5, ""prior_ret"": 8.75, ""trend_1h"": ""BEARISH"", ""trend_4h"": ""NEUTRAL"", ""confirm_kind"": ""break""}",1500,1h,2,-0.00671707910081798,medium,NQ,57.75,12.5,STOP_HIT,-53.75,-53.95,-1.0037209302325583,-1.0,False,False,0.5681818181818182,53.75,10:15,ENTERED,12019.0,11911.5,1.0,2023-03-01,True,2023
False,HTF_1H_TREND_FIRST_PULLBACK_5M_BREAK,medium,LONG,11910.75,11910.5,1677778200,11927.0,1677778260,"{""adverse_ticks"": 1.0, ""stop_buffer_ticks"": 1.0, ""tod"": ""1200_1400"", ""gap_points"": -107.75, ""prior_ret"": -86.75, ""trend_1h"": ""BULLISH"", ""trend_4h"": ""NEUTRAL"", ""confirm_kind"": ""break""}",60,1h,1,0.0022939158616916977,weak,NQ,0.0,24.5,TARGET_HIT,16.25,16.05,0.9876923076923078,1.0,True,False,0.4241486068111455,16.25,12:30,ENTERED,11894.5,11927.0,1.0,2023-03-02,True,2023
True,HTF_1H_TREND_FIRST_PULLBACK_5M_BREAK,medium,LONG,12190.5,12190.25,1677855600,12158.75,1677855720,"{""adverse_ticks"": 1.0, ""stop_buffer_ticks"": 1.0, ""tod"": ""0930_1030"", ""gap_points"": 69.0, ""prior_ret"": 208.25, ""trend_1h"": ""BULLISH"", ""trend_4h"": ""BULLISH"", ""confirm_kind"": ""break""}",120,1h,2,0.00793798449612404,medium,NQ,37.0,11.0,STOP_HIT,-31.75,-31.95,-1.0062992125984251,-1.0,False,False,0.5975103734439834,31.75,10:00,ENTERED,12158.75,12222.25,1.0,2023-03-03,True,2023
True,HTF_1H_TREND_FIRST_PULLBACK_5M_BREAK,medium,LONG,12438.0,12437.75,1678116300,12472.25,1678117440,"{""adverse_ticks"": 1.0, ""stop_buffer_ticks"": 1.0, ""tod"": ""0930_1030"", ""gap_points"": 48.25, ""prior_ret"": 177.75, ""trend_1h"": ""BULLISH"", ""trend_4h"": ""BULLISH"", ""confirm_kind"": ""break""}",1140,1h,2,0.004502129385520082,medium,NQ,9.25,36.25,TARGET_HIT,34.25,34.05,0.9941605839416058,1.0,True,False,0.4437299035369775,34.25,10:25,ENTERED,12403.75,12472.25,1.0,2023-03-06,True,2023
True,HTF_1H_TREND_FIRST_PULLBACK_5M_BREAK,medium,LONG,12311.0,12310.75,1678375800,12330.25,1678375980,"{""adverse_ticks"": 1.0, ""stop_buffer_ticks"": 1.0, ""tod"": ""1030_1200"", ""gap_points"": 15.0, ""prior_ret"": 46.0, ""trend_1h"": ""BULLISH"", ""trend_4h"": ""BULLISH"", ""confirm_kind"": ""break""}",180,1h,2,0.013921447666049858,strong,NQ,6.25,25.0,TARGET_HIT,19.25,19.05,0.9896103896103896,1.0,True,False,0.5501165501165501,19.25,10:30,ENTERED,12291.75,12330.25,1.0,2023-03-09,True,2023
False,HTF_1H_TREND_FIRST_PULLBACK_5M_BREAK,medium,LONG,11972.0,11971.75,1678727700,12014.75,1678729080,"{""adverse_ticks"": 1.0, ""stop_buffer_ticks"": 1.0, ""tod"": ""1200_1400"", ""gap_points"": -72.75, ""prior_ret"": -176.75, ""trend_1h"": ""BULLISH"", ""trend_4h"": ""BEARISH"", ""confirm_kind"": ""break""}",1380,1h,2,0.01637987736309432,strong,NQ,37.75,46.75,TARGET_HIT,42.75,42.55,0.9953216374269005,1.0,True,False,0.4659643435980551,42.75,13:15,ENTERED,11929.25,12014.75,1.0,2023-03-13,True,2023
True,HTF_1H_TREND_FIRST_PULLBACK_5M_BREAK,medium,LONG,12259.25,12259.0,1678801800,12250.25,1678801860,"{""adverse_ticks"": 1.0, ""stop_buffer_ticks"": 1.0, ""tod"": ""0930_1030"", ""gap_points"": 278.25, ""prior_ret"": 161.75, ""trend_1h"": ""BULLISH"", ""trend_4h"": ""BULLISH"", ""confirm_kind"": ""break""}",60,1h,2,0.005114562065623218,medium,NQ,17.5,7.75,STOP_HIT,-9.0,-9.2,-1.0222222222222221,-1.0,False,False,0.43050847457627117,9.0,09:50,ENTERED,12250.25,12268.25,1.0,2023-03-14,True,2023
False,HTF_1H_TREND_FIRST_PULLBACK_5M_BREAK,medium,SHORT,12634.5,12634.75,1679065800,12655.75,1679066160,"{""adverse_ticks"": 1.0, ""stop_buffer_ticks"": 1.0, ""tod"": ""1030_1200"", ""gap_points"": -4.0, ""prior_ret"": 371.25, ""trend_1h"": ""BEARISH"", ""trend_4h"": ""BULLISH"", ""confirm_kind"": ""break""}",360,1h,1,-0.006111940885150546,medium,NQ,33.25,11.0,STOP_HIT,-21.25,-21.45,-1.0094117647058822,-1.0,False,False,0.46604215456674475,21.25,11:10,ENTERED,12655.75,12613.25,1.0,2023-03-17,True,2023
True,HTF_1H_TREND_FIRST_PULLBACK_5M_BREAK,medium,LONG,12804.0,12803.75,1679407500,12794.0,1679407500,"{""adverse_ticks"": 1.0, ""stop_buffer_ticks"": 1.0, ""tod"": ""0930_1030"", ""gap_points"": 82.25, ""prior_ret"": 70.0, ""trend_1h"": ""BULLISH"", ""trend_4h"": ""BULLISH"", ""confirm_kind"": ""break""}",0,1h,3,0.007626985375059014,medium,NQ,16.25,4.0,STOP_HIT,-10.0,-10.2,-1.02,-1.0,False,False,0.5555555555555556,10.0,10:05,ENTERED,12794.0,12814.0,1.0,2023-03-21,True,2023
False,HTF_1H_TREND_FIRST_PULLBACK_5M_BREAK,medium,LONG,12913.75,12913.5,1679497200,12899.0,1679497920,"{""adverse_ticks"": 1.0, ""stop_buffer_ticks"": 1.0, ""tod"": ""1030_1200"", ""gap_points"": -4.5, ""prior_ret"": 102.0, ""trend_1h"": ""BULLISH"", ""trend_4h"": ""NEUTRAL"", ""confirm_kind"": ""break""}",720,1h,3,0.004687439218889811,medium,NQ,18.5,4.75,STOP_HIT,-14.75,-14.95,-1.0135593220338983,-1.0,False,False,0.6,14.75,11:00,ENTERED,12899.0,12928.5,1.0,2023-03-22,True,2023
True,HTF_1H_TREND_FIRST_PULLBACK_5M_BREAK,medium,LONG,12925.25,12925.0,1679580900,12964.25,1679582700,"{""adverse_ticks"": 1.0, ""stop_buffer_ticks"": 1.0, ""tod"": ""0930_1030"", ""gap_points"": 156.0, ""prior_ret"": -173.75, ""trend_1h"": ""BULLISH"", ""trend_4h"": ""BULLISH"", ""confirm_kind"": ""break""}",1800,1h,1,0.004324366441358141,medium,NQ,11.75,44.0,TARGET_HIT,39.0,38.8,0.9948717948717948,1.0,True,False,0.5153846153846153,39.0,10:15,ENTERED,12886.25,12964.25,1.0,2023-03-23,True,2023
False,HTF_1H_TREND_FIRST_PULLBACK_5M_BREAK,medium,SHORT,12809.0,12809.25,1679939700,12834.75,1679941320,"{""adverse_ticks"": 1.0, ""stop_buffer_ticks"": 1.0, ""tod"": ""1200_1400"", ""gap_points"": 24.75, ""prior_ret"": 67.75, ""trend_1h"": ""BEARISH"", ""trend_4h"": ""NEUTRAL"", ""confirm_kind"": ""break""}",1620,1h,3,-0.009678293523285975,strong,NQ,26.25,20.25,STOP_HIT,-25.75,-25.95,-1.007766990291262,-1.0,False,False,0.4032520325203252,25.75,13:55,ENTERED,12834.75,12783.25,1.0,2023-03-27,True,2023
True,HTF_1H_TREND_FIRST_PULLBACK_5M_BREAK,medium,SHORT,12709.75,12710.0,1680013500,12688.0,1680013860,"{""adverse_ticks"": 1.0, ""stop_buffer_ticks"": 1.0, ""tod"": ""0930_1030"", ""gap_points"": -23.5, ""prior_ret"": -119.5, ""trend_1h"": ""BEARISH"", ""trend_4h"": ""BEARISH"", ""confirm_kind"": ""break""}",360,1h,1,-0.005718762240501385,medium,NQ,0.75,34.75,TARGET_HIT,21.75,21.55,0.9908045977011495,1.0,True,False,0.4963680387409201,21.75,10:25,ENTERED,12731.5,12688.0,1.0,2023-03-28,True,2023
False,HTF_1H_TREND_FIRST_PULLBACK_5M_BREAK,medium,LONG,13146.5,13146.25,1680272400,13163.0,1680273120,"{""adverse_ticks"": 1.0, ""stop_buffer_ticks"": 1.0, ""tod"": ""0930_1030"", ""gap_points"": 6.75, ""prior_ret"": 20.5, ""trend_1h"": ""BULLISH"", ""trend_4h"": ""NEUTRAL"", ""confirm_kind"": ""break""}",720,1h,1,0.004548581912697802,medium,NQ,5.25,19.25,TARGET_HIT,16.5,16.3,0.9878787878787879,1.0,True,False,0.424812030075188,16.5,10:20,ENTERED,13130.0,13163.0,1.0,2023-03-31,True,2023
False,HTF_1H_TREND_FIRST_PULLBACK_5M_BREAK,medium,SHORT,13178.75,13179.0,1680534300,13160.5,1680534660,"{""adverse_ticks"": 1.0, ""stop_buffer_ticks"": 1.0, ""tod"": ""1030_1200"", ""gap_points"": -91.5, ""prior_ret"": 209.5, ""trend_1h"": ""BEARISH"", ""trend_4h"": ""NEUTRAL"", ""confirm_kind"": ""break""}",360,1h,1,-0.0031201543058129166,weak,NQ,7.25,23.75,TARGET_HIT,18.25,18.05,0.989041095890411,1.0,True,False,0.5923076923076923,18.25,11:05,ENTERED,13197.0,13160.5,1.0,2023-04-03,True,2023
False,HTF_1H_TREND_FIRST_PULLBACK_5M_BREAK,medium,SHORT,13235.5,13235.75,1680623100,13247.0,1680623160,"{""adverse_ticks"": 1.0, ""stop_buffer_ticks"": 1.0, ""tod"": ""1030_1200"", ""gap_points"": 16.25, ""prior_ret"": 58.5, ""trend_1h"": ""BEARISH"", ""trend_4h"": ""BULLISH"", ""confirm_kind"": ""break""}",60,1h,2,-0.0045775176346990465,medium,NQ,14.5,0.0,STOP_HIT,-11.5,-11.7,-1.017391304347826,-1.0,False,False,0.4585987261146497,11.5,11:45,ENTERED,13247.0,13224.0,1.0,2023-04-04,True,2023
True,HTF_1H_TREND_FIRST_PULLBACK_5M_BREAK,medium,SHORT,12962.25,12962.5,1680789000,12984.25,1680789480,"{""adverse_ticks"": 1.0, ""stop_buffer_ticks"": 1.0, ""tod"": ""0930_1030"", ""gap_points"": -67.0, ""prior_ret"": -94.25, ""trend_1h"": ""BEARISH"", ""trend_4h"": ""BEARISH"", ""confirm_kind"": ""break""}",480,1h,1,-0.0024899444550852134,weak,NQ,25.25,9.25,STOP_HIT,-22.0,-22.2,-1.009090909090909,-1.0,False,False,0.4818181818181818,22.0,09:50,ENTERED,12984.25,12940.25,1.0,2023-04-06,True,2023
True,HTF_1H_TREND_FIRST_PULLBACK_5M_BREAK,medium,SHORT,12983.0,12983.25,1681134600,13015.0,1681136160,"{""adverse_ticks"": 1.0, ""stop_buffer_ticks"": 1.0, ""tod"": ""0930_1030"", ""gap_points"": -127.5, ""prior_ret"": 158.75, ""trend_1h"": ""BEARISH"", ""trend_4h"": ""BEARISH"", ""confirm_kind"": ""break""}",1560,1h,1,-0.006239656057983156,medium,NQ,34.0,15.75,STOP_HIT,-32.0,-32.2,-1.00625,-1.0,False,False,0.42857142857142855,32.0,09:50,ENTERED,13015.0,12951.0,1.0,2023-04-10,True,2023
False,HTF_1H_TREND_FIRST_PULLBACK_5M_BREAK,medium,SHORT,13103.25,13103.5,1681221300,13073.5,1681222620,"{""adverse_ticks"": 1.0, ""stop_buffer_ticks"": 1.0, ""tod"": ""0930_1030"", ""gap_points"": -5.25, ""prior_ret"": 120.75, ""trend_1h"": ""BEARISH"", ""trend_4h"": ""BULLISH"", ""confirm_kind"": ""break""}",1320,1h,2,-0.004093855426253734,medium,NQ,16.25,35.0,TARGET_HIT,29.75,29.55,0.9932773109243698,1.0,True,False,0.5546218487394958,29.75,09:55,ENTERED,13133.0,13073.5,1.0,2023-04-11,True,2023
True,HTF_1H_TREND_FIRST_PULLBACK_5M_BREAK,medium,LONG,13096.25,13096.0,1681395000,13138.25,1681395480,"{""adverse_ticks"": 1.0, ""stop_buffer_ticks"": 1.0, ""tod"": ""0930_1030"", ""gap_points"": 69.25, ""prior_ret"": -198.5, ""trend_1h"": ""BULLISH"", ""trend_4h"": ""BULLISH"", ""confirm_kind"": ""break""}",480,1h,2,0.005463114359911536,medium,NQ,6.25,42.25,TARGET_HIT,42.0,41.8,0.9952380952380951,1.0,True,False,0.49528301886792453,42.0,10:10,ENTERED,13054.25,13138.25,1.0,2023-04-13,True,2023
False,HTF_1H_TREND_FIRST_PULLBACK_5M_BREAK,medium,SHORT,13095.0,13095.25,1681493100,13077.5,1681493400,"{""adverse_ticks"": 1.0, ""stop_buffer_ticks"": 1.0, ""tod"": ""1200_1400"", ""gap_points"": -70.5, ""prior_ret"": 182.0, ""trend_1h"": ""BEARISH"", ""trend_4h"": ""BULLISH"", ""confirm_kind"": ""break""}",300,1h,1,-0.0039058778698676244,weak,NQ,2.25,22.0,TARGET_HIT,17.5,17.3,0.9885714285714287,1.0,True,False,0.49538461538461537,17.5,13:25,ENTERED,13112.5,13077.5,1.0,2023-04-14,True,2023
False,HTF_1H_TREND_FIRST_PULLBACK_5M_BREAK,medium,SHORT,13133.5,13133.75,1681744500,13147.0,1681744620,"{""adverse_ticks"": 1.0, ""stop_buffer_ticks"": 1.0, ""tod"": ""1030_1200"", ""gap_points"": -18.5, ""prior_ret"": 41.75, ""trend_1h"": ""BEARISH"", ""trend_4h"": ""NEUTRAL"", ""confirm_kind"": ""break""}",120,1h,1,-0.0036399484340639,weak,NQ,14.25,1.5,STOP_HIT,-13.5,-13.7,-1.0148148148148148,-1.0,False,False,0.5833333333333334,13.5,11:15,ENTERED,13147.0,13120.0,1.0,2023-04-17,True,2023
False,HTF_1H_TREND_FIRST_PULLBACK_5M_BREAK,medium,LONG,13115.75,13115.5,1681998600,13147.75,1681999800,"{""adverse_ticks"": 1.0, ""stop_buffer_ticks"": 1.0, ""tod"": ""0930_1030"", ""gap_points"": -131.25, ""prior_ret"": 97.5, ""trend_1h"": ""BULLISH"", ""trend_4h"": ""BEARISH"", ""confirm_kind"": ""break""}",1200,1h,1,0.0025699545463262474,weak,NQ,13.0,32.5,TARGET_HIT,32.0,31.8,0.99375,1.0,True,False,0.4605809128630705,32.0,09:50,ENTERED,13083.75,13147.75,1.0,2023-04-20,True,2023
True,HTF_1H_TREND_FIRST_PULLBACK_5M_BREAK,medium,SHORT,12988.0,12988.25,1682085900,13026.0,1682086380,"{""adverse_ticks"": 1.0, ""stop_buffer_ticks"": 1.0, ""tod"": ""0930_1030"", ""gap_points"": -19.25, ""prior_ret"": 25.5, ""trend_1h"": ""BEARISH"", ""trend_4h"": ""BEARISH"", ""confirm_kind"": ""break""}",480,1h,4,-0.005566820981749987,medium,NQ,43.75,2.75,STOP_HIT,-38.0,-38.2,-1.0052631578947369,-1.0,False,False,0.49407114624505927,38.0,10:05,ENTERED,13026.0,12950.0,1.0,2023-04-21,True,2023
True,HTF_1H_TREND_FIRST_PULLBACK_5M_BREAK,medium,SHORT,12959.25,12959.5,1682435400,,1682435400,"{""adverse_ticks"": 1.0, ""stop_buffer_ticks"": 1.0, ""tod"": ""1030_1200"", ""gap_points"": -71.0, ""prior_ret"": -18.25, ""trend_1h"": ""BEARISH"", ""trend_4h"": ""BEARISH"", ""confirm_kind"": ""break""}",,1h,1,-0.004171392322331324,medium,NQ,5.5,1.25,AMBIGUOUS,,,,,True,False,0.45493562231759654,0.75,11:10,ENTERED,12960.0,12958.5,1.0,2023-04-25,True,2023
False,HTF_1H_TREND_FIRST_PULLBACK_5M_BREAK,medium,LONG,12999.75,12999.5,1682525100,12976.75,1682526840,"{""adverse_ticks"": 1.0, ""stop_buffer_ticks"": 1.0, ""tod"": ""1200_1400"", ""gap_points"": 141.75, ""prior_ret"": -179.75, ""trend_1h"": ""BULLISH"", ""trend_4h"": ""NEUTRAL"", ""confirm_kind"": ""break""}",1740,1h,1,0.007232326365998354,medium,NQ,33.0,12.75,STOP_HIT,-23.0,-23.2,-1.008695652173913,-1.0,False,False,0.42162162162162165,23.0,12:05,ENTERED,12976.75,13022.75,1.0,2023-04-26,True,2023
True,HTF_1H_TREND_FIRST_PULLBACK_5M_BREAK,medium,LONG,13099.75,13099.5,1682606100,13130.75,1682609040,"{""adverse_ticks"": 1.0, ""stop_buffer_ticks"": 1.0, ""tod"": ""1030_1200"", ""gap_points"": 158.25, ""prior_ret"": -67.75, ""trend_1h"": ""BULLISH"", ""trend_4h"": ""BULLISH"", ""confirm_kind"": ""break""}",2940,1h,2,0.0027139914923104413,weak,NQ,16.5,35.75,TARGET_HIT,31.0,30.8,0.9935483870967742,1.0,True,False,0.44878048780487806,31.0,10:35,ENTERED,13068.75,13130.75,1.0,2023-04-27,True,2023
False,HTF_1H_TREND_FIRST_PULLBACK_5M_BREAK,medium,LONG,13262.0,13261.75,1682698200,13250.5,1682698620,"{""adverse_ticks"": 1.0, ""stop_buffer_ticks"": 1.0, ""tod"": ""1200_1400"", ""gap_points"": -11.0, ""prior_ret"": 190.5, ""trend_1h"": ""BULLISH"", ""trend_4h"": ""NEUTRAL"", ""confirm_kind"": ""break""}",420,1h,1,0.005232822690732553,medium,NQ,12.25,7.5,STOP_HIT,-11.5,-11.7,-1.017391304347826,-1.0,False,False,0.5807560137457045,11.5,12:10,ENTERED,13250.5,13273.5,1.0,2023-04-28,True,2023
False,HTF_1H_TREND_FIRST_PULLBACK_5M_BREAK,medium,LONG,13340.25,13340.0,1682964900,13338.0,1682964900,"{""adverse_ticks"": 1.0, ""stop_buffer_ticks"": 1.0, ""tod"": ""1400_1530"", ""gap_points"": -23.0, ""prior_ret"": 103.5, ""trend_1h"": ""BULLISH"", ""trend_4h"": ""NEUTRAL"", ""confirm_kind"": ""break""}",0,1h,2,0.0029487998196913168,weak,NQ,4.5,0.75,STOP_HIT,-2.25,-2.45,-1.088888888888889,-1.0,False,False,0.40239043824701193,2.25,14:15,ENTERED,13338.0,13342.5,1.0,2023-05-01,True,2023
False,HTF_1H_TREND_FIRST_PULLBACK_5M_BREAK,medium,SHORT,13173.5,13173.75,1683047700,13188.5,1683048300,"{""adverse_ticks"": 1.0, ""stop_buffer_ticks"": 1.0, ""tod"": ""1200_1400"", ""gap_points"": -3.0, ""prior_ret"": 3.25, ""trend_1h"": ""BEARISH"", ""trend_4h"": ""NEUTRAL"", ""confirm_kind"": ""break""}",600,1h,3,-0.009288333176647567,strong,NQ,18.25,0.75,STOP_HIT,-15.0,-15.2,-1.0133333333333332,-1.0,False,False,0.4089121887287025,15.0,13:15,ENTERED,13188.5,13158.5,1.0,2023-05-02,True,2023
True,HTF_1H_TREND_FIRST_PULLBACK_5M_BREAK,medium,SHORT,13052.25,13052.5,1683209100,13063.25,1683209280,"{""adverse_ticks"": 1.0, ""stop_buffer_ticks"": 1.0, ""tod"": ""0930_1030"", ""gap_points"": -17.25, ""prior_ret"": -98.75, ""trend_1h"": ""BEARISH"", ""trend_4h"": ""BEARISH"", ""confirm_kind"": ""break""}",180,1h,5,-0.005661132607742592,medium,NQ,11.75,4.0,STOP_HIT,-11.0,-11.2,-1.018181818181818,-1.0,False,False,0.5336322869955157,11.0,10:05,ENTERED,13063.25,13041.25,1.0,2023-05-04,True,2023
True,HTF_1H_TREND_FIRST_PULLBACK_5M_BREAK,medium,LONG,13200.0,13199.75,1683295500,13231.75,1683295980,"{""adverse_ticks"": 1.0, ""stop_buffer_ticks"": 1.0, ""tod"": ""0930_1030"", ""gap_points"": 91.25, ""prior_ret"": -34.75, ""trend_1h"": ""BULLISH"", ""trend_4h"": ""BULLISH"", ""confirm_kind"": ""break""}",480,1h,1,0.005162691457745838,medium,NQ,4.5,32.0,TARGET_HIT,31.75,31.55,0.9937007874015749,1.0,True,False,0.4558139534883721,31.75,10:05,ENTERED,13168.25,13231.75,1.0,2023-05-05,True,2023
True,HTF_1H_TREND_FIRST_PULLBACK_5M_BREAK,medium,SHORT,13282.25,13282.5,1683555600,13284.0,1683555600,"{""adverse_ticks"": 1.0, ""stop_buffer_ticks"": 1.0, ""tod"": ""0930_1030"", ""gap_points"": -23.0, ""prior_ret"": 184.75, ""trend_1h"": ""BEARISH"", ""trend_4h"": ""BEARISH"", ""confirm_kind"": ""break""}",0,1h,1,-0.0033421581328977323,weak,NQ,4.25,0.0,STOP_HIT,-1.75,-1.95,-1.1142857142857143,-1.0,False,False,0.5471698113207547,1.75,10:20,ENTERED,13284.0,13280.5,1.0,2023-05-08,False,2023
True,HTF_1H_TREND_FIRST_PULLBACK_5M_BREAK,medium,SHORT,13390.25,13390.5,1683814200,13402.75,1683814320,"{""adverse_ticks"": 1.0, ""stop_buffer_ticks"": 1.0, ""tod"": ""0930_1030"", ""gap_points"": 16.75, ""prior_ret"": 44.0, ""trend_1h"": ""BEARISH"", ""trend_4h"": ""BEARISH"", ""confirm_kind"": ""break""}",120,1h,1,-0.005054352875592305,medium,NQ,13.0,0.5,STOP_HIT,-12.5,-12.7,-1.016,-1.0,False,False,0.55,12.5,10:10,ENTERED,13402.75,13377.75,1.0,2023-05-11,True,2023
True,HTF_1H_TREND_FIRST_PULLBACK_5M_BREAK,medium,SHORT,13398.5,13398.75,1683904500,13371.0,1683905820,"{""adverse_ticks"": 1.0, ""stop_buffer_ticks"": 1.0, ""tod"": ""1030_1200"", ""gap_points"": 20.75, ""prior_ret"": 20.0, ""trend_1h"": ""BEARISH"", ""trend_4h"": ""BEARISH"", ""confirm_kind"": ""break""}",1320,1h,2,-0.005769409145719329,medium,NQ,0.5,27.75,TARGET_HIT,27.5,27.3,0.9927272727272728,1.0,True,False,0.5072886297376094,27.5,11:15,ENTERED,13426.0,13371.0,1.0,2023-05-12,True,2023
False,HTF_1H_TREND_FIRST_PULLBACK_5M_BREAK,medium,SHORT,13357.25,13357.5,1684159800,13392.75,1684161300,"{""adverse_ticks"": 1.0, ""stop_buffer_ticks"": 1.0, ""tod"": ""0930_1030"", ""gap_points"": 19.25, ""prior_ret"": -70.5, ""trend_1h"": ""BEARISH"", ""trend_4h"": ""NEUTRAL"", ""confirm_kind"": ""break""}",1500,1h,1,-0.004076162823161589,medium,NQ,35.75,6.0,STOP_HIT,-35.5,-35.7,-1.0056338028169014,-1.0,False,False,0.4294117647058823,35.5,10:10,ENTERED,13392.75,13321.75,1.0,2023-05-15,True,2023
True,HTF_1H_TREND_FIRST_PULLBACK_5M_BREAK,medium,LONG,13793.75,13793.5,1684427700,13813.25,1684430280,"{""adverse_ticks"": 1.0, ""stop_buffer_ticks"": 1.0, ""tod"": ""1200_1400"", ""gap_points"": 9.0, ""prior_ret"": 119.75, ""trend_1h"": ""BULLISH"", ""trend_4h"": ""BULLISH"", ""confirm_kind"": ""break""}",2580,1h,3,0.010655602873174574,strong,NQ,17.5,25.5,TARGET_HIT,19.5,19.3,0.9897435897435898,1.0,True,False,0.40074441687344914,19.5,12:35,ENTERED,13774.25,13813.25,1.0,2023-05-18,True,2023
True,HTF_1H_TREND_FIRST_PULLBACK_5M_BREAK,medium,SHORT,13841.5,13841.75,1684512900,13862.75,1684513020,"{""adverse_ticks"": 1.0, ""stop_buffer_ticks"": 1.0, ""tod"": ""1200_1400"", ""gap_points"": 8.5, ""prior_ret"": 236.0, ""trend_1h"": ""BEARISH"", ""trend_4h"": ""BEARISH"", ""confirm_kind"": ""break""}",120,1h,1,-0.002859300820025945,weak,NQ,21.0,7.75,STOP_HIT,-21.25,-21.45,-1.0094117647058822,-1.0,False,False,0.5296052631578947,21.25,12:15,ENTERED,13862.75,13820.25,1.0,2023-05-19,True,2023
True,HTF_1H_TREND_FIRST_PULLBACK_5M_BREAK,medium,LONG,13919.0,13918.75,1684765500,13896.5,1684766580,"{""adverse_ticks"": 1.0, ""stop_buffer_ticks"": 1.0, ""tod"": ""0930_1030"", ""gap_points"": -10.25, ""prior_ret"": -40.0, ""trend_1h"": ""BULLISH"", ""trend_4h"": ""BULLISH"", ""confirm_kind"": ""break""}",1080,1h,1,0.00652142495845065,medium,NQ,28.75,2.5,STOP_HIT,-22.5,-22.7,-1.008888888888889,-1.0,False,False,0.5063291139240507,22.5,10:25,ENTERED,13896.5,13941.5,1.0,2023-05-22,True,2023
True,HTF_1H_TREND_FIRST_PULLBACK_5M_BREAK,medium,SHORT,13789.75,13790.0,1684861500,13803.25,1684861620,"{""adverse_ticks"": 1.0, ""stop_buffer_ticks"": 1.0, ""tod"": ""1200_1400"", ""gap_points"": -74.0, ""prior_ret"": 57.0, ""trend_1h"": ""BEARISH"", ""trend_4h"": ""BEARISH"", ""confirm_kind"": ""break""}",120,1h,1,-0.0033055761275988527,weak,NQ,15.5,4.0,STOP_HIT,-13.5,-13.7,-1.0148148148148148,-1.0,False,False,0.4909090909090909,13.5,13:05,ENTERED,13803.25,13776.25,1.0,2023-05-23,True,2023
True,HTF_1H_TREND_FIRST_PULLBACK_5M_BREAK,medium,SHORT,13573.0,13573.25,1684940100,13606.5,1684941780,"{""adverse_ticks"": 1.0, ""stop_buffer_ticks"": 1.0, ""tod"": ""1030_1200"", ""gap_points"": -82.25, ""prior_ret"": -105.5, ""trend_1h"": ""BEARISH"", ""trend_4h"": ""BEARISH"", ""confirm_kind"": ""break""}",1680,1h,4,-0.004905089258036899,medium,NQ,38.5,6.75,STOP_HIT,-33.5,-33.7,-1.0059701492537314,-1.0,False,False,0.4150197628458498,33.5,10:55,ENTERED,13606.5,13539.5,1.0,2023-05-24,True,2023
False,HTF_1H_TREND_FIRST_PULLBACK_5M_BREAK,medium,SHORT,13884.75,13885.0,1685023800,13858.25,1685024400,"{""adverse_ticks"": 1.0, ""stop_buffer_ticks"": 1.0, ""tod"": ""0930_1030"", ""gap_points"": 302.0, ""prior_ret"": 9.5, ""trend_1h"": ""BEARISH"", ""trend_4h"": ""BULLISH"", ""confirm_kind"": ""break""}",600,1h,1,-0.002121424590547094,weak,NQ,3.5,27.5,TARGET_HIT,26.5,26.3,0.9924528301886792,1.0,True,False,0.5193236714975845,26.5,10:10,ENTERED,13911.25,13858.25,1.0,2023-05-25,True,2023
False,HTF_1H_TREND_FIRST_PULLBACK_5M_BREAK,medium,SHORT,14453.25,14453.5,1685456400,14459.25,1685456400,"{""adverse_ticks"": 1.0, ""stop_buffer_ticks"": 1.0, ""tod"": ""0930_1030"", ""gap_points"": 177.0, ""prior_ret"": 314.5, ""trend_1h"": ""BEARISH"", ""trend_4h"": ""BULLISH"", ""confirm_kind"": ""break""}",0,1h,1,-0.003690545993860539,weak,NQ,15.5,2.25,STOP_HIT,-6.0,-6.2,-1.0333333333333334,-1.0,False,False,0.4113636363636364,6.0,10:20,ENTERED,14459.25,14447.25,1.0,2023-05-30,True,2023
False,HTF_1H_TREND_FIRST_PULLBACK_5M_BREAK,medium,SHORT,14273.0,14273.25,1685546400,14302.75,1685548440,"{""adverse_ticks"": 1.0, ""stop_buffer_ticks"": 1.0, ""tod"": ""1030_1200"", ""gap_points"": -67.0, ""prior_ret"": -113.0, ""trend_1h"": ""BEARISH"", ""trend_4h"": ""NEUTRAL"", ""confirm_kind"": ""break""}",2040,1h,1,-0.004487034557122738,medium,NQ,32.0,20.5,STOP_HIT,-29.75,-29.95,-1.0067226890756302,-1.0,False,False,0.47533632286995514,29.75,11:20,ENTERED,14302.75,14243.25,1.0,2023-05-31,True,2023
True,HTF_1H_TREND_FIRST_PULLBACK_5M_BREAK,medium,LONG,14354.75,14354.5,1685632200,14365.5,1685632260,"{""adverse_ticks"": 1.0, ""stop_buffer_ticks"": 1.0, ""tod"": ""1030_1200"", ""gap_points"": -3.75, ""prior_ret"": -28.25, ""trend_1h"": ""BULLISH"", ""trend_4h"": ""BULLISH"", ""confirm_kind"": ""break""}",60,1h,1,0.00293403657067004,weak,NQ,3.75,17.0,TARGET_HIT,10.75,10.55,0.9813953488372094,1.0,True,False,0.4622093023255814,10.75,11:10,ENTERED,14344.0,14365.5,1.0,2023-06-01,True,2023
True,HTF_1H_TREND_FIRST_PULLBACK_5M_BREAK,medium,LONG,14610.0,14609.75,1685974500,14602.5,1685974500,"{""adverse_ticks"": 1.0, ""stop_buffer_ticks"": 1.0, ""tod"": ""0930_1030"", ""gap_points"": -11.25, ""prior_ret"": 36.25, ""trend_1h"": ""BULLISH"", ""trend_4h"": ""BULLISH"", ""confirm_kind"": ""break""}",0,1h,1,0.004282839402122596,medium,NQ,19.5,5.75,STOP_HIT,-7.5,-7.7,-1.0266666666666666,-1.0,False,False,0.4880952380952381,7.5,10:15,ENTERED,14602.5,14617.5,1.0,2023-06-05,False,2023
True,HTF_1H_TREND_FIRST_PULLBACK_5M_BREAK,medium,LONG,14393.5,14393.25,1686233400,14421.5,1686234360,"{""adverse_ticks"": 1.0, ""stop_buffer_ticks"": 1.0, ""tod"": ""0930_1030"", ""gap_points"": 6.25, ""prior_ret"": -260.5, ""trend_1h"": ""BULLISH"", ""trend_4h"": ""BULLISH"", ""confirm_kind"": ""break""}",960,1h,2,0.002352777148434182,weak,NQ,4.75,30.0,TARGET_HIT,28.0,27.8,0.9928571428571429,1.0,True,False,0.5296610169491526,28.0,10:10,ENTERED,14365.5,14421.5,1.0,2023-06-08,True,2023
False,HTF_1H_TREND_FIRST_PULLBACK_5M_BREAK,medium,LONG,14634.75,14634.5,1686318600,14678.25,1686320100,"{""adverse_ticks"": 1.0, ""stop_buffer_ticks"": 1.0, ""tod"": ""0930_1030"", ""gap_points"": 62.0, ""prior_ret"": 161.75, ""trend_1h"": ""BULLISH"", ""trend_4h"": ""NEUTRAL"", ""confirm_kind"": ""break""}",1500,1h,2,0.0034477408677964227,weak,NQ,2.25,51.25,TARGET_HIT,43.5,43.3,0.9954022988505746,1.0,True,False,0.5526315789473685,43.5,09:50,ENTERED,14591.25,14678.25,1.0,2023-06-09,True,2023
False,HTF_1H_TREND_FIRST_PULLBACK_5M_BREAK,medium,LONG,14656.75,14656.5,1686587100,14664.0,1686587220,"{""adverse_ticks"": 1.0, ""stop_buffer_ticks"": 1.0, ""tod"": ""1200_1400"", ""gap_points"": 66.25, ""prior_ret"": -5.25, ""trend_1h"": ""BULLISH"", ""trend_4h"": ""NEUTRAL"", ""confirm_kind"": ""break""}",120,1h,1,0.002631489012679067,weak,NQ,1.0,11.5,TARGET_HIT,7.25,7.05,0.9724137931034482,1.0,True,False,0.42788461538461536,7.25,12:25,ENTERED,14649.5,14664.0,1.0,2023-06-12,True,2023
False,HTF_1H_TREND_FIRST_PULLBACK_5M_BREAK,medium,LONG,15164.25,15164.0,1686755400,15196.5,1686756120,"{""adverse_ticks"": 1.0, ""stop_buffer_ticks"": 1.0, ""tod"": ""1030_1200"", ""gap_points"": -1.0, ""prior_ret"": -0.5, ""trend_1h"": ""BULLISH"", ""trend_4h"": ""NEUTRAL"", ""confirm_kind"": ""break""}",720,1h,1,0.002083712315401387,weak,NQ,4.75,33.75,TARGET_HIT,32.25,32.05,0.993798449612403,1.0,True,False,0.5531914893617021,32.25,11:10,ENTERED,15132.0,15196.5,1.0,2023-06-14,True,2023
False,HTF_1H_TREND_FIRST_PULLBACK_5M_BREAK,medium,LONG,15216.5,15216.25,1686837900,15252.75,1686838140,"{""adverse_ticks"": 1.0, ""stop_buffer_ticks"": 1.0, ""tod"": ""0930_1030"", ""gap_points"": -62.25, ""prior_ret"": 107.75, ""trend_1h"": ""BULLISH"", ""trend_4h"": ""NEUTRAL"", ""confirm_kind"": ""break""}",240,1h,1,0.00620542436828786,medium,NQ,7.0,38.75,TARGET_HIT,36.25,36.05,0.9944827586206896,1.0,True,False,0.5168195718654435,36.25,10:05,ENTERED,15180.25,15252.75,1.0,2023-06-15,True,2023
False,HTF_1H_TREND_FIRST_PULLBACK_5M_BREAK,medium,SHORT,15375.25,15375.5,1686924600,15389.25,1686924660,"{""adverse_ticks"": 1.0, ""stop_buffer_ticks"": 1.0, ""tod"": ""0930_1030"", ""gap_points"": 93.5, ""prior_ret"": 236.5, ""trend_1h"": ""BEARISH"", ""trend_4h"": ""BULLISH"", ""confirm_kind"": ""break""}",60,1h,1,-0.002387022392543403,weak,NQ,19.25,3.75,STOP_HIT,-14.0,-14.2,-1.0142857142857142,-1.0,False,False,0.4057971014492754,14.0,10:10,ENTERED,15389.25,15361.25,1.0,2023-06-16,True,2023
True,HTF_1H_TREND_FIRST_PULLBACK_5M_BREAK,medium,SHORT,15127.0,15127.25,1687356000,15087.25,1687356120,"{""adverse_ticks"": 1.0, ""stop_buffer_ticks"": 1.0, ""tod"": ""0930_1030"", ""gap_points"": -51.75, ""prior_ret"": 42.0, ""trend_1h"": ""BEARISH"", ""trend_4h"": ""BEARISH"", ""confirm_kind"": ""break""}",120,1h,2,-0.007853746515822269,medium,NQ,5.75,43.25,TARGET_HIT,39.75,39.55,0.9949685534591194,1.0,True,False,0.45977011494252873,39.75,10:00,ENTERED,15166.75,15087.25,1.0,2023-06-21,True,2023
True,HTF_1H_TREND_FIRST_PULLBACK_5M_BREAK,medium,LONG,15064.75,15064.5,1687445700,15073.75,1687445760,"{""adverse_ticks"": 1.0, ""stop_buffer_ticks"": 1.0, ""tod"": ""1030_1200"", ""gap_points"": -63.75, ""prior_ret"": -156.5, ""trend_1h"": ""BULLISH"", ""trend_4h"": ""BULLISH"", ""confirm_kind"": ""break""}",60,1h,1,0.004160979994008107,medium,NQ,8.25,9.75,TARGET_HIT,9.0,8.8,0.9777777777777779,1.0,True,False,0.5298507462686567,9.0,10:55,ENTERED,15055.75,15073.75,1.0,2023-06-22,False,2023
False,HTF_1H_TREND_FIRST_PULLBACK_5M_BREAK,medium,LONG,15108.0,15107.75,1687544400,15119.25,1687544580,"{""adverse_ticks"": 1.0, ""stop_buffer_ticks"": 1.0, ""tod"": ""1400_1530"", ""gap_points"": -170.0, ""prior_ret"": 232.0, ""trend_1h"": ""BULLISH"", ""trend_4h"": ""NEUTRAL"", ""confirm_kind"": ""break""}",180,1h,2,0.0070404953313027985,medium,NQ,0.0,13.0,TARGET_HIT,11.25,11.05,0.9822222222222223,1.0,True,False,0.43400447427293065,11.25,14:20,ENTERED,15096.75,15119.25,1.0,2023-06-23,True,2023
False,HTF_1H_TREND_FIRST_PULLBACK_5M_BREAK,medium,LONG,15085.25,15085.0,1687787100,15114.75,1687787520,"{""adverse_ticks"": 1.0, ""stop_buffer_ticks"": 1.0, ""tod"": ""0930_1030"", ""gap_points"": -23.5, ""prior_ret"": 16.5, ""trend_1h"": ""BULLISH"", ""trend_4h"": ""NEUTRAL"", ""confirm_kind"": ""break""}",420,1h,1,0.0032480511692984937,weak,NQ,2.75,29.75,TARGET_HIT,29.5,29.3,0.9932203389830508,1.0,True,False,0.5760869565217391,29.5,09:45,ENTERED,15055.75,15114.75,1.0,2023-06-26,True,2023
True,HTF_1H_TREND_FIRST_PULLBACK_5M_BREAK,medium,LONG,14961.75,14961.5,1687874700,14941.0,1687874760,"{""adverse_ticks"": 1.0, ""stop_buffer_ticks"": 1.0, ""tod"": ""0930_1030"", ""gap_points"": 60.5, ""prior_ret"": -179.25, ""trend_1h"": ""BULLISH"", ""trend_4h"": ""BULLISH"", ""confirm_kind"": ""break""}",60,1h,1,0.0027820141111800645,weak,NQ,24.25,0.25,STOP_HIT,-20.75,-20.95,-1.0096385542168675,-1.0,False,False,0.5545023696682464,20.75,10:05,ENTERED,14941.0,14982.5,1.0,2023-06-27,True,2023
True,HTF_1H_TREND_FIRST_PULLBACK_5M_BREAK,medium,LONG,15315.75,15315.5,1688133300,15336.75,1688133960,"{""adverse_ticks"": 1.0, ""stop_buffer_ticks"": 1.0, ""tod"": ""0930_1030"", ""gap_points"": 148.75, ""prior_ret"": -16.0, ""trend_1h"": ""BULLISH"", ""trend_4h"": ""BULLISH"", ""confirm_kind"": ""break""}",660,1h,1,0.00464886251236396,medium,NQ,10.5,22.25,TARGET_HIT,21.0,20.8,0.9904761904761905,1.0,True,False,0.4342105263157895,21.0,09:55,ENTERED,15294.75,15336.75,1.0,2023-06-30,True,2023
False,HTF_1H_TREND_FIRST_PULLBACK_5M_BREAK,medium,LONG,15369.5,15369.25,1688571300,15356.5,1688571360,"{""adverse_ticks"": 1.0, ""stop_buffer_ticks"": 1.0, ""tod"": ""1030_1200"", ""gap_points"": -37.5, ""prior_ret"": 79.0, ""trend_1h"": ""BULLISH"", ""trend_4h"": ""NEUTRAL"", ""confirm_kind"": ""break""}",60,1h,2,0.00809326052123871,strong,NQ,16.25,1.75,STOP_HIT,-13.0,-13.2,-1.0153846153846153,-1.0,False,False,0.4620938628158845,13.0,11:35,ENTERED,15356.5,15382.5,1.0,2023-07-05,False,2023
True,HTF_1H_TREND_FIRST_PULLBACK_5M_BREAK,medium,SHORT,15128.0,15128.25,1688652300,15158.75,1688653740,"{""adverse_ticks"": 1.0, ""stop_buffer_ticks"": 1.0, ""tod"": ""0930_1030"", ""gap_points"": -163.75, ""prior_ret"": 66.25, ""trend_1h"": ""BEARISH"", ""trend_4h"": ""BEARISH"", ""confirm_kind"": ""break""}",1440,1h,2,-0.00928104575163402,strong,NQ,36.75,16.75,STOP_HIT,-30.75,-30.95,-1.0065040650406505,-1.0,False,False,0.4307116104868914,30.75,10:05,ENTERED,15158.75,15097.25,1.0,2023-07-06,True,2023
False,HTF_1H_TREND_FIRST_PULLBACK_5M_BREAK,medium,SHORT,15071.75,15072.0,1689005400,15118.75,1689007080,"{""adverse_ticks"": 1.0, ""stop_buffer_ticks"": 1.0, ""tod"": ""1200_1400"", ""gap_points"": -14.75, ""prior_ret"": -37.25, ""trend_1h"": ""BEARISH"", ""trend_4h"": ""NEUTRAL"", ""confirm_kind"": ""break""}",1680,1h,1,-0.003920793384073029,weak,NQ,53.5,8.75,STOP_HIT,-47.0,-47.2,-1.0042553191489363,-1.0,False,False,0.47229551451187335,47.0,12:10,ENTERED,15118.75,15024.75,1.0,2023-07-10,True,2023
False,HTF_1H_TREND_FIRST_PULLBACK_5M_BREAK,medium,SHORT,15133.0,15133.25,1689084300,15168.5,1689085620,"{""adverse_ticks"": 1.0, ""stop_buffer_ticks"": 1.0, ""tod"": ""0930_1030"", ""gap_points"": 12.0, ""prior_ret"": 21.5, ""trend_1h"": ""BEARISH"", ""trend_4h"": ""NEUTRAL"", ""confirm_kind"": ""break""}",1320,1h,1,-0.003629734257464823,weak,NQ,41.5,23.75,STOP_HIT,-35.5,-35.7,-1.0056338028169014,-1.0,False,False,0.44214876033057854,35.5,10:05,ENTERED,15168.5,15097.5,1.0,2023-07-11,True,2023
True,HTF_1H_TREND_FIRST_PULLBACK_5M_BREAK,medium,LONG,15466.25,15466.0,1689170700,15483.25,1689170940,"{""adverse_ticks"": 1.0, ""stop_buffer_ticks"": 1.0, ""tod"": ""0930_1030"", ""gap_points"": 171.75, ""prior_ret"": 56.5, ""trend_1h"": ""BULLISH"", ""trend_4h"": ""BULLISH"", ""confirm_kind"": ""break""}",240,1h,2,0.010918065475703953,strong,NQ,11.25,22.25,TARGET_HIT,17.0,16.8,0.9882352941176471,1.0,True,False,0.5157232704402516,17.0,10:05,ENTERED,15449.25,15483.25,1.0,2023-07-12,True,2023
True,HTF_1H_TREND_FIRST_PULLBACK_5M_BREAK,medium,LONG,15833.25,15833.0,1689344100,15769.75,1689345960,"{""adverse_ticks"": 1.0, ""stop_buffer_ticks"": 1.0, ""tod"": ""0930_1030"", ""gap_points"": 16.0, ""prior_ret"": 129.75, ""trend_1h"": ""BULLISH"", ""trend_4h"": ""BULLISH"", ""confirm_kind"": ""break""}",1860,1h,1,0.007393008508333132,medium,NQ,64.5,24.25,STOP_HIT,-63.5,-63.7,-1.0031496062992127,-1.0,False,False,0.5175879396984925,63.5,10:15,ENTERED,15769.75,15896.75,1.0,2023-07-14,True,2023
True,HTF_1H_TREND_FIRST_PULLBACK_5M_BREAK,medium,LONG,15752.5,15752.25,1689604800,15743.75,1689604860,"{""adverse_ticks"": 1.0, ""stop_buffer_ticks"": 1.0, ""tod"": ""1030_1200"", ""gap_points"": 26.75, ""prior_ret"": -19.0, ""trend_1h"": ""BULLISH"", ""trend_4h"": ""BULLISH"", ""confirm_kind"": ""break""}",60,1h,1,0.003266619924788161,weak,NQ,12.0,0.25,STOP_HIT,-8.75,-8.95,-1.0228571428571427,-1.0,False,False,0.5797101449275363,8.75,10:40,ENTERED,15743.75,15761.25,1.0,2023-07-17,True,2023
False,HTF_1H_TREND_FIRST_PULLBACK_5M_BREAK,medium,SHORT,15773.75,15774.0,1689689400,15787.75,1689689880,"{""adverse_ticks"": 1.0, ""stop_buffer_ticks"": 1.0, ""tod"": ""0930_1030"", ""gap_points"": -29.0, ""prior_ret"": 114.5, ""trend_1h"": ""BEARISH"", ""trend_4h"": ""NEUTRAL"", ""confirm_kind"": ""break""}",480,1h,1,-0.0032532137329838173,weak,NQ,16.75,6.5,STOP_HIT,-14.0,-14.2,-1.0142857142857142,-1.0,False,False,0.5805471124620061,14.0,10:10,ENTERED,15787.75,15759.75,1.0,2023-07-18,False,2023
False,HTF_1H_TREND_FIRST_PULLBACK_5M_BREAK,medium,SHORT,15956.0,15956.25,1689786300,15932.5,1689786480,"{""adverse_ticks"": 1.0, ""stop_buffer_ticks"": 1.0, ""tod"": ""1200_1400"", ""gap_points"": 39.75, ""prior_ret"": 157.75, ""trend_1h"": ""BEARISH"", ""trend_4h"": ""BULLISH"", ""confirm_kind"": ""break""}",180,1h,1,-0.0021861678039943877,weak,NQ,0.0,26.75,TARGET_HIT,23.5,23.3,0.9914893617021276,1.0,True,False,0.47692307692307695,23.5,13:05,ENTERED,15979.5,15932.5,1.0,2023-07-19,True,2023
False,HTF_1H_TREND_FIRST_PULLBACK_5M_BREAK,medium,SHORT,15754.25,15754.5,1689866100,15742.75,1689866220,"{""adverse_ticks"": 1.0, ""stop_buffer_ticks"": 1.0, ""tod"": ""1030_1200"", ""gap_points"": -123.25, ""prior_ret"": -55.75, ""trend_1h"": ""BEARISH"", ""trend_4h"": ""NEUTRAL"", ""confirm_kind"": ""break""}",120,1h,1,-0.008417534954838546,strong,NQ,2.25,17.75,TARGET_HIT,11.5,11.3,0.982608695652174,1.0,True,False,0.44609665427509293,11.5,11:15,ENTERED,15765.75,15742.75,1.0,2023-07-20,True,2023
False,HTF_1H_TREND_FIRST_PULLBACK_5M_BREAK,medium,SHORT,15604.75,15605.0,1689952800,15639.25,1689953520,"{""adverse_ticks"": 1.0, ""stop_buffer_ticks"": 1.0, ""tod"": ""1030_1200"", ""gap_points"": 100.25, ""prior_ret"": -245.75, ""trend_1h"": ""BEARISH"", ""trend_4h"": ""BULLISH"", ""confirm_kind"": ""break""}",720,1h,1,-0.005711004051941471,medium,NQ,37.5,1.5,STOP_HIT,-34.5,-34.7,-1.0057971014492755,-1.0,False,False,0.4129263913824057,34.5,11:20,ENTERED,15639.25,15570.25,1.0,2023-07-21,True,2023
True,HTF_1H_TREND_FIRST_PULLBACK_5M_BREAK,medium,LONG,15654.0,15653.75,1690293900,15637.0,1690293960,"{""adverse_ticks"": 1.0, ""stop_buffer_ticks"": 1.0, ""tod"": ""0930_1030"", ""gap_points"": 25.25, ""prior_ret"": -14.75, ""trend_1h"": ""BULLISH"", ""trend_4h"": ""BULLISH"", ""confirm_kind"": ""break""}",60,1h,1,0.002720783585672626,weak,NQ,18.25,5.0,STOP_HIT,-17.0,-17.2,-1.011764705882353,-1.0,False,False,0.4024767801857585,17.0,10:05,ENTERED,15637.0,15671.0,1.0,2023-07-25,True,2023
False,HTF_1H_TREND_FIRST_PULLBACK_5M_BREAK,medium,SHORT,15537.5,15537.75,1690383900,15567.5,1690385820,"{""adverse_ticks"": 1.0, ""stop_buffer_ticks"": 1.0, ""tod"": ""1030_1200"", ""gap_points"": -49.75, ""prior_ret"": 79.75, ""trend_1h"": ""BEARISH"", ""trend_4h"": ""NEUTRAL"", ""confirm_kind"": ""break""}",1920,1h,1,-0.005774983602885864,medium,NQ,30.0,11.75,STOP_HIT,-30.0,-30.2,-1.0066666666666666,-1.0,False,False,0.4051724137931034,30.0,11:05,ENTERED,15567.5,15507.5,1.0,2023-07-26,True,2023
True,HTF_1H_TREND_FIRST_PULLBACK_5M_BREAK,medium,LONG,15816.5,15816.25,1690552500,15859.25,1690557600,"{""adverse_ticks"": 1.0, ""stop_buffer_ticks"": 1.0, ""tod"": ""0930_1030"", ""gap_points"": 171.75, ""prior_ret"": -268.75, ""trend_1h"": ""BULLISH"", ""trend_4h"": ""BULLISH"", ""confirm_kind"": ""break""}",5100,1h,6,0.004706745803816359,medium,NQ,34.0,49.0,TARGET_HIT,42.75,42.55,0.9953216374269005,1.0,True,False,0.4548872180451128,42.75,09:55,ENTERED,15773.75,15859.25,1.0,2023-07-28,True,2023
True,HTF_1H_TREND_FIRST_PULLBACK_5M_BREAK,medium,SHORT,15530.25,15530.5,1690985700,15458.75,1690991700,"{""adverse_ticks"": 1.0, ""stop_buffer_ticks"": 1.0, ""tod"": ""0930_1030"", ""gap_points"": -149.25, ""prior_ret"": 20.25, ""trend_1h"": ""BEARISH"", ""trend_4h"": ""BEARISH"", ""confirm_kind"": ""break""}",6000,1h,1,-0.002605207217862504,weak,NQ,37.25,75.5,TARGET_HIT,71.5,71.3,0.9972027972027971,1.0,True,False,0.4358974358974359,71.5,10:15,ENTERED,15601.75,15458.75,1.0,2023-08-02,True,2023
False,HTF_1H_TREND_FIRST_PULLBACK_5M_BREAK,medium,LONG,15441.5,15441.25,1691090700,15451.5,1691092500,"{""adverse_ticks"": 1.0, ""stop_buffer_ticks"": 1.0, ""tod"": ""1400_1530"", ""gap_points"": -110.25, ""prior_ret"": -199.25, ""trend_1h"": ""BULLISH"", ""trend_4h"": ""NEUTRAL"", ""confirm_kind"": ""break""}",1800,1h,1,0.003241438550428688,weak,NQ,13.5,18.0,TIME_EXIT,10.0,9.8,0.369811320754717,0.37735849056603776,False,False,0.48338368580060426,26.5,15:25,ENTERED,15415.0,15468.0,1.0,2023-08-03,True,2023
True,HTF_1H_TREND_FIRST_PULLBACK_5M_BREAK,medium,SHORT,15423.5,15423.75,1691157900,15477.5,1691159100,"{""adverse_ticks"": 1.0, ""stop_buffer_ticks"": 1.0, ""tod"": ""0930_1030"", ""gap_points"": 81.25, ""prior_ret"": 72.25, ""trend_1h"": ""BEARISH"", ""trend_4h"": ""BEARISH"", ""confirm_kind"": ""break""}",1200,1h,1,-0.004927536231884022,medium,NQ,56.75,31.0,STOP_HIT,-54.0,-54.2,-1.0037037037037038,-1.0,False,False,0.5209790209790209,54.0,10:05,ENTERED,15477.5,15369.5,1.0,2023-08-04,True,2023
True,HTF_1H_TREND_FIRST_PULLBACK_5M_BREAK,medium,SHORT,15290.5,15290.75,1691502900,15250.25,1691504220,"{""adverse_ticks"": 1.0, ""stop_buffer_ticks"": 1.0, ""tod"": ""0930_1030"", ""gap_points"": -107.5, ""prior_ret"": 53.0, ""trend_1h"": ""BEARISH"", ""trend_4h"": ""BEARISH"", ""confirm_kind"": ""break""}",1320,1h,2,-0.003693444136657398,weak,NQ,17.0,46.0,TARGET_HIT,40.25,40.05,0.995031055900621,1.0,True,False,0.49081364829396323,40.25,09:55,ENTERED,15330.75,15250.25,1.0,2023-08-08,True,2023
False,HTF_1H_TREND_FIRST_PULLBACK_5M_BREAK,medium,SHORT,15277.25,15277.5,1691589300,15230.75,1691592840,"{""adverse_ticks"": 1.0, ""stop_buffer_ticks"": 1.0, ""tod"": ""0930_1030"", ""gap_points"": 10.75, ""prior_ret"": -28.75, ""trend_1h"": ""BEARISH"", ""trend_4h"": ""BULLISH"", ""confirm_kind"": ""break""}",3540,1h,1,-0.0032582266169557395,weak,NQ,24.75,52.0,TARGET_HIT,46.5,46.3,0.9956989247311827,1.0,True,False,0.5297805642633229,46.5,09:55,ENTERED,15323.75,15230.75,1.0,2023-08-09,True,2023
False,HTF_1H_TREND_FIRST_PULLBACK_5M_BREAK,medium,LONG,15188.75,15188.5,1692030900,15205.5,1692031500,"{""adverse_ticks"": 1.0, ""stop_buffer_ticks"": 1.0, ""tod"": ""1200_1400"", ""gap_points"": -32.75, ""prior_ret"": 9.25, ""trend_1h"": ""BULLISH"", ""trend_4h"": ""NEUTRAL"", ""confirm_kind"": ""break""}",600,1h,2,0.0054527428949107115,medium,NQ,9.25,19.0,TARGET_HIT,16.75,16.55,0.9880597014925373,1.0,True,False,0.42141863699582754,16.75,12:35,ENTERED,15172.0,15205.5,1.0,2023-08-14,True,2023
True,HTF_1H_TREND_FIRST_PULLBACK_5M_BREAK,medium,SHORT,15135.75,15136.0,1692111600,15161.5,1692111780,"{""adverse_ticks"": 1.0, ""stop_buffer_ticks"": 1.0, ""tod"": ""1030_1200"", ""gap_points"": -47.5, ""prior_ret"": 204.25, ""trend_1h"": ""BEARISH"", ""trend_4h"": ""BEARISH"", ""confirm_kind"": ""break""}",180,1h,8,-0.00324343903322466,weak,NQ,29.0,0.75,STOP_HIT,-25.75,-25.95,-1.007766990291262,-1.0,False,False,0.4574468085106383,25.75,11:00,ENTERED,15161.5,15110.0,1.0,2023-08-15,True,2023
False,HTF_1H_TREND_FIRST_PULLBACK_5M_BREAK,medium,SHORT,15038.25,15038.5,1692202200,15018.25,1692202320,"{""adverse_ticks"": 1.0, ""stop_buffer_ticks"": 1.0, ""tod"": ""1200_1400"", ""gap_points"": -25.5, ""prior_ret"": -119.75, ""trend_1h"": ""BEARISH"", ""trend_4h"": ""NEUTRAL"", ""confirm_kind"": ""break""}",120,1h,1,-0.00435135090418759,medium,NQ,1.0,22.75,TARGET_HIT,20.0,19.8,0.99,1.0,True,False,0.5297297297297298,20.0,12:10,ENTERED,15058.25,15018.25,1.0,2023-08-16,True,2023
False,HTF_1H_TREND_FIRST_PULLBACK_5M_BREAK,medium,SHORT,14922.5,14922.75,1692281400,14901.0,1692281520,"{""adverse_ticks"": 1.0, ""stop_buffer_ticks"": 1.0, ""tod"": ""0930_1030"", ""gap_points"": 55.25, ""prior_ret"": -140.75, ""trend_1h"": ""BEARISH"", ""trend_4h"": ""NEUTRAL"", ""confirm_kind"": ""break""}",120,1h,1,-0.003055193829510139,weak,NQ,2.75,27.75,TARGET_HIT,21.5,21.3,0.9906976744186047,1.0,True,False,0.4,21.5,10:10,ENTERED,14944.0,14901.0,1.0,2023-08-17,True,2023
False,HTF_1H_TREND_FIRST_PULLBACK_5M_BREAK,medium,LONG,14709.25,14709.0,1692378600,14702.0,1692378600,"{""adverse_ticks"": 1.0, ""stop_buffer_ticks"": 1.0, ""tod"": ""1200_1400"", ""gap_points"": -140.0, ""prior_ret"": -222.0, ""trend_1h"": ""BULLISH"", ""trend_4h"": ""BEARISH"", ""confirm_kind"": ""break""}",0,1h,2,0.004437162946276274,medium,NQ,13.25,1.0,STOP_HIT,-7.25,-7.45,-1.0275862068965518,-1.0,False,False,0.4105263157894737,7.25,13:10,ENTERED,14702.0,14716.5,1.0,2023-08-18,True,2023
True,HTF_1H_TREND_FIRST_PULLBACK_5M_BREAK,medium,LONG,14916.0,14915.75,1692626700,14871.0,1692627720,"{""adverse_ticks"": 1.0, ""stop_buffer_ticks"": 1.0, ""tod"": ""0930_1030"", ""gap_points"": 58.5, ""prior_ret"": 118.0, ""trend_1h"": ""BULLISH"", ""trend_4h"": ""BULLISH"", ""confirm_kind"": ""break""}",1020,1h,1,0.00502055394568357,medium,NQ,46.25,16.75,STOP_HIT,-45.0,-45.2,-1.0044444444444445,-1.0,False,False,0.4033412887828162,45.0,10:05,ENTERED,14871.0,14961.0,1.0,2023-08-21,True,2023
False,HTF_1H_TREND_FIRST_PULLBACK_5M_BREAK,medium,SHORT,15016.75,15017.0,1692714300,14976.25,1692714780,"{""adverse_ticks"": 1.0, ""stop_buffer_ticks"": 1.0, ""tod"": ""0930_1030"", ""gap_points"": 104.5, ""prior_ret"": 178.25, ""trend_1h"": ""BEARISH"", ""trend_4h"": ""BULLISH"", ""confirm_kind"": ""break""}",480,1h,1,-0.004164523568548684,medium,NQ,13.5,41.25,TARGET_HIT,40.5,40.3,0.9950617283950617,1.0,True,False,0.4026666666666667,40.5,10:25,ENTERED,15057.25,14976.25,1.0,2023-08-22,True,2023
True,HTF_1H_TREND_FIRST_PULLBACK_5M_BREAK,medium,LONG,15094.75,15094.5,1692799500,15132.75,1692800520,"{""adverse_ticks"": 1.0, ""stop_buffer_ticks"": 1.0, ""tod"": ""0930_1030"", ""gap_points"": 49.0, ""prior_ret"": -131.25, ""trend_1h"": ""BULLISH"", ""trend_4h"": ""BULLISH"", ""confirm_kind"": ""break""}",1020,1h,1,0.0026071505670968165,weak,NQ,11.75,41.5,TARGET_HIT,38.0,37.8,0.994736842105263,1.0,True,False,0.5026041666666666,38.0,10:05,ENTERED,15056.75,15132.75,1.0,2023-08-23,True,2023
True,HTF_1H_TREND_FIRST_PULLBACK_5M_BREAK,medium,LONG,14952.25,14952.0,1692972300,14914.0,1692972360,"{""adverse_ticks"": 1.0, ""stop_buffer_ticks"": 1.0, ""tod"": ""0930_1030"", ""gap_points"": 38.0, ""prior_ret"": -476.25, ""trend_1h"": ""BULLISH"", ""trend_4h"": ""BULLISH"", ""confirm_kind"": ""break""}",60,1h,1,0.006209403291488558,medium,NQ,45.5,4.0,STOP_HIT,-38.25,-38.45,-1.0052287581699346,-1.0,False,False,0.5324675324675324,38.25,10:05,ENTERED,14914.0,14990.5,1.0,2023-08-25,True,2023
True,HTF_1H_TREND_FIRST_PULLBACK_5M_BREAK,medium,LONG,15231.0,15230.75,1693318200,15307.25,1693319400,"{""adverse_ticks"": 1.0, ""stop_buffer_ticks"": 1.0, ""tod"": ""0930_1030"", ""gap_points"": -13.5, ""prior_ret"": -7.25, ""trend_1h"": ""BULLISH"", ""trend_4h"": ""BULLISH"", ""confirm_kind"": ""break""}",1200,1h,1,0.0031106257652471214,weak,NQ,11.75,77.75,TARGET_HIT,76.25,76.05,0.9973770491803279,1.0,True,False,0.49434571890145396,76.25,10:10,ENTERED,15154.75,15307.25,1.0,2023-08-29,True,2023
False,HTF_1H_TREND_FIRST_PULLBACK_5M_BREAK,medium,LONG,15473.75,15473.5,1693404300,15495.5,1693404720,"{""adverse_ticks"": 1.0, ""stop_buffer_ticks"": 1.0, ""tod"": ""0930_1030"", ""gap_points"": 2.75, ""prior_ret"": 336.75, ""trend_1h"": ""BULLISH"", ""trend_4h"": ""NEUTRAL"", ""confirm_kind"": ""break""}",420,1h,2,0.0059354419058459396,medium,NQ,2.0,32.0,TARGET_HIT,21.75,21.55,0.9908045977011495,1.0,True,False,0.4074074074074074,21.75,10:05,ENTERED,15452.0,15495.5,1.0,2023-08-30,True,2023
True,HTF_1H_TREND_FIRST_PULLBACK_5M_BREAK,medium,LONG,15581.75,15581.5,1693491300,15536.5,1693498860,"{""adverse_ticks"": 1.0, ""stop_buffer_ticks"": 1.0, ""tod"": ""0930_1030"", ""gap_points"": -9.75, ""prior_ret"": 85.75, ""trend_1h"": ""BULLISH"", ""trend_4h"": ""BULLISH"", ""confirm_kind"": ""break""}",7560,1h,1,0.006449318699791595,medium,NQ,50.75,25.25,STOP_HIT,-45.25,-45.45,-1.0044198895027625,-1.0,False,False,0.46865671641791046,45.25,10:15,ENTERED,15536.5,15627.0,1.0,2023-08-31,True,2023
False,HTF_1H_TREND_FIRST_PULLBACK_5M_BREAK,medium,LONG,15557.75,15557.5,1693926300,15515.75,1693928220,"{""adverse_ticks"": 1.0, ""stop_buffer_ticks"": 1.0, ""tod"": ""1030_1200"", ""gap_points"": -38.25, ""prior_ret"": -113.0, ""trend_1h"": ""BULLISH"", ""trend_4h"": ""BEARISH"", ""confirm_kind"": ""break""}",1920,1h,1,0.0029081039162466293,weak,NQ,49.0,19.5,STOP_HIT,-42.0,-42.2,-1.0047619047619047,-1.0,False,False,0.41452991452991456,42.0,11:05,ENTERED,15515.75,15599.75,1.0,2023-09-05,True,2023
False,HTF_1H_TREND_FIRST_PULLBACK_5M_BREAK,medium,LONG,15263.5,15263.25,1694107200,15294.0,1694112960,"{""adverse_ticks"": 1.0, ""stop_buffer_ticks"": 1.0, ""tod"": ""1200_1400"", ""gap_points"": -197.5, ""prior_ret"": -101.5, ""trend_1h"": ""BULLISH"", ""trend_4h"": ""BEARISH"", ""confirm_kind"": ""break""}",5760,1h,1,0.002615045557711859,weak,NQ,17.25,33.75,TARGET_HIT,30.5,30.3,0.9934426229508196,1.0,True,False,0.5572755417956656,30.5,13:20,ENTERED,15233.0,15294.0,1.0,2023-09-07,True,2023
True,HTF_1H_TREND_FIRST_PULLBACK_5M_BREAK,medium,LONG,15358.0,15357.75,1694181900,15313.75,1694185080,"{""adverse_ticks"": 1.0, ""stop_buffer_ticks"": 1.0, ""tod"": ""0930_1030"", ""gap_points"": -3.75, ""prior_ret"": 76.25, ""trend_1h"": ""BULLISH"", ""trend_4h"": ""BULLISH"", ""confirm_kind"": ""break""}",3180,1h,1,0.006449177852899668,medium,NQ,44.75,33.0,STOP_HIT,-44.25,-44.45,-1.0045197740112994,-1.0,False,False,0.5848101265822785,44.25,10:05,ENTERED,15313.75,15402.25,1.0,2023-09-08,True,2023
False,HTF_1H_TREND_FIRST_PULLBACK_5M_BREAK,medium,SHORT,15555.5,15555.75,1694444700,15582.5,1694445840,"{""adverse_ticks"": 1.0, ""stop_buffer_ticks"": 1.0, ""tod"": ""1030_1200"", ""gap_points"": 323.5, ""prior_ret"": 22.25, ""trend_1h"": ""BEARISH"", ""trend_4h"": ""BULLISH"", ""confirm_kind"": ""break""}",1140,1h,1,-0.0020528282520487773,weak,NQ,30.75,8.5,STOP_HIT,-27.0,-27.2,-1.0074074074074073,-1.0,False,False,0.5521472392638037,27.0,11:05,ENTERED,15582.5,15528.5,1.0,2023-09-11,True,2023
False,HTF_1H_TREND_FIRST_PULLBACK_5M_BREAK,medium,SHORT,15531.75,15532.0,1694531700,15565.75,1694533980,"{""adverse_ticks"": 1.0, ""stop_buffer_ticks"": 1.0, ""tod"": ""1030_1200"", ""gap_points"": -73.5, ""prior_ret"": 55.25, ""trend_1h"": ""BEARISH"", ""trend_4h"": ""NEUTRAL"", ""confirm_kind"": ""break""}",2280,1h,1,-0.006709693910153969,medium,NQ,34.5,9.5,STOP_HIT,-34.0,-34.2,-1.0058823529411764,-1.0,False,False,0.5424836601307189,34.0,11:15,ENTERED,15565.75,15497.75,1.0,2023-09-12,True,2023
True,HTF_1H_TREND_FIRST_PULLBACK_5M_BREAK,medium,LONG,15555.5,15555.25,1694616300,15582.0,1694617440,"{""adverse_ticks"": 1.0, ""stop_buffer_ticks"": 1.0, ""tod"": ""1030_1200"", ""gap_points"": 6.0, ""prior_ret"": -102.75, ""trend_1h"": ""BULLISH"", ""trend_4h"": ""BULLISH"", ""confirm_kind"": ""break""}",1140,1h,1,0.003793136843464495,weak,NQ,14.75,28.25,TARGET_HIT,26.5,26.3,0.9924528301886792,1.0,True,False,0.5584415584415584,26.5,10:45,ENTERED,15529.0,15582.0,1.0,2023-09-13,True,2023
False,HTF_1H_TREND_FIRST_PULLBACK_5M_BREAK,medium,SHORT,15528.5,15528.75,1694785800,15484.5,1694786940,"{""adverse_ticks"": 1.0, ""stop_buffer_ticks"": 1.0, ""tod"": ""0930_1030"", ""gap_points"": -62.0, ""prior_ret"": 52.5, ""trend_1h"": ""BEARISH"", ""trend_4h"": ""NEUTRAL"", ""confirm_kind"": ""break""}",1140,1h,1,-0.002155860747365068,weak,NQ,7.0,47.0,TARGET_HIT,44.0,43.8,0.9954545454545454,1.0,True,False,0.5677966101694916,44.0,09:50,ENTERED,15572.5,15484.5,1.0,2023-09-15,True,2023
True,HTF_1H_TREND_FIRST_PULLBACK_5M_BREAK,medium,SHORT,15277.25,15277.5,1695132300,15329.25,1695143880,"{""adverse_ticks"": 1.0, ""stop_buffer_ticks"": 1.0, ""tod"": ""0930_1030"", ""gap_points"": -58.25, ""prior_ret"": 57.5, ""trend_1h"": ""BEARISH"", ""trend_4h"": ""BEARISH"", ""confirm_kind"": ""break""}",11580,1h,2,-0.008680021376172076,strong,NQ,58.0,29.0,STOP_HIT,-52.0,-52.2,-1.0038461538461538,-1.0,False,False,0.4975845410628019,52.0,10:05,ENTERED,15329.25,15225.25,1.0,2023-09-19,True,2023
True,HTF_1H_TREND_FIRST_PULLBACK_5M_BREAK,medium,SHORT,14959.25,14959.5,1695310500,14965.25,1695310500,"{""adverse_ticks"": 1.0, ""stop_buffer_ticks"": 1.0, ""tod"": ""1030_1200"", ""gap_points"": -164.25, ""prior_ret"": -267.0, ""trend_1h"": ""BEARISH"", ""trend_4h"": ""BEARISH"", ""confirm_kind"": ""break""}",0,1h,7,-0.004474533417612059,medium,NQ,10.5,0.25,STOP_HIT,-6.0,-6.2,-1.0333333333333334,-1.0,False,False,0.4166666666666667,6.0,11:35,ENTERED,14965.25,14953.25,1.0,2023-09-21,True,2023
True,HTF_1H_TREND_FIRST_PULLBACK_5M_BREAK,medium,LONG,14990.75,14990.5,1695396000,14998.0,1695396120,"{""adverse_ticks"": 1.0, ""stop_buffer_ticks"": 1.0, ""tod"": ""1030_1200"", ""gap_points"": 75.75, ""prior_ret"": -126.25, ""trend_1h"": ""BULLISH"", ""trend_4h"": ""BULLISH"", ""confirm_kind"": ""break""}",120,1h,1,0.00556058017619665,medium,NQ,2.5,9.25,TARGET_HIT,7.25,7.05,0.9724137931034482,1.0,True,False,0.4200626959247649,7.25,11:20,ENTERED,14983.5,14998.0,1.0,2023-09-22,True,2023
False,HTF_1H_TREND_FIRST_PULLBACK_5M_BREAK,medium,LONG,14878.5,14878.25,1695661500,14892.75,1695661560,"{""adverse_ticks"": 1.0, ""stop_buffer_ticks"": 1.0, ""tod"": ""1200_1400"", ""gap_points"": -42.25, ""prior_ret"": -70.75, ""trend_1h"": ""BULLISH"", ""trend_4h"": ""NEUTRAL"", ""confirm_kind"": ""break""}",60,1h,2,0.00414951757641191,medium,NQ,1.0,19.25,TARGET_HIT,14.25,14.05,0.9859649122807018,1.0,True,False,0.4004474272930649,14.25,13:05,ENTERED,14864.25,14892.75,1.0,2023-09-25,True,2023
True,HTF_1H_TREND_FIRST_PULLBACK_5M_BREAK,medium,SHORT,14770.25,14770.5,1695737400,14753.5,1695737580,"{""adverse_ticks"": 1.0, ""stop_buffer_ticks"": 1.0, ""tod"": ""0930_1030"", ""gap_points"": -111.75, ""prior_ret"": 112.25, ""trend_1h"": ""BEARISH"", ""trend_4h"": ""BEARISH"", ""confirm_kind"": ""break""}",180,1h,1,-0.004464661780810397,medium,NQ,5.75,18.75,TARGET_HIT,16.75,16.55,0.9880597014925373,1.0,True,False,0.4069767441860465,16.75,10:10,ENTERED,14787.0,14753.5,1.0,2023-09-26,True,2023
False,HTF_1H_TREND_FIRST_PULLBACK_5M_BREAK,medium,SHORT,14683.0,14683.25,1695829800,14648.0,1695831240,"{""adverse_ticks"": 1.0, ""stop_buffer_ticks"": 1.0, ""tod"": ""1030_1200"", ""gap_points"": 44.25, ""prior_ret"": -116.25, ""trend_1h"": ""BEARISH"", ""trend_4h"": ""NEUTRAL"", ""confirm_kind"": ""break""}",1440,1h,1,-0.005164239756180189,medium,NQ,10.0,35.25,TARGET_HIT,35.0,34.8,0.9942857142857142,1.0,True,False,0.5035211267605634,35.0,11:50,ENTERED,14718.0,14648.0,1.0,2023-09-27,True,2023
False,HTF_1H_TREND_FIRST_PULLBACK_5M_BREAK,medium,LONG,14827.0,14826.75,1695915000,14885.25,1695916080,"{""adverse_ticks"": 1.0, ""stop_buffer_ticks"": 1.0, ""tod"": ""1030_1200"", ""gap_points"": -48.75, ""prior_ret"": -9.25, ""trend_1h"": ""BULLISH"", ""trend_4h"": ""BEARISH"", ""confirm_kind"": ""break""}",1080,1h,1,0.0034112895013747035,weak,NQ,1.75,58.5,TARGET_HIT,58.25,58.05,0.9965665236051502,1.0,True,False,0.4008097165991903,58.25,11:30,ENTERED,14768.75,14885.25,1.0,2023-09-28,True,2023
False,HTF_1H_TREND_FIRST_PULLBACK_5M_BREAK,medium,LONG,14964.75,14964.5,1696259100,15007.25,1696259760,"{""adverse_ticks"": 1.0, ""stop_buffer_ticks"": 1.0, ""tod"": ""1030_1200"", ""gap_points"": 5.5, ""prior_ret"": -133.25, ""trend_1h"": ""BULLISH"", ""trend_4h"": ""BEARISH"", ""confirm_kind"": ""break""}",660,1h,1,0.00282059030925752,weak,NQ,20.5,42.75,TARGET_HIT,42.5,42.3,0.9952941176470588,1.0,True,False,0.5886075949367089,42.5,11:05,ENTERED,14922.25,15007.25,1.0,2023-10-02,True,2023
True,HTF_1H_TREND_FIRST_PULLBACK_5M_BREAK,medium,SHORT,14755.5,14755.75,1696353000,14725.75,1696353600,"{""adverse_ticks"": 1.0, ""stop_buffer_ticks"": 1.0, ""tod"": ""1200_1400"", ""gap_points"": -107.75, ""prior_ret"": 114.25, ""trend_1h"": ""BEARISH"", ""trend_4h"": ""BEARISH"", ""confirm_kind"": ""break""}",600,1h,3,-0.006109773955194964,medium,NQ,2.5,31.0,TARGET_HIT,29.75,29.55,0.9932773109243698,1.0,True,False,0.43888070692194403,29.75,13:10,ENTERED,14785.25,14725.75,1.0,2023-10-03,True,2023
False,HTF_1H_TREND_FIRST_PULLBACK_5M_BREAK,medium,LONG,14818.25,14818.0,1696427400,14791.75,1696427460,"{""adverse_ticks"": 1.0, ""stop_buffer_ticks"": 1.0, ""tod"": ""0930_1030"", ""gap_points"": 33.5, ""prior_ret"": -160.75, ""trend_1h"": ""BULLISH"", ""trend_4h"": ""NEUTRAL"", ""confirm_kind"": ""break""}",60,1h,4,0.006968344294135731,medium,NQ,31.5,4.75,STOP_HIT,-26.5,-26.7,-1.0075471698113208,-1.0,False,False,0.5214723926380368,26.5,09:50,ENTERED,14791.75,14844.75,1.0,2023-10-04,True,2023
True,HTF_1H_TREND_FIRST_PULLBACK_5M_BREAK,medium,SHORT,14773.5,14773.75,1696515000,14837.25,1696527360,"{""adverse_ticks"": 1.0, ""stop_buffer_ticks"": 1.0, ""tod"": ""0930_1030"", ""gap_points"": -10.75, ""prior_ret"": 166.75, ""trend_1h"": ""BEARISH"", ""trend_4h"": ""BEARISH"", ""confirm_kind"": ""break""}",12360,1h,1,-0.002437302494453064,weak,NQ,70.75,57.5,STOP_HIT,-63.75,-63.95,-1.0031372549019608,-1.0,False,False,0.41700404858299595,63.75,10:10,ENTERED,14837.25,14709.75,1.0,2023-10-05,True,2023
False,HTF_1H_TREND_FIRST_PULLBACK_5M_BREAK,medium,LONG,15280.5,15280.25,1696958700,15306.0,1696963680,"{""adverse_ticks"": 1.0, ""stop_buffer_ticks"": 1.0, ""tod"": ""1200_1400"", ""gap_points"": 10.25, ""prior_ret"": 178.5, ""trend_1h"": ""BULLISH"", ""trend_4h"": ""NEUTRAL"", ""confirm_kind"": ""break""}",4980,1h,3,0.010825039072139608,strong,NQ,15.25,32.5,TARGET_HIT,25.5,25.3,0.9921568627450981,1.0,True,False,0.4452054794520548,25.5,13:25,ENTERED,15255.0,15306.0,1.0,2023-10-10,False,2023
True,HTF_1H_TREND_FIRST_PULLBACK_5M_BREAK,medium,LONG,15359.5,15359.25,1697036700,15369.0,1697036700,"{""adverse_ticks"": 1.0, ""stop_buffer_ticks"": 1.0, ""tod"": ""1030_1200"", ""gap_points"": 55.0, ""prior_ret"": 69.25, ""trend_1h"": ""BULLISH"", ""trend_4h"": ""BULLISH"", ""confirm_kind"": ""break""}",0,1h,1,0.0023005759597969355,weak,NQ,1.75,10.0,TARGET_HIT,9.5,9.3,0.9789473684210527,1.0,True,False,0.5967741935483871,9.5,11:05,ENTERED,15350.0,15369.0,1.0,2023-10-11,True,2023
True,HTF_1H_TREND_FIRST_PULLBACK_5M_BREAK,medium,LONG,15241.0,15240.75,1697465400,15272.75,1697465880,"{""adverse_ticks"": 1.0, ""stop_buffer_ticks"": 1.0, ""tod"": ""0930_1030"", ""gap_points"": 54.25, ""prior_ret"": -220.75, ""trend_1h"": ""BULLISH"", ""trend_4h"": ""BULLISH"", ""confirm_kind"": ""break""}",480,1h,2,0.00694329641263014,medium,NQ,3.25,33.75,TARGET_HIT,31.75,31.55,0.9937007874015749,1.0,True,False,0.599406528189911,31.75,10:10,ENTERED,15209.25,15272.75,1.0,2023-10-16,True,2023
True,HTF_1H_TREND_FIRST_PULLBACK_5M_BREAK,medium,SHORT,15061.5,15061.75,1697550900,15109.0,1697551620,"{""adverse_ticks"": 1.0, ""stop_buffer_ticks"": 1.0, ""tod"": ""0930_1030"", ""gap_points"": -155.0, ""prior_ret"": 117.75, ""trend_1h"": ""BEARISH"", ""trend_4h"": ""BEARISH"", ""confirm_kind"": ""break""}",720,1h,2,-0.005394150052465907,medium,NQ,73.5,0.5,STOP_HIT,-47.5,-47.7,-1.0042105263157894,-1.0,False,False,0.5526315789473685,47.5,09:55,ENTERED,15109.0,15014.0,1.0,2023-10-17,True,2023
False,HTF_1H_TREND_FIRST_PULLBACK_5M_BREAK,medium,SHORT,15021.5,15021.75,1697727900,15003.0,1697727960,"{""adverse_ticks"": 1.0, ""stop_buffer_ticks"": 1.0, ""tod"": ""1030_1200"", ""gap_points"": 64.0, ""prior_ret"": -107.25, ""trend_1h"": ""BEARISH"", ""trend_4h"": ""BULLISH"", ""confirm_kind"": ""break""}",60,1h,1,-0.0031370856640164924,weak,NQ,5.5,21.5,TARGET_HIT,18.5,18.3,0.9891891891891892,1.0,True,False,0.47956403269754766,18.5,11:05,ENTERED,15040.0,15003.0,1.0,2023-10-19,True,2023
False,HTF_1H_TREND_FIRST_PULLBACK_5M_BREAK,medium,SHORT,14720.75,14721.0,1697820300,14745.0,1697820420,"{""adverse_ticks"": 1.0, ""stop_buffer_ticks"": 1.0, ""tod"": ""1200_1400"", ""gap_points"": -23.25, ""prior_ret"": -201.75, ""trend_1h"": ""BEARISH"", ""trend_4h"": ""NEUTRAL"", ""confirm_kind"": ""break""}",120,1h,2,-0.009334948027046153,strong,NQ,27.75,1.75,STOP_HIT,-24.25,-24.45,-1.0082474226804123,-1.0,False,False,0.4177997527812114,24.25,12:45,ENTERED,14745.0,14696.5,1.0,2023-10-20,True,2023
False,HTF_1H_TREND_FIRST_PULLBACK_5M_BREAK,medium,LONG,14657.25,14657.0,1698070500,14687.25,1698071100,"{""adverse_ticks"": 1.0, ""stop_buffer_ticks"": 1.0, ""tod"": ""0930_1030"", ""gap_points"": -58.75, ""prior_ret"": -201.25, ""trend_1h"": ""BULLISH"", ""trend_4h"": ""BEARISH"", ""confirm_kind"": ""break""}",600,1h,1,0.007069751440612393,medium,NQ,21.5,30.75,TARGET_HIT,30.0,29.8,0.9933333333333334,1.0,True,False,0.4845360824742268,30.0,10:15,ENTERED,14627.25,14687.25,1.0,2023-10-23,True,2023
True,HTF_1H_TREND_FIRST_PULLBACK_5M_BREAK,medium,LONG,14859.0,14858.75,1698159900,14824.25,1698160860,"{""adverse_ticks"": 1.0, ""stop_buffer_ticks"": 1.0, ""tod"": ""1030_1200"", ""gap_points"": 72.0, ""prior_ret"": 103.75, ""trend_1h"": ""BULLISH"", ""trend_4h"": ""BULLISH"", ""confirm_kind"": ""break""}",960,1h,1,0.0033793487994864257,weak,NQ,65.0,0.25,STOP_HIT,-34.75,-34.95,-1.0057553956834533,-1.0,False,False,0.44862155388471175,34.75,11:05,ENTERED,14824.25,14893.75,1.0,2023-10-24,True,2023
True,HTF_1H_TREND_FIRST_PULLBACK_5M_BREAK,medium,SHORT,14626.25,14626.5,1698245700,14678.75,1698246240,"{""adverse_ticks"": 1.0, ""stop_buffer_ticks"": 1.0, ""tod"": ""1030_1200"", ""gap_points"": -104.75, ""prior_ret"": 68.0, ""trend_1h"": ""BEARISH"", ""trend_4h"": ""BEARISH"", ""confirm_kind"": ""break""}",540,1h,1,-0.006795803887674312,medium,NQ,54.5,7.75,STOP_HIT,-52.5,-52.7,-1.003809523809524,-1.0,False,False,0.5146804835924007,52.5,10:55,ENTERED,14678.75,14573.75,1.0,2023-10-25,True,2023
True,HTF_1H_TREND_FIRST_PULLBACK_5M_BREAK,medium,SHORT,14270.25,14270.5,1698345900,14291.75,1698345960,"{""adverse_ticks"": 1.0, ""stop_buffer_ticks"": 1.0, ""tod"": ""1400_1530"", ""gap_points"": -55.5, ""prior_ret"": -265.25, ""trend_1h"": ""BEARISH"", ""trend_4h"": ""BEARISH"", ""confirm_kind"": ""break""}",60,1h,3,-0.007449146924392025,medium,NQ,23.25,4.5,STOP_HIT,-21.5,-21.7,-1.0093023255813953,-1.0,False,False,0.4233511586452763,21.5,14:45,ENTERED,14291.75,14248.75,1.0,2023-10-26,True,2023
False,HTF_1H_TREND_FIRST_PULLBACK_5M_BREAK,medium,LONG,14365.0,14364.75,1698422700,14378.0,1698422700,"{""adverse_ticks"": 1.0, ""stop_buffer_ticks"": 1.0, ""tod"": ""1200_1400"", ""gap_points"": 112.5, ""prior_ret"": -226.25, ""trend_1h"": ""BULLISH"", ""trend_4h"": ""NEUTRAL"", ""confirm_kind"": ""break""}",0,1h,1,0.006459631678453981,medium,NQ,2.75,18.25,TARGET_HIT,13.0,12.8,0.9846153846153847,1.0,True,False,0.5459057071960298,13.0,12:05,ENTERED,14352.0,14378.0,1.0,2023-10-27,True,2023
False,HTF_1H_TREND_FIRST_PULLBACK_5M_BREAK,medium,LONG,14573.0,14572.75,1698846900,14546.5,1698847080,"{""adverse_ticks"": 1.0, ""stop_buffer_ticks"": 1.0, ""tod"": ""0930_1030"", ""gap_points"": 30.75, ""prior_ret"": 70.25, ""trend_1h"": ""BULLISH"", ""trend_4h"": ""NEUTRAL"", ""confirm_kind"": ""break""}",180,1h,1,0.004120855337200302,medium,NQ,27.5,1.75,STOP_HIT,-26.5,-26.7,-1.0075471698113208,-1.0,False,False,0.5564853556485355,26.5,09:55,ENTERED,14546.5,14599.5,1.0,2023-11-01,True,2023
True,HTF_1H_TREND_FIRST_PULLBACK_5M_BREAK,medium,LONG,14955.25,14955.0,1698936900,14935.0,1698938100,"{""adverse_ticks"": 1.0, ""stop_buffer_ticks"": 1.0, ""tod"": ""1030_1200"", ""gap_points"": 177.75, ""prior_ret"": 222.5, ""trend_1h"": ""BULLISH"", ""trend_4h"": ""BULLISH"", ""confirm_kind"": ""break""}",1200,1h,6,0.004528848258329443,medium,NQ,24.25,17.0,STOP_HIT,-20.25,-20.45,-1.0098765432098764,-1.0,False,False,0.5078125,20.25,10:55,ENTERED,14935.0,14975.5,1.0,2023-11-02,True,2023
False,HTF_1H_TREND_FIRST_PULLBACK_5M_BREAK,medium,LONG,15121.5,15121.25,1699019700,15151.25,1699020000,"{""adverse_ticks"": 1.0, ""stop_buffer_ticks"": 1.0, ""tod"": ""0930_1030"", ""gap_points"": 51.5, ""prior_ret"": 79.0, ""trend_1h"": ""BULLISH"", ""trend_4h"": ""NEUTRAL"", ""confirm_kind"": ""break""}",300,1h,1,0.006808866583019713,medium,NQ,2.75,42.0,TARGET_HIT,29.75,29.55,0.9932773109243698,1.0,True,False,0.5104477611940299,29.75,09:55,ENTERED,15091.75,15151.25,1.0,2023-11-03,True,2023
False,HTF_1H_TREND_FIRST_PULLBACK_5M_BREAK,medium,SHORT,15150.75,15151.0,1699297800,15174.0,1699298940,"{""adverse_ticks"": 1.0, ""stop_buffer_ticks"": 1.0, ""tod"": ""1400_1530"", ""gap_points"": 29.5, ""prior_ret"": 123.5, ""trend_1h"": ""BEARISH"", ""trend_4h"": ""NEUTRAL"", ""confirm_kind"": ""break""}",1140,1h,1,-0.0030724237644584873,weak,NQ,24.25,7.75,STOP_HIT,-23.25,-23.45,-1.0086021505376344,-1.0,False,False,0.5113636363636364,23.25,14:10,ENTERED,15174.0,15127.5,1.0,2023-11-06,True,2023
False,HTF_1H_TREND_FIRST_PULLBACK_5M_BREAK,medium,SHORT,15323.75,15324.0,1699463100,15288.25,1699463280,"{""adverse_ticks"": 1.0, ""stop_buffer_ticks"": 1.0, ""tod"": ""1200_1400"", ""gap_points"": 13.25, ""prior_ret"": 99.5, ""trend_1h"": ""BEARISH"", ""trend_4h"": ""NEUTRAL"", ""confirm_kind"": ""break""}",180,1h,1,-0.0025362966816785404,weak,NQ,4.0,37.25,TARGET_HIT,35.5,35.3,0.9943661971830985,1.0,True,False,0.49137931034482757,35.5,12:05,ENTERED,15359.25,15288.25,1.0,2023-11-08,True,2023
True,HTF_1H_TREND_FIRST_PULLBACK_5M_BREAK,medium,LONG,15404.0,15403.75,1699632300,15451.0,1699635300,"{""adverse_ticks"": 1.0, ""stop_buffer_ticks"": 1.0, ""tod"": ""1030_1200"", ""gap_points"": 69.0, ""prior_ret"": -145.75, ""trend_1h"": ""BULLISH"", ""trend_4h"": ""BULLISH"", ""confirm_kind"": ""break""}",3000,1h,3,0.009504891982401897,strong,NQ,0.75,47.5,TARGET_HIT,47.0,46.8,0.9957446808510638,1.0,True,False,0.5317460317460317,47.0,11:05,ENTERED,15357.0,15451.0,1.0,2023-11-10,True,2023
True,HTF_1H_TREND_FIRST_PULLBACK_5M_BREAK,medium,LONG,15884.75,15884.5,1699974300,15844.5,1699980660,"{""adverse_ticks"": 1.0, ""stop_buffer_ticks"": 1.0, ""tod"": ""0930_1030"", ""gap_points"": 264.25, ""prior_ret"": 18.0, ""trend_1h"": ""BULLISH"", ""trend_4h"": ""BULLISH"", ""confirm_kind"": ""break""}",6360,1h,2,0.018181234655070044,strong,NQ,41.25,18.5,STOP_HIT,-40.25,-40.45,-1.004968944099379,-1.0,False,False,0.4099099099099099,40.25,10:05,ENTERED,15844.5,15925.0,1.0,2023-11-14,True,2023
False,HTF_1H_TREND_FIRST_PULLBACK_5M_BREAK,medium,LONG,15901.0,15900.75,1700250600,15905.75,1700250900,"{""adverse_ticks"": 1.0, ""stop_buffer_ticks"": 1.0, ""tod"": ""1400_1530"", ""gap_points"": -34.5, ""prior_ret"": 46.5, ""trend_1h"": ""BULLISH"", ""trend_4h"": ""NEUTRAL"", ""confirm_kind"": ""break""}",300,1h,1,0.002299429867389069,weak,NQ,2.75,8.0,TARGET_HIT,4.75,4.55,0.9578947368421052,1.0,True,False,0.46601941747572817,4.75,14:50,ENTERED,15896.25,15905.75,1.0,2023-11-17,True,2023
True,HTF_1H_TREND_FIRST_PULLBACK_5M_BREAK,medium,LONG,15954.5,15954.25,1700494500,15944.75,1700494560,"{""adverse_ticks"": 1.0, ""stop_buffer_ticks"": 1.0, ""tod"": ""1030_1200"", ""gap_points"": -2.5, ""prior_ret"": 34.75, ""trend_1h"": ""BULLISH"", ""trend_4h"": ""BULLISH"", ""confirm_kind"": ""break""}",60,1h,1,0.0050578829147227555,medium,NQ,12.0,5.75,STOP_HIT,-9.75,-9.95,-1.0205128205128204,-1.0,False,False,0.5337995337995338,9.75,10:35,ENTERED,15944.75,15964.25,1.0,2023-11-20,False,2023
True,HTF_1H_TREND_FIRST_PULLBACK_5M_BREAK,medium,SHORT,15984.75,15985.0,1700579700,15966.0,1700580060,"{""adverse_ticks"": 1.0, ""stop_buffer_ticks"": 1.0, ""tod"": ""0930_1030"", ""gap_points"": -75.5, ""prior_ret"": 193.5, ""trend_1h"": ""BEARISH"", ""trend_4h"": ""BEARISH"", ""confirm_kind"": ""break""}",360,1h,3,-0.005954231702008594,medium,NQ,7.75,26.25,TARGET_HIT,18.75,18.55,0.9893333333333334,1.0,True,False,0.5714285714285714,18.75,10:15,ENTERED,16003.5,15966.0,1.0,2023-11-21,True,2023
False,HTF_1H_TREND_FIRST_PULLBACK_5M_BREAK,medium,LONG,16023.75,16023.5,1701194400,16007.0,1701194520,"{""adverse_ticks"": 1.0, ""stop_buffer_ticks"": 1.0, ""tod"": ""1200_1400"", ""gap_points"": -33.0, ""prior_ret"": 8.5, ""trend_1h"": ""BULLISH"", ""trend_4h"": ""BEARISH"", ""confirm_kind"": ""break""}",120,1h,2,0.0022831764301129986,weak,NQ,44.75,1.0,STOP_HIT,-16.75,-16.95,-1.0119402985074626,-1.0,False,False,0.5773195876288659,16.75,13:00,ENTERED,16007.0,16040.5,1.0,2023-11-28,True,2023
False,HTF_1H_TREND_FIRST_PULLBACK_5M_BREAK,medium,SHORT,16092.25,16092.5,1701280200,16088.75,1701280200,"{""adverse_ticks"": 1.0, ""stop_buffer_ticks"": 1.0, ""tod"": ""1200_1400"", ""gap_points"": 99.25, ""prior_ret"": 73.5, ""trend_1h"": ""BEARISH"", ""trend_4h"": ""BULLISH"", ""confirm_kind"": ""break""}",0,1h,1,-0.004815806996082306,medium,NQ,0.75,3.75,TARGET_HIT,3.5,3.3,0.9428571428571428,1.0,True,False,0.41774891774891776,3.5,12:50,ENTERED,16095.75,16088.75,1.0,2023-11-29,True,2023
True,HTF_1H_TREND_FIRST_PULLBACK_5M_BREAK,medium,SHORT,15921.5,15921.75,1701356700,15987.5,1701357360,"{""adverse_ticks"": 1.0, ""stop_buffer_ticks"": 1.0, ""tod"": ""0930_1030"", ""gap_points"": 6.5, ""prior_ret"": -121.25, ""trend_1h"": ""BEARISH"", ""trend_4h"": ""BEARISH"", ""confirm_kind"": ""break""}",660,1h,1,-0.005276510965492531,medium,NQ,70.75,0.25,STOP_HIT,-66.0,-66.2,-1.0030303030303032,-1.0,False,False,0.4738372093023256,66.0,10:05,ENTERED,15987.5,15855.5,1.0,2023-11-30,True,2023
True,HTF_1H_TREND_FIRST_PULLBACK_5M_BREAK,medium,SHORT,15901.5,15901.75,1701444900,15906.0,1701444900,"{""adverse_ticks"": 1.0, ""stop_buffer_ticks"": 1.0, ""tod"": ""1030_1200"", ""gap_points"": -47.5, ""prior_ret"": -51.5, ""trend_1h"": ""BEARISH"", ""trend_4h"": ""BEARISH"", ""confirm_kind"": ""break""}",0,1h,3,-0.0033037923151598703,weak,NQ,12.25,1.5,STOP_HIT,-4.5,-4.7,-1.0444444444444445,-1.0,False,False,0.45,4.5,10:35,ENTERED,15906.0,15897.0,1.0,2023-12-01,True,2023
True,HTF_1H_TREND_FIRST_PULLBACK_5M_BREAK,medium,SHORT,15764.25,15764.5,1701703500,15834.5,1701710100,"{""adverse_ticks"": 1.0, ""stop_buffer_ticks"": 1.0, ""tod"": ""0930_1030"", ""gap_points"": -162.5, ""prior_ret"": 91.5, ""trend_1h"": ""BEARISH"", ""trend_4h"": ""BEARISH"", ""confirm_kind"": ""break""}",6600,1h,2,-0.007954029467487134,medium,NQ,73.0,43.25,STOP_HIT,-70.25,-70.45,-1.002846975088968,-1.0,False,False,0.5211864406779662,70.25,10:25,ENTERED,15834.5,15694.0,1.0,2023-12-04,True,2023
False,HTF_1H_TREND_FIRST_PULLBACK_5M_BREAK,medium,LONG,15916.25,15916.0,1701789900,15848.25,1701795180,"{""adverse_ticks"": 1.0, ""stop_buffer_ticks"": 1.0, ""tod"": ""0930_1030"", ""gap_points"": -80.0, ""prior_ret"": 8.75, ""trend_1h"": ""BULLISH"", ""trend_4h"": ""NEUTRAL"", ""confirm_kind"": ""break""}",5280,1h,1,0.005039619651347138,medium,NQ,70.5,45.0,STOP_HIT,-68.0,-68.2,-1.0029411764705882,-1.0,False,False,0.5828779599271403,68.0,10:25,ENTERED,15848.25,15984.25,1.0,2023-12-05,True,2023
True,HTF_1H_TREND_FIRST_PULLBACK_5M_BREAK,medium,LONG,15993.75,15993.5,1701962700,15956.25,1701965760,"{""adverse_ticks"": 1.0, ""stop_buffer_ticks"": 1.0, ""tod"": ""0930_1030"", ""gap_points"": 119.25, ""prior_ret"": -218.5, ""trend_1h"": ""BULLISH"", ""trend_4h"": ""BULLISH"", ""confirm_kind"": ""break""}",3060,1h,6,0.003738701077440121,weak,NQ,42.25,17.5,STOP_HIT,-37.5,-37.7,-1.0053333333333334,-1.0,False,False,0.5340314136125655,37.5,10:25,ENTERED,15956.25,16031.25,1.0,2023-12-07,True,2023
False,HTF_1H_TREND_FIRST_PULLBACK_5M_BREAK,medium,LONG,16054.5,16054.25,1702053000,16026.75,1702053480,"{""adverse_ticks"": 1.0, ""stop_buffer_ticks"": 1.0, ""tod"": ""1030_1200"", ""gap_points"": -79.25, ""prior_ret"": 101.0, ""trend_1h"": ""BULLISH"", ""trend_4h"": ""NEUTRAL"", ""confirm_kind"": ""break""}",480,1h,1,0.006735216902112873,medium,NQ,44.25,8.5,STOP_HIT,-27.75,-27.95,-1.0072072072072071,-1.0,False,False,0.5428571428571428,27.75,11:30,ENTERED,16026.75,16082.25,1.0,2023-12-08,True,2023
True,HTF_1H_TREND_FIRST_PULLBACK_5M_BREAK,medium,LONG,16158.0,16157.75,1702307100,16191.0,1702309680,"{""adverse_ticks"": 1.0, ""stop_buffer_ticks"": 1.0, ""tod"": ""0930_1030"", ""gap_points"": -21.25, ""prior_ret"": 142.75, ""trend_1h"": ""BULLISH"", ""trend_4h"": ""BULLISH"", ""confirm_kind"": ""break""}",2580,1h,1,0.006148338392092834,medium,NQ,22.75,33.25,TARGET_HIT,33.0,32.8,0.9939393939393939,1.0,True,False,0.4463768115942029,33.0,10:05,ENTERED,16125.0,16191.0,1.0,2023-12-11,True,2023
False,HTF_1H_TREND_FIRST_PULLBACK_5M_BREAK,medium,SHORT,16584.5,16584.75,1702490700,16597.0,1702493580,"{""adverse_ticks"": 1.0, ""stop_buffer_ticks"": 1.0, ""tod"": ""1200_1400"", ""gap_points"": 32.0, ""prior_ret"": 133.25, ""trend_1h"": ""BEARISH"", ""trend_4h"": ""NEUTRAL"", ""confirm_kind"": ""break""}",2880,1h,1,-0.0022098949172416615,weak,NQ,14.25,8.75,STOP_HIT,-12.5,-12.7,-1.016,-1.0,False,False,0.4069767441860465,12.5,13:05,ENTERED,16597.0,16572.0,1.0,2023-12-13,True,2023
False,HTF_1H_TREND_FIRST_PULLBACK_5M_BREAK,medium,SHORT,16710.0,16710.25,1702577100,16642.0,1702579860,"{""adverse_ticks"": 1.0, ""stop_buffer_ticks"": 1.0, ""tod"": ""1200_1400"", ""gap_points"": 41.0, ""prior_ret"": 170.0, ""trend_1h"": ""BEARISH"", ""trend_4h"": ""NEUTRAL"", ""confirm_kind"": ""break""}",2760,1h,2,-0.007001720761882102,medium,NQ,7.5,68.25,TARGET_HIT,68.0,67.8,0.9970588235294118,1.0,True,False,0.5057803468208093,68.0,13:05,ENTERED,16778.0,16642.0,1.0,2023-12-14,True,2023
True,HTF_1H_TREND_FIRST_PULLBACK_5M_BREAK,medium,LONG,16857.75,16857.5,1702657200,16877.5,1702657680,"{""adverse_ticks"": 1.0, ""stop_buffer_ticks"": 1.0, ""tod"": ""1030_1200"", ""gap_points"": 32.0, ""prior_ret"": -65.0, ""trend_1h"": ""BULLISH"", ""trend_4h"": ""BULLISH"", ""confirm_kind"": ""break""}",480,1h,1,0.003123791390235997,weak,NQ,6.25,22.0,TARGET_HIT,19.75,19.55,0.989873417721519,1.0,True,False,0.4297752808988764,19.75,11:20,ENTERED,16838.0,16877.5,1.0,2023-12-15,True,2023
True,HTF_1H_TREND_FIRST_PULLBACK_5M_BREAK,medium,LONG,16896.5,16896.25,1702911900,16864.0,1702915200,"{""adverse_ticks"": 1.0, ""stop_buffer_ticks"": 1.0, ""tod"": ""0930_1030"", ""gap_points"": 26.75, ""prior_ret"": 32.25, ""trend_1h"": ""BULLISH"", ""trend_4h"": ""BULLISH"", ""confirm_kind"": ""break""}",3300,1h,1,0.0025243525778093634,weak,NQ,37.25,9.25,STOP_HIT,-32.5,-32.7,-1.0061538461538462,-1.0,False,False,0.5136986301369864,32.5,10:05,ENTERED,16864.0,16929.0,1.0,2023-12-18,True,2023
False,HTF_1H_TREND_FIRST_PULLBACK_5M_BREAK,medium,LONG,17036.5,17036.25,1703085000,17064.25,1703086200,"{""adverse_ticks"": 1.0, ""stop_buffer_ticks"": 1.0, ""tod"": ""0930_1030"", ""gap_points"": -35.5, ""prior_ret"": 68.75, ""trend_1h"": ""BULLISH"", ""trend_4h"": ""NEUTRAL"", ""confirm_kind"": ""break""}",1200,1h,1,0.0025628940081305895,weak,NQ,10.25,28.25,TARGET_HIT,27.75,27.55,0.9927927927927929,1.0,True,False,0.49732620320855614,27.75,10:10,ENTERED,17008.75,17064.25,1.0,2023-12-20,True,2023
False,HTF_1H_TREND_FIRST_PULLBACK_5M_BREAK,medium,SHORT,16817.0,16817.25,1703182800,16868.25,1703182980,"{""adverse_ticks"": 1.0, ""stop_buffer_ticks"": 1.0, ""tod"": ""1200_1400"", ""gap_points"": 158.0, ""prior_ret"": -221.25, ""trend_1h"": ""BEARISH"", ""trend_4h"": ""BULLISH"", ""confirm_kind"": ""break""}",180,1h,1,-0.006124286114841393,medium,NQ,51.0,2.25,STOP_HIT,-51.25,-51.45,-1.0039024390243902,-1.0,False,False,0.43444730077120824,51.25,13:20,ENTERED,16868.25,16765.75,1.0,2023-12-21,True,2023
False,HTF_1H_TREND_FIRST_PULLBACK_5M_BREAK,medium,LONG,17030.5,17030.25,1703256900,17018.25,1703257020,"{""adverse_ticks"": 1.0, ""stop_buffer_ticks"": 1.0, ""tod"": ""0930_1030"", ""gap_points"": 48.75, ""prior_ret"": 28.25, ""trend_1h"": ""BULLISH"", ""trend_4h"": ""NEUTRAL"", ""confirm_kind"": ""break""}",120,1h,2,0.005084395045670931,medium,NQ,12.0,9.25,STOP_HIT,-12.25,-12.45,-1.0163265306122449,-1.0,False,False,0.4900662251655629,12.25,09:55,ENTERED,17018.25,17042.75,1.0,2023-12-22,True,2023
True,HTF_1H_TREND_FIRST_PULLBACK_5M_BREAK,medium,LONG,17045.5,17045.25,1703612700,17054.25,1703612940,"{""adverse_ticks"": 1.0, ""stop_buffer_ticks"": 1.0, ""tod"": ""1200_1400"", ""gap_points"": 29.25, ""prior_ret"": -19.0, ""trend_1h"": ""BULLISH"", ""trend_4h"": ""BULLISH"", ""confirm_kind"": ""break""}",240,1h,1,0.0020863637031487414,weak,NQ,0.5,12.75,TARGET_HIT,8.75,8.55,0.9771428571428572,1.0,True,False,0.46078431372549017,8.75,12:45,ENTERED,17036.75,17054.25,1.0,2023-12-26,True,2023
False,HTF_1H_TREND_FIRST_PULLBACK_5M_BREAK,medium,SHORT,17115.25,17115.5,1703783700,17125.25,1703784720,"{""adverse_ticks"": 1.0, ""stop_buffer_ticks"": 1.0, ""tod"": ""1200_1400"", ""gap_points"": 31.5, ""prior_ret"": 25.0, ""trend_1h"": ""BEARISH"", ""trend_4h"": ""NEUTRAL"", ""confirm_kind"": ""break""}",1020,1h,1,-0.0023901479268381154,weak,NQ,10.25,1.75,STOP_HIT,-10.0,-10.2,-1.02,-1.0,False,False,0.44505494505494503,10.0,12:15,ENTERED,17125.25,17105.25,1.0,2023-12-28,True,2023
False,HTF_1H_TREND_FIRST_PULLBACK_5M_BREAK,medium,SHORT,17003.75,17004.0,1703874000,17022.5,1703875320,"{""adverse_ticks"": 1.0, ""stop_buffer_ticks"": 1.0, ""tod"": ""1200_1400"", ""gap_points"": -1.75, ""prior_ret"": -57.5, ""trend_1h"": ""BEARISH"", ""trend_4h"": ""NEUTRAL"", ""confirm_kind"": ""break""}",1320,1h,3,-0.00526801000921906,medium,NQ,21.0,9.5,STOP_HIT,-18.75,-18.95,-1.0106666666666666,-1.0,False,False,0.4792703150912106,18.75,13:20,ENTERED,17022.5,16985.0,1.0,2023-12-29,True,2023
True,HTF_1H_TREND_FIRST_PULLBACK_5M_BREAK,medium,SHORT,16761.25,16761.5,1704208200,16733.25,1704209160,"{""adverse_ticks"": 1.0, ""stop_buffer_ticks"": 1.0, ""tod"": ""0930_1030"", ""gap_points"": -157.25, ""prior_ret"": -70.0, ""trend_1h"": ""BEARISH"", ""trend_4h"": ""BEARISH"", ""confirm_kind"": ""break""}",960,1h,4,-0.012226739732484782,strong,NQ,9.5,34.0,TARGET_HIT,28.0,27.8,0.9928571428571429,1.0,True,False,0.48857644991212656,28.0,10:10,ENTERED,16789.25,16733.25,1.0,2024-01-02,True,2024
True,HTF_1H_TREND_FIRST_PULLBACK_5M_BREAK,medium,SHORT,16547.25,16547.5,1704296400,16588.0,1704297480,"{""adverse_ticks"": 1.0, ""stop_buffer_ticks"": 1.0, ""tod"": ""1030_1200"", ""gap_points"": -111.0, ""prior_ret"": -140.75, ""trend_1h"": ""BEARISH"", ""trend_4h"": ""BEARISH"", ""confirm_kind"": ""break""}",1080,1h,1,-0.002626444544499451,weak,NQ,44.75,3.5,STOP_HIT,-40.75,-40.95,-1.0049079754601227,-1.0,False,False,0.5841121495327103,40.75,10:40,ENTERED,16588.0,16506.5,1.0,2024-01-03,True,2024
False,HTF_1H_TREND_FIRST_PULLBACK_5M_BREAK,medium,LONG,16520.75,16520.5,1704393300,16507.5,1704394320,"{""adverse_ticks"": 1.0, ""stop_buffer_ticks"": 1.0, ""tod"": ""1200_1400"", ""gap_points"": -87.5, ""prior_ret"": -69.25, ""trend_1h"": ""BULLISH"", ""trend_4h"": ""BEARISH"", ""confirm_kind"": ""break""}",1020,1h,1,0.0027643610073209146,weak,NQ,13.75,8.5,STOP_HIT,-13.25,-13.45,-1.0150943396226415,-1.0,False,False,0.5823754789272031,13.25,13:35,ENTERED,16507.5,16534.0,1.0,2024-01-04,True,2024
False,HTF_1H_TREND_FIRST_PULLBACK_5M_BREAK,medium,LONG,16539.0,16538.75,1704468600,16567.0,1704469020,"{""adverse_ticks"": 1.0, ""stop_buffer_ticks"": 1.0, ""tod"": ""1030_1200"", ""gap_points"": 5.5, ""prior_ret"": -9.5, ""trend_1h"": ""BULLISH"", ""trend_4h"": ""NEUTRAL"", ""confirm_kind"": ""break""}",420,1h,1,0.005248542919044308,medium,NQ,10.5,29.75,TARGET_HIT,28.0,27.8,0.9928571428571429,1.0,True,False,0.41509433962264153,28.0,10:30,ENTERED,16511.0,16567.0,1.0,2024-01-05,True,2024
False,HTF_1H_TREND_FIRST_PULLBACK_5M_BREAK,medium,LONG,16577.0,16576.75,1704725100,16611.5,1704725820,"{""adverse_ticks"": 1.0, ""stop_buffer_ticks"": 1.0, ""tod"": ""0930_1030"", ""gap_points"": 48.25, ""prior_ret"": 14.5, ""trend_1h"": ""BULLISH"", ""trend_4h"": ""BEARISH"", ""confirm_kind"": ""break""}",720,1h,2,0.0034865486213668806,weak,NQ,0.0,37.0,TARGET_HIT,34.5,34.3,0.9942028985507245,1.0,True,False,0.4484304932735426,34.5,09:45,ENTERED,16542.5,16611.5,1.0,2024-01-08,True,2024
False,HTF_1H_TREND_FIRST_PULLBACK_5M_BREAK,medium,LONG,16884.5,16884.25,1704905100,16911.75,1704909480,"{""adverse_ticks"": 1.0, ""stop_buffer_ticks"": 1.0, ""tod"": ""1030_1200"", ""gap_points"": 8.25, ""prior_ret"": 162.5, ""trend_1h"": ""BULLISH"", ""trend_4h"": ""NEUTRAL"", ""confirm_kind"": ""break""}",4380,1h,1,0.00268585843596969,weak,NQ,25.5,27.75,TARGET_HIT,27.25,27.05,0.9926605504587156,1.0,True,False,0.5608695652173913,27.25,11:45,ENTERED,16857.25,16911.75,1.0,2024-01-10,True,2024
True,HTF_1H_TREND_FIRST_PULLBACK_5M_BREAK,medium,SHORT,16891.0,16891.25,1704985500,16820.25,1704989580,"{""adverse_ticks"": 1.0, ""stop_buffer_ticks"": 1.0, ""tod"": ""0930_1030"", ""gap_points"": 43.0, ""prior_ret"": 101.5, ""trend_1h"": ""BEARISH"", ""trend_4h"": ""BEARISH"", ""confirm_kind"": ""break""}",4080,1h,3,-0.002690543401552614,weak,NQ,35.5,87.25,TARGET_HIT,70.75,70.55,0.997173144876325,1.0,True,False,0.47619047619047616,70.75,10:05,ENTERED,16961.75,16820.25,1.0,2024-01-11,True,2024
False,HTF_1H_TREND_FIRST_PULLBACK_5M_BREAK,medium,LONG,16992.0,16991.75,1705419000,17022.25,1705419720,"{""adverse_ticks"": 1.0, ""stop_buffer_ticks"": 1.0, ""tod"": ""1030_1200"", ""gap_points"": -55.25, ""prior_ret"": -35.75, ""trend_1h"": ""BULLISH"", ""trend_4h"": ""NEUTRAL"", ""confirm_kind"": ""break""}",720,1h,3,0.004036626448807645,medium,NQ,19.0,31.25,TARGET_HIT,30.25,30.05,0.9933884297520661,1.0,True,False,0.4626865671641791,30.25,10:30,ENTERED,16961.75,17022.25,1.0,2024-01-16,True,2024
True,HTF_1H_TREND_FIRST_PULLBACK_5M_BREAK,medium,SHORT,16729.25,16729.5,1705503000,16780.0,1705506060,"{""adverse_ticks"": 1.0, ""stop_buffer_ticks"": 1.0, ""tod"": ""0930_1030"", ""gap_points"": -142.75, ""prior_ret"": 51.0, ""trend_1h"": ""BEARISH"", ""trend_4h"": ""BEARISH"", ""confirm_kind"": ""break""}",3060,1h,1,-0.003067166501207641,weak,NQ,53.25,40.25,STOP_HIT,-50.75,-50.95,-1.0039408866995074,-1.0,False,False,0.5054347826086957,50.75,09:50,ENTERED,16780.0,16678.5,1.0,2024-01-17,True,2024
False,HTF_1H_TREND_FIRST_PULLBACK_5M_BREAK,medium,SHORT,17448.75,17449.0,1705939500,17475.0,1705939920,"{""adverse_ticks"": 1.0, ""stop_buffer_ticks"": 1.0, ""tod"": ""1030_1200"", ""gap_points"": 85.75, ""prior_ret"": 251.75, ""trend_1h"": ""BEARISH"", ""trend_4h"": ""NEUTRAL"", ""confirm_kind"": ""break""}",420,1h,1,-0.00486149722709317,medium,NQ,32.0,0.75,STOP_HIT,-26.25,-26.45,-1.0076190476190476,-1.0,False,False,0.4022346368715084,26.25,11:05,ENTERED,17475.0,17422.5,1.0,2024-01-22,True,2024
True,HTF_1H_TREND_FIRST_PULLBACK_5M_BREAK,medium,LONG,17738.75,17738.5,1706112300,17722.25,1706112360,"{""adverse_ticks"": 1.0, ""stop_buffer_ticks"": 1.0, ""tod"": ""1030_1200"", ""gap_points"": 163.0, ""prior_ret"": 42.0, ""trend_1h"": ""BULLISH"", ""trend_4h"": ""BULLISH"", ""confirm_kind"": ""break""}",60,1h,1,0.005100378278055651,medium,NQ,21.25,0.75,STOP_HIT,-16.5,-16.7,-1.012121212121212,-1.0,False,False,0.5862068965517241,16.5,11:05,ENTERED,17722.25,17755.25,1.0,2024-01-24,True,2024
False,HTF_1H_TREND_FIRST_PULLBACK_5M_BREAK,medium,LONG,17596.0,17595.75,1706285700,17598.0,1706285700,"{""adverse_ticks"": 1.0, ""stop_buffer_ticks"": 1.0, ""tod"": ""1030_1200"", ""gap_points"": -80.25, ""prior_ret"": -84.0, ""trend_1h"": ""BULLISH"", ""trend_4h"": ""NEUTRAL"", ""confirm_kind"": ""break""}",0,1h,1,0.004215923657598708,medium,NQ,1.25,6.5,TARGET_HIT,2.0,1.8,0.9,1.0,True,True,0.4564459930313589,2.0,11:15,ENTERED,17594.0,17598.0,1.0,2024-01-26,True,2024
False,HTF_1H_TREND_FIRST_PULLBACK_5M_BREAK,medium,LONG,17590.75,17590.5,1706552400,17603.5,1706553780,"{""adverse_ticks"": 1.0, ""stop_buffer_ticks"": 1.0, ""tod"": ""1200_1400"", ""gap_points"": 18.75, ""prior_ret"": -28.5, ""trend_1h"": ""BULLISH"", ""trend_4h"": ""NEUTRAL"", ""confirm_kind"": ""break""}",1380,1h,1,0.0029208936509745875,weak,NQ,4.5,13.0,TARGET_HIT,12.75,12.55,0.9843137254901961,1.0,True,False,0.4349593495934959,12.75,13:20,ENTERED,17578.0,17603.5,1.0,2024-01-29,True,2024
True,HTF_1H_TREND_FIRST_PULLBACK_5M_BREAK,medium,SHORT,17633.0,17633.25,1706631000,17645.75,1706631960,"{""adverse_ticks"": 1.0, ""stop_buffer_ticks"": 1.0, ""tod"": ""1030_1200"", ""gap_points"": -46.25, ""prior_ret"": 160.0, ""trend_1h"": ""BEARISH"", ""trend_4h"": ""BEARISH"", ""confirm_kind"": ""break""}",960,1h,1,-0.0033899741514471504,weak,NQ,16.5,6.0,STOP_HIT,-12.75,-12.95,-1.0156862745098039,-1.0,False,False,0.5911602209944752,12.75,11:10,ENTERED,17645.75,17620.25,1.0,2024-01-30,True,2024
True,HTF_1H_TREND_FIRST_PULLBACK_5M_BREAK,medium,SHORT,17334.25,17334.5,1706718300,17351.0,1706720520,"{""adverse_ticks"": 1.0, ""stop_buffer_ticks"": 1.0, ""tod"": ""1030_1200"", ""gap_points"": -183.75, ""prior_ret"": -78.0, ""trend_1h"": ""BEARISH"", ""trend_4h"": ""BEARISH"", ""confirm_kind"": ""break""}",2220,1h,1,-0.005289408247452276,medium,NQ,20.5,15.0,STOP_HIT,-16.75,-16.95,-1.0119402985074626,-1.0,False,False,0.4592274678111588,16.75,11:25,ENTERED,17351.0,17317.5,1.0,2024-01-31,True,2024
False,HTF_1H_TREND_FIRST_PULLBACK_5M_BREAK,medium,SHORT,17277.5,17277.75,1706804100,17294.25,1706804160,"{""adverse_ticks"": 1.0, ""stop_buffer_ticks"": 1.0, ""tod"": ""1030_1200"", ""gap_points"": 68.25, ""prior_ret"": -161.25, ""trend_1h"": ""BEARISH"", ""trend_4h"": ""NEUTRAL"", ""confirm_kind"": ""break""}",60,1h,2,-0.0037058399423215427,weak,NQ,18.0,0.75,STOP_HIT,-16.75,-16.95,-1.0119402985074626,-1.0,False,False,0.46511627906976744,16.75,11:15,ENTERED,17294.25,17260.75,1.0,2024-02-01,True,2024
False,HTF_1H_TREND_FIRST_PULLBACK_5M_BREAK,medium,SHORT,17619.0,17619.25,1707150300,17634.0,1707150780,"{""adverse_ticks"": 1.0, ""stop_buffer_ticks"": 1.0, ""tod"": ""1030_1200"", ""gap_points"": -7.0, ""prior_ret"": 222.0, ""trend_1h"": ""BEARISH"", ""trend_4h"": ""NEUTRAL"", ""confirm_kind"": ""break""}",480,1h,1,-0.0065082659212514216,medium,NQ,15.75,10.0,STOP_HIT,-15.0,-15.2,-1.0133333333333332,-1.0,False,False,0.443620178041543,15.0,11:25,ENTERED,17634.0,17604.0,1.0,2024-02-05,True,2024
True,HTF_1H_TREND_FIRST_PULLBACK_5M_BREAK,medium,SHORT,17633.0,17633.25,1707234300,17657.75,1707235680,"{""adverse_ticks"": 1.0, ""stop_buffer_ticks"": 1.0, ""tod"": ""1030_1200"", ""gap_points"": 43.75, ""prior_ret"": -25.5, ""trend_1h"": ""BEARISH"", ""trend_4h"": ""BEARISH"", ""confirm_kind"": ""break""}",1380,1h,1,-0.004651425027485723,medium,NQ,26.25,21.75,STOP_HIT,-24.75,-24.95,-1.0080808080808081,-1.0,False,False,0.415061295971979,24.75,10:45,ENTERED,17657.75,17608.25,1.0,2024-02-06,True,2024
True,HTF_1H_TREND_FIRST_PULLBACK_5M_BREAK,medium,LONG,17837.5,17837.25,1707319500,17873.0,1707321120,"{""adverse_ticks"": 1.0, ""stop_buffer_ticks"": 1.0, ""tod"": ""0930_1030"", ""gap_points"": 111.75, ""prior_ret"": -79.25, ""trend_1h"": ""BULLISH"", ""trend_4h"": ""BULLISH"", ""confirm_kind"": ""break""}",1620,1h,4,0.0047560405962037144,medium,NQ,8.5,38.25,TARGET_HIT,35.5,35.3,0.9943661971830985,1.0,True,False,0.4362745098039216,35.5,10:25,ENTERED,17802.0,17873.0,1.0,2024-02-07,True,2024
False,HTF_1H_TREND_FIRST_PULLBACK_5M_BREAK,medium,LONG,17880.75,17880.5,1707410400,17858.5,1707414360,"{""adverse_ticks"": 1.0, ""stop_buffer_ticks"": 1.0, ""tod"": ""1030_1200"", ""gap_points"": -5.5, ""prior_ret"": 67.75, ""trend_1h"": ""BULLISH"", ""trend_4h"": ""NEUTRAL"", ""confirm_kind"": ""break""}",3960,1h,1,0.004379254684539369,medium,NQ,26.0,16.0,STOP_HIT,-22.25,-22.45,-1.0089887640449438,-1.0,False,False,0.5512820512820513,22.25,11:40,ENTERED,17858.5,17903.0,1.0,2024-02-08,True,2024
True,HTF_1H_TREND_FIRST_PULLBACK_5M_BREAK,medium,LONG,17994.25,17994.0,1707497100,18021.75,1707501120,"{""adverse_ticks"": 1.0, ""stop_buffer_ticks"": 1.0, ""tod"": ""1030_1200"", ""gap_points"": 43.5, ""prior_ret"": 29.75, ""trend_1h"": ""BULLISH"", ""trend_4h"": ""BULLISH"", ""confirm_kind"": ""break""}",4020,1h,1,0.0041437620336524095,medium,NQ,16.25,29.5,TARGET_HIT,27.5,27.3,0.9927272727272728,1.0,True,False,0.41116751269035534,27.5,11:45,ENTERED,17966.75,18021.75,1.0,2024-02-09,True,2024
False,HTF_1H_TREND_FIRST_PULLBACK_5M_BREAK,medium,LONG,18084.0,18083.75,1707759300,18101.5,1707760620,"{""adverse_ticks"": 1.0, ""stop_buffer_ticks"": 1.0, ""tod"": ""1200_1400"", ""gap_points"": -9.25, ""prior_ret"": 130.0, ""trend_1h"": ""BULLISH"", ""trend_4h"": ""NEUTRAL"", ""confirm_kind"": ""break""}",1320,1h,1,0.0033119924614062324,weak,NQ,8.25,18.0,TARGET_HIT,17.5,17.3,0.9885714285714287,1.0,True,False,0.5776566757493188,17.5,12:35,ENTERED,18066.5,18101.5,1.0,2024-02-12,True,2024
False,HTF_1H_TREND_FIRST_PULLBACK_5M_BREAK,medium,SHORT,17721.5,17721.75,1707927600,17744.5,1707927780,"{""adverse_ticks"": 1.0, ""stop_buffer_ticks"": 1.0, ""tod"": ""1030_1200"", ""gap_points"": 108.25, ""prior_ret"": 52.5, ""trend_1h"": ""BEARISH"", ""trend_4h"": ""BULLISH"", ""confirm_kind"": ""break""}",180,1h,1,-0.002529582056831292,weak,NQ,24.75,9.75,STOP_HIT,-23.0,-23.2,-1.008695652173913,-1.0,False,False,0.46546546546546547,23.0,11:20,ENTERED,17744.5,17698.5,1.0,2024-02-14,True,2024
True,HTF_1H_TREND_FIRST_PULLBACK_5M_BREAK,medium,SHORT,17847.0,17847.25,1708010700,17830.25,1708010820,"{""adverse_ticks"": 1.0, ""stop_buffer_ticks"": 1.0, ""tod"": ""0930_1030"", ""gap_points"": 18.75, ""prior_ret"": 80.5, ""trend_1h"": ""BEARISH"", ""trend_4h"": ""BEARISH"", ""confirm_kind"": ""break""}",120,1h,1,-0.0044700853506921545,medium,NQ,10.0,21.0,TARGET_HIT,16.75,16.55,0.9880597014925373,1.0,True,False,0.5137362637362637,16.75,10:25,ENTERED,17863.75,17830.25,1.0,2024-02-15,True,2024
False,HTF_1H_TREND_FIRST_PULLBACK_5M_BREAK,medium,SHORT,17775.75,17776.0,1708095300,17896.0,1708110120,"{""adverse_ticks"": 1.0, ""stop_buffer_ticks"": 1.0, ""tod"": ""0930_1030"", ""gap_points"": 12.75, ""prior_ret"": 26.0, ""trend_1h"": ""BEARISH"", ""trend_4h"": ""BULLISH"", ""confirm_kind"": ""break""}",14820,1h,1,-0.0036653939604304187,weak,NQ,123.25,59.0,STOP_HIT,-120.25,-120.45,-1.0016632016632017,-1.0,False,False,0.5320754716981132,120.25,09:55,ENTERED,17896.0,17655.5,1.0,2024-02-16,True,2024
True,HTF_1H_TREND_FIRST_PULLBACK_5M_BREAK,medium,SHORT,17568.25,17568.5,1708445400,17538.0,1708446780,"{""adverse_ticks"": 1.0, ""stop_buffer_ticks"": 1.0, ""tod"": ""1030_1200"", ""gap_points"": -85.75, ""prior_ret"": -179.75, ""trend_1h"": ""BEARISH"", ""trend_4h"": ""BEARISH"", ""confirm_kind"": ""break""}",1380,1h,2,-0.004503228730032838,medium,NQ,13.0,35.5,TARGET_HIT,30.25,30.05,0.9933884297520661,1.0,True,False,0.47419804741980476,30.25,11:10,ENTERED,17598.5,17538.0,1.0,2024-02-20,True,2024
True,HTF_1H_TREND_FIRST_PULLBACK_5M_BREAK,medium,LONG,17961.0,17960.75,1708621500,17987.0,1708622580,"{""adverse_ticks"": 1.0, ""stop_buffer_ticks"": 1.0, ""tod"": ""1200_1400"", ""gap_points"": 359.0, ""prior_ret"": 42.25, ""trend_1h"": ""BULLISH"", ""trend_4h"": ""BULLISH"", ""confirm_kind"": ""break""}",1080,1h,1,0.003549865831842469,weak,NQ,2.75,28.25,TARGET_HIT,26.0,25.8,0.9923076923076923,1.0,True,False,0.4235294117647059,26.0,12:05,ENTERED,17935.0,17987.0,1.0,2024-02-22,True,2024
False,HTF_1H_TREND_FIRST_PULLBACK_5M_BREAK,medium,SHORT,17958.75,17959.0,1709058300,17949.0,1709058360,"{""adverse_ticks"": 1.0, ""stop_buffer_ticks"": 1.0, ""tod"": ""1200_1400"", ""gap_points"": 40.75, ""prior_ret"": -39.75, ""trend_1h"": ""BEARISH"", ""trend_4h"": ""BULLISH"", ""confirm_kind"": ""break""}",60,1h,1,-0.0054778942697065736,medium,NQ,3.75,18.0,TARGET_HIT,9.75,9.55,0.9794871794871796,1.0,True,False,0.4269406392694064,9.75,13:25,ENTERED,17968.5,17949.0,1.0,2024-02-27,True,2024
True,HTF_1H_TREND_FIRST_PULLBACK_5M_BREAK,medium,SHORT,17897.0,17897.25,1709132700,17887.75,1709132700,"{""adverse_ticks"": 1.0, ""stop_buffer_ticks"": 1.0, ""tod"": ""0930_1030"", ""gap_points"": -94.0, ""prior_ret"": -0.5, ""trend_1h"": ""BEARISH"", ""trend_4h"": ""BEARISH"", ""confirm_kind"": ""break""}",0,1h,1,-0.0025220505246144054,weak,NQ,1.5,13.25,TARGET_HIT,9.25,9.05,0.9783783783783785,1.0,True,False,0.5863874345549738,9.25,10:05,ENTERED,17906.25,17887.75,1.0,2024-02-28,True,2024
True,HTF_1H_TREND_FIRST_PULLBACK_5M_BREAK,medium,LONG,18065.0,18064.75,1709219100,18046.0,1709219280,"{""adverse_ticks"": 1.0, ""stop_buffer_ticks"": 1.0, ""tod"": ""0930_1030"", ""gap_points"": 112.5, ""prior_ret"": -6.25, ""trend_1h"": ""BULLISH"", ""trend_4h"": ""BULLISH"", ""confirm_kind"": ""break""}",180,1h,2,0.010353415227914997,strong,NQ,30.25,4.25,STOP_HIT,-19.0,-19.2,-1.0105263157894737,-1.0,False,False,0.5588235294117647,19.0,10:05,ENTERED,18046.0,18084.0,1.0,2024-02-29,True,2024
False,HTF_1H_TREND_FIRST_PULLBACK_5M_BREAK,medium,LONG,18170.0,18169.75,1709307900,18196.5,1709308560,"{""adverse_ticks"": 1.0, ""stop_buffer_ticks"": 1.0, ""tod"": ""1030_1200"", ""gap_points"": 29.5, ""prior_ret"": 37.0, ""trend_1h"": ""BULLISH"", ""trend_4h"": ""NEUTRAL"", ""confirm_kind"": ""break""}",660,1h,1,0.003778076087407767,weak,NQ,2.0,34.75,TARGET_HIT,26.5,26.3,0.9924528301886792,1.0,True,False,0.5286783042394015,26.5,10:45,ENTERED,18143.5,18196.5,1.0,2024-03-01,True,2024
True,HTF_1H_TREND_FIRST_PULLBACK_5M_BREAK,medium,SHORT,18002.5,18002.75,1709651400,17921.0,1709653320,"{""adverse_ticks"": 1.0, ""stop_buffer_ticks"": 1.0, ""tod"": ""0930_1030"", ""gap_points"": -124.75, ""prior_ret"": -71.75, ""trend_1h"": ""BEARISH"", ""trend_4h"": ""BEARISH"", ""confirm_kind"": ""break""}",1920,1h,1,-0.005293704076427819,medium,NQ,23.0,83.0,TARGET_HIT,81.5,81.3,0.9975460122699387,1.0,True,False,0.5475113122171946,81.5,10:10,ENTERED,18084.0,17921.0,1.0,2024-03-05,True,2024
True,HTF_1H_TREND_FIRST_PULLBACK_5M_BREAK,medium,LONG,18132.0,18131.75,1709744700,18146.0,1709744940,"{""adverse_ticks"": 1.0, ""stop_buffer_ticks"": 1.0, ""tod"": ""1200_1400"", ""gap_points"": 172.5, ""prior_ret"": -202.0, ""trend_1h"": ""BULLISH"", ""trend_4h"": ""BULLISH"", ""confirm_kind"": ""break""}",240,1h,1,0.0029886679672905814,weak,NQ,7.25,16.25,TARGET_HIT,14.0,13.8,0.9857142857142858,1.0,True,False,0.4716981132075472,14.0,12:05,ENTERED,18118.0,18146.0,1.0,2024-03-06,True,2024
True,HTF_1H_TREND_FIRST_PULLBACK_5M_BREAK,medium,LONG,18237.75,18237.5,1709825400,18267.0,1709826120,"{""adverse_ticks"": 1.0, ""stop_buffer_ticks"": 1.0, ""tod"": ""1030_1200"", ""gap_points"": 138.0, ""prior_ret"": -60.0, ""trend_1h"": ""BULLISH"", ""trend_4h"": ""BULLISH"", ""confirm_kind"": ""break""}",720,1h,6,0.004084166954122059,medium,NQ,19.0,31.25,TARGET_HIT,29.25,29.05,0.9931623931623932,1.0,True,False,0.4830917874396135,29.25,10:30,ENTERED,18208.5,18267.0,1.0,2024-03-07,True,2024
True,HTF_1H_TREND_FIRST_PULLBACK_5M_BREAK,medium,SHORT,17902.0,17902.25,1710166500,17931.5,1710166680,"{""adverse_ticks"": 1.0, ""stop_buffer_ticks"": 1.0, ""tod"": ""0930_1030"", ""gap_points"": -64.25, ""prior_ret"": -277.5, ""trend_1h"": ""BEARISH"", ""trend_4h"": ""BEARISH"", ""confirm_kind"": ""break""}",180,1h,3,-0.0070589540543913865,medium,NQ,36.75,2.25,STOP_HIT,-29.5,-29.7,-1.006779661016949,-1.0,False,False,0.4752186588921283,29.5,10:15,ENTERED,17931.5,17872.5,1.0,2024-03-11,True,2024
False,HTF_1H_TREND_FIRST_PULLBACK_5M_BREAK,medium,LONG,18429.5,18429.25,1710258900,18387.75,1710259440,"{""adverse_ticks"": 1.0, ""stop_buffer_ticks"": 1.0, ""tod"": ""1030_1200"", ""gap_points"": 341.25, ""prior_ret"": -6.0, ""trend_1h"": ""BULLISH"", ""trend_4h"": ""NEUTRAL"", ""confirm_kind"": ""break""}",540,1h,1,0.0067776229127380905,medium,NQ,43.25,1.5,STOP_HIT,-41.75,-41.95,-1.0047904191616768,-1.0,False,False,0.476027397260274,41.75,11:55,ENTERED,18387.75,18471.25,1.0,2024-03-12,True,2024
True,HTF_1H_TREND_FIRST_PULLBACK_5M_BREAK,medium,SHORT,18346.0,18346.25,1710340800,18368.25,1710340980,"{""adverse_ticks"": 1.0, ""stop_buffer_ticks"": 1.0, ""tod"": ""1030_1200"", ""gap_points"": -47.5, ""prior_ret"": 164.25, ""trend_1h"": ""BEARISH"", ""trend_4h"": ""BEARISH"", ""confirm_kind"": ""break""}",180,1h,1,-0.00650106996776556,medium,NQ,29.25,3.75,STOP_HIT,-22.25,-22.45,-1.0089887640449438,-1.0,False,False,0.44621513944223107,22.25,10:40,ENTERED,18368.25,18323.75,1.0,2024-03-13,True,2024
True,HTF_1H_TREND_FIRST_PULLBACK_5M_BREAK,medium,SHORT,18285.75,18286.0,1710426300,18314.5,1710426540,"{""adverse_ticks"": 1.0, ""stop_buffer_ticks"": 1.0, ""tod"": ""0930_1030"", ""gap_points"": 44.75, ""prior_ret"": -97.75, ""trend_1h"": ""BEARISH"", ""trend_4h"": ""BEARISH"", ""confirm_kind"": ""break""}",240,1h,2,-0.009719281098984678,strong,NQ,30.25,5.0,STOP_HIT,-28.75,-28.95,-1.0069565217391303,-1.0,False,False,0.40988372093023256,28.75,10:25,ENTERED,18314.5,18257.0,1.0,2024-03-14,True,2024
True,HTF_1H_TREND_FIRST_PULLBACK_5M_BREAK,medium,SHORT,18069.5,18069.75,1710511800,18114.0,1710512100,"{""adverse_ticks"": 1.0, ""stop_buffer_ticks"": 1.0, ""tod"": ""0930_1030"", ""gap_points"": -125.75, ""prior_ret"": -97.0, ""trend_1h"": ""BEARISH"", ""trend_4h"": ""BEARISH"", ""confirm_kind"": ""break""}",300,1h,1,-0.010689193252959361,strong,NQ,44.5,2.5,STOP_HIT,-44.5,-44.7,-1.0044943820224719,-1.0,False,False,0.5753424657534246,44.5,10:10,ENTERED,18114.0,18025.0,1.0,2024-03-15,True,2024
True,HTF_1H_TREND_FIRST_PULLBACK_5M_BREAK,medium,LONG,18331.5,18331.25,1710769500,18348.25,1710769500,"{""adverse_ticks"": 1.0, ""stop_buffer_ticks"": 1.0, ""tod"": ""0930_1030"", ""gap_points"": 225.5, ""prior_ret"": -94.0, ""trend_1h"": ""BULLISH"", ""trend_4h"": ""BULLISH"", ""confirm_kind"": ""break""}",0,1h,3,0.004893470790378052,medium,NQ,0.5,18.5,TARGET_HIT,16.75,16.55,0.9880597014925373,1.0,True,False,0.44144144144144143,16.75,09:45,ENTERED,18314.75,18348.25,1.0,2024-03-18,True,2024
False,HTF_1H_TREND_FIRST_PULLBACK_5M_BREAK,medium,SHORT,18276.25,18276.5,1710950700,18267.5,1710950880,"{""adverse_ticks"": 1.0, ""stop_buffer_ticks"": 1.0, ""tod"": ""1200_1400"", ""gap_points"": 48.0, ""prior_ret"": 126.75, ""trend_1h"": ""BEARISH"", ""trend_4h"": ""NEUTRAL"", ""confirm_kind"": ""break""}",180,1h,1,-0.002414997544070263,weak,NQ,2.75,11.25,TARGET_HIT,8.75,8.55,0.9771428571428572,1.0,True,False,0.5397923875432526,8.75,12:05,ENTERED,18285.0,18267.5,1.0,2024-03-20,True,2024
False,HTF_1H_TREND_FIRST_PULLBACK_5M_BREAK,medium,LONG,18532.5,18532.25,1711383600,18511.75,1711384800,"{""adverse_ticks"": 1.0, ""stop_buffer_ticks"": 1.0, ""tod"": ""1200_1400"", ""gap_points"": -112.75, ""prior_ret"": 34.5, ""trend_1h"": ""BULLISH"", ""trend_4h"": ""BEARISH"", ""confirm_kind"": ""break""}",1200,1h,1,0.003708767037994498,weak,NQ,21.0,3.25,STOP_HIT,-20.75,-20.95,-1.0096385542168675,-1.0,False,False,0.4403183023872679,20.75,12:20,ENTERED,18511.75,18553.25,1.0,2024-03-25,True,2024
False,HTF_1H_TREND_FIRST_PULLBACK_5M_BREAK,medium,SHORT,18548.25,18548.5,1711476300,18550.5,1711476360,"{""adverse_ticks"": 1.0, ""stop_buffer_ticks"": 1.0, ""tod"": ""1400_1530"", ""gap_points"": 59.25, ""prior_ret"": 50.25, ""trend_1h"": ""BEARISH"", ""trend_4h"": ""NEUTRAL"", ""confirm_kind"": ""break""}",60,1h,1,-0.002743484224965731,weak,NQ,2.5,2.0,STOP_HIT,-2.25,-2.45,-1.088888888888889,-1.0,False,False,0.4840764331210191,2.25,14:05,ENTERED,18550.5,18546.0,1.0,2024-03-26,True,2024
False,HTF_1H_TREND_FIRST_PULLBACK_5M_BREAK,medium,SHORT,18458.5,18458.75,1711649100,18475.0,1711649220,"{""adverse_ticks"": 1.0, ""stop_buffer_ticks"": 1.0, ""tod"": ""1400_1530"", ""gap_points"": -6.75, ""prior_ret"": -59.75, ""trend_1h"": ""BEARISH"", ""trend_4h"": ""NEUTRAL"", ""confirm_kind"": ""break""}",120,1h,1,-0.0023497002106628306,weak,NQ,17.25,3.75,STOP_HIT,-16.5,-16.7,-1.012121212121212,-1.0,False,False,0.45108695652173914,16.5,14:05,ENTERED,18475.0,18442.0,1.0,2024-03-28,True,2024
False,HTF_1H_TREND_FIRST_PULLBACK_5M_BREAK,medium,SHORT,18480.0,18480.25,1711983900,18475.0,1711983900,"{""adverse_ticks"": 1.0, ""stop_buffer_ticks"": 1.0, ""tod"": ""1030_1200"", ""gap_points"": 37.5, ""prior_ret"": -37.0, ""trend_1h"": ""BEARISH"", ""trend_4h"": ""NEUTRAL"", ""confirm_kind"": ""break""}",0,1h,1,-0.005274488697524227,medium,NQ,1.75,9.25,TARGET_HIT,5.0,4.8,0.96,1.0,True,False,0.5333333333333333,5.0,11:05,ENTERED,18485.0,18475.0,1.0,2024-04-01,True,2024
True,HTF_1H_TREND_FIRST_PULLBACK_5M_BREAK,medium,SHORT,18241.0,18241.25,1712066100,18230.75,1712066220,"{""adverse_ticks"": 1.0, ""stop_buffer_ticks"": 1.0, ""tod"": ""0930_1030"", ""gap_points"": -207.75, ""prior_ret"": -5.25, ""trend_1h"": ""BEARISH"", ""trend_4h"": ""BEARISH"", ""confirm_kind"": ""break""}",120,1h,3,-0.007509539144318511,medium,NQ,7.5,10.5,TARGET_HIT,10.25,10.05,0.9804878048780489,1.0,True,False,0.43190661478599224,10.25,09:55,ENTERED,18251.25,18230.75,1.0,2024-04-02,True,2024
True,HTF_1H_TREND_FIRST_PULLBACK_5M_BREAK,medium,LONG,18556.75,18556.5,1712249400,18559.25,1712249400,"{""adverse_ticks"": 1.0, ""stop_buffer_ticks"": 1.0, ""tod"": ""1200_1400"", ""gap_points"": 170.75, ""prior_ret"": 130.0, ""trend_1h"": ""BULLISH"", ""trend_4h"": ""BULLISH"", ""confirm_kind"": ""break""}",0,1h,4,0.0043757450959140964,medium,NQ,1.5,5.25,TARGET_HIT,2.5,2.3,0.9199999999999999,1.0,True,True,0.5046728971962616,2.5,12:50,ENTERED,18554.25,18559.25,1.0,2024-04-04,True,2024
True,HTF_1H_TREND_FIRST_PULLBACK_5M_BREAK,medium,LONG,18210.5,18210.25,1712326200,18246.75,1712326320,"{""adverse_ticks"": 1.0, ""stop_buffer_ticks"": 1.0, ""tod"": ""0930_1030"", ""gap_points"": 63.0, ""prior_ret"": -466.25, ""trend_1h"": ""BULLISH"", ""trend_4h"": ""BULLISH"", ""confirm_kind"": ""break""}",120,1h,1,0.003749138525155127,weak,NQ,12.25,42.25,TARGET_HIT,36.25,36.05,0.9944827586206896,1.0,True,False,0.44598337950138506,36.25,10:10,ENTERED,18174.25,18246.75,1.0,2024-04-05,True,2024
False,HTF_1H_TREND_FIRST_PULLBACK_5M_BREAK,medium,SHORT,18225.5,18225.75,1712676600,18256.25,1712677440,"{""adverse_ticks"": 1.0, ""stop_buffer_ticks"": 1.0, ""tod"": ""1030_1200"", ""gap_points"": 94.25, ""prior_ret"": -33.25, ""trend_1h"": ""BEARISH"", ""trend_4h"": ""BULLISH"", ""confirm_kind"": ""break""}",840,1h,1,-0.0036235352029863055,weak,NQ,40.25,17.75,STOP_HIT,-30.75,-30.95,-1.0065040650406505,-1.0,False,False,0.41323210412147504,30.75,11:30,ENTERED,18256.25,18194.75,1.0,2024-04-09,True,2024
True,HTF_1H_TREND_FIRST_PULLBACK_5M_BREAK,medium,LONG,18312.25,18312.0,1712852400,18297.75,1712852880,"{""adverse_ticks"": 1.0, ""stop_buffer_ticks"": 1.0, ""tod"": ""1200_1400"", ""gap_points"": 73.75, ""prior_ret"": 51.5, ""trend_1h"": ""BULLISH"", ""trend_4h"": ""BULLISH"", ""confirm_kind"": ""break""}",480,1h,4,0.010593103448275798,strong,NQ,15.75,9.75,STOP_HIT,-14.5,-14.7,-1.013793103448276,-1.0,False,False,0.4,14.5,12:20,ENTERED,18297.75,18326.75,1.0,2024-04-11,True,2024
False,HTF_1H_TREND_FIRST_PULLBACK_5M_BREAK,medium,SHORT,17834.25,17834.5,1713363300,17774.0,1713365580,"{""adverse_ticks"": 1.0, ""stop_buffer_ticks"": 1.0, ""tod"": ""0930_1030"", ""gap_points"": 80.75, ""prior_ret"": 8.25, ""trend_1h"": ""BEARISH"", ""trend_4h"": ""NEUTRAL"", ""confirm_kind"": ""break""}",2280,1h,1,-0.002161212509934618,weak,NQ,26.5,60.75,TARGET_HIT,60.25,60.05,0.9966804979253111,1.0,True,False,0.4694736842105263,60.25,10:15,ENTERED,17894.5,17774.0,1.0,2024-04-17,True,2024
False,HTF_1H_TREND_FIRST_PULLBACK_5M_BREAK,medium,SHORT,17358.5,17358.75,1713539100,17303.0,1713542160,"{""adverse_ticks"": 1.0, ""stop_buffer_ticks"": 1.0, ""tod"": ""1030_1200"", ""gap_points"": -50.0, ""prior_ret"": -128.5, ""trend_1h"": ""BEARISH"", ""trend_4h"": ""BULLISH"", ""confirm_kind"": ""break""}",3060,1h,1,-0.0031385250365444373,weak,NQ,29.0,59.0,TARGET_HIT,55.5,55.3,0.9963963963963963,1.0,True,False,0.4724025974025974,55.5,11:05,ENTERED,17414.0,17303.0,1.0,2024-04-19,True,2024
False,HTF_1H_TREND_FIRST_PULLBACK_5M_BREAK,medium,SHORT,17218.5,17218.75,1713801000,17245.0,1713801300,"{""adverse_ticks"": 1.0, ""stop_buffer_ticks"": 1.0, ""tod"": ""1030_1200"", ""gap_points"": 107.0, ""prior_ret"": -313.25, ""trend_1h"": ""BEARISH"", ""trend_4h"": ""BULLISH"", ""confirm_kind"": ""break""}",300,1h,1,-0.005439972221418454,medium,NQ,27.75,3.0,STOP_HIT,-26.5,-26.7,-1.0075471698113208,-1.0,False,False,0.43315508021390375,26.5,11:50,ENTERED,17245.0,17192.0,1.0,2024-04-22,True,2024
True,HTF_1H_TREND_FIRST_PULLBACK_5M_BREAK,medium,LONG,17515.0,17514.75,1713881400,17555.0,1713882360,"{""adverse_ticks"": 1.0, ""stop_buffer_ticks"": 1.0, ""tod"": ""0930_1030"", ""gap_points"": 78.25, ""prior_ret"": 61.75, ""trend_1h"": ""BULLISH"", ""trend_4h"": ""BULLISH"", ""confirm_kind"": ""break""}",960,1h,2,0.007222813731978972,medium,NQ,12.0,40.25,TARGET_HIT,40.0,39.8,0.9949999999999999,1.0,True,False,0.5303030303030303,40.0,10:10,ENTERED,17475.0,17555.0,1.0,2024-04-23,True,2024
False,HTF_1H_TREND_FIRST_PULLBACK_5M_BREAK,medium,LONG,17831.25,17831.0,1714140900,17894.0,1714151760,"{""adverse_ticks"": 1.0, ""stop_buffer_ticks"": 1.0, ""tod"": ""0930_1030"", ""gap_points"": 129.5, ""prior_ret"": 213.5, ""trend_1h"": ""BULLISH"", ""trend_4h"": ""NEUTRAL"", ""confirm_kind"": ""break""}",10860,1h,1,0.003172767781600694,weak,NQ,49.75,63.0,TARGET_HIT,62.75,62.55,0.996812749003984,1.0,True,False,0.40124740124740127,62.75,10:15,ENTERED,17768.5,17894.0,1.0,2024-04-26,True,2024
True,HTF_1H_TREND_FIRST_PULLBACK_5M_BREAK,medium,SHORT,17777.5,17777.75,1714490400,17753.0,1714491060,"{""adverse_ticks"": 1.0, ""stop_buffer_ticks"": 1.0, ""tod"": ""1030_1200"", ""gap_points"": -68.75, ""prior_ret"": -16.5, ""trend_1h"": ""BEARISH"", ""trend_4h"": ""BEARISH"", ""confirm_kind"": ""break""}",660,1h,1,-0.002962300533772999,weak,NQ,4.0,33.0,TARGET_HIT,24.5,24.3,0.9918367346938776,1.0,True,False,0.5830815709969789,24.5,11:20,ENTERED,17802.0,17753.0,1.0,2024-04-30,True,2024
True,HTF_1H_TREND_FIRST_PULLBACK_5M_BREAK,medium,SHORT,17432.25,17432.5,1714583400,17418.25,1714583700,"{""adverse_ticks"": 1.0, ""stop_buffer_ticks"": 1.0, ""tod"": ""1200_1400"", ""gap_points"": -61.75, ""prior_ret"": -272.75, ""trend_1h"": ""BEARISH"", ""trend_4h"": ""BEARISH"", ""confirm_kind"": ""break""}",300,1h,1,-0.0036861355583495126,weak,NQ,6.25,16.75,TARGET_HIT,14.0,13.8,0.9857142857142858,1.0,True,False,0.44634146341463415,14.0,13:10,ENTERED,17446.25,17418.25,1.0,2024-05-01,True,2024
True,HTF_1H_TREND_FIRST_PULLBACK_5M_BREAK,medium,SHORT,17473.0,17473.25,1714658700,17418.25,1714658940,"{""adverse_ticks"": 1.0, ""stop_buffer_ticks"": 1.0, ""tod"": ""0930_1030"", ""gap_points"": 151.5, ""prior_ret"": -70.25, ""trend_1h"": ""BEARISH"", ""trend_4h"": ""BEARISH"", ""confirm_kind"": ""break""}",240,1h,1,-0.005046197583510992,medium,NQ,5.25,87.0,TARGET_HIT,54.75,54.55,0.9963470319634703,1.0,True,False,0.445,54.75,10:05,ENTERED,17527.75,17418.25,1.0,2024-05-02,True,2024
True,HTF_1H_TREND_FIRST_PULLBACK_5M_BREAK,medium,LONG,18019.25,18019.0,1714763100,17998.25,1714764840,"{""adverse_ticks"": 1.0, ""stop_buffer_ticks"": 1.0, ""tod"": ""1400_1530"", ""gap_points"": 309.25, ""prior_ret"": 65.25, ""trend_1h"": ""BULLISH"", ""trend_4h"": ""BULLISH"", ""confirm_kind"": ""break""}",1740,1h,1,0.004658233497440767,medium,NQ,20.75,5.5,STOP_HIT,-21.0,-21.2,-1.0095238095238095,-1.0,False,False,0.5579514824797843,21.0,15:05,ENTERED,17998.25,18040.25,1.0,2024-05-03,True,2024
True,HTF_1H_TREND_FIRST_PULLBACK_5M_BREAK,medium,LONG,18108.0,18107.75,1715004600,18096.75,1715004600,"{""adverse_ticks"": 1.0, ""stop_buffer_ticks"": 1.0, ""tod"": ""0930_1030"", ""gap_points"": 72.75, ""prior_ret"": 44.0, ""trend_1h"": ""BULLISH"", ""trend_4h"": ""BULLISH"", ""confirm_kind"": ""break""}",0,1h,1,0.0036577762383096513,weak,NQ,14.5,1.0,STOP_HIT,-11.25,-11.45,-1.0177777777777777,-1.0,False,False,0.42038216560509556,11.25,10:10,ENTERED,18096.75,18119.25,1.0,2024-05-06,True,2024
False,HTF_1H_TREND_FIRST_PULLBACK_5M_BREAK,medium,LONG,18244.75,18244.5,1715094300,18258.5,1715094960,"{""adverse_ticks"": 1.0, ""stop_buffer_ticks"": 1.0, ""tod"": ""1030_1200"", ""gap_points"": 14.0, ""prior_ret"": 123.0, ""trend_1h"": ""BULLISH"", ""trend_4h"": ""NEUTRAL"", ""confirm_kind"": ""break""}",660,1h,1,0.003808921401463161,weak,NQ,4.0,16.5,TARGET_HIT,13.75,13.55,0.9854545454545455,1.0,True,False,0.5061728395061729,13.75,11:05,ENTERED,18231.0,18258.5,1.0,2024-05-07,True,2024
False,HTF_1H_TREND_FIRST_PULLBACK_5M_BREAK,medium,LONG,18186.75,18186.5,1715182200,18171.25,1715183100,"{""adverse_ticks"": 1.0, ""stop_buffer_ticks"": 1.0, ""tod"": ""1030_1200"", ""gap_points"": -112.5, ""prior_ret"": -14.75, ""trend_1h"": ""BULLISH"", ""trend_4h"": ""NEUTRAL"", ""confirm_kind"": ""break""}",900,1h,1,0.0020212575797158294,weak,NQ,16.75,6.5,STOP_HIT,-15.5,-15.7,-1.0129032258064516,-1.0,False,False,0.4470774091627172,15.5,11:30,ENTERED,18171.25,18202.25,1.0,2024-05-08,True,2024
False,HTF_1H_TREND_FIRST_PULLBACK_5M_BREAK,medium,LONG,18219.5,18219.25,1715267100,18236.5,1715268660,"{""adverse_ticks"": 1.0, ""stop_buffer_ticks"": 1.0, ""tod"": ""1030_1200"", ""gap_points"": 3.75, ""prior_ret"": 99.0, ""trend_1h"": ""BULLISH"", ""trend_4h"": ""NEUTRAL"", ""confirm_kind"": ""break""}",1560,1h,1,0.004163105511290066,medium,NQ,9.0,18.0,TARGET_HIT,17.0,16.8,0.9882352941176471,1.0,True,False,0.5460992907801419,17.0,11:05,ENTERED,18202.5,18236.5,1.0,2024-05-09,True,2024
False,HTF_1H_TREND_FIRST_PULLBACK_5M_BREAK,medium,SHORT,18217.75,18218.0,1715353800,18235.5,1715354400,"{""adverse_ticks"": 1.0, ""stop_buffer_ticks"": 1.0, ""tod"": ""1030_1200"", ""gap_points"": 58.5, ""prior_ret"": 29.0, ""trend_1h"": ""BEARISH"", ""trend_4h"": ""BULLISH"", ""confirm_kind"": ""break""}",600,1h,1,-0.003895518103907869,weak,NQ,18.25,6.25,STOP_HIT,-17.75,-17.95,-1.0112676056338028,-1.0,False,False,0.40233236151603496,17.75,11:10,ENTERED,18235.5,18200.0,1.0,2024-05-10,True,2024
False,HTF_1H_TREND_FIRST_PULLBACK_5M_BREAK,medium,LONG,18348.75,18348.5,1715699400,18367.0,1715699820,"{""adverse_ticks"": 1.0, ""stop_buffer_ticks"": 1.0, ""tod"": ""1030_1200"", ""gap_points"": -21.5, ""prior_ret"": -36.0, ""trend_1h"": ""BULLISH"", ""trend_4h"": ""NEUTRAL"", ""confirm_kind"": ""break""}",420,1h,1,0.0020079224149707198,weak,NQ,5.75,18.75,TARGET_HIT,18.25,18.05,0.989041095890411,1.0,True,False,0.41450777202072536,18.25,11:10,ENTERED,18330.5,18367.0,1.0,2024-05-14,True,2024
True,HTF_1H_TREND_FIRST_PULLBACK_5M_BREAK,medium,LONG,18546.5,18546.25,1715783700,18569.75,1715784420,"{""adverse_ticks"": 1.0, ""stop_buffer_ticks"": 1.0, ""tod"": ""1030_1200"", ""gap_points"": 98.25, ""prior_ret"": 137.0, ""trend_1h"": ""BULLISH"", ""trend_4h"": ""BULLISH"", ""confirm_kind"": ""break""}",720,1h,2,0.0038425504759060924,weak,NQ,5.25,24.25,TARGET_HIT,23.25,23.05,0.9913978494623656,1.0,True,False,0.5075757575757576,23.25,10:35,ENTERED,18523.25,18569.75,1.0,2024-05-15,True,2024
False,HTF_1H_TREND_FIRST_PULLBACK_5M_BREAK,medium,LONG,18733.0,18732.75,1715879400,18718.75,1715880060,"{""adverse_ticks"": 1.0, ""stop_buffer_ticks"": 1.0, ""tod"": ""1200_1400"", ""gap_points"": -14.0, ""prior_ret"": 183.25, ""trend_1h"": ""BULLISH"", ""trend_4h"": ""NEUTRAL"", ""confirm_kind"": ""break""}",660,1h,1,0.0020727744420225847,weak,NQ,38.75,8.25,STOP_HIT,-14.25,-14.45,-1.0140350877192983,-1.0,False,False,0.5091463414634146,14.25,13:10,ENTERED,18718.75,18747.25,1.0,2024-05-16,True,2024
False,HTF_1H_TREND_FIRST_PULLBACK_5M_BREAK,medium,SHORT,18625.25,18625.5,1715967600,18619.75,1715967960,"{""adverse_ticks"": 1.0, ""stop_buffer_ticks"": 1.0, ""tod"": ""1200_1400"", ""gap_points"": 0.25, ""prior_ret"": -27.75, ""trend_1h"": ""BEARISH"", ""trend_4h"": ""NEUTRAL"", ""confirm_kind"": ""break""}",360,1h,1,-0.002341544348849922,weak,NQ,3.5,6.0,TARGET_HIT,5.5,5.3,0.9636363636363636,1.0,True,False,0.5229885057471264,5.5,13:40,ENTERED,18630.75,18619.75,1.0,2024-05-17,True,2024
True,HTF_1H_TREND_FIRST_PULLBACK_5M_BREAK,medium,SHORT,18871.5,18871.75,1716474300,18914.25,1716475200,"{""adverse_ticks"": 1.0, ""stop_buffer_ticks"": 1.0, ""tod"": ""0930_1030"", ""gap_points"": 187.75, ""prior_ret"": -14.25, ""trend_1h"": ""BEARISH"", ""trend_4h"": ""BEARISH"", ""confirm_kind"": ""break""}",900,1h,1,-0.0049877286042276925,medium,NQ,43.75,10.25,STOP_HIT,-42.75,-42.95,-1.0046783625730995,-1.0,False,False,0.46689895470383275,42.75,10:25,ENTERED,18914.25,18828.75,1.0,2024-05-23,True,2024
True,HTF_1H_TREND_FIRST_PULLBACK_5M_BREAK,medium,SHORT,18882.0,18882.25,1716905100,18889.25,1716905100,"{""adverse_ticks"": 1.0, ""stop_buffer_ticks"": 1.0, ""tod"": ""0930_1030"", ""gap_points"": 46.0, ""prior_ret"": 112.0, ""trend_1h"": ""BEARISH"", ""trend_4h"": ""BEARISH"", ""confirm_kind"": ""break""}",0,1h,2,-0.005522167747377349,medium,NQ,8.25,3.5,STOP_HIT,-7.25,-7.45,-1.0275862068965518,-1.0,False,False,0.4369230769230769,7.25,10:05,ENTERED,18889.25,18874.75,1.0,2024-05-28,True,2024
False,HTF_1H_TREND_FIRST_PULLBACK_5M_BREAK,medium,LONG,18853.25,18853.0,1716996300,18822.5,1716999060,"{""adverse_ticks"": 1.0, ""stop_buffer_ticks"": 1.0, ""tod"": ""1030_1200"", ""gap_points"": -177.75, ""prior_ret"": 22.75, ""trend_1h"": ""BULLISH"", ""trend_4h"": ""BEARISH"", ""confirm_kind"": ""break""}",2760,1h,1,0.003123463189653952,weak,NQ,30.5,6.25,STOP_HIT,-30.75,-30.95,-1.0065040650406505,-1.0,False,False,0.462882096069869,30.75,11:25,ENTERED,18822.5,18884.0,1.0,2024-05-29,True,2024
False,HTF_1H_TREND_FIRST_PULLBACK_5M_BREAK,medium,SHORT,18684.5,18684.75,1717084200,18670.25,1717084740,"{""adverse_ticks"": 1.0, ""stop_buffer_ticks"": 1.0, ""tod"": ""1030_1200"", ""gap_points"": -46.0, ""prior_ret"": 45.5, ""trend_1h"": ""BEARISH"", ""trend_4h"": ""NEUTRAL"", ""confirm_kind"": ""break""}",540,1h,1,-0.005158555604430792,medium,NQ,5.75,17.5,TARGET_HIT,14.25,14.05,0.9859649122807018,1.0,True,False,0.46808510638297873,14.25,11:50,ENTERED,18698.75,18670.25,1.0,2024-05-30,True,2024
False,HTF_1H_TREND_FIRST_PULLBACK_5M_BREAK,medium,SHORT,18603.25,18603.5,1717428900,18628.75,1717428960,"{""adverse_ticks"": 1.0, ""stop_buffer_ticks"": 1.0, ""tod"": ""1030_1200"", ""gap_points"": 114.25, ""prior_ret"": -3.5, ""trend_1h"": ""BEARISH"", ""trend_4h"": ""BULLISH"", ""confirm_kind"": ""break""}",60,1h,1,-0.0038581073839888402,weak,NQ,33.75,5.75,STOP_HIT,-25.5,-25.7,-1.007843137254902,-1.0,False,False,0.43265993265993263,25.5,11:35,ENTERED,18628.75,18577.75,1.0,2024-06-03,True,2024
True,HTF_1H_TREND_FIRST_PULLBACK_5M_BREAK,medium,LONG,18930.0,18929.75,1717598100,18986.0,1717602120,"{""adverse_ticks"": 1.0, ""stop_buffer_ticks"": 1.0, ""tod"": ""1030_1200"", ""gap_points"": 147.0, ""prior_ret"": 64.0, ""trend_1h"": ""BULLISH"", ""trend_4h"": ""BULLISH"", ""confirm_kind"": ""break""}",4020,1h,4,0.003779259318402506,weak,NQ,22.25,56.75,TARGET_HIT,56.0,55.8,0.9964285714285713,1.0,True,False,0.43646408839779005,56.0,10:35,ENTERED,18874.0,18986.0,1.0,2024-06-05,True,2024
True,HTF_1H_TREND_FIRST_PULLBACK_5M_BREAK,medium,SHORT,19062.75,19063.0,1717683600,19079.5,1717683780,"{""adverse_ticks"": 1.0, ""stop_buffer_ticks"": 1.0, ""tod"": ""0930_1030"", ""gap_points"": 25.25, ""prior_ret"": 228.75, ""trend_1h"": ""BEARISH"", ""trend_4h"": ""BEARISH"", ""confirm_kind"": ""break""}",180,1h,1,-0.002502423813641519,weak,NQ,21.75,12.5,STOP_HIT,-16.75,-16.95,-1.0119402985074626,-1.0,False,False,0.5851063829787234,16.75,10:20,ENTERED,19079.5,19046.0,1.0,2024-06-06,True,2024
False,HTF_1H_TREND_FIRST_PULLBACK_5M_BREAK,medium,LONG,19077.25,19077.0,1718041500,19100.75,1718041680,"{""adverse_ticks"": 1.0, ""stop_buffer_ticks"": 1.0, ""tod"": ""1200_1400"", ""gap_points"": -52.0, ""prior_ret"": 0.25, ""trend_1h"": ""BULLISH"", ""trend_4h"": ""BEARISH"", ""confirm_kind"": ""break""}",180,1h,3,0.0059494820528345205,medium,NQ,1.5,33.0,TARGET_HIT,23.5,23.3,0.9914893617021276,1.0,True,False,0.439622641509434,23.5,13:45,ENTERED,19053.75,19100.75,1.0,2024-06-10,True,2024
False,HTF_1H_TREND_FIRST_PULLBACK_5M_BREAK,medium,LONG,19113.5,19113.25,1718119500,19097.0,1718120580,"{""adverse_ticks"": 1.0, ""stop_buffer_ticks"": 1.0, ""tod"": ""1030_1200"", ""gap_points"": -54.5, ""prior_ret"": 123.75, ""trend_1h"": ""BULLISH"", ""trend_4h"": ""BEARISH"", ""confirm_kind"": ""break""}",1080,1h,1,0.003895592864638031,weak,NQ,37.0,15.25,STOP_HIT,-16.5,-16.7,-1.012121212121212,-1.0,False,False,0.41139240506329117,16.5,11:25,ENTERED,19097.0,19130.0,1.0,2024-06-11,True,2024
False,HTF_1H_TREND_FIRST_PULLBACK_5M_BREAK,medium,LONG,19495.0,19494.75,1718200200,19548.5,1718219460,"{""adverse_ticks"": 1.0, ""stop_buffer_ticks"": 1.0, ""tod"": ""0930_1030"", ""gap_points"": 160.25, ""prior_ret"": 184.0, ""trend_1h"": ""BULLISH"", ""trend_4h"": ""NEUTRAL"", ""confirm_kind"": ""break""}",19260,1h,1,0.00843739453256842,strong,NQ,46.25,58.75,TARGET_HIT,53.5,53.3,0.9962616822429906,1.0,True,False,0.501577287066246,53.5,09:50,ENTERED,19441.5,19548.5,1.0,2024-06-12,True,2024
False,HTF_1H_TREND_FIRST_PULLBACK_5M_BREAK,medium,SHORT,19547.0,19547.25,1718291100,19577.25,1718291160,"{""adverse_ticks"": 1.0, ""stop_buffer_ticks"": 1.0, ""tod"": ""1030_1200"", ""gap_points"": 144.5, ""prior_ret"": 90.0, ""trend_1h"": ""BEARISH"", ""trend_4h"": ""NEUTRAL"", ""confirm_kind"": ""break""}",60,1h,1,-0.0031224510603589106,weak,NQ,31.25,2.25,STOP_HIT,-30.25,-30.45,-1.006611570247934,-1.0,False,False,0.41421568627450983,30.25,11:05,ENTERED,19577.25,19516.75,1.0,2024-06-13,True,2024
False,HTF_1H_TREND_FIRST_PULLBACK_5M_BREAK,medium,SHORT,20162.25,20162.5,1718722800,20176.0,1718722860,"{""adverse_ticks"": 1.0, ""stop_buffer_ticks"": 1.0, ""tod"": ""1030_1200"", ""gap_points"": -4.75, ""prior_ret"": 238.5, ""trend_1h"": ""BEARISH"", ""trend_4h"": ""NEUTRAL"", ""confirm_kind"": ""break""}",60,1h,2,-0.0031518057993226156,weak,NQ,14.0,1.0,STOP_HIT,-13.75,-13.95,-1.0145454545454544,-1.0,False,False,0.564625850340136,13.75,11:00,ENTERED,20176.0,20148.5,1.0,2024-06-18,True,2024
False,HTF_1H_TREND_FIRST_PULLBACK_5M_BREAK,medium,SHORT,20153.5,20153.75,1718892900,20220.0,1718895660,"{""adverse_ticks"": 1.0, ""stop_buffer_ticks"": 1.0, ""tod"": ""0930_1030"", ""gap_points"": 46.25, ""prior_ret"": 7.75, ""trend_1h"": ""BEARISH"", ""trend_4h"": ""NEUTRAL"", ""confirm_kind"": ""break""}",2760,1h,3,-0.004317927394850485,medium,NQ,66.25,35.25,STOP_HIT,-66.5,-66.7,-1.0030075187969925,-1.0,False,False,0.5611814345991561,66.5,10:15,ENTERED,20220.0,20087.0,1.0,2024-06-20,True,2024
True,HTF_1H_TREND_FIRST_PULLBACK_5M_BREAK,medium,SHORT,19961.0,19961.25,1718979000,19978.5,1718979120,"{""adverse_ticks"": 1.0, ""stop_buffer_ticks"": 1.0, ""tod"": ""0930_1030"", ""gap_points"": -18.25, ""prior_ret"": -210.5, ""trend_1h"": ""BEARISH"", ""trend_4h"": ""BEARISH"", ""confirm_kind"": ""break""}",120,1h,1,-0.0027114154338264695,weak,NQ,23.0,5.25,STOP_HIT,-17.5,-17.7,-1.0114285714285713,-1.0,False,False,0.4209245742092457,17.5,10:10,ENTERED,19978.5,19943.5,1.0,2024-06-21,True,2024
False,HTF_1H_TREND_FIRST_PULLBACK_5M_BREAK,medium,SHORT,19822.75,19823.0,1719249000,19771.25,1719253560,"{""adverse_ticks"": 1.0, ""stop_buffer_ticks"": 1.0, ""tod"": ""1200_1400"", ""gap_points"": -52.5, ""prior_ret"": -42.0, ""trend_1h"": ""BEARISH"", ""trend_4h"": ""NEUTRAL"", ""confirm_kind"": ""break""}",4560,1h,1,-0.004163740343132383,medium,NQ,15.25,51.75,TARGET_HIT,51.5,51.3,0.9961165048543689,1.0,True,False,0.5209876543209877,51.5,13:10,ENTERED,19874.25,19771.25,1.0,2024-06-24,True,2024
True,HTF_1H_TREND_FIRST_PULLBACK_5M_BREAK,medium,LONG,19902.5,19902.25,1719333900,19892.0,1719333960,"{""adverse_ticks"": 1.0, ""stop_buffer_ticks"": 1.0, ""tod"": ""1200_1400"", ""gap_points"": 85.25, ""prior_ret"": -177.75, ""trend_1h"": ""BULLISH"", ""trend_4h"": ""BULLISH"", ""confirm_kind"": ""break""}",60,1h,1,0.007025908827165139,medium,NQ,19.25,1.25,STOP_HIT,-10.5,-10.7,-1.019047619047619,-1.0,False,False,0.4057971014492754,10.5,12:45,ENTERED,19892.0,19913.0,1.0,2024-06-25,True,2024
True,HTF_1H_TREND_FIRST_PULLBACK_5M_BREAK,medium,SHORT,19820.5,19820.75,1719843300,19933.0,1719843720,"{""adverse_ticks"": 1.0, ""stop_buffer_ticks"": 1.0, ""tod"": ""0930_1030"", ""gap_points"": 39.25, ""prior_ret"": -138.0, ""trend_1h"": ""BEARISH"", ""trend_4h"": ""BEARISH"", ""confirm_kind"": ""break""}",420,1h,1,-0.002420244783306602,weak,NQ,117.75,9.0,STOP_HIT,-112.5,-112.7,-1.0017777777777779,-1.0,False,False,0.40229885057471265,112.5,10:15,ENTERED,19933.0,19708.0,1.0,2024-07-01,True,2024
True,HTF_1H_TREND_FIRST_PULLBACK_5M_BREAK,medium,LONG,20057.0,20056.75,1719929400,20030.5,1719929400,"{""adverse_ticks"": 1.0, ""stop_buffer_ticks"": 1.0, ""tod"": ""0930_1030"", ""gap_points"": -66.5, ""prior_ret"": 77.0, ""trend_1h"": ""BULLISH"", ""trend_4h"": ""BULLISH"", ""confirm_kind"": ""break""}",0,1h,1,0.005311552626963589,medium,NQ,31.5,2.25,STOP_HIT,-26.5,-26.7,-1.0075471698113208,-1.0,False,False,0.5161987041036717,26.5,10:10,ENTERED,20030.5,20083.5,1.0,2024-07-02,True,2024
True,HTF_1H_TREND_FIRST_PULLBACK_5M_BREAK,medium,LONG,20529.5,20529.25,1720188300,20483.5,1720188480,"{""adverse_ticks"": 1.0, ""stop_buffer_ticks"": 1.0, ""tod"": ""0930_1030"", ""gap_points"": 185.0, ""prior_ret"": 274.25, ""trend_1h"": ""BULLISH"", ""trend_4h"": ""BULLISH"", ""confirm_kind"": ""break""}",180,1h,1,0.003988792227972882,weak,NQ,49.25,12.0,STOP_HIT,-46.0,-46.2,-1.0043478260869565,-1.0,False,False,0.44039735099337746,46.0,10:05,ENTERED,20483.5,20575.5,1.0,2024-07-05,True,2024
False,HTF_1H_TREND_FIRST_PULLBACK_5M_BREAK,medium,SHORT,20679.5,20679.75,1720545300,20668.0,1720545300,"{""adverse_ticks"": 1.0, ""stop_buffer_ticks"": 1.0, ""tod"": ""1200_1400"", ""gap_points"": 56.75, ""prior_ret"": 34.0, ""trend_1h"": ""BEARISH"", ""trend_4h"": ""NEUTRAL"", ""confirm_kind"": ""break""}",0,1h,1,-0.0021957869845329325,weak,NQ,0.75,12.0,TARGET_HIT,11.5,11.3,0.982608695652174,1.0,True,False,0.42586750788643535,11.5,13:15,ENTERED,20691.0,20668.0,1.0,2024-07-09,True,2024
True,HTF_1H_TREND_FIRST_PULLBACK_5M_BREAK,medium,LONG,20557.25,20557.0,1720793100,20615.5,1720795140,"{""adverse_ticks"": 1.0, ""stop_buffer_ticks"": 1.0, ""tod"": ""0930_1030"", ""gap_points"": 13.5, ""prior_ret"": -464.75, ""trend_1h"": ""BULLISH"", ""trend_4h"": ""BULLISH"", ""confirm_kind"": ""break""}",2040,1h,1,0.005199031145254773,medium,NQ,35.0,67.0,TARGET_HIT,58.25,58.05,0.9965665236051502,1.0,True,False,0.47417840375586856,58.25,10:05,ENTERED,20499.0,20615.5,1.0,2024-07-12,True,2024
True,HTF_1H_TREND_FIRST_PULLBACK_5M_BREAK,medium,LONG,20700.0,20699.75,1721058300,20693.25,1721058300,"{""adverse_ticks"": 1.0, ""stop_buffer_ticks"": 1.0, ""tod"": ""1030_1200"", ""gap_points"": 69.5, ""prior_ret"": 97.25, ""trend_1h"": ""BULLISH"", ""trend_4h"": ""BULLISH"", ""confirm_kind"": ""break""}",0,1h,1,0.004835660267597408,medium,NQ,30.25,5.75,STOP_HIT,-6.75,-6.95,-1.0296296296296297,-1.0,False,False,0.5147058823529411,6.75,11:45,ENTERED,20693.25,20706.75,1.0,2024-07-15,True,2024
True,HTF_1H_TREND_FIRST_PULLBACK_5M_BREAK,medium,SHORT,20568.75,20569.0,1721142300,,1721142300,"{""adverse_ticks"": 1.0, ""stop_buffer_ticks"": 1.0, ""tod"": ""1030_1200"", ""gap_points"": 56.0, ""prior_ret"": -16.75, ""trend_1h"": ""BEARISH"", ""trend_4h"": ""BEARISH"", ""confirm_kind"": ""break""}",,1h,1,-0.003758578045054417,weak,NQ,2.25,7.25,AMBIGUOUS,,,,,True,True,0.45038167938931295,1.25,11:05,ENTERED,20570.0,20567.5,1.0,2024-07-16,True,2024
True,HTF_1H_TREND_FIRST_PULLBACK_5M_BREAK,medium,SHORT,20116.0,20116.25,1721225400,20019.0,1721234640,"{""adverse_ticks"": 1.0, ""stop_buffer_ticks"": 1.0, ""tod"": ""0930_1030"", ""gap_points"": -339.0, ""prior_ret"": -49.75, ""trend_1h"": ""BEARISH"", ""trend_4h"": ""BEARISH"", ""confirm_kind"": ""break""}",9240,1h,9,-0.006611448374173601,medium,NQ,63.25,97.25,TARGET_HIT,97.0,96.8,0.9979381443298969,1.0,True,False,0.5736607142857143,97.0,10:10,ENTERED,20213.0,20019.0,1.0,2024-07-17,True,2024
False,HTF_1H_TREND_FIRST_PULLBACK_5M_BREAK,medium,SHORT,19978.0,19978.25,1721315100,19933.25,1721315280,"{""adverse_ticks"": 1.0, ""stop_buffer_ticks"": 1.0, ""tod"": ""1030_1200"", ""gap_points"": 149.5, ""prior_ret"": -268.5, ""trend_1h"": ""BEARISH"", ""trend_4h"": ""NEUTRAL"", ""confirm_kind"": ""break""}",180,1h,1,-0.004134959086323553,medium,NQ,4.0,51.75,TARGET_HIT,44.75,44.55,0.9955307262569831,1.0,True,False,0.5211267605633803,44.75,11:05,ENTERED,20022.75,19933.25,1.0,2024-07-18,True,2024
True,HTF_1H_TREND_FIRST_PULLBACK_5M_BREAK,medium,SHORT,19746.0,19746.25,1721403000,19657.5,1721409720,"{""adverse_ticks"": 1.0, ""stop_buffer_ticks"": 1.0, ""tod"": ""1030_1200"", ""gap_points"": -22.75, ""prior_ret"": -250.25, ""trend_1h"": ""BEARISH"", ""trend_4h"": ""BEARISH"", ""confirm_kind"": ""break""}",6720,1h,1,-0.002176702986990131,weak,NQ,80.0,92.25,TARGET_HIT,88.5,88.3,0.9977401129943503,1.0,True,False,0.4601063829787234,88.5,11:30,ENTERED,19834.5,19657.5,1.0,2024-07-19,True,2024
True,HTF_1H_TREND_FIRST_PULLBACK_5M_BREAK,medium,SHORT,19550.5,19550.75,1721829000,19513.0,1721829360,"{""adverse_ticks"": 1.0, ""stop_buffer_ticks"": 1.0, ""tod"": ""0930_1030"", ""gap_points"": -284.25, ""prior_ret"": -33.0, ""trend_1h"": ""BEARISH"", ""trend_4h"": ""BEARISH"", ""confirm_kind"": ""break""}",360,1h,1,-0.005735193578608855,medium,NQ,8.75,44.25,TARGET_HIT,37.5,37.3,0.9946666666666666,1.0,True,False,0.5372807017543859,37.5,09:50,ENTERED,19588.0,19513.0,1.0,2024-07-24,True,2024
True,HTF_1H_TREND_FIRST_PULLBACK_5M_BREAK,medium,SHORT,18985.5,18985.75,1721916300,19104.0,1721918160,"{""adverse_ticks"": 1.0, ""stop_buffer_ticks"": 1.0, ""tod"": ""0930_1030"", ""gap_points"": 12.5, ""prior_ret"": -436.0, ""trend_1h"": ""BEARISH"", ""trend_4h"": ""BEARISH"", ""confirm_kind"": ""break""}",1860,1h,1,-0.005876591576885359,medium,NQ,126.75,102.5,STOP_HIT,-118.5,-118.7,-1.00168776371308,-1.0,False,False,0.43516209476309226,118.5,10:05,ENTERED,19104.0,18867.0,1.0,2024-07-25,True,2024
True,HTF_1H_TREND_FIRST_PULLBACK_5M_BREAK,medium,SHORT,18971.25,18971.5,1722364200,18942.75,1722365340,"{""adverse_ticks"": 1.0, ""stop_buffer_ticks"": 1.0, ""tod"": ""1400_1530"", ""gap_points"": 79.0, ""prior_ret"": -76.25, ""trend_1h"": ""BEARISH"", ""trend_4h"": ""BEARISH"", ""confirm_kind"": ""break""}",1140,1h,4,-0.015005916544218012,strong,NQ,20.25,33.5,TARGET_HIT,28.5,28.3,0.9929824561403509,1.0,True,False,0.40515463917525774,28.5,14:30,ENTERED,18999.75,18942.75,1.0,2024-07-30,True,2024
True,HTF_1H_TREND_FIRST_PULLBACK_5M_BREAK,medium,LONG,19427.0,19426.75,1722435300,19449.75,1722435480,"{""adverse_ticks"": 1.0, ""stop_buffer_ticks"": 1.0, ""tod"": ""0930_1030"", ""gap_points"": 433.0, ""prior_ret"": -349.25, ""trend_1h"": ""BULLISH"", ""trend_4h"": ""BULLISH"", ""confirm_kind"": ""break""}",180,1h,2,0.009947916666666723,strong,NQ,12.0,39.25,TARGET_HIT,22.75,22.55,0.9912087912087912,1.0,True,False,0.5574324324324325,22.75,10:15,ENTERED,19404.25,19449.75,1.0,2024-07-31,True,2024
False,HTF_1H_TREND_FIRST_PULLBACK_5M_BREAK,medium,LONG,19641.5,19641.25,1722520800,19598.25,1722521100,"{""adverse_ticks"": 1.0, ""stop_buffer_ticks"": 1.0, ""tod"": ""0930_1030"", ""gap_points"": 28.5, ""prior_ret"": 124.75, ""trend_1h"": ""BULLISH"", ""trend_4h"": ""NEUTRAL"", ""confirm_kind"": ""break""}",300,1h,2,0.0029097963142579175,weak,NQ,64.25,26.0,STOP_HIT,-43.25,-43.45,-1.0046242774566474,-1.0,False,False,0.4731182795698925,43.25,10:00,ENTERED,19598.25,19684.75,1.0,2024-08-01,True,2024
True,HTF_1H_TREND_FIRST_PULLBACK_5M_BREAK,medium,SHORT,18397.5,18397.75,1722608100,18549.75,1722610200,"{""adverse_ticks"": 1.0, ""stop_buffer_ticks"": 1.0, ""tod"": ""0930_1030"", ""gap_points"": -376.75, ""prior_ret"": -497.75, ""trend_1h"": ""BEARISH"", ""trend_4h"": ""BEARISH"", ""confirm_kind"": ""break""}",2100,1h,3,-0.005793959830329265,medium,NQ,155.25,0.0,STOP_HIT,-152.25,-152.45,-1.0013136288998357,-1.0,False,False,0.5061124694376528,152.25,10:15,ENTERED,18549.75,18245.25,1.0,2024-08-02,True,2024
False,HTF_1H_TREND_FIRST_PULLBACK_5M_BREAK,medium,LONG,18017.0,18016.75,1722867600,17863.0,1722868140,"{""adverse_ticks"": 1.0, ""stop_buffer_ticks"": 1.0, ""tod"": ""0930_1030"", ""gap_points"": -999.25, ""prior_ret"": -89.5, ""trend_1h"": ""BULLISH"", ""trend_4h"": ""BEARISH"", ""confirm_kind"": ""break""}",540,1h,1,0.004195961211917121,medium,NQ,160.75,10.75,STOP_HIT,-154.0,-154.2,-1.0012987012987011,-1.0,False,False,0.4298683613254653,154.0,10:20,ENTERED,17863.0,18171.0,1.0,2024-08-05,True,2024
False,HTF_1H_TREND_FIRST_PULLBACK_5M_BREAK,medium,LONG,18210.0,18209.75,1722954300,18146.5,1722954600,"{""adverse_ticks"": 1.0, ""stop_buffer_ticks"": 1.0, ""tod"": ""0930_1030"", ""gap_points"": 56.5, ""prior_ret"": 459.75, ""trend_1h"": ""BULLISH"", ""trend_4h"": ""BEARISH"", ""confirm_kind"": ""break""}",300,1h,1,0.0029301599148594537,weak,NQ,82.25,10.25,STOP_HIT,-63.5,-63.7,-1.0031496062992127,-1.0,False,False,0.4497528830313015,63.5,10:25,ENTERED,18146.5,18273.5,1.0,2024-08-06,True,2024
True,HTF_1H_TREND_FIRST_PULLBACK_5M_BREAK,medium,LONG,18325.5,18325.25,1723126800,18391.0,1723127400,"{""adverse_ticks"": 1.0, ""stop_buffer_ticks"": 1.0, ""tod"": ""0930_1030"", ""gap_points"": 252.0, ""prior_ret"": -480.75, ""trend_1h"": ""BULLISH"", ""trend_4h"": ""BULLISH"", ""confirm_kind"": ""break""}",600,1h,3,0.015037070070795577,strong,NQ,29.5,66.0,TARGET_HIT,65.5,65.3,0.9969465648854962,1.0,True,False,0.550314465408805,65.5,10:20,ENTERED,18260.0,18391.0,1.0,2024-08-08,True,2024
False,HTF_1H_TREND_FIRST_PULLBACK_5M_BREAK,medium,LONG,18540.0,18539.75,1723223100,18576.5,1723223640,"{""adverse_ticks"": 1.0, ""stop_buffer_ticks"": 1.0, ""tod"": ""1200_1400"", ""gap_points"": -68.25, ""prior_ret"": 294.75, ""trend_1h"": ""BULLISH"", ""trend_4h"": ""BEARISH"", ""confirm_kind"": ""break""}",540,1h,1,0.005753521317882093,medium,NQ,13.0,51.5,TARGET_HIT,36.5,36.3,0.9945205479452054,1.0,True,False,0.5870841487279843,36.5,13:05,ENTERED,18503.5,18576.5,1.0,2024-08-09,True,2024
True,HTF_1H_TREND_FIRST_PULLBACK_5M_BREAK,medium,LONG,18896.25,18896.0,1723557300,18862.5,1723559580,"{""adverse_ticks"": 1.0, ""stop_buffer_ticks"": 1.0, ""tod"": ""0930_1030"", ""gap_points"": 176.5, ""prior_ret"": 4.0, ""trend_1h"": ""BULLISH"", ""trend_4h"": ""BULLISH"", ""confirm_kind"": ""break""}",2280,1h,1,0.003680785234183359,weak,NQ,40.0,26.5,STOP_HIT,-33.75,-33.95,-1.0059259259259261,-1.0,False,False,0.5045317220543807,33.75,09:55,ENTERED,18862.5,18930.0,1.0,2024-08-13,True,2024
True,HTF_1H_TREND_FIRST_PULLBACK_5M_BREAK,medium,SHORT,18974.75,18975.0,1723646400,19015.25,1723646820,"{""adverse_ticks"": 1.0, ""stop_buffer_ticks"": 1.0, ""tod"": ""1030_1200"", ""gap_points"": 36.0, ""prior_ret"": 279.5, ""trend_1h"": ""BEARISH"", ""trend_4h"": ""BEARISH"", ""confirm_kind"": ""break""}",420,1h,1,-0.0034954506774890204,weak,NQ,47.5,5.5,STOP_HIT,-40.5,-40.7,-1.0049382716049384,-1.0,False,False,0.41854934601664684,40.5,10:40,ENTERED,19015.25,18934.25,1.0,2024-08-14,True,2024
True,HTF_1H_TREND_FIRST_PULLBACK_5M_BREAK,medium,LONG,19446.25,19446.0,1723731300,19487.25,1723732140,"{""adverse_ticks"": 1.0, ""stop_buffer_ticks"": 1.0, ""tod"": ""0930_1030"", ""gap_points"": 244.75, ""prior_ret"": -30.0, ""trend_1h"": ""BULLISH"", ""trend_4h"": ""BULLISH"", ""confirm_kind"": ""break""}",840,1h,2,0.015378795784201094,strong,NQ,16.5,43.75,TARGET_HIT,41.0,40.8,0.9951219512195121,1.0,True,False,0.47609942638623326,41.0,10:15,ENTERED,19405.25,19487.25,1.0,2024-08-15,True,2024
False,HTF_1H_TREND_FIRST_PULLBACK_5M_BREAK,medium,LONG,19611.25,19611.0,1723832400,19590.25,1723837440,"{""adverse_ticks"": 1.0, ""stop_buffer_ticks"": 1.0, ""tod"": ""1400_1530"", ""gap_points"": -83.75, ""prior_ret"": 235.25, ""trend_1h"": ""BULLISH"", ""trend_4h"": ""NEUTRAL"", ""confirm_kind"": ""break""}",5040,1h,2,0.006680172325366662,medium,NQ,25.25,17.5,STOP_HIT,-21.0,-21.2,-1.0095238095238095,-1.0,False,False,0.4260731319554849,21.0,14:20,ENTERED,19590.25,19632.25,1.0,2024-08-16,True,2024
False,HTF_1H_TREND_FIRST_PULLBACK_5M_BREAK,medium,LONG,19665.75,19665.5,1724079900,19637.75,1724080620,"{""adverse_ticks"": 1.0, ""stop_buffer_ticks"": 1.0, ""tod"": ""1030_1200"", ""gap_points"": 1.0, ""prior_ret"": 100.0, ""trend_1h"": ""BULLISH"", ""trend_4h"": ""BEARISH"", ""confirm_kind"": ""break""}",720,1h,1,0.0038561231916443006,weak,NQ,33.25,12.5,STOP_HIT,-28.0,-28.2,-1.0071428571428571,-1.0,False,False,0.41739130434782606,28.0,11:05,ENTERED,19637.75,19693.75,1.0,2024-08-19,True,2024
False,HTF_1H_TREND_FIRST_PULLBACK_5M_BREAK,medium,SHORT,19775.75,19776.0,1724174400,19789.5,1724174820,"{""adverse_ticks"": 1.0, ""stop_buffer_ticks"": 1.0, ""tod"": ""1200_1400"", ""gap_points"": -42.25, ""prior_ret"": 255.5, ""trend_1h"": ""BEARISH"", ""trend_4h"": ""NEUTRAL"", ""confirm_kind"": ""break""}",420,1h,1,-0.0035645459927197143,weak,NQ,17.25,12.75,STOP_HIT,-13.75,-13.95,-1.0145454545454544,-1.0,False,False,0.48494983277591974,13.75,13:20,ENTERED,19789.5,19762.0,1.0,2024-08-20,True,2024
True,HTF_1H_TREND_FIRST_PULLBACK_5M_BREAK,medium,LONG,19900.25,19900.0,1724249100,19862.75,1724249640,"{""adverse_ticks"": 1.0, ""stop_buffer_ticks"": 1.0, ""tod"": ""0930_1030"", ""gap_points"": 30.25, ""prior_ret"": -6.0, ""trend_1h"": ""BULLISH"", ""trend_4h"": ""BULLISH"", ""confirm_kind"": ""break""}",540,1h,1,0.004243549425984261,medium,NQ,46.25,11.25,STOP_HIT,-37.5,-37.7,-1.0053333333333334,-1.0,False,False,0.5029585798816568,37.5,10:05,ENTERED,19862.75,19937.75,1.0,2024-08-21,True,2024
False,HTF_1H_TREND_FIRST_PULLBACK_5M_BREAK,medium,SHORT,19872.75,19873.0,1724339700,19829.75,1724340000,"{""adverse_ticks"": 1.0, ""stop_buffer_ticks"": 1.0, ""tod"": ""1030_1200"", ""gap_points"": 91.75, ""prior_ret"": 63.75, ""trend_1h"": ""BEARISH"", ""trend_4h"": ""BULLISH"", ""confirm_kind"": ""break""}",300,1h,1,-0.003896071356985331,weak,NQ,11.75,58.5,TARGET_HIT,43.0,42.8,0.9953488372093022,1.0,True,False,0.42657342657342656,43.0,11:15,ENTERED,19915.75,19829.75,1.0,2024-08-22,True,2024
True,HTF_1H_TREND_FIRST_PULLBACK_5M_BREAK,medium,SHORT,19722.5,19722.75,1724681100,19710.75,1724681100,"{""adverse_ticks"": 1.0, ""stop_buffer_ticks"": 1.0, ""tod"": ""0930_1030"", ""gap_points"": -26.0, ""prior_ret"": 33.75, ""trend_1h"": ""BEARISH"", ""trend_4h"": ""BEARISH"", ""confirm_kind"": ""break""}",0,1h,3,-0.005847363645528736,medium,NQ,7.0,12.75,TARGET_HIT,11.75,11.55,0.9829787234042554,1.0,True,False,0.4396135265700483,11.75,10:05,ENTERED,19734.25,19710.75,1.0,2024-08-26,True,2024
False,HTF_1H_TREND_FIRST_PULLBACK_5M_BREAK,medium,SHORT,19552.0,19552.25,1724853300,19513.75,1724853960,"{""adverse_ticks"": 1.0, ""stop_buffer_ticks"": 1.0, ""tod"": ""0930_1030"", ""gap_points"": -25.5, ""prior_ret"": 127.75, ""trend_1h"": ""BEARISH"", ""trend_4h"": ""NEUTRAL"", ""confirm_kind"": ""break""}",660,1h,1,-0.0020322879752060485,weak,NQ,19.25,39.0,TARGET_HIT,38.25,38.05,0.9947712418300653,1.0,True,False,0.5517241379310345,38.25,09:55,ENTERED,19590.25,19513.75,1.0,2024-08-28,True,2024
True,HTF_1H_TREND_FIRST_PULLBACK_5M_BREAK,medium,LONG,19616.0,19615.75,1724939400,19532.75,1724941080,"{""adverse_ticks"": 1.0, ""stop_buffer_ticks"": 1.0, ""tod"": ""0930_1030"", ""gap_points"": 76.75, ""prior_ret"": -204.5, ""trend_1h"": ""BULLISH"", ""trend_4h"": ""BULLISH"", ""confirm_kind"": ""break""}",1680,1h,11,0.0028718239301490645,weak,NQ,85.0,69.25,STOP_HIT,-83.25,-83.45,-1.0024024024024025,-1.0,False,False,0.46205357142857145,83.25,09:50,ENTERED,19532.75,19699.25,1.0,2024-08-29,True,2024
True,HTF_1H_TREND_FIRST_PULLBACK_5M_BREAK,medium,SHORT,19341.25,19341.5,1725372600,19296.25,1725372840,"{""adverse_ticks"": 1.0, ""stop_buffer_ticks"": 1.0, ""tod"": ""0930_1030"", ""gap_points"": -132.25, ""prior_ret"": 51.0, ""trend_1h"": ""BEARISH"", ""trend_4h"": ""BEARISH"", ""confirm_kind"": ""break""}",240,1h,1,-0.005239232606518263,medium,NQ,5.25,52.5,TARGET_HIT,45.0,44.8,0.9955555555555555,1.0,True,False,0.4564254062038405,45.0,10:10,ENTERED,19386.25,19296.25,1.0,2024-09-03,True,2024
True,HTF_1H_TREND_FIRST_PULLBACK_5M_BREAK,medium,LONG,19036.75,19036.5,1725460500,18948.75,1725475860,"{""adverse_ticks"": 1.0, ""stop_buffer_ticks"": 1.0, ""tod"": ""1030_1200"", ""gap_points"": -134.0, ""prior_ret"": -465.75, ""trend_1h"": ""BULLISH"", ""trend_4h"": ""BULLISH"", ""confirm_kind"": ""break""}",15360,1h,1,0.0026556038526073245,weak,NQ,95.0,78.25,STOP_HIT,-88.0,-88.2,-1.0022727272727272,-1.0,False,False,0.42828282828282827,88.0,10:35,ENTERED,18948.75,19124.75,1.0,2024-09-04,True,2024
True,HTF_1H_TREND_FIRST_PULLBACK_5M_BREAK,medium,LONG,19129.75,19129.5,1725546300,19026.0,1725547620,"{""adverse_ticks"": 1.0, ""stop_buffer_ticks"": 1.0, ""tod"": ""0930_1030"", ""gap_points"": -70.5, ""prior_ret"": 78.75, ""trend_1h"": ""BULLISH"", ""trend_4h"": ""BULLISH"", ""confirm_kind"": ""break""}",1320,1h,1,0.006085647903685709,medium,NQ,117.5,21.0,STOP_HIT,-103.75,-103.95,-1.0019277108433735,-1.0,False,False,0.4078389830508475,103.75,10:25,ENTERED,19026.0,19233.5,1.0,2024-09-05,True,2024
True,HTF_1H_TREND_FIRST_PULLBACK_5M_BREAK,medium,LONG,18698.5,18698.25,1725891300,18651.5,1725891540,"{""adverse_ticks"": 1.0, ""stop_buffer_ticks"": 1.0, ""tod"": ""0930_1030"", ""gap_points"": 170.5, ""prior_ret"": -471.5, ""trend_1h"": ""BULLISH"", ""trend_4h"": ""BULLISH"", ""confirm_kind"": ""break""}",240,1h,1,0.00324797337198679,weak,NQ,61.25,3.25,STOP_HIT,-47.0,-47.2,-1.0042553191489363,-1.0,False,False,0.5592592592592592,47.0,10:15,ENTERED,18651.5,18745.5,1.0,2024-09-09,True,2024
False,HTF_1H_TREND_FIRST_PULLBACK_5M_BREAK,medium,SHORT,18669.0,18669.25,1726068300,18704.75,1726068720,"{""adverse_ticks"": 1.0, ""stop_buffer_ticks"": 1.0, ""tod"": ""1030_1200"", ""gap_points"": 46.5, ""prior_ret"": 97.25, ""trend_1h"": ""BEARISH"", ""trend_4h"": ""NEUTRAL"", ""confirm_kind"": ""break""}",420,1h,1,-0.010582995413148999,strong,NQ,46.25,3.5,STOP_HIT,-35.75,-35.95,-1.0055944055944057,-1.0,False,False,0.4154929577464789,35.75,11:25,ENTERED,18704.75,18633.25,1.0,2024-09-11,True,2024
True,HTF_1H_TREND_FIRST_PULLBACK_5M_BREAK,medium,LONG,19458.25,19458.0,1726168200,19417.5,1726170900,"{""adverse_ticks"": 1.0, ""stop_buffer_ticks"": 1.0, ""tod"": ""1400_1530"", ""gap_points"": 4.25, ""prior_ret"": 352.5, ""trend_1h"": ""BULLISH"", ""trend_4h"": ""BULLISH"", ""confirm_kind"": ""break""}",2700,1h,3,0.009024896265560134,strong,NQ,47.25,6.25,TIME_EXIT,-40.75,-40.95,-0.4024570024570025,-0.4004914004914005,False,False,0.5639599555061179,101.75,15:10,ENTERED,19356.5,19560.0,1.0,2024-09-12,True,2024
False,HTF_1H_TREND_FIRST_PULLBACK_5M_BREAK,medium,LONG,19499.25,19499.0,1726244700,19485.25,1726245960,"{""adverse_ticks"": 1.0, ""stop_buffer_ticks"": 1.0, ""tod"": ""1200_1400"", ""gap_points"": -42.25, ""prior_ret"": 192.75, ""trend_1h"": ""BULLISH"", ""trend_4h"": ""NEUTRAL"", ""confirm_kind"": ""break""}",1260,1h,2,0.004215179787698808,medium,NQ,21.0,9.25,STOP_HIT,-14.0,-14.2,-1.0142857142857142,-1.0,False,False,0.4464579901153213,14.0,12:25,ENTERED,19485.25,19513.25,1.0,2024-09-13,True,2024
False,HTF_1H_TREND_FIRST_PULLBACK_5M_BREAK,medium,SHORT,19658.25,19658.5,1726594500,19621.5,1726594920,"{""adverse_ticks"": 1.0, ""stop_buffer_ticks"": 1.0, ""tod"": ""1200_1400"", ""gap_points"": 357.75, ""prior_ret"": 2.5, ""trend_1h"": ""BEARISH"", ""trend_4h"": ""BULLISH"", ""confirm_kind"": ""break""}",420,1h,1,-0.00814579071000987,strong,NQ,13.0,37.75,TARGET_HIT,36.75,36.55,0.9945578231292517,1.0,True,False,0.44095477386934673,36.75,13:35,ENTERED,19695.0,19621.5,1.0,2024-09-17,True,2024
False,HTF_1H_TREND_FIRST_PULLBACK_5M_BREAK,medium,SHORT,19666.25,19666.5,1726677600,19658.5,1726677600,"{""adverse_ticks"": 1.0, ""stop_buffer_ticks"": 1.0, ""tod"": ""1200_1400"", ""gap_points"": 48.0, ""prior_ret"": -113.0, ""trend_1h"": ""BEARISH"", ""trend_4h"": ""NEUTRAL"", ""confirm_kind"": ""break""}",0,1h,1,-0.00534202946363993,medium,NQ,0.25,13.25,TARGET_HIT,7.75,7.55,0.9741935483870967,1.0,True,False,0.47959183673469385,7.75,12:40,ENTERED,19674.0,19658.5,1.0,2024-09-18,True,2024
True,HTF_1H_TREND_FIRST_PULLBACK_5M_BREAK,medium,LONG,20139.75,20139.5,1726759500,20096.75,1726761180,"{""adverse_ticks"": 1.0, ""stop_buffer_ticks"": 1.0, ""tod"": ""1030_1200"", ""gap_points"": 468.5, ""prior_ret"": -146.75, ""trend_1h"": ""BULLISH"", ""trend_4h"": ""BULLISH"", ""confirm_kind"": ""break""}",1680,1h,1,0.003350628242795528,weak,NQ,49.25,15.5,STOP_HIT,-43.0,-43.2,-1.0046511627906978,-1.0,False,False,0.5788235294117647,43.0,11:25,ENTERED,20096.75,20182.75,1.0,2024-09-19,True,2024
True,HTF_1H_TREND_FIRST_PULLBACK_5M_BREAK,medium,SHORT,19959.75,19960.0,1726847700,19985.75,1726847760,"{""adverse_ticks"": 1.0, ""stop_buffer_ticks"": 1.0, ""tod"": ""1030_1200"", ""gap_points"": -46.5, ""prior_ret"": 29.25, ""trend_1h"": ""BEARISH"", ""trend_4h"": ""BEARISH"", ""confirm_kind"": ""break""}",60,1h,1,-0.002500969125536101,weak,NQ,27.5,0.0,STOP_HIT,-26.0,-26.2,-1.0076923076923077,-1.0,False,False,0.5228571428571429,26.0,11:55,ENTERED,19985.75,19933.75,1.0,2024-09-20,True,2024
True,HTF_1H_TREND_FIRST_PULLBACK_5M_BREAK,medium,SHORT,20037.75,20038.0,1727111100,20053.0,1727111940,"{""adverse_ticks"": 1.0, ""stop_buffer_ticks"": 1.0, ""tod"": ""1200_1400"", ""gap_points"": 44.5, ""prior_ret"": -2.25, ""trend_1h"": ""BEARISH"", ""trend_4h"": ""BEARISH"", ""confirm_kind"": ""break""}",840,1h,1,-0.002053515868077116,weak,NQ,15.5,10.5,STOP_HIT,-15.25,-15.45,-1.0131147540983607,-1.0,False,False,0.4673913043478261,15.25,13:05,ENTERED,20053.0,20022.5,1.0,2024-09-23,True,2024
False,HTF_1H_TREND_FIRST_PULLBACK_5M_BREAK,medium,SHORT,20003.5,20003.75,1727186700,20110.0,1727190900,"{""adverse_ticks"": 1.0, ""stop_buffer_ticks"": 1.0, ""tod"": ""0930_1030"", ""gap_points"": 58.5, ""prior_ret"": -0.75, ""trend_1h"": ""BEARISH"", ""trend_4h"": ""NEUTRAL"", ""confirm_kind"": ""break""}",4200,1h,3,-0.00209870104065768,weak,NQ,107.75,50.75,STOP_HIT,-106.5,-106.7,-1.0018779342723005,-1.0,False,False,0.5235849056603774,106.5,10:05,ENTERED,20110.0,19897.0,1.0,2024-09-24,True,2024
False,HTF_1H_TREND_FIRST_PULLBACK_5M_BREAK,medium,LONG,20203.75,20203.5,1727272500,20233.25,1727272740,"{""adverse_ticks"": 1.0, ""stop_buffer_ticks"": 1.0, ""tod"": ""0930_1030"", ""gap_points"": -29.25, ""prior_ret"": 35.25, ""trend_1h"": ""BULLISH"", ""trend_4h"": ""BEARISH"", ""confirm_kind"": ""break""}",240,1h,1,0.002637307955464241,weak,NQ,8.25,30.5,TARGET_HIT,29.5,29.3,0.9932203389830508,1.0,True,False,0.4846153846153846,29.5,09:55,ENTERED,20174.25,20233.25,1.0,2024-09-25,True,2024
False,HTF_1H_TREND_FIRST_PULLBACK_5M_BREAK,medium,SHORT,20275.5,20275.75,1727366700,20226.25,1727370960,"{""adverse_ticks"": 1.0, ""stop_buffer_ticks"": 1.0, ""tod"": ""1200_1400"", ""gap_points"": 308.0, ""prior_ret"": 54.0, ""trend_1h"": ""BEARISH"", ""trend_4h"": ""BULLISH"", ""confirm_kind"": ""break""}",4260,1h,3,-0.007945128574392557,medium,NQ,25.5,63.75,TARGET_HIT,49.25,49.05,0.9959390862944162,1.0,True,False,0.43333333333333335,49.25,12:05,ENTERED,20324.75,20226.25,1.0,2024-09-26,True,2024
False,HTF_1H_TREND_FIRST_PULLBACK_5M_BREAK,medium,SHORT,20253.0,20253.25,1727457000,20221.0,1727458680,"{""adverse_ticks"": 1.0, ""stop_buffer_ticks"": 1.0, ""tod"": ""1200_1400"", ""gap_points"": 36.0, ""prior_ret"": -161.5, ""trend_1h"": ""BEARISH"", ""trend_4h"": ""NEUTRAL"", ""confirm_kind"": ""break""}",1680,1h,2,-0.005619149275522317,medium,NQ,8.75,32.25,TARGET_HIT,32.0,31.8,0.99375,1.0,True,False,0.4462686567164179,32.0,13:10,ENTERED,20285.0,20221.0,1.0,2024-09-27,True,2024
False,HTF_1H_TREND_FIRST_PULLBACK_5M_BREAK,medium,LONG,20240.75,20240.5,1727712900,20217.75,1727714400,"{""adverse_ticks"": 1.0, ""stop_buffer_ticks"": 1.0, ""tod"": ""1200_1400"", ""gap_points"": -43.5, ""prior_ret"": -154.5, ""trend_1h"": ""BULLISH"", ""trend_4h"": ""NEUTRAL"", ""confirm_kind"": ""break""}",1500,1h,1,0.003862394436164873,weak,NQ,23.75,14.0,STOP_HIT,-23.0,-23.2,-1.008695652173913,-1.0,False,False,0.5120481927710844,23.0,12:15,ENTERED,20217.75,20263.75,1.0,2024-09-30,True,2024
True,HTF_1H_TREND_FIRST_PULLBACK_5M_BREAK,medium,SHORT,19953.0,19953.25,1727799900,19909.75,1727800320,"{""adverse_ticks"": 1.0, ""stop_buffer_ticks"": 1.0, ""tod"": ""1200_1400"", ""gap_points"": -18.25, ""prior_ret"": 90.75, ""trend_1h"": ""BEARISH"", ""trend_4h"": ""BEARISH"", ""confirm_kind"": ""break""}",420,1h,3,-0.017252222811409368,strong,NQ,9.0,55.75,TARGET_HIT,43.25,43.05,0.9953757225433525,1.0,True,False,0.41013824884792627,43.25,12:25,ENTERED,19996.25,19909.75,1.0,2024-10-01,True,2024
False,HTF_1H_TREND_FIRST_PULLBACK_5M_BREAK,medium,LONG,20073.75,20073.5,1727885100,20030.75,1727887500,"{""adverse_ticks"": 1.0, ""stop_buffer_ticks"": 1.0, ""tod"": ""1200_1400"", ""gap_points"": -35.5, ""prior_ret"": -273.75, ""trend_1h"": ""BULLISH"", ""trend_4h"": ""BEARISH"", ""confirm_kind"": ""break""}",2400,1h,1,0.0063837258885794945,medium,NQ,47.25,11.25,STOP_HIT,-43.0,-43.2,-1.0046511627906978,-1.0,False,False,0.4016949152542373,43.0,12:05,ENTERED,20030.75,20116.75,1.0,2024-10-02,True,2024
True,HTF_1H_TREND_FIRST_PULLBACK_5M_BREAK,medium,LONG,20188.25,20188.0,1728396300,20248.5,1728398520,"{""adverse_ticks"": 1.0, ""stop_buffer_ticks"": 1.0, ""tod"": ""0930_1030"", ""gap_points"": 104.25, ""prior_ret"": -138.0, ""trend_1h"": ""BULLISH"", ""trend_4h"": ""BULLISH"", ""confirm_kind"": ""break""}",2220,1h,5,0.00413490758730628,medium,NQ,32.75,63.75,TARGET_HIT,60.25,60.05,0.9966804979253111,1.0,True,False,0.54337899543379,60.25,10:05,ENTERED,20128.0,20248.5,1.0,2024-10-08,True,2024
False,HTF_1H_TREND_FIRST_PULLBACK_5M_BREAK,medium,LONG,20374.5,20374.25,1728486300,20427.25,1728488880,"{""adverse_ticks"": 1.0, ""stop_buffer_ticks"": 1.0, ""tod"": ""1030_1200"", ""gap_points"": -18.0, ""prior_ret"": 196.75, ""trend_1h"": ""BULLISH"", ""trend_4h"": ""NEUTRAL"", ""confirm_kind"": ""break""}",2580,1h,1,0.003944530046224859,weak,NQ,1.5,53.25,TARGET_HIT,52.75,52.55,0.9962085308056872,1.0,True,False,0.5107033639143731,52.75,11:05,ENTERED,20321.75,20427.25,1.0,2024-10-09,True,2024
False,HTF_1H_TREND_FIRST_PULLBACK_5M_BREAK,medium,LONG,20446.75,20446.5,1728579900,20419.0,1728580140,"{""adverse_ticks"": 1.0, ""stop_buffer_ticks"": 1.0, ""tod"": ""1200_1400"", ""gap_points"": -99.25, ""prior_ret"": 176.25, ""trend_1h"": ""BULLISH"", ""trend_4h"": ""BEARISH"", ""confirm_kind"": ""break""}",240,1h,1,0.0037939248090759214,weak,NQ,42.5,2.25,STOP_HIT,-27.75,-27.95,-1.0072072072072071,-1.0,False,False,0.5963149078726968,27.75,13:05,ENTERED,20419.0,20474.5,1.0,2024-10-10,True,2024
False,HTF_1H_TREND_FIRST_PULLBACK_5M_BREAK,medium,LONG,20448.75,20448.5,1728659100,20410.5,1728659940,"{""adverse_ticks"": 1.0, ""stop_buffer_ticks"": 1.0, ""tod"": ""1030_1200"", ""gap_points"": -89.25, ""prior_ret"": 70.5, ""trend_1h"": ""BULLISH"", ""trend_4h"": ""BEARISH"", ""confirm_kind"": ""break""}",840,1h,1,0.0022568656551655852,weak,NQ,38.0,16.25,STOP_HIT,-38.25,-38.45,-1.0052287581699346,-1.0,False,False,0.5,38.25,11:05,ENTERED,20410.5,20487.0,1.0,2024-10-11,True,2024
True,HTF_1H_TREND_FIRST_PULLBACK_5M_BREAK,medium,LONG,20603.5,20603.25,1728913500,20630.0,1728913560,"{""adverse_ticks"": 1.0, ""stop_buffer_ticks"": 1.0, ""tod"": ""0930_1030"", ""gap_points"": 100.75, ""prior_ret"": 109.5, ""trend_1h"": ""BULLISH"", ""trend_4h"": ""BULLISH"", ""confirm_kind"": ""break""}",60,1h,6,0.0036649726348709777,weak,NQ,1.75,27.5,TARGET_HIT,26.5,26.3,0.9924528301886792,1.0,True,False,0.48058252427184467,26.5,09:45,ENTERED,20577.0,20630.0,1.0,2024-10-14,True,2024
False,HTF_1H_TREND_FIRST_PULLBACK_5M_BREAK,medium,SHORT,20395.75,20396.0,1729173900,20489.75,1729180620,"{""adverse_ticks"": 1.0, ""stop_buffer_ticks"": 1.0, ""tod"": ""0930_1030"", ""gap_points"": 227.0, ""prior_ret"": -6.25, ""trend_1h"": ""BEARISH"", ""trend_4h"": ""BULLISH"", ""confirm_kind"": ""break""}",6720,1h,1,-0.0027573417273647483,weak,NQ,97.5,29.5,STOP_HIT,-94.0,-94.2,-1.0021276595744681,-1.0,False,False,0.5087976539589443,94.0,10:05,ENTERED,20489.75,20301.75,1.0,2024-10-17,True,2024
False,HTF_1H_TREND_FIRST_PULLBACK_5M_BREAK,medium,LONG,20459.75,20459.5,1729605900,20485.25,1729605960,"{""adverse_ticks"": 1.0, ""stop_buffer_ticks"": 1.0, ""tod"": ""0930_1030"", ""gap_points"": -117.75, ""prior_ret"": 92.75, ""trend_1h"": ""BULLISH"", ""trend_4h"": ""NEUTRAL"", ""confirm_kind"": ""break""}",60,1h,1,0.0037406789638931848,weak,NQ,5.0,58.5,TARGET_HIT,25.5,25.3,0.9921568627450981,1.0,True,True,0.5863192182410424,25.5,10:05,ENTERED,20434.25,20485.25,1.0,2024-10-22,True,2024
True,HTF_1H_TREND_FIRST_PULLBACK_5M_BREAK,medium,SHORT,20376.0,20376.25,1729693500,20405.0,1729693680,"{""adverse_ticks"": 1.0, ""stop_buffer_ticks"": 1.0, ""tod"": ""0930_1030"", ""gap_points"": -104.75, ""prior_ret"": 137.0, ""trend_1h"": ""BEARISH"", ""trend_4h"": ""BEARISH"", ""confirm_kind"": ""break""}",180,1h,1,-0.0025140960238229093,weak,NQ,32.5,10.5,STOP_HIT,-29.0,-29.2,-1.006896551724138,-1.0,False,False,0.5561797752808989,29.0,10:25,ENTERED,20405.0,20347.0,1.0,2024-10-23,True,2024
False,HTF_1H_TREND_FIRST_PULLBACK_5M_BREAK,medium,SHORT,20337.0,20337.25,1729782600,20339.5,1729782600,"{""adverse_ticks"": 1.0, ""stop_buffer_ticks"": 1.0, ""tod"": ""1030_1200"", ""gap_points"": 154.25, ""prior_ret"": -216.75, ""trend_1h"": ""BEARISH"", ""trend_4h"": ""NEUTRAL"", ""confirm_kind"": ""break""}",0,1h,1,-0.0030301915031958337,weak,NQ,3.75,1.0,STOP_HIT,-2.5,-2.7,-1.08,-1.0,False,False,0.4065573770491803,2.5,11:10,ENTERED,20339.5,20334.5,1.0,2024-10-24,True,2024
True,HTF_1H_TREND_FIRST_PULLBACK_5M_BREAK,medium,LONG,20587.0,20586.75,1729863900,20639.5,1729864500,"{""adverse_ticks"": 1.0, ""stop_buffer_ticks"": 1.0, ""tod"": ""0930_1030"", ""gap_points"": 111.25, ""prior_ret"": 7.5, ""trend_1h"": ""BULLISH"", ""trend_4h"": ""BULLISH"", ""confirm_kind"": ""break""}",600,1h,1,0.0034768556492783542,weak,NQ,0.25,57.75,TARGET_HIT,52.5,52.3,0.9961904761904762,1.0,True,False,0.48059701492537316,52.5,09:45,ENTERED,20534.5,20639.5,1.0,2024-10-25,True,2024
False,HTF_1H_TREND_FIRST_PULLBACK_5M_BREAK,medium,LONG,20630.5,20630.25,1730220300,20676.0,1730221380,"{""adverse_ticks"": 1.0, ""stop_buffer_ticks"": 1.0, ""tod"": ""1200_1400"", ""gap_points"": 10.5, ""prior_ret"": -124.75, ""trend_1h"": ""BULLISH"", ""trend_4h"": ""NEUTRAL"", ""confirm_kind"": ""break""}",1080,1h,2,0.00620905863839849,medium,NQ,6.5,52.5,TARGET_HIT,45.5,45.3,0.9956043956043955,1.0,True,False,0.4438202247191011,45.5,12:45,ENTERED,20585.0,20676.0,1.0,2024-10-29,True,2024
True,HTF_1H_TREND_FIRST_PULLBACK_5M_BREAK,medium,SHORT,20589.25,20589.5,1730310300,20603.0,1730310420,"{""adverse_ticks"": 1.0, ""stop_buffer_ticks"": 1.0, ""tod"": ""1200_1400"", ""gap_points"": -33.75, ""prior_ret"": 184.0, ""trend_1h"": ""BEARISH"", ""trend_4h"": ""BEARISH"", ""confirm_kind"": ""break""}",120,1h,4,-0.002102642804490462,weak,NQ,13.75,4.5,STOP_HIT,-13.75,-13.95,-1.0145454545454544,-1.0,False,False,0.5063291139240507,13.75,13:45,ENTERED,20603.0,20575.5,1.0,2024-10-30,True,2024
True,HTF_1H_TREND_FIRST_PULLBACK_5M_BREAK,medium,LONG,20175.5,20175.25,1730470200,20219.0,1730470380,"{""adverse_ticks"": 1.0, ""stop_buffer_ticks"": 1.0, ""tod"": ""0930_1030"", ""gap_points"": 57.75, ""prior_ret"": -354.75, ""trend_1h"": ""BULLISH"", ""trend_4h"": ""BULLISH"", ""confirm_kind"": ""break""}",180,1h,1,0.0037323181427983965,weak,NQ,2.5,46.25,TARGET_HIT,43.5,43.3,0.9954022988505746,1.0,True,False,0.4378947368421053,43.5,10:10,ENTERED,20132.0,20219.0,1.0,2024-11-01,True,2024
True,HTF_1H_TREND_FIRST_PULLBACK_5M_BREAK,medium,LONG,20262.75,20262.5,1730822700,20293.25,1730822880,"{""adverse_ticks"": 1.0, ""stop_buffer_ticks"": 1.0, ""tod"": ""1030_1200"", ""gap_points"": 67.0, ""prior_ret"": -35.0, ""trend_1h"": ""BULLISH"", ""trend_4h"": ""BULLISH"", ""confirm_kind"": ""break""}",180,1h,2,0.005060841737059452,medium,NQ,9.25,31.25,TARGET_HIT,30.5,30.3,0.9934426229508196,1.0,True,False,0.47485207100591714,30.5,11:05,ENTERED,20232.25,20293.25,1.0,2024-11-05,True,2024
True,HTF_1H_TREND_FIRST_PULLBACK_5M_BREAK,medium,LONG,20777.75,20777.5,1730910600,20836.0,1730916120,"{""adverse_ticks"": 1.0, ""stop_buffer_ticks"": 1.0, ""tod"": ""1030_1200"", ""gap_points"": 343.5, ""prior_ret"": 189.0, ""trend_1h"": ""BULLISH"", ""trend_4h"": ""BULLISH"", ""confirm_kind"": ""break""}",5520,1h,1,0.005750821979301879,medium,NQ,4.5,62.75,TARGET_HIT,58.25,58.05,0.9965665236051502,1.0,True,False,0.5901639344262295,58.25,11:30,ENTERED,20719.5,20836.0,1.0,2024-11-06,True,2024
False,HTF_1H_TREND_FIRST_PULLBACK_5M_BREAK,medium,LONG,21074.0,21073.75,1730991300,21099.25,1730991420,"{""adverse_ticks"": 1.0, ""stop_buffer_ticks"": 1.0, ""tod"": ""0930_1030"", ""gap_points"": 113.0, ""prior_ret"": 209.0, ""trend_1h"": ""BULLISH"", ""trend_4h"": ""NEUTRAL"", ""confirm_kind"": ""break""}",120,1h,1,0.0022086651305499583,weak,NQ,2.0,29.75,TARGET_HIT,25.25,25.05,0.9920792079207921,1.0,True,False,0.4941860465116279,25.25,09:55,ENTERED,21048.75,21099.25,1.0,2024-11-07,True,2024
False,HTF_1H_TREND_FIRST_PULLBACK_5M_BREAK,medium,LONG,21231.0,21230.75,1731089400,21248.0,1731090840,"{""adverse_ticks"": 1.0, ""stop_buffer_ticks"": 1.0, ""tod"": ""1200_1400"", ""gap_points"": -36.25, ""prior_ret"": 215.0, ""trend_1h"": ""BULLISH"", ""trend_4h"": ""NEUTRAL"", ""confirm_kind"": ""break""}",1440,1h,1,0.002634439088933016,weak,NQ,10.75,17.25,TARGET_HIT,17.0,16.8,0.9882352941176471,1.0,True,False,0.4362745098039216,17.0,13:10,ENTERED,21214.0,21248.0,1.0,2024-11-08,True,2024
True,HTF_1H_TREND_FIRST_PULLBACK_5M_BREAK,medium,SHORT,21196.5,21196.75,1731338700,21186.25,1731338820,"{""adverse_ticks"": 1.0, ""stop_buffer_ticks"": 1.0, ""tod"": ""0930_1030"", ""gap_points"": 49.0, ""prior_ret"": 48.5, ""trend_1h"": ""BEARISH"", ""trend_4h"": ""BEARISH"", ""confirm_kind"": ""break""}",120,1h,1,-0.004689207770687154,medium,NQ,5.25,14.25,TARGET_HIT,10.25,10.05,0.9804878048780489,1.0,True,False,0.40117416829745595,10.25,10:25,ENTERED,21206.75,21186.25,1.0,2024-11-11,True,2024
False,HTF_1H_TREND_FIRST_PULLBACK_5M_BREAK,medium,SHORT,21114.25,21114.5,1731435900,21134.75,1731436260,"{""adverse_ticks"": 1.0, ""stop_buffer_ticks"": 1.0, ""tod"": ""1200_1400"", ""gap_points"": -6.0, ""prior_ret"": -62.75, ""trend_1h"": ""BEARISH"", ""trend_4h"": ""NEUTRAL"", ""confirm_kind"": ""break""}",360,1h,1,-0.007315693989585981,medium,NQ,22.0,6.25,STOP_HIT,-20.5,-20.7,-1.0097560975609756,-1.0,False,False,0.5,20.5,13:25,ENTERED,21134.75,21093.75,1.0,2024-11-12,True,2024
False,HTF_1H_TREND_FIRST_PULLBACK_5M_BREAK,medium,SHORT,21094.0,21094.25,1731596700,21081.5,1731596700,"{""adverse_ticks"": 1.0, ""stop_buffer_ticks"": 1.0, ""tod"": ""0930_1030"", ""gap_points"": -21.0, ""prior_ret"": 0.0, ""trend_1h"": ""BEARISH"", ""trend_4h"": ""NEUTRAL"", ""confirm_kind"": ""break""}",0,1h,1,-0.00335491187449799,weak,NQ,5.5,13.5,TARGET_HIT,12.5,12.3,0.9840000000000001,1.0,True,False,0.5728813559322034,12.5,10:05,ENTERED,21106.5,21081.5,1.0,2024-11-14,True,2024
True,HTF_1H_TREND_FIRST_PULLBACK_5M_BREAK,medium,SHORT,20671.5,20671.75,1731683100,20622.25,1731683640,"{""adverse_ticks"": 1.0, ""stop_buffer_ticks"": 1.0, ""tod"": ""0930_1030"", ""gap_points"": -249.75, ""prior_ret"": -129.25, ""trend_1h"": ""BEARISH"", ""trend_4h"": ""BEARISH"", ""confirm_kind"": ""break""}",540,1h,1,-0.00661377249102757,medium,NQ,15.0,50.25,TARGET_HIT,49.25,49.05,0.9959390862944162,1.0,True,False,0.5203761755485894,49.25,10:05,ENTERED,20720.75,20622.25,1.0,2024-11-15,True,2024
True,HTF_1H_TREND_FIRST_PULLBACK_5M_BREAK,medium,SHORT,20616.5,20616.75,1732119000,20588.25,1732119060,"{""adverse_ticks"": 1.0, ""stop_buffer_ticks"": 1.0, ""tod"": ""1030_1200"", ""gap_points"": -12.25, ""prior_ret"": 243.75, ""trend_1h"": ""BEARISH"", ""trend_4h"": ""BEARISH"", ""confirm_kind"": ""break""}",60,1h,2,-0.007983359984610416,medium,NQ,5.75,37.5,TARGET_HIT,28.25,28.05,0.9929203539823009,1.0,True,False,0.4057971014492754,28.25,11:10,ENTERED,20644.75,20588.25,1.0,2024-11-20,False,2024
False,HTF_1H_TREND_FIRST_PULLBACK_5M_BREAK,medium,LONG,20843.75,20843.5,1732301400,20828.0,1732301460,"{""adverse_ticks"": 1.0, ""stop_buffer_ticks"": 1.0, ""tod"": ""1200_1400"", ""gap_points"": -32.5, ""prior_ret"": -52.25, ""trend_1h"": ""BULLISH"", ""trend_4h"": ""NEUTRAL"", ""confirm_kind"": ""break""}",60,1h,1,0.003416130390329064,weak,NQ,18.0,0.25,STOP_HIT,-15.75,-15.95,-1.0126984126984127,-1.0,False,False,0.4732394366197183,15.75,13:50,ENTERED,20828.0,20859.5,1.0,2024-11-22,True,2024
False,HTF_1H_TREND_FIRST_PULLBACK_5M_BREAK,medium,SHORT,20925.5,20925.75,1732552500,20889.25,1732554120,"{""adverse_ticks"": 1.0, ""stop_buffer_ticks"": 1.0, ""tod"": ""1030_1200"", ""gap_points"": 169.25, ""prior_ret"": 56.0, ""trend_1h"": ""BEARISH"", ""trend_4h"": ""NEUTRAL"", ""confirm_kind"": ""break""}",1620,1h,1,-0.00327931408674087,weak,NQ,6.0,43.75,TARGET_HIT,36.25,36.05,0.9944827586206896,1.0,True,False,0.45161290322580644,36.25,11:35,ENTERED,20961.75,20889.25,1.0,2024-11-25,True,2024
False,HTF_1H_TREND_FIRST_PULLBACK_5M_BREAK,medium,LONG,21016.25,21016.0,1732632600,20959.5,1732632960,"{""adverse_ticks"": 1.0, ""stop_buffer_ticks"": 1.0, ""tod"": ""0930_1030"", ""gap_points"": 60.75, ""prior_ret"": -138.5, ""trend_1h"": ""BULLISH"", ""trend_4h"": ""NEUTRAL"", ""confirm_kind"": ""break""}",360,1h,3,0.002693159375187104,weak,NQ,62.0,8.75,STOP_HIT,-56.75,-56.95,-1.00352422907489,-1.0,False,False,0.5590551181102362,56.75,09:50,ENTERED,20959.5,21073.0,1.0,2024-11-26,True,2024
True,HTF_1H_TREND_FIRST_PULLBACK_5M_BREAK,medium,SHORT,20768.75,20769.0,1732732200,20788.75,1732732500,"{""adverse_ticks"": 1.0, ""stop_buffer_ticks"": 1.0, ""tod"": ""1200_1400"", ""gap_points"": -53.5, ""prior_ret"": 51.0, ""trend_1h"": ""BEARISH"", ""trend_4h"": ""BEARISH"", ""confirm_kind"": ""break""}",300,1h,4,-0.010046054358460399,strong,NQ,25.0,4.0,STOP_HIT,-20.0,-20.2,-1.01,-1.0,False,False,0.4172248803827751,20.0,13:30,ENTERED,20788.75,20748.75,1.0,2024-11-27,True,2024
False,HTF_1H_TREND_FIRST_PULLBACK_5M_BREAK,medium,LONG,21149.0,21148.75,1733151000,21202.0,1733153760,"{""adverse_ticks"": 1.0, ""stop_buffer_ticks"": 1.0, ""tod"": ""0930_1030"", ""gap_points"": 226.5, ""prior_ret"": -120.0, ""trend_1h"": ""BULLISH"", ""trend_4h"": ""BEARISH"", ""confirm_kind"": ""break""}",2760,1h,1,0.003543772148575819,weak,NQ,22.25,55.75,TARGET_HIT,53.0,52.8,0.9962264150943396,1.0,True,False,0.4484536082474227,53.0,09:50,ENTERED,21096.0,21202.0,1.0,2024-12-02,True,2024
False,HTF_1H_TREND_FIRST_PULLBACK_5M_BREAK,medium,LONG,21237.75,21237.5,1733252100,21262.75,1733257440,"{""adverse_ticks"": 1.0, ""stop_buffer_ticks"": 1.0, ""tod"": ""1200_1400"", ""gap_points"": -59.0, ""prior_ret"": 174.25, ""trend_1h"": ""BULLISH"", ""trend_4h"": ""NEUTRAL"", ""confirm_kind"": ""break""}",5340,1h,1,0.0021820154746179377,weak,NQ,13.75,27.5,TARGET_HIT,25.0,24.8,0.992,1.0,True,False,0.4224343675417661,25.0,13:55,ENTERED,21212.75,21262.75,1.0,2024-12-03,True,2024
True,HTF_1H_TREND_FIRST_PULLBACK_5M_BREAK,medium,LONG,21466.25,21466.0,1733331000,21484.5,1733333040,"{""adverse_ticks"": 1.0, ""stop_buffer_ticks"": 1.0, ""tod"": ""1030_1200"", ""gap_points"": 138.5, ""prior_ret"": 121.0, ""trend_1h"": ""BULLISH"", ""trend_4h"": ""BULLISH"", ""confirm_kind"": ""break""}",2040,1h,1,0.0029997782265125394,weak,NQ,7.5,20.0,TARGET_HIT,18.25,18.05,0.989041095890411,1.0,True,False,0.41324921135646686,18.25,11:50,ENTERED,21448.0,21484.5,1.0,2024-12-04,True,2024
True,HTF_1H_TREND_FIRST_PULLBACK_5M_BREAK,medium,LONG,21605.25,21605.0,1733502000,21637.75,1733508300,"{""adverse_ticks"": 1.0, ""stop_buffer_ticks"": 1.0, ""tod"": ""1030_1200"", ""gap_points"": 15.5, ""prior_ret"": -59.75, ""trend_1h"": ""BULLISH"", ""trend_4h"": ""BULLISH"", ""confirm_kind"": ""break""}",6300,1h,2,0.007385489958529501,medium,NQ,9.0,37.75,TARGET_HIT,32.5,32.3,0.9938461538461537,1.0,True,False,0.4683954619124797,32.5,11:20,ENTERED,21572.75,21637.75,1.0,2024-12-06,True,2024
False,HTF_1H_TREND_FIRST_PULLBACK_5M_BREAK,medium,SHORT,21501.0,21501.25,1733762400,21520.75,1733766660,"{""adverse_ticks"": 1.0, ""stop_buffer_ticks"": 1.0, ""tod"": ""1030_1200"", ""gap_points"": -43.5, ""prior_ret"": 167.5, ""trend_1h"": ""BEARISH"", ""trend_4h"": ""NEUTRAL"", ""confirm_kind"": ""break""}",4260,1h,1,-0.005007864544781637,medium,NQ,20.25,18.75,STOP_HIT,-19.75,-19.95,-1.010126582278481,-1.0,False,False,0.4134078212290503,19.75,11:40,ENTERED,21520.75,21481.25,1.0,2024-12-09,True,2024
True,HTF_1H_TREND_FIRST_PULLBACK_5M_BREAK,medium,LONG,21600.0,21599.75,1733844000,21569.0,1733844360,"{""adverse_ticks"": 1.0, ""stop_buffer_ticks"": 1.0, ""tod"": ""0930_1030"", ""gap_points"": 47.25, ""prior_ret"": -129.5, ""trend_1h"": ""BULLISH"", ""trend_4h"": ""BULLISH"", ""confirm_kind"": ""break""}",360,1h,1,0.002594109161974778,weak,NQ,32.75,2.5,STOP_HIT,-31.0,-31.2,-1.0064516129032257,-1.0,False,False,0.4804270462633452,31.0,10:20,ENTERED,21569.0,21631.0,1.0,2024-12-10,True,2024
False,HTF_1H_TREND_FIRST_PULLBACK_5M_BREAK,medium,LONG,21692.25,21692.0,1733928900,21751.25,1733934300,"{""adverse_ticks"": 1.0, ""stop_buffer_ticks"": 1.0, ""tod"": ""0930_1030"", ""gap_points"": 181.5, ""prior_ret"": -124.75, ""trend_1h"": ""BULLISH"", ""trend_4h"": ""NEUTRAL"", ""confirm_kind"": ""break""}",5400,1h,1,0.003729777612009988,weak,NQ,22.5,59.5,TARGET_HIT,59.0,58.8,0.9966101694915254,1.0,True,False,0.504225352112676,59.0,09:55,ENTERED,21633.25,21751.25,1.0,2024-12-11,True,2024
True,HTF_1H_TREND_FIRST_PULLBACK_5M_BREAK,medium,LONG,21989.5,21989.25,1734361500,21941.5,1734362460,"{""adverse_ticks"": 1.0, ""stop_buffer_ticks"": 1.0, ""tod"": ""0930_1030"", ""gap_points"": 102.0, ""prior_ret"": 2.25, ""trend_1h"": ""BULLISH"", ""trend_4h"": ""BULLISH"", ""confirm_kind"": ""break""}",960,1h,6,0.00497427101200687,medium,NQ,58.5,0.5,STOP_HIT,-48.0,-48.2,-1.0041666666666667,-1.0,False,False,0.41724137931034483,48.0,10:05,ENTERED,21941.5,22037.5,1.0,2024-12-16,True,2024
False,HTF_1H_TREND_FIRST_PULLBACK_5M_BREAK,medium,SHORT,21542.5,21542.75,1734628200,21515.0,1734628560,"{""adverse_ticks"": 1.0, ""stop_buffer_ticks"": 1.0, ""tod"": ""1200_1400"", ""gap_points"": 180.25, ""prior_ret"": -783.75, ""trend_1h"": ""BEARISH"", ""trend_4h"": ""BULLISH"", ""confirm_kind"": ""break""}",360,1h,1,-0.005201785446534601,medium,NQ,3.25,28.0,TARGET_HIT,27.5,27.3,0.9927272727272728,1.0,True,False,0.5034722222222222,27.5,12:10,ENTERED,21570.0,21515.0,1.0,2024-12-19,True,2024
False,HTF_1H_TREND_FIRST_PULLBACK_5M_BREAK,medium,LONG,21341.5,21341.25,1734707700,21439.5,1734708480,"{""adverse_ticks"": 1.0, ""stop_buffer_ticks"": 1.0, ""tod"": ""0930_1030"", ""gap_points"": -166.25, ""prior_ret"": -300.25, ""trend_1h"": ""BULLISH"", ""trend_4h"": ""NEUTRAL"", ""confirm_kind"": ""break""}",780,1h,2,0.005993840322198629,medium,NQ,17.0,111.5,TARGET_HIT,98.0,97.8,0.9979591836734694,1.0,True,False,0.5389221556886228,98.0,10:15,ENTERED,21243.5,21439.5,1.0,2024-12-20,True,2024
False,HTF_1H_TREND_FIRST_PULLBACK_5M_BREAK,medium,LONG,21708.75,21708.5,1734984900,21751.75,1734986580,"{""adverse_ticks"": 1.0, ""stop_buffer_ticks"": 1.0, ""tod"": ""1400_1530"", ""gap_points"": 51.75, ""prior_ret"": 357.0, ""trend_1h"": ""BULLISH"", ""trend_4h"": ""NEUTRAL"", ""confirm_kind"": ""break""}",1680,1h,3,0.006864643606720788,medium,NQ,39.0,46.75,TARGET_HIT,43.0,42.8,0.9953488372093022,1.0,True,False,0.4365079365079365,43.0,15:15,ENTERED,21665.75,21751.75,1.0,2024-12-23,True,2024
True,HTF_1H_TREND_FIRST_PULLBACK_5M_BREAK,medium,SHORT,21616.25,21616.5,1735312200,21524.25,1735312620,"{""adverse_ticks"": 1.0, ""stop_buffer_ticks"": 1.0, ""tod"": ""0930_1030"", ""gap_points"": -161.25, ""prior_ret"": 45.75, ""trend_1h"": ""BEARISH"", ""trend_4h"": ""BEARISH"", ""confirm_kind"": ""break""}",420,1h,1,-0.010467264144489286,strong,NQ,1.0,103.75,TARGET_HIT,92.0,91.8,0.9978260869565218,1.0,True,False,0.4297520661157025,92.0,10:10,ENTERED,21708.25,21524.25,1.0,2024-12-27,True,2024
True,HTF_1H_TREND_FIRST_PULLBACK_5M_BREAK,medium,SHORT,21307.5,21307.75,1735571100,21347.0,1735571640,"{""adverse_ticks"": 1.0, ""stop_buffer_ticks"": 1.0, ""tod"": ""0930_1030"", ""gap_points"": -294.0, ""prior_ret"": -143.0, ""trend_1h"": ""BEARISH"", ""trend_4h"": ""BEARISH"", ""confirm_kind"": ""break""}",540,1h,3,-0.016731908407524143,strong,NQ,47.25,24.75,STOP_HIT,-39.5,-39.7,-1.0050632911392405,-1.0,False,False,0.5049701789264414,39.5,10:05,ENTERED,21347.0,21268.0,1.0,2024-12-30,True,2024
False,HTF_1H_TREND_FIRST_PULLBACK_5M_BREAK,medium,SHORT,21287.25,21287.5,1735835100,21272.75,1735835160,"{""adverse_ticks"": 1.0, ""stop_buffer_ticks"": 1.0, ""tod"": ""1030_1200"", ""gap_points"": 127.5, ""prior_ret"": -235.75, ""trend_1h"": ""BEARISH"", ""trend_4h"": ""BULLISH"", ""confirm_kind"": ""break""}",60,1h,1,-0.008873775779948967,strong,NQ,11.75,20.0,TARGET_HIT,14.5,14.3,0.9862068965517242,1.0,True,False,0.5393103448275862,14.5,11:25,ENTERED,21301.75,21272.75,1.0,2025-01-02,True,2025
True,HTF_1H_TREND_FIRST_PULLBACK_5M_BREAK,medium,LONG,21402.25,21402.0,1735920300,21343.0,1735920480,"{""adverse_ticks"": 1.0, ""stop_buffer_ticks"": 1.0, ""tod"": ""1030_1200"", ""gap_points"": 124.75, ""prior_ret"": -178.75, ""trend_1h"": ""BULLISH"", ""trend_4h"": ""BULLISH"", ""confirm_kind"": ""break""}",180,1h,2,0.0061538823584783575,medium,NQ,61.5,1.0,STOP_HIT,-59.25,-59.45,-1.0033755274261604,-1.0,False,False,0.5153061224489796,59.25,11:05,ENTERED,21343.0,21461.5,1.0,2025-01-03,True,2025
True,HTF_1H_TREND_FIRST_PULLBACK_5M_BREAK,medium,LONG,21831.25,21831.0,1736175300,21785.75,1736176260,"{""adverse_ticks"": 1.0, ""stop_buffer_ticks"": 1.0, ""tod"": ""0930_1030"", ""gap_points"": 224.5, ""prior_ret"": 214.5, ""trend_1h"": ""BULLISH"", ""trend_4h"": ""BULLISH"", ""confirm_kind"": ""break""}",960,1h,7,0.0036918249152033678,weak,NQ,50.75,13.75,STOP_HIT,-45.5,-45.7,-1.0043956043956044,-1.0,False,False,0.4892086330935252,45.5,09:55,ENTERED,21785.75,21876.75,1.0,2025-01-06,True,2025
False,HTF_1H_TREND_FIRST_PULLBACK_5M_BREAK,medium,SHORT,21566.5,21566.75,1736262600,21422.5,1736264340,"{""adverse_ticks"": 1.0, ""stop_buffer_ticks"": 1.0, ""tod"": ""0930_1030"", ""gap_points"": 41.25, ""prior_ret"": 17.75, ""trend_1h"": ""BEARISH"", ""trend_4h"": ""NEUTRAL"", ""confirm_kind"": ""break""}",1740,1h,1,-0.0026874002273954423,weak,NQ,69.75,146.25,TARGET_HIT,144.0,143.8,0.9986111111111112,1.0,True,False,0.5777202072538861,144.0,10:10,ENTERED,21710.5,21422.5,1.0,2025-01-07,True,2025
False,HTF_1H_TREND_FIRST_PULLBACK_5M_BREAK,medium,SHORT,21034.75,21035.0,1736520600,20931.5,1736521380,"{""adverse_ticks"": 1.0, ""stop_buffer_ticks"": 1.0, ""tod"": ""0930_1030"", ""gap_points"": -167.75, ""prior_ret"": 4.5, ""trend_1h"": ""BEARISH"", ""trend_4h"": ""NEUTRAL"", ""confirm_kind"": ""break""}",780,1h,1,-0.007566767321904866,medium,NQ,34.5,105.5,TARGET_HIT,103.25,103.05,0.9980629539951573,1.0,True,False,0.4468937875751503,103.25,09:50,ENTERED,21138.0,20931.5,1.0,2025-01-10,True,2025
False,HTF_1H_TREND_FIRST_PULLBACK_5M_BREAK,medium,LONG,20878.25,20878.0,1736783400,20808.0,1736783880,"{""adverse_ticks"": 1.0, ""stop_buffer_ticks"": 1.0, ""tod"": ""1030_1200"", ""gap_points"": -249.75, ""prior_ret"": -177.0, ""trend_1h"": ""BULLISH"", ""trend_4h"": ""BEARISH"", ""confirm_kind"": ""break""}",480,1h,2,0.0024818978084601984,weak,NQ,80.5,2.25,STOP_HIT,-70.25,-70.45,-1.002846975088968,-1.0,False,False,0.5663265306122449,70.25,10:50,ENTERED,20808.0,20948.5,1.0,2025-01-13,True,2025
True,HTF_1H_TREND_FIRST_PULLBACK_5M_BREAK,medium,SHORT,20954.75,20955.0,1736869200,20880.75,1736870640,"{""adverse_ticks"": 1.0, ""stop_buffer_ticks"": 1.0, ""tod"": ""1030_1200"", ""gap_points"": 123.25, ""prior_ret"": 182.5, ""trend_1h"": ""BEARISH"", ""trend_4h"": ""BEARISH"", ""confirm_kind"": ""break""}",1440,1h,3,-0.005404060155722257,medium,NQ,65.5,79.25,TARGET_HIT,74.0,73.8,0.9972972972972972,1.0,True,False,0.5914489311163895,74.0,10:40,ENTERED,21028.75,20880.75,1.0,2025-01-14,True,2025
True,HTF_1H_TREND_FIRST_PULLBACK_5M_BREAK,medium,LONG,21332.75,21332.5,1736957400,21347.25,1736957520,"{""adverse_ticks"": 1.0, ""stop_buffer_ticks"": 1.0, ""tod"": ""1030_1200"", ""gap_points"": 328.25, ""prior_ret"": -148.5, ""trend_1h"": ""BULLISH"", ""trend_4h"": ""BULLISH"", ""confirm_kind"": ""break""}",120,1h,5,0.01534706512680084,strong,NQ,13.0,23.25,TARGET_HIT,14.5,14.3,0.9862068965517242,1.0,True,False,0.43381180223285487,14.5,11:10,ENTERED,21318.25,21347.25,1.0,2025-01-15,False,2025
False,HTF_1H_TREND_FIRST_PULLBACK_5M_BREAK,medium,SHORT,21364.75,21365.0,1737040500,21426.25,1737043140,"{""adverse_ticks"": 1.0, ""stop_buffer_ticks"": 1.0, ""tod"": ""0930_1030"", ""gap_points"": 98.75, ""prior_ret"": 144.5, ""trend_1h"": ""BEARISH"", ""trend_4h"": ""NEUTRAL"", ""confirm_kind"": ""break""}",2640,1h,1,-0.005547027630477208,medium,NQ,62.25,25.5,STOP_HIT,-61.5,-61.7,-1.0032520325203254,-1.0,False,False,0.41232227488151657,61.5,10:15,ENTERED,21426.25,21303.25,1.0,2025-01-16,True,2025
False,HTF_1H_TREND_FIRST_PULLBACK_5M_BREAK,medium,SHORT,21613.5,21613.75,1737472200,21590.25,1737472260,"{""adverse_ticks"": 1.0, ""stop_buffer_ticks"": 1.0, ""tod"": ""0930_1030"", ""gap_points"": 110.0, ""prior_ret"": -46.5, ""trend_1h"": ""BEARISH"", ""trend_4h"": ""NEUTRAL"", ""confirm_kind"": ""break""}",60,1h,1,-0.0026281814828476024,weak,NQ,11.75,50.75,TARGET_HIT,23.25,23.05,0.9913978494623656,1.0,True,True,0.46195652173913043,23.25,10:10,ENTERED,21636.75,21590.25,1.0,2025-01-21,True,2025
True,HTF_1H_TREND_FIRST_PULLBACK_5M_BREAK,medium,LONG,22006.5,22006.25,1737557700,22063.25,1737563760,"{""adverse_ticks"": 1.0, ""stop_buffer_ticks"": 1.0, ""tod"": ""0930_1030"", ""gap_points"": 199.25, ""prior_ret"": 3.75, ""trend_1h"": ""BULLISH"", ""trend_4h"": ""BULLISH"", ""confirm_kind"": ""break""}",6060,1h,1,0.0021592350138808225,weak,NQ,30.25,58.75,TARGET_HIT,56.75,56.55,0.9964757709251101,1.0,True,False,0.5117845117845118,56.75,09:55,ENTERED,21949.75,22063.25,1.0,2025-01-22,True,2025
False,HTF_1H_TREND_FIRST_PULLBACK_5M_BREAK,medium,LONG,21945.0,21944.75,1737652800,21930.5,1737653100,"{""adverse_ticks"": 1.0, ""stop_buffer_ticks"": 1.0, ""tod"": ""1200_1400"", ""gap_points"": -109.0, ""prior_ret"": 84.0, ""trend_1h"": ""BULLISH"", ""trend_4h"": ""BEARISH"", ""confirm_kind"": ""break""}",300,1h,1,0.0021689250122716164,weak,NQ,14.75,1.75,STOP_HIT,-14.5,-14.7,-1.013793103448276,-1.0,False,False,0.49244712990936557,14.5,12:20,ENTERED,21930.5,21959.5,1.0,2025-01-23,True,2025
False,HTF_1H_TREND_FIRST_PULLBACK_5M_BREAK,medium,SHORT,21976.75,21977.0,1737739800,21945.0,1737741300,"{""adverse_ticks"": 1.0, ""stop_buffer_ticks"": 1.0, ""tod"": ""1200_1400"", ""gap_points"": 2.5, ""prior_ret"": 153.0, ""trend_1h"": ""BEARISH"", ""trend_4h"": ""NEUTRAL"", ""confirm_kind"": ""break""}",1500,1h,1,-0.002224062999988674,weak,NQ,11.25,33.0,TARGET_HIT,31.75,31.55,0.9937007874015749,1.0,True,False,0.5135135135135135,31.75,12:30,ENTERED,22008.5,21945.0,1.0,2025-01-24,True,2025
False,HTF_1H_TREND_FIRST_PULLBACK_5M_BREAK,medium,LONG,21314.25,21314.0,1737991500,21400.75,1737992040,"{""adverse_ticks"": 1.0, ""stop_buffer_ticks"": 1.0, ""tod"": ""0930_1030"", ""gap_points"": -785.0, ""prior_ret"": -135.75, ""trend_1h"": ""BULLISH"", ""trend_4h"": ""BEARISH"", ""confirm_kind"": ""break""}",540,1h,1,0.021425066130441595,strong,NQ,16.75,94.5,TARGET_HIT,86.5,86.3,0.9976878612716763,1.0,True,False,0.5195402298850574,86.5,10:25,ENTERED,21227.75,21400.75,1.0,2025-01-27,True,2025
False,HTF_1H_TREND_FIRST_PULLBACK_5M_BREAK,medium,SHORT,21183.75,21184.0,1738075500,21262.25,1738075920,"{""adverse_ticks"": 1.0, ""stop_buffer_ticks"": 1.0, ""tod"": ""0930_1030"", ""gap_points"": 44.75, ""prior_ret"": 134.5, ""trend_1h"": ""BEARISH"", ""trend_4h"": ""BULLISH"", ""confirm_kind"": ""break""}",420,1h,2,-0.004416868230097792,medium,NQ,78.75,24.5,STOP_HIT,-78.5,-78.7,-1.002547770700637,-1.0,False,False,0.5862944162436549,78.5,09:45,ENTERED,21262.25,21105.25,1.0,2025-01-28,True,2025
False,HTF_1H_TREND_FIRST_PULLBACK_5M_BREAK,medium,SHORT,21508.0,21508.25,1738161900,21448.75,1738173660,"{""adverse_ticks"": 1.0, ""stop_buffer_ticks"": 1.0, ""tod"": ""0930_1030"", ""gap_points"": 24.25, ""prior_ret"": 272.75, ""trend_1h"": ""BEARISH"", ""trend_4h"": ""BULLISH"", ""confirm_kind"": ""break""}",11760,1h,1,-0.003022890899021635,weak,NQ,56.25,83.0,TARGET_HIT,59.25,59.05,0.9966244725738396,1.0,True,False,0.552901023890785,59.25,09:45,ENTERED,21567.25,21448.75,1.0,2025-01-29,True,2025
False,HTF_1H_TREND_FIRST_PULLBACK_5M_BREAK,medium,SHORT,21551.25,21551.5,1738255200,21570.0,1738255800,"{""adverse_ticks"": 1.0, ""stop_buffer_ticks"": 1.0, ""tod"": ""1030_1200"", ""gap_points"": 119.75, ""prior_ret"": -69.5, ""trend_1h"": ""BEARISH"", ""trend_4h"": ""NEUTRAL"", ""confirm_kind"": ""break""}",600,1h,1,-0.00824832780749285,strong,NQ,24.0,14.5,STOP_HIT,-18.75,-18.95,-1.0106666666666666,-1.0,False,False,0.46746203904555317,18.75,11:40,ENTERED,21570.0,21532.5,1.0,2025-01-30,True,2025
True,HTF_1H_TREND_FIRST_PULLBACK_5M_BREAK,medium,LONG,21900.5,21900.25,1738335900,21828.5,1738347600,"{""adverse_ticks"": 1.0, ""stop_buffer_ticks"": 1.0, ""tod"": ""0930_1030"", ""gap_points"": 151.0, ""prior_ret"": -27.0, ""trend_1h"": ""BULLISH"", ""trend_4h"": ""BULLISH"", ""confirm_kind"": ""break""}",11700,1h,1,0.0039827376443311024,weak,NQ,77.0,65.75,STOP_HIT,-72.0,-72.2,-1.0027777777777778,-1.0,False,False,0.44274809160305345,72.0,10:05,ENTERED,21828.5,21972.5,1.0,2025-01-31,True,2025
True,HTF_1H_TREND_FIRST_PULLBACK_5M_BREAK,medium,LONG,21431.5,21431.25,1738599300,21431.0,1738616100,"{""adverse_ticks"": 1.0, ""stop_buffer_ticks"": 1.0, ""tod"": ""1030_1200"", ""gap_points"": -365.25, ""prior_ret"": -193.25, ""trend_1h"": ""BULLISH"", ""trend_4h"": ""BULLISH"", ""confirm_kind"": ""break""}",16800,1h,1,0.009211053263916691,strong,NQ,90.25,88.5,TIME_EXIT,-0.5,-0.7,-0.007692307692307692,-0.005494505494505495,False,False,0.4824380165289256,91.0,11:15,ENTERED,21340.5,21522.5,1.0,2025-02-03,True,2025
True,HTF_1H_TREND_FIRST_PULLBACK_5M_BREAK,medium,LONG,21581.25,21581.0,1738690800,21612.75,1738691880,"{""adverse_ticks"": 1.0, ""stop_buffer_ticks"": 1.0, ""tod"": ""1200_1400"", ""gap_points"": 15.0, ""prior_ret"": 190.75, ""trend_1h"": ""BULLISH"", ""trend_4h"": ""BULLISH"", ""confirm_kind"": ""break""}",1080,1h,5,0.009344269935219307,strong,NQ,7.75,36.75,TARGET_HIT,31.5,31.3,0.9936507936507937,1.0,True,False,0.4298808432630614,31.5,12:40,ENTERED,21549.75,21612.75,1.0,2025-02-04,False,2025
False,HTF_1H_TREND_FIRST_PULLBACK_5M_BREAK,medium,LONG,21591.5,21591.25,1738771200,21614.0,1738771680,"{""adverse_ticks"": 1.0, ""stop_buffer_ticks"": 1.0, ""tod"": ""1030_1200"", ""gap_points"": -117.25, ""prior_ret"": 247.0, ""trend_1h"": ""BULLISH"", ""trend_4h"": ""NEUTRAL"", ""confirm_kind"": ""break""}",480,1h,3,0.004571043081790238,medium,NQ,15.25,23.75,TARGET_HIT,22.5,22.3,0.9911111111111112,1.0,True,False,0.549800796812749,22.5,11:00,ENTERED,21569.0,21614.0,1.0,2025-02-05,True,2025
False,HTF_1H_TREND_FIRST_PULLBACK_5M_BREAK,medium,SHORT,21715.75,21716.0,1738944600,21704.25,1738944600,"{""adverse_ticks"": 1.0, ""stop_buffer_ticks"": 1.0, ""tod"": ""1030_1200"", ""gap_points"": 15.25, ""prior_ret"": 93.75, ""trend_1h"": ""BEARISH"", ""trend_4h"": ""NEUTRAL"", ""confirm_kind"": ""break""}",0,1h,1,-0.006858083394294057,medium,NQ,0.0,35.0,TARGET_HIT,11.5,11.3,0.982608695652174,1.0,True,True,0.41483516483516486,11.5,11:10,ENTERED,21727.25,21704.25,1.0,2025-02-07,True,2025
True,HTF_1H_TREND_FIRST_PULLBACK_5M_BREAK,medium,LONG,21846.0,21845.75,1739200800,21879.0,1739201760,"{""adverse_ticks"": 1.0, ""stop_buffer_ticks"": 1.0, ""tod"": ""0930_1030"", ""gap_points"": 176.0, ""prior_ret"": -297.75, ""trend_1h"": ""BULLISH"", ""trend_4h"": ""BULLISH"", ""confirm_kind"": ""break""}",960,1h,4,0.0029802658074908894,weak,NQ,12.0,35.5,TARGET_HIT,33.0,32.8,0.9939393939393939,1.0,True,False,0.44,33.0,10:20,ENTERED,21813.0,21879.0,1.0,2025-02-10,True,2025
False,HTF_1H_TREND_FIRST_PULLBACK_5M_BREAK,medium,LONG,21800.75,21800.5,1739286900,21840.75,1739287680,"{""adverse_ticks"": 1.0, ""stop_buffer_ticks"": 1.0, ""tod"": ""0930_1030"", ""gap_points"": -137.75, ""prior_ret"": 79.5, ""trend_1h"": ""BULLISH"", ""trend_4h"": ""NEUTRAL"", ""confirm_kind"": ""break""}",780,1h,1,0.00201297506211473,weak,NQ,15.5,42.0,TARGET_HIT,40.0,39.8,0.9949999999999999,1.0,True,False,0.5164835164835165,40.0,10:15,ENTERED,21760.75,21840.75,1.0,2025-02-11,True,2025
True,HTF_1H_TREND_FIRST_PULLBACK_5M_BREAK,medium,SHORT,22161.25,22161.5,1739892000,22207.5,1739895120,"{""adverse_ticks"": 1.0, ""stop_buffer_ticks"": 1.0, ""tod"": ""0930_1030"", ""gap_points"": 63.5, ""prior_ret"": 86.25, ""trend_1h"": ""BEARISH"", ""trend_4h"": ""BEARISH"", ""confirm_kind"": ""break""}",3120,1h,1,-0.0035343618513323793,weak,NQ,48.0,36.5,STOP_HIT,-46.25,-46.45,-1.0043243243243243,-1.0,False,False,0.5068807339449541,46.25,10:20,ENTERED,22207.5,22115.0,1.0,2025-02-18,True,2025
True,HTF_1H_TREND_FIRST_PULLBACK_5M_BREAK,medium,SHORT,22075.75,22076.0,1740066000,22043.75,1740066360,"{""adverse_ticks"": 1.0, ""stop_buffer_ticks"": 1.0, ""tod"": ""1030_1200"", ""gap_points"": -37.5, ""prior_ret"": 39.75, ""trend_1h"": ""BEARISH"", ""trend_4h"": ""BEARISH"", ""confirm_kind"": ""break""}",360,1h,1,-0.00871454789060655,strong,NQ,5.25,39.0,TARGET_HIT,32.0,31.8,0.99375,1.0,True,False,0.528046421663443,32.0,10:40,ENTERED,22107.75,22043.75,1.0,2025-02-20,True,2025
True,HTF_1H_TREND_FIRST_PULLBACK_5M_BREAK,medium,SHORT,22030.25,22030.5,1740151500,21949.5,1740152640,"{""adverse_ticks"": 1.0, ""stop_buffer_ticks"": 1.0, ""tod"": ""0930_1030"", ""gap_points"": 41.5, ""prior_ret"": -64.75, ""trend_1h"": ""BEARISH"", ""trend_4h"": ""BEARISH"", ""confirm_kind"": ""break""}",1140,1h,1,-0.0034282878859642762,weak,NQ,8.75,89.75,TARGET_HIT,80.75,80.55,0.9975232198142414,1.0,True,False,0.4524236983842011,80.75,10:25,ENTERED,22111.0,21949.5,1.0,2025-02-21,True,2025
True,HTF_1H_TREND_FIRST_PULLBACK_5M_BREAK,medium,SHORT,21506.25,21506.5,1740411000,21585.5,1740414360,"{""adverse_ticks"": 1.0, ""stop_buffer_ticks"": 1.0, ""tod"": ""1030_1200"", ""gap_points"": 70.0, ""prior_ret"": -503.75, ""trend_1h"": ""BEARISH"", ""trend_4h"": ""BEARISH"", ""confirm_kind"": ""break""}",3360,1h,1,-0.008994520579417187,strong,NQ,83.25,62.5,STOP_HIT,-79.25,-79.45,-1.0025236593059936,-1.0,False,False,0.45454545454545453,79.25,10:30,ENTERED,21585.5,21427.0,1.0,2025-02-24,True,2025
True,HTF_1H_TREND_FIRST_PULLBACK_5M_BREAK,medium,SHORT,21147.25,21147.5,1740503400,21203.0,1740505080,"{""adverse_ticks"": 1.0, ""stop_buffer_ticks"": 1.0, ""tod"": ""1200_1400"", ""gap_points"": -30.0, ""prior_ret"": -331.5, ""trend_1h"": ""BEARISH"", ""trend_4h"": ""BEARISH"", ""confirm_kind"": ""break""}",1680,1h,2,-0.012097667961595393,strong,NQ,56.25,38.25,STOP_HIT,-55.75,-55.95,-1.0035874439461885,-1.0,False,False,0.5305486284289277,55.75,12:10,ENTERED,21203.0,21091.5,1.0,2025-02-25,True,2025
True,HTF_1H_TREND_FIRST_PULLBACK_5M_BREAK,medium,LONG,21375.25,21375.0,1740589800,21333.5,1740591300,"{""adverse_ticks"": 1.0, ""stop_buffer_ticks"": 1.0, ""tod"": ""1200_1400"", ""gap_points"": 89.0, ""prior_ret"": -241.25, ""trend_1h"": ""BULLISH"", ""trend_4h"": ""BULLISH"", ""confirm_kind"": ""break""}",1500,1h,2,0.0027593818984548157,weak,NQ,54.75,32.75,STOP_HIT,-41.75,-41.95,-1.0047904191616768,-1.0,False,False,0.40762463343108507,41.75,12:10,ENTERED,21333.5,21417.0,1.0,2025-02-26,True,2025
True,HTF_1H_TREND_FIRST_PULLBACK_5M_BREAK,medium,SHORT,21067.25,21067.5,1740670500,20968.25,1740676560,"{""adverse_ticks"": 1.0, ""stop_buffer_ticks"": 1.0, ""tod"": ""1030_1200"", ""gap_points"": 149.5, ""prior_ret"": -47.5, ""trend_1h"": ""BEARISH"", ""trend_4h"": ""BEARISH"", ""confirm_kind"": ""break""}",6060,1h,1,-0.014645013777334848,strong,NQ,92.25,99.5,TARGET_HIT,99.0,98.8,0.997979797979798,1.0,True,False,0.42857142857142855,99.0,10:35,ENTERED,21166.25,20968.25,1.0,2025-02-27,True,2025
False,HTF_1H_TREND_FIRST_PULLBACK_5M_BREAK,medium,LONG,20675.75,20675.5,1740759900,20643.75,1740760080,"{""adverse_ticks"": 1.0, ""stop_buffer_ticks"": 1.0, ""tod"": ""1030_1200"", ""gap_points"": -18.0, ""prior_ret"": -732.5, ""trend_1h"": ""BULLISH"", ""trend_4h"": ""NEUTRAL"", ""confirm_kind"": ""break""}",180,1h,1,0.004730849738048937,medium,NQ,38.5,10.25,STOP_HIT,-32.0,-32.2,-1.00625,-1.0,False,False,0.45539280958721706,32.0,11:25,ENTERED,20643.75,20707.75,1.0,2025-02-28,True,2025
True,HTF_1H_TREND_FIRST_PULLBACK_5M_BREAK,medium,SHORT,20868.25,20868.5,1741014300,20819.25,1741014540,"{""adverse_ticks"": 1.0, ""stop_buffer_ticks"": 1.0, ""tod"": ""0930_1030"", ""gap_points"": 135.75, ""prior_ret"": 329.5, ""trend_1h"": ""BEARISH"", ""trend_4h"": ""BEARISH"", ""confirm_kind"": ""break""}",240,1h,1,-0.007546271499137114,medium,NQ,30.0,64.25,TARGET_HIT,49.0,48.8,0.9959183673469387,1.0,True,False,0.4010810810810811,49.0,10:05,ENTERED,20917.25,20819.25,1.0,2025-03-03,True,2025
True,HTF_1H_TREND_FIRST_PULLBACK_5M_BREAK,medium,SHORT,20188.0,20188.25,1741101000,20120.0,1741101480,"{""adverse_ticks"": 1.0, ""stop_buffer_ticks"": 1.0, ""tod"": ""0930_1030"", ""gap_points"": -130.5, ""prior_ret"": -582.5, ""trend_1h"": ""BEARISH"", ""trend_4h"": ""BEARISH"", ""confirm_kind"": ""break""}",480,1h,3,-0.011276587946390415,strong,NQ,56.75,90.75,TARGET_HIT,68.0,67.8,0.9970588235294118,1.0,True,False,0.47344461305007585,68.0,10:10,ENTERED,20256.0,20120.0,1.0,2025-03-04,True,2025
True,HTF_1H_TREND_FIRST_PULLBACK_5M_BREAK,medium,SHORT,20300.75,20301.0,1741191900,20269.75,1741191960,"{""adverse_ticks"": 1.0, ""stop_buffer_ticks"": 1.0, ""tod"": ""1030_1200"", ""gap_points"": 23.75, ""prior_ret"": 55.0, ""trend_1h"": ""BEARISH"", ""trend_4h"": ""BEARISH"", ""confirm_kind"": ""break""}",60,1h,5,-0.004928692554502345,medium,NQ,8.0,44.5,TARGET_HIT,31.0,30.8,0.9935483870967742,1.0,True,False,0.47128129602356406,31.0,11:25,ENTERED,20331.75,20269.75,1.0,2025-03-05,True,2025
True,HTF_1H_TREND_FIRST_PULLBACK_5M_BREAK,medium,SHORT,20184.75,20185.0,1741281600,20219.75,1741281600,"{""adverse_ticks"": 1.0, ""stop_buffer_ticks"": 1.0, ""tod"": ""1200_1400"", ""gap_points"": -347.25, ""prior_ret"": 236.75, ""trend_1h"": ""BEARISH"", ""trend_4h"": ""BEARISH"", ""confirm_kind"": ""break""}",0,1h,1,-0.005841637622109874,medium,NQ,42.5,2.0,STOP_HIT,-35.0,-35.2,-1.0057142857142858,-1.0,False,False,0.4035947712418301,35.0,12:20,ENTERED,20219.75,20149.75,1.0,2025-03-06,True,2025
True,HTF_1H_TREND_FIRST_PULLBACK_5M_BREAK,medium,SHORT,19806.5,19806.75,1741367400,19896.0,1741368780,"{""adverse_ticks"": 1.0, ""stop_buffer_ticks"": 1.0, ""tod"": ""1200_1400"", ""gap_points"": -55.25, ""prior_ret"": -219.0, ""trend_1h"": ""BEARISH"", ""trend_4h"": ""BEARISH"", ""confirm_kind"": ""break""}",1380,1h,2,-0.014645962732919293,strong,NQ,123.75,35.75,STOP_HIT,-89.5,-89.7,-1.0022346368715085,-1.0,False,False,0.4806273062730627,89.5,12:10,ENTERED,19896.0,19717.0,1.0,2025-03-07,True,2025
True,HTF_1H_TREND_FIRST_PULLBACK_5M_BREAK,medium,SHORT,19719.75,19720.0,1741616100,19649.25,1741617000,"{""adverse_ticks"": 1.0, ""stop_buffer_ticks"": 1.0, ""tod"": ""0930_1030"", ""gap_points"": -343.0, ""prior_ret"": 187.5, ""trend_1h"": ""BEARISH"", ""trend_4h"": ""BEARISH"", ""confirm_kind"": ""break""}",900,1h,6,-0.010573942605739406,strong,NQ,29.5,76.5,TARGET_HIT,70.5,70.3,0.9971631205673759,1.0,True,False,0.5210526315789473,70.5,10:15,ENTERED,19790.25,19649.25,1.0,2025-03-10,True,2025
False,HTF_1H_TREND_FIRST_PULLBACK_5M_BREAK,medium,SHORT,19294.5,19294.75,1741712700,19235.75,1741713720,"{""adverse_ticks"": 1.0, ""stop_buffer_ticks"": 1.0, ""tod"": ""1200_1400"", ""gap_points"": -43.0, ""prior_ret"": -417.5, ""trend_1h"": ""BEARISH"", ""trend_4h"": ""BULLISH"", ""confirm_kind"": ""break""}",1020,1h,3,-0.006682773865213543,medium,NQ,26.25,59.75,TARGET_HIT,58.75,58.55,0.996595744680851,1.0,True,False,0.5673076923076923,58.75,13:05,ENTERED,19353.25,19235.75,1.0,2025-03-11,True,2025
False,HTF_1H_TREND_FIRST_PULLBACK_5M_BREAK,medium,SHORT,19439.25,19439.5,1741791900,19563.25,1741793760,"{""adverse_ticks"": 1.0, ""stop_buffer_ticks"": 1.0, ""tod"": ""1030_1200"", ""gap_points"": 303.5, ""prior_ret"": -27.5, ""trend_1h"": ""BEARISH"", ""trend_4h"": ""BULLISH"", ""confirm_kind"": ""break""}",1860,1h,1,-0.003823431625789575,weak,NQ,126.0,44.25,STOP_HIT,-124.0,-124.2,-1.0016129032258065,-1.0,False,False,0.4118942731277533,124.0,11:05,ENTERED,19563.25,19315.25,1.0,2025-03-12,True,2025
True,HTF_1H_TREND_FIRST_PULLBACK_5M_BREAK,medium,SHORT,19477.25,19477.5,1741875300,,1741875300,"{""adverse_ticks"": 1.0, ""stop_buffer_ticks"": 1.0, ""tod"": ""0930_1030"", ""gap_points"": -35.0, ""prior_ret"": -87.5, ""trend_1h"": ""BEARISH"", ""trend_4h"": ""BEARISH"", ""confirm_kind"": ""break""}",,1h,1,-0.012202897072324803,strong,NQ,18.25,10.0,AMBIGUOUS,,,,,True,False,0.5020040080160321,6.0,10:15,ENTERED,19483.25,19471.25,1.0,2025-03-13,False,2025
True,HTF_1H_TREND_FIRST_PULLBACK_5M_BREAK,medium,LONG,19597.5,19597.25,1741960200,19529.5,1741960800,"{""adverse_ticks"": 1.0, ""stop_buffer_ticks"": 1.0, ""tod"": ""0930_1030"", ""gap_points"": 213.5, ""prior_ret"": -322.5, ""trend_1h"": ""BULLISH"", ""trend_4h"": ""BULLISH"", ""confirm_kind"": ""break""}",600,1h,3,0.003513016175316297,weak,NQ,160.5,23.5,STOP_HIT,-68.0,-68.2,-1.0029411764705882,-1.0,False,False,0.522140221402214,68.0,09:50,ENTERED,19529.5,19665.5,1.0,2025-03-14,True,2025
True,HTF_1H_TREND_FIRST_PULLBACK_5M_BREAK,medium,SHORT,19508.0,19508.25,1742305500,19494.25,1742327700,"{""adverse_ticks"": 1.0, ""stop_buffer_ticks"": 1.0, ""tod"": ""0930_1030"", ""gap_points"": -139.5, ""prior_ret"": 129.0, ""trend_1h"": ""BEARISH"", ""trend_4h"": ""BEARISH"", ""confirm_kind"": ""break""}",22200,1h,1,-0.005904394231861065,medium,NQ,70.75,110.5,TIME_EXIT,13.75,13.55,0.10423076923076924,0.10576923076923077,False,False,0.5666003976143141,130.0,09:45,ENTERED,19638.0,19378.0,1.0,2025-03-18,True,2025
True,HTF_1H_TREND_FIRST_PULLBACK_5M_BREAK,medium,LONG,19864.0,19863.75,1742393100,19818.5,1742395440,"{""adverse_ticks"": 1.0, ""stop_buffer_ticks"": 1.0, ""tod"": ""0930_1030"", ""gap_points"": 287.5, ""prior_ret"": -190.75, ""trend_1h"": ""BULLISH"", ""trend_4h"": ""BULLISH"", ""confirm_kind"": ""break""}",2340,1h,1,0.002985187902399433,weak,NQ,48.5,37.0,STOP_HIT,-45.5,-45.7,-1.0043956043956044,-1.0,False,False,0.4663677130044843,45.5,10:05,ENTERED,19818.5,19909.5,1.0,2025-03-19,True,2025
False,HTF_1H_TREND_FIRST_PULLBACK_5M_BREAK,medium,LONG,20025.75,20025.5,1742485500,19964.75,1742487000,"{""adverse_ticks"": 1.0, ""stop_buffer_ticks"": 1.0, ""tod"": ""1030_1200"", ""gap_points"": -167.0, ""prior_ret"": 164.5, ""trend_1h"": ""BULLISH"", ""trend_4h"": ""BEARISH"", ""confirm_kind"": ""break""}",1500,1h,1,0.01151890589318838,strong,NQ,73.5,30.25,STOP_HIT,-61.0,-61.2,-1.0032786885245901,-1.0,False,False,0.43956043956043955,61.0,11:45,ENTERED,19964.75,20086.75,1.0,2025-03-20,True,2025
True,HTF_1H_TREND_FIRST_PULLBACK_5M_BREAK,medium,LONG,20453.75,20453.5,1742913000,20492.0,1742914980,"{""adverse_ticks"": 1.0, ""stop_buffer_ticks"": 1.0, ""tod"": ""1030_1200"", ""gap_points"": 35.5, ""prior_ret"": 109.5, ""trend_1h"": ""BULLISH"", ""trend_4h"": ""BULLISH"", ""confirm_kind"": ""break""}",1980,1h,3,0.003305724187086856,weak,NQ,31.75,40.75,TARGET_HIT,38.25,38.05,0.9947712418300653,1.0,True,False,0.5521472392638037,38.25,10:30,ENTERED,20415.5,20492.0,1.0,2025-03-25,True,2025
True,HTF_1H_TREND_FIRST_PULLBACK_5M_BREAK,medium,SHORT,20312.0,20312.25,1742998200,20247.5,1742998860,"{""adverse_ticks"": 1.0, ""stop_buffer_ticks"": 1.0, ""tod"": ""0930_1030"", ""gap_points"": -48.75, ""prior_ret"": 86.5, ""trend_1h"": ""BEARISH"", ""trend_4h"": ""BEARISH"", ""confirm_kind"": ""break""}",660,1h,1,-0.005689395700529731,medium,NQ,14.75,69.5,TARGET_HIT,64.5,64.3,0.9968992248062015,1.0,True,False,0.5281954887218046,64.5,10:10,ENTERED,20376.5,20247.5,1.0,2025-03-26,True,2025
True,HTF_1H_TREND_FIRST_PULLBACK_5M_BREAK,medium,SHORT,19839.5,19839.75,1743170700,19799.75,1743170760,"{""adverse_ticks"": 1.0, ""stop_buffer_ticks"": 1.0, ""tod"": ""0930_1030"", ""gap_points"": -83.5, ""prior_ret"": -34.0, ""trend_1h"": ""BEARISH"", ""trend_4h"": ""BEARISH"", ""confirm_kind"": ""break""}",60,1h,2,-0.0026871593962680684,weak,NQ,4.0,45.25,TARGET_HIT,39.75,39.55,0.9949685534591194,1.0,True,False,0.4471830985915493,39.75,10:05,ENTERED,19879.25,19799.75,1.0,2025-03-28,True,2025
False,HTF_1H_TREND_FIRST_PULLBACK_5M_BREAK,medium,SHORT,19335.5,19335.75,1743517500,19344.75,1743517500,"{""adverse_ticks"": 1.0, ""stop_buffer_ticks"": 1.0, ""tod"": ""0930_1030"", ""gap_points"": -69.5, ""prior_ret"": 283.5, ""trend_1h"": ""BEARISH"", ""trend_4h"": ""BULLISH"", ""confirm_kind"": ""break""}",0,1h,3,-0.0045669715590562765,medium,NQ,25.5,5.0,STOP_HIT,-9.25,-9.45,-1.0216216216216216,-1.0,False,False,0.40789473684210525,9.25,10:25,ENTERED,19344.75,19326.25,1.0,2025-04-01,True,2025
True,HTF_1H_TREND_FIRST_PULLBACK_5M_BREAK,medium,LONG,19700.25,19700.0,1743619200,19796.0,1743623340,"{""adverse_ticks"": 1.0, ""stop_buffer_ticks"": 1.0, ""tod"": ""1400_1530"", ""gap_points"": -275.5, ""prior_ret"": 223.0, ""trend_1h"": ""BULLISH"", ""trend_4h"": ""BULLISH"", ""confirm_kind"": ""break""}",4140,1h,4,0.010918399999999995,strong,NQ,94.25,96.0,TARGET_HIT,95.75,95.55,0.997911227154047,1.0,True,False,0.4117385504668742,95.75,14:40,ENTERED,19604.5,19796.0,1.0,2025-04-02,True,2025
True,HTF_1H_TREND_FIRST_PULLBACK_5M_BREAK,medium,SHORT,18783.75,18784.0,1743692100,18858.5,1743693960,"{""adverse_ticks"": 1.0, ""stop_buffer_ticks"": 1.0, ""tod"": ""1030_1200"", ""gap_points"": -822.25, ""prior_ret"": 418.5, ""trend_1h"": ""BEARISH"", ""trend_4h"": ""BEARISH"", ""confirm_kind"": ""break""}",1860,1h,4,-0.002377262339436248,weak,NQ,82.0,64.0,STOP_HIT,-74.75,-74.95,-1.002675585284281,-1.0,False,False,0.5327433628318584,74.75,10:55,ENTERED,18858.5,18709.0,1.0,2025-04-03,True,2025
True,HTF_1H_TREND_FIRST_PULLBACK_5M_BREAK,medium,SHORT,18020.25,18020.5,1743776400,18054.0,1743776400,"{""adverse_ticks"": 1.0, ""stop_buffer_ticks"": 1.0, ""tod"": ""0930_1030"", ""gap_points"": -531.25, ""prior_ret"": -238.5, ""trend_1h"": ""BEARISH"", ""trend_4h"": ""BEARISH"", ""confirm_kind"": ""break""}",0,1h,5,-0.020325203252032575,strong,NQ,39.5,13.5,STOP_HIT,-33.75,-33.95,-1.0059259259259261,-1.0,False,False,0.43319268635724334,33.75,10:20,ENTERED,18054.0,17986.5,1.0,2025-04-04,True,2025
True,HTF_1H_TREND_FIRST_PULLBACK_5M_BREAK,medium,LONG,17230.0,17229.75,1744034700,17383.75,1744035000,"{""adverse_ticks"": 1.0, ""stop_buffer_ticks"": 1.0, ""tod"": ""0930_1030"", ""gap_points"": -609.75, ""prior_ret"": -619.75, ""trend_1h"": ""BULLISH"", ""trend_4h"": ""BULLISH"", ""confirm_kind"": ""break""}",300,1h,6,0.02281171820644534,strong,NQ,10.25,327.25,TARGET_HIT,153.75,153.55,0.99869918699187,1.0,True,True,0.591919191919192,153.75,10:05,ENTERED,17076.25,17383.75,1.0,2025-04-07,True,2025
True,HTF_1H_TREND_FIRST_PULLBACK_5M_BREAK,medium,LONG,18321.25,18321.0,1744121400,18219.0,1744123500,"{""adverse_ticks"": 1.0, ""stop_buffer_ticks"": 1.0, ""tod"": ""0930_1030"", ""gap_points"": 589.75, ""prior_ret"": 635.75, ""trend_1h"": ""BULLISH"", ""trend_4h"": ""BULLISH"", ""confirm_kind"": ""break""}",2100,1h,3,0.029535805464265152,strong,NQ,103.0,36.25,STOP_HIT,-102.25,-102.45,-1.001955990220049,-1.0,False,False,0.5454545454545454,102.25,10:10,ENTERED,18219.0,18423.5,1.0,2025-04-08,True,2025
True,HTF_1H_TREND_FIRST_PULLBACK_5M_BREAK,medium,LONG,17446.5,17446.25,1744208700,17332.75,1744210260,"{""adverse_ticks"": 1.0, ""stop_buffer_ticks"": 1.0, ""tod"": ""0930_1030"", ""gap_points"": -31.0, ""prior_ret"": -911.0, ""trend_1h"": ""BULLISH"", ""trend_4h"": ""BULLISH"", ""confirm_kind"": ""break""}",1560,1h,1,0.010307785852853524,strong,NQ,144.5,107.0,STOP_HIT,-113.75,-113.95,-1.0017582417582418,-1.0,False,False,0.40424164524421596,113.75,10:25,ENTERED,17332.75,17560.25,1.0,2025-04-09,True,2025
True,HTF_1H_TREND_FIRST_PULLBACK_5M_BREAK,medium,SHORT,18621.0,18621.25,1744294500,18708.25,1744295040,"{""adverse_ticks"": 1.0, ""stop_buffer_ticks"": 1.0, ""tod"": ""0930_1030"", ""gap_points"": -478.75, ""prior_ret"": 2061.0, ""trend_1h"": ""BEARISH"", ""trend_4h"": ""BEARISH"", ""confirm_kind"": ""break""}",540,1h,1,-0.010144274120829522,strong,NQ,100.75,30.0,STOP_HIT,-87.25,-87.45,-1.0022922636103153,-1.0,False,False,0.5978128797083839,87.25,10:15,ENTERED,18708.25,18533.75,1.0,2025-04-10,True,2025
True,HTF_1H_TREND_FIRST_PULLBACK_5M_BREAK,medium,LONG,18627.75,18627.5,1744379700,18524.5,1744380000,"{""adverse_ticks"": 1.0, ""stop_buffer_ticks"": 1.0, ""tod"": ""0930_1030"", ""gap_points"": -67.5, ""prior_ret"": -307.75, ""trend_1h"": ""BULLISH"", ""trend_4h"": ""BULLISH"", ""confirm_kind"": ""break""}",300,1h,1,0.005000339696990208,medium,NQ,122.5,3.25,STOP_HIT,-103.25,-103.45,-1.0019370460048427,-1.0,False,False,0.4803804994054697,103.25,09:55,ENTERED,18524.5,18731.0,1.0,2025-04-11,True,2025
True,HTF_1H_TREND_FIRST_PULLBACK_5M_BREAK,medium,SHORT,18957.25,18957.5,1744654500,18982.5,1744654800,"{""adverse_ticks"": 1.0, ""stop_buffer_ticks"": 1.0, ""tod"": ""1400_1530"", ""gap_points"": 422.5, ""prior_ret"": 394.0, ""trend_1h"": ""BEARISH"", ""trend_4h"": ""BEARISH"", ""confirm_kind"": ""break""}",300,1h,3,-0.005486860413220995,medium,NQ,30.5,13.75,STOP_HIT,-25.25,-25.45,-1.007920792079208,-1.0,False,False,0.4332659251769464,25.25,14:15,ENTERED,18982.5,18932.0,1.0,2025-04-14,True,2025
True,HTF_1H_TREND_FIRST_PULLBACK_5M_BREAK,medium,LONG,19090.0,19089.75,1744726200,19123.75,1744726260,"{""adverse_ticks"": 1.0, ""stop_buffer_ticks"": 1.0, ""tod"": ""0930_1030"", ""gap_points"": 44.5, ""prior_ret"": -289.75, ""trend_1h"": ""BULLISH"", ""trend_4h"": ""BULLISH"", ""confirm_kind"": ""break""}",60,1h,1,0.00458359127010266,medium,NQ,6.75,42.0,TARGET_HIT,33.75,33.55,0.994074074074074,1.0,True,False,0.40152963671128106,33.75,10:10,ENTERED,19056.25,19123.75,1.0,2025-04-15,True,2025
False,HTF_1H_TREND_FIRST_PULLBACK_5M_BREAK,medium,SHORT,18358.25,18358.5,1744899900,18296.75,1744900200,"{""adverse_ticks"": 1.0, ""stop_buffer_ticks"": 1.0, ""tod"": ""0930_1030"", ""gap_points"": 111.5, ""prior_ret"": -197.5, ""trend_1h"": ""BEARISH"", ""trend_4h"": ""NEUTRAL"", ""confirm_kind"": ""break""}",300,1h,1,-0.005907684026375981,medium,NQ,13.5,67.25,TARGET_HIT,61.5,61.3,0.9967479674796748,1.0,True,False,0.4056603773584906,61.5,10:25,ENTERED,18419.75,18296.75,1.0,2025-04-17,True,2025
True,HTF_1H_TREND_FIRST_PULLBACK_5M_BREAK,medium,SHORT,17966.25,17966.5,1745244300,17873.25,1745248980,"{""adverse_ticks"": 1.0, ""stop_buffer_ticks"": 1.0, ""tod"": ""0930_1030"", ""gap_points"": -244.0, ""prior_ret"": -125.0, ""trend_1h"": ""BEARISH"", ""trend_4h"": ""BEARISH"", ""confirm_kind"": ""break""}",4680,1h,3,-0.009754151361316299,strong,NQ,21.75,93.25,TARGET_HIT,93.0,92.8,0.9978494623655914,1.0,True,False,0.4805914972273567,93.0,10:05,ENTERED,18059.25,17873.25,1.0,2025-04-21,True,2025
True,HTF_1H_TREND_FIRST_PULLBACK_5M_BREAK,medium,LONG,18265.5,18265.25,1745330700,18331.25,1745333160,"{""adverse_ticks"": 1.0, ""stop_buffer_ticks"": 1.0, ""tod"": ""0930_1030"", ""gap_points"": 230.0, ""prior_ret"": -207.0, ""trend_1h"": ""BULLISH"", ""trend_4h"": ""BULLISH"", ""confirm_kind"": ""break""}",2460,1h,1,0.008884651522688358,strong,NQ,24.5,69.25,TARGET_HIT,65.75,65.55,0.9969581749049429,1.0,True,False,0.5364077669902912,65.75,10:05,ENTERED,18199.75,18331.25,1.0,2025-04-22,True,2025
True,HTF_1H_TREND_FIRST_PULLBACK_5M_BREAK,medium,LONG,19036.25,19036.0,1745416500,19015.75,1745416500,"{""adverse_ticks"": 1.0, ""stop_buffer_ticks"": 1.0, ""tod"": ""0930_1030"", ""gap_points"": 569.0, ""prior_ret"": 227.75, ""trend_1h"": ""BULLISH"", ""trend_4h"": ""BULLISH"", ""confirm_kind"": ""break""}",0,1h,8,0.007195677283167168,medium,NQ,42.25,3.75,STOP_HIT,-20.5,-20.7,-1.0097560975609756,-1.0,False,False,0.5902140672782875,20.5,09:55,ENTERED,19015.75,19056.75,1.0,2025-04-23,True,2025
False,HTF_1H_TREND_FIRST_PULLBACK_5M_BREAK,medium,LONG,19364.5,19364.25,1745594400,19334.75,1745595420,"{""adverse_ticks"": 1.0, ""stop_buffer_ticks"": 1.0, ""tod"": ""1030_1200"", ""gap_points"": -17.75, ""prior_ret"": 444.5, ""trend_1h"": ""BULLISH"", ""trend_4h"": ""BEARISH"", ""confirm_kind"": ""break""}",1020,1h,1,0.005590078261095588,medium,NQ,36.75,28.75,STOP_HIT,-29.75,-29.95,-1.0067226890756302,-1.0,False,False,0.5734939759036145,29.75,11:20,ENTERED,19334.75,19394.25,1.0,2025-04-25,True,2025
False,HTF_1H_TREND_FIRST_PULLBACK_5M_BREAK,medium,LONG,19554.25,19554.0,1745940600,19512.0,1745940840,"{""adverse_ticks"": 1.0, ""stop_buffer_ticks"": 1.0, ""tod"": ""1030_1200"", ""gap_points"": -97.75, ""prior_ret"": -23.75, ""trend_1h"": ""BULLISH"", ""trend_4h"": ""BEARISH"", ""confirm_kind"": ""break""}",240,1h,1,0.005154837468744011,medium,NQ,46.75,7.25,STOP_HIT,-42.25,-42.45,-1.004733727810651,-1.0,False,False,0.48143236074270557,42.25,11:30,ENTERED,19512.0,19596.5,1.0,2025-04-29,True,2025
True,HTF_1H_TREND_FIRST_PULLBACK_5M_BREAK,medium,SHORT,19120.25,19120.5,1746021600,19215.75,1746022140,"{""adverse_ticks"": 1.0, ""stop_buffer_ticks"": 1.0, ""tod"": ""0930_1030"", ""gap_points"": -343.5, ""prior_ret"": 218.0, ""trend_1h"": ""BEARISH"", ""trend_4h"": ""BEARISH"", ""confirm_kind"": ""break""}",540,1h,3,-0.02386573926360791,strong,NQ,104.5,16.75,STOP_HIT,-95.5,-95.7,-1.0020942408376963,-1.0,False,False,0.4421052631578947,95.5,10:00,ENTERED,19215.75,19024.75,1.0,2025-04-30,True,2025
True,HTF_1H_TREND_FIRST_PULLBACK_5M_BREAK,medium,LONG,20148.0,20147.75,1746195600,20115.75,1746195600,"{""adverse_ticks"": 1.0, ""stop_buffer_ticks"": 1.0, ""tod"": ""0930_1030"", ""gap_points"": 213.25, ""prior_ret"": -93.25, ""trend_1h"": ""BULLISH"", ""trend_4h"": ""BULLISH"", ""confirm_kind"": ""break""}",0,1h,2,0.007756608178326685,medium,NQ,35.25,0.25,STOP_HIT,-32.25,-32.45,-1.006201550387597,-1.0,False,False,0.5951417004048583,32.25,10:20,ENTERED,20115.75,20180.25,1.0,2025-05-02,True,2025
True,HTF_1H_TREND_FIRST_PULLBACK_5M_BREAK,medium,LONG,20088.0,20087.75,1746459900,20110.75,1746460860,"{""adverse_ticks"": 1.0, ""stop_buffer_ticks"": 1.0, ""tod"": ""1030_1200"", ""gap_points"": -175.5, ""prior_ret"": 94.75, ""trend_1h"": ""BULLISH"", ""trend_4h"": ""BULLISH"", ""confirm_kind"": ""break""}",960,1h,1,0.004747626186906606,medium,NQ,18.5,26.75,TARGET_HIT,22.75,22.55,0.9912087912087912,1.0,True,False,0.5142857142857142,22.75,11:45,ENTERED,20065.25,20110.75,1.0,2025-05-05,True,2025
False,HTF_1H_TREND_FIRST_PULLBACK_5M_BREAK,medium,LONG,19909.0,19908.75,1746547500,19889.0,1746547740,"{""adverse_ticks"": 1.0, ""stop_buffer_ticks"": 1.0, ""tod"": ""1200_1400"", ""gap_points"": -270.0, ""prior_ret"": 55.25, ""trend_1h"": ""BULLISH"", ""trend_4h"": ""BEARISH"", ""confirm_kind"": ""break""}",240,1h,1,0.0028729838709677935,weak,NQ,26.25,2.25,STOP_HIT,-20.0,-20.2,-1.01,-1.0,False,False,0.4028662420382166,20.0,12:05,ENTERED,19889.0,19929.0,1.0,2025-05-06,True,2025
True,HTF_1H_TREND_FIRST_PULLBACK_5M_BREAK,medium,SHORT,19827.25,19827.5,1746630300,19793.5,1746630780,"{""adverse_ticks"": 1.0, ""stop_buffer_ticks"": 1.0, ""tod"": ""1030_1200"", ""gap_points"": 23.75, ""prior_ret"": 80.25, ""trend_1h"": ""BEARISH"", ""trend_4h"": ""BEARISH"", ""confirm_kind"": ""break""}",480,1h,3,-0.007663936988185238,medium,NQ,15.25,38.5,TARGET_HIT,33.75,33.55,0.994074074074074,1.0,True,False,0.4483985765124555,33.75,11:05,ENTERED,19861.0,19793.5,1.0,2025-05-07,True,2025
False,HTF_1H_TREND_FIRST_PULLBACK_5M_BREAK,medium,SHORT,20076.5,20076.75,1746712200,20016.0,1746716040,"{""adverse_ticks"": 1.0, ""stop_buffer_ticks"": 1.0, ""tod"": ""0930_1030"", ""gap_points"": 213.75, ""prior_ret"": 49.75, ""trend_1h"": ""BEARISH"", ""trend_4h"": ""BULLISH"", ""confirm_kind"": ""break""}",3840,1h,1,-0.0025215381382643898,weak,NQ,47.5,80.5,TARGET_HIT,60.5,60.3,0.996694214876033,1.0,True,False,0.5977011494252874,60.5,09:50,ENTERED,20137.0,20016.0,1.0,2025-05-08,True,2025
False,HTF_1H_TREND_FIRST_PULLBACK_5M_BREAK,medium,SHORT,20795.75,20796.0,1747058700,20833.5,1747059180,"{""adverse_ticks"": 1.0, ""stop_buffer_ticks"": 1.0, ""tod"": ""0930_1030"", ""gap_points"": 782.75, ""prior_ret"": -90.75, ""trend_1h"": ""BEARISH"", ""trend_4h"": ""BULLISH"", ""confirm_kind"": ""break""}",480,1h,1,-0.005739841676033808,medium,NQ,42.0,10.0,STOP_HIT,-37.75,-37.95,-1.005298013245033,-1.0,False,False,0.5028985507246376,37.75,10:05,ENTERED,20833.5,20758.0,1.0,2025-05-12,True,2025
False,HTF_1H_TREND_FIRST_PULLBACK_5M_BREAK,medium,LONG,21067.0,21066.75,1747143900,21097.75,1747144320,"{""adverse_ticks"": 1.0, ""stop_buffer_ticks"": 1.0, ""tod"": ""0930_1030"", ""gap_points"": 54.75, ""prior_ret"": 30.75, ""trend_1h"": ""BULLISH"", ""trend_4h"": ""BEARISH"", ""confirm_kind"": ""break""}",420,1h,3,0.008375530970265554,strong,NQ,20.25,36.5,TARGET_HIT,30.75,30.55,0.9934959349593496,1.0,True,False,0.5057915057915058,30.75,09:45,ENTERED,21036.25,21097.75,1.0,2025-05-13,True,2025
True,HTF_1H_TREND_FIRST_PULLBACK_5M_BREAK,medium,LONG,21409.5,21409.25,1747333800,21375.75,1747336200,"{""adverse_ticks"": 1.0, ""stop_buffer_ticks"": 1.0, ""tod"": ""1400_1530"", ""gap_points"": -94.5, ""prior_ret"": 82.25, ""trend_1h"": ""BULLISH"", ""trend_4h"": ""BULLISH"", ""confirm_kind"": ""break""}",2400,1h,4,0.008310444397492844,strong,NQ,37.5,33.25,STOP_HIT,-33.75,-33.95,-1.0059259259259261,-1.0,False,False,0.4235423542354235,33.75,14:30,ENTERED,21375.75,21443.25,1.0,2025-05-15,True,2025
False,HTF_1H_TREND_FIRST_PULLBACK_5M_BREAK,medium,SHORT,21377.25,21377.5,1747408200,21408.0,1747409400,"{""adverse_ticks"": 1.0, ""stop_buffer_ticks"": 1.0, ""tod"": ""1030_1200"", ""gap_points"": 48.0, ""prior_ret"": 117.0, ""trend_1h"": ""BEARISH"", ""trend_4h"": ""BULLISH"", ""confirm_kind"": ""break""}",1200,1h,1,-0.003099113373955742,weak,NQ,39.0,4.0,STOP_HIT,-30.75,-30.95,-1.0065040650406505,-1.0,False,False,0.5806451612903226,30.75,11:10,ENTERED,21408.0,21346.5,1.0,2025-05-16,True,2025
False,HTF_1H_TREND_FIRST_PULLBACK_5M_BREAK,medium,SHORT,21339.75,21340.0,1747768200,21350.5,1747768320,"{""adverse_ticks"": 1.0, ""stop_buffer_ticks"": 1.0, ""tod"": ""1400_1530"", ""gap_points"": -110.25, ""prior_ret"": 320.0, ""trend_1h"": ""BEARISH"", ""trend_4h"": ""NEUTRAL"", ""confirm_kind"": ""break""}",120,1h,1,-0.002756011257605273,weak,NQ,12.75,8.5,STOP_HIT,-10.75,-10.95,-1.0186046511627906,-1.0,False,False,0.42298850574712643,10.75,15:10,ENTERED,21350.5,21329.0,1.0,2025-05-20,True,2025
False,HTF_1H_TREND_FIRST_PULLBACK_5M_BREAK,medium,LONG,21394.5,21394.25,1747837500,21426.75,1747839300,"{""adverse_ticks"": 1.0, ""stop_buffer_ticks"": 1.0, ""tod"": ""0930_1030"", ""gap_points"": -168.75, ""prior_ret"": 34.5, ""trend_1h"": ""BULLISH"", ""trend_4h"": ""NEUTRAL"", ""confirm_kind"": ""break""}",1800,1h,1,0.00493670439719307,medium,NQ,22.25,35.0,TARGET_HIT,32.25,32.05,0.993798449612403,1.0,True,False,0.4846153846153846,32.25,10:25,ENTERED,21362.25,21426.75,1.0,2025-05-21,True,2025
True,HTF_1H_TREND_FIRST_PULLBACK_5M_BREAK,medium,LONG,21309.0,21308.75,1747922700,21227.75,1747923720,"{""adverse_ticks"": 1.0, ""stop_buffer_ticks"": 1.0, ""tod"": ""0930_1030"", ""gap_points"": 22.25, ""prior_ret"": -129.75, ""trend_1h"": ""BULLISH"", ""trend_4h"": ""BULLISH"", ""confirm_kind"": ""break""}",1020,1h,1,0.0038199438798367513,weak,NQ,88.25,21.75,STOP_HIT,-81.25,-81.45,-1.0024615384615385,-1.0,False,False,0.5319587628865979,81.25,10:05,ENTERED,21227.75,21390.25,1.0,2025-05-22,True,2025
False,HTF_1H_TREND_FIRST_PULLBACK_5M_BREAK,medium,LONG,20930.0,20929.75,1748016300,,1748016300,"{""adverse_ticks"": 1.0, ""stop_buffer_ticks"": 1.0, ""tod"": ""1200_1400"", ""gap_points"": -334.5, ""prior_ret"": 12.25, ""trend_1h"": ""BULLISH"", ""trend_4h"": ""BEARISH"", ""confirm_kind"": ""break""}",,1h,1,0.0048236719903047565,medium,NQ,12.0,14.25,AMBIGUOUS,,,,,True,True,0.4694835680751174,5.5,12:05,ENTERED,20924.5,20935.5,1.0,2025-05-23,True,2025
False,HTF_1H_TREND_FIRST_PULLBACK_5M_BREAK,medium,SHORT,21526.5,21526.75,1748526300,21440.0,1748527560,"{""adverse_ticks"": 1.0, ""stop_buffer_ticks"": 1.0, ""tod"": ""0930_1030"", ""gap_points"": 301.75, ""prior_ret"": -132.75, ""trend_1h"": ""BEARISH"", ""trend_4h"": ""BULLISH"", ""confirm_kind"": ""break""}",1260,1h,2,-0.006335288244138093,medium,NQ,31.0,86.75,TARGET_HIT,86.5,86.3,0.9976878612716763,1.0,True,False,0.4593406593406593,86.5,09:45,ENTERED,21613.0,21440.0,1.0,2025-05-29,True,2025
True,HTF_1H_TREND_FIRST_PULLBACK_5M_BREAK,medium,SHORT,21118.0,21118.25,1748622900,21262.25,1748629080,"{""adverse_ticks"": 1.0, ""stop_buffer_ticks"": 1.0, ""tod"": ""1200_1400"", ""gap_points"": -29.5, ""prior_ret"": -262.75, ""trend_1h"": ""BEARISH"", ""trend_4h"": ""BEARISH"", ""confirm_kind"": ""break""}",6180,1h,1,-0.002992402104032732,weak,NQ,158.75,46.75,STOP_HIT,-144.25,-144.45,-1.0013864818024263,-1.0,False,False,0.4618834080717489,144.25,12:35,ENTERED,21262.25,20973.75,1.0,2025-05-30,True,2025
True,HTF_1H_TREND_FIRST_PULLBACK_5M_BREAK,medium,LONG,21615.75,21615.5,1748959500,21578.75,1748959680,"{""adverse_ticks"": 1.0, ""stop_buffer_ticks"": 1.0, ""tod"": ""0930_1030"", ""gap_points"": 12.75, ""prior_ret"": 246.5, ""trend_1h"": ""BULLISH"", ""trend_4h"": ""BULLISH"", ""confirm_kind"": ""break""}",180,1h,3,0.006701319285814078,medium,NQ,58.0,14.75,STOP_HIT,-37.0,-37.2,-1.0054054054054056,-1.0,False,False,0.4576271186440678,37.0,10:05,ENTERED,21578.75,21652.75,1.0,2025-06-03,True,2025
True,HTF_1H_TREND_FIRST_PULLBACK_5M_BREAK,medium,LONG,21770.25,21770.0,1749057000,21788.0,1749059820,"{""adverse_ticks"": 1.0, ""stop_buffer_ticks"": 1.0, ""tod"": ""1200_1400"", ""gap_points"": 21.25, ""prior_ret"": 157.5, ""trend_1h"": ""BULLISH"", ""trend_4h"": ""BULLISH"", ""confirm_kind"": ""break""}",2820,1h,1,0.002107469424418973,weak,NQ,15.5,20.75,TARGET_HIT,17.75,17.55,0.9887323943661972,1.0,True,False,0.6,17.75,13:10,ENTERED,21752.5,21788.0,1.0,2025-06-04,True,2025
False,HTF_1H_TREND_FIRST_PULLBACK_5M_BREAK,medium,SHORT,21706.0,21706.25,1749132600,21763.0,1749133380,"{""adverse_ticks"": 1.0, ""stop_buffer_ticks"": 1.0, ""tod"": ""0930_1030"", ""gap_points"": 55.0, ""prior_ret"": 31.5, ""trend_1h"": ""BEARISH"", ""trend_4h"": ""NEUTRAL"", ""confirm_kind"": ""break""}",780,1h,1,-0.0023879774519821595,weak,NQ,70.0,3.0,STOP_HIT,-57.0,-57.2,-1.0035087719298246,-1.0,False,False,0.5507246376811594,57.0,10:10,ENTERED,21763.0,21649.0,1.0,2025-06-05,True,2025
True,HTF_1H_TREND_FIRST_PULLBACK_5M_BREAK,medium,LONG,21865.25,21865.0,1749481800,21839.5,1749482280,"{""adverse_ticks"": 1.0, ""stop_buffer_ticks"": 1.0, ""tod"": ""1030_1200"", ""gap_points"": 8.0, ""prior_ret"": -8.25, ""trend_1h"": ""BULLISH"", ""trend_4h"": ""BULLISH"", ""confirm_kind"": ""break""}",480,1h,1,0.0030883686754457074,weak,NQ,28.25,4.5,STOP_HIT,-25.75,-25.95,-1.007766990291262,-1.0,False,False,0.546916890080429,25.75,11:10,ENTERED,21839.5,21891.0,1.0,2025-06-09,True,2025
False,HTF_1H_TREND_FIRST_PULLBACK_5M_BREAK,medium,LONG,21883.0,21882.75,1749577200,21877.75,1749577200,"{""adverse_ticks"": 1.0, ""stop_buffer_ticks"": 1.0, ""tod"": ""1200_1400"", ""gap_points"": 17.5, ""prior_ret"": 21.25, ""trend_1h"": ""BULLISH"", ""trend_4h"": ""BEARISH"", ""confirm_kind"": ""break""}",0,1h,1,0.002539580854763468,weak,NQ,15.75,0.5,STOP_HIT,-5.25,-5.45,-1.0380952380952382,-1.0,False,False,0.44063324538258575,5.25,13:40,ENTERED,21877.75,21888.25,1.0,2025-06-10,True,2025
True,HTF_1H_TREND_FIRST_PULLBACK_5M_BREAK,medium,LONG,22037.25,22037.0,1749653400,22043.75,1749653400,"{""adverse_ticks"": 1.0, ""stop_buffer_ticks"": 1.0, ""tod"": ""1030_1200"", ""gap_points"": 52.75, ""prior_ret"": 128.25, ""trend_1h"": ""BULLISH"", ""trend_4h"": ""BULLISH"", ""confirm_kind"": ""break""}",0,1h,2,0.0029087341873224037,weak,NQ,1.0,9.0,TARGET_HIT,6.5,6.3,0.9692307692307692,1.0,True,False,0.4925373134328358,6.5,10:50,ENTERED,22030.75,22043.75,1.0,2025-06-11,True,2025
True,HTF_1H_TREND_FIRST_PULLBACK_5M_BREAK,medium,LONG,21912.0,21911.75,1749742500,21943.25,1749744120,"{""adverse_ticks"": 1.0, ""stop_buffer_ticks"": 1.0, ""tod"": ""1030_1200"", ""gap_points"": -58.25, ""prior_ret"": -129.5, ""trend_1h"": ""BULLISH"", ""trend_4h"": ""BULLISH"", ""confirm_kind"": ""break""}",1620,1h,2,0.005927403636697193,medium,NQ,18.5,32.75,TARGET_HIT,31.25,31.05,0.9936,1.0,True,False,0.42470389170896783,31.25,11:35,ENTERED,21880.75,21943.25,1.0,2025-06-12,True,2025
False,HTF_1H_TREND_FIRST_PULLBACK_5M_BREAK,medium,LONG,21734.0,21733.75,1749822900,,1749822900,"{""adverse_ticks"": 1.0, ""stop_buffer_ticks"": 1.0, ""tod"": ""0930_1030"", ""gap_points"": -256.75, ""prior_ret"": 107.0, ""trend_1h"": ""BULLISH"", ""trend_4h"": ""BEARISH"", ""confirm_kind"": ""break""}",,1h,7,0.002685154107012755,weak,NQ,9.0,17.0,AMBIGUOUS,,,,,True,True,0.5473441108545035,5.5,09:55,ENTERED,21728.5,21739.5,1.0,2025-06-13,False,2025
False,HTF_1H_TREND_FIRST_PULLBACK_5M_BREAK,medium,LONG,22111.5,22111.25,1750170000,22101.25,1750170240,"{""adverse_ticks"": 1.0, ""stop_buffer_ticks"": 1.0, ""tod"": ""0930_1030"", ""gap_points"": 115.5, ""prior_ret"": 154.75, ""trend_1h"": ""BULLISH"", ""trend_4h"": ""NEUTRAL"", ""confirm_kind"": ""break""}",240,1h,1,0.0028366541097444298,weak,NQ,16.25,7.25,STOP_HIT,-10.25,-10.45,-1.0195121951219512,-1.0,False,False,0.4339622641509434,10.25,10:20,ENTERED,22101.25,22121.75,1.0,2025-06-17,True,2025
False,HTF_1H_TREND_FIRST_PULLBACK_5M_BREAK,medium,LONG,22050.5,22050.25,1750260600,22059.25,1750260660,"{""adverse_ticks"": 1.0, ""stop_buffer_ticks"": 1.0, ""tod"": ""1030_1200"", ""gap_points"": 36.5, ""prior_ret"": -107.5, ""trend_1h"": ""BULLISH"", ""trend_4h"": ""NEUTRAL"", ""confirm_kind"": ""break""}",60,1h,1,0.005613307980461668,medium,NQ,6.25,13.75,TARGET_HIT,8.75,8.55,0.9771428571428572,1.0,True,False,0.4128878281622912,8.75,11:30,ENTERED,22041.75,22059.25,1.0,2025-06-18,True,2025
True,HTF_1H_TREND_FIRST_PULLBACK_5M_BREAK,medium,LONG,21988.25,21988.0,1750691100,21949.75,1750692540,"{""adverse_ticks"": 1.0, ""stop_buffer_ticks"": 1.0, ""tod"": ""1030_1200"", ""gap_points"": 26.5, ""prior_ret"": -232.25, ""trend_1h"": ""BULLISH"", ""trend_4h"": ""BULLISH"", ""confirm_kind"": ""break""}",1440,1h,1,0.004403472452562562,medium,NQ,43.25,18.25,STOP_HIT,-38.5,-38.7,-1.0051948051948052,-1.0,False,False,0.45714285714285713,38.5,11:05,ENTERED,21949.75,22026.75,1.0,2025-06-23,True,2025
False,HTF_1H_TREND_FIRST_PULLBACK_5M_BREAK,medium,LONG,22538.5,22538.25,1750859100,22516.5,1750859340,"{""adverse_ticks"": 1.0, ""stop_buffer_ticks"": 1.0, ""tod"": ""0930_1030"", ""gap_points"": 94.0, ""prior_ret"": 119.25, ""trend_1h"": ""BULLISH"", ""trend_4h"": ""NEUTRAL"", ""confirm_kind"": ""break""}",240,1h,2,0.0032873842450718005,weak,NQ,24.0,7.25,STOP_HIT,-22.0,-22.2,-1.009090909090909,-1.0,False,False,0.591715976331361,22.0,09:45,ENTERED,22516.5,22560.5,1.0,2025-06-25,True,2025
True,HTF_1H_TREND_FIRST_PULLBACK_5M_BREAK,medium,LONG,22617.75,22617.5,1750957500,22638.25,1750958880,"{""adverse_ticks"": 1.0, ""stop_buffer_ticks"": 1.0, ""tod"": ""1200_1400"", ""gap_points"": 89.0, ""prior_ret"": -36.25, ""trend_1h"": ""BULLISH"", ""trend_4h"": ""BULLISH"", ""confirm_kind"": ""break""}",1380,1h,1,0.002349889710365094,weak,NQ,4.0,21.5,TARGET_HIT,20.5,20.3,0.9902439024390244,1.0,True,False,0.422360248447205,20.5,13:05,ENTERED,22597.25,22638.25,1.0,2025-06-26,True,2025
True,HTF_1H_TREND_FIRST_PULLBACK_5M_BREAK,medium,LONG,22795.5,22795.25,1751044500,22774.25,1751044920,"{""adverse_ticks"": 1.0, ""stop_buffer_ticks"": 1.0, ""tod"": ""1200_1400"", ""gap_points"": 34.25, ""prior_ret"": 121.0, ""trend_1h"": ""BULLISH"", ""trend_4h"": ""BULLISH"", ""confirm_kind"": ""break""}",420,1h,1,0.002815538251726757,weak,NQ,21.5,0.5,STOP_HIT,-21.25,-21.45,-1.0094117647058822,-1.0,False,False,0.4322033898305085,21.25,13:15,ENTERED,22774.25,22816.75,1.0,2025-06-27,True,2025
False,HTF_1H_TREND_FIRST_PULLBACK_5M_BREAK,medium,SHORT,22829.5,22829.75,1751292600,22840.25,1751292660,"{""adverse_ticks"": 1.0, ""stop_buffer_ticks"": 1.0, ""tod"": ""0930_1030"", ""gap_points"": 119.75, ""prior_ret"": 44.5, ""trend_1h"": ""BEARISH"", ""trend_4h"": ""NEUTRAL"", ""confirm_kind"": ""break""}",60,1h,1,-0.002403688569368234,weak,NQ,20.0,2.0,STOP_HIT,-10.75,-10.95,-1.0186046511627906,-1.0,False,False,0.4774193548387097,10.75,10:10,ENTERED,22840.25,22818.75,1.0,2025-06-30,False,2025
True,HTF_1H_TREND_FIRST_PULLBACK_5M_BREAK,medium,SHORT,22604.25,22604.5,1751382900,22718.25,1751388480,"{""adverse_ticks"": 1.0, ""stop_buffer_ticks"": 1.0, ""tod"": ""1030_1200"", ""gap_points"": -83.25, ""prior_ret"": 13.75, ""trend_1h"": ""BEARISH"", ""trend_4h"": ""BEARISH"", ""confirm_kind"": ""break""}",5580,1h,1,-0.006589749764651764,medium,NQ,122.5,8.0,STOP_HIT,-114.0,-114.2,-1.0017543859649123,-1.0,False,False,0.5246826516220028,114.0,11:15,ENTERED,22718.25,22490.25,1.0,2025-07-01,True,2025
False,HTF_1H_TREND_FIRST_PULLBACK_5M_BREAK,medium,SHORT,22906.5,22906.75,1751901900,22918.25,1751901960,"{""adverse_ticks"": 1.0, ""stop_buffer_ticks"": 1.0, ""tod"": ""1030_1200"", ""gap_points"": 98.75, ""prior_ret"": 190.25, ""trend_1h"": ""BEARISH"", ""trend_4h"": ""NEUTRAL"", ""confirm_kind"": ""break""}",60,1h,1,-0.002896089190837059,weak,NQ,13.75,3.75,STOP_HIT,-11.75,-11.95,-1.0170212765957447,-1.0,False,False,0.43621399176954734,11.75,11:25,ENTERED,22918.25,22894.75,1.0,2025-07-07,True,2025
False,HTF_1H_TREND_FIRST_PULLBACK_5M_BREAK,medium,SHORT,22972.0,22972.25,1752159000,22981.5,1752159060,"{""adverse_ticks"": 1.0, ""stop_buffer_ticks"": 1.0, ""tod"": ""1030_1200"", ""gap_points"": 21.25, ""prior_ret"": 72.25, ""trend_1h"": ""BEARISH"", ""trend_4h"": ""NEUTRAL"", ""confirm_kind"": ""break""}",60,1h,1,-0.002823018458197657,weak,NQ,12.0,1.5,STOP_HIT,-9.5,-9.7,-1.0210526315789472,-1.0,False,False,0.4590643274853801,9.5,10:50,ENTERED,22981.5,22962.5,1.0,2025-07-10,True,2025
False,HTF_1H_TREND_FIRST_PULLBACK_5M_BREAK,medium,LONG,22978.75,22978.5,1752243300,22941.75,1752246780,"{""adverse_ticks"": 1.0, ""stop_buffer_ticks"": 1.0, ""tod"": ""0930_1030"", ""gap_points"": -99.75, ""prior_ret"": -57.25, ""trend_1h"": ""BULLISH"", ""trend_4h"": ""NEUTRAL"", ""confirm_kind"": ""break""}",3480,1h,1,0.004318827902908273,medium,NQ,39.5,30.5,STOP_HIT,-37.0,-37.2,-1.0054054054054056,-1.0,False,False,0.4956140350877193,37.0,10:15,ENTERED,22941.75,23015.75,1.0,2025-07-11,True,2025
True,HTF_1H_TREND_FIRST_PULLBACK_5M_BREAK,medium,LONG,23008.75,23008.5,1752506400,23033.0,1752511980,"{""adverse_ticks"": 1.0, ""stop_buffer_ticks"": 1.0, ""tod"": ""1030_1200"", ""gap_points"": -12.5, ""prior_ret"": 40.0, ""trend_1h"": ""BULLISH"", ""trend_4h"": ""BULLISH"", ""confirm_kind"": ""break""}",5580,1h,1,0.0049940443016534,medium,NQ,16.5,25.5,TARGET_HIT,24.25,24.05,0.9917525773195877,1.0,True,False,0.47335423197492166,24.25,11:20,ENTERED,22984.5,23033.0,1.0,2025-07-14,True,2025
False,HTF_1H_TREND_FIRST_PULLBACK_5M_BREAK,medium,SHORT,23137.5,23137.75,1752592800,23147.75,1752592920,"{""adverse_ticks"": 1.0, ""stop_buffer_ticks"": 1.0, ""tod"": ""1030_1200"", ""gap_points"": 166.0, ""prior_ret"": 91.5, ""trend_1h"": ""BEARISH"", ""trend_4h"": ""NEUTRAL"", ""confirm_kind"": ""break""}",120,1h,1,-0.0030642411687274995,weak,NQ,13.25,6.25,STOP_HIT,-10.25,-10.45,-1.0195121951219512,-1.0,False,False,0.4148681055155875,10.25,11:20,ENTERED,23147.75,23127.25,1.0,2025-07-15,True,2025
False,HTF_1H_TREND_FIRST_PULLBACK_5M_BREAK,medium,SHORT,23233.0,23233.25,1752853500,23238.25,1752853620,"{""adverse_ticks"": 1.0, ""stop_buffer_ticks"": 1.0, ""tod"": ""1030_1200"", ""gap_points"": 43.25, ""prior_ret"": 157.5, ""trend_1h"": ""BEARISH"", ""trend_4h"": ""NEUTRAL"", ""confirm_kind"": ""break""}",120,1h,1,-0.002632568634825083,weak,NQ,9.0,3.25,STOP_HIT,-5.25,-5.45,-1.0380952380952382,-1.0,False,False,0.40919037199124725,5.25,11:45,ENTERED,23238.25,23227.75,1.0,2025-07-18,True,2025
True,HTF_1H_TREND_FIRST_PULLBACK_5M_BREAK,medium,SHORT,23203.25,23203.5,1753195800,23228.25,1753196160,"{""adverse_ticks"": 1.0, ""stop_buffer_ticks"": 1.0, ""tod"": ""1030_1200"", ""gap_points"": 1.25, ""prior_ret"": 88.5, ""trend_1h"": ""BEARISH"", ""trend_4h"": ""BEARISH"", ""confirm_kind"": ""break""}",360,1h,1,-0.005981143826643498,medium,NQ,24.75,7.25,STOP_HIT,-25.0,-25.2,-1.008,-1.0,False,False,0.40336134453781514,25.0,10:50,ENTERED,23228.25,23178.25,1.0,2025-07-22,False,2025
True,HTF_1H_TREND_FIRST_PULLBACK_5M_BREAK,medium,SHORT,23159.0,23159.25,1753279500,23201.5,1753282620,"{""adverse_ticks"": 1.0, ""stop_buffer_ticks"": 1.0, ""tod"": ""0930_1030"", ""gap_points"": 40.25, ""prior_ret"": -124.75, ""trend_1h"": ""BEARISH"", ""trend_4h"": ""BEARISH"", ""confirm_kind"": ""break""}",3120,1h,1,-0.004522748025997725,medium,NQ,42.75,12.5,STOP_HIT,-42.5,-42.7,-1.0047058823529413,-1.0,False,False,0.4034653465346535,42.5,10:05,ENTERED,23201.5,23116.5,1.0,2025-07-23,True,2025
False,HTF_1H_TREND_FIRST_PULLBACK_5M_BREAK,medium,LONG,23446.0,23445.75,1753467300,23423.75,1753473120,"{""adverse_ticks"": 1.0, ""stop_buffer_ticks"": 1.0, ""tod"": ""1400_1530"", ""gap_points"": -16.75, ""prior_ret"": 2.75, ""trend_1h"": ""BULLISH"", ""trend_4h"": ""NEUTRAL"", ""confirm_kind"": ""break""}",5820,1h,3,0.0021270455444275527,weak,NQ,24.75,14.0,STOP_HIT,-22.25,-22.45,-1.0089887640449438,-1.0,False,False,0.40086206896551724,22.25,14:15,ENTERED,23423.75,23468.25,1.0,2025-07-25,True,2025
False,HTF_1H_TREND_FIRST_PULLBACK_5M_BREAK,medium,SHORT,23503.25,23503.5,1753805100,23486.5,1753805220,"{""adverse_ticks"": 1.0, ""stop_buffer_ticks"": 1.0, ""tod"": ""1200_1400"", ""gap_points"": 103.5, ""prior_ret"": 19.0, ""trend_1h"": ""BEARISH"", ""trend_4h"": ""BULLISH"", ""confirm_kind"": ""break""}",120,1h,2,-0.004088939735807928,medium,NQ,3.0,17.75,TARGET_HIT,16.75,16.55,0.9880597014925373,1.0,True,False,0.4538216560509554,16.75,12:05,ENTERED,23520.0,23486.5,1.0,2025-07-29,True,2025
False,HTF_1H_TREND_FIRST_PULLBACK_5M_BREAK,medium,LONG,23540.75,23540.5,1753899300,23553.25,1753899960,"{""adverse_ticks"": 1.0, ""stop_buffer_ticks"": 1.0, ""tod"": ""1400_1530"", ""gap_points"": 30.0, ""prior_ret"": -138.25, ""trend_1h"": ""BULLISH"", ""trend_4h"": ""NEUTRAL"", ""confirm_kind"": ""break""}",660,1h,1,0.0025975408527172394,weak,NQ,7.25,12.75,TARGET_HIT,12.5,12.3,0.9840000000000001,1.0,True,False,0.42955326460481097,12.5,14:15,ENTERED,23528.25,23553.25,1.0,2025-07-30,True,2025
True,HTF_1H_TREND_FIRST_PULLBACK_5M_BREAK,medium,SHORT,23653.25,23653.5,1753971900,23618.0,1753972440,"{""adverse_ticks"": 1.0, ""stop_buffer_ticks"": 1.0, ""tod"": ""0930_1030"", ""gap_points"": 263.25, ""prior_ret"": -3.0, ""trend_1h"": ""BEARISH"", ""trend_4h"": ""BEARISH"", ""confirm_kind"": ""break""}",540,1h,1,-0.004730120355284639,medium,NQ,3.25,38.0,TARGET_HIT,35.25,35.05,0.9943262411347517,1.0,True,False,0.572463768115942,35.25,10:25,ENTERED,23688.5,23618.0,1.0,2025-07-31,True,2025
True,HTF_1H_TREND_FIRST_PULLBACK_5M_BREAK,medium,LONG,23216.25,23216.0,1754319900,23245.0,1754322960,"{""adverse_ticks"": 1.0, ""stop_buffer_ticks"": 1.0, ""tod"": ""1030_1200"", ""gap_points"": 213.5, ""prior_ret"": -207.0, ""trend_1h"": ""BULLISH"", ""trend_4h"": ""BULLISH"", ""confirm_kind"": ""break""}",3060,1h,2,0.006645202554012686,medium,NQ,25.5,31.25,TARGET_HIT,28.75,28.55,0.9930434782608696,1.0,True,False,0.41262848751835535,28.75,11:05,ENTERED,23187.5,23245.0,1.0,2025-08-04,True,2025
False,HTF_1H_TREND_FIRST_PULLBACK_5M_BREAK,medium,SHORT,23192.75,23193.0,1754412000,23160.0,1754412300,"{""adverse_ticks"": 1.0, ""stop_buffer_ticks"": 1.0, ""tod"": ""1200_1400"", ""gap_points"": 51.5, ""prior_ret"": 202.75, ""trend_1h"": ""BEARISH"", ""trend_4h"": ""NEUTRAL"", ""confirm_kind"": ""break""}",300,1h,2,-0.009739565514881976,strong,NQ,2.0,45.25,TARGET_HIT,32.75,32.55,0.9938931297709923,1.0,True,False,0.41533546325878595,32.75,12:40,ENTERED,23225.5,23160.0,1.0,2025-08-05,True,2025
False,HTF_1H_TREND_FIRST_PULLBACK_5M_BREAK,medium,SHORT,23528.25,23528.5,1754579100,23557.5,1754579880,"{""adverse_ticks"": 1.0, ""stop_buffer_ticks"": 1.0, ""tod"": ""1030_1200"", ""gap_points"": 176.25, ""prior_ret"": 255.5, ""trend_1h"": ""BEARISH"", ""trend_4h"": ""BULLISH"", ""confirm_kind"": ""break""}",780,1h,1,-0.003345012649652257,weak,NQ,29.0,26.0,STOP_HIT,-29.25,-29.45,-1.0068376068376068,-1.0,False,False,0.4323529411764706,29.25,11:05,ENTERED,23557.5,23499.0,1.0,2025-08-07,True,2025
True,HTF_1H_TREND_FIRST_PULLBACK_5M_BREAK,medium,LONG,23647.5,23647.25,1754668200,23683.25,1754668860,"{""adverse_ticks"": 1.0, ""stop_buffer_ticks"": 1.0, ""tod"": ""1030_1200"", ""gap_points"": 40.75, ""prior_ret"": -100.0, ""trend_1h"": ""BULLISH"", ""trend_4h"": ""BULLISH"", ""confirm_kind"": ""break""}",660,1h,2,0.0036279928288796004,weak,NQ,0.5,42.75,TARGET_HIT,35.75,35.55,0.9944055944055943,1.0,True,False,0.524031007751938,35.75,11:50,ENTERED,23611.75,23683.25,1.0,2025-08-08,True,2025
False,HTF_1H_TREND_FIRST_PULLBACK_5M_BREAK,medium,LONG,23810.5,23810.25,1755011400,23848.25,1755011760,"{""adverse_ticks"": 1.0, ""stop_buffer_ticks"": 1.0, ""tod"": ""1030_1200"", ""gap_points"": 94.5, ""prior_ret"": -77.25, ""trend_1h"": ""BULLISH"", ""trend_4h"": ""NEUTRAL"", ""confirm_kind"": ""break""}",360,1h,1,0.005986820532890569,medium,NQ,0.25,40.0,TARGET_HIT,37.75,37.55,0.9947019867549668,1.0,True,False,0.4684385382059801,37.75,11:10,ENTERED,23772.75,23848.25,1.0,2025-08-12,True,2025
False,HTF_1H_TREND_FIRST_PULLBACK_5M_BREAK,medium,SHORT,23933.0,23933.25,1755109500,23911.5,1755110220,"{""adverse_ticks"": 1.0, ""stop_buffer_ticks"": 1.0, ""tod"": ""1400_1530"", ""gap_points"": 110.0, ""prior_ret"": 201.5, ""trend_1h"": ""BEARISH"", ""trend_4h"": ""NEUTRAL"", ""confirm_kind"": ""break""}",720,1h,3,-0.0032580749253140473,weak,NQ,3.75,46.0,TARGET_HIT,21.5,21.3,0.9906976744186047,1.0,True,True,0.4305993690851735,21.5,14:25,ENTERED,23954.5,23911.5,1.0,2025-08-13,True,2025
False,HTF_1H_TREND_FIRST_PULLBACK_5M_BREAK,medium,LONG,23949.25,23949.0,1755191100,23966.0,1755191820,"{""adverse_ticks"": 1.0, ""stop_buffer_ticks"": 1.0, ""tod"": ""1200_1400"", ""gap_points"": -85.25, ""prior_ret"": -101.5, ""trend_1h"": ""BULLISH"", ""trend_4h"": ""NEUTRAL"", ""confirm_kind"": ""break""}",720,1h,1,0.004319654427645814,medium,NQ,7.0,23.5,TARGET_HIT,16.75,16.55,0.9880597014925373,1.0,True,False,0.5,16.75,13:05,ENTERED,23932.5,23966.0,1.0,2025-08-14,True,2025
True,HTF_1H_TREND_FIRST_PULLBACK_5M_BREAK,medium,SHORT,23808.0,23808.25,1755269700,23834.25,1755271080,"{""adverse_ticks"": 1.0, ""stop_buffer_ticks"": 1.0, ""tod"": ""1030_1200"", ""gap_points"": -12.75, ""prior_ret"": 64.25, ""trend_1h"": ""BEARISH"", ""trend_4h"": ""BEARISH"", ""confirm_kind"": ""break""}",1380,1h,1,-0.003046514306054293,weak,NQ,28.25,23.0,STOP_HIT,-26.25,-26.45,-1.0076190476190476,-1.0,False,False,0.45863309352517984,26.25,10:55,ENTERED,23834.25,23781.75,1.0,2025-08-15,True,2025
True,HTF_1H_TREND_FIRST_PULLBACK_5M_BREAK,medium,SHORT,23720.75,23721.0,1755612300,,1755612300,"{""adverse_ticks"": 1.0, ""stop_buffer_ticks"": 1.0, ""tod"": ""0930_1030"", ""gap_points"": -34.5, ""prior_ret"": 28.75, ""trend_1h"": ""BEARISH"", ""trend_4h"": ""BEARISH"", ""confirm_kind"": ""break""}",,1h,1,-0.004561267065339658,medium,NQ,3.0,10.25,AMBIGUOUS,,,,,True,True,0.4959677419354839,1.75,10:05,ENTERED,23722.5,23719.0,1.0,2025-08-19,False,2025
True,HTF_1H_TREND_FIRST_PULLBACK_5M_BREAK,medium,SHORT,23231.25,23231.5,1755704700,23196.25,1755705060,"{""adverse_ticks"": 1.0, ""stop_buffer_ticks"": 1.0, ""tod"": ""1030_1200"", ""gap_points"": -44.0, ""prior_ret"": -292.25, ""trend_1h"": ""BEARISH"", ""trend_4h"": ""BEARISH"", ""confirm_kind"": ""break""}",360,1h,2,-0.01572021643312238,strong,NQ,12.75,39.5,TARGET_HIT,35.0,34.8,0.9942857142857142,1.0,True,False,0.465814696485623,35.0,11:45,ENTERED,23266.25,23196.25,1.0,2025-08-20,False,2025
True,HTF_1H_TREND_FIRST_PULLBACK_5M_BREAK,medium,SHORT,23185.75,23186.0,1755792300,23212.5,1755793020,"{""adverse_ticks"": 1.0, ""stop_buffer_ticks"": 1.0, ""tod"": ""1200_1400"", ""gap_points"": -64.25, ""prior_ret"": -101.5, ""trend_1h"": ""BEARISH"", ""trend_4h"": ""BEARISH"", ""confirm_kind"": ""break""}",720,1h,1,-0.0032859413255443837,weak,NQ,27.75,10.25,STOP_HIT,-26.75,-26.95,-1.0074766355140186,-1.0,False,False,0.5334928229665071,26.75,12:05,ENTERED,23212.5,23159.0,1.0,2025-08-21,True,2025
False,HTF_1H_TREND_FIRST_PULLBACK_5M_BREAK,medium,LONG,23579.25,23579.0,1756144200,23557.0,1756146120,"{""adverse_ticks"": 1.0, ""stop_buffer_ticks"": 1.0, ""tod"": ""1200_1400"", ""gap_points"": -69.0, ""prior_ret"": 300.5, ""trend_1h"": ""BULLISH"", ""trend_4h"": ""NEUTRAL"", ""confirm_kind"": ""break""}",1920,1h,3,0.0049831233961903365,medium,NQ,22.75,8.5,STOP_HIT,-22.25,-22.45,-1.0089887640449438,-1.0,False,False,0.49064449064449067,22.25,13:50,ENTERED,23557.0,23601.5,1.0,2025-08-25,True,2025
True,HTF_1H_TREND_FIRST_PULLBACK_5M_BREAK,medium,LONG,23532.0,23531.75,1756224300,23552.75,1756224960,"{""adverse_ticks"": 1.0, ""stop_buffer_ticks"": 1.0, ""tod"": ""1200_1400"", ""gap_points"": -24.75, ""prior_ret"": -0.5, ""trend_1h"": ""BULLISH"", ""trend_4h"": ""BULLISH"", ""confirm_kind"": ""break""}",660,1h,1,0.0020131654630279883,weak,NQ,2.25,25.0,TARGET_HIT,20.75,20.55,0.9903614457831326,1.0,True,False,0.5090361445783133,20.75,12:05,ENTERED,23511.25,23552.75,1.0,2025-08-26,True,2025
True,HTF_1H_TREND_FIRST_PULLBACK_5M_BREAK,medium,LONG,23727.5,23727.25,1756394100,23696.25,1756394640,"{""adverse_ticks"": 1.0, ""stop_buffer_ticks"": 1.0, ""tod"": ""1030_1200"", ""gap_points"": 20.0, ""prior_ret"": 79.25, ""trend_1h"": ""BULLISH"", ""trend_4h"": ""BULLISH"", ""confirm_kind"": ""break""}",540,1h,1,0.0043197916335799835,medium,NQ,31.25,25.5,STOP_HIT,-31.25,-31.45,-1.0064,-1.0,False,False,0.4485294117647059,31.25,11:15,ENTERED,23696.25,23758.75,1.0,2025-08-28,True,2025
True,HTF_1H_TREND_FIRST_PULLBACK_5M_BREAK,medium,SHORT,23457.25,23457.5,1756476600,23429.25,1756497300,"{""adverse_ticks"": 1.0, ""stop_buffer_ticks"": 1.0, ""tod"": ""0930_1030"", ""gap_points"": -114.75, ""prior_ret"": 126.5, ""trend_1h"": ""BEARISH"", ""trend_4h"": ""BEARISH"", ""confirm_kind"": ""break""}",20700,1h,1,-0.005402605091770263,medium,NQ,58.0,60.0,TIME_EXIT,28.0,27.8,0.2949602122015915,0.29708222811671087,False,False,0.4116788321167883,94.25,10:10,ENTERED,23551.5,23363.0,1.0,2025-08-29,True,2025
True,HTF_1H_TREND_FIRST_PULLBACK_5M_BREAK,medium,SHORT,23052.25,23052.5,1756828200,23036.5,1756828200,"{""adverse_ticks"": 1.0, ""stop_buffer_ticks"": 1.0, ""tod"": ""1030_1200"", ""gap_points"": -373.25, ""prior_ret"": -178.5, ""trend_1h"": ""BEARISH"", ""trend_4h"": ""BEARISH"", ""confirm_kind"": ""break""}",0,1h,8,-0.003924267022180183,weak,NQ,0.75,18.25,TARGET_HIT,15.75,15.55,0.9873015873015873,1.0,True,False,0.5666666666666667,15.75,11:50,ENTERED,23068.0,23036.5,1.0,2025-09-02,True,2025
False,HTF_1H_TREND_FIRST_PULLBACK_5M_BREAK,medium,SHORT,23650.0,23650.25,1757087400,23630.75,1757087400,"{""adverse_ticks"": 1.0, ""stop_buffer_ticks"": 1.0, ""tod"": ""1030_1200"", ""gap_points"": 208.5, ""prior_ret"": 186.0, ""trend_1h"": ""BEARISH"", ""trend_4h"": ""BULLISH"", ""confirm_kind"": ""break""}",0,1h,1,-0.009620742952674344,strong,NQ,3.5,31.25,TARGET_HIT,19.25,19.05,0.9896103896103896,1.0,True,False,0.41621621621621624,19.25,11:50,ENTERED,23669.25,23630.75,1.0,2025-09-05,True,2025
True,HTF_1H_TREND_FIRST_PULLBACK_5M_BREAK,medium,LONG,23854.75,23854.5,1757340600,23826.25,1757341080,"{""adverse_ticks"": 1.0, ""stop_buffer_ticks"": 1.0, ""tod"": ""0930_1030"", ""gap_points"": 93.25, ""prior_ret"": -184.0, ""trend_1h"": ""BULLISH"", ""trend_4h"": ""BULLISH"", ""confirm_kind"": ""break""}",480,1h,1,0.00277541236950829,weak,NQ,35.75,6.5,STOP_HIT,-28.5,-28.7,-1.0070175438596491,-1.0,False,False,0.5407608695652174,28.5,10:10,ENTERED,23826.25,23883.25,1.0,2025-09-08,True,2025
False,HTF_1H_TREND_FIRST_PULLBACK_5M_BREAK,medium,SHORT,23779.25,23779.5,1757431500,23767.75,1757432100,"{""adverse_ticks"": 1.0, ""stop_buffer_ticks"": 1.0, ""tod"": ""1030_1200"", ""gap_points"": 31.75, ""prior_ret"": 19.5, ""trend_1h"": ""BEARISH"", ""trend_4h"": ""NEUTRAL"", ""confirm_kind"": ""break""}",600,1h,1,-0.002505713866347903,weak,NQ,8.0,12.75,TARGET_HIT,11.5,11.3,0.982608695652174,1.0,True,False,0.4748858447488584,11.5,11:25,ENTERED,23790.75,23767.75,1.0,2025-09-09,True,2025
False,HTF_1H_TREND_FIRST_PULLBACK_5M_BREAK,medium,SHORT,23911.75,23912.0,1757524800,23883.0,1757525160,"{""adverse_ticks"": 1.0, ""stop_buffer_ticks"": 1.0, ""tod"": ""1200_1400"", ""gap_points"": 131.0, ""prior_ret"": 32.25, ""trend_1h"": ""BEARISH"", ""trend_4h"": ""NEUTRAL"", ""confirm_kind"": ""break""}",360,1h,1,-0.0033327084504988225,weak,NQ,4.75,39.5,TARGET_HIT,28.75,28.55,0.9930434782608696,1.0,True,False,0.4236453201970443,28.75,13:20,ENTERED,23940.5,23883.0,1.0,2025-09-10,True,2025
True,HTF_1H_TREND_FIRST_PULLBACK_5M_BREAK,medium,LONG,24014.25,24014.0,1757601900,23996.0,1757602020,"{""adverse_ticks"": 1.0, ""stop_buffer_ticks"": 1.0, ""tod"": ""1030_1200"", ""gap_points"": 103.0, ""prior_ret"": -124.5, ""trend_1h"": ""BULLISH"", ""trend_4h"": ""BULLISH"", ""confirm_kind"": ""break""}",120,1h,1,0.0024979096989965477,weak,NQ,20.25,6.0,STOP_HIT,-18.25,-18.45,-1.010958904109589,-1.0,False,False,0.46853146853146854,18.25,10:45,ENTERED,23996.0,24032.5,1.0,2025-09-11,True,2025
False,HTF_1H_TREND_FIRST_PULLBACK_5M_BREAK,medium,LONG,24095.75,24095.5,1757690100,24082.5,1757690460,"{""adverse_ticks"": 1.0, ""stop_buffer_ticks"": 1.0, ""tod"": ""1030_1200"", ""gap_points"": 29.25, ""prior_ret"": 34.25, ""trend_1h"": ""BULLISH"", ""trend_4h"": ""NEUTRAL"", ""confirm_kind"": ""break""}",360,1h,1,0.0034445797300530767,weak,NQ,14.5,9.75,STOP_HIT,-13.25,-13.45,-1.0150943396226415,-1.0,False,False,0.40468227424749165,13.25,11:15,ENTERED,24082.5,24109.0,1.0,2025-09-12,True,2025
False,HTF_1H_TREND_FIRST_PULLBACK_5M_BREAK,medium,LONG,24229.0,24228.75,1757944200,24261.0,1757944740,"{""adverse_ticks"": 1.0, ""stop_buffer_ticks"": 1.0, ""tod"": ""0930_1030"", ""gap_points"": 67.5, ""prior_ret"": 69.5, ""trend_1h"": ""BULLISH"", ""trend_4h"": ""NEUTRAL"", ""confirm_kind"": ""break""}",540,1h,1,0.003205959557183391,weak,NQ,2.75,33.5,TARGET_HIT,32.0,31.8,0.99375,1.0,True,False,0.6,32.0,09:50,ENTERED,24197.0,24261.0,1.0,2025-09-15,True,2025
False,HTF_1H_TREND_FIRST_PULLBACK_5M_BREAK,medium,SHORT,24538.25,24538.5,1758032100,24555.5,1758032280,"{""adverse_ticks"": 1.0, ""stop_buffer_ticks"": 1.0, ""tod"": ""0930_1030"", ""gap_points"": 276.5, ""prior_ret"": 134.0, ""trend_1h"": ""BEARISH"", ""trend_4h"": ""NEUTRAL"", ""confirm_kind"": ""break""}",180,1h,1,-0.0035531912733621773,weak,NQ,21.25,2.0,STOP_HIT,-17.25,-17.45,-1.0115942028985507,-1.0,False,False,0.4883720930232558,17.25,10:15,ENTERED,24555.5,24521.0,1.0,2025-09-16,True,2025
True,HTF_1H_TREND_FIRST_PULLBACK_5M_BREAK,medium,SHORT,24428.75,24429.0,1758131400,24449.25,1758131940,"{""adverse_ticks"": 1.0, ""stop_buffer_ticks"": 1.0, ""tod"": ""1200_1400"", ""gap_points"": -3.25, ""prior_ret"": -64.0, ""trend_1h"": ""BEARISH"", ""trend_4h"": ""BEARISH"", ""confirm_kind"": ""break""}",540,1h,3,-0.005504643268534837,medium,NQ,32.25,5.5,STOP_HIT,-20.5,-20.7,-1.0097560975609756,-1.0,False,False,0.48717948717948717,20.5,13:50,ENTERED,24449.25,24408.25,1.0,2025-09-17,True,2025
True,HTF_1H_TREND_FIRST_PULLBACK_5M_BREAK,medium,LONG,24746.0,24745.75,1758218100,24726.25,1758218220,"{""adverse_ticks"": 1.0, ""stop_buffer_ticks"": 1.0, ""tod"": ""1200_1400"", ""gap_points"": 204.25, ""prior_ret"": -45.75, ""trend_1h"": ""BULLISH"", ""trend_4h"": ""BULLISH"", ""confirm_kind"": ""break""}",120,1h,1,0.0039692584979595935,weak,NQ,22.0,1.5,STOP_HIT,-19.75,-19.95,-1.010126582278481,-1.0,False,False,0.5146520146520146,19.75,13:55,ENTERED,24726.25,24765.75,1.0,2025-09-18,True,2025
True,HTF_1H_TREND_FIRST_PULLBACK_5M_BREAK,medium,LONG,24813.5,24813.25,1758303300,24831.75,1758307380,"{""adverse_ticks"": 1.0, ""stop_buffer_ticks"": 1.0, ""tod"": ""1200_1400"", ""gap_points"": 69.5, ""prior_ret"": 18.75, ""trend_1h"": ""BULLISH"", ""trend_4h"": ""BULLISH"", ""confirm_kind"": ""break""}",4080,1h,1,0.0033652339999796776,weak,NQ,9.25,19.75,TARGET_HIT,18.25,18.05,0.989041095890411,1.0,True,False,0.4575645756457565,18.25,13:35,ENTERED,24795.25,24831.75,1.0,2025-09-19,True,2025
False,HTF_1H_TREND_FIRST_PULLBACK_5M_BREAK,medium,LONG,24890.25,24890.0,1758551100,24925.75,1758552480,"{""adverse_ticks"": 1.0, ""stop_buffer_ticks"": 1.0, ""tod"": ""0930_1030"", ""gap_points"": -45.0, ""prior_ret"": 92.75, ""trend_1h"": ""BULLISH"", ""trend_4h"": ""NEUTRAL"", ""confirm_kind"": ""break""}",1380,1h,1,0.003540519276160614,weak,NQ,5.5,36.5,TARGET_HIT,35.5,35.3,0.9943661971830985,1.0,True,False,0.45517241379310347,35.5,10:25,ENTERED,24854.75,24925.75,1.0,2025-09-22,True,2025
True,HTF_1H_TREND_FIRST_PULLBACK_5M_BREAK,medium,SHORT,24957.25,24957.5,1758636900,24952.5,1758636900,"{""adverse_ticks"": 1.0, ""stop_buffer_ticks"": 1.0, ""tod"": ""0930_1030"", ""gap_points"": 2.25, ""prior_ret"": 183.25, ""trend_1h"": ""BEARISH"", ""trend_4h"": ""BEARISH"", ""confirm_kind"": ""break""}",0,1h,1,-0.002938413256841299,weak,NQ,1.5,11.75,TARGET_HIT,4.75,4.55,0.9578947368421052,1.0,True,True,0.42657342657342656,4.75,10:15,ENTERED,24962.0,24952.5,1.0,2025-09-23,True,2025
False,HTF_1H_TREND_FIRST_PULLBACK_5M_BREAK,medium,SHORT,24827.5,24827.75,1758723300,24813.75,1758723840,"{""adverse_ticks"": 1.0, ""stop_buffer_ticks"": 1.0, ""tod"": ""0930_1030"", ""gap_points"": 53.75, ""prior_ret"": -169.5, ""trend_1h"": ""BEARISH"", ""trend_4h"": ""NEUTRAL"", ""confirm_kind"": ""break""}",540,1h,1,-0.0034128665067303388,weak,NQ,12.0,16.75,TARGET_HIT,13.75,13.55,0.9854545454545455,1.0,True,False,0.4119106699751861,13.75,10:15,ENTERED,24841.25,24813.75,1.0,2025-09-24,True,2025
False,HTF_1H_TREND_FIRST_PULLBACK_5M_BREAK,medium,SHORT,24427.0,24427.25,1758807900,24525.75,1758809100,"{""adverse_ticks"": 1.0, ""stop_buffer_ticks"": 1.0, ""tod"": ""0930_1030"", ""gap_points"": -163.25, ""prior_ret"": -145.75, ""trend_1h"": ""BEARISH"", ""trend_4h"": ""NEUTRAL"", ""confirm_kind"": ""break""}",1200,1h,2,-0.0064803768930585814,medium,NQ,113.25,3.0,STOP_HIT,-98.75,-98.95,-1.0020253164556963,-1.0,False,False,0.5084745762711864,98.75,09:45,ENTERED,24525.75,24328.25,1.0,2025-09-25,True,2025
False,HTF_1H_TREND_FIRST_PULLBACK_5M_BREAK,medium,SHORT,24598.75,24599.0,1758903300,24603.75,1758903300,"{""adverse_ticks"": 1.0, ""stop_buffer_ticks"": 1.0, ""tod"": ""1200_1400"", ""gap_points"": 22.0, ""prior_ret"": 56.0, ""trend_1h"": ""BEARISH"", ""trend_4h"": ""BULLISH"", ""confirm_kind"": ""break""}",0,1h,1,-0.0023641141674360933,weak,NQ,10.25,3.25,STOP_HIT,-5.0,-5.2,-1.04,-1.0,False,False,0.527001862197393,5.0,12:15,ENTERED,24603.75,24593.75,1.0,2025-09-26,True,2025
True,HTF_1H_TREND_FIRST_PULLBACK_5M_BREAK,medium,LONG,24965.75,24965.5,1759155900,24917.25,1759158600,"{""adverse_ticks"": 1.0, ""stop_buffer_ticks"": 1.0, ""tod"": ""0930_1030"", ""gap_points"": 125.25, ""prior_ret"": 71.25, ""trend_1h"": ""BULLISH"", ""trend_4h"": ""BULLISH"", ""confirm_kind"": ""break""}",2700,1h,1,0.0028144097780635757,weak,NQ,59.25,3.75,STOP_HIT,-48.5,-48.7,-1.0041237113402062,-1.0,False,False,0.4288577154308617,48.5,10:25,ENTERED,24917.25,25014.25,1.0,2025-09-29,True,2025
False,HTF_1H_TREND_FIRST_PULLBACK_5M_BREAK,medium,SHORT,24740.5,24740.75,1759253100,24776.5,1759254540,"{""adverse_ticks"": 1.0, ""stop_buffer_ticks"": 1.0, ""tod"": ""1200_1400"", ""gap_points"": -16.75, ""prior_ret"": -13.5, ""trend_1h"": ""BEARISH"", ""trend_4h"": ""NEUTRAL"", ""confirm_kind"": ""break""}",1440,1h,1,-0.0020335229274676125,weak,NQ,36.0,9.0,STOP_HIT,-36.0,-36.2,-1.0055555555555555,-1.0,False,False,0.549618320610687,36.0,13:25,ENTERED,24776.5,24704.5,1.0,2025-09-30,True,2025
False,HTF_1H_TREND_FIRST_PULLBACK_5M_BREAK,medium,SHORT,25056.75,25057.0,1759421400,25082.5,1759425420,"{""adverse_ticks"": 1.0, ""stop_buffer_ticks"": 1.0, ""tod"": ""1200_1400"", ""gap_points"": 153.5, ""prior_ret"": 248.75, ""trend_1h"": ""BEARISH"", ""trend_4h"": ""NEUTRAL"", ""confirm_kind"": ""break""}",4020,1h,2,-0.002843055389876392,weak,NQ,26.5,23.0,STOP_HIT,-25.75,-25.95,-1.007766990291262,-1.0,False,False,0.4037900874635568,25.75,12:10,ENTERED,25082.5,25031.0,1.0,2025-10-02,True,2025
True,HTF_1H_TREND_FIRST_PULLBACK_5M_BREAK,medium,SHORT,25078.75,25079.0,1759501500,25101.0,1759501560,"{""adverse_ticks"": 1.0, ""stop_buffer_ticks"": 1.0, ""tod"": ""0930_1030"", ""gap_points"": 24.0, ""prior_ret"": -55.75, ""trend_1h"": ""BEARISH"", ""trend_4h"": ""BEARISH"", ""confirm_kind"": ""break""}",60,1h,2,-0.003453374482738081,weak,NQ,30.0,7.0,STOP_HIT,-22.25,-22.45,-1.0089887640449438,-1.0,False,False,0.4575757575757576,22.25,10:25,ENTERED,25101.0,25056.5,1.0,2025-10-03,True,2025
True,HTF_1H_TREND_FIRST_PULLBACK_5M_BREAK,medium,LONG,25235.75,25235.5,1759775400,25245.0,1759775460,"{""adverse_ticks"": 1.0, ""stop_buffer_ticks"": 1.0, ""tod"": ""1400_1530"", ""gap_points"": 217.5, ""prior_ret"": -136.75, ""trend_1h"": ""BULLISH"", ""trend_4h"": ""BULLISH"", ""confirm_kind"": ""break""}",60,1h,1,0.0028621971338276264,weak,NQ,1.25,13.5,TARGET_HIT,9.25,9.05,0.9783783783783785,1.0,True,False,0.4444444444444444,9.25,14:30,ENTERED,25226.5,25245.0,1.0,2025-10-06,True,2025
False,HTF_1H_TREND_FIRST_PULLBACK_5M_BREAK,medium,SHORT,25072.75,25073.0,1759855500,25053.25,1759855680,"{""adverse_ticks"": 1.0, ""stop_buffer_ticks"": 1.0, ""tod"": ""1200_1400"", ""gap_points"": 52.75, ""prior_ret"": -30.0, ""trend_1h"": ""BEARISH"", ""trend_4h"": ""BULLISH"", ""confirm_kind"": ""break""}",180,1h,1,-0.007228772298630615,medium,NQ,2.0,25.75,TARGET_HIT,19.5,19.3,0.9897435897435898,1.0,True,False,0.4251734390485629,19.5,12:45,ENTERED,25092.25,25053.25,1.0,2025-10-07,True,2025
True,HTF_1H_TREND_FIRST_PULLBACK_5M_BREAK,medium,SHORT,25235.25,25235.5,1760023500,25274.0,1760025480,"{""adverse_ticks"": 1.0, ""stop_buffer_ticks"": 1.0, ""tod"": ""1030_1200"", ""gap_points"": -1.0, ""prior_ret"": 250.25, ""trend_1h"": ""BEARISH"", ""trend_4h"": ""BEARISH"", ""confirm_kind"": ""break""}",1980,1h,1,-0.002675935343082525,weak,NQ,39.0,37.75,STOP_HIT,-38.75,-38.95,-1.0051612903225806,-1.0,False,False,0.4907749077490775,38.75,11:25,ENTERED,25274.0,25196.5,1.0,2025-10-09,True,2025
False,HTF_1H_TREND_FIRST_PULLBACK_5M_BREAK,medium,SHORT,24822.25,24822.5,1760109900,24566.25,1760123460,"{""adverse_ticks"": 1.0, ""stop_buffer_ticks"": 1.0, ""tod"": ""1030_1200"", ""gap_points"": 18.5, ""prior_ret"": -34.5, ""trend_1h"": ""BEARISH"", ""trend_4h"": ""NEUTRAL"", ""confirm_kind"": ""break""}",13560,1h,1,-0.004179800594855787,medium,NQ,85.75,258.75,TARGET_HIT,256.0,255.8,0.99921875,1.0,True,False,0.4186765615337044,256.0,11:25,ENTERED,25078.25,24566.25,1.0,2025-10-10,True,2025
True,HTF_1H_TREND_FIRST_PULLBACK_5M_BREAK,medium,SHORT,24452.25,24452.5,1760449500,24562.5,1760450100,"{""adverse_ticks"": 1.0, ""stop_buffer_ticks"": 1.0, ""tod"": ""0930_1030"", ""gap_points"": -281.75, ""prior_ret"": 95.75, ""trend_1h"": ""BEARISH"", ""trend_4h"": ""BEARISH"", ""confirm_kind"": ""break""}",600,1h,1,-0.002875483465970108,weak,NQ,119.25,31.5,STOP_HIT,-110.25,-110.45,-1.0018140589569162,-1.0,False,False,0.5453194650817236,110.25,09:45,ENTERED,24562.5,24342.0,1.0,2025-10-14,True,2025
True,HTF_1H_TREND_FIRST_PULLBACK_5M_BREAK,medium,LONG,25053.75,25053.5,1760542200,25046.25,1760542260,"{""adverse_ticks"": 1.0, ""stop_buffer_ticks"": 1.0, ""tod"": ""1030_1200"", ""gap_points"": 245.25, ""prior_ret"": 118.5, ""trend_1h"": ""BULLISH"", ""trend_4h"": ""BULLISH"", ""confirm_kind"": ""break""}",60,1h,1,0.0053370983407932115,medium,NQ,11.0,5.75,STOP_HIT,-7.5,-7.7,-1.0266666666666666,-1.0,False,False,0.52,7.5,11:30,ENTERED,25046.25,25061.25,1.0,2025-10-15,True,2025
True,HTF_1H_TREND_FIRST_PULLBACK_5M_BREAK,medium,LONG,24931.5,24931.25,1760710500,24776.75,1760712960,"{""adverse_ticks"": 1.0, ""stop_buffer_ticks"": 1.0, ""tod"": ""0930_1030"", ""gap_points"": -94.5, ""prior_ret"": -214.5, ""trend_1h"": ""BULLISH"", ""trend_4h"": ""BULLISH"", ""confirm_kind"": ""break""}",2460,1h,3,0.013297818055640676,strong,NQ,169.0,29.5,STOP_HIT,-154.75,-154.95,-1.001292407108239,-1.0,False,False,0.48697068403908794,154.75,10:15,ENTERED,24776.75,25086.25,1.0,2025-10-17,True,2025
True,HTF_1H_TREND_FIRST_PULLBACK_5M_BREAK,medium,LONG,25220.75,25220.5,1760968200,25263.5,1760970360,"{""adverse_ticks"": 1.0, ""stop_buffer_ticks"": 1.0, ""tod"": ""0930_1030"", ""gap_points"": 130.0, ""prior_ret"": 252.75, ""trend_1h"": ""BULLISH"", ""trend_4h"": ""BULLISH"", ""confirm_kind"": ""break""}",2160,1h,1,0.00219346347883298,weak,NQ,18.25,47.0,TARGET_HIT,42.75,42.55,0.9953216374269005,1.0,True,False,0.4410377358490566,42.75,09:50,ENTERED,25178.0,25263.5,1.0,2025-10-20,True,2025
False,HTF_1H_TREND_FIRST_PULLBACK_5M_BREAK,medium,SHORT,25160.25,25160.5,1761145800,25128.0,1761145920,"{""adverse_ticks"": 1.0, ""stop_buffer_ticks"": 1.0, ""tod"": ""1030_1200"", ""gap_points"": -25.75, ""prior_ret"": -9.5, ""trend_1h"": ""BEARISH"", ""trend_4h"": ""NEUTRAL"", ""confirm_kind"": ""break""}",120,1h,1,-0.004478718671214632,medium,NQ,0.0,39.75,TARGET_HIT,32.25,32.05,0.993798449612403,1.0,True,False,0.586046511627907,32.25,11:10,ENTERED,25192.5,25128.0,1.0,2025-10-22,True,2025
True,HTF_1H_TREND_FIRST_PULLBACK_5M_BREAK,medium,LONG,25155.5,25155.25,1761229500,25227.25,1761237780,"{""adverse_ticks"": 1.0, ""stop_buffer_ticks"": 1.0, ""tod"": ""0930_1030"", ""gap_points"": -24.25, ""prior_ret"": -225.0, ""trend_1h"": ""BULLISH"", ""trend_4h"": ""BULLISH"", ""confirm_kind"": ""break""}",8280,1h,1,0.0040504409593360435,medium,NQ,35.75,75.0,TARGET_HIT,71.75,71.55,0.9972125435540069,1.0,True,False,0.47553516819571867,71.75,10:25,ENTERED,25083.75,25227.25,1.0,2025-10-23,True,2025
True,HTF_1H_TREND_FIRST_PULLBACK_5M_BREAK,medium,LONG,26081.75,26081.5,1761668700,26096.25,1761668820,"{""adverse_ticks"": 1.0, ""stop_buffer_ticks"": 1.0, ""tod"": ""1200_1400"", ""gap_points"": 90.5, ""prior_ret"": 145.25, ""trend_1h"": ""BULLISH"", ""trend_4h"": ""BULLISH"", ""confirm_kind"": ""break""}",120,1h,3,0.002567924981966785,weak,NQ,1.25,16.5,TARGET_HIT,14.5,14.3,0.9862068965517242,1.0,True,False,0.5086705202312138,14.5,12:25,ENTERED,26067.25,26096.25,1.0,2025-10-28,True,2025
True,HTF_1H_TREND_FIRST_PULLBACK_5M_BREAK,medium,LONG,26288.5,26288.25,1761746700,26283.75,1761746700,"{""adverse_ticks"": 1.0, ""stop_buffer_ticks"": 1.0, ""tod"": ""0930_1030"", ""gap_points"": 106.0, ""prior_ret"": 108.5, ""trend_1h"": ""BULLISH"", ""trend_4h"": ""BULLISH"", ""confirm_kind"": ""break""}",0,1h,1,0.0030871549580280266,weak,NQ,8.0,1.0,STOP_HIT,-4.75,-4.95,-1.0421052631578949,-1.0,False,False,0.5700934579439252,4.75,10:05,ENTERED,26283.75,26293.25,1.0,2025-10-29,True,2025
False,HTF_1H_TREND_FIRST_PULLBACK_5M_BREAK,medium,SHORT,25974.5,25974.75,1761831900,26044.75,1761832080,"{""adverse_ticks"": 1.0, ""stop_buffer_ticks"": 1.0, ""tod"": ""0930_1030"", ""gap_points"": -156.0, ""prior_ret"": 15.25, ""trend_1h"": ""BEARISH"", ""trend_4h"": ""NEUTRAL"", ""confirm_kind"": ""break""}",180,1h,1,-0.006947154046003434,medium,NQ,87.25,11.0,STOP_HIT,-70.25,-70.45,-1.002846975088968,-1.0,False,False,0.5411931818181818,70.25,09:45,ENTERED,26044.75,25904.25,1.0,2025-10-30,True,2025
True,HTF_1H_TREND_FIRST_PULLBACK_5M_BREAK,medium,SHORT,26101.25,26101.5,1761920700,26118.0,1761921000,"{""adverse_ticks"": 1.0, ""stop_buffer_ticks"": 1.0, ""tod"": ""0930_1030"", ""gap_points"": 327.25, ""prior_ret"": -253.25, ""trend_1h"": ""BEARISH"", ""trend_4h"": ""BEARISH"", ""confirm_kind"": ""break""}",300,1h,1,-0.0030459857917652933,weak,NQ,18.25,5.0,STOP_HIT,-16.75,-16.95,-1.0119402985074626,-1.0,False,False,0.4040219378427788,16.75,10:25,ENTERED,26118.0,26084.5,1.0,2025-10-31,True,2025
False,HTF_1H_TREND_FIRST_PULLBACK_5M_BREAK,medium,SHORT,26076.25,26076.5,1762185900,26112.25,1762188960,"{""adverse_ticks"": 1.0, ""stop_buffer_ticks"": 1.0, ""tod"": ""1030_1200"", ""gap_points"": 243.0, ""prior_ret"": -206.5, ""trend_1h"": ""BEARISH"", ""trend_4h"": ""NEUTRAL"", ""confirm_kind"": ""break""}",3060,1h,1,-0.002475791727605592,weak,NQ,36.5,33.0,STOP_HIT,-36.0,-36.2,-1.0055555555555555,-1.0,False,False,0.43813847900113506,36.0,11:05,ENTERED,26112.25,26040.25,1.0,2025-11-03,True,2025
False,HTF_1H_TREND_FIRST_PULLBACK_5M_BREAK,medium,LONG,25871.5,25871.25,1762269600,25827.25,1762271400,"{""adverse_ticks"": 1.0, ""stop_buffer_ticks"": 1.0, ""tod"": ""0930_1030"", ""gap_points"": -368.25, ""prior_ret"": -125.5, ""trend_1h"": ""BULLISH"", ""trend_4h"": ""BEARISH"", ""confirm_kind"": ""break""}",1800,1h,1,0.004542234041520654,medium,NQ,47.25,22.25,STOP_HIT,-44.25,-44.45,-1.0045197740112994,-1.0,False,False,0.4052173913043478,44.25,10:20,ENTERED,25827.25,25915.75,1.0,2025-11-04,True,2025
True,HTF_1H_TREND_FIRST_PULLBACK_5M_BREAK,medium,LONG,25680.75,25680.5,1762354800,25761.25,1762360980,"{""adverse_ticks"": 1.0, ""stop_buffer_ticks"": 1.0, ""tod"": ""0930_1030"", ""gap_points"": -35.75, ""prior_ret"": -164.0, ""trend_1h"": ""BULLISH"", ""trend_4h"": ""BULLISH"", ""confirm_kind"": ""break""}",6180,1h,2,0.011096246163531998,strong,NQ,65.5,82.0,TARGET_HIT,80.5,80.3,0.9975155279503105,1.0,True,False,0.5484496124031008,80.5,10:00,ENTERED,25600.25,25761.25,1.0,2025-11-05,True,2025
True,HTF_1H_TREND_FIRST_PULLBACK_5M_BREAK,medium,SHORT,25447.25,25447.5,1762443300,25347.25,1762443600,"{""adverse_ticks"": 1.0, ""stop_buffer_ticks"": 1.0, ""tod"": ""1030_1200"", ""gap_points"": -67.0, ""prior_ret"": 198.75, ""trend_1h"": ""BEARISH"", ""trend_4h"": ""BEARISH"", ""confirm_kind"": ""break""}",300,1h,1,-0.009280832556694651,strong,NQ,0.0,108.25,TARGET_HIT,100.0,99.8,0.998,1.0,True,False,0.5287569573283859,100.0,10:35,ENTERED,25547.25,25347.25,1.0,2025-11-06,True,2025
True,HTF_1H_TREND_FIRST_PULLBACK_5M_BREAK,medium,SHORT,24995.75,24996.0,1762527300,25013.75,1762527360,"{""adverse_ticks"": 1.0, ""stop_buffer_ticks"": 1.0, ""tod"": ""0930_1030"", ""gap_points"": -147.75, ""prior_ret"": -415.75, ""trend_1h"": ""BEARISH"", ""trend_4h"": ""BEARISH"", ""confirm_kind"": ""break""}",60,1h,5,-0.005878859857482155,medium,NQ,30.0,13.0,STOP_HIT,-18.0,-18.2,-1.011111111111111,-1.0,False,False,0.41374837872892345,18.0,09:55,ENTERED,25013.75,24977.75,1.0,2025-11-07,False,2025
True,HTF_1H_TREND_FIRST_PULLBACK_5M_BREAK,medium,LONG,25641.5,25641.25,1762787400,25606.5,1762789680,"{""adverse_ticks"": 1.0, ""stop_buffer_ticks"": 1.0, ""tod"": ""0930_1030"", ""gap_points"": 374.5, ""prior_ret"": 53.75, ""trend_1h"": ""BULLISH"", ""trend_4h"": ""BULLISH"", ""confirm_kind"": ""break""}",2280,1h,1,0.004279446903521444,medium,NQ,38.5,25.25,STOP_HIT,-35.0,-35.2,-1.0057142857142858,-1.0,False,False,0.42616033755274263,35.0,10:10,ENTERED,25606.5,25676.5,1.0,2025-11-10,True,2025
True,HTF_1H_TREND_FIRST_PULLBACK_5M_BREAK,medium,SHORT,25509.25,25509.5,1762877400,25541.5,1762877460,"{""adverse_ticks"": 1.0, ""stop_buffer_ticks"": 1.0, ""tod"": ""1030_1200"", ""gap_points"": -108.0, ""prior_ret"": 174.25, ""trend_1h"": ""BEARISH"", ""trend_4h"": ""BEARISH"", ""confirm_kind"": ""break""}",60,1h,1,-0.0042930179916481626,medium,NQ,32.25,0.75,STOP_HIT,-32.25,-32.45,-1.006201550387597,-1.0,False,False,0.4620253164556962,32.25,11:10,ENTERED,25541.5,25477.0,1.0,2025-11-11,True,2025
True,HTF_1H_TREND_FIRST_PULLBACK_5M_BREAK,medium,SHORT,25594.25,25594.5,1762960500,25528.25,1762963800,"{""adverse_ticks"": 1.0, ""stop_buffer_ticks"": 1.0, ""tod"": ""0930_1030"", ""gap_points"": 131.5, ""prior_ret"": 42.0, ""trend_1h"": ""BEARISH"", ""trend_4h"": ""BEARISH"", ""confirm_kind"": ""break""}",3300,1h,1,-0.00790781963193754,medium,NQ,33.75,84.75,TARGET_HIT,66.0,65.8,0.996969696969697,1.0,True,False,0.43548387096774194,66.0,10:15,ENTERED,25660.25,25528.25,1.0,2025-11-12,True,2025
False,HTF_1H_TREND_FIRST_PULLBACK_5M_BREAK,medium,SHORT,25317.25,25317.5,1763045400,25376.5,1763045520,"{""adverse_ticks"": 1.0, ""stop_buffer_ticks"": 1.0, ""tod"": ""0930_1030"", ""gap_points"": -148.0, ""prior_ret"": -153.25, ""trend_1h"": ""BEARISH"", ""trend_4h"": ""NEUTRAL"", ""confirm_kind"": ""break""}",120,1h,5,-0.0027573799024160905,weak,NQ,68.75,2.75,STOP_HIT,-59.25,-59.45,-1.0033755274261604,-1.0,False,False,0.46842105263157896,59.25,09:50,ENTERED,25376.5,25258.0,1.0,2025-11-13,True,2025
False,HTF_1H_TREND_FIRST_PULLBACK_5M_BREAK,medium,LONG,25151.75,25151.5,1763400900,25123.0,1763401080,"{""adverse_ticks"": 1.0, ""stop_buffer_ticks"": 1.0, ""tod"": ""1200_1400"", ""gap_points"": -107.5, ""prior_ret"": 381.75, ""trend_1h"": ""BULLISH"", ""trend_4h"": ""BEARISH"", ""confirm_kind"": ""break""}",180,1h,1,0.0026162906370617023,weak,NQ,38.5,13.25,STOP_HIT,-28.75,-28.95,-1.0069565217391303,-1.0,False,False,0.4029268292682927,28.75,12:35,ENTERED,25123.0,25180.5,1.0,2025-11-17,True,2025
True,HTF_1H_TREND_FIRST_PULLBACK_5M_BREAK,medium,SHORT,24521.5,24521.75,1763478000,24399.0,1763481660,"{""adverse_ticks"": 1.0, ""stop_buffer_ticks"": 1.0, ""tod"": ""0930_1030"", ""gap_points"": -170.0, ""prior_ret"": -109.5, ""trend_1h"": ""BEARISH"", ""trend_4h"": ""BEARISH"", ""confirm_kind"": ""break""}",3660,1h,3,-0.01228476487765584,strong,NQ,91.75,128.75,TARGET_HIT,122.5,122.3,0.9983673469387755,1.0,True,False,0.5041597337770383,122.5,10:00,ENTERED,24644.0,24399.0,1.0,2025-11-18,True,2025
False,HTF_1H_TREND_FIRST_PULLBACK_5M_BREAK,medium,LONG,24358.0,24357.75,1763744700,24273.25,1763748240,"{""adverse_ticks"": 1.0, ""stop_buffer_ticks"": 1.0, ""tod"": ""1200_1400"", ""gap_points"": 65.25, ""prior_ret"": -1073.25, ""trend_1h"": ""BULLISH"", ""trend_4h"": ""NEUTRAL"", ""confirm_kind"": ""break""}",3540,1h,1,0.007502867831712612,medium,NQ,89.75,57.75,STOP_HIT,-84.75,-84.95,-1.0023598820058996,-1.0,False,False,0.5876288659793815,84.75,12:05,ENTERED,24273.25,24442.75,1.0,2025-11-21,True,2025
True,HTF_1H_TREND_FIRST_PULLBACK_5M_BREAK,medium,LONG,24683.25,24683.0,1763996400,24787.75,1763998740,"{""adverse_ticks"": 1.0, ""stop_buffer_ticks"": 1.0, ""tod"": ""0930_1030"", ""gap_points"": 208.5, ""prior_ret"": 110.25, ""trend_1h"": ""BULLISH"", ""trend_4h"": ""BULLISH"", ""confirm_kind"": ""break""}",2340,1h,2,0.011515213605163499,strong,NQ,19.0,113.25,TARGET_HIT,104.5,104.3,0.9980861244019138,1.0,True,False,0.5648379052369077,104.5,10:00,ENTERED,24578.75,24787.75,1.0,2025-11-24,True,2025
False,HTF_1H_TREND_FIRST_PULLBACK_5M_BREAK,medium,LONG,25000.25,25000.0,1764094500,25024.0,1764095400,"{""adverse_ticks"": 1.0, ""stop_buffer_ticks"": 1.0, ""tod"": ""1200_1400"", ""gap_points"": -78.0, ""prior_ret"": 413.0, ""trend_1h"": ""BULLISH"", ""trend_4h"": ""BEARISH"", ""confirm_kind"": ""break""}",900,1h,1,0.0041292422689733765,medium,NQ,12.25,28.5,TARGET_HIT,23.75,23.55,0.9915789473684211,1.0,True,False,0.41277641277641275,23.75,13:15,ENTERED,24976.5,25024.0,1.0,2025-11-25,True,2025
False,HTF_1H_TREND_FIRST_PULLBACK_5M_BREAK,medium,LONG,25298.0,25297.75,1764173400,25333.0,1764174360,"{""adverse_ticks"": 1.0, ""stop_buffer_ticks"": 1.0, ""tod"": ""1030_1200"", ""gap_points"": 142.25, ""prior_ret"": 222.75, ""trend_1h"": ""BULLISH"", ""trend_4h"": ""NEUTRAL"", ""confirm_kind"": ""break""}",960,1h,1,0.003514763994519443,weak,NQ,11.25,39.0,TARGET_HIT,35.0,34.8,0.9942857142857142,1.0,True,False,0.4225352112676056,35.0,11:10,ENTERED,25263.0,25333.0,1.0,2025-11-26,True,2025
True,HTF_1H_TREND_FIRST_PULLBACK_5M_BREAK,medium,LONG,25355.25,25355.0,1764602100,25331.75,1764602460,"{""adverse_ticks"": 1.0, ""stop_buffer_ticks"": 1.0, ""tod"": ""0930_1030"", ""gap_points"": -41.5, ""prior_ret"": 74.25, ""trend_1h"": ""BULLISH"", ""trend_4h"": ""BULLISH"", ""confirm_kind"": ""break""}",360,1h,1,0.002074033105518902,weak,NQ,27.5,19.25,STOP_HIT,-23.5,-23.7,-1.0085106382978724,-1.0,False,False,0.40310077519379844,23.5,10:15,ENTERED,25331.75,25378.75,1.0,2025-12-01,True,2025
True,HTF_1H_TREND_FIRST_PULLBACK_5M_BREAK,medium,LONG,25635.75,25635.5,1764687900,25561.75,1764689400,"{""adverse_ticks"": 1.0, ""stop_buffer_ticks"": 1.0, ""tod"": ""0930_1030"", ""gap_points"": 90.5, ""prior_ret"": 147.25, ""trend_1h"": ""BULLISH"", ""trend_4h"": ""BULLISH"", ""confirm_kind"": ""break""}",1500,1h,6,0.004227147901137762,medium,NQ,95.75,19.25,STOP_HIT,-74.0,-74.2,-1.0027027027027027,-1.0,False,False,0.42411642411642414,74.0,10:05,ENTERED,25561.75,25709.75,1.0,2025-12-02,True,2025
False,HTF_1H_TREND_FIRST_PULLBACK_5M_BREAK,medium,SHORT,25585.25,25585.5,1764859800,25527.5,1764861900,"{""adverse_ticks"": 1.0, ""stop_buffer_ticks"": 1.0, ""tod"": ""0930_1030"", ""gap_points"": 54.5, ""prior_ret"": 162.25, ""trend_1h"": ""BEARISH"", ""trend_4h"": ""NEUTRAL"", ""confirm_kind"": ""break""}",2100,1h,1,-0.002034320643974463,weak,NQ,19.25,65.0,TARGET_HIT,57.75,57.55,0.9965367965367965,1.0,True,False,0.5348837209302325,57.75,09:50,ENTERED,25643.0,25527.5,1.0,2025-12-04,True,2025
False,HTF_1H_TREND_FIRST_PULLBACK_5M_BREAK,medium,SHORT,25673.25,25673.5,1765218000,25650.0,1765218420,"{""adverse_ticks"": 1.0, ""stop_buffer_ticks"": 1.0, ""tod"": ""1200_1400"", ""gap_points"": 65.25, ""prior_ret"": 45.75, ""trend_1h"": ""BEARISH"", ""trend_4h"": ""NEUTRAL"", ""confirm_kind"": ""break""}",420,1h,3,-0.005036709866139799,medium,NQ,10.75,23.5,TARGET_HIT,23.25,23.05,0.9913978494623656,1.0,True,False,0.4879594423320659,23.25,13:20,ENTERED,25696.5,25650.0,1.0,2025-12-08,True,2025
False,HTF_1H_TREND_FIRST_PULLBACK_5M_BREAK,medium,LONG,25703.25,25703.0,1765310100,25695.5,1765313700,"{""adverse_ticks"": 1.0, ""stop_buffer_ticks"": 1.0, ""tod"": ""1400_1530"", ""gap_points"": -50.25, ""prior_ret"": -122.25, ""trend_1h"": ""BULLISH"", ""trend_4h"": ""NEUTRAL"", ""confirm_kind"": ""break""}",3600,1h,2,0.0035993679158781156,weak,NQ,15.5,19.0,TIME_EXIT,-7.75,-7.95,-0.3878048780487805,-0.3780487804878049,False,False,0.44989339019189767,20.5,14:55,ENTERED,25682.75,25723.75,1.0,2025-12-09,True,2025
True,HTF_1H_TREND_FIRST_PULLBACK_5M_BREAK,medium,SHORT,25221.75,25222.0,1765560600,25300.0,1765561560,"{""adverse_ticks"": 1.0, ""stop_buffer_ticks"": 1.0, ""tod"": ""1200_1400"", ""gap_points"": -154.5, ""prior_ret"": 71.25, ""trend_1h"": ""BEARISH"", ""trend_4h"": ""BEARISH"", ""confirm_kind"": ""break""}",960,1h,2,-0.015361448728353655,strong,NQ,89.5,29.25,STOP_HIT,-78.25,-78.45,-1.002555910543131,-1.0,False,False,0.4036178631995478,78.25,12:30,ENTERED,25300.0,25143.5,1.0,2025-12-12,True,2025
False,HTF_1H_TREND_FIRST_PULLBACK_5M_BREAK,medium,SHORT,25139.5,25139.75,1765814100,25196.5,1765815300,"{""adverse_ticks"": 1.0, ""stop_buffer_ticks"": 1.0, ""tod"": ""1030_1200"", ""gap_points"": 198.5, ""prior_ret"": -350.75, ""trend_1h"": ""BEARISH"", ""trend_4h"": ""NEUTRAL"", ""confirm_kind"": ""break""}",1200,1h,1,-0.004538503280548611,medium,NQ,58.5,18.5,STOP_HIT,-57.0,-57.2,-1.0035087719298246,-1.0,False,False,0.4349566377585057,57.0,10:55,ENTERED,25196.5,25082.5,1.0,2025-12-15,True,2025
True,HTF_1H_TREND_FIRST_PULLBACK_5M_BREAK,medium,LONG,25394.75,25394.5,1765897200,25316.0,1765897440,"{""adverse_ticks"": 1.0, ""stop_buffer_ticks"": 1.0, ""tod"": ""0930_1030"", ""gap_points"": 147.75, ""prior_ret"": -323.75, ""trend_1h"": ""BULLISH"", ""trend_4h"": ""BULLISH"", ""confirm_kind"": ""break""}",240,1h,6,0.005802669624113799,medium,NQ,79.0,14.5,STOP_HIT,-78.75,-78.95,-1.0025396825396826,-1.0,False,False,0.4734375,78.75,10:00,ENTERED,25316.0,25473.5,1.0,2025-12-16,True,2025
False,HTF_1H_TREND_FIRST_PULLBACK_5M_BREAK,medium,SHORT,25313.25,25313.5,1765984500,25277.25,1765985220,"{""adverse_ticks"": 1.0, ""stop_buffer_ticks"": 1.0, ""tod"": ""0930_1030"", ""gap_points"": 50.25, ""prior_ret"": 140.25, ""trend_1h"": ""BEARISH"", ""trend_4h"": ""NEUTRAL"", ""confirm_kind"": ""break""}",720,1h,1,-0.005886334873590915,medium,NQ,32.25,36.25,TARGET_HIT,36.0,35.8,0.9944444444444444,1.0,True,False,0.5847457627118644,36.0,10:15,ENTERED,25349.25,25277.25,1.0,2025-12-17,True,2025
True,HTF_1H_TREND_FIRST_PULLBACK_5M_BREAK,medium,LONG,25366.5,25366.25,1766073600,25393.0,1766073960,"{""adverse_ticks"": 1.0, ""stop_buffer_ticks"": 1.0, ""tod"": ""1030_1200"", ""gap_points"": 386.5, ""prior_ret"": -530.25, ""trend_1h"": ""BULLISH"", ""trend_4h"": ""BULLISH"", ""confirm_kind"": ""break""}",360,1h,3,0.010587649402390431,strong,NQ,15.5,31.0,TARGET_HIT,26.5,26.3,0.9924528301886792,1.0,True,False,0.5214007782101168,26.5,11:00,ENTERED,25340.0,25393.0,1.0,2025-12-18,True,2025
True,HTF_1H_TREND_FIRST_PULLBACK_5M_BREAK,medium,LONG,25522.75,25522.5,1766158500,25465.0,1766160000,"{""adverse_ticks"": 1.0, ""stop_buffer_ticks"": 1.0, ""tod"": ""1030_1200"", ""gap_points"": 109.5, ""prior_ret"": -27.0, ""trend_1h"": ""BULLISH"", ""trend_4h"": ""BULLISH"", ""confirm_kind"": ""break""}",1500,1h,1,0.007856551397815492,medium,NQ,62.5,32.0,STOP_HIT,-57.75,-57.95,-1.0034632034632036,-1.0,False,False,0.5648535564853556,57.75,10:35,ENTERED,25465.0,25580.5,1.0,2025-12-19,True,2025
False,HTF_1H_TREND_FIRST_PULLBACK_5M_BREAK,medium,SHORT,25684.0,25684.25,1766430600,25693.0,1766431320,"{""adverse_ticks"": 1.0, ""stop_buffer_ticks"": 1.0, ""tod"": ""1400_1530"", ""gap_points"": 200.0, ""prior_ret"": 219.5, ""trend_1h"": ""BEARISH"", ""trend_4h"": ""NEUTRAL"", ""confirm_kind"": ""break""}",720,1h,1,-0.0022720211278546287,weak,NQ,11.25,8.0,STOP_HIT,-9.0,-9.2,-1.0222222222222221,-1.0,False,False,0.4238952536824877,9.0,14:10,ENTERED,25693.0,25675.0,1.0,2025-12-22,True,2025
False,HTF_1H_TREND_FIRST_PULLBACK_5M_BREAK,medium,LONG,25756.75,25756.5,1767039300,25764.75,1767039300,"{""adverse_ticks"": 1.0, ""stop_buffer_ticks"": 1.0, ""tod"": ""1400_1530"", ""gap_points"": -160.0, ""prior_ret"": -32.25, ""trend_1h"": ""BULLISH"", ""trend_4h"": ""BEARISH"", ""confirm_kind"": ""break""}",0,1h,1,0.0024413730048340465,weak,NQ,3.0,9.75,TARGET_HIT,8.0,7.8,0.975,1.0,True,False,0.512249443207127,8.0,15:15,ENTERED,25748.75,25764.75,1.0,2025-12-29,True,2025
False,HTF_1H_TREND_FIRST_PULLBACK_5M_BREAK,medium,SHORT,25578.0,25578.25,1767198900,25598.0,1767200100,"{""adverse_ticks"": 1.0, ""stop_buffer_ticks"": 1.0, ""tod"": ""1030_1200"", ""gap_points"": 0.75, ""prior_ret"": -14.75, ""trend_1h"": ""BEARISH"", ""trend_4h"": ""NEUTRAL"", ""confirm_kind"": ""break""}",1200,1h,1,-0.002128116519260481,weak,NQ,20.5,6.25,STOP_HIT,-20.0,-20.2,-1.01,-1.0,False,False,0.4036697247706422,20.0,11:35,ENTERED,25598.0,25558.0,1.0,2025-12-31,True,2025
False,HTF_1H_TREND_FIRST_PULLBACK_5M_BREAK,medium,SHORT,25351.0,25351.25,1767369900,25378.75,1767387300,"{""adverse_ticks"": 1.0, ""stop_buffer_ticks"": 1.0, ""tod"": ""1030_1200"", ""gap_points"": 231.75, ""prior_ret"": -223.5, ""trend_1h"": ""BEARISH"", ""trend_4h"": ""BULLISH"", ""confirm_kind"": ""break""}",17400,1h,1,-0.013691708208222853,strong,NQ,105.75,86.0,TIME_EXIT,-27.75,-27.95,-0.19545454545454544,-0.19405594405594406,False,False,0.40811638591117916,143.0,11:05,ENTERED,25494.0,25208.0,1.0,2026-01-02,True,2026
True,HTF_1H_TREND_FIRST_PULLBACK_5M_BREAK,medium,LONG,25673.0,25672.75,1767629700,25683.5,1767629760,"{""adverse_ticks"": 1.0, ""stop_buffer_ticks"": 1.0, ""tod"": ""1030_1200"", ""gap_points"": 257.0, ""prior_ret"": -301.5, ""trend_1h"": ""BULLISH"", ""trend_4h"": ""BULLISH"", ""confirm_kind"": ""break""}",60,1h,1,0.00381343502493392,weak,NQ,4.5,13.25,TARGET_HIT,10.5,10.3,0.980952380952381,1.0,True,False,0.595,10.5,11:15,ENTERED,25662.5,25683.5,1.0,2026-01-05,True,2026
True,HTF_1H_TREND_FIRST_PULLBACK_5M_BREAK,medium,LONG,25700.75,25700.5,1767714900,25690.5,1767714900,"{""adverse_ticks"": 1.0, ""stop_buffer_ticks"": 1.0, ""tod"": ""1030_1200"", ""gap_points"": 49.25, ""prior_ret"": -55.75, ""trend_1h"": ""BULLISH"", ""trend_4h"": ""BULLISH"", ""confirm_kind"": ""break""}",0,1h,1,0.006291028446389513,medium,NQ,23.75,1.25,STOP_HIT,-10.25,-10.45,-1.0195121951219512,-1.0,False,False,0.44405594405594406,10.25,10:55,ENTERED,25690.5,25711.0,1.0,2026-01-06,False,2026
False,HTF_1H_TREND_FIRST_PULLBACK_5M_BREAK,medium,LONG,25859.75,25859.5,1767798900,25833.75,1767798960,"{""adverse_ticks"": 1.0, ""stop_buffer_ticks"": 1.0, ""tod"": ""0930_1030"", ""gap_points"": -22.75, ""prior_ret"": 177.5, ""trend_1h"": ""BULLISH"", ""trend_4h"": ""NEUTRAL"", ""confirm_kind"": ""break""}",60,1h,1,0.0044872666524213844,medium,NQ,26.75,0.75,STOP_HIT,-26.0,-26.2,-1.0076923076923077,-1.0,False,False,0.5154061624649859,26.0,10:15,ENTERED,25833.75,25885.75,1.0,2026-01-07,True,2026
True,HTF_1H_TREND_FIRST_PULLBACK_5M_BREAK,medium,SHORT,25665.25,25665.5,1767886500,25616.75,1767887640,"{""adverse_ticks"": 1.0, ""stop_buffer_ticks"": 1.0, ""tod"": ""1030_1200"", ""gap_points"": -48.5, ""prior_ret"": 44.25, ""trend_1h"": ""BEARISH"", ""trend_4h"": ""BEARISH"", ""confirm_kind"": ""break""}",1140,1h,1,-0.006557440658072178,medium,NQ,33.25,52.75,TARGET_HIT,48.5,48.3,0.9958762886597937,1.0,True,False,0.5183908045977011,48.5,10:35,ENTERED,25713.75,25616.75,1.0,2026-01-08,True,2026
False,HTF_1H_TREND_FIRST_PULLBACK_5M_BREAK,medium,LONG,25885.25,25885.0,1767975000,25960.0,1767985020,"{""adverse_ticks"": 1.0, ""stop_buffer_ticks"": 1.0, ""tod"": ""1030_1200"", ""gap_points"": 31.5, ""prior_ret"": -104.0, ""trend_1h"": ""BULLISH"", ""trend_4h"": ""NEUTRAL"", ""confirm_kind"": ""break""}",10020,1h,1,0.002787436141489019,weak,NQ,40.0,82.75,TARGET_HIT,74.75,74.55,0.997324414715719,1.0,True,False,0.41363636363636364,74.75,11:10,ENTERED,25810.5,25960.0,1.0,2026-01-09,True,2026
True,HTF_1H_TREND_FIRST_PULLBACK_5M_BREAK,medium,LONG,26003.5,26003.25,1768324200,,1768324200,"{""adverse_ticks"": 1.0, ""stop_buffer_ticks"": 1.0, ""tod"": ""1200_1400"", ""gap_points"": -1.75, ""prior_ret"": 206.0, ""trend_1h"": ""BULLISH"", ""trend_4h"": ""BULLISH"", ""confirm_kind"": ""break""}",,1h,1,0.004373388941987466,medium,NQ,3.0,3.25,AMBIGUOUS,,,,,True,False,0.4444444444444444,2.0,12:10,ENTERED,26001.5,26005.5,1.0,2026-01-13,True,2026
True,HTF_1H_TREND_FIRST_PULLBACK_5M_BREAK,medium,SHORT,25630.25,25630.5,1768402500,25585.75,1768402740,"{""adverse_ticks"": 1.0, ""stop_buffer_ticks"": 1.0, ""tod"": ""0930_1030"", ""gap_points"": -164.0, ""prior_ret"": -46.75, ""trend_1h"": ""BEARISH"", ""trend_4h"": ""BEARISH"", ""confirm_kind"": ""break""}",240,1h,4,-0.003761797926659427,weak,NQ,3.5,48.5,TARGET_HIT,44.5,44.3,0.995505617977528,1.0,True,False,0.48111332007952284,44.5,09:55,ENTERED,25674.75,25585.75,1.0,2026-01-14,True,2026
True,HTF_1H_TREND_FIRST_PULLBACK_5M_BREAK,medium,SHORT,25730.5,25730.75,1768575900,25673.5,1768576740,"{""adverse_ticks"": 1.0, ""stop_buffer_ticks"": 1.0, ""tod"": ""0930_1030"", ""gap_points"": 148.75, ""prior_ret"": -205.5, ""trend_1h"": ""BEARISH"", ""trend_4h"": ""BEARISH"", ""confirm_kind"": ""break""}",840,1h,1,-0.004892670663314669,medium,NQ,34.75,63.5,TARGET_HIT,57.0,56.8,0.9964912280701754,1.0,True,False,0.43033509700176364,57.0,10:05,ENTERED,25787.5,25673.5,1.0,2026-01-16,True,2026
True,HTF_1H_TREND_FIRST_PULLBACK_5M_BREAK,medium,LONG,25318.25,25318.0,1769007900,25361.25,1769008560,"{""adverse_ticks"": 1.0, ""stop_buffer_ticks"": 1.0, ""tod"": ""0930_1030"", ""gap_points"": 54.25, ""prior_ret"": -101.25, ""trend_1h"": ""BULLISH"", ""trend_4h"": ""BULLISH"", ""confirm_kind"": ""break""}",660,1h,1,0.006818204406985107,medium,NQ,23.25,59.0,TARGET_HIT,43.0,42.8,0.9953488372093022,1.0,True,False,0.44658493870402804,43.0,10:05,ENTERED,25275.25,25361.25,1.0,2026-01-21,True,2026
False,HTF_1H_TREND_FIRST_PULLBACK_5M_BREAK,medium,SHORT,25560.25,25560.5,1769094300,25630.0,1769096100,"{""adverse_ticks"": 1.0, ""stop_buffer_ticks"": 1.0, ""tod"": ""0930_1030"", ""gap_points"": 257.5, ""prior_ret"": 275.0, ""trend_1h"": ""BEARISH"", ""trend_4h"": ""NEUTRAL"", ""confirm_kind"": ""break""}",1800,1h,1,-0.0042918454935622075,medium,NQ,73.0,23.75,STOP_HIT,-69.75,-69.95,-1.0028673835125448,-1.0,False,False,0.43204577968526464,69.75,10:05,ENTERED,25630.0,25490.5,1.0,2026-01-22,True,2026
False,HTF_1H_TREND_FIRST_PULLBACK_5M_BREAK,medium,LONG,25746.5,25746.25,1769181900,25831.75,1769184000,"{""adverse_ticks"": 1.0, ""stop_buffer_ticks"": 1.0, ""tod"": ""0930_1030"", ""gap_points"": -54.0, ""prior_ret"": -67.0, ""trend_1h"": ""BULLISH"", ""trend_4h"": ""NEUTRAL"", ""confirm_kind"": ""break""}",2100,1h,1,0.003499613869419438,weak,NQ,11.75,89.25,TARGET_HIT,85.25,85.05,0.9976539589442814,1.0,True,False,0.5201793721973094,85.25,10:25,ENTERED,25661.25,25831.75,1.0,2026-01-23,True,2026
True,HTF_1H_TREND_FIRST_PULLBACK_5M_BREAK,medium,LONG,25871.5,25871.25,1769440800,25859.25,1769460900,"{""adverse_ticks"": 1.0, ""stop_buffer_ticks"": 1.0, ""tod"": ""0930_1030"", ""gap_points"": 13.5, ""prior_ret"": 127.5, ""trend_1h"": ""BULLISH"", ""trend_4h"": ""BULLISH"", ""confirm_kind"": ""break""}",20100,1h,2,0.007251108620437652,medium,NQ,37.25,65.25,TIME_EXIT,-12.25,-12.45,-0.18109090909090908,-0.1781818181818182,False,False,0.48325358851674644,68.75,10:20,ENTERED,25802.75,25940.25,1.0,2026-01-26,True,2026
True,HTF_1H_TREND_FIRST_PULLBACK_5M_BREAK,medium,LONG,26083.25,26083.0,1769535000,26050.0,1769536860,"{""adverse_ticks"": 1.0, ""stop_buffer_ticks"": 1.0, ""tod"": ""1200_1400"", ""gap_points"": 137.75, ""prior_ret"": 96.0, ""trend_1h"": ""BULLISH"", ""trend_4h"": ""BULLISH"", ""confirm_kind"": ""break""}",1860,1h,1,0.002913013382556562,weak,NQ,35.25,9.0,STOP_HIT,-33.25,-33.45,-1.0060150375939851,-1.0,False,False,0.45564516129032256,33.25,12:30,ENTERED,26050.0,26116.5,1.0,2026-01-27,True,2026
False,HTF_1H_TREND_FIRST_PULLBACK_5M_BREAK,medium,SHORT,26170.5,26170.75,1769617200,26142.25,1769618160,"{""adverse_ticks"": 1.0, ""stop_buffer_ticks"": 1.0, ""tod"": ""1030_1200"", ""gap_points"": 176.5, ""prior_ret"": 93.25, ""trend_1h"": ""BEARISH"", ""trend_4h"": ""NEUTRAL"", ""confirm_kind"": ""break""}",960,1h,2,-0.005927333175017813,medium,NQ,13.5,28.75,TARGET_HIT,28.25,28.05,0.9929203539823009,1.0,True,False,0.41935483870967744,28.25,11:20,ENTERED,26198.75,26142.25,1.0,2026-01-28,True,2026
True,HTF_1H_TREND_FIRST_PULLBACK_5M_BREAK,medium,SHORT,25837.25,25837.5,1769708700,25795.5,1769708820,"{""adverse_ticks"": 1.0, ""stop_buffer_ticks"": 1.0, ""tod"": ""1200_1400"", ""gap_points"": -15.75, ""prior_ret"": -103.25, ""trend_1h"": ""BEARISH"", ""trend_4h"": ""BEARISH"", ""confirm_kind"": ""break""}",120,1h,3,-0.01776419464208967,strong,NQ,0.5,49.0,TARGET_HIT,41.75,41.55,0.9952095808383233,1.0,True,False,0.4585774058577406,41.75,12:45,ENTERED,25879.0,25795.5,1.0,2026-01-29,False,2026
False,HTF_1H_TREND_FIRST_PULLBACK_5M_BREAK,medium,LONG,25720.0,25719.75,1770043500,25820.75,1770044760,"{""adverse_ticks"": 1.0, ""stop_buffer_ticks"": 1.0, ""tod"": ""0930_1030"", ""gap_points"": -133.0, ""prior_ret"": -158.75, ""trend_1h"": ""BULLISH"", ""trend_4h"": ""BEARISH"", ""confirm_kind"": ""break""}",1260,1h,7,0.002956313349571804,weak,NQ,21.5,106.25,TARGET_HIT,100.75,100.55,0.998014888337469,1.0,True,False,0.5680224403927069,100.75,09:45,ENTERED,25619.25,25820.75,1.0,2026-02-02,True,2026
True,HTF_1H_TREND_FIRST_PULLBACK_5M_BREAK,medium,SHORT,25194.0,25194.25,1770218400,25260.75,1770218580,"{""adverse_ticks"": 1.0, ""stop_buffer_ticks"": 1.0, ""tod"": ""0930_1030"", ""gap_points"": -60.0, ""prior_ret"": -489.25, ""trend_1h"": ""BEARISH"", ""trend_4h"": ""BEARISH"", ""confirm_kind"": ""break""}",180,1h,1,-0.010029666594628561,strong,NQ,81.5,5.0,STOP_HIT,-66.75,-66.95,-1.002996254681648,-1.0,False,False,0.5117117117117117,66.75,10:20,ENTERED,25260.75,25127.25,1.0,2026-02-04,True,2026
True,HTF_1H_TREND_FIRST_PULLBACK_5M_BREAK,medium,SHORT,24558.75,24559.0,1770304500,24712.5,1770308520,"{""adverse_ticks"": 1.0, ""stop_buffer_ticks"": 1.0, ""tod"": ""0930_1030"", ""gap_points"": -224.25, ""prior_ret"": -391.0, ""trend_1h"": ""BEARISH"", ""trend_4h"": ""BEARISH"", ""confirm_kind"": ""break""}",4020,1h,3,-0.010565736256054281,strong,NQ,178.25,15.75,STOP_HIT,-153.75,-153.95,-1.00130081300813,-1.0,False,False,0.5477582846003899,153.75,10:15,ENTERED,24712.5,24405.0,1.0,2026-02-05,True,2026
True,HTF_1H_TREND_FIRST_PULLBACK_5M_BREAK,medium,LONG,24914.25,24914.0,1770392400,24859.5,1770393120,"{""adverse_ticks"": 1.0, ""stop_buffer_ticks"": 1.0, ""tod"": ""1030_1200"", ""gap_points"": 122.25, ""prior_ret"": -132.0, ""trend_1h"": ""BULLISH"", ""trend_4h"": ""BULLISH"", ""confirm_kind"": ""break""}",720,1h,1,0.002258542635033667,weak,NQ,68.0,48.25,STOP_HIT,-54.75,-54.95,-1.0036529680365298,-1.0,False,False,0.5559284116331096,54.75,10:40,ENTERED,24859.5,24969.0,1.0,2026-02-06,True,2026
False,HTF_1H_TREND_FIRST_PULLBACK_5M_BREAK,medium,LONG,25245.0,25244.75,1770651300,25324.25,1770652620,"{""adverse_ticks"": 1.0, ""stop_buffer_ticks"": 1.0, ""tod"": ""1030_1200"", ""gap_points"": -89.0, ""prior_ret"": 386.25, ""trend_1h"": ""BULLISH"", ""trend_4h"": ""BEARISH"", ""confirm_kind"": ""break""}",1320,1h,1,0.0027651333652771726,weak,NQ,3.75,84.25,TARGET_HIT,79.25,79.05,0.9974763406940063,1.0,True,False,0.4484076433121019,79.25,10:35,ENTERED,25165.75,25324.25,1.0,2026-02-09,True,2026
False,HTF_1H_TREND_FIRST_PULLBACK_5M_BREAK,medium,SHORT,25292.5,25292.75,1770750600,25261.5,1770753960,"{""adverse_ticks"": 1.0, ""stop_buffer_ticks"": 1.0, ""tod"": ""1400_1530"", ""gap_points"": 38.75, ""prior_ret"": 280.0, ""trend_1h"": ""BEARISH"", ""trend_4h"": ""NEUTRAL"", ""confirm_kind"": ""break""}",3360,1h,1,-0.0031407220707105887,weak,NQ,20.25,32.0,TARGET_HIT,31.0,30.8,0.9935483870967742,1.0,True,False,0.5548654244306418,31.0,14:10,ENTERED,25323.5,25261.5,1.0,2026-02-10,True,2026
False,HTF_1H_TREND_FIRST_PULLBACK_5M_BREAK,medium,SHORT,25149.75,25150.0,1770829500,25214.25,1770829860,"{""adverse_ticks"": 1.0, ""stop_buffer_ticks"": 1.0, ""tod"": ""1200_1400"", ""gap_points"": 198.75, ""prior_ret"": -156.75, ""trend_1h"": ""BEARISH"", ""trend_4h"": ""NEUTRAL"", ""confirm_kind"": ""break""}",360,1h,1,-0.0026438261213981296,weak,NQ,70.5,1.0,STOP_HIT,-64.5,-64.7,-1.0031007751937986,-1.0,False,False,0.4323386537126995,64.5,12:05,ENTERED,25214.25,25085.25,1.0,2026-02-11,True,2026
True,HTF_1H_TREND_FIRST_PULLBACK_5M_BREAK,medium,SHORT,25200.75,25201.0,1770908700,25126.75,1770910680,"{""adverse_ticks"": 1.0, ""stop_buffer_ticks"": 1.0, ""tod"": ""0930_1030"", ""gap_points"": 67.75, ""prior_ret"": -140.0, ""trend_1h"": ""BEARISH"", ""trend_4h"": ""BEARISH"", ""confirm_kind"": ""break""}",1980,1h,1,-0.00558190909180567,medium,NQ,59.25,75.75,TARGET_HIT,74.0,73.8,0.9972972972972972,1.0,True,False,0.5515625,74.0,10:05,ENTERED,25274.75,25126.75,1.0,2026-02-12,True,2026
True,HTF_1H_TREND_FIRST_PULLBACK_5M_BREAK,medium,SHORT,24553.75,24554.0,1771340700,24566.5,1771340700,"{""adverse_ticks"": 1.0, ""stop_buffer_ticks"": 1.0, ""tod"": ""0930_1030"", ""gap_points"": -142.75, ""prior_ret"": 59.0, ""trend_1h"": ""BEARISH"", ""trend_4h"": ""BEARISH"", ""confirm_kind"": ""break""}",0,1h,3,-0.004947678553286594,medium,NQ,17.5,9.25,STOP_HIT,-12.75,-12.95,-1.0156862745098039,-1.0,False,False,0.40298507462686567,12.75,10:05,ENTERED,24566.5,24541.0,1.0,2026-02-17,True,2026
True,HTF_1H_TREND_FIRST_PULLBACK_5M_BREAK,medium,LONG,25026.0,25025.75,1771441200,24981.5,1771443000,"{""adverse_ticks"": 1.0, ""stop_buffer_ticks"": 1.0, ""tod"": ""1400_1530"", ""gap_points"": 32.5, ""prior_ret"": 117.75, ""trend_1h"": ""BULLISH"", ""trend_4h"": ""BULLISH"", ""confirm_kind"": ""break""}",1800,1h,4,0.003478243436945583,weak,NQ,54.25,11.0,STOP_HIT,-44.5,-44.7,-1.0044943820224719,-1.0,False,False,0.4596078431372549,44.5,14:00,ENTERED,24981.5,25070.5,1.0,2026-02-18,True,2026
False,HTF_1H_TREND_FIRST_PULLBACK_5M_BREAK,medium,LONG,25074.0,25073.75,1771605600,24967.0,1771607700,"{""adverse_ticks"": 1.0, ""stop_buffer_ticks"": 1.0, ""tod"": ""1030_1200"", ""gap_points"": -148.25, ""prior_ret"": 29.75, ""trend_1h"": ""BULLISH"", ""trend_4h"": ""NEUTRAL"", ""confirm_kind"": ""break""}",2100,1h,1,0.011608707033688326,strong,NQ,131.75,56.75,STOP_HIT,-107.0,-107.2,-1.0018691588785047,-1.0,False,False,0.40601060695344726,107.0,11:40,ENTERED,24967.0,25181.0,1.0,2026-02-20,True,2026
False,HTF_1H_TREND_FIRST_PULLBACK_5M_BREAK,medium,SHORT,24870.75,24871.0,1771860600,24811.25,1771861920,"{""adverse_ticks"": 1.0, ""stop_buffer_ticks"": 1.0, ""tod"": ""1030_1200"", ""gap_points"": -93.75, ""prior_ret"": 359.5, ""trend_1h"": ""BEARISH"", ""trend_4h"": ""BULLISH"", ""confirm_kind"": ""break""}",1320,1h,1,-0.002252748352990608,weak,NQ,29.5,98.25,TARGET_HIT,59.5,59.3,0.9966386554621848,1.0,True,False,0.4359430604982206,59.5,10:30,ENTERED,24930.25,24811.25,1.0,2026-02-23,True,2026
True,HTF_1H_TREND_FIRST_PULLBACK_5M_BREAK,medium,LONG,25291.75,25291.5,1772035500,25319.25,1772037600,"{""adverse_ticks"": 1.0, ""stop_buffer_ticks"": 1.0, ""tod"": ""1030_1200"", ""gap_points"": 130.25, ""prior_ret"": 225.0, ""trend_1h"": ""BULLISH"", ""trend_4h"": ""BULLISH"", ""confirm_kind"": ""break""}",2100,1h,5,0.006786137175494256,medium,NQ,8.75,30.0,TARGET_HIT,27.5,27.3,0.9927272727272728,1.0,True,False,0.42431761786600497,27.5,11:05,ENTERED,25264.25,25319.25,1.0,2026-02-25,True,2026
True,HTF_1H_TREND_FIRST_PULLBACK_5M_BREAK,medium,SHORT,25050.25,25050.5,1772123100,25070.0,1772123100,"{""adverse_ticks"": 1.0, ""stop_buffer_ticks"": 1.0, ""tod"": ""1030_1200"", ""gap_points"": -42.5, ""prior_ret"": 224.25, ""trend_1h"": ""BEARISH"", ""trend_4h"": ""BEARISH"", ""confirm_kind"": ""break""}",0,1h,2,-0.014322608627079902,strong,NQ,25.5,0.75,STOP_HIT,-19.75,-19.95,-1.010126582278481,-1.0,False,False,0.43310775637688703,19.75,11:25,ENTERED,25070.0,25030.5,1.0,2026-02-26,True,2026
False,HTF_1H_TREND_FIRST_PULLBACK_5M_BREAK,medium,LONG,24929.0,24928.75,1772215500,24922.0,1772215500,"{""adverse_ticks"": 1.0, ""stop_buffer_ticks"": 1.0, ""tod"": ""1200_1400"", ""gap_points"": -268.0, ""prior_ret"": -258.75, ""trend_1h"": ""BULLISH"", ""trend_4h"": ""BEARISH"", ""confirm_kind"": ""break""}",0,1h,1,0.003015620916346773,weak,NQ,12.75,2.0,STOP_HIT,-7.0,-7.2,-1.0285714285714287,-1.0,False,False,0.4548532731376975,7.0,13:05,ENTERED,24922.0,24936.0,1.0,2026-02-27,False,2026
False,HTF_1H_TREND_FIRST_PULLBACK_5M_BREAK,medium,LONG,24903.0,24902.75,1772464200,25004.25,1772469660,"{""adverse_ticks"": 1.0, ""stop_buffer_ticks"": 1.0, ""tod"": ""0930_1030"", ""gap_points"": -353.75, ""prior_ret"": 183.0, ""trend_1h"": ""BULLISH"", ""trend_4h"": ""NEUTRAL"", ""confirm_kind"": ""break""}",5460,1h,1,0.008283399742474495,strong,NQ,60.75,101.5,TARGET_HIT,101.25,101.05,0.9980246913580246,1.0,True,False,0.4005708848715509,101.25,10:10,ENTERED,24801.75,25004.25,1.0,2026-03-02,True,2026
False,HTF_1H_TREND_FIRST_PULLBACK_5M_BREAK,medium,LONG,24674.25,24674.0,1772558400,24620.25,1772559240,"{""adverse_ticks"": 1.0, ""stop_buffer_ticks"": 1.0, ""tod"": ""1200_1400"", ""gap_points"": -488.25, ""prior_ret"": 378.75, ""trend_1h"": ""BULLISH"", ""trend_4h"": ""BEARISH"", ""confirm_kind"": ""break""}",840,1h,1,0.0035999755933857625,weak,NQ,64.25,38.25,STOP_HIT,-54.0,-54.2,-1.0037037037037038,-1.0,False,False,0.43478260869565216,54.0,12:20,ENTERED,24620.25,24728.25,1.0,2026-03-03,True,2026
True,HTF_1H_TREND_FIRST_PULLBACK_5M_BREAK,medium,LONG,24978.25,24978.0,1772637300,25034.25,1772637540,"{""adverse_ticks"": 1.0, ""stop_buffer_ticks"": 1.0, ""tod"": ""0930_1030"", ""gap_points"": 96.25, ""prior_ret"": 222.25, ""trend_1h"": ""BULLISH"", ""trend_4h"": ""BULLISH"", ""confirm_kind"": ""break""}",240,1h,8,0.0030894636208111947,weak,NQ,4.25,57.75,TARGET_HIT,56.0,55.8,0.9964285714285713,1.0,True,False,0.5329949238578681,56.0,10:15,ENTERED,24922.25,25034.25,1.0,2026-03-04,True,2026
False,HTF_1H_TREND_FIRST_PULLBACK_5M_BREAK,medium,LONG,24889.5,24889.25,1772820900,24789.75,1772824980,"{""adverse_ticks"": 1.0, ""stop_buffer_ticks"": 1.0, ""tod"": ""1200_1400"", ""gap_points"": -362.5, ""prior_ret"": 60.0, ""trend_1h"": ""BULLISH"", ""trend_4h"": ""BEARISH"", ""confirm_kind"": ""break""}",4080,1h,1,0.005619630159358069,medium,NQ,102.25,9.25,STOP_HIT,-99.75,-99.95,-1.0020050125313285,-1.0,False,False,0.5653526970954357,99.75,13:15,ENTERED,24789.75,24989.25,1.0,2026-03-06,True,2026
True,HTF_1H_TREND_FIRST_PULLBACK_5M_BREAK,medium,LONG,24600.75,24600.5,1773078600,24626.0,1773078840,"{""adverse_ticks"": 1.0, ""stop_buffer_ticks"": 1.0, ""tod"": ""1200_1400"", ""gap_points"": -235.5, ""prior_ret"": -17.5, ""trend_1h"": ""BULLISH"", ""trend_4h"": ""BULLISH"", ""confirm_kind"": ""break""}",240,1h,3,0.01351531496426328,strong,NQ,8.25,26.5,TARGET_HIT,25.25,25.05,0.9920792079207921,1.0,True,False,0.42034700315457413,25.25,13:50,ENTERED,24575.5,24626.0,1.0,2026-03-09,True,2026
False,HTF_1H_TREND_FIRST_PULLBACK_5M_BREAK,medium,SHORT,24951.0,24951.25,1773152400,24960.5,1773152400,"{""adverse_ticks"": 1.0, ""stop_buffer_ticks"": 1.0, ""tod"": ""0930_1030"", ""gap_points"": -1.25, ""prior_ret"": 560.0, ""trend_1h"": ""BEARISH"", ""trend_4h"": ""NEUTRAL"", ""confirm_kind"": ""break""}",0,1h,3,-0.005071842802766069,medium,NQ,20.5,7.0,STOP_HIT,-9.5,-9.7,-1.0210526315789472,-1.0,False,False,0.4895833333333333,9.5,10:20,ENTERED,24960.5,24941.5,1.0,2026-03-10,True,2026
True,HTF_1H_TREND_FIRST_PULLBACK_5M_BREAK,medium,SHORT,24919.5,24919.75,1773252600,24965.5,1773255120,"{""adverse_ticks"": 1.0, ""stop_buffer_ticks"": 1.0, ""tod"": ""1400_1530"", ""gap_points"": 48.25, ""prior_ret"": -4.5, ""trend_1h"": ""BEARISH"", ""trend_4h"": ""BEARISH"", ""confirm_kind"": ""break""}",2520,1h,1,-0.0059857576813903135,medium,NQ,46.0,31.0,STOP_HIT,-46.0,-46.2,-1.0043478260869565,-1.0,False,False,0.5689922480620155,46.0,14:10,ENTERED,24965.5,24873.5,1.0,2026-03-11,True,2026
True,HTF_1H_TREND_FIRST_PULLBACK_5M_BREAK,medium,SHORT,24604.5,24604.75,1773326100,24703.0,1773326760,"{""adverse_ticks"": 1.0, ""stop_buffer_ticks"": 1.0, ""tod"": ""1030_1200"", ""gap_points"": -208.25, ""prior_ret"": -50.75, ""trend_1h"": ""BEARISH"", ""trend_4h"": ""BEARISH"", ""confirm_kind"": ""break""}",660,1h,1,-0.010404543083035733,strong,NQ,115.25,32.25,STOP_HIT,-98.5,-98.7,-1.002030456852792,-1.0,False,False,0.5408805031446541,98.5,10:35,ENTERED,24703.0,24506.0,1.0,2026-03-12,True,2026
True,HTF_1H_TREND_FIRST_PULLBACK_5M_BREAK,medium,LONG,24737.5,24737.25,1773670500,24697.5,1773671400,"{""adverse_ticks"": 1.0, ""stop_buffer_ticks"": 1.0, ""tod"": ""0930_1030"", ""gap_points"": 257.75, ""prior_ret"": -247.5, ""trend_1h"": ""BULLISH"", ""trend_4h"": ""BULLISH"", ""confirm_kind"": ""break""}",900,1h,3,0.009910590348656712,strong,NQ,49.0,27.25,STOP_HIT,-40.0,-40.2,-1.0050000000000001,-1.0,False,False,0.5471698113207547,40.0,10:15,ENTERED,24697.5,24777.5,1.0,2026-03-16,True,2026
True,HTF_1H_TREND_FIRST_PULLBACK_5M_BREAK,medium,LONG,25114.0,25113.75,1773755400,25044.75,1773756660,"{""adverse_ticks"": 1.0, ""stop_buffer_ticks"": 1.0, ""tod"": ""0930_1030"", ""gap_points"": 330.5, ""prior_ret"": 14.5, ""trend_1h"": ""BULLISH"", ""trend_4h"": ""BULLISH"", ""confirm_kind"": ""break""}",1260,1h,1,0.006580607394099713,medium,NQ,77.25,0.5,STOP_HIT,-69.25,-69.45,-1.0028880866425993,-1.0,False,False,0.40404040404040403,69.25,09:50,ENTERED,25044.75,25183.25,1.0,2026-03-17,True,2026
True,HTF_1H_TREND_FIRST_PULLBACK_5M_BREAK,medium,SHORT,24822.25,24822.5,1773844200,24910.25,1773846360,"{""adverse_ticks"": 1.0, ""stop_buffer_ticks"": 1.0, ""tod"": ""1030_1200"", ""gap_points"": -82.0, ""prior_ret"": 9.5, ""trend_1h"": ""BEARISH"", ""trend_4h"": ""BEARISH"", ""confirm_kind"": ""break""}",2160,1h,2,-0.007856731361369884,medium,NQ,102.5,5.0,STOP_HIT,-88.0,-88.2,-1.0022727272727272,-1.0,False,False,0.5493827160493827,88.0,10:30,ENTERED,24910.25,24734.25,1.0,2026-03-18,True,2026
True,HTF_1H_TREND_FIRST_PULLBACK_5M_BREAK,medium,SHORT,24285.5,24285.75,1774015200,24153.75,1774030860,"{""adverse_ticks"": 1.0, ""stop_buffer_ticks"": 1.0, ""tod"": ""0930_1030"", ""gap_points"": -87.5, ""prior_ret"": 146.5, ""trend_1h"": ""BEARISH"", ""trend_4h"": ""BEARISH"", ""confirm_kind"": ""break""}",15660,1h,5,-0.0059860019646365,medium,NQ,71.0,136.5,TARGET_HIT,131.75,131.55,0.9984819734345352,1.0,True,False,0.5339966832504146,131.75,10:00,ENTERED,24417.25,24153.75,1.0,2026-03-20,True,2026
True,HTF_1H_TREND_FIRST_PULLBACK_5M_BREAK,medium,LONG,24551.75,24551.5,1774274700,24540.5,1774274700,"{""adverse_ticks"": 1.0, ""stop_buffer_ticks"": 1.0, ""tod"": ""0930_1030"", ""gap_points"": 379.75, ""prior_ret"": -373.75, ""trend_1h"": ""BULLISH"", ""trend_4h"": ""BULLISH"", ""confirm_kind"": ""break""}",0,1h,3,0.030022296894136824,strong,NQ,24.0,10.25,STOP_HIT,-11.25,-11.45,-1.0177777777777777,-1.0,False,False,0.5653104925053534,11.25,10:05,ENTERED,24540.5,24563.0,1.0,2026-03-23,True,2026
True,HTF_1H_TREND_FIRST_PULLBACK_5M_BREAK,medium,SHORT,24063.5,24063.75,1774539300,24101.75,1774539960,"{""adverse_ticks"": 1.0, ""stop_buffer_ticks"": 1.0, ""tod"": ""1030_1200"", ""gap_points"": -215.5, ""prior_ret"": -59.0, ""trend_1h"": ""BEARISH"", ""trend_4h"": ""BEARISH"", ""confirm_kind"": ""break""}",660,1h,1,-0.003040142286931502,weak,NQ,63.5,4.25,STOP_HIT,-38.25,-38.45,-1.0052287581699346,-1.0,False,False,0.5575396825396826,38.25,11:35,ENTERED,24101.75,24025.25,1.0,2026-03-26,True,2026
True,HTF_1H_TREND_FIRST_PULLBACK_5M_BREAK,medium,SHORT,23506.0,23506.25,1774621500,23453.25,1774622280,"{""adverse_ticks"": 1.0, ""stop_buffer_ticks"": 1.0, ""tod"": ""0930_1030"", ""gap_points"": -132.25, ""prior_ret"": -369.5, ""trend_1h"": ""BEARISH"", ""trend_4h"": ""BEARISH"", ""confirm_kind"": ""break""}",780,1h,6,-0.010952556474119302,strong,NQ,21.25,58.25,TARGET_HIT,52.75,52.55,0.9962085308056872,1.0,True,False,0.44292803970223327,52.75,10:25,ENTERED,23558.75,23453.25,1.0,2026-03-27,True,2026
False,HTF_1H_TREND_FIRST_PULLBACK_5M_BREAK,medium,SHORT,23339.0,23339.25,1774880400,23295.0,1774881360,"{""adverse_ticks"": 1.0, ""stop_buffer_ticks"": 1.0, ""tod"": ""0930_1030"", ""gap_points"": 200.0, ""prior_ret"": -345.75, ""trend_1h"": ""BEARISH"", ""trend_4h"": ""BULLISH"", ""confirm_kind"": ""break""}",960,1h,1,-0.00431568602315946,medium,NQ,30.5,55.25,TARGET_HIT,44.0,43.8,0.9954545454545454,1.0,True,False,0.4166666666666667,44.0,10:20,ENTERED,23383.0,23295.0,1.0,2026-03-30,True,2026
True,HTF_1H_TREND_FIRST_PULLBACK_5M_BREAK,medium,LONG,23551.25,23551.0,1774966800,23495.5,1774968180,"{""adverse_ticks"": 1.0, ""stop_buffer_ticks"": 1.0, ""tod"": ""0930_1030"", ""gap_points"": 246.25, ""prior_ret"": -373.25, ""trend_1h"": ""BULLISH"", ""trend_4h"": ""BULLISH"", ""confirm_kind"": ""break""}",1380,1h,2,0.011123864282419627,strong,NQ,67.25,36.75,STOP_HIT,-55.75,-55.95,-1.0035874439461885,-1.0,False,False,0.42085427135678394,55.75,10:20,ENTERED,23495.5,23607.0,1.0,2026-03-31,True,2026
True,HTF_1H_TREND_FIRST_PULLBACK_5M_BREAK,medium,LONG,24178.75,24178.5,1775053200,24131.5,1775054160,"{""adverse_ticks"": 1.0, ""stop_buffer_ticks"": 1.0, ""tod"": ""0930_1030"", ""gap_points"": 178.0, ""prior_ret"": 528.0, ""trend_1h"": ""BULLISH"", ""trend_4h"": ""BULLISH"", ""confirm_kind"": ""break""}",960,1h,1,0.0021917068306465115,weak,NQ,47.5,38.5,STOP_HIT,-47.25,-47.45,-1.0042328042328044,-1.0,False,False,0.5887850467289719,47.25,10:20,ENTERED,24131.5,24226.0,1.0,2026-04-01,True,2026
False,HTF_1H_TREND_FIRST_PULLBACK_5M_BREAK,medium,LONG,23879.5,23879.25,1775138700,23922.75,1775138760,"{""adverse_ticks"": 1.0, ""stop_buffer_ticks"": 1.0, ""tod"": ""0930_1030"", ""gap_points"": -437.25, ""prior_ret"": 113.0, ""trend_1h"": ""BULLISH"", ""trend_4h"": ""NEUTRAL"", ""confirm_kind"": ""break""}",60,1h,1,0.0028430251466098344,weak,NQ,20.25,66.75,TARGET_HIT,43.25,43.05,0.9953757225433525,1.0,True,False,0.49568221070811747,43.25,10:05,ENTERED,23836.25,23922.75,1.0,2026-04-02,True,2026
True,HTF_1H_TREND_FIRST_PULLBACK_5M_BREAK,medium,LONG,24376.5,24376.25,1775485500,24341.0,1775486280,"{""adverse_ticks"": 1.0, ""stop_buffer_ticks"": 1.0, ""tod"": ""0930_1030"", ""gap_points"": 44.5, ""prior_ret"": 457.25, ""trend_1h"": ""BULLISH"", ""trend_4h"": ""BULLISH"", ""confirm_kind"": ""break""}",780,1h,1,0.0030200308166410395,weak,NQ,79.75,13.75,STOP_HIT,-35.5,-35.7,-1.0056338028169014,-1.0,False,False,0.5935828877005348,35.5,10:25,ENTERED,24341.0,24412.0,1.0,2026-04-06,True,2026
False,HTF_1H_TREND_FIRST_PULLBACK_5M_BREAK,medium,SHORT,24198.0,24198.25,1775570100,,1775570100,"{""adverse_ticks"": 1.0, ""stop_buffer_ticks"": 1.0, ""tod"": ""0930_1030"", ""gap_points"": -120.25, ""prior_ret"": 98.5, ""trend_1h"": ""BEARISH"", ""trend_4h"": ""NEUTRAL"", ""confirm_kind"": ""break""}",,1h,1,-0.005932038137463236,medium,NQ,9.5,14.0,AMBIGUOUS,,,,,True,True,0.5916230366492147,6.75,09:55,ENTERED,24204.75,24191.25,1.0,2026-04-07,True,2026
False,HTF_1H_TREND_FIRST_PULLBACK_5M_BREAK,medium,SHORT,24990.75,24991.0,1775661000,25044.25,1775662500,"{""adverse_ticks"": 1.0, ""stop_buffer_ticks"": 1.0, ""tod"": ""1030_1200"", ""gap_points"": 830.0, ""prior_ret"": 126.0, ""trend_1h"": ""BEARISH"", ""trend_4h"": ""NEUTRAL"", ""confirm_kind"": ""break""}",1500,1h,2,-0.00839135868594898,strong,NQ,57.75,12.25,STOP_HIT,-53.5,-53.7,-1.0037383177570094,-1.0,False,False,0.43040293040293043,53.5,11:10,ENTERED,25044.25,24937.25,1.0,2026-04-08,True,2026
False,HTF_1H_TREND_FIRST_PULLBACK_5M_BREAK,medium,LONG,25238.25,25238.0,1775751600,25188.25,1775752680,"{""adverse_ticks"": 1.0, ""stop_buffer_ticks"": 1.0, ""tod"": ""1200_1400"", ""gap_points"": 1.0, ""prior_ret"": -119.5, ""trend_1h"": ""BULLISH"", ""trend_4h"": ""NEUTRAL"", ""confirm_kind"": ""break""}",1080,1h,2,0.006352377147422983,medium,NQ,55.25,4.75,STOP_HIT,-50.0,-50.2,-1.004,-1.0,False,False,0.4181326116373478,50.0,12:20,ENTERED,25188.25,25288.25,1.0,2026-04-09,True,2026
True,HTF_1H_TREND_FIRST_PULLBACK_5M_BREAK,medium,LONG,25317.0,25316.75,1776089100,25256.0,1776089820,"{""adverse_ticks"": 1.0, ""stop_buffer_ticks"": 1.0, ""tod"": ""0930_1030"", ""gap_points"": -68.5, ""prior_ret"": -31.0, ""trend_1h"": ""BULLISH"", ""trend_4h"": ""BULLISH"", ""confirm_kind"": ""break""}",720,1h,2,0.007644529383659782,medium,NQ,64.5,16.25,STOP_HIT,-61.0,-61.2,-1.0032786885245901,-1.0,False,False,0.5702917771883289,61.0,10:05,ENTERED,25256.0,25378.0,1.0,2026-04-13,True,2026
True,HTF_1H_TREND_FIRST_PULLBACK_5M_BREAK,medium,LONG,25758.75,25758.5,1776175800,25805.75,1776176940,"{""adverse_ticks"": 1.0, ""stop_buffer_ticks"": 1.0, ""tod"": ""0930_1030"", ""gap_points"": 118.0, ""prior_ret"": 322.5, ""trend_1h"": ""BULLISH"", ""trend_4h"": ""BULLISH"", ""confirm_kind"": ""break""}",1140,1h,1,0.0032763546653924447,weak,NQ,14.5,47.75,TARGET_HIT,47.0,46.8,0.9957446808510638,1.0,True,False,0.4325581395348837,47.0,10:10,ENTERED,25711.75,25805.75,1.0,2026-04-14,True,2026
False,HTF_1H_TREND_FIRST_PULLBACK_5M_BREAK,medium,LONG,26074.75,26074.5,1776261900,26106.0,1776262620,"{""adverse_ticks"": 1.0, ""stop_buffer_ticks"": 1.0, ""tod"": ""0930_1030"", ""gap_points"": 22.75, ""prior_ret"": 344.5, ""trend_1h"": ""BULLISH"", ""trend_4h"": ""NEUTRAL"", ""confirm_kind"": ""break""}",720,1h,1,0.0034740600309874914,weak,NQ,19.5,33.5,TARGET_HIT,31.25,31.05,0.9936,1.0,True,False,0.5846153846153846,31.25,10:05,ENTERED,26043.5,26106.0,1.0,2026-04-15,True,2026
True,HTF_1H_TREND_FIRST_PULLBACK_5M_BREAK,medium,SHORT,26323.5,26323.75,1776349200,26386.75,1776350220,"{""adverse_ticks"": 1.0, ""stop_buffer_ticks"": 1.0, ""tod"": ""0930_1030"", ""gap_points"": 74.75, ""prior_ret"": 340.75, ""trend_1h"": ""BEARISH"", ""trend_4h"": ""BEARISH"", ""confirm_kind"": ""break""}",1020,1h,1,-0.00498993507414025,medium,NQ,66.75,12.75,STOP_HIT,-63.25,-63.45,-1.0031620553359684,-1.0,False,False,0.555045871559633,63.25,10:20,ENTERED,26386.75,26260.25,1.0,2026-04-16,True,2026
True,HTF_1H_TREND_FIRST_PULLBACK_5M_BREAK,medium,LONG,26765.25,26765.0,1776435000,26724.75,1776435600,"{""adverse_ticks"": 1.0, ""stop_buffer_ticks"": 1.0, ""tod"": ""0930_1030"", ""gap_points"": 207.75, ""prior_ret"": 45.75, ""trend_1h"": ""BULLISH"", ""trend_4h"": ""BULLISH"", ""confirm_kind"": ""break""}",600,1h,6,0.007319968346082728,medium,NQ,50.5,11.0,STOP_HIT,-40.5,-40.7,-1.0049382716049384,-1.0,False,False,0.4881889763779528,40.5,10:10,ENTERED,26724.75,26805.75,1.0,2026-04-17,True,2026
False,HTF_1H_TREND_FIRST_PULLBACK_5M_BREAK,medium,SHORT,26658.0,26658.25,1776699300,26711.0,1776705540,"{""adverse_ticks"": 1.0, ""stop_buffer_ticks"": 1.0, ""tod"": ""1030_1200"", ""gap_points"": -30.75, ""prior_ret"": 134.75, ""trend_1h"": ""BEARISH"", ""trend_4h"": ""BULLISH"", ""confirm_kind"": ""break""}",6240,1h,1,-0.0023408020524152695,weak,NQ,54.0,24.0,STOP_HIT,-53.0,-53.2,-1.0037735849056604,-1.0,False,False,0.531284302963776,53.0,11:35,ENTERED,26711.0,26605.0,1.0,2026-04-20,True,2026
False,HTF_1H_TREND_FIRST_PULLBACK_5M_BREAK,medium,SHORT,26745.5,26745.75,1776784200,26752.75,1776784200,"{""adverse_ticks"": 1.0, ""stop_buffer_ticks"": 1.0, ""tod"": ""1030_1200"", ""gap_points"": 62.25, ""prior_ret"": -50.75, ""trend_1h"": ""BEARISH"", ""trend_4h"": ""NEUTRAL"", ""confirm_kind"": ""break""}",0,1h,1,-0.005033119976183387,medium,NQ,23.5,1.25,STOP_HIT,-7.25,-7.45,-1.0275862068965518,-1.0,False,False,0.5948905109489051,7.25,11:10,ENTERED,26752.75,26738.25,1.0,2026-04-21,True,2026
False,HTF_1H_TREND_FIRST_PULLBACK_5M_BREAK,medium,LONG,26947.25,26947.0,1776870300,26954.5,1776870300,"{""adverse_ticks"": 1.0, ""stop_buffer_ticks"": 1.0, ""tod"": ""1030_1200"", ""gap_points"": 238.75, ""prior_ret"": -165.75, ""trend_1h"": ""BULLISH"", ""trend_4h"": ""NEUTRAL"", ""confirm_kind"": ""break""}",0,1h,1,0.005442481174979585,medium,NQ,3.75,11.0,TARGET_HIT,7.25,7.05,0.9724137931034482,1.0,True,False,0.43313373253493015,7.25,11:05,ENTERED,26940.0,26954.5,1.0,2026-04-22,True,2026
False,HTF_1H_TREND_FIRST_PULLBACK_5M_BREAK,medium,LONG,27093.5,27093.25,1776960000,27060.75,1776960240,"{""adverse_ticks"": 1.0, ""stop_buffer_ticks"": 1.0, ""tod"": ""1200_1400"", ""gap_points"": -65.75, ""prior_ret"": 199.0, ""trend_1h"": ""BULLISH"", ""trend_4h"": ""NEUTRAL"", ""confirm_kind"": ""break""}",240,1h,4,0.0022380467955238625,weak,NQ,48.25,6.25,STOP_HIT,-32.75,-32.95,-1.0061068702290077,-1.0,False,False,0.5212014134275619,32.75,12:00,ENTERED,27060.75,27126.25,1.0,2026-04-23,True,2026
True,HTF_1H_TREND_FIRST_PULLBACK_5M_BREAK,medium,LONG,27290.75,27290.5,1777042800,27334.75,1777044600,"{""adverse_ticks"": 1.0, ""stop_buffer_ticks"": 1.0, ""tod"": ""1030_1200"", ""gap_points"": 283.75, ""prior_ret"": -88.0, ""trend_1h"": ""BULLISH"", ""trend_4h"": ""BULLISH"", ""confirm_kind"": ""break""}",1800,1h,5,0.004333425338117536,medium,NQ,4.25,47.0,TARGET_HIT,44.0,43.8,0.9954545454545454,1.0,True,False,0.4788732394366197,44.0,11:00,ENTERED,27246.75,27334.75,1.0,2026-04-24,True,2026
True,HTF_1H_TREND_FIRST_PULLBACK_5M_BREAK,medium,SHORT,27339.0,27339.25,1777303200,27313.0,1777303320,"{""adverse_ticks"": 1.0, ""stop_buffer_ticks"": 1.0, ""tod"": ""1030_1200"", ""gap_points"": -23.25, ""prior_ret"": 224.0, ""trend_1h"": ""BEARISH"", ""trend_4h"": ""BEARISH"", ""confirm_kind"": ""break""}",120,1h,1,-0.0039125766592055244,weak,NQ,4.25,31.75,TARGET_HIT,26.0,25.8,0.9923076923076923,1.0,True,False,0.5902004454342984,26.0,11:20,ENTERED,27365.0,27313.0,1.0,2026-04-27,True,2026
True,HTF_1H_TREND_FIRST_PULLBACK_5M_BREAK,medium,SHORT,27027.75,27028.0,1777388100,27113.75,1777388460,"{""adverse_ticks"": 1.0, ""stop_buffer_ticks"": 1.0, ""tod"": ""1030_1200"", ""gap_points"": -284.0, ""prior_ret"": 34.25, ""trend_1h"": ""BEARISH"", ""trend_4h"": ""BEARISH"", ""confirm_kind"": ""break""}",360,1h,9,-0.0029962340910965057,weak,NQ,91.75,15.5,STOP_HIT,-86.0,-86.2,-1.0023255813953489,-1.0,False,False,0.5270833333333333,86.0,10:55,ENTERED,27113.75,26941.75,1.0,2026-04-28,True,2026
True,HTF_1H_TREND_FIRST_PULLBACK_5M_BREAK,medium,LONG,27817.0,27816.75,1777646700,27883.25,1777649820,"{""adverse_ticks"": 1.0, ""stop_buffer_ticks"": 1.0, ""tod"": ""1030_1200"", ""gap_points"": 55.25, ""prior_ret"": 86.25, ""trend_1h"": ""BULLISH"", ""trend_4h"": ""BULLISH"", ""confirm_kind"": ""break""}",3120,1h,1,0.01101751013338892,strong,NQ,47.75,86.25,TARGET_HIT,66.25,66.05,0.9969811320754717,1.0,True,False,0.5723327305605787,66.25,10:45,ENTERED,27750.75,27883.25,1.0,2026-05-01,True,2026
False,HTF_1H_TREND_FIRST_PULLBACK_5M_BREAK,medium,SHORT,27718.0,27718.25,1777910700,27664.25,1777910820,"{""adverse_ticks"": 1.0, ""stop_buffer_ticks"": 1.0, ""tod"": ""1200_1400"", ""gap_points"": 17.25, ""prior_ret"": 204.5, ""trend_1h"": ""BEARISH"", ""trend_4h"": ""NEUTRAL"", ""confirm_kind"": ""break""}",120,1h,1,-0.003306171220138876,weak,NQ,6.75,67.5,TARGET_HIT,53.75,53.55,0.9962790697674418,1.0,True,False,0.47217806041335453,53.75,12:05,ENTERED,27771.75,27664.25,1.0,2026-05-04,True,2026
True,HTF_1H_TREND_FIRST_PULLBACK_5M_BREAK,medium,LONG,28100.75,28100.5,1777990200,28058.5,1777990380,"{""adverse_ticks"": 1.0, ""stop_buffer_ticks"": 1.0, ""tod"": ""0930_1030"", ""gap_points"": 208.25, ""prior_ret"": -74.25, ""trend_1h"": ""BULLISH"", ""trend_4h"": ""BULLISH"", ""confirm_kind"": ""break""}",180,1h,1,0.0053155789417165256,medium,NQ,50.75,8.75,STOP_HIT,-42.25,-42.45,-1.004733727810651,-1.0,False,False,0.4311740890688259,42.25,10:10,ENTERED,28058.5,28143.0,1.0,2026-05-05,True,2026
True,HTF_1H_TREND_FIRST_PULLBACK_5M_BREAK,medium,LONG,28557.5,28557.25,1778087100,28603.0,1778088960,"{""adverse_ticks"": 1.0, ""stop_buffer_ticks"": 1.0, ""tod"": ""1200_1400"", ""gap_points"": 253.75, ""prior_ret"": 147.25, ""trend_1h"": ""BULLISH"", ""trend_4h"": ""BULLISH"", ""confirm_kind"": ""break""}",1860,1h,1,0.0028550846862043233,weak,NQ,2.25,50.75,TARGET_HIT,45.5,45.3,0.9956043956043955,1.0,True,False,0.4203069657615112,45.5,13:05,ENTERED,28512.0,28603.0,1.0,2026-05-06,True,2026
True,HTF_1H_TREND_FIRST_PULLBACK_5M_BREAK,medium,LONG,28888.25,28888.0,1778168100,28823.5,1778169120,"{""adverse_ticks"": 1.0, ""stop_buffer_ticks"": 1.0, ""tod"": ""1030_1200"", ""gap_points"": 39.75, ""prior_ret"": 320.75, ""trend_1h"": ""BULLISH"", ""trend_4h"": ""BULLISH"", ""confirm_kind"": ""break""}",1020,1h,1,0.006996901869321448,medium,NQ,69.5,8.5,STOP_HIT,-64.75,-64.95,-1.0030888030888032,-1.0,False,False,0.5019255455712451,64.75,11:35,ENTERED,28823.5,28953.0,1.0,2026-05-07,True,2026
False,HTF_1H_TREND_FIRST_PULLBACK_5M_BREAK,medium,LONG,29407.75,29407.5,1778512200,29375.0,1778512440,"{""adverse_ticks"": 1.0, ""stop_buffer_ticks"": 1.0, ""tod"": ""1030_1200"", ""gap_points"": -34.5, ""prior_ret"": 461.25, ""trend_1h"": ""BULLISH"", ""trend_4h"": ""NEUTRAL"", ""confirm_kind"": ""break""}",240,1h,1,0.003080073375709258,weak,NQ,45.25,1.0,STOP_HIT,-32.75,-32.95,-1.0061068702290077,-1.0,False,False,0.4092664092664093,32.75,11:10,ENTERED,29375.0,29440.5,1.0,2026-05-11,True,2026
False,HTF_1H_TREND_FIRST_PULLBACK_5M_BREAK,medium,SHORT,29143.75,29144.0,1778681400,29186.25,1778681580,"{""adverse_ticks"": 1.0, ""stop_buffer_ticks"": 1.0, ""tod"": ""0930_1030"", ""gap_points"": 112.25, ""prior_ret"": -38.75, ""trend_1h"": ""BEARISH"", ""trend_4h"": ""NEUTRAL"", ""confirm_kind"": ""break""}",180,1h,2,-0.008556813160667587,strong,NQ,49.0,12.5,STOP_HIT,-42.5,-42.7,-1.0047058823529413,-1.0,False,False,0.5189125295508275,42.5,10:10,ENTERED,29186.25,29101.25,1.0,2026-05-13,True,2026
False,HTF_1H_TREND_FIRST_PULLBACK_5M_BREAK,medium,LONG,29654.25,29654.0,1778780100,29713.5,1778780760,"{""adverse_ticks"": 1.0, ""stop_buffer_ticks"": 1.0, ""tod"": ""1200_1400"", ""gap_points"": 0.25, ""prior_ret"": 189.5, ""trend_1h"": ""BULLISH"", ""trend_4h"": ""BEARISH"", ""confirm_kind"": ""break""}",660,1h,3,0.007916730237840897,medium,NQ,2.0,82.0,TARGET_HIT,59.25,59.05,0.9966244725738396,1.0,True,False,0.42518397383483236,59.25,13:35,ENTERED,29595.0,29713.5,1.0,2026-05-14,False,2026
False,HTF_1H_TREND_FIRST_PULLBACK_5M_BREAK,medium,SHORT,29007.5,29007.75,1779123900,28969.25,1779124980,"{""adverse_ticks"": 1.0, ""stop_buffer_ticks"": 1.0, ""tod"": ""1200_1400"", ""gap_points"": 107.25, ""prior_ret"": -46.75, ""trend_1h"": ""BEARISH"", ""trend_4h"": ""BULLISH"", ""confirm_kind"": ""break""}",1080,1h,2,-0.013669749727965197,strong,NQ,30.25,41.5,TARGET_HIT,38.25,38.05,0.9947712418300653,1.0,True,False,0.4092741935483871,38.25,13:05,ENTERED,29045.75,28969.25,1.0,2026-05-18,True,2026
True,HTF_1H_TREND_FIRST_PULLBACK_5M_BREAK,medium,LONG,29069.5,29069.25,1779213600,29006.75,1779214920,"{""adverse_ticks"": 1.0, ""stop_buffer_ticks"": 1.0, ""tod"": ""1400_1530"", ""gap_points"": -248.5, ""prior_ret"": -239.75, ""trend_1h"": ""BULLISH"", ""trend_4h"": ""BULLISH"", ""confirm_kind"": ""break""}",1320,1h,2,0.0044922465552243995,medium,NQ,62.5,32.5,STOP_HIT,-62.75,-62.95,-1.003187250996016,-1.0,False,False,0.432579185520362,62.75,14:00,ENTERED,29006.75,29132.25,1.0,2026-05-19,True,2026
True,HTF_1H_TREND_FIRST_PULLBACK_5M_BREAK,medium,LONG,29327.25,29327.0,1779291300,29254.75,1779293940,"{""adverse_ticks"": 1.0, ""stop_buffer_ticks"": 1.0, ""tod"": ""1030_1200"", ""gap_points"": 149.0, ""prior_ret"": 74.25, ""trend_1h"": ""BULLISH"", ""trend_4h"": ""BULLISH"", ""confirm_kind"": ""break""}",2640,1h,1,0.005238929540691828,medium,NQ,79.75,31.75,STOP_HIT,-72.5,-72.7,-1.0027586206896553,-1.0,False,False,0.4363354037267081,72.5,11:35,ENTERED,29254.75,29399.75,1.0,2026-05-20,True,2026
False,HTF_1H_TREND_FIRST_PULLBACK_5M_BREAK,medium,LONG,29344.75,29344.5,1779383700,29415.0,1779383760,"{""adverse_ticks"": 1.0, ""stop_buffer_ticks"": 1.0, ""tod"": ""1200_1400"", ""gap_points"": -179.0, ""prior_ret"": 322.75, ""trend_1h"": ""BULLISH"", ""trend_4h"": ""NEUTRAL"", ""confirm_kind"": ""break""}",60,1h,1,0.002183667876961115,weak,NQ,9.25,81.75,TARGET_HIT,70.25,70.05,0.997153024911032,1.0,True,False,0.5315682281059063,70.25,13:15,ENTERED,29274.5,29415.0,1.0,2026-05-21,True,2026
True,HTF_1H_TREND_FIRST_PULLBACK_5M_BREAK,medium,LONG,29692.25,29692.0,1779462600,29644.25,1779466800,"{""adverse_ticks"": 1.0, ""stop_buffer_ticks"": 1.0, ""tod"": ""1030_1200"", ""gap_points"": 133.75, ""prior_ret"": 229.0, ""trend_1h"": ""BULLISH"", ""trend_4h"": ""BULLISH"", ""confirm_kind"": ""break""}",4200,1h,2,0.006168230642615846,medium,NQ,49.75,21.75,STOP_HIT,-48.0,-48.2,-1.0041666666666667,-1.0,False,False,0.5239852398523985,48.0,11:10,ENTERED,29644.25,29740.25,1.0,2026-05-22,True,2026
True,HTF_1H_TREND_FIRST_PULLBACK_5M_BREAK,medium,LONG,29992.25,29992.0,1779804300,30035.75,1779805080,"{""adverse_ticks"": 1.0, ""stop_buffer_ticks"": 1.0, ""tod"": ""0930_1030"", ""gap_points"": 349.5, ""prior_ret"": -27.5, ""trend_1h"": ""BULLISH"", ""trend_4h"": ""BULLISH"", ""confirm_kind"": ""break""}",780,1h,3,0.005352296713237559,medium,NQ,15.5,49.0,TARGET_HIT,43.5,43.3,0.9954022988505746,1.0,True,False,0.5523809523809524,43.5,10:05,ENTERED,29948.75,30035.75,1.0,2026-05-26,True,2026
True,HTF_1H_TREND_FIRST_PULLBACK_5M_BREAK,medium,SHORT,30022.25,30022.5,1779891000,29945.0,1779891900,"{""adverse_ticks"": 1.0, ""stop_buffer_ticks"": 1.0, ""tod"": ""0930_1030"", ""gap_points"": 107.75, ""prior_ret"": 177.75, ""trend_1h"": ""BEARISH"", ""trend_4h"": ""BEARISH"", ""confirm_kind"": ""break""}",900,1h,1,-0.0050805524066427354,medium,NQ,34.75,100.5,TARGET_HIT,77.25,77.05,0.9974110032362459,1.0,True,False,0.5029940119760479,77.25,10:10,ENTERED,30099.5,29945.0,1.0,2026-05-27,True,2026
True,HTF_1H_TREND_FIRST_PULLBACK_5M_BREAK,medium,LONG,30666.25,30666.0,1780413300,30611.5,1780421880,"{""adverse_ticks"": 1.0, ""stop_buffer_ticks"": 1.0, ""tod"": ""1030_1200"", ""gap_points"": -14.25, ""prior_ret"": 228.25, ""trend_1h"": ""BULLISH"", ""trend_4h"": ""BULLISH"", ""confirm_kind"": ""break""}",8580,1h,1,0.0037013683598516867,weak,NQ,57.25,47.25,STOP_HIT,-54.75,-54.95,-1.0036529680365298,-1.0,False,False,0.4538653366583541,54.75,11:15,ENTERED,30611.5,30721.0,1.0,2026-06-02,True,2026
True,HTF_1H_TREND_FIRST_PULLBACK_5M_BREAK,medium,SHORT,29893.5,29893.75,1780667700,29832.75,1780667820,"{""adverse_ticks"": 1.0, ""stop_buffer_ticks"": 1.0, ""tod"": ""0930_1030"", ""gap_points"": -449.75, ""prior_ret"": 217.25, ""trend_1h"": ""BEARISH"", ""trend_4h"": ""BEARISH"", ""confirm_kind"": ""break""}",120,1h,1,-0.0034567082521655967,weak,NQ,3.75,65.25,TARGET_HIT,60.75,60.55,0.9967078189300411,1.0,True,False,0.556910569105691,60.75,09:55,ENTERED,29954.25,29832.75,1.0,2026-06-05,True,2026
True,HTF_1H_TREND_FIRST_PULLBACK_5M_BREAK,medium,LONG,29676.75,29676.5,1780930800,29600.25,1780932600,"{""adverse_ticks"": 1.0, ""stop_buffer_ticks"": 1.0, ""tod"": ""1030_1200"", ""gap_points"": 510.25, ""prior_ret"": -1020.0, ""trend_1h"": ""BULLISH"", ""trend_4h"": ""BULLISH"", ""confirm_kind"": ""break""}",1800,1h,7,0.014902148542701443,strong,NQ,96.5,66.5,STOP_HIT,-76.5,-76.7,-1.0026143790849673,-1.0,False,False,0.45018450184501846,76.5,11:00,ENTERED,29600.25,29753.25,1.0,2026-06-08,True,2026
False,HTF_1H_TREND_FIRST_PULLBACK_5M_BREAK,medium,SHORT,28733.0,28733.25,1781027400,28924.75,1781029140,"{""adverse_ticks"": 1.0, ""stop_buffer_ticks"": 1.0, ""tod"": ""1200_1400"", ""gap_points"": 284.0, ""prior_ret"": -73.0, ""trend_1h"": ""BEARISH"", ""trend_4h"": ""BULLISH"", ""confirm_kind"": ""break""}",1740,1h,3,-0.0422142070438285,strong,NQ,207.5,2.0,STOP_HIT,-191.75,-191.95,-1.0010430247718383,-1.0,False,False,0.4122908729501408,191.75,13:50,ENTERED,28924.75,28541.25,1.0,2026-06-09,True,2026
False,HTF_1H_TREND_FIRST_PULLBACK_5M_BREAK,medium,LONG,29080.5,29080.25,1781100300,29196.25,1781101440,"{""adverse_ticks"": 1.0, ""stop_buffer_ticks"": 1.0, ""tod"": ""0930_1030"", ""gap_points"": -262.25, ""prior_ret"": -621.75, ""trend_1h"": ""BULLISH"", ""trend_4h"": ""NEUTRAL"", ""confirm_kind"": ""break""}",1140,1h,2,0.008487459929980679,strong,NQ,51.0,139.5,TARGET_HIT,115.75,115.55,0.9982721382289417,1.0,True,False,0.46172441579371476,115.75,10:05,ENTERED,28964.75,29196.25,1.0,2026-06-10,True,2026
True,HTF_1H_TREND_FIRST_PULLBACK_5M_BREAK,medium,LONG,29179.75,29179.5,1781201700,29291.25,1781203800,"{""adverse_ticks"": 1.0, ""stop_buffer_ticks"": 1.0, ""tod"": ""1400_1530"", ""gap_points"": 227.25, ""prior_ret"": -327.0, ""trend_1h"": ""BULLISH"", ""trend_4h"": ""BULLISH"", ""confirm_kind"": ""break""}",2100,1h,1,0.01084756319094815,strong,NQ,29.5,132.75,TARGET_HIT,111.5,111.3,0.9982062780269058,1.0,True,False,0.4257741347905282,111.5,14:15,ENTERED,29068.25,29291.25,1.0,2026-06-11,True,2026
False,HTF_1H_TREND_FIRST_PULLBACK_5M_BREAK,medium,SHORT,30608.0,30608.25,1781620500,30463.75,1781624700,"{""adverse_ticks"": 1.0, ""stop_buffer_ticks"": 1.0, ""tod"": ""1030_1200"", ""gap_points"": -60.25, ""prior_ret"": 239.5, ""trend_1h"": ""BEARISH"", ""trend_4h"": ""NEUTRAL"", ""confirm_kind"": ""break""}",4200,1h,2,-0.0020650950348636288,weak,NQ,106.5,158.25,TARGET_HIT,144.25,144.05,0.9986135181975737,1.0,True,False,0.5678571428571428,144.25,10:35,ENTERED,30752.25,30463.75,1.0,2026-06-16,True,2026
True,HTF_1H_TREND_FIRST_PULLBACK_5M_BREAK,medium,LONG,30910.0,30909.75,1782137700,30897.0,1782137700,"{""adverse_ticks"": 1.0, ""stop_buffer_ticks"": 1.0, ""tod"": ""0930_1030"", ""gap_points"": 130.0, ""prior_ret"": 98.25, ""trend_1h"": ""BULLISH"", ""trend_4h"": ""BULLISH"", ""confirm_kind"": ""break""}",0,1h,2,0.007752695527541542,medium,NQ,21.5,2.0,STOP_HIT,-13.0,-13.2,-1.0153846153846153,-1.0,False,False,0.4191304347826087,13.0,10:15,ENTERED,30897.0,30923.0,1.0,2026-06-22,True,2026
False,HTF_1H_TREND_FIRST_PULLBACK_5M_BREAK,medium,LONG,29850.25,29850.0,1782236400,29830.25,1782236520,"{""adverse_ticks"": 1.0, ""stop_buffer_ticks"": 1.0, ""tod"": ""1200_1400"", ""gap_points"": -936.0, ""prior_ret"": -168.5, ""trend_1h"": ""BULLISH"", ""trend_4h"": ""BEARISH"", ""confirm_kind"": ""break""}",120,1h,1,0.004338321842946025,medium,NQ,23.75,7.5,STOP_HIT,-20.0,-20.2,-1.01,-1.0,False,False,0.5749049429657794,20.0,13:40,ENTERED,29830.25,29870.25,1.0,2026-06-23,True,2026
False,HTF_1H_TREND_FIRST_PULLBACK_5M_BREAK,medium,LONG,29857.25,29857.0,1782313500,29790.0,1782313740,"{""adverse_ticks"": 1.0, ""stop_buffer_ticks"": 1.0, ""tod"": ""1030_1200"", ""gap_points"": 60.75, ""prior_ret"": -67.75, ""trend_1h"": ""BULLISH"", ""trend_4h"": ""BEARISH"", ""confirm_kind"": ""break""}",240,1h,1,0.0032304348920531023,weak,NQ,84.5,9.25,STOP_HIT,-67.25,-67.45,-1.0029739776951674,-1.0,False,False,0.5659340659340659,67.25,11:05,ENTERED,29790.0,29924.5,1.0,2026-06-24,True,2026
True,HTF_1H_TREND_FIRST_PULLBACK_5M_BREAK,medium,SHORT,29608.75,29609.0,1782397200,29527.25,1782397440,"{""adverse_ticks"": 1.0, ""stop_buffer_ticks"": 1.0, ""tod"": ""0930_1030"", ""gap_points"": 639.25, ""prior_ret"": -197.25, ""trend_1h"": ""BEARISH"", ""trend_4h"": ""BEARISH"", ""confirm_kind"": ""break""}",240,1h,1,-0.027048554644718115,strong,NQ,76.5,85.0,TARGET_HIT,81.5,81.3,0.9975460122699387,1.0,True,False,0.4597667638483965,81.5,10:20,ENTERED,29690.25,29527.25,1.0,2026-06-25,True,2026
False,HTF_1H_TREND_FIRST_PULLBACK_5M_BREAK,medium,LONG,29528.75,29528.5,1782483600,29552.5,1782483600,"{""adverse_ticks"": 1.0, ""stop_buffer_ticks"": 1.0, ""tod"": ""0930_1030"", ""gap_points"": -387.0, ""prior_ret"": -403.75, ""trend_1h"": ""BULLISH"", ""trend_4h"": ""NEUTRAL"", ""confirm_kind"": ""break""}",0,1h,1,0.002374811674880517,weak,NQ,8.0,136.75,TARGET_HIT,23.75,23.55,0.9915789473684211,1.0,True,True,0.41012396694214875,23.75,10:20,ENTERED,29505.0,29552.5,1.0,2026-06-26,True,2026
True,HTF_1H_TREND_FIRST_PULLBACK_5M_BREAK,medium,LONG,30368.25,30368.0,1782831900,30454.5,1782834720,"{""adverse_ticks"": 1.0, ""stop_buffer_ticks"": 1.0, ""tod"": ""1030_1200"", ""gap_points"": 1.25, ""prior_ret"": 403.25, ""trend_1h"": ""BULLISH"", ""trend_4h"": ""BULLISH"", ""confirm_kind"": ""break""}",2820,1h,2,0.005491087351421342,medium,NQ,9.25,87.25,TARGET_HIT,86.25,86.05,0.9976811594202898,1.0,True,False,0.40569620253164557,86.25,11:05,ENTERED,30282.0,30454.5,1.0,2026-06-30,True,2026
False,HTF_1H_TREND_FIRST_PULLBACK_5M_BREAK,medium,LONG,30258.25,30258.0,1783000800,30158.5,1783001400,"{""adverse_ticks"": 1.0, ""stop_buffer_ticks"": 1.0, ""tod"": ""0930_1030"", ""gap_points"": -4.5, ""prior_ret"": -155.0, ""trend_1h"": ""BULLISH"", ""trend_4h"": ""NEUTRAL"", ""confirm_kind"": ""break""}",600,1h,4,0.010014103195333357,strong,NQ,126.5,35.5,STOP_HIT,-99.75,-99.95,-1.0020050125313285,-1.0,False,False,0.5522388059701493,99.75,10:00,ENTERED,30158.5,30358.0,1.0,2026-07-02,True,2026
False,HTF_1H_TREND_FIRST_PULLBACK_5M_BREAK,medium,LONG,29971.5,29971.25,1783346100,30047.25,1783348320,"{""adverse_ticks"": 1.0, ""stop_buffer_ticks"": 1.0, ""tod"": ""0930_1030"", ""gap_points"": 297.5, ""prior_ret"": -538.0, ""trend_1h"": ""BULLISH"", ""trend_4h"": ""NEUTRAL"", ""confirm_kind"": ""break""}",2220,1h,1,0.002243278534837856,weak,NQ,68.0,78.5,TARGET_HIT,75.75,75.55,0.9973597359735973,1.0,True,False,0.5418250950570342,75.75,09:55,ENTERED,29895.75,30047.25,1.0,2026-07-06,True,2026
True,HTF_1H_TREND_FIRST_PULLBACK_5M_BREAK,medium,SHORT,29442.75,29443.0,1783433400,29379.5,1783433520,"{""adverse_ticks"": 1.0, ""stop_buffer_ticks"": 1.0, ""tod"": ""0930_1030"", ""gap_points"": -358.75, ""prior_ret"": 116.0, ""trend_1h"": ""BEARISH"", ""trend_4h"": ""BEARISH"", ""confirm_kind"": ""break""}",120,1h,1,-0.006515014875810188,medium,NQ,0.25,79.0,TARGET_HIT,63.25,63.05,0.9968379446640315,1.0,True,False,0.49493487698986977,63.25,10:10,ENTERED,29506.0,29379.5,1.0,2026-07-07,True,2026
False,HTF_1H_TREND_FIRST_PULLBACK_5M_BREAK,medium,LONG,29303.0,29302.75,1783518600,,1783518600,"{""adverse_ticks"": 1.0, ""stop_buffer_ticks"": 1.0, ""tod"": ""0930_1030"", ""gap_points"": -191.75, ""prior_ret"": -198.5, ""trend_1h"": ""BULLISH"", ""trend_4h"": ""BEARISH"", ""confirm_kind"": ""break""}",,1h,1,0.005015598338475424,medium,NQ,15.0,35.0,AMBIGUOUS,,,,,True,True,0.40329218106995884,2.25,09:50,ENTERED,29300.75,29305.25,1.0,2026-07-08,False,2026
True,HTF_1H_TREND_FIRST_PULLBACK_5M_BREAK,medium,LONG,29844.25,29844.0,1783605000,29880.25,1783605060,"{""adverse_ticks"": 1.0, ""stop_buffer_ticks"": 1.0, ""tod"": ""0930_1030"", ""gap_points"": 289.25, ""prior_ret"": 254.75, ""trend_1h"": ""BULLISH"", ""trend_4h"": ""BULLISH"", ""confirm_kind"": ""break""}",60,1h,1,0.0025201230561759935,weak,NQ,26.5,55.25,TARGET_HIT,36.0,35.8,0.9944444444444444,1.0,True,False,0.4779116465863454,36.0,09:50,ENTERED,29808.25,29880.25,1.0,2026-07-09,True,2026
False,HTF_1H_TREND_FIRST_PULLBACK_5M_BREAK,medium,LONG,29941.5,29941.25,1783692300,29903.25,1783693140,"{""adverse_ticks"": 1.0, ""stop_buffer_ticks"": 1.0, ""tod"": ""0930_1030"", ""gap_points"": -114.0, ""prior_ret"": 202.0, ""trend_1h"": ""BULLISH"", ""trend_4h"": ""NEUTRAL"", ""confirm_kind"": ""break""}",840,1h,1,0.0036307532345567495,weak,NQ,52.75,24.75,STOP_HIT,-38.25,-38.45,-1.0052287581699346,-1.0,False,False,0.48598130841121495,38.25,10:05,ENTERED,29903.25,29979.75,1.0,2026-07-10,True,2026
True,HTF_1H_TREND_FIRST_PULLBACK_5M_BREAK,medium,SHORT,29584.25,29584.5,1783952400,29660.0,1783952640,"{""adverse_ticks"": 1.0, ""stop_buffer_ticks"": 1.0, ""tod"": ""0930_1030"", ""gap_points"": -327.5, ""prior_ret"": 202.75, ""trend_1h"": ""BEARISH"", ""trend_4h"": ""BEARISH"", ""confirm_kind"": ""break""}",240,1h,1,-0.0047277948993559304,medium,NQ,92.75,16.0,STOP_HIT,-75.75,-75.95,-1.0026402640264027,-1.0,False,False,0.5598958333333334,75.75,10:20,ENTERED,29660.0,29508.5,1.0,2026-07-13,True,2026
True,HTF_1H_TREND_FIRST_PULLBACK_5M_BREAK,medium,LONG,29847.25,29847.0,1784042400,29869.5,1784042460,"{""adverse_ticks"": 1.0, ""stop_buffer_ticks"": 1.0, ""tod"": ""1030_1200"", ""gap_points"": 344.0, ""prior_ret"": -243.0, ""trend_1h"": ""BULLISH"", ""trend_4h"": ""BULLISH"", ""confirm_kind"": ""break""}",60,1h,3,0.005581403203607227,medium,NQ,14.5,24.75,TARGET_HIT,22.25,22.05,0.9910112359550562,1.0,True,False,0.48623853211009177,22.25,11:20,ENTERED,29825.0,29869.5,1.0,2026-07-14,True,2026
True,HTF_1H_TREND_FIRST_PULLBACK_5M_BREAK,medium,SHORT,29806.5,29806.75,1784124900,29720.25,1784125380,"{""adverse_ticks"": 1.0, ""stop_buffer_ticks"": 1.0, ""tod"": ""0930_1030"", ""gap_points"": 169.5, ""prior_ret"": -25.0, ""trend_1h"": ""BEARISH"", ""trend_4h"": ""BEARISH"", ""confirm_kind"": ""break""}",480,1h,1,-0.003383486913006828,weak,NQ,24.0,111.75,TARGET_HIT,86.25,86.05,0.9976811594202898,1.0,True,False,0.5833333333333334,86.25,10:15,ENTERED,29892.75,29720.25,1.0,2026-07-15,True,2026
True,HTF_1H_TREND_FIRST_PULLBACK_5M_BREAK,medium,SHORT,29346.25,29346.5,1784210400,,1784210400,"{""adverse_ticks"": 1.0, ""stop_buffer_ticks"": 1.0, ""tod"": ""0930_1030"", ""gap_points"": -235.0, ""prior_ret"": -254.5, ""trend_1h"": ""BEARISH"", ""trend_4h"": ""BEARISH"", ""confirm_kind"": ""break""}",,1h,7,-0.00622222222222224,medium,NQ,40.5,31.25,AMBIGUOUS,,,,,True,False,0.4436183395291202,17.75,10:00,ENTERED,29364.0,29328.5,1.0,2026-07-16,True,2026
True,HTF_1H_TREND_FIRST_PULLBACK_5M_BREAK,medium,LONG,28842.25,28842.0,1784313300,28822.25,1784313600,"{""adverse_ticks"": 1.0, ""stop_buffer_ticks"": 1.0, ""tod"": ""1400_1530"", ""gap_points"": -609.25, ""prior_ret"": -249.0, ""trend_1h"": ""BULLISH"", ""trend_4h"": ""BULLISH"", ""confirm_kind"": ""break""}",300,1h,3,0.007663202678197756,medium,NQ,27.25,13.0,STOP_HIT,-20.0,-20.2,-1.01,-1.0,False,False,0.4067796610169492,20.0,14:35,ENTERED,28822.25,28862.25,1.0,2026-07-17,True,2026
True,HTF_1H_TREND_FIRST_PULLBACK_5M_BREAK,medium,LONG,29117.75,29117.5,1784555400,,1784555400,"{""adverse_ticks"": 1.0, ""stop_buffer_ticks"": 1.0, ""tod"": ""0930_1030"", ""gap_points"": 280.75, ""prior_ret"": 156.5, ""trend_1h"": ""BULLISH"", ""trend_4h"": ""BULLISH"", ""confirm_kind"": ""break""}",,1h,4,0.00495118066615885,medium,NQ,20.25,13.75,AMBIGUOUS,,,,,True,True,0.4424131627056673,2.25,09:50,ENTERED,29115.5,29120.0,1.0,2026-07-20,False,2026
True,HTF_1H_TREND_FIRST_PULLBACK_5M_BREAK,medium,LONG,29307.25,29307.0,1784647800,29271.5,1784647980,"{""adverse_ticks"": 1.0, ""stop_buffer_ticks"": 1.0, ""tod"": ""1030_1200"", ""gap_points"": 437.25, ""prior_ret"": -259.75, ""trend_1h"": ""BULLISH"", ""trend_4h"": ""BULLISH"", ""confirm_kind"": ""break""}",180,1h,1,0.0024428920413148703,weak,NQ,38.75,1.5,STOP_HIT,-35.75,-35.95,-1.0055944055944057,-1.0,False,False,0.43874643874643876,35.75,11:30,ENTERED,29271.5,29343.0,1.0,2026-07-21,True,2026
False,HTF_1H_TREND_FIRST_PULLBACK_5M_BREAK,medium,LONG,29218.5,29218.25,1784730300,29241.25,1784730720,"{""adverse_ticks"": 1.0, ""stop_buffer_ticks"": 1.0, ""tod"": ""0930_1030"", ""gap_points"": -220.25, ""prior_ret"": 88.25, ""trend_1h"": ""BULLISH"", ""trend_4h"": ""NEUTRAL"", ""confirm_kind"": ""break""}",420,1h,1,0.005141277852164672,medium,NQ,16.75,41.25,TARGET_HIT,22.75,22.55,0.9912087912087912,1.0,True,False,0.4540750323415265,22.75,10:25,ENTERED,29195.75,29241.25,1.0,2026-07-22,True,2026
True,HTF_1H_TREND_FIRST_PULLBACK_5M_BREAK,medium,SHORT,28582.5,28582.75,1784818500,28494.25,1784819520,"{""adverse_ticks"": 1.0, ""stop_buffer_ticks"": 1.0, ""tod"": ""1030_1200"", ""gap_points"": -442.25, ""prior_ret"": 70.0, ""trend_1h"": ""BEARISH"", ""trend_4h"": ""BEARISH"", ""confirm_kind"": ""break""}",1020,1h,2,-0.011959972810421493,strong,NQ,35.75,95.75,TARGET_HIT,88.25,88.05,0.9977337110481586,1.0,True,False,0.5127551020408163,88.25,10:55,ENTERED,28670.75,28494.25,1.0,2026-07-23,True,2026
True,HTF_1H_TREND_FIRST_PULLBACK_5M_BREAK,medium,SHORT,28333.0,28333.25,1784902800,28451.5,1784905140,"{""adverse_ticks"": 1.0, ""stop_buffer_ticks"": 1.0, ""tod"": ""0930_1030"", ""gap_points"": -75.0, ""prior_ret"": -103.25, ""trend_1h"": ""BEARISH"", ""trend_4h"": ""BEARISH"", ""confirm_kind"": ""break""}",2340,1h,1,-0.013179212905698456,strong,NQ,128.25,78.75,STOP_HIT,-118.5,-118.7,-1.00168776371308,-1.0,False,False,0.5768822905620361,118.5,10:20,ENTERED,28451.5,28214.5,1.0,2026-07-24,True,2026
True,HTF_1H_TREND_FIRST_PULLBACK_5M_BREAK,medium,SHORT,28319.5,28319.75,1785161100,28174.5,1785162240,"{""adverse_ticks"": 1.0, ""stop_buffer_ticks"": 1.0, ""tod"": ""0930_1030"", ""gap_points"": 307.25, ""prior_ret"": -256.75, ""trend_1h"": ""BEARISH"", ""trend_4h"": ""BEARISH"", ""confirm_kind"": ""break""}",1140,1h,1,-0.013811217700623546,strong,NQ,28.0,152.75,TARGET_HIT,145.0,144.8,0.9986206896551725,1.0,True,False,0.4934804413239719,145.0,10:05,ENTERED,28464.5,28174.5,1.0,2026-07-27,True,2026
True,HTF_1H_TREND_FIRST_PULLBACK_5M_BREAK,medium,SHORT,27631.5,27631.75,1785248100,27793.75,1785250020,"{""adverse_ticks"": 1.0, ""stop_buffer_ticks"": 1.0, ""tod"": ""0930_1030"", ""gap_points"": -242.25, ""prior_ret"": -398.25, ""trend_1h"": ""BEARISH"", ""trend_4h"": ""BEARISH"", ""confirm_kind"": ""break""}",1920,1h,1,-0.010400271855773413,strong,NQ,179.5,28.25,STOP_HIT,-162.25,-162.45,-1.0012326656394452,-1.0,False,False,0.49229521492295214,162.25,10:15,ENTERED,27793.75,27469.25,1.0,2026-07-28,True,2026
False,HTF_1H_TREND_FIRST_PULLBACK_5M_BREAK,medium,SHORT,27726.25,27726.5,1785334200,27625.75,1785335040,"{""adverse_ticks"": 1.0, ""stop_buffer_ticks"": 1.0, ""tod"": ""0930_1030"", ""gap_points"": -4.0, ""prior_ret"": -31.5, ""trend_1h"": ""BEARISH"", ""trend_4h"": ""NEUTRAL"", ""confirm_kind"": ""break""}",840,1h,1,-0.010207086073216187,strong,NQ,21.0,121.0,TARGET_HIT,100.5,100.3,0.9980099502487562,1.0,True,False,0.49544072948328266,100.5,10:10,ENTERED,27826.75,27625.75,1.0,2026-07-29,True,2026
True,HTF_1H_TREND_FIRST_PULLBACK_5M_BREAK,medium,LONG,28103.25,28103.0,1785419700,28233.5,1785421680,"{""adverse_ticks"": 1.0, ""stop_buffer_ticks"": 1.0, ""tod"": ""0930_1030"", ""gap_points"": 542.25, ""prior_ret"": -579.5, ""trend_1h"": ""BULLISH"", ""trend_4h"": ""BULLISH"", ""confirm_kind"": ""break""}",1980,1h,3,0.01165170409583327,strong,NQ,36.25,137.0,TARGET_HIT,130.25,130.05,0.998464491362764,1.0,True,False,0.49540078843626806,130.25,09:55,ENTERED,27973.0,28233.5,1.0,2026-07-30,True,2026
False,HTF_1H_TREND_FIRST_PULLBACK_5M_BREAK,medium,SHORT,28333.0,28333.25,1785506100,28193.0,1785506820,"{""adverse_ticks"": 1.0, ""stop_buffer_ticks"": 1.0, ""tod"": ""0930_1030"", ""gap_points"": 347.75, ""prior_ret"": 351.75, ""trend_1h"": ""BEARISH"", ""trend_4h"": ""BULLISH"", ""confirm_kind"": ""break""}",720,1h,1,-0.00470234505423428,medium,NQ,81.25,173.75,TARGET_HIT,140.0,139.8,0.9985714285714287,1.0,True,False,0.5953307392996109,140.0,09:55,ENTERED,28473.0,28193.0,1.0,2026-07-31,True,2026
False,HTF_1H_TREND_FIRST_PULLBACK_5M_BREAK,medium,LONG,28571.5,28571.25,1785766500,28630.0,1785766680,"{""adverse_ticks"": 1.0, ""stop_buffer_ticks"": 1.0, ""tod"": ""0930_1030"", ""gap_points"": 16.25, ""prior_ret"": -174.0, ""trend_1h"": ""BULLISH"", ""trend_4h"": ""NEUTRAL"", ""confirm_kind"": ""break""}",180,1h,1,0.0023547743268321764,weak,NQ,12.5,67.25,TARGET_HIT,58.5,58.3,0.9965811965811965,1.0,True,False,0.5490430622009569,58.5,10:15,ENTERED,28513.0,28630.0,1.0,2026-08-03,True,2026
False,HTF_1H_TREND_FIRST_PULLBACK_5M_BREAK,medium,LONG,29535.25,29535.0,1786031100,,1786031100,"{""adverse_ticks"": 1.0, ""stop_buffer_ticks"": 1.0, ""tod"": ""1030_1200"", ""gap_points"": -271.75, ""prior_ret"": -368.25, ""trend_1h"": ""BULLISH"", ""trend_4h"": ""NEUTRAL"", ""confirm_kind"": ""break""}",,1h,1,0.005842052603910464,medium,NQ,4.25,17.5,AMBIGUOUS,,,,,True,True,0.41565836298932385,2.5,11:45,ENTERED,29532.75,29537.75,1.0,2026-08-06,False,2026
True,HTF_1H_TREND_FIRST_PULLBACK_5M_BREAK,medium,LONG,29816.5,29816.25,1786118100,29794.0,1786119540,"{""adverse_ticks"": 1.0, ""stop_buffer_ticks"": 1.0, ""tod"": ""1030_1200"", ""gap_points"": 217.25, ""prior_ret"": 161.75, ""trend_1h"": ""BULLISH"", ""trend_4h"": ""BULLISH"", ""confirm_kind"": ""break""}",1440,1h,3,0.0038419643837235284,weak,NQ,29.25,13.75,STOP_HIT,-22.5,-22.7,-1.008888888888889,-1.0,False,False,0.431858407079646,22.5,11:55,ENTERED,29794.0,29839.0,1.0,2026-08-07,True,2026
True,HTF_1H_TREND_FIRST_PULLBACK_5M_BREAK,medium,LONG,30150.75,30150.5,1786637100,30197.75,1786638660,"{""adverse_ticks"": 1.0, ""stop_buffer_ticks"": 1.0, ""tod"": ""1200_1400"", ""gap_points"": 57.25, ""prior_ret"": -138.75, ""trend_1h"": ""BULLISH"", ""trend_4h"": ""BULLISH"", ""confirm_kind"": ""break""}",1560,1h,3,0.008252703471826939,strong,NQ,16.75,49.5,TARGET_HIT,47.0,46.8,0.9957446808510638,1.0,True,False,0.4562631210636809,47.0,12:05,ENTERED,30103.75,30197.75,1.0,2026-08-13,True,2026
