direction,entry_date,entry_fill,entry_theo,exit_date,exit_fill,exit_theo,extras,hold,hold_days,instrument,lookback,mode,n_roll_nights,overnight_points,points,points_after_cost,rv20,session_points,signal_date,signal_ret,status,vol_weight,weekend_points,year
SHORT,2010-07-06,1209.6000000000001,1209.7,2010-08-10,1202.3,1202.2,{},daily_refresh,25,GC,20,daily_refresh,0,-3.299999999999727,7.300000000000182,7.260000000000182,0.010628998384594733,10.699999999999818,2010-07-05,-0.02513696422816658,ENTERED,,-3.0,2010
LONG,2010-08-10,1202.3,1202.2,2010-08-11,1205.3000000000002,1205.4,{},daily_refresh,1,GC,20,daily_refresh,0,0.0,3.0000000000002274,2.9600000000002273,0.008419359733160357,2.8999999999998636,2010-08-09,0.0038406946647742135,ENTERED,,0.0,2010
SHORT,2010-08-11,1205.3000000000002,1205.4,2010-08-13,1214.6,1214.5,{},daily_refresh,2,GC,20,daily_refresh,0,-0.09999999999990905,-9.299999999999727,-9.339999999999726,0.00801763496247433,-8.700000000000045,2010-08-10,-0.005200594353640398,ENTERED,,0.0,2010
LONG,2010-08-13,1214.6,1214.5,2010-11-15,1369.7,1369.8,{},daily_refresh,66,GC,20,daily_refresh,0,11.800000000000182,155.10000000000014,155.06000000000014,0.00830911318162902,141.89999999999986,2010-08-12,0.0038029100529100024,ENTERED,,13.099999999999909,2010
SHORT,2010-11-15,1369.7,1369.8,2010-11-17,1339.1999999999998,1339.1,{},daily_refresh,2,GC,20,daily_refresh,0,-0.10000000000013642,30.500000000000227,30.46000000000023,0.013331608563393802,30.700000000000045,2010-11-12,-0.0011680537304717964,ENTERED,,0.0,2010
LONG,2010-11-17,1339.1999999999998,1339.1,2010-11-18,1341.2,1341.3,{},daily_refresh,1,GC,20,daily_refresh,0,0.0,2.0000000000002274,1.9600000000002273,0.012471031213961899,2.0,2010-11-16,0.004123865936867421,ENTERED,,0.0,2010
SHORT,2010-11-18,1341.2,1341.3,2010-11-19,1362.3999999999999,1362.3,{},daily_refresh,1,GC,20,daily_refresh,0,0.0,-21.199999999999818,-21.239999999999817,0.012184267959477087,-21.0,2010-11-17,-0.00607722522789611,ENTERED,,0.0,2010
LONG,2010-11-19,1362.3999999999999,1362.3,2010-12-09,1384.7,1384.8,{},daily_refresh,14,GC,20,daily_refresh,0,-4.7999999999999545,22.300000000000182,22.260000000000183,0.012035626822279977,27.299999999999955,2010-11-18,0.026833496645812582,ENTERED,,-6.0,2010
SHORT,2010-12-09,1384.7,1384.8,2010-12-13,1381.6,1381.5,{},daily_refresh,2,GC,20,daily_refresh,0,0.10000000000013642,3.1000000000001364,3.0600000000001364,0.011305246771852111,-0.8000000000001819,2010-12-08,-0.01135146712358115,ENTERED,,0.0,2010
LONG,2010-12-13,1381.6,1381.5,2011-01-04,1415.1000000000001,1415.2,{},daily_refresh,15,GC,20,daily_refresh,0,-3.0,33.50000000000023,33.46000000000023,0.009354348470804425,36.700000000000045,2010-12-10,0.012644350241192814,ENTERED,,1.5000000000002274,2010
SHORT,2011-01-04,1415.1000000000001,1415.2,2011-02-15,1362.1,1362.0,{},daily_refresh,30,GC,20,daily_refresh,0,-9.499999999999773,53.00000000000023,52.96000000000023,0.007778125372485456,62.399999999999864,2011-01-03,-0.0005649717514123465,ENTERED,,-9.399999999999636,2011
LONG,2011-02-15,1362.1,1362.0,2011-03-30,1416.9,1417.0,{},daily_refresh,31,GC,20,daily_refresh,0,18.599999999999454,54.80000000000018,54.76000000000018,0.00917825709172686,36.500000000000455,2011-02-14,0.0013230429988977388,ENTERED,,19.200000000000045,2011
SHORT,2011-03-30,1416.9,1417.0,2011-04-01,1433.6,1433.5,{},daily_refresh,2,GC,20,daily_refresh,0,-0.7999999999999545,-16.699999999999818,-16.739999999999817,0.008742627945152617,-15.700000000000045,2011-03-29,-0.011785216178521796,ENTERED,,0.0,2011
LONG,2011-04-01,1433.6,1433.5,2011-04-04,1431.7,1431.8,{},daily_refresh,1,GC,20,daily_refresh,0,0.0,-1.8999999999998636,-1.9399999999998636,0.00846159120198919,-4.2999999999999545,2011-03-31,0.013002614656207667,ENTERED,,0.0,2011
SHORT,2011-04-04,1431.7,1431.8,2011-04-05,1435.3,1435.2,{},daily_refresh,1,GC,20,daily_refresh,0,0.0,-3.599999999999909,-3.639999999999909,0.008001991325056733,-3.5,2011-04-01,-0.002721373246807879,ENTERED,,0.0,2011
LONG,2011-04-05,1435.3,1435.2,2011-05-18,1485.6000000000001,1485.7,{},daily_refresh,30,GC,20,daily_refresh,0,-6.100000000000136,50.30000000000018,50.26000000000018,0.008058656692028475,56.5,2011-04-04,0.0023744674907459906,ENTERED,,-14.0,2011
SHORT,2011-05-18,1485.6000000000001,1485.7,2011-05-23,1516.8999999999999,1516.8,{},daily_refresh,3,GC,20,daily_refresh,0,-0.09999999999990905,-31.299999999999727,-31.339999999999726,0.010911603084873558,-27.799999999999955,2011-05-17,-0.006752691047669956,ENTERED,,0.0,2011
LONG,2011-05-23,1516.8999999999999,1516.8,2011-05-27,1524.3000000000002,1524.4,{},daily_refresh,4,GC,20,daily_refresh,0,0.1999999999998181,7.400000000000318,7.360000000000318,0.01134348405550944,7.300000000000182,2011-05-20,0.005781115024254602,ENTERED,,0.0,2011
SHORT,2011-05-27,1524.3000000000002,1524.4,2011-06-02,1543.8999999999999,1543.8,{},daily_refresh,4,GC,20,daily_refresh,0,-1.300000000000182,-19.59999999999968,-19.63999999999968,0.011058111035460155,-17.999999999999773,2011-05-26,-0.007487954160698029,ENTERED,,-1.099999999999909,2011
LONG,2011-06-02,1543.8999999999999,1543.8,2011-06-27,1501.9,1502.0,{},daily_refresh,17,GC,20,daily_refresh,0,1.0000000000002274,-41.99999999999977,-42.03999999999977,0.00914962788088952,-42.00000000000023,2011-06-01,0.018271767810026596,ENTERED,,1.1000000000001364,2011
SHORT,2011-06-27,1501.9,1502.0,2011-07-11,1543.1,1543.0,{},daily_refresh,10,GC,20,daily_refresh,0,-3.799999999999727,-41.19999999999982,-41.23999999999982,0.0064441581820570025,-38.80000000000018,2011-06-24,-0.021932964529775334,ENTERED,,-3.599999999999909,2011
LONG,2011-07-11,1543.1,1543.0,2011-09-08,1816.2,1816.3,{},daily_refresh,43,GC,20,daily_refresh,3,-23.80000000000041,212.5,212.46,0.007813670074239845,236.50000000000023,2011-07-08,0.007895595432299896,ENTERED,,-23.799999999999955,2011
SHORT,2011-09-08,1816.2,1816.3,2011-09-09,1866.6,1866.5,{},daily_refresh,1,GC,20,daily_refresh,0,0.0,-50.399999999999864,-50.43999999999986,0.023655943046556285,-50.0,2011-09-07,-0.00772968650041872,ENTERED,,0.0,2011
LONG,2011-09-09,1866.6,1866.5,2011-09-16,1788.7,1788.8,{},daily_refresh,5,GC,20,daily_refresh,0,-1.0,-77.89999999999986,-77.93999999999987,0.023207282785754818,-76.70000000000005,2011-09-08,0.05282644080788823,ENTERED,,-0.10000000000013642,2011
SHORT,2011-09-16,1788.7,1788.8,2011-09-22,1787.0,1786.9,{},daily_refresh,4,GC,20,daily_refresh,0,-12.700000000000045,1.7000000000000455,1.6600000000000454,0.02350214647721338,14.700000000000045,2011-09-15,-0.031732129023486766,ENTERED,,-13.0,2011
LONG,2011-09-22,1787.0,1786.9,2011-09-23,1744.3000000000002,1744.4,{},daily_refresh,1,GC,20,daily_refresh,0,0.0,-42.69999999999982,-42.73999999999982,0.01906984659186951,-42.90000000000009,2011-09-21,0.01963022141063675,ENTERED,,0.0,2011
SHORT,2011-09-23,1744.3000000000002,1744.4,2011-10-25,1652.0,1651.9,{},daily_refresh,22,GC,20,daily_refresh,0,-3.6000000000001364,92.30000000000018,92.26000000000018,0.019771615886049455,96.30000000000018,2011-09-22,-0.013463061432288592,ENTERED,,-4.099999999999909,2011
LONG,2011-10-25,1652.0,1651.9,2011-11-24,1690.9,1691.0,{},daily_refresh,22,GC,20,daily_refresh,0,4.999999999999773,38.90000000000009,38.86000000000009,0.015323756747184251,34.30000000000018,2011-10-24,0.019001789129495572,ENTERED,,5.7000000000000455,2011
SHORT,2011-11-24,1690.9,1691.0,2012-01-11,1635.8999999999999,1635.8,{},daily_refresh,34,GC,20,daily_refresh,1,-18.899999999999864,68.70000000000027,68.66000000000027,0.013656408448068553,87.59999999999991,2011-11-23,-0.019537364484897735,ENTERED,,-14.700000000000045,2011
LONG,2012-01-11,1635.8999999999999,1635.8,2012-03-01,1703.7,1703.8,{},daily_refresh,36,GC,20,daily_refresh,0,11.600000000000591,67.80000000000018,67.76000000000018,0.012717878486025654,56.39999999999941,2012-01-10,0.001837109614206911,ENTERED,,9.300000000000182,2012
SHORT,2012-03-01,1703.7,1703.8,2012-04-13,1676.8,1676.7,{},daily_refresh,30,GC,20,daily_refresh,0,-27.0,26.90000000000009,26.860000000000092,0.01325191966534595,54.200000000000045,2012-02-29,-0.025509036833676335,ENTERED,,-16.09999999999968,2012
LONG,2012-04-13,1676.8,1676.7,2012-04-17,1652.3000000000002,1652.4,{},daily_refresh,2,GC,20,daily_refresh,0,-6.0,-24.499999999999773,-24.53999999999977,0.008971391934663505,-18.299999999999955,2012-04-12,0.019829683698297185,ENTERED,,-6.0,2012
SHORT,2012-04-17,1652.3000000000002,1652.4,2012-04-30,1665.8,1665.7,{},daily_refresh,9,GC,20,daily_refresh,0,-0.7999999999997272,-13.499999999999773,-13.539999999999772,0.009153915462800219,-9.400000000000091,2012-04-16,-0.004878048780487587,ENTERED,,-0.20000000000004547,2012
LONG,2012-04-30,1665.8,1665.7,2012-05-01,1667.8000000000002,1667.9,{},daily_refresh,1,GC,20,daily_refresh,0,0.0,2.0000000000002274,1.9600000000002273,0.007816883000988062,2.099999999999909,2012-04-27,0.00126467931345986,ENTERED,,0.0,2012
SHORT,2012-05-01,1667.8000000000002,1667.9,2012-05-03,1652.6999999999998,1652.6,{},daily_refresh,2,GC,20,daily_refresh,0,-0.09999999999990905,15.100000000000364,15.060000000000365,0.007783411878418211,15.5,2012-04-30,-5.995563283200944e-05,ENTERED,,0.0,2012
LONG,2012-05-03,1652.6999999999998,1652.6,2012-05-08,1638.0,1638.1,{},daily_refresh,3,GC,20,daily_refresh,0,-3.8999999999998636,-14.699999999999818,-14.739999999999817,0.006334351889755655,-10.600000000000136,2012-05-02,0.0026089066860814913,ENTERED,,-3.8999999999998636,2012
SHORT,2012-05-08,1638.0,1638.1,2012-06-06,1619.3,1619.2,{},daily_refresh,21,GC,20,daily_refresh,0,4.199999999999818,18.700000000000045,18.660000000000046,0.005620788603130615,14.700000000000045,2012-05-07,-0.0037100109475733944,ENTERED,,5.599999999999909,2012
LONG,2012-06-06,1619.3,1619.2,2012-06-08,1592.9,1593.0,{},daily_refresh,2,GC,20,daily_refresh,0,0.0,-26.399999999999864,-26.439999999999863,0.013704125673612198,-26.200000000000045,2012-06-05,0.009791082008107299,ENTERED,,0.0,2012
SHORT,2012-06-08,1592.9,1593.0,2012-06-11,1603.1,1603.0,{},daily_refresh,1,GC,20,daily_refresh,0,0.0,-10.199999999999818,-10.239999999999817,0.014244244026723552,-2.099999999999909,2012-06-07,-0.00043922946602270585,ENTERED,,0.0,2012
LONG,2012-06-11,1603.1,1603.0,2012-06-25,1570.2,1570.3,{},daily_refresh,10,GC,20,daily_refresh,0,-9.099999999999909,-32.899999999999864,-32.93999999999986,0.014096267090960603,-20.800000000000182,2012-06-08,0.009620862079878112,ENTERED,,-8.799999999999955,2012
SHORT,2012-06-25,1570.2,1570.3,2012-06-26,1585.6999999999998,1585.6,{},daily_refresh,1,GC,20,daily_refresh,0,0.0,-15.499999999999773,-15.539999999999772,0.013153969339654388,-15.299999999999955,2012-06-22,-5.551115123125783e-16,ENTERED,,0.0,2012
LONG,2012-06-26,1585.6999999999998,1585.6,2012-06-29,1553.3000000000002,1553.4,{},daily_refresh,3,GC,20,daily_refresh,0,0.0,-32.399999999999636,-32.439999999999635,0.013271178466717786,-32.09999999999991,2012-06-25,0.007241773599288459,ENTERED,,0.0,2012
SHORT,2012-06-29,1553.3000000000002,1553.4,2012-07-04,1620.3999999999999,1620.3,{},daily_refresh,3,GC,20,daily_refresh,0,-1.099999999999909,-67.09999999999968,-67.13999999999969,0.013305547155439468,-66.0,2012-06-28,-0.0044219430915150015,ENTERED,,-1.0,2012
LONG,2012-07-04,1620.3999999999999,1620.3,2012-07-05,1615.6000000000001,1615.7,{},daily_refresh,1,GC,20,daily_refresh,0,0.0,-4.799999999999727,-4.839999999999727,0.011641134070024997,-4.599999999999909,2012-07-03,0.0008028656126481959,ENTERED,,0.0,2012
SHORT,2012-07-05,1615.6000000000001,1615.7,2012-07-06,1607.6999999999998,1607.6,{},daily_refresh,1,GC,20,daily_refresh,0,0.0,7.900000000000318,7.860000000000318,0.01164165576046813,8.0,2012-07-04,-0.004988299051607248,ENTERED,,0.0,2012
LONG,2012-07-06,1607.6999999999998,1607.6,2012-07-09,1578.6000000000001,1578.7,{},daily_refresh,1,GC,20,daily_refresh,0,0.0,-29.09999999999968,-29.13999999999968,0.010846188285727101,-24.59999999999991,2012-07-05,0.009227871939736731,ENTERED,,0.0,2012
SHORT,2012-07-09,1578.6000000000001,1578.7,2012-07-20,1583.6999999999998,1583.6,{},daily_refresh,9,GC,20,daily_refresh,0,-2.7000000000005002,-5.099999999999682,-5.139999999999682,0.011408048071447595,-1.9999999999995453,2012-07-06,-0.007585731302112486,ENTERED,,-2.6000000000001364,2012
LONG,2012-07-20,1583.6999999999998,1583.6,2012-07-24,1576.1000000000001,1576.2,{},daily_refresh,2,GC,20,daily_refresh,0,-1.7999999999999545,-7.599999999999682,-7.639999999999682,0.010536064635105194,-5.599999999999909,2012-07-19,0.009049197043078827,ENTERED,,-1.7999999999999545,2012
SHORT,2012-07-24,1576.1000000000001,1576.2,2012-07-25,1579.3,1579.2,{},daily_refresh,1,GC,20,daily_refresh,0,0.0,-3.199999999999818,-3.239999999999818,0.010414454787611301,-3.0,2012-07-23,-0.005928355196771373,ENTERED,,0.0,2012
LONG,2012-07-25,1579.3,1579.2,2012-08-01,1616.5,1616.6,{},daily_refresh,5,GC,20,daily_refresh,0,-1.099999999999909,37.200000000000045,37.160000000000046,0.010241028206289846,34.399999999999864,2012-07-24,0.0044523597506673784,ENTERED,,-0.599999999999909,2012
SHORT,2012-08-01,1616.5,1616.6,2012-08-06,1608.3999999999999,1608.3,{},daily_refresh,3,GC,20,daily_refresh,0,0.0,8.100000000000136,8.060000000000137,0.007366563772080933,9.599999999999909,2012-07-31,-0.004936747917309581,ENTERED,,0.0,2012
LONG,2012-08-06,1608.3999999999999,1608.3,2012-10-15,1743.7,1743.8,{},daily_refresh,50,GC,20,daily_refresh,0,-3.9000000000010004,135.30000000000018,135.2600000000002,0.006945954501701329,151.00000000000114,2012-08-03,0.015161086544535296,ENTERED,,-2.0,2012
SHORT,2012-10-15,1743.7,1743.8,2012-11-20,1730.1,1730.0,{},daily_refresh,26,GC,20,daily_refresh,0,-10.700000000000955,13.600000000000136,13.560000000000137,0.005491284831661179,24.60000000000082,2012-10-12,-0.010205807724838145,ENTERED,,-11.800000000000182,2012
LONG,2012-11-20,1730.1,1730.0,2012-12-05,1696.5,1696.6,{},daily_refresh,11,GC,20,daily_refresh,0,1.9999999999997726,-33.59999999999991,-33.63999999999991,0.0076538320682611825,-35.399999999999864,2012-11-19,0.0005205320994794427,ENTERED,,2.099999999999909,2012
SHORT,2012-12-05,1696.5,1696.6,2013-01-16,1680.8,1680.7,{},daily_refresh,30,GC,20,daily_refresh,0,5.400000000000091,15.700000000000045,15.660000000000046,0.006187620602492976,10.399999999999864,2012-12-04,-0.008589960848478073,ENTERED,,4.099999999999909,2012
LONG,2013-01-16,1680.8,1680.7,2013-01-29,1656.1000000000001,1656.2,{},daily_refresh,9,GC,20,daily_refresh,0,4.900000000000091,-24.699999999999818,-24.739999999999817,0.0073416684367372835,-29.40000000000009,2013-01-15,0.0020269464647666435,ENTERED,,4.7999999999999545,2013
SHORT,2013-01-29,1656.1000000000001,1656.2,2013-02-01,1663.8,1663.7,{},daily_refresh,3,GC,20,daily_refresh,0,-0.1999999999998181,-7.699999999999818,-7.739999999999818,0.006656560097332564,-5.600000000000136,2013-01-28,-0.011577942229649252,ENTERED,,0.0,2013
LONG,2013-02-01,1663.8,1663.7,2013-02-08,1671.6000000000001,1671.7,{},daily_refresh,5,GC,20,daily_refresh,0,-0.2999999999999545,7.800000000000182,7.760000000000182,0.005825064437629397,8.299999999999955,2013-01-31,0.0003611412062114461,ENTERED,,-0.599999999999909,2013
SHORT,2013-02-08,1671.6000000000001,1671.7,2013-02-11,1667.3,1667.2,{},daily_refresh,1,GC,20,daily_refresh,0,0.0,4.300000000000182,4.260000000000182,0.005143011155925889,4.0,2013-02-07,-0.0012546301828176842,ENTERED,,0.0,2013
LONG,2013-02-11,1667.3,1667.2,2013-02-12,1649.0,1649.1,{},daily_refresh,1,GC,20,daily_refresh,0,0.0,-18.299999999999955,-18.339999999999954,0.00492324204978033,-18.100000000000136,2013-02-08,0.003248511099079643,ENTERED,,0.0,2013
SHORT,2013-02-12,1649.0,1649.1,2013-03-20,1612.0,1611.9,{},daily_refresh,26,GC,20,daily_refresh,0,-10.200000000000045,37.0,36.96,0.005472415705409345,47.399999999999864,2013-02-11,-0.011153085087245995,ENTERED,,-10.5,2013
LONG,2013-03-20,1612.0,1611.9,2013-03-27,1599.1000000000001,1599.2,{},daily_refresh,5,GC,20,daily_refresh,0,-2.0,-12.899999999999864,-12.939999999999863,0.007578370639206299,-10.700000000000045,2013-03-19,0.004549420416303018,ENTERED,,-1.900000000000091,2013
SHORT,2013-03-27,1599.1000000000001,1599.2,2013-03-28,1604.6999999999998,1604.6,{},daily_refresh,1,GC,20,daily_refresh,0,0.0,-5.599999999999682,-5.639999999999682,0.004957745097323351,-5.2000000000000455,2013-03-26,-0.008555486670799639,ENTERED,,0.0,2013
LONG,2013-03-28,1604.6999999999998,1604.6,2013-04-04,1554.7,1554.8,{},daily_refresh,4,GC,20,daily_refresh,0,1.099999999999909,-49.99999999999977,-50.03999999999977,0.00444330943719856,-50.99999999999977,2013-03-27,0.00494832445975546,ENTERED,,0.0,2013
SHORT,2013-04-04,1554.7,1554.8,2013-04-08,1577.1,1577.0,{},daily_refresh,2,GC,20,daily_refresh,0,0.0,-22.399999999999864,-22.439999999999863,0.006248466362334771,-27.0,2013-04-03,-0.013890650767474533,ENTERED,,0.0,2013
LONG,2013-04-08,1577.1,1577.0,2013-04-09,1571.6000000000001,1571.7,{},daily_refresh,1,GC,20,daily_refresh,0,0.0,-5.499999999999773,-5.539999999999773,0.007607165083135318,-5.099999999999909,2013-04-05,0.0017732742241922672,ENTERED,,0.0,2013
SHORT,2013-04-09,1571.6000000000001,1571.7,2013-04-10,1585.1999999999998,1585.1,{},daily_refresh,1,GC,20,daily_refresh,0,0.0,-13.599999999999682,-13.63999999999968,0.007739528470101634,-13.599999999999909,2013-04-08,-0.003991889494361467,ENTERED,,0.0,2013
LONG,2013-04-10,1585.1999999999998,1585.1,2013-04-11,1555.0,1555.1,{},daily_refresh,1,GC,20,daily_refresh,0,0.0,-30.199999999999818,-30.239999999999817,0.007972539182161332,-29.699999999999818,2013-04-09,0.002719797596458129,ENTERED,,0.0,2013
SHORT,2013-04-11,1555.0,1555.1,2013-05-14,1434.1999999999998,1434.1,{},daily_refresh,23,GC,20,daily_refresh,1,8.000000000000455,134.10000000000036,134.06000000000037,0.00887111186590562,126.39999999999964,2013-04-10,-0.022683003455859718,ENTERED,,7.700000000000273,2013
LONG,2013-05-14,1434.1999999999998,1434.1,2013-05-17,1385.5,1385.6,{},daily_refresh,3,GC,20,daily_refresh,0,-0.09999999999990905,-48.69999999999982,-48.73999999999982,0.011388207582636532,-48.5,2013-05-13,0.06096478248002368,ENTERED,,0.0,2013
SHORT,2013-05-17,1385.5,1385.6,2013-06-13,1385.6,1385.5,{},daily_refresh,19,GC,20,daily_refresh,1,-13.900000000000091,-11.699999999999818,-11.739999999999817,0.012188870461739417,2.400000000000091,2013-05-16,-0.006240137713384053,ENTERED,,-13.700000000000273,2013
LONG,2013-06-13,1385.6,1385.5,2013-06-18,1383.9,1384.0,{},daily_refresh,3,GC,20,daily_refresh,0,-1.0,-1.699999999999818,-1.7399999999998181,0.013791449454877978,-0.7000000000000455,2013-06-12,0.002032274164110337,ENTERED,,-0.900000000000091,2013
SHORT,2013-06-18,1383.9,1384.0,2013-07-19,1284.0,1283.9,{},daily_refresh,23,GC,20,daily_refresh,0,-2.600000000000364,99.90000000000009,99.86000000000008,0.011053076307844396,102.90000000000032,2013-06-17,-0.002450980392156965,ENTERED,,-6.100000000000136,2013
LONG,2013-07-19,1284.0,1283.9,2013-07-22,1312.5,1312.6,{},daily_refresh,1,GC,20,daily_refresh,0,0.0,28.5,28.46,0.0156477095887585,11.699999999999818,2013-07-18,0.007930276381909573,ENTERED,,0.0,2013
SHORT,2013-07-22,1312.5,1312.6,2013-07-23,1333.8,1333.7,{},daily_refresh,1,GC,20,daily_refresh,0,0.0,-21.299999999999955,-21.339999999999954,0.015192189154373013,-21.100000000000136,2013-07-19,-0.0016182476689526881,ENTERED,,0.0,2013
LONG,2013-07-23,1333.8,1333.7,2013-08-08,1283.8000000000002,1283.9,{},daily_refresh,12,GC,20,daily_refresh,0,-4.800000000000637,-49.99999999999977,-50.03999999999977,0.01535560286093777,-44.89999999999941,2013-07-22,0.025893645248451502,ENTERED,,-4.100000000000136,2013
SHORT,2013-08-08,1283.8000000000002,1283.9,2013-08-09,1312.0,1311.9,{},daily_refresh,1,GC,20,daily_refresh,0,0.0,-28.199999999999818,-28.239999999999817,0.00938290753912121,-28.0,2013-08-07,-0.011025821401846492,ENTERED,,0.0,2013
LONG,2013-08-09,1312.0,1311.9,2013-08-14,1320.6000000000001,1320.7,{},daily_refresh,3,GC,20,daily_refresh,1,0.0,-6.399999999999864,-6.439999999999864,0.010615381050398949,-6.2000000000000455,2013-08-08,0.008260582399693073,ENTERED,,0.0,2013
SHORT,2013-08-14,1320.6000000000001,1320.7,2013-08-15,1342.0,1341.9,{},daily_refresh,1,GC,20,daily_refresh,0,0.0,-21.399999999999864,-21.439999999999863,0.010721309565964244,-21.09999999999991,2013-08-13,-0.0007161627761761435,ENTERED,,0.0,2013
LONG,2013-08-15,1342.0,1341.9,2013-09-13,1326.9,1327.0,{},daily_refresh,21,GC,20,daily_refresh,0,-3.099999999999909,-15.099999999999909,-15.139999999999908,0.010987365001186779,-11.700000000000273,2013-08-14,0.02598751527174903,ENTERED,,-3.2999999999999545,2013
SHORT,2013-09-13,1326.9,1327.0,2013-09-19,1368.0,1367.9,{},daily_refresh,4,GC,20,daily_refresh,0,-2.0,-41.09999999999991,-41.13999999999991,0.011782953857275548,-38.799999999999955,2013-09-12,-0.02583865521544504,ENTERED,,-2.2000000000000455,2013
LONG,2013-09-19,1368.0,1367.9,2013-09-20,1365.4,1365.5,{},daily_refresh,1,GC,20,daily_refresh,0,0.0,-2.599999999999909,-2.639999999999909,0.015959811423955778,-2.1000000000001364,2013-09-18,0.0070681784715063145,ENTERED,,0.0,2013
SHORT,2013-09-20,1365.4,1365.5,2013-10-23,1339.3999999999999,1339.3,{},daily_refresh,23,GC,20,daily_refresh,0,-11.5,26.000000000000227,25.96000000000023,0.01573320803636215,37.799999999999955,2013-09-19,-0.006257275902212145,ENTERED,,-11.700000000000045,2013
LONG,2013-10-23,1339.3999999999999,1339.3,2013-10-24,1332.0,1332.1,{},daily_refresh,1,GC,20,daily_refresh,0,0.0,-7.399999999999864,-7.439999999999864,0.012841067638921275,-7.099999999999909,2013-10-22,0.010335722368917555,ENTERED,,0.0,2013
SHORT,2013-10-24,1332.0,1332.1,2013-10-25,1346.8,1346.7,{},daily_refresh,1,GC,20,daily_refresh,0,0.0,-14.799999999999955,-14.839999999999954,0.01285727810112369,-14.5,2013-10-23,-7.505817008168769e-05,ENTERED,,0.0,2013
LONG,2013-10-25,1346.8,1346.7,2013-11-05,1314.9,1315.0,{},daily_refresh,7,GC,20,daily_refresh,0,-4.7999999999999545,-31.899999999999864,-31.939999999999863,0.012992042549259663,-26.90000000000009,2013-10-24,0.0166855417138545,ENTERED,,-5.099999999999909,2013
SHORT,2013-11-05,1314.9,1315.0,2013-11-07,1317.6,1317.5,{},daily_refresh,2,GC,20,daily_refresh,0,0.0,-2.699999999999818,-2.739999999999818,0.010113628030030483,-2.5,2013-11-04,-0.006347287290312864,ENTERED,,0.0,2013
LONG,2013-11-07,1317.6,1317.5,2013-11-13,1266.5,1266.6,{},daily_refresh,4,GC,20,daily_refresh,0,-2.4000000000003183,-51.09999999999991,-51.13999999999991,0.009677993580397278,-48.399999999999636,2013-11-06,0.010972989564149715,ENTERED,,-2.400000000000091,2013
SHORT,2013-11-13,1266.5,1266.6,2013-11-14,1284.6,1284.5,{},daily_refresh,1,GC,20,daily_refresh,0,0.0,-18.09999999999991,-18.139999999999908,0.010121761374951424,-17.800000000000182,2013-11-12,-0.006431877009961617,ENTERED,,0.0,2013
LONG,2013-11-14,1284.6,1284.5,2013-11-15,1286.2,1286.3,{},daily_refresh,1,GC,20,daily_refresh,0,0.0,1.6000000000001364,1.5600000000001364,0.010567667211483637,1.900000000000091,2013-11-13,0.0028890450534861944,ENTERED,,0.0,2013
SHORT,2013-11-15,1286.2,1286.3,2014-01-06,1233.5,1233.4,{},daily_refresh,36,GC,20,daily_refresh,0,9.099999999999682,52.700000000000045,52.660000000000046,0.0084703532441794,39.80000000000018,2013-11-14,-0.022120866590649824,ENTERED,,13.599999999999909,2013
LONG,2014-01-06,1233.5,1233.4,2014-01-07,1236.8000000000002,1236.9,{},daily_refresh,1,GC,20,daily_refresh,0,0.0,3.300000000000182,3.260000000000182,0.011112449606116265,4.0,2014-01-03,0.006016260162601705,ENTERED,,0.0,2014
SHORT,2014-01-07,1236.8000000000002,1236.9,2014-01-10,1228.3999999999999,1228.3,{},daily_refresh,3,GC,20,daily_refresh,0,0.0,8.400000000000318,8.36000000000032,0.011015383704712545,8.600000000000136,2014-01-06,-0.0005653824408365926,ENTERED,,0.0,2014
LONG,2014-01-10,1228.3999999999999,1228.3,2014-03-25,1311.9,1312.0,{},daily_refresh,52,GC,20,daily_refresh,0,26.60000000000059,83.50000000000023,83.46000000000022,0.009068241991893888,57.099999999999454,2014-01-09,0.000814796708221488,ENTERED,,26.899999999999864,2014
SHORT,2014-03-25,1311.9,1312.0,2014-04-28,1304.3,1304.2,{},daily_refresh,23,GC,20,daily_refresh,0,-9.099999999999682,7.600000000000136,7.560000000000136,0.009723077752556332,17.499999999999773,2014-03-24,-0.017890560670708155,ENTERED,,-12.599999999999682,2014
LONG,2014-04-28,1304.3,1304.2,2014-05-02,1284.1000000000001,1284.2,{},daily_refresh,4,GC,20,daily_refresh,0,-0.20000000000004547,-20.199999999999818,-20.239999999999817,0.007121001417373686,-19.700000000000045,2014-04-25,0.0074967153566734,ENTERED,,0.0,2014
SHORT,2014-05-02,1284.1000000000001,1284.2,2014-05-05,1300.8,1300.7,{},daily_refresh,1,GC,20,daily_refresh,0,0.0,-16.699999999999818,-16.739999999999817,0.006966409667949871,-16.200000000000045,2014-05-01,-0.005266826736890273,ENTERED,,0.0,2014
LONG,2014-05-05,1300.8,1300.7,2014-05-08,1290.3000000000002,1290.4,{},daily_refresh,3,GC,20,daily_refresh,0,-0.2999999999999545,-10.499999999999773,-10.539999999999772,0.007443698089218143,-9.900000000000091,2014-05-02,0.011748229985217407,ENTERED,,0.0,2014
SHORT,2014-05-08,1290.3000000000002,1290.4,2014-05-15,1305.6,1305.5,{},daily_refresh,5,GC,20,daily_refresh,0,6.300000000000182,-15.299999999999727,-15.339999999999726,0.007384416407066068,-21.300000000000182,2014-05-07,-0.015035872385895432,ENTERED,,6.5,2014
LONG,2014-05-15,1305.6,1305.5,2014-05-16,1297.0,1297.1,{},daily_refresh,1,GC,20,daily_refresh,0,0.0,-8.599999999999909,-8.639999999999908,0.006340602497385987,-8.299999999999955,2014-05-14,0.0019957015658580435,ENTERED,,0.0,2014
SHORT,2014-05-16,1297.0,1297.1,2014-05-20,1293.6,1293.5,{},daily_refresh,2,GC,20,daily_refresh,0,0.09999999999990905,3.400000000000091,3.360000000000091,0.006497239691611727,3.5,2014-05-15,-0.004985809618777148,ENTERED,,0.09999999999990905,2014
LONG,2014-05-20,1293.6,1293.5,2014-05-26,1291.6000000000001,1291.7,{},daily_refresh,4,GC,20,daily_refresh,0,-0.3000000000001819,-1.9999999999997726,-2.0399999999997727,0.006288355126899644,-0.1999999999998181,2014-05-19,0.0029464216484456074,ENTERED,,0.0,2014
SHORT,2014-05-26,1291.6000000000001,1291.7,2014-06-20,1315.1,1315.0,{},daily_refresh,18,GC,20,daily_refresh,0,-3.100000000000591,-23.499999999999773,-23.53999999999977,0.005736830247229854,-20.299999999999272,2014-05-23,-0.008131328628413592,ENTERED,,1.7000000000002728,2014
LONG,2014-06-20,1315.1,1315.0,2014-07-21,1311.1000000000001,1311.2,{},daily_refresh,21,GC,20,daily_refresh,0,-4.199999999999818,-3.9999999999997726,-4.039999999999773,0.009099517597223414,0.599999999999909,2014-06-19,0.01811566153131494,ENTERED,,-3.699999999999818,2014
SHORT,2014-07-21,1311.1000000000001,1311.2,2014-08-13,1310.1,1310.0,{},daily_refresh,17,GC,20,daily_refresh,0,1.300000000000182,1.0000000000002274,0.9600000000002273,0.0076880319342225506,-0.10000000000013642,2014-07-18,-0.0025859446303618805,ENTERED,,2.3999999999998636,2014
LONG,2014-08-13,1310.1,1310.0,2014-08-15,1314.2,1314.3,{},daily_refresh,2,GC,20,daily_refresh,0,0.0,4.100000000000136,4.060000000000136,0.007212614287710061,4.2999999999999545,2014-08-12,0.010646505168955045,ENTERED,,0.0,2014
SHORT,2014-08-15,1314.2,1314.3,2014-08-29,1291.3999999999999,1291.3,{},daily_refresh,10,GC,20,daily_refresh,0,3.7999999999999545,22.800000000000182,22.760000000000183,0.006254522901566367,19.09999999999991,2014-08-14,-0.004544421722335712,ENTERED,,3.7000000000000455,2014
LONG,2014-08-29,1291.3999999999999,1291.3,2014-09-01,1287.6000000000001,1287.7,{},daily_refresh,1,GC,20,daily_refresh,0,0.0,-3.799999999999727,-3.839999999999727,0.005551663049192616,-3.2999999999999545,2014-08-28,0.006704084814468381,ENTERED,,0.0,2014
SHORT,2014-09-01,1287.6000000000001,1287.7,2014-10-16,1240.6999999999998,1240.6,{},daily_refresh,30,GC,20,daily_refresh,0,-2.699999999999818,46.90000000000032,46.86000000000032,0.00513043882946808,49.899999999999864,2014-08-29,-0.005558987029030016,ENTERED,,1.2000000000000455,2014
LONG,2014-10-16,1240.6999999999998,1240.6,2014-10-30,1212.3000000000002,1212.4,{},daily_refresh,10,GC,20,daily_refresh,0,-6.499999999999773,-28.399999999999636,-28.439999999999635,0.0078016701465317626,-21.700000000000045,2014-10-15,0.009357200976403801,ENTERED,,-6.5,2014
SHORT,2014-10-30,1212.3000000000002,1212.4,2014-12-02,1205.6,1205.5,{},daily_refresh,23,GC,20,daily_refresh,1,22.7000000000005,-9.099999999999682,-9.13999999999968,0.00783152559106161,-31.700000000000273,2014-10-29,-0.0027965125843069094,ENTERED,,23.100000000000136,2014
LONG,2014-12-02,1205.6,1205.5,2014-12-23,1173.9,1174.0,{},daily_refresh,15,GC,20,daily_refresh,0,-1.5999999999996817,-31.699999999999818,-31.739999999999817,0.01729501450064991,-30.000000000000227,2014-12-01,0.04934164831797627,ENTERED,,-1.4999999999997726,2014
SHORT,2014-12-23,1173.9,1174.0,2014-12-26,1177.1,1177.0,{},daily_refresh,3,GC,20,daily_refresh,0,0.0,-3.199999999999818,-3.239999999999818,0.0151288789556599,-2.900000000000091,2014-12-22,-0.005405287325631392,ENTERED,,0.0,2014
LONG,2014-12-26,1177.1,1177.0,2014-12-30,1181.6000000000001,1181.7,{},daily_refresh,2,GC,20,daily_refresh,0,-2.199999999999818,4.500000000000227,4.460000000000227,0.015054772240044256,6.899999999999864,2014-12-25,0.003932852458225611,ENTERED,,-2.199999999999818,2014
SHORT,2014-12-30,1181.6000000000001,1181.7,2015-01-01,1184.1,1184.0,{},daily_refresh,1,GC,20,daily_refresh,0,0.0,-2.4999999999997726,-2.5399999999997727,0.010171493003706131,-18.59999999999991,2014-12-29,-0.01982415394824122,ENTERED,,0.0,2014
LONG,2015-01-01,1184.1,1184.0,2015-01-02,1186.6000000000001,1186.7,{},daily_refresh,1,GC,20,daily_refresh,0,0.0,2.5000000000002274,2.4600000000002273,0.010723088239297672,2.7999999999999545,2014-12-30,0.00242191414731896,ENTERED,,0.0,2015
SHORT,2015-01-02,1186.6000000000001,1186.7,2015-01-05,1184.0,1183.9,{},daily_refresh,1,GC,20,daily_refresh,0,0.0,2.6000000000001364,2.5600000000001364,0.010539637273260334,-3.099999999999909,2015-01-01,-0.004106822864583193,ENTERED,,0.0,2015
LONG,2015-01-05,1184.0,1183.9,2015-01-08,1212.3000000000002,1212.4,{},daily_refresh,3,GC,20,daily_refresh,0,-0.09999999999990905,28.300000000000182,28.260000000000183,0.010533841667303185,28.699999999999818,2015-01-02,0.0013946433980676076,ENTERED,,0.0,2015
SHORT,2015-01-08,1212.3000000000002,1212.4,2015-01-12,1225.8,1225.7,{},daily_refresh,2,GC,20,daily_refresh,0,0.8000000000001819,-13.499999999999773,-13.539999999999772,0.009444225177721534,-11.800000000000182,2015-01-07,-0.000575366762404661,ENTERED,,0.0,2015
LONG,2015-01-12,1225.8,1225.7,2015-02-12,1220.3000000000002,1220.4,{},daily_refresh,23,GC,20,daily_refresh,0,-3.0999999999994543,-5.499999999999773,-5.539999999999773,0.009826783863131319,-2.2000000000005002,2015-01-09,0.010627783197963314,ENTERED,,4.800000000000182,2015
SHORT,2015-02-12,1220.3000000000002,1220.4,2015-04-02,1203.8999999999999,1203.8,{},daily_refresh,35,GC,20,daily_refresh,0,-0.699999999999136,16.40000000000032,16.36000000000032,0.012871099414794298,17.499999999999318,2015-02-11,-0.00861088545897648,ENTERED,,-0.29999999999972715,2015
LONG,2015-04-02,1203.8999999999999,1203.8,2015-04-21,1195.3000000000002,1195.4,{},daily_refresh,12,GC,20,daily_refresh,1,2.5999999999996817,-23.899999999999636,-23.939999999999635,0.009726548168293119,-26.19999999999959,2015-04-01,0.0016644474034617218,ENTERED,,2.7999999999999545,2015
SHORT,2015-04-21,1195.3000000000002,1195.4,2015-04-29,1211.1999999999998,1211.1,{},daily_refresh,6,GC,20,daily_refresh,0,1.3000000000004093,-15.899999999999636,-15.939999999999635,0.007255142364274464,-17.000000000000227,2015-04-20,-0.0010322677858198848,ENTERED,,0.900000000000091,2015
LONG,2015-04-29,1211.1999999999998,1211.1,2015-05-01,1183.6000000000001,1183.7,{},daily_refresh,2,GC,20,daily_refresh,0,0.0,-27.59999999999968,-27.63999999999968,0.008651522660429758,-27.399999999999864,2015-04-28,0.008759322128758074,ENTERED,,0.0,2015
SHORT,2015-05-01,1183.6000000000001,1183.7,2015-05-14,1213.3,1213.2,{},daily_refresh,9,GC,20,daily_refresh,0,-1.8999999999996362,-29.699999999999818,-29.739999999999817,0.008568889604294949,-27.600000000000364,2015-04-30,-0.028889647638897564,ENTERED,,-2.0999999999996817,2015
LONG,2015-05-14,1213.3,1213.2,2015-05-27,1187.6000000000001,1187.7,{},daily_refresh,9,GC,20,daily_refresh,0,-1.300000000000182,-25.699999999999818,-25.739999999999817,0.009268624861854967,-24.199999999999818,2015-05-13,0.007306542676851713,ENTERED,,-1.400000000000091,2015
SHORT,2015-05-27,1187.6000000000001,1187.7,2015-05-29,1189.0,1188.9,{},daily_refresh,2,GC,20,daily_refresh,0,-0.10000000000013642,-1.3999999999998636,-1.4399999999998636,0.008379659585445455,-0.6999999999998181,2015-05-26,-0.01932127817686391,ENTERED,,0.0,2015
LONG,2015-05-29,1189.0,1188.9,2015-06-03,1193.8000000000002,1193.9,{},daily_refresh,3,GC,20,daily_refresh,0,1.0,4.800000000000182,4.760000000000182,0.007373609409257539,3.8999999999998636,2015-05-28,0.004055081524034776,ENTERED,,1.0,2015
SHORT,2015-06-03,1193.8000000000002,1193.9,2015-08-18,1116.3,1116.2,{},daily_refresh,54,GC,20,daily_refresh,1,7.799999999999272,89.00000000000023,88.96000000000022,0.0069376413871216815,81.30000000000086,2015-06-02,-0.0006696802276914271,ENTERED,,2.799999999999727,2015
LONG,2015-08-18,1116.3,1116.2,2015-09-10,1106.7,1106.8,{},daily_refresh,17,GC,20,daily_refresh,0,-1.3000000000004093,-9.599999999999909,-9.639999999999908,0.0063666727424751286,-7.999999999999545,2015-08-17,0.016388964763725644,ENTERED,,-1.1000000000001364,2015
SHORT,2015-09-10,1106.7,1106.8,2015-09-24,1131.5,1131.4,{},daily_refresh,10,GC,20,daily_refresh,0,6.400000000000091,-24.799999999999955,-24.839999999999954,0.008807285095238919,-30.90000000000009,2015-09-09,-0.014862940548237669,ENTERED,,6.2999999999999545,2015
LONG,2015-09-24,1131.5,1131.4,2015-09-29,1131.7,1131.8,{},daily_refresh,3,GC,20,daily_refresh,0,0.8999999999998636,0.20000000000004547,0.16000000000004547,0.00667243858295141,-0.5,2015-09-23,0.006852972588109241,ENTERED,,0.7999999999999545,2015
SHORT,2015-09-29,1131.7,1131.8,2015-10-05,1136.3999999999999,1136.3,{},daily_refresh,4,GC,20,daily_refresh,0,0.10000000000013642,-4.699999999999818,-4.739999999999818,0.007966872592670749,-5.900000000000091,2015-09-28,-0.0021160289190622628,ENTERED,,0.0,2015
LONG,2015-10-05,1136.3999999999999,1136.3,2015-11-03,1132.7,1132.8,{},daily_refresh,21,GC,20,daily_refresh,0,-1.4999999999997726,-3.699999999999818,-3.739999999999818,0.009510323859018021,-2.1000000000001364,2015-10-02,0.013632718524458465,ENTERED,,-1.4999999999997726,2015
SHORT,2015-11-03,1132.7,1132.8,2015-12-22,1077.1,1077.0,{},daily_refresh,35,GC,20,daily_refresh,0,-0.4000000000003183,55.600000000000136,55.56000000000014,0.007369265837976445,56.30000000000018,2015-11-02,-0.0022022551092323317,ENTERED,,1.800000000000182,2015
LONG,2015-12-22,1077.1,1077.0,2015-12-23,1072.9,1073.0,{},daily_refresh,1,GC,20,daily_refresh,0,0.0,-4.199999999999818,-4.239999999999818,0.01044230544748749,-4.0,2015-12-21,0.007107453474235692,ENTERED,,0.0,2015
SHORT,2015-12-23,1072.9,1073.0,2015-12-24,1071.3,1071.2,{},daily_refresh,1,GC,20,daily_refresh,0,0.0,1.6000000000001364,1.5600000000001364,0.010411923612649589,2.0,2015-12-22,-0.001860465116279575,ENTERED,,0.0,2015
LONG,2015-12-24,1071.3,1071.2,2015-12-31,1061.1000000000001,1061.2,{},daily_refresh,4,GC,20,daily_refresh,0,-0.3999999999998636,-10.199999999999818,-10.239999999999817,0.010367748312349842,-9.700000000000273,2015-12-23,0.0008410428931870939,ENTERED,,0.0,2015
SHORT,2015-12-31,1061.1000000000001,1061.2,2016-01-04,1062.3999999999999,1062.3,{},daily_refresh,1,GC,20,daily_refresh,0,0.0,-1.2999999999997272,-1.3399999999997272,0.009978383142831882,0.7000000000000455,2015-12-30,-0.0074829295669254225,ENTERED,,0.0,2015
LONG,2016-01-04,1062.3999999999999,1062.3,2016-01-06,1077.0,1077.1,{},daily_refresh,2,GC,20,daily_refresh,0,0.0,14.600000000000136,14.560000000000137,0.009375461284612637,14.900000000000091,2015-12-31,0.006931257121154166,ENTERED,,0.0,2016
SHORT,2016-01-06,1077.0,1077.1,2016-01-07,1092.3,1092.2,{},daily_refresh,1,GC,20,daily_refresh,0,0.0,-15.299999999999955,-15.339999999999954,0.008127011359862376,-15.200000000000045,2016-01-05,-0.0079204273346839,ENTERED,,0.0,2016
LONG,2016-01-07,1092.3,1092.2,2016-03-24,1222.1000000000001,1222.2,{},daily_refresh,55,GC,20,daily_refresh,0,-6.799999999999272,129.80000000000018,129.7600000000002,0.008049651754509498,136.79999999999927,2016-01-06,0.020459641255604843,ENTERED,,-6.099999999999682,2016
SHORT,2016-03-24,1222.1000000000001,1222.2,2016-04-12,1259.3,1259.2,{},daily_refresh,12,GC,20,daily_refresh,0,-3.7000000000005002,-37.19999999999982,-37.23999999999982,0.011322152848901883,-33.2999999999995,2016-03-23,-0.00228571428571378,ENTERED,,-4.700000000000273,2016
LONG,2016-04-12,1259.3,1259.2,2016-04-15,1230.8000000000002,1230.9,{},daily_refresh,3,GC,20,daily_refresh,0,0.0,-28.499999999999773,-28.53999999999977,0.01065802889062955,-28.200000000000045,2016-04-11,0.006474302613699967,ENTERED,,0.0,2016
SHORT,2016-04-15,1230.8000000000002,1230.9,2016-04-20,1251.6,1251.5,{},daily_refresh,3,GC,20,daily_refresh,0,-3.1000000000001364,-20.799999999999727,-20.839999999999726,0.009626775412598999,-17.499999999999773,2016-04-14,-0.022705620832009887,ENTERED,,-3.1000000000001364,2016
LONG,2016-04-20,1251.6,1251.5,2016-04-21,1246.8000000000002,1246.9,{},daily_refresh,1,GC,20,daily_refresh,0,0.0,-4.799999999999727,-4.839999999999727,0.010242665907553029,-4.5,2016-04-19,0.006028938906752712,ENTERED,,0.0,2016
SHORT,2016-04-21,1246.8000000000002,1246.9,2016-04-22,1250.8999999999999,1250.8,{},daily_refresh,1,GC,20,daily_refresh,0,0.0,-4.099999999999682,-4.139999999999682,0.010245501586013499,-3.8999999999998636,2016-04-20,-0.0013614158725070435,ENTERED,,0.0,2016
LONG,2016-04-22,1250.8999999999999,1250.8,2016-05-25,1225.4,1225.5,{},daily_refresh,23,GC,20,daily_refresh,0,0.7999999999997272,-25.499999999999773,-25.53999999999977,0.008958331205389714,-26.09999999999968,2016-04-21,0.023400425462281493,ENTERED,,0.9999999999995453,2016
SHORT,2016-05-25,1225.4,1225.5,2016-06-10,1268.5,1268.4,{},daily_refresh,12,GC,20,daily_refresh,0,-1.8999999999998636,-43.09999999999991,-43.13999999999991,0.010454606116994105,-41.100000000000136,2016-05-24,-0.015188042430086868,ENTERED,,-1.7999999999999545,2016
LONG,2016-06-10,1268.5,1268.4,2016-07-25,1322.9,1323.0,{},daily_refresh,31,GC,20,daily_refresh,1,-4.2000000000005,36.90000000000009,36.86000000000009,0.010250048274833405,40.40000000000032,2016-06-09,0.0003943217665614007,ENTERED,,-5.000000000000227,2016
SHORT,2016-07-25,1322.9,1323.0,2016-07-27,1319.1,1319.0,{},daily_refresh,2,GC,20,daily_refresh,0,0.09999999999990905,3.800000000000182,3.760000000000182,0.009037947181850244,3.900000000000091,2016-07-22,-0.010848421367649741,ENTERED,,0.0,2016
LONG,2016-07-27,1319.1,1319.0,2016-08-04,1362.4,1362.5,{},daily_refresh,6,GC,20,daily_refresh,0,6.899999999999864,43.30000000000018,43.26000000000018,0.008796902157919619,36.50000000000023,2016-07-26,0.0015186028853451106,ENTERED,,6.399999999999864,2016
SHORT,2016-08-04,1362.4,1362.5,2016-08-05,1366.6,1366.5,{},daily_refresh,1,GC,20,daily_refresh,0,0.0,-4.199999999999818,-4.239999999999818,0.009240166049355696,-3.900000000000091,2016-08-03,-0.004311919900606531,ENTERED,,0.0,2016
LONG,2016-08-05,1366.6,1366.5,2016-08-08,1339.3000000000002,1339.4,{},daily_refresh,1,GC,20,daily_refresh,0,0.0,-27.299999999999727,-27.339999999999726,0.009211484724787672,-25.09999999999991,2016-08-04,0.0029359953024075125,ENTERED,,0.0,2016
SHORT,2016-08-08,1339.3000000000002,1339.4,2016-08-10,1347.8,1347.7,{},daily_refresh,2,GC,20,daily_refresh,0,-0.09999999999990905,-8.499999999999773,-8.539999999999772,0.010046068746739162,-8.200000000000045,2016-08-05,-0.0190141875091413,ENTERED,,0.0,2016
LONG,2016-08-10,1347.8,1347.7,2016-08-25,1329.0,1329.1,{},daily_refresh,11,GC,20,daily_refresh,0,-1.400000000000091,-18.799999999999955,-18.839999999999954,0.00928219143328683,-17.299999999999955,2016-08-09,0.009815675108647115,ENTERED,,-1.599999999999909,2016
SHORT,2016-08-25,1329.0,1329.1,2016-09-07,1353.8999999999999,1353.8,{},daily_refresh,9,GC,20,daily_refresh,0,2.6999999999995907,-24.899999999999864,-24.939999999999863,0.0069488246889429315,-27.399999999999636,2016-08-24,-0.007838745800671565,ENTERED,,2.699999999999818,2016
LONG,2016-09-07,1353.8999999999999,1353.8,2016-09-08,1348.6000000000001,1348.7,{},daily_refresh,1,GC,20,daily_refresh,0,0.0,-5.299999999999727,-5.339999999999727,0.0062247394592297575,-5.2000000000000455,2016-09-06,0.004526229873117016,ENTERED,,0.0,2016
SHORT,2016-09-08,1348.6000000000001,1348.7,2016-09-22,1337.6,1337.5,{},daily_refresh,10,GC,20,daily_refresh,0,-2.599999999999909,11.000000000000227,10.960000000000228,0.006217106784000913,13.899999999999864,2016-09-07,-0.0034729919456145675,ENTERED,,-2.2999999999999545,2016
LONG,2016-09-22,1337.6,1337.5,2016-10-03,1318.4,1318.5,{},daily_refresh,7,GC,20,daily_refresh,0,1.1000000000003638,-19.199999999999818,-19.239999999999817,0.006795997683397414,-19.80000000000041,2016-09-21,0.006320541760722609,ENTERED,,1.2000000000000455,2016
SHORT,2016-10-03,1318.4,1318.5,2016-11-02,1288.8999999999999,1288.8,{},daily_refresh,22,GC,20,daily_refresh,0,-9.400000000001228,29.500000000000227,29.46000000000023,0.006497923453820235,39.00000000000114,2016-09-30,-0.00752558699578576,ENTERED,,-9.500000000000227,2016
LONG,2016-11-02,1288.8999999999999,1288.8,2016-11-14,1229.1000000000001,1229.2,{},daily_refresh,8,GC,20,daily_refresh,1,-0.1999999999998181,-44.49999999999977,-44.53999999999977,0.00502310449555391,-45.90000000000009,2016-11-01,0.014642210501456754,ENTERED,,0.0,2016
SHORT,2016-11-14,1229.1000000000001,1229.2,2017-01-06,1181.5,1181.4,{},daily_refresh,39,GC,20,daily_refresh,0,-7.100000000000364,47.600000000000136,47.56000000000014,0.008376793542982605,54.90000000000032,2016-11-11,-0.007782485050504495,ENTERED,,-3.599999999999909,2016
LONG,2017-01-06,1181.5,1181.4,2017-03-07,1226.1000000000001,1226.2,{},daily_refresh,42,GC,20,daily_refresh,0,17.799999999999727,44.600000000000136,44.56000000000014,0.007809585903990981,27.000000000000227,2017-01-05,0.007676560900716778,ENTERED,,14.700000000000045,2017
SHORT,2017-03-07,1226.1000000000001,1226.2,2017-03-22,1246.1999999999998,1246.1,{},daily_refresh,11,GC,20,daily_refresh,0,-3.5999999999996817,-20.09999999999968,-20.13999999999968,0.005716539548182677,-16.300000000000182,2017-03-06,-0.00736663158746842,ENTERED,,-3.3999999999998636,2017
LONG,2017-03-22,1246.1999999999998,1246.1,2017-03-24,1245.5,1245.6,{},daily_refresh,2,GC,20,daily_refresh,0,0.0,-0.6999999999998181,-0.7399999999998181,0.007067571280574015,-0.5,2017-03-21,0.008334681987376413,ENTERED,,0.0,2017
SHORT,2017-03-24,1245.5,1245.6,2017-03-29,1249.8999999999999,1249.8,{},daily_refresh,3,GC,20,daily_refresh,0,-9.600000000000136,-4.399999999999864,-4.439999999999864,0.006668204719889891,5.400000000000091,2017-03-23,-0.0038387715930903177,ENTERED,,-9.600000000000136,2017
LONG,2017-03-29,1249.8999999999999,1249.8,2017-05-03,1257.3000000000002,1257.4,{},daily_refresh,24,GC,20,daily_refresh,0,1.9999999999997726,7.400000000000318,7.360000000000318,0.006602251829134926,5.600000000000364,2017-03-28,0.002727856225930525,ENTERED,,-4.800000000000182,2017
SHORT,2017-05-03,1257.3000000000002,1257.4,2017-05-30,1266.3,1266.2,{},daily_refresh,19,GC,20,daily_refresh,0,-10.299999999999955,-8.999999999999773,-9.039999999999772,0.006304116914609673,1.2000000000000455,2017-05-02,-0.0003180155827632314,ENTERED,,-10.700000000000045,2017
LONG,2017-05-30,1266.3,1266.2,2017-06-19,1256.0,1256.1,{},daily_refresh,14,GC,20,daily_refresh,0,4.100000000000136,-10.299999999999955,-10.339999999999954,0.007374440185173771,-15.100000000000136,2017-05-29,0.0069968991015347815,ENTERED,,2.1000000000001364,2017
SHORT,2017-06-19,1256.0,1256.1,2017-07-25,1253.6999999999998,1253.6,{},daily_refresh,26,GC,20,daily_refresh,0,-4.599999999999454,2.300000000000182,2.260000000000182,0.006442847283394705,6.999999999999318,2017-06-16,-0.00039818427968474346,ENTERED,,-5.099999999999909,2017
LONG,2017-07-25,1253.6999999999998,1253.6,2017-07-26,1246.4,1246.5,{},daily_refresh,1,GC,20,daily_refresh,0,0.0,-7.299999999999727,-7.339999999999727,0.005732667729774152,-7.099999999999909,2017-07-24,0.007959479015918536,ENTERED,,0.0,2017
SHORT,2017-07-26,1246.4,1246.5,2017-07-27,1260.1,1260.0,{},daily_refresh,1,GC,20,daily_refresh,0,0.0,-13.699999999999818,-13.739999999999817,0.0058018448879718345,-13.599999999999909,2017-07-25,-0.0024009603841539384,ENTERED,,0.0,2017
LONG,2017-07-27,1260.1,1260.0,2017-09-21,1302.1000000000001,1302.2,{},daily_refresh,40,GC,20,daily_refresh,1,-6.899999999999636,30.700000000000273,30.660000000000274,0.006304145178093419,37.899999999999636,2017-07-26,0.008160652852227557,ENTERED,,-6.599999999999909,2017
SHORT,2017-09-21,1302.1000000000001,1302.2,2017-10-31,1278.1999999999998,1278.1,{},daily_refresh,28,GC,20,daily_refresh,0,14.099999999999909,23.90000000000032,23.86000000000032,0.0087426875180379,9.900000000000091,2017-09-20,-0.003528247695414599,ENTERED,,13.699999999999818,2017
LONG,2017-10-31,1278.1999999999998,1278.1,2017-11-01,1270.6000000000001,1270.7,{},daily_refresh,1,GC,20,daily_refresh,0,0.0,-7.599999999999682,-7.639999999999682,0.005533314207836234,-7.399999999999864,2017-10-30,0.003533014053545225,ENTERED,,0.0,2017
SHORT,2017-11-01,1270.6000000000001,1270.7,2017-11-03,1278.5,1278.4,{},daily_refresh,2,GC,20,daily_refresh,0,-0.10000000000013642,-7.899999999999864,-7.939999999999864,0.00569019458854733,-7.699999999999818,2017-10-31,-0.0034507097482546767,ENTERED,,0.0,2017
LONG,2017-11-03,1278.5,1278.4,2017-11-06,1270.9,1271.0,{},daily_refresh,1,GC,20,daily_refresh,0,0.0,-7.599999999999909,-7.639999999999909,0.0057080252419326296,-8.200000000000045,2017-11-02,0.005505308690522792,ENTERED,,0.0,2017
SHORT,2017-11-06,1270.9,1271.0,2017-11-20,1293.8999999999999,1293.8,{},daily_refresh,10,GC,20,daily_refresh,0,0.1999999999998181,-22.999999999999773,-23.03999999999977,0.005744044923151171,-23.59999999999991,2017-11-03,-0.00680272108843516,ENTERED,,0.09999999999990905,2017
LONG,2017-11-20,1293.8999999999999,1293.8,2017-11-21,1278.9,1279.0,{},daily_refresh,1,GC,20,daily_refresh,0,0.0,-14.999999999999773,-15.039999999999772,0.005581473373695909,-14.899999999999864,2017-11-17,0.00982992666562632,ENTERED,,0.0,2017
SHORT,2017-11-21,1278.9,1279.0,2017-11-22,1281.6999999999998,1281.6,{},daily_refresh,1,GC,20,daily_refresh,0,0.0,-2.799999999999727,-2.839999999999727,0.006225909914664778,-2.599999999999909,2017-11-20,-0.004049528852892781,ENTERED,,0.0,2017
LONG,2017-11-22,1281.6999999999998,1281.6,2017-12-01,1277.6000000000001,1277.7,{},daily_refresh,7,GC,20,daily_refresh,0,-1.099999999999909,-4.099999999999682,-4.139999999999682,0.006114099968466871,-5.599999999999909,2017-11-21,0.0036021926389975256,ENTERED,,-1.2000000000000455,2017
SHORT,2017-12-01,1277.6000000000001,1277.7,2017-12-04,1276.6999999999998,1276.6,{},daily_refresh,1,GC,20,daily_refresh,0,0.0,0.9000000000003183,0.8600000000003183,0.006057993377167556,-5.399999999999864,2017-11-30,-0.0028157997653498468,ENTERED,,0.0,2017
LONG,2017-12-04,1276.6999999999998,1276.6,2017-12-05,1279.2,1279.3,{},daily_refresh,1,GC,20,daily_refresh,0,0.0,2.5000000000002274,2.4600000000002273,0.006032157143167372,2.7000000000000455,2017-12-01,0.010155880963627517,ENTERED,,0.0,2017
SHORT,2017-12-05,1279.2,1279.3,2017-12-28,1291.1,1291.0,{},daily_refresh,17,GC,20,daily_refresh,0,1.2999999999997272,-11.899999999999864,-11.939999999999863,0.0057791854936629205,-12.899999999999864,2017-12-04,-0.0012491217112968744,ENTERED,,1.4999999999997726,2017
LONG,2017-12-28,1291.1,1291.0,2018-02-12,1318.5,1318.6,{},daily_refresh,32,GC,20,daily_refresh,0,6.499999999999545,27.40000000000009,27.360000000000092,0.005650948717570729,20.600000000000364,2017-12-27,0.00615744349181635,ENTERED,,4.300000000000182,2017
SHORT,2018-02-12,1318.5,1318.6,2018-02-15,1356.6999999999998,1356.6,{},daily_refresh,3,GC,20,daily_refresh,0,-0.09999999999990905,-38.19999999999982,-38.23999999999982,0.006317241531589681,-37.90000000000009,2018-02-09,-0.015093775685571242,ENTERED,,0.0,2018
LONG,2018-02-15,1356.6999999999998,1356.6,2018-02-21,1332.0,1332.1,{},daily_refresh,4,GC,20,daily_refresh,0,1.2000000000000455,-24.699999999999818,-24.739999999999817,0.007296450382745994,-25.799999999999955,2018-02-14,0.02099796793858677,ENTERED,,1.099999999999909,2018
SHORT,2018-02-21,1332.0,1332.1,2018-03-07,1340.5,1340.4,{},daily_refresh,10,GC,20,daily_refresh,0,1.6000000000001364,-8.5,-8.54,0.007776824704320507,-9.900000000000318,2018-02-20,-0.007081625046589268,ENTERED,,1.2999999999999545,2018
LONG,2018-03-07,1340.5,1340.4,2018-03-09,1321.5,1321.6,{},daily_refresh,2,GC,20,daily_refresh,0,-0.10000000000013642,-19.0,-19.04,0.007037207531191877,-18.59999999999991,2018-03-06,0.009337349397590788,ENTERED,,0.0,2018
SHORT,2018-03-09,1321.5,1321.6,2018-03-12,1323.8,1323.7,{},daily_refresh,1,GC,20,daily_refresh,0,0.0,-2.2999999999999545,-2.3399999999999546,0.007435659917367142,-2.400000000000091,2018-03-08,-0.0018879323365047496,ENTERED,,0.0,2018
LONG,2018-03-12,1323.8,1323.7,2018-03-14,1326.7,1326.8,{},daily_refresh,2,GC,20,daily_refresh,0,0.0,2.900000000000091,2.860000000000091,0.007366896800446977,3.2000000000000455,2018-03-09,0.004476139898338616,ENTERED,,0.0,2018
SHORT,2018-03-14,1326.7,1326.8,2018-03-22,1332.3,1332.2,{},daily_refresh,6,GC,20,daily_refresh,0,0.900000000000091,-5.599999999999909,-5.639999999999909,0.007098389003006092,-6.2000000000000455,2018-03-13,-0.00547144356168483,ENTERED,,0.900000000000091,2018
LONG,2018-03-22,1332.3,1332.2,2018-04-05,1337.0,1337.1,{},daily_refresh,9,GC,20,daily_refresh,0,8.200000000000273,4.7000000000000455,4.660000000000045,0.006819730428745171,-3.200000000000273,2018-03-21,0.002408006622018233,ENTERED,,1.1000000000001364,2018
SHORT,2018-04-05,1337.0,1337.1,2018-04-06,1334.3999999999999,1334.3,{},daily_refresh,1,GC,20,daily_refresh,0,0.0,2.6000000000001364,2.5600000000001364,0.007685536662459984,2.7999999999999545,2018-04-04,-0.0023873470605788594,ENTERED,,0.0,2018
LONG,2018-04-06,1334.3999999999999,1334.3,2018-04-24,1326.2,1326.3,{},daily_refresh,12,GC,20,daily_refresh,0,-5.900000000000091,-8.199999999999818,-8.239999999999817,0.007252348774205759,-2.099999999999909,2018-04-05,0.006714953976158178,ENTERED,,-6.099999999999682,2018
SHORT,2018-04-24,1326.2,1326.3,2018-06-13,1299.1999999999998,1299.1,{},daily_refresh,36,GC,20,daily_refresh,0,-2.1999999999995907,27.000000000000227,26.96000000000023,0.006886836035837408,29.399999999999636,2018-04-23,-0.015586729013582379,ENTERED,,4.100000000000364,2018
LONG,2018-06-13,1299.1999999999998,1299.1,2018-06-18,1283.4,1283.5,{},daily_refresh,3,GC,20,daily_refresh,0,0.0,-15.799999999999727,-15.839999999999726,0.002581772768792514,-17.09999999999991,2018-06-12,0.005339730691843458,ENTERED,,0.0,2018
SHORT,2018-06-18,1283.4,1283.5,2018-09-11,1200.3999999999999,1200.3,{},daily_refresh,61,GC,20,daily_refresh,0,-13.599999999999909,83.00000000000023,82.96000000000022,0.00495162762595928,96.89999999999986,2018-06-15,-0.007509483626228497,ENTERED,,-3.2999999999999545,2018
LONG,2018-09-11,1200.3999999999999,1200.3,2018-09-24,1202.2,1202.3,{},daily_refresh,9,GC,20,daily_refresh,0,0.20000000000027285,1.800000000000182,1.7600000000001819,0.00736762243653502,2.799999999999727,2018-09-10,0.0004167708593811881,ENTERED,,-0.09999999999990905,2018
SHORT,2018-09-24,1202.2,1202.3,2018-10-03,1209.6,1209.5,{},daily_refresh,7,GC,20,daily_refresh,0,1.4999999999997726,-7.399999999999864,-7.439999999999864,0.004810594490776755,-8.699999999999818,2018-09-21,-0.007423904974016127,ENTERED,,1.5,2018
LONG,2018-10-03,1209.6,1209.5,2018-10-04,1201.6000000000001,1201.7,{},daily_refresh,1,GC,20,daily_refresh,0,0.0,-7.999999999999773,-8.039999999999772,0.005916803692965157,-7.7999999999999545,2018-10-02,0.010020876826722702,ENTERED,,0.0,2018
SHORT,2018-10-04,1201.6000000000001,1201.7,2018-10-08,1207.8,1207.7,{},daily_refresh,2,GC,20,daily_refresh,0,0.0,-6.199999999999818,-6.239999999999818,0.006040189856059821,-5.0,2018-10-03,-0.0008314625426120159,ENTERED,,0.0,2018
LONG,2018-10-08,1207.8,1207.7,2018-10-09,1194.0,1194.1,{},daily_refresh,1,GC,20,daily_refresh,0,0.0,-13.799999999999955,-13.839999999999954,0.0059702998867019255,-13.600000000000136,2018-10-05,0.0040772175070729055,ENTERED,,0.0,2018
SHORT,2018-10-09,1194.0,1194.1,2018-10-12,1224.8999999999999,1224.8,{},daily_refresh,3,GC,20,daily_refresh,0,0.10000000000013642,-30.899999999999864,-30.939999999999863,0.006425145228055966,-30.800000000000182,2018-10-08,-0.0050824862522907965,ENTERED,,0.0,2018
LONG,2018-10-12,1224.8999999999999,1224.8,2018-11-09,1223.7,1223.8,{},daily_refresh,20,GC,20,daily_refresh,0,2.100000000000591,-1.199999999999818,-1.2399999999998181,0.008056883701457867,-3.0000000000004547,2018-10-11,0.01466324248198192,ENTERED,,2.1000000000001364,2018
SHORT,2018-11-09,1223.7,1223.8,2018-11-29,1220.8999999999999,1220.8,{},daily_refresh,14,GC,20,daily_refresh,0,-3.1000000000001364,2.800000000000182,2.760000000000182,0.004925158152984722,6.0,2018-11-08,-0.0007348138471587884,ENTERED,,-3.2999999999999545,2018
LONG,2018-11-29,1220.8999999999999,1220.8,2018-11-30,1224.2,1224.3,{},daily_refresh,1,GC,20,daily_refresh,0,0.0,3.300000000000182,3.260000000000182,0.00558793787002475,3.1000000000001364,2018-11-28,0.0027926078028746026,ENTERED,,0.0,2018
SHORT,2018-11-30,1224.2,1224.3,2018-12-04,1236.6,1236.5,{},daily_refresh,2,GC,20,daily_refresh,0,-5.300000000000182,-12.399999999999864,-12.439999999999863,0.004554496659160195,-6.999999999999773,2018-11-29,-0.008827340459993449,ENTERED,,-5.300000000000182,2018
LONG,2018-12-04,1236.6,1236.5,2019-03-01,1315.5,1315.6,{},daily_refresh,63,GC,20,daily_refresh,0,4.400000000000773,78.90000000000009,78.86000000000008,0.005319043393295344,74.69999999999914,2018-12-03,0.0032451728054518902,ENTERED,,-3.900000000000091,2018
SHORT,2019-03-01,1315.5,1315.6,2019-04-02,1291.8999999999999,1291.8,{},daily_refresh,22,GC,20,daily_refresh,0,-2.400000000000091,23.600000000000136,23.560000000000137,0.00516917787681176,26.09999999999991,2019-02-28,-0.0035597970158296466,ENTERED,,-2.2000000000000455,2019
LONG,2019-04-02,1291.8999999999999,1291.8,2019-04-08,1295.7,1295.8,{},daily_refresh,4,GC,20,daily_refresh,0,0.10000000000013642,3.800000000000182,3.760000000000182,0.006055388659394664,4.0,2019-04-01,0.002872224809812307,ENTERED,,0.0,2019
SHORT,2019-04-08,1295.7,1295.8,2019-04-09,1302.1,1302.0,{},daily_refresh,1,GC,20,daily_refresh,0,0.0,-6.399999999999864,-6.439999999999864,0.005701419518846814,-6.2000000000000455,2019-04-05,-0.0020791621746490963,ENTERED,,0.0,2019
LONG,2019-04-09,1302.1,1302.0,2019-04-12,1295.5,1295.6,{},daily_refresh,3,GC,20,daily_refresh,0,0.0,-6.599999999999909,-6.639999999999909,0.005696226015924774,-6.400000000000091,2019-04-08,0.007194244604316946,ENTERED,,0.0,2019
SHORT,2019-04-12,1295.5,1295.6,2019-05-14,1302.6999999999998,1302.6,{},daily_refresh,21,GC,20,daily_refresh,0,-6.2000000000005,-7.199999999999818,-7.239999999999818,0.005705392040404682,-0.7999999999994998,2019-04-11,-0.0001543448062970576,ENTERED,,-5.600000000000136,2019
LONG,2019-05-14,1302.6999999999998,1302.6,2019-05-20,1277.5,1277.6,{},daily_refresh,4,GC,20,daily_refresh,0,2.2737367544323206e-13,-25.199999999999818,-25.239999999999817,0.004897791265185588,-25.200000000000045,2019-05-13,0.007035175879396727,ENTERED,,0.0,2019
SHORT,2019-05-20,1277.5,1277.6,2019-05-21,1277.1999999999998,1277.1,{},daily_refresh,1,GC,20,daily_refresh,0,0.0,0.3000000000001819,0.2600000000001819,0.005086505127359132,0.5,2019-05-17,-0.00039126692229407567,ENTERED,,0.0,2019
LONG,2019-05-21,1277.1999999999998,1277.1,2019-05-23,1273.6000000000001,1273.7,{},daily_refresh,2,GC,20,daily_refresh,0,0.0,-3.5999999999996817,-3.6399999999996817,0.005081334404294889,-3.2999999999999545,2019-05-20,0.00039166536111534533,ENTERED,,0.0,2019
SHORT,2019-05-23,1273.6000000000001,1273.7,2019-05-24,1283.6999999999998,1283.6,{},daily_refresh,1,GC,20,daily_refresh,0,0.0,-10.099999999999682,-10.13999999999968,0.005036551727369393,-10.0,2019-05-22,-0.0021933260222468665,ENTERED,,0.0,2019
LONG,2019-05-24,1283.6999999999998,1283.6,2019-05-27,1284.0,1284.1,{},daily_refresh,1,GC,20,daily_refresh,0,0.0,0.3000000000001819,0.2600000000001819,0.005293430857582159,0.7000000000000455,2019-05-23,0.0024207402779947707,ENTERED,,0.0,2019
SHORT,2019-05-27,1284.0,1284.1,2019-05-28,1285.0,1284.9,{},daily_refresh,1,GC,20,daily_refresh,0,0.0,-1.0,-1.04,0.005106421389041002,-0.8000000000001819,2019-05-24,-0.003182241539894992,ENTERED,,0.0,2019
LONG,2019-05-28,1285.0,1284.9,2019-05-29,1279.3000000000002,1279.4,{},daily_refresh,1,GC,20,daily_refresh,0,0.0,-5.699999999999818,-5.739999999999818,0.004991644603992674,-5.5,2019-05-27,0.0020276066443110086,ENTERED,,0.0,2019
SHORT,2019-05-29,1279.3000000000002,1279.4,2019-05-30,1279.1,1279.0,{},daily_refresh,1,GC,20,daily_refresh,0,0.0,0.20000000000027285,0.16000000000027284,0.005063088544082749,0.40000000000009095,2019-05-28,-0.00428048875398912,ENTERED,,0.0,2019
LONG,2019-05-30,1279.1,1279.0,2019-07-31,1431.4,1431.5,{},daily_refresh,44,GC,20,daily_refresh,1,5.000000000000455,169.80000000000018,169.7600000000002,0.004928776909345642,164.89999999999964,2019-05-29,0.0005476022842842987,ENTERED,,0.3000000000001819,2019
SHORT,2019-07-31,1431.4,1431.5,2019-08-02,1450.3,1450.2,{},daily_refresh,2,GC,20,daily_refresh,1,0.0,-6.7999999999999545,-6.839999999999955,0.009349741864976778,-6.600000000000136,2019-07-30,-0.0020218922122290373,ENTERED,,0.0,2019
LONG,2019-08-02,1450.3,1450.2,2019-09-06,1526.6000000000001,1526.7,{},daily_refresh,25,GC,20,daily_refresh,1,8.099999999999454,56.00000000000023,55.96000000000023,0.010483672564742905,48.10000000000059,2019-08-01,0.010029670474654973,ENTERED,,8.200000000000045,2019
SHORT,2019-09-06,1526.6000000000001,1526.7,2019-10-09,1514.3,1514.2,{},daily_refresh,23,GC,20,daily_refresh,1,0.9999999999997726,30.300000000000182,30.260000000000183,0.01030194955119034,29.500000000000227,2019-09-05,-0.005873454723851146,ENTERED,,0.7999999999999545,2019
LONG,2019-10-09,1514.3,1514.2,2019-10-10,1516.7,1516.8,{},daily_refresh,1,GC,20,daily_refresh,0,0.0,2.400000000000091,2.360000000000091,0.008455273931293533,2.5,2019-10-08,0.0008656460659732801,ENTERED,,0.0,2019
SHORT,2019-10-10,1516.7,1516.8,2019-10-28,1506.6,1506.5,{},daily_refresh,12,GC,20,daily_refresh,0,2.7000000000005002,10.100000000000136,10.060000000000137,0.008418742452203573,6.999999999999545,2019-10-09,-0.0012899334771824256,ENTERED,,2.800000000000182,2019
LONG,2019-10-28,1506.6,1506.5,2019-10-31,1497.4,1497.5,{},daily_refresh,3,GC,20,daily_refresh,0,-0.09999999999990905,-9.199999999999818,-9.239999999999817,0.007167178565075648,-9.0,2019-10-25,0.002527772234417469,ENTERED,,0.0,2019
SHORT,2019-10-31,1497.4,1497.5,2019-11-01,1514.8,1514.7,{},daily_refresh,1,GC,20,daily_refresh,0,0.0,-17.399999999999864,-17.439999999999863,0.005897193549845194,-17.09999999999991,2019-10-30,-0.0056444651039245786,ENTERED,,0.0,2019
LONG,2019-11-01,1514.8,1514.7,2019-11-06,1485.8000000000002,1485.9,{},daily_refresh,3,GC,20,daily_refresh,0,-1.6000000000001364,-28.999999999999773,-29.03999999999977,0.00634002782636114,-27.199999999999818,2019-10-31,0.0002641658961821669,ENTERED,,-1.6000000000001364,2019
SHORT,2019-11-06,1485.8000000000002,1485.9,2019-12-06,1481.1,1481.0,{},daily_refresh,22,GC,20,daily_refresh,0,-5.699999999999818,4.700000000000273,4.660000000000273,0.006496820608842265,10.599999999999909,2019-11-05,-0.018689737154933606,ENTERED,,0.599999999999909,2019
LONG,2019-12-06,1481.1,1481.0,2019-12-13,1469.4,1469.5,{},daily_refresh,5,GC,20,daily_refresh,0,0.0,-11.699999999999818,-11.739999999999817,0.0045479045409244495,-11.700000000000045,2019-12-05,0.007757212847033124,ENTERED,,0.0,2019
SHORT,2019-12-13,1469.4,1469.5,2019-12-16,1478.6,1478.5,{},daily_refresh,1,GC,20,daily_refresh,0,0.0,-9.199999999999818,-9.239999999999817,0.00531819377223271,-10.799999999999955,2019-12-12,-0.000476190476190963,ENTERED,,0.0,2019
LONG,2019-12-16,1478.6,1478.5,2020-02-05,1557.7,1557.8,{},daily_refresh,37,GC,20,daily_refresh,1,14.599999999999682,62.80000000000018,62.76000000000018,0.005569263630879825,48.40000000000032,2019-12-13,0.007898141213317666,ENTERED,,14.099999999999909,2019
SHORT,2020-02-05,1557.7,1557.8,2020-02-06,1559.8,1559.7,{},daily_refresh,1,GC,20,daily_refresh,0,0.0,-2.099999999999909,-2.139999999999909,0.00827984167170979,-1.900000000000091,2020-02-04,-0.024362748168096804,ENTERED,,0.0,2020
LONG,2020-02-06,1559.8,1559.7,2020-03-02,1585.8000000000002,1585.9,{},daily_refresh,17,GC,20,daily_refresh,2,3.4999999999990905,20.700000000000273,20.660000000000274,0.006387926185165637,18.800000000000864,2020-02-05,0.00044900577293116584,ENTERED,,3.699999999999818,2020
SHORT,2020-03-02,1585.8000000000002,1585.9,2020-03-03,1592.8,1592.7,{},daily_refresh,1,GC,20,daily_refresh,0,0.0,-6.999999999999773,-7.039999999999773,0.008973339842550037,-7.0,2020-02-28,-0.0038263587056378556,ENTERED,,0.0,2020
LONG,2020-03-03,1592.8,1592.7,2020-03-13,1576.3000000000002,1576.4,{},daily_refresh,8,GC,20,daily_refresh,1,-0.5000000000002274,-43.49999999999977,-43.53999999999977,0.008975136359749699,-42.49999999999977,2020-03-02,0.003098110664069287,ENTERED,,0.0,2020
SHORT,2020-03-13,1576.3000000000002,1576.4,2020-03-25,1692.3,1692.2,{},daily_refresh,8,GC,20,daily_refresh,1,6.899999999999864,-87.39999999999986,-87.43999999999987,0.016310284172875115,-94.19999999999982,2020-03-12,-0.021192565835153943,ENTERED,,7.2999999999999545,2020
LONG,2020-03-25,1692.3,1692.2,2020-03-26,1638.5,1638.6,{},daily_refresh,1,GC,20,daily_refresh,0,0.0,-53.799999999999955,-53.839999999999954,0.029168712052145288,-53.799999999999955,2020-03-24,0.00610095476590522,ENTERED,,0.0,2020
SHORT,2020-03-26,1638.5,1638.6,2020-04-13,1738.6999999999998,1738.6,{},daily_refresh,11,GC,20,daily_refresh,1,-1.199999999999818,-67.79999999999973,-67.83999999999973,0.030056909945737172,-68.40000000000009,2020-03-25,-0.028074532357350024,ENTERED,,-2.2999999999999545,2020
LONG,2020-04-13,1738.6999999999998,1738.6,2020-05-06,1712.3000000000002,1712.4,{},daily_refresh,17,GC,20,daily_refresh,0,-10.499999999999773,-26.399999999999636,-26.439999999999635,0.031041920294916855,-15.600000000000136,2020-04-09,0.06256651483305964,ENTERED,,-10.300000000000182,2020
SHORT,2020-05-06,1712.3000000000002,1712.4,2020-05-07,1692.3,1692.2,{},daily_refresh,1,GC,20,daily_refresh,0,0.0,20.000000000000227,19.96000000000023,0.014575712223336654,20.200000000000045,2020-05-05,-0.00896990740740733,ENTERED,,0.0,2020
LONG,2020-05-07,1692.3,1692.2,2020-05-11,1708.5,1708.6,{},daily_refresh,2,GC,20,daily_refresh,0,0.09999999999990905,16.200000000000045,16.160000000000046,0.013332962265579036,12.5,2020-05-06,0.007741781800857606,ENTERED,,0.0,2020
SHORT,2020-05-11,1708.5,1708.6,2020-05-15,1742.1999999999998,1742.1,{},daily_refresh,4,GC,20,daily_refresh,0,-0.09999999999968168,-33.69999999999982,-33.73999999999982,0.011665110334349325,-33.40000000000032,2020-05-08,-0.02056762036079529,ENTERED,,0.0,2020
LONG,2020-05-15,1742.1999999999998,1742.1,2020-05-22,1725.5,1725.6,{},daily_refresh,5,GC,20,daily_refresh,0,12.200000000000273,-16.699999999999818,-16.739999999999817,0.011338318675991325,-28.800000000000182,2020-05-14,0.006528772821816187,ENTERED,,12.300000000000182,2020
SHORT,2020-05-22,1725.5,1725.6,2020-05-26,1727.1,1727.0,{},daily_refresh,2,GC,20,daily_refresh,0,4.100000000000136,-1.599999999999909,-1.639999999999909,0.010229133147046161,-5.600000000000136,2020-05-21,-0.013210568454763316,ENTERED,,4.100000000000136,2020
LONG,2020-05-26,1727.1,1727.0,2020-05-27,1705.3000000000002,1705.4,{},daily_refresh,1,GC,20,daily_refresh,0,0.0,-21.799999999999727,-21.839999999999726,0.009816725347460486,-21.5,2020-05-25,0.0038360941586750297,ENTERED,,0.0,2020
SHORT,2020-05-27,1705.3000000000002,1705.4,2020-05-29,1736.3,1736.2,{},daily_refresh,2,GC,20,daily_refresh,0,-0.2999999999999545,-30.999999999999773,-31.03999999999977,0.010222898342203269,-14.599999999999909,2020-05-26,-0.008487878611708077,ENTERED,,0.0,2020
LONG,2020-05-29,1736.3,1736.2,2020-06-04,1703.0,1703.1,{},daily_refresh,4,GC,20,daily_refresh,0,12.099999999999909,-33.299999999999955,-33.339999999999954,0.009201874662658866,-45.200000000000045,2020-05-28,0.014567114885586596,ENTERED,,12.200000000000045,2020
SHORT,2020-06-04,1703.0,1703.1,2020-06-11,1744.6,1744.5,{},daily_refresh,5,GC,20,daily_refresh,0,4.0,-41.59999999999991,-41.63999999999991,0.010072502779490995,-45.30000000000018,2020-06-03,-0.002775601276520878,ENTERED,,3.8999999999998636,2020
LONG,2020-06-11,1744.6,1744.5,2020-06-12,1733.0,1733.1,{},daily_refresh,1,GC,20,daily_refresh,0,0.0,-11.599999999999909,-11.639999999999908,0.01031095956441934,-11.299999999999955,2020-06-10,0.001114917442725849,ENTERED,,0.0,2020
SHORT,2020-06-12,1733.0,1733.1,2020-06-22,1762.5,1762.4,{},daily_refresh,6,GC,20,daily_refresh,0,-3.2000000000000455,-29.5,-29.54,0.010184940473560852,-19.90000000000009,2020-06-11,-0.01421992205192446,ENTERED,,-3.5,2020
LONG,2020-06-22,1762.5,1762.4,2020-08-25,1936.1000000000001,1936.2,{},daily_refresh,46,GC,20,daily_refresh,2,-16.60000000000082,133.60000000000014,133.56000000000014,0.009791504464445204,150.30000000000064,2020-06-19,0.0031226387143146184,ENTERED,,-14.69999999999959,2020
SHORT,2020-08-25,1936.1000000000001,1936.2,2020-09-09,1937.0,1936.9,{},daily_refresh,11,GC,20,daily_refresh,0,-8.699999999999818,-0.8999999999998636,-0.9399999999998636,0.020061781790521652,7.899999999999864,2020-08-24,-0.02444755527843334,ENTERED,,-9.299999999999955,2020
LONG,2020-09-09,1937.0,1936.9,2020-09-11,1952.3000000000002,1952.4,{},daily_refresh,2,GC,20,daily_refresh,0,0.0,15.300000000000182,15.260000000000183,0.014086616067917427,15.599999999999909,2020-09-08,0.009327288833307135,ENTERED,,0.0,2020
SHORT,2020-09-11,1952.3000000000002,1952.4,2020-09-17,1968.1999999999998,1968.1,{},daily_refresh,4,GC,20,daily_refresh,0,-1.8999999999998636,-15.899999999999636,-15.939999999999635,0.013616959786891284,-13.799999999999955,2020-09-10,-0.006614093106079744,ENTERED,,-2.0,2020
LONG,2020-09-17,1968.1999999999998,1968.1,2020-09-18,1954.4,1954.5,{},daily_refresh,1,GC,20,daily_refresh,0,0.0,-13.799999999999727,-13.839999999999726,0.008947013832252146,-13.599999999999909,2020-09-16,0.017000826787929135,ENTERED,,0.0,2020
SHORT,2020-09-18,1954.4,1954.5,2020-09-21,1955.1999999999998,1955.1,{},daily_refresh,1,GC,20,daily_refresh,0,0.0,-0.7999999999997272,-0.8399999999997272,0.008615402707941018,-2.599999999999909,2020-09-17,-0.003162135971846669,ENTERED,,0.0,2020
LONG,2020-09-21,1955.1999999999998,1955.1,2020-09-22,1922.2,1922.3,{},daily_refresh,1,GC,20,daily_refresh,0,0.0,-32.99999999999977,-33.03999999999977,0.00847517068498517,-32.69999999999982,2020-09-18,0.004981000308103001,ENTERED,,0.0,2020
SHORT,2020-09-22,1922.2,1922.3,2020-10-21,1913.8999999999999,1913.8,{},daily_refresh,21,GC,20,daily_refresh,0,-4.300000000000637,8.300000000000182,8.260000000000183,0.009304954897619773,12.7000000000005,2020-09-21,-0.007076080780951233,ENTERED,,-5.0,2020
LONG,2020-10-21,1913.8999999999999,1913.8,2020-10-29,1880.2,1880.3,{},daily_refresh,6,GC,20,daily_refresh,0,-3.0,-33.69999999999982,-33.73999999999982,0.010942219821844875,-30.399999999999864,2020-10-20,0.0026718357082986532,ENTERED,,-2.900000000000091,2020
SHORT,2020-10-29,1880.2,1880.3,2020-11-04,1915.8,1915.7,{},daily_refresh,4,GC,20,daily_refresh,0,1.7000000000000455,-35.59999999999991,-35.63999999999991,0.009030982797864025,-37.100000000000136,2020-10-28,-0.006761039509824429,ENTERED,,1.599999999999909,2020
LONG,2020-11-04,1915.8,1915.7,2020-11-10,1870.0,1870.1,{},daily_refresh,4,GC,20,daily_refresh,0,8.400000000000091,-45.799999999999955,-45.839999999999954,0.008429299230904994,-54.00000000000023,2020-11-03,0.016502175527963958,ENTERED,,8.299999999999955,2020
SHORT,2020-11-10,1870.0,1870.1,2020-12-18,1889.3,1889.2,{},daily_refresh,28,GC,20,daily_refresh,0,-2.100000000000364,-19.299999999999955,-19.339999999999954,0.01291319947160425,-16.999999999999773,2020-11-09,-0.03093584827443241,ENTERED,,-3.3000000000004093,2020
LONG,2020-12-18,1889.3,1889.2,2021-01-11,1844.3000000000002,1844.4,{},daily_refresh,14,GC,20,daily_refresh,1,11.200000000000273,-60.49999999999977,-60.53999999999977,0.010913891518285082,-66.00000000000023,2020-12-17,0.014880472737039963,ENTERED,,1.5,2020
SHORT,2021-01-11,1844.3000000000002,1844.4,2021-01-13,1859.1999999999998,1859.1,{},daily_refresh,2,GC,20,daily_refresh,0,0.09999999999990905,-14.899999999999636,-14.939999999999635,0.01100137368928006,-14.899999999999864,2021-01-08,-0.001663046441484406,ENTERED,,0.0,2021
LONG,2021-01-13,1859.1999999999998,1859.1,2021-01-15,1846.6000000000001,1846.7,{},daily_refresh,2,GC,20,daily_refresh,0,-0.10000000000013642,-12.599999999999682,-12.63999999999968,0.011087985523862344,-12.299999999999727,2021-01-12,0.00036242416314657966,ENTERED,,0.0,2021
SHORT,2021-01-15,1846.6000000000001,1846.7,2021-01-22,1869.8,1869.7,{},daily_refresh,5,GC,20,daily_refresh,1,0.1999999999998181,-40.69999999999982,-40.73999999999982,0.01057071408497484,-40.49999999999977,2021-01-14,-0.013108564704484627,ENTERED,,0.0,2021
LONG,2021-01-22,1869.8,1869.7,2021-01-25,1856.2,1856.3,{},daily_refresh,1,GC,20,daily_refresh,0,0.0,-13.599999999999909,-13.639999999999908,0.011409476423262125,-14.200000000000045,2021-01-21,0.0018792843160895245,ENTERED,,0.0,2021
SHORT,2021-01-25,1856.2,1856.3,2021-02-09,1832.1999999999998,1832.1,{},daily_refresh,11,GC,20,daily_refresh,0,-18.19999999999959,24.000000000000227,23.96000000000023,0.011488793686953066,42.599999999999454,2021-01-22,-0.009862026617594388,ENTERED,,-15.699999999999818,2021
LONG,2021-02-09,1832.1999999999998,1832.1,2021-02-10,1836.7,1836.8,{},daily_refresh,1,GC,20,daily_refresh,0,0.0,4.500000000000227,4.460000000000227,0.009268138184343027,4.7000000000000455,2021-02-08,0.001087780606918498,ENTERED,,0.0,2021
SHORT,2021-02-10,1836.7,1836.8,2021-02-11,1842.8999999999999,1842.8,{},daily_refresh,1,GC,20,daily_refresh,0,0.0,-6.199999999999818,-6.239999999999818,0.009176177716906708,-6.100000000000136,2021-02-09,-0.0024972278906814083,ENTERED,,0.0,2021
LONG,2021-02-11,1842.8999999999999,1842.8,2021-02-12,1826.6000000000001,1826.7,{},daily_refresh,1,GC,20,daily_refresh,0,0.0,-16.299999999999727,-16.339999999999726,0.009093406516334697,-16.09999999999991,2021-02-10,0.006935508030750492,ENTERED,,0.0,2021
SHORT,2021-02-12,1826.6000000000001,1826.7,2021-02-15,1821.1999999999998,1821.1,{},daily_refresh,1,GC,20,daily_refresh,0,0.0,5.400000000000318,5.360000000000318,0.00932149896152185,1.900000000000091,2021-02-11,-0.0012673889852058418,ENTERED,,0.0,2021
LONG,2021-02-15,1821.1999999999998,1821.1,2021-02-16,1818.6000000000001,1818.7,{},daily_refresh,1,GC,20,daily_refresh,0,0.0,-2.5999999999996817,-2.6399999999996817,0.0090095679648888,-2.5,2021-02-12,0.008065407137332503,ENTERED,,0.0,2021
SHORT,2021-02-16,1818.6000000000001,1818.7,2021-04-01,1708.5,1708.4,{},daily_refresh,32,GC,20,daily_refresh,0,-5.000000000000227,110.10000000000014,110.06000000000013,0.008400482464213165,115.40000000000032,2021-02-15,-0.009800718719372936,ENTERED,,-1.599999999999909,2021
LONG,2021-04-01,1708.5,1708.4,2021-06-15,1868.4,1868.5,{},daily_refresh,52,GC,20,daily_refresh,0,2.3999999999998636,159.9000000000001,159.8600000000001,0.009248652933122338,157.79999999999995,2021-03-31,0.00011708916339814301,ENTERED,,0.4000000000005457,2021
SHORT,2021-06-15,1868.4,1868.5,2021-07-15,1827.3999999999999,1827.3,{},daily_refresh,22,GC,20,daily_refresh,0,-2.399999999999636,41.00000000000023,40.96000000000023,0.007236350508811488,43.59999999999968,2021-06-14,-0.000641779869505199,ENTERED,,-2.699999999999818,2021
LONG,2021-07-15,1827.3999999999999,1827.3,2021-08-09,1721.5,1721.6,{},daily_refresh,17,GC,20,daily_refresh,0,5.000000000000227,-105.89999999999986,-105.93999999999987,0.0075735544507490584,-68.80000000000018,2021-07-14,0.004176512611969496,ENTERED,,6.399999999999864,2021
SHORT,2021-08-09,1721.5,1721.6,2021-08-16,1780.3,1780.2,{},daily_refresh,5,GC,20,daily_refresh,0,-0.09999999999990905,-58.799999999999955,-58.839999999999954,0.007537199283832386,-59.80000000000018,2021-08-06,-0.02493641490655729,ENTERED,,0.0,2021
LONG,2021-08-16,1780.3,1780.2,2021-09-17,1754.1000000000001,1754.2,{},daily_refresh,24,GC,20,daily_refresh,0,-1.8000000000006366,-26.199999999999818,-26.239999999999817,0.008553530478263644,-24.2999999999995,2021-08-13,0.0068181162671452356,ENTERED,,-1.2000000000000455,2021
SHORT,2021-09-17,1754.1000000000001,1754.2,2021-10-15,1796.6999999999998,1796.6,{},daily_refresh,20,GC,20,daily_refresh,0,1.0000000000004547,-42.59999999999968,-42.63999999999968,0.008748623716195343,-43.40000000000032,2021-09-16,-0.015214462160341058,ENTERED,,0.900000000000091,2021
LONG,2021-10-15,1796.6999999999998,1796.6,2021-10-19,1764.5,1764.6,{},daily_refresh,2,GC,20,daily_refresh,0,3.2000000000000455,-32.19999999999982,-32.23999999999982,0.007180035900090373,-35.299999999999955,2021-10-14,0.02422894931873909,ENTERED,,3.2000000000000455,2021
SHORT,2021-10-19,1764.5,1764.6,2021-10-21,1782.0,1781.9,{},daily_refresh,2,GC,20,daily_refresh,0,0.09999999999990905,-17.5,-17.54,0.008012784975900982,-17.40000000000009,2021-10-18,-0.0006796171490056624,ENTERED,,0.0,2021
LONG,2021-10-21,1782.0,1781.9,2021-11-23,1809.2,1809.3,{},daily_refresh,23,GC,20,daily_refresh,0,-4.0,27.200000000000045,27.160000000000046,0.00803027567987298,31.399999999999864,2021-10-20,0.00803303728008209,ENTERED,,-4.300000000000182,2021
SHORT,2021-11-23,1809.2,1809.3,2021-11-29,1794.6,1794.5,{},daily_refresh,4,GC,20,daily_refresh,0,-0.10000000000013642,14.600000000000136,14.560000000000137,0.008321440242566843,17.100000000000136,2021-11-22,-5.551115123125783e-16,ENTERED,,0.0,2021
LONG,2021-11-29,1794.6,1794.5,2021-11-30,1786.4,1786.5,{},daily_refresh,1,GC,20,daily_refresh,0,0.0,-8.199999999999818,-8.239999999999817,0.00817003702427838,-8.599999999999909,2021-11-26,0.0040896358543420774,ENTERED,,0.0,2021
SHORT,2021-11-30,1786.4,1786.5,2021-12-02,1783.6999999999998,1783.6,{},daily_refresh,2,GC,20,daily_refresh,0,-0.3999999999998636,2.700000000000273,2.660000000000273,0.008139490405429753,3.2999999999999545,2021-11-29,-0.004237524393643444,ENTERED,,0.0,2021
LONG,2021-12-02,1783.6999999999998,1783.6,2021-12-03,1769.7,1769.8,{},daily_refresh,1,GC,20,daily_refresh,0,0.0,-13.999999999999773,-14.039999999999772,0.008236910143667118,-13.699999999999818,2021-12-01,0.003093189359428594,ENTERED,,0.0,2021
SHORT,2021-12-03,1769.7,1769.8,2021-12-23,1804.5,1804.4,{},daily_refresh,14,GC,20,daily_refresh,0,-3.300000000000864,-34.799999999999955,-34.839999999999954,0.00819794184139758,-31.39999999999918,2021-12-02,-0.012553001562151112,ENTERED,,-2.6000000000001364,2021
LONG,2021-12-23,1804.5,1804.4,2022-01-28,1796.2,1796.3,{},daily_refresh,25,GC,20,daily_refresh,0,-6.799999999999727,-8.299999999999955,-8.339999999999954,0.005184813294102942,-1.3000000000004093,2021-12-22,0.008213208179685294,ENTERED,,-5.199999999999818,2021
SHORT,2022-01-28,1796.2,1796.3,2022-02-04,1806.3,1806.2,{},daily_refresh,5,GC,20,daily_refresh,0,0.10000000000013642,-10.099999999999909,-10.139999999999908,0.007988990890828027,-10.100000000000136,2022-01-27,-0.011174722008146953,ENTERED,,0.0,2022
LONG,2022-02-04,1806.3,1806.2,2022-03-21,1918.9,1919.0,{},daily_refresh,31,GC,20,daily_refresh,2,-5.299999999999045,72.70000000000027,72.66000000000027,0.006696603957848735,80.69999999999914,2022-02-03,0.008486405002512631,ENTERED,,-5.499999999999773,2022
SHORT,2022-03-21,1918.9,1919.0,2022-03-25,1959.8,1959.7,{},daily_refresh,4,GC,20,daily_refresh,0,-0.3000000000001819,-40.899999999999864,-40.93999999999986,0.013253305915779338,-40.399999999999864,2022-03-18,-0.009720687685059293,ENTERED,,0.0,2022
LONG,2022-03-25,1959.8,1959.7,2022-03-29,1923.6000000000001,1923.7,{},daily_refresh,2,GC,20,daily_refresh,0,-0.5,-36.19999999999982,-36.23999999999982,0.013718165740029977,-35.600000000000136,2022-03-24,0.006260648186223294,ENTERED,,-0.5,2022
SHORT,2022-03-29,1923.6000000000001,1923.7,2022-04-12,1956.8,1956.7,{},daily_refresh,10,GC,20,daily_refresh,0,-3.4999999999997726,-33.19999999999982,-33.23999999999982,0.014124718212774787,-29.600000000000136,2022-03-28,-0.0008317604969111381,ENTERED,,2.2999999999999545,2022
LONG,2022-04-12,1956.8,1956.7,2022-04-25,1933.8000000000002,1933.9,{},daily_refresh,8,GC,20,daily_refresh,0,14.300000000000182,-22.999999999999773,-23.03999999999977,0.008956178538953393,-38.50000000000023,2022-04-11,0.0011255499846511974,ENTERED,,0.0,2022
SHORT,2022-04-25,1933.8000000000002,1933.9,2022-06-08,1856.1,1856.0,{},daily_refresh,32,GC,20,daily_refresh,0,-3.5999999999996817,77.70000000000027,77.66000000000027,0.007348360556242626,81.49999999999977,2022-04-22,-0.01387967546053026,ENTERED,,-3.800000000000182,2022
LONG,2022-06-08,1856.1,1856.0,2022-06-14,1822.2,1822.3,{},daily_refresh,4,GC,20,daily_refresh,0,6.0,-33.899999999999864,-33.93999999999986,0.00876096339228887,-39.700000000000045,2022-06-07,0.012879283999126745,ENTERED,,5.7000000000000455,2022
SHORT,2022-06-14,1822.2,1822.3,2022-06-16,1836.1,1836.0,{},daily_refresh,2,GC,20,daily_refresh,0,0.0,-13.899999999999864,-13.939999999999863,0.00998604457111297,-13.600000000000136,2022-06-13,-0.001807624890447057,ENTERED,,0.0,2022
LONG,2022-06-16,1836.1,1836.0,2022-06-20,1840.7,1840.8,{},daily_refresh,2,GC,20,daily_refresh,0,0.09999999999990905,4.600000000000136,4.560000000000136,0.01035986391498255,5.800000000000182,2022-06-15,0.011849647266313657,ENTERED,,0.0,2022
SHORT,2022-06-20,1840.7,1840.8,2022-08-04,1779.6999999999998,1779.6,{},daily_refresh,33,GC,20,daily_refresh,1,-1.0999999999994543,75.80000000000018,75.76000000000018,0.010155572796773735,77.09999999999945,2022-06-17,-0.0017343233429079064,ENTERED,,-0.9999999999997726,2022
LONG,2022-08-04,1779.6999999999998,1779.6,2022-08-29,1746.0,1746.1,{},daily_refresh,17,GC,20,daily_refresh,0,-7.0,-33.69999999999982,-33.73999999999982,0.006997608212280754,-21.799999999999955,2022-08-03,0.015416193226294617,ENTERED,,-6.900000000000318,2022
SHORT,2022-08-29,1746.0,1746.1,2022-10-05,1734.3999999999999,1734.3,{},daily_refresh,27,GC,20,daily_refresh,0,-3.800000000000182,11.600000000000136,11.560000000000137,0.007721231943800479,15.600000000000136,2022-08-26,-0.015740948954351186,ENTERED,,-3.600000000000364,2022
LONG,2022-10-05,1734.3999999999999,1734.3,2022-10-06,1726.8000000000002,1726.9,{},daily_refresh,1,GC,20,daily_refresh,0,0.0,-7.599999999999682,-7.639999999999682,0.011319888074986621,-7.2999999999999545,2022-10-04,0.011843640606768124,ENTERED,,0.0,2022
SHORT,2022-10-06,1726.8000000000002,1726.9,2022-10-24,1665.8999999999999,1665.8,{},daily_refresh,12,GC,20,daily_refresh,0,-5.0,60.90000000000032,60.86000000000032,0.011231762264108047,69.40000000000009,2022-10-05,-0.0004051629333796658,ENTERED,,-5.300000000000182,2022
LONG,2022-10-24,1665.8999999999999,1665.8,2022-10-28,1665.9,1666.0,{},daily_refresh,4,GC,20,daily_refresh,0,0.0,2.2737367544323206e-13,-0.03999999999977263,0.011429149467122247,0.10000000000013642,2022-10-21,0.006538717684809736,ENTERED,,0.0,2022
SHORT,2022-10-28,1665.9,1666.0,2022-11-09,1714.8,1714.7,{},daily_refresh,8,GC,20,daily_refresh,0,11.699999999999818,-48.899999999999864,-48.93999999999986,0.010647643577217201,-60.29999999999973,2022-10-27,-0.004124820659971107,ENTERED,,11.799999999999955,2022
LONG,2022-11-09,1714.8,1714.7,2023-02-10,1873.5,1873.6,{},daily_refresh,67,GC,20,daily_refresh,1,8.399999999999636,141.80000000000018,141.7600000000002,0.012273992098242514,133.50000000000045,2022-11-08,0.026153569932371834,ENTERED,,-7.000000000000455,2022
SHORT,2023-02-10,1873.5,1873.6,2023-03-14,1917.3,1917.2,{},daily_refresh,22,GC,20,daily_refresh,0,1.6000000000001364,-43.799999999999955,-43.839999999999954,0.010540093940244834,-45.20000000000027,2023-02-09,-0.014569745423942404,ENTERED,,1.2999999999999545,2023
LONG,2023-03-14,1917.3,1917.2,2023-04-18,2006.1000000000001,2006.2,{},daily_refresh,24,GC,20,daily_refresh,1,-32.70000000000027,72.70000000000027,72.66000000000027,0.009670809225652591,105.70000000000027,2023-03-13,0.028099528099528204,ENTERED,,-30.200000000000045,2023
SHORT,2023-04-18,2006.1000000000001,2006.2,2023-04-19,2017.8999999999999,2017.8,{},daily_refresh,1,GC,20,daily_refresh,0,0.0,-11.799999999999727,-11.839999999999726,0.010229854846832214,-11.5,2023-04-17,-0.0017980151858547622,ENTERED,,0.0,2023
LONG,2023-04-19,2017.8999999999999,2017.8,2023-04-24,1994.7,1994.8,{},daily_refresh,3,GC,20,daily_refresh,0,0.1999999999998181,-23.199999999999818,-23.239999999999817,0.010184975243908163,-23.899999999999864,2023-04-18,0.010513649399880753,ENTERED,,0.0,2023
SHORT,2023-04-24,1994.7,1994.8,2023-04-25,2005.3,2005.2,{},daily_refresh,1,GC,20,daily_refresh,0,0.0,-10.599999999999909,-10.639999999999908,0.009093826727543925,-10.299999999999955,2023-04-21,-0.008066940575207737,ENTERED,,0.0,2023
LONG,2023-04-25,2005.3,2005.2,2023-05-12,2021.4,2021.5,{},daily_refresh,13,GC,20,daily_refresh,0,-4.800000000000182,16.100000000000136,16.060000000000137,0.009061378232142585,21.100000000000136,2023-04-24,0.004000493413756301,ENTERED,,-5.000000000000227,2023
SHORT,2023-05-12,2021.4,2021.5,2023-05-16,2019.3,2019.2,{},daily_refresh,2,GC,20,daily_refresh,0,1.3999999999998636,2.1000000000001364,2.0600000000001364,0.009294973552484936,1.0000000000002274,2023-05-11,-0.01587069762913207,ENTERED,,1.3999999999998636,2023
LONG,2023-05-16,2019.3,2019.2,2023-05-17,1993.6000000000001,1993.7,{},daily_refresh,1,GC,20,daily_refresh,0,0.0,-25.699999999999818,-25.739999999999817,0.008322985428985824,-25.600000000000136,2023-05-15,0.006379903304590151,ENTERED,,0.0,2023
SHORT,2023-05-17,1993.6000000000001,1993.7,2023-07-13,1962.6999999999998,1962.6,{},daily_refresh,41,GC,20,daily_refresh,1,0.6000000000001364,47.70000000000027,47.660000000000274,0.008704110142274573,47.299999999999955,2023-05-16,-0.011944293006888818,ENTERED,,-1.199999999999818,2023
LONG,2023-07-13,1962.6999999999998,1962.6,2023-07-14,1964.5,1964.6,{},daily_refresh,1,GC,20,daily_refresh,0,0.0,1.800000000000182,1.7600000000001819,0.005454793783644826,1.800000000000182,2023-07-12,0.002605363984674147,ENTERED,,0.0,2023
SHORT,2023-07-14,1964.5,1964.6,2023-07-19,1981.1,1981.0,{},daily_refresh,3,GC,20,daily_refresh,0,1.7999999999999545,-16.59999999999991,-16.639999999999908,0.005238493681228887,-18.100000000000136,2023-07-13,-0.003146249873135165,ENTERED,,1.7000000000000455,2023
LONG,2023-07-19,1981.1,1981.0,2023-08-09,1959.5,1959.6,{},daily_refresh,15,GC,20,daily_refresh,1,-0.7000000000007276,-59.200000000000045,-59.240000000000045,0.005458259908249998,-58.39999999999941,2023-07-18,0.016576003284409335,ENTERED,,-0.5000000000002274,2023
SHORT,2023-08-09,1959.5,1959.6,2023-09-12,1944.5,1944.4,{},daily_refresh,24,GC,20,daily_refresh,0,0.19999999999936335,15.0,14.96,0.006339398444942,14.800000000000637,2023-08-08,-0.008204812510855697,ENTERED,,0.40000000000009095,2023
LONG,2023-09-12,1944.5,1944.4,2023-09-22,1940.8000000000002,1940.9,{},daily_refresh,8,GC,20,daily_refresh,0,-1.0000000000004547,-3.699999999999818,-3.739999999999818,0.004002655086872662,-2.4999999999995453,2023-09-11,0.0027329448770176956,ENTERED,,-0.7999999999999545,2023
SHORT,2023-09-22,1940.8000000000002,1940.9,2023-09-25,1944.5,1944.4,{},daily_refresh,1,GC,20,daily_refresh,0,0.0,-3.699999999999818,-3.739999999999818,0.003922796087277999,-4.0,2023-09-21,-0.0014405515254412027,ENTERED,,0.0,2023
LONG,2023-09-25,1944.5,1944.4,2023-09-26,1934.8000000000002,1934.9,{},daily_refresh,1,GC,20,daily_refresh,0,0.0,-9.699999999999818,-9.739999999999817,0.0039511488696720104,-9.5,2023-09-22,0.0008233417382801367,ENTERED,,0.0,2023
SHORT,2023-09-26,1934.8000000000002,1934.9,2023-10-20,1989.0,1988.9,{},daily_refresh,18,GC,20,daily_refresh,1,8.19999999999959,-38.99999999999977,-39.03999999999977,0.004056463153536994,-47.099999999999454,2023-09-25,-0.00713259441707681,ENTERED,,8.099999999999909,2023
LONG,2023-10-20,1989.0,1988.9,2023-11-13,1944.4,1944.5,{},daily_refresh,16,GC,20,daily_refresh,0,-17.90000000000009,-44.59999999999991,-44.63999999999991,0.010878033950037407,-28.299999999999955,2023-10-19,0.016417646003908715,ENTERED,,-18.09999999999991,2023
SHORT,2023-11-13,1944.4,1944.5,2023-11-14,1950.6999999999998,1950.6,{},daily_refresh,1,GC,20,daily_refresh,0,0.0,-6.299999999999727,-6.339999999999727,0.007135603602482618,-6.099999999999909,2023-11-10,-0.0016444832725223124,ENTERED,,0.0,2023
LONG,2023-11-14,1950.6999999999998,1950.6,2023-11-17,1985.0,1985.1,{},daily_refresh,3,GC,20,daily_refresh,0,0.09999999999990905,34.30000000000018,34.26000000000018,0.006988530049342722,34.50000000000023,2023-11-13,0.009627329192546608,ENTERED,,0.0,2023
SHORT,2023-11-17,1985.0,1985.1,2023-11-22,2001.3,2001.2,{},daily_refresh,3,GC,20,daily_refresh,0,6.5,-16.299999999999955,-16.339999999999954,0.006338559315517684,-22.800000000000182,2023-11-16,-0.0019105077928609493,ENTERED,,6.5,2023
LONG,2023-11-22,2001.3,2001.2,2023-11-23,1991.5,1991.6,{},daily_refresh,1,GC,20,daily_refresh,0,0.0,-9.799999999999955,-9.839999999999954,0.006579283852126932,-9.700000000000045,2023-11-21,0.008922720169380005,ENTERED,,0.0,2023
SHORT,2023-11-23,1991.5,1991.6,2023-11-24,1994.8999999999999,1994.8,{},daily_refresh,1,GC,20,daily_refresh,0,0.0,-3.3999999999998636,-3.4399999999998636,0.0066101786205624204,-3.2000000000000455,2023-11-22,-0.0006523484544364022,ENTERED,,0.0,2023
LONG,2023-11-24,1994.8999999999999,1994.8,2023-11-27,2002.9,2003.0,{},daily_refresh,1,GC,20,daily_refresh,0,0.0,8.000000000000227,7.960000000000227,0.006618771528253539,8.900000000000091,2023-11-23,0.00025071453642855346,ENTERED,,0.0,2023
SHORT,2023-11-27,2002.9,2003.0,2023-11-28,2015.6999999999998,2015.6,{},daily_refresh,1,GC,20,daily_refresh,0,0.0,-12.799999999999727,-12.839999999999726,0.006193577324168231,-12.599999999999909,2023-11-24,-0.006249070078857444,ENTERED,,0.0,2023
LONG,2023-11-28,2015.6999999999998,2015.6,2023-12-12,1998.3000000000002,1998.4,{},daily_refresh,10,GC,20,daily_refresh,2,2.200000000000273,-81.5,-81.54,0.00620812907224545,-83.50000000000045,2023-11-27,0.00533692453488932,ENTERED,,2.2000000000000455,2023
SHORT,2023-12-12,1998.3000000000002,1998.4,2023-12-14,2047.5,2047.4,{},daily_refresh,2,GC,20,daily_refresh,0,0.10000000000013642,-49.19999999999982,-49.23999999999982,0.011919908614577604,-49.100000000000136,2023-12-11,-0.006352846622243669,ENTERED,,0.0,2023
LONG,2023-12-14,2047.5,2047.4,2023-12-18,2031.0,2031.1,{},daily_refresh,2,GC,20,daily_refresh,0,0.0,-16.5,-16.54,0.013069312435200577,-13.600000000000136,2023-12-13,0.011425791289847886,ENTERED,,0.0,2023
SHORT,2023-12-18,2031.0,2031.1,2023-12-22,2064.5,2064.4,{},daily_refresh,4,GC,20,daily_refresh,0,0.1999999999998181,-33.5,-33.54,0.012957731996394165,-33.40000000000009,2023-12-15,-0.005524634025167563,ENTERED,,0.0,2023
LONG,2023-12-22,2064.5,2064.4,2023-12-25,2065.9,2066.0,{},daily_refresh,1,GC,20,daily_refresh,0,0.0,1.400000000000091,1.360000000000091,0.013082748019707114,0.09999999999990905,2023-12-21,0.0036711588016036245,ENTERED,,0.0,2023
SHORT,2023-12-25,2065.9,2066.0,2024-01-02,2073.1,2073.0,{},daily_refresh,6,GC,20,daily_refresh,0,-0.8999999999996362,-7.199999999999818,-7.239999999999818,0.013045415244154637,-6.000000000000455,2023-12-22,-0.0006901214892589547,ENTERED,,-0.8999999999996362,2023
LONG,2024-01-02,2073.1,2073.0,2024-01-11,2030.9,2031.0,{},daily_refresh,7,GC,20,daily_refresh,0,-1.7000000000002728,-42.19999999999982,-42.23999999999982,0.008240285586760288,-40.49999999999977,2024-01-01,0.009988306373026168,ENTERED,,-1.5,2024
SHORT,2024-01-11,2030.9,2031.0,2024-01-15,2051.5,2051.4,{},daily_refresh,2,GC,20,daily_refresh,0,0.09999999999990905,-20.59999999999991,-20.639999999999908,0.005103311189679039,-22.699999999999818,2024-01-10,-0.008107844094949912,ENTERED,,0.0,2024
LONG,2024-01-15,2051.5,2051.4,2024-01-17,2031.2,2031.3,{},daily_refresh,2,GC,20,daily_refresh,0,0.09999999999990905,-20.299999999999955,-20.339999999999954,0.005113724188735423,-20.200000000000045,2024-01-12,0.009735470547743263,ENTERED,,0.0,2024
SHORT,2024-01-17,2031.2,2031.3,2024-02-02,2071.7999999999997,2071.7,{},daily_refresh,12,GC,20,daily_refresh,1,-0.7000000000002728,-21.499999999999773,-21.53999999999977,0.0056819979607545005,-20.700000000000045,2024-01-16,-0.01105160662122695,ENTERED,,-0.8999999999998636,2024
LONG,2024-02-02,2071.7999999999997,2071.7,2024-02-05,2056.0,2056.1,{},daily_refresh,1,GC,20,daily_refresh,0,0.0,-15.799999999999727,-15.839999999999726,0.005863489201617068,-14.599999999999909,2024-02-01,0.0006528703591559548,ENTERED,,0.0,2024
SHORT,2024-02-05,2056.0,2056.1,2024-02-08,2051.4,2051.3,{},daily_refresh,3,GC,20,daily_refresh,0,0.0,4.599999999999909,4.559999999999909,0.006073429552380917,4.699999999999818,2024-02-02,-0.0071247059004310165,ENTERED,,0.0,2024
LONG,2024-02-08,2051.4,2051.3,2024-02-09,2049.0,2049.1,{},daily_refresh,1,GC,20,daily_refresh,0,0.0,-2.400000000000091,-2.440000000000091,0.0061512715350278465,-2.200000000000273,2024-02-07,0.0007528164586128039,ENTERED,,0.0,2024
SHORT,2024-02-09,2049.0,2049.1,2024-02-22,2035.8,2035.7,{},daily_refresh,9,GC,20,daily_refresh,0,-1.4999999999997726,13.200000000000045,13.160000000000046,0.006073972194377649,14.799999999999727,2024-02-08,-0.004633389558412082,ENTERED,,-1.2000000000000455,2024
LONG,2024-02-22,2035.8,2035.7,2024-02-23,2034.3000000000002,2034.4,{},daily_refresh,1,GC,20,daily_refresh,0,0.0,-1.4999999999997726,-1.5399999999997727,0.005305811639858378,-1.2999999999999545,2024-02-21,0.000284604300697211,ENTERED,,0.0,2024
SHORT,2024-02-23,2034.3000000000002,2034.4,2024-02-26,2043.6999999999998,2043.6,{},daily_refresh,1,GC,20,daily_refresh,0,0.0,-9.399999999999636,-9.439999999999635,0.005286524222627762,-11.399999999999864,2024-02-22,-0.00243176451014937,ENTERED,,0.0,2024
LONG,2024-02-26,2043.6999999999998,2043.6,2024-02-27,2040.7,2040.8,{},daily_refresh,1,GC,20,daily_refresh,0,0.0,-2.9999999999997726,-3.0399999999997727,0.0054310309901596954,-2.7999999999999545,2024-02-23,0.004251749575335362,ENTERED,,0.0,2024
SHORT,2024-02-27,2040.7,2040.8,2024-03-04,2092.4,2092.3,{},daily_refresh,4,GC,20,daily_refresh,0,-0.20000000000004547,-51.700000000000045,-51.740000000000045,0.0052726478029024235,-50.59999999999991,2024-02-26,-0.004369249853636847,ENTERED,,0.0,2024
LONG,2024-03-04,2092.4,2092.3,2024-05-01,2301.9,2302.0,{},daily_refresh,41,GC,20,daily_refresh,2,-8.300000000000637,168.0,167.96,0.0064745747560608765,176.50000000000045,2024-03-01,0.01677118273297329,ENTERED,,-21.299999999999727,2024
SHORT,2024-05-01,2301.9,2302.0,2024-05-16,2396.7,2396.6,{},daily_refresh,11,GC,20,daily_refresh,0,7.500000000000455,-94.79999999999973,-94.83999999999973,0.010774316632434427,-102.00000000000045,2024-04-30,-0.008000316786670347,ENTERED,,7.700000000000273,2024
LONG,2024-05-16,2396.7,2396.6,2024-05-17,2382.0,2382.1,{},daily_refresh,1,GC,20,daily_refresh,0,0.0,-14.699999999999818,-14.739999999999817,0.010608726708688867,-14.5,2024-05-15,0.005749538358233552,ENTERED,,0.0,2024
SHORT,2024-05-17,2382.0,2382.1,2024-05-20,2425.1,2425.0,{},daily_refresh,1,GC,20,daily_refresh,0,0.0,-43.09999999999991,-43.13999999999991,0.010639937175848916,-37.70000000000027,2024-05-16,-0.005261619409529517,ENTERED,,0.0,2024
LONG,2024-05-20,2425.1,2425.0,2024-05-24,2333.3,2333.4,{},daily_refresh,4,GC,20,daily_refresh,0,0.0,-91.79999999999973,-91.83999999999973,0.011180362718982376,-91.69999999999982,2024-05-17,0.005443137906677276,ENTERED,,0.0,2024
SHORT,2024-05-24,2333.3,2333.4,2024-05-28,2353.9,2353.8,{},daily_refresh,2,GC,20,daily_refresh,0,-3.600000000000364,-20.59999999999991,-20.639999999999908,0.011388489446399903,-16.699999999999363,2024-05-23,-0.003927427961579633,ENTERED,,-3.600000000000364,2024
LONG,2024-05-28,2353.9,2353.8,2024-06-10,2315.4,2315.5,{},daily_refresh,9,GC,20,daily_refresh,1,-2.5,-59.5,-59.54,0.011499169375745426,-61.20000000000027,2024-05-27,0.004009725717697421,ENTERED,,-1.5,2024
SHORT,2024-06-10,2315.4,2315.5,2024-06-21,2374.2999999999997,2374.2,{},daily_refresh,9,GC,20,daily_refresh,0,4.500000000000455,-58.899999999999636,-58.939999999999635,0.013051436286583565,-63.30000000000064,2024-06-07,-0.0322452977940928,ENTERED,,4.800000000000182,2024
LONG,2024-06-21,2374.2999999999997,2374.2,2024-06-24,2331.1,2331.2,{},daily_refresh,1,GC,20,daily_refresh,0,0.0,-43.19999999999982,-43.23999999999982,0.011179242235733702,-39.5,2024-06-20,0.008536159396055565,ENTERED,,0.0,2024
SHORT,2024-06-24,2331.1,2331.2,2024-07-08,2394.4,2394.3,{},daily_refresh,10,GC,20,daily_refresh,0,1.8999999999996362,-63.30000000000018,-63.34000000000018,0.011818181655448406,-70.5,2024-06-21,-0.009091705795737703,ENTERED,,2.0,2024
LONG,2024-07-08,2394.4,2394.3,2024-08-08,2423.8,2423.9,{},daily_refresh,23,GC,20,daily_refresh,1,16.399999999999636,-17.59999999999991,-17.639999999999908,0.008526912505148997,-33.899999999999636,2024-07-05,0.038379992211501346,ENTERED,,15.599999999999909,2024
SHORT,2024-08-08,2423.8,2423.9,2024-08-12,2466.9,2466.8,{},daily_refresh,2,GC,20,daily_refresh,0,-0.29999999999972715,-43.09999999999991,-43.13999999999991,0.010661634439438985,-46.40000000000009,2024-08-07,-0.00041999177566065526,ENTERED,,0.0,2024
LONG,2024-08-12,2466.9,2466.8,2024-08-14,2503.6,2503.7,{},daily_refresh,2,GC,20,daily_refresh,0,0.0,36.69999999999982,36.65999999999982,0.01053080827253445,36.79999999999973,2024-08-09,0.003023674309858171,ENTERED,,0.0,2024
SHORT,2024-08-14,2503.6,2503.7,2024-08-16,2494.9,2494.8,{},daily_refresh,2,GC,20,daily_refresh,0,-0.09999999999990905,8.699999999999818,8.659999999999819,0.010467635003495006,9.099999999999909,2024-08-13,-0.007006277111803461,ENTERED,,0.0,2024
LONG,2024-08-16,2494.9,2494.8,2024-11-12,2630.2000000000003,2630.3,{},daily_refresh,62,GC,20,daily_refresh,0,-16.400000000000546,135.30000000000018,135.2600000000002,0.010395755261100316,151.80000000000018,2024-08-15,0.001327433722717597,ENTERED,,-18.0,2024
SHORT,2024-11-12,2630.2000000000003,2630.3,2024-12-10,2683.1,2683.0,{},daily_refresh,20,GC,20,daily_refresh,1,-16.500000000000455,-28.099999999999454,-28.139999999999453,0.01156781696565455,-11.399999999999181,2024-11-11,-0.01335434016055248,ENTERED,,-13.900000000000091,2024
LONG,2024-12-10,2683.1,2683.0,2024-12-19,2601.6,2601.7,{},daily_refresh,7,GC,20,daily_refresh,0,3.4999999999995453,-81.5,-81.54,0.012315137732622966,-84.99999999999955,2024-12-09,0.010572622987137459,ENTERED,,3.299999999999727,2024
SHORT,2024-12-19,2601.6,2601.7,2025-01-03,2671.4,2671.3,{},daily_refresh,11,GC,20,daily_refresh,0,-9.899999999999636,-69.80000000000018,-69.84000000000019,0.013714416400217408,-59.500000000000455,2024-12-18,-0.029131591334201068,ENTERED,,-3.400000000000091,2024
LONG,2025-01-03,2671.4,2671.3,2025-01-06,2653.5,2653.6,{},daily_refresh,1,GC,20,daily_refresh,0,0.0,-17.90000000000009,-17.94000000000009,0.010369688211541,-18.600000000000364,2025-01-02,0.005420258215079299,ENTERED,,0.0,2025
SHORT,2025-01-06,2653.5,2653.6,2025-01-13,2721.1,2721.0,{},daily_refresh,5,GC,20,daily_refresh,0,-0.40000000000009095,-67.59999999999991,-67.63999999999992,0.010493450155266459,-63.40000000000009,2025-01-03,-0.000828656446570597,ENTERED,,0.0,2025
LONG,2025-01-13,2721.1,2721.0,2025-03-11,2889.2000000000003,2889.3,{},daily_refresh,41,GC,20,daily_refresh,1,21.900000000001,140.60000000000036,140.56000000000037,0.008214465285753739,118.69999999999891,2025-01-10,0.019318053940508007,ENTERED,,21.50000000000091,2025
SHORT,2025-03-11,2889.2000000000003,2889.3,2025-03-13,2945.2999999999997,2945.2,{},daily_refresh,2,GC,20,daily_refresh,0,-0.09999999999990905,-56.099999999999454,-56.13999999999945,0.009274980020139628,-55.79999999999973,2025-03-10,-0.018381353628703745,ENTERED,,0.0,2025
LONG,2025-03-13,2945.2999999999997,2945.2,2025-05-15,3188.5,3188.6,{},daily_refresh,44,GC,20,daily_refresh,3,4.100000000001728,287.1999999999998,287.1599999999998,0.009759722915638811,283.5999999999981,2025-03-12,0.005359276327018048,ENTERED,,-17.099999999999,2025
SHORT,2025-05-15,3188.5,3188.6,2025-05-26,3341.6,3341.5,{},daily_refresh,7,GC,20,daily_refresh,1,0.0,-119.80000000000018,-119.84000000000019,0.01723098702364522,-135.80000000000018,2025-05-14,-0.013748974931929392,ENTERED,,0.0,2025
LONG,2025-05-26,3341.6,3341.5,2025-05-27,3345.8,3345.9,{},daily_refresh,1,GC,20,daily_refresh,0,0.0,4.200000000000273,4.160000000000273,0.014577391556615797,4.199999999999818,2025-05-23,0.008891432159964019,ENTERED,,0.0,2025
SHORT,2025-05-27,3345.8,3345.9,2025-05-30,3338.9,3338.8,{},daily_refresh,3,GC,20,daily_refresh,0,-0.09999999999990905,6.900000000000091,6.860000000000091,0.014559176670893589,34.5,2025-05-26,-5.892902663873212e-05,ENTERED,,0.0,2025
LONG,2025-05-30,3338.9,3338.8,2025-06-04,3384.3,3384.4,{},daily_refresh,3,GC,20,daily_refresh,0,19.799999999999727,45.40000000000009,45.36000000000009,0.015110464275312421,25.90000000000009,2025-05-29,0.020756950157713172,ENTERED,,20.09999999999991,2025
SHORT,2025-06-04,3384.3,3384.4,2025-06-06,3384.5,3384.4,{},daily_refresh,2,GC,20,daily_refresh,0,-0.09999999999990905,-0.1999999999998181,-0.2399999999998181,0.014746401499398343,-0.09999999999990905,2025-06-03,-0.014743626623855532,ENTERED,,0.0,2025
LONG,2025-06-06,3384.5,3384.4,2025-06-09,3338.4,3338.5,{},daily_refresh,1,GC,20,daily_refresh,0,0.0,-46.09999999999991,-46.13999999999991,0.01411604545675467,-53.40000000000009,2025-06-05,0.01145295778049693,ENTERED,,0.0,2025
SHORT,2025-06-09,3338.4,3338.5,2025-06-10,3346.7,3346.6,{},daily_refresh,1,GC,20,daily_refresh,0,0.0,-8.299999999999727,-8.339999999999726,0.014579000053854537,-8.099999999999909,2025-06-06,-0.006986835197003161,ENTERED,,0.0,2025
LONG,2025-06-10,3346.7,3346.6,2025-06-23,3388.4,3388.5,{},daily_refresh,9,GC,20,daily_refresh,0,11.399999999999636,41.70000000000027,41.660000000000274,0.014151855201262687,26.400000000000546,2025-06-09,0.013515288050099716,ENTERED,,11.700000000000273,2025
SHORT,2025-06-23,3388.4,3388.5,2025-06-25,3338.1,3338.0,{},daily_refresh,2,GC,20,daily_refresh,0,-0.20000000000027285,50.30000000000018,50.26000000000018,0.01143934962808474,50.70000000000027,2025-06-20,-0.00028973777343554996,ENTERED,,0.0,2025
LONG,2025-06-25,3338.1,3338.0,2025-06-27,3331.6,3331.7,{},daily_refresh,2,GC,20,daily_refresh,0,0.09999999999990905,-6.5,-6.54,0.011341789158172305,-6.299999999999727,2025-06-24,0.0007274253460427538,ENTERED,,0.0,2025
SHORT,2025-06-27,3331.6,3331.7,2025-07-07,3338.1,3338.0,{},daily_refresh,6,GC,20,daily_refresh,0,11.799999999999727,-6.5,-6.54,0.010131880303643552,-26.59999999999991,2025-06-26,-0.002096561638912031,ENTERED,,11.699999999999818,2025
LONG,2025-07-07,3338.1,3338.0,2025-07-08,3344.1,3344.2,{},daily_refresh,1,GC,20,daily_refresh,0,0.0,6.0,5.96,0.007401874855244108,6.400000000000091,2025-07-04,0.004653257280096357,ENTERED,,0.0,2025
SHORT,2025-07-08,3344.1,3344.2,2025-07-22,3411.2,3411.1,{},daily_refresh,10,GC,20,daily_refresh,0,-11.599999999999454,-67.09999999999991,-67.13999999999992,0.0073296796470417,-55.10000000000082,2025-07-07,-0.00065738361321932,ENTERED,,-11.900000000000091,2025
LONG,2025-07-22,3411.2,3411.1,2025-07-29,3310.2000000000003,3310.3,{},daily_refresh,5,GC,20,daily_refresh,0,-4.600000000000364,-100.99999999999955,-101.03999999999955,0.007650840844117626,-95.99999999999955,2025-07-21,0.015541727454074117,ENTERED,,-4.5,2025
SHORT,2025-07-29,3310.2000000000003,3310.3,2025-08-04,3415.2,3415.1,{},daily_refresh,4,GC,20,daily_refresh,1,0.3000000000001819,-47.29999999999927,-47.33999999999927,0.007772607358208116,-48.29999999999973,2025-07-28,-0.004181205631091589,ENTERED,,0.0,2025
LONG,2025-08-04,3415.2,3415.1,2025-08-12,3398.8,3398.9,{},daily_refresh,6,GC,20,daily_refresh,0,-2.6999999999993634,-16.399999999999636,-16.439999999999635,0.009721953619012343,-13.400000000000546,2025-08-01,0.003111538788055812,ENTERED,,-2.599999999999909,2025
SHORT,2025-08-12,3398.8,3398.9,2025-08-13,3401.6,3401.5,{},daily_refresh,1,GC,20,daily_refresh,0,0.0,-2.799999999999727,-2.839999999999727,0.010921308057923844,-2.5,2025-08-11,-0.004171839199972216,ENTERED,,0.0,2025
LONG,2025-08-13,3401.6,3401.5,2025-08-15,3380.8,3380.9,{},daily_refresh,2,GC,20,daily_refresh,0,0.09999999999990905,-20.799999999999727,-20.839999999999726,0.010864374404415492,-20.5,2025-08-12,0.0014576815397666643,ENTERED,,0.0,2025
SHORT,2025-08-15,3380.8,3380.9,2025-08-25,3414.9,3414.8,{},daily_refresh,6,GC,20,daily_refresh,0,10.099999999999909,-34.09999999999991,-34.13999999999991,0.011027145571080204,-46.399999999999636,2025-08-14,-0.006869788128664678,ENTERED,,9.699999999999818,2025
LONG,2025-08-25,3414.9,3414.8,2025-11-05,3942.3,3942.4,{},daily_refresh,52,GC,20,daily_refresh,1,-11.699999999998454,575.5999999999999,575.56,0.009980784087319002,587.5999999999981,2025-08-22,0.005868506189648848,ENTERED,,-11.899999999999636,2025
SHORT,2025-11-05,3942.3,3942.4,2025-11-07,3996.1,3996.0,{},daily_refresh,2,GC,20,daily_refresh,0,0.1000000000003638,-53.79999999999973,-53.839999999999726,0.021416988715889606,-53.70000000000027,2025-11-04,-0.006750047870153542,ENTERED,,0.0,2025
LONG,2025-11-07,3996.1,3996.0,2025-11-14,4188.9,4189.0,{},daily_refresh,5,GC,20,daily_refresh,0,11.799999999998363,192.79999999999973,192.75999999999974,0.021491307837438158,181.10000000000127,2025-11-06,0.009140591400509823,ENTERED,,11.899999999999636,2025
SHORT,2025-11-14,4188.9,4189.0,2025-11-19,4076.2,4076.1,{},daily_refresh,3,GC,20,daily_refresh,0,-13.400000000000091,112.69999999999982,112.65999999999981,0.019811002287341013,125.90000000000009,2025-11-13,-0.03206305666082876,ENTERED,,-13.200000000000273,2025
LONG,2025-11-19,4076.2,4076.1,2025-11-21,4079.1,4079.2,{},daily_refresh,2,GC,20,daily_refresh,0,0.0,2.900000000000091,2.860000000000091,0.013052071681315825,3.599999999999909,2025-11-18,0.004376750558865217,ENTERED,,0.0,2025
SHORT,2025-11-21,4079.1,4079.2,2025-11-25,4142.0,4141.9,{},daily_refresh,2,GC,20,daily_refresh,0,-8.899999999999636,-62.90000000000009,-62.94000000000009,0.013097986215535758,-53.80000000000018,2025-11-20,-0.0021485647140622177,ENTERED,,-8.899999999999636,2025
LONG,2025-11-25,4142.0,4141.9,2026-02-25,5165.0,5165.1,{},daily_refresh,66,GC,20,daily_refresh,8,48.899999999999636,779.7000000000007,779.6600000000008,0.013240270186140862,730.9000000000015,2025-11-24,0.0322492211838008,ENTERED,,20.600000000000364,2025
SHORT,2026-02-25,5165.0,5165.1,2026-03-02,5401.400000000001,5401.3,{},daily_refresh,3,GC,20,daily_refresh,0,0.1999999999989086,-236.40000000000055,-236.44000000000054,0.03786024651705814,-131.49999999999818,2026-02-24,-0.005245550678307009,ENTERED,,0.0,2026
LONG,2026-03-02,5401.400000000001,5401.3,2026-03-04,5134.4,5134.5,{},daily_refresh,2,GC,20,daily_refresh,0,0.7999999999992724,-267.0000000000009,-267.04000000000093,0.025551498279279106,-268.6999999999998,2026-02-27,0.0841942454472886,ENTERED,,0.0,2026
SHORT,2026-03-04,5134.4,5134.5,2026-03-06,5095.6,5095.5,{},daily_refresh,2,GC,20,daily_refresh,0,-0.3000000000001819,38.79999999999927,38.75999999999927,0.026470384053911587,39.19999999999982,2026-03-03,-0.011700180879208322,ENTERED,,0.0,2026
LONG,2026-03-06,5095.6,5095.5,2026-03-09,5083.0,5083.1,{},daily_refresh,1,GC,20,daily_refresh,0,0.0,-12.600000000000364,-12.640000000000363,0.02243395377669882,85.80000000000018,2026-03-05,0.032275765263182876,ENTERED,,0.0,2026
SHORT,2026-03-09,5083.0,5083.1,2026-03-10,5149.400000000001,5149.3,{},daily_refresh,1,GC,20,daily_refresh,0,0.0,-66.40000000000055,-66.44000000000055,0.018811951242588776,-66.69999999999982,2026-03-06,-0.0064575171055804015,ENTERED,,0.0,2026
LONG,2026-03-10,5149.400000000001,5149.3,2026-03-12,5139.299999999999,5139.4,{},daily_refresh,2,GC,20,daily_refresh,0,0.1000000000003638,-10.100000000001273,-10.140000000001272,0.019044130086695473,-9.400000000000546,2026-03-09,0.007017711920172864,ENTERED,,0.0,2026
SHORT,2026-03-12,5139.299999999999,5139.4,2026-03-13,5101.1,5101.0,{},daily_refresh,1,GC,20,daily_refresh,0,0.0,38.19999999999891,38.15999999999891,0.019396330548104718,37.899999999999636,2026-03-11,-0.0004742874534303665,ENTERED,,0.0,2026
LONG,2026-03-13,5101.1,5101.0,2026-03-16,5001.0,5001.1,{},daily_refresh,1,GC,20,daily_refresh,0,0.0,-100.10000000000036,-100.14000000000037,0.01831871216748771,-77.89999999999964,2026-03-12,0.02091831881853401,ENTERED,,0.0,2026
SHORT,2026-03-16,5001.0,5001.1,2026-03-18,5006.700000000001,5006.6,{},daily_refresh,2,GC,20,daily_refresh,0,0.0,-5.700000000000728,-5.740000000000728,0.017764278269317587,-5.5,2026-03-13,-0.019406614646826137,ENTERED,,0.0,2026
LONG,2026-03-18,5006.700000000001,5006.6,2026-03-19,4838.299999999999,4838.4,{},daily_refresh,1,GC,20,daily_refresh,0,0.0,-168.40000000000146,-168.44000000000145,0.01651676094333708,-167.40000000000055,2026-03-17,0.014828660843454688,ENTERED,,0.0,2026
SHORT,2026-03-19,4838.299999999999,4838.4,2026-04-17,4812.1,4812.0,{},daily_refresh,20,GC,20,daily_refresh,2,39.60000000000127,-116.60000000000127,-116.64000000000128,0.01724543455060074,-156.50000000000182,2026-03-18,-0.04225664364371762,ENTERED,,38.5,2026
LONG,2026-04-17,4812.1,4812.0,2026-05-05,4528.5,4528.6,{},daily_refresh,12,GC,20,daily_refresh,1,-29.19999999999891,-208.60000000000036,-208.64000000000036,0.022738347678819455,-179.70000000000073,2026-04-16,0.02513888438299161,ENTERED,,-30.899999999999636,2026
SHORT,2026-05-05,4528.5,4528.6,2026-05-07,4708.400000000001,4708.3,{},daily_refresh,2,GC,20,daily_refresh,0,0.3999999999996362,-179.90000000000055,-179.94000000000054,0.015611458808852889,-179.9999999999991,2026-05-04,-0.002331435313252972,ENTERED,,0.0,2026
LONG,2026-05-07,4708.400000000001,4708.3,2026-05-13,4724.4,4724.5,{},daily_refresh,4,GC,20,daily_refresh,0,-24.100000000000364,15.99999999999909,15.959999999999091,0.013308510337173224,40.5,2026-05-06,0.025769586712524273,ENTERED,,-23.800000000000182,2026
SHORT,2026-05-13,4724.4,4724.5,2026-07-22,4085.6,4085.5,{},daily_refresh,50,GC,20,daily_refresh,3,11.000000000001364,736.0000000000009,735.960000000001,0.012364671008448683,725.5,2026-05-12,-0.012913327925210605,ENTERED,,46.099999999999,2026
LONG,2026-07-22,4085.6,4085.5,2026-07-27,4097.099999999999,4097.2,{},daily_refresh,3,GC,20,daily_refresh,0,1.400000000000091,11.499999999999545,11.459999999999546,0.013655186047356759,-31.200000000000273,2026-07-21,0.0010520583071911283,ENTERED,,0.0,2026
SHORT,2026-07-27,4097.099999999999,4097.2,2026-07-28,4074.5,4074.4,{},daily_refresh,1,GC,20,daily_refresh,0,0.0,22.599999999999454,22.559999999999455,0.013239361222522212,22.799999999999727,2026-07-24,-0.002882553343058536,ENTERED,,0.0,2026
LONG,2026-07-28,4074.5,4074.4,2026-07-29,4024.9,4025.0,{},daily_refresh,1,GC,20,daily_refresh,0,0.0,-49.59999999999991,-49.63999999999991,0.012635324972881749,-50.09999999999991,2026-07-27,0.00968045445614818,ENTERED,,0.0,2026
SHORT,2026-07-29,4024.9,4025.0,2026-07-30,4083.7,4083.6,{},daily_refresh,1,GC,20,daily_refresh,0,0.0,-58.79999999999973,-58.839999999999726,0.012945025150613328,-56.69999999999982,2026-07-28,-0.00012935829744420424,ENTERED,,0.0,2026
LONG,2026-07-30,4083.7,4083.6,2026-07-31,4164.7,4164.8,{},daily_refresh,1,GC,20,daily_refresh,0,0.0,81.0,80.96,0.013245519095241806,16.299999999999727,2026-07-29,0.006991076899929727,ENTERED,,0.0,2026
SHORT,2026-07-31,4164.7,4164.8,2026-08-06,4337.3,4337.2,{},daily_refresh,4,GC,20,daily_refresh,0,-31.699999999999818,-172.60000000000036,-172.64000000000036,0.01222165946376253,-140.80000000000018,2026-07-30,-0.010951654463577931,ENTERED,,-31.899999999999636,2026
LONG,2026-08-06,4337.3,4337.2,2026-08-14,4431.9,4432.0,{},daily_refresh,7,GC,20,daily_refresh,0,-9.400000000000546,94.59999999999945,94.55999999999945,0.0165143505297186,104.20000000000073,2026-08-05,0.043526299351869024,ENTERED,,-9.400000000000546,2026
