candidate,direction,entry_fill,entry_theo,entry_ts,exit_px,exit_ts,extras,hold_sec,instrument,mae_points,mfe_points,open_class,outcome,poc,points,points_after_cost,r_after_cost,r_multiple,risk_points,signal_hhmm,status,stop,target,target_name,trading_date,vah,val,year
VP_OUTSIDE_ACCEPT_POC,LONG,3239.5,3239.25,1578062760,3237.75,1578084900,"{""adverse_ticks"": 1.0, ""tick"": 0.25}",22140,ES,9.25,7.0,OPEN_BELOW_VAL,TIME_EXIT,3249.0,-1.75,-1.83,-0.09631578947368422,-0.09210526315789473,19.0,09:45,ENTERED,3220.5,3249.0,POC,2020-01-03,3251.25,3239.25,2020
VP_OUTSIDE_ACCEPT_POC,LONG,3233.0,3232.75,1578325440,3237.75,1578334620,"{""adverse_ticks"": 1.0, ""tick"": 0.25}",9180,ES,2.25,5.0,OPEN_BELOW_VAL,TARGET_HIT,3237.75,4.75,4.67,0.23349999999999999,0.2375,20.0,10:43,ENTERED,3213.0,3237.75,POC,2020-01-06,3240.25,3232.75,2020
VP_OUTSIDE_ACCEPT_POC,SHORT,3267.0,3267.25,1578581220,3274.25,1578584340,"{""adverse_ticks"": 1.0, ""tick"": 0.25}",3120,ES,7.0,1.75,OPEN_ABOVE_VAH,STOP_HIT,3258.5,-7.25,-7.33,-1.0110344827586206,-1.0,7.25,09:46,ENTERED,3274.25,3258.5,POC,2020-01-09,3267.5,3247.0,2020
VP_OUTSIDE_ACCEPT_POC,SHORT,3274.5,3274.75,1578674760,3273.0,1578675720,"{""adverse_ticks"": 1.0, ""tick"": 0.25}",960,ES,1.25,2.25,OPEN_ABOVE_VAH,TARGET_HIT,3273.0,1.5,1.42,0.14947368421052631,0.15789473684210525,9.5,11:45,ENTERED,3284.0,3273.0,POC,2020-01-10,3274.75,3269.25,2020
VP_OUTSIDE_ACCEPT_POC,LONG,3322.5,3322.25,1579617180,3324.5,1579623300,"{""adverse_ticks"": 1.0, ""tick"": 0.25}",6120,ES,5.0,2.25,OPEN_BELOW_VAL,TARGET_HIT,3324.5,2.0,1.92,0.28444444444444444,0.2962962962962963,6.75,09:32,ENTERED,3315.75,3324.5,POC,2020-01-21,3326.0,3321.75,2020
VP_OUTSIDE_ACCEPT_POC,SHORT,3322.25,3322.5,1579724160,3321.25,1579724520,"{""adverse_ticks"": 1.0, ""tick"": 0.25}",360,ES,1.75,2.0,OPEN_ABOVE_VAH,TARGET_HIT,3321.25,1.0,0.92,0.05935483870967742,0.06451612903225806,15.5,15:15,ENTERED,3337.75,3321.25,POC,2020-01-22,3323.0,3318.0,2020
VP_OUTSIDE_ACCEPT_POC,LONG,3326.25,3326.0,1579811580,3325.0,1579812900,"{""adverse_ticks"": 1.0, ""tick"": 0.25}",1320,ES,4.0,0.5,OPEN_BELOW_VAL,TIME_EXIT,3329.0,-1.25,-1.33,-0.05267326732673268,-0.04950495049504951,25.25,15:32,ENTERED,3301.0,3329.0,POC,2020-01-23,3335.5,3325.75,2020
VP_OUTSIDE_ACCEPT_POC,SHORT,3315.5,3315.75,1579880760,3312.0,1579883040,"{""adverse_ticks"": 1.0, ""tick"": 0.25}",2280,ES,6.75,4.5,OPEN_ABOVE_VAH,TARGET_HIT,3312.0,3.5,3.42,0.19826086956521738,0.2028985507246377,17.25,10:45,ENTERED,3332.75,3312.0,POC,2020-01-24,3315.75,3301.75,2020
VP_OUTSIDE_ACCEPT_POC,SHORT,3283.75,3284.0,1580309340,3275.0,1580310060,"{""adverse_ticks"": 1.0, ""tick"": 0.25}",720,ES,1.25,9.5,OPEN_ABOVE_VAH,TARGET_HIT,3275.0,8.75,8.67,1.1187096774193548,1.1290322580645162,7.75,09:48,ENTERED,3291.5,3275.0,POC,2020-01-29,3284.25,3269.25,2020
VP_OUTSIDE_ACCEPT_POC,LONG,3278.25,3278.0,1580417040,3280.0,1580417700,"{""adverse_ticks"": 1.0, ""tick"": 0.25}",660,ES,2.5,3.75,OPEN_BELOW_VAL,TIME_EXIT,3285.25,1.75,1.67,0.044533333333333334,0.04666666666666667,37.5,15:43,ENTERED,3240.75,3285.25,POC,2020-01-30,3290.0,3277.5,2020
VP_OUTSIDE_ACCEPT_POC,SHORT,3263.75,3264.0,1580482020,3257.5,1580483040,"{""adverse_ticks"": 1.0, ""tick"": 0.25}",1020,ES,3.25,7.0,OPEN_ABOVE_VAH,TARGET_HIT,3257.5,6.25,6.17,0.4407142857142857,0.44642857142857145,14.0,09:46,ENTERED,3277.75,3257.5,POC,2020-01-31,3264.25,3246.25,2020
VP_OUTSIDE_ACCEPT_POC,LONG,3340.25,3340.0,1581093180,3323.75,1581102240,"{""adverse_ticks"": 1.0, ""tick"": 0.25}",9060,ES,16.5,0.25,OPEN_BELOW_VAL,STOP_HIT,3343.75,-16.5,-16.58,-1.0048484848484847,-1.0,16.5,11:32,ENTERED,3323.75,3343.75,POC,2020-02-07,3345.75,3339.75,2020
VP_OUTSIDE_ACCEPT_POC,LONG,3326.5,3326.25,1581345480,3327.5,1581345600,"{""adverse_ticks"": 1.0, ""tick"": 0.25}",120,ES,0.75,1.25,OPEN_BELOW_VAL,TARGET_HIT,3327.5,1.0,0.92,0.08761904761904762,0.09523809523809523,10.5,09:37,ENTERED,3316.0,3327.5,POC,2020-02-10,3334.75,3325.5,2020
VP_OUTSIDE_ACCEPT_POC,LONG,3371.5,3371.25,1581605700,3375.25,1581609660,"{""adverse_ticks"": 1.0, ""tick"": 0.25}",3960,ES,11.75,4.5,OPEN_BELOW_VAL,TARGET_HIT,3375.25,3.75,3.67,0.28784313725490196,0.29411764705882354,12.75,09:54,ENTERED,3358.75,3375.25,POC,2020-02-13,3376.25,3371.0,2020
VP_OUTSIDE_ACCEPT_POC,LONG,3372.25,3372.0,1582036440,3366.75,1582039740,"{""adverse_ticks"": 1.0, ""tick"": 0.25}",3300,ES,9.5,2.5,OPEN_BELOW_VAL,STOP_HIT,3378.5,-5.5,-5.58,-1.0145454545454546,-1.0,5.5,09:33,ENTERED,3366.75,3378.5,POC,2020-02-18,3379.25,3372.25,2020
VP_OUTSIDE_ACCEPT_POC,LONG,3385.5,3385.25,1582210260,3377.5,1582215240,"{""adverse_ticks"": 1.0, ""tick"": 0.25}",4980,ES,9.25,3.75,OPEN_BELOW_VAL,STOP_HIT,3390.75,-8.0,-8.08,-1.01,-1.0,8.0,09:50,ENTERED,3377.5,3390.75,POC,2020-02-20,3391.5,3384.5,2020
VP_OUTSIDE_ACCEPT_POC,LONG,2544.0,2543.75,1585316220,2523.25,1585316460,"{""adverse_ticks"": 1.0, ""tick"": 0.25}",240,ES,22.5,1.75,OPEN_BELOW_VAL,STOP_HIT,2577.25,-20.75,-20.83,-1.0038554216867468,-1.0,20.75,09:36,ENTERED,2523.25,2577.25,POC,2020-03-27,2591.0,2538.75,2020
VP_OUTSIDE_ACCEPT_POC,LONG,2687.0,2686.75,1586357940,2727.0,1586370300,"{""adverse_ticks"": 1.0, ""tick"": 0.25}",12360,ES,6.0,40.5,OPEN_BELOW_VAL,TARGET_HIT,2727.0,40.0,39.92,1.1828148148148148,1.1851851851851851,33.75,10:58,ENTERED,2653.25,2727.0,POC,2020-04-08,2739.75,2686.25,2020
VP_OUTSIDE_ACCEPT_POC,SHORT,2777.75,2778.0,1587044280,2772.75,1587045060,"{""adverse_ticks"": 1.0, ""tick"": 0.25}",780,ES,8.75,6.5,OPEN_ABOVE_VAH,TARGET_HIT,2772.75,5.0,4.92,0.28114285714285714,0.2857142857142857,17.5,09:37,ENTERED,2795.25,2772.75,POC,2020-04-16,2779.0,2758.5,2020
VP_OUTSIDE_ACCEPT_POC,LONG,2829.0,2828.75,1587389880,2833.75,1587390360,"{""adverse_ticks"": 1.0, ""tick"": 0.25}",480,ES,3.5,5.75,OPEN_BELOW_VAL,TARGET_HIT,2833.75,4.75,4.67,0.455609756097561,0.4634146341463415,10.25,09:37,ENTERED,2818.75,2833.75,POC,2020-04-20,2848.75,2827.0,2020
VP_OUTSIDE_ACCEPT_POC,SHORT,2876.75,2877.0,1588084980,2868.25,1588085640,"{""adverse_ticks"": 1.0, ""tick"": 0.25}",660,ES,0.5,11.75,OPEN_ABOVE_VAH,TARGET_HIT,2868.25,8.5,8.42,0.23552447552447553,0.23776223776223776,35.75,10:42,ENTERED,2912.5,2868.25,POC,2020-04-28,2877.25,2856.25,2020
VP_OUTSIDE_ACCEPT_POC,LONG,2814.25,2814.0,1588601820,2822.25,1588618740,"{""adverse_ticks"": 1.0, ""tick"": 0.25}",16920,ES,15.5,8.5,OPEN_BELOW_VAL,TARGET_HIT,2822.25,8.0,7.92,0.3046153846153846,0.3076923076923077,26.0,10:16,ENTERED,2788.25,2822.25,POC,2020-05-04,2843.0,2812.0,2020
VP_OUTSIDE_ACCEPT_POC,SHORT,2871.5,2871.75,1588860720,2887.0,1588866180,"{""adverse_ticks"": 1.0, ""tick"": 0.25}",5460,ES,17.0,3.0,OPEN_ABOVE_VAH,STOP_HIT,2860.5,-15.5,-15.58,-1.0051612903225806,-1.0,15.5,10:11,ENTERED,2887.0,2860.5,POC,2020-05-07,2872.0,2853.5,2020
VP_OUTSIDE_ACCEPT_POC,LONG,2904.0,2903.75,1589204340,2913.0,1589210880,"{""adverse_ticks"": 1.0, ""tick"": 0.25}",6540,ES,4.5,10.5,OPEN_BELOW_VAL,TARGET_HIT,2913.0,9.0,8.92,1.0194285714285714,1.0285714285714285,8.75,09:38,ENTERED,2895.25,2913.0,POC,2020-05-11,2917.0,2903.5,2020
VP_OUTSIDE_ACCEPT_POC,LONG,2941.5,2941.25,1589895180,2937.25,1589895240,"{""adverse_ticks"": 1.0, ""tick"": 0.25}",60,ES,5.75,2.0,OPEN_BELOW_VAL,STOP_HIT,2946.75,-4.25,-4.33,-1.0188235294117647,-1.0,4.25,09:32,ENTERED,2937.25,2946.75,POC,2020-05-19,2962.75,2941.0,2020
VP_OUTSIDE_ACCEPT_POC,SHORT,2953.0,2953.25,1589981520,2958.5,1589981940,"{""adverse_ticks"": 1.0, ""tick"": 0.25}",420,ES,6.75,1.0,OPEN_ABOVE_VAH,STOP_HIT,2948.5,-5.5,-5.58,-1.0145454545454546,-1.0,5.5,09:31,ENTERED,2958.5,2948.5,POC,2020-05-20,2954.25,2938.25,2020
VP_OUTSIDE_ACCEPT_POC,SHORT,3011.5,3011.75,1590586560,3008.5,1590586800,"{""adverse_ticks"": 1.0, ""tick"": 0.25}",240,ES,1.0,6.0,OPEN_ABOVE_VAH,TARGET_HIT,3008.5,3.0,2.92,0.3767741935483871,0.3870967741935484,7.75,09:35,ENTERED,3019.25,3008.5,POC,2020-05-27,3012.25,2999.75,2020
VP_OUTSIDE_ACCEPT_POC,SHORT,3027.5,3027.75,1591018260,3033.75,1591018260,"{""adverse_ticks"": 1.0, ""tick"": 0.25}",0,ES,7.75,0.25,OPEN_ABOVE_VAH,STOP_HIT,3012.75,-6.25,-6.33,-1.0128,-1.0,6.25,09:30,ENTERED,3033.75,3012.75,POC,2020-06-01,3027.75,3000.0,2020
VP_OUTSIDE_ACCEPT_POC,SHORT,3057.25,3057.5,1591105020,3053.5,1591105020,"{""adverse_ticks"": 1.0, ""tick"": 0.25}",0,ES,0.5,5.75,OPEN_ABOVE_VAH,TARGET_HIT,3053.5,3.75,3.67,0.6116666666666667,0.625,6.0,09:36,ENTERED,3063.25,3053.5,POC,2020-06-02,3058.0,3043.25,2020
VP_OUTSIDE_ACCEPT_POC,LONG,3103.0,3102.75,1592489220,3101.25,1592510100,"{""adverse_ticks"": 1.0, ""tick"": 0.25}",20880,ES,16.25,6.25,OPEN_BELOW_VAL,TIME_EXIT,3115.25,-1.75,-1.83,-0.08133333333333334,-0.07777777777777778,22.5,10:06,ENTERED,3080.5,3115.25,POC,2020-06-18,3120.25,3101.0,2020
VP_OUTSIDE_ACCEPT_POC,SHORT,3046.5,3046.75,1593179100,3042.5,1593180180,"{""adverse_ticks"": 1.0, ""tick"": 0.25}",1080,ES,5.75,4.25,OPEN_ABOVE_VAH,TARGET_HIT,3042.5,4.0,3.92,0.23058823529411765,0.23529411764705882,17.0,09:44,ENTERED,3063.5,3042.5,POC,2020-06-26,3050.25,3024.75,2020
VP_OUTSIDE_ACCEPT_POC,LONG,3158.5,3158.25,1594129620,3162.25,1594130460,"{""adverse_ticks"": 1.0, ""tick"": 0.25}",840,ES,1.75,4.5,OPEN_BELOW_VAL,TARGET_HIT,3162.25,3.75,3.67,0.3495238095238095,0.35714285714285715,10.5,09:46,ENTERED,3148.0,3162.25,POC,2020-07-07,3167.0,3157.25,2020
VP_OUTSIDE_ACCEPT_POC,LONG,3151.75,3151.5,1594215300,3140.0,1594220820,"{""adverse_ticks"": 1.0, ""tick"": 0.25}",5520,ES,12.5,10.75,OPEN_BELOW_VAL,STOP_HIT,3167.75,-11.75,-11.83,-1.0068085106382978,-1.0,11.75,09:34,ENTERED,3140.0,3167.75,POC,2020-07-08,3171.75,3151.0,2020
VP_OUTSIDE_ACCEPT_POC,SHORT,3153.25,3153.5,1594302540,3140.75,1594305540,"{""adverse_ticks"": 1.0, ""tick"": 0.25}",3000,ES,9.5,13.25,OPEN_ABOVE_VAH,TARGET_HIT,3140.75,12.5,12.42,0.7305882352941176,0.7352941176470589,17.0,09:48,ENTERED,3170.25,3140.75,POC,2020-07-09,3154.25,3134.5,2020
VP_OUTSIDE_ACCEPT_POC,LONG,3209.0,3208.75,1594928040,3205.5,1594929300,"{""adverse_ticks"": 1.0, ""tick"": 0.25}",1260,ES,7.25,3.25,OPEN_BELOW_VAL,TIME_EXIT,3217.5,-3.5,-3.58,-0.18842105263157896,-0.18421052631578946,19.0,15:33,ENTERED,3190.0,3217.5,POC,2020-07-16,3224.0,3208.5,2020
VP_OUTSIDE_ACCEPT_POC,SHORT,3201.25,3201.5,1594995900,3196.5,1594996320,"{""adverse_ticks"": 1.0, ""tick"": 0.25}",420,ES,0.75,5.0,OPEN_ABOVE_VAH,TARGET_HIT,3196.5,4.75,4.67,0.2594444444444444,0.2638888888888889,18.0,10:24,ENTERED,3219.25,3196.5,POC,2020-07-17,3203.25,3194.0,2020
VP_OUTSIDE_ACCEPT_POC,LONG,3257.5,3257.25,1595425860,3244.75,1595430900,"{""adverse_ticks"": 1.0, ""tick"": 0.25}",5040,ES,12.75,3.75,OPEN_BELOW_VAL,STOP_HIT,3263.75,-12.75,-12.83,-1.0062745098039216,-1.0,12.75,09:50,ENTERED,3244.75,3263.75,POC,2020-07-22,3267.5,3255.75,2020
VP_OUTSIDE_ACCEPT_POC,SHORT,3260.0,3260.25,1595513700,3257.25,1595513940,"{""adverse_ticks"": 1.0, ""tick"": 0.25}",240,ES,2.0,5.0,OPEN_ABOVE_VAH,TARGET_HIT,3257.25,2.75,2.67,0.2225,0.22916666666666666,12.0,10:14,ENTERED,3272.0,3257.25,POC,2020-07-23,3260.75,3249.75,2020
VP_OUTSIDE_ACCEPT_POC,LONG,3214.5,3214.25,1595600640,3194.0,1595610840,"{""adverse_ticks"": 1.0, ""tick"": 0.25}",10200,ES,21.75,5.0,OPEN_BELOW_VAL,STOP_HIT,3226.25,-20.5,-20.58,-1.0039024390243902,-1.0,20.5,10:23,ENTERED,3194.0,3226.25,POC,2020-07-24,3260.0,3214.25,2020
VP_OUTSIDE_ACCEPT_POC,SHORT,3212.75,3213.0,1595856660,3207.5,1595856720,"{""adverse_ticks"": 1.0, ""tick"": 0.25}",60,ES,0.25,5.5,OPEN_ABOVE_VAH,TARGET_HIT,3207.5,5.25,5.17,1.2925,1.3125,4.0,09:30,ENTERED,3216.75,3207.5,POC,2020-07-27,3213.0,3202.25,2020
VP_OUTSIDE_ACCEPT_POC,LONG,3221.75,3221.5,1596029460,3227.5,1596029640,"{""adverse_ticks"": 1.0, ""tick"": 0.25}",180,ES,1.25,6.0,OPEN_BELOW_VAL,TARGET_HIT,3227.5,5.75,5.67,2.835,2.875,2.0,09:30,ENTERED,3219.75,3227.5,POC,2020-07-29,3234.0,3221.5,2020
VP_OUTSIDE_ACCEPT_POC,SHORT,3241.5,3241.75,1596203460,3235.0,1596204600,"{""adverse_ticks"": 1.0, ""tick"": 0.25}",1140,ES,5.5,7.0,OPEN_ABOVE_VAH,TARGET_HIT,3235.0,6.5,6.42,0.33350649350649353,0.33766233766233766,19.25,09:50,ENTERED,3260.75,3235.0,POC,2020-07-31,3243.25,3219.5,2020
VP_OUTSIDE_ACCEPT_POC,LONG,3285.75,3285.5,1596548820,3288.75,1596549720,"{""adverse_ticks"": 1.0, ""tick"": 0.25}",900,ES,1.25,3.25,OPEN_BELOW_VAL,TARGET_HIT,3288.75,3.0,2.92,0.35393939393939394,0.36363636363636365,8.25,09:46,ENTERED,3277.5,3288.75,POC,2020-08-04,3293.25,3285.5,2020
VP_OUTSIDE_ACCEPT_POC,LONG,3317.75,3317.5,1596720720,3318.25,1596720720,"{""adverse_ticks"": 1.0, ""tick"": 0.25}",0,ES,0.5,1.0,OPEN_BELOW_VAL,TARGET_HIT,3318.25,0.5,0.42,0.08399999999999999,0.1,5.0,09:31,ENTERED,3312.75,3318.25,POC,2020-08-06,3321.25,3316.5,2020
VP_OUTSIDE_ACCEPT_POC,SHORT,3340.25,3340.5,1597070940,3331.5,1597071540,"{""adverse_ticks"": 1.0, ""tick"": 0.25}",600,ES,1.75,9.5,OPEN_ABOVE_VAH,TARGET_HIT,3331.5,8.75,8.67,0.5685245901639344,0.5737704918032787,15.25,10:48,ENTERED,3355.5,3331.5,POC,2020-08-10,3341.5,3329.5,2020
VP_OUTSIDE_ACCEPT_POC,SHORT,3353.0,3353.25,1597173300,3351.5,1597173300,"{""adverse_ticks"": 1.0, ""tick"": 0.25}",0,ES,1.25,1.75,OPEN_ABOVE_VAH,TARGET_HIT,3351.5,1.5,1.42,0.06454545454545454,0.06818181818181818,22.0,15:14,ENTERED,3375.0,3351.5,POC,2020-08-11,3355.25,3347.25,2020
VP_OUTSIDE_ACCEPT_POC,LONG,3358.0,3357.75,1597239060,3369.5,1597242180,"{""adverse_ticks"": 1.0, ""tick"": 0.25}",3120,ES,2.75,11.75,OPEN_BELOW_VAL,TARGET_HIT,3369.5,11.5,11.42,2.4042105263157896,2.4210526315789473,4.75,09:30,ENTERED,3353.25,3369.5,POC,2020-08-12,3372.5,3355.75,2020
VP_OUTSIDE_ACCEPT_POC,LONG,3368.5,3368.25,1597325580,3371.0,1597325880,"{""adverse_ticks"": 1.0, ""tick"": 0.25}",300,ES,2.5,3.25,OPEN_BELOW_VAL,TARGET_HIT,3371.0,2.5,2.42,0.484,0.5,5.0,09:32,ENTERED,3363.5,3371.0,POC,2020-08-13,3379.25,3368.0,2020
VP_OUTSIDE_ACCEPT_POC,LONG,3368.0,3367.75,1597413660,3358.0,1597433100,"{""adverse_ticks"": 1.0, ""tick"": 0.25}",19440,ES,9.75,5.75,OPEN_BELOW_VAL,STOP_HIT,3376.5,-10.0,-10.08,-1.008,-1.0,10.0,10:00,ENTERED,3358.0,3376.5,POC,2020-08-14,3379.5,3367.5,2020
VP_OUTSIDE_ACCEPT_POC,LONG,3380.75,3380.5,1597948380,3381.0,1597953300,"{""adverse_ticks"": 1.0, ""tick"": 0.25}",4920,ES,3.5,6.5,OPEN_BELOW_VAL,TIME_EXIT,3390.75,0.25,0.16999999999999998,0.005714285714285713,0.008403361344537815,29.75,14:32,ENTERED,3351.0,3390.75,POC,2020-08-20,3393.75,3380.0,2020
VP_OUTSIDE_ACCEPT_POC,SHORT,3477.0,3477.25,1598535240,3485.5,1598536200,"{""adverse_ticks"": 1.0, ""tick"": 0.25}",960,ES,8.75,3.5,OPEN_ABOVE_VAH,STOP_HIT,3467.25,-8.5,-8.58,-1.0094117647058825,-1.0,8.5,09:33,ENTERED,3485.5,3467.25,POC,2020-08-27,3477.75,3458.0,2020
VP_OUTSIDE_ACCEPT_POC,SHORT,3494.75,3495.0,1598887560,3492.0,1598887560,"{""adverse_ticks"": 1.0, ""tick"": 0.25}",0,ES,0.0,3.25,OPEN_ABOVE_VAH,TARGET_HIT,3492.0,2.75,2.67,0.2053846153846154,0.21153846153846154,13.0,11:25,ENTERED,3507.75,3492.0,POC,2020-08-31,3495.25,3484.25,2020
VP_OUTSIDE_ACCEPT_POC,SHORT,3372.75,3373.0,1599658440,3377.25,1599658560,"{""adverse_ticks"": 1.0, ""tick"": 0.25}",120,ES,4.5,0.75,OPEN_ABOVE_VAH,STOP_HIT,3362.75,-4.5,-4.58,-1.017777777777778,-1.0,4.5,09:33,ENTERED,3377.25,3362.75,POC,2020-09-09,3373.5,3345.25,2020
VP_OUTSIDE_ACCEPT_POC,SHORT,3361.25,3361.5,1600090500,3369.0,1600090800,"{""adverse_ticks"": 1.0, ""tick"": 0.25}",300,ES,9.25,3.25,OPEN_ABOVE_VAH,STOP_HIT,3342.0,-7.75,-7.83,-1.0103225806451612,-1.0,7.75,09:34,ENTERED,3369.0,3342.0,POC,2020-09-14,3362.25,3331.5,2020
VP_OUTSIDE_ACCEPT_POC,SHORT,3389.25,3389.5,1600196760,3385.75,1600196880,"{""adverse_ticks"": 1.0, ""tick"": 0.25}",120,ES,0.75,3.75,OPEN_ABOVE_VAH,TARGET_HIT,3385.75,3.5,3.42,0.17099999999999999,0.175,20.0,15:05,ENTERED,3409.25,3385.75,POC,2020-09-15,3389.75,3374.5,2020
VP_OUTSIDE_ACCEPT_POC,SHORT,3342.25,3342.5,1600436760,3326.0,1600441260,"{""adverse_ticks"": 1.0, ""tick"": 0.25}",4500,ES,9.25,16.5,OPEN_ABOVE_VAH,TARGET_HIT,3326.0,16.25,16.17,1.060327868852459,1.0655737704918034,15.25,09:45,ENTERED,3357.5,3326.0,POC,2020-09-18,3345.0,3321.5,2020
VP_OUTSIDE_ACCEPT_POC,SHORT,3294.75,3295.0,1600870140,3283.5,1600875120,"{""adverse_ticks"": 1.0, ""tick"": 0.25}",4980,ES,3.75,13.5,OPEN_ABOVE_VAH,TARGET_HIT,3283.5,11.25,11.17,0.6205555555555555,0.625,18.0,10:08,ENTERED,3312.75,3283.5,POC,2020-09-23,3295.0,3269.75,2020
VP_OUTSIDE_ACCEPT_POC,SHORT,3370.0,3370.25,1601560440,3360.75,1601561160,"{""adverse_ticks"": 1.0, ""tick"": 0.25}",720,ES,2.5,10.25,OPEN_ABOVE_VAH,TARGET_HIT,3360.75,9.25,9.17,0.5166197183098592,0.5211267605633803,17.75,09:53,ENTERED,3387.75,3360.75,POC,2020-10-01,3372.25,3345.25,2020
VP_OUTSIDE_ACCEPT_POC,SHORT,3391.25,3391.5,1601992500,3403.0,1601993760,"{""adverse_ticks"": 1.0, ""tick"": 0.25}",1260,ES,12.0,0.5,OPEN_ABOVE_VAH,STOP_HIT,3384.0,-11.75,-11.83,-1.0068085106382978,-1.0,11.75,09:54,ENTERED,3403.0,3384.0,POC,2020-10-06,3392.25,3367.0,2020
VP_OUTSIDE_ACCEPT_POC,SHORT,3444.0,3444.25,1603466580,3456.25,1603482900,"{""adverse_ticks"": 1.0, ""tick"": 0.25}",16320,ES,12.25,12.75,OPEN_ABOVE_VAH,TIME_EXIT,3423.75,-12.25,-12.33,-0.7361194029850746,-0.7313432835820896,16.75,11:22,ENTERED,3460.75,3423.75,POC,2020-10-23,3444.0,3417.75,2020
VP_OUTSIDE_ACCEPT_POC,SHORT,3393.5,3393.75,1603805520,3399.75,1603805820,"{""adverse_ticks"": 1.0, ""tick"": 0.25}",300,ES,6.75,4.5,OPEN_ABOVE_VAH,STOP_HIT,3383.75,-6.25,-6.33,-1.0128,-1.0,6.25,09:31,ENTERED,3399.75,3383.75,POC,2020-10-27,3395.0,3363.0,2020
VP_OUTSIDE_ACCEPT_POC,LONG,3273.75,3273.5,1603978260,3265.25,1603978500,"{""adverse_ticks"": 1.0, ""tick"": 0.25}",240,ES,9.25,3.0,OPEN_BELOW_VAL,STOP_HIT,3283.25,-8.5,-8.58,-1.0094117647058825,-1.0,8.5,09:30,ENTERED,3265.25,3283.25,POC,2020-10-29,3299.0,3272.75,2020
VP_OUTSIDE_ACCEPT_POC,LONG,3504.5,3504.25,1604678040,3511.5,1604695500,"{""adverse_ticks"": 1.0, ""tick"": 0.25}",17460,ES,19.5,8.0,OPEN_BELOW_VAL,TARGET_HIT,3511.5,7.0,6.92,0.24495575221238938,0.24778761061946902,28.25,10:53,ENTERED,3476.25,3511.5,POC,2020-11-06,3516.25,3502.0,2020
VP_OUTSIDE_ACCEPT_POC,LONG,3604.25,3604.0,1605628320,3608.25,1605629340,"{""adverse_ticks"": 1.0, ""tick"": 0.25}",1020,ES,0.5,4.75,OPEN_BELOW_VAL,TARGET_HIT,3608.25,4.0,3.92,0.19358024691358025,0.19753086419753085,20.25,10:51,ENTERED,3584.0,3608.25,POC,2020-11-17,3617.75,3603.5,2020
VP_OUTSIDE_ACCEPT_POC,SHORT,3567.25,3567.5,1605884160,3559.5,1605903180,"{""adverse_ticks"": 1.0, ""tick"": 0.25}",19020,ES,8.5,8.25,OPEN_ABOVE_VAH,TARGET_HIT,3559.5,7.75,7.67,0.7304761904761905,0.7380952380952381,10.5,09:55,ENTERED,3577.75,3559.5,POC,2020-11-20,3568.0,3547.5,2020
VP_OUTSIDE_ACCEPT_POC,SHORT,3625.75,3626.0,1606746960,3623.0,1606746960,"{""adverse_ticks"": 1.0, ""tick"": 0.25}",0,ES,0.25,3.75,OPEN_ABOVE_VAH,TARGET_HIT,3623.0,2.75,2.67,0.445,0.4583333333333333,6.0,09:35,ENTERED,3631.75,3623.0,POC,2020-11-30,3628.0,3621.0,2020
VP_OUTSIDE_ACCEPT_POC,LONG,3659.0,3658.75,1606923900,3668.0,1606937640,"{""adverse_ticks"": 1.0, ""tick"": 0.25}",13740,ES,5.0,10.0,OPEN_BELOW_VAL,TARGET_HIT,3668.0,9.0,8.92,0.5247058823529411,0.5294117647058824,17.0,10:44,ENTERED,3642.0,3668.0,POC,2020-12-02,3670.0,3658.5,2020
VP_OUTSIDE_ACCEPT_POC,LONG,3687.0,3686.75,1607440080,3693.75,1607444220,"{""adverse_ticks"": 1.0, ""tick"": 0.25}",4140,ES,9.75,7.5,OPEN_BELOW_VAL,TARGET_HIT,3693.75,6.75,6.67,0.6204651162790698,0.627906976744186,10.75,10:07,ENTERED,3676.25,3693.75,POC,2020-12-08,3695.5,3685.5,2020
VP_OUTSIDE_ACCEPT_POC,SHORT,3706.0,3706.25,1607524320,3709.5,1607524920,"{""adverse_ticks"": 1.0, ""tick"": 0.25}",600,ES,4.0,2.5,OPEN_ABOVE_VAH,STOP_HIT,3701.75,-3.5,-3.58,-1.022857142857143,-1.0,3.5,09:31,ENTERED,3709.5,3701.75,POC,2020-12-09,3706.75,3685.0,2020
VP_OUTSIDE_ACCEPT_POC,LONG,3662.5,3662.25,1607611260,3668.5,1607611800,"{""adverse_ticks"": 1.0, ""tick"": 0.25}",540,ES,3.75,6.75,OPEN_BELOW_VAL,TARGET_HIT,3668.5,6.0,5.92,0.3157333333333333,0.32,18.75,09:40,ENTERED,3643.75,3668.5,POC,2020-12-10,3694.25,3660.25,2020
VP_OUTSIDE_ACCEPT_POC,LONG,3664.0,3663.75,1607717820,3660.25,1607720100,"{""adverse_ticks"": 1.0, ""tick"": 0.25}",2280,ES,7.0,1.75,OPEN_BELOW_VAL,TIME_EXIT,3670.5,-3.75,-3.83,-0.1196875,-0.1171875,32.0,15:16,ENTERED,3632.0,3670.5,POC,2020-12-11,3675.25,3663.75,2020
VP_OUTSIDE_ACCEPT_POC,SHORT,3664.0,3664.25,1607967660,3656.75,1607969220,"{""adverse_ticks"": 1.0, ""tick"": 0.25}",1560,ES,0.5,7.75,OPEN_ABOVE_VAH,TARGET_HIT,3656.75,7.25,7.17,0.25837837837837835,0.26126126126126126,27.75,12:40,ENTERED,3691.75,3656.75,POC,2020-12-14,3664.0,3647.25,2020
VP_OUTSIDE_ACCEPT_POC,SHORT,3730.25,3730.5,1609253820,3727.25,1609254720,"{""adverse_ticks"": 1.0, ""tick"": 0.25}",900,ES,4.75,3.75,OPEN_ABOVE_VAH,TARGET_HIT,3727.25,3.0,2.92,0.17969230769230768,0.18461538461538463,16.25,09:56,ENTERED,3746.5,3727.25,POC,2020-12-29,3731.5,3724.5,2020
VP_OUTSIDE_ACCEPT_POC,LONG,3726.5,3726.25,1609426980,3729.75,1609442100,"{""adverse_ticks"": 1.0, ""tick"": 0.25}",15120,ES,8.0,5.75,OPEN_BELOW_VAL,TARGET_HIT,3729.75,3.25,3.17,0.3522222222222222,0.3611111111111111,9.0,10:02,ENTERED,3717.5,3729.75,POC,2020-12-31,3733.0,3725.5,2020
VP_OUTSIDE_ACCEPT_POC,SHORT,3740.75,3741.0,1609771920,3724.25,1609774320,"{""adverse_ticks"": 1.0, ""tick"": 0.25}",2400,ES,1.75,17.0,OPEN_ABOVE_VAH,TARGET_HIT,3724.25,16.5,16.42,0.8420512820512821,0.8461538461538461,19.5,09:51,ENTERED,3760.25,3724.25,POC,2021-01-04,3741.5,3717.75,2021
VP_OUTSIDE_ACCEPT_POC,SHORT,3796.75,3797.0,1610119680,3794.25,1610119740,"{""adverse_ticks"": 1.0, ""tick"": 0.25}",60,ES,0.5,4.0,OPEN_ABOVE_VAH,TARGET_HIT,3794.25,2.5,2.42,0.121,0.125,20.0,10:27,ENTERED,3816.75,3794.25,POC,2021-01-08,3800.0,3789.25,2021
VP_OUTSIDE_ACCEPT_POC,LONG,3801.5,3801.25,1610378880,3808.5,1610386440,"{""adverse_ticks"": 1.0, ""tick"": 0.25}",7560,ES,11.25,8.0,OPEN_BELOW_VAL,TARGET_HIT,3808.5,7.0,6.92,0.33349397590361446,0.3373493975903614,20.75,10:27,ENTERED,3780.75,3808.5,POC,2021-01-11,3819.0,3798.5,2021
VP_OUTSIDE_ACCEPT_POC,SHORT,3806.75,3807.0,1610634900,3813.0,1610636100,"{""adverse_ticks"": 1.0, ""tick"": 0.25}",1200,ES,6.25,0.25,OPEN_ABOVE_VAH,STOP_HIT,3806.0,-6.25,-6.33,-1.0128,-1.0,6.25,09:34,ENTERED,3813.0,3806.0,POC,2021-01-14,3808.25,3794.5,2021
VP_OUTSIDE_ACCEPT_POC,SHORT,3776.25,3776.5,1611069120,3792.75,1611079140,"{""adverse_ticks"": 1.0, ""tick"": 0.25}",10020,ES,16.25,4.25,OPEN_ABOVE_VAH,STOP_HIT,3770.0,-16.5,-16.58,-1.0048484848484847,-1.0,16.5,10:11,ENTERED,3792.75,3770.0,POC,2021-01-19,3776.75,3758.5,2021
VP_OUTSIDE_ACCEPT_POC,LONG,3844.5,3844.25,1611348060,3840.25,1611348900,"{""adverse_ticks"": 1.0, ""tick"": 0.25}",840,ES,4.25,0.75,OPEN_BELOW_VAL,TIME_EXIT,3851.25,-4.25,-4.33,-0.19244444444444445,-0.18888888888888888,22.5,15:40,ENTERED,3822.0,3851.25,POC,2021-01-22,3852.75,3843.75,2021
VP_OUTSIDE_ACCEPT_POC,SHORT,3848.75,3849.0,1611672660,3846.0,1611673860,"{""adverse_ticks"": 1.0, ""tick"": 0.25}",1200,ES,8.25,3.75,OPEN_ABOVE_VAH,TARGET_HIT,3846.0,2.75,2.67,0.19418181818181818,0.2,13.75,09:50,ENTERED,3862.5,3846.0,POC,2021-01-26,3850.5,3819.75,2021
VP_OUTSIDE_ACCEPT_POC,SHORT,3737.0,3737.25,1612190640,3747.5,1612196700,"{""adverse_ticks"": 1.0, ""tick"": 0.25}",6060,ES,11.25,20.0,OPEN_ABOVE_VAH,STOP_HIT,3708.75,-10.5,-10.58,-1.0076190476190476,-1.0,10.5,09:43,ENTERED,3747.5,3708.75,POC,2021-02-01,3737.25,3689.0,2021
VP_OUTSIDE_ACCEPT_POC,SHORT,3907.5,3907.75,1613055600,3900.75,1613063820,"{""adverse_ticks"": 1.0, ""tick"": 0.25}",8220,ES,9.25,8.0,OPEN_ABOVE_VAH,TARGET_HIT,3900.75,6.75,6.67,0.5033962264150943,0.5094339622641509,13.25,09:59,ENTERED,3920.75,3900.75,POC,2021-02-11,3909.75,3890.25,2021
VP_OUTSIDE_ACCEPT_POC,LONG,3924.0,3923.75,1613592300,3928.25,1613595300,"{""adverse_ticks"": 1.0, ""tick"": 0.25}",3000,ES,0.5,6.25,OPEN_BELOW_VAL,TIME_EXIT,3931.0,4.25,4.17,0.15027027027027026,0.15315315315315314,27.75,15:04,ENTERED,3896.25,3931.0,POC,2021-02-17,3938.0,3923.75,2021
VP_OUTSIDE_ACCEPT_POC,LONG,3903.0,3902.75,1613658960,3894.0,1613659200,"{""adverse_ticks"": 1.0, ""tick"": 0.25}",240,ES,9.5,3.5,OPEN_BELOW_VAL,STOP_HIT,3908.0,-9.0,-9.08,-1.008888888888889,-1.0,9.0,09:35,ENTERED,3894.0,3908.0,POC,2021-02-18,3917.75,3900.25,2021
VP_OUTSIDE_ACCEPT_POC,SHORT,3905.25,3905.5,1613757180,3902.75,1613768100,"{""adverse_ticks"": 1.0, ""tick"": 0.25}",10920,ES,8.25,5.5,OPEN_ABOVE_VAH,TIME_EXIT,3894.25,2.5,2.42,0.10876404494382022,0.11235955056179775,22.25,12:52,ENTERED,3927.5,3894.25,POC,2021-02-19,3905.75,3883.5,2021
VP_OUTSIDE_ACCEPT_POC,SHORT,3858.75,3859.0,1614177420,3874.75,1614180180,"{""adverse_ticks"": 1.0, ""tick"": 0.25}",2760,ES,17.25,3.5,OPEN_ABOVE_VAH,STOP_HIT,3844.0,-16.0,-16.08,-1.005,-1.0,16.0,09:36,ENTERED,3874.75,3844.0,POC,2021-02-24,3862.25,3827.5,2021
VP_OUTSIDE_ACCEPT_POC,LONG,3833.5,3833.25,1614868740,3813.5,1614869280,"{""adverse_ticks"": 1.0, ""tick"": 0.25}",540,ES,20.5,2.5,OPEN_BELOW_VAL,STOP_HIT,3848.5,-20.0,-20.08,-1.004,-1.0,20.0,09:38,ENTERED,3813.5,3848.5,POC,2021-03-04,3859.25,3833.0,2021
VP_OUTSIDE_ACCEPT_POC,LONG,3934.25,3934.0,1615570320,3938.75,1615582500,"{""adverse_ticks"": 1.0, ""tick"": 0.25}",12180,ES,9.5,9.0,OPEN_BELOW_VAL,TIME_EXIT,3951.5,4.5,4.42,0.2130120481927711,0.21686746987951808,20.75,12:31,ENTERED,3913.5,3951.5,POC,2021-03-12,3956.0,3933.75,2021
VP_OUTSIDE_ACCEPT_POC,SHORT,3930.75,3931.0,1615815780,3925.75,1615821960,"{""adverse_ticks"": 1.0, ""tick"": 0.25}",6180,ES,5.25,5.5,OPEN_ABOVE_VAH,TARGET_HIT,3925.75,5.0,4.92,0.5622857142857143,0.5714285714285714,8.75,09:42,ENTERED,3939.5,3925.75,POC,2021-03-15,3932.0,3918.5,2021
VP_OUTSIDE_ACCEPT_POC,SHORT,3944.25,3944.5,1615920180,3956.5,1615924500,"{""adverse_ticks"": 1.0, ""tick"": 0.25}",4320,ES,18.0,1.75,OPEN_ABOVE_VAH,TIME_EXIT,3930.0,-12.25,-12.33,-0.4609345794392523,-0.45794392523364486,26.75,14:42,ENTERED,3971.0,3930.0,POC,2021-03-16,3945.0,3926.25,2021
VP_OUTSIDE_ACCEPT_POC,LONG,3957.25,3957.0,1616004660,3963.75,1616006580,"{""adverse_ticks"": 1.0, ""tick"": 0.25}",1920,ES,14.5,9.75,OPEN_BELOW_VAL,TARGET_HIT,3963.75,6.5,6.42,0.19753846153846152,0.2,32.5,14:10,ENTERED,3924.75,3963.75,POC,2021-03-17,3968.0,3954.75,2021
VP_OUTSIDE_ACCEPT_POC,LONG,4067.25,4067.0,1617802320,4071.25,1617805680,"{""adverse_ticks"": 1.0, ""tick"": 0.25}",3360,ES,2.75,4.5,OPEN_BELOW_VAL,TARGET_HIT,4071.25,4.0,3.92,0.8252631578947368,0.8421052631578947,4.75,09:31,ENTERED,4062.5,4071.25,POC,2021-04-07,4075.75,4065.25,2021
VP_OUTSIDE_ACCEPT_POC,SHORT,4117.75,4118.0,1618321320,4122.0,1618322160,"{""adverse_ticks"": 1.0, ""tick"": 0.25}",840,ES,4.0,2.5,OPEN_ABOVE_VAH,STOP_HIT,4114.0,-4.25,-4.33,-1.0188235294117647,-1.0,4.25,09:41,ENTERED,4122.0,4114.0,POC,2021-04-13,4118.0,4110.0,2021
VP_OUTSIDE_ACCEPT_POC,SHORT,4131.25,4131.5,1618407060,4133.0,1618407300,"{""adverse_ticks"": 1.0, ""tick"": 0.25}",240,ES,2.5,2.0,OPEN_ABOVE_VAH,STOP_HIT,4123.75,-1.75,-1.83,-1.0457142857142858,-1.0,1.75,09:30,ENTERED,4133.0,4123.75,POC,2021-04-14,4131.5,4115.5,2021
VP_OUTSIDE_ACCEPT_POC,SHORT,4163.5,4163.75,1618581660,4178.75,1618599060,"{""adverse_ticks"": 1.0, ""tick"": 0.25}",17400,ES,15.5,2.0,OPEN_ABOVE_VAH,STOP_HIT,4158.75,-15.25,-15.33,-1.0052459016393442,-1.0,15.25,10:00,ENTERED,4178.75,4158.75,POC,2021-04-16,4164.0,4150.5,2021
VP_OUTSIDE_ACCEPT_POC,LONG,4168.5,4168.25,1618839060,4166.0,1618840920,"{""adverse_ticks"": 1.0, ""tick"": 0.25}",1860,ES,2.25,3.25,OPEN_BELOW_VAL,STOP_HIT,4172.25,-2.5,-2.58,-1.032,-1.0,2.5,09:30,ENTERED,4166.0,4172.25,POC,2021-04-19,4177.0,4168.0,2021
VP_OUTSIDE_ACCEPT_POC,LONG,4148.5,4148.25,1618925880,4141.5,1618928040,"{""adverse_ticks"": 1.0, ""tick"": 0.25}",2160,ES,6.75,2.75,OPEN_BELOW_VAL,STOP_HIT,4152.75,-7.0,-7.08,-1.0114285714285713,-1.0,7.0,09:37,ENTERED,4141.5,4152.75,POC,2021-04-20,4158.0,4147.0,2021
VP_OUTSIDE_ACCEPT_POC,SHORT,4157.75,4158.0,1619098320,4152.75,1619098800,"{""adverse_ticks"": 1.0, ""tick"": 0.25}",480,ES,0.25,7.0,OPEN_ABOVE_VAH,TARGET_HIT,4152.75,5.0,4.92,0.82,0.8333333333333334,6.0,09:31,ENTERED,4163.75,4152.75,POC,2021-04-22,4159.0,4130.75,2021
VP_OUTSIDE_ACCEPT_POC,SHORT,4179.25,4179.5,1619616780,4184.0,1619617680,"{""adverse_ticks"": 1.0, ""tick"": 0.25}",900,ES,5.75,2.75,OPEN_ABOVE_VAH,STOP_HIT,4176.0,-4.75,-4.83,-1.016842105263158,-1.0,4.75,09:32,ENTERED,4184.0,4176.0,POC,2021-04-28,4180.25,4171.75,2021
VP_OUTSIDE_ACCEPT_POC,SHORT,4183.0,4183.25,1619707020,4181.5,1619707020,"{""adverse_ticks"": 1.0, ""tick"": 0.25}",0,ES,1.25,1.75,OPEN_ABOVE_VAH,TARGET_HIT,4181.5,1.5,1.42,0.050265486725663715,0.05309734513274336,28.25,10:36,ENTERED,4211.25,4181.5,POC,2021-04-29,4185.25,4176.75,2021
VP_OUTSIDE_ACCEPT_POC,LONG,4186.25,4186.0,1619790480,4177.5,1619793480,"{""adverse_ticks"": 1.0, ""tick"": 0.25}",3000,ES,8.5,3.25,OPEN_BELOW_VAL,STOP_HIT,4204.0,-8.75,-8.83,-1.0091428571428571,-1.0,8.75,09:47,ENTERED,4177.5,4204.0,POC,2021-04-30,4208.5,4185.5,2021
VP_OUTSIDE_ACCEPT_POC,SHORT,4154.25,4154.5,1621344840,4148.0,1621346580,"{""adverse_ticks"": 1.0, ""tick"": 0.25}",1740,ES,8.5,7.0,OPEN_ABOVE_VAH,TARGET_HIT,4148.0,6.25,6.17,0.6494736842105263,0.6578947368421053,9.5,09:33,ENTERED,4163.75,4148.0,POC,2021-05-18,4155.75,4142.75,2021
VP_OUTSIDE_ACCEPT_POC,SHORT,4165.25,4165.5,1621611000,4155.75,1621613340,"{""adverse_ticks"": 1.0, ""tick"": 0.25}",2340,ES,5.0,11.5,OPEN_ABOVE_VAH,TARGET_HIT,4155.75,9.5,9.42,0.471,0.475,20.0,11:29,ENTERED,4185.25,4155.75,POC,2021-05-21,4166.25,4142.25,2021
VP_OUTSIDE_ACCEPT_POC,SHORT,4204.0,4204.25,1621950300,4195.5,1621950780,"{""adverse_ticks"": 1.0, ""tick"": 0.25}",480,ES,0.5,8.75,OPEN_ABOVE_VAH,TARGET_HIT,4195.5,8.5,8.42,1.3472,1.36,6.25,09:44,ENTERED,4210.25,4195.5,POC,2021-05-25,4204.5,4192.25,2021
VP_OUTSIDE_ACCEPT_POC,SHORT,4194.25,4194.5,1622142420,4200.0,1622145300,"{""adverse_ticks"": 1.0, ""tick"": 0.25}",2880,ES,6.25,0.25,OPEN_ABOVE_VAH,TIME_EXIT,4190.75,-5.75,-5.83,-0.364375,-0.359375,16.0,15:06,ENTERED,4210.25,4190.75,POC,2021-05-27,4195.25,4189.25,2021
VP_OUTSIDE_ACCEPT_POC,SHORT,4206.5,4206.75,1622209920,4203.5,1622211900,"{""adverse_ticks"": 1.0, ""tick"": 0.25}",1980,ES,6.75,4.0,OPEN_ABOVE_VAH,TARGET_HIT,4203.5,3.0,2.92,0.3767741935483871,0.3870967741935484,7.75,09:51,ENTERED,4214.25,4203.5,POC,2021-05-28,4206.75,4198.25,2021
VP_OUTSIDE_ACCEPT_POC,SHORT,4210.5,4210.75,1622556780,4210.0,1622556780,"{""adverse_ticks"": 1.0, ""tick"": 0.25}",0,ES,0.0,2.25,OPEN_ABOVE_VAH,TARGET_HIT,4210.0,0.5,0.42,0.021265822784810127,0.02531645569620253,19.75,10:12,ENTERED,4230.25,4210.0,POC,2021-06-01,4212.5,4206.5,2021
VP_OUTSIDE_ACCEPT_POC,LONG,4199.25,4199.0,1622732640,4201.0,1622732700,"{""adverse_ticks"": 1.0, ""tick"": 0.25}",60,ES,0.75,2.25,OPEN_BELOW_VAL,TARGET_HIT,4201.0,1.75,1.67,0.04875912408759124,0.051094890510948905,34.25,11:03,ENTERED,4165.0,4201.0,POC,2021-06-03,4208.5,4199.0,2021
VP_OUTSIDE_ACCEPT_POC,SHORT,4221.25,4221.5,1623160380,4218.5,1623160860,"{""adverse_ticks"": 1.0, ""tick"": 0.25}",480,ES,1.25,3.5,OPEN_ABOVE_VAH,TARGET_HIT,4218.5,2.75,2.67,0.1907142857142857,0.19642857142857142,14.0,09:52,ENTERED,4235.25,4218.5,POC,2021-06-08,4223.25,4215.75,2021
VP_OUTSIDE_ACCEPT_POC,SHORT,4231.5,4231.75,1623245700,4227.0,1623246600,"{""adverse_ticks"": 1.0, ""tick"": 0.25}",900,ES,3.25,4.75,OPEN_ABOVE_VAH,TARGET_HIT,4227.0,4.5,4.42,1.1786666666666668,1.2,3.75,09:34,ENTERED,4235.25,4227.0,POC,2021-06-09,4231.5,4221.5,2021
VP_OUTSIDE_ACCEPT_POC,SHORT,4242.25,4242.5,1623418260,4245.5,1623418380,"{""adverse_ticks"": 1.0, ""tick"": 0.25}",120,ES,3.5,1.0,OPEN_ABOVE_VAH,STOP_HIT,4240.5,-3.25,-3.33,-1.0246153846153847,-1.0,3.25,09:30,ENTERED,4245.5,4240.5,POC,2021-06-11,4243.5,4232.0,2021
VP_OUTSIDE_ACCEPT_POC,SHORT,4232.25,4232.5,1623771060,4228.5,1623771540,"{""adverse_ticks"": 1.0, ""tick"": 0.25}",480,ES,0.25,4.25,OPEN_ABOVE_VAH,TARGET_HIT,4228.5,3.75,3.67,0.22584615384615384,0.23076923076923078,16.25,11:30,ENTERED,4248.5,4228.5,POC,2021-06-15,4232.5,4225.75,2021
VP_OUTSIDE_ACCEPT_POC,SHORT,4268.5,4268.75,1624887720,4268.0,1624887720,"{""adverse_ticks"": 1.0, ""tick"": 0.25}",0,ES,0.0,2.0,OPEN_ABOVE_VAH,TARGET_HIT,4268.0,0.5,0.42,0.043076923076923075,0.05128205128205128,9.75,09:41,ENTERED,4278.25,4268.0,POC,2021-06-28,4271.5,4263.5,2021
VP_OUTSIDE_ACCEPT_POC,LONG,4283.25,4283.0,1625060220,4287.0,1625063520,"{""adverse_ticks"": 1.0, ""tick"": 0.25}",3300,ES,4.5,4.75,OPEN_BELOW_VAL,TARGET_HIT,4287.0,3.75,3.67,0.5871999999999999,0.6,6.25,09:36,ENTERED,4277.0,4287.0,POC,2021-06-30,4288.75,4282.75,2021
VP_OUTSIDE_ACCEPT_POC,SHORT,4339.75,4340.0,1625578500,4324.25,1625581440,"{""adverse_ticks"": 1.0, ""tick"": 0.25}",2940,ES,0.5,15.75,OPEN_ABOVE_VAH,TARGET_HIT,4324.25,15.5,15.42,2.4672,2.48,6.25,09:34,ENTERED,4346.0,4324.25,POC,2021-07-06,4340.0,4319.25,2021
VP_OUTSIDE_ACCEPT_POC,SHORT,4329.5,4329.75,1625668380,4347.75,1625674140,"{""adverse_ticks"": 1.0, ""tick"": 0.25}",5760,ES,18.25,9.5,OPEN_ABOVE_VAH,STOP_HIT,4319.0,-18.25,-18.33,-1.0043835616438355,-1.0,18.25,10:32,ENTERED,4347.75,4319.0,POC,2021-07-07,4330.75,4307.0,2021
VP_OUTSIDE_ACCEPT_POC,SHORT,4373.25,4373.5,1626272940,4367.5,1626276420,"{""adverse_ticks"": 1.0, ""tick"": 0.25}",3480,ES,5.0,6.75,OPEN_ABOVE_VAH,TARGET_HIT,4367.5,5.75,5.67,0.4930434782608696,0.5,11.5,10:28,ENTERED,4384.75,4367.5,POC,2021-07-14,4375.0,4360.0,2021
VP_OUTSIDE_ACCEPT_POC,SHORT,4357.5,4357.75,1626443100,4349.0,1626444600,"{""adverse_ticks"": 1.0, ""tick"": 0.25}",1500,ES,2.75,9.0,OPEN_ABOVE_VAH,TARGET_HIT,4349.0,8.5,8.42,0.9905882352941177,1.0,8.5,09:44,ENTERED,4366.0,4349.0,POC,2021-07-16,4359.0,4346.25,2021
VP_OUTSIDE_ACCEPT_POC,SHORT,4346.25,4346.5,1626960960,4355.5,1626964740,"{""adverse_ticks"": 1.0, ""tick"": 0.25}",3780,ES,9.25,2.5,OPEN_ABOVE_VAH,STOP_HIT,4339.75,-9.25,-9.33,-1.0086486486486486,-1.0,9.25,09:35,ENTERED,4355.5,4339.75,POC,2021-07-22,4347.75,4337.0,2021
VP_OUTSIDE_ACCEPT_POC,SHORT,4396.5,4396.75,1627479240,4393.5,1627479360,"{""adverse_ticks"": 1.0, ""tick"": 0.25}",120,ES,2.5,4.0,OPEN_ABOVE_VAH,TARGET_HIT,4393.5,3.0,2.92,0.4325925925925926,0.4444444444444444,6.75,09:33,ENTERED,4403.25,4393.5,POC,2021-07-28,4397.0,4376.25,2021
VP_OUTSIDE_ACCEPT_POC,SHORT,4392.75,4393.0,1627920000,4387.25,1627920420,"{""adverse_ticks"": 1.0, ""tick"": 0.25}",420,ES,0.0,5.75,OPEN_ABOVE_VAH,TARGET_HIT,4387.25,5.5,5.42,0.25209302325581395,0.2558139534883721,21.5,11:59,ENTERED,4414.25,4387.25,POC,2021-08-02,4393.5,4385.75,2021
VP_OUTSIDE_ACCEPT_POC,LONG,4392.0,4391.75,1628005320,4407.0,1628010480,"{""adverse_ticks"": 1.0, ""tick"": 0.25}",5160,ES,0.25,15.5,OPEN_BELOW_VAL,TARGET_HIT,4407.0,15.0,14.92,0.5525925925925926,0.5555555555555556,27.0,11:41,ENTERED,4365.0,4407.0,POC,2021-08-03,4414.0,4390.25,2021
VP_OUTSIDE_ACCEPT_POC,SHORT,4403.5,4403.75,1628170380,4407.5,1628170440,"{""adverse_ticks"": 1.0, ""tick"": 0.25}",60,ES,3.75,0.25,OPEN_ABOVE_VAH,STOP_HIT,4400.5,-4.0,-4.08,-1.02,-1.0,4.0,09:32,ENTERED,4407.5,4400.5,POC,2021-08-05,4404.5,4397.5,2021
VP_OUTSIDE_ACCEPT_POC,SHORT,4427.0,4427.25,1628602320,4430.75,1628602980,"{""adverse_ticks"": 1.0, ""tick"": 0.25}",660,ES,3.5,1.25,OPEN_ABOVE_VAH,STOP_HIT,4425.75,-3.75,-3.83,-1.0213333333333334,-1.0,3.75,09:31,ENTERED,4430.75,4425.75,POC,2021-08-10,4427.25,4420.25,2021
VP_OUTSIDE_ACCEPT_POC,SHORT,4433.75,4434.0,1628694600,4430.0,1628697000,"{""adverse_ticks"": 1.0, ""tick"": 0.25}",2400,ES,1.25,4.0,OPEN_ABOVE_VAH,TARGET_HIT,4430.0,3.75,3.67,0.4077777777777778,0.4166666666666667,9.0,11:09,ENTERED,4442.75,4430.0,POC,2021-08-11,4434.0,4426.75,2021
VP_OUTSIDE_ACCEPT_POC,LONG,4458.0,4457.75,1629135300,4459.25,1629135600,"{""adverse_ticks"": 1.0, ""tick"": 0.25}",300,ES,0.5,2.0,OPEN_BELOW_VAL,TARGET_HIT,4459.25,1.25,1.17,0.04543689320388349,0.04854368932038835,25.75,13:34,ENTERED,4432.25,4459.25,POC,2021-08-16,4460.25,4457.0,2021
VP_OUTSIDE_ACCEPT_POC,SHORT,4523.0,4523.25,1630504680,4530.75,1630513500,"{""adverse_ticks"": 1.0, ""tick"": 0.25}",8820,ES,8.0,1.0,OPEN_ABOVE_VAH,STOP_HIT,4520.0,-7.75,-7.83,-1.0103225806451612,-1.0,7.75,09:57,ENTERED,4530.75,4520.0,POC,2021-09-01,4523.75,4518.0,2021
VP_OUTSIDE_ACCEPT_POC,SHORT,4529.5,4529.75,1630604640,4527.25,1630605060,"{""adverse_ticks"": 1.0, ""tick"": 0.25}",420,ES,1.25,3.0,OPEN_ABOVE_VAH,TARGET_HIT,4527.25,2.25,2.17,0.1471186440677966,0.15254237288135594,14.75,13:43,ENTERED,4544.25,4527.25,POC,2021-09-02,4530.25,4523.5,2021
VP_OUTSIDE_ACCEPT_POC,LONG,4532.0,4531.75,1630677840,4538.75,1630695840,"{""adverse_ticks"": 1.0, ""tick"": 0.25}",18000,ES,6.75,7.5,OPEN_BELOW_VAL,TARGET_HIT,4538.75,6.75,6.67,0.5130769230769231,0.5192307692307693,13.0,10:03,ENTERED,4519.0,4538.75,POC,2021-09-03,4541.75,4530.5,2021
VP_OUTSIDE_ACCEPT_POC,LONG,4517.25,4517.0,1631108820,4519.5,1631109660,"{""adverse_ticks"": 1.0, ""tick"": 0.25}",840,ES,5.5,3.25,OPEN_BELOW_VAL,TARGET_HIT,4519.5,2.25,2.17,0.20666666666666667,0.21428571428571427,10.5,09:46,ENTERED,4506.75,4519.5,POC,2021-09-08,4525.75,4516.75,2021
VP_OUTSIDE_ACCEPT_POC,SHORT,4461.0,4461.25,1631627520,4452.0,1631628000,"{""adverse_ticks"": 1.0, ""tick"": 0.25}",480,ES,1.25,13.5,OPEN_ABOVE_VAH,TARGET_HIT,4452.0,9.0,8.92,0.5406060606060606,0.5454545454545454,16.5,09:51,ENTERED,4477.5,4452.0,POC,2021-09-14,4463.0,4442.25,2021
VP_OUTSIDE_ACCEPT_POC,SHORT,4365.0,4365.25,1632231060,4374.0,1632231480,"{""adverse_ticks"": 1.0, ""tick"": 0.25}",420,ES,10.75,4.25,OPEN_ABOVE_VAH,STOP_HIT,4349.75,-9.0,-9.08,-1.008888888888889,-1.0,9.0,09:30,ENTERED,4374.0,4349.75,POC,2021-09-21,4368.5,4324.25,2021
VP_OUTSIDE_ACCEPT_POC,LONG,4436.5,4436.25,1632490920,4439.75,1632491940,"{""adverse_ticks"": 1.0, ""tick"": 0.25}",1020,ES,12.0,6.0,OPEN_BELOW_VAL,TARGET_HIT,4439.75,3.25,3.17,0.1668421052631579,0.17105263157894737,19.0,09:41,ENTERED,4417.5,4439.75,POC,2021-09-24,4450.0,4435.0,2021
VP_OUTSIDE_ACCEPT_POC,LONG,4401.5,4401.25,1633699920,4395.25,1633700040,"{""adverse_ticks"": 1.0, ""tick"": 0.25}",120,ES,14.0,2.0,OPEN_BELOW_VAL,STOP_HIT,4415.0,-6.25,-6.33,-1.0128,-1.0,6.25,09:31,ENTERED,4395.25,4415.0,POC,2021-10-08,4420.75,4400.5,2021
VP_OUTSIDE_ACCEPT_POC,LONG,4385.5,4385.25,1633959660,4395.5,1633960380,"{""adverse_ticks"": 1.0, ""tick"": 0.25}",720,ES,3.75,10.75,OPEN_BELOW_VAL,TARGET_HIT,4395.5,10.0,9.92,0.8097959183673469,0.8163265306122449,12.25,09:40,ENTERED,4373.25,4395.5,POC,2021-10-11,4397.0,4384.75,2021
VP_OUTSIDE_ACCEPT_POC,LONG,4455.5,4455.25,1634564940,4461.25,1634566080,"{""adverse_ticks"": 1.0, ""tick"": 0.25}",1140,ES,2.5,6.25,OPEN_BELOW_VAL,TARGET_HIT,4461.25,5.75,5.67,0.2984210526315789,0.3026315789473684,19.0,09:48,ENTERED,4436.5,4461.25,POC,2021-10-18,4464.25,4453.75,2021
VP_OUTSIDE_ACCEPT_POC,LONG,4523.0,4522.75,1634823240,4518.25,1634823360,"{""adverse_ticks"": 1.0, ""tick"": 0.25}",120,ES,5.0,1.25,OPEN_BELOW_VAL,STOP_HIT,4525.75,-4.75,-4.83,-1.016842105263158,-1.0,4.75,09:33,ENTERED,4518.25,4525.75,POC,2021-10-21,4530.25,4522.25,2021
VP_OUTSIDE_ACCEPT_POC,SHORT,4529.25,4529.5,1634916180,4525.75,1634916300,"{""adverse_ticks"": 1.0, ""tick"": 0.25}",120,ES,1.5,5.0,OPEN_ABOVE_VAH,TARGET_HIT,4525.75,3.5,3.42,0.152,0.15555555555555556,22.5,11:22,ENTERED,4551.75,4525.75,POC,2021-10-22,4529.75,4519.25,2021
VP_OUTSIDE_ACCEPT_POC,SHORT,4546.5,4546.75,1635168660,4535.75,1635169020,"{""adverse_ticks"": 1.0, ""tick"": 0.25}",360,ES,0.5,11.0,OPEN_ABOVE_VAH,TARGET_HIT,4535.75,10.75,10.67,6.097142857142857,6.142857142857143,1.75,09:30,ENTERED,4548.25,4535.75,POC,2021-10-25,4546.75,4531.25,2021
VP_OUTSIDE_ACCEPT_POC,SHORT,4563.0,4563.25,1635266760,4571.5,1635278100,"{""adverse_ticks"": 1.0, ""tick"": 0.25}",11340,ES,16.0,2.5,OPEN_ABOVE_VAH,TIME_EXIT,4558.25,-8.5,-8.58,-0.31486238532110095,-0.3119266055045872,27.25,12:45,ENTERED,4590.25,4558.25,POC,2021-10-26,4564.0,4544.25,2021
VP_OUTSIDE_ACCEPT_POC,LONG,4564.0,4563.75,1635427860,4565.75,1635427920,"{""adverse_ticks"": 1.0, ""tick"": 0.25}",60,ES,1.25,4.25,OPEN_BELOW_VAL,TARGET_HIT,4565.75,1.75,1.67,0.3180952380952381,0.3333333333333333,5.25,09:30,ENTERED,4558.75,4565.75,POC,2021-10-28,4575.25,4561.25,2021
VP_OUTSIDE_ACCEPT_POC,LONG,4571.75,4571.5,1635514620,4581.25,1635515760,"{""adverse_ticks"": 1.0, ""tick"": 0.25}",1140,ES,0.5,10.0,OPEN_BELOW_VAL,TARGET_HIT,4581.25,9.5,9.42,0.8017021276595745,0.8085106382978723,11.75,09:36,ENTERED,4560.0,4581.25,POC,2021-10-29,4583.5,4571.0,2021
VP_OUTSIDE_ACCEPT_POC,SHORT,4597.75,4598.0,1635774600,4600.75,1635796500,"{""adverse_ticks"": 1.0, ""tick"": 0.25}",21900,ES,7.0,11.5,OPEN_ABOVE_VAH,TIME_EXIT,4586.0,-3.0,-3.08,-0.21241379310344827,-0.20689655172413793,14.5,09:49,ENTERED,4612.25,4586.0,POC,2021-11-01,4601.0,4579.25,2021
VP_OUTSIDE_ACCEPT_POC,LONG,4669.25,4669.0,1636555620,4672.5,1636556040,"{""adverse_ticks"": 1.0, ""tick"": 0.25}",420,ES,3.5,4.25,OPEN_BELOW_VAL,TARGET_HIT,4672.5,3.25,3.17,0.2756521739130435,0.2826086956521739,11.5,09:46,ENTERED,4657.75,4672.5,POC,2021-11-10,4679.5,4668.75,2021
VP_OUTSIDE_ACCEPT_POC,SHORT,4652.5,4652.75,1636727700,4649.0,1636727760,"{""adverse_ticks"": 1.0, ""tick"": 0.25}",60,ES,0.0,6.0,OPEN_ABOVE_VAH,TARGET_HIT,4649.0,3.5,3.42,0.8047058823529412,0.8235294117647058,4.25,09:34,ENTERED,4656.75,4649.0,POC,2021-11-12,4652.75,4645.75,2021
VP_OUTSIDE_ACCEPT_POC,SHORT,4681.0,4681.25,1636987920,4673.75,1636994520,"{""adverse_ticks"": 1.0, ""tick"": 0.25}",6600,ES,9.25,8.5,OPEN_ABOVE_VAH,TARGET_HIT,4673.75,7.25,7.17,0.5975,0.6041666666666666,12.0,09:51,ENTERED,4693.0,4673.75,POC,2021-11-15,4683.5,4659.25,2021
VP_OUTSIDE_ACCEPT_POC,SHORT,4690.0,4690.25,1637246160,4689.5,1637247180,"{""adverse_ticks"": 1.0, ""tick"": 0.25}",1020,ES,6.25,2.5,OPEN_ABOVE_VAH,TARGET_HIT,4689.5,0.5,0.42,0.04941176470588235,0.058823529411764705,8.5,09:35,ENTERED,4698.5,4689.5,POC,2021-11-18,4690.75,4685.0,2021
VP_OUTSIDE_ACCEPT_POC,SHORT,4701.75,4702.0,1637600220,4698.5,1637600280,"{""adverse_ticks"": 1.0, ""tick"": 0.25}",60,ES,1.25,4.5,OPEN_ABOVE_VAH,TARGET_HIT,4698.5,3.25,3.17,0.08128205128205128,0.08333333333333333,39.0,11:56,ENTERED,4740.75,4698.5,POC,2021-11-22,4703.75,4693.25,2021
VP_OUTSIDE_ACCEPT_POC,SHORT,4585.0,4585.25,1638542400,4579.25,1638542580,"{""adverse_ticks"": 1.0, ""tick"": 0.25}",180,ES,5.0,6.5,OPEN_ABOVE_VAH,TARGET_HIT,4579.25,5.75,5.67,0.26068965517241377,0.26436781609195403,21.75,09:39,ENTERED,4606.75,4579.25,POC,2021-12-03,4588.0,4551.25,2021
VP_OUTSIDE_ACCEPT_POC,SHORT,4691.5,4691.75,1639147620,4684.5,1639150500,"{""adverse_ticks"": 1.0, ""tick"": 0.25}",2880,ES,7.5,9.75,OPEN_ABOVE_VAH,TARGET_HIT,4684.5,7.0,6.92,0.5125925925925926,0.5185185185185185,13.5,09:46,ENTERED,4705.0,4684.5,POC,2021-12-10,4692.75,4678.25,2021
VP_OUTSIDE_ACCEPT_POC,SHORT,4781.25,4781.5,1640704800,4777.5,1640724900,"{""adverse_ticks"": 1.0, ""tick"": 0.25}",20100,ES,12.75,11.0,OPEN_ABOVE_VAH,TIME_EXIT,4769.75,3.75,3.67,0.21588235294117647,0.22058823529411764,17.0,10:19,ENTERED,4798.25,4769.75,POC,2021-12-28,4783.5,4756.5,2021
VP_OUTSIDE_ACCEPT_POC,SHORT,4787.75,4788.0,1640875380,4799.25,1640877420,"{""adverse_ticks"": 1.0, ""tick"": 0.25}",2040,ES,11.5,0.0,OPEN_ABOVE_VAH,STOP_HIT,4783.5,-11.5,-11.58,-1.0069565217391305,-1.0,11.5,09:42,ENTERED,4799.25,4783.5,POC,2021-12-30,4788.0,4776.25,2021
VP_OUTSIDE_ACCEPT_POC,SHORT,4784.5,4784.75,1641311880,4782.25,1641312000,"{""adverse_ticks"": 1.0, ""tick"": 0.25}",120,ES,1.75,5.75,OPEN_ABOVE_VAH,TARGET_HIT,4782.25,2.25,2.17,0.09041666666666666,0.09375,24.0,10:57,ENTERED,4808.5,4782.25,POC,2022-01-04,4785.75,4764.25,2022
VP_OUTSIDE_ACCEPT_POC,SHORT,4702.5,4702.75,1642003620,4721.5,1642020900,"{""adverse_ticks"": 1.0, ""tick"": 0.25}",17280,ES,23.5,6.0,OPEN_ABOVE_VAH,TIME_EXIT,4689.5,-19.0,-19.08,-0.5122147651006711,-0.5100671140939598,37.25,11:06,ENTERED,4739.75,4689.5,POC,2022-01-12,4706.5,4647.75,2022
VP_OUTSIDE_ACCEPT_POC,SHORT,4724.5,4724.75,1642086300,4717.5,1642086960,"{""adverse_ticks"": 1.0, ""tick"": 0.25}",660,ES,1.5,10.0,OPEN_ABOVE_VAH,TARGET_HIT,4717.5,7.0,6.92,0.5766666666666667,0.5833333333333334,12.0,10:04,ENTERED,4736.5,4717.5,POC,2022-01-13,4725.0,4709.0,2022
VP_OUTSIDE_ACCEPT_POC,LONG,4552.0,4551.75,1642689120,4560.25,1642689780,"{""adverse_ticks"": 1.0, ""tick"": 0.25}",660,ES,7.5,8.75,OPEN_BELOW_VAL,TARGET_HIT,4560.25,8.25,8.17,0.76,0.7674418604651163,10.75,09:31,ENTERED,4541.25,4560.25,POC,2022-01-20,4590.5,4550.75,2022
VP_OUTSIDE_ACCEPT_POC,SHORT,4325.75,4326.0,1643121180,4344.0,1643121360,"{""adverse_ticks"": 1.0, ""tick"": 0.25}",180,ES,18.5,0.0,OPEN_ABOVE_VAH,STOP_HIT,4277.75,-18.25,-18.33,-1.0043835616438355,-1.0,18.25,09:32,ENTERED,4344.0,4277.75,POC,2022-01-25,4335.0,4255.5,2022
VP_OUTSIDE_ACCEPT_POC,SHORT,4494.0,4494.25,1643726640,4486.25,1643727660,"{""adverse_ticks"": 1.0, ""tick"": 0.25}",1020,ES,11.75,9.0,OPEN_ABOVE_VAH,TARGET_HIT,4486.25,7.75,7.67,0.3696385542168675,0.37349397590361444,20.75,09:43,ENTERED,4514.75,4486.25,POC,2022-02-01,4499.5,4441.5,2022
VP_OUTSIDE_ACCEPT_POC,LONG,4483.25,4483.0,1644335220,4495.25,1644336840,"{""adverse_ticks"": 1.0, ""tick"": 0.25}",1620,ES,2.5,12.5,OPEN_BELOW_VAL,TARGET_HIT,4495.25,12.0,11.92,0.43743119266055047,0.44036697247706424,27.25,10:46,ENTERED,4456.0,4495.25,POC,2022-02-08,4508.75,4482.5,2022
VP_OUTSIDE_ACCEPT_POC,LONG,4519.0,4518.75,1644590820,4492.5,1644591480,"{""adverse_ticks"": 1.0, ""tick"": 0.25}",660,ES,26.5,1.75,OPEN_BELOW_VAL,STOP_HIT,4563.5,-26.5,-26.58,-1.0030188679245282,-1.0,26.5,09:46,ENTERED,4492.5,4563.5,POC,2022-02-11,4575.5,4513.0,2022
VP_OUTSIDE_ACCEPT_POC,LONG,4448.75,4448.5,1645021980,4442.75,1645022460,"{""adverse_ticks"": 1.0, ""tick"": 0.25}",480,ES,6.75,3.5,OPEN_BELOW_VAL,STOP_HIT,4459.5,-6.0,-6.08,-1.0133333333333334,-1.0,6.0,09:32,ENTERED,4442.75,4459.5,POC,2022-02-16,4463.5,4448.5,2022
VP_OUTSIDE_ACCEPT_POC,LONG,4387.5,4387.25,1645196100,4362.25,1645198320,"{""adverse_ticks"": 1.0, ""tick"": 0.25}",2220,ES,25.25,3.0,OPEN_BELOW_VAL,STOP_HIT,4414.25,-25.25,-25.33,-1.0031683168316832,-1.0,25.25,09:54,ENTERED,4362.25,4414.25,POC,2022-02-18,4440.0,4387.0,2022
VP_OUTSIDE_ACCEPT_POC,LONG,4339.75,4339.5,1645541340,4343.0,1645541340,"{""adverse_ticks"": 1.0, ""tick"": 0.25}",0,ES,1.0,7.0,OPEN_BELOW_VAL,TARGET_HIT,4343.0,3.25,3.17,0.09984251968503936,0.10236220472440945,31.75,09:48,ENTERED,4308.0,4343.0,POC,2022-02-22,4375.75,4339.75,2022
VP_OUTSIDE_ACCEPT_POC,SHORT,4330.0,4330.25,1645626720,4333.75,1645626780,"{""adverse_ticks"": 1.0, ""tick"": 0.25}",60,ES,5.5,3.5,OPEN_ABOVE_VAH,STOP_HIT,4317.5,-3.75,-3.83,-1.0213333333333334,-1.0,3.75,09:31,ENTERED,4333.75,4317.5,POC,2022-02-23,4330.0,4280.75,2022
VP_OUTSIDE_ACCEPT_POC,LONG,4334.0,4333.75,1646058660,4368.0,1646064240,"{""adverse_ticks"": 1.0, ""tick"": 0.25}",5580,ES,12.25,35.25,OPEN_BELOW_VAL,TARGET_HIT,4368.0,34.0,33.92,2.6092307692307695,2.6153846153846154,13.0,09:30,ENTERED,4321.0,4368.0,POC,2022-02-28,4381.75,4333.75,2022
VP_OUTSIDE_ACCEPT_POC,SHORT,4397.25,4397.5,1646319000,4392.0,1646319960,"{""adverse_ticks"": 1.0, ""tick"": 0.25}",960,ES,8.75,7.25,OPEN_ABOVE_VAH,TARGET_HIT,4392.0,5.25,5.17,0.30411764705882355,0.3088235294117647,17.0,09:49,ENTERED,4414.25,4392.0,POC,2022-03-03,4397.75,4348.75,2022
VP_OUTSIDE_ACCEPT_POC,SHORT,4383.5,4383.75,1647610320,4391.25,1647610560,"{""adverse_ticks"": 1.0, ""tick"": 0.25}",240,ES,13.25,4.75,OPEN_ABOVE_VAH,STOP_HIT,4356.25,-7.75,-7.83,-1.0103225806451612,-1.0,7.75,09:31,ENTERED,4391.25,4356.25,POC,2022-03-18,4384.25,4325.75,2022
VP_OUTSIDE_ACCEPT_POC,LONG,4493.25,4493.0,1648051380,4465.0,1648056240,"{""adverse_ticks"": 1.0, ""tick"": 0.25}",4860,ES,28.75,0.75,OPEN_BELOW_VAL,STOP_HIT,4499.75,-28.25,-28.33,-1.0028318584070797,-1.0,28.25,12:02,ENTERED,4465.0,4499.75,POC,2022-03-23,4506.75,4491.75,2022
VP_OUTSIDE_ACCEPT_POC,SHORT,4527.75,4528.0,1648474440,4533.5,1648474620,"{""adverse_ticks"": 1.0, ""tick"": 0.25}",180,ES,6.0,0.5,OPEN_ABOVE_VAH,STOP_HIT,4509.5,-5.75,-5.83,-1.0139130434782608,-1.0,5.75,09:33,ENTERED,4533.5,4509.5,POC,2022-03-28,4528.5,4505.75,2022
VP_OUTSIDE_ACCEPT_POC,LONG,4593.0,4592.75,1648738020,4574.75,1648746600,"{""adverse_ticks"": 1.0, ""tick"": 0.25}",8580,ES,19.25,4.5,OPEN_BELOW_VAL,STOP_HIT,4604.0,-18.25,-18.33,-1.0043835616438355,-1.0,18.25,10:46,ENTERED,4574.75,4604.0,POC,2022-03-31,4619.0,4592.5,2022
VP_OUTSIDE_ACCEPT_POC,SHORT,4486.25,4486.5,1649424780,4471.5,1649425500,"{""adverse_ticks"": 1.0, ""tick"": 0.25}",720,ES,0.0,16.0,OPEN_ABOVE_VAH,TARGET_HIT,4471.5,14.75,14.67,2.551304347826087,2.5652173913043477,5.75,09:32,ENTERED,4492.0,4471.5,POC,2022-04-08,4487.25,4449.0,2022
VP_OUTSIDE_ACCEPT_POC,SHORT,4431.0,4431.25,1649944140,4403.5,1649954820,"{""adverse_ticks"": 1.0, ""tick"": 0.25}",10680,ES,6.5,28.0,OPEN_ABOVE_VAH,TARGET_HIT,4403.5,27.5,27.42,1.0968,1.1,25.0,09:48,ENTERED,4456.0,4403.5,POC,2022-04-14,4432.25,4388.5,2022
VP_OUTSIDE_ACCEPT_POC,LONG,4399.0,4398.75,1650289140,4376.0,1650296340,"{""adverse_ticks"": 1.0, ""tick"": 0.25}",7200,ES,23.75,5.0,OPEN_BELOW_VAL,STOP_HIT,4421.5,-23.0,-23.08,-1.0034782608695652,-1.0,23.0,09:38,ENTERED,4376.0,4421.5,POC,2022-04-18,4431.75,4398.5,2022
VP_OUTSIDE_ACCEPT_POC,SHORT,4458.25,4458.5,1650462840,4445.25,1650480900,"{""adverse_ticks"": 1.0, ""tick"": 0.25}",18060,ES,23.25,15.0,OPEN_ABOVE_VAH,TARGET_HIT,4445.25,13.0,12.92,0.4921904761904762,0.49523809523809526,26.25,09:53,ENTERED,4484.5,4445.25,POC,2022-04-20,4458.5,4420.0,2022
VP_OUTSIDE_ACCEPT_POC,SHORT,4470.25,4470.5,1650555180,4461.5,1650555960,"{""adverse_ticks"": 1.0, ""tick"": 0.25}",780,ES,4.25,9.25,OPEN_ABOVE_VAH,TARGET_HIT,4461.5,8.75,8.67,0.22230769230769232,0.22435897435897437,39.0,11:32,ENTERED,4509.25,4461.5,POC,2022-04-21,4472.5,4454.25,2022
VP_OUTSIDE_ACCEPT_POC,SHORT,4250.5,4250.75,1650980580,4234.0,1650982560,"{""adverse_ticks"": 1.0, ""tick"": 0.25}",1980,ES,7.25,21.25,OPEN_ABOVE_VAH,TARGET_HIT,4234.0,16.5,16.42,0.9518840579710146,0.9565217391304348,17.25,09:42,ENTERED,4267.75,4234.0,POC,2022-04-26,4254.0,4207.5,2022
VP_OUTSIDE_ACCEPT_POC,LONG,4187.75,4187.5,1651066260,4212.5,1651067040,"{""adverse_ticks"": 1.0, ""tick"": 0.25}",780,ES,6.25,25.5,OPEN_BELOW_VAL,TARGET_HIT,4212.5,24.75,24.67,2.34952380952381,2.357142857142857,10.5,09:30,ENTERED,4177.25,4212.5,POC,2022-04-27,4232.75,4184.75,2022
VP_OUTSIDE_ACCEPT_POC,SHORT,4219.0,4219.25,1651152780,4214.0,1651152900,"{""adverse_ticks"": 1.0, ""tick"": 0.25}",120,ES,5.75,5.25,OPEN_ABOVE_VAH,TARGET_HIT,4214.0,5.0,4.92,0.2555844155844156,0.2597402597402597,19.25,09:32,ENTERED,4238.25,4214.0,POC,2022-04-28,4228.0,4186.5,2022
VP_OUTSIDE_ACCEPT_POC,SHORT,4146.25,4146.5,1651584720,4156.75,1651584720,"{""adverse_ticks"": 1.0, ""tick"": 0.25}",0,ES,11.75,0.75,OPEN_ABOVE_VAH,STOP_HIT,4110.0,-10.5,-10.58,-1.0076190476190476,-1.0,10.5,09:31,ENTERED,4156.75,4110.0,POC,2022-05-03,4148.75,4094.5,2022
VP_OUTSIDE_ACCEPT_POC,SHORT,4229.5,4229.75,1651758420,4157.25,1651762260,"{""adverse_ticks"": 1.0, ""tick"": 0.25}",3840,ES,1.25,72.5,OPEN_ABOVE_VAH,TARGET_HIT,4157.25,72.25,72.17,3.1723076923076925,3.1758241758241756,22.75,09:46,ENTERED,4252.25,4157.25,POC,2022-05-05,4230.75,4143.0,2022
VP_OUTSIDE_ACCEPT_POC,SHORT,4043.25,4043.5,1652189820,4017.0,1652193420,"{""adverse_ticks"": 1.0, ""tick"": 0.25}",3600,ES,11.5,27.75,OPEN_ABOVE_VAH,TARGET_HIT,4017.0,26.25,26.17,1.1631111111111112,1.1666666666666667,22.5,09:36,ENTERED,4065.75,4017.0,POC,2022-05-10,4045.0,3997.25,2022
VP_OUTSIDE_ACCEPT_POC,LONG,3915.0,3914.75,1652967420,3886.75,1652967960,"{""adverse_ticks"": 1.0, ""tick"": 0.25}",540,ES,28.25,5.75,OPEN_BELOW_VAL,STOP_HIT,3923.75,-28.25,-28.33,-1.0028318584070797,-1.0,28.25,09:36,ENTERED,3886.75,3923.75,POC,2022-05-19,3981.75,3910.0,2022
VP_OUTSIDE_ACCEPT_POC,SHORT,3912.75,3913.0,1653055680,3901.75,1653056460,"{""adverse_ticks"": 1.0, ""tick"": 0.25}",780,ES,1.75,11.25,OPEN_ABOVE_VAH,TARGET_HIT,3901.75,11.0,10.92,0.3831578947368421,0.38596491228070173,28.5,10:07,ENTERED,3941.25,3901.75,POC,2022-05-20,3916.25,3888.25,2022
VP_OUTSIDE_ACCEPT_POC,LONG,4114.5,4114.25,1654612140,4120.25,1654612320,"{""adverse_ticks"": 1.0, ""tick"": 0.25}",180,ES,1.0,9.5,OPEN_BELOW_VAL,TARGET_HIT,4120.25,5.75,5.67,0.15324324324324323,0.1554054054054054,37.0,10:28,ENTERED,4077.5,4120.25,POC,2022-06-07,4144.25,4108.75,2022
VP_OUTSIDE_ACCEPT_POC,LONG,4106.0,4105.75,1654781700,4088.0,1654782120,"{""adverse_ticks"": 1.0, ""tick"": 0.25}",420,ES,20.5,2.75,OPEN_BELOW_VAL,STOP_HIT,4115.5,-18.0,-18.08,-1.0044444444444443,-1.0,18.0,09:34,ENTERED,4088.0,4115.5,POC,2022-06-09,4145.5,4105.75,2022
VP_OUTSIDE_ACCEPT_POC,SHORT,3905.0,3905.25,1656337020,3895.5,1656359700,"{""adverse_ticks"": 1.0, ""tick"": 0.25}",22680,ES,24.5,12.75,OPEN_ABOVE_VAH,TIME_EXIT,3890.0,9.5,9.42,0.34888888888888886,0.35185185185185186,27.0,09:36,ENTERED,3932.0,3890.0,POC,2022-06-27,3907.75,3875.0,2022
VP_OUTSIDE_ACCEPT_POC,SHORT,3915.0,3915.25,1656426120,3906.5,1656426660,"{""adverse_ticks"": 1.0, ""tick"": 0.25}",540,ES,3.75,9.25,OPEN_ABOVE_VAH,TARGET_HIT,3906.5,8.5,8.42,0.23886524822695035,0.24113475177304963,35.25,10:21,ENTERED,3950.25,3906.5,POC,2022-06-28,3915.25,3898.0,2022
VP_OUTSIDE_ACCEPT_POC,LONG,3856.5,3856.25,1657632660,3857.0,1657632660,"{""adverse_ticks"": 1.0, ""tick"": 0.25}",0,ES,0.5,7.0,OPEN_BELOW_VAL,TARGET_HIT,3857.0,0.5,0.42,0.06461538461538462,0.07692307692307693,6.5,09:30,ENTERED,3850.0,3857.0,POC,2022-07-12,3866.25,3853.75,2022
VP_OUTSIDE_ACCEPT_POC,SHORT,3991.0,3991.25,1658498460,3987.0,1658498820,"{""adverse_ticks"": 1.0, ""tick"": 0.25}",360,ES,5.75,4.75,OPEN_ABOVE_VAH,TARGET_HIT,3987.0,4.0,3.92,0.15372549019607842,0.1568627450980392,25.5,10:00,ENTERED,4016.5,3987.0,POC,2022-07-22,3993.5,3952.75,2022
VP_OUTSIDE_ACCEPT_POC,SHORT,4011.0,4011.25,1659016020,4041.25,1659021840,"{""adverse_ticks"": 1.0, ""tick"": 0.25}",5820,ES,35.75,16.75,OPEN_ABOVE_VAH,STOP_HIT,3981.0,-30.25,-30.33,-1.0026446280991734,-1.0,30.25,09:46,ENTERED,4041.25,3981.0,POC,2022-07-28,4012.25,3954.5,2022
VP_OUTSIDE_ACCEPT_POC,LONG,4108.25,4108.0,1659360660,4103.75,1659360660,"{""adverse_ticks"": 1.0, ""tick"": 0.25}",0,ES,4.75,0.25,OPEN_BELOW_VAL,STOP_HIT,4132.75,-4.5,-4.58,-1.017777777777778,-1.0,4.5,09:30,ENTERED,4103.75,4132.75,POC,2022-08-01,4142.25,4108.0,2022
VP_OUTSIDE_ACCEPT_POC,LONG,4111.25,4111.0,1659451440,4120.5,1659451920,"{""adverse_ticks"": 1.0, ""tick"": 0.25}",480,ES,2.5,12.25,OPEN_BELOW_VAL,TARGET_HIT,4120.5,9.25,9.17,0.2958064516129032,0.29838709677419356,31.0,10:43,ENTERED,4080.25,4120.5,POC,2022-08-02,4136.5,4111.0,2022
VP_OUTSIDE_ACCEPT_POC,LONG,4290.75,4290.5,1660759440,4277.5,1660766100,"{""adverse_ticks"": 1.0, ""tick"": 0.25}",6660,ES,19.0,14.75,OPEN_BELOW_VAL,TIME_EXIT,4307.75,-13.25,-13.33,-0.37027777777777776,-0.3680555555555556,36.0,14:03,ENTERED,4254.75,4307.75,POC,2022-08-17,4314.5,4290.25,2022
VP_OUTSIDE_ACCEPT_POC,LONG,4129.5,4129.25,1661347860,4126.75,1661347860,"{""adverse_ticks"": 1.0, ""tick"": 0.25}",0,ES,3.0,0.25,OPEN_BELOW_VAL,STOP_HIT,4137.75,-2.75,-2.83,-1.029090909090909,-1.0,2.75,09:30,ENTERED,4126.75,4137.75,POC,2022-08-24,4143.75,4129.0,2022
VP_OUTSIDE_ACCEPT_POC,SHORT,4149.5,4149.75,1661434440,4159.75,1661435580,"{""adverse_ticks"": 1.0, ""tick"": 0.25}",1140,ES,10.5,2.25,OPEN_ABOVE_VAH,STOP_HIT,4139.5,-10.25,-10.33,-1.0078048780487805,-1.0,10.25,09:33,ENTERED,4159.75,4139.5,POC,2022-08-25,4150.75,4131.75,2022
VP_OUTSIDE_ACCEPT_POC,SHORT,3993.0,3993.25,1661952780,4005.0,1661953440,"{""adverse_ticks"": 1.0, ""tick"": 0.25}",660,ES,20.0,7.0,OPEN_ABOVE_VAH,STOP_HIT,3986.0,-12.0,-12.08,-1.0066666666666666,-1.0,12.0,09:32,ENTERED,4005.0,3986.0,POC,2022-08-31,3996.0,3973.75,2022
VP_OUTSIDE_ACCEPT_POC,LONG,3973.5,3973.25,1663167240,3936.25,1663182900,"{""adverse_ticks"": 1.0, ""tick"": 0.25}",15660,ES,37.0,8.0,OPEN_BELOW_VAL,STOP_HIT,3984.0,-37.25,-37.33,-1.0021476510067113,-1.0,37.25,10:53,ENTERED,3936.25,3984.0,POC,2022-09-14,4032.0,3972.25,2022
VP_OUTSIDE_ACCEPT_POC,LONG,3952.25,3952.0,1663249260,3962.75,1663249740,"{""adverse_ticks"": 1.0, ""tick"": 0.25}",480,ES,0.0,14.75,OPEN_BELOW_VAL,TARGET_HIT,3962.75,10.5,10.42,0.8683333333333333,0.875,12.0,09:40,ENTERED,3940.25,3962.75,POC,2022-09-15,3973.75,3949.75,2022
VP_OUTSIDE_ACCEPT_POC,LONG,3862.25,3862.0,1663594320,3870.25,1663594800,"{""adverse_ticks"": 1.0, ""tick"": 0.25}",480,ES,0.25,9.5,OPEN_BELOW_VAL,TARGET_HIT,3870.25,8.0,7.92,0.8562162162162162,0.8648648648648649,9.25,09:31,ENTERED,3853.0,3870.25,POC,2022-09-19,3882.5,3860.25,2022
VP_OUTSIDE_ACCEPT_POC,SHORT,3700.75,3701.0,1664287260,3689.0,1664287680,"{""adverse_ticks"": 1.0, ""tick"": 0.25}",420,ES,3.75,13.25,OPEN_ABOVE_VAH,TARGET_HIT,3689.0,11.75,11.67,0.35907692307692307,0.36153846153846153,32.5,10:00,ENTERED,3733.25,3689.0,POC,2022-09-27,3701.75,3663.0,2022
VP_OUTSIDE_ACCEPT_POC,SHORT,3697.25,3697.5,1665755040,3675.0,1665756000,"{""adverse_ticks"": 1.0, ""tick"": 0.25}",960,ES,3.0,44.0,OPEN_ABOVE_VAH,TARGET_HIT,3675.0,22.25,22.17,0.784778761061947,0.7876106194690266,28.25,09:43,ENTERED,3725.5,3675.0,POC,2022-10-14,3697.75,3561.25,2022
VP_OUTSIDE_ACCEPT_POC,LONG,3684.25,3684.0,1666359900,3733.5,1666370700,"{""adverse_ticks"": 1.0, ""tick"": 0.25}",10800,ES,6.25,49.75,OPEN_BELOW_VAL,TARGET_HIT,3733.5,49.25,49.17,1.6955172413793105,1.6982758620689655,29.0,09:44,ENTERED,3655.25,3733.5,POC,2022-10-21,3746.5,3683.5,2022
VP_OUTSIDE_ACCEPT_POC,SHORT,3891.75,3892.0,1667311260,3884.5,1667311440,"{""adverse_ticks"": 1.0, ""tick"": 0.25}",180,ES,3.25,9.75,OPEN_ABOVE_VAH,TARGET_HIT,3884.5,7.25,7.17,0.21893129770992367,0.22137404580152673,32.75,10:00,ENTERED,3924.5,3884.5,POC,2022-11-01,3893.25,3880.5,2022
VP_OUTSIDE_ACCEPT_POC,SHORT,3773.0,3773.25,1667833140,3799.75,1667834160,"{""adverse_ticks"": 1.0, ""tick"": 0.25}",1020,ES,26.75,2.0,OPEN_ABOVE_VAH,STOP_HIT,3726.5,-26.75,-26.83,-1.0029906542056075,-1.0,26.75,09:58,ENTERED,3799.75,3726.5,POC,2022-11-07,3773.5,3719.0,2022
VP_OUTSIDE_ACCEPT_POC,LONG,3815.0,3814.75,1668005160,3799.0,1668005820,"{""adverse_ticks"": 1.0, ""tick"": 0.25}",660,ES,19.75,0.5,OPEN_BELOW_VAL,STOP_HIT,3835.5,-16.0,-16.08,-1.005,-1.0,16.0,09:45,ENTERED,3799.0,3835.5,POC,2022-11-09,3853.5,3814.25,2022
VP_OUTSIDE_ACCEPT_POC,SHORT,3999.5,3999.75,1668536340,3995.5,1668536400,"{""adverse_ticks"": 1.0, ""tick"": 0.25}",60,ES,0.75,4.75,OPEN_ABOVE_VAH,TARGET_HIT,3995.5,4.0,3.92,0.09924050632911392,0.10126582278481013,39.5,13:18,ENTERED,4039.0,3995.5,POC,2022-11-15,4005.5,3981.75,2022
VP_OUTSIDE_ACCEPT_POC,SHORT,3956.25,3956.5,1668784080,3945.25,1668791760,"{""adverse_ticks"": 1.0, ""tick"": 0.25}",7680,ES,16.0,11.5,OPEN_ABOVE_VAH,TARGET_HIT,3945.25,11.0,10.92,0.3054545454545455,0.3076923076923077,35.75,10:07,ENTERED,3992.0,3945.25,POC,2022-11-18,3960.25,3925.75,2022
VP_OUTSIDE_ACCEPT_POC,SHORT,3964.75,3965.0,1669128120,3980.25,1669129920,"{""adverse_ticks"": 1.0, ""tick"": 0.25}",1800,ES,16.5,1.75,OPEN_ABOVE_VAH,STOP_HIT,3958.5,-15.5,-15.58,-1.0051612903225806,-1.0,15.5,09:41,ENTERED,3980.25,3958.5,POC,2022-11-22,3965.5,3951.25,2022
VP_OUTSIDE_ACCEPT_POC,LONG,3973.5,3973.25,1669732500,3964.5,1669733040,"{""adverse_ticks"": 1.0, ""tick"": 0.25}",540,ES,10.25,0.5,OPEN_BELOW_VAL,STOP_HIT,3996.5,-9.0,-9.08,-1.008888888888889,-1.0,9.0,09:34,ENTERED,3964.5,3996.5,POC,2022-11-29,4017.75,3972.0,2022
VP_OUTSIDE_ACCEPT_POC,SHORT,3943.25,3943.5,1670510100,3957.25,1670511180,"{""adverse_ticks"": 1.0, ""tick"": 0.25}",1080,ES,15.0,5.75,OPEN_ABOVE_VAH,STOP_HIT,3936.0,-14.0,-14.08,-1.0057142857142858,-1.0,14.0,09:34,ENTERED,3957.25,3936.0,POC,2022-12-08,3945.0,3930.75,2022
VP_OUTSIDE_ACCEPT_POC,LONG,3955.5,3955.25,1670596260,3951.75,1670596260,"{""adverse_ticks"": 1.0, ""tick"": 0.25}",0,ES,8.0,0.75,OPEN_BELOW_VAL,STOP_HIT,3961.75,-3.75,-3.83,-1.0213333333333334,-1.0,3.75,09:30,ENTERED,3951.75,3961.75,POC,2022-12-09,3970.25,3954.75,2022
VP_OUTSIDE_ACCEPT_POC,LONG,3956.5,3956.25,1670861160,3961.5,1670864640,"{""adverse_ticks"": 1.0, ""tick"": 0.25}",3480,ES,4.25,5.25,OPEN_BELOW_VAL,TARGET_HIT,3961.5,5.0,4.92,0.2491139240506329,0.25316455696202533,19.75,11:05,ENTERED,3936.75,3961.5,POC,2022-12-12,3972.5,3955.5,2022
VP_OUTSIDE_ACCEPT_POC,LONG,3842.5,3842.25,1671548280,3859.0,1671549660,"{""adverse_ticks"": 1.0, ""tick"": 0.25}",1380,ES,1.25,16.75,OPEN_BELOW_VAL,TARGET_HIT,3859.0,16.5,16.42,0.8009756097560976,0.8048780487804879,20.5,09:57,ENTERED,3822.0,3859.0,POC,2022-12-20,3881.75,3841.5,2022
VP_OUTSIDE_ACCEPT_POC,SHORT,3848.5,3848.75,1672844760,3846.0,1672844760,"{""adverse_ticks"": 1.0, ""tick"": 0.25}",0,ES,0.25,5.0,OPEN_ABOVE_VAH,TARGET_HIT,3846.0,2.5,2.42,0.07622047244094488,0.07874015748031496,31.75,10:05,ENTERED,3880.25,3846.0,POC,2023-01-04,3849.5,3820.0,2023
VP_OUTSIDE_ACCEPT_POC,SHORT,3838.0,3838.25,1673016240,3829.75,1673016360,"{""adverse_ticks"": 1.0, ""tick"": 0.25}",120,ES,0.0,9.25,OPEN_ABOVE_VAH,TARGET_HIT,3829.75,8.25,8.17,0.21932885906040267,0.2214765100671141,37.25,09:43,ENTERED,3875.25,3829.75,POC,2023-01-06,3841.0,3826.25,2023
VP_OUTSIDE_ACCEPT_POC,SHORT,3973.0,3973.25,1673534580,3960.25,1673535000,"{""adverse_ticks"": 1.0, ""tick"": 0.25}",420,ES,0.25,14.25,OPEN_ABOVE_VAH,TARGET_HIT,3960.25,12.75,12.67,0.41884297520661157,0.4214876033057851,30.25,09:42,ENTERED,4003.25,3960.25,POC,2023-01-12,3975.75,3953.5,2023
VP_OUTSIDE_ACCEPT_POC,LONG,3982.5,3982.25,1673621760,4000.0,1673623800,"{""adverse_ticks"": 1.0, ""tick"": 0.25}",2040,ES,6.75,18.5,OPEN_BELOW_VAL,TARGET_HIT,4000.0,17.5,17.42,1.0247058823529414,1.0294117647058822,17.0,09:55,ENTERED,3965.5,4000.0,POC,2023-01-13,4010.75,3982.25,2023
VP_OUTSIDE_ACCEPT_POC,SHORT,4005.25,4005.5,1673971860,4006.5,1673988900,"{""adverse_ticks"": 1.0, ""tick"": 0.25}",17040,ES,15.75,2.75,OPEN_ABOVE_VAH,TIME_EXIT,3996.0,-1.25,-1.33,-0.04396694214876033,-0.04132231404958678,30.25,11:10,ENTERED,4035.5,3996.0,POC,2023-01-17,4006.5,3966.75,2023
VP_OUTSIDE_ACCEPT_POC,SHORT,4018.75,4019.0,1674052380,4028.25,1674052980,"{""adverse_ticks"": 1.0, ""tick"": 0.25}",600,ES,10.0,3.25,OPEN_ABOVE_VAH,STOP_HIT,4013.25,-9.5,-9.58,-1.0084210526315789,-1.0,9.5,09:32,ENTERED,4028.25,4013.25,POC,2023-01-18,4020.25,4007.5,2023
VP_OUTSIDE_ACCEPT_POC,LONG,4023.25,4023.0,1674571620,4008.75,1674572700,"{""adverse_ticks"": 1.0, ""tick"": 0.25}",1080,ES,17.25,7.75,OPEN_BELOW_VAL,STOP_HIT,4044.25,-14.5,-14.58,-1.0055172413793103,-1.0,14.5,09:46,ENTERED,4008.75,4044.25,POC,2023-01-24,4051.0,4022.0,2023
VP_OUTSIDE_ACCEPT_POC,SHORT,4033.0,4033.25,1674748560,4028.75,1674748620,"{""adverse_ticks"": 1.0, ""tick"": 0.25}",60,ES,1.5,5.5,OPEN_ABOVE_VAH,TARGET_HIT,4028.75,4.25,4.17,0.11746478873239437,0.11971830985915492,35.5,10:55,ENTERED,4068.5,4028.75,POC,2023-01-26,4033.25,3981.75,2023
VP_OUTSIDE_ACCEPT_POC,LONG,4076.25,4076.0,1675091100,4052.75,1675093200,"{""adverse_ticks"": 1.0, ""tick"": 0.25}",2100,ES,24.25,2.0,OPEN_BELOW_VAL,STOP_HIT,4085.0,-23.5,-23.58,-1.003404255319149,-1.0,23.5,10:04,ENTERED,4052.75,4085.0,POC,2023-01-30,4100.5,4075.5,2023
VP_OUTSIDE_ACCEPT_POC,SHORT,4076.0,4076.25,1675262040,4081.0,1675262340,"{""adverse_ticks"": 1.0, ""tick"": 0.25}",300,ES,5.0,2.75,OPEN_ABOVE_VAH,STOP_HIT,4054.25,-5.0,-5.08,-1.016,-1.0,5.0,09:33,ENTERED,4081.0,4054.25,POC,2023-02-01,4076.5,4043.25,2023
VP_OUTSIDE_ACCEPT_POC,LONG,4170.25,4170.0,1675437300,4188.75,1675438680,"{""adverse_ticks"": 1.0, ""tick"": 0.25}",1380,ES,3.5,19.25,OPEN_BELOW_VAL,TARGET_HIT,4188.75,18.5,18.42,0.5894400000000001,0.592,31.25,10:14,ENTERED,4139.0,4188.75,POC,2023-02-03,4195.0,4168.5,2023
VP_OUTSIDE_ACCEPT_POC,LONG,4119.25,4119.0,1675786140,4124.0,1675787520,"{""adverse_ticks"": 1.0, ""tick"": 0.25}",1380,ES,1.75,6.25,OPEN_BELOW_VAL,TARGET_HIT,4124.0,4.75,4.67,0.3459259259259259,0.35185185185185186,13.5,11:08,ENTERED,4105.75,4124.0,POC,2023-02-07,4129.25,4118.5,2023
VP_OUTSIDE_ACCEPT_POC,SHORT,4144.25,4144.5,1675956480,4129.5,1675963860,"{""adverse_ticks"": 1.0, ""tick"": 0.25}",7380,ES,8.75,15.25,OPEN_ABOVE_VAH,TARGET_HIT,4129.5,14.75,14.67,0.6448351648351648,0.6483516483516484,22.75,10:27,ENTERED,4167.0,4129.5,POC,2023-02-09,4147.0,4124.75,2023
VP_OUTSIDE_ACCEPT_POC,LONG,4125.5,4125.25,1676471520,4119.5,1676472780,"{""adverse_ticks"": 1.0, ""tick"": 0.25}",1260,ES,7.25,9.5,OPEN_BELOW_VAL,STOP_HIT,4144.0,-6.0,-6.08,-1.0133333333333334,-1.0,6.0,09:31,ENTERED,4119.5,4144.0,POC,2023-02-15,4155.0,4123.0,2023
VP_OUTSIDE_ACCEPT_POC,LONG,4120.0,4119.75,1676560860,4132.25,1676562540,"{""adverse_ticks"": 1.0, ""tick"": 0.25}",1680,ES,4.0,12.5,OPEN_BELOW_VAL,TARGET_HIT,4132.25,12.25,12.17,0.5531818181818182,0.5568181818181818,22.0,10:20,ENTERED,4098.0,4132.25,POC,2023-02-16,4145.0,4119.75,2023
VP_OUTSIDE_ACCEPT_POC,SHORT,4007.0,4007.25,1677167280,4006.0,1677167280,"{""adverse_ticks"": 1.0, ""tick"": 0.25}",0,ES,0.0,3.25,OPEN_ABOVE_VAH,TARGET_HIT,4006.0,1.0,0.92,0.03345454545454546,0.03636363636363636,27.5,10:47,ENTERED,4034.5,4006.0,POC,2023-02-23,4011.5,3988.25,2023
VP_OUTSIDE_ACCEPT_POC,LONG,3987.0,3986.75,1677595560,3982.25,1677617700,"{""adverse_ticks"": 1.0, ""tick"": 0.25}",22140,ES,10.75,16.75,OPEN_BELOW_VAL,TIME_EXIT,4004.0,-4.75,-4.83,-0.3942857142857143,-0.3877551020408163,12.25,09:45,ENTERED,3974.75,4004.0,POC,2023-02-28,4008.75,3986.75,2023
VP_OUTSIDE_ACCEPT_POC,LONG,3948.75,3948.5,1677770940,3955.25,1677782100,"{""adverse_ticks"": 1.0, ""tick"": 0.25}",11160,ES,6.25,10.25,OPEN_BELOW_VAL,TARGET_HIT,3955.25,6.5,6.42,0.3566666666666667,0.3611111111111111,18.0,10:28,ENTERED,3930.75,3955.25,POC,2023-03-02,3966.75,3948.5,2023
VP_OUTSIDE_ACCEPT_POC,SHORT,3996.5,3996.75,1678379940,3994.5,1678381260,"{""adverse_ticks"": 1.0, ""tick"": 0.25}",1320,ES,5.0,4.75,OPEN_ABOVE_VAH,TARGET_HIT,3994.5,2.0,1.92,0.08170212765957446,0.0851063829787234,23.5,11:38,ENTERED,4020.0,3994.5,POC,2023-03-09,3997.0,3980.75,2023
VP_OUTSIDE_ACCEPT_POC,LONG,3896.75,3896.5,1678887240,3888.5,1678888560,"{""adverse_ticks"": 1.0, ""tick"": 0.25}",1320,ES,10.5,13.25,OPEN_BELOW_VAL,STOP_HIT,3918.25,-8.25,-8.33,-1.0096969696969698,-1.0,8.25,09:33,ENTERED,3888.5,3918.25,POC,2023-03-15,3931.75,3896.5,2023
VP_OUTSIDE_ACCEPT_POC,SHORT,4026.5,4026.75,1679504220,4047.75,1679508000,"{""adverse_ticks"": 1.0, ""tick"": 0.25}",3780,ES,28.25,5.0,OPEN_ABOVE_VAH,STOP_HIT,4011.5,-21.25,-21.33,-1.003764705882353,-1.0,21.25,12:56,ENTERED,4047.75,4011.5,POC,2023-03-22,4027.0,4008.5,2023
VP_OUTSIDE_ACCEPT_POC,LONG,4020.0,4019.75,1679582760,4031.25,1679583180,"{""adverse_ticks"": 1.0, ""tick"": 0.25}",420,ES,0.25,12.0,OPEN_BELOW_VAL,TARGET_HIT,4031.25,11.25,11.17,0.4423762376237624,0.44554455445544555,25.25,10:45,ENTERED,3994.75,4031.25,POC,2023-03-23,4053.0,4018.5,2023
VP_OUTSIDE_ACCEPT_POC,LONG,3965.25,3965.0,1679667240,3992.0,1679687700,"{""adverse_ticks"": 1.0, ""tick"": 0.25}",20460,ES,22.0,38.5,OPEN_BELOW_VAL,TIME_EXIT,4005.0,26.75,26.67,0.9525,0.9553571428571429,28.0,10:13,ENTERED,3937.25,4005.0,POC,2023-03-24,4018.25,3963.0,2023
VP_OUTSIDE_ACCEPT_POC,LONG,4004.0,4003.75,1680011640,3993.75,1680013980,"{""adverse_ticks"": 1.0, ""tick"": 0.25}",2340,ES,12.25,5.75,OPEN_BELOW_VAL,STOP_HIT,4009.75,-10.25,-10.33,-1.0078048780487805,-1.0,10.25,09:53,ENTERED,3993.75,4009.75,POC,2023-03-28,4021.5,4003.75,2023
VP_OUTSIDE_ACCEPT_POC,SHORT,4149.5,4149.75,1680615900,4161.25,1680616800,"{""adverse_ticks"": 1.0, ""tick"": 0.25}",900,ES,12.75,1.25,OPEN_ABOVE_VAH,STOP_HIT,4136.0,-11.75,-11.83,-1.0068085106382978,-1.0,11.75,09:44,ENTERED,4161.25,4136.0,POC,2023-04-04,4149.75,4131.5,2023
VP_OUTSIDE_ACCEPT_POC,LONG,4108.25,4108.0,1681135800,4130.5,1681150560,"{""adverse_ticks"": 1.0, ""tick"": 0.25}",14760,ES,5.75,22.75,OPEN_BELOW_VAL,TARGET_HIT,4130.5,22.25,22.17,2.273846153846154,2.282051282051282,9.75,10:09,ENTERED,4098.5,4130.5,POC,2023-04-10,4134.5,4107.75,2023
VP_OUTSIDE_ACCEPT_POC,SHORT,4136.25,4136.5,1681219920,4143.0,1681229460,"{""adverse_ticks"": 1.0, ""tick"": 0.25}",9540,ES,7.25,7.75,OPEN_ABOVE_VAH,STOP_HIT,4128.0,-6.75,-6.83,-1.0118518518518518,-1.0,6.75,09:31,ENTERED,4143.0,4128.0,POC,2023-04-11,4137.75,4107.5,2023
VP_OUTSIDE_ACCEPT_POC,SHORT,4141.0,4141.25,1681307280,4135.25,1681311300,"{""adverse_ticks"": 1.0, ""tick"": 0.25}",4020,ES,16.75,10.75,OPEN_ABOVE_VAH,TARGET_HIT,4135.25,5.75,5.67,0.27999999999999997,0.2839506172839506,20.25,09:47,ENTERED,4161.25,4135.25,POC,2023-04-12,4144.0,4133.5,2023
VP_OUTSIDE_ACCEPT_POC,SHORT,4170.75,4171.0,1681828140,4180.5,1681847700,"{""adverse_ticks"": 1.0, ""tick"": 0.25}",19560,ES,11.0,6.5,OPEN_ABOVE_VAH,TIME_EXIT,4162.5,-9.75,-9.83,-0.40536082474226803,-0.4020618556701031,24.25,10:28,ENTERED,4195.0,4162.5,POC,2023-04-18,4171.25,4154.5,2023
VP_OUTSIDE_ACCEPT_POC,LONG,4171.75,4171.5,1681915500,4179.0,1681923960,"{""adverse_ticks"": 1.0, ""tick"": 0.25}",8460,ES,5.75,9.25,OPEN_BELOW_VAL,TARGET_HIT,4179.0,7.25,7.17,0.5031578947368421,0.5087719298245614,14.25,10:44,ENTERED,4157.5,4179.0,POC,2023-04-19,4181.5,4170.0,2023
VP_OUTSIDE_ACCEPT_POC,LONG,4167.25,4167.0,1682010000,4144.75,1682017500,"{""adverse_ticks"": 1.0, ""tick"": 0.25}",7500,ES,22.5,4.75,OPEN_BELOW_VAL,STOP_HIT,4180.0,-22.5,-22.58,-1.0035555555555555,-1.0,22.5,12:59,ENTERED,4144.75,4180.0,POC,2023-04-20,4183.5,4166.75,2023
VP_OUTSIDE_ACCEPT_POC,LONG,4103.25,4103.0,1682521980,4081.0,1682531820,"{""adverse_ticks"": 1.0, ""tick"": 0.25}",9840,ES,22.0,6.75,OPEN_BELOW_VAL,STOP_HIT,4129.5,-22.25,-22.33,-1.0035955056179775,-1.0,22.25,11:12,ENTERED,4081.0,4129.5,POC,2023-04-26,4144.0,4102.75,2023
VP_OUTSIDE_ACCEPT_POC,SHORT,4150.0,4150.25,1683552840,4156.5,1683571800,"{""adverse_ticks"": 1.0, ""tick"": 0.25}",18960,ES,6.5,12.75,OPEN_ABOVE_VAH,STOP_HIT,4134.25,-6.5,-6.58,-1.0123076923076924,-1.0,6.5,09:33,ENTERED,4156.5,4134.25,POC,2023-05-08,4151.25,4122.5,2023
VP_OUTSIDE_ACCEPT_POC,SHORT,4139.75,4140.0,1683726540,4138.0,1683729660,"{""adverse_ticks"": 1.0, ""tick"": 0.25}",3120,ES,21.5,2.25,OPEN_ABOVE_VAH,TARGET_HIT,4138.0,1.75,1.67,0.05566666666666666,0.058333333333333334,30.0,09:48,ENTERED,4169.75,4138.0,POC,2023-05-10,4139.75,4133.5,2023
VP_OUTSIDE_ACCEPT_POC,SHORT,4144.0,4144.25,1683900120,4140.75,1683900360,"{""adverse_ticks"": 1.0, ""tick"": 0.25}",240,ES,3.5,4.0,OPEN_ABOVE_VAH,TARGET_HIT,4140.75,3.25,3.17,0.2186206896551724,0.22413793103448276,14.5,10:01,ENTERED,4158.5,4140.75,POC,2023-05-12,4144.75,4131.0,2023
VP_OUTSIDE_ACCEPT_POC,SHORT,4140.25,4140.5,1684330800,4135.25,1684331340,"{""adverse_ticks"": 1.0, ""tick"": 0.25}",540,ES,0.25,7.25,OPEN_ABOVE_VAH,TARGET_HIT,4135.25,5.0,4.92,1.1576470588235295,1.1764705882352942,4.25,09:39,ENTERED,4144.5,4135.25,POC,2023-05-17,4140.75,4132.0,2023
VP_OUTSIDE_ACCEPT_POC,SHORT,4196.5,4196.75,1684510680,4207.5,1684526100,"{""adverse_ticks"": 1.0, ""tick"": 0.25}",15420,ES,13.25,5.25,OPEN_ABOVE_VAH,TIME_EXIT,4189.0,-11.0,-11.08,-0.37559322033898307,-0.3728813559322034,29.5,11:37,ENTERED,4226.0,4189.0,POC,2023-05-19,4197.0,4174.25,2023
VP_OUTSIDE_ACCEPT_POC,SHORT,4217.75,4218.0,1685455440,4206.5,1685467680,"{""adverse_ticks"": 1.0, ""tick"": 0.25}",12240,ES,14.75,12.5,OPEN_ABOVE_VAH,TARGET_HIT,4206.5,11.25,11.17,0.5319047619047619,0.5357142857142857,21.0,10:03,ENTERED,4238.75,4206.5,POC,2023-05-30,4218.5,4200.0,2023
VP_OUTSIDE_ACCEPT_POC,LONG,4290.0,4289.75,1686062760,4291.5,1686081300,"{""adverse_ticks"": 1.0, ""tick"": 0.25}",18540,ES,15.25,4.0,OPEN_BELOW_VAL,TIME_EXIT,4297.0,1.5,1.42,0.06528735632183907,0.06896551724137931,21.75,10:45,ENTERED,4268.25,4297.0,POC,2023-06-06,4304.25,4286.0,2023
VP_OUTSIDE_ACCEPT_POC,SHORT,4298.75,4299.0,1686324780,4303.75,1686340500,"{""adverse_ticks"": 1.0, ""tick"": 0.25}",15720,ES,14.5,5.0,OPEN_ABOVE_VAH,TIME_EXIT,4287.5,-5.0,-5.08,-0.18814814814814815,-0.18518518518518517,27.0,11:32,ENTERED,4325.75,4287.5,POC,2023-06-09,4299.75,4279.25,2023
VP_OUTSIDE_ACCEPT_POC,SHORT,4484.25,4484.5,1686922380,4477.5,1686922620,"{""adverse_ticks"": 1.0, ""tick"": 0.25}",240,ES,4.25,7.75,OPEN_ABOVE_VAH,TARGET_HIT,4477.5,6.75,6.67,0.7021052631578947,0.7105263157894737,9.5,09:32,ENTERED,4493.75,4477.5,POC,2023-06-16,4485.25,4439.0,2023
VP_OUTSIDE_ACCEPT_POC,LONG,4425.0,4424.75,1687371600,4414.0,1687377300,"{""adverse_ticks"": 1.0, ""tick"": 0.25}",5700,ES,17.5,6.0,OPEN_BELOW_VAL,TIME_EXIT,4436.0,-11.0,-11.08,-0.5094252873563219,-0.5057471264367817,21.75,14:19,ENTERED,4403.25,4436.0,POC,2023-06-21,4443.5,4423.25,2023
VP_OUTSIDE_ACCEPT_POC,LONG,4409.5,4409.25,1687442340,4413.75,1687443120,"{""adverse_ticks"": 1.0, ""tick"": 0.25}",780,ES,5.75,5.75,OPEN_BELOW_VAL,TARGET_HIT,4413.75,4.25,4.17,0.260625,0.265625,16.0,09:58,ENTERED,4393.5,4413.75,POC,2023-06-22,4419.25,4408.25,2023
VP_OUTSIDE_ACCEPT_POC,LONG,4404.25,4404.0,1687538040,4383.75,1687546800,"{""adverse_ticks"": 1.0, ""tick"": 0.25}",8760,ES,20.75,4.0,OPEN_BELOW_VAL,STOP_HIT,4409.5,-20.5,-20.58,-1.0039024390243902,-1.0,20.5,12:33,ENTERED,4383.75,4409.5,POC,2023-06-23,4419.75,4404.25,2023
VP_OUTSIDE_ACCEPT_POC,LONG,4387.5,4387.25,1687786440,4391.0,1687786500,"{""adverse_ticks"": 1.0, ""tick"": 0.25}",60,ES,0.0,4.5,OPEN_BELOW_VAL,TARGET_HIT,4391.0,3.5,3.42,0.6514285714285715,0.6666666666666666,5.25,09:33,ENTERED,4382.25,4391.0,POC,2023-06-26,4396.5,4386.25,2023
VP_OUTSIDE_ACCEPT_POC,LONG,4481.75,4481.5,1688564520,4484.75,1688586900,"{""adverse_ticks"": 1.0, ""tick"": 0.25}",22380,ES,6.5,9.75,OPEN_BELOW_VAL,TIME_EXIT,4492.25,3.0,2.92,0.26545454545454544,0.2727272727272727,11.0,09:41,ENTERED,4470.75,4492.25,POC,2023-07-05,4495.5,4480.25,2023
VP_OUTSIDE_ACCEPT_POC,LONG,4436.25,4436.0,1688995860,4428.5,1689001380,"{""adverse_ticks"": 1.0, ""tick"": 0.25}",5520,ES,7.75,10.75,OPEN_BELOW_VAL,STOP_HIT,4449.25,-7.75,-7.83,-1.0103225806451612,-1.0,7.75,09:30,ENTERED,4428.5,4449.25,POC,2023-07-10,4459.75,4432.0,2023
VP_OUTSIDE_ACCEPT_POC,SHORT,4442.25,4442.5,1689084480,4459.0,1689090720,"{""adverse_ticks"": 1.0, ""tick"": 0.25}",6240,ES,17.25,0.5,OPEN_ABOVE_VAH,STOP_HIT,4438.0,-16.75,-16.83,-1.004776119402985,-1.0,16.75,10:07,ENTERED,4459.0,4438.0,POC,2023-07-11,4443.0,4433.25,2023
VP_OUTSIDE_ACCEPT_POC,SHORT,4538.5,4538.75,1689354420,4536.0,1689364500,"{""adverse_ticks"": 1.0, ""tick"": 0.25}",10080,ES,10.5,7.75,OPEN_ABOVE_VAH,TIME_EXIT,4530.0,2.5,2.42,0.10876404494382022,0.11235955056179775,22.25,13:06,ENTERED,4560.75,4530.0,POC,2023-07-14,4539.0,4525.75,2023
VP_OUTSIDE_ACCEPT_POC,LONG,4541.5,4541.25,1689600660,4547.0,1689605340,"{""adverse_ticks"": 1.0, ""tick"": 0.25}",4680,ES,4.5,6.25,OPEN_BELOW_VAL,TARGET_HIT,4547.0,5.5,5.42,0.9854545454545455,1.0,5.5,09:30,ENTERED,4536.0,4547.0,POC,2023-07-17,4557.5,4541.25,2023
VP_OUTSIDE_ACCEPT_POC,SHORT,4594.0,4594.25,1689778560,4608.75,1689782580,"{""adverse_ticks"": 1.0, ""tick"": 0.25}",4020,ES,15.0,2.0,OPEN_ABOVE_VAH,STOP_HIT,4588.75,-14.75,-14.83,-1.0054237288135592,-1.0,14.75,10:55,ENTERED,4608.75,4588.75,POC,2023-07-19,4594.25,4567.25,2023
VP_OUTSIDE_ACCEPT_POC,LONG,4604.5,4604.25,1690896960,4604.75,1690896960,"{""adverse_ticks"": 1.0, ""tick"": 0.25}",0,ES,0.75,0.5,OPEN_BELOW_VAL,TARGET_HIT,4604.75,0.25,0.16999999999999998,0.022666666666666665,0.03333333333333333,7.5,09:35,ENTERED,4597.0,4604.75,POC,2023-08-01,4613.0,4603.25,2023
VP_OUTSIDE_ACCEPT_POC,LONG,4529.5,4529.25,1691077920,4525.25,1691092500,"{""adverse_ticks"": 1.0, ""tick"": 0.25}",14580,ES,9.25,11.25,OPEN_BELOW_VAL,TIME_EXIT,4541.0,-4.25,-4.33,-0.18041666666666667,-0.17708333333333334,24.0,11:51,ENTERED,4505.5,4541.0,POC,2023-08-03,4549.0,4528.25,2023
VP_OUTSIDE_ACCEPT_POC,SHORT,4530.25,4530.5,1691157780,4525.75,1691157840,"{""adverse_ticks"": 1.0, ""tick"": 0.25}",60,ES,1.0,5.75,OPEN_ABOVE_VAH,TARGET_HIT,4525.75,4.5,4.42,0.2130120481927711,0.21686746987951808,20.75,10:02,ENTERED,4551.0,4525.75,POC,2023-08-04,4532.25,4514.75,2023
VP_OUTSIDE_ACCEPT_POC,LONG,4520.5,4520.25,1691523780,4517.5,1691524500,"{""adverse_ticks"": 1.0, ""tick"": 0.25}",720,ES,3.25,2.0,OPEN_BELOW_VAL,TIME_EXIT,4525.25,-3.0,-3.08,-0.07948387096774194,-0.07741935483870968,38.75,15:42,ENTERED,4481.75,4525.25,POC,2023-08-08,4532.5,4518.75,2023
VP_OUTSIDE_ACCEPT_POC,SHORT,4504.75,4505.0,1691592900,4487.5,1691594520,"{""adverse_ticks"": 1.0, ""tick"": 0.25}",1620,ES,1.5,17.75,OPEN_ABOVE_VAH,TARGET_HIT,4487.5,17.25,17.17,1.01,1.0147058823529411,17.0,10:54,ENTERED,4521.75,4487.5,POC,2023-08-09,4505.5,4483.5,2023
VP_OUTSIDE_ACCEPT_POC,LONG,4475.75,4475.5,1691762520,4487.25,1691763600,"{""adverse_ticks"": 1.0, ""tick"": 0.25}",1080,ES,4.0,14.25,OPEN_BELOW_VAL,TARGET_HIT,4487.25,11.5,11.42,0.6717647058823529,0.6764705882352942,17.0,10:01,ENTERED,4458.75,4487.25,POC,2023-08-11,4519.0,4474.0,2023
VP_OUTSIDE_ACCEPT_POC,LONG,4489.5,4489.25,1692106380,4484.5,1692106440,"{""adverse_ticks"": 1.0, ""tick"": 0.25}",60,ES,5.0,1.5,OPEN_BELOW_VAL,STOP_HIT,4493.5,-5.0,-5.08,-1.016,-1.0,5.0,09:32,ENTERED,4484.5,4493.5,POC,2023-08-15,4507.0,4488.75,2023
VP_OUTSIDE_ACCEPT_POC,LONG,4460.5,4460.25,1692193140,4465.0,1692193680,"{""adverse_ticks"": 1.0, ""tick"": 0.25}",540,ES,2.0,4.75,OPEN_BELOW_VAL,TARGET_HIT,4465.0,4.5,4.42,0.3274074074074074,0.3333333333333333,13.5,09:38,ENTERED,4447.0,4465.0,POC,2023-08-16,4482.0,4459.0,2023
VP_OUTSIDE_ACCEPT_POC,SHORT,4385.5,4385.75,1692628200,4380.5,1692630900,"{""adverse_ticks"": 1.0, ""tick"": 0.25}",2700,ES,4.25,7.0,OPEN_ABOVE_VAH,TARGET_HIT,4380.5,5.0,4.92,0.21161290322580645,0.21505376344086022,23.25,10:29,ENTERED,4408.75,4380.5,POC,2023-08-21,4385.75,4365.5,2023
VP_OUTSIDE_ACCEPT_POC,SHORT,4404.25,4404.5,1692719880,4398.25,1692734100,"{""adverse_ticks"": 1.0, ""tick"": 0.25}",14220,ES,9.0,10.25,OPEN_ABOVE_VAH,TIME_EXIT,4387.5,6.0,5.92,0.21724770642201835,0.22018348623853212,27.25,11:57,ENTERED,4431.5,4387.5,POC,2023-08-22,4404.5,4374.25,2023
VP_OUTSIDE_ACCEPT_POC,SHORT,4454.25,4454.5,1692884520,4467.25,1692885600,"{""adverse_ticks"": 1.0, ""tick"": 0.25}",1080,ES,14.25,3.5,OPEN_ABOVE_VAH,STOP_HIT,4448.5,-13.0,-13.08,-1.0061538461538462,-1.0,13.0,09:41,ENTERED,4467.25,4448.5,POC,2023-08-24,4454.75,4432.0,2023
VP_OUTSIDE_ACCEPT_POC,SHORT,4508.25,4508.5,1693402620,4517.75,1693403280,"{""adverse_ticks"": 1.0, ""tick"": 0.25}",660,ES,10.25,0.25,OPEN_ABOVE_VAH,STOP_HIT,4504.75,-9.5,-9.58,-1.0084210526315789,-1.0,9.5,09:36,ENTERED,4517.75,4504.75,POC,2023-08-30,4509.0,4474.25,2023
VP_OUTSIDE_ACCEPT_POC,SHORT,4532.5,4532.75,1693575480,4531.5,1693575480,"{""adverse_ticks"": 1.0, ""tick"": 0.25}",0,ES,0.25,1.75,OPEN_ABOVE_VAH,TARGET_HIT,4531.5,1.0,0.92,0.06032786885245902,0.06557377049180328,15.25,09:37,ENTERED,4547.75,4531.5,POC,2023-09-01,4535.0,4521.0,2023
VP_OUTSIDE_ACCEPT_POC,LONG,4456.5,4456.25,1694100960,4456.75,1694116500,"{""adverse_ticks"": 1.0, ""tick"": 0.25}",15540,ES,10.75,6.75,OPEN_BELOW_VAL,TIME_EXIT,4470.25,0.25,0.16999999999999998,0.007555555555555555,0.011111111111111112,22.5,11:35,ENTERED,4434.0,4470.25,POC,2023-09-07,4476.25,4456.0,2023
VP_OUTSIDE_ACCEPT_POC,SHORT,4472.75,4473.0,1694444520,4487.25,1694462100,"{""adverse_ticks"": 1.0, ""tick"": 0.25}",17580,ES,20.0,3.0,OPEN_ABOVE_VAH,TIME_EXIT,4465.25,-14.5,-14.58,-0.6942857142857143,-0.6904761904761905,21.0,11:01,ENTERED,4493.75,4465.25,POC,2023-09-11,4473.0,4459.5,2023
VP_OUTSIDE_ACCEPT_POC,LONG,4478.5,4478.25,1694525580,4472.5,1694528700,"{""adverse_ticks"": 1.0, ""tick"": 0.25}",3120,ES,7.5,5.0,OPEN_BELOW_VAL,STOP_HIT,4490.5,-6.0,-6.08,-1.0133333333333334,-1.0,6.0,09:32,ENTERED,4472.5,4490.5,POC,2023-09-12,4493.5,4477.5,2023
VP_OUTSIDE_ACCEPT_POC,SHORT,4485.75,4486.0,1695232860,4469.75,1695237240,"{""adverse_ticks"": 1.0, ""tick"": 0.25}",4380,ES,14.0,17.75,OPEN_ABOVE_VAH,TARGET_HIT,4469.75,16.0,15.92,0.7236363636363636,0.7272727272727273,22.0,14:00,ENTERED,4507.75,4469.75,POC,2023-09-20,4488.25,4464.0,2023
VP_OUTSIDE_ACCEPT_POC,LONG,4390.75,4390.5,1695393120,4374.0,1695404280,"{""adverse_ticks"": 1.0, ""tick"": 0.25}",11160,ES,19.75,8.5,OPEN_BELOW_VAL,STOP_HIT,4405.0,-16.75,-16.83,-1.004776119402985,-1.0,16.75,10:31,ENTERED,4374.0,4405.0,POC,2023-09-22,4412.75,4390.25,2023
VP_OUTSIDE_ACCEPT_POC,LONG,4374.0,4373.75,1695656640,4368.75,1695671700,"{""adverse_ticks"": 1.0, ""tick"": 0.25}",15060,ES,17.25,3.75,OPEN_BELOW_VAL,TIME_EXIT,4390.75,-5.25,-5.33,-0.17333333333333334,-0.17073170731707318,30.75,11:43,ENTERED,4343.25,4390.75,POC,2023-09-25,4395.0,4372.0,2023
VP_OUTSIDE_ACCEPT_POC,SHORT,4352.25,4352.5,1696001400,4335.75,1696006080,"{""adverse_ticks"": 1.0, ""tick"": 0.25}",4680,ES,2.0,17.0,OPEN_ABOVE_VAH,TARGET_HIT,4335.75,16.5,16.42,0.8529870129870131,0.8571428571428571,19.25,11:29,ENTERED,4371.5,4335.75,POC,2023-09-29,4352.75,4324.25,2023
VP_OUTSIDE_ACCEPT_POC,LONG,4306.25,4306.0,1696340640,4298.5,1696341720,"{""adverse_ticks"": 1.0, ""tick"": 0.25}",1080,ES,11.25,11.0,OPEN_BELOW_VAL,STOP_HIT,4323.75,-7.75,-7.83,-1.0103225806451612,-1.0,7.75,09:43,ENTERED,4298.5,4323.75,POC,2023-10-03,4327.75,4306.0,2023
VP_OUTSIDE_ACCEPT_POC,SHORT,4284.0,4284.25,1696513560,4275.0,1696514700,"{""adverse_ticks"": 1.0, ""tick"": 0.25}",1140,ES,4.5,10.0,OPEN_ABOVE_VAH,TARGET_HIT,4275.0,9.0,8.92,0.5663492063492064,0.5714285714285714,15.75,09:45,ENTERED,4299.75,4275.0,POC,2023-10-05,4284.5,4257.0,2023
VP_OUTSIDE_ACCEPT_POC,LONG,4273.0,4272.75,1696599180,4264.5,1696599420,"{""adverse_ticks"": 1.0, ""tick"": 0.25}",240,ES,9.75,3.25,OPEN_BELOW_VAL,STOP_HIT,4292.75,-8.5,-8.58,-1.0094117647058825,-1.0,8.5,09:32,ENTERED,4264.5,4292.75,POC,2023-10-06,4297.5,4271.5,2023
VP_OUTSIDE_ACCEPT_POC,SHORT,4372.5,4372.75,1696944660,4377.75,1696944780,"{""adverse_ticks"": 1.0, ""tick"": 0.25}",120,ES,5.75,0.75,OPEN_ABOVE_VAH,STOP_HIT,4368.0,-5.25,-5.33,-1.0152380952380953,-1.0,5.25,09:30,ENTERED,4377.75,4368.0,POC,2023-10-10,4375.75,4331.25,2023
VP_OUTSIDE_ACCEPT_POC,SHORT,4401.75,4402.0,1697118540,4396.0,1697118900,"{""adverse_ticks"": 1.0, ""tick"": 0.25}",360,ES,3.75,6.0,OPEN_ABOVE_VAH,TARGET_HIT,4396.0,5.75,5.67,0.4447058823529412,0.45098039215686275,12.75,09:48,ENTERED,4414.5,4396.0,POC,2023-10-12,4401.75,4383.25,2023
VP_OUTSIDE_ACCEPT_POC,LONG,4398.25,4398.0,1697553480,4407.25,1697556900,"{""adverse_ticks"": 1.0, ""tick"": 0.25}",3420,ES,8.25,12.25,OPEN_BELOW_VAL,TARGET_HIT,4407.25,9.0,8.92,0.27236641221374047,0.2748091603053435,32.75,10:37,ENTERED,4365.5,4407.25,POC,2023-10-17,4411.75,4397.75,2023
VP_OUTSIDE_ACCEPT_POC,LONG,4387.5,4387.25,1697636100,4379.25,1697636280,"{""adverse_ticks"": 1.0, ""tick"": 0.25}",180,ES,8.0,0.75,OPEN_BELOW_VAL,STOP_HIT,4393.5,-8.25,-8.33,-1.0096969696969698,-1.0,8.25,09:34,ENTERED,4379.25,4393.5,POC,2023-10-18,4413.5,4384.5,2023
VP_OUTSIDE_ACCEPT_POC,LONG,4358.5,4358.25,1697731380,4365.75,1697732460,"{""adverse_ticks"": 1.0, ""tick"": 0.25}",1080,ES,16.0,8.0,OPEN_BELOW_VAL,TARGET_HIT,4365.75,7.25,7.17,0.19643835616438357,0.19863013698630136,36.5,12:02,ENTERED,4322.0,4365.75,POC,2023-10-19,4384.0,4355.75,2023
VP_OUTSIDE_ACCEPT_POC,LONG,4205.0,4204.75,1698327240,4192.5,1698327540,"{""adverse_ticks"": 1.0, ""tick"": 0.25}",300,ES,14.0,0.25,OPEN_BELOW_VAL,STOP_HIT,4209.25,-12.5,-12.58,-1.0064,-1.0,12.5,09:33,ENTERED,4192.5,4209.25,POC,2023-10-26,4233.75,4205.0,2023
VP_OUTSIDE_ACCEPT_POC,SHORT,4401.75,4402.0,1699454220,4406.25,1699454940,"{""adverse_ticks"": 1.0, ""tick"": 0.25}",720,ES,5.25,1.5,OPEN_ABOVE_VAH,STOP_HIT,4396.5,-4.5,-4.58,-1.017777777777778,-1.0,4.5,09:36,ENTERED,4406.25,4396.5,POC,2023-11-08,4402.0,4390.25,2023
VP_OUTSIDE_ACCEPT_POC,SHORT,4402.5,4402.75,1699540380,4396.0,1699541220,"{""adverse_ticks"": 1.0, ""tick"": 0.25}",840,ES,1.0,8.5,OPEN_ABOVE_VAH,TARGET_HIT,4396.0,6.5,6.42,0.8855172413793103,0.896551724137931,7.25,09:32,ENTERED,4409.75,4396.0,POC,2023-11-09,4403.5,4389.75,2023
VP_OUTSIDE_ACCEPT_POC,SHORT,4518.5,4518.75,1700059980,4530.75,1700061480,"{""adverse_ticks"": 1.0, ""tick"": 0.25}",1500,ES,12.25,2.0,OPEN_ABOVE_VAH,STOP_HIT,4509.25,-12.25,-12.33,-1.006530612244898,-1.0,12.25,09:52,ENTERED,4530.75,4509.25,POC,2023-11-15,4519.0,4503.25,2023
VP_OUTSIDE_ACCEPT_POC,LONG,4519.5,4519.25,1700145960,4523.75,1700146440,"{""adverse_ticks"": 1.0, ""tick"": 0.25}",480,ES,0.75,4.5,OPEN_BELOW_VAL,TARGET_HIT,4523.75,4.25,4.17,0.5380645161290323,0.5483870967741935,7.75,09:45,ENTERED,4511.75,4523.75,POC,2023-11-16,4528.0,4517.75,2023
VP_OUTSIDE_ACCEPT_POC,SHORT,4520.5,4520.75,1700231640,4515.25,1700232060,"{""adverse_ticks"": 1.0, ""tick"": 0.25}",420,ES,1.0,6.5,OPEN_ABOVE_VAH,TARGET_HIT,4515.25,5.25,5.17,0.8991304347826087,0.9130434782608695,5.75,09:33,ENTERED,4526.25,4515.25,POC,2023-11-17,4520.75,4509.0,2023
VP_OUTSIDE_ACCEPT_POC,LONG,4567.0,4566.75,1701095460,4560.5,1701095580,"{""adverse_ticks"": 1.0, ""tick"": 0.25}",120,ES,7.75,0.0,OPEN_BELOW_VAL,STOP_HIT,4568.5,-6.5,-6.58,-1.0123076923076924,-1.0,6.5,09:30,ENTERED,4560.5,4568.5,POC,2023-11-27,4572.5,4562.0,2023
VP_OUTSIDE_ACCEPT_POC,LONG,4562.0,4561.75,1701186060,4564.0,1701186060,"{""adverse_ticks"": 1.0, ""tick"": 0.25}",0,ES,0.0,3.25,OPEN_BELOW_VAL,TARGET_HIT,4564.0,2.0,1.92,0.14769230769230768,0.15384615384615385,13.0,10:40,ENTERED,4549.0,4564.0,POC,2023-11-28,4566.75,4559.75,2023
VP_OUTSIDE_ACCEPT_POC,SHORT,4565.75,4566.0,1701274680,4564.75,1701275340,"{""adverse_ticks"": 1.0, ""tick"": 0.25}",660,ES,3.0,1.5,OPEN_ABOVE_VAH,TARGET_HIT,4564.75,1.0,0.92,0.029206349206349208,0.031746031746031744,31.5,11:17,ENTERED,4597.25,4564.75,POC,2023-11-29,4566.25,4553.5,2023
VP_OUTSIDE_ACCEPT_POC,SHORT,4564.0,4564.25,1701441180,4569.25,1701441600,"{""adverse_ticks"": 1.0, ""tick"": 0.25}",420,ES,6.5,1.75,OPEN_ABOVE_VAH,STOP_HIT,4555.25,-5.25,-5.33,-1.0152380952380953,-1.0,5.25,09:32,ENTERED,4569.25,4555.25,POC,2023-12-01,4564.0,4550.5,2023
VP_OUTSIDE_ACCEPT_POC,LONG,4575.0,4574.75,1701700740,4564.75,1701703320,"{""adverse_ticks"": 1.0, ""tick"": 0.25}",2580,ES,11.25,3.75,OPEN_BELOW_VAL,STOP_HIT,4599.75,-10.25,-10.33,-1.0078048780487805,-1.0,10.25,09:38,ENTERED,4564.75,4599.75,POC,2023-12-04,4606.75,4574.75,2023
VP_OUTSIDE_ACCEPT_POC,LONG,4567.0,4566.75,1701788040,4570.75,1701788400,"{""adverse_ticks"": 1.0, ""tick"": 0.25}",360,ES,3.75,7.5,OPEN_BELOW_VAL,TARGET_HIT,4570.75,3.75,3.67,0.4077777777777778,0.4166666666666667,9.0,09:53,ENTERED,4558.0,4570.75,POC,2023-12-05,4578.25,4566.5,2023
VP_OUTSIDE_ACCEPT_POC,SHORT,4576.5,4576.75,1701876360,4574.0,1701880320,"{""adverse_ticks"": 1.0, ""tick"": 0.25}",3960,ES,7.75,5.25,OPEN_ABOVE_VAH,TARGET_HIT,4574.0,2.5,2.42,0.11388235294117646,0.11764705882352941,21.25,10:25,ENTERED,4597.75,4574.0,POC,2023-12-06,4576.75,4568.25,2023
VP_OUTSIDE_ACCEPT_POC,SHORT,4619.75,4620.0,1702391460,4621.75,1702393440,"{""adverse_ticks"": 1.0, ""tick"": 0.25}",1980,ES,2.5,9.5,OPEN_ABOVE_VAH,STOP_HIT,4607.25,-2.0,-2.08,-1.04,-1.0,2.0,09:30,ENTERED,4621.75,4607.25,POC,2023-12-12,4620.25,4600.0,2023
VP_OUTSIDE_ACCEPT_POC,SHORT,4787.75,4788.0,1703273220,4804.75,1703278500,"{""adverse_ticks"": 1.0, ""tick"": 0.25}",5280,ES,20.75,3.25,OPEN_ABOVE_VAH,TIME_EXIT,4781.75,-17.0,-17.08,-0.49868613138686124,-0.49635036496350365,34.25,14:26,ENTERED,4822.0,4781.75,POC,2023-12-22,4789.5,4767.0,2023
VP_OUTSIDE_ACCEPT_POC,LONG,4832.75,4832.5,1703860680,4834.75,1703862360,"{""adverse_ticks"": 1.0, ""tick"": 0.25}",1680,ES,2.0,2.5,OPEN_BELOW_VAL,TARGET_HIT,4834.75,2.0,1.92,0.32,0.3333333333333333,6.0,09:37,ENTERED,4826.75,4834.75,POC,2023-12-29,4837.25,4832.25,2023
VP_OUTSIDE_ACCEPT_POC,LONG,4747.5,4747.25,1704378780,4756.0,1704380940,"{""adverse_ticks"": 1.0, ""tick"": 0.25}",2160,ES,6.0,9.5,OPEN_BELOW_VAL,TARGET_HIT,4756.0,8.5,8.42,0.842,0.85,10.0,09:32,ENTERED,4737.5,4756.0,POC,2024-01-04,4762.25,4747.0,2024
VP_OUTSIDE_ACCEPT_POC,LONG,4740.0,4739.75,1704466020,4746.25,1704466860,"{""adverse_ticks"": 1.0, ""tick"": 0.25}",840,ES,4.25,8.0,OPEN_BELOW_VAL,TARGET_HIT,4746.25,6.25,6.17,0.457037037037037,0.46296296296296297,13.5,09:46,ENTERED,4726.5,4746.25,POC,2024-01-05,4757.25,4739.5,2024
VP_OUTSIDE_ACCEPT_POC,SHORT,4816.5,4816.75,1704984480,4805.0,1704985380,"{""adverse_ticks"": 1.0, ""tick"": 0.25}",900,ES,0.0,11.75,OPEN_ABOVE_VAH,TARGET_HIT,4805.0,11.5,11.42,0.71375,0.71875,16.0,09:47,ENTERED,4832.5,4805.0,POC,2024-01-11,4817.0,4795.75,2024
VP_OUTSIDE_ACCEPT_POC,SHORT,4818.25,4818.5,1705071660,4812.5,1705071720,"{""adverse_ticks"": 1.0, ""tick"": 0.25}",60,ES,1.5,6.0,OPEN_ABOVE_VAH,TARGET_HIT,4812.5,5.75,5.67,0.30648648648648646,0.3108108108108108,18.5,10:00,ENTERED,4836.75,4812.5,POC,2024-01-12,4820.0,4786.5,2024
VP_OUTSIDE_ACCEPT_POC,LONG,4807.75,4807.5,1705418580,4815.75,1705422120,"{""adverse_ticks"": 1.0, ""tick"": 0.25}",3540,ES,12.25,8.25,OPEN_BELOW_VAL,TARGET_HIT,4815.75,8.0,7.92,0.32326530612244897,0.32653061224489793,24.5,10:22,ENTERED,4783.25,4815.75,POC,2024-01-16,4819.25,4806.25,2024
VP_OUTSIDE_ACCEPT_POC,SHORT,4771.5,4771.75,1705601220,4796.5,1705605300,"{""adverse_ticks"": 1.0, ""tick"": 0.25}",4080,ES,24.75,1.75,OPEN_ABOVE_VAH,STOP_HIT,4765.5,-25.0,-25.08,-1.0031999999999999,-1.0,25.0,13:06,ENTERED,4796.5,4765.5,POC,2024-01-18,4772.0,4759.0,2024
VP_OUTSIDE_ACCEPT_POC,LONG,4892.75,4892.5,1706798100,4882.0,1706799600,"{""adverse_ticks"": 1.0, ""tick"": 0.25}",1500,ES,13.25,2.25,OPEN_BELOW_VAL,STOP_HIT,4910.5,-10.75,-10.83,-1.0074418604651163,-1.0,10.75,09:34,ENTERED,4882.0,4910.5,POC,2024-02-01,4930.25,4890.25,2024
VP_OUTSIDE_ACCEPT_POC,SHORT,4984.0,4984.25,1707926460,5009.25,1707942360,"{""adverse_ticks"": 1.0, ""tick"": 0.25}",15900,ES,26.0,11.5,OPEN_ABOVE_VAH,STOP_HIT,4970.5,-25.25,-25.33,-1.0031683168316832,-1.0,25.25,11:00,ENTERED,5009.25,4970.5,POC,2024-02-14,4987.75,4959.75,2024
VP_OUTSIDE_ACCEPT_POC,SHORT,5037.0,5037.25,1708093980,5024.5,1708095240,"{""adverse_ticks"": 1.0, ""tick"": 0.25}",1260,ES,1.75,15.5,OPEN_ABOVE_VAH,TARGET_HIT,5024.5,12.5,12.42,1.4611764705882353,1.4705882352941178,8.5,09:32,ENTERED,5045.5,5024.5,POC,2024-02-16,5039.75,5013.75,2024
VP_OUTSIDE_ACCEPT_POC,LONG,4979.75,4979.5,1708525860,4976.25,1708525860,"{""adverse_ticks"": 1.0, ""tick"": 0.25}",0,ES,3.5,0.5,OPEN_BELOW_VAL,STOP_HIT,4990.25,-3.5,-3.58,-1.022857142857143,-1.0,3.5,09:30,ENTERED,4976.25,4990.25,POC,2024-02-21,4993.5,4979.25,2024
VP_OUTSIDE_ACCEPT_POC,SHORT,5107.5,5107.75,1708703760,5098.5,1708704240,"{""adverse_ticks"": 1.0, ""tick"": 0.25}",480,ES,2.5,11.5,OPEN_ABOVE_VAH,TARGET_HIT,5098.5,9.0,8.92,0.548923076923077,0.5538461538461539,16.25,10:55,ENTERED,5123.75,5098.5,POC,2024-02-23,5107.75,5072.25,2024
VP_OUTSIDE_ACCEPT_POC,LONG,5074.5,5074.25,1709130660,5071.25,1709130660,"{""adverse_ticks"": 1.0, ""tick"": 0.25}",0,ES,3.25,0.25,OPEN_BELOW_VAL,STOP_HIT,5078.25,-3.25,-3.33,-1.0246153846153847,-1.0,3.25,09:30,ENTERED,5071.25,5078.25,POC,2024-02-28,5085.5,5074.5,2024
VP_OUTSIDE_ACCEPT_POC,SHORT,5078.25,5078.5,1709224740,5075.75,1709224740,"{""adverse_ticks"": 1.0, ""tick"": 0.25}",0,ES,0.0,3.75,OPEN_ABOVE_VAH,TARGET_HIT,5075.75,2.5,2.42,0.088,0.09090909090909091,27.5,11:38,ENTERED,5105.75,5075.75,POC,2024-02-29,5082.0,5072.25,2024
VP_OUTSIDE_ACCEPT_POC,SHORT,5100.25,5100.5,1709737620,5122.5,1709740860,"{""adverse_ticks"": 1.0, ""tick"": 0.25}",3240,ES,22.25,2.75,OPEN_ABOVE_VAH,STOP_HIT,5094.0,-22.25,-22.33,-1.0035955056179775,-1.0,22.25,10:06,ENTERED,5122.5,5094.0,POC,2024-03-06,5101.75,5069.75,2024
VP_OUTSIDE_ACCEPT_POC,SHORT,5124.5,5124.75,1710250800,5147.75,1710252420,"{""adverse_ticks"": 1.0, ""tick"": 0.25}",1620,ES,23.5,7.0,OPEN_ABOVE_VAH,STOP_HIT,5115.25,-23.25,-23.33,-1.0034408602150537,-1.0,23.25,09:39,ENTERED,5147.75,5115.25,POC,2024-03-12,5125.0,5109.0,2024
VP_OUTSIDE_ACCEPT_POC,LONG,5221.0,5220.75,1710865140,5225.25,1710865380,"{""adverse_ticks"": 1.0, ""tick"": 0.25}",240,ES,0.25,4.5,OPEN_BELOW_VAL,TARGET_HIT,5225.25,4.25,4.17,0.16038461538461538,0.16346153846153846,26.0,12:18,ENTERED,5195.0,5225.25,POC,2024-03-19,5233.25,5219.25,2024
VP_OUTSIDE_ACCEPT_POC,SHORT,5286.25,5286.5,1711460520,5292.75,1711462020,"{""adverse_ticks"": 1.0, ""tick"": 0.25}",1500,ES,6.25,0.25,OPEN_ABOVE_VAH,STOP_HIT,5283.75,-6.5,-6.58,-1.0123076923076924,-1.0,6.5,09:41,ENTERED,5292.75,5283.75,POC,2024-03-26,5286.5,5280.0,2024
VP_OUTSIDE_ACCEPT_POC,SHORT,5279.5,5279.75,1712254020,5276.0,1712254020,"{""adverse_ticks"": 1.0, ""tick"": 0.25}",0,ES,0.25,3.75,OPEN_ABOVE_VAH,TARGET_HIT,5276.0,3.5,3.42,0.11692307692307692,0.11965811965811966,29.25,14:06,ENTERED,5308.75,5276.0,POC,2024-04-04,5280.0,5264.75,2024
VP_OUTSIDE_ACCEPT_POC,LONG,5227.5,5227.25,1712325180,5259.75,1712346900,"{""adverse_ticks"": 1.0, ""tick"": 0.25}",21720,ES,11.75,45.25,OPEN_BELOW_VAL,TIME_EXIT,5298.25,32.25,32.17,1.5319047619047619,1.5357142857142858,21.0,09:52,ENTERED,5206.5,5298.25,POC,2024-04-05,5308.5,5224.25,2024
VP_OUTSIDE_ACCEPT_POC,SHORT,5257.25,5257.5,1712670600,5254.75,1712670720,"{""adverse_ticks"": 1.0, ""tick"": 0.25}",120,ES,1.0,3.5,OPEN_ABOVE_VAH,TARGET_HIT,5254.75,2.5,2.42,0.14028985507246378,0.14492753623188406,17.25,09:49,ENTERED,5274.5,5254.75,POC,2024-04-09,5260.0,5251.0,2024
VP_OUTSIDE_ACCEPT_POC,LONG,5211.0,5210.75,1712758740,5190.75,1712768640,"{""adverse_ticks"": 1.0, ""tick"": 0.25}",9900,ES,21.0,15.75,OPEN_BELOW_VAL,STOP_HIT,5234.5,-20.25,-20.33,-1.0039506172839505,-1.0,20.25,10:18,ENTERED,5190.75,5234.5,POC,2024-04-10,5248.0,5210.75,2024
VP_OUTSIDE_ACCEPT_POC,SHORT,5209.25,5209.5,1712842620,5198.5,1712844060,"{""adverse_ticks"": 1.0, ""tick"": 0.25}",1440,ES,3.25,12.5,OPEN_ABOVE_VAH,TARGET_HIT,5198.5,10.75,10.67,0.9278260869565217,0.9347826086956522,11.5,09:36,ENTERED,5220.75,5198.5,POC,2024-04-11,5210.25,5194.0,2024
VP_OUTSIDE_ACCEPT_POC,LONG,5206.0,5205.75,1712928660,5202.75,1712928660,"{""adverse_ticks"": 1.0, ""tick"": 0.25}",0,ES,5.0,3.0,OPEN_BELOW_VAL,STOP_HIT,5250.75,-3.25,-3.33,-1.0246153846153847,-1.0,3.25,09:30,ENTERED,5202.75,5250.75,POC,2024-04-12,5257.5,5204.75,2024
VP_OUTSIDE_ACCEPT_POC,SHORT,5190.0,5190.25,1713190200,5165.5,1713198240,"{""adverse_ticks"": 1.0, ""tick"": 0.25}",8040,ES,4.25,25.25,OPEN_ABOVE_VAH,TARGET_HIT,5165.5,24.5,24.42,1.0503225806451613,1.053763440860215,23.25,10:09,ENTERED,5213.25,5165.5,POC,2024-04-15,5192.25,5151.0,2024
VP_OUTSIDE_ACCEPT_POC,SHORT,5104.5,5104.75,1713362460,5099.5,1713362640,"{""adverse_ticks"": 1.0, ""tick"": 0.25}",180,ES,2.5,7.25,OPEN_ABOVE_VAH,TARGET_HIT,5099.5,5.0,4.92,0.3335593220338983,0.3389830508474576,14.75,10:00,ENTERED,5119.25,5099.5,POC,2024-04-17,5105.75,5090.0,2024
VP_OUTSIDE_ACCEPT_POC,SHORT,5111.0,5111.25,1713965580,5119.5,1713965820,"{""adverse_ticks"": 1.0, ""tick"": 0.25}",240,ES,9.25,1.0,OPEN_ABOVE_VAH,STOP_HIT,5106.0,-8.5,-8.58,-1.0094117647058825,-1.0,8.5,09:32,ENTERED,5119.5,5106.0,POC,2024-04-24,5112.0,5093.5,2024
VP_OUTSIDE_ACCEPT_POC,SHORT,5139.5,5139.75,1714398180,5134.0,1714415520,"{""adverse_ticks"": 1.0, ""tick"": 0.25}",17340,ES,13.5,7.5,OPEN_ABOVE_VAH,TARGET_HIT,5134.0,5.5,5.42,0.36133333333333334,0.36666666666666664,15.0,09:42,ENTERED,5154.5,5134.0,POC,2024-04-29,5142.75,5128.75,2024
VP_OUTSIDE_ACCEPT_POC,LONG,5140.25,5140.0,1714484700,5127.0,1714487460,"{""adverse_ticks"": 1.0, ""tick"": 0.25}",2760,ES,13.75,1.25,OPEN_BELOW_VAL,STOP_HIT,5145.75,-13.25,-13.33,-1.0060377358490566,-1.0,13.25,09:44,ENTERED,5127.0,5145.75,POC,2024-04-30,5151.0,5138.5,2024
VP_OUTSIDE_ACCEPT_POC,LONG,5068.5,5068.25,1714588020,5095.0,1714588800,"{""adverse_ticks"": 1.0, ""tick"": 0.25}",780,ES,15.0,27.5,OPEN_BELOW_VAL,TARGET_HIT,5095.0,26.5,26.42,0.9969811320754718,1.0,26.5,14:26,ENTERED,5042.0,5095.0,POC,2024-05-01,5120.75,5066.5,2024
VP_OUTSIDE_ACCEPT_POC,LONG,5213.25,5213.0,1715179680,5215.0,1715198100,"{""adverse_ticks"": 1.0, ""tick"": 0.25}",18420,ES,12.25,4.25,OPEN_BELOW_VAL,TIME_EXIT,5221.75,1.75,1.67,0.0750561797752809,0.07865168539325842,22.25,10:47,ENTERED,5191.0,5221.75,POC,2024-05-08,5223.0,5213.0,2024
VP_OUTSIDE_ACCEPT_POC,SHORT,5237.5,5237.75,1715355480,5250.0,1715370900,"{""adverse_ticks"": 1.0, ""tick"": 0.25}",15420,ES,12.75,5.0,OPEN_ABOVE_VAH,TIME_EXIT,5229.5,-12.5,-12.58,-0.4702803738317757,-0.4672897196261682,26.75,11:37,ENTERED,5264.25,5229.5,POC,2024-05-10,5238.0,5221.5,2024
VP_OUTSIDE_ACCEPT_POC,SHORT,5249.5,5249.75,1715607660,5240.25,1715614200,"{""adverse_ticks"": 1.0, ""tick"": 0.25}",6540,ES,5.0,9.75,OPEN_ABOVE_VAH,TARGET_HIT,5240.25,9.25,9.17,0.655,0.6607142857142857,14.0,09:40,ENTERED,5263.5,5240.25,POC,2024-05-13,5250.0,5237.75,2024
VP_OUTSIDE_ACCEPT_POC,LONG,5333.75,5333.5,1716302100,5344.0,1716320100,"{""adverse_ticks"": 1.0, ""tick"": 0.25}",18000,ES,5.5,14.0,OPEN_BELOW_VAL,TARGET_HIT,5344.0,10.25,10.17,0.8843478260869565,0.8913043478260869,11.5,10:34,ENTERED,5322.25,5344.0,POC,2024-05-21,5347.75,5333.5,2024
VP_OUTSIDE_ACCEPT_POC,SHORT,5344.25,5344.5,1716471660,5341.75,1716471660,"{""adverse_ticks"": 1.0, ""tick"": 0.25}",0,ES,0.0,3.75,OPEN_ABOVE_VAH,TARGET_HIT,5341.75,2.5,2.42,0.16982456140350877,0.17543859649122806,14.25,09:40,ENTERED,5358.5,5341.75,POC,2024-05-23,5344.5,5319.25,2024
VP_OUTSIDE_ACCEPT_POC,SHORT,5326.75,5327.0,1716903420,5321.25,1716903900,"{""adverse_ticks"": 1.0, ""tick"": 0.25}",480,ES,2.5,5.75,OPEN_ABOVE_VAH,TARGET_HIT,5321.25,5.5,5.42,1.1410526315789473,1.1578947368421053,4.75,09:36,ENTERED,5331.5,5321.25,POC,2024-05-28,5327.5,5310.25,2024
VP_OUTSIDE_ACCEPT_POC,SHORT,5363.25,5363.5,1717682340,5359.5,1717689420,"{""adverse_ticks"": 1.0, ""tick"": 0.25}",7080,ES,7.5,4.0,OPEN_ABOVE_VAH,TARGET_HIT,5359.5,3.75,3.67,0.35804878048780486,0.36585365853658536,10.25,09:58,ENTERED,5373.5,5359.5,POC,2024-06-06,5367.0,5327.0,2024
VP_OUTSIDE_ACCEPT_POC,LONG,5359.5,5359.25,1717769640,5361.25,1717769820,"{""adverse_ticks"": 1.0, ""tick"": 0.25}",180,ES,2.5,2.5,OPEN_BELOW_VAL,TARGET_HIT,5361.25,1.75,1.67,0.08906666666666667,0.09333333333333334,18.75,10:13,ENTERED,5340.75,5361.25,POC,2024-06-07,5370.5,5359.25,2024
VP_OUTSIDE_ACCEPT_POC,LONG,5354.0,5353.75,1718031240,5358.25,1718033100,"{""adverse_ticks"": 1.0, ""tick"": 0.25}",1860,ES,2.0,5.0,OPEN_BELOW_VAL,TARGET_HIT,5358.25,4.25,4.17,0.31471698113207547,0.32075471698113206,13.25,10:53,ENTERED,5340.75,5358.25,POC,2024-06-10,5371.75,5353.75,2024
VP_OUTSIDE_ACCEPT_POC,SHORT,5534.25,5534.5,1719502140,5531.25,1719503040,"{""adverse_ticks"": 1.0, ""tick"": 0.25}",900,ES,3.5,3.5,OPEN_ABOVE_VAH,TARGET_HIT,5531.25,3.0,2.92,0.13904761904761903,0.14285714285714285,21.0,11:28,ENTERED,5555.25,5531.25,POC,2024-06-27,5537.75,5524.5,2024
VP_OUTSIDE_ACCEPT_POC,SHORT,5548.0,5548.25,1719581460,5553.75,1719581580,"{""adverse_ticks"": 1.0, ""tick"": 0.25}",120,ES,7.75,0.5,OPEN_ABOVE_VAH,STOP_HIT,5541.0,-5.75,-5.83,-1.0139130434782608,-1.0,5.75,09:30,ENTERED,5553.75,5541.0,POC,2024-06-28,5552.25,5538.5,2024
VP_OUTSIDE_ACCEPT_POC,LONG,5523.25,5523.0,1719927180,5530.5,1719927540,"{""adverse_ticks"": 1.0, ""tick"": 0.25}",360,ES,0.75,8.5,OPEN_BELOW_VAL,TARGET_HIT,5530.5,7.25,7.17,0.8435294117647059,0.8529411764705882,8.5,09:32,ENTERED,5514.75,5530.5,POC,2024-07-02,5537.75,5520.25,2024
VP_OUTSIDE_ACCEPT_POC,SHORT,5624.75,5625.0,1720449420,5619.5,1720454940,"{""adverse_ticks"": 1.0, ""tick"": 0.25}",5520,ES,5.0,7.25,OPEN_ABOVE_VAH,TARGET_HIT,5619.5,5.25,5.17,0.3976923076923077,0.40384615384615385,13.0,10:36,ENTERED,5637.75,5619.5,POC,2024-07-08,5626.0,5598.5,2024
VP_OUTSIDE_ACCEPT_POC,SHORT,5628.75,5629.0,1720552920,5632.0,1720554900,"{""adverse_ticks"": 1.0, ""tick"": 0.25}",1980,ES,5.0,0.75,OPEN_ABOVE_VAH,TIME_EXIT,5625.25,-3.25,-3.33,-0.19304347826086957,-0.18840579710144928,17.25,15:21,ENTERED,5646.0,5625.25,POC,2024-07-09,5629.25,5619.75,2024
VP_OUTSIDE_ACCEPT_POC,SHORT,5670.5,5670.75,1720707540,5644.75,1720711560,"{""adverse_ticks"": 1.0, ""tick"": 0.25}",4020,ES,5.5,27.5,OPEN_ABOVE_VAH,TARGET_HIT,5644.75,25.75,25.67,1.0066666666666668,1.0098039215686274,25.5,10:18,ENTERED,5696.0,5644.75,POC,2024-07-11,5672.5,5640.25,2024
VP_OUTSIDE_ACCEPT_POC,SHORT,5575.25,5575.5,1721662920,5608.5,1721669460,"{""adverse_ticks"": 1.0, ""tick"": 0.25}",6540,ES,33.75,1.75,OPEN_ABOVE_VAH,STOP_HIT,5549.25,-33.25,-33.33,-1.002406015037594,-1.0,33.25,11:41,ENTERED,5608.5,5549.25,POC,2024-07-22,5575.5,5545.5,2024
VP_OUTSIDE_ACCEPT_POC,SHORT,5503.25,5503.5,1722259920,5517.0,1722260700,"{""adverse_ticks"": 1.0, ""tick"": 0.25}",780,ES,15.75,2.0,OPEN_ABOVE_VAH,STOP_HIT,5493.5,-13.75,-13.83,-1.0058181818181817,-1.0,13.75,09:31,ENTERED,5517.0,5493.5,POC,2024-07-29,5504.75,5478.75,2024
VP_OUTSIDE_ACCEPT_POC,SHORT,5566.0,5566.25,1722521940,5560.5,1722522060,"{""adverse_ticks"": 1.0, ""tick"": 0.25}",120,ES,2.75,7.5,OPEN_ABOVE_VAH,TARGET_HIT,5560.5,5.5,5.42,0.15485714285714286,0.15714285714285714,35.0,10:18,ENTERED,5601.0,5560.5,POC,2024-08-01,5568.75,5545.0,2024
VP_OUTSIDE_ACCEPT_POC,SHORT,5324.5,5324.75,1723045500,5304.5,1723046640,"{""adverse_ticks"": 1.0, ""tick"": 0.25}",1140,ES,1.5,24.25,OPEN_ABOVE_VAH,TARGET_HIT,5304.5,20.0,19.92,0.5691428571428572,0.5714285714285714,35.0,11:44,ENTERED,5359.5,5304.5,POC,2024-08-07,5325.75,5270.75,2024
VP_OUTSIDE_ACCEPT_POC,SHORT,5373.25,5373.5,1723469940,5360.25,1723470240,"{""adverse_ticks"": 1.0, ""tick"": 0.25}",300,ES,0.75,15.75,OPEN_ABOVE_VAH,TARGET_HIT,5360.25,13.0,12.92,1.201860465116279,1.2093023255813953,10.75,09:38,ENTERED,5384.0,5360.25,POC,2024-08-12,5374.0,5343.5,2024
VP_OUTSIDE_ACCEPT_POC,SHORT,5459.75,5460.0,1723642500,5446.5,1723644720,"{""adverse_ticks"": 1.0, ""tick"": 0.25}",2220,ES,5.0,14.0,OPEN_ABOVE_VAH,TARGET_HIT,5446.5,13.25,13.17,1.2251162790697674,1.2325581395348837,10.75,09:34,ENTERED,5470.5,5446.5,POC,2024-08-14,5461.25,5419.5,2024
VP_OUTSIDE_ACCEPT_POC,SHORT,5614.25,5614.5,1724165100,5620.25,1724183700,"{""adverse_ticks"": 1.0, ""tick"": 0.25}",18600,ES,17.75,6.75,OPEN_ABOVE_VAH,TIME_EXIT,5601.25,-6.0,-6.08,-0.20436974789915965,-0.20168067226890757,29.75,10:44,ENTERED,5644.0,5601.25,POC,2024-08-20,5614.75,5580.25,2024
VP_OUTSIDE_ACCEPT_POC,SHORT,5624.25,5624.5,1724249760,5643.0,1724250960,"{""adverse_ticks"": 1.0, ""tick"": 0.25}",1200,ES,23.5,1.0,OPEN_ABOVE_VAH,STOP_HIT,5620.0,-18.75,-18.83,-1.0042666666666666,-1.0,18.75,10:15,ENTERED,5643.0,5620.0,POC,2024-08-21,5627.25,5615.0,2024
VP_OUTSIDE_ACCEPT_POC,SHORT,5642.5,5642.75,1724335800,5635.0,1724337060,"{""adverse_ticks"": 1.0, ""tick"": 0.25}",1260,ES,4.25,7.75,OPEN_ABOVE_VAH,TARGET_HIT,5635.0,7.5,7.42,0.3226086956521739,0.32608695652173914,23.0,10:09,ENTERED,5665.5,5635.0,POC,2024-08-22,5643.25,5628.5,2024
VP_OUTSIDE_ACCEPT_POC,SHORT,5657.5,5657.75,1724680500,5648.25,1724681520,"{""adverse_ticks"": 1.0, ""tick"": 0.25}",1020,ES,4.0,9.5,OPEN_ABOVE_VAH,TARGET_HIT,5648.25,9.25,9.17,0.7804255319148936,0.7872340425531915,11.75,09:54,ENTERED,5669.25,5648.25,POC,2024-08-26,5658.5,5627.5,2024
VP_OUTSIDE_ACCEPT_POC,LONG,5627.25,5627.0,1724766780,5636.75,1724768640,"{""adverse_ticks"": 1.0, ""tick"": 0.25}",1860,ES,2.75,11.75,OPEN_BELOW_VAL,TARGET_HIT,5636.75,9.5,9.42,0.58875,0.59375,16.0,09:52,ENTERED,5611.25,5636.75,POC,2024-08-27,5645.5,5625.0,2024
VP_OUTSIDE_ACCEPT_POC,LONG,5543.0,5542.75,1725457320,5520.5,1725476340,"{""adverse_ticks"": 1.0, ""tick"": 0.25}",19020,ES,22.25,22.25,OPEN_BELOW_VAL,STOP_HIT,5583.5,-22.5,-22.58,-1.0035555555555555,-1.0,22.5,09:41,ENTERED,5520.5,5583.5,POC,2024-09-04,5598.75,5538.5,2024
VP_OUTSIDE_ACCEPT_POC,SHORT,5456.75,5457.0,1725892260,5480.0,1725897840,"{""adverse_ticks"": 1.0, ""tick"": 0.25}",5580,ES,25.0,14.5,OPEN_ABOVE_VAH,STOP_HIT,5421.25,-23.25,-23.33,-1.0034408602150537,-1.0,23.25,10:30,ENTERED,5480.0,5421.25,POC,2024-09-09,5458.0,5412.25,2024
VP_OUTSIDE_ACCEPT_POC,SHORT,5479.75,5480.0,1725977580,5466.75,1725983400,"{""adverse_ticks"": 1.0, ""tick"": 0.25}",5820,ES,12.0,15.25,OPEN_ABOVE_VAH,TARGET_HIT,5466.75,13.0,12.92,0.5940229885057471,0.5977011494252874,21.75,10:12,ENTERED,5501.5,5466.75,POC,2024-09-10,5480.75,5459.0,2024
VP_OUTSIDE_ACCEPT_POC,SHORT,5546.5,5546.75,1726148940,5566.75,1726150380,"{""adverse_ticks"": 1.0, ""tick"": 0.25}",1440,ES,20.25,6.5,OPEN_ABOVE_VAH,STOP_HIT,5481.75,-20.25,-20.33,-1.0039506172839505,-1.0,20.25,09:48,ENTERED,5566.75,5481.75,POC,2024-09-12,5547.0,5443.75,2024
VP_OUTSIDE_ACCEPT_POC,SHORT,5606.0,5606.25,1726234260,5609.0,1726234260,"{""adverse_ticks"": 1.0, ""tick"": 0.25}",0,ES,3.25,0.25,OPEN_ABOVE_VAH,STOP_HIT,5599.75,-3.0,-3.08,-1.0266666666666666,-1.0,3.0,09:30,ENTERED,5609.0,5599.75,POC,2024-09-13,5606.5,5564.0,2024
VP_OUTSIDE_ACCEPT_POC,LONG,5769.0,5768.75,1726853820,5765.5,1726862100,"{""adverse_ticks"": 1.0, ""tick"": 0.25}",8280,ES,26.25,6.25,OPEN_BELOW_VAL,TIME_EXIT,5784.75,-3.5,-3.58,-0.10013986013986015,-0.0979020979020979,35.75,13:36,ENTERED,5733.25,5784.75,POC,2024-09-20,5787.5,5768.5,2024
VP_OUTSIDE_ACCEPT_POC,SHORT,5765.5,5765.75,1727099220,5775.25,1727099460,"{""adverse_ticks"": 1.0, ""tick"": 0.25}",240,ES,9.5,1.75,OPEN_ABOVE_VAH,STOP_HIT,5763.5,-9.75,-9.83,-1.0082051282051283,-1.0,9.75,09:46,ENTERED,5775.25,5763.5,POC,2024-09-23,5767.0,5750.0,2024
VP_OUTSIDE_ACCEPT_POC,SHORT,5777.75,5778.0,1727185020,5772.5,1727186220,"{""adverse_ticks"": 1.0, ""tick"": 0.25}",1200,ES,2.75,5.5,OPEN_ABOVE_VAH,TARGET_HIT,5772.5,5.25,5.17,0.6670967741935484,0.6774193548387096,7.75,09:36,ENTERED,5785.5,5772.5,POC,2024-09-24,5778.25,5768.25,2024
VP_OUTSIDE_ACCEPT_POC,SHORT,5789.25,5789.5,1727362860,5802.0,1727380500,"{""adverse_ticks"": 1.0, ""tick"": 0.25}",17640,ES,17.5,11.25,OPEN_ABOVE_VAH,TIME_EXIT,5777.25,-12.75,-12.83,-0.3354248366013072,-0.3333333333333333,38.25,11:00,ENTERED,5827.5,5777.25,POC,2024-09-26,5791.0,5772.5,2024
VP_OUTSIDE_ACCEPT_POC,SHORT,5808.25,5808.5,1727444400,5814.25,1727445780,"{""adverse_ticks"": 1.0, ""tick"": 0.25}",1380,ES,6.25,3.5,OPEN_ABOVE_VAH,STOP_HIT,5791.75,-6.0,-6.08,-1.0133333333333334,-1.0,6.0,09:39,ENTERED,5814.25,5791.75,POC,2024-09-27,5808.75,5789.25,2024
VP_OUTSIDE_ACCEPT_POC,LONG,5787.0,5786.75,1727703240,5779.75,1727706300,"{""adverse_ticks"": 1.0, ""tick"": 0.25}",3060,ES,8.25,4.25,OPEN_BELOW_VAL,STOP_HIT,5797.25,-7.25,-7.33,-1.0110344827586206,-1.0,7.25,09:33,ENTERED,5779.75,5797.25,POC,2024-09-30,5809.5,5785.75,2024
VP_OUTSIDE_ACCEPT_POC,SHORT,5791.0,5791.25,1727789580,5785.25,1727789640,"{""adverse_ticks"": 1.0, ""tick"": 0.25}",60,ES,4.5,9.5,OPEN_ABOVE_VAH,TARGET_HIT,5785.25,5.75,5.67,0.3024,0.30666666666666664,18.75,09:32,ENTERED,5809.75,5785.25,POC,2024-10-01,5798.5,5775.75,2024
VP_OUTSIDE_ACCEPT_POC,LONG,5752.25,5752.0,1727962500,5742.5,1727962800,"{""adverse_ticks"": 1.0, ""tick"": 0.25}",300,ES,11.0,1.0,OPEN_BELOW_VAL,STOP_HIT,5763.0,-9.75,-9.83,-1.0082051282051283,-1.0,9.75,09:34,ENTERED,5742.5,5763.0,POC,2024-10-03,5768.5,5750.0,2024
VP_OUTSIDE_ACCEPT_POC,SHORT,5795.5,5795.75,1728480660,5800.75,1728481140,"{""adverse_ticks"": 1.0, ""tick"": 0.25}",480,ES,6.25,2.0,OPEN_ABOVE_VAH,STOP_HIT,5788.5,-5.25,-5.33,-1.0152380952380953,-1.0,5.25,09:30,ENTERED,5800.75,5788.5,POC,2024-10-09,5799.0,5774.25,2024
VP_OUTSIDE_ACCEPT_POC,SHORT,5892.5,5892.75,1729174020,5888.25,1729177380,"{""adverse_ticks"": 1.0, ""tick"": 0.25}",3360,ES,14.5,5.25,OPEN_ABOVE_VAH,TARGET_HIT,5888.25,4.25,4.17,0.12732824427480915,0.1297709923664122,32.75,10:06,ENTERED,5925.25,5888.25,POC,2024-10-17,5892.75,5866.0,2024
VP_OUTSIDE_ACCEPT_POC,LONG,5878.25,5878.0,1729606020,5890.25,1729618500,"{""adverse_ticks"": 1.0, ""tick"": 0.25}",12480,ES,9.5,13.25,OPEN_BELOW_VAL,TARGET_HIT,5890.25,12.0,11.92,0.7335384615384616,0.7384615384615385,16.25,10:06,ENTERED,5862.0,5890.25,POC,2024-10-22,5900.5,5877.5,2024
VP_OUTSIDE_ACCEPT_POC,SHORT,5852.0,5852.25,1729776660,5837.75,1729784400,"{""adverse_ticks"": 1.0, ""tick"": 0.25}",7740,ES,4.25,14.5,OPEN_ABOVE_VAH,TARGET_HIT,5837.75,14.25,14.17,2.361666666666667,2.375,6.0,09:30,ENTERED,5858.0,5837.75,POC,2024-10-24,5856.0,5808.25,2024
VP_OUTSIDE_ACCEPT_POC,LONG,5865.5,5865.25,1730211840,5869.75,1730211840,"{""adverse_ticks"": 1.0, ""tick"": 0.25}",0,ES,0.25,5.75,OPEN_BELOW_VAL,TARGET_HIT,5869.75,4.25,4.17,0.14761061946902654,0.1504424778761062,28.25,10:23,ENTERED,5837.25,5869.75,POC,2024-10-29,5874.0,5864.0,2024
VP_OUTSIDE_ACCEPT_POC,SHORT,6033.0,6033.25,1731337560,6022.5,1731348000,"{""adverse_ticks"": 1.0, ""tick"": 0.25}",10440,ES,10.25,11.0,OPEN_ABOVE_VAH,TARGET_HIT,6022.5,10.5,10.42,0.8336,0.84,12.5,10:05,ENTERED,6045.5,6022.5,POC,2024-11-11,6033.0,6014.5,2024
VP_OUTSIDE_ACCEPT_POC,LONG,5910.75,5910.5,1732030680,5920.0,1732033020,"{""adverse_ticks"": 1.0, ""tick"": 0.25}",2340,ES,5.25,11.75,OPEN_BELOW_VAL,TARGET_HIT,5920.0,9.25,9.17,0.2638848920863309,0.26618705035971224,34.75,10:37,ENTERED,5876.0,5920.0,POC,2024-11-19,5924.5,5907.75,2024
VP_OUTSIDE_ACCEPT_POC,SHORT,5927.0,5927.25,1732113360,5889.25,1732115400,"{""adverse_ticks"": 1.0, ""tick"": 0.25}",2040,ES,2.25,40.25,OPEN_ABOVE_VAH,TARGET_HIT,5889.25,37.75,37.67,2.7903703703703706,2.7962962962962963,13.5,09:35,ENTERED,5940.5,5889.25,POC,2024-11-20,5932.0,5876.25,2024
VP_OUTSIDE_ACCEPT_POC,SHORT,6028.75,6029.0,1732717860,6034.75,1732717980,"{""adverse_ticks"": 1.0, ""tick"": 0.25}",120,ES,8.0,1.25,OPEN_ABOVE_VAH,STOP_HIT,6023.75,-6.0,-6.08,-1.0133333333333334,-1.0,6.0,09:30,ENTERED,6034.75,6023.75,POC,2024-11-27,6032.0,6016.0,2024
VP_OUTSIDE_ACCEPT_POC,SHORT,6091.0,6091.25,1733414760,6105.0,1733420760,"{""adverse_ticks"": 1.0, ""tick"": 0.25}",6000,ES,14.25,0.5,OPEN_ABOVE_VAH,STOP_HIT,6086.75,-14.0,-14.08,-1.0057142857142858,-1.0,14.0,11:05,ENTERED,6105.0,6086.75,POC,2024-12-05,6091.0,6075.25,2024
VP_OUTSIDE_ACCEPT_POC,SHORT,6072.25,6072.5,1733927460,6076.0,1733927460,"{""adverse_ticks"": 1.0, ""tick"": 0.25}",0,ES,3.75,0.0,OPEN_ABOVE_VAH,STOP_HIT,6063.0,-3.75,-3.83,-1.0213333333333334,-1.0,3.75,09:30,ENTERED,6076.0,6063.0,POC,2024-12-11,6074.0,6055.25,2024
VP_OUTSIDE_ACCEPT_POC,LONG,6086.5,6086.25,1734019440,6067.25,1734031260,"{""adverse_ticks"": 1.0, ""tick"": 0.25}",11820,ES,19.0,1.5,OPEN_BELOW_VAL,STOP_HIT,6097.25,-19.25,-19.33,-1.004155844155844,-1.0,19.25,11:03,ENTERED,6067.25,6097.25,POC,2024-12-12,6102.0,6086.0,2024
VP_OUTSIDE_ACCEPT_POC,SHORT,5942.5,5942.75,1735828560,5941.75,1735828620,"{""adverse_ticks"": 1.0, ""tick"": 0.25}",60,ES,7.0,2.25,OPEN_ABOVE_VAH,TARGET_HIT,5941.75,0.75,0.67,0.023716814159292037,0.02654867256637168,28.25,09:35,ENTERED,5970.75,5941.75,POC,2025-01-02,5950.25,5921.25,2025
VP_OUTSIDE_ACCEPT_POC,LONG,5964.5,5964.25,1736354580,5925.25,1736357280,"{""adverse_ticks"": 1.0, ""tick"": 0.25}",2700,ES,41.0,0.5,OPEN_BELOW_VAL,STOP_HIT,5976.75,-39.25,-39.33,-1.0020382165605095,-1.0,39.25,11:42,ENTERED,5925.25,5976.75,POC,2025-01-08,6013.5,5963.5,2025
VP_OUTSIDE_ACCEPT_POC,SHORT,5990.25,5990.5,1737038640,5979.0,1737039600,"{""adverse_ticks"": 1.0, ""tick"": 0.25}",960,ES,2.25,15.25,OPEN_ABOVE_VAH,TARGET_HIT,5979.0,11.25,11.17,0.8592307692307692,0.8653846153846154,13.0,09:43,ENTERED,6003.25,5979.0,POC,2025-01-16,5991.25,5965.5,2025
VP_OUTSIDE_ACCEPT_POC,SHORT,6043.75,6044.0,1737472380,6072.25,1737478740,"{""adverse_ticks"": 1.0, ""tick"": 0.25}",6360,ES,28.25,0.25,OPEN_ABOVE_VAH,STOP_HIT,6041.75,-28.5,-28.58,-1.0028070175438595,-1.0,28.5,10:12,ENTERED,6072.25,6041.75,POC,2025-01-21,6048.5,6028.75,2025
VP_OUTSIDE_ACCEPT_POC,LONG,6121.5,6121.25,1737647100,6123.75,1737647220,"{""adverse_ticks"": 1.0, ""tick"": 0.25}",120,ES,0.5,2.75,OPEN_BELOW_VAL,TARGET_HIT,6123.75,2.25,2.17,0.20666666666666667,0.21428571428571427,10.5,10:44,ENTERED,6111.0,6123.75,POC,2025-01-23,6132.25,6121.25,2025
VP_OUTSIDE_ACCEPT_POC,SHORT,6141.75,6142.0,1737741360,6134.5,1737744300,"{""adverse_ticks"": 1.0, ""tick"": 0.25}",2940,ES,1.5,8.5,OPEN_ABOVE_VAH,TARGET_HIT,6134.5,7.25,7.17,0.3455421686746988,0.3493975903614458,20.75,12:55,ENTERED,6162.5,6134.5,POC,2025-01-24,6142.75,6118.0,2025
VP_OUTSIDE_ACCEPT_POC,SHORT,6028.5,6028.75,1738075620,6026.25,1738075620,"{""adverse_ticks"": 1.0, ""tick"": 0.25}",0,ES,0.5,4.5,OPEN_ABOVE_VAH,TARGET_HIT,6026.25,2.25,2.17,0.06944,0.072,31.25,09:46,ENTERED,6059.75,6026.25,POC,2025-01-28,6034.0,6015.25,2025
VP_OUTSIDE_ACCEPT_POC,SHORT,6084.25,6084.5,1738247760,6093.25,1738247880,"{""adverse_ticks"": 1.0, ""tick"": 0.25}",120,ES,10.25,0.25,OPEN_ABOVE_VAH,STOP_HIT,6082.0,-9.0,-9.08,-1.008888888888889,-1.0,9.0,09:35,ENTERED,6093.25,6082.0,POC,2025-01-30,6084.5,6064.5,2025
VP_OUTSIDE_ACCEPT_POC,SHORT,6088.0,6088.25,1738856400,6071.25,1738870380,"{""adverse_ticks"": 1.0, ""tick"": 0.25}",13980,ES,15.75,18.25,OPEN_ABOVE_VAH,TARGET_HIT,6071.25,16.75,16.67,0.966376811594203,0.9710144927536232,17.25,10:39,ENTERED,6105.25,6071.25,POC,2025-02-06,6088.5,6050.75,2025
VP_OUTSIDE_ACCEPT_POC,SHORT,6077.0,6077.25,1739197860,6082.25,1739199840,"{""adverse_ticks"": 1.0, ""tick"": 0.25}",1980,ES,5.25,9.5,OPEN_ABOVE_VAH,STOP_HIT,6049.75,-5.25,-5.33,-1.0152380952380953,-1.0,5.25,09:30,ENTERED,6082.25,6049.75,POC,2025-02-10,6078.25,6043.75,2025
VP_OUTSIDE_ACCEPT_POC,LONG,6082.25,6082.0,1739288280,6088.5,1739288820,"{""adverse_ticks"": 1.0, ""tick"": 0.25}",540,ES,1.5,6.5,OPEN_BELOW_VAL,TARGET_HIT,6088.5,6.25,6.17,0.3335135135135135,0.33783783783783783,18.5,10:37,ENTERED,6063.75,6088.5,POC,2025-02-11,6093.25,6081.75,2025
VP_OUTSIDE_ACCEPT_POC,SHORT,6078.5,6078.75,1739457480,6076.75,1739457480,"{""adverse_ticks"": 1.0, ""tick"": 0.25}",0,ES,0.25,8.5,OPEN_ABOVE_VAH,TARGET_HIT,6076.75,1.75,1.67,0.15534883720930232,0.16279069767441862,10.75,09:37,ENTERED,6089.25,6076.75,POC,2025-02-13,6080.0,6051.5,2025
VP_OUTSIDE_ACCEPT_POC,SHORT,6138.75,6139.0,1739889120,6135.0,1739890020,"{""adverse_ticks"": 1.0, ""tick"": 0.25}",900,ES,4.0,5.25,OPEN_ABOVE_VAH,TARGET_HIT,6135.0,3.75,3.67,0.6116666666666667,0.625,6.0,09:31,ENTERED,6144.75,6135.0,POC,2025-02-18,6140.25,6132.5,2025
VP_OUTSIDE_ACCEPT_POC,SHORT,6127.5,6127.75,1740148260,6110.75,1740150000,"{""adverse_ticks"": 1.0, ""tick"": 0.25}",1740,ES,2.5,23.0,OPEN_ABOVE_VAH,TARGET_HIT,6110.75,16.75,16.67,2.899130434782609,2.9130434782608696,5.75,09:30,ENTERED,6133.25,6110.75,POC,2025-02-21,6129.0,6106.0,2025
VP_OUTSIDE_ACCEPT_POC,SHORT,5979.0,5979.25,1740580260,5988.5,1740580620,"{""adverse_ticks"": 1.0, ""tick"": 0.25}",360,ES,10.25,1.0,OPEN_ABOVE_VAH,STOP_HIT,5973.0,-9.5,-9.58,-1.0084210526315789,-1.0,9.5,09:30,ENTERED,5988.5,5973.0,POC,2025-02-26,5986.5,5946.75,2025
VP_OUTSIDE_ACCEPT_POC,SHORT,5610.75,5611.0,1741787340,5598.5,1741787760,"{""adverse_ticks"": 1.0, ""tick"": 0.25}",420,ES,20.5,14.0,OPEN_ABOVE_VAH,TARGET_HIT,5598.5,12.25,12.17,0.3527536231884058,0.35507246376811596,34.5,09:48,ENTERED,5645.25,5598.5,POC,2025-03-12,5616.25,5564.0,2025
VP_OUTSIDE_ACCEPT_POC,SHORT,5813.75,5814.0,1742911380,5830.0,1742912940,"{""adverse_ticks"": 1.0, ""tick"": 0.25}",1560,ES,17.0,1.75,OPEN_ABOVE_VAH,STOP_HIT,5810.25,-16.25,-16.33,-1.0049230769230768,-1.0,16.25,10:02,ENTERED,5830.0,5810.25,POC,2025-03-25,5814.5,5797.25,2025
VP_OUTSIDE_ACCEPT_POC,LONG,5744.25,5744.0,1743082260,5738.5,1743082320,"{""adverse_ticks"": 1.0, ""tick"": 0.25}",60,ES,9.75,2.0,OPEN_BELOW_VAL,STOP_HIT,5761.0,-5.75,-5.83,-1.0139130434782608,-1.0,5.75,09:30,ENTERED,5738.5,5761.0,POC,2025-03-27,5802.5,5743.25,2025
VP_OUTSIDE_ACCEPT_POC,SHORT,5631.0,5631.25,1743514260,5640.0,1743514380,"{""adverse_ticks"": 1.0, ""tick"": 0.25}",120,ES,10.25,3.5,OPEN_ABOVE_VAH,STOP_HIT,5598.75,-9.0,-9.08,-1.008888888888889,-1.0,9.0,09:30,ENTERED,5640.0,5598.75,POC,2025-04-01,5638.25,5533.75,2025
VP_OUTSIDE_ACCEPT_POC,LONG,5638.25,5638.0,1743601020,5672.5,1743604140,"{""adverse_ticks"": 1.0, ""tick"": 0.25}",3120,ES,0.0,35.5,OPEN_BELOW_VAL,TARGET_HIT,5672.5,34.25,34.17,1.2313513513513514,1.2342342342342343,27.75,09:36,ENTERED,5610.5,5672.5,POC,2025-04-02,5683.0,5635.75,2025
VP_OUTSIDE_ACCEPT_POC,SHORT,5551.5,5551.75,1745848680,5549.75,1745848680,"{""adverse_ticks"": 1.0, ""tick"": 0.25}",0,ES,0.5,6.25,OPEN_ABOVE_VAH,TARGET_HIT,5549.75,1.75,1.67,0.06072727272727273,0.06363636363636363,27.5,09:57,ENTERED,5579.0,5549.75,POC,2025-04-28,5552.75,5511.0,2025
VP_OUTSIDE_ACCEPT_POC,LONG,5904.25,5904.0,1747317720,5909.25,1747321860,"{""adverse_ticks"": 1.0, ""tick"": 0.25}",4140,ES,17.0,6.0,OPEN_BELOW_VAL,TARGET_HIT,5909.25,5.0,4.92,0.246,0.25,20.0,10:01,ENTERED,5884.25,5909.25,POC,2025-05-15,5914.5,5902.0,2025
VP_OUTSIDE_ACCEPT_POC,LONG,5930.75,5930.5,1747662000,5937.25,1747662420,"{""adverse_ticks"": 1.0, ""tick"": 0.25}",420,ES,1.25,9.75,OPEN_BELOW_VAL,TARGET_HIT,5937.25,6.5,6.42,0.3424,0.3466666666666667,18.75,09:39,ENTERED,5912.0,5937.25,POC,2025-05-19,5965.75,5929.5,2025
VP_OUTSIDE_ACCEPT_POC,LONG,5952.75,5952.5,1747841100,5913.25,1747847880,"{""adverse_ticks"": 1.0, ""tick"": 0.25}",6780,ES,45.5,3.75,OPEN_BELOW_VAL,STOP_HIT,5961.5,-39.5,-39.58,-1.0020253164556963,-1.0,39.5,11:24,ENTERED,5913.25,5961.5,POC,2025-05-21,5968.5,5951.5,2025
VP_OUTSIDE_ACCEPT_POC,LONG,5881.75,5881.5,1747930560,5869.25,1747943700,"{""adverse_ticks"": 1.0, ""tick"": 0.25}",13140,ES,26.75,13.5,OPEN_BELOW_VAL,TIME_EXIT,5947.75,-12.5,-12.58,-0.3205095541401274,-0.3184713375796178,39.25,12:15,ENTERED,5842.5,5947.75,POC,2025-05-22,5956.25,5881.25,2025
VP_OUTSIDE_ACCEPT_POC,SHORT,5937.0,5937.25,1748440200,5926.75,1748441760,"{""adverse_ticks"": 1.0, ""tick"": 0.25}",1560,ES,1.75,11.0,OPEN_ABOVE_VAH,TARGET_HIT,5926.75,10.25,10.17,0.6457142857142857,0.6507936507936508,15.75,09:49,ENTERED,5952.75,5926.75,POC,2025-05-28,5937.75,5906.25,2025
VP_OUTSIDE_ACCEPT_POC,SHORT,5933.0,5933.25,1748526360,5922.5,1748527560,"{""adverse_ticks"": 1.0, ""tick"": 0.25}",1200,ES,11.0,11.25,OPEN_ABOVE_VAH,TARGET_HIT,5922.5,10.5,10.42,0.44340425531914895,0.44680851063829785,23.5,09:45,ENTERED,5956.5,5922.5,POC,2025-05-29,5933.5,5913.25,2025
VP_OUTSIDE_ACCEPT_POC,SHORT,5993.75,5994.0,1749223260,6013.5,1749239700,"{""adverse_ticks"": 1.0, ""tick"": 0.25}",16440,ES,26.75,9.5,OPEN_ABOVE_VAH,TIME_EXIT,5970.5,-19.75,-19.83,-0.6295238095238095,-0.626984126984127,31.5,11:20,ENTERED,6025.25,5970.5,POC,2025-06-06,5994.25,5954.25,2025
VP_OUTSIDE_ACCEPT_POC,SHORT,6034.75,6035.0,1749664920,6026.5,1749664980,"{""adverse_ticks"": 1.0, ""tick"": 0.25}",60,ES,0.25,10.75,OPEN_ABOVE_VAH,TARGET_HIT,6026.5,8.25,8.17,0.27008264462809917,0.2727272727272727,30.25,14:01,ENTERED,6065.0,6026.5,POC,2025-06-11,6036.75,6017.5,2025
VP_OUTSIDE_ACCEPT_POC,LONG,6028.5,6028.25,1749737280,6045.5,1749740460,"{""adverse_ticks"": 1.0, ""tick"": 0.25}",3180,ES,2.0,18.5,OPEN_BELOW_VAL,TARGET_HIT,6045.5,17.0,16.92,0.8355555555555556,0.8395061728395061,20.25,10:07,ENTERED,6008.25,6045.5,POC,2025-06-12,6064.0,6026.5,2025
VP_OUTSIDE_ACCEPT_POC,SHORT,6229.75,6230.0,1751306280,6249.0,1751311260,"{""adverse_ticks"": 1.0, ""tick"": 0.25}",4980,ES,21.25,3.0,OPEN_ABOVE_VAH,STOP_HIT,6226.75,-19.25,-19.33,-1.004155844155844,-1.0,19.25,13:57,ENTERED,6249.0,6226.75,POC,2025-06-30,6230.75,6198.5,2025
VP_OUTSIDE_ACCEPT_POC,SHORT,6270.25,6270.5,1751905260,6267.25,1751905260,"{""adverse_ticks"": 1.0, ""tick"": 0.25}",0,ES,0.0,8.25,OPEN_ABOVE_VAH,TARGET_HIT,6267.25,3.0,2.92,0.07345911949685534,0.07547169811320754,39.75,12:20,ENTERED,6310.0,6267.25,POC,2025-07-07,6273.75,6255.25,2025
VP_OUTSIDE_ACCEPT_POC,SHORT,6278.75,6279.0,1752073140,6305.75,1752090900,"{""adverse_ticks"": 1.0, ""tick"": 0.25}",17760,ES,28.5,3.0,OPEN_ABOVE_VAH,TIME_EXIT,6272.75,-27.0,-27.08,-0.7368707482993196,-0.7346938775510204,36.75,10:58,ENTERED,6315.5,6272.75,POC,2025-07-09,6279.0,6269.5,2025
VP_OUTSIDE_ACCEPT_POC,SHORT,6303.25,6303.5,1752154440,6310.25,1752158340,"{""adverse_ticks"": 1.0, ""tick"": 0.25}",3900,ES,7.25,7.5,OPEN_ABOVE_VAH,STOP_HIT,6289.5,-7.0,-7.08,-1.0114285714285713,-1.0,7.0,09:33,ENTERED,6310.25,6289.5,POC,2025-07-10,6304.25,6281.0,2025
VP_OUTSIDE_ACCEPT_POC,LONG,6299.5,6299.25,1752502920,6301.25,1752506760,"{""adverse_ticks"": 1.0, ""tick"": 0.25}",3840,ES,13.5,2.25,OPEN_BELOW_VAL,TARGET_HIT,6301.25,1.75,1.67,0.08675324675324675,0.09090909090909091,19.25,10:21,ENTERED,6280.25,6301.25,POC,2025-07-14,6309.75,6297.5,2025
VP_OUTSIDE_ACCEPT_POC,SHORT,6313.25,6313.5,1752589920,6310.0,1752590460,"{""adverse_ticks"": 1.0, ""tick"": 0.25}",540,ES,4.0,3.5,OPEN_ABOVE_VAH,TARGET_HIT,6310.0,3.25,3.17,0.11026086956521738,0.11304347826086956,28.75,10:31,ENTERED,6342.0,6310.0,POC,2025-07-15,6314.25,6294.25,2025
VP_OUTSIDE_ACCEPT_POC,SHORT,6344.5,6344.75,1752845940,6352.5,1752847200,"{""adverse_ticks"": 1.0, ""tick"": 0.25}",1260,ES,8.75,2.75,OPEN_ABOVE_VAH,STOP_HIT,6341.25,-8.0,-8.08,-1.01,-1.0,8.0,09:38,ENTERED,6352.5,6341.25,POC,2025-07-18,6345.5,6321.25,2025
VP_OUTSIDE_ACCEPT_POC,SHORT,6398.75,6399.0,1753363920,6405.5,1753364820,"{""adverse_ticks"": 1.0, ""tick"": 0.25}",900,ES,10.5,2.75,OPEN_ABOVE_VAH,STOP_HIT,6389.5,-6.75,-6.83,-1.0118518518518518,-1.0,6.75,09:31,ENTERED,6405.5,6389.5,POC,2025-07-24,6399.25,6366.25,2025
VP_OUTSIDE_ACCEPT_POC,SHORT,6431.75,6432.0,1753796940,6427.25,1753796940,"{""adverse_ticks"": 1.0, ""tick"": 0.25}",0,ES,0.25,6.0,OPEN_ABOVE_VAH,TARGET_HIT,6427.25,4.5,4.42,0.52,0.5294117647058824,8.5,09:48,ENTERED,6440.25,6427.25,POC,2025-07-29,6432.5,6418.75,2025
VP_OUTSIDE_ACCEPT_POC,SHORT,6427.0,6427.25,1753973460,6417.75,1753973940,"{""adverse_ticks"": 1.0, ""tick"": 0.25}",480,ES,0.75,10.25,OPEN_ABOVE_VAH,TARGET_HIT,6417.75,9.25,9.17,0.3781443298969072,0.38144329896907214,24.25,10:50,ENTERED,6451.25,6417.75,POC,2025-07-31,6427.5,6388.25,2025
VP_OUTSIDE_ACCEPT_POC,SHORT,6352.75,6353.0,1754402700,6345.75,1754403420,"{""adverse_ticks"": 1.0, ""tick"": 0.25}",720,ES,4.0,8.5,OPEN_ABOVE_VAH,TARGET_HIT,6345.75,7.0,6.92,0.35948051948051946,0.36363636363636365,19.25,10:04,ENTERED,6372.0,6345.75,POC,2025-08-05,6353.75,6333.25,2025
VP_OUTSIDE_ACCEPT_POC,SHORT,6375.25,6375.5,1754576760,6371.5,1754578440,"{""adverse_ticks"": 1.0, ""tick"": 0.25}",1680,ES,10.75,4.0,OPEN_ABOVE_VAH,TARGET_HIT,6371.5,3.75,3.67,0.09291139240506328,0.0949367088607595,39.5,10:25,ENTERED,6414.75,6371.5,POC,2025-08-07,6378.5,6343.25,2025
VP_OUTSIDE_ACCEPT_POC,SHORT,6414.5,6414.75,1754919060,6417.75,1754919720,"{""adverse_ticks"": 1.0, ""tick"": 0.25}",660,ES,3.25,4.75,OPEN_ABOVE_VAH,STOP_HIT,6409.5,-3.25,-3.33,-1.0246153846153847,-1.0,3.25,09:30,ENTERED,6417.75,6409.5,POC,2025-08-11,6416.0,6401.5,2025
VP_OUTSIDE_ACCEPT_POC,SHORT,6420.0,6420.25,1755005520,6427.75,1755005580,"{""adverse_ticks"": 1.0, ""tick"": 0.25}",60,ES,10.5,0.25,OPEN_ABOVE_VAH,STOP_HIT,6414.0,-7.75,-7.83,-1.0103225806451612,-1.0,7.75,09:31,ENTERED,6427.75,6414.0,POC,2025-08-12,6420.75,6403.75,2025
VP_OUTSIDE_ACCEPT_POC,SHORT,6469.5,6469.75,1755103560,6488.5,1755114900,"{""adverse_ticks"": 1.0, ""tick"": 0.25}",11340,ES,20.0,3.0,OPEN_ABOVE_VAH,TIME_EXIT,6462.75,-19.0,-19.08,-0.5738345864661654,-0.5714285714285714,33.25,12:45,ENTERED,6502.75,6462.75,POC,2025-08-13,6470.0,6433.5,2025
VP_OUTSIDE_ACCEPT_POC,LONG,6470.75,6470.5,1755178500,6480.0,1755179460,"{""adverse_ticks"": 1.0, ""tick"": 0.25}",960,ES,2.75,10.75,OPEN_BELOW_VAL,TARGET_HIT,6480.0,9.25,9.17,1.1115151515151516,1.121212121212121,8.25,09:34,ENTERED,6462.5,6480.0,POC,2025-08-14,6487.5,6468.25,2025
VP_OUTSIDE_ACCEPT_POC,SHORT,6489.5,6489.75,1755264660,6485.75,1755265500,"{""adverse_ticks"": 1.0, ""tick"": 0.25}",840,ES,4.25,6.75,OPEN_ABOVE_VAH,TARGET_HIT,6485.75,3.75,3.67,0.41942857142857143,0.42857142857142855,8.75,09:30,ENTERED,6498.25,6485.75,POC,2025-08-15,6495.0,6476.0,2025
VP_OUTSIDE_ACCEPT_POC,LONG,6471.5,6471.25,1755524760,6463.5,1755525480,"{""adverse_ticks"": 1.0, ""tick"": 0.25}",720,ES,10.25,2.75,OPEN_BELOW_VAL,STOP_HIT,6476.0,-8.0,-8.08,-1.01,-1.0,8.0,09:45,ENTERED,6463.5,6476.0,POC,2025-08-18,6480.0,6470.0,2025
VP_OUTSIDE_ACCEPT_POC,LONG,6473.25,6473.0,1756130400,6463.5,1756151460,"{""adverse_ticks"": 1.0, ""tick"": 0.25}",21060,ES,9.75,9.75,OPEN_BELOW_VAL,STOP_HIT,6484.5,-9.75,-9.83,-1.0082051282051283,-1.0,9.75,09:59,ENTERED,6463.5,6484.5,POC,2025-08-25,6493.5,6473.0,2025
VP_OUTSIDE_ACCEPT_POC,LONG,6466.75,6466.5,1756233480,6470.5,1756236000,"{""adverse_ticks"": 1.0, ""tick"": 0.25}",2520,ES,1.25,4.0,OPEN_BELOW_VAL,TARGET_HIT,6470.5,3.75,3.67,0.1631111111111111,0.16666666666666666,22.5,14:37,ENTERED,6444.25,6470.5,POC,2025-08-26,6478.5,6466.25,2025
VP_OUTSIDE_ACCEPT_POC,SHORT,6456.5,6456.75,1756995420,6475.0,1756996260,"{""adverse_ticks"": 1.0, ""tick"": 0.25}",840,ES,18.75,0.5,OPEN_ABOVE_VAH,STOP_HIT,6448.25,-18.5,-18.58,-1.0043243243243243,-1.0,18.5,10:16,ENTERED,6475.0,6448.25,POC,2025-09-04,6456.75,6437.5,2025
VP_OUTSIDE_ACCEPT_POC,SHORT,6491.5,6491.75,1757353980,6503.0,1757361300,"{""adverse_ticks"": 1.0, ""tick"": 0.25}",7320,ES,12.0,0.5,OPEN_ABOVE_VAH,TIME_EXIT,6480.75,-11.5,-11.58,-0.45861386138613863,-0.45544554455445546,25.25,13:52,ENTERED,6516.75,6480.75,POC,2025-09-08,6491.5,6463.25,2025
VP_OUTSIDE_ACCEPT_POC,SHORT,6553.0,6553.25,1757598180,6562.5,1757598480,"{""adverse_ticks"": 1.0, ""tick"": 0.25}",300,ES,9.5,1.25,OPEN_ABOVE_VAH,STOP_HIT,6548.0,-9.5,-9.58,-1.0084210526315789,-1.0,9.5,09:42,ENTERED,6562.5,6548.0,POC,2025-09-11,6554.25,6535.5,2025
VP_OUTSIDE_ACCEPT_POC,SHORT,6619.0,6619.25,1758030180,6613.0,1758030720,"{""adverse_ticks"": 1.0, ""tick"": 0.25}",540,ES,2.75,6.75,OPEN_ABOVE_VAH,TARGET_HIT,6613.0,6.0,5.92,0.5147826086956522,0.5217391304347826,11.5,09:42,ENTERED,6630.5,6613.0,POC,2025-09-16,6619.75,6611.75,2025
VP_OUTSIDE_ACCEPT_POC,SHORT,6669.0,6669.25,1758893460,6674.5,1758893520,"{""adverse_ticks"": 1.0, ""tick"": 0.25}",60,ES,13.75,1.75,OPEN_ABOVE_VAH,STOP_HIT,6659.25,-5.5,-5.58,-1.0145454545454546,-1.0,5.5,09:30,ENTERED,6674.5,6659.25,POC,2025-09-26,6672.5,6649.25,2025
VP_OUTSIDE_ACCEPT_POC,SHORT,6697.5,6697.75,1759173360,6709.5,1759175700,"{""adverse_ticks"": 1.0, ""tick"": 0.25}",2340,ES,18.5,1.25,OPEN_ABOVE_VAH,TIME_EXIT,6695.25,-12.0,-12.08,-0.3552941176470588,-0.35294117647058826,34.0,15:15,ENTERED,6731.5,6695.25,POC,2025-09-29,6699.5,6672.75,2025
VP_OUTSIDE_ACCEPT_POC,SHORT,6768.0,6768.25,1759412460,6764.25,1759412580,"{""adverse_ticks"": 1.0, ""tick"": 0.25}",120,ES,1.5,5.25,OPEN_ABOVE_VAH,TARGET_HIT,6764.25,3.75,3.67,0.29359999999999997,0.3,12.5,09:40,ENTERED,6780.5,6764.25,POC,2025-10-02,6769.25,6730.5,2025
VP_OUTSIDE_ACCEPT_POC,SHORT,6795.5,6795.75,1759843860,6798.5,1759843860,"{""adverse_ticks"": 1.0, ""tick"": 0.25}",0,ES,3.0,0.25,OPEN_ABOVE_VAH,STOP_HIT,6789.5,-3.0,-3.08,-1.0266666666666666,-1.0,3.0,09:30,ENTERED,6798.5,6789.5,POC,2025-10-07,6796.75,6779.75,2025
VP_OUTSIDE_ACCEPT_POC,SHORT,6767.0,6767.25,1759930620,6775.25,1759931280,"{""adverse_ticks"": 1.0, ""tick"": 0.25}",660,ES,8.0,2.75,OPEN_ABOVE_VAH,STOP_HIT,6758.0,-8.25,-8.33,-1.0096969696969698,-1.0,8.25,09:36,ENTERED,6775.25,6758.0,POC,2025-10-08,6768.5,6748.5,2025
VP_OUTSIDE_ACCEPT_POC,SHORT,6894.25,6894.5,1762180560,6875.25,1762181640,"{""adverse_ticks"": 1.0, ""tick"": 0.25}",1080,ES,2.0,20.25,OPEN_ABOVE_VAH,TARGET_HIT,6875.25,19.0,18.92,1.2206451612903226,1.2258064516129032,15.5,09:35,ENTERED,6909.75,6875.25,POC,2025-11-03,6897.25,6870.5,2025
VP_OUTSIDE_ACCEPT_POC,SHORT,6877.0,6877.25,1762958820,6873.25,1762960440,"{""adverse_ticks"": 1.0, ""tick"": 0.25}",1620,ES,8.0,4.0,OPEN_ABOVE_VAH,TARGET_HIT,6873.25,3.75,3.67,0.229375,0.234375,16.0,09:46,ENTERED,6893.0,6873.25,POC,2025-11-12,6879.75,6841.75,2025
VP_OUTSIDE_ACCEPT_POC,LONG,6740.5,6740.25,1763389980,6763.5,1763390220,"{""adverse_ticks"": 1.0, ""tick"": 0.25}",240,ES,1.25,23.25,OPEN_BELOW_VAL,TARGET_HIT,6763.5,23.0,22.92,1.608421052631579,1.6140350877192982,14.25,09:32,ENTERED,6726.25,6763.5,POC,2025-11-17,6795.5,6735.75,2025
VP_OUTSIDE_ACCEPT_POC,LONG,6820.5,6820.25,1764599640,6842.0,1764600960,"{""adverse_ticks"": 1.0, ""tick"": 0.25}",1320,ES,7.5,24.0,OPEN_BELOW_VAL,TARGET_HIT,6842.0,21.5,21.42,2.6775,2.6875,8.0,09:33,ENTERED,6812.5,6842.0,POC,2025-12-01,6845.75,6818.5,2025
VP_OUTSIDE_ACCEPT_POC,SHORT,6841.25,6841.5,1764687240,6855.0,1764687660,"{""adverse_ticks"": 1.0, ""tick"": 0.25}",420,ES,13.75,1.75,OPEN_ABOVE_VAH,STOP_HIT,6829.25,-13.75,-13.83,-1.0058181818181817,-1.0,13.75,09:53,ENTERED,6855.0,6829.25,POC,2025-12-02,6842.25,6819.5,2025
VP_OUTSIDE_ACCEPT_POC,LONG,6835.25,6835.0,1764772380,6822.5,1764773580,"{""adverse_ticks"": 1.0, ""tick"": 0.25}",1200,ES,14.75,3.75,OPEN_BELOW_VAL,STOP_HIT,6841.75,-12.75,-12.83,-1.0062745098039216,-1.0,12.75,09:32,ENTERED,6822.5,6841.75,POC,2025-12-03,6851.0,6830.75,2025
VP_OUTSIDE_ACCEPT_POC,SHORT,6871.0,6871.25,1764858840,6867.25,1764858840,"{""adverse_ticks"": 1.0, ""tick"": 0.25}",0,ES,0.0,10.0,OPEN_ABOVE_VAH,TARGET_HIT,6867.25,3.75,3.67,0.6116666666666667,0.625,6.0,09:33,ENTERED,6877.0,6867.25,POC,2025-12-04,6871.5,6844.25,2025
VP_OUTSIDE_ACCEPT_POC,LONG,6851.25,6851.0,1765379220,6861.25,1765393200,"{""adverse_ticks"": 1.0, ""tick"": 0.25}",13980,ES,18.75,19.25,OPEN_BELOW_VAL,TARGET_HIT,6861.25,10.0,9.92,0.47807228915662653,0.4819277108433735,20.75,10:06,ENTERED,6830.5,6861.25,POC,2025-12-10,6864.75,6850.5,2025
VP_OUTSIDE_ACCEPT_POC,SHORT,6849.5,6849.75,1765809600,6832.25,1765810800,"{""adverse_ticks"": 1.0, ""tick"": 0.25}",1200,ES,8.75,19.25,OPEN_ABOVE_VAH,TARGET_HIT,6832.25,17.25,17.17,0.7631111111111112,0.7666666666666667,22.5,09:39,ENTERED,6872.0,6832.25,POC,2025-12-15,6851.75,6811.5,2025
VP_OUTSIDE_ACCEPT_POC,LONG,6812.75,6812.5,1765895460,6801.25,1765896060,"{""adverse_ticks"": 1.0, ""tick"": 0.25}",600,ES,16.0,5.5,OPEN_BELOW_VAL,STOP_HIT,6822.25,-11.5,-11.58,-1.0069565217391305,-1.0,11.5,09:30,ENTERED,6801.25,6822.25,POC,2025-12-16,6830.5,6812.5,2025
VP_OUTSIDE_ACCEPT_POC,SHORT,6963.75,6964.0,1767971220,6961.75,1767971280,"{""adverse_ticks"": 1.0, ""tick"": 0.25}",60,ES,1.25,8.25,OPEN_ABOVE_VAH,TARGET_HIT,6961.75,2.0,1.92,0.0808421052631579,0.08421052631578947,23.75,10:06,ENTERED,6987.5,6961.75,POC,2026-01-09,6964.75,6954.25,2026
VP_OUTSIDE_ACCEPT_POC,LONG,6987.75,6987.5,1768228620,7013.0,1768240920,"{""adverse_ticks"": 1.0, ""tick"": 0.25}",12300,ES,3.25,25.75,OPEN_BELOW_VAL,TARGET_HIT,7013.0,25.25,25.17,1.3075324675324675,1.3116883116883118,19.25,09:36,ENTERED,6968.5,7013.0,POC,2026-01-12,7016.75,6984.0,2026
VP_OUTSIDE_ACCEPT_POC,LONG,6943.75,6943.5,1769180460,6947.0,1769180520,"{""adverse_ticks"": 1.0, ""tick"": 0.25}",60,ES,2.25,3.75,OPEN_BELOW_VAL,TARGET_HIT,6947.0,3.25,3.17,0.1668421052631579,0.17105263157894737,19.0,10:00,ENTERED,6924.75,6947.0,POC,2026-01-23,6965.75,6942.0,2026
VP_OUTSIDE_ACCEPT_POC,SHORT,6954.75,6955.0,1769437860,6960.0,1769437860,"{""adverse_ticks"": 1.0, ""tick"": 0.25}",0,ES,10.0,0.0,OPEN_ABOVE_VAH,STOP_HIT,6944.5,-5.25,-5.33,-1.0152380952380953,-1.0,5.25,09:30,ENTERED,6960.0,6944.5,POC,2026-01-26,6955.75,6938.0,2026
VP_OUTSIDE_ACCEPT_POC,SHORT,6991.25,6991.5,1769524620,6989.75,1769524740,"{""adverse_ticks"": 1.0, ""tick"": 0.25}",120,ES,1.25,3.25,OPEN_ABOVE_VAH,TARGET_HIT,6989.75,1.5,1.42,0.2704761904761905,0.2857142857142857,5.25,09:36,ENTERED,6996.5,6989.75,POC,2026-01-27,6991.75,6979.5,2026
VP_OUTSIDE_ACCEPT_POC,SHORT,7015.75,7016.0,1769613060,7012.5,1769613300,"{""adverse_ticks"": 1.0, ""tick"": 0.25}",240,ES,3.0,3.5,OPEN_ABOVE_VAH,TARGET_HIT,7012.5,3.25,3.17,0.20451612903225805,0.20967741935483872,15.5,10:10,ENTERED,7031.25,7012.5,POC,2026-01-28,7017.25,7005.5,2026
VP_OUTSIDE_ACCEPT_POC,SHORT,7013.75,7014.0,1769697180,7003.75,1769697360,"{""adverse_ticks"": 1.0, ""tick"": 0.25}",180,ES,0.0,12.75,OPEN_ABOVE_VAH,TARGET_HIT,7003.75,10.0,9.92,1.24,1.25,8.0,09:32,ENTERED,7021.75,7003.75,POC,2026-01-29,7013.75,6998.25,2026
VP_OUTSIDE_ACCEPT_POC,LONG,6953.0,6952.75,1770042660,6966.25,1770042960,"{""adverse_ticks"": 1.0, ""tick"": 0.25}",300,ES,9.0,16.25,OPEN_BELOW_VAL,TARGET_HIT,6966.25,13.25,13.17,1.1452173913043477,1.1521739130434783,11.5,09:30,ENTERED,6941.5,6966.25,POC,2026-02-02,6976.0,6946.0,2026
VP_OUTSIDE_ACCEPT_POC,SHORT,6994.75,6995.0,1770820620,6976.75,1770822120,"{""adverse_ticks"": 1.0, ""tick"": 0.25}",1500,ES,9.0,20.0,OPEN_ABOVE_VAH,TARGET_HIT,6976.75,18.0,17.92,1.0541176470588236,1.0588235294117647,17.0,09:36,ENTERED,7011.75,6976.75,POC,2026-02-11,6996.25,6970.0,2026
VP_OUTSIDE_ACCEPT_POC,SHORT,6974.75,6975.0,1770907560,6965.0,1770908280,"{""adverse_ticks"": 1.0, ""tick"": 0.25}",720,ES,6.5,11.0,OPEN_ABOVE_VAH,TARGET_HIT,6965.0,9.75,9.67,0.5298630136986301,0.5342465753424658,18.25,09:45,ENTERED,6993.0,6965.0,POC,2026-02-12,6977.75,6950.5,2026
VP_OUTSIDE_ACCEPT_POC,LONG,6888.0,6887.75,1771512960,6856.75,1771523280,"{""adverse_ticks"": 1.0, ""tick"": 0.25}",10320,ES,31.5,6.75,OPEN_BELOW_VAL,STOP_HIT,6918.25,-31.25,-31.33,-1.00256,-1.0,31.25,09:55,ENTERED,6856.75,6918.25,POC,2026-02-19,6922.0,6887.75,2026
VP_OUTSIDE_ACCEPT_POC,LONG,6862.75,6862.5,1771598040,6871.75,1771598160,"{""adverse_ticks"": 1.0, ""tick"": 0.25}",120,ES,2.75,10.25,OPEN_BELOW_VAL,TARGET_HIT,6871.75,9.0,8.92,0.5663492063492064,0.5714285714285714,15.75,09:33,ENTERED,6847.0,6871.75,POC,2026-02-20,6883.75,6860.75,2026
VP_OUTSIDE_ACCEPT_POC,LONG,6872.0,6871.75,1772722740,6839.75,1772724120,"{""adverse_ticks"": 1.0, ""tick"": 0.25}",1380,ES,33.75,5.75,OPEN_BELOW_VAL,STOP_HIT,6883.5,-32.25,-32.33,-1.0024806201550387,-1.0,32.25,09:58,ENTERED,6839.75,6883.5,POC,2026-03-05,6892.25,6868.75,2026
VP_OUTSIDE_ACCEPT_POC,LONG,6798.25,6798.0,1773235860,6792.25,1773235860,"{""adverse_ticks"": 1.0, ""tick"": 0.25}",0,ES,6.25,0.5,OPEN_BELOW_VAL,STOP_HIT,6832.25,-6.0,-6.08,-1.0133333333333334,-1.0,6.0,09:30,ENTERED,6792.25,6832.25,POC,2026-03-11,6846.0,6795.25,2026
VP_OUTSIDE_ACCEPT_POC,SHORT,6735.0,6735.25,1773843240,6723.25,1773843960,"{""adverse_ticks"": 1.0, ""tick"": 0.25}",720,ES,6.0,13.75,OPEN_ABOVE_VAH,TARGET_HIT,6723.25,11.75,11.67,0.4668,0.47,25.0,10:13,ENTERED,6760.0,6723.25,POC,2026-03-18,6738.5,6718.5,2026
VP_OUTSIDE_ACCEPT_POC,SHORT,6640.5,6640.75,1774272960,6662.25,1774273260,"{""adverse_ticks"": 1.0, ""tick"": 0.25}",300,ES,23.5,0.75,OPEN_ABOVE_VAH,STOP_HIT,6600.0,-21.75,-21.83,-1.0036781609195402,-1.0,21.75,09:35,ENTERED,6662.25,6600.0,POC,2026-03-23,6643.0,6563.75,2026
VP_OUTSIDE_ACCEPT_POC,SHORT,6451.75,6452.0,1774963980,6465.75,1774964340,"{""adverse_ticks"": 1.0, ""tick"": 0.25}",360,ES,15.0,1.5,OPEN_ABOVE_VAH,STOP_HIT,6428.0,-14.0,-14.08,-1.0057142857142858,-1.0,14.0,09:32,ENTERED,6465.75,6428.0,POC,2026-03-31,6455.75,6392.5,2026
VP_OUTSIDE_ACCEPT_POC,LONG,6849.25,6849.0,1776088200,6856.5,1776088740,"{""adverse_ticks"": 1.0, ""tick"": 0.25}",540,ES,7.75,10.0,OPEN_BELOW_VAL,TARGET_HIT,6856.5,7.25,7.17,0.31173913043478263,0.31521739130434784,23.0,09:49,ENTERED,6826.25,6856.5,POC,2026-04-13,6870.5,6848.5,2026
VP_OUTSIDE_ACCEPT_POC,SHORT,7005.25,7005.5,1776260700,7025.0,1776262620,"{""adverse_ticks"": 1.0, ""tick"": 0.25}",1920,ES,20.0,0.25,OPEN_ABOVE_VAH,STOP_HIT,7001.5,-19.75,-19.83,-1.0040506329113923,-1.0,19.75,09:44,ENTERED,7025.0,7001.5,POC,2026-04-15,7008.0,6972.5,2026
VP_OUTSIDE_ACCEPT_POC,LONG,7151.5,7151.25,1776692100,7143.5,1776692400,"{""adverse_ticks"": 1.0, ""tick"": 0.25}",300,ES,9.0,3.25,OPEN_BELOW_VAL,STOP_HIT,7161.75,-8.0,-8.08,-1.01,-1.0,8.0,09:34,ENTERED,7143.5,7161.75,POC,2026-04-20,7175.0,7151.0,2026
VP_OUTSIDE_ACCEPT_POC,SHORT,7149.0,7149.25,1776778680,7164.25,1776779520,"{""adverse_ticks"": 1.0, ""tick"": 0.25}",840,ES,17.25,2.25,OPEN_ABOVE_VAH,STOP_HIT,7138.0,-15.25,-15.33,-1.0052459016393442,-1.0,15.25,09:37,ENTERED,7164.25,7138.0,POC,2026-04-21,7149.5,7134.5,2026
VP_OUTSIDE_ACCEPT_POC,SHORT,7165.0,7165.25,1777557360,7159.5,1777558140,"{""adverse_ticks"": 1.0, ""tick"": 0.25}",780,ES,10.25,6.0,OPEN_ABOVE_VAH,TARGET_HIT,7159.5,5.5,5.42,0.15055555555555555,0.1527777777777778,36.0,09:55,ENTERED,7201.0,7159.5,POC,2026-04-30,7165.25,7149.25,2026
VP_OUTSIDE_ACCEPT_POC,LONG,7266.0,7265.75,1777904520,7242.0,1777907940,"{""adverse_ticks"": 1.0, ""tick"": 0.25}",3420,ES,30.5,5.25,OPEN_BELOW_VAL,STOP_HIT,7273.25,-24.0,-24.08,-1.0033333333333332,-1.0,24.0,10:21,ENTERED,7242.0,7273.25,POC,2026-05-04,7286.75,7264.25,2026
VP_OUTSIDE_ACCEPT_POC,SHORT,7377.25,7377.5,1778170320,7366.75,1778170500,"{""adverse_ticks"": 1.0, ""tick"": 0.25}",180,ES,0.75,11.25,OPEN_ABOVE_VAH,TARGET_HIT,7366.75,10.5,10.42,0.31575757575757574,0.3181818181818182,33.0,12:11,ENTERED,7410.25,7366.75,POC,2026-05-07,7377.75,7327.25,2026
VP_OUTSIDE_ACCEPT_POC,LONG,7415.0,7414.75,1778506260,7419.5,1778506260,"{""adverse_ticks"": 1.0, ""tick"": 0.25}",0,ES,0.0,5.25,OPEN_BELOW_VAL,TARGET_HIT,7419.5,4.5,4.42,0.8419047619047619,0.8571428571428571,5.25,09:30,ENTERED,7409.75,7419.5,POC,2026-05-11,7421.75,7412.0,2026
VP_OUTSIDE_ACCEPT_POC,SHORT,7409.75,7410.0,1778679960,7407.5,1778679960,"{""adverse_ticks"": 1.0, ""tick"": 0.25}",0,ES,1.0,3.75,OPEN_ABOVE_VAH,TARGET_HIT,7407.5,2.25,2.17,0.1085,0.1125,20.0,09:45,ENTERED,7429.75,7407.5,POC,2026-05-13,7411.25,7372.5,2026
VP_OUTSIDE_ACCEPT_POC,LONG,7397.25,7397.0,1779198900,7369.75,1779199620,"{""adverse_ticks"": 1.0, ""tick"": 0.25}",720,ES,29.5,5.0,OPEN_BELOW_VAL,STOP_HIT,7408.0,-27.5,-27.58,-1.0029090909090908,-1.0,27.5,09:54,ENTERED,7369.75,7408.0,POC,2026-05-19,7430.75,7394.75,2026
VP_OUTSIDE_ACCEPT_POC,SHORT,7390.5,7390.75,1779283980,7399.25,1779284640,"{""adverse_ticks"": 1.0, ""tick"": 0.25}",660,ES,9.25,10.0,OPEN_ABOVE_VAH,STOP_HIT,7372.0,-8.75,-8.83,-1.0091428571428571,-1.0,8.75,09:32,ENTERED,7399.25,7372.0,POC,2026-05-20,7391.25,7359.75,2026
VP_OUTSIDE_ACCEPT_POC,SHORT,7539.75,7540.0,1779888840,7531.75,1779889380,"{""adverse_ticks"": 1.0, ""tick"": 0.25}",540,ES,4.75,10.5,OPEN_ABOVE_VAH,TARGET_HIT,7531.75,8.0,7.92,1.1733333333333333,1.1851851851851851,6.75,09:33,ENTERED,7546.5,7531.75,POC,2026-05-27,7540.25,7522.25,2026
VP_OUTSIDE_ACCEPT_POC,SHORT,7583.75,7584.0,1780065780,7582.0,1780065840,"{""adverse_ticks"": 1.0, ""tick"": 0.25}",60,ES,2.75,2.25,OPEN_ABOVE_VAH,TARGET_HIT,7582.0,1.75,1.67,0.05964285714285714,0.0625,28.0,10:42,ENTERED,7611.75,7582.0,POC,2026-05-29,7584.75,7559.0,2026
VP_OUTSIDE_ACCEPT_POC,LONG,7592.75,7592.5,1780321080,7594.5,1780321140,"{""adverse_ticks"": 1.0, ""tick"": 0.25}",60,ES,1.5,2.25,OPEN_BELOW_VAL,TARGET_HIT,7594.5,1.75,1.67,0.09970149253731343,0.1044776119402985,16.75,09:37,ENTERED,7576.0,7594.5,POC,2026-06-01,7604.25,7591.0,2026
VP_OUTSIDE_ACCEPT_POC,LONG,7614.5,7614.25,1780493580,7606.5,1780493700,"{""adverse_ticks"": 1.0, ""tick"": 0.25}",120,ES,9.0,0.5,OPEN_BELOW_VAL,STOP_HIT,7622.75,-8.0,-8.08,-1.01,-1.0,8.0,09:32,ENTERED,7606.5,7622.75,POC,2026-06-03,7630.25,7613.5,2026
VP_OUTSIDE_ACCEPT_POC,LONG,7568.75,7568.5,1780583040,7574.25,1780585380,"{""adverse_ticks"": 1.0, ""tick"": 0.25}",2340,ES,7.25,6.5,OPEN_BELOW_VAL,TARGET_HIT,7574.25,5.5,5.42,0.19889908256880734,0.2018348623853211,27.25,10:23,ENTERED,7541.5,7574.25,POC,2026-06-04,7588.0,7568.5,2026
VP_OUTSIDE_ACCEPT_POC,SHORT,7459.25,7459.5,1782394860,7421.25,1782395160,"{""adverse_ticks"": 1.0, ""tick"": 0.25}",300,ES,2.0,43.25,OPEN_ABOVE_VAH,TARGET_HIT,7421.25,38.0,37.92,1.2038095238095239,1.2063492063492063,31.5,09:40,ENTERED,7490.75,7421.25,POC,2026-06-25,7463.25,7406.75,2026
VP_OUTSIDE_ACCEPT_POC,SHORT,7532.0,7532.25,1783603920,7548.0,1783604040,"{""adverse_ticks"": 1.0, ""tick"": 0.25}",120,ES,16.5,2.0,OPEN_ABOVE_VAH,STOP_HIT,7526.25,-16.0,-16.08,-1.005,-1.0,16.0,09:31,ENTERED,7548.0,7526.25,POC,2026-07-09,7534.75,7500.75,2026
VP_OUTSIDE_ACCEPT_POC,SHORT,7595.25,7595.5,1784128620,7590.5,1784131320,"{""adverse_ticks"": 1.0, ""tick"": 0.25}",2700,ES,13.0,5.5,OPEN_ABOVE_VAH,TARGET_HIT,7590.5,4.75,4.67,0.14944,0.152,31.25,11:16,ENTERED,7626.5,7590.5,POC,2026-07-15,7596.75,7578.25,2026
VP_OUTSIDE_ACCEPT_POC,LONG,7600.75,7600.5,1784208660,7603.75,1784208660,"{""adverse_ticks"": 1.0, ""tick"": 0.25}",0,ES,3.0,3.25,OPEN_BELOW_VAL,TARGET_HIT,7603.75,3.0,2.92,0.6870588235294117,0.7058823529411765,4.25,09:30,ENTERED,7596.5,7603.75,POC,2026-07-16,7620.5,7600.0,2026
VP_OUTSIDE_ACCEPT_POC,SHORT,7748.25,7748.5,1786111920,7771.0,1786112700,"{""adverse_ticks"": 1.0, ""tick"": 0.25}",780,ES,26.0,5.0,OPEN_ABOVE_VAH,STOP_HIT,7737.75,-22.75,-22.83,-1.0035164835164834,-1.0,22.75,10:11,ENTERED,7771.0,7737.75,POC,2026-08-07,7750.75,7727.75,2026
VP_OUTSIDE_ACCEPT_POC,SHORT,7781.75,7782.0,1786455120,7775.0,1786455480,"{""adverse_ticks"": 1.0, ""tick"": 0.25}",360,ES,1.0,7.25,OPEN_ABOVE_VAH,TARGET_HIT,7775.0,6.75,6.67,0.6063636363636363,0.6136363636363636,11.0,09:31,ENTERED,7792.75,7775.0,POC,2026-08-11,7784.0,7771.25,2026
VP_OUTSIDE_ACCEPT_POC,SHORT,7783.0,7783.25,1786541460,7782.75,1786541460,"{""adverse_ticks"": 1.0, ""tick"": 0.25}",0,ES,0.0,7.75,OPEN_ABOVE_VAH,TARGET_HIT,7782.75,0.25,0.16999999999999998,0.01511111111111111,0.022222222222222223,11.25,09:30,ENTERED,7794.25,7782.75,POC,2026-08-12,7786.25,7751.75,2026
