direction,entry_date,entry_fill,entry_theo,exit_date,exit_fill,exit_theo,extras,hold,hold_days,instrument,lookback,mode,n_roll_nights,overnight_points,points,points_after_cost,rv20,session_points,signal_date,signal_ret,status,vol_weight,weekend_points,year
LONG,2010-06-22,1111.5,1111.25,2010-06-24,1072.5,1072.75,{},3,3,ES,10,fixed_hold,0,2.0,-39.0,-39.08,,-40.5,2010-06-21,0.05861329521086489,ENTERED,,0.0,2010
SHORT,2010-06-25,1072.75,1073.0,2010-06-29,1034.0,1033.75,{},3,3,ES,10,fixed_hold,0,-1.5,38.75,38.67,,40.75,2010-06-24,-0.011745739290649593,ENTERED,,-0.5,2010
SHORT,2010-06-30,1035.25,1035.5,2010-07-02,1014.5,1014.25,{},3,3,ES,10,fixed_hold,0,-4.0,20.75,20.67,0.014646163451185568,25.25,2010-06-29,-0.06701263537906132,ENTERED,1.0,0.0,2010
SHORT,2010-07-05,1014.75,1015.0,2010-07-07,1058.75,1058.5,{},3,3,ES,10,fixed_hold,0,1.0,-44.0,-44.08,0.013601838143813142,-44.5,2010-07-02,-0.0864670119342491,ENTERED,1.0,0.0,2010
SHORT,2010-07-08,1057.75,1058.0,2010-07-12,1079.25,1079.0,{},3,3,ES,10,fixed_hold,0,3.0,-21.5,-21.58,0.01555334046464403,-24.0,2010-07-07,-0.024199124222170854,ENTERED,1.0,1.25,2010
LONG,2010-07-13,1079.75,1079.5,2010-07-15,1093.5,1093.75,{},3,3,ES,10,fixed_hold,0,-0.25,13.75,13.67,0.014051684673347968,14.5,2010-07-12,0.0077048797571792615,ENTERED,1.0,0.0,2010
LONG,2010-07-16,1094.0,1093.75,2010-07-20,1080.5,1080.75,{},3,3,ES,10,fixed_hold,0,0.0,-13.5,-13.58,0.013871578516356666,-13.0,2010-07-15,0.06968215158924207,ENTERED,1.0,-1.5,2010
LONG,2010-07-21,1081.25,1081.0,2010-07-23,1100.75,1101.0,{},3,3,ES,10,fixed_hold,0,5.5,19.5,19.42,0.015475482647173517,14.5,2010-07-20,0.05439024390243907,ENTERED,1.0,0.0,2010
LONG,2010-07-26,1100.0,1099.75,2010-07-28,1101.25,1101.5,{},3,3,ES,10,fixed_hold,0,-0.75,1.25,1.17,0.01674833258265467,2.5,2010-07-23,0.02729181245626311,ENTERED,0.838990066861971,0.0,2010
LONG,2010-07-29,1103.25,1103.0,2010-08-02,1121.75,1122.0,{},3,3,ES,10,fixed_hold,0,3.0,18.5,18.42,0.014344148365332147,16.0,2010-07-28,0.008699633699633669,ENTERED,0.9992753177400479,3.5,2010
LONG,2010-08-03,1122.0,1121.75,2010-08-05,1124.0,1124.25,{},3,3,ES,10,fixed_hold,0,0.25,2.0,1.92,0.014356696487240321,2.25,2010-08-02,0.05874026893135165,ENTERED,0.9991259742852873,0.0,2010
LONG,2010-08-06,1123.75,1123.5,2010-08-10,1119.0,1119.25,{},3,3,ES,10,fixed_hold,0,-3.25,-4.75,-4.83,0.01254183618603472,-1.0,2010-08-05,0.03355550448172817,ENTERED,1.1338806025350152,-3.0,2010
LONG,2010-08-11,1117.5,1117.25,2010-08-13,1075.5,1075.75,{},3,3,ES,10,fixed_hold,0,4.75,-42.0,-42.08,0.012157870839437089,-46.25,2010-08-10,0.008106282368835371,ENTERED,1.1643884756327674,0.0,2010
SHORT,2010-08-16,1074.25,1074.5,2010-08-18,1088.0,1087.75,{},3,3,ES,10,fixed_hold,0,1.0,-13.75,-13.83,0.01367185963405739,-14.25,2010-08-13,-0.022267666439446,ENTERED,1.035446901342346,0.0,2010
SHORT,2010-08-19,1085.75,1086.0,2010-08-23,1065.5,1065.25,{},3,3,ES,10,fixed_hold,0,-2.0,20.25,20.17,0.012496047938740356,22.75,2010-08-18,-0.032250889679715344,ENTERED,1.1244902982313962,-1.0,2010
SHORT,2010-08-24,1062.0,1062.25,2010-08-26,1042.75,1042.5,{},3,3,ES,10,fixed_hold,0,-5.0,19.25,19.17,0.011233727096901703,24.75,2010-08-23,-0.053111111111110776,ENTERED,1.242084668032709,0.0,2010
SHORT,2010-08-27,1043.75,1044.0,2010-08-31,1052.5,1052.25,{},3,3,ES,10,fixed_hold,0,-4.5,-8.75,-8.83,0.011916390962605118,-3.75,2010-08-26,-0.03449872655707342,ENTERED,1.1669487060380668,-3.0,2010
SHORT,2010-09-01,1051.75,1052.0,2010-09-03,1103.5,1103.25,{},3,3,ES,10,fixed_hold,0,0.0,-51.75,-51.83,0.012587090328636743,-51.25,2010-08-31,-0.03374655647382896,ENTERED,1.1020480630696357,0.0,2010
LONG,2010-09-06,1104.25,1104.0,2010-09-08,1101.0,1101.25,{},3,3,ES,10,fixed_hold,0,0.0,-3.25,-3.33,0.014666304062121391,-2.75,2010-09-03,0.030112044817927286,ENTERED,0.948147328430907,0.0,2010
LONG,2010-09-09,1101.25,1101.0,2010-09-13,1118.75,1119.0,{},3,3,ES,10,fixed_hold,0,1.75,17.5,17.42,0.011871303923282676,16.25,2010-09-08,0.043838862559241853,ENTERED,1.1713807602198505,2.0,2010
LONG,2010-09-14,1117.25,1117.0,2010-09-16,1122.5,1122.75,{},3,3,ES,10,fixed_hold,0,-1.5,5.25,5.17,0.01196805150709413,7.25,2010-09-13,0.07055728294666386,ENTERED,1.1602848374767394,0.0,2010
LONG,2010-09-17,1124.5,1124.25,2010-09-21,1133.25,1133.5,{},3,3,ES,10,fixed_hold,0,-1.25,8.75,8.67,0.011286517283564867,10.5,2010-09-16,0.030991735537190923,ENTERED,1.226584024701698,-1.75,2010
LONG,2010-09-22,1134.5,1134.25,2010-09-24,1142.75,1143.0,{},3,3,ES,10,fixed_hold,0,-2.0,8.25,8.17,0.010694849116782045,10.75,2010-09-21,0.03847915712322525,ENTERED,1.2783592816287521,0.0,2010
LONG,2010-09-27,1148.75,1148.5,2010-09-29,1139.75,1140.0,{},3,3,ES,10,fixed_hold,0,-1.0,-9.0,-9.08,0.010567972130275674,-7.5,2010-09-24,0.030193780982424423,ENTERED,1.2895812410092122,0.0,2010
LONG,2010-09-30,1140.0,1139.75,2010-10-04,1134.5,1134.75,{},3,3,ES,10,fixed_hold,0,-0.75,-5.5,-5.58,0.00796185205671138,-4.25,2010-09-29,0.017175998215480437,ENTERED,1.708376147525572,-2.5,2010
SHORT,2010-10-05,1134.75,1135.0,2010-10-07,1156.75,1156.5,{},3,3,ES,10,fixed_hold,0,-0.75,-22.0,-22.08,0.007799829265324395,-20.75,2010-10-04,-0.0011003521126760063,ENTERED,1.6817719163090075,0.0,2010
LONG,2010-10-08,1157.5,1157.25,2010-10-12,1166.25,1166.5,{},3,3,ES,10,fixed_hold,0,4.5,8.75,8.67,0.008047731237863464,4.75,2010-10-07,0.03212851405622508,ENTERED,1.6078648679482166,4.0,2010
LONG,2010-10-13,1166.25,1166.0,2010-10-15,1174.75,1175.0,{},3,3,ES,10,fixed_hold,0,-2.75,8.5,8.42,0.007713504994676588,11.75,2010-10-12,0.02100656455142258,ENTERED,1.6323559384255948,0.0,2010
LONG,2010-10-18,1172.75,1172.5,2010-10-20,1175.25,1175.5,{},3,3,ES,10,fixed_hold,0,-0.75,2.5,2.42,0.007661911653694982,3.75,2010-10-15,0.02867148172466627,ENTERED,1.642813294847452,0.0,2010
LONG,2010-10-21,1177.25,1177.0,2010-10-25,1182.75,1183.0,{},3,3,ES,10,fixed_hold,0,2.25,5.5,5.42,0.007686200074768989,3.75,2010-10-20,0.017969257415024975,ENTERED,1.6317342853466728,1.75,2010
LONG,2010-10-26,1182.75,1182.5,2010-10-28,1179.25,1179.5,{},3,3,ES,10,fixed_hold,0,1.75,-3.5,-3.58,0.005771660990147328,-4.75,2010-10-25,0.01807228915662651,ENTERED,2.165069632480507,0.0,2010
LONG,2010-10-29,1179.5,1179.25,2010-11-02,1192.25,1192.5,{},3,3,ES,10,fixed_hold,0,6.5,12.75,12.67,0.005749430231856311,6.75,2010-10-28,0.004043413492232251,ENTERED,2.1146218580187366,5.75,2010
LONG,2010-11-03,1196.0,1195.75,2010-11-05,1222.0,1222.25,{},3,3,ES,10,fixed_hold,0,0.25,26.0,25.92,0.0042367928826093255,26.25,2010-11-02,0.025365434221839678,ENTERED,2.824790316330812,0.0,2010
LONG,2010-11-08,1221.5,1221.25,2010-11-10,1206.0,1206.25,{},3,3,ES,10,fixed_hold,0,1.5,-15.5,-15.58,0.005453132946138327,-16.5,2010-11-05,0.03470899470899447,ENTERED,2.18523756532358,0.0,2010
LONG,2010-11-11,1209.5,1209.25,2010-11-15,1193.0,1193.25,{},3,3,ES,10,fixed_hold,0,-0.5,-16.5,-16.58,0.0059161237351059185,-15.5,2010-11-10,0.023764056863992966,ENTERED,2.0115477097356327,2.25,2010
LONG,2010-11-16,1194.25,1194.0,2010-11-18,1198.0,1198.25,{},3,3,ES,10,fixed_hold,0,3.0,3.75,3.67,0.006826745338521091,1.25,2010-11-15,0.009731330653691694,ENTERED,1.7382666407709553,0.0,2010
SHORT,2010-11-19,1199.0,1199.25,2010-11-23,1177.0,1176.75,{},3,3,ES,10,fixed_hold,0,-4.5,22.0,21.92,0.007977740651927509,27.0,2010-11-18,-0.015811088295687892,ENTERED,1.4874266827840539,-6.5,2010
SHORT,2010-11-24,1180.75,1181.0,2010-11-26,1183.5,1183.25,{},3,3,ES,10,fixed_hold,0,2.0,-2.75,-2.83,0.008870081537716795,-4.25,2010-11-23,-0.027278363298202102,ENTERED,1.3301859129995446,0.0,2010
SHORT,2010-11-29,1187.25,1187.5,2010-12-01,1204.75,1204.5,{},3,3,ES,10,fixed_hold,0,2.0,-17.5,-17.58,0.010124702823793458,-19.0,2010-11-26,-0.009625444653693638,ENTERED,1.1579230443917372,0.0,2010
LONG,2010-12-02,1206.5,1206.25,2010-12-06,1219.75,1220.0,{},3,3,ES,10,fixed_hold,0,1.0,13.25,13.17,0.01124778222118476,12.75,2010-12-01,0.02292993630573248,ENTERED,1.0225878087631541,2.25,2010
LONG,2010-12-07,1222.5,1222.25,2010-12-09,1232.25,1232.5,{},3,3,ES,10,fixed_hold,0,4.75,9.75,9.67,0.011071252757688874,5.5,2010-12-06,0.019001879306744796,ENTERED,1.030180717063959,0.0,2010
LONG,2010-12-10,1235.75,1235.5,2010-12-14,1236.5,1236.75,{},3,3,ES,10,fixed_hold,0,-8.5,0.75,0.67,0.011056347433753154,9.75,2010-12-09,0.02708333333333357,ENTERED,1.0208178922732696,-7.25,2010
LONG,2010-12-15,1236.0,1235.75,2010-12-17,1238.25,1238.5,{},3,3,ES,10,fixed_hold,0,-3.25,2.25,2.17,0.009969015274263665,6.0,2010-12-14,0.049649904519414534,ENTERED,1.1282741486235257,0.0,2010
LONG,2010-12-20,1240.5,1240.25,2010-12-22,1254.0,1254.25,{},3,3,ES,10,fixed_hold,0,-1.25,13.5,13.42,0.009380505312923311,15.25,2010-12-17,0.012053115423902083,ENTERED,1.18653670938339,0.0,2010
LONG,2010-12-23,1254.5,1254.25,2010-12-28,1253.25,1253.5,{},3,3,ES,10,fixed_hold,0,-5.25,-1.25,-1.33,0.007662144224083393,4.5,2010-12-22,0.0199227485261233,ENTERED,1.4484317054714453,0.0,2010
LONG,2010-12-29,1254.0,1253.75,2010-12-31,1257.25,1257.5,{},3,3,ES,10,fixed_hold,0,-0.75,3.25,3.17,0.006751174731714531,4.5,2010-12-28,0.013953488372093314,ENTERED,1.6399001948031662,0.0,2010
LONG,2011-01-03,1257.0,1256.75,2011-01-05,1271.0,1271.25,{},3,3,ES,10,fixed_hold,0,0.5,14.0,13.92,0.0032648548224656214,14.0,2010-12-31,0.01534113847396057,ENTERED,3.386474448319693,0.0,2011
LONG,2011-01-06,1272.25,1272.0,2011-01-10,1265.5,1265.75,{},3,3,ES,10,fixed_hold,0,-1.5,-6.75,-6.83,0.0032788625743413904,-4.75,2011-01-05,0.016999999999999904,ENTERED,3.278424037532838,-2.25,2011
LONG,2011-01-11,1266.75,1266.5,2011-01-13,1283.75,1284.0,{},3,3,ES,10,fixed_hold,0,0.5,17.0,16.92,0.0029026911652406937,17.0,2011-01-10,0.00977263661747152,ENTERED,3.6844598711882663,0.0,2011
LONG,2011-01-14,1283.25,1283.0,2011-01-18,1293.5,1293.75,{},3,3,ES,10,fixed_hold,0,-1.25,10.25,10.17,0.0031851106234440526,12.0,2011-01-13,0.023311416616855984,ENTERED,3.3320812814856264,-1.25,2011
LONG,2011-01-19,1293.5,1293.25,2011-01-21,1280.0,1280.25,{},3,3,ES,10,fixed_hold,0,-1.75,-13.5,-13.58,0.0036192541565751952,-11.25,2011-01-18,0.022525192649673897,ENTERED,2.9223522763940664,0.0,2011
LONG,2011-01-24,1279.5,1279.25,2011-01-26,1292.5,1292.75,{},3,3,ES,10,fixed_hold,0,-1.75,13.0,12.92,0.004594356729073246,15.25,2011-01-21,0.010258433616097795,ENTERED,2.2075814786466577,0.0,2011
LONG,2011-01-27,1293.25,1293.0,2011-01-31,1281.75,1282.0,{},3,3,ES,10,fixed_hold,0,-5.0,-11.5,-11.58,0.0047645032494735215,-6.0,2011-01-26,0.007795751315532895,ENTERED,2.1250280026385204,-5.0,2011
SHORT,2011-02-01,1282.75,1283.0,2011-02-03,1303.75,1303.5,{},3,3,ES,10,fixed_hold,0,-0.75,-21.0,-21.08,0.0066516318643437345,-19.75,2011-01-31,-0.0023346303501945442,ENTERED,1.5079494211206586,0.0,2011
LONG,2011-02-04,1304.0,1303.75,2011-02-08,1321.5,1321.75,{},3,3,ES,10,fixed_hold,0,0.0,17.5,17.42,0.007393970610284382,18.0,2011-02-03,0.020352250489236834,ENTERED,1.348262767016901,-1.25,2011
LONG,2011-02-09,1322.0,1321.75,2011-02-11,1327.25,1327.5,{},3,3,ES,10,fixed_hold,0,0.75,5.25,5.17,0.0074325347302973055,5.0,2011-02-08,0.02660194174757291,ENTERED,1.2844038834923932,0.0,2011
LONG,2011-02-14,1328.25,1328.0,2011-02-16,1332.0,1332.25,{},3,3,ES,10,fixed_hold,0,1.25,3.75,3.67,0.007540152221540757,3.0,2011-02-11,0.04486422668240886,ENTERED,1.259774245448932,0.0,2011
LONG,2011-02-17,1332.75,1332.5,2011-02-21,1326.5,1326.75,{},3,3,ES,10,fixed_hold,0,-1.25,-6.25,-6.33,0.006693554569642977,-4.5,2011-02-16,0.02480769230769253,ENTERED,1.4017391486106416,-2.0,2011
LONG,2011-02-22,1327.0,1326.75,2011-02-24,1302.5,1302.75,{},3,3,ES,10,fixed_hold,0,4.25,-24.5,-24.58,0.00736954500235917,-28.25,2011-02-21,0.009127210496292948,ENTERED,1.2728744189662162,0.0,2011
SHORT,2011-02-25,1305.75,1306.0,2011-03-01,1297.75,1297.5,{},3,3,ES,10,fixed_hold,0,1.75,8.0,7.92,0.007941783087282517,6.75,2011-02-24,-0.008750237778200054,ENTERED,1.1168879129827656,3.75,2011
SHORT,2011-03-02,1300.75,1301.0,2011-03-04,1320.25,1320.0,{},3,3,ES,10,fixed_hold,0,-2.75,-19.5,-19.58,0.007919229399900857,-16.25,2011-03-01,-0.021862042970222317,ENTERED,1.0447861382422634,0.0,2011
SHORT,2011-03-07,1321.0,1321.25,2011-03-09,1316.0,1315.75,{},3,3,ES,10,fixed_hold,0,-3.5,5.0,4.92,0.009203518857399322,9.0,2011-03-04,-0.01712583767684306,ENTERED,0.8989932253928151,0.0,2011
LONG,2011-03-10,1315.25,1315.0,2011-03-14,1285.5,1285.75,{},3,3,ES,10,fixed_hold,1,4.25,-15.5,-15.58,0.009412224852475426,-19.25,2011-03-09,0.00688731585995761,ENTERED,0.9592737573840252,0.0,2011
SHORT,2011-03-15,1285.75,1286.0,2011-03-17,1269.0,1268.75,{},3,3,ES,10,fixed_hold,0,-3.5,16.75,16.67,0.010205854620029042,20.75,2011-03-14,-0.019846693539696703,ENTERED,0.9017881598408594,0.0,2011
SHORT,2011-03-18,1266.75,1267.0,2011-03-22,1287.75,1287.5,{},3,3,ES,10,fixed_hold,0,-6.5,-21.0,-21.08,0.011774407988517602,-14.0,2011-03-17,-0.03535186390906708,ENTERED,0.7954651312489962,-6.5,2011
SHORT,2011-03-23,1287.25,1287.5,2011-03-25,1311.0,1310.75,{},3,3,ES,10,fixed_hold,0,-2.25,-23.75,-23.83,0.011856636866284746,-21.0,2011-03-22,-0.013865439068573071,ENTERED,0.7911607160372345,0.0,2011
LONG,2011-03-28,1311.5,1311.25,2011-03-30,1323.0,1323.25,{},3,3,ES,10,fixed_hold,0,-2.0,11.5,11.42,0.01191682139223601,14.0,2011-03-25,0.014316115302766663,ENTERED,0.7898204077381223,0.0,2011
LONG,2011-03-31,1323.5,1323.25,2011-04-04,1330.0,1330.25,{},3,3,ES,10,fixed_hold,0,2.5,6.5,6.42,0.011044002146613285,4.5,2011-03-30,0.059659659659659914,ENTERED,0.8522476478657464,0.75,2011
LONG,2011-04-05,1329.5,1329.25,2011-04-07,1328.75,1329.0,{},3,3,ES,10,fixed_hold,0,0.5,-0.75,-0.83,0.009926540696496273,-0.75,2011-04-04,0.029007928833881813,ENTERED,0.9569184135631837,0.0,2011
LONG,2011-04-08,1329.0,1328.75,2011-04-12,1309.5,1309.75,{},3,3,ES,10,fixed_hold,0,4.25,-19.5,-19.58,0.008819014478257966,-23.25,2011-04-07,0.01605504587156026,ENTERED,1.0770919583905623,4.5,2011
SHORT,2011-04-13,1311.5,1311.75,2011-04-15,1319.25,1319.0,{},3,3,ES,10,fixed_hold,0,0.5,-7.75,-7.83,0.008538081813229273,-7.75,2011-04-12,-0.005693680015183,ENTERED,1.110885919622668,0.0,2011
SHORT,2011-04-18,1316.25,1316.5,2011-04-20,1334.5,1334.25,{},3,3,ES,10,fixed_hold,0,-0.25,-18.25,-18.33,0.006121436469185829,-17.5,2011-04-15,-0.006403013182674,ENTERED,1.537571904623568,0.0,2011
LONG,2011-04-21,1334.5,1334.25,2011-04-26,1341.75,1342.0,{},3,3,ES,10,fixed_hold,0,2.75,7.25,7.17,0.0076939160498005026,5.0,2011-04-20,0.0037615196539404483,ENTERED,1.2194852949914239,0.0,2011
LONG,2011-04-27,1343.25,1343.0,2011-04-29,1363.25,1363.5,{},3,3,ES,10,fixed_hold,0,-0.75,20.0,19.92,0.007075558569192699,21.25,2011-04-26,0.018595825426945156,ENTERED,1.3237302616285223,0.0,2011
LONG,2011-05-02,1362.75,1362.5,2011-05-04,1344.75,1345.0,{},3,3,ES,10,fixed_hold,0,1.5,-18.0,-18.08,0.006835330055851914,-19.0,2011-04-29,0.03846153846153855,ENTERED,1.3619985436128061,0.0,2011
LONG,2011-05-05,1345.5,1345.25,2011-05-09,1342.75,1343.0,{},3,3,ES,10,fixed_hold,0,6.75,-2.75,-2.83,0.00710122330267174,-9.0,2011-05-04,0.024176660955644858,ENTERED,1.2714570313794247,6.5,2011
LONG,2011-05-10,1343.75,1343.5,2011-05-12,1347.25,1347.5,{},3,3,ES,10,fixed_hold,0,1.25,3.5,3.42,0.0074263867327584955,2.75,2011-05-09,0.007690864753330029,ENTERED,1.1944007034524642,0.0,2011
SHORT,2011-05-13,1347.0,1347.25,2011-05-17,1327.0,1326.75,{},3,3,ES,10,fixed_hold,0,5.5,20.0,19.92,0.008320537410916104,15.0,2011-05-12,-0.006085192697768416,ENTERED,1.0429236700791422,6.25,2011
SHORT,2011-05-18,1327.0,1327.25,2011-05-20,1328.75,1328.5,{},3,3,ES,10,fixed_hold,0,0.5,-1.75,-1.83,0.008129818073980196,-1.75,2011-05-17,-0.017222222222221917,ENTERED,1.0677805200303645,0.0,2011
SHORT,2011-05-23,1326.0,1326.25,2011-05-25,1317.0,1316.75,{},3,3,ES,10,fixed_hold,0,-0.25,9.0,8.92,0.007551863434225858,9.75,2011-05-20,-0.004868913857677515,ENTERED,1.14873727815855,0.0,2011
SHORT,2011-05-26,1316.0,1316.25,2011-05-30,1333.25,1333.0,{},3,3,ES,10,fixed_hold,0,0.0,-17.25,-17.33,0.007557416824218562,-16.75,2011-05-25,-0.013855083317730776,ENTERED,1.1297619294820505,0.25,2011
LONG,2011-05-31,1333.0,1332.75,2011-06-02,1312.0,1312.25,{},3,3,ES,10,fixed_hold,0,1.5,-21.0,-21.08,0.007625202540014056,-22.0,2011-05-30,0.008702232311767144,ENTERED,1.085072961558574,0.0,2011
SHORT,2011-06-03,1311.0,1311.25,2011-06-07,1287.0,1286.75,{},3,3,ES,10,fixed_hold,0,-3.5,24.0,23.92,0.009248570558525248,28.0,2011-06-02,-0.021986212036519626,ENTERED,0.8996565856597493,-3.0,2011
SHORT,2011-06-08,1286.5,1286.75,2011-06-10,1270.0,1269.75,{},3,3,ES,10,fixed_hold,0,-0.25,16.5,16.42,0.009268595285097873,17.25,2011-06-07,-0.01924542682926811,ENTERED,0.9211840144705502,0.0,2011
SHORT,2011-06-13,1263.5,1263.75,2011-06-15,1260.5,1260.25,{},3,3,ES,10,fixed_hold,0,0.5,3.0,2.92,0.008883755515741104,3.0,2011-06-10,-0.045300751879699175,ENTERED,0.9768037175547503,0.0,2011
SHORT,2011-06-16,1260.75,1261.0,2011-06-20,1273.25,1273.0,{},3,3,ES,10,fixed_hold,0,0.0,-12.5,-12.58,0.009439917792838193,-12.0,2011-06-15,-0.03962659554200798,ENTERED,0.919585832999834,3.5,2011
SHORT,2011-06-21,1275.0,1275.25,2011-06-23,1279.0,1278.75,{},3,3,ES,10,fixed_hold,0,2.5,-4.0,-4.08,0.009330192113298923,-6.0,2011-06-20,-0.00895289996107429,ENTERED,0.9359754085210163,0.0,2011
SHORT,2011-06-24,1280.75,1281.0,2011-06-28,1295.25,1295.0,{},3,3,ES,10,fixed_hold,0,2.0,-14.5,-14.58,0.009658527749058461,-16.0,2011-06-23,-0.006603223926976098,ENTERED,0.9130806171900958,3.25,2011
LONG,2011-06-29,1294.0,1293.75,2011-07-01,1335.0,1335.25,{},3,3,ES,10,fixed_hold,0,-1.25,41.0,40.92,0.010601537784305282,42.75,2011-06-28,0.009353078721745955,ENTERED,0.8369756975822058,0.0,2011
LONG,2011-07-04,1334.0,1333.75,2011-07-06,1338.0,1338.25,{},3,3,ES,10,fixed_hold,0,-0.25,4.0,3.92,0.009706967934238376,4.75,2011-07-01,0.05490815721904041,ENTERED,0.9151936604638776,0.0,2011
LONG,2011-07-07,1339.0,1338.75,2011-07-11,1316.0,1316.25,{},3,3,ES,10,fixed_hold,0,-7.5,-23.0,-23.08,0.00926613186605718,-15.0,2011-07-06,0.046734454438795536,ENTERED,0.9743979936926238,-6.75,2011
LONG,2011-07-12,1317.5,1317.25,2011-07-14,1307.25,1307.5,{},3,3,ES,10,fixed_hold,0,4.5,-10.25,-10.33,0.010148542056045222,-14.25,2011-07-11,0.03013108980629986,ENTERED,0.8896746202277521,0.0,2011
SHORT,2011-07-15,1303.75,1304.0,2011-07-19,1323.25,1323.0,{},3,3,ES,10,fixed_hold,0,1.5,-19.5,-19.58,0.00905035817912856,-20.5,2011-07-14,-0.005892415890515035,ENTERED,1.0002477390345794,2.75,2011
SHORT,2011-07-20,1323.75,1324.0,2011-07-22,1341.0,1340.75,{},3,3,ES,10,fixed_hold,0,-7.5,-17.25,-17.33,0.009747843419000476,-9.25,2011-07-19,-0.009174311926605117,ENTERED,0.9320294362055376,0.0,2011
SHORT,2011-07-25,1330.25,1330.5,2011-07-27,1299.5,1299.25,{},3,3,ES,10,fixed_hold,0,0.5,30.75,30.67,0.010101905514529464,30.75,2011-07-22,-0.0007452953232717219,ENTERED,0.9110676044397761,0.0,2011
SHORT,2011-07-28,1298.5,1298.75,2011-08-01,1278.5,1278.25,{},3,3,ES,10,fixed_hold,1,-1.5,32.5,32.42,0.010845196907294883,34.5,2011-07-27,-0.0034515819750715604,ENTERED,0.8527803264046147,0.0,2011
SHORT,2011-08-02,1281.75,1282.0,2011-08-04,1196.75,1196.5,{},3,3,ES,10,fixed_hold,0,-4.5,85.0,84.92,0.010835328934872341,90.0,2011-08-01,-0.027084552504407333,ENTERED,0.8554050680702361,0.0,2011
SHORT,2011-08-05,1195.25,1195.5,2011-08-09,1179.0,1178.75,{},3,3,ES,10,fixed_hold,1,5.75,-10.0,-10.08,0.01506951023331124,-15.25,2011-08-04,-0.1184383321326753,ENTERED,0.6177844825111821,0.0,2011
SHORT,2011-08-10,1175.5,1175.75,2011-08-12,1177.25,1177.0,{},3,3,ES,10,fixed_hold,0,-0.5,-1.75,-1.83,0.023835323388855894,-0.75,2011-08-09,-0.09983081900464208,ENTERED,0.39295170630428616,0.0,2011
SHORT,2011-08-15,1183.5,1183.75,2011-08-17,1186.75,1186.5,{},3,3,ES,10,fixed_hold,0,4.5,-3.25,-3.33,0.027686597357117395,-7.25,2011-08-12,-0.07787059867433788,ENTERED,0.3388103345430371,0.0,2011
SHORT,2011-08-18,1188.0,1188.25,2011-08-22,1123.5,1123.25,{},3,3,ES,10,fixed_hold,0,12.25,64.5,64.42,0.02768685793528782,52.75,2011-08-17,-0.03339300216423524,ENTERED,0.3391369687269018,5.25,2011
LONG,2011-08-23,1122.0,1121.75,2011-08-25,1156.0,1156.25,{},3,3,ES,10,fixed_hold,0,-7.25,34.0,33.92,0.027999683559778787,41.75,2011-08-22,0.011481314723097436,ENTERED,0.33569665576433216,0.0,2011
SHORT,2011-08-26,1161.0,1161.25,2011-08-30,1202.75,1202.5,{},3,3,ES,10,fixed_hold,0,-2.25,-41.75,-41.83,0.029466341902068153,-39.0,2011-08-25,-0.008786969567080916,ENTERED,0.31942033260320024,-2.25,2011
LONG,2011-08-31,1203.25,1203.0,2011-09-02,1169.5,1169.75,{},3,3,ES,10,fixed_hold,0,-2.5,-33.75,-33.83,0.029804899029799662,-30.75,2011-08-30,0.010079798404031948,ENTERED,0.31579455589045463,0.0,2011
LONG,2011-09-05,1166.5,1166.25,2011-09-07,1200.0,1200.25,{},3,3,ES,10,fixed_hold,0,-0.25,33.5,33.42,0.028734701799091295,34.25,2011-09-02,0.04093437152391588,ENTERED,0.32779262079743976,0.0,2011
LONG,2011-09-08,1202.0,1201.75,2011-09-12,1160.75,1161.0,{},3,3,ES,10,fixed_hold,1,-2.0,-25.25,-25.33,0.02154421993984682,-22.75,2011-09-07,0.0245411865130174,ENTERED,0.43749797300355847,0.0,2011
SHORT,2011-09-13,1159.25,1159.5,2011-09-15,1207.75,1207.5,{},3,3,ES,10,fixed_hold,0,-1.0,-48.5,-48.58,0.02065005680722703,-47.0,2011-09-12,-0.02504129231697816,ENTERED,0.45713761860134183,0.0,2011
LONG,2011-09-16,1204.0,1203.75,2011-09-20,1197.5,1197.75,{},3,3,ES,10,fixed_hold,1,-7.0,9.0,8.92,0.01957498061388607,16.5,2011-09-15,0.018859151699460064,ENTERED,0.4845386595261525,0.0,2011
LONG,2011-09-21,1198.25,1198.0,2011-09-23,1130.5,1130.75,{},3,3,ES,10,fixed_hold,0,1.0,-67.75,-67.83,0.01773349858465632,-68.25,2011-09-20,0.05421099942142504,ENTERED,0.5356466762672757,0.0,2011
LONG,2011-09-26,1143.25,1143.0,2011-09-28,1146.5,1146.75,{},3,3,ES,10,fixed_hold,0,-3.75,3.25,3.17,0.019716988976644517,7.5,2011-09-23,0.002758858538059572,ENTERED,0.48417009732540667,0.0,2011
SHORT,2011-09-29,1144.75,1145.0,2011-10-03,1085.25,1085.0,{},3,3,ES,10,fixed_hold,0,-2.0,59.5,59.42,0.019840660915859704,62.0,2011-09-28,-0.014332948078358498,ENTERED,0.48214333727402564,-3.5,2011
SHORT,2011-10-04,1087.0,1087.25,2011-10-06,1158.25,1158.0,{},3,3,ES,10,fixed_hold,0,3.25,-71.25,-71.33,0.020673361580357905,-74.0,2011-10-03,-0.09356725146198841,ENTERED,0.4645508590096329,0.0,2011
LONG,2011-10-07,1158.0,1157.75,2011-10-11,1187.0,1187.25,{},3,3,ES,10,fixed_hold,0,7.25,29.0,28.92,0.020589246979861586,22.25,2011-10-06,0.026140894993353925,ENTERED,0.4680562988560898,7.25,2011
LONG,2011-10-12,1185.5,1185.25,2011-10-14,1219.75,1220.0,{},3,3,ES,10,fixed_hold,0,-3.25,34.25,34.17,0.02058317750529019,38.0,2011-10-11,0.014960461637101963,ENTERED,0.4692437669828224,0.0,2011
LONG,2011-10-17,1222.0,1221.75,2011-10-19,1208.0,1208.25,{},3,3,ES,10,fixed_hold,0,2.0,-14.0,-14.08,0.020166551159387206,-15.5,2011-10-14,0.08710180441078208,ENTERED,0.4833669050279334,0.0,2011
LONG,2011-10-20,1209.75,1209.5,2011-10-24,1247.5,1247.75,{},3,3,ES,10,fixed_hold,0,0.0,37.75,37.67,0.020106981756709493,38.25,2011-10-19,0.06383447061413161,ENTERED,0.4869965472476829,-1.25,2011
LONG,2011-10-25,1246.25,1246.0,2011-10-27,1282.5,1282.75,{},3,3,ES,10,fixed_hold,0,-4.5,36.25,36.17,0.018982629007442728,41.25,2011-10-24,0.0491906663863777,ENTERED,0.5182136036509296,0.0,2011
LONG,2011-10-28,1283.75,1283.5,2011-11-01,1225.5,1225.75,{},3,3,ES,10,fixed_hold,0,-7.0,-58.25,-58.33,0.019892333003893436,-50.75,2011-10-27,0.06962685011465486,ENTERED,0.49511633480270967,-8.25,2011
LONG,2011-11-02,1219.25,1219.0,2011-11-04,1250.5,1250.75,{},3,3,ES,10,fixed_hold,0,-10.75,31.25,31.17,0.017623292003940864,42.5,2011-11-01,0.007603781339909466,ENTERED,0.5605102459145812,0.0,2011
LONG,2011-11-07,1254.0,1253.75,2011-11-09,1226.25,1226.5,{},3,3,ES,10,fixed_hold,0,-5.0,-27.75,-27.83,0.01727905142573363,-22.25,2011-11-04,0.01295808868191961,ENTERED,0.5744841225319066,0.0,2011
SHORT,2011-11-10,1222.75,1223.0,2011-11-14,1251.25,1251.0,{},3,3,ES,10,fixed_hold,0,-6.25,-28.5,-28.58,0.018581780027606118,-21.75,2011-11-09,-0.013472752865473336,ENTERED,0.5364940957999258,-7.25,2011
LONG,2011-11-15,1252.25,1252.0,2011-11-17,1215.0,1215.25,{},3,3,ES,10,fixed_hold,0,-1.25,-37.25,-37.33,0.01785161676297384,-35.5,2011-11-14,0.007246376811594679,ENTERED,0.5596165629343819,0.0,2011
SHORT,2011-11-18,1210.5,1210.75,2011-11-22,1183.25,1183.0,{},3,3,ES,10,fixed_hold,0,4.5,27.25,27.17,0.0180109523452649,23.25,2011-11-17,-0.032829287703939336,ENTERED,0.557883689399151,6.5,2011
SHORT,2011-11-23,1183.75,1184.0,2011-11-25,1153.75,1153.5,{},3,3,ES,10,fixed_hold,0,0.75,30.0,29.92,0.017330751280943267,29.75,2011-11-22,-0.07106399685904974,ENTERED,0.5828890710374123,0.0,2011
SHORT,2011-11-28,1171.0,1171.25,2011-11-30,1245.5,1245.25,{},3,3,ES,10,fixed_hold,0,3.0,-74.5,-74.58,0.015245116343653059,-77.0,2011-11-25,-0.08579354071725764,ENTERED,0.6641276193348723,0.0,2011
SHORT,2011-12-01,1243.0,1243.25,2011-12-05,1254.5,1254.25,{},3,3,ES,10,fixed_hold,0,-8.75,-11.5,-11.58,0.017918438593637898,-2.25,2011-11-30,-0.002538797430474138,ENTERED,0.5659394129604269,-8.25,2011
LONG,2011-12-06,1252.75,1252.5,2011-12-08,1231.5,1231.75,{},3,3,ES,10,fixed_hold,0,-1.25,-21.25,-21.33,0.017456228830985018,-19.5,2011-12-05,0.03998497648194976,ENTERED,0.5813708192247937,0.0,2011
LONG,2011-12-09,1236.25,1236.0,2011-12-13,1220.0,1220.25,{},3,3,ES,10,fixed_hold,0,-6.75,-16.25,-16.33,0.01630766058996627,-9.0,2011-12-08,0.046437901810158166,ENTERED,0.6225190548623963,-8.5,2011
LONG,2011-12-14,1220.5,1220.25,2011-12-16,1209.75,1210.0,{},3,3,ES,10,fixed_hold,0,2.75,-10.75,-10.83,0.01738921655864697,-13.0,2011-12-13,0.024559193954659886,ENTERED,0.5869070976032025,0.0,2011
SHORT,2011-12-19,1211.25,1211.5,2011-12-21,1236.75,1236.5,{},3,3,ES,10,fixed_hold,0,-3.25,-25.5,-25.58,0.016970292321308273,-21.75,2011-12-16,-0.027331189710610992,ENTERED,0.6044557476721968,0.0,2011
SHORT,2011-12-22,1235.75,1236.0,2011-12-27,1259.75,1259.5,{},3,3,ES,10,fixed_hold,0,-2.75,-24.0,-24.08,0.016957843660441913,-20.75,2011-12-21,-0.02330173775671418,ENTERED,0.6096452935073305,0.0,2011
LONG,2011-12-28,1258.75,1258.5,2011-12-30,1252.75,1253.0,{},3,3,ES,10,fixed_hold,0,2.25,-6.0,-6.08,0.016666929829545277,-7.75,2011-12-27,0.025234025234025514,ENTERED,0.6338530010135557,0.0,2011
LONG,2012-01-03,1275.0,1274.75,2012-01-05,1271.5,1271.75,{},3,3,ES,10,fixed_hold,0,-1.75,-3.5,-3.58,0.013727268791606895,-1.25,2011-12-30,0.033828382838284154,ENTERED,0.7704908954491383,0.0,2012
LONG,2012-01-06,1273.75,1273.5,2012-01-10,1284.75,1285.0,{},3,3,ES,10,fixed_hold,0,-2.75,11.0,10.92,0.013605241220050161,14.25,2012-01-05,0.011572880038162037,ENTERED,0.7792245365471142,-4.5,2012
LONG,2012-01-11,1284.75,1284.5,2012-01-13,1289.25,1289.5,{},3,3,ES,10,fixed_hold,0,-0.5,4.5,4.42,0.010909562318409038,5.5,2012-01-10,0.0028385174809126834,ENTERED,0.974676830444036,0.0,2012
LONG,2012-01-16,1286.75,1286.5,2012-01-18,1303.0,1303.25,{},3,3,ES,10,fixed_hold,0,0.75,16.25,16.17,0.00840699004081787,16.0,2012-01-13,0.008753150025047507,ENTERED,1.261038461189127,0.0,2012
LONG,2012-01-19,1303.25,1303.0,2012-01-23,1309.75,1310.0,{},3,3,ES,10,fixed_hold,0,-5.5,6.5,6.42,0.00812127057030234,12.5,2012-01-18,0.023762765121759566,ENTERED,1.3023498640708944,-5.25,2012
LONG,2012-01-24,1311.25,1311.0,2012-01-26,1316.0,1316.25,{},3,3,ES,10,fixed_hold,0,-3.25,4.75,4.67,0.004713573797184772,8.5,2012-01-23,0.02704821638573085,ENTERED,2.2412682912590243,0.0,2012
LONG,2012-01-27,1315.0,1314.75,2012-01-31,1307.0,1307.25,{},3,3,ES,10,fixed_hold,0,-0.5,-8.0,-8.08,0.003740680673714853,-7.0,2012-01-26,0.01896651828914231,ENTERED,2.76374020596488,-1.25,2012
LONG,2012-02-01,1306.5,1306.25,2012-02-03,1339.25,1339.5,{},3,3,ES,10,fixed_hold,0,0.0,32.75,32.67,0.003488666263795579,33.25,2012-01-31,0.012979465323518236,ENTERED,2.9403187228725973,0.0,2012
LONG,2012-02-06,1337.25,1337.0,2012-02-08,1344.0,1344.25,{},3,3,ES,10,fixed_hold,0,-1.0,6.75,6.67,0.004701475410342326,8.25,2012-02-03,0.021544327931363183,ENTERED,2.1707769857900687,0.0,2012
LONG,2012-02-09,1344.25,1344.0,2012-02-13,1349.0,1349.25,{},3,3,ES,10,fixed_hold,0,5.5,4.75,4.67,0.004589997806906909,-0.25,2012-02-08,0.0177929206890024,ENTERED,2.211728607409429,6.0,2012
LONG,2012-02-14,1346.5,1346.25,2012-02-16,1355.25,1355.5,{},3,3,ES,10,fixed_hold,0,-0.75,8.75,8.67,0.00491272670453179,10.0,2012-02-13,0.03055184265801003,ENTERED,2.065765646333147,0.0,2012
LONG,2012-02-17,1355.0,1354.75,2012-02-21,1360.5,1360.75,{},3,3,ES,10,fixed_hold,0,8.25,5.5,5.42,0.0053680896965704345,-2.25,2012-02-16,0.025146530535072875,ENTERED,1.889079950606938,8.25,2012
LONG,2012-02-22,1360.0,1359.75,2012-02-24,1362.5,1362.75,{},3,3,ES,10,fixed_hold,0,1.25,2.5,2.42,0.005365670474301828,1.75,2012-02-21,0.012651162790698,ENTERED,1.886940853390902,0.0,2012
LONG,2012-02-27,1364.25,1364.0,2012-02-29,1359.0,1359.25,{},3,3,ES,10,fixed_hold,0,1.0,-5.25,-5.33,0.005417007650826185,-5.75,2012-02-24,0.01678791270285407,ENTERED,1.864849777900674,0.0,2012
LONG,2012-03-01,1362.25,1362.0,2012-03-05,1362.5,1362.75,{},3,3,ES,10,fixed_hold,0,0.0,0.25,0.16999999999999998,0.00540530386608525,0.75,2012-02-29,0.014554954282514965,ENTERED,1.8589179799887685,-0.75,2012
LONG,2012-03-06,1365.0,1364.75,2012-03-08,1366.0,1366.25,{},3,3,ES,10,fixed_hold,0,2.5,1.0,0.92,0.005635198049189657,-1.0,2012-03-05,0.00018348623853214896,ENTERED,1.7727966840763993,0.0,2012
LONG,2012-03-09,1366.0,1365.75,2012-03-13,1390.5,1390.75,{},3,3,ES,10,fixed_hold,0,-5.75,24.5,24.42,0.00720392890791207,30.75,2012-03-08,0.0016495601173018848,ENTERED,1.383830323938192,0.0,2012
LONG,2012-03-14,1390.25,1390.0,2012-03-16,1398.5,1398.75,{},3,3,ES,10,fixed_hold,0,2.0,8.25,8.17,0.0074412064034896815,6.75,2012-03-13,0.014405543398978704,ENTERED,1.3339961503877988,0.0,2012
LONG,2012-03-19,1399.75,1399.5,2012-03-21,1396.5,1396.75,{},3,3,ES,10,fixed_hold,0,-1.75,-3.25,-3.33,0.00710742617315919,-1.0,2012-03-16,0.022104493971501604,ENTERED,1.3898189716352218,0.0,2012
LONG,2012-03-22,1399.0,1398.75,2012-03-26,1415.25,1415.5,{},3,3,ES,10,fixed_hold,0,3.75,16.25,16.17,0.007134509259766121,13.0,2012-03-21,0.03329017939707768,ENTERED,1.3804760284080924,3.5,2012
LONG,2012-03-27,1415.75,1415.5,2012-03-29,1397.5,1397.75,{},3,3,ES,10,fixed_hold,0,2.75,-18.25,-18.33,0.007838234010940944,-20.5,2012-03-26,0.030766430001820444,ENTERED,1.2550093006899996,0.0,2012
LONG,2012-03-30,1398.0,1397.75,2012-04-03,1407.5,1407.75,{},3,3,ES,10,fixed_hold,0,5.5,9.5,9.42,0.007450542086825355,4.5,2012-03-29,0.001612325331422415,ENTERED,1.314270904986192,4.5,2012
LONG,2012-04-04,1407.25,1407.0,2012-04-06,1374.75,1375.0,{},3,3,ES,10,fixed_hold,0,1.75,-32.5,-32.58,0.006202985352540733,-33.75,2012-04-03,0.005176722599071759,ENTERED,1.5714761304422191,0.0,2012
SHORT,2012-04-09,1374.25,1374.5,2012-04-11,1365.5,1365.25,{},3,3,ES,10,fixed_hold,0,-0.75,8.75,8.67,0.007007756270023116,10.0,2012-04-06,-0.013806706114398382,ENTERED,1.378262510409284,0.0,2012
SHORT,2012-04-12,1365.0,1365.25,2012-04-16,1364.5,1364.25,{},3,3,ES,10,fixed_hold,0,-1.0,0.5,0.42,0.006810632756126584,2.0,2012-04-11,-0.02516958229203825,ENTERED,1.4149825842479804,0.75,2012
SHORT,2012-04-17,1364.5,1364.75,2012-04-19,1373.25,1373.0,{},3,3,ES,10,fixed_hold,0,-1.5,-8.75,-8.83,0.007732830832018025,-6.75,2012-04-16,-0.033132530120481674,ENTERED,1.2419549954470825,0.0,2012
SHORT,2012-04-20,1374.75,1375.0,2012-04-24,1374.75,1374.5,{},3,3,ES,10,fixed_hold,0,3.5,-0.0,-0.08,0.008421704319593576,-3.0,2012-04-19,-0.013117699910152658,ENTERED,1.1358796396400404,2.5,2012
LONG,2012-04-25,1376.0,1375.75,2012-04-27,1398.75,1399.0,{},3,3,ES,10,fixed_hold,0,-1.25,22.75,22.67,0.007779422187195658,24.5,2012-04-24,0.01066176470588287,ENTERED,1.2271318154577806,0.0,2012
LONG,2012-04-30,1400.25,1400.0,2012-05-02,1397.0,1397.25,{},3,3,ES,10,fixed_hold,0,0.5,-3.25,-3.33,0.008168218950921137,-3.25,2012-04-27,0.024908424908425042,ENTERED,1.1629082952521,0.0,2012
LONG,2012-05-03,1397.75,1397.5,2012-05-07,1365.75,1366.0,{},3,3,ES,10,fixed_hold,1,0.25,-18.5,-18.58,0.0077053326883521145,-18.25,2012-05-02,0.012683457148034094,ENTERED,1.2309442370010415,0.0,2012
LONG,2012-05-08,1367.75,1367.5,2012-05-10,1346.25,1346.5,{},3,3,ES,10,fixed_hold,0,-0.5,-21.5,-21.58,0.008903589875494737,-20.5,2012-05-07,0.011117717859489673,ENTERED,1.0602372666355158,0.0,2012
SHORT,2012-05-11,1347.5,1347.75,2012-05-15,1330.75,1330.5,{},3,3,ES,10,fixed_hold,0,1.0,16.75,16.67,0.008194693033274055,16.25,2012-05-10,-0.022479797687148806,ENTERED,1.150202028966057,4.0,2012
SHORT,2012-05-16,1331.0,1331.25,2012-05-18,1290.75,1290.5,{},3,3,ES,10,fixed_hold,0,-4.0,40.25,40.17,0.007355666764000696,44.75,2012-05-15,-0.04064618035953671,ENTERED,1.2805124963864052,0.0,2012
SHORT,2012-05-21,1294.25,1294.5,2012-05-23,1316.0,1315.75,{},3,3,ES,10,fixed_hold,0,1.75,-21.75,-21.83,0.008043187806897022,-23.0,2012-05-18,-0.043365455893254024,ENTERED,1.1702107520608256,0.0,2012
SHORT,2012-05-24,1309.25,1309.5,2012-05-28,1320.25,1320.0,{},3,3,ES,10,fixed_hold,0,-7.75,-11.0,-11.08,0.008649389851934093,-2.75,2012-05-23,-0.023562152133580816,ENTERED,1.088186437665724,-9.0,2012
SHORT,2012-05-29,1319.75,1320.0,2012-05-31,1306.5,1306.25,{},3,3,ES,10,fixed_hold,0,1.0,13.25,13.17,0.008731354221536756,12.75,2012-05-28,-0.010680157391793288,ENTERED,1.0765111453493357,0.0,2012
LONG,2012-06-01,1307.5,1307.25,2012-06-05,1284.75,1285.0,{},3,3,ES,10,fixed_hold,0,-7.0,-22.75,-22.83,0.009614914898991763,-15.25,2012-05-31,0.0015334483419588985,ENTERED,0.9776200867902363,-9.75,2012
SHORT,2012-06-06,1287.5,1287.75,2012-06-08,1329.5,1329.25,{},3,3,ES,10,fixed_hold,0,-1.25,-42.0,-42.08,0.010167743759362115,-40.25,2012-06-05,-0.02188392007611817,ENTERED,0.9256870505112638,0.0,2012
LONG,2012-06-11,1337.75,1337.5,2012-06-13,1308.0,1308.25,{},3,3,ES,10,fixed_hold,0,-0.25,-29.75,-29.83,0.011934850863986142,-29.0,2012-06-08,0.011028712683019526,ENTERED,0.7888796134318738,0.0,2012
LONG,2012-06-14,1309.5,1309.25,2012-06-18,1340.75,1341.0,{},3,3,ES,10,fixed_hold,0,4.75,31.25,31.17,0.013046434751046535,27.0,2012-06-13,0.0003823360734087622,ENTERED,0.721961469956494,5.5,2012
LONG,2012-06-19,1341.75,1341.5,2012-06-21,1321.25,1321.5,{},3,3,ES,10,fixed_hold,0,-1.25,-20.5,-20.58,0.012254097581885108,-18.75,2012-06-18,0.05383104125736771,ENTERED,0.7694347892079351,0.0,2012
LONG,2012-06-22,1321.0,1320.75,2012-06-26,1315.0,1315.25,{},3,3,ES,10,fixed_hold,0,-0.5,-6.0,-6.08,0.01334867708654765,-5.0,2012-06-21,0.0039886039886039,ENTERED,0.7071800247794912,-2.25,2012
SHORT,2012-06-27,1313.75,1314.0,2012-06-29,1358.5,1358.25,{},3,3,ES,10,fixed_hold,0,3.75,-44.75,-44.83,0.013571766141289044,-48.0,2012-06-26,-0.0024649222601437204,ENTERED,0.6995453183371679,0.0,2012
LONG,2012-07-02,1358.25,1358.0,2012-07-04,1367.75,1368.0,{},3,3,ES,10,fixed_hold,0,-1.5,9.5,9.42,0.01297416014544106,11.5,2012-06-29,0.01494489071548677,ENTERED,0.7321390725086258,0.0,2012
LONG,2012-07-05,1365.25,1365.0,2012-07-09,1346.5,1346.75,{},3,3,ES,10,fixed_hold,0,-4.0,-18.75,-18.83,0.011923607200073873,-14.25,2012-07-04,0.012021453671167581,ENTERED,0.8020571078708807,-4.5,2012
LONG,2012-07-10,1347.75,1347.5,2012-07-12,1330.0,1330.25,{},3,3,ES,10,fixed_hold,0,-0.5,-17.75,-17.83,0.010873308490109817,-16.75,2012-07-09,0.03061029271092397,ENTERED,0.8797729298673019,0.0,2012
LONG,2012-07-13,1329.75,1329.5,2012-07-17,1357.5,1357.75,{},3,3,ES,10,fixed_hold,0,-1.5,27.75,27.67,0.010262596468471578,29.75,2012-07-12,0.0070022710068133875,ENTERED,0.9368891126656299,-1.75,2012
SHORT,2012-07-18,1357.5,1357.75,2012-07-20,1359.0,1358.75,{},3,3,ES,10,fixed_hold,0,2.5,-1.5,-1.58,0.010825106524740686,-3.5,2012-07-17,-0.007855316039459104,ENTERED,0.8893715737211183,0.0,2012
LONG,2012-07-23,1353.0,1352.75,2012-07-25,1335.0,1335.25,{},3,3,ES,10,fixed_hold,0,2.25,-18.0,-18.08,0.009923762637773932,-19.75,2012-07-20,0.004621072088724532,ENTERED,0.9710960539247303,0.0,2012
SHORT,2012-07-26,1333.5,1333.75,2012-07-30,1380.5,1380.25,{},3,3,ES,10,fixed_hold,0,5.25,-47.0,-47.08,0.010304165006931761,-51.75,2012-07-25,-0.0029867463132349226,ENTERED,0.9373421080272909,3.75,2012
LONG,2012-07-31,1379.75,1379.5,2012-08-02,1361.5,1361.75,{},3,3,ES,10,fixed_hold,0,2.0,-18.25,-18.33,0.009810310740021182,-19.75,2012-07-30,0.024874698347874702,ENTERED,0.9894658988362908,0.0,2012
SHORT,2012-08-03,1360.75,1361.0,2012-08-07,1396.0,1395.75,{},3,3,ES,10,fixed_hold,0,-1.25,-35.25,-35.33,0.009842222297474985,-33.5,2012-08-02,-0.007109004739336733,ENTERED,0.9883402612510012,-0.75,2012
LONG,2012-08-08,1396.0,1395.75,2012-08-10,1402.0,1402.25,{},3,3,ES,10,fixed_hold,0,-0.75,6.0,5.92,0.010357840782883513,7.25,2012-08-07,0.05419184290030232,ENTERED,0.9441952380351408,0.0,2012
LONG,2012-08-13,1400.5,1400.25,2012-08-15,1403.75,1404.0,{},3,3,ES,10,fixed_hold,0,-1.75,3.25,3.17,0.00961839429461152,5.5,2012-08-10,0.014285714285714457,ENTERED,1.0167834301619039,0.0,2012
LONG,2012-08-16,1404.0,1403.75,2012-08-20,1415.0,1415.25,{},3,3,ES,10,fixed_hold,0,-0.75,11.0,10.92,0.009242107859042966,12.25,2012-08-15,0.024817518248175352,ENTERED,1.0547208026210895,-0.5,2012
LONG,2012-08-21,1415.5,1415.25,2012-08-23,1401.0,1401.25,{},3,3,ES,10,fixed_hold,0,0.0,-14.5,-14.58,0.008066597863862882,-14.0,2012-08-20,0.019265394310406858,ENTERED,1.2033533960734673,0.0,2012
LONG,2012-08-24,1401.5,1401.25,2012-08-28,1408.75,1409.0,{},3,3,ES,10,fixed_hold,0,0.25,7.25,7.17,0.007202273992465362,7.5,2012-08-23,0.0014293371448990122,ENTERED,1.3447336700803356,0.25,2012
LONG,2012-08-29,1409.25,1409.0,2012-08-31,1404.5,1404.75,{},3,3,ES,10,fixed_hold,0,0.0,-4.75,-4.83,0.005820212925001637,-4.25,2012-08-28,0.006069260978222246,ENTERED,1.6557687599762905,0.0,2012
SHORT,2012-09-03,1400.5,1400.75,2012-09-05,1404.5,1404.25,{},3,3,ES,10,fixed_hold,0,0.0,-4.0,-4.08,0.0040530382169828615,-3.5,2012-08-31,-0.007594489579653696,ENTERED,2.3753889083173383,0.0,2012
SHORT,2012-09-06,1404.25,1404.5,2012-09-10,1426.25,1426.0,{},3,3,ES,10,fixed_hold,0,2.25,-22.0,-22.08,0.003928556090381062,-23.75,2012-09-05,-0.006192498230714993,ENTERED,2.447442438847586,2.25,2012
LONG,2012-09-11,1426.25,1426.0,2012-09-13,1459.0,1459.25,{},3,3,ES,10,fixed_hold,0,0.0,32.75,32.67,0.006284104916422049,33.25,2012-09-10,0.012065294535131388,ENTERED,1.5292121653630786,0.0,2012
LONG,2012-09-14,1459.5,1459.25,2012-09-18,1454.25,1454.5,{},3,3,ES,10,fixed_hold,0,-10.5,-5.25,-5.33,0.006917670909769813,5.75,2012-09-13,0.04512085944494193,ENTERED,1.3828415072744815,-10.5,2012
LONG,2012-09-19,1454.75,1454.5,2012-09-21,1451.25,1451.5,{},3,3,ES,10,fixed_hold,0,0.25,-3.5,-3.58,0.007211450506027877,-3.25,2012-09-18,0.03633772711079453,ENTERED,1.326142902636,0.0,2012
LONG,2012-09-24,1453.0,1452.75,2012-09-26,1429.25,1429.5,{},3,3,ES,10,fixed_hold,0,-0.25,-23.75,-23.83,0.006848903969841431,-23.0,2012-09-21,0.009212584738397256,ENTERED,1.3916457372463822,0.0,2012
SHORT,2012-09-27,1429.5,1429.75,2012-10-01,1437.25,1437.0,{},3,3,ES,10,fixed_hold,0,4.0,-7.75,-7.83,0.007443614083126878,-11.25,2012-09-26,-0.006083782374413538,ENTERED,1.2761125804457807,4.0,2012
SHORT,2012-10-02,1436.75,1437.0,2012-10-04,1456.0,1455.75,{},3,3,ES,10,fixed_hold,0,0.5,-19.25,-19.33,0.007494089507884361,-19.25,2012-10-01,-0.012031625988312422,ENTERED,1.2656420579076348,0.0,2012
LONG,2012-10-05,1457.0,1456.75,2012-10-09,1432.25,1432.5,{},3,3,ES,10,fixed_hold,0,0.5,-24.75,-24.83,0.00630241899794195,-24.75,2012-10-04,0.00017176228100290736,ENTERED,1.499900507910153,-1.25,2012
SHORT,2012-10-10,1432.25,1432.5,2012-10-12,1422.0,1421.75,{},3,3,ES,10,fixed_hold,0,-0.5,10.25,10.17,0.006593546370432967,11.25,2012-10-09,-0.00365153886280678,ENTERED,1.4299935816227671,0.0,2012
SHORT,2012-10-15,1420.0,1420.25,2012-10-17,1456.75,1456.5,{},3,3,ES,10,fixed_hold,0,0.75,-36.75,-36.83,0.00575935141033198,-37.0,2012-10-12,-0.008715356458079304,ENTERED,1.636564932766018,0.0,2012
LONG,2012-10-18,1456.5,1456.25,2012-10-22,1432.5,1432.75,{},3,3,ES,10,fixed_hold,0,-1.0,-24.0,-24.08,0.006638406243619289,-22.5,2012-10-17,0.006217616580310503,ENTERED,1.4182862859587912,-1.0,2012
SHORT,2012-10-23,1432.5,1432.75,2012-10-25,1407.0,1406.75,{},3,3,ES,10,fixed_hold,0,0.25,25.5,25.42,0.008133425106874141,25.75,2012-10-22,-0.01172615968270374,ENTERED,1.1572277028186415,0.0,2012
SHORT,2012-10-26,1406.25,1406.5,2012-10-30,1411.0,1410.75,{},3,3,ES,10,fixed_hold,0,4.75,-4.75,-4.83,0.008271195481011595,-9.0,2012-10-25,-0.016774419011008068,ENTERED,1.13644200038704,4.5,2012
SHORT,2012-10-31,1410.75,1411.0,2012-11-02,1405.75,1405.5,{},3,3,ES,10,fixed_hold,0,0.25,5.0,4.92,0.008468744373446588,5.25,2012-10-30,-0.02773949000689202,ENTERED,1.1098930040855568,0.0,2012
SHORT,2012-11-05,1403.25,1403.5,2012-11-07,1392.75,1392.5,{},3,3,ES,10,fixed_hold,0,-0.25,10.5,10.42,0.009453871539673824,11.25,2012-11-02,-0.012818261633011363,ENTERED,0.9932054856406308,0.0,2012
SHORT,2012-11-08,1393.0,1393.25,2012-11-12,1375.5,1375.25,{},3,3,ES,10,fixed_hold,0,2.0,17.5,17.42,0.010517229876399763,16.0,2012-11-07,-0.009073118662159652,ENTERED,0.8937461716155586,1.75,2012
SHORT,2012-11-13,1375.0,1375.25,2012-11-15,1351.0,1350.75,{},3,3,ES,10,fixed_hold,0,0.25,24.0,23.92,0.01013545097176075,24.25,2012-11-12,-0.01750312555813538,ENTERED,0.928636402778941,0.0,2012
SHORT,2012-11-16,1350.0,1350.25,2012-11-20,1386.25,1386.0,{},3,3,ES,10,fixed_hold,0,-4.0,-36.25,-36.33,0.010078932235504203,-31.75,2012-11-15,-0.05127304653204534,ENTERED,0.9341426567769214,-4.0,2012
SHORT,2012-11-21,1385.25,1385.5,2012-11-23,1405.0,1404.75,{},3,3,ES,10,fixed_hold,0,-2.25,-19.75,-19.83,0.009611828901847874,-17.0,2012-11-20,-0.026343519494204326,ENTERED,0.9799407903262027,0.0,2012
LONG,2012-11-26,1402.0,1401.75,2012-11-28,1404.75,1405.0,{},3,3,ES,10,fixed_hold,0,-0.5,2.75,2.67,0.009880624732861549,3.75,2012-11-23,0.020893895348837344,ENTERED,0.9542644564257792,0.0,2012
LONG,2012-11-29,1405.25,1405.0,2012-12-03,1405.5,1405.75,{},3,3,ES,10,fixed_hold,0,-2.75,0.25,0.16999999999999998,0.009782542109244358,3.5,2012-11-28,0.03824127101422481,ENTERED,0.9649759425944725,-2.5,2012
LONG,2012-12-04,1406.25,1406.0,2012-12-06,1413.25,1413.5,{},3,3,ES,10,fixed_hold,0,0.25,7.0,6.92,0.008852427395357647,7.25,2012-12-03,0.018106101756292237,ENTERED,1.0651009682153179,0.0,2012
LONG,2012-12-07,1413.75,1413.5,2012-12-11,1431.75,1432.0,{},3,3,ES,10,fixed_hold,0,-0.25,18.0,17.92,0.00648108594456144,18.75,2012-12-06,0.015627806718160553,ENTERED,1.4533094131332964,-0.5,2012
LONG,2012-12-12,1431.25,1431.0,2012-12-14,1416.25,1416.5,{},3,3,ES,10,fixed_hold,0,2.25,-15.0,-15.08,0.006815316863583038,-16.75,2012-12-11,0.026155499820852635,ENTERED,1.381470696726871,0.0,2012
LONG,2012-12-17,1416.5,1416.25,2012-12-19,1428.75,1429.0,{},3,3,ES,10,fixed_hold,0,0.0,12.25,12.17,0.0057673418974263455,12.75,2012-12-14,0.0005297545470597242,ENTERED,1.6319734287225733,0.0,2012
LONG,2012-12-20,1429.0,1428.75,2012-12-24,1418.75,1419.0,{},3,3,ES,10,fixed_hold,0,-6.5,-10.25,-10.33,0.005856155339616815,-3.25,2012-12-19,0.014734599680454208,ENTERED,1.6051032448616902,-6.75,2012
LONG,2012-12-26,1424.25,1424.0,2012-12-28,1386.5,1386.75,{},3,3,ES,10,fixed_hold,0,0.25,-37.75,-37.83,0.006296036905432518,-37.5,2012-12-24,0.0021186440677964935,ENTERED,1.4913567399269938,0.0,2012
SHORT,2012-12-31,1389.5,1389.75,2013-01-03,1454.5,1454.25,{},3,3,ES,10,fixed_hold,1,2.25,-45.75,-45.83,0.007381458179877901,-47.5,2012-12-28,-0.024960449991211053,ENTERED,1.271106230637131,0.0,2012
SHORT,2013-01-04,1452.75,1453.0,2013-01-08,1451.75,1451.5,{},3,3,ES,10,fixed_hold,0,1.0,1.0,0.92,0.009639778776402,0.5,2013-01-03,-0.00426792363815276,ENTERED,0.974051095107238,0.75,2013
LONG,2013-01-09,1452.75,1452.5,2013-01-11,1467.25,1467.5,{},3,3,ES,10,fixed_hold,0,0.0,14.5,14.42,0.009683915019229963,15.0,2013-01-08,0.0025457527207615183,ENTERED,0.9706543189781629,0.0,2013
LONG,2013-01-14,1467.5,1467.25,2013-01-16,1463.5,1463.75,{},3,3,ES,10,fixed_hold,0,0.0,-4.0,-4.08,0.009562801282506443,-3.5,2013-01-11,0.023448074605523006,ENTERED,0.9842459811620459,0.0,2013
LONG,2013-01-17,1464.0,1463.75,2013-01-21,1482.5,1482.75,{},3,3,ES,10,fixed_hold,0,3.25,18.5,18.42,0.009382347647030947,15.75,2013-01-16,0.004977686234123091,ENTERED,1.0031844061388977,3.25,2013
LONG,2013-01-22,1482.75,1482.5,2013-01-24,1488.0,1488.25,{},3,3,ES,10,fixed_hold,0,-1.25,5.25,5.17,0.008955847295039109,7.0,2013-01-21,0.01854714064914953,ENTERED,1.0495638914298857,0.0,2013
LONG,2013-01-25,1488.75,1488.5,2013-01-29,1505.25,1505.5,{},3,3,ES,10,fixed_hold,0,-0.25,16.5,16.42,0.008575791010265269,17.25,2013-01-24,0.012587174689572933,ENTERED,1.0960388519526836,-0.25,2013
LONG,2013-01-30,1504.5,1504.25,2013-02-01,1507.25,1507.5,{},3,3,ES,10,fixed_hold,0,0.75,2.75,2.67,0.004300266920392658,2.5,2013-01-29,0.02606917703186218,ENTERED,2.18186862753475,0.0,2013
LONG,2013-02-04,1507.0,1506.75,2013-02-06,1506.25,1506.5,{},3,3,ES,10,fixed_hold,0,1.25,-0.75,-0.83,0.004564754419192037,-1.5,2013-02-01,0.018753167764825385,ENTERED,2.055389356234333,0.0,2013
LONG,2013-02-07,1506.5,1506.25,2013-02-11,1512.5,1512.75,{},3,3,ES,10,fixed_hold,0,0.0,6.0,5.92,0.0053888568798158825,6.5,2013-02-06,0.014819804648029677,ENTERED,1.7380552508355704,0.5,2013
LONG,2013-02-12,1513.0,1512.75,2013-02-14,1518.5,1518.75,{},3,3,ES,10,fixed_hold,0,0.5,5.5,5.42,0.005071720611767893,5.5,2013-02-11,0.011872909698996903,ENTERED,1.8396502543239694,0.0,2013
LONG,2013-02-15,1518.5,1518.25,2013-02-19,1528.75,1529.0,{},3,3,ES,10,fixed_hold,0,1.25,10.25,10.17,0.0048726878873668975,9.5,2013-02-14,0.014021031547321039,ENTERED,1.9105901704313608,1.0,2013
LONG,2013-02-20,1529.0,1528.75,2013-02-22,1513.75,1514.0,{},3,3,ES,10,fixed_hold,0,0.5,-15.25,-15.33,0.005037175149836488,-15.25,2013-02-19,0.014935280451376931,ENTERED,1.8441059542333167,0.0,2013
LONG,2013-02-25,1516.5,1516.25,2013-02-27,1516.25,1516.5,{},3,3,ES,10,fixed_hold,0,2.25,-0.25,-0.33,0.006153452028625043,-2.0,2013-02-22,0.00016515276630890696,ENTERED,1.5058428704656124,0.0,2013
LONG,2013-02-28,1516.5,1516.25,2013-03-04,1527.25,1527.5,{},3,3,ES,10,fixed_hold,0,-2.25,10.75,10.67,0.008110537559553564,13.5,2013-02-27,0.0004948045522019662,ENTERED,1.140315360186104,-2.25,2013
LONG,2013-03-05,1527.0,1526.75,2013-03-07,1543.75,1544.0,{},3,3,ES,10,fixed_hold,0,-0.5,16.75,16.67,0.007913502730666013,17.75,2013-03-04,0.007087522663590251,ENTERED,1.1671170014443821,0.0,2013
LONG,2013-03-08,1542.0,1541.75,2013-03-12,1547.0,1547.25,{},3,3,ES,10,fixed_hold,0,-7.75,5.0,4.92,0.007819623861147791,13.25,2013-03-07,0.02796271637816261,ENTERED,1.1769771821286041,-2.25,2013
LONG,2013-03-13,1547.5,1547.25,2013-03-15,1552.25,1552.5,{},3,3,ES,10,fixed_hold,0,-0.25,4.75,4.67,0.00792380368574553,5.5,2013-03-12,0.035989286909943186,ENTERED,1.1608161406744393,0.0,2013
LONG,2013-03-18,1536.75,1536.5,2013-03-20,1549.25,1549.5,{},3,3,ES,10,fixed_hold,0,0.25,12.5,12.42,0.007951889088794425,12.75,2013-03-15,0.023570133509147384,ENTERED,1.155725274229835,0.0,2013
LONG,2013-03-21,1549.75,1549.5,2013-03-25,1548.25,1548.5,{},3,3,ES,10,fixed_hold,0,2.75,-1.5,-1.58,0.007417742270145291,-3.75,2013-03-20,0.016811412631962508,ENTERED,1.2248035419883792,2.5,2013
LONG,2013-03-26,1548.5,1548.25,2013-03-28,1563.5,1563.75,{},3,3,ES,10,fixed_hold,0,0.0,15.0,14.92,0.005965421062241108,15.5,2013-03-25,0.005543032984020924,ENTERED,1.520602604379532,0.0,2013
LONG,2013-04-01,1563.5,1563.25,2013-04-03,1548.75,1549.0,{},3,3,ES,10,fixed_hold,0,0.0,-14.75,-14.83,0.005002862306452002,-14.25,2013-03-28,0.015445862336947558,ENTERED,1.809036032724038,0.0,2013
LONG,2013-04-04,1549.25,1549.0,2013-04-08,1559.75,1560.0,{},3,3,ES,10,fixed_hold,0,1.0,10.5,10.42,0.005568489271518372,10.0,2013-04-03,0.006661251015434466,ENTERED,1.6214272595905486,1.0,2013
LONG,2013-04-09,1560.25,1560.0,2013-04-11,1587.75,1588.0,{},3,3,ES,10,fixed_hold,0,-1.5,27.5,27.42,0.005911403624952726,29.5,2013-04-08,0.004022526146419736,ENTERED,1.5217168804291865,0.0,2013
LONG,2013-04-12,1588.0,1587.75,2013-04-16,1566.0,1566.25,{},3,3,ES,10,fixed_hold,0,-1.75,-22.0,-22.08,0.0061902067579460976,-19.75,2013-04-11,0.02089360334297652,ENTERED,1.4511842362762764,-1.5,2013
LONG,2013-04-17,1566.5,1566.25,2013-04-19,1548.25,1548.5,{},3,3,ES,10,fixed_hold,0,-0.25,-18.25,-18.33,0.00834860417116584,-17.5,2013-04-16,0.0006388755789805689,ENTERED,1.072735886313852,0.0,2013
LONG,2013-04-22,1551.0,1550.75,2013-04-24,1572.75,1573.0,{},3,3,ES,10,fixed_hold,0,-0.5,21.75,21.67,0.008622524501076388,22.75,2013-04-19,0.0009696186166774368,ENTERED,1.0358656495482546,0.0,2013
SHORT,2013-04-25,1572.5,1572.75,2013-04-29,1587.75,1587.5,{},3,3,ES,10,fixed_hold,0,1.5,-15.25,-15.33,0.008586567026224352,-16.25,2013-04-24,-0.0056890012642222265,ENTERED,1.036920791313008,1.25,2013
LONG,2013-04-30,1587.75,1587.5,2013-05-02,1591.75,1592.0,{},3,3,ES,10,fixed_hold,0,-0.25,4.0,3.92,0.008596225070608907,4.75,2013-04-29,0.02551679586563327,ENTERED,1.0334484547310523,0.0,2013
LONG,2013-05-03,1592.0,1591.75,2013-05-07,1618.75,1619.0,{},3,3,ES,10,fixed_hold,0,0.5,26.75,26.67,0.008577539235417925,26.75,2013-05-02,0.03460601137286767,ENTERED,1.0341056210026902,0.25,2013
LONG,2013-05-08,1619.0,1618.75,2013-05-10,1629.0,1629.25,{},3,3,ES,10,fixed_hold,0,-0.25,10.0,9.92,0.008622877239073587,10.75,2013-05-07,0.02989821882951693,ENTERED,1.0266210627751813,0.0,2013
LONG,2013-05-13,1623.0,1622.75,2013-05-15,1654.5,1654.75,{},3,3,ES,10,fixed_hold,0,0.0,31.5,31.42,0.0082591236456281,32.0,2013-05-10,0.033296337402885845,ENTERED,1.0659404231046945,0.0,2013
LONG,2013-05-16,1655.25,1655.0,2013-05-20,1663.75,1664.0,{},3,3,ES,10,fixed_hold,0,-1.75,8.5,8.42,0.005045916203204043,10.75,2013-05-15,0.047807503561817066,ENTERED,1.7404578495919558,-2.0,2013
LONG,2013-05-21,1664.25,1664.0,2013-05-23,1653.0,1653.25,{},3,3,ES,10,fixed_hold,0,0.0,-11.25,-11.33,0.004997351392666557,-10.75,2013-05-20,0.03305913394381488,ENTERED,1.7474917588624357,0.0,2013
LONG,2013-05-24,1653.5,1653.25,2013-05-28,1654.75,1655.0,{},3,3,ES,10,fixed_hold,0,2.25,1.25,1.17,0.005154904586050029,-0.5,2013-05-23,0.016290149070232296,ENTERED,1.6940068290733632,2.25,2013
LONG,2013-05-29,1655.5,1655.25,2013-05-31,1627.25,1627.5,{},3,3,ES,10,fixed_hold,0,-0.25,-28.25,-28.33,0.005037130300759715,-27.5,2013-05-28,0.005009867921663913,ENTERED,1.730808289019367,0.0,2013
SHORT,2013-06-03,1630.75,1631.0,2013-06-05,1610.25,1610.0,{},3,3,ES,10,fixed_hold,0,0.5,20.5,20.42,0.005544422153749688,20.5,2013-05-31,-0.022375732091905798,ENTERED,1.5668511428763798,0.0,2013
SHORT,2013-06-06,1609.75,1610.0,2013-06-10,1642.0,1641.75,{},3,3,ES,10,fixed_hold,0,1.0,-32.25,-32.33,0.0060847973469806025,-32.75,2013-06-05,-0.028511087645195388,ENTERED,1.4266475735785098,1.0,2013
SHORT,2013-06-11,1641.25,1641.5,2013-06-13,1638.5,1638.25,{},3,3,ES,10,fixed_hold,0,-0.25,2.75,2.67,0.006761720393170844,3.5,2013-06-10,-0.006505295007564249,ENTERED,1.2838174550583983,0.0,2013
SHORT,2013-06-14,1637.75,1638.0,2013-06-18,1646.25,1646.0,{},3,3,ES,10,fixed_hold,0,1.5,-8.5,-8.58,0.008088144066231314,-9.5,2013-06-13,-0.009073037955542373,ENTERED,1.072570786996364,1.5,2013
LONG,2013-06-19,1646.25,1646.0,2013-06-21,1583.5,1583.75,{},3,3,ES,10,fixed_hold,0,0.5,-62.75,-62.83,0.008367915630856489,-62.75,2013-06-18,0.009815950920245342,ENTERED,1.036434678043077,0.0,2013
SHORT,2013-06-24,1584.5,1584.75,2013-06-26,1595.0,1594.75,{},3,3,ES,10,fixed_hold,0,-0.25,-10.5,-10.58,0.01011783137137886,-9.75,2013-06-21,-0.03370957901159277,ENTERED,0.8574077515264467,0.0,2013
SHORT,2013-06-27,1594.75,1595.0,2013-07-01,1608.25,1608.0,{},3,3,ES,10,fixed_hold,0,-2.5,-13.5,-13.58,0.010680179577028343,-10.5,2013-06-26,-0.009779571561626899,ENTERED,0.812796695445866,-2.5,2013
SHORT,2013-07-02,1607.5,1607.75,2013-07-04,1622.5,1622.25,{},3,3,ES,10,fixed_hold,1,0.0,-1.25,-1.33,0.01041297548877493,-0.75,2013-07-01,-0.01591187270501826,ENTERED,0.8336581009092646,0.0,2013
LONG,2013-07-05,1622.5,1622.25,2013-07-09,1646.5,1646.75,{},3,3,ES,10,fixed_hold,0,1.25,24.0,23.92,0.009891036474723933,23.25,2013-07-04,0.01483451235237987,ENTERED,0.8782986707603145,1.25,2013
LONG,2013-07-10,1647.0,1646.75,2013-07-12,1669.75,1670.0,{},3,3,ES,10,fixed_hold,0,-0.25,22.75,22.67,0.009615729122968616,23.5,2013-07-09,0.03538695928725244,ENTERED,0.9066714303131256,0.0,2013
LONG,2013-07-15,1672.25,1672.0,2013-07-17,1673.75,1674.0,{},3,3,ES,10,fixed_hold,0,0.0,1.5,1.42,0.008395999867428464,2.0,2013-07-12,0.03734274241435065,ENTERED,1.0383881628258989,0.0,2013
LONG,2013-07-18,1674.25,1674.0,2013-07-22,1691.5,1691.75,{},3,3,ES,10,fixed_hold,0,1.5,17.25,17.17,0.0073889044514318,16.25,2013-07-17,0.030946882217090188,ENTERED,1.1757201957738703,1.5,2013
LONG,2013-07-23,1692.0,1691.75,2013-07-25,1685.5,1685.75,{},3,3,ES,10,fixed_hold,0,0.0,-6.5,-6.58,0.004087499393940675,-6.0,2013-07-22,0.03312977099236636,ENTERED,2.124674896252798,0.0,2013
LONG,2013-07-26,1686.0,1685.75,2013-07-30,1684.0,1684.25,{},3,3,ES,10,fixed_hold,0,-0.5,-2.0,-2.08,0.003859836263025318,-1.0,2013-07-25,0.0107929845600363,ENTERED,2.2490111174231755,-0.5,2013
LONG,2013-07-31,1684.5,1684.25,2013-08-02,1703.0,1703.25,{},3,3,ES,10,fixed_hold,0,0.0,18.5,18.42,0.0033122376263135453,19.0,2013-07-30,0.007326555023923431,ENTERED,2.619886129148747,0.0,2013
LONG,2013-08-05,1702.75,1702.5,2013-08-07,1689.25,1689.5,{},3,3,ES,10,fixed_hold,0,0.25,-13.5,-13.58,0.003642601721909745,-13.25,2013-08-02,0.007989347536617952,ENTERED,2.380935003295227,0.0,2013
LONG,2013-08-08,1690.0,1689.75,2013-08-12,1687.0,1687.25,{},3,3,ES,10,fixed_hold,0,-1.75,-3.0,-3.08,0.0034222973317792893,-0.75,2013-08-07,0.004011291041449816,ENTERED,2.527363643017301,-1.75,2013
LONG,2013-08-13,1687.25,1687.0,2013-08-15,1657.5,1657.75,{},3,3,ES,10,fixed_hold,0,-0.25,-29.75,-29.83,0.0034601233891740665,-29.0,2013-08-12,0.002525252525252597,ENTERED,2.496818650950877,0.0,2013
SHORT,2013-08-16,1657.5,1657.75,2013-08-20,1651.0,1650.75,{},3,3,ES,10,fixed_hold,0,-2.25,6.5,6.42,0.0046136408048193574,9.25,2013-08-15,-0.0257126065236557,ENTERED,1.8689962231273458,-2.25,2013
SHORT,2013-08-21,1650.5,1650.75,2013-08-23,1661.5,1661.25,{},3,3,ES,10,fixed_hold,0,0.0,-11.0,-11.08,0.004557048872953559,-10.5,2013-08-20,-0.02437943262411335,ENTERED,1.8900741919984985,0.0,2013
SHORT,2013-08-26,1660.25,1660.5,2013-08-28,1630.5,1630.25,{},3,3,ES,10,fixed_hold,0,-0.5,29.75,29.67,0.006196636928858251,30.75,2013-08-23,-0.014094955489613925,ENTERED,1.388958314307573,0.0,2013
SHORT,2013-08-29,1630.25,1630.5,2013-09-02,1645.75,1645.5,{},3,3,ES,10,fixed_hold,1,-0.25,-0.25,-0.33,0.00705184293225365,0.5,2013-08-28,-0.028456495828366957,ENTERED,1.2190040466289425,0.0,2013
SHORT,2013-09-03,1645.0,1645.25,2013-09-05,1654.0,1653.75,{},3,3,ES,10,fixed_hold,0,0.0,-9.0,-9.08,0.006727055753289234,-8.5,2013-09-02,-0.008804673720424927,ENTERED,1.276655880970081,0.0,2013
SHORT,2013-09-06,1653.75,1654.0,2013-09-10,1681.75,1681.5,{},3,3,ES,10,fixed_hold,0,-2.25,-28.0,-28.08,0.007262212830825786,-25.25,2013-09-05,-0.010901209059633765,ENTERED,1.1814323682316634,-2.5,2013
LONG,2013-09-11,1681.75,1681.5,2013-09-13,1689.25,1689.5,{},3,3,ES,10,fixed_hold,0,0.0,7.5,7.42,0.007840454996455278,8.0,2013-09-10,0.023773409573437876,ENTERED,1.0940103908887797,0.0,2013
LONG,2013-09-16,1700.0,1699.75,2013-09-18,1719.25,1719.5,{},3,3,ES,10,fixed_hold,0,-0.25,19.25,19.17,0.007153256037857448,20.0,2013-09-13,0.02549317147192731,ENTERED,1.1989933391401564,0.0,2013
LONG,2013-09-19,1719.75,1719.5,2013-09-23,1692.25,1692.5,{},3,3,ES,10,fixed_hold,0,-2.25,-27.5,-27.58,0.007003549705943273,-24.75,2013-09-18,0.039129777912071395,ENTERED,1.2244920605029443,-2.0,2013
LONG,2013-09-24,1693.0,1692.75,2013-09-26,1694.0,1694.25,{},3,3,ES,10,fixed_hold,0,-0.25,1.0,0.92,0.006743904178942118,1.75,2013-09-23,0.012260765550239139,ENTERED,1.2683119498465394,0.0,2013
LONG,2013-09-27,1694.75,1694.5,2013-10-01,1689.0,1689.25,{},3,3,ES,10,fixed_hold,0,-10.75,-5.75,-5.83,0.0056492760392116564,5.5,2013-09-26,0.005191337881934155,ENTERED,1.5113585801023706,-10.5,2013
SHORT,2013-10-02,1689.0,1689.25,2013-10-04,1682.25,1682.0,{},3,3,ES,10,fixed_hold,0,0.25,6.75,6.67,0.005829183792369566,7.0,2013-10-01,-0.005738669805768093,ENTERED,1.4478742166726246,0.0,2013
SHORT,2013-10-07,1676.5,1676.75,2013-10-09,1652.25,1652.0,{},3,3,ES,10,fixed_hold,0,0.0,24.25,24.17,0.006033425332389841,24.75,2013-10-04,-0.012765957446808529,ENTERED,1.3970363177346972,0.0,2013
SHORT,2013-10-10,1651.5,1651.75,2013-10-14,1709.25,1709.0,{},3,3,ES,10,fixed_hold,0,12.0,-57.75,-57.83,0.005853175980004176,-69.25,2013-10-09,-0.02089198399762926,ENTERED,1.4388264334378627,12.0,2013
LONG,2013-10-15,1709.0,1708.75,2013-10-17,1731.25,1731.5,{},3,3,ES,10,fixed_hold,0,0.0,22.25,22.17,0.00770872538743981,22.75,2013-10-14,0.018777943368107675,ENTERED,1.0912978165851872,0.0,2013
LONG,2013-10-18,1731.75,1731.5,2013-10-22,1748.0,1748.25,{},3,3,ES,10,fixed_hold,0,1.75,16.25,16.17,0.007583820853822586,15.0,2013-10-17,0.03682634730538914,ENTERED,1.1077997917400486,1.75,2013
LONG,2013-10-23,1748.75,1748.5,2013-10-25,1753.5,1753.75,{},3,3,ES,10,fixed_hold,0,0.0,4.75,4.67,0.0072156337891709985,5.25,2013-10-22,0.05666364460562101,ENTERED,1.164002341881966,0.0,2013
LONG,2013-10-28,1758.5,1758.25,2013-10-30,1754.25,1754.5,{},3,3,ES,10,fixed_hold,0,0.25,-4.25,-4.33,0.007053675205629292,-4.0,2013-10-25,0.03161764705882364,ENTERED,1.189257953716415,0.0,2013
LONG,2013-10-31,1754.75,1754.5,2013-11-04,1762.75,1763.0,{},3,3,ES,10,fixed_hold,0,-0.25,8.0,7.92,0.006806463566881591,8.75,2013-10-30,0.023479655826162737,ENTERED,1.2318787675532639,0.0,2013
LONG,2013-11-05,1763.5,1763.25,2013-11-07,1745.5,1745.75,{},3,3,ES,10,fixed_hold,0,-1.75,-18.0,-18.08,0.0061033176741708915,-15.75,2013-11-04,0.014238458219473449,ENTERED,1.369399379264926,0.0,2013
SHORT,2013-11-08,1745.5,1745.75,2013-11-12,1765.0,1764.75,{},3,3,ES,10,fixed_hold,0,1.0,-19.5,-19.58,0.005314147419744949,-20.0,2013-11-07,-0.0017155110793424244,ENTERED,1.57101478595536,1.0,2013
SHORT,2013-11-13,1764.5,1764.75,2013-11-15,1794.5,1794.25,{},3,3,ES,10,fixed_hold,0,0.0,-30.0,-30.08,0.005330493623571687,-29.5,2013-11-12,-0.0011320220744305276,ENTERED,1.5651716917669027,0.0,2013
LONG,2013-11-18,1793.25,1793.0,2013-11-20,1780.0,1780.25,{},3,3,ES,10,fixed_hold,0,3.25,-13.25,-13.33,0.0052513508628253555,-16.0,2013-11-15,0.02251032910671058,ENTERED,1.5869222522722715,0.0,2013
LONG,2013-11-21,1780.25,1780.0,2013-11-25,1801.25,1801.5,{},3,3,ES,10,fixed_hold,0,5.25,21.0,20.92,0.005283287699171036,16.25,2013-11-20,0.009212018140589695,ENTERED,1.5660515901633016,5.5,2013
LONG,2013-11-26,1802.5,1802.25,2013-11-28,1807.25,1807.5,{},3,3,ES,10,fixed_hold,0,4.0,4.75,4.67,0.005523737197409353,1.25,2013-11-25,0.01909206618582937,ENTERED,1.4973912019005553,0.0,2013
LONG,2013-11-29,1808.0,1807.75,2013-12-03,1791.75,1792.0,{},3,3,ES,10,fixed_hold,0,2.25,-16.25,-16.33,0.0050851067867691375,-18.0,2013-11-28,0.011471740346950421,ENTERED,1.6210923941118154,1.25,2013
LONG,2013-12-04,1792.25,1792.0,2013-12-06,1805.5,1805.75,{},3,3,ES,10,fixed_hold,0,0.75,13.25,13.17,0.005186379089436512,13.0,2013-12-03,0.0039215686274509665,ENTERED,1.5874200203056563,0.0,2013
LONG,2013-12-09,1807.5,1807.25,2013-12-11,1781.25,1781.5,{},3,3,ES,10,fixed_hold,0,0.0,-26.25,-26.33,0.004666533083925918,-25.75,2013-12-06,0.0024982650936851147,ENTERED,1.757505102568246,0.0,2013
SHORT,2013-12-12,1781.25,1781.5,2013-12-16,1779.25,1779.0,{},3,3,ES,10,fixed_hold,0,3.25,2.0,1.92,0.005193510232337479,-0.75,2013-12-11,-0.012609117361784494,ENTERED,1.577871741206874,3.5,2013
SHORT,2013-12-17,1778.5,1778.75,2013-12-19,1802.75,1802.5,{},3,3,ES,10,fixed_hold,0,-2.75,-24.25,-24.33,0.0051620547128607,-21.0,2013-12-16,-0.011529379080427726,ENTERED,1.5823580735343437,0.0,2013
LONG,2013-12-20,1803.0,1802.75,2013-12-24,1829.0,1829.25,{},3,3,ES,10,fixed_hold,0,1.5,26.0,25.92,0.0063777057653340696,25.0,2013-12-19,0.010511562718990897,ENTERED,1.279211084976463,2.0,2013
LONG,2013-12-26,1830.25,1830.0,2013-12-30,1835.0,1835.25,{},3,3,ES,10,fixed_hold,0,-0.25,4.75,4.67,0.006645790066839283,5.5,2013-12-24,0.013434903047091051,ENTERED,1.226235266218422,-0.25,2013
LONG,2013-12-31,1835.5,1835.25,2014-01-03,1823.0,1823.25,{},3,3,ES,10,fixed_hold,0,-7.25,-12.5,-12.58,0.006648043331573502,-4.75,2013-12-30,0.03496404906245609,ENTERED,1.223431422031521,0.0,2013
LONG,2014-01-06,1827.5,1827.25,2014-01-08,1830.25,1830.5,{},3,3,ES,10,fixed_hold,0,0.5,2.75,2.67,0.007138341936401829,2.75,2014-01-03,0.01067073170731625,ENTERED,1.1388944584627356,0.0,2014
LONG,2014-01-09,1831.0,1830.75,2014-01-13,1814.75,1815.0,{},3,3,ES,10,fixed_hold,0,-0.5,-16.25,-16.33,0.006627288502457918,-15.25,2014-01-08,0.003976415741121508,ENTERED,1.2264446259334185,-0.25,2014
SHORT,2014-01-14,1815.5,1815.75,2014-01-16,1836.5,1836.25,{},3,3,ES,10,fixed_hold,0,-0.25,-21.0,-21.08,0.006479760556514181,-20.25,2014-01-13,-0.011841567986933588,ENTERED,1.2522236846335009,0.0,2014
LONG,2014-01-17,1836.25,1836.0,2014-01-21,1837.25,1837.5,{},3,3,ES,10,fixed_hold,0,0.25,1.0,0.92,0.006750702770898091,1.25,2014-01-16,0.005338078291814652,ENTERED,1.2014360333738356,0.25,2014
LONG,2014-01-22,1836.5,1836.25,2014-01-24,1780.0,1780.25,{},3,3,ES,10,fixed_hold,0,4.5,-56.5,-56.58,0.0052919118505619644,-60.5,2014-01-21,0.003824091778202643,ENTERED,1.5283973532878121,0.0,2014
SHORT,2014-01-27,1780.25,1780.5,2014-01-29,1770.5,1770.25,{},3,3,ES,10,fixed_hold,0,-4.25,9.75,9.67,0.007599895435889812,14.5,2014-01-24,-0.03168343758498793,ENTERED,1.063838657773688,0.0,2014
SHORT,2014-01-30,1775.0,1775.25,2014-02-03,1736.75,1736.5,{},3,3,ES,10,fixed_hold,0,-6.0,38.25,38.17,0.008521974036638225,44.75,2014-01-29,-0.03908264350658153,ENTERED,0.9487311889214364,-5.75,2014
SHORT,2014-02-04,1739.25,1739.5,2014-02-06,1768.75,1768.5,{},3,3,ES,10,fixed_hold,0,0.25,-29.5,-29.58,0.009806948418410701,-29.25,2014-02-03,-0.05303340149965896,ENTERED,0.8248876601349393,0.0,2014
SHORT,2014-02-07,1768.0,1768.25,2014-02-11,1813.25,1813.0,{},3,3,ES,10,fixed_hold,0,2.5,-45.25,-45.33,0.010350986467842997,-47.25,2014-02-06,-0.03029472241261122,ENTERED,0.7835521362867446,1.75,2014
LONG,2014-02-12,1813.25,1813.0,2014-02-14,1833.75,1834.0,{},3,3,ES,10,fixed_hold,0,0.25,20.5,20.42,0.010554563198040488,20.75,2014-02-11,0.010309278350515427,ENTERED,0.7694558664265801,0.0,2014
LONG,2014-02-17,1836.5,1836.25,2014-02-19,1827.0,1827.25,{},3,3,ES,10,fixed_hold,0,-3.0,-9.5,-9.58,0.010609908293178878,-6.0,2014-02-14,0.032076533483399006,ENTERED,0.7660765902732024,0.0,2014
LONG,2014-02-20,1827.5,1827.25,2014-02-24,1844.25,1844.5,{},3,3,ES,10,fixed_hold,0,1.25,16.75,16.67,0.010678187777436017,16.0,2014-02-19,0.04668480595732438,ENTERED,0.7614911152693342,1.25,2014
LONG,2014-02-25,1845.5,1845.25,2014-02-27,1854.5,1854.75,{},3,3,ES,10,fixed_hold,0,-0.75,9.0,8.92,0.008860360572012808,10.25,2014-02-24,0.027290448343079587,ENTERED,0.9179564466670989,0.0,2014
LONG,2014-02-28,1853.25,1853.0,2014-03-04,1871.25,1871.5,{},3,3,ES,10,fixed_hold,1,0.75,36.5,36.42,0.0077313955875513915,36.25,2014-02-27,0.017137373183437887,ENTERED,1.0519996053455178,0.0,2014
LONG,2014-03-05,1869.75,1869.5,2014-03-07,1876.5,1876.75,{},3,3,ES,10,fixed_hold,0,0.25,6.75,6.67,0.005484326552018959,7.0,2014-03-04,0.028731281900736816,ENTERED,1.4823730857141149,0.0,2014
LONG,2014-03-10,1874.5,1874.25,2014-03-12,1869.5,1869.75,{},3,3,ES,10,fixed_hold,0,0.0,-5.0,-5.08,0.004440233497747668,-4.5,2014-03-07,0.0338677127626128,ENTERED,1.830534896976211,0.0,2014
LONG,2014-03-13,1869.75,1869.5,2014-03-17,1851.25,1851.5,{},3,3,ES,10,fixed_hold,0,-9.0,-18.5,-18.58,0.004628833839547207,-9.0,2014-03-12,0.0240076762225232,ENTERED,1.7529489977144515,-9.0,2014
LONG,2014-03-18,1851.5,1851.25,2014-03-20,1864.25,1864.5,{},3,3,ES,10,fixed_hold,0,0.25,12.75,12.67,0.0056781002324153,13.0,2014-03-17,0.004203389830508275,ENTERED,1.4283892900044097,0.0,2014
SHORT,2014-03-21,1864.0,1864.25,2014-03-25,1862.5,1862.25,{},3,3,ES,10,fixed_hold,0,-0.5,1.5,1.42,0.005925372720141688,2.5,2014-03-20,-0.006924101198402144,ENTERED,1.3650017388337234,-0.5,2014
SHORT,2014-03-26,1862.0,1862.25,2014-03-28,1850.25,1850.0,{},3,3,ES,10,fixed_hold,0,0.0,11.75,11.67,0.006084581030602975,12.25,2014-03-25,-0.0008048289738427084,ENTERED,1.3287788459177072,0.0,2014
LONG,2014-03-31,1857.75,1857.5,2014-04-02,1881.25,1881.5,{},3,3,ES,10,fixed_hold,0,0.0,23.5,23.42,0.00638159388192647,24.0,2014-03-28,0.005708072845882262,ENTERED,1.2666108086640038,0.0,2014
LONG,2014-04-03,1882.0,1881.75,2014-04-07,1840.75,1841.0,{},3,3,ES,10,fixed_hold,0,-3.25,-41.25,-41.33,0.0059013202061551405,-37.5,2014-04-02,0.015243491164171452,ENTERED,1.3669141110915035,-3.25,2014
SHORT,2014-04-08,1841.0,1841.25,2014-04-10,1828.25,1828.0,{},3,3,ES,10,fixed_hold,0,-1.25,12.75,12.67,0.006925559289266575,14.5,2014-04-07,-0.005536799459824326,ENTERED,1.1629847718835442,0.0,2014
SHORT,2014-04-11,1827.75,1828.0,2014-04-15,1841.25,1841.0,{},3,3,ES,10,fixed_hold,0,4.5,-13.5,-13.58,0.008164609656022786,-17.5,2014-04-10,-0.008138903960933197,ENTERED,0.986491740514774,4.25,2014
SHORT,2014-04-16,1840.75,1841.0,2014-04-21,1865.25,1865.0,{},3,3,ES,10,fixed_hold,0,-4.5,-24.5,-24.58,0.008470982914927294,-19.5,2014-04-15,-0.019571295433364777,ENTERED,0.9508902074796902,0.0,2014
LONG,2014-04-22,1865.0,1864.75,2014-04-24,1872.25,1872.5,{},3,3,ES,10,fixed_hold,0,0.0,7.25,7.17,0.008385162378703785,7.75,2014-04-21,0.0018802041364489597,ENTERED,0.9639641335844529,0.0,2014
LONG,2014-04-25,1872.75,1872.5,2014-04-29,1869.5,1869.75,{},3,3,ES,10,fixed_hold,0,0.25,-3.25,-3.33,0.008065546723745305,-3.0,2014-04-24,0.003617848050381678,ENTERED,1.0021634074173136,0.5,2014
LONG,2014-04-30,1870.0,1869.75,2014-05-02,1872.25,1872.5,{},3,3,ES,10,fixed_hold,0,0.0,2.25,2.17,0.008060799060842191,2.75,2014-04-29,0.024520547945205307,ENTERED,1.002866821434272,0.0,2014
LONG,2014-05-05,1875.25,1875.0,2014-05-07,1874.25,1874.5,{},3,3,ES,10,fixed_hold,0,0.0,-1.0,-1.08,0.007972367371376337,-0.5,2014-05-02,0.008075370121130465,ENTERED,1.0118196375175668,0.0,2014
SHORT,2014-05-08,1872.75,1873.0,2014-05-12,1894.25,1894.0,{},3,3,ES,10,fixed_hold,0,-1.75,-21.5,-21.58,0.007307401401741226,-19.25,2014-05-07,-0.0022621423819023656,ENTERED,1.1037503320706354,-1.5,2014
LONG,2014-05-13,1894.25,1894.0,2014-05-15,1867.5,1867.75,{},3,3,ES,10,fixed_hold,0,0.0,-26.75,-26.83,0.004815604896996688,-26.25,2014-05-12,0.01432588030526194,ENTERED,1.6726818071299225,0.0,2014
SHORT,2014-05-16,1867.25,1867.5,2014-05-20,1867.5,1867.25,{},3,3,ES,10,fixed_hold,0,-0.5,-0.25,-0.33,0.005064907683449728,0.75,2014-05-15,-0.005854956753160057,ENTERED,1.5902204923719006,-0.75,2014
LONG,2014-05-21,1867.5,1867.25,2014-05-23,1896.25,1896.5,{},3,3,ES,10,fixed_hold,0,0.0,28.75,28.67,0.005180049729121943,29.25,2014-05-20,0.002012342366514819,ENTERED,1.5536011541780341,0.0,2014
LONG,2014-05-26,1898.0,1897.75,2014-05-28,1908.25,1908.5,{},3,3,ES,10,fixed_hold,0,0.0,10.25,10.17,0.0053062854787829915,10.75,2014-05-23,0.011601546872916924,ENTERED,1.5157849759605744,0.0,2014
LONG,2014-05-29,1908.75,1908.5,2014-06-02,1920.5,1920.75,{},3,3,ES,10,fixed_hold,0,1.25,11.75,11.67,0.005246122633518132,11.0,2014-05-28,0.012601140734845862,ENTERED,1.530079749444586,1.5,2014
LONG,2014-06-03,1921.0,1920.75,2014-06-05,1939.0,1939.25,{},3,3,ES,10,fixed_hold,0,-0.25,18.0,17.92,0.005189681435286261,18.75,2014-06-02,0.021403881946290948,ENTERED,1.5398921076257717,0.0,2014
LONG,2014-06-06,1939.25,1939.0,2014-06-10,1949.0,1949.25,{},3,3,ES,10,fixed_hold,0,-1.0,9.75,9.67,0.004739651220786524,11.25,2014-06-05,0.025786828881247947,ENTERED,1.683191500872429,-1.25,2014
LONG,2014-06-11,1949.5,1949.25,2014-06-17,1933.5,1933.75,{},3,3,ES,10,fixed_hold,1,0.0,5.25,5.17,0.004404988380562811,5.75,2014-06-10,0.02095063506612571,ENTERED,1.8104950800814241,0.0,2014
LONG,2014-06-18,1934.0,1933.75,2014-06-20,1953.5,1953.75,{},3,3,ES,10,fixed_hold,0,0.0,19.5,19.42,0.0034399893686328205,20.0,2014-06-17,0.018821673919588333,ENTERED,2.3175558169079027,0.0,2014
LONG,2014-06-23,1954.25,1954.0,2014-06-25,1949.25,1949.5,{},3,3,ES,10,fixed_hold,0,0.0,-5.0,-5.08,0.0025530047045783416,-4.5,2014-06-20,0.02575090281295256,ENTERED,3.1188124771522245,0.0,2014
LONG,2014-06-26,1949.75,1949.5,2014-06-30,1954.5,1954.75,{},3,3,ES,10,fixed_hold,0,1.0,4.75,4.67,0.0030859833297075894,4.25,2014-06-25,0.011180113742961906,ENTERED,2.57677642398279,1.25,2014
LONG,2014-07-01,1955.0,1954.75,2014-07-03,1976.75,1977.0,{},3,3,ES,10,fixed_hold,0,0.25,21.75,21.67,0.0029902993284505216,22.0,2014-06-30,0.012955045990413083,ENTERED,2.6584593091094826,0.0,2014
LONG,2014-07-04,1977.0,1976.75,2014-07-08,1960.0,1960.25,{},3,3,ES,10,fixed_hold,0,1.25,-17.0,-17.08,0.003240010440504452,-17.75,2014-07-03,0.014236244709503909,ENTERED,2.447935796132463,1.25,2014
LONG,2014-07-09,1960.5,1960.25,2014-07-11,1962.5,1962.75,{},3,3,ES,10,fixed_hold,0,-0.25,2.0,1.92,0.0033545749854449335,2.75,2014-07-08,0.009267602007980491,ENTERED,2.3641412891174345,0.0,2014
LONG,2014-07-14,1964.25,1964.0,2014-07-16,1971.5,1971.75,{},3,3,ES,10,fixed_hold,0,0.5,7.25,7.17,0.003554320202130777,7.25,2014-07-11,0.005378409527468264,ENTERED,2.229344357043379,0.0,2014
LONG,2014-07-17,1972.0,1971.75,2014-07-21,1965.5,1965.75,{},3,3,ES,10,fixed_hold,0,0.25,-6.5,-6.58,0.003241402165712299,-6.25,2014-07-16,0.0024148449415353213,ENTERED,2.443149290042078,0.0,2014
SHORT,2014-07-22,1965.75,1966.0,2014-07-24,1979.0,1978.75,{},3,3,ES,10,fixed_hold,0,-0.5,-13.25,-13.33,0.004997998015576341,-12.25,2014-07-21,-0.00215736040609138,ENTERED,1.5838780392932537,0.0,2014
LONG,2014-07-25,1979.0,1978.75,2014-07-29,1964.25,1964.5,{},3,3,ES,10,fixed_hold,0,-2.5,-14.75,-14.83,0.004914462073643502,-11.75,2014-07-24,0.010726599412591131,ENTERED,1.610248001120308,-2.5,2014
SHORT,2014-07-30,1964.5,1964.75,2014-08-01,1917.25,1917.0,{},3,3,ES,10,fixed_hold,0,0.25,47.25,47.17,0.004952934093860024,47.5,2014-07-29,-0.0017784552845527823,ENTERED,1.595447660074515,0.0,2014
SHORT,2014-08-04,1920.5,1920.75,2014-08-06,1916.25,1916.0,{},3,3,ES,10,fixed_hold,0,0.0,4.25,4.17,0.00631627111852718,4.75,2014-08-01,-0.027520608750792985,ENTERED,1.2457094282960768,0.0,2014
SHORT,2014-08-07,1916.0,1916.25,2014-08-11,1934.25,1934.0,{},3,3,ES,10,fixed_hold,0,-4.25,-18.25,-18.33,0.006674240068435236,-13.5,2014-08-06,-0.032811711256941156,ENTERED,1.1750446693218746,-4.25,2014
SHORT,2014-08-12,1933.75,1934.0,2014-08-14,1952.75,1952.5,{},3,3,ES,10,fixed_hold,0,0.0,-19.0,-19.08,0.007100971021209265,-18.5,2014-08-11,-0.01976685250886967,ENTERED,1.104138430228389,0.0,2014
LONG,2014-08-15,1952.5,1952.25,2014-08-19,1976.5,1976.75,{},3,3,ES,10,fixed_hold,0,5.25,24.0,23.92,0.006852628382341375,19.25,2014-08-14,0.012444905366865822,ENTERED,1.1436402728286788,5.25,2014
LONG,2014-08-20,1977.0,1976.75,2014-08-22,1987.5,1987.75,{},3,3,ES,10,fixed_hold,0,0.0,10.5,10.42,0.006531380346155517,11.0,2014-08-19,0.03197598538240687,ENTERED,1.1989632802143895,0.0,2014
LONG,2014-08-25,1990.25,1990.0,2014-08-27,1996.5,1996.75,{},3,3,ES,10,fixed_hold,0,-0.25,6.25,6.17,0.006492413476460175,7.0,2014-08-22,0.033536981671649535,ENTERED,1.2057207069585403,0.0,2014
LONG,2014-08-28,1997.0,1996.75,2014-09-01,2000.5,2000.75,{},3,3,ES,10,fixed_hold,0,1.0,3.5,3.42,0.006443918929258118,3.0,2014-08-27,0.027002700270027047,ENTERED,1.2135726634072386,1.25,2014
LONG,2014-09-02,2001.0,2000.75,2014-09-04,1998.5,1998.75,{},3,3,ES,10,fixed_hold,0,-0.25,-2.5,-2.58,0.004130871245291453,-1.75,2014-09-01,0.016253968253967965,ENTERED,1.8881801930319129,0.0,2014
LONG,2014-09-05,1999.0,1998.75,2014-09-09,1987.5,1987.75,{},3,3,ES,10,fixed_hold,0,-1.5,-11.5,-11.58,0.0030867372662459797,-9.5,2014-09-04,0.0042708202487125035,ENTERED,2.522647460801809,-1.5,2014
SHORT,2014-09-10,1987.5,1987.75,2014-09-12,1984.25,1984.0,{},3,3,ES,10,fixed_hold,0,-0.25,3.25,3.17,0.003326211424087578,4.0,2014-09-09,-0.005503439649781616,ENTERED,2.3388237232483355,0.0,2014
SHORT,2014-09-15,1969.25,1969.5,2014-09-17,1994.25,1994.0,{},3,3,ES,10,fixed_hold,0,-0.5,-25.0,-25.08,0.003519792612354606,-24.0,2014-09-12,-0.007379612257661372,ENTERED,2.209200080727808,0.0,2014
SHORT,2014-09-18,1993.75,1994.0,2014-09-22,1983.75,1983.5,{},3,3,ES,10,fixed_hold,0,-2.5,10.0,9.92,0.0034703401158074085,13.0,2014-09-17,-0.0022516887665754437,ENTERED,2.2315651927724383,-2.5,2014
SHORT,2014-09-26,1963.25,1963.5,2014-09-30,1961.5,1961.25,{},3,3,ES,10,fixed_hold,0,2.5,1.75,1.67,0.004171336349336747,-0.25,2014-09-22,-0.008250000000000535,ENTERED,1.8557044777529526,2.25,2014
SHORT,2014-10-01,1961.0,1961.25,2014-10-03,1960.0,1959.75,{},3,3,ES,10,fixed_hold,0,0.0,1.0,0.92,0.004456912455329659,1.5,2014-09-30,-0.007898306588989712,ENTERED,1.7346976556171851,0.0,2014
SHORT,2014-10-06,1963.0,1963.25,2014-10-08,1960.0,1959.75,{},3,3,ES,10,fixed_hold,0,0.0,3.0,2.92,0.005565403473237477,3.5,2014-10-03,-0.00591925538389193,ENTERED,1.388840478272813,0.0,2014
SHORT,2014-10-09,1959.5,1959.75,2014-10-13,1871.75,1871.5,{},3,3,ES,10,fixed_hold,0,8.5,87.75,87.67,0.007295167115544273,79.75,2014-10-08,-0.01026781507162644,ENTERED,1.0573445230940544,8.5,2014
SHORT,2014-10-14,1871.0,1871.25,2014-10-16,1856.75,1856.5,{},3,3,ES,10,fixed_hold,0,-4.25,14.25,14.17,0.0091077860082783,19.0,2014-10-13,-0.049758822036049866,ENTERED,0.8486648252963794,0.0,2014
SHORT,2014-10-17,1856.25,1856.5,2014-10-21,1936.5,1936.25,{},3,3,ES,10,fixed_hold,0,-4.25,-80.25,-80.33,0.009796432615776472,-75.5,2014-10-16,-0.04279453467388494,ENTERED,0.7892052026265681,-9.75,2014
LONG,2014-10-22,1936.5,1936.25,2014-10-24,1960.25,1960.5,{},3,3,ES,10,fixed_hold,0,0.0,23.75,23.67,0.01131776536002018,24.25,2014-10-21,0.004018667358050454,ENTERED,0.6839484028377183,0.0,2014
LONG,2014-10-27,1962.75,1962.5,2014-10-29,1970.25,1970.5,{},3,3,ES,10,fixed_hold,0,0.25,7.5,7.42,0.011571741700532507,7.75,2014-10-24,0.03497426422066785,ENTERED,0.6692415376987986,0.0,2014
LONG,2014-10-30,1970.5,1970.25,2014-11-03,2011.0,2011.25,{},3,3,ES,10,fixed_hold,0,1.75,40.5,40.42,0.011461471137956215,39.25,2014-10-29,0.06686518678938858,ENTERED,0.6784404924781343,2.0,2014
LONG,2014-11-04,2009.5,2009.25,2014-11-06,2028.25,2028.5,{},3,3,ES,10,fixed_hold,0,-2.75,18.75,18.67,0.011561744578853237,22.0,2014-11-03,0.056467498358503176,ENTERED,0.672858852237961,0.0,2014
LONG,2014-11-07,2029.0,2028.75,2014-11-11,2036.25,2036.5,{},3,3,ES,10,fixed_hold,0,-1.0,7.25,7.17,0.009140627948534286,8.75,2014-11-06,0.04199306536535263,ENTERED,0.8518834778858223,1.0,2014
LONG,2014-11-12,2035.75,2035.5,2014-11-14,2039.0,2039.25,{},3,3,ES,10,fixed_hold,0,-0.25,3.25,3.17,0.007723855703337487,4.0,2014-11-11,0.030878258668691316,ENTERED,1.0074846708111094,0.0,2014
LONG,2014-11-17,2035.5,2035.25,2014-11-19,2047.25,2047.5,{},3,3,ES,10,fixed_hold,0,-0.25,11.75,11.67,0.006015989899356814,12.5,2014-11-14,0.014930944382232303,ENTERED,1.2931242102031084,0.0,2014
LONG,2014-11-20,2048.0,2047.75,2014-11-24,2067.25,2067.5,{},3,3,ES,10,fixed_hold,0,0.25,19.25,19.17,0.004437626095748059,19.5,2014-11-19,0.014241486068111486,ENTERED,1.7480563799079591,0.25,2014
LONG,2014-11-25,2068.75,2068.5,2014-11-27,2070.75,2071.0,{},3,3,ES,10,fixed_hold,0,0.0,2.0,1.92,0.0038675288076179897,2.5,2014-11-24,0.01634509032813103,ENTERED,2.0023872076307536,0.0,2014
LONG,2014-11-28,2071.25,2071.0,2014-12-02,2066.25,2066.5,{},3,3,ES,10,fixed_hold,0,-7.75,-5.0,-5.08,0.0030354632955453546,3.25,2014-11-27,0.01769041769041757,ENTERED,2.5474960752667366,-8.25,2014
LONG,2014-12-03,2067.0,2066.75,2014-12-05,2076.25,2076.5,{},3,3,ES,10,fixed_hold,0,0.25,9.25,9.17,0.0034822309656150066,9.5,2014-12-02,0.009279609279609469,ENTERED,2.2202420413506165,0.0,2014
LONG,2014-12-08,2076.25,2076.0,2014-12-10,2025.75,2026.0,{},3,3,ES,10,fixed_hold,0,1.0,-50.5,-50.58,0.003188227147323669,-51.0,2014-12-05,0.007154116648478093,ENTERED,2.4233968817377765,0.0,2014
SHORT,2014-12-11,2025.75,2026.0,2014-12-15,1986.5,1986.25,{},3,3,ES,10,fixed_hold,0,8.5,39.25,39.17,0.0051785241804630615,31.25,2014-12-10,-0.022554577252442587,ENTERED,1.4915167785596442,9.0,2014
SHORT,2014-12-16,1986.0,1986.25,2014-12-18,2061.5,2061.25,{},3,3,ES,10,fixed_hold,0,0.0,-75.5,-75.58,0.006198480319274792,-75.0,2014-12-15,-0.03145190783859553,ENTERED,1.2443818826491366,0.0,2014
SHORT,2014-12-19,2059.0,2059.25,2014-12-23,2079.25,2079.0,{},3,3,ES,10,fixed_hold,0,-4.25,-20.25,-20.33,0.01009589317720122,-15.5,2014-12-18,-0.005068179075660706,ENTERED,0.7640240302953485,-3.5,2014
LONG,2014-12-24,2079.0,2078.75,2014-12-26,2085.25,2085.5,{},3,3,ES,10,fixed_hold,0,0.75,6.25,6.17,0.010076476579380851,6.0,2014-12-23,0.010081379812947988,ENTERED,0.7665234611017256,0.0,2014
LONG,2014-12-29,2085.25,2085.0,2015-01-01,2058.75,2059.0,{},3,3,ES,10,fixed_hold,1,0.25,-5.5,-5.58,0.010060801576032499,-5.25,2014-12-26,0.04301075268817156,ENTERED,0.7682745319186031,0.0,2014
LONG,2015-01-02,2059.25,2059.0,2015-01-06,1996.5,1996.75,{},3,3,ES,10,fixed_hold,0,-3.75,-62.75,-62.83,0.009821206245661239,-58.5,2015-01-01,0.036522175613508345,ENTERED,0.7872144616621739,-6.0,2015
SHORT,2015-01-07,1996.75,1997.0,2015-01-09,2033.75,2033.5,{},3,3,ES,10,fixed_hold,0,-1.0,-37.0,-37.08,0.010483538604542354,-35.5,2015-01-06,-0.026704586477420356,ENTERED,0.7383735429107784,0.0,2015
SHORT,2015-01-12,2033.0,2033.25,2015-01-14,2010.0,2009.75,{},3,3,ES,10,fixed_hold,0,-0.25,23.0,22.92,0.011163217871703511,23.75,2015-01-09,-0.013313980801727965,ENTERED,0.6937327837296706,0.0,2015
SHORT,2015-01-15,2009.5,2009.75,2015-01-19,2010.25,2010.0,{},3,3,ES,10,fixed_hold,0,3.75,-0.75,-0.83,0.010354677163593402,-4.0,2015-01-14,-0.02201946472019478,ENTERED,0.7509578522350033,3.5,2015
SHORT,2015-01-20,2009.5,2009.75,2015-01-22,2056.25,2056.0,{},3,3,ES,10,fixed_hold,0,0.0,-46.75,-46.83,0.008867004107445672,-46.25,2015-01-19,-0.003964321110009994,ENTERED,0.8773450528418313,0.0,2015
LONG,2015-01-23,2056.0,2055.75,2015-01-27,2034.75,2035.0,{},3,3,ES,10,fixed_hold,1,-1.0,-4.5,-4.58,0.009518802244339961,-3.0,2015-01-22,0.0009737098344690942,ENTERED,0.8180388379733247,0.0,2015
LONG,2015-01-28,2035.5,2035.25,2015-01-30,1989.5,1989.75,{},3,3,ES,10,fixed_hold,0,-0.25,-46.0,-46.08,0.010341543991414764,-45.25,2015-01-27,0.017515624398735108,ENTERED,0.7542228966776698,0.0,2015
SHORT,2015-02-02,1987.0,1987.25,2015-02-04,2024.25,2024.0,{},3,3,ES,10,fixed_hold,0,2.5,-37.25,-37.33,0.011718927438128985,-39.25,2015-01-30,-0.003874754953666293,ENTERED,0.6673105451883098,0.0,2015
LONG,2015-02-05,2022.5,2022.25,2015-02-09,2043.5,2043.75,{},3,3,ES,10,fixed_hold,0,-11.5,21.0,20.92,0.01164559637118363,33.0,2015-02-04,0.006897415218503955,ENTERED,0.6721886211061506,-11.5,2015
SHORT,2015-02-10,2044.5,2044.75,2015-02-12,2082.75,2082.5,{},3,3,ES,10,fixed_hold,0,6.75,-38.25,-38.33,0.011317789509768956,-44.5,2015-02-09,-0.005232416646386073,ENTERED,0.6919094225418471,0.0,2015
LONG,2015-02-13,2083.0,2082.75,2015-02-17,2096.25,2096.5,{},3,3,ES,10,fixed_hold,0,-5.5,13.25,13.17,0.01063463051459002,19.25,2015-02-12,0.03209019947961811,ENTERED,0.7369265704175302,-5.25,2015
LONG,2015-02-18,2097.0,2096.75,2015-02-20,2107.0,2107.25,{},3,3,ES,10,fixed_hold,0,0.25,10.0,9.92,0.010231655943056367,10.25,2015-02-17,0.02719255267025944,ENTERED,0.7662938472609745,0.0,2015
LONG,2015-02-23,2107.5,2107.25,2015-02-25,2109.5,2109.75,{},3,3,ES,10,fixed_hold,0,0.0,2.0,1.92,0.009706560232992928,2.5,2015-02-20,0.024927042801556443,ENTERED,0.8079618346705624,0.0,2015
LONG,2015-02-26,2110.25,2110.0,2015-03-02,2114.0,2114.25,{},3,3,ES,10,fixed_hold,0,2.75,3.75,3.67,0.007588432116598735,1.5,2015-02-25,0.0176052092125889,ENTERED,1.0344914154068723,2.5,2015
LONG,2015-03-03,2114.25,2114.0,2015-03-05,2099.25,2099.5,{},3,3,ES,10,fixed_hold,0,0.25,-15.0,-15.08,0.006015282797649519,-14.75,2015-03-02,0.014393666786613801,ENTERED,1.3034225089997344,0.0,2015
LONG,2015-03-06,2100.25,2100.0,2015-03-10,2046.25,2046.5,{},3,3,ES,10,fixed_hold,0,-4.0,-54.0,-54.08,0.0043606115579142395,-49.5,2015-03-05,0.002267573696144609,ENTERED,1.7975079657611408,-2.5,2015
SHORT,2015-03-11,2046.25,2046.5,2015-03-13,2051.0,2050.75,{},3,3,ES,10,fixed_hold,0,-0.25,-4.75,-4.83,0.005929611879144027,-4.0,2015-03-10,-0.03181549379065651,ENTERED,1.3206404337689712,0.0,2015
SHORT,2015-03-16,2038.75,2039.0,2015-03-18,2095.25,2095.0,{},3,3,ES,10,fixed_hold,0,0.0,-56.5,-56.58,0.0065027219176169585,-56.0,2015-03-13,-0.02554050843430744,ENTERED,1.2041286363615975,0.0,2015
SHORT,2015-03-19,2095.0,2095.25,2015-03-23,2096.25,2096.0,{},3,3,ES,10,fixed_hold,0,-3.0,-1.25,-1.33,0.007294510670773549,2.25,2015-03-18,-0.00023860653781926366,ENTERED,1.0720614734436742,-2.75,2015
LONG,2015-03-24,2096.0,2095.75,2015-03-26,2049.5,2049.75,{},3,3,ES,10,fixed_hold,0,-0.25,-46.5,-46.58,0.0076594873550399544,-45.75,2015-03-23,0.008662175168431041,ENTERED,1.020906948296281,0.0,2015
SHORT,2015-03-27,2049.75,2050.0,2015-03-31,2058.0,2057.75,{},3,3,ES,10,fixed_hold,0,1.0,-8.25,-8.33,0.008267998468816859,-8.75,2015-03-26,-0.00798548094373841,ENTERED,0.9457698729190465,0.75,2015
SHORT,2015-04-01,2058.75,2059.0,2015-04-03,2040.0,2039.75,{},3,3,ES,10,fixed_hold,0,2.5,18.75,18.67,0.008814958641784481,16.75,2015-03-31,-0.004475084663763784,ENTERED,0.8880401695361813,0.0,2015
SHORT,2015-04-06,2043.5,2043.75,2015-04-08,2076.75,2076.5,{},3,3,ES,10,fixed_hold,0,0.0,-33.25,-33.33,0.008557024570901036,-32.75,2015-04-03,-0.028574830336944634,ENTERED,0.9150509748360213,0.0,2015
LONG,2015-04-09,2076.5,2076.25,2015-04-13,2086.5,2086.75,{},3,3,ES,10,fixed_hold,0,0.5,10.0,9.92,0.008568277709974524,10.0,2015-04-08,0.010093639790830666,ENTERED,0.9146461001901559,0.25,2015
LONG,2015-04-14,2086.75,2086.5,2015-04-16,2100.75,2101.0,{},3,3,ES,10,fixed_hold,0,-0.25,14.0,13.92,0.00788309532310687,14.75,2015-04-13,0.005178227360308707,ENTERED,0.9943091754790241,0.0,2015
LONG,2015-04-17,2101.25,2101.0,2015-04-21,2093.0,2093.25,{},3,3,ES,10,fixed_hold,0,5.25,-8.25,-8.33,0.007175894595165386,-13.0,2015-04-16,0.020522161505768022,ENTERED,1.0923006054494997,5.25,2015
LONG,2015-04-22,2093.25,2093.0,2015-04-24,2111.5,2111.75,{},3,3,ES,10,fixed_hold,0,-0.25,18.25,18.17,0.007491617326767773,19.0,2015-04-21,0.012209864603481613,ENTERED,1.0452863330558042,0.0,2015
LONG,2015-04-27,2112.5,2112.25,2015-04-29,2096.75,2097.0,{},3,3,ES,10,fixed_hold,0,0.0,-15.75,-15.83,0.006627768956252238,-15.25,2015-04-24,0.007634498389598177,ENTERED,1.1814101739186793,0.0,2015
SHORT,2015-04-30,2096.75,2097.0,2015-05-04,2109.5,2109.25,{},3,3,ES,10,fixed_hold,0,2.25,-12.75,-12.83,0.006068757243558797,-14.5,2015-04-29,-0.0019038553069971043,ENTERED,1.2885939483013906,2.25,2015
LONG,2015-05-05,2109.25,2109.0,2015-05-07,2085.0,2085.25,{},3,3,ES,10,fixed_hold,0,0.0,-24.25,-24.33,0.005361867228749942,-23.75,2015-05-04,0.008125224041103829,ENTERED,1.458377003298317,0.0,2015
SHORT,2015-05-08,2084.75,2085.0,2015-05-12,2098.5,2098.25,{},3,3,ES,10,fixed_hold,0,-2.0,-13.75,-13.83,0.006148575314251174,-11.25,2015-05-07,-0.010205292512163289,ENTERED,1.266431576240044,-2.0,2015
SHORT,2015-05-13,2098.0,2098.25,2015-05-15,2120.25,2120.0,{},3,3,ES,10,fixed_hold,0,0.0,-22.25,-22.33,0.0065518701652508525,-21.75,2015-05-12,-0.005686530031986714,ENTERED,1.1877015301586855,0.0,2015
LONG,2015-05-18,2118.0,2117.75,2015-05-20,2117.25,2117.5,{},3,3,ES,10,fixed_hold,0,0.0,-0.75,-0.83,0.006186697348001564,-0.25,2015-05-15,0.008443334522535428,ENTERED,1.2568783772606444,0.0,2015
LONG,2015-05-21,2117.5,2117.25,2015-05-25,2122.25,2122.5,{},3,3,ES,10,fixed_hold,0,0.25,4.75,4.67,0.0060564906369170645,5.0,2015-05-20,0.021466473709599976,ENTERED,1.2808111286484378,0.5,2015
LONG,2015-05-26,2122.75,2122.5,2015-05-28,2121.25,2121.5,{},3,3,ES,10,fixed_hold,0,0.0,-1.5,-1.58,0.006057635403204354,-1.0,2015-05-25,0.012280910933587741,ENTERED,1.2778529948473232,0.0,2015
LONG,2015-05-29,2122.0,2121.75,2015-06-02,2107.75,2108.0,{},3,3,ES,10,fixed_hold,0,1.25,-14.25,-14.33,0.006159974931273061,-15.0,2015-05-28,0.00212564950401517,ENTERED,1.2553347892310185,1.25,2015
SHORT,2015-06-03,2107.75,2108.0,2015-06-05,2091.75,2091.5,{},3,3,ES,10,fixed_hold,0,-0.25,16.0,15.92,0.005472132821073126,16.75,2015-06-02,-0.007649758738378365,ENTERED,1.4125127942410776,0.0,2015
SHORT,2015-06-08,2091.5,2091.75,2015-06-10,2104.25,2104.0,{},3,3,ES,10,fixed_hold,0,0.25,-12.75,-12.83,0.004942138893748897,-12.5,2015-06-05,-0.015533066603906853,ENTERED,1.5633594872998462,0.0,2015
SHORT,2015-06-11,2103.75,2104.0,2015-06-15,2073.75,2073.5,{},3,3,ES,10,fixed_hold,0,16.5,30.0,29.92,0.005523616455611252,14.0,2015-06-10,-0.007781183683093995,ENTERED,1.396459196011103,16.25,2015
SHORT,2015-06-16,2073.5,2073.75,2015-06-18,2113.25,2113.0,{},3,3,ES,10,fixed_hold,0,0.25,-39.75,-39.83,0.005508294701335,-39.5,2015-06-15,-0.017764092846991986,ENTERED,1.400302094837697,0.0,2015
LONG,2015-06-19,2113.25,2113.0,2015-06-23,2117.25,2117.5,{},3,3,ES,10,fixed_hold,0,9.5,4.0,3.92,0.006330775245651705,-5.0,2015-06-18,0.006789755807027564,ENTERED,1.2171230835661913,9.75,2015
LONG,2015-06-24,2117.75,2117.5,2015-06-26,2095.25,2095.5,{},3,3,ES,10,fixed_hold,0,0.25,-22.5,-22.58,0.006585600480442024,-22.25,2015-06-23,0.017173051519154603,ENTERED,1.1692353541969909,0.0,2015
LONG,2015-06-29,2061.5,2061.25,2015-07-01,2069.75,2070.0,{},3,3,ES,10,fixed_hold,1,0.0,-8.25,-8.33,0.006386310368438136,-7.75,2015-06-26,0.001074883554281758,ENTERED,1.2047513518642472,0.0,2015
SHORT,2015-07-02,2069.75,2070.0,2015-07-06,2069.0,2068.75,{},3,3,ES,10,fixed_hold,1,0.0,-24.5,-24.58,0.006319055557471297,-24.0,2015-07-01,-0.0007737841924246869,ENTERED,1.216352666132403,0.0,2015
SHORT,2015-07-07,2068.75,2069.0,2015-07-09,2057.5,2057.25,{},3,3,ES,10,fixed_hold,0,0.0,11.25,11.17,0.00660374900502125,11.75,2015-07-06,-0.0020436733380990724,ENTERED,1.1602718725768315,0.0,2015
LONG,2015-07-10,2057.25,2057.0,2015-07-14,2099.5,2099.75,{},3,3,ES,10,fixed_hold,0,-10.75,42.25,42.17,0.006912250985202398,53.5,2015-07-09,0.0028327390907305627,ENTERED,1.1084539132183484,-10.5,2015
LONG,2015-07-15,2100.0,2099.75,2015-07-17,2119.5,2119.75,{},3,3,ES,10,fixed_hold,0,0.0,19.5,19.42,0.006704606459701626,20.0,2015-07-14,0.026172955271949405,ENTERED,1.1415372562428674,0.0,2015
LONG,2015-07-20,2118.75,2118.5,2015-07-22,2110.25,2110.5,{},3,3,ES,10,fixed_hold,0,-0.25,-8.5,-8.58,0.006015777446523108,-7.75,2015-07-17,0.038202522346026946,ENTERED,1.2719177917524316,0.0,2015
LONG,2015-07-23,2110.5,2110.25,2015-07-27,2065.5,2065.75,{},3,3,ES,10,fixed_hold,0,-1.25,-45.0,-45.08,0.0056808502381952754,-43.25,2015-07-22,0.03228173147468838,ENTERED,1.344996174354955,-1.75,2015
SHORT,2015-07-28,2065.75,2066.0,2015-07-30,2102.25,2102.0,{},3,3,ES,10,fixed_hold,0,-0.25,-36.5,-36.58,0.006406701867403783,-35.75,2015-07-27,-0.013373134328358405,ENTERED,1.1915496462874038,0.0,2015
SHORT,2015-07-31,2102.0,2102.25,2015-08-04,2083.75,2083.5,{},3,3,ES,10,fixed_hold,0,-0.25,18.25,18.17,0.006833928570753721,19.0,2015-07-30,-0.007202739402526692,ENTERED,1.1167297485035885,-0.75,2015
SHORT,2015-08-05,2083.5,2083.75,2015-08-07,2072.75,2072.5,{},3,3,ES,10,fixed_hold,0,0.0,10.75,10.67,0.006433418268655267,11.25,2015-08-04,-0.011270613358642878,ENTERED,1.185248995415916,0.0,2015
SHORT,2015-08-10,2073.75,2074.0,2015-08-12,2082.25,2082.0,{},3,3,ES,10,fixed_hold,0,0.5,-8.5,-8.58,0.005794081018264702,-8.5,2015-08-07,-0.0030066145520143417,ENTERED,1.3130162211702703,0.0,2015
SHORT,2015-08-13,2082.0,2082.25,2015-08-17,2099.25,2099.0,{},3,3,ES,10,fixed_hold,0,0.0,-17.25,-17.33,0.006239579763943875,-16.75,2015-08-12,-0.007862759113652418,ENTERED,1.2186652386864043,0.0,2015
LONG,2015-08-18,2099.25,2099.0,2015-08-20,2027.5,2027.75,{},3,3,ES,10,fixed_hold,0,0.0,-71.75,-71.83,0.006342829992511426,-71.25,2015-08-17,0.005268199233716686,ENTERED,1.197619106722007,0.0,2015
SHORT,2015-08-21,2027.75,2028.0,2015-08-25,1851.0,1850.75,{},3,3,ES,10,fixed_hold,0,9.25,176.75,176.67,0.008063324568319602,168.0,2015-08-20,-0.02465127465127437,ENTERED,0.942079699925084,9.5,2015
SHORT,2015-08-26,1850.5,1850.75,2015-08-28,1986.5,1986.25,{},3,3,ES,10,fixed_hold,0,0.0,-136.0,-136.08,0.013009268717415855,-135.5,2015-08-25,-0.11171106311495071,ENTERED,0.5841908258621508,0.0,2015
SHORT,2015-08-31,1967.5,1967.75,2015-09-02,1952.75,1952.5,{},3,3,ES,10,fixed_hold,0,-0.25,14.75,14.67,0.018875405953377902,15.5,2015-08-28,-0.04952745543725312,ENTERED,0.40304946990530016,0.0,2015
SHORT,2015-09-03,1952.0,1952.25,2015-09-07,1939.0,1938.75,{},3,3,ES,10,fixed_hold,0,-7.5,13.0,12.92,0.01970404832121859,21.0,2015-09-02,-0.04996065288618967,ENTERED,0.3867120395729201,-7.75,2015
LONG,2015-09-08,1939.25,1939.0,2015-09-10,1948.0,1948.25,{},3,3,ES,10,fixed_hold,0,-0.25,8.75,8.67,0.019788518307904165,9.5,2015-09-07,0.035711751032770245,ENTERED,0.38566057424627725,0.0,2015
SHORT,2015-09-11,1948.0,1948.25,2015-09-15,1970.0,1969.75,{},3,3,ES,10,fixed_hold,0,-3.75,-22.0,-22.08,0.02047339235132886,-17.75,2015-09-10,-0.011154409159449763,ENTERED,0.3728422229889836,-2.0,2015
LONG,2015-09-16,1969.75,1969.5,2015-09-18,1950.0,1950.25,{},3,3,ES,10,fixed_hold,0,0.25,-19.75,-19.83,0.020823733884681502,-19.5,2015-09-15,0.026446065659197604,ENTERED,0.3669237169361255,0.0,2015
LONG,2015-09-21,1948.5,1948.25,2015-09-23,1929.25,1929.5,{},3,3,ES,10,fixed_hold,0,0.0,-19.25,-19.33,0.01940023541308276,-18.75,2015-09-18,0.016814389989572742,ENTERED,0.3938842416765324,0.0,2015
SHORT,2015-09-24,1929.25,1929.5,2015-09-28,1878.0,1877.75,{},3,3,ES,10,fixed_hold,0,4.5,51.25,51.17,0.012746051542841082,47.25,2015-09-23,-0.003871966959215656,ENTERED,0.6004650174582636,4.75,2015
SHORT,2015-09-29,1877.25,1877.5,2015-10-01,1916.25,1916.0,{},3,3,ES,10,fixed_hold,0,0.0,-39.0,-39.08,0.012144559830921555,-38.5,2015-09-28,-0.03407921810699621,ENTERED,0.6306928749725412,0.0,2015
SHORT,2015-10-02,1915.75,1916.0,2015-10-06,1964.75,1964.5,{},3,3,ES,10,fixed_hold,0,1.0,-49.0,-49.08,0.011432612473873992,-49.5,2015-10-01,-0.030609663546673604,ENTERED,0.6702006423810009,1.0,2015
LONG,2015-10-07,1965.0,1964.75,2015-10-09,2006.25,2006.5,{},3,3,ES,10,fixed_hold,0,-0.25,41.25,41.17,0.011136543146280367,42.0,2015-10-06,0.01932805811389282,ENTERED,0.6884451357476579,0.0,2015
LONG,2015-10-12,2002.75,2002.5,2015-10-14,1987.5,1987.75,{},3,3,ES,10,fixed_hold,0,0.0,-15.25,-15.33,0.010790089743454395,-14.75,2015-10-09,0.047643910716616666,ENTERED,0.7130539441961428,0.0,2015
LONG,2015-10-15,1988.0,1987.75,2015-10-19,2025.25,2025.5,{},3,3,ES,10,fixed_hold,0,-3.25,37.25,37.17,0.01028567256811381,41.0,2015-10-14,0.04412344057780726,ENTERED,0.7481492102334006,-3.0,2015
LONG,2015-10-20,2025.75,2025.5,2015-10-22,2058.75,2059.0,{},3,3,ES,10,fixed_hold,0,0.0,33.0,32.92,0.010312106146433419,33.5,2015-10-19,0.026739323279685756,ENTERED,0.7472123132690123,0.0,2015
LONG,2015-10-23,2059.5,2059.25,2015-10-27,2060.5,2060.75,{},3,3,ES,10,fixed_hold,0,-1.25,1.0,0.92,0.010523050208774963,2.75,2015-10-22,0.027060730764434382,ENTERED,0.7325561728301606,-1.25,2015
LONG,2015-10-28,2060.75,2060.5,2015-10-30,2073.75,2074.0,{},3,3,ES,10,fixed_hold,0,0.0,13.0,12.92,0.008860343647308559,13.5,2015-10-27,0.03412369840672458,ENTERED,0.8705649918013804,0.0,2015
LONG,2015-11-02,2068.75,2068.5,2015-11-04,2096.0,2096.25,{},3,3,ES,10,fixed_hold,0,0.5,27.25,27.17,0.008548900038440695,27.25,2015-10-30,0.023565700185071092,ENTERED,0.9034911706309184,0.0,2015
LONG,2015-11-05,2093.75,2093.5,2015-11-09,2072.0,2072.25,{},3,3,ES,10,fixed_hold,0,-0.25,-21.75,-21.83,0.007925537206793176,-21.0,2015-11-04,0.04278074866310133,ENTERED,0.9752597735491293,-0.5,2015
LONG,2015-11-10,2073.0,2072.75,2015-11-12,2040.25,2040.5,{},3,3,ES,10,fixed_hold,0,1.0,-32.75,-32.83,0.008316064047836337,-33.25,2015-11-09,0.004483761512360296,ENTERED,0.9296940888235385,0.0,2015
SHORT,2015-11-13,2042.5,2042.75,2015-11-17,2050.0,2049.75,{},3,3,ES,10,fixed_hold,0,9.75,-7.5,-7.58,0.007857419111464859,-16.75,2015-11-12,-0.021225566614701985,ENTERED,0.9851539585540505,8.0,2015
SHORT,2015-11-18,2047.5,2047.75,2015-11-20,2089.0,2088.75,{},3,3,ES,10,fixed_hold,0,2.5,-41.5,-41.58,0.009308875687496712,-43.5,2015-11-17,-0.025089179548156926,ENTERED,0.8319254085559966,0.0,2015
SHORT,2015-11-23,2090.75,2091.0,2015-11-25,2089.75,2089.5,{},3,3,ES,10,fixed_hold,0,-0.25,1.0,0.92,0.008270755435054957,1.75,2015-11-20,-0.0022689276331501196,ENTERED,0.9401712073846696,0.0,2015
LONG,2015-11-26,2090.0,2089.75,2015-11-30,2087.0,2087.25,{},3,3,ES,10,fixed_hold,0,-3.5,-3.0,-3.08,0.007991746008878694,1.0,2015-11-25,0.010152284263959643,ENTERED,0.9734321108995271,-3.75,2015
LONG,2015-12-01,2087.5,2087.25,2015-12-03,2052.75,2053.0,{},3,3,ES,10,fixed_hold,0,0.0,-34.75,-34.83,0.007659503254816687,-34.25,2015-11-30,0.01879194630872494,ENTERED,1.0159492021595484,0.0,2015
SHORT,2015-12-04,2052.75,2053.0,2015-12-08,2063.25,2063.0,{},3,3,ES,10,fixed_hold,0,0.0,-10.5,-10.58,0.008412825689284724,-10.0,2015-12-03,-0.012624744499218132,ENTERED,0.9249765189573411,0.0,2015
SHORT,2015-12-09,2062.75,2063.0,2015-12-11,2007.25,2007.0,{},3,3,ES,10,fixed_hold,0,0.0,55.5,55.42,0.009267998606273097,56.0,2015-12-08,-0.011025886864812984,ENTERED,0.8415872289886877,0.0,2015
SHORT,2015-12-14,2003.5,2003.75,2015-12-16,2063.25,2063.0,{},3,3,ES,10,fixed_hold,0,-0.25,-59.75,-59.83,0.009654613080616046,-59.0,2015-12-11,-0.039942597464721286,ENTERED,0.8099365345720134,0.0,2015
SHORT,2015-12-17,2062.5,2062.75,2015-12-21,2018.0,2017.75,{},3,3,ES,10,fixed_hold,0,-3.5,44.5,44.42,0.008882679041575695,48.5,2015-12-16,-0.009125840537944074,ENTERED,0.881269865776452,-3.5,2015
SHORT,2015-12-22,2017.5,2017.75,2015-12-24,2051.0,2050.75,{},3,3,ES,10,fixed_hold,0,0.0,-33.5,-33.58,0.010578442002936944,-33.0,2015-12-21,-0.02934455802766056,ENTERED,0.7401953589313878,0.0,2015
LONG,2015-12-28,2052.25,2052.0,2015-12-30,2056.5,2056.75,{},3,3,ES,10,fixed_hold,0,0.5,4.25,4.17,0.011002763384006966,4.25,2015-12-24,2.220446049250313e-16,ENTERED,0.7122703196694934,0.0,2015
LONG,2015-12-31,2057.0,2056.75,2016-01-05,2010.25,2010.5,{},3,3,ES,10,fixed_hold,0,4.5,-46.75,-46.83,0.011331367531299054,-50.75,2015-12-30,0.009819565484227466,ENTERED,0.6917288658487588,0.0,2015
LONG,2016-01-06,2011.0,2010.75,2016-01-08,1913.0,1913.25,{},3,3,ES,10,fixed_hold,0,0.0,-98.0,-98.08,0.010445435345330649,-97.5,2016-01-05,0.007895726281488713,ENTERED,0.7508093205224884,0.0,2016
SHORT,2016-01-11,1897.0,1897.25,2016-01-13,1882.75,1882.5,{},3,3,ES,10,fixed_hold,0,0.0,14.25,14.17,0.012035602728686427,14.75,2016-01-08,-0.06818458541336914,ENTERED,0.6518163886264733,0.0,2016
SHORT,2016-01-14,1882.5,1882.75,2016-01-18,1874.5,1874.25,{},3,3,ES,10,fixed_hold,0,7.25,8.0,7.92,0.012560675593020532,1.25,2016-01-13,-0.08346379749682176,ENTERED,0.6247436753046066,7.5,2016
SHORT,2016-01-19,1873.75,1874.0,2016-01-21,1864.5,1864.25,{},3,3,ES,10,fixed_hold,0,0.25,9.25,9.17,0.012864080894710857,9.5,2016-01-18,-0.060841721713922325,ENTERED,0.6102393124911735,0.0,2016
SHORT,2016-01-22,1864.25,1864.5,2016-01-26,1887.0,1886.75,{},3,3,ES,10,fixed_hold,0,-0.75,-22.75,-22.83,0.011992524164520926,-21.5,2016-01-21,-0.028940236330530555,ENTERED,0.6560952786988055,-0.75,2016
SHORT,2016-01-27,1886.5,1886.75,2016-01-29,1931.5,1931.25,{},3,3,ES,10,fixed_hold,0,-0.25,-45.0,-45.08,0.013424382507509198,-44.25,2016-01-26,-0.02088738972496107,ENTERED,0.5872221920596573,0.0,2016
LONG,2016-02-01,1928.75,1928.5,2016-02-03,1908.25,1908.5,{},3,3,ES,10,fixed_hold,0,0.0,-20.5,-20.58,0.01470146424818199,-20.0,2016-01-29,0.029176658673061517,ENTERED,0.537043226526352,0.0,2016
LONG,2016-02-04,1909.0,1908.75,2016-02-08,1845.5,1845.75,{},3,3,ES,10,fixed_hold,0,1.75,-63.5,-63.58,0.01490407105174786,-64.75,2016-02-03,0.025523911875336314,ENTERED,0.5302005796346191,2.0,2016
SHORT,2016-02-09,1845.75,1846.0,2016-02-11,1830.0,1829.75,{},3,3,ES,10,fixed_hold,0,0.25,15.75,15.67,0.013938582023778451,16.0,2016-02-08,-0.011514258936939248,ENTERED,0.5677408732944295,0.0,2016
SHORT,2016-02-12,1829.75,1830.0,2016-02-16,1889.25,1889.0,{},3,3,ES,10,fixed_hold,0,-9.25,-59.5,-59.58,0.012253925102927516,-49.75,2016-02-11,-0.027375415282392068,ENTERED,0.6460149895490555,-9.5,2016
SHORT,2016-02-17,1889.0,1889.25,2016-02-19,1914.5,1914.25,{},3,3,ES,10,fixed_hold,0,-0.25,-25.5,-25.58,0.012405973761953796,-24.75,2016-02-16,-0.002639915522702929,ENTERED,0.6383400087615267,0.0,2016
LONG,2016-02-22,1910.25,1910.0,2016-02-24,1935.5,1935.75,{},3,3,ES,10,fixed_hold,0,0.5,25.25,25.17,0.012445876385234022,25.25,2016-02-19,0.021614409606404594,ENTERED,0.6366609662897225,0.0,2016
LONG,2016-02-25,1936.25,1936.0,2016-02-29,1931.25,1931.5,{},3,3,ES,10,fixed_hold,0,-1.75,-5.0,-5.08,0.012049875462355574,-2.75,2016-02-24,0.05261011419249639,ENTERED,0.6579146442081177,-1.5,2016
LONG,2016-03-01,1932.0,1931.75,2016-03-03,1989.75,1990.0,{},3,3,ES,10,fixed_hold,0,0.0,57.75,57.67,0.01072171759984713,58.25,2016-02-29,0.025756771109931353,ENTERED,0.739684584738919,0.0,2016
LONG,2016-03-04,1990.25,1990.0,2016-03-08,1981.25,1981.5,{},3,3,ES,10,fixed_hold,0,-2.5,-9.0,-9.08,0.01107498201502092,-6.0,2016-03-03,0.0382157297508805,ENTERED,0.7161490218581429,-2.5,2016
LONG,2016-03-09,1981.75,1981.5,2016-03-11,2020.75,2021.0,{},3,3,ES,10,fixed_hold,0,0.0,39.0,38.92,0.009769874524212116,39.5,2016-03-08,0.035131252448739714,ENTERED,0.8128848602508512,0.0,2016
LONG,2016-03-14,2009.75,2009.5,2016-03-16,2019.75,2020.0,{},3,3,ES,10,fixed_hold,0,0.25,10.0,9.92,0.00920247084143772,10.25,2016-03-11,0.04108177720540862,ENTERED,0.86393075263246,0.0,2016
LONG,2016-03-17,2020.0,2019.75,2016-03-21,2041.75,2042.0,{},3,3,ES,10,fixed_hold,0,-2.5,21.75,21.67,0.008389188360270272,24.75,2016-03-16,0.02045971204849728,ENTERED,0.9478734708655703,-2.25,2016
LONG,2016-03-22,2042.25,2042.0,2016-03-24,2030.0,2030.25,{},3,3,ES,10,fixed_hold,0,0.25,-12.25,-12.33,0.008018165031807419,-12.0,2016-03-21,0.020999999999999464,ENTERED,0.9930380448994607,0.0,2016
LONG,2016-03-28,2033.25,2033.0,2016-03-30,2054.0,2054.25,{},3,3,ES,10,fixed_hold,0,0.0,20.75,20.67,0.007463723730781329,21.25,2016-03-24,0.020739064856711842,ENTERED,1.065405067982332,0.0,2016
LONG,2016-03-31,2054.75,2054.5,2016-04-04,2053.0,2053.25,{},3,3,ES,10,fixed_hold,0,-3.25,-1.75,-1.83,0.005727554740022558,2.0,2016-03-30,0.022523643603782784,ENTERED,1.3880788435887117,-3.25,2016
LONG,2016-04-05,2053.75,2053.5,2016-04-07,2030.0,2030.25,{},3,3,ES,10,fixed_hold,0,0.25,-23.75,-23.83,0.006008866486154516,-23.5,2016-04-04,0.007112201103617322,ENTERED,1.3216774088061003,0.0,2016
LONG,2016-04-08,2030.75,2030.5,2016-04-12,2056.0,2056.25,{},3,3,ES,10,fixed_hold,0,-0.25,25.25,25.17,0.006784859353976946,26.0,2016-04-07,0.001109467455621127,ENTERED,1.16897596889828,0.0,2016
LONG,2016-04-13,2056.25,2056.0,2016-04-15,2074.5,2074.75,{},3,3,ES,10,fixed_hold,0,0.25,18.25,18.17,0.006372254525756701,18.5,2016-04-12,0.0028041940990002345,ENTERED,1.2445656711411914,0.0,2016
LONG,2016-04-18,2063.25,2063.0,2016-04-20,2097.5,2097.75,{},3,3,ES,10,fixed_hold,0,-0.25,34.25,34.17,0.0064724895531695975,35.0,2016-04-15,0.004843201356096616,ENTERED,1.2248439278956478,0.0,2016
LONG,2016-04-21,2098.0,2097.75,2016-04-25,2083.0,2083.25,{},3,3,ES,10,fixed_hold,0,1.75,-15.0,-15.08,0.006577654502950037,-16.25,2016-04-20,0.019067282001457908,ENTERED,1.2046548936542278,1.75,2016
LONG,2016-04-26,2083.5,2083.25,2016-04-28,2073.75,2074.0,{},3,3,ES,10,fixed_hold,0,0.0,-9.75,-9.83,0.006669638607518544,-9.25,2016-04-25,0.025095337679911678,ENTERED,1.1873550976170846,0.0,2016
SHORT,2016-04-29,2073.75,2074.0,2016-05-03,2059.75,2059.5,{},3,3,ES,10,fixed_hold,0,2.5,14.0,13.92,0.006652014222473231,12.0,2016-04-28,-0.0010836845273931583,ENTERED,1.1900484623978091,2.75,2016
SHORT,2016-05-04,2059.25,2059.5,2016-05-06,2054.5,2054.25,{},3,3,ES,10,fixed_hold,0,0.0,4.75,4.67,0.006839523510308092,5.25,2016-05-03,-0.015182307232516457,ENTERED,1.1570254446438102,0.0,2016
SHORT,2016-05-09,2057.25,2057.5,2016-05-11,2060.0,2059.75,{},3,3,ES,10,fixed_hold,0,0.0,-2.75,-2.83,0.00594549850981989,-2.25,2016-05-06,-0.01522051773729638,ENTERED,1.3290974840041878,0.0,2016
SHORT,2016-05-12,2059.75,2060.0,2016-05-16,2061.75,2061.5,{},3,3,ES,10,fixed_hold,0,2.25,-2.0,-2.08,0.0058318228033139565,-3.75,2016-05-11,-0.015651135005973593,ENTERED,1.353834308892053,2.25,2016
SHORT,2016-05-17,2061.25,2061.5,2016-05-19,2038.5,2038.25,{},3,3,ES,10,fixed_hold,0,0.25,22.75,22.67,0.006335061774327481,23.0,2016-05-16,-0.006027000964320073,ENTERED,1.2443596611879488,0.0,2016
SHORT,2016-05-20,2038.0,2038.25,2016-05-24,2078.5,2078.25,{},3,3,ES,10,fixed_hold,0,-0.5,-40.5,-40.58,0.0062750664909906224,-39.5,2016-05-19,-0.002691131498470778,ENTERED,1.2538892608262042,-0.5,2016
LONG,2016-05-25,2078.5,2078.25,2016-05-27,2098.25,2098.5,{},3,3,ES,10,fixed_hold,0,-0.5,19.75,19.67,0.0074504334716680816,20.75,2016-05-24,0.0006018295618679392,ENTERED,1.05365250369273,0.0,2016
LONG,2016-05-30,2101.5,2101.25,2016-06-01,2097.25,2097.5,{},3,3,ES,10,fixed_hold,0,-0.25,-4.25,-4.33,0.006995097337958707,-3.5,2016-05-27,0.027417380660954338,ENTERED,1.1218146446240118,0.0,2016
LONG,2016-06-02,2098.0,2097.75,2016-06-06,2106.75,2107.0,{},3,3,ES,10,fixed_hold,0,-2.5,8.75,8.67,0.006513290205726776,11.75,2016-06-01,0.02642525079520386,ENTERED,1.2044608573801359,-2.25,2016
LONG,2016-06-07,2107.0,2106.75,2016-06-09,2113.0,2113.25,{},3,3,ES,10,fixed_hold,0,0.0,6.0,5.92,0.006533589127221085,6.5,2016-06-06,0.030065998533366,ENTERED,1.2003402818084663,0.0,2016
LONG,2016-06-10,2113.25,2113.0,2016-06-14,2062.25,2062.5,{},3,3,ES,10,fixed_hold,0,-13.75,-51.0,-51.08,0.005640206935805228,-36.75,2016-06-09,0.010399234998804685,ENTERED,1.3897068139791424,-13.5,2016
SHORT,2016-06-15,2062.25,2062.5,2016-06-17,2060.0,2059.75,{},3,3,ES,10,fixed_hold,0,0.25,2.25,2.17,0.005936412583485888,2.5,2016-06-14,-0.01563059300799441,ENTERED,1.3201477630742018,0.0,2016
SHORT,2016-06-20,2076.0,2076.25,2016-06-22,2086.25,2086.0,{},3,3,ES,10,fixed_hold,0,0.0,-10.25,-10.33,0.006050587287076867,-9.75,2016-06-17,-0.017880557873405367,ENTERED,1.2941080433667507,0.0,2016
SHORT,2016-06-23,2086.0,2086.25,2016-06-27,1990.25,1990.0,{},3,3,ES,10,fixed_hold,0,11.0,95.75,95.67,0.004774672048243542,85.25,2016-06-22,-0.02235856073873077,ENTERED,1.6394921551909343,11.0,2016
SHORT,2016-06-28,1989.75,1990.0,2016-06-30,2086.0,2085.75,{},3,3,ES,10,fixed_hold,0,-0.25,-96.25,-96.33,0.009928370671841517,-95.5,2016-06-27,-0.044671942674291754,ENTERED,0.7884513607964205,0.0,2016
SHORT,2016-07-01,2085.5,2085.75,2016-07-05,2080.25,2080.0,{},3,3,ES,10,fixed_hold,0,1.75,5.25,5.17,0.012261303747826151,4.0,2016-06-30,-0.0019657526534384573,ENTERED,0.6386666022805917,2.0,2016
LONG,2016-07-06,2080.0,2079.75,2016-07-08,2120.5,2120.75,{},3,3,ES,10,fixed_hold,0,0.0,40.5,40.42,0.012356388597785895,41.0,2016-07-05,0.0009624639076031283,ENTERED,0.6342420951521965,0.0,2016
LONG,2016-07-11,2122.0,2121.75,2016-07-13,2143.5,2143.75,{},3,3,ES,10,fixed_hold,0,-0.25,21.5,21.42,0.012694056170312882,22.25,2016-07-08,0.050786572525703066,ENTERED,0.6176477314470578,0.0,2016
LONG,2016-07-14,2144.0,2143.75,2016-07-18,2160.0,2160.25,{},3,3,ES,10,fixed_hold,0,10.0,16.0,15.92,0.012324926332381447,6.5,2016-07-13,0.03662959381044484,ENTERED,0.6363145711941905,10.0,2016
LONG,2016-07-19,2160.75,2160.5,2016-07-21,2158.25,2158.5,{},3,3,ES,10,fixed_hold,0,0.0,-2.5,-2.58,0.012289465621093159,-2.0,2016-07-18,0.030284964826517102,ENTERED,0.6384148880651608,0.0,2016
LONG,2016-07-22,2159.0,2158.75,2016-07-26,2166.25,2166.5,{},3,3,ES,10,fixed_hold,0,0.0,7.25,7.17,0.012344685112877809,7.75,2016-07-21,0.03191107923987091,ENTERED,0.6356745889051817,0.0,2016
LONG,2016-07-27,2167.0,2166.75,2016-07-29,2170.75,2171.0,{},3,3,ES,10,fixed_hold,0,-0.5,3.75,3.67,0.006439434951035283,4.75,2016-07-26,0.009905605407295015,ENTERED,1.2186166478831972,0.0,2016
LONG,2016-08-01,2171.5,2171.25,2016-08-03,2157.75,2158.0,{},3,3,ES,10,fixed_hold,0,0.0,-13.75,-13.83,0.004877447632847987,-13.25,2016-07-29,0.01164958061509802,ENTERED,1.608423851180242,0.0,2016
SHORT,2016-08-04,2157.75,2158.0,2016-08-08,2175.25,2175.0,{},3,3,ES,10,fixed_hold,0,0.25,-17.5,-17.58,0.004713961384706308,-17.25,2016-08-03,-0.004153207198892561,ENTERED,1.6636814717305748,0.25,2016
LONG,2016-08-09,2175.25,2175.0,2016-08-11,2182.0,2182.25,{},3,3,ES,10,fixed_hold,0,0.25,6.75,6.67,0.003976528794129686,7.0,2016-08-08,0.006012950971322484,ENTERED,1.9711246709723478,0.0,2016
LONG,2016-08-12,2182.75,2182.5,2016-08-16,2178.0,2178.25,{},3,3,ES,10,fixed_hold,0,0.75,-4.75,-4.83,0.003773733646119938,-5.0,2016-08-11,0.007502308402584923,ENTERED,2.0767077191131897,0.75,2016
LONG,2016-08-17,2178.5,2178.25,2016-08-19,2182.25,2182.5,{},3,3,ES,10,fixed_hold,0,0.0,3.75,3.67,0.003475604451725627,4.25,2016-08-16,0.012197955390334192,ENTERED,2.2528782501159337,0.0,2016
LONG,2016-08-22,2181.75,2181.5,2016-08-24,2174.25,2174.5,{},3,3,ES,10,fixed_hold,0,-0.5,-7.5,-7.58,0.0031230280388644836,-6.5,2016-08-19,0.0022962112514353095,ENTERED,2.5065536617951563,0.0,2016
LONG,2016-08-25,2174.75,2174.5,2016-08-29,2179.75,2180.0,{},3,3,ES,10,fixed_hold,0,0.5,5.0,4.92,0.0033003167511302944,5.0,2016-08-24,0.0016121602947947178,ENTERED,2.3693555651801366,0.5,2016
SHORT,2016-08-30,2180.0,2180.25,2016-09-01,2167.5,2167.25,{},3,3,ES,10,fixed_hold,0,-0.25,12.5,12.42,0.00352843978697236,13.25,2016-08-29,-0.0022883295194509046,ENTERED,2.2105603995632235,0.0,2016
SHORT,2016-09-02,2167.0,2167.25,2016-09-06,2185.0,2184.75,{},3,3,ES,10,fixed_hold,0,-1.75,-18.0,-18.08,0.0032677214460498246,-15.75,2016-09-01,-0.0075558099599313255,ENTERED,2.38137379490419,-1.5,2016
SHORT,2016-09-07,2184.25,2184.5,2016-09-09,2121.5,2121.25,{},3,3,ES,10,fixed_hold,0,0.0,62.75,62.67,0.0031059769181680653,63.25,2016-09-06,-0.0005718206770356504,ENTERED,2.5046619444242473,0.0,2016
SHORT,2016-09-12,2112.75,2113.0,2016-09-14,2117.75,2117.5,{},3,3,ES,10,fixed_hold,0,-0.25,-5.0,-5.08,0.006493784157059984,-4.25,2016-09-09,-0.021225054792940456,ENTERED,1.1945608940335446,0.0,2016
SHORT,2016-09-15,2117.25,2117.5,2016-09-19,2132.0,2131.75,{},3,3,ES,10,fixed_hold,0,-5.5,-14.75,-14.83,0.007669303978041662,-8.75,2016-09-14,-0.02385617148784147,ENTERED,1.0097774493866354,-5.75,2016
SHORT,2016-09-20,2131.25,2131.5,2016-09-22,2167.5,2167.25,{},3,3,ES,10,fixed_hold,0,0.25,-36.25,-36.33,0.007911466202721788,-36.0,2016-09-19,-0.02123507805326008,ENTERED,0.9805035387308764,0.0,2016
SHORT,2016-09-23,2167.25,2167.5,2016-09-27,2151.5,2151.25,{},3,3,ES,10,fixed_hold,0,-1.0,15.75,15.67,0.008371026730441926,17.25,2016-09-22,-0.004935720844811753,ENTERED,0.9293271229089677,-1.0,2016
LONG,2016-09-28,2151.75,2151.5,2016-09-30,2156.5,2156.75,{},3,3,ES,10,fixed_hold,0,0.0,4.75,4.67,0.008597910265630176,5.25,2016-09-27,0.013425980449888186,ENTERED,0.9050648332277201,0.0,2016
LONG,2016-10-03,2162.0,2161.75,2016-10-05,2153.0,2153.25,{},3,3,ES,10,fixed_hold,0,-0.25,-9.0,-9.08,0.008914386337227746,-8.25,2016-09-30,0.01137162954279014,ENTERED,0.8749709705480453,0.0,2016
SHORT,2016-10-06,2152.75,2153.0,2016-10-10,2160.25,2160.0,{},3,3,ES,10,fixed_hold,0,-5.0,-7.5,-7.58,0.009046494328121739,-2.0,2016-10-05,-0.0005801810164770549,ENTERED,0.8643816684701693,-4.75,2016
LONG,2016-10-11,2160.25,2160.0,2016-10-13,2124.75,2125.0,{},3,3,ES,10,fixed_hold,0,0.0,-35.5,-35.58,0.0062752569537855045,-35.0,2016-10-10,0.009935710111046436,ENTERED,1.2461041705121985,0.0,2016
SHORT,2016-10-14,2125.0,2125.25,2016-10-18,2132.5,2132.25,{},3,3,ES,10,fixed_hold,0,3.5,-7.5,-7.58,0.0059690079491380105,-10.5,2016-10-13,-0.009324009324009563,ENTERED,1.3045299978168448,3.5,2016
SHORT,2016-10-19,2132.25,2132.5,2016-10-21,2136.25,2136.0,{},3,3,ES,10,fixed_hold,0,-0.25,-4.0,-4.08,0.006037258869986852,-3.25,2016-10-18,-0.004784130688448296,ENTERED,1.2889402936413137,0.0,2016
SHORT,2016-10-24,2137.25,2137.5,2016-10-26,2134.0,2133.75,{},3,3,ES,10,fixed_hold,0,-0.25,3.25,3.17,0.005254403112271197,4.0,2016-10-21,-0.004891684136967167,ENTERED,1.4798876213358936,0.0,2016
LONG,2016-10-27,2134.25,2134.0,2016-10-31,2122.5,2122.75,{},3,3,ES,10,fixed_hold,0,-3.5,-11.75,-11.83,0.004665837746083816,-7.75,2016-10-26,0.001995773655787847,ENTERED,1.662556871984955,-3.5,2016
SHORT,2016-11-01,2122.75,2123.0,2016-11-03,2085.25,2085.0,{},3,3,ES,10,fixed_hold,0,-0.25,37.5,37.42,0.0040771439189078796,38.25,2016-10-31,-0.0007061315758503106,ENTERED,1.8985759874160464,0.0,2016
SHORT,2016-11-04,2084.75,2085.0,2016-11-08,2142.5,2142.25,{},3,3,ES,10,fixed_hold,1,-0.25,-33.5,-33.58,0.00429357383445108,-32.75,2016-11-03,-0.024447303778219798,ENTERED,1.8010243052002026,0.0,2016
SHORT,2016-11-09,2142.0,2142.25,2016-11-11,2160.75,2160.5,{},3,3,ES,10,fixed_hold,0,0.25,-18.75,-18.83,0.0044414768869511165,-18.5,2016-11-08,-0.0078108643186267646,ENTERED,1.7402899572124653,0.0,2016
LONG,2016-11-14,2168.0,2167.75,2016-11-16,2172.5,2172.75,{},3,3,ES,10,fixed_hold,0,0.0,4.5,4.42,0.004786148792714733,5.0,2016-11-11,0.005588931956189036,ENTERED,1.6143124799748398,0.0,2016
LONG,2016-11-17,2173.0,2172.75,2016-11-21,2193.5,2193.75,{},3,3,ES,10,fixed_hold,0,0.75,20.5,20.42,0.005067658200411678,20.25,2016-11-16,0.026638825132587085,ENTERED,1.5221044296258914,0.75,2016
LONG,2016-11-22,2194.25,2194.0,2016-11-24,2205.0,2205.25,{},3,3,ES,10,fixed_hold,0,-0.25,10.75,10.67,0.005270186661136795,11.5,2016-11-21,0.03101868170602784,ENTERED,1.4635680110045683,0.0,2016
LONG,2016-11-25,2205.75,2205.5,2016-11-29,2203.0,2203.25,{},3,3,ES,10,fixed_hold,0,-4.25,-2.75,-2.83,0.005078924121987886,2.0,2016-11-24,0.0182384855131017,ENTERED,1.5171190794116953,-4.25,2016
LONG,2016-11-30,2203.5,2203.25,2016-12-02,2190.75,2191.0,{},3,3,ES,10,fixed_hold,0,-0.25,-12.75,-12.83,0.004537261619780079,-12.0,2016-11-29,0.011128958237723863,ENTERED,1.6970846196703835,0.0,2016
LONG,2016-12-05,2183.75,2183.5,2016-12-07,2236.5,2236.75,{},3,3,ES,10,fixed_hold,0,0.0,52.75,52.67,0.004379829156339835,53.25,2016-12-02,0.004930627221649164,ENTERED,1.7566703574872327,0.0,2016
LONG,2016-12-08,2237.0,2236.75,2016-12-12,2254.0,2254.25,{},3,3,ES,10,fixed_hold,0,4.0,17.0,16.92,0.00435003649387633,13.5,2016-12-07,0.01705126747754937,ENTERED,1.7669277224660234,4.25,2016
LONG,2016-12-13,2249.0,2248.75,2016-12-15,2259.75,2260.0,{},3,3,ES,10,fixed_hold,0,-0.25,10.75,10.67,0.004485785219707955,11.5,2016-12-12,0.024892020913843682,ENTERED,1.7122368507471286,0.0,2016
LONG,2016-12-16,2260.0,2259.75,2016-12-20,2266.5,2266.75,{},3,3,ES,10,fixed_hold,0,2.75,6.5,6.42,0.0045952356892851615,4.25,2016-12-15,0.03208128781824393,ENTERED,1.668968578896702,2.75,2016
LONG,2016-12-21,2267.0,2266.75,2016-12-23,2258.5,2258.75,{},3,3,ES,10,fixed_hold,0,-0.25,-8.5,-8.58,0.00449652197256249,-7.75,2016-12-20,0.02533077010064466,ENTERED,1.7040157416859838,0.0,2016
SHORT,2016-12-26,2258.5,2258.75,2016-12-28,2247.0,2246.75,{},3,3,ES,10,fixed_hold,0,-0.25,11.5,11.42,0.004601326158750914,12.25,2016-12-23,-0.0009951348960639539,ENTERED,1.6651529123018964,0.0,2016
SHORT,2016-12-29,2246.5,2246.75,2017-01-02,2243.25,2243.0,{},3,3,ES,10,fixed_hold,0,-7.25,3.25,3.17,0.004658028429134388,11.0,2016-12-28,-0.002552719200887732,ENTERED,1.6443625176549932,-7.25,2016
SHORT,2017-01-03,2242.75,2243.0,2017-01-05,2263.75,2263.5,{},3,3,ES,10,fixed_hold,0,-0.5,-21.0,-21.08,0.004645072133045468,-20.0,2017-01-02,-0.00796107916850941,ENTERED,1.6476725964593504,0.0,2017
LONG,2017-01-06,2263.75,2263.5,2017-01-10,2264.0,2264.25,{},3,3,ES,10,fixed_hold,0,2.25,0.25,0.16999999999999998,0.003958906872812043,-1.5,2017-01-05,0.0023248090335437066,ENTERED,1.9301911511246368,2.25,2017
LONG,2017-01-11,2264.5,2264.25,2017-01-13,2270.5,2270.75,{},3,3,ES,10,fixed_hold,0,-0.25,6.0,5.92,0.0035781469929653882,6.75,2017-01-10,0.001105338786338006,ENTERED,2.135385117625879,0.0,2017
LONG,2017-01-16,2268.75,2268.5,2017-01-18,2266.5,2266.75,{},3,3,ES,10,fixed_hold,0,0.0,-2.25,-2.33,0.0032316249149885574,-1.75,2017-01-13,0.01667785986120429,ENTERED,2.3620764529296046,0.0,2017
LONG,2017-01-19,2267.0,2266.75,2017-01-23,2261.25,2261.5,{},3,3,ES,10,fixed_hold,0,-6.75,-5.75,-5.83,0.0031342002177499355,1.5,2017-01-18,0.0014358294676386496,ENTERED,2.4349597357848785,-6.75,2017
SHORT,2017-01-24,2261.5,2261.75,2017-01-26,2293.25,2293.0,{},3,3,ES,10,fixed_hold,0,-0.25,-31.75,-31.83,0.0032190835761430935,-31.0,2017-01-23,-0.00033152834567373723,ENTERED,2.367068929372557,0.0,2017
LONG,2017-01-27,2293.0,2292.75,2017-01-31,2276.0,2276.25,{},3,3,ES,10,fixed_hold,0,-7.25,-17.0,-17.08,0.0034504535226842744,-9.25,2017-01-26,0.012250303498509751,ENTERED,2.204847076983056,-7.25,2017
LONG,2017-02-01,2276.25,2276.0,2017-02-03,2291.5,2291.75,{},3,3,ES,10,fixed_hold,0,-0.25,15.25,15.17,0.003363663019491908,16.0,2017-01-31,0.005966191581040725,ENTERED,2.2594104676507696,0.0,2017
LONG,2017-02-06,2290.0,2289.75,2017-02-08,2290.25,2290.5,{},3,3,ES,10,fixed_hold,0,0.0,0.25,0.16999999999999998,0.003573697998742597,0.75,2017-02-03,0.011140525038605853,ENTERED,2.1256117311518317,0.0,2017
SHORT,2017-02-09,2290.25,2290.5,2017-02-13,2327.25,2327.0,{},3,3,ES,10,fixed_hold,0,-2.0,-37.0,-37.08,0.0034866449388233287,-34.5,2017-02-08,-0.0010902747492363973,ENTERED,2.17510557767949,-2.0,2017
LONG,2017-02-14,2327.0,2326.75,2017-02-16,2343.5,2343.75,{},3,3,ES,10,fixed_hold,0,0.0,16.5,16.42,0.003787745794060243,17.0,2017-02-13,0.022407732864675012,ENTERED,2.000410471901766,0.0,2017
LONG,2017-02-17,2344.0,2343.75,2017-02-21,2359.75,2360.0,{},3,3,ES,10,fixed_hold,0,-1.0,15.75,15.67,0.003929524421434275,17.25,2017-02-16,0.030559525118170727,ENTERED,1.9232395612546183,-1.25,2017
LONG,2017-02-22,2360.0,2359.75,2017-02-24,2364.25,2364.5,{},3,3,ES,10,fixed_hold,0,-0.25,4.25,4.17,0.0036647938453846216,5.0,2017-02-21,0.03248386743957132,ENTERED,2.061595019709245,0.0,2017
LONG,2017-02-27,2367.5,2367.25,2017-03-01,2393.0,2393.25,{},3,3,ES,10,fixed_hold,0,0.5,25.5,25.42,0.003385505282686527,25.5,2017-02-24,0.02215497676429279,ENTERED,2.2302595065195896,0.0,2017
LONG,2017-03-02,2393.5,2393.25,2017-03-06,2372.0,2372.25,{},3,3,ES,10,fixed_hold,0,-9.25,-21.5,-21.58,0.0035669327660351117,-11.75,2017-03-01,0.0186209831879125,ENTERED,2.116574355161207,-9.5,2017
LONG,2017-03-07,2372.5,2372.25,2017-03-09,2369.5,2369.75,{},3,3,ES,10,fixed_hold,0,0.0,-3.0,-3.08,0.00390813676389782,-2.5,2017-03-06,0.00807394029533648,ENTERED,1.9224041950219455,0.0,2017
LONG,2017-03-10,2369.75,2369.5,2017-03-14,2363.75,2364.0,{},3,3,ES,10,fixed_hold,0,-5.75,-6.0,-6.08,0.003955282436373344,0.25,2017-03-09,0.004024997351975479,ENTERED,1.896111608912625,-5.75,2017
SHORT,2017-03-15,2364.0,2364.25,2017-03-17,2375.5,2375.25,{},3,3,ES,10,fixed_hold,0,0.25,-11.5,-11.58,0.0037953012151811577,-11.25,2017-03-14,-0.0003171582619723168,ENTERED,1.973933392007928,0.0,2017
SHORT,2017-03-20,2372.75,2373.0,2017-03-22,2348.25,2348.0,{},3,3,ES,10,fixed_hold,0,0.25,24.5,24.42,0.003907989800464414,24.75,2017-03-17,-0.002205419029615574,ENTERED,1.9170002249948277,0.0,2017
SHORT,2017-03-23,2347.75,2348.0,2017-03-27,2341.25,2341.0,{},3,3,ES,10,fixed_hold,0,11.75,6.5,6.42,0.004994942740285736,-4.75,2017-03-22,-0.006978219496722504,ENTERED,1.4972955339915441,11.75,2017
SHORT,2017-03-28,2340.75,2341.0,2017-03-30,2363.75,2363.5,{},3,3,ES,10,fixed_hold,0,0.25,-23.0,-23.08,0.004979982466433333,-22.75,2017-03-27,-0.012444631934190986,ENTERED,1.4992422330627524,0.0,2017
SHORT,2017-03-31,2363.0,2363.25,2017-04-04,2358.75,2358.5,{},3,3,ES,10,fixed_hold,0,-1.5,4.25,4.17,0.004194286013461409,6.25,2017-03-30,-0.00630649569056152,ENTERED,1.7794980377653735,-1.75,2017
LONG,2017-04-05,2358.75,2358.5,2017-04-07,2352.75,2353.0,{},3,3,ES,10,fixed_hold,0,0.0,-6.0,-6.08,0.004117508963345064,-5.5,2017-04-04,0.00855249091297794,ENTERED,1.8119426673854089,0.0,2017
LONG,2017-04-10,2353.25,2353.0,2017-04-12,2339.5,2339.75,{},3,3,ES,10,fixed_hold,0,-0.25,-13.75,-13.83,0.00440721176236219,-13.0,2017-04-07,0.004375200085369624,ENTERED,1.6905341718438307,0.0,2017
SHORT,2017-04-13,2339.5,2339.75,2017-04-18,2339.0,2338.75,{},3,3,ES,10,fixed_hold,0,2.5,0.5,0.42,0.004027505899028791,-1.5,2017-04-12,-0.007739609838846584,ENTERED,1.8498876621049043,0.0,2017
SHORT,2017-04-19,2338.25,2338.5,2017-04-21,2345.5,2345.25,{},3,3,ES,10,fixed_hold,0,0.0,-7.25,-7.33,0.0045303033965704365,-6.75,2017-04-18,-0.006689318326608795,ENTERED,1.6425404111174713,0.0,2017
SHORT,2017-04-24,2367.0,2367.25,2017-04-26,2383.75,2383.5,{},3,3,ES,10,fixed_hold,0,0.0,-16.75,-16.83,0.0038492465932124303,-16.25,2017-04-21,-0.003822873526600712,ENTERED,1.9328977220817252,0.0,2017
LONG,2017-04-27,2383.75,2383.5,2017-05-01,2386.0,2386.25,{},3,3,ES,10,fixed_hold,0,-2.0,2.25,2.17,0.003889045984794819,4.75,2017-04-26,0.005043192545219677,ENTERED,1.9123196386851153,-2.0,2017
LONG,2017-05-02,2386.5,2386.25,2017-05-04,2385.25,2385.5,{},3,3,ES,10,fixed_hold,0,-0.5,-1.25,-1.33,0.003851164285823143,-0.25,2017-05-01,0.00845619016913357,ENTERED,1.9299448630789025,0.0,2017
LONG,2017-05-05,2386.0,2385.75,2017-05-09,2388.0,2388.25,{},3,3,ES,10,fixed_hold,0,-2.0,2.0,1.92,0.0035416672941389533,4.5,2017-05-04,0.004497032798636447,ENTERED,2.096861764810122,-2.25,2017
LONG,2017-05-10,2388.25,2388.0,2017-05-12,2388.75,2389.0,{},3,3,ES,10,fixed_hold,0,0.0,0.5,0.42,0.0037274464617085075,1.0,2017-05-09,0.002203105329416921,ENTERED,1.99163485336284,0.0,2017
LONG,2017-05-15,2389.25,2389.0,2017-05-17,2360.5,2360.75,{},3,3,ES,10,fixed_hold,0,-0.25,-28.75,-28.83,0.003373318757500194,-28.0,2017-05-12,0.003465294550036635,ENTERED,2.19303439687949,0.0,2017
SHORT,2017-05-18,2360.5,2360.75,2017-05-22,2387.5,2387.25,{},3,3,ES,10,fixed_hold,0,-0.75,-27.0,-27.08,0.004160538931230061,-25.75,2017-05-17,-0.010375183399706778,ENTERED,1.7779906385653892,-0.75,2017
SHORT,2017-05-23,2387.0,2387.25,2017-05-25,2413.25,2413.0,{},3,3,ES,10,fixed_hold,0,0.0,-26.25,-26.33,0.004076169550123938,-25.75,2017-05-22,-0.0030277719774484124,ENTERED,1.8139507003725015,0.0,2017
LONG,2017-05-26,2413.25,2413.0,2017-05-30,2411.0,2411.25,{},3,3,ES,10,fixed_hold,0,0.75,-2.25,-2.33,0.004070688578317822,-2.5,2017-05-25,0.00930670291749447,ENTERED,1.816249420357393,0.75,2017
LONG,2017-05-31,2411.5,2411.25,2017-06-02,2437.0,2437.25,{},3,3,ES,10,fixed_hold,0,0.0,25.5,25.42,0.004027908430569181,26.0,2017-05-30,0.010582564962279717,ENTERED,1.833914004435977,0.0,2017
LONG,2017-06-05,2434.5,2434.25,2017-06-07,2431.5,2431.75,{},3,3,ES,10,fixed_hold,0,-0.25,-3.0,-3.08,0.004185467556680597,-2.25,2017-06-02,0.02319479429051241,ENTERED,1.7635922581925292,0.0,2017
LONG,2017-06-08,2432.25,2432.0,2017-06-12,2426.75,2427.0,{},3,3,ES,10,fixed_hold,0,-5.0,-5.5,-5.58,0.004100902288687845,0.0,2017-06-07,0.011858941017372615,ENTERED,1.7989898257944397,-5.0,2017
LONG,2017-06-13,2427.25,2427.0,2017-06-15,2431.5,2431.75,{},3,3,ES,10,fixed_hold,0,0.0,4.25,4.17,0.004038419204870487,4.75,2017-06-12,0.0052811432121779855,ENTERED,1.8265226826124716,0.0,2017
LONG,2017-06-16,2432.0,2431.75,2017-06-20,2436.0,2436.25,{},3,3,ES,10,fixed_hold,0,-0.75,4.0,3.92,0.0029543978559700016,5.25,2017-06-15,0.000720164609053553,ENTERED,2.494432152212474,-1.0,2017
LONG,2017-06-21,2436.75,2436.5,2017-06-23,2431.75,2432.0,{},3,3,ES,10,fixed_hold,0,0.25,-5.0,-5.08,0.0030828500949791173,-4.75,2017-06-20,0.0022626761287667385,ENTERED,2.3894406539451567,0.0,2017
LONG,2017-06-26,2432.75,2432.5,2017-06-28,2442.75,2443.0,{},3,3,ES,10,fixed_hold,0,0.25,10.0,9.92,0.003032038889849781,10.25,2017-06-23,0.0005142445747197133,ENTERED,2.427074136511317,0.0,2017
LONG,2017-06-29,2443.5,2443.25,2017-07-03,2427.0,2427.25,{},3,3,ES,10,fixed_hold,0,3.0,-16.5,-16.58,0.004211847223286538,-19.0,2017-06-28,0.005453235929622435,ENTERED,1.746422976439542,3.0,2017
SHORT,2017-07-04,2427.25,2427.5,2017-07-06,2409.75,2409.5,{},3,3,ES,10,fixed_hold,0,0.25,17.5,17.42,0.004446205762531933,17.75,2017-07-03,-0.008779989790709486,ENTERED,1.6525888440804548,0.0,2017
SHORT,2017-07-07,2409.25,2409.5,2017-07-11,2425.25,2425.0,{},3,3,ES,10,fixed_hold,0,-1.75,-16.0,-16.08,0.004835900435393331,-13.75,2017-07-06,-0.009658857377722874,ENTERED,1.5163752223361546,-2.0,2017
LONG,2017-07-12,2425.0,2424.75,2017-07-14,2457.25,2457.5,{},3,3,ES,10,fixed_hold,0,-0.25,32.25,32.17,0.0048889119811817,33.0,2017-07-11,0.002998655774997472,ENTERED,1.4947470440974373,0.0,2017
LONG,2017-07-17,2458.0,2457.75,2017-07-19,2470.5,2470.75,{},3,3,ES,10,fixed_hold,0,0.0,12.5,12.42,0.005185190527100993,13.0,2017-07-14,0.014866818087961642,ENTERED,1.4092831041691245,0.0,2017
LONG,2017-07-20,2470.75,2470.5,2017-07-24,2467.25,2467.5,{},3,3,ES,10,fixed_hold,0,-1.25,-3.5,-3.58,0.004920741458818965,-1.75,2017-07-19,0.016874164008642722,ENTERED,1.4832595851956367,-1.5,2017
LONG,2017-07-25,2468.0,2467.75,2017-07-27,2468.25,2468.5,{},3,3,ES,10,fixed_hold,0,0.0,0.25,0.16999999999999998,0.004934674335241868,0.75,2017-07-24,0.017735615590843468,ENTERED,1.47834823940549,0.0,2017
LONG,2017-07-28,2468.75,2468.5,2017-08-01,2475.0,2475.25,{},3,3,ES,10,fixed_hold,0,-2.5,6.25,6.17,0.003380525287208346,9.25,2017-07-27,0.009301850148216495,ENTERED,2.1541583825199475,-2.5,2017
LONG,2017-08-02,2475.25,2475.0,2017-08-04,2471.25,2471.5,{},3,3,ES,10,fixed_hold,0,-0.25,-4.0,-4.08,0.0033922589773352873,-3.25,2017-08-01,0.006813097417124547,ENTERED,2.144147898498206,0.0,2017
LONG,2017-08-07,2473.5,2473.25,2017-08-09,2471.25,2471.5,{},3,3,ES,10,fixed_hold,0,0.0,-2.25,-2.33,0.0024897872486137848,-1.75,2017-08-04,0.0006072874493927571,ENTERED,2.9158325220616153,0.0,2017
SHORT,2017-08-10,2471.25,2471.5,2017-08-14,2467.75,2467.5,{},3,3,ES,10,fixed_hold,0,-6.0,3.5,3.42,0.0023410015032450547,10.0,2017-08-09,-0.002119713334006401,ENTERED,3.100643562033806,-6.0,2017
SHORT,2017-08-15,2467.5,2467.75,2017-08-17,2427.0,2426.75,{},3,3,ES,10,fixed_hold,0,0.25,40.5,40.42,0.004637128862534516,40.75,2017-08-14,-0.00010130685847409282,ENTERED,1.564769716916917,0.0,2017
SHORT,2017-08-18,2426.5,2426.75,2017-08-22,2453.25,2453.0,{},3,3,ES,10,fixed_hold,0,-4.25,-26.75,-26.83,0.00562546682643985,-22.0,2017-08-17,-0.017112191170514324,ENTERED,1.2895505107950205,-4.0,2017
SHORT,2017-08-23,2452.75,2453.0,2017-08-25,2442.5,2442.25,{},3,3,ES,10,fixed_hold,0,0.0,10.25,10.17,0.006076518078079391,10.75,2017-08-22,-0.005775661161211976,ENTERED,1.1924280629324107,0.0,2017
LONG,2017-08-28,2442.0,2441.75,2017-08-30,2457.25,2457.5,{},3,3,ES,10,fixed_hold,0,0.0,15.25,15.17,0.006236275652513401,15.75,2017-08-25,0.0006145651951245945,ENTERED,1.1618249045095268,0.0,2017
SHORT,2017-08-31,2457.25,2457.5,2017-09-04,2470.0,2469.75,{},3,3,ES,10,fixed_hold,0,8.75,-12.75,-12.83,0.006567833956520131,-21.0,2017-08-30,-0.0026379870129870087,ENTERED,1.1019895283988066,8.75,2017
LONG,2017-09-05,2470.0,2469.75,2017-09-07,2463.25,2463.5,{},3,3,ES,10,fixed_hold,0,-0.5,-6.75,-6.83,0.006703168183703864,-5.75,2017-09-04,0.01667181228774295,ENTERED,1.0795853869089782,0.0,2017
LONG,2017-09-08,2463.5,2463.25,2017-09-12,2494.25,2494.5,{},3,3,ES,10,fixed_hold,0,5.75,30.75,30.67,0.005864374210835255,25.5,2017-09-07,0.008804258804259169,ENTERED,1.231603396551478,5.75,2017
LONG,2017-09-13,2494.75,2494.5,2017-09-15,2499.75,2500.0,{},3,3,ES,10,fixed_hold,0,0.0,5.0,4.92,0.005761513023520795,5.5,2017-09-12,0.01857901184156785,ENTERED,1.2535812808747056,0.0,2017
LONG,2017-09-18,2501.0,2500.75,2017-09-20,2505.0,2505.25,{},3,3,ES,10,fixed_hold,0,0.0,4.0,3.92,0.004530329712899935,4.5,2017-09-15,0.010611419909045017,ENTERED,1.59181581982732,0.0,2017
LONG,2017-09-21,2505.5,2505.25,2017-09-25,2496.5,2496.75,{},3,3,ES,10,fixed_hold,0,3.5,-9.0,-9.08,0.003658760557647262,-12.0,2017-09-20,0.01777371521430049,ENTERED,1.968953363962276,3.5,2017
LONG,2017-09-26,2496.75,2496.5,2017-09-28,2505.5,2505.75,{},3,3,ES,10,fixed_hold,0,0.25,8.75,8.67,0.0035370023281323117,9.0,2017-09-25,0.004021312958681245,ENTERED,2.0309376006536453,0.0,2017
LONG,2017-09-29,2506.0,2505.75,2017-10-03,2531.0,2531.25,{},3,3,ES,10,fixed_hold,0,2.5,25.0,24.92,0.0029999396785195484,23.0,2017-09-28,0.007134244372990484,ENTERED,2.3944634825446856,2.5,2017
LONG,2017-10-04,2531.75,2531.5,2017-10-06,2544.5,2544.75,{},3,3,ES,10,fixed_hold,0,0.0,12.75,12.67,0.0028132657482007163,13.25,2017-10-03,0.011286456252497246,ENTERED,2.551743684362056,0.0,2017
LONG,2017-10-09,2546.75,2546.5,2017-10-11,2551.5,2551.75,{},3,3,ES,10,fixed_hold,0,0.0,4.75,4.67,0.0029837560468921444,5.25,2017-10-06,0.01800180018001818,ENTERED,2.4049870305716645,0.0,2017
LONG,2017-10-12,2552.0,2551.75,2017-10-16,2555.5,2555.75,{},3,3,ES,10,fixed_hold,0,2.0,3.5,3.42,0.002217360478825058,2.0,2017-10-11,0.01947662804634498,ENTERED,3.2330293910635963,1.75,2017
LONG,2017-10-17,2555.75,2555.5,2017-10-19,2560.25,2560.5,{},3,3,ES,10,fixed_hold,0,0.25,4.5,4.42,0.002054461563893715,4.75,2017-10-16,0.011777513855898425,ENTERED,3.489117311079031,0.0,2017
LONG,2017-10-20,2560.75,2560.5,2017-10-24,2564.5,2564.75,{},3,3,ES,10,fixed_hold,0,2.5,3.75,3.67,0.0018975245749235981,1.75,2017-10-19,0.004610102991662535,ENTERED,3.7734248924367932,2.5,2017
LONG,2017-10-25,2564.75,2564.5,2017-10-27,2577.0,2577.25,{},3,3,ES,10,fixed_hold,0,-0.25,12.25,12.17,0.0022593239901173455,13.0,2017-10-24,0.0062775870524767186,ENTERED,3.166104582232104,0.0,2017
LONG,2017-10-30,2574.75,2574.5,2017-11-01,2573.25,2573.5,{},3,3,ES,10,fixed_hold,0,0.25,-1.5,-1.58,0.002519526478320431,-1.25,2017-10-27,0.009696376101860915,ENTERED,2.8332077467034193,0.0,2017
LONG,2017-11-02,2573.75,2573.5,2017-11-06,2588.0,2588.25,{},3,3,ES,10,fixed_hold,0,1.75,14.25,14.17,0.0027022512145015998,13.0,2017-11-01,0.005273437500000089,ENTERED,2.640893220236163,1.75,2017
LONG,2017-11-07,2588.25,2588.0,2017-11-09,2581.5,2581.75,{},3,3,ES,10,fixed_hold,0,0.0,-6.75,-6.83,0.0024826181765984358,-6.25,2017-11-06,0.009359461830944715,ENTERED,2.868012557160002,0.0,2017
LONG,2017-11-10,2582.0,2581.75,2017-11-14,2574.75,2575.0,{},3,3,ES,10,fixed_hold,0,4.75,-7.25,-7.33,0.0028295936784285556,-11.5,2017-11-09,0.00790552410696832,ENTERED,2.5139800527759975,4.75,2017
LONG,2017-11-15,2575.25,2575.0,2017-11-17,2575.5,2575.75,{},3,3,ES,10,fixed_hold,0,0.0,0.25,0.16999999999999998,0.0028733928385812255,0.75,2017-11-14,0.0008745505781750929,ENTERED,2.4721084315255917,0.0,2017
SHORT,2017-11-20,2576.0,2576.25,2017-11-22,2594.5,2594.25,{},3,3,ES,10,fixed_hold,0,0.25,-18.5,-18.58,0.003521069372916142,-18.25,2017-11-17,-0.0021307506053268588,ENTERED,2.016780287629074,0.0,2017
LONG,2017-11-23,2594.5,2594.25,2017-11-27,2599.5,2599.75,{},3,3,ES,10,fixed_hold,0,0.75,5.0,4.92,0.0036085276971880116,4.75,2017-11-22,0.0012543419529140731,ENTERED,1.9676026588804623,0.75,2017
LONG,2017-11-28,2600.0,2599.75,2017-11-30,2641.5,2641.75,{},3,3,ES,10,fixed_hold,0,0.25,41.5,41.42,0.0032534356795219585,41.75,2017-11-27,0.007850358596627194,ENTERED,2.1814661199988348,0.0,2017
LONG,2017-12-01,2642.25,2642.0,2017-12-05,2629.5,2629.75,{},3,3,ES,10,fixed_hold,0,16.0,-12.75,-12.83,0.004034365602537215,-28.25,2017-11-30,0.021854752925248855,ENTERED,1.7524785631106652,16.0,2017
LONG,2017-12-06,2629.75,2629.5,2017-12-08,2651.5,2651.75,{},3,3,ES,10,fixed_hold,0,-0.5,21.75,21.67,0.004086449552904926,22.75,2017-12-05,0.012805699980743546,ENTERED,1.7261133691507486,0.0,2017
LONG,2017-12-11,2656.5,2656.25,2017-12-13,2669.25,2669.5,{},3,3,ES,10,fixed_hold,0,-0.25,12.75,12.67,0.003942760599680155,13.5,2017-12-08,0.019315779358062724,ENTERED,1.7874352693064925,0.0,2017
LONG,2017-12-14,2669.75,2669.5,2017-12-18,2695.0,2695.25,{},3,3,ES,10,fixed_hold,0,3.25,25.25,25.17,0.003697398351597453,22.5,2017-12-13,0.017339939024389794,ENTERED,1.9055750858665164,3.25,2017
LONG,2017-12-19,2695.75,2695.5,2017-12-21,2689.0,2689.25,{},3,3,ES,10,fixed_hold,0,0.0,-6.75,-6.83,0.004168707942471646,-6.25,2017-12-18,0.021702047005306868,ENTERED,1.687752437245444,0.0,2017
LONG,2017-12-22,2689.5,2689.25,2017-12-26,2687.75,2688.0,{},3,3,ES,10,fixed_hold,0,0.0,-1.75,-1.83,0.004226904911701309,-1.25,2017-12-21,0.018173213440605407,ENTERED,1.662552851055904,-0.25,2017
LONG,2017-12-27,2688.5,2688.25,2017-12-29,2668.0,2668.25,{},3,3,ES,10,fixed_hold,0,0.0,-20.5,-20.58,0.0038179993631730514,-20.0,2017-12-26,0.00863039399624732,ENTERED,1.8348323655149765,0.0,2017
SHORT,2018-01-01,2675.0,2675.25,2018-01-03,2710.75,2710.5,{},3,3,ES,10,fixed_hold,0,0.0,-35.75,-35.83,0.003985920751083992,-35.25,2017-12-29,-0.005497577338799964,ENTERED,1.7570719899633278,0.0,2018
LONG,2018-01-04,2710.75,2710.5,2018-01-08,2747.75,2748.0,{},3,3,ES,10,fixed_hold,0,3.5,37.0,36.92,0.004188122917862717,34.0,2018-01-03,0.010249720462169432,ENTERED,1.6674558493884164,3.25,2018
LONG,2018-01-09,2748.25,2748.0,2018-01-11,2768.5,2768.75,{},3,3,ES,10,fixed_hold,0,0.0,20.25,20.17,0.00428251123451698,20.75,2018-01-08,0.022226355435692513,ENTERED,1.6264267575027722,0.0,2018
LONG,2018-01-12,2768.75,2768.5,2018-01-16,2780.75,2781.0,{},3,3,ES,10,fixed_hold,0,6.25,12.0,11.92,0.004068330314070276,6.25,2018-01-11,0.030616043178857133,ENTERED,1.7085863409375854,6.25,2018
LONG,2018-01-17,2781.5,2781.25,2018-01-19,2812.5,2812.75,{},3,3,ES,10,fixed_hold,0,-0.5,31.0,30.92,0.003825899868002189,32.0,2018-01-16,0.03238979118329466,ENTERED,1.8162999990614512,0.0,2018
LONG,2018-01-22,2807.75,2807.5,2018-01-24,2837.0,2837.25,{},3,3,ES,10,fixed_hold,0,-0.25,29.25,29.17,0.004200501013819096,30.0,2018-01-19,0.025615314494074504,ENTERED,1.6487460106502523,0.0,2018
LONG,2018-01-25,2837.5,2837.25,2018-01-29,2856.75,2857.0,{},3,3,ES,10,fixed_hold,0,2.5,19.25,19.17,0.004307721135417469,17.25,2018-01-24,0.0314459692811051,ENTERED,1.6075183122986894,2.25,2018
LONG,2018-01-30,2857.0,2856.75,2018-02-01,2827.25,2827.5,{},3,3,ES,10,fixed_hold,0,0.25,-29.75,-29.83,0.004571332597439422,-29.5,2018-01-29,0.022639821029082796,ENTERED,1.5132722816197328,0.0,2018
LONG,2018-02-02,2827.75,2827.5,2018-02-06,2687.25,2687.5,{},3,3,ES,10,fixed_hold,0,-16.5,-140.5,-140.58,0.0055485523733905424,-123.5,2018-02-01,0.010182207931403786,ENTERED,1.2457755681196794,-16.25,2018
SHORT,2018-02-07,2687.5,2687.75,2018-02-09,2621.75,2621.5,{},3,3,ES,10,fixed_hold,0,-0.5,65.75,65.67,0.015098265247170837,66.75,2018-02-06,-0.05328049317481276,ENTERED,0.4581765385971126,0.0,2018
SHORT,2018-02-12,2634.0,2634.25,2018-02-14,2695.75,2695.5,{},3,3,ES,10,fixed_hold,0,0.0,-61.75,-61.83,0.016166547038321474,-61.25,2018-02-09,-0.08809461692321086,ENTERED,0.4283376402546044,0.0,2018
SHORT,2018-02-15,2695.0,2695.25,2018-02-19,2731.25,2731.0,{},3,3,ES,10,fixed_hold,0,-3.75,-36.25,-36.33,0.016634627348446476,-32.0,2018-02-14,-0.04828316709330027,ENTERED,0.4163339006156552,-4.0,2018
LONG,2018-02-20,2731.5,2731.25,2018-02-22,2712.75,2713.0,{},3,3,ES,10,fixed_hold,0,0.0,-18.75,-18.83,0.01687838352236533,-18.25,2018-02-19,0.04226695925961299,ENTERED,0.4117089718605799,0.0,2018
LONG,2018-02-23,2713.0,2712.75,2018-02-27,2752.5,2752.75,{},3,3,ES,10,fixed_hold,0,6.0,39.5,39.42,0.017103313339080897,34.0,2018-02-22,0.04819858978074021,ENTERED,0.4064179534827098,6.0,2018
LONG,2018-02-28,2753.0,2752.75,2018-03-02,2690.25,2690.5,{},3,3,ES,10,fixed_hold,0,0.0,-62.75,-62.83,0.01746571085335753,-62.25,2018-02-27,0.033023735810113974,ENTERED,0.39879229191439913,0.0,2018
SHORT,2018-03-05,2681.0,2681.25,2018-03-07,2722.5,2722.25,{},3,3,ES,10,fixed_hold,0,-0.25,-41.5,-41.58,0.017056973555688134,-40.75,2018-03-02,-0.01671996345363158,ENTERED,0.4094225763174159,0.0,2018
LONG,2018-03-08,2722.5,2722.25,2018-03-12,2782.5,2782.75,{},3,3,ES,10,fixed_hold,0,7.75,60.0,59.92,0.011396170214227508,52.75,2018-03-07,0.0115188109614488,ENTERED,0.6145529221035779,7.75,2018
SHORT,2018-03-13,2782.5,2782.75,2018-03-15,2759.0,2758.75,{},3,3,ES,10,fixed_hold,0,-4.25,23.5,23.42,0.00999501378241557,28.25,2018-03-12,-0.0003592276605300926,ENTERED,0.700888358492332,0.0,2018
LONG,2018-03-16,2759.25,2759.0,2018-03-20,2722.0,2722.25,{},3,3,ES,10,fixed_hold,0,-1.75,-37.25,-37.33,0.009397238710072201,-35.0,2018-03-15,0.02900037299515068,ENTERED,0.7478210385949876,-1.75,2018
LONG,2018-03-21,2722.5,2722.25,2018-03-23,2596.25,2596.5,{},3,3,ES,10,fixed_hold,0,-0.25,-126.25,-126.33,0.009853723829892616,-125.5,2018-03-20,0.010861492759004499,ENTERED,0.7140190968948268,0.0,2018
SHORT,2018-03-26,2604.0,2604.25,2018-03-28,2611.75,2611.5,{},3,3,ES,10,fixed_hold,0,-0.25,-7.75,-7.83,0.011736703556424886,-7.0,2018-03-23,-0.06718160589186262,ENTERED,0.6003108238574454,0.0,2018
SHORT,2018-03-29,2611.0,2611.25,2018-04-03,2609.25,2609.0,{},3,3,ES,10,fixed_hold,0,1.25,1.75,1.67,0.01293470364598603,1.0,2018-03-28,-0.05260293850897857,ENTERED,0.5448466039256589,0.0,2018
SHORT,2018-04-04,2608.75,2609.0,2018-04-06,2605.25,2605.0,{},3,3,ES,10,fixed_hold,0,-0.25,3.5,3.42,0.013525882130669208,4.25,2018-04-03,-0.040191299549342197,ENTERED,0.5214946528060794,0.0,2018
SHORT,2018-04-09,2614.25,2614.5,2018-04-11,2647.5,2647.25,{},3,3,ES,10,fixed_hold,0,0.0,-33.25,-33.33,0.01382114126211583,-32.75,2018-04-06,-0.009128946367440105,ENTERED,0.5115452552081917,0.0,2018
LONG,2018-04-12,2647.5,2647.25,2018-04-16,2681.0,2681.25,{},3,3,ES,10,fixed_hold,0,14.25,33.5,33.42,0.013612421524226268,19.75,2018-04-11,0.012042435248016847,ENTERED,0.5213811294222281,14.5,2018
LONG,2018-04-17,2681.75,2681.5,2018-04-19,2692.75,2693.0,{},3,3,ES,10,fixed_hold,0,0.25,11.0,10.92,0.013853541503383754,11.25,2018-04-16,0.037836268627830405,ENTERED,0.5125150626572056,0.0,2018
LONG,2018-04-20,2693.5,2693.25,2018-04-24,2637.75,2638.0,{},3,3,ES,10,fixed_hold,0,6.0,-55.75,-55.83,0.013839248531338052,-61.25,2018-04-19,0.023565184340555323,ENTERED,0.5131220301876577,6.0,2018
SHORT,2018-04-25,2637.75,2638.0,2018-04-27,2671.75,2671.5,{},3,3,ES,10,fixed_hold,0,0.0,-34.0,-34.08,0.010308694227781152,-33.5,2018-04-24,-0.004058518168947645,ENTERED,0.6890628925823544,0.0,2018
LONG,2018-04-30,2673.5,2673.25,2018-05-02,2628.0,2628.25,{},3,3,ES,10,fixed_hold,0,0.25,-45.5,-45.58,0.009443855517974274,-45.25,2018-04-27,0.004606562000564418,ENTERED,0.7532455416637207,0.0,2018
SHORT,2018-05-03,2628.25,2628.5,2018-05-07,2667.5,2667.25,{},3,3,ES,10,fixed_hold,0,-5.5,-39.25,-39.33,0.007627986616550364,-33.25,2018-05-02,-0.03114920283844802,ENTERED,0.9334284999490429,-5.25,2018
SHORT,2018-05-08,2667.0,2667.25,2018-05-10,2720.5,2720.25,{},3,3,ES,10,fixed_hold,0,0.25,-53.5,-53.58,0.007668659905402735,-53.25,2018-05-07,-0.0028971962616822777,ENTERED,0.9305872212072537,0.0,2018
LONG,2018-05-11,2720.75,2720.5,2018-05-15,2706.5,2706.75,{},3,3,ES,10,fixed_hold,0,8.0,-14.25,-14.33,0.007700693542386392,-21.75,2018-05-10,0.018057634730539007,ENTERED,0.9269739013909266,8.0,2018
LONG,2018-05-16,2707.0,2706.75,2018-05-18,2712.0,2712.25,{},3,3,ES,10,fixed_hold,0,0.0,5.0,4.92,0.007524012515279006,5.5,2018-05-15,0.019107680722891596,ENTERED,0.9507235698148212,0.0,2018
LONG,2018-05-21,2730.25,2730.0,2018-05-23,2728.0,2728.25,{},3,3,ES,10,fixed_hold,0,-0.25,-2.25,-2.33,0.007248237056961303,-1.5,2018-05-18,0.018111861861861867,ENTERED,0.9878493775463002,0.0,2018
LONG,2018-05-24,2728.5,2728.25,2018-05-28,2722.0,2722.25,{},3,3,ES,10,fixed_hold,0,8.75,-6.5,-6.58,0.006531878527869607,-14.75,2018-05-23,0.012056014096262668,ENTERED,1.096187939576176,8.75,2018
SHORT,2018-05-29,2722.0,2722.25,2018-05-31,2708.75,2708.5,{},3,3,ES,10,fixed_hold,0,0.0,13.25,13.17,0.006002638556525501,13.75,2018-05-28,-0.0028388278388278287,ENTERED,1.1910086959902815,0.0,2018
SHORT,2018-06-01,2708.5,2708.75,2018-06-05,2751.5,2751.25,{},3,3,ES,10,fixed_hold,0,1.0,-43.0,-43.08,0.006796369073736778,-43.5,2018-05-31,-0.0051423324150597916,ENTERED,1.050316994111832,0.75,2018
LONG,2018-06-06,2751.5,2751.25,2018-06-08,2779.0,2779.25,{},3,3,ES,10,fixed_hold,0,0.25,27.5,27.42,0.006433950517908804,27.75,2018-06-05,0.009818315287208668,ENTERED,1.108884695321688,0.0,2018
LONG,2018-06-11,2774.0,2773.75,2018-06-13,2780.5,2780.75,{},3,3,ES,10,fixed_hold,0,4.0,6.5,6.42,0.005973184319404097,3.0,2018-06-08,0.021501424239639633,ENTERED,1.1920241741055653,0.0,2018
LONG,2018-06-14,2781.0,2780.75,2018-06-18,2764.75,2765.0,{},3,3,ES,10,fixed_hold,0,1.5,-16.25,-16.33,0.005488038810690187,-17.25,2018-06-13,0.02224060288576446,ENTERED,1.2950757854180237,1.75,2018
LONG,2018-06-19,2765.5,2765.25,2018-06-21,2752.25,2752.5,{},3,3,ES,10,fixed_hold,0,0.25,-13.25,-13.33,0.005464842554772572,-13.0,2018-06-18,0.007010834926705067,ENTERED,1.2998249431977493,0.0,2018
SHORT,2018-06-22,2752.25,2752.5,2018-06-26,2729.25,2729.0,{},3,3,ES,10,fixed_hold,0,-1.25,23.0,22.92,0.00575435010242296,24.75,2018-06-21,-0.00703463203463206,ENTERED,1.2340178986014925,-1.25,2018
SHORT,2018-06-27,2728.75,2729.0,2018-06-29,2721.0,2720.75,{},3,3,ES,10,fixed_hold,0,-0.25,7.75,7.67,0.005775941400773621,8.5,2018-06-26,-0.021337636722251974,ENTERED,1.229262590974337,0.0,2018
SHORT,2018-07-02,2722.5,2722.75,2018-07-04,2720.25,2720.0,{},3,3,ES,10,fixed_hold,0,0.0,2.25,2.17,0.004937309626720612,2.75,2018-06-29,-0.021840733417220703,ENTERED,1.4330797750458935,0.0,2018
SHORT,2018-07-05,2719.75,2720.0,2018-07-09,2791.25,2791.0,{},3,3,ES,10,fixed_hold,0,-3.75,-71.5,-71.58,0.004667770776891022,-67.25,2018-07-04,-0.019466474405190892,ENTERED,1.5146714721296988,-3.5,2018
LONG,2018-07-10,2791.25,2791.0,2018-07-12,2801.5,2801.75,{},3,3,ES,10,fixed_hold,0,-0.25,10.25,10.17,0.005914057691802455,11.0,2018-07-09,0.025914353979048066,ENTERED,1.192386564309018,0.0,2018
LONG,2018-07-13,2802.0,2801.75,2018-07-17,2814.5,2814.75,{},3,3,ES,10,fixed_hold,0,2.75,12.5,12.42,0.006305578724000678,10.25,2018-07-12,0.029487415028476738,ENTERED,1.1176498879438252,3.0,2018
LONG,2018-07-18,2815.0,2814.75,2018-07-20,2803.25,2803.5,{},3,3,ES,10,fixed_hold,0,0.0,-11.75,-11.83,0.006257525097469578,-11.25,2018-07-17,0.03750460744563222,ENTERED,1.1246757240858238,0.0,2018
LONG,2018-07-23,2802.25,2802.0,2018-07-25,2836.75,2837.0,{},3,3,ES,10,fixed_hold,0,0.0,34.5,34.42,0.0060222556199739435,35.0,2018-07-20,0.01484162895927632,ENTERED,1.1682909916237334,0.0,2018
LONG,2018-07-26,2837.5,2837.25,2018-07-30,2805.75,2806.0,{},3,3,ES,10,fixed_hold,0,-2.0,-31.75,-31.83,0.004727017055074367,-29.25,2018-07-25,0.021330213302132695,ENTERED,1.4824901599414406,-2.0,2018
LONG,2018-07-31,2806.5,2806.25,2018-08-02,2828.75,2829.0,{},3,3,ES,10,fixed_hold,0,0.0,22.25,22.17,0.005432049979642983,22.75,2018-07-30,0.0029487981413636177,ENTERED,1.2896399755743608,0.0,2018
LONG,2018-08-03,2829.25,2829.0,2018-08-07,2858.75,2859.0,{},3,3,ES,10,fixed_hold,0,-1.25,29.5,29.42,0.00530310720313009,31.25,2018-08-02,0.008017103153393546,ENTERED,1.3190563701653895,-1.25,2018
LONG,2018-08-08,2859.0,2858.75,2018-08-10,2839.0,2839.25,{},3,3,ES,10,fixed_hold,0,0.0,-20.0,-20.08,0.00419048019762303,-19.5,2018-08-07,0.014189428875487797,ENTERED,1.6665178518941892,0.0,2018
LONG,2018-08-13,2832.0,2831.75,2018-08-15,2820.5,2820.75,{},3,3,ES,10,fixed_hold,0,0.0,-11.5,-11.58,0.0040827945607899065,-11.0,2018-08-10,0.00780903363208818,ENTERED,1.7029352443891785,0.0,2018
LONG,2018-08-16,2821.0,2820.75,2018-08-20,2855.75,2856.0,{},3,3,ES,10,fixed_hold,0,0.0,34.75,34.67,0.004486177215013318,35.25,2018-08-15,0.002398720682302846,ENTERED,1.5494469504638495,-0.25,2018
LONG,2018-08-21,2856.25,2856.0,2018-08-23,2857.25,2857.5,{},3,3,ES,10,fixed_hold,0,-0.25,1.0,0.92,0.004663640695348351,1.75,2018-08-20,0.0021931748398982265,ENTERED,1.4889006463767556,0.0,2018
LONG,2018-08-24,2857.5,2857.25,2018-08-28,2901.25,2901.5,{},3,3,ES,10,fixed_hold,0,5.25,43.75,43.67,0.004689246628893895,39.0,2018-08-23,0.0020163057771547255,ENTERED,1.4769023336484617,5.5,2018
LONG,2018-08-29,2901.75,2901.5,2018-08-31,2906.75,2907.0,{},3,3,ES,10,fixed_hold,0,0.25,5.0,4.92,0.0044766003506819,5.25,2018-08-28,0.021025776370194427,ENTERED,1.5466313066123707,0.0,2018
LONG,2018-09-03,2906.75,2906.5,2018-09-05,2885.5,2885.75,{},3,3,ES,10,fixed_hold,0,-0.25,-21.25,-21.33,0.0046593811717579765,-20.5,2018-08-31,0.018838167002540818,ENTERED,1.4846758946660266,0.0,2018
LONG,2018-09-06,2886.25,2886.0,2018-09-10,2880.5,2880.75,{},3,3,ES,10,fixed_hold,0,2.5,-5.75,-5.83,0.004803052563102968,-7.75,2018-09-05,0.008122270742358273,ENTERED,1.4378778062318331,2.5,2018
SHORT,2018-09-11,2880.75,2881.0,2018-09-13,2905.25,2905.0,{},3,3,ES,10,fixed_hold,0,0.0,-24.5,-24.58,0.0046220900113703315,-24.0,2018-09-10,-0.0069803516028954515,ENTERED,1.4923144022131365,0.0,2018
LONG,2018-09-14,2905.5,2905.25,2018-09-18,2912.0,2912.25,{},3,3,ES,10,fixed_hold,0,-0.5,6.5,6.42,0.004038996043836952,7.5,2018-09-13,0.00258843830888722,ENTERED,1.7036834264520146,-0.5,2018
LONG,2018-09-19,2912.5,2912.25,2018-09-21,2932.0,2932.25,{},3,3,ES,10,fixed_hold,0,-0.25,19.5,19.42,0.004742582121847165,20.25,2018-09-18,0.005090595340811355,ENTERED,1.4501501382727573,0.0,2018
LONG,2018-09-24,2928.25,2928.0,2018-09-26,2913.5,2913.75,{},3,3,ES,10,fixed_hold,0,-0.25,-14.75,-14.83,0.004767218275005252,-14.0,2018-09-21,0.020711861456792713,ENTERED,1.4401372294588364,0.0,2018
LONG,2018-09-27,2914.0,2913.75,2018-10-01,2929.0,2929.25,{},3,3,ES,10,fixed_hold,0,6.5,15.0,14.92,0.00444373983599264,9.0,2018-09-26,0.00909090909090926,ENTERED,1.5431991531215918,6.5,2018
LONG,2018-10-02,2929.25,2929.0,2018-10-04,2909.75,2910.0,{},3,3,ES,10,fixed_hold,0,0.25,-19.5,-19.58,0.004236274320914361,-19.25,2018-10-01,0.015425946789149547,ENTERED,1.6176327761324962,0.0,2018
SHORT,2018-10-05,2910.0,2910.25,2018-10-09,2889.25,2889.0,{},3,3,ES,10,fixed_hold,0,3.75,20.75,20.67,0.004166811153424011,17.5,2018-10-04,-0.010372385648699356,ENTERED,1.6445737831699756,3.5,2018
SHORT,2018-10-10,2889.0,2889.25,2018-10-12,2772.5,2772.25,{},3,3,ES,10,fixed_hold,0,0.0,116.5,116.42,0.004249294666113486,117.0,2018-10-09,-0.011800923550538966,ENTERED,1.611290940043885,0.0,2018
SHORT,2018-10-15,2767.5,2767.75,2018-10-17,2807.75,2807.5,{},3,3,ES,10,fixed_hold,0,0.0,-40.25,-40.33,0.009677186682969408,-39.75,2018-10-12,-0.05116796440489446,ENTERED,0.7081219580481083,0.0,2018
SHORT,2018-10-18,2807.0,2807.25,2018-10-22,2752.25,2752.0,{},3,3,ES,10,fixed_hold,0,9.25,54.75,54.67,0.010786821935252267,46.0,2018-10-17,-0.04017094017094036,ENTERED,0.6352877827531545,9.25,2018
SHORT,2018-10-23,2752.0,2752.25,2018-10-25,2677.0,2676.75,{},3,3,ES,10,fixed_hold,0,0.0,75.0,74.92,0.010803116433811178,75.5,2018-10-22,-0.04816255944660641,ENTERED,0.6347775286521903,0.0,2018
SHORT,2018-10-26,2676.25,2676.5,2018-10-30,2687.5,2687.25,{},3,3,ES,10,fixed_hold,0,-11.5,-11.25,-11.33,0.012450569029604413,0.75,2018-10-25,-0.0292837715321852,ENTERED,0.5514164455027909,-11.75,2018
SHORT,2018-10-31,2687.0,2687.25,2018-11-02,2722.75,2722.5,{},3,3,ES,10,fixed_hold,0,0.0,-35.75,-35.83,0.013247376390152324,-35.25,2018-10-30,-0.04589028936623485,ENTERED,0.5191560892675363,0.0,2018
SHORT,2018-11-05,2715.5,2715.75,2018-11-07,2814.5,2814.25,{},3,3,ES,10,fixed_hold,0,0.0,-99.0,-99.08,0.013797506328850542,-98.5,2018-11-02,-0.016260162601626216,ENTERED,0.4987256722616437,0.0,2018
LONG,2018-11-08,2814.5,2814.25,2018-11-12,2728.75,2729.0,{},3,3,ES,10,fixed_hold,0,-0.5,-85.75,-85.83,0.01222067523297639,-84.75,2018-11-07,0.05649929610511495,ENTERED,0.5644214710559399,-0.5,2018
LONG,2018-11-13,2729.25,2729.0,2018-11-15,2726.0,2726.25,{},3,3,ES,10,fixed_hold,0,0.0,-3.25,-3.33,0.012882384516060575,-2.75,2018-11-12,0.03292959878879609,ENTERED,0.5360966111546088,0.0,2018
SHORT,2018-11-16,2726.25,2726.5,2018-11-20,2636.75,2636.5,{},3,3,ES,10,fixed_hold,0,9.0,89.5,89.42,0.012144619571179264,81.0,2018-11-15,-0.0024698133918774623,ENTERED,0.5696078719654859,8.75,2018
SHORT,2018-11-21,2636.5,2636.75,2018-11-23,2628.75,2628.5,{},3,3,ES,10,fixed_hold,0,0.25,7.75,7.67,0.013562129859794984,8.0,2018-11-20,-0.04231747184889201,ENTERED,0.5105134902211597,0.0,2018
SHORT,2018-11-26,2637.75,2638.0,2018-11-28,2739.75,2739.5,{},3,3,ES,10,fixed_hold,0,0.25,-102.0,-102.08,0.011863374432276363,-101.75,2018-11-23,-0.05407107512370679,ENTERED,0.5837765071651445,0.0,2018
LONG,2018-11-29,2739.75,2739.5,2018-12-03,2785.75,2786.0,{},3,3,ES,10,fixed_hold,1,-0.25,6.75,6.67,0.012297118307832146,7.5,2018-11-28,0.01566410232644344,ENTERED,0.5646605547700226,0.0,2018
LONG,2018-12-04,2786.5,2786.25,2018-12-06,2695.5,2695.75,{},3,3,ES,10,fixed_hold,0,0.25,-91.0,-91.08,0.012306139261817025,-90.75,2018-12-03,0.020427759172018112,ENTERED,0.5648476306952216,0.0,2018
LONG,2018-12-07,2696.0,2695.75,2018-12-11,2638.5,2638.75,{},3,3,ES,10,fixed_hold,1,0.0,-35.5,-35.58,0.012733111514892785,-35.0,2018-12-06,0.006438914262610673,ENTERED,0.5460358016214321,0.0,2018
SHORT,2018-12-12,2638.5,2638.75,2018-12-14,2597.25,2597.0,{},3,3,ES,10,fixed_hold,0,0.0,41.25,41.17,0.01312307225606372,41.75,2018-12-11,-0.0231055262998191,ENTERED,0.5321551174208486,0.0,2018
SHORT,2018-12-17,2608.25,2608.5,2018-12-19,2510.75,2510.5,{},3,3,ES,10,fixed_hold,0,0.0,97.5,97.42,0.013089312272253838,98.0,2018-12-14,-0.06578055651892234,ENTERED,0.5344129005758854,0.0,2018
SHORT,2018-12-20,2510.5,2510.75,2018-12-24,2342.5,2342.25,{},3,3,ES,10,fixed_hold,0,4.5,168.0,167.92,0.012260865397618562,164.0,2018-12-19,-0.05677240659681837,ENTERED,0.5713616923342251,4.25,2018
SHORT,2018-12-25,2348.25,2348.5,2018-12-27,2483.25,2483.0,{},3,3,ES,10,fixed_hold,0,-0.5,-135.0,-135.08,0.014081768023610936,-134.0,2018-12-24,-0.11194312796208539,ENTERED,0.4976474728367343,0.0,2018
SHORT,2018-12-28,2482.5,2482.75,2019-01-01,2517.25,2517.0,{},3,3,ES,10,fixed_hold,0,-11.75,-34.75,-34.83,0.018045295185089023,-22.5,2018-12-27,-0.061691072272083036,ENTERED,0.3898937045864817,-12.5,2018
SHORT,2019-01-02,2517.0,2517.25,2019-01-04,2529.75,2529.5,{},3,3,ES,10,fixed_hold,0,0.0,-12.75,-12.83,0.017347465106028546,-12.25,2019-01-01,-0.010224144710971328,ENTERED,0.40568962248761603,0.0,2019
LONG,2019-01-07,2538.5,2538.25,2019-01-09,2577.5,2577.75,{},3,3,ES,10,fixed_hold,0,0.25,39.0,38.92,0.01882727092138501,39.25,2019-01-04,0.044708311822405644,ENTERED,0.3743202816662867,0.0,2019
LONG,2019-01-10,2578.0,2577.75,2019-01-14,2582.75,2583.0,{},3,3,ES,10,fixed_hold,0,-11.75,4.75,4.67,0.018903884851700158,17.0,2019-01-09,0.046908315565032055,ENTERED,0.3730367058186682,-12.0,2019
LONG,2019-01-15,2583.5,2583.25,2019-01-17,2633.5,2633.75,{},3,3,ES,10,fixed_hold,0,-0.25,50.0,49.92,0.018256171283776892,50.75,2019-01-14,0.02959641255605372,ENTERED,0.3872739318829846,0.0,2019
LONG,2019-01-18,2634.0,2633.75,2019-01-22,2630.5,2630.75,{},3,3,ES,10,fixed_hold,0,-8.75,-3.5,-3.58,0.017750493065476634,5.75,2019-01-17,0.0752194325372526,ENTERED,0.398611945205856,-8.75,2019
LONG,2019-01-23,2631.0,2630.75,2019-01-25,2665.25,2665.5,{},3,3,ES,10,fixed_hold,0,0.0,34.25,34.17,0.014978860511951594,34.75,2019-01-22,0.020758560481132893,ENTERED,0.47401126981359715,0.0,2019
LONG,2019-01-28,2659.0,2658.75,2019-01-30,2687.25,2687.5,{},3,3,ES,10,fixed_hold,0,0.0,28.25,28.17,0.010911238873527839,28.75,2019-01-25,0.026969755345790825,ENTERED,0.6507942043535674,0.0,2019
LONG,2019-01-31,2688.0,2687.75,2019-02-04,2719.25,2719.5,{},3,3,ES,10,fixed_hold,0,-2.0,31.25,31.17,0.010750085801973213,33.75,2019-01-30,0.02900354168660857,ENTERED,0.6607704156219907,-1.75,2019
LONG,2019-02-05,2720.0,2719.75,2019-02-07,2697.25,2697.5,{},3,3,ES,10,fixed_hold,0,0.25,-22.75,-22.83,0.007834163703729484,-22.5,2019-02-04,0.021120811039143872,ENTERED,0.9072348296443783,0.0,2019
LONG,2019-02-08,2697.75,2697.5,2019-02-12,2746.75,2747.0,{},3,3,ES,10,fixed_hold,0,-1.5,49.0,48.92,0.008296222453380301,51.0,2019-02-07,0.02245806879560308,ENTERED,0.8582436337898413,-1.5,2019
LONG,2019-02-13,2747.25,2747.0,2019-02-15,2777.5,2777.75,{},3,3,ES,10,fixed_hold,0,0.0,30.25,30.17,0.00836657449410586,30.75,2019-02-12,0.03866149919652173,ENTERED,0.8527395847359379,0.0,2019
LONG,2019-02-18,2778.75,2778.5,2019-02-20,2785.75,2786.0,{},3,3,ES,10,fixed_hold,0,0.5,7.0,6.92,0.008015887123441303,7.0,2019-02-15,0.02708448881493819,ENTERED,0.8905242584475497,0.0,2019
LONG,2019-02-21,2786.0,2785.75,2019-02-25,2794.25,2794.5,{},3,3,ES,10,fixed_hold,0,5.5,8.25,8.17,0.007115262137973753,3.25,2019-02-20,0.021073850100788327,ENTERED,1.002964721941287,5.5,2019
LONG,2019-02-26,2794.75,2794.5,2019-02-28,2785.0,2785.25,{},3,3,ES,10,fixed_hold,0,0.25,-9.75,-9.83,0.006430820430236581,-9.5,2019-02-25,0.03165666820489199,ENTERED,1.1100204109010114,0.0,2019
LONG,2019-03-01,2785.5,2785.25,2019-03-05,2786.25,2786.5,{},3,3,ES,10,fixed_hold,0,10.75,0.75,0.67,0.00572478392303267,-9.5,2019-02-28,0.015402843601895588,ENTERED,1.2462495276130277,10.5,2019
LONG,2019-03-06,2786.75,2786.5,2019-03-08,2748.5,2748.75,{},3,3,ES,10,fixed_hold,0,-0.25,-38.25,-38.33,0.006039109544761795,-37.5,2019-03-05,0.0028792513946371834,ENTERED,1.1802923202031774,0.0,2019
SHORT,2019-03-11,2748.0,2748.25,2019-03-13,2820.0,2819.75,{},3,3,ES,10,fixed_hold,0,0.0,-72.0,-72.08,0.005794596494374767,-71.5,2019-03-08,-0.016635363563187622,ENTERED,1.2279133059361513,0.0,2019
LONG,2019-03-14,2820.0,2819.75,2019-03-18,2841.5,2841.75,{},3,3,ES,10,fixed_hold,0,-3.5,21.5,21.42,0.00645676117861127,25.5,2019-03-13,0.008945343948474571,ENTERED,1.1017198667026493,-3.25,2019
LONG,2019-03-19,2841.75,2841.5,2019-03-21,2861.75,2862.0,{},3,3,ES,10,fixed_hold,0,-0.25,20.0,19.92,0.005974470110664116,20.75,2019-03-18,0.01827465735017464,ENTERED,1.1889487321499548,0.0,2019
LONG,2019-03-22,2862.0,2861.75,2019-03-26,2822.5,2822.75,{},3,3,ES,10,fixed_hold,0,3.5,-39.5,-39.58,0.006399376509326976,-42.5,2019-03-21,0.04025442980463456,ENTERED,1.1096742459709685,3.5,2019
LONG,2019-03-27,2822.75,2822.5,2019-03-29,2839.25,2839.5,{},3,3,ES,10,fixed_hold,0,0.25,16.5,16.42,0.007757123907407537,16.75,2019-03-26,0.009657515872306233,ENTERED,0.9157180867716559,0.0,2019
LONG,2019-04-01,2852.75,2852.5,2019-04-03,2878.25,2878.5,{},3,3,ES,10,fixed_hold,0,0.0,25.5,25.42,0.007864806275873009,26.0,2019-03-29,0.003356890459363715,ENTERED,0.9044777220836037,0.0,2019
LONG,2019-04-04,2878.75,2878.5,2019-04-08,2897.5,2897.75,{},3,3,ES,10,fixed_hold,0,-0.25,18.75,18.67,0.007851934030927182,19.5,2019-04-03,0.017497348886532205,ENTERED,0.9061795616147783,0.0,2019
LONG,2019-04-09,2898.0,2897.75,2019-04-11,2894.5,2894.75,{},3,3,ES,10,fixed_hold,0,-0.25,-3.5,-3.58,0.006805703344142862,-2.75,2019-04-08,0.031227758007117412,ENTERED,1.0462078267407533,0.0,2019
LONG,2019-04-12,2895.0,2894.75,2019-04-16,2910.0,2910.25,{},3,3,ES,10,fixed_hold,0,-0.5,15.0,14.92,0.006837063966524316,16.0,2019-04-11,0.0239653342766184,ENTERED,1.040438132487838,-0.5,2019
LONG,2019-04-17,2910.5,2910.25,2019-04-22,2912.5,2912.75,{},3,3,ES,10,fixed_hold,0,1.25,2.0,1.92,0.006784152813353235,1.25,2019-04-16,0.015085455179630225,ENTERED,1.0476512497138415,0.0,2019
LONG,2019-04-23,2913.25,2913.0,2019-04-25,2922.75,2923.0,{},3,3,ES,10,fixed_hold,0,0.0,9.5,9.42,0.004296350174461576,10.0,2019-04-22,0.005176429988784204,ENTERED,1.6528502133934355,0.0,2019
LONG,2019-04-26,2923.5,2923.25,2019-04-30,2954.75,2955.0,{},3,3,ES,10,fixed_hold,0,1.75,31.25,31.17,0.004448312673580477,30.0,2019-04-25,0.00880069025021557,ENTERED,1.59632911224598,1.5,2019
LONG,2019-05-01,2955.25,2955.0,2019-05-03,2949.0,2949.25,{},3,3,ES,10,fixed_hold,0,-0.25,-6.25,-6.33,0.003759639335912263,-5.5,2019-04-30,0.015463917525773141,ENTERED,1.8877501468503002,0.0,2019
LONG,2019-05-06,2895.5,2895.25,2019-05-08,2881.25,2881.5,{},3,3,ES,10,fixed_hold,0,0.25,-14.25,-14.33,0.00513311204233061,-14.0,2019-05-03,0.013313863597319786,ENTERED,1.378414987018314,0.0,2019
LONG,2019-05-09,2881.5,2881.25,2019-05-13,2803.5,2803.75,{},3,3,ES,10,fixed_hold,1,0.0,-48.0,-48.08,0.005806078556912839,-47.5,2019-05-08,0.0011062569789885845,ENTERED,1.214877672853916,0.0,2019
SHORT,2019-05-14,2803.5,2803.75,2019-05-16,2881.75,2881.5,{},3,3,ES,10,fixed_hold,0,0.25,-78.25,-78.33,0.007141990835599334,-78.0,2019-05-13,-0.018690668847467506,ENTERED,0.9876343120562643,0.0,2019
LONG,2019-05-17,2882.0,2881.75,2019-05-21,2867.0,2867.25,{},3,3,ES,10,fixed_hold,0,9.75,-15.0,-15.08,0.008101680771462087,-24.25,2019-05-16,0.016035778703757053,ENTERED,0.8726756130779495,9.5,2019
LONG,2019-05-22,2867.5,2867.25,2019-05-24,2830.75,2831.0,{},3,3,ES,10,fixed_hold,0,0.25,-36.75,-36.83,0.00822593739170352,-36.5,2019-05-21,0.004369528057075023,ENTERED,0.8627903873460869,0.0,2019
SHORT,2019-05-27,2830.25,2830.5,2019-05-29,2782.25,2782.0,{},3,3,ES,10,fixed_hold,0,-0.25,48.0,47.92,0.008537135816290314,48.75,2019-05-24,-0.009187155481669707,ENTERED,0.8316780761625727,0.0,2019
SHORT,2019-05-30,2781.5,2781.75,2019-06-03,2751.5,2751.25,{},3,3,ES,10,fixed_hold,0,16.25,30.0,29.92,0.008527450966722387,14.25,2019-05-29,-0.0246296783241301,ENTERED,0.832748652602475,16.5,2019
SHORT,2019-06-04,2750.75,2751.0,2019-06-06,2844.75,2844.5,{},3,3,ES,10,fixed_hold,0,0.0,-94.0,-94.08,0.007865025180297035,-93.5,2019-06-03,-0.03456443547679611,ENTERED,0.9031552347901869,0.0,2019
LONG,2019-06-07,2845.0,2844.75,2019-06-11,2885.25,2885.5,{},3,3,ES,10,fixed_hold,0,9.75,40.25,40.17,0.009495655457993482,31.0,2019-06-06,0.007526786504914451,ENTERED,0.7491364968431158,9.75,2019
LONG,2019-06-12,2885.75,2885.5,2019-06-14,2891.5,2891.75,{},3,3,ES,10,fixed_hold,0,0.0,5.75,5.67,0.00823032790403634,6.25,2019-06-11,0.028790444781175095,ENTERED,0.8645174555541423,0.0,2019
LONG,2019-06-17,2900.0,2899.75,2019-06-19,2940.75,2941.0,{},3,3,ES,10,fixed_hold,0,-0.25,40.75,40.67,0.007711136702562661,41.5,2019-06-14,0.05059037238873776,ENTERED,0.9243662629115647,0.0,2019
LONG,2019-06-20,2941.5,2941.25,2019-06-24,2952.0,2952.25,{},3,3,ES,10,fixed_hold,0,7.0,10.5,10.42,0.007810632470630282,4.0,2019-06-19,0.04198405668733396,ENTERED,0.9134355363145642,7.0,2019
LONG,2019-06-25,2952.75,2952.5,2019-06-27,2935.5,2935.75,{},3,3,ES,10,fixed_hold,0,0.0,-17.25,-17.33,0.007388697124190242,-16.75,2019-06-24,0.02268987615830942,ENTERED,0.9661164636226918,0.0,2019
LONG,2019-06-28,2936.25,2936.0,2019-07-02,2977.75,2978.0,{},3,3,ES,10,fixed_hold,0,17.25,41.5,41.42,0.006851201534767121,24.75,2019-06-27,0.015391266753134403,ENTERED,1.041621221553335,17.5,2019
LONG,2019-07-03,2978.25,2978.0,2019-07-05,2991.5,2991.75,{},3,3,ES,10,fixed_hold,0,0.0,13.25,13.17,0.004954793591873085,13.75,2019-07-02,0.01681604780196322,ENTERED,1.4399205794300358,0.0,2019
LONG,2019-07-08,2989.25,2989.0,2019-07-10,2997.25,2997.5,{},3,3,ES,10,fixed_hold,0,0.0,8.0,7.92,0.00467052247357288,8.5,2019-07-05,0.014754515390486,ENTERED,1.5244932757322007,0.0,2019
LONG,2019-07-11,2997.75,2997.5,2019-07-15,3019.25,3019.5,{},3,3,ES,10,fixed_hold,0,-1.0,21.5,21.42,0.004958748049080318,23.0,2019-07-10,0.02698072805139229,ENTERED,1.4348908368702855,-1.0,2019
LONG,2019-07-16,3019.75,3019.5,2019-07-18,3000.25,3000.5,{},3,3,ES,10,fixed_hold,0,0.0,-19.5,-19.58,0.004947277241717094,-19.0,2019-07-15,0.018724696356275494,ENTERED,1.4366338949487203,0.0,2019
SHORT,2019-07-19,3000.25,3000.5,2019-07-23,3005.75,3005.5,{},3,3,ES,10,fixed_hold,0,-8.0,-5.5,-5.58,0.005089616905733379,3.0,2019-07-18,-0.0007493131296311129,ENTERED,1.3956529135503488,-8.25,2019
LONG,2019-07-24,3005.75,3005.5,2019-07-26,3022.75,3023.0,{},3,3,ES,10,fixed_hold,0,0.25,17.0,16.92,0.005125957565917534,17.25,2019-07-23,0.007880617035546988,ENTERED,1.3852964894644437,0.0,2019
LONG,2019-07-29,3024.0,3023.75,2019-07-31,2973.0,2973.25,{},3,3,ES,10,fixed_hold,0,0.0,-51.0,-51.08,0.005165313769830907,-50.5,2019-07-26,0.0029028779961848272,ENTERED,1.3745822631532714,0.0,2019
SHORT,2019-08-01,2973.0,2973.25,2019-08-05,2782.0,2781.75,{},3,3,ES,10,fixed_hold,0,7.5,191.0,190.92,0.005858497682902152,184.0,2019-07-31,-0.002934272300469498,ENTERED,1.2094225889484058,7.5,2019
SHORT,2019-08-06,2781.75,2782.0,2019-08-08,2934.25,2934.0,{},3,3,ES,10,fixed_hold,0,0.0,-152.5,-152.58,0.01299166839868665,-152.0,2019-08-05,-0.06949322629202204,ENTERED,0.54538025583535,0.0,2019
SHORT,2019-08-09,2934.0,2934.25,2019-08-13,2932.75,2932.5,{},3,3,ES,10,fixed_hold,0,9.75,1.25,1.17,0.01585518378557716,-8.0,2019-08-08,-0.024844204403822512,ENTERED,0.4476302390722609,9.5,2019
SHORT,2019-08-14,2932.5,2932.75,2019-08-16,2891.75,2891.5,{},3,3,ES,10,fixed_hold,0,0.5,40.75,40.67,0.016486008242407497,40.75,2019-08-13,-0.02768567639257291,ENTERED,0.43072713035185833,0.0,2019
SHORT,2019-08-19,2905.5,2905.75,2019-08-21,2935.25,2935.0,{},3,3,ES,10,fixed_hold,0,0.0,-29.75,-29.83,0.01776293934839639,-29.25,2019-08-16,-0.01465326290679847,ENTERED,0.39977748971556487,0.0,2019
LONG,2019-08-22,2935.25,2935.0,2019-08-26,2876.0,2876.25,{},3,3,ES,10,fixed_hold,0,-27.0,-59.25,-59.33,0.018043192877660142,-31.75,2019-08-21,0.021047138632805718,ENTERED,0.39391177721982473,-27.0,2019
SHORT,2019-08-27,2876.0,2876.25,2019-08-29,2923.75,2923.5,{},3,3,ES,10,fixed_hold,0,0.5,-47.75,-47.83,0.018849131264781,-47.75,2019-08-26,-0.0037235885001729585,ENTERED,0.37739362971713586,0.0,2019
LONG,2019-08-30,2924.0,2923.75,2019-09-03,2902.5,2902.75,{},3,3,ES,10,fixed_hold,0,-14.75,-21.5,-21.58,0.01886094391071361,-6.25,2019-08-29,0.024262065341158268,ENTERED,0.37750921368646323,-14.75,2019
LONG,2019-09-04,2903.25,2903.0,2019-09-06,2982.75,2983.0,{},3,3,ES,10,fixed_hold,0,0.0,79.5,79.42,0.012760017813471441,80.0,2019-09-03,0.0012935494998276287,ENTERED,0.5586132183156303,0.0,2019
LONG,2019-09-09,2982.0,2981.75,2019-09-11,3018.0,3018.25,{},3,3,ES,10,fixed_hold,0,0.5,36.0,35.92,0.01248639800106724,36.0,2019-09-06,0.04611607925653183,ENTERED,0.5715304694870572,0.0,2019
LONG,2019-09-12,3018.5,3018.25,2019-09-16,3003.25,3003.5,{},3,3,ES,10,fixed_hold,0,-15.25,-15.25,-15.33,0.009554191488403602,0.5,2019-09-11,0.04627784036744953,ENTERED,0.7471424395320095,-15.25,2019
LONG,2019-09-17,3004.0,3003.75,2019-09-19,3010.0,3010.25,{},3,3,ES,10,fixed_hold,0,0.25,6.0,5.92,0.009208199047879817,6.25,2019-09-16,0.03461935928349957,ENTERED,0.7763944591700068,0.0,2019
LONG,2019-09-20,3010.75,3010.5,2019-09-24,2975.5,2975.75,{},3,3,ES,10,fixed_hold,0,13.5,-35.25,-35.33,0.008559652157967309,-48.25,2019-09-19,0.011168962042324537,ENTERED,0.8352611444260226,13.75,2019
SHORT,2019-09-25,2975.5,2975.75,2019-09-27,2968.75,2968.5,{},3,3,ES,10,fixed_hold,0,0.25,6.75,6.67,0.006937785556124746,7.0,2019-09-24,-0.0005038206398521039,ENTERED,1.0304721386778872,0.0,2019
SHORT,2019-09-30,2970.5,2970.75,2019-10-02,2886.25,2886.0,{},3,3,ES,10,fixed_hold,0,0.25,84.25,84.17,0.00647696878000036,84.5,2019-09-27,-0.012803458596607475,ENTERED,1.1021115245211097,0.0,2019
SHORT,2019-10-03,2885.75,2886.0,2019-10-07,2937.25,2937.0,{},3,3,ES,10,fixed_hold,0,11.5,-51.5,-51.58,0.007912854001124982,-62.5,2019-10-02,-0.04007982704140978,ENTERED,0.9021197579769524,11.25,2019
SHORT,2019-10-08,2936.75,2937.0,2019-10-10,2947.25,2947.0,{},3,3,ES,10,fixed_hold,0,0.0,-10.5,-10.58,0.008325921496104295,-10.0,2019-10-07,-0.023522566702684378,ENTERED,0.8578018467915025,0.0,2019
SHORT,2019-10-11,2946.5,2946.75,2019-10-15,2995.0,2994.75,{},3,3,ES,10,fixed_hold,0,-11.5,-48.5,-48.58,0.00923339834503714,-36.5,2019-10-10,-0.010575793184488758,ENTERED,0.7743134856945989,-11.5,2019
LONG,2019-10-16,2995.0,2994.75,2019-10-18,2989.0,2989.25,{},3,3,ES,10,fixed_hold,0,0.5,-6.0,-6.08,0.009602483772049714,-6.0,2019-10-15,0.01654786150712817,ENTERED,0.7449381022312874,0.0,2019
LONG,2019-10-21,2991.75,2991.5,2019-10-23,3006.5,3006.75,{},3,3,ES,10,fixed_hold,0,0.25,14.75,14.67,0.009520229571679114,15.0,2019-10-18,0.01304753028890926,ENTERED,0.7525309217974939,0.0,2019
LONG,2019-10-24,3007.0,3006.75,2019-10-28,3038.5,3038.75,{},3,3,ES,10,fixed_hold,0,4.75,31.5,31.42,0.009284290437386742,27.25,2019-10-23,0.03698913605794063,ENTERED,0.771738674220531,4.75,2019
LONG,2019-10-29,3039.0,3038.75,2019-10-31,3034.0,3034.25,{},3,3,ES,10,fixed_hold,0,0.5,-5.0,-5.08,0.009346053245526433,-5.0,2019-10-28,0.022201665124884196,ENTERED,0.7670394561528594,0.0,2019
LONG,2019-11-01,3034.75,3034.5,2019-11-05,3072.0,3072.25,{},3,3,ES,10,fixed_hold,0,4.25,37.25,37.17,0.0072579561084417455,33.5,2019-10-31,0.01259803103620838,ENTERED,0.9877149284887825,4.5,2019
LONG,2019-11-06,3072.25,3072.0,2019-11-08,3091.75,3092.0,{},3,3,ES,10,fixed_hold,0,0.25,19.5,19.42,0.005484659294050861,19.75,2019-11-05,0.0272506896263478,ENTERED,1.3069649404300054,0.0,2019
LONG,2019-11-11,3089.0,3088.75,2019-11-13,3094.25,3094.5,{},3,3,ES,10,fixed_hold,0,0.5,5.25,5.17,0.004341457967529735,5.25,2019-11-08,0.023925821673979497,ENTERED,1.6501984330798143,0.0,2019
LONG,2019-11-14,3094.75,3094.5,2019-11-18,3119.0,3119.25,{},3,3,ES,10,fixed_hold,0,-4.25,24.25,24.17,0.004146223083989259,29.0,2019-11-13,0.015089388223716194,ENTERED,1.726912980798454,-4.25,2019
LONG,2019-11-19,3119.75,3119.5,2019-11-21,3101.0,3101.25,{},3,3,ES,10,fixed_hold,0,0.5,-18.75,-18.83,0.0041012905214021355,-18.75,2019-11-18,0.01175802789490743,ENTERED,1.7441476044013378,0.0,2019
LONG,2019-11-22,3101.75,3101.5,2019-11-26,3142.75,3143.0,{},3,3,ES,10,fixed_hold,0,7.25,41.0,40.92,0.003955257688805766,34.25,2019-11-21,0.004697497367781578,ENTERED,1.8076053243224088,7.25,2019
LONG,2019-11-27,3143.5,3143.25,2019-11-29,3143.5,3143.75,{},3,3,ES,10,fixed_hold,0,-0.25,0.0,-0.08,0.00384050623878444,0.75,2019-11-26,0.0176461065242024,ENTERED,1.8596482837272639,0.0,2019
LONG,2019-12-02,3148.0,3147.75,2019-12-04,3109.25,3109.5,{},3,3,ES,10,fixed_hold,0,0.25,-38.75,-38.83,0.0031471765617585483,-38.5,2019-11-29,0.007935235652452466,ENTERED,2.2681733281634306,0.0,2019
LONG,2019-12-05,3109.5,3109.25,2019-12-09,3134.75,3135.0,{},3,3,ES,10,fixed_hold,0,-0.25,25.25,25.17,0.004083725126085475,26.0,2019-12-04,0.002498589505923521,ENTERED,1.747059128488657,-0.5,2019
LONG,2019-12-10,3135.25,3135.0,2019-12-12,3180.5,3180.75,{},3,3,ES,10,fixed_hold,0,0.25,45.25,45.17,0.004516175226619418,45.5,2019-12-09,0.0007980845969672856,ENTERED,1.5783078066888143,0.0,2019
LONG,2019-12-13,3181.0,3180.75,2019-12-17,3194.25,3194.5,{},3,3,ES,10,fixed_hold,0,6.25,13.25,13.17,0.0051081722975661985,7.5,2019-12-12,0.009361364537881611,ENTERED,1.3929174122344772,6.5,2019
LONG,2019-12-18,3194.75,3194.5,2019-12-20,3224.25,3224.5,{},3,3,ES,10,fixed_hold,0,0.25,29.5,29.42,0.005161506230862355,29.75,2019-12-17,0.032315398287283914,ENTERED,1.378191122292215,0.0,2019
LONG,2019-12-23,3228.5,3228.25,2019-12-25,3227.25,3227.5,{},3,3,ES,10,fixed_hold,0,1.0,-1.25,-1.33,0.005079486074245047,-1.75,2019-12-20,0.024789448593675267,ENTERED,1.398436487375872,0.0,2019
LONG,2019-12-26,3227.5,3227.25,2019-12-30,3224.5,3224.75,{},3,3,ES,10,fixed_hold,0,4.75,-3.0,-3.08,0.004956829249649084,-7.25,2019-12-25,0.025905912269548637,ENTERED,1.4326140653673853,4.5,2019
LONG,2019-12-31,3225.0,3224.75,2020-01-02,3261.0,3261.25,{},3,3,ES,10,fixed_hold,0,1.25,36.0,35.92,0.004402561818453018,35.25,2019-12-30,0.009390406135065144,ENTERED,1.6127311743519797,0.0,2019
LONG,2020-01-03,3261.25,3261.0,2020-01-07,3203.0,3203.25,{},3,3,ES,10,fixed_hold,0,-11.75,-58.25,-58.33,0.004184850163424534,-46.0,2020-01-02,0.014938146736170443,ENTERED,1.69594117622236,-11.75,2020
SHORT,2020-01-08,3203.25,3203.5,2020-01-10,3263.75,3263.5,{},3,3,ES,10,fixed_hold,0,-0.25,-60.5,-60.58,0.005275882052280694,-59.75,2020-01-07,-0.007205950720594934,ENTERED,1.3411138647676988,0.0,2020
LONG,2020-01-13,3267.5,3267.25,2020-01-15,3296.75,3297.0,{},3,3,ES,10,fixed_hold,0,0.0,29.25,29.17,0.006272603960981852,29.75,2020-01-10,0.008342345125907924,ENTERED,1.1271458039080187,0.0,2020
LONG,2020-01-16,3297.25,3297.0,2020-01-20,3322.75,3323.0,{},3,3,ES,10,fixed_hold,0,4.25,25.5,25.42,0.006597598137208212,21.75,2020-01-15,0.01837837837837819,ENTERED,1.0688500247512276,4.25,2020
LONG,2020-01-21,3323.25,3323.0,2020-01-23,3330.25,3330.5,{},3,3,ES,10,fixed_hold,0,0.0,7.0,6.92,0.0066727748924869925,7.5,2020-01-20,0.024826522744795687,ENTERED,1.0561467257400163,0.0,2020
LONG,2020-01-24,3330.75,3330.5,2020-01-28,3275.0,3275.25,{},3,3,ES,10,fixed_hold,1,0.25,-23.5,-23.58,0.006709427763175951,-23.25,2020-01-23,0.01601586333129945,ENTERED,1.0489250079727335,0.0,2020
LONG,2020-01-29,3275.75,3275.5,2020-01-31,3226.75,3227.0,{},3,3,ES,10,fixed_hold,0,0.25,-49.0,-49.08,0.007491104354784313,-48.75,2020-01-28,0.008741473357499974,ENTERED,0.940773085052456,0.0,2020
SHORT,2020-02-03,3231.75,3232.0,2020-02-05,3334.75,3334.5,{},3,3,ES,10,fixed_hold,0,-0.25,-103.0,-103.08,0.0084428550300197,-102.25,2020-01-31,-0.01950032696130266,ENTERED,0.8352438727397167,0.0,2020
LONG,2020-02-06,3334.5,3334.25,2020-02-10,3351.25,3351.5,{},3,3,ES,10,fixed_hold,0,-11.25,16.75,16.67,0.008113676599961475,28.5,2020-02-05,0.015990241296003793,ENTERED,0.8713853882506337,-11.5,2020
LONG,2020-02-11,3351.75,3351.5,2020-02-13,3374.0,3374.25,{},3,3,ES,10,fixed_hold,0,0.5,22.25,22.17,0.008229088372096799,22.25,2020-02-10,0.03218355404989248,ENTERED,0.8598228927987346,0.0,2020
LONG,2020-02-14,3374.5,3374.25,2020-02-18,3377.75,3378.0,{},3,3,ES,10,fixed_hold,0,7.25,3.25,3.17,0.007969434845498398,-3.5,2020-02-13,0.025841757239492225,ENTERED,0.8905599764682794,7.25,2020
LONG,2020-02-19,3378.25,3378.0,2020-02-21,3338.0,3338.25,{},3,3,ES,10,fixed_hold,0,0.25,-40.25,-40.33,0.00797298020406793,-40.0,2020-02-18,0.02550091074681249,ENTERED,0.8905263163714271,0.0,2020
LONG,2020-02-24,3298.75,3298.5,2020-02-26,3103.0,3103.25,{},3,3,ES,10,fixed_hold,0,0.5,-195.75,-195.83,0.007952908532554419,-195.75,2020-02-21,0.004589226602467633,ENTERED,0.8929089619984447,0.0,2020
SHORT,2020-02-27,3103.0,3103.25,2020-03-02,3084.75,3084.5,{},3,3,ES,10,fixed_hold,1,0.25,-50.75,-50.83,0.011136351269069445,-50.5,2020-02-26,-0.06736538812776116,ENTERED,0.637851527103945,0.0,2020
SHORT,2020-03-03,3084.25,3084.5,2020-03-05,3026.75,3026.5,{},3,3,ES,10,fixed_hold,0,-0.5,57.5,57.42,0.01948413688634063,58.5,2020-03-02,-0.05347692919178404,ENTERED,0.36509403041699034,0.0,2020
SHORT,2020-03-06,3026.25,3026.5,2020-03-10,2827.25,2827.0,{},3,3,ES,10,fixed_hold,1,-0.5,57.75,57.67,0.02258985143421842,58.75,2020-03-05,-0.0657403475959134,ENTERED,0.3149760483681522,0.0,2020
SHORT,2020-03-11,2826.75,2827.0,2020-03-13,2665.0,2664.75,{},3,3,ES,10,fixed_hold,0,-0.5,161.75,161.67,0.022982237594588048,162.75,2020-03-10,-0.035810025212143826,ENTERED,0.31014885244361773,0.0,2020
SHORT,2020-03-16,2567.25,2567.5,2020-03-18,2443.5,2443.25,{},3,3,ES,10,fixed_hold,0,15.0,123.75,123.67,0.04003631053870318,109.25,2020-03-13,-0.04141640502604882,ENTERED,0.25,0.0,2020
SHORT,2020-03-19,2443.75,2444.0,2020-03-23,2253.0,2252.75,{},3,3,ES,10,fixed_hold,1,0.0,115.0,114.92,0.041057178149445164,115.5,2020-03-18,-0.14293208859550766,ENTERED,0.25,0.0,2020
SHORT,2020-03-24,2252.0,2252.25,2020-03-26,2629.5,2629.25,{},3,3,ES,10,fixed_hold,0,0.0,-377.5,-377.58,0.04283476895233174,-377.0,2020-03-23,-0.13478590376855726,ENTERED,0.25,0.0,2020
LONG,2020-03-27,2629.5,2629.25,2020-03-31,2538.75,2539.0,{},3,3,ES,10,fixed_hold,1,0.0,-57.75,-57.83,0.04819486496371352,-57.25,2020-03-26,0.15692840166960753,ENTERED,0.25,0.0,2020
LONG,2020-04-01,2539.0,2538.75,2020-04-03,2480.0,2480.25,{},3,3,ES,10,fixed_hold,0,0.0,-59.0,-59.08,0.04886727546422478,-58.5,2020-03-31,0.09747300407433124,ENTERED,0.25,0.0,2020
LONG,2020-04-06,2519.0,2518.75,2020-04-08,2747.0,2747.25,{},3,3,ES,10,fixed_hold,0,-0.5,228.0,227.92,0.04798405405560656,229.0,2020-04-03,0.1471689760393209,ENTERED,0.25,0.0,2020
LONG,2020-04-09,2747.75,2747.5,2020-04-14,2831.75,2832.0,{},3,3,ES,10,fixed_hold,1,0.0,127.0,126.92,0.04954128844579903,127.5,2020-04-08,0.1104530488447335,ENTERED,0.25,0.0,2020
LONG,2020-04-15,2832.25,2832.0,2020-04-17,2868.75,2869.0,{},3,3,ES,10,fixed_hold,0,0.25,36.5,36.42,0.03519724210266913,36.75,2020-04-14,0.08241617299024306,ENTERED,0.25,0.0,2020
LONG,2020-04-20,2848.75,2848.5,2020-04-22,2778.75,2779.0,{},3,3,ES,10,fixed_hold,0,0.25,-70.0,-70.08,0.03518135646928495,-69.75,2020-04-17,0.14559054206733113,ENTERED,0.25,0.0,2020
LONG,2020-04-23,2779.5,2779.25,2020-04-27,2867.25,2867.5,{},3,3,ES,10,fixed_hold,0,-8.5,87.75,87.67,0.03153948007946567,96.75,2020-04-22,0.06481126827794226,ENTERED,0.25,-8.75,2020
LONG,2020-04-28,2867.75,2867.5,2020-04-30,2874.0,2874.25,{},3,3,ES,10,fixed_hold,0,0.0,6.25,6.17,0.026535086079814158,6.75,2020-04-27,0.03594653179190743,ENTERED,0.27053739655528375,0.0,2020
LONG,2020-05-01,2874.75,2874.5,2020-05-05,2866.25,2866.5,{},3,3,ES,10,fixed_hold,1,-0.25,31.25,31.17,0.023183894111989605,32.0,2020-04-30,0.0016553406516819358,ENTERED,0.3098377682089684,0.0,2020
LONG,2020-05-06,2866.75,2866.5,2020-05-08,2930.25,2930.5,{},3,3,ES,10,fixed_hold,0,0.0,63.5,63.42,0.020774292110723364,64.0,2020-05-05,0.06056079161332861,ENTERED,0.34578463533279286,0.0,2020
LONG,2020-05-11,2938.25,2938.0,2020-05-13,2816.5,2816.75,{},3,3,ES,10,fixed_hold,0,0.25,-121.75,-121.83,0.020007101070814066,-121.5,2020-05-08,0.05107617547758392,ENTERED,0.36006860176365124,0.0,2020
SHORT,2020-05-14,2816.5,2816.75,2020-05-18,2951.5,2951.25,{},3,3,ES,10,fixed_hold,0,-13.5,-135.0,-135.08,0.019774726375880708,-121.0,2020-05-13,-0.03018827141311664,ENTERED,0.3646801664382929,-13.5,2020
LONG,2020-05-19,2951.5,2951.25,2020-05-21,2949.0,2949.25,{},3,3,ES,10,fixed_hold,0,-0.5,-2.5,-2.58,0.018538906594145414,-1.5,2020-05-18,0.04238410596026476,ENTERED,0.3895874246479223,0.0,2020
LONG,2020-05-22,2949.75,2949.5,2020-05-26,2989.75,2990.0,{},3,3,ES,10,fixed_hold,0,11.0,40.0,39.92,0.017482686214112947,29.5,2020-05-21,0.019619706136559945,ENTERED,0.41312777157111835,10.75,2020
LONG,2020-05-27,2990.5,2990.25,2020-05-29,3057.0,3057.25,{},3,3,ES,10,fixed_hold,0,-0.25,66.5,66.42,0.01688400258672269,67.25,2020-05-26,0.05681717769726924,ENTERED,0.4286094117760127,0.0,2020
LONG,2020-06-01,3025.5,3025.25,2020-06-03,3122.75,3123.0,{},3,3,ES,10,fixed_hold,0,0.25,97.25,97.17,0.014305174091131601,97.5,2020-05-29,0.07093440756633718,ENTERED,0.5059487006756697,0.0,2020
LONG,2020-06-04,3123.25,3123.0,2020-06-08,3222.75,3223.0,{},3,3,ES,10,fixed_hold,0,23.0,99.5,99.42,0.013593408639658636,77.0,2020-06-03,0.0646989842743344,ENTERED,0.5330127679188508,23.25,2020
LONG,2020-06-09,3223.25,3223.0,2020-06-11,3028.0,3028.25,{},3,3,ES,10,fixed_hold,0,0.25,-195.25,-195.33,0.01379343324142144,-195.0,2020-06-08,0.09215918449371019,ENTERED,0.5253087142553415,0.0,2020
LONG,2020-06-12,3028.75,3028.5,2020-06-16,3135.25,3135.5,{},3,3,ES,10,fixed_hold,1,-0.25,146.0,145.92,0.016269489375991073,146.75,2020-06-11,0.011579781146892065,ENTERED,0.44551103537751746,0.0,2020
LONG,2020-06-17,3125.0,3124.75,2020-06-19,3057.5,3057.75,{},3,3,ES,10,fixed_hold,0,0.25,-67.5,-67.58,0.016054185257025774,-67.25,2020-06-16,0.029434787111021876,ENTERED,0.45186495006473465,0.0,2020
SHORT,2020-06-22,3053.75,3054.0,2020-06-24,3037.5,3037.25,{},3,3,ES,10,fixed_hold,0,0.25,16.25,16.17,0.0171054634164404,16.5,2020-06-19,-0.02737280795720365,ENTERED,0.4242971136273215,0.0,2020
SHORT,2020-06-25,3037.0,3037.25,2020-06-29,3054.5,3054.25,{},3,3,ES,10,fixed_hold,0,2.75,-17.5,-17.58,0.018271709115917228,-19.75,2020-06-24,-0.027635513399306477,ENTERED,0.3972237113888293,2.75,2020
SHORT,2020-06-30,3053.75,3054.0,2020-07-02,3127.5,3127.25,{},3,3,ES,10,fixed_hold,0,3.75,-73.75,-73.83,0.019381005172635135,-77.0,2020-06-29,-0.014042450165442477,ENTERED,0.37458339068877633,0.0,2020
LONG,2020-07-03,3127.5,3127.25,2020-07-07,3140.0,3140.25,{},3,3,ES,10,fixed_hold,0,19.5,12.5,12.42,0.01908591910964162,-6.5,2020-07-02,0.003852018297086701,ENTERED,0.3805010798330975,19.75,2020
LONG,2020-07-08,3140.5,3140.25,2020-07-10,3179.25,3179.5,{},3,3,ES,10,fixed_hold,0,0.25,38.75,38.67,0.018821450837503972,39.0,2020-07-07,0.009239916439016449,ENTERED,0.386908902381207,0.0,2020
LONG,2020-07-13,3186.75,3186.5,2020-07-15,3217.75,3218.0,{},3,3,ES,10,fixed_hold,0,0.0,31.0,30.92,0.0155671661292387,31.5,2020-07-10,0.05877455877455873,ENTERED,0.46785514641738407,0.0,2020
LONG,2020-07-16,3218.25,3218.0,2020-07-20,3243.0,3243.25,{},3,3,ES,10,fixed_hold,0,7.5,24.75,24.67,0.013706466489630347,17.75,2020-07-15,0.03722804190169149,ENTERED,0.5321948349191402,7.5,2020
LONG,2020-07-21,3243.75,3243.5,2020-07-23,3233.5,3233.75,{},3,3,ES,10,fixed_hold,0,0.25,-10.25,-10.33,0.012240549133324279,-10.0,2020-07-20,0.020853005980484562,ENTERED,0.5959836471456618,0.0,2020
LONG,2020-07-24,3233.75,3233.5,2020-07-28,3217.25,3217.5,{},3,3,ES,10,fixed_hold,0,-4.0,-16.5,-16.58,0.01065595642689159,-12.0,2020-07-23,0.026261504284354364,ENTERED,0.6852395013164087,-4.25,2020
LONG,2020-07-29,3218.0,3217.75,2020-07-31,3269.25,3269.5,{},3,3,ES,10,fixed_hold,0,0.0,51.25,51.17,0.008924023633402224,51.75,2020-07-28,0.0024145182646626573,ENTERED,0.8183172567263424,0.0,2020
LONG,2020-08-03,3264.5,3264.25,2020-08-05,3318.5,3318.75,{},3,3,ES,10,fixed_hold,0,-0.25,54.0,53.92,0.008912464799292802,54.75,2020-07-31,0.01734733566705593,ENTERED,0.8199080239083877,0.0,2020
LONG,2020-08-06,3319.0,3318.75,2020-08-10,3352.0,3352.25,{},3,3,ES,10,fixed_hold,0,-5.25,33.0,32.92,0.0072514531129613475,38.75,2020-08-05,0.01770929162833479,ENTERED,1.0077154589443427,-5.25,2020
LONG,2020-08-11,3352.25,3352.0,2020-08-13,3375.75,3376.0,{},3,3,ES,10,fixed_hold,0,-0.25,23.5,23.42,0.006521607306149205,24.25,2020-08-10,0.0359239802224971,ENTERED,1.1201682696613606,0.0,2020
LONG,2020-08-14,3376.25,3376.0,2020-08-18,3388.75,3389.0,{},3,3,ES,10,fixed_hold,0,6.25,12.5,12.42,0.00598528417019429,6.75,2020-08-13,0.03320581484315244,ENTERED,1.2199725293536972,6.5,2020
LONG,2020-08-19,3389.25,3389.0,2020-08-21,3391.25,3391.5,{},3,3,ES,10,fixed_hold,0,0.25,2.0,1.92,0.0060078725405277,2.25,2020-08-18,0.02728099424067909,ENTERED,1.21486214726215,0.0,2020
LONG,2020-08-24,3397.75,3397.5,2020-08-26,3477.0,3477.25,{},3,3,ES,10,fixed_hold,0,0.0,79.25,79.17,0.005483185685826696,79.75,2020-08-21,0.013219807304503783,ENTERED,1.3303417189807902,0.0,2020
LONG,2020-08-27,3477.5,3477.25,2020-08-31,3496.25,3496.5,{},3,3,ES,10,fixed_hold,0,11.75,18.75,18.67,0.0052012523595010894,7.5,2020-08-26,0.03159534228287497,ENTERED,1.4012961581535333,12.0,2020
LONG,2020-09-01,3496.75,3496.5,2020-09-03,3431.5,3431.75,{},3,3,ES,10,fixed_hold,0,0.25,-65.25,-65.33,0.005322217318715486,-65.0,2020-08-31,0.0326343768458357,ENTERED,1.3682618443919654,0.0,2020
LONG,2020-09-04,3432.0,3431.75,2020-09-08,3322.5,3322.75,{},3,3,ES,10,fixed_hold,0,-10.25,-109.5,-109.58,0.011921800955874093,-98.75,2020-09-03,0.012464965334119782,ENTERED,0.6108294301938033,-10.25,2020
SHORT,2020-09-09,3322.0,3322.25,2020-09-11,3337.5,3337.25,{},3,3,ES,10,fixed_hold,0,-0.25,-15.5,-15.58,0.014387383435799104,-14.75,2020-09-08,-0.035486211901306186,ENTERED,0.5062198294219711,0.0,2020
SHORT,2020-09-14,3350.75,3351.0,2020-09-16,3381.0,3380.75,{},3,3,ES,10,fixed_hold,0,0.0,-30.25,-30.33,0.015934945472060497,-29.75,2020-09-11,-0.04833535324730842,ENTERED,0.4577681601460993,0.0,2020
SHORT,2020-09-17,3380.5,3380.75,2020-09-21,3282.5,3282.25,{},3,3,ES,10,fixed_hold,0,2.75,98.0,97.92,0.016024215703827182,95.75,2020-09-16,-0.05657876377842874,ENTERED,0.4552589187751582,3.0,2020
SHORT,2020-09-22,3282.25,3282.5,2020-09-24,3253.75,3253.5,{},3,3,ES,10,fixed_hold,0,-0.5,28.5,28.42,0.015999298086739895,29.5,2020-09-21,-0.045718854484663285,ENTERED,0.45638766328532376,0.0,2020
SHORT,2020-09-25,3253.0,3253.25,2020-09-29,3336.5,3336.25,{},3,3,ES,10,fixed_hold,0,-10.25,-83.5,-83.58,0.01694365860001206,-72.75,2020-09-24,-0.02786285202061678,ENTERED,0.4309979745839282,-10.0,2020
SHORT,2020-09-30,3335.75,3336.0,2020-10-02,3345.75,3345.5,{},3,3,ES,10,fixed_hold,0,0.0,-10.0,-10.08,0.01771536615876683,-9.5,2020-09-29,-0.01621820862513823,ENTERED,0.412489436360027,0.0,2020
LONG,2020-10-05,3362.0,3361.75,2020-10-07,3413.75,3414.0,{},3,3,ES,10,fixed_hold,0,0.0,51.75,51.67,0.01486277782840952,52.25,2020-10-02,0.008516090134900844,ENTERED,0.4916770483345034,0.0,2020
LONG,2020-10-08,3414.25,3414.0,2020-10-12,3531.5,3531.75,{},3,3,ES,10,fixed_hold,0,-6.25,117.25,117.17,0.012730307955539168,124.0,2020-10-07,0.061402145188869994,ENTERED,0.5760300240595785,-6.25,2020
LONG,2020-10-13,3532.0,3531.75,2020-10-15,3483.5,3483.75,{},3,3,ES,10,fixed_hold,0,0.0,-48.5,-48.58,0.01240456443989023,-48.0,2020-10-12,0.05260412785932522,ENTERED,0.5919635084003316,0.0,2020
LONG,2020-10-16,3484.0,3483.75,2020-10-20,3444.25,3444.5,{},3,3,ES,10,fixed_hold,0,12.75,-39.75,-39.83,0.012393352157902427,-52.0,2020-10-15,0.03459796569901297,ENTERED,0.5929957422407797,12.75,2020
LONG,2020-10-21,3445.0,3444.75,2020-10-23,3452.5,3452.75,{},3,3,ES,10,fixed_hold,0,0.5,7.5,7.42,0.01204220925819446,7.5,2020-10-20,0.029438135086671036,ENTERED,0.6108236957429822,0.0,2020
SHORT,2020-10-26,3439.0,3439.25,2020-10-28,3282.25,3282.0,{},3,3,ES,10,fixed_hold,0,-0.25,156.75,156.67,0.010313053001743625,157.5,2020-10-23,-0.0068315834891411464,ENTERED,0.7141869844260463,0.0,2020
SHORT,2020-10-29,3281.75,3282.0,2020-11-02,3309.25,3309.0,{},3,3,ES,10,fixed_hold,0,25.75,-27.5,-27.58,0.011634964240457655,-52.75,2020-10-28,-0.05797933409873679,ENTERED,0.6331164578355456,26.0,2020
SHORT,2020-11-03,3308.75,3309.0,2020-11-05,3499.75,3499.5,{},3,3,ES,10,fixed_hold,0,0.5,-191.0,-191.08,0.011345939955925994,-191.0,2020-11-02,-0.038011483392687895,ENTERED,0.6498169360671542,0.0,2020
LONG,2020-11-06,3499.5,3499.25,2020-11-10,3537.25,3537.5,{},3,3,ES,10,fixed_hold,0,27.75,37.75,37.67,0.012228890907601285,10.5,2020-11-05,0.013833562685594547,ENTERED,0.6031834232006107,27.25,2020
LONG,2020-11-11,3537.5,3537.25,2020-11-13,3581.75,3582.0,{},3,3,ES,10,fixed_hold,0,0.0,44.25,44.17,0.011801143296259965,44.75,2020-11-10,0.0509506833036244,ENTERED,0.625158117467563,0.0,2020
LONG,2020-11-16,3608.25,3608.0,2020-11-18,3563.0,3563.25,{},3,3,ES,10,fixed_hold,0,0.25,-45.25,-45.33,0.01227207040223454,-45.0,2020-11-13,0.0926561427590944,ENTERED,0.6014843411046485,0.0,2020
LONG,2020-11-19,3563.5,3563.25,2020-11-23,3591.5,3591.75,{},3,3,ES,10,fixed_hold,0,5.5,28.0,27.92,0.012584371928038079,23.0,2020-11-18,0.037487261610132716,ENTERED,0.586985009792076,5.75,2020
LONG,2020-11-24,3592.0,3591.75,2020-11-26,3620.0,3620.25,{},3,3,ES,10,fixed_hold,0,0.5,28.0,27.92,0.011816721595146507,28.0,2020-11-23,0.012259564574085724,ENTERED,0.625274706245513,0.0,2020
LONG,2020-11-27,3620.5,3620.25,2020-12-01,3658.25,3658.5,{},3,3,ES,10,fixed_hold,0,5.25,37.75,37.67,0.009840180618975273,33.0,2020-11-26,0.024260857264110758,ENTERED,0.7512748338216267,5.0,2020
LONG,2020-12-02,3659.0,3658.75,2020-12-04,3690.0,3690.25,{},3,3,ES,10,fixed_hold,0,0.0,31.0,30.92,0.008855308715189884,31.5,2020-12-01,0.013505090380220519,ENTERED,0.8349099967732371,0.0,2020
LONG,2020-12-07,3699.25,3699.0,2020-12-09,3674.5,3674.75,{},3,3,ES,10,fixed_hold,0,0.0,-24.75,-24.83,0.007669301975002291,-24.25,2020-12-04,0.0390679994368579,ENTERED,0.9645297077087323,0.0,2020
LONG,2020-12-10,3675.0,3674.75,2020-12-14,3646.75,3647.0,{},3,3,ES,10,fixed_hold,0,11.25,-28.25,-28.33,0.007663343189250726,-39.0,2020-12-09,0.01177037444933915,ENTERED,0.9652966190382986,11.5,2020
LONG,2020-12-15,3647.25,3647.0,2020-12-17,3713.25,3713.5,{},3,3,ES,10,fixed_hold,0,0.0,66.0,65.92,0.006368176066551049,66.5,2020-12-14,0.0021295596620187762,ENTERED,1.1615994148046949,0.0,2020
LONG,2020-12-18,3714.0,3713.75,2020-12-22,3683.0,3683.25,{},3,3,ES,10,fixed_hold,0,-9.75,-31.0,-31.08,0.005691148531801239,-20.75,2020-12-17,0.011852861035422935,ENTERED,1.2991025852711682,-9.75,2020
SHORT,2020-12-23,3682.75,3683.0,2020-12-28,3735.25,3735.0,{},3,3,ES,10,fixed_hold,0,-10.0,-52.5,-52.58,0.004964679918992704,-42.0,2020-12-22,-0.006272764063132263,ENTERED,1.4890547185155412,0.0,2020
LONG,2020-12-29,3735.0,3734.75,2020-12-31,3748.5,3748.75,{},3,3,ES,10,fixed_hold,0,0.0,13.5,13.42,0.005309889409569701,14.0,2020-12-28,0.020491803278688714,ENTERED,1.391497365439293,0.0,2020
LONG,2021-01-04,3749.5,3749.25,2021-01-06,3749.5,3749.75,{},3,3,ES,10,fixed_hold,0,0.0,0.0,-0.08,0.005443294192920592,0.5,2020-12-31,0.014340796861259886,ENTERED,1.357052809861662,0.0,2021
LONG,2021-01-07,3750.0,3749.75,2021-01-11,3797.0,3797.25,{},3,3,ES,10,fixed_hold,0,-12.5,47.0,46.92,0.0068001663413433016,60.0,2021-01-06,0.0179856115107917,ENTERED,1.0854820028446204,-12.5,2021
LONG,2021-01-12,3797.5,3797.25,2021-01-14,3794.75,3795.0,{},3,3,ES,10,fixed_hold,0,0.0,-2.75,-2.83,0.007162604499153293,-2.25,2021-01-11,0.028298693385688356,ENTERED,1.0300136672249531,0.0,2021
LONG,2021-01-15,3795.25,3795.0,2021-01-19,3803.25,3803.5,{},3,3,ES,10,fixed_hold,0,3.25,8.0,7.92,0.006744092364657764,5.25,2021-01-14,0.018381859653830324,ENTERED,1.093737137742787,3.25,2021
LONG,2021-01-20,3803.5,3803.25,2021-01-22,3829.75,3830.0,{},3,3,ES,10,fixed_hold,0,0.25,26.25,26.17,0.007714555333027086,26.5,2021-01-19,0.024098007539041344,ENTERED,0.9563196073622522,0.0,2021
LONG,2021-01-25,3841.5,3841.25,2021-01-27,3708.25,3708.5,{},3,3,ES,10,fixed_hold,0,0.0,-133.25,-133.33,0.007791838891853965,-132.75,2021-01-22,0.002093144950288117,ENTERED,0.9473319818759215,0.0,2021
SHORT,2021-01-28,3708.5,3708.75,2021-02-01,3770.0,3769.75,{},3,3,ES,10,fixed_hold,0,19.5,-61.5,-61.58,0.011226852042274329,-80.5,2021-01-27,-0.025745435439379794,ENTERED,0.6579616130676411,19.75,2021
SHORT,2021-02-02,3769.5,3769.75,2021-02-04,3866.0,3865.75,{},3,3,ES,10,fixed_hold,0,0.0,-96.5,-96.58,0.012776327320161334,-96.0,2021-02-01,-0.0008613835144447579,ENTERED,0.5783115083886987,0.0,2021
LONG,2021-02-05,3866.25,3866.0,2021-02-09,3908.75,3909.0,{},3,3,ES,10,fixed_hold,0,6.0,42.5,42.42,0.012830773623222854,37.0,2021-02-04,0.005658168574401268,ENTERED,0.5761679128930446,6.0,2021
LONG,2021-02-10,3909.5,3909.25,2021-02-12,3935.5,3935.75,{},3,3,ES,10,fixed_hold,0,0.0,26.0,25.92,0.012748177132577664,26.5,2021-02-09,0.016116454380036283,ENTERED,0.5799563101403401,0.0,2021
LONG,2021-02-15,3936.75,3936.5,2021-02-17,3930.25,3930.5,{},3,3,ES,10,fixed_hold,0,0.25,-6.5,-6.58,0.01228350366516351,-6.25,2021-02-12,0.06472338698769109,ENTERED,0.6022116974050249,0.0,2021
LONG,2021-02-18,3931.0,3930.75,2021-02-22,3878.25,3878.5,{},3,3,ES,10,fixed_hold,0,4.75,-52.75,-52.83,0.012082186322047765,-57.0,2021-02-17,0.025503881025373598,ENTERED,0.6122566788773159,4.75,2021
SHORT,2021-02-23,3878.0,3878.25,2021-02-25,3820.75,3820.5,{},3,3,ES,10,fixed_hold,0,-0.25,57.25,57.17,0.01221353798615694,58.0,2021-02-22,-0.00805626598465492,ENTERED,0.6068446457162511,0.0,2021
SHORT,2021-02-26,3820.5,3820.75,2021-03-02,3877.0,3876.75,{},3,3,ES,10,fixed_hold,0,-28.5,-56.5,-56.58,0.011098200245040709,-27.5,2021-02-25,-0.023139861927895744,ENTERED,0.6683734395097034,-28.5,2021
SHORT,2021-03-03,3876.5,3876.75,2021-03-05,3840.75,3840.5,{},3,3,ES,10,fixed_hold,0,0.0,35.75,35.67,0.01039247584488913,36.25,2021-03-02,-0.011348422059292318,ENTERED,0.7143352939168518,0.0,2021
SHORT,2021-03-08,3854.0,3854.25,2021-03-10,3900.25,3900.0,{},3,3,ES,10,fixed_hold,0,0.0,-46.25,-46.33,0.012496642412013051,-45.75,2021-03-05,-0.015067000064114877,ENTERED,0.5942705638771814,0.0,2021
SHORT,2021-03-11,3899.75,3900.0,2021-03-15,3952.25,3952.0,{},3,3,ES,10,fixed_hold,0,-0.25,-52.5,-52.58,0.012701464970375562,-51.75,2021-03-10,-0.008390541571319465,ENTERED,0.5851714544450329,0.0,2021
LONG,2021-03-16,3952.25,3952.0,2021-03-18,3909.75,3910.0,{},3,3,ES,10,fixed_hold,0,0.0,-42.5,-42.58,0.012839980216598587,-42.0,2021-03-15,0.012359910342619074,ENTERED,0.5792142111604259,0.0,2021
LONG,2021-03-19,3909.75,3909.5,2021-03-23,3898.5,3898.75,{},3,3,ES,10,fixed_hold,0,-0.25,-11.25,-11.33,0.01320455438193055,-10.5,2021-03-18,0.04037783542872364,ENTERED,0.5634571040074254,-0.25,2021
LONG,2021-03-24,3899.25,3899.0,2021-03-26,3962.0,3962.25,{},3,3,ES,10,fixed_hold,0,0.0,62.75,62.67,0.013542481043033534,63.25,2021-03-23,0.005804579168010582,ENTERED,0.5494714284512553,0.0,2021
LONG,2021-03-29,3951.5,3951.25,2021-03-31,3970.5,3970.75,{},3,3,ES,10,fixed_hold,0,0.25,19.0,18.92,0.011643520448406244,19.25,2021-03-26,0.005200735713833282,ENTERED,0.6392923958102169,0.0,2021
SHORT,2021-04-01,3970.75,3971.0,2021-04-05,4071.75,4071.5,{},3,3,ES,10,fixed_hold,0,-5.5,-101.0,-101.08,0.008829643355243322,-95.0,2021-03-31,-0.00044052863436094825,ENTERED,0.8432884339096296,-5.25,2021
LONG,2021-04-06,4071.5,4071.25,2021-04-08,4099.25,4099.5,{},3,3,ES,10,fixed_hold,0,0.0,27.75,27.67,0.00756386734127108,28.25,2021-04-05,0.03429442398069349,ENTERED,0.9850031915573051,0.0,2021
LONG,2021-04-09,4099.75,4099.5,2021-04-13,4130.5,4130.75,{},3,3,ES,10,fixed_hold,0,-3.25,30.75,30.67,0.007132756280958705,34.5,2021-04-08,0.049203403928594014,ENTERED,1.0435817221174408,-3.5,2021
LONG,2021-04-14,4131.0,4130.75,2021-04-16,4172.0,4172.25,{},3,3,ES,10,fixed_hold,0,0.25,41.0,40.92,0.007119050533029514,41.25,2021-04-13,0.04549481144014167,ENTERED,1.0454473489428513,0.0,2021
LONG,2021-04-19,4164.75,4164.5,2021-04-21,4154.5,4154.75,{},3,3,ES,10,fixed_hold,0,-0.25,-10.25,-10.33,0.005831977734436614,-9.5,2021-04-16,0.03600471785958126,ENTERED,1.2757593239456857,0.0,2021
LONG,2021-04-22,4155.0,4154.75,2021-04-26,4183.0,4183.25,{},3,3,ES,10,fixed_hold,0,1.0,28.0,27.92,0.005655139072746718,27.5,2021-04-21,0.01832107843137254,ENTERED,1.315227663912683,0.75,2021
LONG,2021-04-27,4183.5,4183.25,2021-04-29,4196.75,4197.0,{},3,3,ES,10,fixed_hold,0,0.0,13.25,13.17,0.005579876621921728,13.75,2021-04-26,0.014982409316996348,ENTERED,1.3320249234717876,0.0,2021
LONG,2021-04-30,4197.25,4197.0,2021-05-04,4159.25,4159.5,{},3,3,ES,10,fixed_hold,0,7.25,-38.0,-38.08,0.005008770720563786,-44.75,2021-04-29,0.00822773407002586,ENTERED,1.483569168626734,7.5,2021
LONG,2021-05-05,4159.75,4159.5,2021-05-07,4226.5,4226.75,{},3,3,ES,10,fixed_hold,0,-0.5,66.75,66.67,0.004933158273782766,67.75,2021-05-04,0.008975136446331078,ENTERED,1.504859944720591,0.0,2021
LONG,2021-05-10,4231.75,4231.5,2021-05-12,4064.5,4064.75,{},3,3,ES,10,fixed_hold,0,0.0,-167.25,-167.33,0.005298815987451663,-166.75,2021-05-07,0.014582333173307704,ENTERED,1.4007793947507188,0.0,2021
SHORT,2021-05-13,4064.5,4064.75,2021-05-17,4165.0,4164.75,{},3,3,ES,10,fixed_hold,0,2.5,-100.5,-100.58,0.007678071560902097,-102.5,2021-05-12,-0.02954518323982358,ENTERED,0.9660944432867177,2.75,2021
SHORT,2021-05-18,4164.75,4165.0,2021-05-20,4161.5,4161.25,{},3,3,ES,10,fixed_hold,0,-0.75,3.25,3.17,0.008535142829847023,4.5,2021-05-17,-0.003648325358851623,ENTERED,0.8697818460895888,0.0,2021
SHORT,2021-05-21,4161.0,4161.25,2021-05-25,4194.0,4193.75,{},3,3,ES,10,fixed_hold,0,8.0,-33.0,-33.08,0.009161775278906211,-40.5,2021-05-20,-0.007927047323876057,ENTERED,0.8105838122723638,8.25,2021
LONG,2021-05-26,4194.25,4194.0,2021-05-28,4203.0,4203.25,{},3,3,ES,10,fixed_hold,0,0.0,8.75,8.67,0.009218751569364228,9.25,2021-05-25,0.011456135061802986,ENTERED,0.8062409182385517,0.0,2021
LONG,2021-05-31,4207.75,4207.5,2021-06-02,4208.25,4208.5,{},3,3,ES,10,fixed_hold,0,0.25,0.5,0.42,0.009243970332894645,0.75,2021-05-28,0.007188641945726104,ENTERED,0.8045351450347832,0.0,2021
LONG,2021-06-03,4208.75,4208.5,2021-06-07,4225.5,4225.75,{},3,3,ES,10,fixed_hold,0,1.25,16.75,16.67,0.00919089378759522,16.0,2021-06-02,0.02633825143275237,ENTERED,0.8095186544091117,1.25,2021
LONG,2021-06-08,4226.0,4225.75,2021-06-10,4237.75,4238.0,{},3,3,ES,10,fixed_hold,0,-0.5,11.75,11.67,0.00888626471538945,12.75,2021-06-07,0.005891454415615227,ENTERED,0.8373829321787836,0.0,2021
LONG,2021-06-11,4238.25,4238.0,2021-06-15,4236.5,4236.75,{},3,3,ES,10,fixed_hold,0,-4.25,-1.75,-1.83,0.006758293303115971,3.0,2021-06-10,0.005575987661643911,ENTERED,1.1010481596084098,-4.25,2021
LONG,2021-06-16,4237.25,4237.0,2021-06-18,4141.5,4141.75,{},3,3,ES,10,fixed_hold,0,0.25,-95.75,-95.83,0.005022643371901381,-95.5,2021-06-15,0.009771792885657993,ENTERED,1.4808527703479646,0.0,2021
SHORT,2021-06-21,4149.5,4149.75,2021-06-23,4237.5,4237.25,{},3,3,ES,10,fixed_hold,0,0.0,-88.0,-88.08,0.006137496494933618,-87.5,2021-06-18,-0.020341789367867236,ENTERED,1.2117479852920168,0.0,2021
LONG,2021-06-24,4237.5,4237.25,2021-06-28,4277.0,4277.25,{},3,3,ES,10,fixed_hold,0,3.0,39.5,39.42,0.0070957509472323295,37.0,2021-06-23,0.0036714632557588445,ENTERED,1.0472264132448337,2.75,2021
LONG,2021-06-29,4277.5,4277.25,2021-07-01,4309.25,4309.5,{},3,3,ES,10,fixed_hold,0,0.25,31.75,31.67,0.007079602073621204,32.0,2021-06-28,0.007775225304824218,ENTERED,1.0489836371495258,0.0,2021
LONG,2021-07-02,4309.75,4309.5,2021-07-06,4327.5,4327.75,{},3,3,ES,10,fixed_hold,0,0.75,17.75,17.67,0.006915366644266913,17.5,2021-07-01,0.022359290670778575,ENTERED,1.0733302561696376,0.5,2021
LONG,2021-07-07,4328.0,4327.75,2021-07-09,4361.75,4362.0,{},3,3,ES,10,fixed_hold,0,0.0,33.75,33.67,0.006853315482644469,34.25,2021-07-06,0.0212376850923246,ENTERED,1.082358208801301,0.0,2021
LONG,2021-07-12,4363.25,4363.0,2021-07-14,4367.5,4367.75,{},3,3,ES,10,fixed_hold,0,0.0,4.25,4.17,0.007744912816050683,4.75,2021-07-09,0.020470230436308468,ENTERED,0.9569930763956709,0.0,2021
LONG,2021-07-15,4368.0,4367.75,2021-07-19,4261.75,4262.0,{},3,3,ES,10,fixed_hold,0,-10.5,-106.25,-106.33,0.00742166345477409,-95.25,2021-07-14,0.017056700430783556,ENTERED,1.0,-10.5,2021
SHORT,2021-07-20,4261.75,4262.0,2021-07-22,4369.5,4369.25,{},3,3,ES,10,fixed_hold,0,0.0,-107.75,-107.83,0.006067762654424723,-107.25,2021-07-19,-0.01938452689099812,ENTERED,1.2224839191322256,0.0,2021
LONG,2021-07-23,4369.75,4369.5,2021-07-27,4392.0,4392.25,{},3,3,ES,10,fixed_hold,0,3.5,22.25,22.17,0.006866689752503262,19.25,2021-07-22,0.014100034814901186,ENTERED,1.0793887898527248,3.5,2021
LONG,2021-07-28,4392.5,4392.25,2021-07-30,4395.0,4395.25,{},3,3,ES,10,fixed_hold,0,0.0,2.5,2.42,0.00708719321081285,3.0,2021-07-27,0.008379727945818871,ENTERED,1.0438270619672063,0.0,2021
LONG,2021-08-02,4407.25,4407.0,2021-08-04,4397.25,4397.5,{},3,3,ES,10,fixed_hold,0,0.0,-10.0,-10.08,0.006964226021774106,-9.5,2021-07-30,0.017772374667129665,ENTERED,1.0621997689313136,0.0,2021
LONG,2021-08-05,4397.75,4397.5,2021-08-09,4425.0,4425.25,{},3,3,ES,10,fixed_hold,0,-15.25,27.25,27.17,0.006923534305049012,43.0,2021-08-04,0.009874842117350013,ENTERED,1.0679474217225011,-15.25,2021
LONG,2021-08-10,4425.5,4425.25,2021-08-12,4452.25,4452.5,{},3,3,ES,10,fixed_hold,0,0.0,26.75,26.67,0.005987011304947694,27.25,2021-08-09,0.003116853677887166,ENTERED,1.2349042609482423,0.0,2021
LONG,2021-08-13,4452.75,4452.5,2021-08-17,4433.5,4433.75,{},3,3,ES,10,fixed_hold,0,-2.25,-19.25,-19.33,0.0056628461829144675,-16.5,2021-08-12,0.014930476407567728,ENTERED,1.3048040177614344,-2.25,2021
LONG,2021-08-18,4434.0,4433.75,2021-08-20,4437.25,4437.5,{},3,3,ES,10,fixed_hold,0,-0.25,3.25,3.17,0.0037583976467156204,4.0,2021-08-17,0.005784608404695524,ENTERED,1.9659168131522908,0.0,2021
LONG,2021-08-23,4440.5,4440.25,2021-08-25,4492.25,4492.5,{},3,3,ES,10,fixed_hold,0,0.0,51.75,51.67,0.004449980339884082,52.25,2021-08-20,0.0016364764968119783,ENTERED,1.6593956463651633,0.0,2021
LONG,2021-08-26,4492.75,4492.5,2021-08-30,4527.25,4527.5,{},3,3,ES,10,fixed_hold,0,3.25,34.5,34.42,0.004822879727403824,31.75,2021-08-25,0.011995269471194447,ENTERED,1.5305084507780935,3.25,2021
LONG,2021-08-31,4527.75,4527.5,2021-09-02,4534.5,4534.75,{},3,3,ES,10,fixed_hold,0,0.0,6.75,6.67,0.005359661979846295,7.25,2021-08-30,0.012636993961082643,ENTERED,1.3764826068636027,0.0,2021
LONG,2021-09-03,4535.0,4534.75,2021-09-07,4514.25,4514.5,{},3,3,ES,10,fixed_hold,0,-5.5,-20.75,-20.83,0.0052250471071233606,-14.75,2021-09-02,0.031914893617021045,ENTERED,1.411712493374008,-5.75,2021
LONG,2021-09-08,4514.75,4514.5,2021-09-10,4460.75,4461.0,{},3,3,ES,10,fixed_hold,0,0.25,-54.0,-54.08,0.0054027792611654225,-53.75,2021-09-07,0.007363605935512441,ENTERED,1.3640285205302836,0.0,2021
SHORT,2021-09-13,4465.0,4465.25,2021-09-15,4475.5,4475.25,{},3,3,ES,10,fixed_hold,0,0.0,-10.5,-10.58,0.005695966696726314,-10.0,2021-09-10,-0.010316139767055033,ENTERED,1.2932462107258234,0.0,2021
SHORT,2021-09-16,4475.0,4475.25,2021-09-20,4356.0,4355.75,{},3,3,ES,10,fixed_hold,0,-7.5,119.0,118.92,0.005245743830512524,127.0,2021-09-15,-0.010611838832697562,ENTERED,1.4034183668842681,-7.5,2021
SHORT,2021-09-21,4355.75,4356.0,2021-09-23,4441.25,4441.0,{},3,3,ES,10,fixed_hold,0,0.0,-85.5,-85.58,0.005507304054794627,-85.0,2021-09-20,-0.04037232870676344,ENTERED,1.3362336361024092,0.0,2021
SHORT,2021-09-24,4440.75,4441.0,2021-09-28,4355.75,4355.5,{},3,3,ES,10,fixed_hold,0,-6.5,85.0,84.92,0.006978839135237989,92.0,2021-09-23,-0.011188421931533465,ENTERED,1.0539957464931389,-6.25,2021
SHORT,2021-09-29,4355.25,4355.5,2021-10-01,4351.0,4350.75,{},3,3,ES,10,fixed_hold,0,0.5,4.25,4.17,0.007407336526760297,4.25,2021-09-28,-0.019307627357162627,ENTERED,0.9930245152798263,0.0,2021
SHORT,2021-10-04,4358.0,4358.25,2021-10-06,4365.75,4365.5,{},3,3,ES,10,fixed_hold,0,0.0,-7.75,-7.83,0.00830369316914434,-7.25,2021-10-01,-0.013043724834117865,ENTERED,0.8862301412817258,0.0,2021
SHORT,2021-10-07,4365.25,4365.5,2021-10-11,4348.25,4348.0,{},3,3,ES,10,fixed_hold,0,22.25,17.0,16.92,0.009243379861718531,-4.75,2021-10-06,-0.006033697632058299,ENTERED,0.79645901713947,22.25,2021
SHORT,2021-10-12,4347.75,4348.0,2021-10-14,4436.75,4436.5,{},3,3,ES,10,fixed_hold,0,0.0,-89.0,-89.08,0.009506420997362573,-88.5,2021-10-11,-0.01845476607032004,ENTERED,0.7747866653059767,0.0,2021
LONG,2021-10-15,4436.75,4436.5,2021-10-19,4515.5,4515.75,{},3,3,ES,10,fixed_hold,0,-12.75,78.75,78.67,0.010306599834032846,92.0,2021-10-14,0.030426199047729696,ENTERED,0.7150316419605822,-12.75,2021
LONG,2021-10-20,4516.0,4515.75,2021-10-22,4529.0,4529.25,{},3,3,ES,10,fixed_hold,0,0.25,13.0,12.92,0.009613378071466634,13.25,2021-10-19,0.04332004851845417,ENTERED,0.7669295729505131,0.0,2021
LONG,2021-10-25,4526.0,4525.75,2021-10-27,4553.5,4553.75,{},3,3,ES,10,fixed_hold,0,0.25,27.5,27.42,0.008921560197244806,27.75,2021-10-22,0.033957310809268115,ENTERED,0.8269272785050434,0.0,2021
LONG,2021-10-28,4554.0,4553.75,2021-11-01,4603.0,4603.25,{},3,3,ES,10,fixed_hold,0,7.75,49.0,48.92,0.008010272923934232,41.75,2021-10-27,0.04383954154727765,ENTERED,0.9210148764108957,7.75,2021
LONG,2021-11-02,4603.75,4603.5,2021-11-04,4676.75,4677.0,{},3,3,ES,10,fixed_hold,0,-0.25,73.0,72.92,0.005946925865110468,73.75,2021-11-01,0.02808486878838634,ENTERED,1.2405538022945448,0.0,2021
LONG,2021-11-05,4677.25,4677.0,2021-11-09,4671.75,4672.0,{},3,3,ES,10,fixed_hold,0,-1.25,-5.5,-5.58,0.005751135015465505,-3.75,2021-11-04,0.032507312765605256,ENTERED,1.2819702405065114,-1.25,2021
LONG,2021-11-10,4672.0,4671.75,2021-11-12,4680.75,4681.0,{},3,3,ES,10,fixed_hold,0,0.0,8.75,8.67,0.004815394738637353,9.25,2021-11-09,0.02243133822081167,ENTERED,1.5304134764338309,0.0,2021
LONG,2021-11-15,4685.25,4685.0,2021-11-17,4688.25,4688.5,{},3,3,ES,10,fixed_hold,0,0.0,3.0,2.92,0.004086214247712828,3.5,2021-11-12,0.017055947854426767,ENTERED,1.8025115123769926,0.0,2021
LONG,2021-11-18,4688.75,4688.5,2021-11-22,4685.0,4685.25,{},3,3,ES,10,fixed_hold,0,-0.5,-3.75,-3.83,0.003999703359868189,-2.75,2021-11-17,0.006223843760059911,ENTERED,1.8406298110952222,-0.5,2021
SHORT,2021-11-23,4685.0,4685.25,2021-11-25,4688.0,4687.75,{},3,3,ES,10,fixed_hold,0,-0.25,-3.0,-3.08,0.0038923949878986773,-2.25,2021-11-22,-0.0006931854537697291,ENTERED,1.8906054481443215,0.0,2021
LONG,2021-11-26,4688.25,4688.0,2021-11-30,4584.25,4584.5,{},3,3,ES,10,fixed_hold,0,46.5,-104.0,-104.08,0.003866989790612467,-150.0,2021-11-25,0.007901526553429683,ENTERED,1.9021686537309634,46.25,2021
SHORT,2021-12-01,4584.25,4584.5,2021-12-03,4533.5,4533.25,{},3,3,ES,10,fixed_hold,0,0.0,50.75,50.67,0.008637044365946827,51.25,2021-11-30,-0.024418790232483945,ENTERED,0.8516416556804776,0.0,2021
SHORT,2021-12-06,4556.75,4557.0,2021-12-08,4697.0,4696.75,{},3,3,ES,10,fixed_hold,0,-0.25,-140.25,-140.33,0.008978151454989397,-139.5,2021-12-03,-0.03501676334415427,ENTERED,0.8196614814478487,0.0,2021
SHORT,2021-12-09,4696.25,4696.5,2021-12-13,4665.25,4665.0,{},3,3,ES,10,fixed_hold,0,0.0,31.0,30.92,0.01060217271303148,31.5,2021-12-08,-0.0010634338278302513,ENTERED,0.6943834475231919,0.0,2021
LONG,2021-12-14,4665.25,4665.0,2021-12-16,4657.75,4658.0,{},3,3,ES,10,fixed_hold,0,0.25,-7.5,-7.58,0.010993333663092063,-7.25,2021-12-13,0.0004825478526619964,ENTERED,0.6700685681625983,0.0,2021
LONG,2021-12-17,4658.5,4658.25,2021-12-21,4637.5,4637.75,{},3,3,ES,10,fixed_hold,0,-34.75,-21.0,-21.08,0.012014945210762006,14.25,2021-12-16,0.021099358798706724,ENTERED,0.6133648446235223,-34.75,2021
SHORT,2021-12-22,4637.75,4638.0,2021-12-27,4778.75,4778.5,{},3,3,ES,10,fixed_hold,0,-6.25,-141.0,-141.08,0.012660769641941114,-134.25,2021-12-21,-0.011035291608913256,ENTERED,0.5826078894255008,0.0,2021
LONG,2021-12-28,4778.75,4778.5,2021-12-30,4773.0,4773.25,{},3,3,ES,10,fixed_hold,0,-0.25,-5.75,-5.83,0.011966565465659182,-5.0,2021-12-27,0.014059101278582453,ENTERED,0.6165078455550133,0.0,2021
LONG,2021-12-31,4773.5,4773.25,2022-01-04,4778.0,4778.25,{},3,3,ES,10,fixed_hold,0,13.75,4.5,4.42,0.010008686211401408,-8.75,2021-12-30,0.013859388275275553,ENTERED,0.7375052053754372,13.5,2021
LONG,2022-01-05,4778.5,4778.25,2022-01-07,4667.25,4667.5,{},3,3,ES,10,fixed_hold,0,-0.25,-111.25,-111.33,0.009509476505235006,-110.5,2022-01-04,0.04357084357084351,ENTERED,0.7765178239148223,0.0,2022
SHORT,2022-01-10,4657.5,4657.75,2022-01-12,4717.75,4717.5,{},3,3,ES,10,fixed_hold,0,0.0,-60.25,-60.33,0.009353612251100157,-59.75,2022-01-07,-0.010441511634070255,ENTERED,0.7899298074197159,0.0,2022
SHORT,2022-01-13,4717.5,4717.75,2022-01-17,4657.25,4657.0,{},3,3,ES,10,fixed_hold,0,7.75,60.25,60.17,0.008832168033835963,53.0,2022-01-12,-0.013178537809852564,ENTERED,0.8365901127701565,7.5,2022
SHORT,2022-01-18,4656.75,4657.0,2022-01-20,4462.75,4462.5,{},3,3,ES,10,fixed_hold,0,0.0,194.0,193.92,0.007903491398680846,194.5,2022-01-17,-0.02629240499712504,ENTERED,0.9354581915606586,0.0,2022
SHORT,2022-01-21,4462.0,4462.25,2022-01-25,4357.75,4357.5,{},3,3,ES,10,fixed_hold,0,-33.25,104.25,104.17,0.008364058048542263,138.0,2022-01-20,-0.05038037984784782,ENTERED,0.8840171322786368,-33.0,2022
SHORT,2022-01-26,4357.25,4357.5,2022-01-28,4420.0,4419.75,{},3,3,ES,10,fixed_hold,0,0.0,-62.75,-62.83,0.00816158403442317,-62.25,2022-01-25,-0.07366071428571419,ENTERED,0.9063680824597081,0.0,2022
SHORT,2022-01-31,4412.25,4412.5,2022-02-02,4531.25,4531.0,{},3,3,ES,10,fixed_hold,0,0.0,-119.0,-119.08,0.009864700519921065,-118.5,2022-01-28,-0.05236921097770153,ENTERED,0.7499268783575707,0.0,2022
LONG,2022-02-03,4531.25,4531.0,2022-02-07,4486.25,4486.5,{},3,3,ES,10,fixed_hold,0,13.0,-45.0,-45.08,0.010805063098800707,-57.5,2022-02-02,0.0033215234720993525,ENTERED,0.6859488060716681,13.0,2022
LONG,2022-02-08,4486.75,4486.5,2022-02-10,4484.5,4484.75,{},3,3,ES,10,fixed_hold,0,0.0,-2.25,-2.33,0.01081833488081656,-1.75,2022-02-07,0.01925370591242115,ENTERED,0.6851172591626378,0.0,2022
LONG,2022-02-11,4484.75,4484.5,2022-02-15,4452.5,4452.75,{},3,3,ES,10,fixed_hold,0,-1.0,-32.25,-32.33,0.011751189298671302,-30.75,2022-02-10,0.03442509514473535,ENTERED,0.6315670070614259,-0.75,2022
SHORT,2022-02-16,4452.5,4452.75,2022-02-18,4344.5,4344.25,{},3,3,ES,10,fixed_hold,0,0.25,108.0,107.92,0.011805764241444323,108.25,2022-02-15,-0.02164240593243638,ENTERED,0.6287159475657889,0.0,2022
SHORT,2022-02-21,4322.0,4322.25,2022-02-23,4218.5,4218.25,{},3,3,ES,10,fixed_hold,0,-0.5,103.5,103.42,0.01144257108919098,104.5,2022-02-18,-0.03149035781964127,ENTERED,0.6490138164641773,0.0,2022
SHORT,2022-02-24,4217.75,4218.0,2022-02-28,4377.75,4377.5,{},3,3,ES,10,fixed_hold,1,-0.5,-255.75,-255.83,0.013253952081531685,-254.75,2022-02-23,-0.07883387017524712,ENTERED,0.5606522317296623,0.0,2022
LONG,2022-03-01,4377.75,4377.5,2022-03-03,4371.5,4371.75,{},3,3,ES,10,fixed_hold,0,0.25,-6.25,-6.33,0.014599805283522548,-6.0,2022-02-28,0.016310356745978805,ENTERED,0.5093971370197788,0.0,2022
LONG,2022-03-04,4372.0,4371.75,2022-03-08,4169.0,4169.25,{},3,3,ES,10,fixed_hold,1,0.25,-152.0,-152.08,0.014903063625776487,-151.75,2022-03-03,0.02077062063184809,ENTERED,0.4990782793737468,0.0,2022
SHORT,2022-03-09,4169.0,4169.25,2022-03-11,4206.0,4205.75,{},3,3,ES,10,fixed_hold,0,0.0,-37.0,-37.08,0.015430868855310866,-36.5,2022-03-08,-0.0025235927942147685,ENTERED,0.4822286076865095,0.0,2022
SHORT,2022-03-14,4222.75,4223.0,2022-03-16,4357.25,4357.0,{},3,3,ES,10,fixed_hold,0,0.0,-134.5,-134.58,0.01570474661739216,-134.0,2022-03-11,-0.0067118417995476465,ENTERED,0.47390720067419795,0.0,2022
LONG,2022-03-17,4357.0,4356.75,2022-03-21,4445.25,4445.5,{},3,3,ES,10,fixed_hold,0,-12.5,88.25,88.17,0.01714204643859898,101.25,2022-03-16,0.0077824576079772445,ENTERED,0.43436681516960496,-12.75,2022
LONG,2022-03-22,4445.5,4445.25,2022-03-24,4509.75,4510.0,{},3,3,ES,10,fixed_hold,0,0.0,64.25,64.17,0.016287610542282796,64.75,2022-03-21,0.061928934010152314,ENTERED,0.45728008828864275,0.0,2022
LONG,2022-03-25,4510.25,4510.0,2022-03-29,4621.25,4621.5,{},3,3,ES,10,fixed_hold,0,-9.25,111.0,110.92,0.015529269727687076,120.75,2022-03-24,0.057568296400516195,ENTERED,0.47977414376039923,-9.5,2022
LONG,2022-03-30,4621.75,4621.5,2022-04-01,4538.25,4538.5,{},3,3,ES,10,fixed_hold,0,0.25,-83.5,-83.58,0.013485129517981108,-83.25,2022-03-29,0.08779569259738751,ENTERED,0.5526084239782934,0.0,2022
LONG,2022-04-04,4531.25,4531.0,2022-04-06,4461.5,4461.75,{},3,3,ES,10,fixed_hold,0,0.25,-69.75,-69.83,0.013471732568542876,-69.5,2022-04-01,0.01646136618141103,ENTERED,0.553479691055841,0.0,2022
LONG,2022-04-07,4461.75,4461.5,2022-04-11,4406.0,4406.25,{},3,3,ES,10,fixed_hold,0,-7.25,-55.75,-55.83,0.012268155526754265,-48.0,2022-04-06,0.002077484559236842,ENTERED,0.6078757772380855,-7.5,2022
SHORT,2022-04-12,4406.0,4406.25,2022-04-14,4389.25,4389.0,{},3,3,ES,10,fixed_hold,0,0.0,16.75,16.67,0.012429323651139166,17.25,2022-04-11,-0.03535657599474562,ENTERED,0.6004931515398481,0.0,2022
SHORT,2022-04-18,4357.5,4357.75,2022-04-20,4471.25,4471.0,{},3,3,ES,10,fixed_hold,0,0.0,-113.75,-113.83,0.010922675850037514,-113.25,2022-04-14,-0.03379196477710522,ENTERED,0.6833504937466114,0.0,2022
SHORT,2022-04-21,4470.5,4470.75,2022-04-25,4291.0,4290.75,{},3,3,ES,10,fixed_hold,0,-7.25,179.5,179.42,0.009660287165420365,187.25,2022-04-20,-0.011496794163165625,ENTERED,0.7734272659536429,-7.0,2022
SHORT,2022-04-26,4290.25,4290.5,2022-04-28,4245.75,4245.5,{},3,3,ES,10,fixed_hold,0,-0.5,44.5,44.42,0.011752822624736097,45.5,2022-04-25,-0.042990966878554526,ENTERED,0.6363497260507028,0.0,2022
SHORT,2022-04-29,4245.5,4245.75,2022-05-03,4176.5,4176.25,{},3,3,ES,10,fixed_hold,0,5.5,69.0,68.92,0.012883942567997011,64.0,2022-04-28,-0.04353703182202173,ENTERED,0.5814276195797582,5.25,2022
SHORT,2022-05-04,4175.75,4176.0,2022-05-06,4111.0,4110.75,{},3,3,ES,10,fixed_hold,0,-0.25,64.75,64.67,0.013691620791434394,65.5,2022-05-03,-0.06009114949642702,ENTERED,0.547130574889338,0.0,2022
SHORT,2022-05-09,4079.5,4079.75,2022-05-11,3943.0,3942.75,{},3,3,ES,10,fixed_hold,0,0.0,136.5,136.42,0.016281178365556835,137.0,2022-05-06,-0.0330491032049397,ENTERED,0.4601430948771582,0.0,2022
SHORT,2022-05-12,3942.5,3942.75,2022-05-16,4009.0,4008.75,{},3,3,ES,10,fixed_hold,0,-21.5,-66.5,-66.58,0.016884889531301194,-44.5,2022-05-11,-0.06409115186042358,ENTERED,0.4438340857363517,-21.5,2022
SHORT,2022-05-17,4008.25,4008.5,2022-05-19,3908.25,3908.0,{},3,3,ES,10,fixed_hold,0,0.25,100.0,99.92,0.017327405236923377,100.25,2022-05-16,-0.03368687477401466,ENTERED,0.4328358662374565,0.0,2022
SHORT,2022-05-20,3908.25,3908.5,2022-05-24,3959.0,3958.75,{},3,3,ES,10,fixed_hold,1,0.25,-17.25,-17.33,0.019831826030486503,-17.0,2022-05-19,-0.05780242300042182,ENTERED,0.3781867843124783,0.0,2022
SHORT,2022-05-25,3958.25,3958.5,2022-05-27,4168.25,4168.0,{},3,3,ES,10,fixed_hold,0,0.25,-210.0,-210.08,0.018138810973836142,-209.75,2022-05-24,-0.01670893970051912,ENTERED,0.4148018591809476,0.0,2022
LONG,2022-05-30,4167.75,4167.5,2022-06-01,4087.25,4087.5,{},3,3,ES,10,fixed_hold,0,0.0,-80.5,-80.58,0.01899650692339242,-80.0,2022-05-27,0.029526880793351307,ENTERED,0.3965291792015277,0.0,2022
LONG,2022-06-02,4087.75,4087.5,2022-06-06,4121.0,4121.25,{},3,3,ES,10,fixed_hold,0,-1.0,33.25,33.17,0.018098415615567836,34.75,2022-06-01,0.03955524854437886,ENTERED,0.4167091527439087,-1.0,2022
LONG,2022-06-07,4121.5,4121.25,2022-06-09,4021.5,4021.75,{},3,3,ES,10,fixed_hold,0,0.0,-100.0,-100.08,0.016695235740614062,-99.5,2022-06-06,0.043949084921790726,ENTERED,0.4522055595063113,0.0,2022
SHORT,2022-06-10,4021.75,4022.0,2022-06-14,3756.75,3756.5,{},3,3,ES,10,fixed_hold,1,0.0,221.25,221.17,0.01746678845921477,221.75,2022-06-09,-0.008627595982005354,ENTERED,0.43235557880944053,0.0,2022
SHORT,2022-06-15,3759.5,3759.75,2022-06-17,3684.0,3683.75,{},3,3,ES,10,fixed_hold,0,0.25,75.5,75.42,0.01824678727213872,75.75,2022-06-14,-0.084178239892572,ENTERED,0.4140630691432653,0.0,2022
SHORT,2022-06-20,3705.0,3705.25,2022-06-22,3744.75,3744.5,{},3,3,ES,10,fixed_hold,0,0.0,-39.75,-39.83,0.017918537863446757,-39.25,2022-06-17,-0.09344605737858769,ENTERED,0.4221252536849632,0.0,2022
SHORT,2022-06-23,3744.0,3744.25,2022-06-27,3910.0,3909.75,{},3,3,ES,10,fixed_hold,0,15.0,-166.0,-166.08,0.018332576397698138,-180.5,2022-06-22,-0.08045367142894955,ENTERED,0.41280428186264445,15.0,2022
LONG,2022-06-28,3909.75,3909.5,2022-06-30,3790.0,3790.25,{},3,3,ES,10,fixed_hold,0,-0.5,-119.75,-119.83,0.01836354949057431,-118.75,2022-06-27,0.039688871160749706,ENTERED,0.41298229722501245,0.0,2022
LONG,2022-07-01,3790.25,3790.0,2022-07-05,3825.25,3825.5,{},3,3,ES,10,fixed_hold,0,-14.25,35.0,34.92,0.01758393588381443,49.75,2022-06-30,0.030659415363698095,ENTERED,0.43134239985075384,-14.0,2022
LONG,2022-07-06,3825.75,3825.5,2022-07-08,3905.25,3905.5,{},3,3,ES,10,fixed_hold,0,-0.25,79.5,79.42,0.017486541405889566,80.25,2022-07-05,0.01620401115686021,ENTERED,0.43440805207841804,0.0,2022
SHORT,2022-07-11,3896.5,3896.75,2022-07-13,3779.0,3778.75,{},3,3,ES,10,fixed_hold,0,-0.25,117.5,117.42,0.01585902479287243,118.25,2022-07-08,-0.0023628584200777736,ENTERED,0.47921581151102405,0.0,2022
SHORT,2022-07-14,3778.5,3778.75,2022-07-18,3844.25,3844.0,{},3,3,ES,10,fixed_hold,0,-7.75,-65.75,-65.83,0.01479624267055375,-57.5,2022-07-13,-0.010085794747527133,ENTERED,0.5141658279839223,-7.75,2022
SHORT,2022-07-19,3844.0,3844.25,2022-07-21,3984.5,3984.25,{},3,3,ES,10,fixed_hold,0,0.25,-140.5,-140.58,0.012419282815076394,-140.25,2022-07-18,-0.0007798284377434905,ENTERED,0.6135453091455301,0.0,2022
LONG,2022-07-22,3984.5,3984.25,2022-07-26,3953.75,3954.0,{},3,3,ES,10,fixed_hold,0,-6.0,-30.75,-30.83,0.013133400601976977,-24.25,2022-07-21,0.022323433190070352,ENTERED,0.5805962043727069,-6.25,2022
LONG,2022-07-27,3954.0,3953.75,2022-07-29,4132.25,4132.5,{},3,3,ES,10,fixed_hold,0,0.0,178.25,178.17,0.009712986246109945,178.75,2022-07-26,0.03453689167974905,ENTERED,0.7852829399309583,0.0,2022
LONG,2022-08-01,4117.25,4117.0,2022-08-03,4150.0,4150.25,{},3,3,ES,10,fixed_hold,0,-0.25,32.75,32.67,0.010532531042286467,33.5,2022-07-29,0.0687269670912265,ENTERED,0.7245790497525622,0.0,2022
LONG,2022-08-04,4150.25,4150.0,2022-08-08,4152.5,4152.75,{},3,3,ES,10,fixed_hold,0,-8.5,2.25,2.17,0.010890983923173558,11.25,2022-08-03,0.04897004928598503,ENTERED,0.7008866389154307,-8.5,2022
LONG,2022-08-09,4152.75,4152.5,2022-08-11,4214.5,4214.75,{},3,3,ES,10,fixed_hold,0,0.0,61.75,61.67,0.010337173227307237,62.25,2022-08-08,0.04973458038422662,ENTERED,0.7388691016643772,0.0,2022
LONG,2022-08-12,4215.25,4215.0,2022-08-16,4307.25,4307.5,{},3,3,ES,10,fixed_hold,0,-11.75,92.0,91.92,0.010017405535624723,104.25,2022-08-11,0.0290545077214186,ENTERED,0.7625095855921045,-11.75,2022
LONG,2022-08-17,4307.5,4307.25,2022-08-19,4228.25,4228.5,{},3,3,ES,10,fixed_hold,0,0.0,-79.25,-79.33,0.008488369709611997,-78.75,2022-08-16,0.05227800171002839,ENTERED,0.9002255174365636,0.0,2022
LONG,2022-08-22,4209.75,4209.5,2022-08-24,4145.25,4145.5,{},3,3,ES,10,fixed_hold,0,0.25,-64.5,-64.58,0.009561682229230584,-64.25,2022-08-19,0.020945252610611753,ENTERED,0.8002330742664165,0.0,2022
SHORT,2022-08-25,4145.5,4145.75,2022-08-29,4041.75,4041.5,{},3,3,ES,10,fixed_hold,0,29.5,103.75,103.67,0.010259646427908008,74.75,2022-08-24,-0.015905044510385546,ENTERED,0.745986532379615,29.5,2022
SHORT,2022-08-30,4041.0,4041.25,2022-09-01,3969.75,3969.5,{},3,3,ES,10,fixed_hold,0,0.0,71.25,71.17,0.01269611192399738,71.75,2022-08-29,-0.058967343850049425,ENTERED,0.6032581402895876,0.0,2022
SHORT,2022-09-02,3969.0,3969.25,2022-09-06,3906.25,3906.0,{},3,3,ES,10,fixed_hold,0,0.75,62.75,62.67,0.012944141858352343,62.5,2022-09-01,-0.07389909594633992,ENTERED,0.5917351137398352,0.5,2022
SHORT,2022-09-07,3905.5,3905.75,2022-09-09,4066.5,4066.25,{},3,3,ES,10,fixed_hold,0,0.25,-161.0,-161.08,0.01306481525582042,-160.75,2022-09-06,-0.053950953678474245,ENTERED,0.5864538842431448,0.0,2022
LONG,2022-09-12,4077.25,4077.0,2022-09-14,3970.5,3970.75,{},3,3,ES,10,fixed_hold,0,19.0,-106.75,-106.83,0.012995179861159039,-125.25,2022-09-09,0.005812874899511211,ENTERED,0.589706588991161,0.0,2022
LONG,2022-09-15,3971.25,3971.0,2022-09-19,3931.0,3931.25,{},3,3,ES,10,fixed_hold,0,-8.5,-40.25,-40.33,0.01625921093957268,-31.25,2022-09-14,0.008892841262782891,ENTERED,0.4715418839570166,-8.75,2022
SHORT,2022-09-20,3930.75,3931.0,2022-09-22,3779.5,3779.25,{},3,3,ES,10,fixed_hold,0,0.25,151.25,151.17,0.01629007811462156,151.5,2022-09-19,-0.002030843434663976,ENTERED,0.4707958992608219,0.0,2022
SHORT,2022-09-23,3779.0,3779.25,2022-09-27,3663.0,3662.75,{},3,3,ES,10,fixed_hold,0,10.0,116.0,115.92,0.016624996981258647,106.5,2022-09-22,-0.057426112981668664,ENTERED,0.46131160124042525,10.25,2022
SHORT,2022-09-28,3662.5,3662.75,2022-09-30,3604.5,3604.25,{},3,3,ES,10,fixed_hold,0,-0.5,58.0,57.92,0.015094938791845739,59.0,2022-09-27,-0.07025003172991517,ENTERED,0.5086520499870976,0.0,2022
SHORT,2022-10-03,3584.75,3585.0,2022-10-05,3811.5,3811.25,{},3,3,ES,10,fixed_hold,0,0.25,-226.75,-226.83,0.015991982018347204,-226.5,2022-09-30,-0.07642536835361957,ENTERED,0.4802861051812626,0.0,2022
LONG,2022-10-06,3811.75,3811.5,2022-10-10,3631.75,3632.0,{},3,3,ES,10,fixed_hold,0,-17.25,-180.0,-180.08,0.017966925643467475,-162.25,2022-10-05,0.007867248446383757,ENTERED,0.42779717728522937,-17.0,2022
SHORT,2022-10-11,3631.75,3632.0,2022-10-13,3680.0,3679.75,{},3,3,ES,10,fixed_hold,0,0.25,-48.25,-48.33,0.017811950744356143,-48.0,2022-10-10,-0.012842291227831537,ENTERED,0.4316651357079203,0.0,2022
LONG,2022-10-14,3680.0,3679.75,2022-10-18,3763.25,3763.5,{},3,3,ES,10,fixed_hold,0,18.0,83.25,83.17,0.016110536370054804,65.75,2022-10-13,0.0031350098820963623,ENTERED,0.47757044663649084,18.25,2022
SHORT,2022-10-19,3763.0,3763.25,2022-10-21,3772.25,3772.0,{},3,3,ES,10,fixed_hold,0,-0.25,-9.25,-9.33,0.018653745435226573,-8.5,2022-10-18,-0.008626934474810444,ENTERED,0.4125293676422594,0.0,2022
LONG,2022-10-24,3786.75,3786.5,2022-10-26,3860.5,3860.75,{},3,3,ES,10,fixed_hold,0,0.0,73.75,73.67,0.019223037303166417,74.25,2022-10-21,0.03321235362596742,ENTERED,0.40058502441030325,0.0,2022
LONG,2022-10-27,3860.75,3860.5,2022-10-31,3888.25,3888.5,{},3,3,ES,10,fixed_hold,0,-17.25,27.5,27.42,0.018842631932744366,45.25,2022-10-26,0.0729521295073996,ENTERED,0.4086846025477085,-17.25,2022
LONG,2022-11-01,3888.75,3888.5,2022-11-03,3720.75,3721.0,{},3,3,ES,10,fixed_hold,0,0.25,-168.0,-168.08,0.019026195957072774,-167.75,2022-10-31,0.045295698924731065,ENTERED,0.40516377550364596,0.0,2022
LONG,2022-11-04,3721.25,3721.0,2022-11-08,3842.0,3842.25,{},3,3,ES,10,fixed_hold,0,-21.0,120.75,120.67,0.019134799996062754,142.25,2022-11-03,0.01611141452758047,ENTERED,0.40287859279136506,-21.25,2022
LONG,2022-11-09,3842.5,3842.25,2022-11-11,3999.25,3999.5,{},3,3,ES,10,fixed_hold,0,0.0,156.75,156.67,0.018320629233769446,157.25,2022-11-08,0.0024786380536172548,ENTERED,0.4210159220429674,0.0,2022
LONG,2022-11-14,3991.75,3991.5,2022-11-16,3976.75,3977.0,{},3,3,ES,10,fixed_hold,0,-0.25,-15.0,-15.08,0.02146323990781949,-14.25,2022-11-11,0.019500382360438495,ENTERED,0.3593821355864546,0.0,2022
LONG,2022-11-17,3977.25,3977.0,2022-11-21,3959.0,3959.25,{},3,3,ES,10,fixed_hold,0,-2.0,-18.25,-18.33,0.019913353437763993,-15.75,2022-11-16,0.05792378798962572,ENTERED,0.3877956500034879,-2.25,2022
LONG,2022-11-22,3959.75,3959.5,2022-11-24,4043.75,4044.0,{},3,3,ES,10,fixed_hold,0,0.0,84.0,83.92,0.01880224365755316,84.5,2022-11-21,0.037471339665902326,ENTERED,0.41072700195961476,0.0,2022
LONG,2022-11-25,4044.25,4044.0,2022-11-29,3958.25,3958.5,{},3,3,ES,10,fixed_hold,0,-18.5,-86.0,-86.08,0.01839805019093033,-67.0,2022-11-24,0.018126888217522952,ENTERED,0.41995426944235387,-18.25,2022
SHORT,2022-11-30,3958.25,3958.5,2022-12-02,4067.0,4066.75,{},3,3,ES,10,fixed_hold,0,0.5,-108.75,-108.83,0.017215277270403364,-108.75,2022-11-29,-0.00938438438438427,ENTERED,0.44898827362141036,0.0,2022
LONG,2022-12-05,4071.25,4071.0,2022-12-07,3937.5,3937.75,{},3,3,ES,10,fixed_hold,0,0.25,-133.75,-133.83,0.016940213696678787,-133.5,2022-12-02,0.023983381593856157,ENTERED,0.4564777617612985,0.0,2022
SHORT,2022-12-08,3937.5,3937.75,2022-12-12,3990.5,3990.25,{},3,3,ES,10,fixed_hold,0,4.75,-53.0,-53.08,0.016870881781226005,-57.25,2022-12-07,-0.02549031739157326,ENTERED,0.4588241232471807,4.5,2022
LONG,2022-12-13,3990.75,3990.5,2022-12-15,3925.75,3926.0,{},3,3,ES,10,fixed_hold,1,0.0,-98.5,-98.58,0.011492521284819437,-98.0,2022-12-12,0.004721138109026635,ENTERED,0.673908938178866,0.0,2022
SHORT,2022-12-16,3926.0,3926.25,2022-12-20,3862.75,3862.5,{},3,3,ES,10,fixed_hold,0,-8.25,63.25,63.17,0.013102570976265058,72.0,2022-12-15,-0.04522566941315542,ENTERED,0.5914396258051688,-8.5,2022
SHORT,2022-12-21,3862.0,3862.25,2022-12-23,3868.5,3868.25,{},3,3,ES,10,fixed_hold,0,-0.25,-6.5,-6.58,0.012972080026873068,-5.75,2022-12-20,-0.02967658673527518,ENTERED,0.597986128002434,0.0,2022
SHORT,2022-12-26,3877.75,3878.0,2022-12-28,3812.25,3812.0,{},3,3,ES,10,fixed_hold,0,-0.5,65.5,65.42,0.013697127413274003,66.5,2022-12-23,-0.024215501083599378,ENTERED,0.5663392311588525,0.0,2022
SHORT,2022-12-29,3812.0,3812.25,2023-01-02,3871.75,3871.5,{},3,3,ES,10,fixed_hold,0,-27.25,-59.75,-59.83,0.010941549828227077,-32.0,2022-12-28,-0.055909850783233406,ENTERED,0.7109981958064348,-27.0,2022
LONG,2023-01-03,3871.5,3871.25,2023-01-05,3834.75,3835.0,{},3,3,ES,10,fixed_hold,0,0.25,-36.75,-36.83,0.011389130539735521,-36.5,2023-01-02,0.005323292651259415,ENTERED,0.6832290737905018,0.0,2023
SHORT,2023-01-06,3834.75,3835.0,2023-01-10,3942.75,3942.5,{},3,3,ES,10,fixed_hold,0,-9.25,-108.0,-108.08,0.011215705916937197,-98.25,2023-01-05,-0.0035078602052749375,ENTERED,0.6942719419112725,-9.0,2023
LONG,2023-01-11,3942.75,3942.5,2023-01-13,4018.75,4019.0,{},3,3,ES,10,fixed_hold,0,0.0,76.0,75.92,0.011631415342047572,76.5,2023-01-10,0.02269779507133607,ENTERED,0.6698960240622192,0.0,2023
LONG,2023-01-16,4013.75,4013.5,2023-01-18,3946.25,3946.5,{},3,3,ES,10,fixed_hold,0,0.0,-67.5,-67.58,0.009525793294758113,-67.0,2023-01-13,0.03903826266804589,ENTERED,0.8190931963639191,0.0,2023
LONG,2023-01-19,3947.0,3946.75,2023-01-23,4032.25,4032.5,{},3,3,ES,10,fixed_hold,0,-4.75,85.25,85.17,0.009697899590387974,90.5,2023-01-18,0.019109102646869047,ENTERED,0.804864388060873,-4.75,2023
LONG,2023-01-24,4032.75,4032.5,2023-01-26,4062.5,4062.75,{},3,3,ES,10,fixed_hold,0,0.25,29.75,29.67,0.009983254785768017,30.0,2023-01-23,0.03106622347225807,ENTERED,0.7832739951999756,0.0,2023
LONG,2023-01-27,4062.75,4062.5,2023-01-31,4080.75,4081.0,{},3,3,ES,10,fixed_hold,0,-6.0,18.0,17.92,0.00883686641143539,24.5,2023-01-26,0.01454613559745277,ENTERED,0.8849476153266699,-6.0,2023
LONG,2023-02-01,4081.25,4081.0,2023-02-03,4145.75,4146.0,{},3,3,ES,10,fixed_hold,0,0.0,64.5,64.42,0.009153601735854274,65.0,2023-01-31,0.020122484689413467,ENTERED,0.8554134100709837,0.0,2023
LONG,2023-02-06,4140.5,4140.25,2023-02-08,4133.25,4133.5,{},3,3,ES,10,fixed_hold,0,0.0,-7.25,-7.33,0.00845702830739247,-6.75,2023-02-03,0.03961885656970887,ENTERED,0.9259618059110987,0.0,2023
LONG,2023-02-09,4134.0,4133.75,2023-02-13,4148.0,4148.25,{},3,3,ES,10,fixed_hold,0,-10.25,14.0,13.92,0.008682845793977063,24.75,2023-02-08,0.023777089783281635,ENTERED,0.902577562555655,-10.5,2023
LONG,2023-02-14,4148.5,4148.25,2023-02-16,4087.5,4087.75,{},3,3,ES,10,fixed_hold,0,0.0,-61.0,-61.08,0.00930177005520994,-60.5,2023-02-13,0.025905774700135664,ENTERED,0.8425528682161636,0.0,2023
SHORT,2023-02-17,4087.75,4088.0,2023-02-21,4010.5,4010.25,{},3,3,ES,10,fixed_hold,0,6.25,77.25,77.17,0.009419252784718031,71.5,2023-02-16,-0.01854741896758727,ENTERED,0.8323860900278391,6.5,2023
SHORT,2023-02-22,4010.0,4010.25,2023-02-24,3974.75,3974.5,{},3,3,ES,10,fixed_hold,0,0.5,35.25,35.17,0.00916284918374235,35.25,2023-02-21,-0.03784788867562383,ENTERED,0.8559051946532412,0.0,2023
SHORT,2023-02-27,3979.0,3979.25,2023-03-01,3960.25,3960.0,{},3,3,ES,10,fixed_hold,0,0.0,18.75,18.67,0.009057334654708753,19.25,2023-02-24,-0.030491523356506844,ENTERED,0.8662347277619852,0.0,2023
SHORT,2023-03-02,3959.75,3960.0,2023-03-06,4055.0,4054.75,{},3,3,ES,10,fixed_hold,0,7.75,-95.25,-95.33,0.007551815260927965,-102.5,2023-03-01,-0.047848040394325664,ENTERED,1.0389260790665507,7.75,2023
SHORT,2023-03-07,4054.25,4054.5,2023-03-09,3912.25,3912.0,{},3,3,ES,10,fixed_hold,0,-0.25,142.0,141.92,0.008859045610305902,142.75,2023-03-06,-0.0054574441991659395,ENTERED,0.8857842006325954,0.0,2023
SHORT,2023-03-10,3911.5,3911.75,2023-03-14,3919.5,3919.25,{},3,3,ES,10,fixed_hold,0,-28.0,-8.0,-8.08,0.009825998275673781,20.5,2023-03-09,-0.024985980434918065,ENTERED,0.7989181008156545,-28.25,2023
SHORT,2023-03-15,3952.0,3952.25,2023-03-17,3948.0,3947.75,{},3,3,ES,10,fixed_hold,0,0.25,4.0,3.92,0.010156450247128142,4.25,2023-03-14,-0.011164374921155518,ENTERED,0.7730982616832501,0.0,2023
SHORT,2023-03-20,3970.75,3971.0,2023-03-22,3975.5,3975.25,{},3,3,ES,10,fixed_hold,0,0.25,-4.75,-4.83,0.010824565473841807,-4.5,2023-03-17,-0.03398209166340216,ENTERED,0.7258877162739483,0.0,2023
SHORT,2023-03-23,3974.75,3975.0,2023-03-27,4015.25,4015.0,{},3,3,ES,10,fixed_hold,0,-13.75,-40.5,-40.58,0.011543786557576364,-26.25,2023-03-22,-0.01312856240015814,ENTERED,0.6811623689892725,-13.75,2023
LONG,2023-03-28,4015.25,4015.0,2023-03-30,4085.75,4086.0,{},3,3,ES,10,fixed_hold,0,0.25,70.5,70.42,0.011438431032404333,70.75,2023-03-27,0.0311365640509369,ENTERED,0.6875773656013244,0.0,2023
LONG,2023-03-31,4086.0,4085.75,2023-04-04,4133.5,4133.75,{},3,3,ES,10,fixed_hold,0,-8.75,47.5,47.42,0.011632743841532785,56.75,2023-03-30,0.02297052012267664,ENTERED,0.6763871526106568,-8.5,2023
LONG,2023-04-05,4133.75,4133.5,2023-04-07,4141.25,4141.5,{},3,3,ES,10,fixed_hold,0,-0.5,7.5,7.42,0.010658791541839928,8.5,2023-04-04,0.02377561760881708,ENTERED,0.7385440295864216,0.0,2023
LONG,2023-04-10,4135.5,4135.25,2023-04-12,4111.25,4111.5,{},3,3,ES,10,fixed_hold,0,-0.25,-24.25,-24.33,0.009113277307301113,-23.5,2023-04-07,0.032664256327141095,ENTERED,0.8650121199309188,0.0,2023
LONG,2023-04-13,4111.75,4111.5,2023-04-17,4176.25,4176.5,{},3,3,ES,10,fixed_hold,0,0.25,64.5,64.42,0.008506137532866867,64.75,2023-04-12,0.014246068455133765,ENTERED,0.9269544353460395,0.0,2023
LONG,2023-04-18,4176.75,4176.5,2023-04-20,4151.25,4151.5,{},3,3,ES,10,fixed_hold,0,0.0,-25.5,-25.58,0.007339492074398373,-25.0,2023-04-17,0.00632492018553088,ENTERED,1.0742980350449778,0.0,2023
LONG,2023-04-21,4151.5,4151.25,2023-04-25,4111.0,4111.25,{},3,3,ES,10,fixed_hold,0,-3.0,-40.5,-40.58,0.005834437670465688,-37.0,2023-04-20,0.005631926361049144,ENTERED,1.3505932261046816,-2.75,2023
SHORT,2023-04-26,4111.0,4111.25,2023-04-28,4191.0,4190.75,{},3,3,ES,10,fixed_hold,0,-0.25,-80.0,-80.08,0.006377672157027852,-79.25,2023-04-25,-0.006824495712042911,ENTERED,1.2343040943485346,0.0,2023
LONG,2023-05-01,4182.5,4182.25,2023-05-03,4093.25,4093.5,{},3,3,ES,10,fixed_hold,0,0.0,-89.25,-89.33,0.006617175554588808,-88.75,2023-04-28,0.004554443578833611,ENTERED,1.1885773794897858,0.0,2023
SHORT,2023-05-04,4093.25,4093.5,2023-05-08,4150.75,4150.5,{},3,3,ES,10,fixed_hold,0,2.75,-57.5,-57.58,0.007299706241166756,-59.75,2023-05-03,-0.017402784445511688,ENTERED,1.0774140788733888,2.75,2023
SHORT,2023-05-09,4150.0,4150.25,2023-05-11,4146.25,4146.0,{},3,3,ES,10,fixed_hold,0,0.0,3.75,3.67,0.008008255351913527,4.25,2023-05-08,-0.0013233878729544957,ENTERED,0.9820873498987215,0.0,2023
SHORT,2023-05-12,4145.5,4145.75,2023-05-16,4129.25,4129.0,{},3,3,ES,10,fixed_hold,0,0.25,16.25,16.17,0.007270008981808197,16.5,2023-05-11,-0.000662850256101466,ENTERED,1.0818453182076875,0.0,2023
SHORT,2023-05-17,4128.75,4129.0,2023-05-19,4198.5,4198.25,{},3,3,ES,10,fixed_hold,0,0.25,-69.75,-69.83,0.007404767016659556,-69.5,2023-05-16,-0.002235244366579958,ENTERED,1.061909575409232,0.0,2023
LONG,2023-05-22,4200.5,4200.25,2023-05-24,4144.25,4144.5,{},3,3,ES,10,fixed_hold,0,0.0,-56.25,-56.33,0.008182955365514222,-55.75,2023-05-19,0.01187033020004824,ENTERED,0.9611205150914054,0.0,2023
SHORT,2023-05-25,4144.5,4144.75,2023-05-29,4222.5,4222.25,{},3,3,ES,10,fixed_hold,0,-11.75,-78.0,-78.08,0.008297058498110927,-65.75,2023-05-24,-0.0030069761847485443,ENTERED,0.9479293393059411,-11.5,2023
LONG,2023-05-30,4222.25,4222.0,2023-06-01,4230.0,4230.25,{},3,3,ES,10,fixed_hold,0,0.5,7.75,7.67,0.00802639931542025,7.75,2023-05-29,0.01814564745599201,ENTERED,0.9802949211494028,0.0,2023
LONG,2023-06-02,4230.5,4230.25,2023-06-06,4293.25,4293.5,{},3,3,ES,10,fixed_hold,0,-3.5,62.75,62.67,0.007416789943867271,66.75,2023-06-01,0.003023117960877064,ENTERED,1.0604056924082352,-3.75,2023
LONG,2023-06-07,4293.75,4293.5,2023-06-09,4304.5,4304.75,{},3,3,ES,10,fixed_hold,0,0.0,10.75,10.67,0.007319828153868107,11.25,2023-06-06,0.031038002041183566,ENTERED,1.0742319127410103,0.0,2023
LONG,2023-06-12,4310.75,4310.5,2023-06-14,4419.75,4420.0,{},3,3,ES,10,fixed_hold,1,0.0,63.75,63.67,0.00729449964515359,64.25,2023-06-09,0.020264264976002533,ENTERED,1.0771704014935786,0.0,2023
LONG,2023-06-15,4420.25,4420.0,2023-06-19,4446.5,4446.75,{},3,3,ES,10,fixed_hold,0,-1.75,26.25,26.17,0.00715894612943052,28.5,2023-06-14,0.04253065629322683,ENTERED,1.096800267660596,-1.75,2023
LONG,2023-06-20,4446.75,4446.5,2023-06-22,4423.5,4423.75,{},3,3,ES,10,fixed_hold,0,0.0,-23.25,-23.33,0.007040012689136121,-22.75,2023-06-19,0.029338765323513316,ENTERED,1.115078655061698,0.0,2023
LONG,2023-06-23,4424.0,4423.75,2023-06-27,4410.75,4411.0,{},3,3,ES,10,fixed_hold,0,9.75,-13.25,-13.33,0.006320914524565324,-22.5,2023-06-22,0.019484451844349993,ENTERED,1.2414663422192302,9.5,2023
SHORT,2023-06-28,4410.75,4411.0,2023-06-30,4482.75,4482.5,{},3,3,ES,10,fixed_hold,0,0.0,-72.0,-72.08,0.006066954399447261,-71.5,2023-06-27,-0.001358388046185488,ENTERED,1.293071051641668,0.0,2023
LONG,2023-07-03,4489.75,4489.5,2023-07-05,4480.5,4480.75,{},3,3,ES,10,fixed_hold,0,0.0,-9.25,-9.33,0.005359295630223898,-8.75,2023-06-30,0.005270239964117351,ENTERED,1.463350924319442,0.0,2023
LONG,2023-07-06,4480.75,4480.5,2023-07-10,4445.75,4446.0,{},3,3,ES,10,fixed_hold,0,-0.75,-35.0,-35.08,0.005097717977017373,-33.75,2023-07-05,0.015927899331141138,ENTERED,1.5375966356473532,-0.75,2023
LONG,2023-07-11,4446.25,4446.0,2023-07-13,4540.25,4540.5,{},3,3,ES,10,fixed_hold,0,0.0,94.0,93.92,0.0051823036290042064,94.5,2023-07-10,0.01524233601644176,ENTERED,1.5123068041866745,0.0,2023
LONG,2023-07-14,4541.0,4540.75,2023-07-18,4585.75,4586.0,{},3,3,ES,10,fixed_hold,0,-6.0,44.75,44.67,0.005198575921348588,51.25,2023-07-13,0.023268916558679464,ENTERED,1.5069826472202767,-6.0,2023
LONG,2023-07-19,4586.0,4585.75,2023-07-21,4563.75,4564.0,{},3,3,ES,10,fixed_hold,0,0.25,-22.25,-22.33,0.0052996386568387914,-22.0,2023-07-18,0.021551484100908125,ENTERED,1.4776262517538314,0.0,2023
LONG,2023-07-24,4561.5,4561.25,2023-07-26,4596.75,4597.0,{},3,3,ES,10,fixed_hold,0,0.25,35.25,35.17,0.004732616204801498,35.5,2023-07-21,0.02839116719242929,ENTERED,1.6540613115347795,0.0,2023
LONG,2023-07-27,4597.25,4597.0,2023-07-31,4615.25,4615.5,{},3,3,ES,10,fixed_hold,0,5.5,18.0,17.92,0.0045167692624477705,13.0,2023-07-26,0.018725761772853344,ENTERED,1.7313622643460247,5.25,2023
LONG,2023-08-01,4616.0,4615.75,2023-08-03,4530.5,4530.75,{},3,3,ES,10,fixed_hold,0,0.0,-85.5,-85.58,0.004801617341482679,-85.0,2023-07-31,0.014730130812355968,ENTERED,1.626666998878019,0.0,2023
SHORT,2023-08-04,4530.5,4530.75,2023-08-08,4516.75,4516.5,{},3,3,ES,10,fixed_hold,0,-9.5,13.75,13.67,0.005266979593331532,23.75,2023-08-03,-0.007557088877936602,ENTERED,1.481967773176084,-9.25,2023
SHORT,2023-08-09,4516.25,4516.5,2023-08-11,4484.5,4484.25,{},3,3,ES,10,fixed_hold,0,0.0,31.75,31.67,0.005878701302054542,32.25,2023-08-08,-0.01703030632787428,ENTERED,1.3267946208796897,0.0,2023
SHORT,2023-08-14,4489.0,4489.25,2023-08-16,4419.25,4419.0,{},3,3,ES,10,fixed_hold,0,0.0,69.75,69.67,0.0054172651665092,70.25,2023-08-11,-0.02664423703060581,ENTERED,1.438334409034458,0.0,2023
SHORT,2023-08-17,4418.5,4418.75,2023-08-21,4406.0,4405.75,{},3,3,ES,10,fixed_hold,0,-6.25,12.5,12.42,0.005955270836966323,19.25,2023-08-16,-0.027455295735900997,ENTERED,1.306685528450884,-6.25,2023
SHORT,2023-08-22,4405.5,4405.75,2023-08-24,4388.0,4387.75,{},3,3,ES,10,fixed_hold,0,0.0,17.5,17.42,0.0062003205104425125,18.0,2023-08-21,-0.029249752120744876,ENTERED,1.2549972371327085,0.0,2023
SHORT,2023-08-25,4387.75,4388.0,2023-08-29,4509.0,4508.75,{},3,3,ES,10,fixed_hold,0,-8.25,-121.25,-121.33,0.008146406069702874,-112.5,2023-08-24,-0.02304480935151698,ENTERED,0.9549514375582064,-8.25,2023
LONG,2023-08-30,4509.0,4508.75,2023-09-01,4518.75,4519.0,{},3,3,ES,10,fixed_hold,0,0.25,9.75,9.67,0.008880223454631294,10.0,2023-08-29,0.011837971274685666,ENTERED,0.8762917127508896,0.0,2023
LONG,2023-09-04,4519.75,4519.5,2023-09-06,4470.0,4470.25,{},3,3,ES,10,fixed_hold,0,-0.25,-49.75,-49.83,0.008515636215695293,-49.0,2023-09-01,0.031735159817351644,ENTERED,0.9144061265212181,0.0,2023
LONG,2023-09-07,4470.5,4470.25,2023-09-11,4485.25,4485.5,{},3,3,ES,10,fixed_hold,0,2.25,14.75,14.67,0.00833386143523489,13.0,2023-09-06,0.00016780400492222292,ENTERED,0.9359202004904174,2.25,2023
LONG,2023-09-12,4485.75,4485.5,2023-09-14,4557.25,4557.5,{},3,3,ES,10,fixed_hold,0,48.5,71.5,71.42,0.008320301287034641,23.5,2023-09-11,0.009565608822867722,ENTERED,0.9377680216777619,0.0,2023
LONG,2023-09-15,4557.75,4557.5,2023-09-19,4492.0,4492.25,{},3,3,ES,10,fixed_hold,0,6.75,-65.75,-65.83,0.007923044229243595,-72.0,2023-09-14,0.0086311829146839,ENTERED,0.9858120495909379,6.75,2023
SHORT,2023-09-20,4492.0,4492.25,2023-09-22,4363.0,4362.75,{},3,3,ES,10,fixed_hold,0,0.0,129.0,128.92,0.008542686739123924,129.5,2023-09-19,-0.0020548705986892513,ENTERED,0.9153588443475705,0.0,2023
SHORT,2023-09-25,4366.75,4367.0,2023-09-27,4321.5,4321.25,{},3,3,ES,10,fixed_hold,0,0.0,45.25,45.17,0.007880734146158395,45.75,2023-09-22,-0.022571972667189244,ENTERED,0.9933132144193233,0.0,2023
SHORT,2023-09-28,4321.0,4321.25,2023-10-02,4325.75,4325.5,{},3,3,ES,10,fixed_hold,0,-15.25,-4.75,-4.83,0.00720543857388858,11.0,2023-09-27,-0.04460535043113001,ENTERED,1.0852391261074554,-15.25,2023
SHORT,2023-10-03,4325.25,4325.5,2023-10-05,4286.25,4286.0,{},3,3,ES,10,fixed_hold,0,0.0,39.0,38.92,0.007315721357509469,39.5,2023-10-02,-0.039578129336663936,ENTERED,1.0676503503803894,0.0,2023
SHORT,2023-10-06,4285.75,4286.0,2023-10-10,4393.25,4393.0,{},3,3,ES,10,fixed_hold,0,32.75,-107.5,-107.58,0.007932158279212457,-139.75,2023-10-05,-0.019165856170261453,ENTERED,0.9846793515327784,32.75,2023
LONG,2023-10-11,4393.0,4392.75,2023-10-13,4351.25,4351.5,{},3,3,ES,10,fixed_hold,0,0.0,-41.75,-41.83,0.008771248781512241,-41.25,2023-10-10,0.016603991900491444,ENTERED,0.8915679001424732,0.0,2023
LONG,2023-10-16,4368.25,4368.0,2023-10-18,4343.75,4344.0,{},3,3,ES,10,fixed_hold,0,-0.25,-24.5,-24.58,0.007902103003085928,-23.75,2023-10-13,0.005139458335739366,ENTERED,0.9906270980836004,0.0,2023
LONG,2023-10-19,4344.0,4343.75,2023-10-23,4253.75,4254.0,{},3,3,ES,10,fixed_hold,0,16.5,-90.25,-90.33,0.008391107120952644,-106.25,2023-10-18,0.012174520883089235,ENTERED,0.9332362334644313,16.5,2023
SHORT,2023-10-24,4253.75,4254.0,2023-10-26,4180.25,4180.0,{},3,3,ES,10,fixed_hold,0,0.0,73.5,73.42,0.008344483094942571,74.0,2023-10-23,-0.026433230346721515,ENTERED,0.9388434987036667,0.0,2023
SHORT,2023-10-27,4179.5,4179.75,2023-10-31,4202.75,4202.5,{},3,3,ES,10,fixed_hold,0,-13.0,-23.25,-23.33,0.008741747048013813,-9.75,2023-10-26,-0.04631530914898441,ENTERED,0.8965293775327247,-13.0,2023
SHORT,2023-11-01,4202.0,4202.25,2023-11-03,4378.75,4378.5,{},3,3,ES,10,fixed_hold,0,-0.25,-176.75,-176.83,0.009072645704887743,-176.0,2023-10-31,-0.043146630236794214,ENTERED,0.8639413756362403,0.0,2023
LONG,2023-11-06,4377.25,4377.0,2023-11-08,4392.5,4392.75,{},3,3,ES,10,fixed_hold,0,0.0,15.25,15.17,0.010039010020297461,15.75,2023-11-03,0.031570267404877006,ENTERED,0.781205537033313,0.0,2023
LONG,2023-11-09,4393.0,4392.75,2023-11-13,4427.5,4427.75,{},3,3,ES,10,fixed_hold,0,-3.75,34.5,34.42,0.009838402978514921,38.75,2023-11-08,0.048013837528331216,ENTERED,0.7973858280340022,-3.5,2023
LONG,2023-11-14,4427.75,4427.5,2023-11-16,4524.0,4524.25,{},3,3,ES,10,fixed_hold,0,0.25,96.25,96.17,0.00988007464733358,96.5,2023-11-13,0.058763749402200194,ENTERED,0.7942452779352541,0.0,2023
LONG,2023-11-17,4524.5,4524.25,2023-11-21,4545.0,4545.25,{},3,3,ES,10,fixed_hold,0,0.5,20.5,20.42,0.009918351742103636,20.5,2023-11-16,0.04540465599907617,ENTERED,0.7914790768807932,0.75,2023
LONG,2023-11-22,4545.5,4545.25,2023-11-24,4568.0,4568.25,{},3,3,ES,10,fixed_hold,0,-0.25,22.5,22.42,0.009593657853125848,23.25,2023-11-21,0.03418657565415262,ENTERED,0.81845049626914,0.0,2023
LONG,2023-11-27,4562.25,4562.0,2023-11-29,4562.25,4562.5,{},3,3,ES,10,fixed_hold,0,-0.25,0.0,-0.08,0.007369771862780889,0.75,2023-11-24,0.03248954684145122,ENTERED,1.065424300388636,0.0,2023
LONG,2023-11-30,4563.0,4562.75,2023-12-04,4569.5,4569.75,{},3,3,ES,10,fixed_hold,0,-6.25,6.5,6.42,0.006992488903037432,13.25,2023-11-29,0.010184877670762926,ENTERED,1.1229091228581172,-6.0,2023
LONG,2023-12-05,4570.0,4569.75,2023-12-07,4584.25,4584.5,{},3,3,ES,10,fixed_hold,0,-0.25,14.25,14.17,0.006585316250957538,15.0,2023-12-04,0.001205017253656182,ENTERED,1.1916212274773432,0.0,2023
LONG,2023-12-08,4585.0,4584.75,2023-12-12,4651.75,4652.0,{},3,3,ES,10,fixed_hold,0,3.75,66.75,66.67,0.006438223841791897,63.5,2023-12-07,0.0030082590384508112,ENTERED,1.218624579024761,3.75,2023
LONG,2023-12-13,4704.25,4704.0,2023-12-15,4769.25,4769.5,{},3,3,ES,10,fixed_hold,0,-0.25,65.0,64.92,0.00413634416065261,65.75,2023-12-12,0.019225502546968087,ENTERED,1.8960052426952634,0.0,2023
LONG,2023-12-18,4774.5,4774.25,2023-12-20,4759.0,4759.25,{},3,3,ES,10,fixed_hold,0,-0.25,-15.5,-15.58,0.006726035407315392,-14.75,2023-12-15,0.035947002606429246,ENTERED,1.1656874401713402,0.0,2023
LONG,2023-12-21,4759.25,4759.0,2023-12-25,4809.75,4810.0,{},3,3,ES,10,fixed_hold,0,1.0,50.5,50.42,0.00723712684004422,50.0,2023-12-20,0.044783491575654644,ENTERED,1.082920503222308,1.0,2023
LONG,2023-12-26,4810.25,4810.0,2023-12-28,4835.0,4835.25,{},3,3,ES,10,fixed_hold,0,0.0,24.75,24.67,0.007250298799621127,25.25,2023-12-25,0.03988757972111201,ENTERED,1.08091294019275,0.0,2023
LONG,2023-12-29,4835.5,4835.25,2024-01-02,4788.25,4788.5,{},3,3,ES,10,fixed_hold,0,5.0,-47.25,-47.33,0.007218995873257163,-51.75,2023-12-28,0.013307486771100496,ENTERED,1.0847610030037556,5.25,2023
SHORT,2024-01-03,4788.5,4788.75,2024-01-05,4735.75,4735.5,{},3,3,ES,10,fixed_hold,0,0.25,52.75,52.67,0.007293728313688152,53.0,2024-01-02,-0.00601971977166571,ENTERED,1.073540628131705,0.0,2024
SHORT,2024-01-08,4738.5,4738.75,2024-01-10,4821.5,4821.25,{},3,3,ES,10,fixed_hold,0,-0.25,-83.0,-83.08,0.007471526772549008,-82.25,2024-01-05,-0.013283325519612532,ENTERED,1.0466620940839038,0.0,2024
SHORT,2024-01-11,4821.0,4821.25,2024-01-15,4808.75,4808.5,{},3,3,ES,10,fixed_hold,0,1.0,12.25,12.17,0.005704835152088626,11.75,2024-01-10,-0.00274071775778284,ENTERED,1.372175910085457,1.0,2024
SHORT,2024-01-16,4808.25,4808.5,2024-01-18,4815.0,4814.75,{},3,3,ES,10,fixed_hold,0,0.25,-6.75,-6.83,0.005656075200544504,-6.5,2024-01-15,-0.0025928230657543683,ENTERED,1.3825176617869235,0.0,2024
LONG,2024-01-19,4814.75,4814.5,2024-01-23,4904.25,4904.5,{},3,3,ES,10,fixed_hold,0,4.75,89.5,89.42,0.005191016104288595,85.25,2024-01-18,0.01705745669623937,ENTERED,1.5046442379898364,4.75,2024
LONG,2024-01-24,4904.75,4904.5,2024-01-26,4912.5,4912.75,{},3,3,ES,10,fixed_hold,0,-0.25,7.75,7.67,0.005803157820938331,8.5,2024-01-23,0.023476627712854636,ENTERED,1.344528740809568,0.0,2024
LONG,2024-01-29,4904.5,4904.25,2024-01-31,4876.5,4876.75,{},3,3,ES,10,fixed_hold,0,-0.25,-28.0,-28.08,0.005696850428627947,-27.25,2024-01-26,0.021096388672382504,ENTERED,1.3691476304395336,0.0,2024
LONG,2024-02-01,4877.0,4876.75,2024-02-05,4957.75,4958.0,{},3,3,ES,10,fixed_hold,0,4.0,80.75,80.67,0.0060402697824126165,77.25,2024-01-31,0.02243304156402326,ENTERED,1.2891394271047838,3.75,2024
LONG,2024-02-06,4958.0,4957.75,2024-02-08,5015.0,5015.25,{},3,3,ES,10,fixed_hold,0,-0.25,57.0,56.92,0.006348385125428178,57.75,2024-02-05,0.01572343149807942,ENTERED,1.225770974338081,0.0,2024
LONG,2024-02-09,5015.5,5015.25,2024-02-13,4972.25,4972.5,{},3,3,ES,10,fixed_hold,0,0.5,-43.25,-43.33,0.006349838104614092,-43.25,2024-02-08,0.02065632154668018,ENTERED,1.2251370915335247,0.25,2024
LONG,2024-02-14,4972.75,4972.5,2024-02-16,5014.25,5014.5,{},3,3,ES,10,fixed_hold,0,0.0,41.5,41.42,0.007154665105659197,42.0,2024-02-13,0.008671839342765386,ENTERED,1.08683299756523,0.0,2024
LONG,2024-02-19,5024.75,5024.5,2024-02-21,5021.25,5021.5,{},3,3,ES,10,fixed_hold,0,0.0,-3.5,-3.58,0.006874190476058462,-3.0,2024-02-16,0.008395756874968408,ENTERED,1.1284558720529219,0.0,2024
LONG,2024-02-22,5021.75,5021.5,2024-02-26,5079.25,5079.5,{},3,3,ES,10,fixed_hold,0,4.0,57.5,57.42,0.007086423469274824,54.0,2024-02-21,0.0015457491897283848,ENTERED,1.094645831009214,4.25,2024
LONG,2024-02-27,5079.75,5079.5,2024-02-29,5097.25,5097.5,{},3,3,ES,10,fixed_hold,0,0.0,17.5,17.42,0.0076957027622552845,18.0,2024-02-26,0.008788044287771024,ENTERED,1.007981226282998,0.0,2024
LONG,2024-03-01,5097.5,5097.25,2024-03-05,5087.75,5088.0,{},3,3,ES,10,fixed_hold,0,3.0,-9.75,-9.83,0.006359802755066032,-12.25,2024-02-29,0.009755855989699747,ENTERED,1.219409616610158,3.0,2024
LONG,2024-03-06,5088.25,5088.0,2024-03-08,5131.75,5132.0,{},3,3,ES,10,fixed_hold,0,-0.25,43.5,43.42,0.006836835670073317,44.25,2024-03-05,0.019945875513681655,ENTERED,1.1334746144636776,0.0,2024
LONG,2024-03-11,5129.5,5129.25,2024-03-13,5238.25,5238.5,{},3,3,ES,10,fixed_hold,1,-0.25,45.5,45.42,0.007067408136199168,46.25,2024-03-08,0.007311448059276637,ENTERED,1.0961844574458828,0.0,2024
LONG,2024-03-14,5239.0,5238.75,2024-03-18,5209.75,5210.0,{},3,3,ES,10,fixed_hold,0,2.25,-29.25,-29.33,0.006265234438335778,-31.0,2024-03-13,0.020568186390609977,ENTERED,1.2360734918603917,2.5,2024
LONG,2024-03-19,5210.5,5210.25,2024-03-21,5309.75,5310.0,{},3,3,ES,10,fixed_hold,0,-0.25,99.25,99.17,0.00633686392287189,100.0,2024-03-18,0.0031954597564098908,ENTERED,1.2215454893608813,0.0,2024
LONG,2024-03-22,5310.0,5309.75,2024-03-26,5275.25,5275.5,{},3,3,ES,10,fixed_hold,0,3.25,-34.75,-34.83,0.005747024732831134,-37.5,2024-03-21,0.016704041323886587,ENTERED,1.3452866390819767,3.25,2024
LONG,2024-03-27,5275.75,5275.5,2024-04-01,5289.25,5289.5,{},3,3,ES,10,fixed_hold,0,27.75,13.5,13.42,0.005826586875871815,-13.75,2024-03-26,0.006246721663249355,ENTERED,1.326584119694564,0.0,2024
LONG,2024-04-02,5289.75,5289.5,2024-04-04,5200.5,5200.75,{},3,3,ES,10,fixed_hold,0,-0.25,-89.25,-89.33,0.005588865738308818,-88.5,2024-04-01,0.020498721844403267,ENTERED,1.3820077391364771,0.0,2024
SHORT,2024-04-05,5200.5,5200.75,2024-04-09,5262.25,5262.0,{},3,3,ES,10,fixed_hold,0,-3.25,-61.75,-61.83,0.0064286745329090065,-58.0,2024-04-04,-0.019235302437414226,ENTERED,1.2012723817403277,-3.5,2024
SHORT,2024-04-10,5261.75,5262.0,2024-04-12,5166.75,5166.5,{},3,3,ES,10,fixed_hold,0,-0.25,95.0,94.92,0.006339378538076354,95.75,2024-04-09,-0.0041163946061036905,ENTERED,1.2169261208635793,0.0,2024
SHORT,2024-04-15,5183.0,5183.25,2024-04-17,5066.5,5066.25,{},3,3,ES,10,fixed_hold,0,-0.25,116.5,116.42,0.0077380695278231265,117.25,2024-04-12,-0.025969741245227884,ENTERED,0.9969612324221833,0.0,2024
SHORT,2024-04-18,5066.25,5066.5,2024-04-22,5046.25,5046.0,{},3,3,ES,10,fixed_hold,0,-18.0,20.0,19.92,0.007987438138172034,38.5,2024-04-17,-0.04025574236324869,ENTERED,0.966807092156606,-18.0,2024
SHORT,2024-04-23,5045.75,5046.0,2024-04-25,5119.75,5119.5,{},3,3,ES,10,fixed_hold,0,0.0,-74.0,-74.08,0.0077535832646269676,-73.5,2024-04-22,-0.039817325531611214,ENTERED,0.995966842244056,0.0,2024
SHORT,2024-04-26,5119.25,5119.5,2024-04-30,5058.0,5057.75,{},3,3,ES,10,fixed_hold,0,-10.0,61.25,61.17,0.008869730613116928,71.75,2024-04-25,-0.023834493278672708,ENTERED,0.8706678369871238,-10.0,2024
SHORT,2024-05-01,5057.75,5058.0,2024-05-03,5161.75,5161.5,{},3,3,ES,10,fixed_hold,0,-0.25,-104.0,-104.08,0.009564565298490174,-103.25,2024-04-30,-0.009546656222461425,ENTERED,0.807808769763489,0.0,2024
LONG,2024-05-06,5159.75,5159.5,2024-05-08,5210.0,5210.25,{},3,3,ES,10,fixed_hold,0,0.25,50.25,50.17,0.009264846687035665,50.5,2024-05-03,0.03157789547316869,ENTERED,0.8342779845853435,0.0,2024
LONG,2024-05-09,5210.5,5210.25,2024-05-13,5244.0,5244.25,{},3,3,ES,10,fixed_hold,0,1.5,33.5,33.42,0.009070725230330907,32.5,2024-05-08,0.02665024630541879,ENTERED,0.8525041422444152,1.5,2024
LONG,2024-05-14,5244.75,5244.5,2024-05-16,5319.75,5320.0,{},3,3,ES,10,fixed_hold,0,0.0,75.0,74.92,0.007630854796713177,75.5,2024-05-13,0.019340103989503588,ENTERED,1.0133636450989438,0.0,2024
LONG,2024-05-17,5320.25,5320.0,2024-05-21,5346.25,5346.5,{},3,3,ES,10,fixed_hold,0,7.75,26.0,25.92,0.007616762505227967,18.75,2024-05-16,0.041758456944240185,ENTERED,1.0150501059006032,7.75,2024
LONG,2024-05-22,5346.75,5346.5,2024-05-24,5320.5,5320.75,{},3,3,ES,10,fixed_hold,0,0.0,-26.25,-26.33,0.0066688060194359106,-25.75,2024-05-21,0.025412351361717933,ENTERED,1.1585791676317867,0.0,2024
LONG,2024-05-27,5316.25,5316.0,2024-05-29,5266.5,5266.75,{},3,3,ES,10,fixed_hold,0,0.25,-49.75,-49.83,0.006761532243040573,-49.5,2024-05-24,0.015119717638080177,ENTERED,1.1423232820175342,0.0,2024
SHORT,2024-05-30,5266.5,5266.75,2024-06-03,5297.0,5296.75,{},3,3,ES,10,fixed_hold,0,-2.5,-30.5,-30.58,0.005903835506418776,-27.5,2024-05-29,-0.013301484707976652,ENTERED,1.3080160908533134,-2.75,2024
SHORT,2024-06-04,5296.5,5296.75,2024-06-06,5364.5,5364.25,{},3,3,ES,10,fixed_hold,0,0.25,-68.0,-68.08,0.005660105790356406,-67.75,2024-06-03,-0.006517865516271537,ENTERED,1.3629701667716205,0.0,2024
LONG,2024-06-07,5364.5,5364.25,2024-06-11,5384.5,5384.75,{},3,3,ES,10,fixed_hold,0,0.0,20.0,19.92,0.005994646702326926,20.5,2024-06-06,0.014467401068506858,ENTERED,1.286694110975505,0.0,2024
LONG,2024-06-12,5385.0,5384.75,2024-06-14,5435.5,5435.75,{},3,3,ES,10,fixed_hold,0,-0.25,50.5,50.42,0.005983833192349037,51.25,2024-06-11,0.012408930669800311,ENTERED,1.288661708087412,0.0,2024
LONG,2024-06-17,5437.75,5437.5,2024-06-19,5562.75,5563.0,{},3,3,ES,10,fixed_hold,0,68.75,125.0,124.92,0.005631969389564774,56.75,2024-06-14,0.025758362032363147,ENTERED,1.3687441912811111,0.0,2024
LONG,2024-06-20,5563.0,5562.75,2024-06-24,5519.0,5519.25,{},3,3,ES,10,fixed_hold,0,0.0,-44.0,-44.08,0.006349146577154227,-43.5,2024-06-19,0.03598864006704239,ENTERED,1.2136013233775031,0.25,2024
LONG,2024-06-25,5519.5,5519.25,2024-06-27,5554.5,5554.75,{},3,3,ES,10,fixed_hold,0,0.25,35.0,34.92,0.005929402442323889,35.25,2024-06-24,0.028511530398322993,ENTERED,1.2987301194837244,0.0,2024
LONG,2024-06-28,5555.25,5555.0,2024-07-02,5561.75,5562.0,{},3,3,ES,10,fixed_hold,0,-2.5,6.5,6.42,0.0050497976917663326,9.5,2024-06-27,0.021469290180213374,ENTERED,1.5249048253724398,-2.75,2024
LONG,2024-07-03,5562.5,5562.25,2024-07-05,5614.75,5615.0,{},3,3,ES,10,fixed_hold,0,0.0,52.25,52.17,0.005002991566905792,52.75,2024-07-02,0.012100809753434527,ENTERED,1.5382202147134254,0.0,2024
LONG,2024-07-08,5612.75,5612.5,2024-07-10,5683.25,5683.5,{},3,3,ES,10,fixed_hold,0,-0.25,70.5,70.42,0.00454602798935442,71.25,2024-07-05,0.01417863271019626,ENTERED,1.6927343664785701,0.0,2024
LONG,2024-07-11,5683.75,5683.5,2024-07-15,5692.0,5692.25,{},3,3,ES,10,fixed_hold,0,5.0,8.25,8.17,0.004562062777637831,3.75,2024-07-10,0.02864123795303386,ENTERED,1.6860726536746478,4.75,2024
LONG,2024-07-16,5692.5,5692.25,2024-07-18,5601.5,5601.75,{},3,3,ES,10,fixed_hold,0,0.25,-91.0,-91.08,0.004907502178669814,-90.75,2024-07-15,0.02957268822066439,ENTERED,1.5667437028768363,0.0,2024
LONG,2024-07-19,5602.0,5601.75,2024-07-23,5574.75,5575.0,{},3,3,ES,10,fixed_hold,0,19.5,-27.25,-27.33,0.005462273397936642,-46.25,2024-07-18,0.0024157831163602594,ENTERED,1.4067400004259731,19.5,2024
SHORT,2024-07-24,5574.75,5575.0,2024-07-26,5499.5,5499.25,{},3,3,ES,10,fixed_hold,0,0.5,75.25,75.17,0.006261523556963617,75.25,2024-07-23,-0.010428222764588768,ENTERED,1.2266546133454712,0.0,2024
SHORT,2024-07-29,5512.5,5512.75,2024-07-31,5587.75,5587.5,{},3,3,ES,10,fixed_hold,0,0.5,-75.25,-75.33,0.00752357993064537,-75.25,2024-07-26,-0.02968681076312285,ENTERED,1.0202029914977973,0.0,2024
SHORT,2024-08-01,5587.5,5587.75,2024-08-05,5274.0,5273.75,{},3,3,ES,10,fixed_hold,0,34.0,313.5,313.42,0.00858626924216387,280.0,2024-07-31,-0.010886882634094208,ENTERED,0.8939364158679508,34.0,2024
SHORT,2024-08-06,5273.75,5274.0,2024-08-08,5358.0,5357.75,{},3,3,ES,10,fixed_hold,0,0.25,-84.25,-84.33,0.010907022900324309,-84.0,2024-08-05,-0.05918294532155921,ENTERED,0.7039566737018401,0.0,2024
SHORT,2024-08-09,5357.25,5357.5,2024-08-13,5458.0,5457.75,{},3,3,ES,10,fixed_hold,0,-5.25,-100.75,-100.83,0.01297368985238511,-95.0,2024-08-08,-0.01719710171512434,ENTERED,0.5922754875111749,-5.25,2024
SHORT,2024-08-14,5457.25,5457.5,2024-08-16,5580.5,5580.25,{},3,3,ES,10,fixed_hold,0,0.25,-123.25,-123.33,0.013411217885469383,-123.0,2024-08-13,-0.0041510811057384744,ENTERED,0.5731172321864024,0.0,2024
LONG,2024-08-19,5585.75,5585.5,2024-08-21,5645.0,5645.25,{},3,3,ES,10,fixed_hold,0,0.25,59.25,59.17,0.01373283594483881,59.5,2024-08-16,0.04148002986188848,ENTERED,0.56011513751557,0.0,2024
LONG,2024-08-22,5645.25,5645.0,2024-08-26,5631.75,5632.0,{},3,3,ES,10,fixed_hold,0,-4.0,-13.5,-13.58,0.013085309278371808,-9.0,2024-08-21,0.08515546157912435,ENTERED,0.5879812151263,-4.25,2024
LONG,2024-08-27,5632.25,5632.0,2024-08-29,5614.75,5615.0,{},3,3,ES,10,fixed_hold,0,0.0,-17.5,-17.58,0.013132839914696255,-17.0,2024-08-26,0.04830153559795236,ENTERED,0.5859892309844908,0.0,2024
LONG,2024-08-30,5615.25,5615.0,2024-09-03,5532.5,5532.75,{},3,3,ES,10,fixed_hold,0,-3.5,-82.75,-82.83,0.01161699248346661,-78.75,2024-08-29,0.00726522558076903,ENTERED,0.6628322193810805,-3.5,2024
SHORT,2024-09-04,5532.25,5532.5,2024-09-06,5404.0,5403.75,{},3,3,ES,10,fixed_hold,0,0.0,128.25,128.17,0.011088785241227543,128.75,2024-09-03,-0.015481115707994264,ENTERED,0.6944578125433977,0.0,2024
SHORT,2024-09-09,5417.75,5418.0,2024-09-11,5557.0,5556.75,{},3,3,ES,10,fixed_hold,0,0.0,-139.25,-139.33,0.010018832242994543,-138.75,2024-09-06,-0.043711011812591405,ENTERED,0.7690788548219846,0.0,2024
SHORT,2024-09-12,5556.5,5556.75,2024-09-16,5635.25,5635.0,{},3,3,ES,10,fixed_hold,0,-6.5,-78.75,-78.83,0.010237139753002684,-71.75,2024-09-11,-0.0027368987796123623,ENTERED,0.7530155466695414,-6.25,2024
SHORT,2024-09-17,5634.75,5635.0,2024-09-19,5770.5,5770.25,{},3,3,ES,10,fixed_hold,1,0.25,-74.25,-74.33,0.009429147433339566,-74.0,2024-09-16,-0.003404518724852923,ENTERED,0.8175714029563801,0.0,2024
LONG,2024-09-20,5770.25,5770.0,2024-09-24,5791.75,5792.0,{},3,3,ES,10,fixed_hold,0,9.0,21.5,21.42,0.009420530029829344,13.0,2024-09-19,0.03594460621878803,ENTERED,0.8187731035132123,9.0,2024
LONG,2024-09-25,5792.25,5792.0,2024-09-27,5785.5,5785.75,{},3,3,ES,10,fixed_hold,0,0.25,-6.75,-6.83,0.009267223863461665,-6.5,2024-09-24,0.04226119345197987,ENTERED,0.8323425772726825,0.0,2024
LONG,2024-09-30,5800.25,5800.0,2024-10-02,5769.0,5769.25,{},3,3,ES,10,fixed_hold,0,0.5,-31.25,-31.33,0.008632159222147778,-31.25,2024-09-27,0.017174694443015337,ENTERED,0.894597937945065,0.0,2024
LONG,2024-10-03,5769.75,5769.5,2024-10-07,5744.0,5744.25,{},3,3,ES,10,fixed_hold,0,6.25,-25.75,-25.83,0.007351303438632472,-31.5,2024-10-02,0.008918812573776691,ENTERED,1.049413263569785,6.5,2024
SHORT,2024-10-08,5744.25,5744.5,2024-10-10,5835.75,5835.5,{},3,3,ES,10,fixed_hold,0,-0.5,-91.5,-91.58,0.005434545446819782,-90.5,2024-10-07,-0.00493698843705348,ENTERED,1.4193468561736695,0.0,2024
LONG,2024-10-11,5835.5,5835.25,2024-10-15,5862.75,5863.0,{},3,3,ES,10,fixed_hold,0,2.5,27.25,27.17,0.0052185903233768855,25.25,2024-10-10,0.005254091300602726,ENTERED,1.4776282913070056,2.25,2024
LONG,2024-10-16,5863.5,5863.25,2024-10-18,5907.25,5907.5,{},3,3,ES,10,fixed_hold,0,-0.5,43.75,43.67,0.0060158922056484385,44.75,2024-10-15,0.019519193148719527,ENTERED,1.2814393995490558,0.0,2024
LONG,2024-10-21,5914.0,5913.75,2024-10-23,5842.5,5842.75,{},3,3,ES,10,fixed_hold,0,0.25,-71.5,-71.58,0.005709978860706916,-71.25,2024-10-18,0.019325338624794908,ENTERED,1.3494503003112985,0.0,2024
LONG,2024-10-24,5843.0,5842.75,2024-10-28,5861.0,5861.25,{},3,3,ES,10,fixed_hold,0,29.5,18.0,17.92,0.006069697026841919,-11.0,2024-10-23,0.0006850781417255813,ENTERED,1.2694656741548915,29.25,2024
SHORT,2024-10-29,5861.25,5861.5,2024-10-31,5742.75,5742.5,{},3,3,ES,10,fixed_hold,0,-0.25,118.5,118.42,0.0059909611524840084,119.25,2024-10-28,-0.008709991120882887,ENTERED,1.2853464863707682,0.0,2024
SHORT,2024-11-01,5742.5,5742.75,2024-11-05,5816.25,5816.0,{},3,3,ES,10,fixed_hold,0,9.5,-73.75,-73.83,0.0068641188659057635,-82.75,2024-10-31,-0.02533203207875434,ENTERED,1.1217924777783441,9.25,2024
SHORT,2024-11-06,5815.5,5815.75,2024-11-08,6023.75,6023.5,{},3,3,ES,10,fixed_hold,0,-0.25,-208.25,-208.33,0.006688466269290629,-207.5,2024-11-05,-0.012563667232597941,ENTERED,1.1505205377031598,0.0,2024
LONG,2024-11-11,6037.75,6037.5,2024-11-13,6020.0,6020.25,{},3,3,ES,10,fixed_hold,0,0.5,-17.75,-17.83,0.008605881458551482,-17.75,2024-11-08,0.031156381066506755,ENTERED,0.8947505200293062,0.0,2024
LONG,2024-11-14,6020.5,6020.25,2024-11-18,5916.5,5916.75,{},3,3,ES,10,fixed_hold,0,4.25,-104.0,-104.08,0.008125506503850218,-107.75,2024-11-13,0.032323059116045716,ENTERED,0.9476899518424207,4.5,2024
LONG,2024-11-19,5917.0,5916.75,2024-11-21,5964.0,5964.25,{},3,3,ES,10,fixed_hold,0,0.5,47.0,46.92,0.008825856330669487,47.0,2024-11-18,0.03025422253177834,ENTERED,0.8730339288801151,0.0,2024
SHORT,2024-11-22,5964.0,5964.25,2024-11-26,6040.75,6040.5,{},3,3,ES,10,fixed_hold,0,-18.25,-76.75,-76.83,0.008687824032941136,-58.0,2024-11-21,-0.007158017395646921,ENTERED,0.8869116891797343,-18.0,2024
LONG,2024-11-27,6040.75,6040.5,2024-11-29,6051.25,6051.5,{},3,3,ES,10,fixed_hold,0,0.25,10.5,10.42,0.00879314175830895,10.75,2024-11-26,0.005409454061251706,ENTERED,0.8767061316250785,0.0,2024
LONG,2024-12-02,6046.0,6045.75,2024-12-04,6093.75,6094.0,{},3,3,ES,10,fixed_hold,0,0.0,47.75,47.67,0.007555853783129555,48.25,2024-11-29,0.025677966101694816,ENTERED,1.0202322078613513,0.0,2024
LONG,2024-12-05,6094.25,6094.0,2024-12-09,6061.75,6062.0,{},3,3,ES,10,fixed_hold,0,4.75,-32.5,-32.58,0.004866616156039443,-36.75,2024-12-04,0.02592592592592613,ENTERED,1.583303971649755,4.5,2024
LONG,2024-12-10,6062.0,6061.75,2024-12-12,6065.0,6065.25,{},3,3,ES,10,fixed_hold,0,-0.25,3.0,2.92,0.004781188265685127,3.75,2024-12-09,0.011344678011344866,ENTERED,1.61062336692632,0.0,2024
LONG,2024-12-13,6065.75,6065.5,2024-12-17,6049.5,6049.75,{},3,3,ES,10,fixed_hold,0,5.75,-16.25,-16.33,0.0044728295650105065,-21.5,2024-12-12,0.0058874746050834315,ENTERED,1.7216083813180127,5.75,2024
SHORT,2024-12-18,6123.5,6123.75,2024-12-20,5996.75,5996.5,{},3,3,ES,10,fixed_hold,0,-0.5,126.75,126.67,0.0036598211286759832,127.75,2024-12-17,-0.0032129175763065954,ENTERED,2.102753793609407,0.0,2024
SHORT,2024-12-23,6021.0,6021.25,2024-12-25,6098.0,6097.75,{},3,3,ES,10,fixed_hold,0,-0.5,-77.0,-77.08,0.008041938620329262,-76.0,2024-12-20,-0.028328584643990684,ENTERED,0.9575378812097682,0.0,2024
SHORT,2024-12-26,6097.25,6097.5,2024-12-30,5953.5,5953.25,{},3,3,ES,10,fixed_hold,0,4.25,143.75,143.67,0.00831848509822669,140.0,2024-12-25,-0.010298733056444354,ENTERED,0.925732684672117,4.5,2024
SHORT,2024-12-31,5953.25,5953.5,2025-01-02,5915.0,5914.75,{},3,3,ES,10,fixed_hold,0,-11.0,38.25,38.17,0.00896364791363084,49.75,2024-12-30,-0.03164397154117693,ENTERED,0.8596201861783047,0.0,2024
SHORT,2025-01-03,5914.25,5914.5,2025-01-07,5958.5,5958.25,{},3,3,ES,10,fixed_hold,0,-5.5,-44.25,-44.33,0.008872105082042865,-38.25,2025-01-02,-0.003286009183974481,ENTERED,0.8688721916788683,-5.75,2025
SHORT,2025-01-08,5957.75,5958.0,2025-01-10,5861.75,5861.5,{},3,3,ES,10,fixed_hold,0,-0.5,96.0,95.92,0.009765271555324058,97.0,2025-01-07,-0.023077553697327446,ENTERED,0.7896489778984717,0.0,2025
SHORT,2025-01-13,5859.5,5859.75,2025-01-15,5994.5,5994.25,{},3,3,ES,10,fixed_hold,0,0.25,-135.0,-135.08,0.009868305801450204,-134.75,2025-01-10,-0.02782269768213297,ENTERED,0.7816211581251644,0.0,2025
LONG,2025-01-16,5994.5,5994.25,2025-01-20,6067.75,6068.0,{},3,3,ES,10,fixed_hold,0,-9.25,73.25,73.17,0.0085314514437133,83.0,2025-01-15,0.009260428505282858,ENTERED,0.9042127748115677,-9.0,2025
LONG,2025-01-21,6068.5,6068.25,2025-01-23,6147.75,6148.0,{},3,3,ES,10,fixed_hold,0,0.25,79.25,79.17,0.008493888163856347,79.5,2025-01-20,0.007011575322574126,ENTERED,0.9082478111560828,0.0,2025
LONG,2025-01-24,6148.25,6148.0,2025-01-28,6087.5,6087.75,{},3,3,ES,10,fixed_hold,0,-28.75,-60.75,-60.83,0.008330982881603471,-31.5,2025-01-23,0.03667481662591743,ENTERED,0.9269721565067743,-28.75,2025
LONG,2025-01-29,6088.0,6087.75,2025-01-31,6065.25,6065.5,{},3,3,ES,10,fixed_hold,0,0.0,-22.75,-22.83,0.008005681105860144,-22.25,2025-01-28,0.03418839717998834,ENTERED,0.9647968238059893,0.0,2025
LONG,2025-02-03,5968.0,5967.75,2025-02-05,6089.75,6090.0,{},3,3,ES,10,fixed_hold,0,0.0,121.75,121.67,0.00790393138058959,122.25,2025-01-31,0.005470368835474915,ENTERED,0.9779256991696879,0.0,2025
LONG,2025-02-06,6090.25,6090.0,2025-02-10,6076.75,6077.0,{},3,3,ES,10,fixed_hold,0,9.5,-13.5,-13.58,0.00805900534937982,-22.5,2025-02-05,0.012058930551584357,ENTERED,0.9593486109481688,9.5,2025
LONG,2025-02-11,6077.25,6077.0,2025-02-13,6133.5,6133.75,{},3,3,ES,10,fixed_hold,0,-0.25,56.25,56.17,0.007673458353401741,57.0,2025-02-10,0.020493925329161833,ENTERED,1.0075503419033955,0.0,2025
LONG,2025-02-14,6134.25,6134.0,2025-02-18,6149.25,6149.5,{},3,3,ES,10,fixed_hold,0,0.25,15.0,14.92,0.006761287775803747,15.25,2025-02-13,0.020455707568157733,ENTERED,1.1427319740398771,0.5,2025
LONG,2025-02-19,6149.75,6149.5,2025-02-21,6029.5,6029.75,{},3,3,ES,10,fixed_hold,0,-0.5,-120.25,-120.33,0.00641300768986782,-119.25,2025-02-18,0.017750010343828837,ENTERED,1.2044045597420272,0.0,2025
SHORT,2025-02-24,6050.25,6050.5,2025-02-26,5978.75,5978.5,{},3,3,ES,10,fixed_hold,0,-0.25,71.5,71.42,0.007561878826988231,72.25,2025-02-21,-0.0033471074380164723,ENTERED,1.021216025385922,0.0,2025
SHORT,2025-02-27,5978.0,5978.25,2025-03-03,5870.5,5870.25,{},3,3,ES,10,fixed_hold,0,-16.5,107.5,107.42,0.006909200601960985,124.5,2025-02-26,-0.01734056541748874,ENTERED,1.1165626499305177,-16.5,2025
SHORT,2025-03-04,5870.0,5870.25,2025-03-06,5765.0,5764.75,{},3,3,ES,10,fixed_hold,0,0.0,105.0,104.92,0.007720310493527691,105.5,2025-03-03,-0.04416673451111286,ENTERED,0.9992545428703379,0.0,2025
SHORT,2025-03-07,5764.75,5765.0,2025-03-11,5593.75,5593.5,{},3,3,ES,10,fixed_hold,0,38.0,171.0,170.92,0.00789322163318613,133.5,2025-03-06,-0.060733197556008145,ENTERED,0.9780937179146911,38.25,2025
SHORT,2025-03-12,5593.25,5593.5,2025-03-14,5629.0,5628.75,{},3,3,ES,10,fixed_hold,0,-0.25,-35.75,-35.83,0.00961865933428934,-35.0,2025-03-11,-0.06549160471138582,ENTERED,0.8028470051556754,0.0,2025
SHORT,2025-03-17,5608.5,5608.75,2025-03-19,5748.0,5747.75,{},3,3,ES,10,fixed_hold,1,-0.25,-88.25,-88.33,0.010367288085371636,-87.5,2025-03-14,-0.05526183282980868,ENTERED,0.7450218070274267,0.0,2025
SHORT,2025-03-20,5747.25,5747.5,2025-03-24,5811.75,5811.5,{},3,3,ES,10,fixed_hold,0,-32.0,-64.5,-64.58,0.011400481631900007,-32.0,2025-03-19,-0.02556432487691329,ENTERED,0.6777204662543921,-32.5,2025
LONG,2025-03-25,5812.0,5811.75,2025-03-27,5735.75,5736.0,{},3,3,ES,10,fixed_hold,0,-0.25,-76.25,-76.33,0.011762784230826506,-75.5,2025-03-24,0.02802466269601811,ENTERED,0.6572759846507997,0.0,2025
LONG,2025-03-28,5736.25,5736.0,2025-04-01,5682.5,5682.75,{},3,3,ES,10,fixed_hold,0,-10.0,-53.75,-53.83,0.011795779921618791,-43.25,2025-03-27,0.023668684726333433,ENTERED,0.6555590968466298,-9.75,2025
LONG,2025-04-02,5683.0,5682.75,2025-04-04,5096.5,5096.75,{},3,3,ES,10,fixed_hold,0,0.5,-586.5,-586.58,0.01233617457815262,-586.5,2025-04-01,0.0018069634200086337,ENTERED,0.6274852461464646,0.0,2025
SHORT,2025-04-07,4914.0,4914.25,2025-04-09,5515.0,5514.75,{},3,3,ES,10,fixed_hold,0,0.5,-601.0,-601.08,0.01875865500770297,-601.0,2025-04-04,-0.10895979020979019,ENTERED,0.41283824487083987,0.0,2025
SHORT,2025-04-10,5514.0,5514.25,2025-04-14,5421.75,5421.5,{},3,3,ES,10,fixed_hold,0,-34.0,92.25,92.17,0.03474699438101417,126.75,2025-04-09,-0.004819573339035044,ENTERED,0.25,-34.25,2025
SHORT,2025-04-15,5421.0,5421.25,2025-04-17,5326.75,5326.5,{},3,3,ES,10,fixed_hold,0,0.0,94.25,94.17,0.03626767059173511,94.75,2025-04-14,-0.002291142898879772,ENTERED,0.25,0.0,2025
LONG,2025-04-21,5293.0,5292.75,2025-04-23,5411.75,5412.0,{},3,3,ES,10,fixed_hold,0,0.5,118.75,118.67,0.03621812688952169,118.75,2025-04-17,0.018822386669169244,ENTERED,0.25,0.0,2025
LONG,2025-04-24,5412.0,5411.75,2025-04-28,5555.0,5555.25,{},3,3,ES,10,fixed_hold,0,-21.5,143.0,142.92,0.037520628944763636,165.0,2025-04-23,0.09184445453169898,ENTERED,0.25,-21.5,2025
LONG,2025-04-29,5555.25,5555.0,2025-05-01,5611.5,5611.75,{},3,3,ES,10,fixed_hold,0,0.25,56.25,56.17,0.037287833352721164,56.5,2025-04-28,0.029560302089607804,ENTERED,0.25,0.0,2025
LONG,2025-05-02,5612.0,5611.75,2025-05-06,5671.5,5671.75,{},3,3,ES,10,fixed_hold,0,-32.25,59.5,59.42,0.03657807207540062,92.25,2025-05-01,0.057274739767321226,ENTERED,0.25,-32.25,2025
LONG,2025-05-07,5671.75,5671.5,2025-05-09,5683.75,5684.0,{},3,3,ES,10,fixed_hold,0,-0.25,12.0,11.92,0.03188193121570276,12.75,2025-05-06,0.047898383371824504,ENTERED,0.25,0.0,2025
LONG,2025-05-12,5745.75,5745.5,2025-05-14,5896.5,5896.75,{},3,3,ES,10,fixed_hold,0,-0.25,150.75,150.67,0.013930103786745357,151.5,2025-05-09,0.023683025664115176,ENTERED,0.5582102073609684,0.0,2025
LONG,2025-05-15,5896.75,5896.5,2025-05-19,5987.0,5987.25,{},3,3,ES,10,fixed_hold,0,-7.75,90.25,90.17,0.01358872824199938,98.5,2025-05-14,0.03538732139635381,ENTERED,0.5726352732474472,-7.75,2025
LONG,2025-05-20,5987.25,5987.0,2025-05-22,5859.25,5859.5,{},3,3,ES,10,fixed_hold,0,0.25,-128.0,-128.08,0.01108613267277902,-127.75,2025-05-19,0.04529467941960008,ENTERED,0.7019279355889944,0.0,2025
LONG,2025-05-23,5860.0,5859.75,2025-05-27,5937.25,5937.5,{},3,3,ES,10,fixed_hold,1,0.0,26.5,26.42,0.00829866608280705,27.0,2025-05-22,0.02064965941836583,ENTERED,0.9384915497968297,0.0,2025
SHORT,2025-05-28,5937.0,5937.25,2025-05-30,5914.0,5913.75,{},3,3,ES,10,fixed_hold,0,-0.25,23.0,22.92,0.008759780893325355,23.75,2025-05-27,-0.003660101526661741,ENTERED,0.8894350583608283,0.0,2025
SHORT,2025-06-02,5898.75,5899.0,2025-06-04,5974.25,5974.0,{},3,3,ES,10,fixed_hold,0,-0.25,-75.5,-75.58,0.008557318438255176,-74.75,2025-05-30,-0.014443552649400337,ENTERED,0.9114805440049474,0.0,2025
LONG,2025-06-05,5974.5,5974.25,2025-06-09,6013.25,6013.5,{},3,3,ES,10,fixed_hold,0,-7.0,38.75,38.67,0.008379650787568861,46.25,2025-06-04,0.01054709097592288,ENTERED,0.9311262098511754,-6.75,2025
LONG,2025-06-10,6013.75,6013.5,2025-06-12,6014.25,6014.5,{},3,3,ES,10,fixed_hold,0,0.25,0.5,0.42,0.007644874050972186,0.75,2025-06-09,0.02287804048307529,ENTERED,1.0210101523256352,0.0,2025
LONG,2025-06-13,6014.75,6014.5,2025-06-17,5970.75,5971.0,{},3,3,ES,10,fixed_hold,0,9.75,-44.0,-44.08,0.007394660528222393,-53.25,2025-06-12,0.018629858582437153,ENTERED,1.0547920672701119,9.75,2025
SHORT,2025-06-18,6024.5,6024.75,2025-06-20,6025.25,6025.0,{},3,3,ES,10,fixed_hold,0,0.25,-0.75,-0.83,0.007375719759747588,-0.5,2025-06-17,-0.0020890782986547896,ENTERED,1.0564174271340019,0.0,2025
SHORT,2025-06-23,5999.0,5999.25,2025-06-25,6146.75,6146.5,{},3,3,ES,10,fixed_hold,0,-0.75,-147.75,-147.83,0.006154538261498473,-146.5,2025-06-20,-0.0064479584663899026,ENTERED,1.2654447275145773,0.0,2025
LONG,2025-06-26,6147.0,6146.75,2025-06-30,6249.75,6250.0,{},3,3,ES,10,fixed_hold,0,17.5,102.75,102.67,0.006341010040000749,85.75,2025-06-25,0.01215648475156983,ENTERED,1.2279983595258301,17.25,2025
LONG,2025-07-01,6250.5,6250.25,2025-07-03,6315.0,6315.25,{},3,3,ES,10,fixed_hold,0,0.0,64.5,64.42,0.005437134637042792,65.0,2025-06-30,0.03250246696068637,ENTERED,1.431155494463687,0.0,2025
LONG,2025-07-04,6315.5,6315.25,2025-07-08,6270.25,6270.5,{},3,3,ES,10,fixed_hold,0,17.75,-45.25,-45.33,0.005054522162410942,-62.5,2025-07-03,0.049524284349163006,ENTERED,1.539101410030216,17.75,2025
LONG,2025-07-09,6270.5,6270.25,2025-07-11,6293.75,6294.0,{},3,3,ES,10,fixed_hold,0,-0.25,23.25,23.17,0.004995217854335215,24.0,2025-07-08,0.02025707777416197,ENTERED,1.5558402299792358,0.0,2025
LONG,2025-07-14,6275.75,6275.5,2025-07-16,6292.75,6293.0,{},3,3,ES,10,fixed_hold,0,0.0,17.0,16.92,0.0048606133357511185,17.5,2025-07-11,0.011775107503114057,ENTERED,1.597312837015934,0.0,2025
LONG,2025-07-17,6293.5,6293.25,2025-07-21,6348.0,6348.25,{},3,3,ES,10,fixed_hold,0,7.5,54.5,54.42,0.004878397295241503,47.5,2025-07-16,0.0024691358024693244,ENTERED,1.5901166179894795,7.5,2025
LONG,2025-07-22,6348.25,6348.0,2025-07-24,6411.0,6411.25,{},3,3,ES,10,fixed_hold,0,-0.25,62.75,62.67,0.004320312186946332,63.5,2025-07-21,0.012762732820165157,ENTERED,1.7955007813660797,0.0,2025
LONG,2025-07-25,6411.5,6411.25,2025-07-29,6407.5,6407.75,{},3,3,ES,10,fixed_hold,0,19.5,-4.0,-4.08,0.004081923579520254,-23.0,2025-07-24,0.012875705991547859,ENTERED,1.8994925097393032,19.5,2025
LONG,2025-07-30,6408.0,6407.75,2025-08-01,6263.0,6263.25,{},3,3,ES,10,fixed_hold,0,-0.5,-145.0,-145.08,0.004130876435529127,-144.0,2025-07-29,0.021562375448385795,ENTERED,1.876086860953898,0.0,2025
SHORT,2025-08-04,6271.0,6271.25,2025-08-06,6380.75,6380.5,{},3,3,ES,10,fixed_hold,0,0.25,-109.75,-109.83,0.006085488832244772,-109.5,2025-08-01,-0.011364981650290207,ENTERED,1.27305844557279,0.0,2025
SHORT,2025-08-07,6380.0,6380.25,2025-08-11,6399.0,6398.75,{},3,3,ES,10,fixed_hold,0,10.75,-19.0,-19.08,0.007532443086106282,-29.25,2025-08-06,-0.0036695815115553865,ENTERED,1.0282072798314674,10.5,2025
SHORT,2025-08-12,6398.5,6398.75,2025-08-14,6490.75,6490.5,{},3,3,ES,10,fixed_hold,0,-0.25,-92.25,-92.33,0.007598078314643849,-91.5,2025-08-11,-0.004589118344806131,ENTERED,1.0187796467902945,0.0,2025
LONG,2025-08-15,6491.0,6490.75,2025-08-19,6427.0,6427.25,{},3,3,ES,10,fixed_hold,0,13.25,-64.0,-64.08,0.007617801264879907,-76.75,2025-08-14,0.020077796550233673,ENTERED,1.0166043901960171,13.25,2025
LONG,2025-08-20,6427.75,6427.5,2025-08-22,6484.5,6484.75,{},3,3,ES,10,fixed_hold,0,-0.5,56.75,56.67,0.007842128760612641,57.75,2025-08-19,0.017493172913285893,ENTERED,0.987074782622306,0.0,2025
LONG,2025-08-25,6483.5,6483.25,2025-08-27,6475.75,6476.0,{},3,3,ES,10,fixed_hold,0,0.0,-7.75,-7.83,0.008306824271679294,-7.25,2025-08-22,0.009260340064588979,ENTERED,0.9322804908634611,0.0,2025
SHORT,2025-08-28,6475.5,6475.75,2025-09-01,6470.0,6469.75,{},3,3,ES,10,fixed_hold,0,-14.0,5.5,5.42,0.008296412185914754,20.0,2025-08-27,-0.0017341708736365868,ENTERED,0.9335054723734318,-14.25,2025
SHORT,2025-09-02,6469.75,6470.0,2025-09-04,6516.0,6515.75,{},3,3,ES,10,fixed_hold,0,0.25,-46.25,-46.33,0.006122702573171096,-46.0,2025-09-01,-0.0002704164413198651,ENTERED,1.2649228153844254,0.0,2025
LONG,2025-09-05,6516.0,6515.75,2025-09-09,6529.5,6529.75,{},3,3,ES,10,fixed_hold,0,16.5,13.5,13.42,0.005942165951676654,-2.5,2025-09-04,0.018364396514672476,ENTERED,1.3026845100974846,16.25,2025
LONG,2025-09-10,6530.0,6529.75,2025-09-12,6588.25,6588.5,{},3,3,ES,10,fixed_hold,0,0.0,58.25,58.17,0.005256287269175036,58.75,2025-09-09,0.006706494507612293,ENTERED,1.4721549891693042,0.0,2025
LONG,2025-09-15,6588.5,6588.25,2025-09-17,6683.0,6683.25,{},3,3,ES,10,fixed_hold,1,0.0,37.5,37.42,0.005386149822627423,38.0,2025-09-12,0.017686129131912587,ENTERED,1.4356880307213338,0.0,2025
LONG,2025-09-18,6683.5,6683.25,2025-09-22,6750.75,6751.0,{},3,3,ES,10,fixed_hold,0,-4.75,67.25,67.17,0.005062062962480863,72.5,2025-09-17,0.026396008008513716,ENTERED,1.5273211030473466,-5.0,2025
LONG,2025-09-23,6751.25,6751.0,2025-09-25,6658.75,6659.0,{},3,3,ES,10,fixed_hold,0,-0.25,-92.5,-92.58,0.004062978192134801,-91.75,2025-09-22,0.028239841912182317,ENTERED,1.9016444001724442,0.0,2025
LONG,2025-09-26,6659.0,6658.75,2025-09-30,6723.25,6723.5,{},3,3,ES,10,fixed_hold,0,8.0,64.25,64.17,0.00448021382453036,56.75,2025-09-25,0.001382252798591388,ENTERED,1.7239926498702645,8.0,2025
LONG,2025-10-01,6723.75,6723.5,2025-10-03,6762.75,6763.0,{},3,3,ES,10,fixed_hold,0,0.25,39.0,38.92,0.003983811611917409,39.25,2025-09-30,0.007681067106297901,ENTERED,1.9384229457652815,0.0,2025
LONG,2025-10-06,6778.75,6778.5,2025-10-08,6808.75,6809.0,{},3,3,ES,10,fixed_hold,0,-0.5,30.0,29.92,0.003462240404749469,31.0,2025-10-03,0.006436251348636679,ENTERED,2.229859741379322,0.0,2025
LONG,2025-10-09,6809.0,6808.75,2025-10-13,6691.0,6691.25,{},3,3,ES,10,fixed_hold,1,0.0,-234.25,-234.33,0.00380358951015288,-233.75,2025-10-08,0.016496230499364994,ENTERED,2.02814929489594,0.0,2025
SHORT,2025-10-14,6691.0,6691.25,2025-10-16,6651.5,6651.25,{},3,3,ES,10,fixed_hold,0,0.25,39.5,39.42,0.00881782072944332,39.75,2025-10-13,-0.020361477708366382,ENTERED,0.8748823059270922,0.0,2025
SHORT,2025-10-17,6651.0,6651.25,2025-10-21,6770.0,6769.75,{},3,3,ES,10,fixed_hold,0,5.5,-119.0,-119.08,0.00903626806511256,-124.0,2025-10-16,-0.0345612339457384,ENTERED,0.8543693522477992,5.5,2025
SHORT,2025-10-22,6769.5,6769.75,2025-10-24,6825.5,6825.25,{},3,3,ES,10,fixed_hold,0,-0.25,-56.0,-56.08,0.009479030021166367,-55.25,2025-10-21,-0.015943410902740762,ENTERED,0.8147024695920047,0.0,2025
LONG,2025-10-27,6871.0,6870.75,2025-10-29,6922.0,6922.25,{},3,3,ES,10,fixed_hold,0,0.0,51.0,50.92,0.009681642888876262,51.5,2025-10-24,0.023544408203051814,ENTERED,0.797783577848324,0.0,2025
LONG,2025-10-30,6922.75,6922.5,2025-11-03,6876.0,6876.25,{},3,3,ES,10,fixed_hold,0,20.5,-46.75,-46.83,0.010018141579796353,-66.75,2025-10-29,0.03086373790022301,ENTERED,0.7715460557215877,20.25,2025
LONG,2025-11-04,6876.5,6876.25,2025-11-06,6764.75,6765.0,{},3,3,ES,10,fixed_hold,0,0.25,-111.75,-111.83,0.010072405717395407,-111.5,2025-11-03,0.014495426379462995,ENTERED,0.7675818274673938,0.0,2025
SHORT,2025-11-07,6764.75,6765.0,2025-11-11,6871.5,6871.25,{},3,3,ES,10,fixed_hold,0,-20.0,-106.75,-106.83,0.010575509164098594,-86.25,2025-11-06,-0.0023227519079750403,ENTERED,0.7314064718712591,-20.0,2025
SHORT,2025-11-12,6871.25,6871.5,2025-11-14,6765.5,6765.25,{},3,3,ES,10,fixed_hold,0,0.0,105.75,105.67,0.007548819272123412,106.25,2025-11-11,-0.00815560607700938,ENTERED,1.024186075841318,0.0,2025
SHORT,2025-11-17,6766.25,6766.5,2025-11-19,6732.25,6732.0,{},3,3,ES,10,fixed_hold,0,0.0,34.0,33.92,0.0076481457546726216,34.5,2025-11-14,-0.015569864309360026,ENTERED,1.0108849694486939,0.0,2025
SHORT,2025-11-20,6731.5,6731.75,2025-11-24,6722.5,6722.25,{},3,3,ES,10,fixed_hold,0,-21.5,9.0,8.92,0.008356826416935062,31.0,2025-11-19,-0.01503346867112898,ENTERED,0.9251592891631398,-21.75,2025
SHORT,2025-11-25,6721.75,6722.0,2025-11-27,6836.75,6836.5,{},3,3,ES,10,fixed_hold,0,-0.5,-115.0,-115.08,0.010056123212768078,-114.0,2025-11-24,-0.020401471820467254,ENTERED,0.7691826842509782,0.0,2025
LONG,2025-11-28,6836.75,6836.5,2025-12-02,6845.5,6845.75,{},3,3,ES,10,fixed_hold,0,-4.25,8.75,8.67,0.010425283746359482,13.5,2025-11-27,0.010270430028077815,ENTERED,0.7422406637637338,-4.25,2025
LONG,2025-12-03,6846.25,6846.0,2025-12-05,6879.25,6879.5,{},3,3,ES,10,fixed_hold,0,-0.25,33.0,32.92,0.010116508332646757,33.75,2025-12-02,0.03071479655211351,ENTERED,0.7655101893729737,0.0,2025
LONG,2025-12-08,6881.5,6881.25,2025-12-10,6882.5,6882.75,{},3,3,ES,10,fixed_hold,0,-0.25,1.0,0.92,0.009741826815792545,1.75,2025-12-05,0.03739727060242792,ENTERED,0.7949993695291303,0.0,2025
LONG,2025-12-11,6883.0,6882.75,2025-12-15,6817.25,6817.5,{},3,3,ES,10,fixed_hold,0,-0.5,-65.75,-65.83,0.00930972689535995,-64.75,2025-12-10,0.007833949555221986,ENTERED,0.8321600666061822,-0.5,2025
SHORT,2025-12-16,6817.25,6817.5,2025-12-18,6830.0,6829.75,{},3,3,ES,10,fixed_hold,1,-0.25,42.25,42.17,0.008840890775930595,43.0,2025-12-15,-0.001098901098901206,ENTERED,0.8765383343933654,0.0,2025
SHORT,2025-12-19,6829.75,6830.0,2025-12-23,6957.25,6957.0,{},3,3,ES,10,fixed_hold,0,-13.0,-127.5,-127.58,0.006191745209894984,-114.0,2025-12-18,-0.012948528295196327,ENTERED,1.2516475956625661,-12.75,2025
LONG,2025-12-24,6957.5,6957.25,2025-12-26,6976.75,6977.0,{},3,3,ES,10,fixed_hold,0,-0.75,19.25,19.17,0.005256145897563815,20.5,2025-12-23,0.007975186533997869,ENTERED,1.4739284457303334,0.0,2025
LONG,2025-12-29,6979.75,6979.5,2025-12-31,6893.5,6893.75,{},3,3,ES,10,fixed_hold,0,-0.25,-86.25,-86.33,0.005088731619640621,-85.5,2025-12-26,0.012795993156115237,ENTERED,1.5219731349474563,0.0,2025
LONG,2026-01-01,6902.25,6902.0,2026-01-05,6941.5,6941.75,{},3,3,ES,10,fixed_hold,0,6.75,39.25,39.17,0.005244244749794249,33.0,2025-12-31,0.0164399719856978,ENTERED,1.4767217357316367,6.75,2026
LONG,2026-01-06,6942.0,6941.75,2026-01-08,6963.75,6964.0,{},3,3,ES,10,fixed_hold,0,0.0,21.75,21.67,0.005392222810752866,22.25,2026-01-05,0.0015871298200049733,ENTERED,1.4355429687070154,0.0,2026
SHORT,2026-01-09,6963.75,6964.0,2026-01-13,6998.0,6997.75,{},3,3,ES,10,fixed_hold,0,6.25,-34.25,-34.33,0.00541851642149959,-40.0,2026-01-08,-0.0029707577221808057,ENTERED,1.4275117475448822,6.0,2026
LONG,2026-01-14,6998.0,6997.75,2026-01-16,6977.5,6977.75,{},3,3,ES,10,fixed_hold,0,-0.25,-20.5,-20.58,0.00482220751915806,-19.75,2026-01-13,0.007958228303925008,ENTERED,1.6035873199766713,0.0,2026
LONG,2026-01-19,6933.5,6933.25,2026-01-21,6924.0,6924.25,{},3,3,ES,10,fixed_hold,0,0.25,-9.5,-9.58,0.003901327345938054,-9.25,2026-01-16,0.011194840953554275,ENTERED,1.98123790601678,0.0,2026
SHORT,2026-01-22,6924.0,6924.25,2026-01-26,6981.5,6981.25,{},3,3,ES,10,fixed_hold,0,19.5,-57.5,-57.58,0.0058063518381014185,-76.5,2026-01-21,-0.005779309354583817,ENTERED,1.330670262934375,19.25,2026
SHORT,2026-01-27,6981.0,6981.25,2026-01-29,6986.75,6986.5,{},3,3,ES,10,fixed_hold,0,0.0,-5.75,-5.83,0.005986698393595716,-5.25,2026-01-26,-0.003532686268912122,ENTERED,1.289957946744444,0.0,2026
SHORT,2026-01-30,6986.25,6986.5,2026-02-03,6942.75,6942.5,{},3,3,ES,10,fixed_hold,0,14.75,43.5,43.42,0.005848049209804785,29.25,2026-01-29,-0.0004649665581745177,ENTERED,1.320493648924794,14.75,2026
LONG,2026-02-04,6943.0,6942.75,2026-02-06,6945.5,6945.75,{},3,3,ES,10,fixed_hold,0,-0.25,2.5,2.42,0.0063166804565586146,3.25,2026-02-03,0.01613670459951,ENTERED,1.221298969622099,0.0,2026
LONG,2026-02-09,6973.0,6972.75,2026-02-11,6957.25,6957.5,{},3,3,ES,10,fixed_hold,0,0.0,-15.75,-15.83,0.009848471048078908,-15.25,2026-02-06,0.0017306652244455378,ENTERED,0.7839095485825339,0.0,2026
SHORT,2026-02-12,6957.0,6957.25,2026-02-16,6864.5,6864.25,{},3,3,ES,10,fixed_hold,0,-15.0,92.5,92.42,0.009850621482732266,108.0,2026-02-11,-0.005503144654088188,ENTERED,0.783941587206835,-15.25,2026
SHORT,2026-02-17,6864.25,6864.5,2026-02-19,6880.25,6880.0,{},3,3,ES,10,fixed_hold,0,0.0,-16.0,-16.08,0.010063345619632767,-15.5,2026-02-16,-0.02152453583265035,ENTERED,0.7675236442509611,0.0,2026
LONG,2026-02-20,6880.5,6880.25,2026-02-24,6904.0,6904.25,{},3,3,ES,10,fixed_hold,0,-18.75,23.5,23.42,0.009371752876437843,42.75,2026-02-19,0.01606055011999241,ENTERED,0.824428453136149,-18.75,2026
SHORT,2026-02-25,6904.0,6904.25,2026-02-27,6875.5,6875.25,{},3,3,ES,10,fixed_hold,0,0.0,28.5,28.42,0.009670978582613366,29.0,2026-02-24,-0.010107889171654838,ENTERED,0.7994429438041579,0.0,2026
LONG,2026-03-02,6817.25,6817.0,2026-03-04,6885.25,6885.5,{},3,3,ES,10,fixed_hold,0,0.5,68.0,67.92,0.009928457458615465,68.0,2026-02-27,0.004382601073737558,ENTERED,0.7788552113206494,0.0,2026
LONG,2026-03-05,6885.5,6885.25,2026-03-09,6771.5,6771.75,{},3,3,ES,10,fixed_hold,1,0.0,-2.5,-2.58,0.01023662095435114,-2.0,2026-03-04,0.007191750214114334,ENTERED,0.7559202946294511,0.0,2026
LONG,2026-03-10,6772.0,6771.75,2026-03-12,6680.0,6680.25,{},3,3,ES,10,fixed_hold,0,0.0,-92.0,-92.08,0.009114293309543197,-91.5,2026-03-09,0.012723225124665394,ENTERED,0.8490037861433443,0.0,2026
SHORT,2026-03-13,6679.75,6680.0,2026-03-17,6715.0,6714.75,{},3,3,ES,10,fixed_hold,0,-23.75,-35.25,-35.33,0.0090193564949415,-11.0,2026-03-12,-0.006070049460587201,ENTERED,0.8586300157734164,-24.0,2026
LONG,2026-03-18,6766.5,6766.25,2026-03-20,6588.25,6588.5,{},3,3,ES,10,fixed_hold,0,0.0,-178.25,-178.33,0.009546874691782288,-177.75,2026-03-17,0.0025256350185018928,ENTERED,0.8112336682583184,0.0,2026
SHORT,2026-03-23,6539.5,6539.75,2026-03-25,6630.0,6629.75,{},3,3,ES,10,fixed_hold,0,-0.25,-90.5,-90.58,0.009792293895954074,-89.75,2026-03-20,-0.006034547786075151,ENTERED,0.7911509841967714,0.0,2026
SHORT,2026-03-26,6629.75,6630.0,2026-03-30,6373.25,6373.0,{},3,3,ES,10,fixed_hold,0,30.25,256.5,256.42,0.00954090977079835,226.75,2026-03-25,-0.014786194598209512,ENTERED,0.8122264921743862,30.25,2026
SHORT,2026-03-31,6372.75,6373.0,2026-04-02,6624.0,6623.75,{},3,3,ES,10,fixed_hold,0,0.5,-251.25,-251.33,0.010603949512998742,-251.25,2026-03-30,-0.04905435147536097,ENTERED,0.7311976782916891,0.0,2026
SHORT,2026-04-03,6623.75,6624.0,2026-04-07,6804.5,6804.25,{},3,3,ES,10,fixed_hold,0,16.5,-180.75,-180.83,0.013003769073556107,-196.75,2026-04-02,-0.007417675045892191,ENTERED,0.5963812949463967,16.25,2026
LONG,2026-04-08,6804.5,6804.25,2026-04-10,6863.5,6863.75,{},3,3,ES,10,fixed_hold,0,0.0,59.0,58.92,0.012904942361218988,59.5,2026-04-07,0.023041647872500626,ENTERED,0.601104630395707,0.0,2026
LONG,2026-04-13,6784.75,6784.5,2026-04-15,7068.75,7069.0,{},3,3,ES,10,fixed_hold,0,-0.25,284.0,283.92,0.012396210170177419,284.75,2026-04-10,0.07279618630822138,ENTERED,0.6261257064261717,0.0,2026
LONG,2026-04-16,7069.25,7069.0,2026-04-20,7154.75,7155.0,{},3,3,ES,10,fixed_hold,1,0.0,143.0,142.92,0.012983171046377433,143.5,2026-04-15,0.08115548663427852,ENTERED,0.5986026732239474,0.0,2026
LONG,2026-04-21,7155.25,7155.0,2026-04-23,7153.0,7153.25,{},3,3,ES,10,fixed_hold,0,0.0,-2.25,-2.33,0.012457501530933748,-1.75,2026-04-20,0.09867797344545415,ENTERED,0.6241962807750983,0.0,2026
LONG,2026-04-24,7153.75,7153.5,2026-04-28,7179.25,7179.5,{},3,3,ES,10,fixed_hold,0,-16.75,25.5,25.42,0.011897220175553232,42.75,2026-04-23,0.06408396497208924,ENTERED,0.6540506937857672,-16.75,2026
LONG,2026-04-29,7179.75,7179.5,2026-05-01,7247.5,7247.75,{},3,3,ES,10,fixed_hold,0,0.0,67.75,67.67,0.007510696055583161,68.25,2026-04-28,0.03265041739802488,ENTERED,1.0360404751245706,0.0,2026
LONG,2026-05-04,7262.0,7261.75,2026-05-06,7379.5,7379.75,{},3,3,ES,10,fixed_hold,0,0.25,117.5,117.42,0.007394892729864497,117.75,2026-05-01,0.019840292679495164,ENTERED,1.0519993286418108,0.0,2026
LONG,2026-05-07,7380.0,7379.75,2026-05-11,7438.5,7438.75,{},3,3,ES,10,fixed_hold,0,-17.5,58.5,58.42,0.0064158724534868995,76.5,2026-05-06,0.03029562667969743,ENTERED,1.2113334471076476,-17.75,2026
LONG,2026-05-12,7438.75,7438.5,2026-05-14,7520.75,7521.0,{},3,3,ES,10,fixed_hold,0,-0.5,82.0,81.92,0.005442758889553991,83.0,2026-05-11,0.03069035990162483,ENTERED,1.4264677591849597,0.0,2026
LONG,2026-05-15,7521.0,7520.75,2026-05-19,7381.75,7382.0,{},3,3,ES,10,fixed_hold,0,-7.0,-139.25,-139.33,0.005402737166678073,-131.75,2026-05-14,0.03698597083864752,ENTERED,1.4357945554268092,-7.0,2026
LONG,2026-05-20,7381.75,7381.5,2026-05-22,7484.0,7484.25,{},3,3,ES,10,fixed_hold,0,0.0,102.25,102.17,0.006366548979796827,102.75,2026-05-19,0.00926274054072529,ENTERED,1.218418947537114,0.0,2026
LONG,2026-05-25,7537.75,7537.5,2026-05-27,7534.25,7534.5,{},3,3,ES,10,fixed_hold,0,0.25,-3.5,-3.58,0.006433719876132984,-3.25,2026-05-22,0.00859106529209619,ENTERED,1.2051477860250412,0.0,2026
LONG,2026-05-28,7534.5,7534.25,2026-06-01,7595.5,7595.75,{},3,3,ES,10,fixed_hold,0,14.25,61.0,60.92,0.00644396660230558,47.25,2026-05-27,0.007218768798876729,ENTERED,1.2026572270171985,14.5,2026
LONG,2026-06-02,7596.0,7595.75,2026-06-04,7573.25,7573.5,{},3,3,ES,10,fixed_hold,0,-0.25,-22.75,-22.83,0.006244494165890352,-22.0,2026-06-01,0.022411414341959368,ENTERED,1.2406421957515743,0.0,2026
LONG,2026-06-05,7573.75,7573.5,2026-06-09,7378.5,7378.75,{},3,3,ES,10,fixed_hold,0,31.5,-195.25,-195.33,0.0063870222833155394,-226.25,2026-06-04,0.01256768500568195,ENTERED,1.2126015023123193,32.0,2026
SHORT,2026-06-10,7378.5,7378.75,2026-06-12,7436.5,7436.25,{},3,3,ES,10,fixed_hold,0,-0.5,-58.0,-58.08,0.00895239821492925,-57.0,2026-06-09,-0.021839994697421483,ENTERED,0.8653751505835274,0.0,2026
SHORT,2026-06-15,7496.25,7496.5,2026-06-17,7541.5,7541.25,{},3,3,ES,10,fixed_hold,1,0.25,23.0,22.92,0.01040441488443174,23.25,2026-06-12,-0.020353719988143282,ENTERED,0.7448648569864814,0.0,2026
SHORT,2026-06-18,7541.25,7541.5,2026-06-22,7532.25,7532.0,{},3,3,ES,10,fixed_hold,0,40.75,9.0,8.92,0.01054359309058037,-31.25,2026-06-17,-0.016073869092612658,ENTERED,0.7353833933096305,40.5,2026
SHORT,2026-06-23,7531.5,7531.75,2026-06-25,7424.0,7423.75,{},3,3,ES,10,fixed_hold,0,-0.25,107.5,107.42,0.010217723657312725,108.25,2026-06-22,-0.0008368850967185315,ENTERED,0.7591831769550588,0.0,2026
SHORT,2026-06-26,7423.5,7423.75,2026-06-30,7545.0,7544.75,{},3,3,ES,10,fixed_hold,0,-50.25,-121.5,-121.58,0.0104205909830338,-70.75,2026-06-25,-0.01579452542377624,ENTERED,0.7444127325358318,-50.25,2026
SHORT,2026-07-01,7544.75,7545.0,2026-07-03,7557.25,7557.0,{},3,3,ES,10,fixed_hold,0,0.25,-12.5,-12.58,0.011040073528303157,-12.25,2026-06-30,-0.006223656480505935,ENTERED,0.7032489464007586,0.0,2026
LONG,2026-07-06,7570.25,7570.0,2026-07-08,7526.75,7527.0,{},3,3,ES,10,fixed_hold,0,-0.5,-43.5,-43.58,0.008747033966989882,-42.5,2026-07-03,9.925558312651184e-05,ENTERED,0.8885024254638608,0.0,2026
LONG,2026-07-09,7527.25,7527.0,2026-07-13,7553.0,7553.25,{},3,3,ES,10,fixed_hold,0,-26.75,25.75,25.67,0.007719128259749484,53.0,2026-07-08,0.007394519356241691,ENTERED,1.0073580670897282,-26.75,2026
LONG,2026-07-14,7553.75,7553.5,2026-07-16,7560.25,7560.5,{},3,3,ES,10,fixed_hold,0,0.0,6.5,6.42,0.006243038793533644,7.0,2026-07-13,0.007704622773664349,ENTERED,1.2436123390756022,0.0,2026
LONG,2026-07-17,7560.5,7560.25,2026-07-21,7543.0,7543.25,{},3,3,ES,10,fixed_hold,0,9.5,-17.5,-17.58,0.006370473901353147,-26.5,2026-07-16,0.003217780726488373,ENTERED,1.2183686755487686,9.75,2026
LONG,2026-07-22,7543.25,7543.0,2026-07-24,7443.75,7444.0,{},3,3,ES,10,fixed_hold,0,0.5,-99.5,-99.58,0.006322829171373831,-99.5,2026-07-21,0.0005637352434009202,ENTERED,1.2268438221496438,0.0,2026
SHORT,2026-07-27,7510.75,7511.0,2026-07-29,7378.5,7378.25,{},3,3,ES,10,fixed_hold,0,-0.5,132.25,132.17,0.006572193823139589,133.25,2026-07-24,-0.02386572252819308,ENTERED,1.1800024235387772,0.0,2026
SHORT,2026-07-30,7378.25,7378.5,2026-08-03,7635.75,7635.5,{},3,3,ES,10,fixed_hold,0,-48.0,-257.5,-257.58,0.006922606226480353,-209.0,2026-07-29,-0.03989047586052619,ENTERED,1.1195036596586145,-48.0,2026
LONG,2026-08-04,7635.75,7635.5,2026-08-06,7739.75,7740.0,{},3,3,ES,10,fixed_hold,0,0.0,104.0,103.92,0.008783547787197834,104.5,2026-08-03,0.010973505071668166,ENTERED,0.8829239422565259,0.0,2026
LONG,2026-08-07,7740.25,7740.0,2026-08-11,7755.0,7755.25,{},3,3,ES,10,fixed_hold,0,-10.25,14.75,14.67,0.009486130188123032,25.5,2026-08-06,0.029796920751966383,ENTERED,0.8177332330015593,-10.25,2026
LONG,2026-08-12,7755.5,7755.25,2026-08-14,7802.25,7802.5,{},3,3,ES,10,fixed_hold,0,0.0,46.75,46.67,0.009116726945480474,47.25,2026-08-11,0.03475766369792188,ENTERED,0.8513566213209182,0.0,2026
