direction,entry_date,entry_fill,entry_theo,exit_date,exit_fill,exit_theo,extras,hold,hold_days,instrument,lookback,mode,n_roll_nights,overnight_points,points,points_after_cost,rv20,session_points,signal_date,signal_ret,status,vol_weight,weekend_points,year
SHORT,2010-08-31,1046.5,1046.75,2010-09-06,1102.25,1102.0,{},5,5,ES,60,fixed_hold,0,-0.5,-55.75,-55.83,0.012379865991594255,-54.75,2010-08-30,-0.0038122468429833134,ENTERED,1.120495046212557,-0.75,2010
LONG,2010-09-07,1102.75,1102.5,2010-09-13,1118.75,1119.0,{},5,5,ES,60,fixed_hold,0,1.0,16.0,15.92,0.014612672910017844,15.5,2010-09-06,0.01473296500920851,ENTERED,0.9548725464428505,2.0,2010
LONG,2010-09-14,1117.25,1117.0,2010-09-20,1135.75,1136.0,{},5,5,ES,60,fixed_hold,0,-1.75,18.5,18.42,0.01196805150709413,20.75,2010-09-13,0.0074274139095213965,ENTERED,1.1590507032940334,-1.75,2010
LONG,2010-09-21,1136.75,1136.5,2010-09-27,1138.5,1138.75,{},5,5,ES,60,fixed_hold,0,4.25,1.75,1.67,0.011501844975006486,-2.0,2010-09-20,0.06093859444314664,ENTERED,1.1886666585896737,5.5,2010
LONG,2010-09-28,1138.0,1137.75,2010-10-04,1134.5,1134.75,{},5,5,ES,60,fixed_hold,0,-1.0,-3.5,-3.58,0.009498889575461595,-2.0,2010-09-27,0.12943218447805682,ENTERED,1.3972826511092222,-2.5,2010
LONG,2010-10-05,1135.25,1135.0,2010-10-11,1161.75,1162.0,{},5,5,ES,60,fixed_hold,0,5.5,26.5,26.42,0.007799829265324395,21.5,2010-10-04,0.051668211306766354,ENTERED,1.658967636839922,4.0,2010
LONG,2010-10-12,1162.75,1162.5,2010-10-18,1172.25,1172.5,{},5,5,ES,60,fixed_hold,0,-5.75,9.5,9.42,0.007850167881019193,15.75,2010-10-11,0.09648502005189896,ENTERED,1.6034167064211309,-2.5,2010
LONG,2010-10-19,1174.0,1173.75,2010-10-25,1182.75,1183.0,{},5,5,ES,60,fixed_hold,0,1.75,8.75,8.67,0.007149194719708422,7.5,2010-10-18,0.05678233438485725,ENTERED,1.754300544012352,1.75,2010
LONG,2010-10-26,1182.75,1182.5,2010-11-01,1181.5,1181.75,{},5,5,ES,60,fixed_hold,0,7.25,-1.25,-1.33,0.005771660990147328,-8.0,2010-10-25,0.05436720142602525,ENTERED,2.106476950082743,5.75,2010
LONG,2010-11-02,1182.75,1182.5,2010-11-08,1216.5,1216.75,{},5,5,ES,60,fixed_hold,0,2.5,33.75,33.67,0.005354844823682668,31.75,2010-11-01,0.050444444444445846,ENTERED,2.225347578682943,-1.0,2010
LONG,2010-11-09,1217.0,1216.75,2010-11-15,1193.0,1193.25,{},5,5,ES,60,fixed_hold,0,4.0,-24.0,-24.08,0.005676027688005583,-27.5,2010-11-08,0.12923433874710022,ENTERED,2.0906705074864607,2.25,2010
LONG,2010-11-16,1194.25,1194.0,2010-11-22,1197.0,1197.25,{},5,5,ES,60,fixed_hold,0,10.5,2.75,2.67,0.006826745338521091,-7.25,2010-11-15,0.12015958695141982,ENTERED,1.736894169418476,6.5,2010
LONG,2010-11-23,1195.5,1195.25,2010-11-29,1186.5,1186.75,{},5,5,ES,60,fixed_hold,0,6.5,-9.0,-9.08,0.007931337537153757,-15.0,2010-11-22,0.14541975603922497,ENTERED,1.4653383063027117,4.25,2010
LONG,2010-11-30,1186.25,1186.0,2010-12-06,1219.75,1220.0,{},5,5,ES,60,fixed_hold,0,1.5,33.5,33.42,0.010142416821397738,32.5,2010-11-29,0.0769056261343013,ENTERED,1.124523997145334,2.25,2010
LONG,2010-12-07,1222.5,1222.25,2010-12-13,1236.0,1236.25,{},5,5,ES,60,fixed_hold,0,0.5,13.5,13.42,0.011071252757688874,13.5,2010-12-06,0.09025915996425238,ENTERED,1.0159448499062844,-7.25,2010
LONG,2010-12-14,1235.25,1235.0,2010-12-20,1241.5,1241.75,{},5,5,ES,60,fixed_hold,0,-2.5,6.25,6.17,0.01063329762203861,9.25,2010-12-13,0.08824823943662063,ENTERED,1.046741500330124,1.75,2010
LONG,2010-12-21,1241.5,1241.25,2010-12-28,1253.25,1253.5,{},5,5,ES,60,fixed_hold,0,-6.0,11.75,11.67,0.009366130995965383,18.25,2010-12-20,0.09045005488474156,ENTERED,1.1820518805959472,0.0,2010
LONG,2010-12-29,1254.0,1253.75,2011-01-04,1265.0,1265.25,{},5,5,ES,60,fixed_hold,0,-0.75,11.0,10.92,0.006751174731714531,12.25,2010-12-28,0.10464860101343931,ENTERED,1.6268371113807574,-0.75,2010
LONG,2011-01-05,1265.25,1265.0,2011-01-11,1269.5,1269.75,{},5,5,ES,60,fixed_hold,0,0.0,4.25,4.17,0.003246356335134988,4.75,2011-01-04,0.0888554216867472,ENTERED,3.2754560880934416,-2.25,2011
LONG,2011-01-12,1270.5,1270.25,2011-01-18,1293.5,1293.75,{},5,5,ES,60,fixed_hold,0,-2.25,23.0,22.92,0.0027059413616525156,25.75,2011-01-11,0.08294243070362461,ENTERED,3.9087083605008375,-1.25,2011
LONG,2011-01-19,1293.5,1293.25,2011-01-25,1287.25,1287.5,{},5,5,ES,60,fixed_hold,0,-3.25,-6.25,-6.33,0.0036192541565751952,-2.5,2011-01-18,0.09361792054099727,ENTERED,2.797455604326555,-1.0,2011
LONG,2011-01-26,1286.5,1286.25,2011-02-01,1301.75,1302.0,{},5,5,ES,60,fixed_hold,0,-3.75,15.25,15.17,0.004730073793765906,19.5,2011-01-25,0.08948593188068554,ENTERED,2.120542904122241,-5.0,2011
LONG,2011-02-02,1302.5,1302.25,2011-02-08,1321.5,1321.75,{},5,5,ES,60,fixed_hold,0,0.75,19.0,18.92,0.007437099012472626,18.75,2011-02-01,0.07006369426751613,ENTERED,1.2836156215986756,-1.25,2011
LONG,2011-02-09,1322.0,1321.75,2011-02-15,1326.25,1326.5,{},5,5,ES,60,fixed_hold,0,1.75,4.25,4.17,0.0074325347302973055,3.0,2011-02-08,0.10768908443327074,ENTERED,1.2761238542538744,0.5,2011
LONG,2011-02-16,1327.5,1327.25,2011-02-22,1312.5,1312.75,{},5,5,ES,60,fixed_hold,0,-1.0,-15.0,-15.08,0.00736628734696179,-13.5,2011-02-15,0.10795573188557217,ENTERED,1.2714859677349437,-2.0,2011
LONG,2011-02-23,1315.75,1315.5,2011-03-01,1297.25,1297.5,{},5,5,ES,60,fixed_hold,0,3.0,-18.5,-18.58,0.007842530214189288,-21.0,2011-02-22,0.1061723193595967,ENTERED,1.0550040454555414,-3.75,2011
LONG,2011-03-02,1301.25,1301.0,2011-03-08,1319.75,1320.0,{},5,5,ES,60,fixed_hold,0,6.5,18.5,18.42,0.007919229399900857,12.5,2011-03-01,0.06352459016393519,ENTERED,1.0162265583522831,1.25,2011
LONG,2011-03-09,1321.25,1321.0,2011-03-15,1274.5,1274.75,{},5,5,ES,60,fixed_hold,1,3.75,-32.5,-32.58,0.009412148730958225,-35.75,2011-03-08,0.06774519716885807,ENTERED,0.8666871369348708,0.0,2011
LONG,2011-03-16,1275.75,1275.5,2011-03-22,1287.25,1287.5,{},5,5,ES,60,fixed_hold,0,7.5,11.5,11.42,0.010338269575621535,4.5,2011-03-15,0.03789572992546009,ENTERED,0.8579851272821474,6.5,2011
LONG,2011-03-23,1287.75,1287.5,2011-03-29,1317.0,1317.25,{},5,5,ES,60,fixed_hold,0,2.25,29.25,29.17,0.011856636866284746,27.5,2011-03-22,0.038450435125235716,ENTERED,0.7851897368684724,0.5,2011
LONG,2011-03-30,1316.0,1315.75,2011-04-05,1326.5,1326.75,{},5,5,ES,60,fixed_hold,0,1.5,10.5,10.42,0.011070574352028456,9.5,2011-03-29,0.05257908077461981,ENTERED,0.8473368241463033,0.75,2011
LONG,2011-04-06,1327.75,1327.5,2011-04-12,1309.5,1309.75,{},5,5,ES,60,fixed_hold,0,3.75,-18.25,-18.33,0.009837056584715564,-21.5,2011-04-05,0.05641302704557627,ENTERED,0.956813125086601,4.5,2011
LONG,2011-04-13,1312.0,1311.75,2011-04-19,1313.0,1313.25,{},5,5,ES,60,fixed_hold,0,-2.75,1.0,0.92,0.008538081813229273,4.25,2011-04-12,0.02353080376043426,ENTERED,1.0989139819546334,-2.5,2011
LONG,2011-04-20,1313.5,1313.25,2011-04-27,1351.25,1351.5,{},5,5,ES,60,fixed_hold,0,3.75,37.75,37.67,0.0069247406094596845,34.5,2011-04-19,0.03124782356355249,ENTERED,1.3525605541340548,0.0,2011
LONG,2011-04-28,1351.25,1351.0,2011-05-04,1344.75,1345.0,{},5,5,ES,60,fixed_hold,0,0.25,-6.5,-6.58,0.006825150857677792,-6.25,2011-04-27,0.04946495101513637,ENTERED,1.32288655413683,-1.0,2011
LONG,2011-05-05,1345.5,1345.25,2011-05-11,1335.0,1335.25,{},5,5,ES,60,fixed_hold,0,7.75,-10.5,-10.58,0.00710122330267174,-17.75,2011-05-04,0.028811567175853536,ENTERED,1.2419007405301463,6.5,2011
LONG,2011-05-12,1336.25,1336.0,2011-05-18,1339.75,1340.0,{},5,5,ES,60,fixed_hold,0,-5.25,3.5,3.42,0.008149302151842413,9.25,2011-05-11,0.01769632337289906,ENTERED,1.047707110884208,-6.25,2011
LONG,2011-05-19,1339.75,1339.5,2011-05-25,1316.5,1316.75,{},5,5,ES,60,fixed_hold,0,-2.0,-23.25,-23.33,0.008030883286285444,-20.75,2011-05-18,0.032014132564971876,ENTERED,1.0631560077345397,-2.25,2011
LONG,2011-05-26,1316.5,1316.25,2011-06-01,1312.0,1312.25,{},5,5,ES,60,fixed_hold,0,1.5,-4.5,-4.58,0.007557416824218562,-5.5,2011-05-25,0.026027104671357604,ENTERED,1.0793884240840237,-0.25,2011
LONG,2011-06-02,1312.25,1312.0,2011-06-08,1279.5,1279.75,{},5,5,ES,60,fixed_hold,0,2.5,-32.75,-32.83,0.009399733938033063,-34.75,2011-06-01,0.005091322393992792,ENTERED,0.866971576596315,3.0,2011
LONG,2011-06-09,1280.25,1280.0,2011-06-15,1260.0,1260.25,{},5,5,ES,60,fixed_hold,0,-6.5,-20.25,-20.33,0.008873229482463026,-13.25,2011-06-08,0.00392233771327799,ENTERED,0.9324565671303193,-6.0,2011
SHORT,2011-06-16,1260.75,1261.0,2011-06-22,1278.75,1278.5,{},5,5,ES,60,fixed_hold,0,-2.5,-18.0,-18.08,0.009439917792838193,-15.0,2011-06-15,-0.02116504854368839,ENTERED,0.9189812069167868,3.5,2011
SHORT,2011-06-23,1275.5,1275.75,2011-06-29,1304.25,1304.0,{},5,5,ES,60,fixed_hold,0,1.0,-28.75,-28.83,0.009878035734953366,-29.25,2011-06-22,-0.029417346745112538,ENTERED,0.8787996824368692,3.25,2011
SHORT,2011-06-30,1304.0,1304.25,2011-07-06,1338.5,1338.25,{},5,5,ES,60,fixed_hold,0,3.25,-34.5,-34.58,0.009428728989851235,-37.25,2011-06-29,-0.017147164122855996,ENTERED,0.935334390006379,1.5,2011
LONG,2011-07-07,1339.0,1338.75,2011-07-13,1303.5,1303.75,{},5,5,ES,60,fixed_hold,0,-6.25,-35.5,-35.58,0.00926613186605718,-28.75,2011-07-06,0.021759877839283348,ENTERED,0.9575980150861659,-6.75,2011
SHORT,2011-07-14,1307.75,1308.0,2011-07-20,1316.75,1316.5,{},5,5,ES,60,fixed_hold,0,4.0,-9.0,-9.08,0.009052600306126457,-12.5,2011-07-13,-0.007233961545782597,ENTERED,0.9866531870415778,2.75,2011
SHORT,2011-07-21,1323.75,1324.0,2011-07-27,1299.5,1299.25,{},5,5,ES,60,fixed_hold,0,10.75,24.25,24.17,0.00962754202560737,14.0,2011-07-20,-0.02589715131335457,ENTERED,0.940048680655601,10.25,2011
SHORT,2011-07-28,1298.5,1298.75,2011-08-03,1255.25,1255.0,{},5,5,ES,60,fixed_hold,1,-5.75,55.75,55.67,0.010845196907294883,62.0,2011-07-27,-0.03401486988847513,ENTERED,0.8481246852938237,0.0,2011
SHORT,2011-08-04,1258.75,1259.0,2011-08-10,1123.0,1122.75,{},5,5,ES,60,fixed_hold,1,9.75,109.5,109.42,0.012170679661462677,100.25,2011-08-03,-0.06910396764421234,ENTERED,0.7599058405760185,0.0,2011
SHORT,2011-08-11,1123.25,1123.5,2011-08-17,1186.75,1186.5,{},5,5,ES,60,fixed_hold,0,-2.0,-63.5,-63.58,0.025714638902423044,-61.0,2011-08-10,-0.15155396654163378,ENTERED,0.36203928884670866,-6.75,2011
SHORT,2011-08-18,1188.0,1188.25,2011-08-24,1171.75,1171.5,{},5,5,ES,60,fixed_hold,0,18.0,16.25,16.17,0.02768685793528782,-1.25,2011-08-17,-0.08754727230159487,ENTERED,0.33828797106037584,5.25,2011
SHORT,2011-08-25,1168.25,1168.5,2011-08-31,1218.0,1217.75,{},5,5,ES,60,fixed_hold,0,-7.75,-49.75,-49.83,0.02939950065815956,-41.5,2011-08-24,-0.09599325725253127,ENTERED,0.3193808351687045,-2.25,2011
SHORT,2011-09-01,1216.75,1217.0,2011-09-07,1200.5,1200.25,{},5,5,ES,60,fixed_hold,0,5.5,16.25,16.17,0.029896277968807977,11.25,2011-08-31,-0.03643956658037173,ENTERED,0.3144115112871306,3.5,2011
SHORT,2011-09-08,1201.5,1201.75,2011-09-14,1178.75,1178.5,{},5,5,ES,60,fixed_hold,1,7.0,6.75,6.67,0.02154421993984682,0.25,2011-09-07,-0.03559163911564445,ENTERED,0.43701561542893325,0.0,2011
SHORT,2011-09-15,1182.75,1183.0,2011-09-21,1157.75,1157.5,{},5,5,ES,60,fixed_hold,1,10.5,9.5,9.42,0.020785251631515345,-0.5,2011-09-14,-0.0535101632832522,ENTERED,0.45347310298300497,0.0,2011
SHORT,2011-09-22,1156.75,1157.0,2011-09-28,1147.0,1146.75,{},5,5,ES,60,fixed_hold,0,-10.0,9.75,9.67,0.01944041288333507,20.25,2011-09-21,-0.076745174258257,ENTERED,0.48789266585142727,-12.25,2011
SHORT,2011-09-29,1144.75,1145.0,2011-10-05,1136.0,1135.75,{},5,5,ES,60,fixed_hold,0,-4.75,8.75,8.67,0.019840660915859704,14.0,2011-09-28,-0.10872920722708235,ENTERED,0.47875872763233523,-3.5,2011
SHORT,2011-10-06,1131.75,1132.0,2011-10-12,1199.25,1199.0,{},5,5,ES,60,fixed_hold,0,-5.0,-67.5,-67.58,0.02026803316294407,-62.0,2011-10-05,-0.09391987939068636,ENTERED,0.4719768509745911,-7.25,2011
SHORT,2011-10-13,1198.25,1198.5,2011-10-19,1208.5,1208.25,{},5,5,ES,60,fixed_hold,0,-1.0,-10.25,-10.33,0.020538751420779367,-8.75,2011-10-12,-0.05272407971728765,ENTERED,0.4687501118430714,-1.75,2011
SHORT,2011-10-20,1209.25,1209.5,2011-10-26,1243.5,1243.25,{},5,5,ES,60,fixed_hold,0,3.25,-34.25,-34.33,0.020106981756709493,-37.0,2011-10-19,-0.03274216484854686,ENTERED,0.48276603876657226,1.25,2011
LONG,2011-10-27,1240.5,1240.25,2011-11-02,1236.5,1236.75,{},5,5,ES,60,fixed_hold,0,-13.0,-4.0,-4.08,0.018944176396751826,9.5,2011-10-26,0.04033421028535744,ENTERED,0.5168886989865982,-8.25,2011
LONG,2011-11-03,1227.0,1226.75,2011-11-09,1226.25,1226.5,{},5,5,ES,60,fixed_hold,0,-2.75,-0.75,-0.83,0.017367724116733128,2.5,2011-11-02,0.13143881902793964,ENTERED,0.5670874860381705,3.0,2011
LONG,2011-11-10,1223.25,1223.0,2011-11-16,1229.25,1229.5,{},5,5,ES,60,fixed_hold,0,6.0,6.0,5.92,0.018581780027606118,0.5,2011-11-09,0.06177386142518548,ENTERED,0.5315979265860434,7.25,2011
LONG,2011-11-17,1229.75,1229.5,2011-11-23,1159.75,1160.0,{},5,5,ES,60,fixed_hold,0,-8.0,-70.0,-70.08,0.017788250432288284,-61.5,2011-11-16,0.0779992529821445,ENTERED,0.5604269690384187,-6.5,2011
SHORT,2011-11-24,1160.75,1161.0,2011-11-30,1245.5,1245.25,{},5,5,ES,60,fixed_hold,1,4.75,-67.0,-67.08,0.017341968240924266,-71.25,2011-11-23,-0.02156479473962547,ENTERED,0.5783844301868172,0.0,2011
LONG,2011-12-01,1243.5,1243.25,2011-12-07,1265.75,1266.0,{},5,5,ES,60,fixed_hold,0,8.5,22.25,22.17,0.017918438593637898,14.25,2011-11-30,0.04950630136034939,ENTERED,0.5639115477941968,8.25,2011
LONG,2011-12-08,1263.5,1263.25,2011-12-14,1205.25,1205.5,{},5,5,ES,60,fixed_hold,0,-2.5,-58.25,-58.33,0.015252853884948979,-55.25,2011-12-07,0.07167522645183966,ENTERED,0.664842835009221,-8.5,2011
LONG,2011-12-15,1206.5,1206.25,2011-12-21,1236.25,1236.5,{},5,5,ES,60,fixed_hold,0,6.75,29.75,29.67,0.01707025731413242,23.5,2011-12-14,0.02568548582282082,ENTERED,0.5947086368216534,1.5,2011
LONG,2011-12-22,1236.25,1236.0,2011-12-29,1256.25,1256.5,{},5,5,ES,60,fixed_hold,0,3.75,20.0,19.92,0.016957843660441913,16.75,2011-12-21,0.06192383049027983,ENTERED,0.6018368151274183,0.0,2011
LONG,2011-12-30,1257.0,1256.75,2012-01-06,1273.75,1274.0,{},5,5,ES,60,fixed_hold,1,0.0,-5.0,-5.08,0.013713503114122358,-4.5,2011-12-29,0.08955144849723706,ENTERED,0.7538751761375283,0.0,2011
LONG,2012-01-09,1269.75,1269.5,2012-01-13,1289.25,1289.5,{},5,5,ES,60,fixed_hold,0,0.75,19.5,19.42,0.013474393233884708,19.25,2012-01-06,0.0285947189424145,ENTERED,0.7843004094388372,0.0,2012
LONG,2012-01-16,1286.75,1286.5,2012-01-20,1311.0,1311.25,{},5,5,ES,60,fixed_hold,0,0.25,24.25,24.17,0.00840699004081787,24.5,2012-01-13,0.03313860017288062,ENTERED,1.2570458724187539,0.0,2012
LONG,2012-01-23,1306.25,1306.0,2012-01-27,1312.5,1312.75,{},5,5,ES,60,fixed_hold,0,-3.75,6.25,6.17,0.00524289243083636,10.5,2012-01-20,0.020989036515031145,ENTERED,1.957387768981871,0.0,2012
LONG,2012-01-30,1311.75,1311.5,2012-02-03,1339.25,1339.5,{},5,5,ES,60,fixed_hold,0,-0.25,27.5,27.42,0.00347464769756935,28.25,2012-01-27,0.02752915474370199,ENTERED,2.937234363981255,0.0,2012
LONG,2012-02-06,1337.25,1337.0,2012-02-10,1340.0,1340.25,{},5,5,ES,60,fixed_hold,0,-1.75,2.75,2.67,0.004701475410342326,5.0,2012-02-03,0.05722934887150921,ENTERED,2.158586649995109,0.0,2012
LONG,2012-02-13,1346.5,1346.25,2012-02-17,1360.0,1360.25,{},5,5,ES,60,fixed_hold,0,-4.5,13.5,13.42,0.0048009686347055625,18.5,2012-02-10,0.05524020140861108,ENTERED,2.112230133216192,0.0,2012
LONG,2012-02-20,1368.75,1368.5,2012-02-24,1362.5,1362.75,{},5,5,ES,60,fixed_hold,0,0.25,-6.25,-6.33,0.00538042549378867,-6.0,2012-02-17,0.13515401786611547,ENTERED,1.877529114786817,0.0,2012
LONG,2012-02-27,1364.25,1364.0,2012-03-02,1368.25,1368.5,{},5,5,ES,60,fixed_hold,0,4.5,4.0,3.92,0.005417007650826185,0.0,2012-02-24,0.07568643173929601,ENTERED,1.8516356383242447,0.0,2012
LONG,2012-03-05,1368.0,1367.75,2012-03-09,1371.75,1372.0,{},5,5,ES,60,fixed_hold,0,4.0,3.75,3.67,0.00551051367457255,0.25,2012-03-02,0.06252008029328926,ENTERED,1.8076932988797363,0.0,2012
LONG,2012-03-12,1372.25,1372.0,2012-03-16,1398.5,1398.75,{},5,5,ES,60,fixed_hold,0,-4.5,26.25,26.17,0.007103338663341901,31.25,2012-03-09,0.11869821987525464,ENTERED,1.3906187221412944,0.0,2012
LONG,2012-03-19,1399.75,1399.5,2012-03-23,1394.0,1394.25,{},5,5,ES,60,fixed_hold,0,0.5,-5.75,-5.83,0.00710742617315919,-5.75,2012-03-16,0.11191612700158404,ENTERED,1.3840532908895593,0.0,2012
LONG,2012-03-26,1398.0,1397.75,2012-03-30,1403.75,1404.0,{},5,5,ES,60,fixed_hold,0,2.75,5.75,5.67,0.007181683761261182,3.5,2012-03-23,0.09069723103716276,ENTERED,1.363472831247318,0.0,2012
LONG,2012-04-02,1408.75,1408.5,2012-04-06,1374.75,1375.0,{},5,5,ES,60,fixed_hold,0,2.0,-34.0,-34.08,0.007349205061726718,-35.5,2012-03-30,0.10204081632653028,ENTERED,1.3142275481409906,0.0,2012
LONG,2012-04-09,1374.75,1374.5,2012-04-13,1364.75,1365.0,{},5,5,ES,60,fixed_hold,0,2.5,-10.0,-10.08,0.007007756270023116,-12.0,2012-04-06,0.06630476929042195,ENTERED,1.3738408778271638,0.0,2012
LONG,2012-04-16,1364.5,1364.25,2012-04-20,1374.75,1375.0,{},5,5,ES,60,fixed_hold,0,4.0,10.25,10.17,0.007836941792774438,6.75,2012-04-13,0.040991420400381395,ENTERED,1.2202992135397774,0.0,2012
LONG,2012-04-23,1372.75,1372.5,2012-04-27,1398.75,1399.0,{},5,5,ES,60,fixed_hold,0,-1.0,26.0,25.92,0.008388639341226904,27.5,2012-04-20,0.047419539135402644,ENTERED,1.1323516471590622,0.0,2012
LONG,2012-04-30,1400.25,1400.0,2012-05-04,1362.25,1362.5,{},5,5,ES,60,fixed_hold,0,1.0,-38.0,-38.08,0.008168218950921137,-38.5,2012-04-27,0.044419559537141495,ENTERED,1.155688632926967,0.0,2012
LONG,2012-05-07,1349.25,1349.0,2012-05-11,1349.75,1350.0,{},5,5,ES,60,fixed_hold,0,2.25,0.5,0.42,0.008412515183967866,-1.25,2012-05-04,0.01660138033948888,ENTERED,1.1204202723566619,0.0,2012
LONG,2012-05-14,1346.25,1346.0,2012-05-18,1290.25,1290.5,{},5,5,ES,60,fixed_hold,0,7.75,-56.0,-56.08,0.007653558062195999,-63.25,2012-05-11,0.0023966237183601358,ENTERED,1.2297842096431186,0.0,2012
SHORT,2012-05-21,1294.25,1294.5,2012-05-25,1315.0,1314.75,{},5,5,ES,60,fixed_hold,0,9.25,-20.75,-20.83,0.008043187806897022,-29.5,2012-05-18,-0.04354095296610383,ENTERED,1.1686577714836903,0.0,2012
SHORT,2012-05-28,1323.5,1323.75,2012-06-01,1274.0,1273.75,{},5,5,ES,60,fixed_hold,0,0.0,49.5,49.42,0.008606870383083012,50.0,2012-05-25,-0.02966222425412579,ENTERED,1.0901311470975503,0.0,2012
SHORT,2012-06-04,1263.75,1264.0,2012-06-08,1329.5,1329.25,{},5,5,ES,60,fixed_hold,0,-6.75,-65.75,-65.83,0.01036538170820793,-58.5,2012-06-01,-0.062320012988780316,ENTERED,0.9058650552454428,0.0,2012
SHORT,2012-06-11,1337.25,1337.5,2012-06-15,1338.5,1338.25,{},5,5,ES,60,fixed_hold,0,0.0,-1.25,-1.33,0.011934850863986142,-0.75,2012-06-08,-0.0401770483680024,ENTERED,0.7875870461353741,0.0,2012
SHORT,2012-06-18,1343.5,1343.75,2012-06-22,1325.75,1325.5,{},5,5,ES,60,fixed_hold,0,1.5,17.75,17.67,0.012867038617096104,16.75,2012-06-15,-0.03055949771465505,ENTERED,0.7317270753690573,0.0,2012
SHORT,2012-06-25,1323.0,1323.25,2012-06-29,1358.5,1358.25,{},5,5,ES,60,fixed_hold,0,3.25,-35.5,-35.58,0.013285008873529791,-38.25,2012-06-22,-0.04646379928996647,ENTERED,0.7094878628501424,0.0,2012
SHORT,2012-07-02,1357.75,1358.0,2012-07-06,1352.75,1352.5,{},5,5,ES,60,fixed_hold,0,4.0,5.0,4.92,0.01297416014544106,1.5,2012-06-29,-0.0022963137677731726,ENTERED,0.7310557878565741,0.0,2012
LONG,2012-07-09,1348.25,1348.0,2012-07-13,1351.75,1352.0,{},5,5,ES,60,fixed_hold,0,-0.5,3.5,3.42,0.011997628123348798,4.5,2012-07-06,0.0007582607656746454,ENTERED,0.791730621903144,0.0,2012
SHORT,2012-07-16,1350.0,1350.25,2012-07-20,1359.0,1358.75,{},5,5,ES,60,fixed_hold,0,2.25,-9.0,-9.08,0.010713905993735048,-10.75,2012-07-13,-0.0068872565536752806,ENTERED,0.8928622738792614,0.0,2012
SHORT,2012-07-23,1352.5,1352.75,2012-07-27,1382.75,1382.5,{},5,5,ES,60,fixed_hold,0,0.75,-30.25,-30.33,0.009923762637773932,-30.5,2012-07-20,-0.019051056271793265,ENTERED,0.9683554552213831,0.0,2012
LONG,2012-07-30,1379.0,1378.75,2012-08-03,1389.25,1389.5,{},5,5,ES,60,fixed_hold,0,0.5,10.25,10.17,0.009794679557856333,10.25,2012-07-27,0.02483320978502679,ENTERED,0.9838940294782936,0.0,2012
LONG,2012-08-06,1390.5,1390.25,2012-08-10,1402.0,1402.25,{},5,5,ES,60,fixed_hold,0,-0.25,11.5,11.42,0.010674952563496758,12.25,2012-08-03,0.029259259259259762,ENTERED,0.9072771313224056,0.0,2012
LONG,2012-08-13,1400.5,1400.25,2012-08-17,1415.25,1415.5,{},5,5,ES,60,fixed_hold,0,-2.25,14.75,14.67,0.00961839429461152,17.5,2012-08-10,0.08659434327780002,ENTERED,1.0113397578456977,0.0,2012
LONG,2012-08-20,1415.25,1415.0,2012-08-24,1410.25,1410.5,{},5,5,ES,60,fixed_hold,0,0.0,-5.0,-5.08,0.008975687585915614,-4.5,2012-08-17,0.07663053812511933,ENTERED,1.0760766411048375,0.0,2012
LONG,2012-08-27,1411.0,1410.75,2012-08-31,1404.5,1404.75,{},5,5,ES,60,fixed_hold,0,0.0,-6.5,-6.58,0.006020590171981668,-6.0,2012-08-24,0.10736015701668378,ENTERED,1.5991027043181847,0.0,2012
LONG,2012-09-03,1401.0,1400.75,2012-09-07,1438.0,1438.25,{},5,5,ES,60,fixed_hold,0,0.25,37.0,36.92,0.0040530382169828615,37.25,2012-08-31,0.056798946774498926,ENTERED,2.370994096809713,0.0,2012
LONG,2012-09-10,1436.25,1436.0,2012-09-14,1466.0,1466.25,{},5,5,ES,60,fixed_hold,0,0.0,29.75,29.67,0.005889465915728043,30.25,2012-09-07,0.07472445357743362,ENTERED,1.624263151289906,0.0,2012
LONG,2012-09-17,1456.0,1455.75,2012-09-21,1451.25,1451.5,{},5,5,ES,60,fixed_hold,0,0.25,-4.75,-4.83,0.006952734753169569,-4.5,2012-09-14,0.10618634477555688,ENTERED,1.3708631715160149,0.0,2012
LONG,2012-09-24,1453.0,1452.75,2012-09-28,1434.0,1434.25,{},5,5,ES,60,fixed_hold,0,0.0,-19.0,-19.08,0.006848903969841431,-18.5,2012-09-21,0.06865451868212857,ENTERED,1.3862167592817707,0.0,2012
LONG,2012-10-01,1430.5,1430.25,2012-10-05,1455.25,1455.5,{},5,5,ES,60,fixed_hold,0,0.5,24.75,24.67,0.007491671801374354,24.75,2012-09-28,0.06044362292051764,ENTERED,1.2600549040477764,0.0,2012
LONG,2012-10-08,1454.5,1454.25,2012-10-12,1421.5,1421.75,{},5,5,ES,60,fixed_hold,0,2.25,-33.0,-33.08,0.006245046208380014,-34.75,2012-10-05,0.07655325443786887,ENTERED,1.509284677666276,0.0,2012
LONG,2012-10-15,1420.5,1420.25,2012-10-19,1423.5,1423.75,{},5,5,ES,60,fixed_hold,0,-1.0,3.0,2.92,0.00575935141033198,4.5,2012-10-12,0.04636614535418615,ENTERED,1.6342508351878613,0.0,2012
LONG,2012-10-22,1423.0,1422.75,2012-10-26,1407.25,1407.5,{},5,5,ES,60,fixed_hold,0,-0.5,-15.75,-15.83,0.007975209790824809,-14.75,2012-10-19,0.02983725135623927,ENTERED,1.1786190187557346,0.0,2012
LONG,2012-10-29,1403.25,1403.0,2012-11-02,1405.25,1405.5,{},5,5,ES,60,fixed_hold,0,-0.25,2.0,1.92,0.008210177702182658,2.75,2012-10-26,0.012954300107952177,ENTERED,1.1428032162002861,0.0,2012
LONG,2012-11-05,1403.75,1403.5,2012-11-09,1375.75,1376.0,{},5,5,ES,60,fixed_hold,0,0.75,-28.0,-28.08,0.009453871539673824,-28.25,2012-11-02,0.002317703690496442,ENTERED,0.9922395574720234,0.0,2012
SHORT,2012-11-12,1374.0,1374.25,2012-11-16,1360.75,1360.5,{},5,5,ES,60,fixed_hold,0,0.75,13.25,13.17,0.010580972694144345,13.0,2012-11-09,-0.02790533380430915,ENTERED,0.8874077407781452,0.0,2012
SHORT,2012-11-19,1364.25,1364.5,2012-11-23,1405.0,1404.75,{},5,5,ES,60,fixed_hold,0,-1.75,-40.75,-40.83,0.009589338670289384,-38.5,2012-11-16,-0.035448422545196645,ENTERED,0.9815221940299026,0.0,2012
SHORT,2012-11-26,1401.5,1401.75,2012-11-30,1416.0,1415.75,{},5,5,ES,60,fixed_hold,0,0.75,-14.5,-14.58,0.009880624732861549,-14.75,2012-11-23,-9.992007221626409e-16,ENTERED,0.9528912179646871,0.0,2012
SHORT,2012-12-03,1413.0,1413.25,2012-12-07,1417.5,1417.25,{},5,5,ES,60,fixed_hold,0,-0.5,-4.5,-4.58,0.008732443571990347,-3.5,2012-11-30,-0.0156440118199197,ENTERED,1.0786239994460345,0.0,2012
SHORT,2012-12-10,1416.5,1416.75,2012-12-14,1416.75,1416.5,{},5,5,ES,60,fixed_hold,0,-1.5,-0.25,-0.33,0.006471631051389454,1.75,2012-12-07,-0.03341858482523463,ENTERED,1.4543704139217646,0.0,2012
SHORT,2012-12-17,1416.0,1416.25,2012-12-21,1428.75,1428.5,{},5,5,ES,60,fixed_hold,0,0.0,-12.75,-12.83,0.0057673418974263455,-12.25,2012-12-14,-0.024112986565621997,ENTERED,1.6297629481046958,0.0,2012
SHORT,2012-12-24,1421.5,1421.75,2012-12-31,1424.0,1423.75,{},5,5,ES,60,fixed_hold,0,-8.25,-2.5,-2.58,0.006068061689385494,6.25,2012-12-21,-0.00400906397071632,ENTERED,1.545881665859146,-3.0,2012
SHORT,2013-01-02,1442.75,1443.0,2013-01-08,1451.75,1451.5,{},5,5,ES,60,fixed_hold,0,4.5,-9.0,-9.08,0.009609496218057035,-13.0,2012-12-31,-0.02181380968739277,ENTERED,0.9746745077401302,0.75,2013
LONG,2013-01-09,1452.75,1452.5,2013-01-15,1467.0,1467.25,{},5,5,ES,60,fixed_hold,0,-0.25,14.25,14.17,0.009683915019229963,15.0,2013-01-08,0.007305509239745156,ENTERED,0.9688868050781693,-0.25,2013
LONG,2013-01-16,1467.5,1467.25,2013-01-22,1490.75,1491.0,{},5,5,ES,60,fixed_hold,0,3.0,23.25,23.17,0.009484978329346186,20.75,2013-01-15,0.01680526680526695,ENTERED,0.9910126951951614,3.25,2013
LONG,2013-01-23,1489.75,1489.5,2013-01-29,1505.25,1505.5,{},5,5,ES,60,fixed_hold,0,0.25,15.5,15.42,0.008782204464249715,15.75,2013-01-22,0.04519336934967488,ENTERED,1.0683670053258998,-0.25,2013
LONG,2013-01-30,1504.5,1504.25,2013-02-05,1506.25,1506.5,{},5,5,ES,60,fixed_hold,0,1.25,1.75,1.67,0.004300266920392658,1.0,2013-01-29,0.05685964677426769,ENTERED,2.1813774555340335,-0.75,2013
LONG,2013-02-06,1506.75,1506.5,2013-02-12,1517.5,1517.75,{},5,5,ES,60,fixed_hold,0,-0.25,10.75,10.67,0.00537575322359234,11.5,2013-02-05,0.08023466081242181,ENTERED,1.7355250682807577,0.5,2013
LONG,2013-02-13,1518.25,1518.0,2013-02-19,1528.75,1529.0,{},5,5,ES,60,fixed_hold,0,1.0,10.5,10.42,0.005085353118706973,10.0,2013-02-12,0.10070034201787204,ENTERED,1.8266351361439883,1.0,2013
LONG,2013-02-20,1529.0,1528.75,2013-02-26,1493.25,1493.5,{},5,5,ES,60,fixed_hold,0,5.75,-35.75,-35.83,0.005037175149836488,-41.0,2013-02-19,0.0739296937908791,ENTERED,1.8360629288075214,2.25,2013
LONG,2013-02-27,1493.0,1492.75,2013-03-05,1539.0,1539.25,{},5,5,ES,60,fixed_hold,0,-3.25,46.0,45.92,0.007550555341083918,49.75,2013-02-26,0.04084500561632831,ENTERED,1.2232191091537616,-2.25,2013
LONG,2013-03-06,1539.25,1539.0,2013-03-12,1547.0,1547.25,{},5,5,ES,60,fixed_hold,0,-10.25,7.75,7.67,0.00783011367529878,18.5,2013-03-05,0.07159357886999462,ENTERED,1.1747057061209325,-2.25,2013
LONG,2013-03-13,1547.5,1547.25,2013-03-19,1538.5,1538.75,{},5,5,ES,60,fixed_hold,1,0.0,7.0,6.92,0.00792380368574553,7.5,2013-03-12,0.07773334101431573,ENTERED,1.1468188735971134,0.0,2013
LONG,2013-03-20,1539.0,1538.75,2013-03-26,1557.5,1557.75,{},5,5,ES,60,fixed_hold,0,2.5,18.5,18.42,0.008054250857091228,16.5,2013-03-19,0.07387633383558678,ENTERED,1.1239531108167866,2.5,2013
LONG,2013-03-27,1558.0,1557.75,2013-04-03,1548.75,1549.0,{},5,5,ES,60,fixed_hold,0,-0.5,-9.25,-9.33,0.005967751514227571,-8.25,2013-03-26,0.09076318928255223,ENTERED,1.5129484325967364,0.0,2013
LONG,2013-04-04,1549.25,1549.0,2013-04-10,1581.75,1582.0,{},5,5,ES,60,fixed_hold,0,-0.5,32.5,32.42,0.005568489271518372,33.5,2013-04-03,0.0782846475794694,ENTERED,1.6132078250323723,1.0,2013
LONG,2013-04-11,1582.25,1582.0,2013-04-17,1547.75,1548.0,{},5,5,ES,60,fixed_hold,0,-2.0,-34.5,-34.58,0.006171635209309973,-32.0,2013-04-10,0.08943520470282973,ENTERED,1.4511303716605162,-1.5,2013
LONG,2013-04-18,1548.0,1547.75,2013-04-24,1572.75,1573.0,{},5,5,ES,60,fixed_hold,0,1.75,24.75,24.67,0.008687284188191818,23.5,2013-04-17,0.04904074626738608,ENTERED,1.0248991149152151,2.25,2013
LONG,2013-04-25,1573.0,1572.75,2013-05-01,1579.0,1579.25,{},5,5,ES,60,fixed_hold,0,-1.75,6.0,5.92,0.008586567026224352,8.25,2013-04-24,0.05571576526594191,ENTERED,1.0333849902252175,-1.25,2013
LONG,2013-05-02,1579.5,1579.25,2013-05-08,1627.75,1628.0,{},5,5,ES,60,fixed_hold,0,0.0,48.25,48.17,0.008439924917217845,48.75,2013-05-01,0.05920688190419865,ENTERED,1.044916224345404,0.25,2013
LONG,2013-05-09,1628.25,1628.0,2013-05-15,1654.5,1654.75,{},5,5,ES,60,fixed_hold,0,-6.75,26.25,26.17,0.008347711549393868,33.5,2013-05-08,0.08381012343200123,ENTERED,1.0520493445760468,-6.5,2013
LONG,2013-05-16,1655.25,1655.0,2013-05-22,1657.0,1657.25,{},5,5,ES,60,fixed_hold,0,-1.75,1.75,1.67,0.005045916203204043,4.0,2013-05-15,0.09351299541971647,ENTERED,1.7305962327407343,-2.0,2013
LONG,2013-05-23,1657.5,1657.25,2013-05-29,1646.0,1646.25,{},5,5,ES,60,fixed_hold,0,2.5,-11.5,-11.58,0.005049928393000247,-13.5,2013-05-22,0.1211967882082794,ENTERED,1.7264218814488652,2.25,2013
LONG,2013-05-30,1646.5,1646.25,2013-06-05,1609.75,1610.0,{},5,5,ES,60,fixed_hold,0,2.75,-36.75,-36.83,0.004713410097927789,-39.0,2013-05-29,0.0806515232371976,ENTERED,1.8417369145543474,3.5,2013
LONG,2013-06-06,1610.25,1610.0,2013-06-12,1610.25,1610.5,{},5,5,ES,60,fixed_hold,0,-1.25,0.0,-0.08,0.0060847973469806025,1.75,2013-06-05,0.05139142081384018,ENTERED,1.4261256240406213,-1.0,2013
LONG,2013-06-13,1611.0,1610.75,2013-06-19,1621.0,1621.25,{},5,5,ES,60,fixed_hold,0,-1.75,10.0,9.92,0.006965190861124645,12.25,2013-06-12,0.046628757108041485,ENTERED,1.241802274250602,-1.5,2013
LONG,2013-06-20,1621.75,1621.5,2013-06-26,1594.5,1594.75,{},5,5,ES,60,fixed_hold,0,1.5,-27.25,-27.33,0.008919405222730468,-28.25,2013-06-19,0.0407639223238645,ENTERED,0.9696193055655563,1.0,2013
LONG,2013-06-27,1595.25,1595.0,2013-07-03,1609.75,1610.0,{},5,5,ES,60,fixed_hold,0,2.25,14.5,14.42,0.010680179577028343,12.75,2013-06-26,0.029535183989671365,ENTERED,0.8120460784584953,2.5,2013
LONG,2013-07-04,1624.0,1623.75,2013-07-10,1661.75,1662.0,{},5,5,ES,60,fixed_hold,0,1.25,37.75,37.67,0.010042602030745595,37.0,2013-07-03,0.01769911504424848,ENTERED,0.8643989516263418,1.25,2013
LONG,2013-07-11,1662.0,1661.75,2013-07-17,1673.75,1674.0,{},5,5,ES,60,fixed_hold,0,2.0,11.75,11.67,0.009447831692855874,10.25,2013-07-10,0.06455174224657134,ENTERED,0.9192169836515273,2.0,2013
LONG,2013-07-18,1674.25,1674.0,2013-07-24,1682.5,1682.75,{},5,5,ES,60,fixed_hold,0,1.5,8.25,8.17,0.0073889044514318,7.25,2013-07-17,0.05519674530801999,ENTERED,1.174850944121314,1.5,2013
LONG,2013-07-25,1683.0,1682.75,2013-07-31,1685.25,1685.5,{},5,5,ES,60,fixed_hold,0,-0.5,2.25,2.17,0.0040101711001066425,3.25,2013-07-24,0.05651441184832651,ENTERED,2.1632760373309248,-0.5,2013
LONG,2013-08-01,1685.75,1685.5,2013-08-07,1689.25,1689.5,{},5,5,ES,60,fixed_hold,0,-0.5,3.5,3.42,0.0033218460134349943,4.5,2013-07-31,0.026552271355966717,ENTERED,2.603790126620014,-0.75,2013
LONG,2013-08-08,1690.0,1689.75,2013-08-14,1677.75,1678.0,{},5,5,ES,60,fixed_hold,0,-2.0,-12.25,-12.33,0.0034222973317792893,-9.75,2013-08-07,0.01235426835360065,ENTERED,2.5196166209761968,-1.75,2013
LONG,2013-08-15,1678.0,1677.75,2013-08-21,1632.5,1632.75,{},5,5,ES,60,fixed_hold,0,2.25,-45.5,-45.58,0.003838409208280232,-47.25,2013-08-14,0.003946663545103979,ENTERED,2.2439401322467183,2.25,2013
SHORT,2013-08-22,1632.5,1632.75,2013-08-28,1630.5,1630.25,{},5,5,ES,60,fixed_hold,0,0.25,2.0,1.92,0.005026521189609398,2.25,2013-08-21,-0.016599066041689148,ENTERED,1.710173845159281,0.75,2013
LONG,2013-08-29,1630.75,1630.5,2013-09-04,1654.5,1654.75,{},5,5,ES,60,fixed_hold,1,0.0,8.5,8.42,0.00705184293225365,9.0,2013-08-28,0.0040030792917638,ENTERED,1.2176344692748609,0.0,2013
LONG,2013-09-05,1655.0,1654.75,2013-09-11,1688.5,1688.75,{},5,5,ES,60,fixed_hold,0,2.5,33.5,33.42,0.0072987369350627895,31.5,2013-09-04,0.009344978083680955,ENTERED,1.1751581322990896,2.5,2013
LONG,2013-09-12,1688.75,1688.5,2013-09-18,1719.25,1719.5,{},5,5,ES,60,fixed_hold,0,10.25,30.5,30.42,0.007744290209517685,20.75,2013-09-11,0.023253735828268507,ENTERED,1.1073695300991786,10.25,2013
LONG,2013-09-19,1719.75,1719.5,2013-09-25,1687.0,1687.25,{},5,5,ES,60,fixed_hold,0,-2.0,-32.75,-32.83,0.007003549705943273,-30.25,2013-09-18,0.05919893469258497,ENTERED,1.2191077627369138,-2.0,2013
LONG,2013-09-26,1687.25,1687.0,2013-10-02,1676.5,1676.75,{},5,5,ES,60,fixed_hold,0,-10.5,-10.75,-10.83,0.005677730754838399,0.25,2013-09-25,0.029488564215966795,ENTERED,1.4864961516580517,-10.5,2013
SHORT,2013-10-03,1676.5,1676.75,2013-10-09,1652.25,1652.0,{},5,5,ES,60,fixed_hold,0,5.5,24.25,24.17,0.005757059983135933,19.25,2013-10-02,-0.0004637491805576932,ENTERED,1.4628481107133058,5.25,2013
SHORT,2013-10-10,1651.5,1651.75,2013-10-16,1714.5,1714.25,{},5,5,ES,60,fixed_hold,0,12.25,-63.0,-63.08,0.005853175980004176,-74.75,2013-10-09,-0.022276973728341476,ENTERED,1.436312536909555,12.0,2013
LONG,2013-10-17,1714.5,1714.25,2013-10-23,1742.25,1742.5,{},5,5,ES,60,fixed_hold,0,2.0,27.75,27.67,0.007254323619495951,26.25,2013-10-16,0.009289634240505107,ENTERED,1.1573787313353743,1.75,2013
LONG,2013-10-24,1742.75,1742.5,2013-10-30,1754.25,1754.5,{},5,5,ES,60,fixed_hold,0,4.75,11.5,11.42,0.007245810681217984,7.25,2013-10-23,0.024248375751579676,ENTERED,1.1571842432897865,4.5,2013
LONG,2013-10-31,1754.75,1754.5,2013-11-06,1763.75,1764.0,{},5,5,ES,60,fixed_hold,0,-0.25,9.0,8.92,0.006806463566881591,9.75,2013-10-30,0.0288603491798185,ENTERED,1.2265700226161331,0.0,2013
LONG,2013-11-07,1762.75,1762.5,2013-11-13,1782.25,1782.5,{},5,5,ES,60,fixed_hold,0,-1.0,19.5,19.42,0.005674370996238376,21.0,2013-11-06,0.04152063389286775,ENTERED,1.470319393689481,-1.0,2013
LONG,2013-11-14,1782.75,1782.5,2013-11-20,1780.0,1780.25,{},5,5,ES,60,fixed_hold,0,2.0,-2.75,-2.83,0.0055652823975340234,-4.25,2013-11-13,0.08161101170581597,ENTERED,1.4866992385225912,-1.25,2013
LONG,2013-11-21,1780.25,1780.0,2013-11-27,1804.0,1804.25,{},5,5,ES,60,fixed_hold,0,5.75,23.75,23.67,0.005283287699171036,18.5,2013-11-20,0.08190228883502049,ENTERED,1.5632545709982784,5.5,2013
LONG,2013-11-28,1808.75,1808.5,2013-12-04,1792.0,1792.25,{},5,5,ES,60,fixed_hold,0,2.5,-16.75,-16.83,0.005097776599764488,-18.75,2013-11-27,0.09034597371204045,ENTERED,1.610540897881237,1.25,2013
LONG,2013-12-05,1792.25,1792.0,2013-12-11,1781.25,1781.5,{},5,5,ES,60,fixed_hold,0,2.5,-11.0,-11.08,0.005140984400131705,-13.0,2013-12-04,0.06128793486306483,ENTERED,1.5939929778942954,1.5,2013
LONG,2013-12-12,1781.75,1781.5,2013-12-18,1803.75,1804.0,{},5,5,ES,60,fixed_hold,0,-1.5,22.0,21.92,0.005193510232337479,24.0,2013-12-11,0.036056993312009844,ENTERED,1.5708897348338748,-3.5,2013
LONG,2013-12-19,1805.0,1804.75,2013-12-26,1835.0,1835.25,{},5,5,ES,60,fixed_hold,0,2.5,30.0,29.92,0.006628318825208713,28.0,2013-12-18,0.06919543636094239,ENTERED,1.2294674361240923,2.0,2013
LONG,2013-12-27,1835.5,1835.25,2014-01-03,1823.0,1823.25,{},5,5,ES,60,fixed_hold,0,-7.5,-12.5,-12.58,0.006668351798524098,-4.5,2013-12-26,0.09452810496496178,ENTERED,1.2191645431453637,-0.25,2013
LONG,2014-01-06,1827.5,1827.25,2014-01-10,1838.25,1838.5,{},5,5,ES,60,fixed_hold,0,0.5,10.75,10.67,0.007138341936401829,10.75,2014-01-03,0.10366222760290467,ENTERED,1.1376970510319893,0.0,2014
LONG,2014-01-13,1838.5,1838.25,2014-01-17,1833.5,1833.75,{},5,5,ES,60,fixed_hold,0,0.75,-5.0,-5.08,0.005744558067158533,-5.25,2014-01-10,0.0724806766807633,ENTERED,1.408225078300631,0.0,2014
LONG,2014-01-20,1834.25,1834.0,2014-01-24,1780.0,1780.25,{},5,5,ES,60,fixed_hold,0,3.25,-54.25,-54.33,0.005563616313203752,-57.0,2014-01-17,0.052367288378765364,ENTERED,1.4532027560113494,0.0,2014
LONG,2014-01-27,1780.75,1780.5,2014-01-31,1776.75,1777.0,{},5,5,ES,60,fixed_hold,0,9.5,-4.0,-4.08,0.007599895435889812,-13.0,2014-01-24,0.014676546024509518,ENTERED,1.0614090590995648,0.0,2014
LONG,2014-02-03,1783.0,1782.75,2014-02-07,1793.25,1793.5,{},5,5,ES,60,fixed_hold,0,2.5,10.25,10.17,0.00853979905463541,8.25,2014-01-31,0.007369614512471312,ENTERED,0.9466157084784356,0.0,2014
LONG,2014-02-10,1792.0,1791.75,2014-02-14,1833.75,1834.0,{},5,5,ES,60,fixed_hold,0,-0.5,41.75,41.67,0.01090403207606144,42.75,2014-02-07,0.00617110799438958,ENTERED,0.7417571784283278,0.0,2014
LONG,2014-02-17,1836.5,1836.25,2014-02-21,1833.25,1833.5,{},5,5,ES,60,fixed_hold,0,-3.0,-3.25,-3.33,0.010609908293178878,0.25,2014-02-14,0.030192388709451734,ENTERED,0.7647671794522091,0.0,2014
LONG,2014-02-24,1835.0,1834.75,2014-02-28,1860.5,1860.75,{},5,5,ES,60,fixed_hold,0,-1.75,25.5,25.42,0.00892384739390221,27.75,2014-02-21,0.016211722322294397,ENTERED,0.9108181717567051,0.0,2014
LONG,2014-03-03,1842.5,1842.25,2014-03-07,1876.5,1876.75,{},5,5,ES,60,fixed_hold,0,-1.0,34.0,33.92,0.0076197927141418145,35.5,2014-02-28,0.03822011438136408,ENTERED,1.0666959946646357,0.0,2014
LONG,2014-03-10,1874.5,1874.25,2014-03-14,1839.25,1839.5,{},5,5,ES,60,fixed_hold,0,-0.25,-35.25,-35.33,0.004440233497747668,-34.5,2014-03-07,0.06404515933216359,ENTERED,1.8266015883326132,0.0,2014
LONG,2014-03-17,1830.75,1830.5,2014-03-21,1857.0,1857.25,{},5,5,ES,60,fixed_hold,0,-0.25,26.25,26.17,0.005526024270339533,27.0,2014-03-14,0.02991817312231637,ENTERED,1.4636461351868724,0.0,2014
LONG,2014-03-24,1858.0,1857.75,2014-03-28,1849.75,1850.0,{},5,5,ES,60,fixed_hold,0,0.0,-8.25,-8.33,0.006007910022484203,-7.75,2014-03-21,0.02214991473741912,ENTERED,1.3453922840225754,0.0,2014
LONG,2014-03-31,1857.75,1857.5,2014-04-04,1861.25,1861.5,{},5,5,ES,60,fixed_hold,0,0.25,3.5,3.42,0.00638159388192647,3.75,2014-03-28,0.02486100426598381,ENTERED,1.262219885904193,0.0,2014
LONG,2014-04-07,1858.5,1858.25,2014-04-11,1811.25,1811.5,{},5,5,ES,60,fixed_hold,0,1.5,-47.25,-47.33,0.00650588476284013,-48.25,2014-04-04,0.02267789492051775,ENTERED,1.2369925892063056,0.0,2014
SHORT,2014-04-14,1807.0,1807.25,2014-04-21,1865.25,1865.0,{},5,5,ES,60,fixed_hold,0,-4.25,-58.25,-58.33,0.008339379324695478,-53.5,2014-04-11,-0.0022133843734362113,ENTERED,0.9650276027175843,0.0,2014
LONG,2014-04-22,1865.0,1864.75,2014-04-28,1867.0,1867.25,{},5,5,ES,60,fixed_hold,0,0.5,2.0,1.92,0.008385162378703785,2.0,2014-04-21,0.05812580089863917,ENTERED,0.9605443074840871,0.5,2014
LONG,2014-04-29,1867.25,1867.0,2014-05-05,1877.0,1877.25,{},5,5,ES,60,fixed_hold,0,2.5,9.75,9.67,0.008220027578606558,7.75,2014-04-28,0.061339927801395744,ENTERED,0.9813346472044703,2.5,2014
LONG,2014-05-06,1877.5,1877.25,2014-05-12,1893.75,1894.0,{},5,5,ES,60,fixed_hold,0,0.25,16.25,16.17,0.007478905457573318,16.5,2014-05-05,0.057207400270037345,ENTERED,1.077025875942243,1.5,2014
LONG,2014-05-13,1894.25,1894.0,2014-05-19,1880.25,1880.5,{},5,5,ES,60,fixed_hold,0,0.5,-14.0,-14.08,0.004815604896996688,-14.0,2014-05-12,0.043085974386791515,ENTERED,1.6725314948729209,0.75,2014
LONG,2014-05-20,1880.5,1880.25,2014-05-26,1902.0,1902.25,{},5,5,ES,60,fixed_hold,0,1.25,21.5,21.42,0.005014717294301039,20.75,2014-05-19,0.03593352010128892,ENTERED,1.6014628173381016,1.25,2014
LONG,2014-05-27,1902.75,1902.5,2014-06-02,1920.5,1920.75,{},5,5,ES,60,fixed_hold,0,1.0,17.75,17.67,0.005288586224327045,17.25,2014-05-26,0.03256886958881755,ENTERED,1.5110937298382041,1.5,2014
LONG,2014-06-03,1921.0,1920.75,2014-06-09,1949.0,1949.25,{},5,5,ES,60,fixed_hold,0,-1.75,28.0,27.92,0.005189681435286261,30.25,2014-06-02,0.02344478486745727,ENTERED,1.5367436113898771,-1.25,2014
LONG,2014-06-10,1949.75,1949.5,2014-06-18,1948.5,1948.75,{},5,5,ES,60,fixed_hold,1,0.0,20.0,19.92,0.004404988380562811,20.5,2014-06-09,0.059662951889100535,ENTERED,1.8098498072219056,0.0,2014
LONG,2014-06-19,1949.0,1948.75,2014-06-25,1949.25,1949.5,{},5,5,ES,60,fixed_hold,0,0.25,0.25,0.16999999999999998,0.0036648176165500796,0.5,2014-06-18,0.060861245864560765,ENTERED,2.169791220410044,0.25,2014
LONG,2014-06-26,1949.75,1949.5,2014-07-02,1966.75,1967.0,{},5,5,ES,60,fixed_hold,0,1.0,17.0,16.92,0.0030859833297075894,16.5,2014-06-25,0.06542856038565992,ENTERED,2.573501616431297,1.25,2014
LONG,2014-07-03,1967.5,1967.25,2014-07-09,1966.75,1967.0,{},5,5,ES,60,fixed_hold,0,1.0,-0.75,-0.83,0.0031636628372935178,-1.25,2014-07-02,0.06835144746106803,ENTERED,2.5058895132927446,1.25,2014
LONG,2014-07-10,1967.25,1967.0,2014-07-16,1971.5,1971.75,{},5,5,ES,60,fixed_hold,0,1.5,4.25,4.17,0.0033936635835001474,3.25,2014-07-09,0.0978394807887264,ENTERED,2.3335340127418123,1.25,2014
LONG,2014-07-17,1972.0,1971.75,2014-07-23,1980.75,1981.0,{},5,5,ES,60,fixed_hold,0,0.75,8.75,8.67,0.003241402165712299,8.5,2014-07-16,0.06892155981145498,ENTERED,2.441382564118519,0.0,2014
LONG,2014-07-24,1981.5,1981.25,2014-07-30,1963.75,1964.0,{},5,5,ES,60,fixed_hold,0,-2.25,-17.75,-17.83,0.004901940972479594,-15.0,2014-07-23,0.07264208094097024,ENTERED,1.6120445258146485,-2.5,2014
LONG,2014-07-31,1964.0,1963.75,2014-08-06,1915.75,1916.0,{},5,5,ES,60,fixed_hold,0,3.75,-48.25,-48.33,0.004952653965317844,-51.5,2014-07-30,0.057772309560648605,ENTERED,1.58350053710768,3.75,2014
LONG,2014-08-07,1916.5,1916.25,2014-08-13,1944.0,1944.25,{},5,5,ES,60,fixed_hold,0,4.0,27.5,27.42,0.006674240068435236,24.0,2014-08-06,0.022794428144601087,ENTERED,1.1744009700835654,4.25,2014
LONG,2014-08-14,1944.75,1944.5,2014-08-20,1984.25,1984.5,{},5,5,ES,60,fixed_hold,0,5.0,39.5,39.42,0.007259802632522382,35.0,2014-08-13,0.04532561653436673,ENTERED,1.0785573756814717,5.25,2014
LONG,2014-08-21,1984.75,1984.5,2014-08-27,1996.5,1996.75,{},5,5,ES,60,fixed_hold,0,2.0,11.75,11.67,0.0065387404333621035,10.25,2014-08-20,0.05476651448762615,ENTERED,1.1959740469066313,2.25,2014
LONG,2014-08-28,1997.0,1996.75,2014-09-03,1998.25,1998.5,{},5,5,ES,60,fixed_hold,0,1.0,1.25,1.17,0.006443918929258118,0.75,2014-08-27,0.05105556168101244,ENTERED,1.2083873202536113,1.25,2014
LONG,2014-09-04,1998.5,1998.25,2014-09-10,1994.0,1994.25,{},5,5,ES,60,fixed_hold,0,-1.5,-4.5,-4.58,0.003496609725287497,-2.5,2014-09-03,0.03659577189808205,ENTERED,2.2248471514950157,-1.5,2014
LONG,2014-09-11,1994.5,1994.25,2014-09-17,1993.75,1994.0,{},5,5,ES,60,fixed_hold,0,-13.75,-0.75,-0.83,0.0031539626942275324,13.5,2014-09-10,0.023348300192430615,ENTERED,2.4554159196909633,-14.5,2014
LONG,2014-09-18,1994.25,1994.0,2014-09-29,1969.25,1969.5,{},5,5,ES,60,fixed_hold,1,0.25,-5.0,-5.08,0.0034703401158074085,-4.75,2014-09-17,0.0228263657348029,ENTERED,2.228263102165393,0.25,2014
LONG,2014-09-30,1969.5,1969.25,2014-10-06,1954.25,1954.5,{},5,5,ES,60,fixed_hold,0,3.5,-15.25,-15.33,0.004373045449513588,-18.25,2014-09-29,0.011469809534941922,ENTERED,1.7668098391145932,3.5,2014
LONG,2014-10-07,1954.75,1954.5,2014-10-13,1871.25,1871.5,{},5,5,ES,60,fixed_hold,0,-8.5,-83.5,-83.58,0.005585849232323919,-74.5,2014-10-06,0.003766307558285664,ENTERED,1.380860150078519,-8.5,2014
SHORT,2014-10-14,1871.0,1871.25,2014-10-20,1904.0,1903.75,{},5,5,ES,60,fixed_hold,0,-14.0,-33.0,-33.08,0.0091077860082783,-18.5,2014-10-13,-0.041175150051260934,ENTERED,0.8468882121573775,-9.75,2014
SHORT,2014-10-21,1898.0,1898.25,2014-10-27,1958.0,1957.75,{},5,5,ES,60,fixed_hold,0,-2.0,-60.0,-60.08,0.010650748615559869,-57.5,2014-10-20,-0.029206767834021763,ENTERED,0.7257196560118045,-2.0,2014
LONG,2014-10-28,1958.25,1958.0,2014-11-03,2011.0,2011.25,{},5,5,ES,60,fixed_hold,0,1.5,52.75,52.67,0.011564238724126099,51.75,2014-10-27,0.00697119710687466,ENTERED,0.6686848150138296,2.0,2014
LONG,2014-11-04,2009.5,2009.25,2014-11-10,2034.0,2034.25,{},5,5,ES,60,fixed_hold,0,-1.5,24.5,24.42,0.011561744578853237,26.5,2014-11-03,0.0604052068730323,ENTERED,0.6709385902285562,1.0,2014
LONG,2014-11-11,2032.5,2032.25,2014-11-17,2038.75,2039.0,{},5,5,ES,60,fixed_hold,0,-5.25,6.25,6.17,0.007695217808553701,12.0,2014-11-10,0.056947744321523386,ENTERED,1.010488113112994,-4.0,2014
LONG,2014-11-18,2039.0,2038.75,2014-11-24,2067.25,2067.5,{},5,5,ES,60,fixed_hold,0,0.5,28.25,28.17,0.005742665001336368,28.25,2014-11-17,0.03792846303183728,ENTERED,1.3485533646339325,0.25,2014
LONG,2014-11-25,2068.75,2068.5,2014-12-01,2050.5,2050.75,{},5,5,ES,60,fixed_hold,0,-8.25,-18.25,-18.33,0.0038675288076179897,-9.5,2014-11-24,0.045979382909247635,ENTERED,1.9990531349947867,-8.25,2014
LONG,2014-12-02,2051.5,2051.25,2014-12-08,2060.25,2060.5,{},5,5,ES,60,fixed_hold,0,0.0,8.75,8.67,0.003273863847071788,9.25,2014-12-01,0.03659680716738212,ENTERED,2.360006429102574,-0.5,2014
LONG,2014-12-09,2061.75,2061.5,2014-12-15,1986.0,1986.25,{},5,5,ES,60,fixed_hold,0,-8.5,-75.75,-75.83,0.0036806423909816178,-66.75,2014-12-08,0.04374478203648868,ENTERED,2.0956332590642353,-9.0,2014
LONG,2014-12-16,1986.5,1986.25,2014-12-22,2072.25,2072.5,{},5,5,ES,60,fixed_hold,0,1.5,85.75,85.67,0.006198480319274792,84.75,2014-12-15,0.006259643458004227,ENTERED,1.243100290952222,3.5,2014
LONG,2014-12-23,2073.5,2073.25,2014-12-29,2087.0,2087.25,{},5,5,ES,60,fixed_hold,0,0.0,13.5,13.42,0.01005455302262375,14.0,2014-12-22,0.05229753744605281,ENTERED,0.7666900129816221,-0.5,2014
LONG,2014-12-30,2087.75,2087.5,2015-01-06,1996.5,1996.75,{},5,5,ES,60,fixed_hold,1,-3.75,-70.25,-70.33,0.009872058612309699,-66.0,2014-12-29,0.06792018419032986,ENTERED,0.782395648837258,-6.0,2014
LONG,2015-01-07,1997.25,1997.0,2015-01-13,2016.25,2016.5,{},5,5,ES,60,fixed_hold,0,0.75,19.0,18.92,0.010483538604542354,18.75,2015-01-06,0.0778278089904072,ENTERED,0.7372947163282498,-0.25,2015
LONG,2015-01-14,2017.0,2016.75,2015-01-20,2016.75,2017.0,{},5,5,ES,60,fixed_hold,0,-4.0,-0.25,-0.33,0.010568354450152537,4.25,2015-01-13,0.07004941265558262,ENTERED,0.7324477597897117,-3.5,2015
LONG,2015-01-21,2017.25,2017.0,2015-01-27,2034.75,2035.0,{},5,5,ES,60,fixed_hold,1,-1.25,34.25,34.17,0.008846061535495673,36.0,2015-01-20,0.04079258272614772,ENTERED,0.8769123498849571,0.0,2015
LONG,2015-01-28,2035.5,2035.25,2015-02-03,2040.75,2041.0,{},5,5,ES,60,fixed_hold,0,-3.25,5.25,5.17,0.010341543991414764,9.0,2015-01-27,0.030596774578931063,ENTERED,0.7524665782140056,-2.5,2015
LONG,2015-02-04,2039.25,2039.0,2015-02-10,2062.25,2062.5,{},5,5,ES,60,fixed_hold,0,-12.25,23.0,22.92,0.011704369923652517,35.75,2015-02-03,0.021948716442589333,ENTERED,0.6664031738745956,-11.5,2015
LONG,2015-02-11,2063.0,2062.75,2015-02-17,2096.25,2096.5,{},5,5,ES,60,fixed_hold,0,-12.25,33.25,33.17,0.01139912257474225,46.0,2015-02-10,0.030308194367871133,ENTERED,0.6867227995293067,-5.25,2015
LONG,2015-02-18,2097.0,2096.75,2015-02-24,2113.5,2113.75,{},5,5,ES,60,fixed_hold,0,0.5,16.5,16.42,0.010231655943056367,16.5,2015-02-17,0.03285598634795117,ENTERED,0.7653585350931178,0.0,2015
LONG,2015-02-25,2113.75,2113.5,2015-03-03,2103.25,2103.5,{},5,5,ES,60,fixed_hold,0,2.75,-10.5,-10.58,0.008970574741078974,-12.75,2015-02-24,0.04985983944159589,ENTERED,0.8740192487947805,2.5,2015
LONG,2015-03-04,2104.0,2103.75,2015-03-10,2046.25,2046.5,{},5,5,ES,60,fixed_hold,0,-3.5,-57.75,-57.83,0.005714700378888878,-53.75,2015-03-03,0.03982515615195226,ENTERED,1.3703054727213868,-2.5,2015
LONG,2015-03-11,2046.75,2046.5,2015-03-17,2066.75,2067.0,{},5,5,ES,60,fixed_hold,0,-11.25,20.0,19.92,0.005929611879144027,31.75,2015-03-10,0.04946572964741569,ENTERED,1.3201601599318735,-11.75,2015
LONG,2015-03-18,2067.0,2066.75,2015-03-24,2085.5,2085.75,{},5,5,ES,60,fixed_hold,0,3.0,18.5,18.42,0.006564431465275128,16.0,2015-03-17,0.015865847276084866,ENTERED,1.188195703860165,2.75,2015
LONG,2015-03-25,2085.75,2085.5,2015-03-31,2057.5,2057.75,{},5,5,ES,60,fixed_hold,0,-0.75,-28.25,-28.33,0.007666898958100636,-27.0,2015-03-24,0.01783693176572765,ENTERED,1.0149691893940485,-0.75,2015
LONG,2015-04-01,2059.25,2059.0,2015-04-07,2067.75,2068.0,{},5,5,ES,60,fixed_hold,0,1.5,8.5,8.42,0.008814958641784481,7.5,2015-03-31,0.03906763306558636,ENTERED,0.88484014302141,4.0,2015
LONG,2015-04-08,2068.25,2068.0,2015-04-14,2089.5,2089.75,{},5,5,ES,60,fixed_hold,0,0.0,21.25,21.17,0.00858359338136033,21.75,2015-04-07,0.03401587776736292,ENTERED,0.911976723373647,0.25,2015
LONG,2015-04-15,2090.25,2090.0,2015-04-21,2093.0,2093.25,{},5,5,ES,60,fixed_hold,0,4.75,2.75,2.67,0.00788480191375436,-1.5,2015-04-14,0.04463202367832997,ENTERED,0.9931619449429802,5.25,2015
LONG,2015-04-22,2093.25,2093.0,2015-04-28,2110.0,2110.25,{},5,5,ES,60,fixed_hold,0,0.25,16.75,16.67,0.007491617326767773,17.0,2015-04-21,0.028624078624078342,ENTERED,1.0449061965211308,0.5,2015
LONG,2015-04-29,2110.5,2110.25,2015-05-05,2086.5,2086.75,{},5,5,ES,60,fixed_hold,0,-2.5,-24.0,-24.08,0.005852257139293233,-21.0,2015-04-28,0.03392944634982786,ENTERED,1.3327899098887455,-2.25,2015
LONG,2015-05-06,2087.25,2087.0,2015-05-12,2098.0,2098.25,{},5,5,ES,60,fixed_hold,0,1.5,10.75,10.67,0.005939298786935854,9.75,2015-05-05,0.0117575757575763,ENTERED,1.310199486475763,2.0,2015
LONG,2015-05-13,2098.5,2098.25,2015-05-19,2124.0,2124.25,{},5,5,ES,60,fixed_hold,0,-2.25,25.5,25.42,0.0065518701652508525,28.25,2015-05-12,0.0008347245409014992,ENTERED,1.1839704409071483,-2.25,2015
LONG,2015-05-20,2124.5,2124.25,2015-05-26,2103.5,2103.75,{},5,5,ES,60,fixed_hold,0,0.0,-21.0,-21.08,0.006027729397926245,-20.5,2015-05-19,0.0049674748669423785,ENTERED,1.2841929407682033,0.5,2015
LONG,2015-05-27,2104.0,2103.75,2015-06-02,2107.75,2108.0,{},5,5,ES,60,fixed_hold,0,1.5,3.75,3.67,0.006373777922656785,2.75,2015-05-26,0.00011884953648699792,ENTERED,1.2126964126058597,1.25,2015
LONG,2015-06-03,2108.25,2108.0,2015-06-09,2081.5,2081.75,{},5,5,ES,60,fixed_hold,0,0.25,-26.75,-26.83,0.005472132821073126,-26.5,2015-06-02,0.03005130710969972,ENTERED,1.411489076725806,0.25,2015
LONG,2015-06-10,2082.0,2081.75,2015-06-16,2089.5,2089.75,{},5,5,ES,60,fixed_hold,0,-16.25,7.5,7.42,0.00494297175327715,24.25,2015-06-09,0.007135945815191391,ENTERED,1.5595325589973255,-16.25,2015
LONG,2015-06-17,2090.0,2089.75,2015-06-23,2117.25,2117.5,{},5,5,ES,60,fixed_hold,0,9.25,27.25,27.17,0.005871604240365441,18.5,2015-06-16,0.001917775380558595,ENTERED,1.3114161982194934,9.75,2015
LONG,2015-06-24,2117.75,2117.5,2015-06-30,2054.75,2055.0,{},5,5,ES,60,fixed_hold,1,0.25,-28.75,-28.83,0.006585600480442024,-28.5,2015-06-23,0.02903656906815688,ENTERED,1.1671221322331253,0.0,2015
LONG,2015-07-01,2071.75,2071.5,2015-07-07,2069.25,2069.5,{},5,5,ES,60,fixed_hold,1,0.25,22.75,22.67,0.006388353275666729,23.0,2015-06-30,0.010225410629266074,ENTERED,1.1993926906435404,0.0,2015
LONG,2015-07-08,2070.0,2069.75,2015-07-14,2099.5,2099.75,{},5,5,ES,60,fixed_hold,0,-11.25,29.5,29.42,0.006604297435963486,41.25,2015-07-07,0.011097168764093057,ENTERED,1.1588754347311492,-10.5,2015
LONG,2015-07-15,2100.0,2099.75,2015-07-21,2107.0,2107.25,{},5,5,ES,60,fixed_hold,0,-1.5,7.0,6.92,0.006704606459701626,9.0,2015-07-14,0.024161126430388258,ENTERED,1.1397308790542167,-1.25,2015
LONG,2015-07-22,2107.5,2107.25,2015-07-28,2088.0,2088.25,{},5,5,ES,60,fixed_hold,0,-1.25,-19.5,-19.58,0.005994368580196121,-17.75,2015-07-21,0.01953925286052227,ENTERED,1.2734193792510105,-1.75,2015
LONG,2015-07-29,2088.75,2088.5,2015-08-04,2083.25,2083.5,{},5,5,ES,60,fixed_hold,0,0.5,-5.5,-5.58,0.006813187811805005,-5.5,2015-07-28,0.021724636178761747,ENTERED,1.1191827894135102,0.75,2015
LONG,2015-08-05,2084.0,2083.75,2015-08-11,2083.25,2083.5,{},5,5,ES,60,fixed_hold,0,1.25,-0.75,-0.83,0.006433418268655267,-1.5,2015-08-04,0.013813501058172806,ENTERED,1.1819469284901514,1.5,2015
LONG,2015-08-12,2083.5,2083.25,2015-08-18,2093.25,2093.5,{},5,5,ES,60,fixed_hold,0,0.25,9.75,9.67,0.0063000749845957184,10.0,2015-08-11,0.0014048151560848154,ENTERED,1.2057466630627014,0.0,2015
LONG,2015-08-19,2093.5,2093.25,2015-08-25,1850.5,1850.75,{},5,5,ES,60,fixed_hold,0,-8.75,-243.0,-243.08,0.006202534935791285,-233.75,2015-08-18,0.016016202428990267,ENTERED,1.2216047841370754,-9.5,2015
SHORT,2015-08-26,1850.5,1850.75,2015-09-01,1919.25,1919.0,{},5,5,ES,60,fixed_hold,1,0.0,-87.25,-87.33,0.013009268717415855,-86.75,2015-08-25,-0.10360598339185478,ENTERED,0.5833096603224053,0.0,2015
SHORT,2015-09-02,1919.0,1919.25,2015-09-08,1968.0,1967.75,{},5,5,ES,60,fixed_hold,0,-7.5,-49.0,-49.08,0.01921042350254623,-41.0,2015-09-01,-0.04998122548198136,ENTERED,0.39561311258351434,-7.75,2015
SHORT,2015-09-09,1967.25,1967.5,2015-09-15,1970.0,1969.75,{},5,5,ES,60,fixed_hold,0,-3.75,-2.75,-2.83,0.020163784640533578,1.5,2015-09-08,-0.029576346239342355,ENTERED,0.3778949661475941,-2.0,2015
SHORT,2015-09-16,1969.25,1969.5,2015-09-22,1927.5,1927.25,{},5,5,ES,60,fixed_hold,0,1.75,41.75,41.67,0.020823733884681502,40.5,2015-09-15,-0.041320420404364566,ENTERED,0.3664881320695007,2.0,2015
SHORT,2015-09-23,1927.0,1927.25,2015-09-29,1876.0,1875.75,{},5,5,ES,60,fixed_hold,0,4.75,51.0,50.92,0.016825863374421865,46.75,2015-09-22,-0.04927477216500775,ENTERED,0.4541057815238925,4.75,2015
SHORT,2015-09-30,1875.5,1875.75,2015-10-06,1964.75,1964.5,{},5,5,ES,60,fixed_hold,0,1.0,-89.25,-89.33,0.011509153915616493,-89.75,2015-09-29,-0.08510024028741547,ENTERED,0.6648250967495983,1.0,2015
SHORT,2015-10-07,1964.5,1964.75,2015-10-13,1993.0,1992.75,{},5,5,ES,60,fixed_hold,0,4.25,-28.5,-28.58,0.011136543146280367,-32.25,2015-10-06,-0.05561640919282895,ENTERED,0.6879973033871,4.0,2015
SHORT,2015-10-14,1992.5,1992.75,2015-10-20,2019.0,2018.75,{},5,5,ES,60,fixed_hold,0,3.25,-26.5,-26.58,0.010397691947629238,-29.25,2015-10-13,-0.045445466831022574,ENTERED,0.7373654650202206,3.0,2015
SHORT,2015-10-21,2018.5,2018.75,2015-10-27,2061.0,2060.75,{},5,5,ES,60,fixed_hold,0,1.0,-42.5,-42.58,0.009264159207616064,-43.0,2015-10-20,-0.024192753912860687,ENTERED,0.8306439511777242,1.25,2015
SHORT,2015-10-28,2060.25,2060.5,2015-11-03,2102.75,2102.5,{},5,5,ES,60,fixed_hold,0,4.25,-42.5,-42.58,0.008860343647308559,-46.25,2015-10-27,-0.0016201829250687139,ENTERED,0.8696426453721924,5.5,2015
LONG,2015-11-04,2102.0,2101.75,2015-11-10,2075.25,2075.5,{},5,5,ES,60,fixed_hold,0,-2.5,-26.75,-26.83,0.00802964026190619,-23.75,2015-11-03,0.018606607012030763,ENTERED,0.9606289625788847,-0.5,2015
LONG,2015-11-11,2076.0,2075.75,2015-11-17,2049.5,2049.75,{},5,5,ES,60,fixed_hold,0,-6.75,-26.5,-26.58,0.007950297560121557,-19.25,2015-11-10,0.0007227239014149234,ENTERED,0.9718302577567641,-8.0,2015
LONG,2015-11-18,2048.0,2047.75,2015-11-24,2085.75,2086.0,{},5,5,ES,60,fixed_hold,0,0.0,37.75,37.67,0.009308875687496712,38.25,2015-11-17,0.1179364750866807,ENTERED,0.8306943922781606,2.25,2015
LONG,2015-11-25,2086.25,2086.0,2015-12-01,2097.75,2098.0,{},5,5,ES,60,fixed_hold,0,-3.25,11.5,11.42,0.008272026228761097,15.25,2015-11-24,0.08702449192287642,ENTERED,0.9362023276221586,-3.75,2015
LONG,2015-12-02,2098.25,2098.0,2015-12-08,2062.75,2063.0,{},5,5,ES,60,fixed_hold,0,0.0,-35.5,-35.58,0.007683998482140173,-35.0,2015-12-01,0.06619235167068971,ENTERED,1.0095291697868574,0.0,2015
LONG,2015-12-09,2063.25,2063.0,2015-12-15,2036.5,2036.75,{},5,5,ES,60,fixed_hold,0,-3.0,-26.75,-26.83,0.009267998606273097,-23.25,2015-12-08,0.04734103312603111,ENTERED,0.8393853427999128,-3.25,2015
LONG,2015-12-16,2037.0,2036.75,2015-12-22,2033.75,2034.0,{},5,5,ES,60,fixed_hold,0,3.25,-3.25,-3.33,0.009103936112120823,-6.0,2015-12-15,0.056816707744195005,ENTERED,0.8567535151020927,3.5,2015
LONG,2015-12-23,2034.25,2034.0,2015-12-30,2056.5,2056.75,{},5,5,ES,60,fixed_hold,0,1.75,22.25,22.17,0.01078968871441646,21.0,2015-12-22,0.0843662534986005,ENTERED,0.7247812300007613,0.0,2015
LONG,2015-12-31,2057.0,2056.75,2016-01-07,1935.75,1936.0,{},5,5,ES,60,fixed_hold,0,4.75,-121.25,-121.33,0.011331367531299054,-125.5,2015-12-30,0.046958513616696784,ENTERED,0.6910803292298351,0.0,2015
SHORT,2016-01-08,1935.75,1936.0,2016-01-14,1918.0,1917.75,{},5,5,ES,60,fixed_hold,1,-0.25,1.75,1.67,0.011915994924715515,2.5,2016-01-07,-0.028478233596787916,ENTERED,0.65779098266342,0.0,2016
SHORT,2016-01-15,1917.75,1918.0,2016-01-21,1864.5,1864.25,{},5,5,ES,60,fixed_hold,0,8.0,53.25,53.17,0.013181167219018937,45.75,2016-01-14,-0.04201962511325863,ENTERED,0.5951675580168545,7.5,2016
SHORT,2016-01-22,1864.25,1864.5,2016-01-28,1881.5,1881.25,{},5,5,ES,60,fixed_hold,0,-1.0,-17.25,-17.33,0.011992524164520926,-15.75,2016-01-21,-0.08772451657692926,ENTERED,0.6543411984532779,-0.75,2016
SHORT,2016-01-29,1881.0,1881.25,2016-02-04,1904.0,1903.75,{},5,5,ES,60,fixed_hold,0,2.5,-23.0,-23.08,0.013141909331147008,-25.0,2016-01-28,-0.09768605571396971,ENTERED,0.5987134963239612,2.75,2016
SHORT,2016-02-05,1903.25,1903.5,2016-02-11,1830.0,1829.75,{},5,5,ES,60,fixed_hold,0,-2.0,73.25,73.17,0.013679932092809656,75.75,2016-02-04,-0.07501574744335571,ENTERED,0.5763772700230516,-2.0,2016
SHORT,2016-02-12,1829.75,1830.0,2016-02-18,1917.0,1916.75,{},5,5,ES,60,fixed_hold,0,-9.5,-87.25,-87.33,0.012253925102927516,-77.25,2016-02-11,-0.09980204657144043,ENTERED,0.6451738048564298,-9.5,2016
SHORT,2016-02-19,1916.75,1917.0,2016-02-25,1951.0,1950.75,{},5,5,ES,60,fixed_hold,0,3.5,-34.25,-34.33,0.013088705419380226,-37.25,2016-02-18,-0.07338712917356338,ENTERED,0.6048130081361,4.25,2016
SHORT,2016-02-26,1950.25,1950.5,2016-03-03,1990.25,1990.0,{},5,5,ES,60,fixed_hold,0,1.25,-40.0,-40.08,0.012108886481237884,-40.75,2016-02-25,-0.06234452843731231,ENTERED,0.6543792195940616,1.5,2016
SHORT,2016-03-04,1989.75,1990.0,2016-03-10,1989.25,1989.0,{},5,5,ES,60,fixed_hold,0,2.5,0.5,0.42,0.01107498201502092,-1.5,2016-03-03,-0.02725051636399678,ENTERED,0.7158286592985335,2.5,2016
SHORT,2016-03-11,1988.75,1989.0,2016-03-17,2033.75,2033.5,{},5,5,ES,60,fixed_hold,0,11.5,-45.0,-45.08,0.009233133827876683,-56.0,2016-03-10,-0.015208665038708657,ENTERED,0.8590081856289636,11.5,2016
LONG,2016-03-18,2033.5,2033.25,2016-03-24,2030.0,2030.25,{},5,5,ES,60,fixed_hold,0,-2.0,-3.5,-3.58,0.00822998356610621,-1.0,2016-03-17,0.008185364549140761,ENTERED,0.9659301288865455,-2.25,2016
SHORT,2016-03-28,2032.75,2033.0,2016-04-01,2065.0,2064.75,{},5,5,ES,60,fixed_hold,0,-0.25,-32.25,-32.33,0.007463723730781329,-31.5,2016-03-24,-0.004559803864206402,ENTERED,1.0650969105351562,0.0,2016
LONG,2016-04-04,2061.75,2061.5,2016-04-08,2041.5,2041.75,{},5,5,ES,60,fixed_hold,0,0.75,-20.25,-20.33,0.005777662766023521,-20.5,2016-04-01,0.0754971956746886,ENTERED,1.3726685660530926,0.0,2016
LONG,2016-04-11,2042.0,2041.75,2016-04-15,2074.5,2074.75,{},5,5,ES,60,fixed_hold,0,-0.25,32.5,32.42,0.006857575551596523,33.25,2016-04-08,0.06465910572285338,ENTERED,1.1560630237201126,0.0,2016
LONG,2016-04-18,2063.25,2063.0,2016-04-22,2085.75,2086.0,{},5,5,ES,60,fixed_hold,0,-0.25,22.5,22.42,0.0064724895531695975,23.25,2016-04-15,0.11291404049886178,ENTERED,1.2235213876896545,0.0,2016
LONG,2016-04-25,2088.0,2087.75,2016-04-29,2060.0,2060.25,{},5,5,ES,60,fixed_hold,0,0.0,-28.0,-28.08,0.006670413814533836,-27.5,2016-04-22,0.10883720930232599,ENTERED,1.1867658465287967,0.0,2016
LONG,2016-05-02,2057.75,2057.5,2016-05-06,2054.0,2054.25,{},5,5,ES,60,fixed_hold,0,0.25,-3.75,-3.83,0.006712558831402114,-3.5,2016-04-29,0.08220617202889158,ENTERED,1.1772183021450955,0.0,2016
LONG,2016-05-09,2057.75,2057.5,2016-05-13,2042.25,2042.5,{},5,5,ES,60,fixed_hold,0,0.25,-15.5,-15.58,0.00594549850981989,-15.25,2016-05-06,0.12269435715261667,ENTERED,1.3261801177363712,0.0,2016
LONG,2016-05-16,2040.5,2040.25,2016-05-20,2049.75,2050.0,{},5,5,ES,60,fixed_hold,0,-0.25,9.25,9.17,0.006117567882814351,10.0,2016-05-13,0.06560584322420793,ENTERED,1.2844024393318378,0.0,2016
LONG,2016-05-23,2050.75,2050.5,2016-05-27,2098.25,2098.5,{},5,5,ES,60,fixed_hold,0,-0.5,47.5,47.42,0.00641157899112496,48.5,2016-05-20,0.050877867486863515,ENTERED,1.223911090412327,0.0,2016
LONG,2016-05-30,2101.5,2101.25,2016-06-03,2097.0,2097.25,{},5,5,ES,60,fixed_hold,0,-0.25,-4.5,-4.58,0.006995097337958707,-3.75,2016-05-27,0.054522613065326686,ENTERED,1.1211466882143313,0.0,2016
LONG,2016-06-06,2095.25,2095.0,2016-06-10,2095.5,2095.75,{},5,5,ES,60,fixed_hold,0,-0.5,0.25,0.16999999999999998,0.006514608823836529,1.25,2016-06-03,0.05442433383609924,ENTERED,1.2031779993084706,0.0,2016
LONG,2016-06-13,2082.5,2082.25,2016-06-17,2059.5,2059.75,{},5,5,ES,60,fixed_hold,0,-0.5,-23.0,-23.08,0.0056097258138631525,-22.0,2016-06-10,0.030612244897959773,ENTERED,1.3958104076938034,0.0,2016
LONG,2016-06-20,2076.5,2076.25,2016-06-24,2018.0,2018.25,{},5,5,ES,60,fixed_hold,0,0.25,-58.5,-58.58,0.006050587287076867,-58.25,2016-06-17,0.014530230267208788,ENTERED,1.2924636050557892,0.0,2016
SHORT,2016-06-27,2007.0,2007.25,2016-07-01,2096.5,2096.25,{},5,5,ES,60,fixed_hold,0,-0.25,-89.5,-89.58,0.009626803143064072,-88.75,2016-06-24,-0.030288932242490185,ENTERED,0.8102200854646148,0.0,2016
LONG,2016-07-04,2094.5,2094.25,2016-07-08,2120.5,2120.75,{},5,5,ES,60,fixed_hold,0,0.0,26.0,25.92,0.01230919854311254,26.5,2016-07-01,0.018533640064968937,ENTERED,0.6359502074231144,0.0,2016
LONG,2016-07-11,2122.0,2121.75,2016-07-15,2145.75,2146.0,{},5,5,ES,60,fixed_hold,0,-0.25,23.75,23.67,0.012694056170312882,24.5,2016-07-08,0.014048129951026445,ENTERED,0.6168938516648613,0.0,2016
LONG,2016-07-18,2156.25,2156.0,2016-07-22,2167.25,2167.5,{},5,5,ES,60,fixed_hold,0,0.5,11.0,10.92,0.012243559338026098,11.0,2016-07-15,0.020587581670296062,ENTERED,0.6403738308438103,0.0,2016
LONG,2016-07-25,2167.75,2167.5,2016-07-29,2170.75,2171.0,{},5,5,ES,60,fixed_hold,0,-0.25,3.0,2.92,0.008207015820260701,3.75,2016-07-22,0.04369607301884959,ENTERED,0.9558898480722208,0.0,2016
LONG,2016-08-01,2171.5,2171.25,2016-08-05,2177.25,2177.5,{},5,5,ES,60,fixed_hold,0,0.0,5.75,5.67,0.004877447632847987,6.25,2016-07-29,0.048434718202531535,ENTERED,1.607491373900649,0.0,2016
LONG,2016-08-08,2177.5,2177.25,2016-08-12,2181.0,2181.25,{},5,5,ES,60,fixed_hold,0,0.5,3.5,3.42,0.004001696717701411,3.5,2016-08-05,0.057623189345609394,ENTERED,1.9568912280420145,0.0,2016
LONG,2016-08-15,2182.25,2182.0,2016-08-19,2182.25,2182.5,{},5,5,ES,60,fixed_hold,0,0.0,0.0,-0.08,0.003650357658986124,0.5,2016-08-12,0.05556856727507564,ENTERED,2.144457638947886,0.0,2016
LONG,2016-08-22,2181.75,2181.5,2016-08-26,2167.0,2167.25,{},5,5,ES,60,fixed_hold,0,-0.5,-14.75,-14.83,0.0031230280388644836,-13.75,2016-08-19,0.031763463969060934,ENTERED,2.4975213697281986,0.0,2016
LONG,2016-08-29,2168.0,2167.75,2016-09-02,2179.0,2179.25,{},5,5,ES,60,fixed_hold,0,0.5,11.0,10.92,0.0033287524993951692,11.0,2016-08-26,0.02516477348530355,ENTERED,2.337712467984147,0.0,2016
LONG,2016-09-05,2181.0,2180.75,2016-09-09,2121.0,2121.25,{},5,5,ES,60,fixed_hold,0,0.0,-60.0,-60.08,0.0030405040115198405,-59.5,2016-09-02,0.031578889158364376,ENTERED,2.551294317957792,0.0,2016
LONG,2016-09-12,2113.25,2113.0,2016-09-16,2132.25,2132.5,{},5,5,ES,60,fixed_hold,0,0.0,19.0,18.92,0.006493784157059984,19.5,2016-09-09,0.021673690547862945,ENTERED,1.192027230110838,0.0,2016
LONG,2016-09-19,2138.5,2138.25,2016-09-23,2157.25,2157.5,{},5,5,ES,60,fixed_hold,0,-0.25,18.75,18.67,0.007909566359839781,19.5,2016-09-16,0.056608447912794624,ENTERED,0.9776554718955116,0.0,2016
LONG,2016-09-26,2158.75,2158.5,2016-09-30,2156.5,2156.75,{},5,5,ES,60,fixed_hold,0,0.25,-2.25,-2.33,0.00839847079240019,-2.0,2016-09-23,0.029218843172331255,ENTERED,0.9236467923824873,0.0,2016
LONG,2016-10-03,2162.0,2161.75,2016-10-07,2146.25,2146.5,{},5,5,ES,60,fixed_hold,0,-0.25,-15.75,-15.83,0.008914386337227746,-15.0,2016-09-30,0.01697512672403545,ENTERED,0.8726817408291678,0.0,2016
LONG,2016-10-10,2151.5,2151.25,2016-10-14,2126.0,2126.25,{},5,5,ES,60,fixed_hold,0,0.25,-25.5,-25.58,0.006793115004526798,-25.25,2016-10-07,0.00023299161230161403,ENTERED,1.1462708818662426,0.0,2016
SHORT,2016-10-17,2122.5,2122.75,2016-10-21,2136.25,2136.0,{},5,5,ES,60,fixed_hold,0,-0.5,-13.75,-13.83,0.005970667795566198,-12.75,2016-10-14,-0.019031141868512513,ENTERED,1.3023545086754482,0.0,2016
SHORT,2016-10-24,2137.25,2137.5,2016-10-28,2124.0,2123.75,{},5,5,ES,60,fixed_hold,0,-0.5,13.25,13.17,0.005254403112271197,14.25,2016-10-21,-0.016121602947950953,ENTERED,1.4738667825906953,0.0,2016
SHORT,2016-10-31,2120.0,2120.25,2016-11-04,2081.75,2081.5,{},5,5,ES,60,fixed_hold,0,-0.5,38.25,38.17,0.004076646718780047,39.25,2016-10-28,-0.024684270952928467,ENTERED,1.896508606432554,0.0,2016
SHORT,2016-11-07,2105.5,2105.75,2016-11-11,2160.75,2160.5,{},5,5,ES,60,fixed_hold,0,0.0,-55.25,-55.33,0.004287465393671432,-54.75,2016-11-04,-0.0457306590257881,ENTERED,1.8020762892921462,0.0,2016
SHORT,2016-11-14,2167.5,2167.75,2016-11-18,2180.5,2180.25,{},5,5,ES,60,fixed_hold,0,0.0,-13.0,-13.08,0.004786148792714733,-12.5,2016-11-11,-0.021480185914338312,ENTERED,1.6115831210687808,0.0,2016
SHORT,2016-11-21,2180.75,2181.0,2016-11-25,2211.75,2211.5,{},5,5,ES,60,fixed_hold,0,-0.25,-31.0,-31.08,0.005168187711577475,-30.25,2016-11-18,-0.00558677977825206,ENTERED,1.4909157945426545,0.0,2016
LONG,2016-11-28,2207.5,2207.25,2016-12-02,2190.75,2191.0,{},5,5,ES,60,fixed_hold,0,-0.25,-16.75,-16.83,0.005032701488701473,-16.0,2016-11-25,0.0031121596006913332,ENTERED,1.5287845041223913,0.0,2016
LONG,2016-12-05,2183.75,2183.5,2016-12-09,2260.75,2261.0,{},5,5,ES,60,fixed_hold,0,-0.25,77.0,76.92,0.004379829156339835,77.75,2016-12-02,0.020986801928748466,ENTERED,1.7544059843104904,0.0,2016
LONG,2016-12-12,2265.5,2265.25,2016-12-16,2255.5,2255.75,{},5,5,ES,60,fixed_hold,0,-6.0,-10.0,-10.08,0.004348508652153636,-3.5,2016-12-09,0.04804789097679385,ENTERED,1.7631099697372201,0.0,2016
LONG,2016-12-19,2258.75,2258.5,2016-12-23,2258.5,2258.75,{},5,5,ES,60,fixed_hold,0,-0.25,-0.25,-0.33,0.004618635590789918,0.5,2016-12-16,0.033498302185059226,ENTERED,1.6589123569249977,0.0,2016
LONG,2016-12-26,2259.0,2258.75,2016-12-30,2233.25,2233.5,{},5,5,ES,60,fixed_hold,0,0.25,-25.75,-25.83,0.004601326158750914,-25.5,2016-12-23,0.03523265965158151,ENTERED,1.6633374375429302,0.0,2016
LONG,2017-01-02,2241.0,2240.75,2017-01-06,2270.5,2270.75,{},5,5,ES,60,fixed_hold,0,0.5,29.5,29.42,0.004743550068763247,29.5,2016-12-30,0.028548250593011026,ENTERED,1.6109131142829098,0.0,2017
LONG,2017-01-09,2273.25,2273.0,2017-01-13,2270.5,2270.75,{},5,5,ES,60,fixed_hold,0,-0.25,-2.75,-2.83,0.0037768540310266527,-2.0,2017-01-06,0.05566130307381112,ENTERED,2.021085552602136,0.0,2017
LONG,2017-01-16,2268.75,2268.5,2017-01-20,2266.25,2266.5,{},5,5,ES,60,fixed_hold,0,0.0,-2.5,-2.58,0.0032316249149885574,-2.0,2017-01-13,0.05084262437298248,ENTERED,2.359556799010833,0.0,2017
LONG,2017-01-23,2260.0,2259.75,2017-01-27,2289.5,2289.75,{},5,5,ES,60,fixed_hold,0,0.25,29.5,29.42,0.0031746169392229775,29.75,2017-01-20,0.05492585710655118,ENTERED,2.3952366877342604,0.0,2017
LONG,2017-01-30,2282.75,2282.5,2017-02-03,2291.5,2291.75,{},5,5,ES,60,fixed_hold,0,-0.5,8.75,8.67,0.0031434076731870907,9.75,2017-01-27,0.08737979342277069,ENTERED,2.4165794511849716,0.0,2017
LONG,2017-02-06,2290.0,2289.75,2017-02-10,2313.0,2313.25,{},5,5,ES,60,fixed_hold,0,0.0,23.0,22.92,0.003573697998742597,23.5,2017-02-03,0.060749826429068454,ENTERED,2.120225702901017,0.0,2017
LONG,2017-02-13,2315.5,2315.25,2017-02-17,2348.25,2348.5,{},5,5,ES,60,fixed_hold,0,-0.25,32.75,32.67,0.003687956848186189,33.5,2017-02-10,0.06100217864923807,ENTERED,2.0492150899041706,0.0,2017
LONG,2017-02-20,2347.5,2347.25,2017-02-24,2364.25,2364.5,{},5,5,ES,60,fixed_hold,0,-0.25,16.75,16.67,0.003929606335666085,17.5,2017-02-17,0.0619489034591898,ENTERED,1.921453371182044,0.0,2017
LONG,2017-02-27,2367.5,2367.25,2017-03-03,2380.25,2380.5,{},5,5,ES,60,fixed_hold,0,0.75,12.75,12.67,0.003385505282686527,12.5,2017-02-24,0.0791875855773625,ENTERED,2.2271866654886328,0.0,2017
LONG,2017-03-06,2371.25,2371.0,2017-03-10,2371.0,2371.25,{},5,5,ES,60,fixed_hold,0,-0.25,-0.25,-0.33,0.003820045914028896,0.5,2017-03-03,0.05285272003538255,ENTERED,1.9617799567179948,0.0,2017
LONG,2017-03-13,2365.75,2365.5,2017-03-17,2375.0,2375.25,{},5,5,ES,60,fixed_hold,0,0.0,9.25,9.17,0.0039064455629016686,9.75,2017-03-10,0.05120248254460802,ENTERED,1.9177580248175978,0.0,2017
LONG,2017-03-20,2373.25,2373.0,2017-03-24,2342.5,2342.75,{},5,5,ES,60,fixed_hold,0,-0.25,-30.75,-30.83,0.003907989800464414,-30.0,2017-03-17,0.05157719977863806,ENTERED,1.9104962947195006,0.0,2017
LONG,2017-03-27,2331.25,2331.0,2017-03-31,2357.25,2357.5,{},5,5,ES,60,fixed_hold,0,-0.5,26.0,25.92,0.004985006892376406,27.0,2017-03-24,0.04891426012984179,ENTERED,1.4972343854119112,0.0,2017
LONG,2017-04-03,2359.5,2359.25,2017-04-07,2352.75,2353.0,{},5,5,ES,60,fixed_hold,0,-0.25,-6.75,-6.83,0.0042185834527314146,-6.0,2017-03-31,0.03820323681603055,ENTERED,1.7661241434020556,0.0,2017
LONG,2017-04-10,2353.25,2353.0,2017-04-17,2344.0,2344.25,{},5,5,ES,60,fixed_hold,0,-2.75,-9.25,-9.33,0.00440721176236219,-6.0,2017-04-07,0.03622151271606344,ENTERED,1.688962202065196,0.0,2017
LONG,2017-04-18,2344.5,2344.25,2017-04-24,2368.5,2368.75,{},5,5,ES,60,fixed_hold,1,-0.25,2.0,1.92,0.004534050487728344,2.75,2017-04-17,0.034303992940657224,ENTERED,1.6404306418467995,0.0,2017
LONG,2017-04-25,2368.75,2368.5,2017-05-01,2386.0,2386.25,{},5,5,ES,60,fixed_hold,0,-1.75,17.25,17.17,0.00385085923290775,19.5,2017-04-24,0.024887459230920284,ENTERED,1.930097747220187,-2.0,2017
LONG,2017-05-02,2386.5,2386.25,2017-05-08,2394.25,2394.5,{},5,5,ES,60,fixed_hold,0,-2.5,7.75,7.67,0.003851164285823143,10.75,2017-05-01,0.031558164635755004,ENTERED,1.9276540121933348,-2.25,2017
LONG,2017-05-09,2395.0,2394.75,2017-05-15,2398.75,2399.0,{},5,5,ES,60,fixed_hold,0,-0.25,3.75,3.67,0.0036659962143106117,4.5,2017-05-08,0.02550383770063336,ENTERED,2.017951911122707,0.0,2017
LONG,2017-05-16,2399.0,2398.75,2017-05-22,2387.0,2387.25,{},5,5,ES,60,fixed_hold,0,0.75,-12.0,-12.08,0.003133514851284164,-12.25,2017-05-15,0.012009764480726437,ENTERED,2.359641157358554,0.75,2017
LONG,2017-05-23,2387.5,2387.25,2017-05-29,2414.0,2414.25,{},5,5,ES,60,fixed_hold,0,0.75,26.5,26.42,0.004076169550123938,26.25,2017-05-22,0.0002385833453117936,ENTERED,1.812707827918281,0.75,2017
LONG,2017-05-30,2414.5,2414.25,2017-06-05,2434.75,2435.0,{},5,5,ES,60,fixed_hold,0,-3.0,20.25,20.17,0.004015763922162214,23.75,2017-05-29,0.004752449591253871,ENTERED,1.8371549398955975,-3.0,2017
LONG,2017-06-06,2435.25,2435.0,2017-06-12,2426.75,2427.0,{},5,5,ES,60,fixed_hold,0,-5.0,-8.5,-8.58,0.004158754898539056,-3.0,2017-06-05,0.017341219381748152,ENTERED,1.7736713173899716,-5.0,2017
LONG,2017-06-13,2427.25,2427.0,2017-06-19,2448.5,2448.75,{},5,5,ES,60,fixed_hold,0,-1.0,21.25,21.17,0.004038419204870487,22.75,2017-06-12,0.012291217484885708,ENTERED,1.8240521781586638,-1.0,2017
LONG,2017-06-20,2449.25,2449.0,2017-06-26,2436.0,2436.25,{},5,5,ES,60,fixed_hold,0,1.0,-13.25,-13.33,0.0028218220843034244,-13.75,2017-06-19,0.03553199490084946,ENTERED,2.6078834705369025,0.5,2017
LONG,2017-06-27,2436.75,2436.5,2017-07-03,2427.0,2427.25,{},5,5,ES,60,fixed_hold,0,3.25,-9.75,-9.83,0.0030442638208480473,-12.5,2017-06-26,0.02380010587655179,ENTERED,2.413637737743645,3.0,2017
LONG,2017-07-04,2427.75,2427.5,2017-07-10,2424.25,2424.5,{},5,5,ES,60,fixed_hold,0,1.75,-3.5,-3.58,0.004446205762531933,-4.75,2017-07-03,0.021968716940066857,ENTERED,1.6436708731458292,2.0,2017
LONG,2017-07-11,2424.5,2424.25,2017-07-17,2458.25,2458.5,{},5,5,ES,60,fixed_hold,0,-0.25,33.75,33.67,0.0050047660110458855,34.5,2017-07-10,0.024621072002122935,ENTERED,1.459668155397618,0.25,2017
LONG,2017-07-18,2458.75,2458.5,2017-07-24,2467.25,2467.5,{},5,5,ES,60,fixed_hold,0,-1.5,8.5,8.42,0.00502896967176024,10.5,2017-07-17,0.037889182058047144,ENTERED,1.4506285763681726,-1.5,2017
LONG,2017-07-25,2468.0,2467.75,2017-07-31,2467.5,2467.75,{},5,5,ES,60,fixed_hold,0,-2.5,-0.5,-0.58,0.004934674335241868,2.5,2017-07-24,0.034049240440020556,ENTERED,1.4739584546583107,-2.5,2017
LONG,2017-08-01,2468.0,2467.75,2017-08-07,2476.5,2476.75,{},5,5,ES,60,fixed_hold,0,1.25,8.5,8.42,0.0033985404309773474,7.75,2017-07-31,0.03059093756525355,ENTERED,2.1361530868810696,1.75,2017
LONG,2017-08-08,2477.0,2476.75,2017-08-14,2467.25,2467.5,{},5,5,ES,60,fixed_hold,0,6.0,-9.75,-9.83,0.00249964834034068,-15.25,2017-08-07,0.03240933722384365,ENTERED,2.902823849432543,6.0,2017
LONG,2017-08-15,2468.0,2467.75,2017-08-21,2429.0,2429.25,{},5,5,ES,60,fixed_hold,0,3.75,-39.0,-39.08,0.004637128862534516,-42.25,2017-08-14,0.0336160854539751,ENTERED,1.562618375358315,4.0,2017
LONG,2017-08-22,2429.75,2429.5,2017-08-28,2430.75,2431.0,{},5,5,ES,60,fixed_hold,0,-0.5,1.0,0.92,0.005656295994929936,2.0,2017-08-21,0.006213109661386218,ENTERED,1.2800476044975657,-0.5,2017
SHORT,2017-08-29,2430.75,2431.0,2017-09-04,2470.0,2469.75,{},5,5,ES,60,fixed_hold,0,8.75,-39.25,-39.33,0.006300760866483393,-47.5,2017-08-28,-0.0016427104722787078,ENTERED,1.148534688185815,8.75,2017
LONG,2017-09-05,2470.0,2469.75,2017-09-11,2486.5,2486.75,{},5,5,ES,60,fixed_hold,0,5.0,16.5,16.42,0.006703168183703864,12.0,2017-09-04,0.017614338689740716,ENTERED,1.0774792870869994,5.75,2017
LONG,2017-09-12,2487.0,2486.75,2017-09-18,2502.5,2502.75,{},5,5,ES,60,fixed_hold,0,0.75,15.5,15.42,0.005760945090026641,15.25,2017-09-11,0.015518121490556647,ENTERED,1.251782544935614,0.75,2017
LONG,2017-09-19,2503.0,2502.75,2017-09-25,2496.5,2496.75,{},5,5,ES,60,fixed_hold,0,3.5,-6.5,-6.58,0.004531021432046568,-9.5,2017-09-18,0.02729604925602991,ENTERED,1.5853888862668184,3.5,2017
LONG,2017-09-26,2496.75,2496.5,2017-10-02,2525.75,2526.0,{},5,5,ES,60,fixed_hold,0,2.75,29.0,28.92,0.0035370023281323117,26.75,2017-09-25,0.028633226902873732,ENTERED,2.0304436059145647,2.5,2017
LONG,2017-10-03,2526.25,2526.0,2017-10-09,2543.5,2543.75,{},5,5,ES,60,fixed_hold,0,2.0,17.25,17.17,0.003122430623689248,15.75,2017-10-02,0.04186430191792234,ENTERED,2.297264781976921,1.75,2017
LONG,2017-10-10,2544.25,2544.0,2017-10-16,2555.5,2555.75,{},5,5,ES,60,fixed_hold,0,1.75,11.25,11.17,0.00230384789508634,10.0,2017-10-09,0.03467561521252849,ENTERED,3.111428242644213,1.75,2017
LONG,2017-10-17,2555.75,2555.5,2017-10-23,2564.0,2564.25,{},5,5,ES,60,fixed_hold,0,2.75,8.25,8.17,0.002054461563893715,6.0,2017-10-16,0.035764944275583854,ENTERED,3.4818154613222605,2.5,2017
LONG,2017-10-24,2564.5,2564.25,2017-10-30,2567.0,2567.25,{},5,5,ES,60,fixed_hold,0,-3.25,2.5,2.42,0.002283620838005542,6.25,2017-10-23,0.039104447371088646,ENTERED,3.125887545603359,-2.75,2017
LONG,2017-10-31,2567.5,2567.25,2017-11-06,2588.0,2588.25,{},5,5,ES,60,fixed_hold,0,2.0,20.5,20.42,0.002706121384754005,19.0,2017-10-30,0.036539820329061,ENTERED,2.6311384793129777,1.75,2017
LONG,2017-11-07,2588.25,2588.0,2017-11-13,2579.25,2579.5,{},5,5,ES,60,fixed_hold,0,4.75,-9.0,-9.08,0.0024826181765984358,-13.25,2017-11-06,0.048936170212767305,ENTERED,2.8628752661826735,4.75,2017
LONG,2017-11-14,2579.75,2579.5,2017-11-20,2580.5,2580.75,{},5,5,ES,60,fixed_hold,0,0.5,0.75,0.67,0.0028330658271062932,0.75,2017-11-13,0.06185036533909671,ENTERED,2.5064617112911316,0.5,2017
LONG,2017-11-21,2581.0,2580.75,2017-11-27,2599.5,2599.75,{},5,5,ES,60,fixed_hold,0,0.5,18.5,18.42,0.0034360987125469458,18.5,2017-11-20,0.06160016454134132,ENTERED,2.0654993648921756,0.75,2017
LONG,2017-11-28,2600.0,2599.75,2017-12-04,2637.75,2638.0,{},5,5,ES,60,fixed_hold,0,16.5,37.75,37.67,0.0032534356795219585,21.75,2017-11-27,0.052636906569491604,ENTERED,2.168069665562197,16.0,2017
LONG,2017-12-05,2638.25,2638.0,2017-12-11,2665.25,2665.5,{},5,5,ES,60,fixed_hold,0,3.75,27.0,26.92,0.004074698487144485,23.75,2017-12-04,0.06082235850005113,ENTERED,1.7295584879555364,4.5,2017
LONG,2017-12-12,2665.75,2665.5,2017-12-18,2695.0,2695.25,{},5,5,ES,60,fixed_hold,0,3.0,29.25,29.17,0.004019670244666139,26.75,2017-12-11,0.06502846868444867,ENTERED,1.7503293956530324,3.25,2017
LONG,2017-12-19,2695.75,2695.5,2017-12-25,2688.0,2688.25,{},5,5,ES,60,fixed_hold,0,-0.25,-7.75,-7.83,0.004168707942471646,-7.0,2017-12-18,0.07950335436066913,ENTERED,1.6810379539009361,-0.25,2017
LONG,2017-12-26,2688.75,2688.5,2018-01-01,2680.5,2680.75,{},5,5,ES,60,fixed_hold,0,7.25,-8.25,-8.33,0.004239221974176814,-15.0,2017-12-25,0.06423198733175073,ENTERED,1.6500898939874544,7.0,2017
LONG,2018-01-02,2681.0,2680.75,2018-01-08,2747.75,2748.0,{},5,5,ES,60,fixed_hold,0,3.5,66.75,66.67,0.004053297119786832,63.75,2018-01-01,0.05385749385749383,ENTERED,1.7184012558869488,3.25,2018
LONG,2018-01-09,2748.25,2748.0,2018-01-15,2793.5,2793.75,{},5,5,ES,60,fixed_hold,0,6.0,45.25,45.17,0.00428251123451698,39.75,2018-01-08,0.07522253741563056,ENTERED,1.6226418440313446,6.25,2018
LONG,2018-01-16,2794.0,2793.75,2018-01-22,2834.75,2835.0,{},5,5,ES,60,fixed_hold,0,-5.5,40.75,40.67,0.0036904209249229254,46.75,2018-01-15,0.0894998537584093,ENTERED,1.8766312651479493,-5.25,2018
LONG,2018-01-23,2835.25,2835.0,2018-01-29,2856.75,2857.0,{},5,5,ES,60,fixed_hold,0,2.25,21.5,21.42,0.004356547190939215,19.75,2018-01-22,0.10429447852760654,ENTERED,1.5878792554243981,2.25,2018
LONG,2018-01-30,2857.0,2856.75,2018-02-05,2620.0,2620.25,{},5,5,ES,60,fixed_hold,0,-16.0,-237.0,-237.08,0.004571332597439422,-220.5,2018-01-29,0.10383463730319731,ENTERED,1.5107635542684221,-16.25,2018
LONG,2018-02-06,2620.25,2620.0,2018-02-12,2651.75,2652.0,{},5,5,ES,60,fixed_hold,0,13.5,31.5,31.42,0.013750324831010541,18.5,2018-02-05,0.01579763520061972,ENTERED,0.5016326215608758,12.75,2018
LONG,2018-02-13,2652.25,2652.0,2018-02-19,2730.75,2731.0,{},5,5,ES,60,fixed_hold,0,3.5,78.5,78.42,0.016468568906795912,75.5,2018-02-12,0.027608253414705963,ENTERED,0.42005294746134075,4.0,2018
LONG,2018-02-20,2731.5,2731.25,2018-02-26,2783.5,2783.75,{},5,5,ES,60,fixed_hold,0,5.75,52.0,51.92,0.01687838352236533,46.75,2018-02-19,0.050485623617656294,ENTERED,0.41027273733197256,6.0,2018
LONG,2018-02-27,2784.0,2783.75,2018-03-05,2718.0,2718.25,{},5,5,ES,60,fixed_hold,0,-9.25,-66.0,-66.08,0.017478450975860267,-56.25,2018-02-26,0.05525018953752836,ENTERED,0.3975742436362878,-9.25,2018
LONG,2018-03-06,2718.75,2718.5,2018-03-12,2782.5,2782.75,{},5,5,ES,60,fixed_hold,0,7.75,63.75,63.67,0.012805372239869248,56.5,2018-03-05,0.019789908084786534,ENTERED,0.5429545211909093,7.75,2018
LONG,2018-03-13,2783.0,2782.75,2018-03-19,2718.0,2718.25,{},5,5,ES,60,fixed_hold,0,2.75,-65.0,-65.08,0.00999501378241557,-67.25,2018-03-12,0.03246452091642715,ENTERED,0.6998586985708136,-1.75,2018
LONG,2018-03-20,2718.5,2718.25,2018-03-26,2662.0,2662.25,{},5,5,ES,60,fixed_hold,0,7.5,-56.5,-56.58,0.00989812505659116,-63.5,2018-03-19,0.011159676369385085,ENTERED,0.7077490699514446,7.75,2018
SHORT,2018-03-27,2662.25,2662.5,2018-04-03,2609.25,2609.0,{},5,5,ES,60,fixed_hold,0,1.5,53.0,52.92,0.012826745023240922,52.0,2018-03-26,-0.006901053809568403,ENTERED,0.5485216223853215,0.0,2018
SHORT,2018-04-04,2608.75,2609.0,2018-04-10,2649.0,2648.75,{},5,5,ES,60,fixed_hold,0,-9.75,-40.25,-40.33,0.013525882130669208,-30.0,2018-04-03,-0.05058224163027625,ENTERED,0.5209028226966695,-9.5,2018
SHORT,2018-04-11,2648.5,2648.75,2018-04-17,2707.25,2707.0,{},5,5,ES,60,fixed_hold,0,-14.5,-58.75,-58.83,0.013646517212640482,-43.75,2018-04-10,-0.05190156599552531,ENTERED,0.5168846450503591,-14.5,2018
SHORT,2018-04-18,2707.0,2707.25,2018-04-24,2638.25,2638.0,{},5,5,ES,60,fixed_hold,0,-6.25,68.75,68.67,0.013742225314522022,75.5,2018-04-17,-0.045149911816578236,ENTERED,0.5148772056382777,-6.0,2018
SHORT,2018-04-25,2637.75,2638.0,2018-05-01,2656.25,2656.0,{},5,5,ES,60,fixed_hold,0,-2.0,-18.5,-18.58,0.010308694227781152,-16.0,2018-04-24,-0.07665383269163406,ENTERED,0.6888332182821646,-1.75,2018
LONG,2018-05-02,2656.25,2656.0,2018-05-08,2667.75,2668.0,{},5,5,ES,60,fixed_hold,0,5.75,11.5,11.42,0.008125601258759907,6.25,2018-05-01,0.013643736284706831,ENTERED,0.874192375079205,5.25,2018
LONG,2018-05-09,2668.0,2667.75,2018-05-15,2706.5,2706.75,{},5,5,ES,60,fixed_hold,0,8.25,38.5,38.42,0.007165045993227198,30.75,2018-05-08,0.006033182503771162,ENTERED,0.9937382274794012,8.0,2018
SHORT,2018-05-16,2706.5,2706.75,2018-05-22,2724.75,2724.5,{},5,5,ES,60,fixed_hold,0,-17.5,-18.25,-18.33,0.007524012515279006,-0.25,2018-05-15,-0.008879531307213195,ENTERED,0.948477544031249,-17.75,2018
SHORT,2018-05-23,2724.25,2724.5,2018-05-29,2688.25,2688.0,{},5,5,ES,60,fixed_hold,0,-8.75,36.0,35.92,0.006572562549767169,45.25,2018-05-22,-0.021284238886393858,ENTERED,1.0877332342712631,-8.75,2018
SHORT,2018-05-30,2687.75,2688.0,2018-06-05,2751.5,2751.25,{},5,5,ES,60,fixed_hold,0,0.75,-63.75,-63.83,0.006749680935681995,-64.0,2018-05-29,-0.011128483399245326,ENTERED,1.0570142985648021,0.75,2018
SHORT,2018-06-06,2751.0,2751.25,2018-06-12,2788.75,2788.5,{},5,5,ES,60,fixed_hold,0,5.5,-37.75,-37.83,0.006433950517908804,-42.75,2018-06-05,-0.011319737669571284,ENTERED,1.1056258585188077,5.5,2018
LONG,2018-06-13,2793.0,2792.75,2018-06-19,2767.25,2767.5,{},5,5,ES,60,fixed_hold,0,1.75,-25.75,-25.83,0.005543204206783756,-27.0,2018-06-12,0.02584383334866236,ENTERED,1.2810683203734918,1.75,2018
LONG,2018-06-20,2768.0,2767.75,2018-06-26,2728.75,2729.0,{},5,5,ES,60,fixed_hold,0,1.25,-39.25,-39.33,0.005413186154633382,-40.0,2018-06-19,0.039534228566063145,ENTERED,1.3116394834405605,1.25,2018
LONG,2018-06-27,2729.25,2729.0,2018-07-03,2712.75,2713.0,{},5,5,ES,60,fixed_hold,0,2.25,-16.5,-16.58,0.005775941400773621,-18.25,2018-06-26,0.04599463395937109,ENTERED,1.224066995079027,2.0,2018
LONG,2018-07-04,2713.25,2713.0,2018-07-10,2775.0,2775.25,{},5,5,ES,60,fixed_hold,0,3.75,61.75,61.67,0.0049614994319757315,58.5,2018-07-03,0.024256724870223012,ENTERED,1.4213128569170304,3.5,2018
LONG,2018-07-11,2775.25,2775.0,2018-07-17,2814.5,2814.75,{},5,5,ES,60,fixed_hold,0,2.75,39.25,39.17,0.006045971734085292,37.0,2018-07-10,0.02521241226450055,ENTERED,1.1640290228790755,3.0,2018
LONG,2018-07-18,2815.0,2814.75,2018-07-24,2818.75,2819.0,{},5,5,ES,60,fixed_hold,0,-1.5,3.75,3.67,0.006257525097469578,5.75,2018-07-17,0.06700151630022755,ENTERED,1.1230402919091735,-1.5,2018
LONG,2018-07-25,2819.25,2819.0,2018-07-31,2818.0,2818.25,{},5,5,ES,60,fixed_hold,0,-1.5,-1.25,-1.33,0.005087452639472767,0.75,2018-07-24,0.061370481927710996,ENTERED,1.3766319221536927,-2.0,2018
LONG,2018-08-01,2818.75,2818.5,2018-08-07,2858.75,2859.0,{},5,5,ES,60,fixed_hold,0,-1.5,40.0,39.92,0.0052325196033875775,42.0,2018-07-31,0.056315592203899145,ENTERED,1.3346361956917823,-1.25,2018
LONG,2018-08-08,2859.0,2858.75,2018-08-14,2841.5,2841.75,{},5,5,ES,60,fixed_hold,0,-7.5,-17.5,-17.58,0.00419048019762303,-9.5,2018-08-07,0.05624826821834361,ENTERED,1.6587821149914193,-7.5,2018
LONG,2018-08-15,2842.0,2841.75,2018-08-21,2847.0,2847.25,{},5,5,ES,60,fixed_hold,0,0.0,5.0,4.92,0.004125906850278891,5.5,2018-08-14,0.04303541934299915,ENTERED,1.6829506573333672,-0.25,2018
LONG,2018-08-22,2847.5,2847.25,2018-08-28,2901.25,2901.5,{},5,5,ES,60,fixed_hold,0,4.75,53.75,53.67,0.004738455785619332,49.5,2018-08-21,0.05924479166666807,ENTERED,1.461161729221791,5.5,2018
LONG,2018-08-29,2901.75,2901.5,2018-09-04,2897.25,2897.5,{},5,5,ES,60,fixed_hold,0,-0.5,-4.5,-4.58,0.0044766003506819,-3.5,2018-08-28,0.05461154020899617,ENTERED,1.5440848956171587,-0.5,2018
LONG,2018-09-05,2897.75,2897.5,2018-09-11,2890.5,2890.75,{},5,5,ES,60,fixed_hold,0,3.0,-7.25,-7.33,0.004704826336159455,-9.75,2018-09-04,0.03908911601219289,ENTERED,1.4650149183819037,2.5,2018
LONG,2018-09-12,2891.25,2891.0,2018-09-18,2912.0,2912.25,{},5,5,ES,60,fixed_hold,0,-0.5,20.75,20.67,0.004553259809698677,21.75,2018-09-11,0.04453477868112099,ENTERED,1.5104466705627555,-0.5,2018
LONG,2018-09-19,2912.5,2912.25,2018-09-25,2923.25,2923.5,{},5,5,ES,60,fixed_hold,0,-4.5,10.75,10.67,0.004742582121847165,15.75,2018-09-18,0.06714913887870955,ENTERED,1.4459582091381056,-4.25,2018
LONG,2018-09-26,2923.5,2923.25,2018-10-02,2928.0,2928.25,{},5,5,ES,60,fixed_hold,0,6.25,4.5,4.42,0.004478851807255013,-1.25,2018-09-25,0.07758938444526353,ENTERED,1.530020747527119,6.5,2018
LONG,2018-10-03,2928.75,2928.5,2018-10-09,2888.75,2889.0,{},5,5,ES,60,fixed_hold,0,-3.5,-40.0,-40.08,0.004156930744428509,-36.0,2018-10-02,0.05513016845329233,ENTERED,1.647092631086584,-3.5,2018
LONG,2018-10-10,2889.5,2889.25,2018-10-16,2816.25,2816.5,{},5,5,ES,60,fixed_hold,0,-4.5,-73.25,-73.33,0.004249294666113486,-68.25,2018-10-09,0.02637889688249362,ENTERED,1.6097784803571453,-4.5,2018
SHORT,2018-10-17,2816.25,2816.5,2018-10-23,2746.75,2746.5,{},5,5,ES,60,fixed_hold,0,9.25,69.5,69.42,0.01081221554818605,60.75,2018-10-16,-0.0008868393047173351,ENTERED,0.6332513411864187,9.25,2018
SHORT,2018-10-24,2746.0,2746.25,2018-10-30,2687.5,2687.25,{},5,5,ES,60,fixed_hold,0,-11.5,58.5,58.42,0.010791318360839597,70.5,2018-10-23,-0.02545906147431931,ENTERED,0.6350230769826292,-11.75,2018
SHORT,2018-10-31,2687.0,2687.25,2018-11-06,2753.25,2753.0,{},5,5,ES,60,fixed_hold,0,6.75,-66.25,-66.33,0.013247376390152324,-72.5,2018-10-30,-0.060073452256033666,ENTERED,0.5176553718738018,6.75,2018
SHORT,2018-11-07,2752.75,2753.0,2018-11-13,2736.0,2735.75,{},5,5,ES,60,fixed_hold,0,0.5,16.75,16.67,0.014047561540018036,16.75,2018-11-06,-0.031230755696314172,ENTERED,0.4895836263236432,0.5,2018
SHORT,2018-11-14,2735.5,2735.75,2018-11-20,2636.75,2636.5,{},5,5,ES,60,fixed_hold,0,8.75,98.75,98.67,0.011764771825628798,90.5,2018-11-13,-0.039160593555184864,ENTERED,0.585871181611402,8.75,2018
SHORT,2018-11-21,2636.5,2636.75,2018-11-27,2686.0,2685.75,{},5,5,ES,60,fixed_hold,0,-9.25,-49.5,-49.58,0.013562129859794984,-39.75,2018-11-20,-0.09133206961916263,ENTERED,0.5096729685278865,-9.5,2018
SHORT,2018-11-28,2685.25,2685.5,2018-12-04,2709.5,2709.25,{},5,5,ES,60,fixed_hold,1,0.0,15.0,14.92,0.011631769525021691,15.5,2018-11-27,-0.0730802415875752,ENTERED,0.5952361964069807,0.0,2018
SHORT,2018-12-05,2709.0,2709.25,2018-12-11,2639.0,2638.75,{},5,5,ES,60,fixed_hold,1,-0.25,48.0,47.92,0.013719292163730391,48.75,2018-12-04,-0.07590896795078039,ENTERED,0.5061265233588444,0.0,2018
SHORT,2018-12-12,2638.5,2638.75,2018-12-18,2543.25,2543.0,{},5,5,ES,60,fixed_hold,0,-11.5,95.25,95.17,0.01312307225606372,107.25,2018-12-11,-0.09908341222757033,ENTERED,0.5296849296726938,-11.5,2018
SHORT,2018-12-19,2542.75,2543.0,2018-12-25,2345.75,2345.5,{},5,5,ES,60,fixed_hold,0,-2.0,197.0,196.92,0.012176124390988634,199.5,2018-12-18,-0.1351152233644689,ENTERED,0.5735412872848327,4.25,2018
SHORT,2018-12-26,2345.5,2345.75,2019-01-01,2517.25,2517.0,{},5,5,ES,60,fixed_hold,0,-11.75,-171.75,-171.83,0.013736642147731565,-159.5,2018-12-25,-0.2035797825881982,ENTERED,0.5098443732189545,-12.5,2018
SHORT,2019-01-02,2517.0,2517.25,2019-01-08,2577.5,2577.25,{},5,5,ES,60,fixed_hold,0,-9.0,-60.5,-60.58,0.017347465106028546,-51.0,2019-01-01,-0.13373520586904353,ENTERED,0.40509969434376053,-8.75,2019
SHORT,2019-01-09,2577.0,2577.25,2019-01-15,2611.25,2611.0,{},5,5,ES,60,fixed_hold,0,11.5,-34.25,-34.33,0.019003401521467123,-45.25,2019-01-08,-0.09016679300695518,ENTERED,0.3703382556029096,12.0,2019
SHORT,2019-01-16,2610.75,2611.0,2019-01-22,2631.0,2630.75,{},5,5,ES,60,fixed_hold,0,9.0,-20.25,-20.33,0.018285699554639316,-28.75,2019-01-15,-0.0547596346984387,ENTERED,0.3856479710378107,8.75,2019
SHORT,2019-01-23,2630.5,2630.75,2019-01-29,2645.0,2644.75,{},5,5,ES,60,fixed_hold,0,6.75,-14.5,-14.58,0.014978860511951594,-20.75,2019-01-22,-0.026610855861373794,ENTERED,0.47200781585196455,6.75,2019
SHORT,2019-01-30,2644.5,2644.75,2019-02-05,2731.75,2731.5,{},5,5,ES,60,fixed_hold,0,1.5,-87.25,-87.33,0.011327231564326783,-88.25,2019-01-29,-0.04480199814545471,ENTERED,0.6268211832087596,1.75,2019
SHORT,2019-02-06,2731.25,2731.5,2019-02-12,2747.25,2747.0,{},5,5,ES,60,fixed_hold,0,1.25,-16.0,-16.08,0.007659032868179117,-16.75,2019-02-05,-0.007250246621989254,ENTERED,0.927169712533171,1.5,2019
LONG,2019-02-13,2747.25,2747.0,2019-02-19,2778.25,2778.5,{},5,5,ES,60,fixed_hold,0,1.0,31.0,30.92,0.00836657449410586,30.5,2019-02-12,0.03596688826635952,ENTERED,0.8502335179160653,0.75,2019
LONG,2019-02-20,2779.0,2778.75,2019-02-26,2788.5,2788.75,{},5,5,ES,60,fixed_hold,0,5.25,9.5,9.42,0.007127914616548053,4.75,2019-02-19,0.02863147140727751,ENTERED,1.0,5.5,2019
LONG,2019-02-27,2789.25,2789.0,2019-03-05,2786.25,2786.5,{},5,5,ES,60,fixed_hold,0,10.75,-3.0,-3.08,0.006525249213925415,-13.25,2019-02-26,0.03800461466999172,ENTERED,1.0923589862800183,10.5,2019
LONG,2019-03-06,2786.75,2786.5,2019-03-12,2795.5,2795.75,{},5,5,ES,60,fixed_hold,0,-0.75,8.75,8.67,0.006039109544761795,10.0,2019-03-05,0.055992420653719455,ENTERED,1.177912407831813,-0.5,2019
LONG,2019-03-13,2796.0,2795.75,2019-03-19,2834.5,2834.75,{},5,5,ES,60,fixed_hold,0,-3.75,38.5,38.42,0.006223219456513917,42.75,2019-03-12,0.09939048368069225,ENTERED,1.141425063502582,-3.25,2019
LONG,2019-03-20,2835.0,2834.75,2019-03-26,2822.5,2822.75,{},5,5,ES,60,fixed_hold,0,3.0,-12.5,-12.58,0.006030270722522294,-15.0,2019-03-19,0.20859091878064362,ENTERED,1.1774179001802973,3.5,2019
LONG,2019-03-27,2822.75,2822.5,2019-04-02,2866.75,2867.0,{},5,5,ES,60,fixed_hold,0,13.25,44.0,43.92,0.007757123907407537,31.25,2019-03-26,0.12147397695669371,ENTERED,0.9154128651249609,13.0,2019
LONG,2019-04-03,2867.25,2867.0,2019-04-09,2881.5,2881.75,{},5,5,ES,60,fixed_hold,0,-0.25,14.25,14.17,0.00806577228785883,15.0,2019-04-02,0.11242603550295938,ENTERED,0.8806768167797582,0.0,2019
LONG,2019-04-10,2882.0,2881.75,2019-04-16,2910.0,2910.25,{},5,5,ES,60,fixed_hold,0,-0.75,28.0,27.92,0.006988721842900498,29.25,2019-04-09,0.10369590195327438,ENTERED,1.0169851273132695,-0.5,2019
LONG,2019-04-17,2910.5,2910.25,2019-04-24,2931.75,2932.0,{},5,5,ES,60,fixed_hold,0,1.25,21.25,21.17,0.006784152813353235,20.5,2019-04-16,0.1062434666920069,ENTERED,1.0466997452109918,0.0,2019
LONG,2019-04-25,2932.5,2932.25,2019-05-01,2920.75,2921.0,{},5,5,ES,60,fixed_hold,0,2.0,-11.75,-11.83,0.004654940798050858,-13.25,2019-04-24,0.1086113999432834,ENTERED,1.5246723892695568,1.5,2019
LONG,2019-05-02,2921.0,2920.75,2019-05-08,2881.25,2881.5,{},5,5,ES,60,fixed_hold,1,0.25,14.25,14.17,0.004710940276359125,14.5,2019-05-01,0.06937580084202755,ENTERED,1.4972966736654878,0.0,2019
LONG,2019-05-09,2881.5,2881.25,2019-05-15,2852.0,2852.25,{},5,5,ES,60,fixed_hold,1,0.0,0.5,0.42,0.005806078556912839,1.0,2019-05-08,0.06852695502817507,ENTERED,1.213801929343431,0.0,2019
LONG,2019-05-16,2852.25,2852.0,2019-05-22,2854.0,2854.25,{},5,5,ES,60,fixed_hold,0,10.0,1.75,1.67,0.007837233039504357,-7.75,2019-05-15,0.056668726545638703,ENTERED,0.8992241673530765,9.5,2019
LONG,2019-05-23,2854.5,2854.25,2019-05-29,2781.75,2782.0,{},5,5,ES,60,fixed_hold,0,0.0,-72.75,-72.83,0.008276001404292735,-72.25,2019-05-22,0.053523173486012876,ENTERED,0.8542941076025258,-0.5,2019
LONG,2019-05-30,2782.0,2781.75,2019-06-05,2822.25,2822.5,{},5,5,ES,60,fixed_hold,0,-16.5,40.25,40.17,0.008527450966722387,57.25,2019-05-29,0.0276843541058458,ENTERED,0.8322838484992713,-16.5,2019
LONG,2019-06-06,2822.75,2822.5,2019-06-12,2885.25,2885.5,{},5,5,ES,60,fixed_hold,0,10.0,62.5,62.42,0.00933382865199281,53.0,2019-06-05,0.03919556222665199,ENTERED,0.760804978046774,9.75,2019
LONG,2019-06-13,2885.75,2885.5,2019-06-19,2940.75,2941.0,{},5,5,ES,60,fixed_hold,0,7.75,55.0,54.92,0.008204880464712102,47.75,2019-06-12,0.04777487739132602,ENTERED,0.8662437196650348,8.0,2019
LONG,2019-06-20,2941.5,2941.25,2019-06-26,2918.5,2918.75,{},5,5,ES,60,fixed_hold,0,7.25,-23.0,-23.08,0.007810632470630282,-29.75,2019-06-19,0.07246783250544264,ENTERED,0.9116009659770121,7.0,2019
LONG,2019-06-27,2919.0,2918.75,2019-07-03,2999.5,2999.75,{},5,5,ES,60,fixed_hold,0,17.5,80.5,80.42,0.007085399435003757,63.5,2019-06-26,0.04792661690375577,ENTERED,1.006000393052544,17.5,2019
LONG,2019-07-04,3000.0,2999.75,2019-07-10,2997.25,2997.5,{},5,5,ES,60,fixed_hold,0,-2.75,-2.75,-2.83,0.005050407138961047,0.5,2019-07-03,0.0714956854069615,ENTERED,1.4088492159539994,-2.75,2019
LONG,2019-07-11,2997.75,2997.5,2019-07-17,2981.75,2982.0,{},5,5,ES,60,fixed_hold,0,-1.25,-16.0,-16.08,0.004958748049080318,-14.25,2019-07-10,0.060206738733938,ENTERED,1.432486303606277,-1.0,2019
LONG,2019-07-18,2982.5,2982.25,2019-07-24,3020.75,3021.0,{},5,5,ES,60,fixed_hold,0,8.0,38.25,38.17,0.00506202637409854,30.75,2019-07-17,0.04690033694473916,ENTERED,1.4027921817127682,8.25,2019
LONG,2019-07-25,3021.25,3021.0,2019-07-31,2973.0,2973.25,{},5,5,ES,60,fixed_hold,0,1.0,-48.25,-48.33,0.005164590020705483,-48.75,2019-07-24,0.06458620619211031,ENTERED,1.371919050030595,0.75,2019
LONG,2019-08-01,2973.5,2973.25,2019-08-07,2874.25,2874.5,{},5,5,ES,60,fixed_hold,0,-7.25,-99.25,-99.33,0.005858497682902152,-91.5,2019-07-31,0.04267497981145674,ENTERED,1.2068177913309581,-7.5,2019
LONG,2019-08-08,2874.75,2874.5,2019-08-14,2846.25,2846.5,{},5,5,ES,60,fixed_hold,0,-9.25,-28.5,-28.58,0.015043344231035967,-18.75,2019-08-07,0.007800858970988589,ENTERED,0.46998454104447646,-9.5,2019
SHORT,2019-08-15,2846.0,2846.25,2019-08-21,2935.25,2935.0,{},5,5,ES,60,fixed_hold,0,-14.0,-89.25,-89.33,0.017602066033724693,-74.75,2019-08-14,-0.0027152491898042586,ENTERED,0.40320606086095456,-14.25,2019
LONG,2019-08-22,2935.25,2935.0,2019-08-28,2884.5,2884.75,{},5,5,ES,60,fixed_hold,0,-27.25,-50.75,-50.83,0.018043192877660142,-23.0,2019-08-21,0.054996405463695774,ENTERED,0.3935540161520529,-27.0,2019
LONG,2019-08-29,2884.75,2884.5,2019-09-04,2938.0,2938.25,{},5,5,ES,60,fixed_hold,0,-14.25,53.25,53.17,0.018678623441755186,68.0,2019-08-28,0.02205491585473851,ENTERED,0.3805112403128633,-14.75,2019
LONG,2019-09-05,2938.5,2938.25,2019-09-11,3018.0,3018.25,{},5,5,ES,60,fixed_hold,0,-0.75,79.5,79.42,0.01301911504947644,80.75,2019-09-04,0.018281060474788058,ENTERED,0.5465242538324363,-1.25,2019
LONG,2019-09-12,3018.5,3018.25,2019-09-18,3006.25,3006.5,{},5,5,ES,60,fixed_hold,0,-14.75,-12.25,-12.33,0.009554191488403602,3.0,2019-09-11,0.026266575994559727,ENTERED,0.7467412882006426,-15.25,2019
LONG,2019-09-19,3006.75,3006.5,2019-09-25,2985.0,2985.25,{},5,5,ES,60,fixed_hold,0,13.75,-21.75,-21.83,0.008659737689065762,-35.0,2019-09-18,0.030064239828694772,ENTERED,0.8243138756287125,13.75,2019
SHORT,2019-09-26,2985.0,2985.25,2019-10-02,2886.25,2886.0,{},5,5,ES,60,fixed_hold,0,-1.75,98.75,98.67,0.006931930243230079,101.0,2019-09-25,-0.004833736144677858,ENTERED,1.0294905836252148,-2.25,2019
SHORT,2019-10-03,2885.75,2886.0,2019-10-09,2899.75,2899.5,{},5,5,ES,60,fixed_hold,0,11.5,-14.0,-14.08,0.007912854001124982,-25.0,2019-10-02,-0.037197664720599155,ENTERED,0.9008019881997907,11.25,2019
SHORT,2019-10-10,2899.25,2899.5,2019-10-16,2988.0,2987.75,{},5,5,ES,60,fixed_hold,0,-11.25,-88.75,-88.83,0.008268574301285856,-77.0,2019-10-09,-0.02766599597585473,ENTERED,0.8633098858761826,-11.5,2019
SHORT,2019-10-17,2987.75,2988.0,2019-10-23,3007.0,3006.75,{},5,5,ES,60,fixed_hold,0,-2.75,-19.25,-19.33,0.009614805661088764,-16.0,2019-10-16,-0.011006289308174821,ENTERED,0.7435610215858341,-2.25,2019
LONG,2019-10-24,3007.0,3006.75,2019-10-30,3048.25,3048.5,{},5,5,ES,60,fixed_hold,0,5.0,41.25,41.17,0.009284290437386742,36.75,2019-10-23,0.011267131926343321,ENTERED,0.7712131059789022,4.75,2019
LONG,2019-10-31,3049.0,3048.75,2019-11-06,3073.75,3074.0,{},5,5,ES,60,fixed_hold,0,4.25,24.75,24.67,0.007156092404449986,21.0,2019-10-30,0.06053226648112808,ENTERED,1.0011423456248798,4.5,2019
LONG,2019-11-07,3074.25,3074.0,2019-11-13,3094.25,3094.5,{},5,5,ES,60,fixed_hold,0,-2.5,20.0,19.92,0.005511970069232177,23.0,2019-11-06,0.07992271210258295,ENTERED,1.29902128913858,-3.25,2019
LONG,2019-11-14,3094.75,3094.5,2019-11-20,3101.5,3101.75,{},5,5,ES,60,fixed_hold,0,-3.75,6.75,6.67,0.004146223083989259,11.0,2019-11-13,0.05434412265758115,ENTERED,1.724351225808517,-4.25,2019
LONG,2019-11-21,3102.25,3102.0,2019-11-27,3144.25,3144.5,{},5,5,ES,60,fixed_hold,0,7.75,42.0,41.92,0.00400517521344986,34.75,2019-11-20,0.07522315625270792,ENTERED,1.7831906108915458,7.25,2019
LONG,2019-11-28,3144.75,3144.5,2019-12-04,3109.25,3109.5,{},5,5,ES,60,fixed_hold,0,4.0,-35.5,-35.58,0.0038052854207118202,-39.0,2019-11-27,0.07019484386964958,ENTERED,1.8748946454669708,4.0,2019
LONG,2019-12-05,3109.5,3109.25,2019-12-11,3145.75,3146.0,{},5,5,ES,60,fixed_hold,0,0.0,36.25,36.17,0.004083725126085475,36.75,2019-12-04,0.030232750766172378,ENTERED,1.7435502844294402,-0.5,2019
LONG,2019-12-12,3146.25,3146.0,2019-12-18,3198.5,3198.75,{},5,5,ES,60,fixed_hold,0,6.25,52.25,52.17,0.004568246746374539,46.5,2019-12-11,0.04639946781972326,ENTERED,1.5558323724084737,6.5,2019
LONG,2019-12-19,3199.25,3199.0,2019-12-25,3227.25,3227.5,{},5,5,ES,60,fixed_hold,0,4.75,28.0,27.92,0.005053732984521341,23.75,2019-12-18,0.07151829829997425,ENTERED,1.4051441428388654,3.75,2019
LONG,2019-12-26,3227.5,3227.25,2020-01-01,3237.25,3237.5,{},5,5,ES,60,fixed_hold,0,5.75,9.75,9.67,0.004956829249649084,4.5,2019-12-25,0.11832986832986747,ENTERED,1.4318144424633925,4.5,2019
LONG,2020-01-02,3238.0,3237.75,2020-01-08,3261.75,3262.0,{},5,5,ES,60,fixed_hold,0,-11.75,23.75,23.67,0.004015086249305323,36.0,2020-01-01,0.11657182272805588,ENTERED,1.762243232114102,-11.75,2020
LONG,2020-01-09,3262.25,3262.0,2020-01-15,3296.75,3297.0,{},5,5,ES,60,fixed_hold,0,4.0,34.5,34.42,0.006520970379717649,31.0,2020-01-08,0.09179148188436015,ENTERED,1.0814100542746197,3.75,2020
LONG,2020-01-16,3297.25,3297.0,2020-01-22,3314.25,3314.5,{},5,5,ES,60,fixed_hold,0,4.25,17.0,16.92,0.006597598137208212,13.25,2020-01-15,0.09653280119730567,ENTERED,1.0679144189751186,4.25,2020
LONG,2020-01-23,3314.75,3314.5,2020-01-29,3273.0,3273.25,{},5,5,ES,60,fixed_hold,1,0.5,-9.5,-9.58,0.006710874661444891,-9.5,2020-01-22,0.08725602755453332,ENTERED,1.0471739030480065,0.0,2020
LONG,2020-01-30,3273.5,3273.25,2020-02-05,3334.25,3334.5,{},5,5,ES,60,fixed_hold,0,5.5,60.75,60.67,0.0074999224553711705,55.75,2020-01-29,0.0753557248776433,ENTERED,0.9383679113830943,5.0,2020
LONG,2020-02-06,3334.5,3334.25,2020-02-12,3367.25,3367.5,{},5,5,ES,60,fixed_hold,0,-11.0,32.75,32.67,0.008113676599961475,44.25,2020-02-05,0.08822092576364615,ENTERED,0.8685864253369169,-11.5,2020
LONG,2020-02-13,3368.0,3367.75,2020-02-19,3391.25,3391.5,{},5,5,ES,60,fixed_hold,0,7.25,23.25,23.17,0.008065602576777473,16.5,2020-02-12,0.09642177385478612,ENTERED,0.8765791727147448,7.25,2020
LONG,2020-02-20,3392.0,3391.75,2020-02-26,3103.0,3103.25,{},5,5,ES,60,fixed_hold,1,0.5,-249.25,-249.33,0.007956400807521611,-249.25,2020-02-19,0.08922364491602308,ENTERED,0.8905282182749705,0.0,2020
LONG,2020-02-27,3103.5,3103.25,2020-03-04,3106.5,3106.75,{},5,5,ES,60,fixed_hold,1,-0.25,72.0,71.92,0.011136351269069445,72.75,2020-02-26,0.02001230346996752,ENTERED,0.6376389222681751,0.0,2020
LONG,2020-03-05,3107.5,3107.25,2020-03-11,2732.5,2732.75,{},5,5,ES,60,fixed_hold,1,0.5,-233.75,-233.83,0.021987963771892747,-233.75,2020-03-04,0.03317358536431092,ENTERED,0.32305577437880406,0.0,2020
SHORT,2020-03-12,2732.5,2732.75,2020-03-18,2443.5,2443.25,{},5,5,ES,60,fixed_hold,1,14.5,191.75,191.67,0.023824985922118937,177.75,2020-03-11,-0.06145969899994774,ENTERED,0.298647065783489,0.0,2020
SHORT,2020-03-19,2443.75,2444.0,2020-03-25,2468.75,2468.5,{},5,5,ES,60,fixed_hold,1,0.5,-100.75,-100.83,0.041057178149445164,-100.75,2020-03-18,-0.1368604895086878,ENTERED,0.25,0.0,2020
SHORT,2020-03-26,2468.25,2468.5,2020-04-01,2471.25,2471.0,{},5,5,ES,60,fixed_hold,1,0.25,-36.0,-36.08,0.04685021998655255,-35.75,2020-03-25,-0.10057366797131251,ENTERED,0.25,0.0,2020
SHORT,2020-04-02,2471.0,2471.25,2020-04-08,2747.5,2747.25,{},5,5,ES,60,fixed_hold,1,0.75,-238.0,-238.08,0.04829661680504554,-238.25,2020-04-01,-0.09456810758105416,ENTERED,0.25,0.0,2020
SHORT,2020-04-09,2747.25,2747.5,2020-04-16,2869.75,2869.5,{},5,5,ES,60,fixed_hold,1,0.0,-165.5,-165.58,0.04954128844579903,-165.0,2020-04-08,-0.019253811925101116,ENTERED,0.25,0.0,2020
LONG,2020-04-17,2870.0,2869.75,2020-04-23,2769.75,2770.0,{},5,5,ES,60,fixed_hold,0,-20.0,-100.25,-100.33,0.03673781413524831,-79.75,2020-04-16,0.034947837196049214,ENTERED,0.25,-20.5,2020
LONG,2020-04-24,2770.5,2770.25,2020-04-30,2874.0,2874.25,{},5,5,ES,60,fixed_hold,0,-8.75,103.5,103.42,0.03151861381195212,112.75,2020-04-23,0.001737680133198749,ENTERED,0.25,-8.75,2020
LONG,2020-05-01,2874.75,2874.5,2020-05-07,2892.25,2892.5,{},5,5,ES,60,fixed_hold,1,-0.5,57.25,57.17,0.023183894111989605,58.25,2020-04-30,0.020345458339204647,ENTERED,0.3095206767466366,0.0,2020
LONG,2020-05-08,2893.0,2892.75,2020-05-14,2853.5,2853.75,{},5,5,ES,60,fixed_hold,0,7.75,-39.5,-39.58,0.02004060908438625,-46.75,2020-05-07,0.03131432990811023,ENTERED,0.35843451562799106,7.5,2020
LONG,2020-05-15,2854.0,2853.75,2020-05-21,2949.0,2949.25,{},5,5,ES,60,fixed_hold,0,13.0,95.0,94.92,0.0176381318216808,82.5,2020-05-14,0.010297764674456644,ENTERED,0.4083354215332671,13.5,2020
LONG,2020-05-22,2949.75,2949.5,2020-05-28,3025.0,3025.25,{},5,5,ES,60,fixed_hold,0,11.0,75.25,75.17,0.017482686214112947,64.75,2020-05-21,0.12750309779343838,ENTERED,0.41273026929615414,10.75,2020
LONG,2020-05-29,3025.5,3025.25,2020-06-04,3108.5,3108.75,{},5,5,ES,60,fixed_hold,1,0.25,115.0,114.92,0.01526265156170315,115.25,2020-05-28,0.128577490968109,ENTERED,0.4732194250464583,0.0,2020
LONG,2020-06-05,3108.75,3108.5,2020-06-11,3028.0,3028.25,{},5,5,ES,60,fixed_hold,0,23.5,-80.75,-80.83,0.013267921053126278,-103.75,2020-06-04,0.2688911973077306,ENTERED,0.5455025105566101,23.25,2020
LONG,2020-06-12,3028.75,3028.5,2020-06-18,3115.0,3115.25,{},5,5,ES,60,fixed_hold,1,-10.75,125.75,125.67,0.016269489375991073,137.0,2020-06-11,0.33203700212039555,ENTERED,0.44534036668468613,0.0,2020
LONG,2020-06-19,3115.5,3115.25,2020-06-25,3072.75,3073.0,{},5,5,ES,60,fixed_hold,0,-4.0,-42.75,-42.83,0.016346695052881752,-38.25,2020-06-18,0.32824227085550084,ENTERED,0.4434068803212619,-3.75,2020
LONG,2020-06-26,3073.25,3073.0,2020-07-02,3127.0,3127.25,{},5,5,ES,60,fixed_hold,0,-6.75,53.75,53.67,0.01833989386346377,61.0,2020-06-25,0.2917622347635642,ENTERED,0.3956423560329692,-2.75,2020
LONG,2020-07-03,3127.5,3127.25,2020-07-09,3150.75,3151.0,{},5,5,ES,60,fixed_hold,0,19.5,23.25,23.17,0.01908591910964162,4.25,2020-07-02,0.20073395788589954,ENTERED,0.3803123757388982,19.75,2020
LONG,2020-07-10,3151.5,3151.25,2020-07-16,3203.25,3203.5,{},5,5,ES,60,fixed_hold,0,7.0,51.75,51.67,0.015504029950718038,45.25,2020-07-09,0.1404380171719115,ENTERED,0.46840807544295615,7.0,2020
LONG,2020-07-17,3203.75,3203.5,2020-07-23,3233.5,3233.75,{},5,5,ES,60,fixed_hold,0,8.0,29.75,29.67,0.013710643564983188,22.25,2020-07-16,0.20108701415003294,ENTERED,0.5312061942372903,7.5,2020
LONG,2020-07-24,3233.75,3233.5,2020-07-30,3267.25,3267.5,{},5,5,ES,60,fixed_hold,0,-3.5,33.5,33.42,0.01065595642689159,37.5,2020-07-23,0.1684534465562293,ENTERED,0.684547719467487,-4.25,2020
LONG,2020-07-31,3267.5,3267.25,2020-08-06,3340.5,3340.75,{},5,5,ES,60,fixed_hold,0,-5.5,73.0,72.92,0.00901294912090148,79.0,2020-07-30,0.1566444261659532,ENTERED,0.8101546086706671,-5.25,2020
LONG,2020-08-07,3341.0,3340.75,2020-08-13,3375.75,3376.0,{},5,5,ES,60,fixed_hold,0,-5.75,34.75,34.67,0.007086670277257295,41.0,2020-08-06,0.1986315180231364,ENTERED,1.0303685627149806,-5.25,2020
LONG,2020-08-14,3376.25,3376.0,2020-08-20,3389.25,3389.5,{},5,5,ES,60,fixed_hold,0,6.5,13.0,12.92,0.00598528417019429,7.0,2020-08-13,0.1720563457416424,ENTERED,1.218850585553311,6.5,2020
LONG,2020-08-21,3389.75,3389.5,2020-08-27,3491.75,3492.0,{},5,5,ES,60,fixed_hold,0,6.0,102.0,101.92,0.0061152562768051096,96.5,2020-08-20,0.14718116875905607,ENTERED,1.1909850477278412,6.0,2020
LONG,2020-08-28,3492.0,3491.75,2020-09-03,3431.5,3431.75,{},5,5,ES,60,fixed_hold,0,12.25,-60.5,-60.58,0.005190301586924839,-72.25,2020-08-27,0.138089439302143,ENTERED,1.401364609667037,12.0,2020
LONG,2020-09-04,3432.0,3431.75,2020-09-10,3346.5,3346.75,{},5,5,ES,60,fixed_hold,0,-10.75,-85.5,-85.58,0.011921800955874093,-74.25,2020-09-03,0.14818501111474225,ENTERED,0.6089518403631241,-10.25,2020
LONG,2020-09-11,3347.25,3347.0,2020-09-17,3348.25,3348.5,{},5,5,ES,60,fixed_hold,0,13.75,1.0,0.92,0.015942616500385896,-12.25,2020-09-10,0.07431185298130094,ENTERED,0.4567748891522445,13.75,2020
LONG,2020-09-18,3349.0,3348.75,2020-09-24,3253.25,3253.5,{},5,5,ES,60,fixed_hold,0,-2.25,-95.75,-95.83,0.016063242338165043,-93.0,2020-09-17,0.08965180605271672,ENTERED,0.45373747064993014,-3.0,2020
LONG,2020-09-25,3253.5,3253.25,2020-10-01,3367.0,3367.25,{},5,5,ES,60,fixed_hold,0,10.25,113.5,113.42,0.01694365860001206,103.75,2020-09-24,0.04037093292829197,ENTERED,0.43076510849065347,10.0,2020
LONG,2020-10-02,3367.25,3367.0,2020-10-08,3453.5,3453.75,{},5,5,ES,60,fixed_hold,0,16.25,86.25,86.17,0.014835995197564142,70.5,2020-10-01,0.06862900666455185,ENTERED,0.4922273458167303,16.25,2020
LONG,2020-10-09,3454.0,3453.75,2020-10-15,3483.5,3483.75,{},5,5,ES,60,fixed_hold,0,-6.25,29.5,29.42,0.012187691377904715,36.25,2020-10-08,0.07811768378336326,ENTERED,0.5995956499171065,-6.25,2020
LONG,2020-10-16,3484.0,3483.75,2020-10-22,3451.5,3451.75,{},5,5,ES,60,fixed_hold,0,13.25,-32.5,-32.58,0.012393352157902427,-45.25,2020-10-15,0.07730962504831917,ENTERED,0.5916913765126308,12.75,2020
LONG,2020-10-23,3452.25,3452.0,2020-10-29,3275.75,3276.0,{},5,5,ES,60,fixed_hold,0,-13.25,-176.5,-176.58,0.010423921280337067,-162.75,2020-10-22,0.05638867635807254,ENTERED,0.7050326709191221,-13.5,2020
SHORT,2020-10-30,3276.0,3276.25,2020-11-05,3499.75,3499.5,{},5,5,ES,60,fixed_hold,0,26.5,-223.75,-223.83,0.011616359805976922,-249.75,2020-10-29,-0.01938187532739677,ENTERED,0.6335016557135653,26.0,2020
LONG,2020-11-06,3499.5,3499.25,2020-11-12,3534.25,3534.5,{},5,5,ES,60,fixed_hold,0,27.25,34.75,34.67,0.012228890907601285,8.0,2020-11-05,0.036581753554503216,ENTERED,0.6026339639499423,27.25,2020
LONG,2020-11-13,3535.0,3534.75,2020-11-19,3548.25,3548.5,{},5,5,ES,60,fixed_hold,0,26.25,13.25,13.17,0.012049016647319428,-12.5,2020-11-12,0.042779170969170055,ENTERED,0.6121880727283069,26.0,2020
LONG,2020-11-20,3548.5,3548.25,2020-11-26,3620.0,3620.25,{},5,5,ES,60,fixed_hold,0,6.25,71.5,71.42,0.012475293550071436,65.75,2020-11-19,0.016179839633448934,ENTERED,0.5916861314927241,5.75,2020
LONG,2020-11-27,3620.5,3620.25,2020-12-03,3669.75,3670.0,{},5,5,ES,60,fixed_hold,0,5.5,49.25,49.17,0.009840180618975273,44.25,2020-11-26,0.05492824360748916,ENTERED,0.7506811069262468,5.0,2020
LONG,2020-12-04,3670.25,3670.0,2020-12-10,3672.0,3672.25,{},5,5,ES,60,fixed_hold,0,8.75,1.75,1.67,0.007638367743677261,-6.5,2020-12-03,0.09658624038246111,ENTERED,0.9678350542123096,8.75,2020
LONG,2020-12-11,3672.25,3672.0,2020-12-17,3713.25,3713.5,{},5,5,ES,60,fixed_hold,0,11.5,41.0,40.92,0.007231420985647295,30.0,2020-12-10,0.0966850828729291,ENTERED,1.0223973663681551,11.5,2020
LONG,2020-12-18,3714.0,3713.75,2020-12-24,3692.5,3692.75,{},5,5,ES,60,fixed_hold,0,-10.0,-21.5,-21.58,0.005691148531801239,-11.0,2020-12-17,0.14138619947748698,ENTERED,1.2983151661116852,-9.75,2020
LONG,2020-12-28,3703.0,3702.75,2021-01-04,3693.0,3693.25,{},5,5,ES,60,fixed_hold,0,0.25,-10.0,-10.08,0.0048242682254962975,-9.75,2020-12-24,0.09666641918479546,ENTERED,1.5306524548921732,0.0,2020
LONG,2021-01-05,3693.5,3693.25,2021-01-11,3797.0,3797.25,{},5,5,ES,60,fixed_hold,0,-12.5,103.5,103.42,0.006505775357581177,116.5,2021-01-04,0.06934491494752248,ENTERED,1.1340048067380224,-12.5,2021
LONG,2021-01-12,3797.5,3797.25,2021-01-18,3772.75,3773.0,{},5,5,ES,60,fixed_hold,0,3.25,-24.75,-24.83,0.007162604499153293,-27.5,2021-01-11,0.08998923573735329,ENTERED,1.0293439962842126,3.25,2021
LONG,2021-01-19,3773.25,3773.0,2021-01-25,3845.25,3845.5,{},5,5,ES,60,fixed_hold,0,11.25,72.0,71.92,0.007541775437170399,61.25,2021-01-18,0.09306873325125031,ENTERED,0.9775926107033397,11.25,2021
LONG,2021-01-26,3845.5,3845.25,2021-02-01,3769.5,3769.75,{},5,5,ES,60,fixed_hold,0,-19.0,-76.0,-76.08,0.007805494019293408,-56.5,2021-01-25,0.17384004884005044,ENTERED,0.9451652228149953,-19.75,2021
LONG,2021-02-02,3770.0,3769.75,2021-02-08,3909.75,3910.0,{},5,5,ES,60,fixed_hold,0,6.25,139.75,139.67,0.012776327320161334,134.0,2021-02-01,0.07722531790255815,ENTERED,0.5779656248131384,6.0,2021
LONG,2021-02-09,3910.25,3910.0,2021-02-15,3946.75,3947.0,{},5,5,ES,60,fixed_hold,0,1.0,36.5,36.42,0.0127477521845402,36.0,2021-02-08,0.10623850615362929,ENTERED,0.5796078412279511,0.75,2021
LONG,2021-02-16,3947.5,3947.25,2021-02-22,3878.25,3878.5,{},5,5,ES,60,fixed_hold,0,5.0,-69.25,-69.33,0.012236375866740416,-73.75,2021-02-15,0.11230097224179336,ENTERED,0.6042136864168336,4.75,2021
LONG,2021-02-23,3878.5,3878.25,2021-03-01,3903.5,3903.75,{},5,5,ES,60,fixed_hold,0,29.0,25.0,24.92,0.01221353798615694,-3.5,2021-02-22,0.07133485256543004,ENTERED,0.60566148815054,28.5,2021
LONG,2021-03-02,3904.0,3903.75,2021-03-08,3838.0,3838.25,{},5,5,ES,60,fixed_hold,0,13.75,-66.0,-66.08,0.010744085245712543,-79.25,2021-03-01,0.06369209809264387,ENTERED,0.68984189557776,13.75,2021
LONG,2021-03-09,3838.75,3838.5,2021-03-15,3951.75,3952.0,{},5,5,ES,60,fixed_hold,0,0.0,113.0,112.92,0.012387765576832886,113.5,2021-03-08,0.04520389407039316,ENTERED,0.5991776487665532,0.0,2021
LONG,2021-03-16,3952.25,3952.0,2021-03-22,3936.25,3936.5,{},5,5,ES,60,fixed_hold,0,-0.75,-16.0,-16.08,0.012839980216598587,-14.75,2021-03-15,0.0642251245455765,ENTERED,0.5787281357445296,-0.25,2021
LONG,2021-03-23,3936.75,3936.5,2021-03-29,3965.75,3966.0,{},5,5,ES,60,fixed_hold,0,-10.75,29.0,28.92,0.013345585408863669,40.25,2021-03-22,0.06600771782546855,ENTERED,0.5572703470567253,-11.0,2021
LONG,2021-03-30,3966.5,3966.25,2021-04-05,4071.25,4071.5,{},5,5,ES,60,fixed_hold,0,5.75,104.75,104.67,0.01028900566756245,99.5,2021-03-29,0.07385094429025951,ENTERED,0.7232191957041233,5.25,2021
LONG,2021-04-06,4071.5,4071.25,2021-04-12,4121.25,4121.5,{},5,5,ES,60,fixed_hold,0,-3.5,49.75,49.67,0.00756386734127108,53.75,2021-04-05,0.07222331950753902,ENTERED,0.983966557178566,-3.5,2021
LONG,2021-04-13,4122.0,4121.75,2021-04-19,4161.75,4162.0,{},5,5,ES,60,fixed_hold,0,-7.5,39.75,39.67,0.00712699950980049,47.75,2021-04-12,0.09236681685661319,ENTERED,1.043945626980887,-7.75,2021
LONG,2021-04-20,4162.0,4161.75,2021-04-26,4183.0,4183.25,{},5,5,ES,60,fixed_hold,0,1.0,21.0,20.92,0.005745561111061688,20.5,2021-04-19,0.08230399167858504,ENTERED,1.293613380247189,0.75,2021
LONG,2021-04-27,4183.5,4183.25,2021-05-03,4179.75,4180.0,{},5,5,ES,60,fixed_hold,0,7.5,-3.75,-3.83,0.005579876621921728,-10.75,2021-04-26,0.10968897141720246,ENTERED,1.3309231074361683,7.5,2021
LONG,2021-05-04,4180.0,4179.75,2021-05-10,4183.0,4183.25,{},5,5,ES,60,fixed_hold,0,4.25,3.0,2.92,0.004739561691453612,-0.75,2021-05-03,0.06905370843989811,ENTERED,1.5650692517666729,4.75,2021
LONG,2021-05-11,4183.25,4183.0,2021-05-17,4164.5,4164.75,{},5,5,ES,60,fixed_hold,0,-2.25,-18.75,-18.83,0.005901948143609313,-16.0,2021-05-10,0.05985558652140832,ENTERED,1.2558090907960393,-2.75,2021
LONG,2021-05-18,4165.25,4165.0,2021-05-24,4200.75,4201.0,{},5,5,ES,60,fixed_hold,0,-7.5,35.5,35.42,0.008535142829847023,43.5,2021-05-17,0.0738043057883202,ENTERED,0.8683894446768673,-8.25,2021
LONG,2021-05-25,4201.5,4201.25,2021-05-31,4200.75,4201.0,{},5,5,ES,60,fixed_hold,0,4.5,-0.75,-0.83,0.00921040770682094,-4.75,2021-05-24,0.07614473262888266,ENTERED,0.8060134277970008,4.25,2021
LONG,2021-06-01,4201.25,4201.0,2021-06-07,4225.5,4225.75,{},5,5,ES,60,fixed_hold,0,1.5,24.25,24.17,0.009245459147514932,23.25,2021-05-31,0.09450921643978405,ENTERED,0.8037305335718311,1.25,2021
LONG,2021-06-08,4226.0,4225.75,2021-06-14,4244.0,4244.25,{},5,5,ES,60,fixed_hold,0,-4.75,18.0,17.92,0.00888626471538945,23.25,2021-06-07,0.06926872469635637,ENTERED,0.8369990755360963,-4.25,2021
LONG,2021-06-15,4244.5,4244.25,2021-06-21,4217.25,4217.5,{},5,5,ES,60,fixed_hold,0,8.5,-27.25,-27.33,0.005994368641416935,-35.25,2021-06-14,0.07817858503746988,ENTERED,1.2399195269612948,8.0,2021
LONG,2021-06-22,4217.75,4217.5,2021-06-28,4277.0,4277.25,{},5,5,ES,60,fixed_hold,0,3.0,59.25,59.17,0.007039922144857794,56.75,2021-06-21,0.0634140191628838,ENTERED,1.0548961451488479,2.75,2021
LONG,2021-06-29,4277.5,4277.25,2021-07-05,4346.0,4346.25,{},5,5,ES,60,fixed_hold,0,0.75,68.5,68.42,0.007079602073621204,68.25,2021-06-28,0.050534201154365466,ENTERED,1.047762599226305,0.5,2021
LONG,2021-07-06,4346.75,4346.5,2021-07-12,4377.0,4377.25,{},5,5,ES,60,fixed_hold,0,1.0,30.25,30.17,0.006739038316508664,29.75,2021-07-05,0.054531117311657606,ENTERED,1.099818666113657,1.0,2021
LONG,2021-07-13,4377.5,4377.25,2021-07-19,4261.75,4262.0,{},5,5,ES,60,fixed_hold,0,-10.5,-115.75,-115.83,0.0077493796752878714,-104.75,2021-07-12,0.05171792407496323,ENTERED,0.9546317740022072,-10.5,2021
LONG,2021-07-20,4262.25,4262.0,2021-07-26,4411.25,4411.5,{},5,5,ES,60,fixed_hold,0,3.75,149.0,148.92,0.006067762654424723,145.75,2021-07-19,0.018825076196737456,ENTERED,1.2214914383222657,3.5,2021
LONG,2021-07-27,4411.75,4411.5,2021-08-02,4386.0,4386.25,{},5,5,ES,60,fixed_hold,0,11.75,-25.75,-25.83,0.006967008908564998,-37.0,2021-07-26,0.05538277511961631,ENTERED,1.0617568729078295,11.75,2021
LONG,2021-08-03,4386.5,4386.25,2021-08-09,4425.0,4425.25,{},5,5,ES,60,fixed_hold,0,-15.25,38.5,38.42,0.0069851778438326335,54.25,2021-08-02,0.04852686308492249,ENTERED,1.0584391601930345,-15.25,2021
LONG,2021-08-10,4425.5,4425.25,2021-08-16,4470.75,4471.0,{},5,5,ES,60,fixed_hold,0,-2.25,45.25,45.17,0.005987011304947694,48.0,2021-08-09,0.0625487724353202,ENTERED,1.2341211245223787,-2.25,2021
LONG,2021-08-17,4471.25,4471.0,2021-08-23,4483.25,4483.5,{},5,5,ES,60,fixed_hold,0,2.5,12.0,11.92,0.004166664220692891,10.0,2021-08-16,0.06427041180671234,ENTERED,1.7722277609368426,2.75,2021
LONG,2021-08-24,4483.75,4483.5,2021-08-30,4527.25,4527.5,{},5,5,ES,60,fixed_hold,0,3.25,43.5,43.42,0.004954353154041681,40.75,2021-08-23,0.06724589383480106,ENTERED,1.4890907580756807,3.25,2021
LONG,2021-08-31,4527.75,4527.5,2021-09-06,4538.75,4539.0,{},5,5,ES,60,fixed_hold,0,-5.75,11.0,10.92,0.005359661979846295,17.25,2021-08-30,0.07140744246583353,ENTERED,1.3756061420823351,-5.75,2021
LONG,2021-09-07,4539.5,4539.25,2021-09-13,4466.0,4466.25,{},5,5,ES,60,fixed_hold,0,4.5,-73.5,-73.58,0.005192490183688403,-77.5,2021-09-06,0.06944689874536114,ENTERED,1.418480914355689,4.25,2021
LONG,2021-09-14,4466.5,4466.25,2021-09-20,4355.5,4355.75,{},5,5,ES,60,fixed_hold,0,7.5,-111.0,-111.08,0.00567286707400479,-118.0,2021-09-13,0.058980438648488454,ENTERED,1.2972355647079548,7.5,2021
LONG,2021-09-21,4356.25,4356.0,2021-09-27,4429.5,4429.75,{},5,5,ES,60,fixed_hold,0,6.25,73.25,73.17,0.005507304054794627,67.5,2021-09-20,0.018352913671167537,ENTERED,1.3344469432967918,6.25,2021
LONG,2021-09-28,4430.25,4430.0,2021-10-04,4293.25,4293.5,{},5,5,ES,60,fixed_hold,0,7.0,-137.0,-137.08,0.0065388637620937525,-143.5,2021-09-27,0.019211964337071175,ENTERED,1.12298554507032,7.5,2021
SHORT,2021-10-05,4293.25,4293.5,2021-10-11,4348.25,4348.0,{},5,5,ES,60,fixed_hold,0,22.25,-55.0,-55.08,0.00862569245474086,-76.75,2021-10-04,-0.01913301730538619,ENTERED,0.852013342730234,22.25,2021
LONG,2021-10-12,4348.25,4348.0,2021-10-18,4477.25,4477.5,{},5,5,ES,60,fixed_hold,0,-12.75,129.0,128.92,0.009506420997362573,142.25,2021-10-11,0.020178320037541164,ENTERED,0.7741130888587234,-12.75,2021
LONG,2021-10-19,4477.75,4477.5,2021-10-25,4566.25,4566.5,{},5,5,ES,60,fixed_hold,0,-3.25,88.5,88.42,0.009635642758462922,92.25,2021-10-18,0.014960897653858662,ENTERED,0.7643961496053016,-3.5,2021
LONG,2021-10-26,4567.0,4566.75,2021-11-01,4603.0,4603.25,{},5,5,ES,60,fixed_hold,0,7.75,36.0,35.92,0.008992884989862204,28.75,2021-10-25,0.041094328868624075,ENTERED,0.8198463504507361,7.75,2021
LONG,2021-11-02,4603.75,4603.5,2021-11-08,4688.25,4688.5,{},5,5,ES,60,fixed_hold,0,-1.5,84.5,84.42,0.005946925865110468,86.5,2021-11-01,0.04022371617422782,ENTERED,1.2392192486533167,-1.25,2021
LONG,2021-11-09,4688.75,4688.5,2021-11-15,4679.25,4679.5,{},5,5,ES,60,fixed_hold,0,3.75,-9.5,-9.58,0.004912741147832756,-12.75,2021-11-08,0.04864683515991941,ENTERED,1.499254286334731,4.0,2021
LONG,2021-11-16,4680.0,4679.75,2021-11-22,4685.0,4685.25,{},5,5,ES,60,fixed_hold,0,-0.75,5.0,4.92,0.00412869087606584,6.25,2021-11-15,0.04371584699453468,ENTERED,1.782401102759028,-0.5,2021
LONG,2021-11-23,4685.5,4685.25,2021-11-29,4662.5,4662.75,{},5,5,ES,60,fixed_hold,0,46.75,-23.0,-23.08,0.0038923949878986773,-69.25,2021-11-22,0.03484262838210905,ENTERED,1.8880933421646942,46.25,2021
LONG,2021-11-30,4663.25,4663.0,2021-12-06,4593.5,4593.75,{},5,5,ES,60,fixed_hold,0,23.75,-69.75,-69.83,0.007749883004920267,-93.0,2021-11-29,0.027263714474554446,ENTERED,0.9475045599208969,23.75,2021
LONG,2021-12-07,4594.0,4593.75,2021-12-13,4664.75,4665.0,{},5,5,ES,60,fixed_hold,0,0.0,70.75,70.67,0.009576186549429965,71.25,2021-12-06,0.028547439126783924,ENTERED,0.7681206632757746,0.0,2021
LONG,2021-12-14,4665.25,4665.0,2021-12-20,4578.5,4578.75,{},5,5,ES,60,fixed_hold,0,-34.25,-86.75,-86.83,0.010993333663092063,-52.0,2021-12-13,0.07099810595190292,ENTERED,0.6694097666630733,-34.75,2021
LONG,2021-12-21,4579.0,4578.75,2021-12-28,4786.0,4786.25,{},5,5,ES,60,fixed_hold,0,6.5,207.0,206.92,0.012268862350723747,201.0,2021-12-20,0.03363620971838088,ENTERED,0.6004050853604408,0.0,2021
LONG,2021-12-29,4786.25,4786.0,2022-01-04,4778.0,4778.25,{},5,5,ES,60,fixed_hold,0,13.75,-8.25,-8.33,0.011351815428833067,-21.5,2021-12-28,0.11476650751135398,ENTERED,0.6494806038015042,13.5,2021
LONG,2022-01-05,4778.5,4778.25,2022-01-11,4703.75,4704.0,{},5,5,ES,60,fixed_hold,0,-10.0,-74.75,-74.83,0.009509476505235006,-64.25,2022-01-04,0.09895354185832628,ENTERED,0.7758135290616095,-9.75,2022
LONG,2022-01-12,4704.25,4704.0,2022-01-18,4568.0,4568.25,{},5,5,ES,60,fixed_hold,0,-7.5,-136.25,-136.33,0.009050589143801349,-128.25,2022-01-11,0.05058626465661664,ENTERED,0.8158892073309535,-7.5,2022
LONG,2022-01-19,4568.75,4568.5,2022-01-25,4357.25,4357.5,{},5,5,ES,60,fixed_hold,0,32.75,-211.5,-211.58,0.008816379837346459,-243.75,2022-01-18,0.0003832256651703503,ENTERED,0.8380882615937407,33.0,2022
SHORT,2022-01-26,4357.25,4357.5,2022-02-01,4551.5,4551.25,{},5,5,ES,60,fixed_hold,0,7.0,-194.25,-194.33,0.00816158403442317,-200.75,2022-01-25,-0.053386194536469644,ENTERED,0.9058763273945436,7.25,2022
SHORT,2022-02-02,4550.75,4551.0,2022-02-08,4525.5,4525.25,{},5,5,ES,60,fixed_hold,0,-13.0,25.25,25.17,0.01130449851226523,38.75,2022-02-01,-0.029273754932280682,ENTERED,0.6543765973420067,-13.0,2022
SHORT,2022-02-09,4525.0,4525.25,2022-02-15,4453.0,4452.75,{},5,5,ES,60,fixed_hold,0,1.25,72.0,71.92,0.010832315339510139,71.25,2022-02-08,-0.03296292338925033,ENTERED,0.6838183984307157,0.75,2022
SHORT,2022-02-16,4452.5,4452.75,2022-02-22,4324.5,4324.25,{},5,5,ES,60,fixed_hold,0,22.0,128.0,127.92,0.011805764241444323,106.5,2022-02-15,-0.04962381943332794,ENTERED,0.6283152973786474,22.0,2022
SHORT,2022-02-23,4324.25,4324.5,2022-03-01,4317.5,4317.25,{},5,5,ES,60,fixed_hold,1,-0.25,-89.0,-89.08,0.012122584533415179,-88.25,2022-02-22,-0.07259664361160278,ENTERED,0.6122846354536339,0.0,2022
SHORT,2022-03-02,4317.0,4317.25,2022-03-08,4169.5,4169.25,{},5,5,ES,60,fixed_hold,1,-0.5,96.5,96.42,0.014564632406529115,97.5,2022-03-01,-0.039188839711157275,ENTERED,0.5101987888425935,0.0,2022
SHORT,2022-03-09,4169.0,4169.25,2022-03-15,4248.75,4248.5,{},5,5,ES,60,fixed_hold,0,-17.25,-79.75,-79.83,0.015430868855310866,-62.0,2022-03-08,-0.07538320388861419,ENTERED,0.4819624275345318,-17.25,2022
SHORT,2022-03-16,4248.25,4248.5,2022-03-22,4510.0,4509.75,{},5,5,ES,60,fixed_hold,0,13.0,-261.75,-261.83,0.01612116269767636,-274.25,2022-03-15,-0.040059798581026373,ENTERED,0.4615800077845643,12.75,2022
SHORT,2022-03-23,4509.5,4509.75,2022-03-29,4621.75,4621.5,{},5,5,ES,60,fixed_hold,0,9.25,-112.25,-112.33,0.01635542641962104,-121.0,2022-03-22,-0.025206607144851345,ENTERED,0.45511586748952215,9.5,2022
LONG,2022-03-30,4621.75,4621.5,2022-04-05,4522.75,4523.0,{},5,5,ES,60,fixed_hold,0,-7.25,-99.0,-99.08,0.013485129517981108,-91.25,2022-03-29,0.0006209187308907627,ENTERED,0.5524925408935564,-7.5,2022
SHORT,2022-04-06,4523.0,4523.25,2022-04-12,4406.5,4406.25,{},5,5,ES,60,fixed_hold,0,7.5,116.5,116.42,0.012744048744334277,109.5,2022-04-05,-0.005248131285794599,ENTERED,0.5847432256085567,7.5,2022
SHORT,2022-04-13,4405.75,4406.0,2022-04-20,4471.25,4471.0,{},5,5,ES,60,fixed_hold,0,31.0,-65.5,-65.58,0.011908901670353017,-96.0,2022-04-12,-0.0021281750410689915,ENTERED,0.626213464728557,0.0,2022
LONG,2022-04-21,4471.0,4470.75,2022-04-27,4212.5,4212.75,{},5,5,ES,60,fixed_hold,0,7.5,-258.5,-258.58,0.009660287165420365,-265.5,2022-04-20,0.06150675718989418,ENTERED,0.7726192402952803,7.0,2022
SHORT,2022-04-28,4212.5,4212.75,2022-05-04,4287.75,4287.5,{},5,5,ES,60,fixed_hold,0,5.5,-75.25,-75.33,0.012587389489240432,-80.25,2022-04-27,-0.042386005215453326,ENTERED,0.5935725987556613,5.25,2022
SHORT,2022-05-05,4287.5,4287.75,2022-05-11,3943.0,3942.75,{},5,5,ES,60,fixed_hold,0,31.0,344.5,344.42,0.01524190692631295,314.0,2022-05-04,-0.019794703225319177,ENTERED,0.49135092485944865,31.0,2022
SHORT,2022-05-12,3942.5,3942.75,2022-05-18,3898.75,3898.5,{},5,5,ES,60,fixed_hold,0,-21.25,43.75,43.67,0.016884889531301194,65.5,2022-05-11,-0.08393473280562957,ENTERED,0.44368767191990327,-21.5,2022
SHORT,2022-05-19,3898.0,3898.25,2022-05-25,3970.0,3969.75,{},5,5,ES,60,fixed_hold,1,0.0,-38.5,-38.58,0.020026035452248896,-38.0,2022-05-18,-0.06729944870378235,ENTERED,0.3742173295235421,0.0,2022
SHORT,2022-05-26,3969.25,3969.5,2022-06-01,4087.75,4087.5,{},5,5,ES,60,fixed_hold,0,0.5,-118.5,-118.58,0.01795959086944989,-118.5,2022-05-25,-0.07742729972944007,ENTERED,0.41761165763927693,0.5,2022
SHORT,2022-06-02,4087.25,4087.5,2022-06-08,4118.5,4118.25,{},5,5,ES,60,fixed_hold,0,1.25,-31.25,-31.33,0.018098415615567836,-32.0,2022-06-01,-0.02795319627024917,ENTERED,0.4157276899314339,1.0,2022
SHORT,2022-06-09,4118.25,4118.5,2022-06-15,3821.25,3821.0,{},5,5,ES,60,fixed_hold,1,-3.5,253.25,253.17,0.016522963725207722,257.25,2022-06-08,-0.03890917160191909,ENTERED,0.456442050142889,0.0,2022
SHORT,2022-06-16,3820.5,3820.75,2022-06-22,3744.75,3744.5,{},5,5,ES,60,fixed_hold,0,-21.5,75.75,75.67,0.015923949017693357,97.75,2022-06-15,-0.15041975432110244,ENTERED,0.4741634962969533,-21.5,2022
SHORT,2022-06-23,3744.0,3744.25,2022-06-29,3817.5,3817.25,{},5,5,ES,60,fixed_hold,0,15.5,-73.5,-73.58,0.018332576397698138,-88.5,2022-06-22,-0.1875610937872476,ENTERED,0.4122397561734684,15.0,2022
SHORT,2022-06-30,3816.75,3817.0,2022-07-06,3852.25,3852.0,{},5,5,ES,60,fixed_hold,0,14.5,-35.5,-35.58,0.018586547413808677,-49.5,2022-06-29,-0.1537399266895113,ENTERED,0.40716362571573966,14.0,2022
SHORT,2022-07-07,3851.75,3852.0,2022-07-13,3779.0,3778.75,{},5,5,ES,60,fixed_hold,0,8.75,72.75,72.67,0.017610016087362557,64.5,2022-07-06,-0.12340905662377388,ENTERED,0.43070358739702086,8.75,2022
SHORT,2022-07-14,3778.5,3778.75,2022-07-20,3956.75,3956.5,{},5,5,ES,60,fixed_hold,0,-7.75,-178.25,-178.33,0.01479624267055375,-170.0,2022-07-13,-0.15253196655152812,ENTERED,0.513393471495206,-7.75,2022
SHORT,2022-07-21,3956.25,3956.5,2022-07-27,4019.5,4019.25,{},5,5,ES,60,fixed_hold,0,6.25,-63.25,-63.33,0.013224917212409676,-69.0,2022-07-20,-0.05827235835330724,ENTERED,0.5752567098580822,6.25,2022
SHORT,2022-07-28,4019.0,4019.25,2022-08-03,4150.5,4150.25,{},5,5,ES,60,fixed_hold,0,15.75,-131.5,-131.58,0.01018344517812458,-146.75,2022-07-27,-0.06001543435039136,ENTERED,0.7485739243153318,15.5,2022
LONG,2022-08-04,4150.25,4150.0,2022-08-10,4212.25,4212.5,{},5,5,ES,60,fixed_hold,0,-8.75,62.0,61.92,0.010890983923173558,71.25,2022-08-03,0.055491774263880744,ENTERED,0.7003946264505752,-8.5,2022
LONG,2022-08-11,4212.75,4212.5,2022-08-17,4269.25,4269.5,{},5,5,ES,60,fixed_hold,0,-11.75,56.5,56.42,0.009983036007154906,68.75,2022-08-10,0.08348327194362737,ENTERED,0.7646316321932766,-11.75,2022
LONG,2022-08-18,4269.75,4269.5,2022-08-24,4145.25,4145.5,{},5,5,ES,60,fixed_hold,0,-18.75,-124.5,-124.58,0.008992717808776977,-105.25,2022-08-17,0.08769303469581713,ENTERED,0.8493947998926579,-19.0,2022
LONG,2022-08-25,4146.0,4145.75,2022-08-31,3935.5,3935.75,{},5,5,ES,60,fixed_hold,0,-30.0,-210.5,-210.58,0.010259646427908008,-180.0,2022-08-24,0.025679417972355623,ENTERED,0.7448060776482763,-29.5,2022
SHORT,2022-09-01,3935.75,3936.0,2022-09-07,3977.5,3977.25,{},5,5,ES,60,fixed_hold,0,1.25,-41.75,-41.83,0.012719343749841482,-42.5,2022-08-31,-0.03348792557791036,ENTERED,0.601725860447115,0.5,2022
LONG,2022-09-08,3977.5,3977.25,2022-09-14,3970.5,3970.75,{},5,5,ES,60,fixed_hold,0,29.5,-7.0,-7.08,0.012888217485674208,-36.0,2022-09-07,0.040892436534940124,ENTERED,0.5943015287842399,10.75,2022
LONG,2022-09-15,3971.25,3971.0,2022-09-21,3781.25,3781.5,{},5,5,ES,60,fixed_hold,0,-8.75,-190.0,-190.08,0.01625921093957268,-180.75,2022-09-14,0.060421952196555884,ENTERED,0.47124945069965174,-8.75,2022
SHORT,2022-09-22,3781.0,3781.25,2022-09-28,3728.0,3727.75,{},5,5,ES,60,fixed_hold,0,10.0,53.0,52.92,0.017049914801749402,43.5,2022-09-21,-0.009365380836989234,ENTERED,0.4496737401476033,10.25,2022
SHORT,2022-09-29,3727.75,3728.0,2022-10-05,3811.5,3811.25,{},5,5,ES,60,fixed_hold,0,19.25,-83.75,-83.83,0.015696484043816725,-102.5,2022-09-28,-0.032255970924194854,ENTERED,0.4886001194046262,19.25,2022
LONG,2022-10-06,3811.75,3811.5,2022-10-12,3598.0,3598.25,{},5,5,ES,60,fixed_hold,0,-17.25,-213.75,-213.83,0.017966925643467475,-196.0,2022-10-05,0.008600727753887316,ENTERED,0.42734476188438714,-17.0,2022
SHORT,2022-10-13,3597.75,3598.0,2022-10-19,3697.0,3696.75,{},5,5,ES,60,fixed_hold,0,-17.75,-99.25,-99.33,0.015350310193207069,-81.0,2022-10-12,-0.09054720080879597,ENTERED,0.5007195280112543,-18.25,2022
SHORT,2022-10-20,3696.5,3696.75,2022-10-26,3861.0,3860.75,{},5,5,ES,60,fixed_hold,0,-14.75,-164.5,-164.58,0.01828485643748295,-149.25,2022-10-19,-0.0802388505318149,ENTERED,0.4206743060861029,-14.5,2022
SHORT,2022-10-27,3860.25,3860.5,2022-11-02,3759.5,3759.25,{},5,5,ES,60,fixed_hold,0,17.0,100.75,100.67,0.018842631932744366,84.25,2022-10-26,-0.0697548340461418,ENTERED,0.4086540000268427,17.25,2022
SHORT,2022-11-03,3759.0,3759.25,2022-11-09,3757.75,3757.5,{},5,5,ES,60,fixed_hold,0,21.0,1.25,1.17,0.019387448353002847,-19.25,2022-11-02,-0.10759643916913975,ENTERED,0.3971999513382926,21.25,2022
SHORT,2022-11-10,3757.25,3757.5,2022-11-16,3977.25,3977.0,{},5,5,ES,60,fixed_hold,0,8.25,-220.0,-220.08,0.01916023558381262,-227.75,2022-11-09,-0.11992036538236339,ENTERED,0.40234376357412177,8.0,2022
SHORT,2022-11-17,3976.75,3977.0,2022-11-23,4041.0,4040.75,{},5,5,ES,60,fixed_hold,0,2.0,-64.25,-64.33,0.019913353437763993,-65.75,2022-11-16,-0.040646484139428396,ENTERED,0.38734192276400864,2.25,2022
LONG,2022-11-24,4041.25,4041.0,2022-11-30,4090.75,4091.0,{},5,5,ES,60,fixed_hold,0,-18.5,49.5,49.42,0.018947690199907975,68.5,2022-11-23,0.026678523788350228,ENTERED,0.40755953673891,-18.25,2022
LONG,2022-12-01,4091.0,4090.75,2022-12-07,3937.5,3937.75,{},5,5,ES,60,fixed_hold,0,4.25,-153.5,-153.58,0.017247026599652982,-157.25,2022-11-30,0.028600163429505665,ENTERED,0.44783694503566746,4.25,2022
SHORT,2022-12-08,3937.5,3937.75,2022-12-14,4038.0,4037.75,{},5,5,ES,60,fixed_hold,1,4.5,-67.0,-67.08,0.016870881781226005,-71.0,2022-12-07,-0.008310772524082188,ENTERED,0.4582686126195801,4.5,2022
LONG,2022-12-15,4038.0,4037.75,2022-12-21,3911.25,3911.5,{},5,5,ES,60,fixed_hold,0,8.25,-126.75,-126.83,0.011554935374491837,-134.5,2022-12-14,0.05894396981925998,ENTERED,0.6699100679321869,8.5,2022
LONG,2022-12-22,3912.0,3911.75,2022-12-28,3811.75,3812.0,{},5,5,ES,60,fixed_hold,0,10.25,-100.25,-100.33,0.013231430741849806,-110.0,2022-12-21,0.040624906645166936,ENTERED,0.5856796461759265,9.75,2022
SHORT,2022-12-29,3812.0,3812.25,2023-01-04,3872.75,3872.5,{},5,5,ES,60,fixed_hold,0,-27.0,-60.75,-60.83,0.010941549828227077,-33.25,2022-12-28,-0.008065226824318983,ENTERED,0.7089602505301087,-27.0,2022
LONG,2023-01-05,3873.0,3872.75,2023-01-11,3988.0,3988.25,{},5,5,ES,60,fixed_hold,0,9.25,115.0,114.92,0.011212390402453589,106.25,2023-01-04,0.06732763172223599,ENTERED,0.6938236993151166,9.0,2023
LONG,2023-01-12,3988.5,3988.25,2023-01-18,3946.25,3946.5,{},5,5,ES,60,fixed_hold,0,-5.5,-42.25,-42.33,0.01195674054775957,-36.25,2023-01-11,0.06994130277524802,ENTERED,0.6508183555197734,-5.5,2023
LONG,2023-01-19,3947.0,3946.75,2023-01-25,4037.25,4037.5,{},5,5,ES,60,fixed_hold,0,-4.75,90.25,90.17,0.009697899590387974,95.5,2023-01-18,0.013766854159688702,ENTERED,0.8042802663223239,-4.75,2023
LONG,2023-01-26,4038.0,4037.75,2023-02-01,4150.0,4150.25,{},5,5,ES,60,fixed_hold,0,-6.25,112.0,111.92,0.009183035683938677,118.75,2023-01-25,0.0651456239857191,ENTERED,0.8499906009235465,-6.0,2023
LONG,2023-02-02,4150.25,4150.0,2023-02-08,4133.25,4133.5,{},5,5,ES,60,fixed_hold,0,-5.5,-17.0,-17.08,0.009637121932033291,-11.0,2023-02-01,0.09540048657872768,ENTERED,0.8114625832185726,-5.75,2023
LONG,2023-02-09,4134.0,4133.75,2023-02-15,4158.75,4159.0,{},5,5,ES,60,fixed_hold,0,-10.25,24.75,24.67,0.008682845793977063,35.5,2023-02-08,0.03076582595020594,ENTERED,0.9017911709004681,-10.5,2023
LONG,2023-02-16,4159.25,4159.0,2023-02-22,4009.75,4010.0,{},5,5,ES,60,fixed_hold,0,-6.0,-149.5,-149.58,0.008573415595043411,-143.0,2023-02-15,0.02076224709080976,ENTERED,0.914097970160836,-6.5,2023
SHORT,2023-02-23,4009.5,4009.75,2023-03-01,3960.25,3960.0,{},5,5,ES,60,fixed_hold,0,-4.5,49.25,49.17,0.00908806815700266,54.25,2023-02-22,-0.027896395107711802,ENTERED,0.862475267078771,-4.75,2023
SHORT,2023-03-02,3959.75,3960.0,2023-03-08,3994.75,3994.5,{},5,5,ES,60,fixed_hold,0,8.0,-35.0,-35.08,0.007551815260927965,-42.5,2023-03-01,-0.00265662701522984,ENTERED,1.0384960361471556,7.75,2023
SHORT,2023-03-09,3994.5,3994.75,2023-03-15,3922.75,3922.5,{},5,5,ES,60,fixed_hold,1,-27.75,104.75,104.67,0.009010046424743496,133.0,2023-03-08,-0.010711411058138665,ENTERED,0.8706950814383457,-28.25,2023
SHORT,2023-03-16,3922.0,3922.25,2023-03-22,3975.5,3975.25,{},5,5,ES,60,fixed_hold,0,-23.0,-53.5,-53.58,0.010051107253476113,-30.0,2023-03-15,-0.005560934984398025,ENTERED,0.7810251829025365,-23.25,2023
LONG,2023-03-23,3975.25,3975.0,2023-03-29,4053.5,4053.75,{},5,5,ES,60,fixed_hold,0,14.0,78.25,78.17,0.011543786557576364,64.75,2023-03-22,0.034118037117673694,ENTERED,0.6801870419003753,13.75,2023
LONG,2023-03-30,4054.0,4053.75,2023-04-05,4113.25,4113.5,{},5,5,ES,60,fixed_hold,0,-9.25,59.25,59.17,0.011554139486970484,69.0,2023-03-29,0.038063914284061084,ENTERED,0.6805520227215968,-8.5,2023
LONG,2023-04-06,4113.5,4113.25,2023-04-12,4111.25,4111.5,{},5,5,ES,60,fixed_hold,0,-6.75,-2.25,-2.33,0.01075117581192381,5.0,2023-04-05,0.02279285777707374,ENTERED,0.731550233935731,-6.25,2023
LONG,2023-04-13,4111.75,4111.5,2023-04-19,4165.75,4166.0,{},5,5,ES,60,fixed_hold,0,0.0,54.0,53.92,0.008506137532866867,54.5,2023-04-12,0.03311043060379748,ENTERED,0.9263842684665734,0.0,2023
LONG,2023-04-20,4166.5,4166.25,2023-04-26,4085.0,4085.25,{},5,5,ES,60,fixed_hold,0,-3.25,-81.5,-81.58,0.005686229150532624,-77.75,2023-04-19,0.023211209196783766,ENTERED,1.3837357369402716,-2.75,2023
SHORT,2023-04-27,4085.25,4085.5,2023-05-03,4093.75,4093.5,{},5,5,ES,60,fixed_hold,0,8.5,-8.5,-8.58,0.006187424557110935,-16.5,2023-04-26,-0.02388061120978624,ENTERED,1.2710953003595546,8.5,2023
SHORT,2023-05-04,4093.25,4093.5,2023-05-10,4157.25,4157.0,{},5,5,ES,60,fixed_hold,0,3.25,-64.0,-64.08,0.007299706241166756,-66.75,2023-05-03,-0.017945903347251213,ENTERED,1.0764020978204405,2.75,2023
SHORT,2023-05-11,4157.0,4157.25,2023-05-17,4170.25,4170.0,{},5,5,ES,60,fixed_hold,0,0.5,-13.25,-13.33,0.007934182363772186,-13.25,2023-05-10,-0.008826543832618605,ENTERED,0.9910527182446561,0.0,2023
LONG,2023-05-18,4170.0,4169.75,2023-05-24,4144.25,4144.5,{},5,5,ES,60,fixed_hold,0,2.0,-25.75,-25.83,0.007747182953328102,-27.25,2023-05-17,0.031217421056126904,ENTERED,1.0135211828906248,2.0,2023
LONG,2023-05-25,4145.0,4144.75,2023-05-31,4196.0,4196.25,{},5,5,ES,60,fixed_hold,0,11.75,51.0,50.92,0.008297058498110927,39.75,2023-05-24,0.03785221594143762,ENTERED,0.9477085162718241,11.5,2023
LONG,2023-06-01,4196.75,4196.5,2023-06-07,4274.0,4274.25,{},5,5,ES,60,fixed_hold,0,-3.5,77.25,77.17,0.007292603683176112,81.25,2023-05-31,0.04173555626145187,ENTERED,1.077858731174117,-3.75,2023
LONG,2023-06-08,4274.5,4274.25,2023-06-14,4419.75,4420.0,{},5,5,ES,60,fixed_hold,1,5.75,100.0,99.92,0.007422896306731615,94.75,2023-06-07,0.08967495219885246,ENTERED,1.0577992344856664,5.75,2023
LONG,2023-06-15,4420.25,4420.0,2023-06-21,4410.25,4410.5,{},5,5,ES,60,fixed_hold,0,-2.0,-10.0,-10.08,0.00715894612943052,-7.5,2023-06-14,0.10048909287980745,ENTERED,1.096139360796775,-1.75,2023
LONG,2023-06-22,4410.75,4410.5,2023-06-28,4426.0,4426.25,{},5,5,ES,60,fixed_hold,0,9.75,15.25,15.17,0.006322499825279913,6.0,2023-06-21,0.07685885644502233,ENTERED,1.2408071684221829,9.5,2023
LONG,2023-06-29,4426.5,4426.25,2023-07-05,4480.5,4480.75,{},5,5,ES,60,fixed_hold,0,7.0,54.0,53.92,0.005878337748585579,47.5,2023-06-28,0.06500674323177313,ENTERED,1.3334099444740048,7.0,2023
LONG,2023-07-06,4480.75,4480.5,2023-07-12,4512.25,4512.5,{},5,5,ES,60,fixed_hold,0,-0.75,31.5,31.42,0.005097717977017373,32.75,2023-07-05,0.07864451234273773,ENTERED,1.5373431461109897,-0.75,2023
LONG,2023-07-13,4512.75,4512.5,2023-07-19,4584.5,4584.75,{},5,5,ES,60,fixed_hold,0,-6.0,71.75,71.67,0.005487429756787732,78.25,2023-07-12,0.07207672811077326,ENTERED,1.4269182517759325,-6.0,2023
LONG,2023-07-20,4585.0,4584.75,2023-07-26,4596.75,4597.0,{},5,5,ES,60,fixed_hold,0,-2.25,11.75,11.67,0.005034751833620642,14.5,2023-07-19,0.11077204172888933,ENTERED,1.5532372033789756,-2.75,2023
LONG,2023-07-27,4597.25,4597.0,2023-08-02,4543.5,4543.75,{},5,5,ES,60,fixed_hold,0,6.0,-53.75,-53.83,0.0045167692624477705,-59.25,2023-07-26,0.11149529454679441,ENTERED,1.7281144034050968,5.25,2023
LONG,2023-08-03,4543.75,4543.5,2023-08-09,4496.75,4497.0,{},5,5,ES,60,fixed_hold,0,9.5,-47.0,-47.08,0.005573269213186337,-56.0,2023-08-02,0.08183822669634888,ENTERED,1.3995069979519423,9.25,2023
LONG,2023-08-10,4497.25,4497.0,2023-08-16,4418.75,4419.0,{},5,5,ES,60,fixed_hold,0,5.0,-78.5,-78.58,0.005614594334030493,-83.0,2023-08-09,0.06736940988300577,ENTERED,1.3859712309942311,5.0,2023
LONG,2023-08-17,4419.0,4418.75,2023-08-23,4469.25,4469.5,{},5,5,ES,60,fixed_hold,0,6.25,50.25,50.17,0.005955270836966323,44.5,2023-08-16,0.05530932826162549,ENTERED,1.3063087137710392,6.25,2023
LONG,2023-08-24,4469.75,4469.5,2023-08-30,4524.25,4524.5,{},5,5,ES,60,fixed_hold,0,8.5,54.5,54.42,0.007292328924192605,46.5,2023-08-23,0.054206056177053874,ENTERED,1.063737523094022,8.25,2023
LONG,2023-08-31,4525.0,4524.75,2023-09-06,4470.0,4470.25,{},5,5,ES,60,fixed_hold,0,0.25,-55.0,-55.08,0.00869748237679264,-54.75,2023-08-30,0.04770397501112633,ENTERED,0.8944452946468017,0.5,2023
LONG,2023-09-07,4470.5,4470.25,2023-09-13,4522.75,4523.0,{},5,5,ES,60,fixed_hold,0,51.0,52.25,52.17,0.00833386143523489,1.75,2023-09-06,0.01136877828054339,ENTERED,0.9337407732469879,2.25,2023
LONG,2023-09-14,4523.0,4522.75,2023-09-20,4440.25,4440.5,{},5,5,ES,60,fixed_hold,0,6.75,-82.75,-82.83,0.008137152823225868,-89.0,2023-09-13,0.02550731209613355,ENTERED,0.9585452595976014,6.75,2023
LONG,2023-09-21,4440.75,4440.5,2023-09-27,4321.0,4321.25,{},5,5,ES,60,fixed_hold,0,4.25,-119.75,-119.83,0.008259454510648431,-123.5,2023-09-20,0.0032194295396781314,ENTERED,0.9450374730232174,4.25,2023
SHORT,2023-09-28,4321.0,4321.25,2023-10-04,4292.0,4291.75,{},5,5,ES,60,fixed_hold,0,-15.25,29.0,28.92,0.00720543857388858,44.75,2023-09-27,-0.03559671929922448,ENTERED,1.0832781293257205,-15.25,2023
SHORT,2023-10-05,4291.5,4291.75,2023-10-11,4419.75,4419.5,{},5,5,ES,60,fixed_hold,0,33.0,-128.25,-128.33,0.007934174499896305,-160.75,2023-10-04,-0.04891966759002797,ENTERED,0.9830675220750859,32.75,2023
SHORT,2023-10-12,4419.25,4419.5,2023-10-18,4344.25,4344.0,{},5,5,ES,60,fixed_hold,0,-16.25,75.0,74.92,0.008327993772783733,91.75,2023-10-11,-0.036043404765800036,ENTERED,0.9378768384956996,-16.5,2023
SHORT,2023-10-19,4343.5,4343.75,2023-10-25,4191.75,4191.5,{},5,5,ES,60,fixed_hold,0,-16.5,151.75,151.67,0.008391107120952644,168.75,2023-10-18,-0.055035892973678724,ENTERED,0.9319585300291424,-16.5,2023
SHORT,2023-10-26,4191.25,4191.5,2023-11-01,4266.5,4266.25,{},5,5,ES,60,fixed_hold,0,-12.5,-75.25,-75.33,0.008839766286854959,-62.25,2023-10-25,-0.0775240715268225,ENTERED,0.885870163309545,-13.0,2023
SHORT,2023-11-02,4266.0,4266.25,2023-11-08,4393.0,4392.75,{},5,5,ES,60,fixed_hold,0,1.25,-127.0,-127.08,0.00963772128022759,-127.75,2023-11-01,-0.0513119857682901,ENTERED,0.8131529813849704,1.5,2023
SHORT,2023-11-09,4392.5,4392.75,2023-11-15,4516.75,4516.5,{},5,5,ES,60,fixed_hold,0,3.75,-124.25,-124.33,0.009838402978514921,-127.5,2023-11-08,-0.005940257976917995,ENTERED,0.7969235467968981,3.5,2023
LONG,2023-11-16,4516.75,4516.5,2023-11-22,4563.25,4563.5,{},5,5,ES,60,fixed_hold,0,0.5,46.5,46.42,0.010396931746357342,46.5,2023-11-15,0.010515717641794042,ENTERED,0.7545498322910392,0.75,2023
LONG,2023-11-23,4563.5,4563.25,2023-11-29,4562.25,4562.5,{},5,5,ES,60,fixed_hold,0,-6.5,-1.25,-1.33,0.008197775812460197,5.75,2023-11-22,0.008619736987512505,ENTERED,0.9575972874358606,-6.25,2023
LONG,2023-11-30,4563.0,4562.75,2023-12-06,4555.0,4555.25,{},5,5,ES,60,fixed_hold,0,-6.5,-8.0,-8.08,0.006992488903037432,-1.0,2023-11-29,0.02063642972988111,ENTERED,1.1220293557366594,-6.0,2023
LONG,2023-12-07,4555.5,4555.25,2023-12-13,4769.0,4769.25,{},5,5,ES,60,fixed_hold,0,56.0,213.5,213.42,0.006733487494661457,158.0,2023-12-06,0.007130223303117855,ENTERED,1.1647055438072944,3.75,2023
LONG,2023-12-14,4769.25,4769.0,2023-12-20,4759.0,4759.25,{},5,5,ES,60,fixed_hold,0,4.5,-10.25,-10.33,0.006702707479222242,-14.25,2023-12-13,0.07403445557932731,ENTERED,1.169263773452599,4.75,2023
LONG,2023-12-21,4759.25,4759.0,2023-12-27,4834.25,4834.5,{},5,5,ES,60,fixed_hold,0,1.0,75.0,74.92,0.00723712684004422,74.5,2023-12-20,0.10135956031240978,ENTERED,1.082496393510994,1.0,2023
LONG,2023-12-28,4834.75,4834.5,2024-01-03,4749.75,4750.0,{},5,5,ES,60,fixed_hold,0,5.25,-85.0,-85.08,0.007193255999340471,-89.75,2023-12-27,0.1264635638142948,ENTERED,1.0882467365852748,5.25,2023
LONG,2024-01-04,4750.0,4749.75,2024-01-10,4821.0,4821.25,{},5,5,ES,60,fixed_hold,0,3.5,71.0,70.92,0.007484093140598462,68.0,2024-01-03,0.07478221518271355,ENTERED,1.044832515342333,3.25,2024
LONG,2024-01-11,4821.5,4821.25,2024-01-17,4769.5,4769.75,{},5,5,ES,60,fixed_hold,0,-1.25,-52.0,-52.08,0.005704835152088626,-50.25,2024-01-10,0.1098641804788214,ENTERED,1.3691250075421886,-1.0,2024
LONG,2024-01-18,4770.0,4769.75,2024-01-24,4899.25,4899.5,{},5,5,ES,60,fixed_hold,0,4.5,129.25,129.17,0.004999132615796542,125.25,2024-01-17,0.13795777168078227,ENTERED,1.5607732535541448,4.75,2024
LONG,2024-01-25,4899.5,4899.25,2024-01-31,4876.5,4876.75,{},5,5,ES,60,fixed_hold,0,-8.75,-23.0,-23.08,0.005814017318893035,-13.75,2024-01-24,0.14843246410782251,ENTERED,1.3393062833772746,-8.5,2024
LONG,2024-02-01,4877.0,4876.75,2024-02-07,5013.5,5013.75,{},5,5,ES,60,fixed_hold,0,3.75,136.5,136.42,0.0060402697824126165,133.25,2024-01-31,0.11018154914347456,ENTERED,1.2882512520549307,3.75,2024
LONG,2024-02-08,5013.75,5013.5,2024-02-14,5018.25,5018.5,{},5,5,ES,60,fixed_hold,0,0.5,4.5,4.42,0.006408922070036221,4.5,2024-02-07,0.11009631351710492,ENTERED,1.2114236984195725,0.25,2024
LONG,2024-02-15,5018.75,5018.5,2024-02-21,5021.25,5021.5,{},5,5,ES,60,fixed_hold,0,10.0,2.5,2.42,0.007070349378511175,-7.0,2024-02-14,0.09970417442752155,ENTERED,1.097134454343044,10.0,2024
LONG,2024-02-22,5021.75,5021.5,2024-02-28,5070.75,5071.0,{},5,5,ES,60,fixed_hold,0,4.25,49.0,48.92,0.007086423469274824,45.25,2024-02-21,0.10060273972602807,ENTERED,1.0935530044016533,4.25,2024
LONG,2024-02-29,5071.0,5070.75,2024-03-06,5108.5,5108.75,{},5,5,ES,60,fixed_hold,0,2.75,37.5,37.42,0.00709237407046168,35.25,2024-02-28,0.1132210087261949,ENTERED,1.09263549811374,3.0,2024
LONG,2024-03-07,5109.0,5108.75,2024-03-13,5238.25,5238.5,{},5,5,ES,60,fixed_hold,1,-3.25,66.0,65.92,0.006676948283248517,69.75,2024-03-06,0.07118519683388347,ENTERED,1.1598547541467368,-2.75,2024
LONG,2024-03-14,5239.0,5238.75,2024-03-20,5302.5,5302.75,{},5,5,ES,60,fixed_hold,0,2.5,63.5,63.42,0.006265234438335778,61.5,2024-03-13,0.08741950374256002,ENTERED,1.2342444497690788,2.5,2024
LONG,2024-03-21,5302.75,5302.5,2024-03-27,5303.25,5303.5,{},5,5,ES,60,fixed_hold,0,3.0,0.5,0.42,0.00654354237212667,-2.0,2024-03-20,0.08362315508231077,ENTERED,1.1807579576480718,3.25,2024
LONG,2024-03-28,5303.5,5303.25,2024-04-04,5200.5,5200.75,{},5,5,ES,60,fixed_hold,0,27.75,-103.0,-103.08,0.005797126649655384,-130.25,2024-03-27,0.10305623053389468,ENTERED,1.3321408405041606,0.0,2024
LONG,2024-04-05,5201.0,5200.75,2024-04-11,5244.25,5244.5,{},5,5,ES,60,fixed_hold,0,3.25,43.25,43.17,0.0064286745329090065,40.5,2024-04-04,0.06570011920730012,ENTERED,1.199859310840891,3.5,2024
LONG,2024-04-12,5245.0,5244.75,2024-04-18,5039.75,5040.0,{},5,5,ES,60,fixed_hold,0,17.25,-205.25,-205.33,0.00704393047507375,-222.0,2024-04-11,0.0862684391239219,ENTERED,1.0947207286968468,16.75,2024
LONG,2024-04-19,5040.25,5040.0,2024-04-25,5119.25,5119.5,{},5,5,ES,60,fixed_hold,0,18.0,79.0,78.92,0.007313148250435285,61.5,2024-04-18,0.016266156264205245,ENTERED,1.0547135577080207,18.0,2024
LONG,2024-04-26,5119.75,5119.5,2024-05-02,5106.5,5106.75,{},5,5,ES,60,fixed_hold,0,10.25,-13.25,-13.33,0.008869730613116928,-23.0,2024-04-25,0.03711220021872563,ENTERED,0.8697620784128978,10.0,2024
LONG,2024-05-03,5107.25,5107.0,2024-05-09,5243.25,5243.5,{},5,5,ES,60,fixed_hold,0,-1.75,136.0,135.92,0.009255310160258774,138.25,2024-05-02,0.006260930835605638,ENTERED,0.8343955020265977,-2.0,2024
LONG,2024-05-10,5243.75,5243.5,2024-05-16,5319.75,5320.0,{},5,5,ES,60,fixed_hold,0,1.75,76.0,75.92,0.008939487957205262,74.75,2024-05-09,0.03222894326802184,ENTERED,0.8646420979092363,1.5,2024
LONG,2024-05-17,5320.25,5320.0,2024-05-23,5287.5,5287.75,{},5,5,ES,60,fixed_hold,0,8.0,-32.75,-32.83,0.007616762505227967,-40.25,2024-05-16,0.04666295617415028,ENTERED,1.0140601992035347,7.75,2024
LONG,2024-05-24,5287.75,5287.5,2024-05-30,5242.75,5243.0,{},5,5,ES,60,fixed_hold,0,-4.5,-45.0,-45.08,0.006683769352040363,-40.0,2024-05-23,0.030163105390273337,ENTERED,1.1553827538632042,-4.75,2024
LONG,2024-05-31,5243.0,5242.75,2024-06-06,5364.0,5364.25,{},5,5,ES,60,fixed_hold,0,2.5,121.0,120.92,0.005898460783196971,119.0,2024-05-30,0.01389713411895066,ENTERED,1.3076761705758402,2.75,2024
LONG,2024-06-07,5364.5,5364.25,2024-06-13,5437.75,5438.0,{},5,5,ES,60,fixed_hold,0,0.0,73.25,73.17,0.005994646702326926,73.75,2024-06-06,0.02400496325283874,ENTERED,1.2859809224062524,0.0,2024
LONG,2024-06-14,5438.0,5437.75,2024-06-20,5546.75,5547.0,{},5,5,ES,60,fixed_hold,0,70.25,108.75,108.67,0.005622447869970174,39.0,2024-06-13,0.025505633869219002,ENTERED,1.3704479270052696,1.75,2024
LONG,2024-06-21,5547.0,5546.75,2024-06-27,5554.5,5554.75,{},5,5,ES,60,fixed_hold,0,0.5,7.5,7.42,0.005817783738592852,7.5,2024-06-20,0.04591307627038699,ENTERED,1.3236072726882764,0.25,2024
LONG,2024-06-28,5555.25,5555.0,2024-07-04,5588.0,5588.25,{},5,5,ES,60,fixed_hold,0,-2.25,32.75,32.67,0.0050497976917663326,35.5,2024-06-27,0.06806710570590746,ENTERED,1.5238665543177525,-2.75,2024
LONG,2024-07-05,5588.5,5588.25,2024-07-11,5637.0,5637.25,{},5,5,ES,60,fixed_hold,0,-2.75,48.5,48.42,0.00461128608651822,51.75,2024-07-04,0.06554485651635011,ENTERED,1.6680746215704916,-2.5,2024
LONG,2024-07-12,5637.75,5637.5,2024-07-18,5601.5,5601.75,{},5,5,ES,60,fixed_hold,0,5.0,-36.25,-36.33,0.005109244325776851,-40.75,2024-07-11,0.11850198412698387,ENTERED,1.5039403074488586,4.75,2024
LONG,2024-07-19,5602.0,5601.75,2024-07-25,5451.25,5451.5,{},5,5,ES,60,fixed_hold,0,19.25,-150.75,-150.83,0.005462273397936642,-169.5,2024-07-18,0.09419865221212942,ENTERED,1.4056549355077075,19.5,2024
LONG,2024-07-26,5451.5,5451.25,2024-08-01,5460.75,5461.0,{},5,5,ES,60,fixed_hold,0,13.25,9.25,9.17,0.007254728667742681,-3.5,2024-07-25,0.06750868947960953,ENTERED,1.0575569450459583,13.5,2024
LONG,2024-08-02,5461.25,5461.0,2024-08-08,5357.5,5357.75,{},5,5,ES,60,fixed_hold,0,-34.0,-103.75,-103.83,0.00997036274485788,-69.25,2024-08-01,0.041479927529321614,ENTERED,0.7695094835894707,-34.0,2024
LONG,2024-08-09,5357.75,5357.5,2024-08-15,5574.25,5574.5,{},5,5,ES,60,fixed_hold,0,4.75,216.5,216.42,0.01297368985238511,212.25,2024-08-08,0.007095864661653906,ENTERED,0.5916265025100859,5.25,2024
LONG,2024-08-16,5574.75,5574.5,2024-08-22,5604.25,5604.5,{},5,5,ES,60,fixed_hold,0,5.25,29.5,29.42,0.013880074537253817,24.75,2024-08-15,0.05422911446267231,ENTERED,0.5535992232258183,5.25,2024
LONG,2024-08-23,5605.0,5604.75,2024-08-29,5614.75,5615.0,{},5,5,ES,60,fixed_hold,0,-4.25,9.75,9.67,0.013124464085976619,14.5,2024-08-22,0.06894907495708624,ENTERED,0.5858371118940165,-4.25,2024
LONG,2024-08-30,5615.25,5615.0,2024-09-05,5509.75,5510.0,{},5,5,ES,60,fixed_hold,0,-3.75,-105.5,-105.58,0.01161699248346661,-101.25,2024-08-29,0.04674465209488732,ENTERED,0.6624105007819875,-3.5,2024
LONG,2024-09-06,5510.25,5510.0,2024-09-12,5605.25,5605.5,{},5,5,ES,60,fixed_hold,0,14.25,95.0,94.92,0.00888237395603828,81.25,2024-09-05,0.013240161824199514,ENTERED,0.8668985283055919,14.25,2024
LONG,2024-09-13,5606.0,5605.75,2024-09-19,5770.0,5770.25,{},5,5,ES,60,fixed_hold,1,6.0,102.5,102.42,0.009588126158000304,97.0,2024-09-12,0.010546241211465857,ENTERED,0.8036264751967789,6.25,2024
LONG,2024-09-20,5770.25,5770.0,2024-09-26,5804.75,5805.0,{},5,5,ES,60,fixed_hold,0,9.0,34.5,34.42,0.009420530029829344,26.0,2024-09-19,0.027598862282825154,ENTERED,0.8182899861293108,9.0,2024
LONG,2024-09-27,5805.5,5805.25,2024-10-03,5749.0,5749.25,{},5,5,ES,60,fixed_hold,0,15.0,-56.5,-56.58,0.00870666297562778,-71.0,2024-09-26,0.027590072723472803,ENTERED,0.885905039721218,14.25,2024
LONG,2024-10-04,5749.25,5749.0,2024-10-10,5835.25,5835.5,{},5,5,ES,60,fixed_hold,0,7.25,86.0,85.92,0.007386155846675944,79.25,2024-10-03,0.008875095281696943,ENTERED,1.04399864593068,6.5,2024
LONG,2024-10-11,5835.5,5835.25,2024-10-17,5891.5,5891.75,{},5,5,ES,60,fixed_hold,0,2.5,56.0,55.92,0.0052185903233768855,54.0,2024-10-10,0.030499661102448616,ENTERED,1.4771662287626341,2.25,2024
LONG,2024-10-18,5891.75,5891.5,2024-10-24,5850.25,5850.5,{},5,5,ES,60,fixed_hold,0,6.5,-41.5,-41.58,0.0057484084924406265,-47.5,2024-10-17,0.06910853532065864,ENTERED,1.339621836637583,6.25,2024
LONG,2024-10-25,5851.0,5850.75,2024-10-31,5742.25,5742.5,{},5,5,ES,60,fixed_hold,0,29.75,-108.75,-108.83,0.00604970423506611,-138.0,2024-10-24,0.05977656062490855,ENTERED,1.2728088202588563,29.25,2024
LONG,2024-11-01,5743.0,5742.75,2024-11-07,6007.0,6007.25,{},5,5,ES,60,fixed_hold,0,-9.5,264.0,263.92,0.0068641188659057635,274.0,2024-10-31,0.06025922942099826,ENTERED,1.1208891046477008,-9.25,2024
LONG,2024-11-08,6007.5,6007.25,2024-11-14,5967.0,5967.25,{},5,5,ES,60,fixed_hold,0,14.5,-40.5,-40.58,0.008608753945231402,-54.5,2024-11-07,0.06601493442260842,ENTERED,0.893731671127893,14.0,2024
LONG,2024-11-15,5967.25,5967.0,2024-11-21,5964.0,5964.25,{},5,5,ES,60,fixed_hold,0,5.0,-3.25,-3.33,0.008422978744423854,-7.75,2024-11-14,0.05324853170848742,ENTERED,0.9136557262892255,4.5,2024
LONG,2024-11-22,5964.5,5964.25,2024-11-28,6029.5,6029.75,{},5,5,ES,60,fixed_hold,0,18.25,65.0,64.92,0.008687824032941136,47.25,2024-11-21,0.05075044198785794,ENTERED,0.8863777066832964,18.0,2024
LONG,2024-11-29,6030.25,6030.0,2024-12-05,6084.0,6084.25,{},5,5,ES,60,fixed_hold,0,-5.75,53.75,53.67,0.007552129951055282,60.0,2024-11-28,0.08253316396130761,ENTERED,1.020277998132055,-5.75,2024
LONG,2024-12-06,6084.75,6084.5,2024-12-12,6065.0,6065.25,{},5,5,ES,60,fixed_hold,0,4.0,-19.75,-19.83,0.0045814337745154025,-23.25,2024-12-05,0.07370801885606548,ENTERED,1.6807971579036083,4.5,2024
LONG,2024-12-13,6065.75,6065.5,2024-12-19,5934.0,5934.25,{},5,5,ES,60,fixed_hold,1,6.0,-205.75,-205.83,0.0044728295650105065,-211.25,2024-12-12,0.051124301373425274,ENTERED,1.720436179538539,5.75,2024
LONG,2024-12-20,5934.75,5934.5,2024-12-26,6094.75,6095.0,{},5,5,ES,60,fixed_hold,0,25.0,160.0,159.92,0.007714247383090157,135.5,2024-12-19,0.009912133802201684,ENTERED,0.9975331910436047,24.75,2024
LONG,2024-12-27,6095.5,6095.25,2025-01-02,5914.5,5914.75,{},5,5,ES,60,fixed_hold,0,6.75,-181.0,-181.08,0.008311026808907438,-187.25,2024-12-26,0.04732746320657144,ENTERED,0.9264940527080017,-4.5,2024
LONG,2025-01-03,5914.75,5914.5,2025-01-09,5930.25,5930.5,{},5,5,ES,60,fixed_hold,0,5.5,15.5,15.42,0.008872105082042865,10.5,2025-01-02,0.0013324610827354366,ENTERED,0.8684829538021684,5.75,2025
SHORT,2025-01-10,5930.5,5930.75,2025-01-16,5974.75,5974.5,{},5,5,ES,60,fixed_hold,0,2.0,-44.25,-44.33,0.009613680414036898,-45.75,2025-01-09,-0.005586582578645749,ENTERED,0.8018495576558099,1.75,2025
LONG,2025-01-17,5974.5,5974.25,2025-01-23,6147.75,6148.0,{},5,5,ES,60,fixed_hold,0,-8.5,173.25,173.17,0.008566566780013437,182.25,2025-01-16,0.008854551191394888,ENTERED,0.9003929820822208,-9.0,2025
LONG,2025-01-24,6148.25,6148.0,2025-01-30,6109.0,6109.25,{},5,5,ES,60,fixed_hold,0,-28.75,-39.25,-39.33,0.008330982881603471,-10.0,2025-01-23,0.05767644067987998,ENTERED,0.9259708599479668,-28.75,2025
LONG,2025-01-31,6109.5,6109.25,2025-02-06,6100.0,6100.25,{},5,5,ES,60,fixed_hold,1,0.0,88.25,88.17,0.00805573021970508,88.75,2025-01-30,0.004690202577309455,ENTERED,0.9586454557143443,0.0,2025
LONG,2025-02-07,6100.5,6100.25,2025-02-13,6133.5,6133.75,{},5,5,ES,60,fixed_hold,0,9.25,33.0,32.92,0.007967889896379067,24.25,2025-02-06,0.026477328864237037,ENTERED,0.9696845498087352,9.5,2025
LONG,2025-02-14,6134.25,6134.0,2025-02-20,6137.25,6137.5,{},5,5,ES,60,fixed_hold,0,0.0,3.0,2.92,0.006761287775803747,3.5,2025-02-13,0.03263345982658983,ENTERED,1.1421772632156555,0.5,2025
LONG,2025-02-21,6137.5,6137.25,2025-02-27,5887.25,5887.5,{},5,5,ES,60,fixed_hold,0,20.75,-250.25,-250.33,0.006382018433166366,-270.5,2025-02-20,0.022040628392755224,ENTERED,1.2087472739032534,20.75,2025
SHORT,2025-02-28,5887.25,5887.5,2025-03-06,5765.0,5764.75,{},5,5,ES,60,fixed_hold,0,-16.5,122.25,122.17,0.007518210368454839,139.25,2025-02-27,-0.028372427110556542,ENTERED,1.025945834347282,-16.5,2025
SHORT,2025-03-07,5764.75,5765.0,2025-03-13,5553.0,5552.75,{},5,5,ES,60,fixed_hold,0,38.0,211.75,211.67,0.00789322163318613,174.25,2025-03-06,-0.045649879102828805,ENTERED,0.9772315225821173,38.25,2025
SHORT,2025-03-14,5552.75,5553.0,2025-03-20,5715.0,5714.75,{},5,5,ES,60,fixed_hold,1,20.0,-111.0,-111.08,0.009541725322181133,-130.5,2025-03-13,-0.04896112881188375,ENTERED,0.8091105363912229,20.0,2025
SHORT,2025-03-21,5714.0,5714.25,2025-03-27,5736.25,5736.0,{},5,5,ES,60,fixed_hold,0,-32.5,-22.25,-22.33,0.011406180384432533,10.75,2025-03-20,-0.055639294427724306,ENTERED,0.6770530455682598,-32.5,2025
SHORT,2025-03-28,5735.75,5736.0,2025-04-03,5422.5,5422.25,{},5,5,ES,60,fixed_hold,0,9.75,313.25,313.17,0.011795779921618791,304.0,2025-03-27,-0.023241652707517324,ENTERED,0.6552731292812694,9.75,2025
SHORT,2025-04-04,5422.25,5422.5,2025-04-10,5274.75,5274.5,{},5,5,ES,60,fixed_hold,1,1.0,-35.0,-35.08,0.013935542445659142,-35.5,2025-04-03,-0.07912091621541828,ENTERED,0.5548998800851679,0.0,2025
SHORT,2025-04-11,5274.0,5274.25,2025-04-17,5326.75,5326.5,{},5,5,ES,60,fixed_hold,0,-34.0,-52.75,-52.83,0.03605853812750449,-18.25,2025-04-10,-0.07778921241289005,ENTERED,0.25,-34.25,2025
SHORT,2025-04-21,5292.5,5292.75,2025-04-25,5552.75,5552.5,{},5,5,ES,60,fixed_hold,0,-0.25,-260.25,-260.33,0.03621812688952169,-259.5,2025-04-17,-0.09497924428342897,ENTERED,0.25,0.0,2025
SHORT,2025-04-28,5530.75,5531.0,2025-05-02,5710.75,5710.5,{},5,5,ES,60,fixed_hold,0,0.0,-180.0,-180.08,0.037716132546852986,-179.5,2025-04-25,-0.050595826287417545,ENTERED,0.25,0.0,2025
SHORT,2025-05-05,5678.0,5678.25,2025-05-09,5684.25,5684.0,{},5,5,ES,60,fixed_hold,0,0.5,-6.25,-6.33,0.036405473474671775,-6.25,2025-05-02,-0.037898296650774155,ENTERED,0.25,0.0,2025
SHORT,2025-05-12,5745.25,5745.5,2025-05-16,5948.75,5948.5,{},5,5,ES,60,fixed_hold,0,0.5,-203.5,-203.58,0.013930103786745357,-203.5,2025-05-09,-0.04759321750442369,ENTERED,0.5573483296193066,0.0,2025
SHORT,2025-05-19,5940.5,5940.75,2025-05-23,5815.0,5814.75,{},5,5,ES,60,fixed_hold,0,-0.25,125.5,125.42,0.012877748272643385,126.25,2025-05-16,-0.014545261011782773,ENTERED,0.6038265354105102,0.0,2025
LONG,2025-05-26,5865.75,5865.5,2025-05-30,5913.5,5913.75,{},5,5,ES,60,fixed_hold,0,0.0,47.75,47.67,0.008578514599852644,48.25,2025-05-23,0.004201460724039707,ENTERED,0.9071111472845365,0.0,2025
LONG,2025-06-02,5899.25,5899.0,2025-06-06,6009.75,6010.0,{},5,5,ES,60,fixed_hold,0,0.25,110.5,110.42,0.008557318438255176,110.75,2025-05-30,0.03402065212451011,ENTERED,0.9101248305173487,0.0,2025
LONG,2025-06-09,6003.5,6003.25,2025-06-13,5978.0,5978.25,{},5,5,ES,60,fixed_hold,0,0.25,-25.5,-25.58,0.008684664161470936,-25.25,2025-06-06,0.09097068497365135,ENTERED,0.8981152431809551,0.0,2025
LONG,2025-06-16,5988.25,5988.0,2025-06-20,6024.75,6025.0,{},5,5,ES,60,fixed_hold,1,-0.25,-17.25,-17.33,0.007509870204716422,-16.5,2025-06-13,0.06405767833964426,ENTERED,1.0370655924797125,0.0,2025
LONG,2025-06-23,5999.5,5999.25,2025-06-27,6220.5,6220.75,{},5,5,ES,60,fixed_hold,0,1.25,221.0,220.92,0.006154538261498473,220.25,2025-06-20,0.05887399652033909,ENTERED,1.26437855937138,0.0,2025
LONG,2025-06-30,6238.25,6238.0,2025-07-04,6283.25,6283.5,{},5,5,ES,60,fixed_hold,0,0.25,45.0,44.92,0.005415396718732835,45.25,2025-06-27,0.15653714404027053,ENTERED,1.4358922397062075,0.0,2025
LONG,2025-07-07,6301.5,6301.25,2025-07-11,6293.75,6294.0,{},5,5,ES,60,fixed_hold,0,-0.5,-7.75,-7.83,0.0049555922011977815,-6.75,2025-07-04,0.15792548387963645,ENTERED,1.5666987439139037,0.0,2025
LONG,2025-07-14,6275.75,6275.5,2025-07-18,6335.0,6335.25,{},5,5,ES,60,fixed_hold,0,0.25,59.25,59.17,0.0048606133357511185,59.5,2025-07-11,0.14853728044617664,ENTERED,1.5959146246733522,0.0,2025
LONG,2025-07-21,6343.0,6342.75,2025-07-25,6428.0,6428.25,{},5,5,ES,60,fixed_hold,0,-0.5,85.0,84.92,0.005077393416383495,86.0,2025-07-18,0.10901004459625674,ENTERED,1.527079473418008,0.0,2025
LONG,2025-07-28,6448.0,6447.75,2025-08-01,6263.0,6263.25,{},5,5,ES,60,fixed_hold,0,-0.5,-185.0,-185.08,0.004055786216408315,-184.0,2025-07-25,0.09415515783949702,ENTERED,1.910155649226694,0.0,2025
LONG,2025-08-04,6271.5,6271.25,2025-08-08,6425.0,6425.25,{},5,5,ES,60,fixed_hold,0,-0.75,153.5,153.42,0.006085488832244772,154.75,2025-08-01,0.07104068183424017,ENTERED,1.2725830944727945,0.0,2025
LONG,2025-08-11,6415.0,6414.75,2025-08-15,6467.0,6467.25,{},5,5,ES,60,fixed_hold,0,0.5,52.0,51.92,0.007511140329597645,52.0,2025-08-08,0.06124733690113393,ENTERED,1.0295148929047178,0.0,2025
LONG,2025-08-18,6480.75,6480.5,2025-08-22,6484.5,6484.75,{},5,5,ES,60,fixed_hold,0,-0.25,3.75,3.67,0.007655647713658687,4.5,2025-08-15,0.0927546197398188,ENTERED,1.0100818534559308,0.0,2025
LONG,2025-08-25,6483.5,6483.25,2025-08-29,6473.75,6474.0,{},5,5,ES,60,fixed_hold,0,-0.5,-9.75,-9.83,0.008306824271679294,-8.75,2025-08-22,0.08677169228893056,ENTERED,0.9311616079717342,0.0,2025
LONG,2025-09-01,6488.5,6488.25,2025-09-05,6488.5,6488.75,{},5,5,ES,60,fixed_hold,0,0.0,0.0,-0.08,0.006990122353087076,0.5,2025-08-29,0.06759434305204759,ENTERED,1.1073865593009642,0.0,2025
LONG,2025-09-08,6505.25,6505.0,2025-09-12,6588.25,6588.5,{},5,5,ES,60,fixed_hold,0,0.25,83.0,82.92,0.0058469716001483445,83.25,2025-09-05,0.07570951518347457,ENTERED,1.3225360683848428,0.0,2025
LONG,2025-09-15,6588.5,6588.25,2025-09-19,6719.5,6719.75,{},5,5,ES,60,fixed_hold,1,0.25,74.0,73.92,0.005386149822627423,74.25,2025-09-12,0.09352697095435669,ENTERED,1.4350617558168477,0.0,2025
LONG,2025-09-22,6715.0,6714.75,2025-09-26,6697.5,6697.75,{},5,5,ES,60,fixed_hold,0,-0.5,-17.5,-17.58,0.0041877360534704235,-16.5,2025-09-19,0.07098729491541378,ENTERED,1.8440964447081605,0.0,2025
LONG,2025-09-29,6706.0,6705.75,2025-10-03,6762.75,6763.0,{},5,5,ES,60,fixed_hold,0,0.25,56.75,56.67,0.00431371026222045,57.0,2025-09-26,0.05682058684541058,ENTERED,1.7897146595918378,0.0,2025
LONG,2025-10-06,6778.75,6778.5,2025-10-10,6551.75,6552.0,{},5,5,ES,60,fixed_hold,0,-0.75,-227.0,-227.08,0.003462240404749469,-225.75,2025-10-03,0.0653359924980843,ENTERED,2.227894106976302,0.0,2025
LONG,2025-10-13,6668.5,6668.25,2025-10-17,6710.75,6711.0,{},5,5,ES,60,fixed_hold,0,-0.25,42.25,42.17,0.008857279493884913,43.0,2025-10-10,0.025378205620201433,ENTERED,0.870840376504778,0.0,2025
LONG,2025-10-20,6705.75,6705.5,2025-10-24,6825.0,6825.25,{},5,5,ES,60,fixed_hold,0,0.25,119.25,119.17,0.00928974714198398,119.5,2025-10-17,0.01702223173844919,ENTERED,0.8304044518312532,0.0,2025
LONG,2025-10-27,6871.0,6870.75,2025-10-31,6872.0,6872.25,{},5,5,ES,60,fixed_hold,0,0.5,1.0,0.92,0.009681642888876262,1.0,2025-10-24,0.06158502296202184,ENTERED,0.7976241149133316,0.0,2025
LONG,2025-11-03,6892.75,6892.5,2025-11-07,6764.75,6765.0,{},5,5,ES,60,fixed_hold,0,0.25,-128.0,-128.08,0.010085877236602236,-127.75,2025-10-31,0.04194521818882935,ENTERED,0.7658090141437737,0.0,2025
LONG,2025-11-10,6785.25,6785.0,2025-11-14,6765.0,6765.25,{},5,5,ES,60,fixed_hold,0,0.25,-20.25,-20.33,0.006931785490464024,-20.0,2025-11-07,0.01902330795197904,ENTERED,1.1150745550602563,0.0,2025
LONG,2025-11-17,6766.75,6766.5,2025-11-21,6631.25,6631.5,{},5,5,ES,60,fixed_hold,0,-0.5,-135.5,-135.58,0.0076481457546726216,-134.5,2025-11-14,0.016310888088797215,ENTERED,1.009899124715113,0.0,2025
SHORT,2025-11-24,6653.0,6653.25,2025-11-28,6857.5,6857.25,{},5,5,ES,60,fixed_hold,0,-0.25,-204.5,-204.58,0.009970757610557126,-203.75,2025-11-21,-0.0021275209312044963,ENTERED,0.7752126692327065,0.0,2025
LONG,2025-12-01,6853.25,6853.0,2025-12-05,6879.25,6879.5,{},5,5,ES,60,fixed_hold,0,0.0,26.0,25.92,0.010419877672696587,26.5,2025-11-28,0.029496578275402863,ENTERED,0.7421229955780111,0.0,2025
LONG,2025-12-08,6881.5,6881.25,2025-12-12,6833.25,6833.5,{},5,5,ES,60,fixed_hold,0,-0.25,-48.25,-48.33,0.009741826815792545,-47.5,2025-12-05,0.017199858151025094,ENTERED,0.7945909620492578,0.0,2025
SHORT,2025-12-15,6832.75,6833.0,2025-12-19,6893.75,6893.5,{},5,5,ES,60,fixed_hold,1,-0.5,-6.0,-6.08,0.009114935477275541,-5.0,2025-12-12,-0.0008007534015573858,ENTERED,0.8496764673678148,0.0,2025
LONG,2025-12-22,6906.5,6906.25,2025-12-26,6976.75,6977.0,{},5,5,ES,60,fixed_hold,0,-0.25,70.25,70.17,0.006147498385431162,71.0,2025-12-19,0.003157933853624506,ENTERED,1.2598478812788634,0.0,2025
LONG,2025-12-29,6979.75,6979.5,2026-01-02,6900.25,6900.5,{},5,5,ES,60,fixed_hold,0,8.0,-79.5,-79.58,0.005088731619640621,-87.0,2025-12-26,0.00551325726139118,ENTERED,1.5211585362060278,0.0,2025
LONG,2026-01-05,6907.5,6907.25,2026-01-09,7003.75,7004.0,{},5,5,ES,60,fixed_hold,0,0.0,96.25,96.17,0.0052240935654094675,96.75,2026-01-02,0.026514614633959654,ENTERED,1.480638841764169,0.0,2026
LONG,2026-01-12,6998.25,6998.0,2026-01-16,6977.5,6977.75,{},5,5,ES,60,fixed_hold,0,-0.5,-20.75,-20.83,0.004986586393188157,-19.75,2026-01-09,0.035274099311453755,ENTERED,1.5500498762261512,0.0,2026
LONG,2026-01-19,6933.5,6933.25,2026-01-23,6933.5,6933.75,{},5,5,ES,60,fixed_hold,0,0.0,0.0,-0.08,0.003901327345938054,0.5,2026-01-16,0.014129210381427448,ENTERED,1.9798020054326733,0.0,2026
LONG,2026-01-26,6914.75,6914.5,2026-01-30,6961.0,6961.25,{},5,5,ES,60,fixed_hold,0,0.0,46.25,46.17,0.005836759162277431,46.75,2026-01-23,0.0008423621049564733,ENTERED,1.3227049941384463,0.0,2026
LONG,2026-02-02,6946.75,6946.5,2026-02-06,6945.5,6945.75,{},5,5,ES,60,fixed_hold,0,0.0,-1.25,-1.33,0.005921781007527467,-0.75,2026-01-30,0.020741754152005187,ENTERED,1.302690419197231,0.0,2026
LONG,2026-02-09,6973.0,6972.75,2026-02-13,6845.0,6845.25,{},5,5,ES,60,fixed_hold,0,-0.5,-128.0,-128.08,0.009848471048078908,-127.0,2026-02-06,0.018431322678713835,ENTERED,0.783218527730883,0.0,2026
LONG,2026-02-16,6860.75,6860.5,2026-02-20,6924.5,6924.75,{},5,5,ES,60,fixed_hold,0,0.5,63.75,63.67,0.010270379180280443,63.75,2026-02-13,0.023938777048932547,ENTERED,0.7517064713979607,0.0,2026
LONG,2026-02-23,6906.25,6906.0,2026-02-27,6875.0,6875.25,{},5,5,ES,60,fixed_hold,0,0.0,-31.25,-31.33,0.009495477135685814,-30.75,2026-02-20,0.0017297365406692133,ENTERED,0.813291323566883,0.0,2026
SHORT,2026-03-02,6816.75,6817.0,2026-03-06,6740.25,6740.0,{},5,5,ES,60,fixed_hold,0,-0.25,76.5,76.42,0.009928457458615465,77.25,2026-02-27,-0.008647582391024367,ENTERED,0.7785154596039527,0.0,2026
SHORT,2026-03-09,6628.25,6628.5,2026-03-13,6625.5,6625.25,{},5,5,ES,60,fixed_hold,0,0.25,2.75,2.67,0.007652603014089449,3.0,2026-03-06,-0.013247242277583227,ENTERED,1.0102961793937142,0.0,2026
SHORT,2026-03-16,6649.0,6649.25,2026-03-20,6588.75,6588.5,{},5,5,ES,60,fixed_hold,0,-51.25,60.25,60.17,0.009194122759928768,112.0,2026-03-13,-0.01439629473100057,ENTERED,0.8416321741480726,0.0,2026
SHORT,2026-03-23,6539.5,6539.75,2026-03-27,6398.25,6398.0,{},5,5,ES,60,fixed_hold,0,-0.5,141.25,141.17,0.009792293895954074,142.25,2026-03-20,-0.03159357098511317,ENTERED,0.7908555739648938,0.0,2026
SHORT,2026-03-30,6367.5,6367.75,2026-04-03,6604.0,6603.75,{},5,5,ES,60,fixed_hold,0,0.25,-236.5,-236.58,0.010917428277985,-236.25,2026-03-27,-0.049168606830554795,ENTERED,0.709616107023144,0.0,2026
SHORT,2026-04-06,6587.25,6587.5,2026-04-10,6864.0,6863.75,{},5,5,ES,60,fixed_hold,0,0.25,-276.75,-276.83,0.012593938347308894,-276.5,2026-04-03,-0.03309384916204028,ENTERED,0.6153661222723298,0.0,2026
LONG,2026-04-13,6784.75,6784.5,2026-04-17,7164.0,7164.25,{},5,5,ES,60,fixed_hold,0,-0.25,379.25,379.17,0.012396210170177419,380.0,2026-04-10,0.008755435750057883,ENTERED,0.6257657623512618,0.0,2026
LONG,2026-04-20,7107.0,7106.75,2026-04-24,7195.25,7195.5,{},5,5,ES,60,fixed_hold,0,0.25,88.25,88.17,0.012479161469129401,88.5,2026-04-17,0.07197831481833328,ENTERED,0.6219637328205123,0.0,2026
LONG,2026-04-27,7179.0,7178.75,2026-05-01,7247.5,7247.75,{},5,5,ES,60,fixed_hold,0,0.0,68.5,68.42,0.009765606106708687,69.0,2026-04-24,0.08107764618289237,ENTERED,0.7962563755276902,0.0,2026
LONG,2026-05-04,7262.0,7261.75,2026-05-08,7420.25,7420.5,{},5,5,ES,60,fixed_hold,0,0.5,158.25,158.17,0.007394892729864497,158.25,2026-05-01,0.09135790315997805,ENTERED,1.0499030020559021,0.0,2026
LONG,2026-05-11,7403.0,7402.75,2026-05-15,7417.75,7418.0,{},5,5,ES,60,fixed_hold,0,-1.0,14.75,14.67,0.0065958609647412,16.25,2026-05-08,0.13377531272639187,ENTERED,1.1760740030430294,0.0,2026
LONG,2026-05-18,7411.25,7411.0,2026-05-22,7484.0,7484.25,{},5,5,ES,60,fixed_hold,0,-0.5,72.75,72.67,0.006292495919781338,73.75,2026-05-15,0.12038134975539516,ENTERED,1.2321951994044997,0.0,2026
LONG,2026-05-25,7537.75,7537.5,2026-05-29,7590.5,7590.75,{},5,5,ES,60,fixed_hold,0,-0.25,52.75,52.67,0.006433719876132984,53.5,2026-05-22,0.13852594543365604,ENTERED,1.204494417612983,0.0,2026
LONG,2026-06-01,7605.5,7605.25,2026-06-05,7367.75,7368.0,{},5,5,ES,60,fixed_hold,0,-0.25,-237.75,-237.83,0.006348231378614933,-237.0,2026-05-29,0.16791902157713623,ENTERED,1.2199848610916273,0.0,2026
LONG,2026-06-08,7400.25,7400.0,2026-06-12,7436.0,7436.25,{},5,5,ES,60,fixed_hold,0,0.0,35.75,35.67,0.008851984230104479,36.25,2026-06-05,0.13420263135690114,ENTERED,0.8748648899735195,0.0,2026
LONG,2026-06-15,7496.75,7496.5,2026-06-19,7556.0,7556.25,{},5,5,ES,60,fixed_hold,1,-0.25,-9.0,-9.08,0.01040441488443174,-8.25,2026-06-12,0.15109385572173828,ENTERED,0.7443871569980832,0.0,2026
LONG,2026-06-22,7516.0,7515.75,2026-06-26,7397.0,7397.25,{},5,5,ES,60,fixed_hold,0,0.0,-119.0,-119.08,0.010410326672360852,-118.5,2026-06-19,0.18407436842122005,ENTERED,0.744441865162215,0.0,2026
LONG,2026-06-29,7447.75,7447.5,2026-07-03,7556.75,7557.0,{},5,5,ES,60,fixed_hold,0,0.0,109.0,108.92,0.0104083816457905,109.5,2026-06-26,0.12304347898780832,ENTERED,0.7450922634459471,0.0,2026
LONG,2026-07-06,7570.25,7570.0,2026-07-10,7625.75,7626.0,{},5,5,ES,60,fixed_hold,0,-0.5,55.5,55.42,0.008747033966989882,56.5,2026-07-03,0.10383678607978997,ENTERED,0.8873391688086272,0.0,2026
LONG,2026-07-13,7599.5,7599.25,2026-07-17,7494.5,7494.75,{},5,5,ES,60,fixed_hold,0,0.0,-105.0,-105.08,0.0061235665086784045,-104.5,2026-07-10,0.05487100776894849,ENTERED,1.2667814740518943,0.0,2026
LONG,2026-07-20,7504.75,7504.5,2026-07-24,7443.75,7444.0,{},5,5,ES,60,fixed_hold,0,0.0,-61.0,-61.08,0.006657526280852735,-60.5,2026-07-17,0.02392881944363845,ENTERED,1.1648778107831914,0.0,2026
LONG,2026-07-27,7511.25,7511.0,2026-07-31,7503.25,7503.5,{},5,5,ES,60,fixed_hold,0,0.75,-8.0,-8.08,0.006572193823139589,-8.25,2026-07-24,0.009663725179076765,ENTERED,1.179116119187418,0.0,2026
SHORT,2026-08-03,7551.25,7551.5,2026-08-07,7777.5,7777.25,{},5,5,ES,60,fixed_hold,0,0.0,-226.25,-226.33,0.007810350140855876,-225.75,2026-07-31,-0.0148260641542719,ENTERED,0.992193632235632,0.0,2026
LONG,2026-08-10,7767.25,7767.0,2026-08-14,7802.25,7802.5,{},5,5,ES,60,fixed_hold,0,0.0,35.0,34.92,0.00948305339734242,35.5,2026-08-07,0.021460146076939912,ENTERED,0.8176251824965862,0.0,2026
