strategy,source_path,instrument,trading_date,entry_ts,exit_ts,entry_time,exit_time,direction,outcome,r_multiple,pnl_R,points,gross_pnl,net_pnl,win_loss,holding_time,mae,mfe,mae_r,mfe_r,risk_points,stop,target,fees_slippage_assumption,session_day,news_blackout,frozen_status,hit_2r_mfe,stop_hit_flag
GC_VWAP_V2_FROZEN,reconstructed:frozen_v2_5m_stitch,GC,2025-08-04,1754313000,1754313000,2025-08-04T13:10:00Z,2025-08-04T13:10:00Z,bearish,STOP_HIT,-1.1971935175547317,-1.1971935175547317,-0.849962486272616,UNAVAILABLE,-8.49962486272616,LOSS,0.0,1.8099624862729797,0.8900375137272931,2.5493776379305464,1.2536402006253762,0.7099624862726159,3399.2,3397.070112541182,1_TICK_ADVERSE_ENTRY + 1_TICK_EXIT + 0.04pt_commission (family_port GC model),2025-08-04,False,AMBIGUOUS,,False
GC_VWAP_V2_FROZEN,reconstructed:frozen_v2_5m_stitch,GC,2025-08-05,1754401500,1754402400,2025-08-05T13:45:00Z,2025-08-05T14:00:00Z,bearish,STOP_HIT,-1.0374444529263003,-1.0374444529263003,-3.878871556637605,UNAVAILABLE,-38.78871556637605,LOSS,900.0,4.438871556637423,3.861128443362759,1.187222264631453,1.0326988731421147,3.738871556637605,3407.3,3396.0833853300874,1_TICK_ADVERSE_ENTRY + 1_TICK_EXIT + 0.04pt_commission (family_port GC model),2025-08-05,False,STOP_HIT,False,True
GC_VWAP_V2_FROZEN,reconstructed:frozen_v2_5m_stitch,GC,2025-08-06,1754485200,1754485200,2025-08-06T13:00:00Z,2025-08-06T13:00:00Z,bearish,STOP_HIT,-1.1200114704868802,-1.1200114704868802,-1.306555158702977,UNAVAILABLE,-13.06555158702977,LOSS,0.0,3.6665551587029768,0.7334448412971142,3.1430619729800013,0.628727099464879,1.1665551587029768,3396.5,3393.000334523891,1_TICK_ADVERSE_ENTRY + 1_TICK_EXIT + 0.04pt_commission (family_port GC model),2025-08-06,False,AMBIGUOUS,,False
GC_VWAP_V2_FROZEN,reconstructed:frozen_v2_5m_stitch,GC,2025-08-06,1754490900,1754491500,2025-08-06T14:35:00Z,2025-08-06T14:45:00Z,bearish,STOP_HIT,-1.0604408961263119,-1.0604408961263119,-2.4563124469137985,UNAVAILABLE,-24.563124469137986,LOSS,600.0,3.3163124469137983,0.48368755308638356,1.4317206866165129,0.2088179225263145,2.3163124469137983,3405.5,3398.5510626592586,1_TICK_ADVERSE_ENTRY + 1_TICK_EXIT + 0.04pt_commission (family_port GC model),2025-08-06,False,STOP_HIT,False,True
GC_VWAP_V2_FROZEN,reconstructed:frozen_v2_5m_stitch,GC,2025-08-06,1754493300,1754495400,2025-08-06T15:15:00Z,2025-08-06T15:50:00Z,bearish,STOP_HIT,-1.0333325551099743,-1.0333325551099743,-4.340098058432559,UNAVAILABLE,-43.40098058432559,LOSS,2100.0,5.400098058432377,4.799901941567441,1.2857076152283091,1.142807114212644,4.200098058432559,3408.8,3396.1997058247025,1_TICK_ADVERSE_ENTRY + 1_TICK_EXIT + 0.04pt_commission (family_port GC model),2025-08-06,False,STOP_HIT,False,True
GC_VWAP_V2_FROZEN,reconstructed:frozen_v2_5m_stitch,GC,2025-08-07,1754571300,1754571300,2025-08-07T12:55:00Z,2025-08-07T12:55:00Z,bullish,TARGET_HIT,1.312899870512835,1.312899870512835,0.26750974710044834,UNAVAILABLE,2.6750974710044835,WIN,0.0,0.1037548735503151,2.296245126449776,0.5092141932238997,11.269645169413666,0.20375487355022415,3424.8,3425.411264620651,1_TICK_ADVERSE_ENTRY + 1_TICK_EXIT + 0.04pt_commission (family_port GC model),2025-08-07,False,AMBIGUOUS,True,False
GC_VWAP_V2_FROZEN,reconstructed:frozen_v2_5m_stitch,GC,2025-08-07,1754576100,1754587800,2025-08-07T14:15:00Z,2025-08-07T17:30:00Z,bullish,TIME_EXIT,0.0029413779249107927,0.0029413779249107927,0.050619292514384136,UNAVAILABLE,0.5061929251438414,WIN,11700.0,12.409380707485525,2.690619292514384,0.7210823514461339,0.15634608462953134,17.209380707485707,3407.5,3459.128142122457,1_TICK_ADVERSE_ENTRY + 1_TICK_EXIT + 0.04pt_commission (family_port GC model),2025-08-07,False,EXPIRED,False,False
GC_VWAP_V2_FROZEN,reconstructed:frozen_v2_5m_stitch,GC,2025-08-11,1754922300,1754923200,2025-08-11T14:25:00Z,2025-08-11T14:40:00Z,bearish,TARGET_HIT,1.9768094713953612,1.9768094713953612,11.93389468233123,UNAVAILABLE,119.3389468233123,WIN,900.0,1.3369473411657964,13.863052658834476,0.22146082541572384,2.296367994516546,6.0369473411656145,3390.0,3371.889157976503,1_TICK_ADVERSE_ENTRY + 1_TICK_EXIT + 0.04pt_commission (family_port GC model),2025-08-11,False,TARGET_2R_HIT,True,False
GC_VWAP_V2_FROZEN,reconstructed:frozen_v2_5m_stitch,GC,2025-08-12,1755009000,1755012300,2025-08-12T14:30:00Z,2025-08-12T15:25:00Z,bullish,TARGET_HIT,1.9830163402675711,1.9830163402675711,16.346434868061223,UNAVAILABLE,163.46434868061223,WIN,3300.0,6.043217434030794,22.956782565969206,0.7331139184904281,2.784929883226947,8.243217434030612,3351.5,3376.229652302092,1_TICK_ADVERSE_ENTRY + 1_TICK_EXIT + 0.04pt_commission (family_port GC model),2025-08-12,False,TARGET_2R_HIT,True,False
GC_VWAP_V2_FROZEN,reconstructed:frozen_v2_5m_stitch,GC,2025-08-14,1755180900,1755187800,2025-08-14T14:15:00Z,2025-08-14T16:10:00Z,bullish,STOP_HIT,-1.030480489534421,-1.030480489534421,-4.733102083937992,UNAVAILABLE,-47.331020839379924,LOSS,6900.0,7.193102083937902,7.706897916062189,1.5660662342106588,1.6779287233813271,4.593102083937993,3354.6,3368.379306251814,1_TICK_ADVERSE_ENTRY + 1_TICK_EXIT + 0.04pt_commission (family_port GC model),2025-08-14,False,STOP_HIT,False,True
GC_VWAP_V2_FROZEN,reconstructed:frozen_v2_5m_stitch,GC,2025-08-18,1755525000,1755525000,2025-08-18T13:50:00Z,2025-08-18T13:50:00Z,bullish,STOP_HIT,-1.112982820835065,-1.112982820835065,-1.3791264350212624,UNAVAILABLE,-13.791264350212625,LOSS,0.0,1.339126435021626,0.36087356497864675,1.0807020148824829,0.29123223811495436,1.2391264350212623,3356.3,3360.017379305064,1_TICK_ADVERSE_ENTRY + 1_TICK_EXIT + 0.04pt_commission (family_port GC model),2025-08-18,False,AMBIGUOUS,,False
GC_VWAP_V2_FROZEN,reconstructed:frozen_v2_5m_stitch,GC,2025-08-19,1755609300,1755614400,2025-08-19T13:15:00Z,2025-08-19T14:40:00Z,bullish,STOP_HIT,-1.0252378773971766,-1.0252378773971766,-5.687217691756486,UNAVAILABLE,-56.872176917564865,LOSS,5100.0,5.647217691756396,8.252782308243695,1.0180270552836812,1.487733629150312,5.547217691756487,3342.6,3359.2416530752694,1_TICK_ADVERSE_ENTRY + 1_TICK_EXIT + 0.04pt_commission (family_port GC model),2025-08-19,False,STOP_HIT,False,True
GC_VWAP_V2_FROZEN,reconstructed:frozen_v2_5m_stitch,GC,2025-08-20,1755701700,1755702300,2025-08-20T14:55:00Z,2025-08-20T15:05:00Z,bearish,TARGET_HIT,1.9341612886571664,1.9341612886571664,4.112817138871251,UNAVAILABLE,41.12817138871251,WIN,600.0,0.6264085694356254,4.673591430564102,0.29458523561249655,2.1978802652232208,2.1264085694356254,3366.6,3360.220774291693,1_TICK_ADVERSE_ENTRY + 1_TICK_EXIT + 0.04pt_commission (family_port GC model),2025-08-20,False,TARGET_3R_HIT,True,False
GC_VWAP_V2_FROZEN,reconstructed:frozen_v2_5m_stitch,GC,2025-08-25,1756130100,1756130400,2025-08-25T13:55:00Z,2025-08-25T14:00:00Z,bearish,STOP_HIT,-1.0963524477865576,-1.0963524477865576,-1.592998893293625,UNAVAILABLE,-15.92998893293625,LOSS,300.0,3.452998893293625,0.5470011067063751,2.376463539807966,0.37646353980796604,1.4529988932936249,3389.0,3384.641003320119,1_TICK_ADVERSE_ENTRY + 1_TICK_EXIT + 0.04pt_commission (family_port GC model),2025-08-25,False,STOP_HIT,False,True
GC_VWAP_V2_FROZEN,reconstructed:frozen_v2_5m_stitch,GC,2025-08-26,1756222200,1756222500,2025-08-26T15:30:00Z,2025-08-26T15:35:00Z,bearish,STOP_HIT,-1.0959903900107826,-1.0959903900107826,-1.5984793330277536,UNAVAILABLE,-15.984793330277537,LOSS,300.0,1.4584793330277535,0.2415206669725194,1.0,0.16559759298826038,1.4584793330277535,3402.8,3398.424562000917,1_TICK_ADVERSE_ENTRY + 1_TICK_EXIT + 0.04pt_commission (family_port GC model),2025-08-26,False,STOP_HIT,False,True
GC_VWAP_V2_FROZEN,reconstructed:frozen_v2_5m_stitch,GC,2025-08-26,1756222800,1756222800,2025-08-26T15:40:00Z,2025-08-26T15:40:00Z,bearish,STOP_HIT,-1.3603034009932433,-1.3603034009932433,-0.5285614168893881,UNAVAILABLE,-5.285614168893881,LOSS,0.0,1.988561416889297,0.011438583110702893,5.117753154208262,0.02943828855235804,0.38856141688938806,3402.8,3401.634315749332,1_TICK_ADVERSE_ENTRY + 1_TICK_EXIT + 0.04pt_commission (family_port GC model),2025-08-26,False,AMBIGUOUS,,False
GC_VWAP_V2_FROZEN,reconstructed:frozen_v2_5m_stitch,GC,2025-08-27,1756300800,1756301400,2025-08-27T13:20:00Z,2025-08-27T13:30:00Z,bearish,TARGET_HIT,1.8987097361189693,1.8987097361189693,2.624332812173052,UNAVAILABLE,26.243328121730517,WIN,600.0,0.7821664060866169,5.317833593913292,0.565898869081363,3.84746262859205,1.382166406086526,3405.5,3401.3535007817404,1_TICK_ADVERSE_ENTRY + 1_TICK_EXIT + 0.04pt_commission (family_port GC model),2025-08-27,False,STOP_HIT,True,True
GC_VWAP_V2_FROZEN,reconstructed:frozen_v2_5m_stitch,GC,2025-08-27,1756303200,1756306500,2025-08-27T14:00:00Z,2025-08-27T14:55:00Z,bullish,TARGET_HIT,1.959970410675569,1.959970410675569,6.854825695828695,UNAVAILABLE,68.54825695828696,WIN,3300.0,2.5974128479142564,8.902587152085744,0.742666925771489,2.5454779115924864,3.4974128479143474,3395.6,3406.092238543743,1_TICK_ADVERSE_ENTRY + 1_TICK_EXIT + 0.04pt_commission (family_port GC model),2025-08-27,False,TARGET_3R_HIT,True,False
GC_VWAP_V2_FROZEN,reconstructed:frozen_v2_5m_stitch,GC,2025-08-27,1756307100,1756307100,2025-08-27T15:05:00Z,2025-08-27T15:05:00Z,bearish,STOP_HIT,-1.2546319640289691,-1.2546319640289691,-0.6898131412286966,UNAVAILABLE,-6.898131412286967,LOSS,0.0,1.2498131412285147,0.4501868587713034,2.2731598201445147,0.8187997430640652,0.5498131412286966,3408.0,3406.350560576314,1_TICK_ADVERSE_ENTRY + 1_TICK_EXIT + 0.04pt_commission (family_port GC model),2025-08-27,False,AMBIGUOUS,,False
GC_VWAP_V2_FROZEN,reconstructed:frozen_v2_5m_stitch,GC,2025-08-27,1756308000,1756311300,2025-08-27T15:20:00Z,2025-08-27T16:15:00Z,bearish,STOP_HIT,-1.0612022148560287,-1.0612022148560287,-2.42749891371308,UNAVAILABLE,-24.2749891371308,LOSS,3300.0,2.3874989137129887,2.5125010862871022,1.0437158677542664,1.0983616522067754,2.2874989137130797,3412.5,3405.6375032588608,1_TICK_ADVERSE_ENTRY + 1_TICK_EXIT + 0.04pt_commission (family_port GC model),2025-08-27,False,STOP_HIT,False,True
GC_VWAP_V2_FROZEN,reconstructed:frozen_v2_5m_stitch,GC,2025-08-28,1756385700,1756386000,2025-08-28T12:55:00Z,2025-08-28T13:00:00Z,bullish,STOP_HIT,-1.1255699937362602,-1.1255699937362602,-1.2549160387317353,UNAVAILABLE,-12.549160387317354,LOSS,300.0,1.2149160387316442,1.5850839612685377,1.0896928526686758,1.4217070220566912,1.1149160387317352,3427.1,3430.444748116195,1_TICK_ADVERSE_ENTRY + 1_TICK_EXIT + 0.04pt_commission (family_port GC model),2025-08-28,False,AMBIGUOUS,False,False
GC_VWAP_V2_FROZEN,reconstructed:frozen_v2_5m_stitch,GC,2025-08-28,1756399500,1756399500,2025-08-28T16:45:00Z,2025-08-28T16:45:00Z,bearish,TARGET_HIT,1.8822566979338224,1.8822566979338224,2.238054590677493,UNAVAILABLE,22.38054590677493,WIN,0.0,0.4890272953389285,2.7109727046613443,0.41128348966926587,2.2799919861293048,1.1890272953387466,3447.5,3443.9329181139838,1_TICK_ADVERSE_ENTRY + 1_TICK_EXIT + 0.04pt_commission (family_port GC model),2025-08-28,False,TARGET_2R_HIT,True,False
GC_VWAP_V2_FROZEN,reconstructed:frozen_v2_5m_stitch,GC,2025-09-02,1756821300,1756821900,2025-09-02T13:55:00Z,2025-09-02T14:05:00Z,bearish,STOP_HIT,-1.0273606901502996,-1.0273606901502996,-5.256829993356987,UNAVAILABLE,-52.56829993356987,LOSS,600.0,7.116829993356987,3.583170006642831,1.390867002147137,0.70027145934001,5.116829993356987,3529.0,3513.649510019929,1_TICK_ADVERSE_ENTRY + 1_TICK_EXIT + 0.04pt_commission (family_port GC model),2025-09-02,False,STOP_HIT,False,True
GC_VWAP_V2_FROZEN,reconstructed:frozen_v2_5m_stitch,GC,2025-09-02,1756823400,1756823400,2025-09-02T14:30:00Z,2025-09-02T14:30:00Z,bearish,STOP_HIT,-1.06209095768429,-1.06209095768429,-2.394756654130688,UNAVAILABLE,-23.94756654130688,LOSS,0.0,7.454756654130506,0.7452433458693122,3.3062355711306934,0.3305205218062158,2.254756654130688,3531.0,3524.235730037608,1_TICK_ADVERSE_ENTRY + 1_TICK_EXIT + 0.04pt_commission (family_port GC model),2025-09-02,False,AMBIGUOUS,,False
GC_VWAP_V2_FROZEN,reconstructed:frozen_v2_5m_stitch,GC,2025-09-02,1756823400,1756824000,2025-09-02T14:30:00Z,2025-09-02T14:40:00Z,bearish,STOP_HIT,-1.0226856406613143,-1.0226856406613143,-6.311304663162573,UNAVAILABLE,-63.11304663162573,LOSS,600.0,13.771304663162482,4.328695336837427,2.231506207328481,0.7014230495985796,6.171304663162573,3538.5,3519.9860860105123,1_TICK_ADVERSE_ENTRY + 1_TICK_EXIT + 0.04pt_commission (family_port GC model),2025-09-02,False,STOP_HIT,False,True
GC_VWAP_V2_FROZEN,reconstructed:frozen_v2_5m_stitch,GC,2025-09-02,1756824600,1756825500,2025-09-02T14:50:00Z,2025-09-02T15:05:00Z,bearish,STOP_HIT,-1.0190998977139776,-1.0190998977139776,-7.46988218557557,UNAVAILABLE,-74.6988218557557,LOSS,900.0,9.129882185575752,0.17011781442442953,1.245570113465451,0.023208806105943055,7.3298821855755705,3550.5,3528.5103534432733,1_TICK_ADVERSE_ENTRY + 1_TICK_EXIT + 0.04pt_commission (family_port GC model),2025-09-02,False,STOP_HIT,False,True
GC_VWAP_V2_FROZEN,reconstructed:frozen_v2_5m_stitch,GC,2025-09-03,1756905300,1756905300,2025-09-03T13:15:00Z,2025-09-03T13:15:00Z,bearish,TARGET_HIT,1.7076160072118463,1.7076160072118463,0.8176447647832538,UNAVAILABLE,8.176447647832537,WIN,0.0,0.37882238239171784,3.621177617608282,0.7911542908657945,7.562674074510025,0.4788223823916269,3593.4,3591.963532852825,1_TICK_ADVERSE_ENTRY + 1_TICK_EXIT + 0.04pt_commission (family_port GC model),2025-09-03,False,AMBIGUOUS,True,False
GC_VWAP_V2_FROZEN,reconstructed:frozen_v2_5m_stitch,GC,2025-09-03,1756909800,1756911000,2025-09-03T14:30:00Z,2025-09-03T14:50:00Z,bearish,TARGET_HIT,1.956160572097266,1.956160572097266,6.246944661349844,UNAVAILABLE,62.46944661349844,WIN,1200.0,1.9934723306751039,9.506527669324896,0.6242334751194776,2.9768623883194083,3.193472330674922,3601.5,3591.9195830079752,1_TICK_ADVERSE_ENTRY + 1_TICK_EXIT + 0.04pt_commission (family_port GC model),2025-09-03,False,STOP_HIT,True,True
GC_VWAP_V2_FROZEN,reconstructed:frozen_v2_5m_stitch,GC,2025-09-03,1756917600,1756917600,2025-09-03T16:40:00Z,2025-09-03T16:40:00Z,bearish,TARGET_HIT,1.8355419940152102,1.8355419940152102,1.5625622943883717,UNAVAILABLE,15.625622943883716,WIN,0.0,0.25128114719427685,1.7487188528057231,0.29517997435100846,2.054220111145986,0.8512811471941859,3604.5,3601.9461565584174,1_TICK_ADVERSE_ENTRY + 1_TICK_EXIT + 0.04pt_commission (family_port GC model),2025-09-03,False,STOP_HIT,True,True
GC_VWAP_V2_FROZEN,reconstructed:frozen_v2_5m_stitch,GC,2025-09-04,1756992600,1756992600,2025-09-04T13:30:00Z,2025-09-04T13:30:00Z,bearish,STOP_HIT,-1.0454461945871956,-1.0454461945871956,-3.2205659587490483,UNAVAILABLE,-32.20565958749048,LOSS,0.0,3.180565958748957,1.11943404125077,1.032461567562253,0.3633858376158088,3.080565958749048,3585.0,3575.758302123753,1_TICK_ADVERSE_ENTRY + 1_TICK_EXIT + 0.04pt_commission (family_port GC model),2025-09-04,False,AMBIGUOUS,,False
GC_VWAP_V2_FROZEN,reconstructed:frozen_v2_5m_stitch,GC,2025-09-05,1757080500,1757080800,2025-09-05T13:55:00Z,2025-09-05T14:00:00Z,bearish,STOP_HIT,-1.0387252251233177,-1.0387252251233177,-3.7552146192612237,UNAVAILABLE,-37.552146192612234,LOSS,300.0,5.315214619261042,1.3847853807387764,1.4702348764973783,0.3830437544042019,3.6152146192612236,3622.3,3611.4543561422165,1_TICK_ADVERSE_ENTRY + 1_TICK_EXIT + 0.04pt_commission (family_port GC model),2025-09-05,False,STOP_HIT,False,True
GC_VWAP_V2_FROZEN,reconstructed:frozen_v2_5m_stitch,GC,2025-09-09,1757423400,1757423400,2025-09-09T13:10:00Z,2025-09-09T13:10:00Z,bearish,STOP_HIT,-1.0588913351285516,-1.0588913351285516,-2.5172597393895013,UNAVAILABLE,-25.172597393895014,LOSS,0.0,4.377259739389501,0.12274026061049881,1.8413047875507351,0.05163098443841877,2.377259739389501,3664.0,3656.8682207818315,1_TICK_ADVERSE_ENTRY + 1_TICK_EXIT + 0.04pt_commission (family_port GC model),2025-09-09,False,AMBIGUOUS,,False
GC_VWAP_V2_FROZEN,reconstructed:frozen_v2_5m_stitch,GC,2025-09-09,1757428800,1757430600,2025-09-09T14:40:00Z,2025-09-09T15:10:00Z,bullish,STOP_HIT,-1.0202583237370746,-1.0202583237370746,-7.050739596079565,UNAVAILABLE,-70.50739596079565,LOSS,1800.0,8.410739596079566,6.789260403920252,1.2170534686115135,0.982421679985131,6.910739596079566,3646.3,3667.032218788239,1_TICK_ADVERSE_ENTRY + 1_TICK_EXIT + 0.04pt_commission (family_port GC model),2025-09-09,False,STOP_HIT,False,True
GC_VWAP_V2_FROZEN,reconstructed:frozen_v2_5m_stitch,GC,2025-09-09,1757432100,1757439000,2025-09-09T15:35:00Z,2025-09-09T17:30:00Z,bullish,TIME_EXIT,0.5481797251534296,0.5481797251534296,5.898975469499292,UNAVAILABLE,58.98975469499292,WIN,6900.0,0.7610245305008903,12.1389754694992,0.07072045308918806,1.1280501624257677,10.76102453050089,3636.5,3668.7830735915027,1_TICK_ADVERSE_ENTRY + 1_TICK_EXIT + 0.04pt_commission (family_port GC model),2025-09-09,False,TARGET_1R_HIT,False,False
GC_VWAP_V2_FROZEN,reconstructed:frozen_v2_5m_stitch,GC,2025-09-10,1757509200,1757517600,2025-09-10T13:00:00Z,2025-09-10T15:20:00Z,bullish,STOP_HIT,-1.0254703141757802,-1.0254703141757802,-5.63659493926174,UNAVAILABLE,-56.3659493926174,LOSS,8400.0,6.596594939261649,10.40340506073835,1.2001238970953994,1.892699967106482,5.49659493926174,3650.5,3666.989784817785,1_TICK_ADVERSE_ENTRY + 1_TICK_EXIT + 0.04pt_commission (family_port GC model),2025-09-10,False,STOP_HIT,False,True
GC_VWAP_V2_FROZEN,reconstructed:frozen_v2_5m_stitch,GC,2025-09-10,1757522700,1757525400,2025-09-10T16:45:00Z,2025-09-10T17:30:00Z,bullish,TARGET_HIT,1.9153038371248157,1.9153038371248157,3.165934891202014,UNAVAILABLE,31.65934891202014,WIN,2700.0,0.45296744560118896,4.447032554398902,0.2740328896413887,2.6903328109901117,1.652967445601007,3650.5,3655.458902336803,1_TICK_ADVERSE_ENTRY + 1_TICK_EXIT + 0.04pt_commission (family_port GC model),2025-09-10,False,TARGET_2R_HIT,True,False
GC_VWAP_V2_FROZEN,reconstructed:frozen_v2_5m_stitch,GC,2025-09-11,1757597100,1757597700,2025-09-11T13:25:00Z,2025-09-11T13:35:00Z,bullish,STOP_HIT,-1.0330771268957142,-1.0330771268957142,-4.3725320588270185,UNAVAILABLE,-43.725320588270186,LOSS,600.0,6.63253205882711,2.667467941173072,1.5670364610694087,0.6302298255745097,4.232532058827019,3629.4,3642.097596176481,1_TICK_ADVERSE_ENTRY + 1_TICK_EXIT + 0.04pt_commission (family_port GC model),2025-09-11,False,STOP_HIT,False,True
GC_VWAP_V2_FROZEN,reconstructed:frozen_v2_5m_stitch,GC,2025-09-11,1757597700,1757597700,2025-09-11T13:35:00Z,2025-09-11T13:35:00Z,bullish,STOP_HIT,-1.0689944763881225,-1.0689944763881225,-2.169147945299883,UNAVAILABLE,-21.69147945299883,LOSS,0.0,5.529147945299883,1.1708520546999353,2.724861909703062,0.5770166031569954,2.029147945299883,3630.5,3636.5874438358996,1_TICK_ADVERSE_ENTRY + 1_TICK_EXIT + 0.04pt_commission (family_port GC model),2025-09-11,False,AMBIGUOUS,,False
GC_VWAP_V2_FROZEN,reconstructed:frozen_v2_5m_stitch,GC,2025-09-11,1757607600,1757611800,2025-09-11T16:20:00Z,2025-09-11T17:30:00Z,bearish,TIME_EXIT,0.8361937104902514,0.8361937104902514,2.941852669958607,UNAVAILABLE,29.41852669958607,WIN,4200.0,0.11814733004121081,6.681852669958971,0.03358225763667032,1.8992532270899891,3.5181473300413018,3651.9,3641.345558009876,1_TICK_ADVERSE_ENTRY + 1_TICK_EXIT + 0.04pt_commission (family_port GC model),2025-09-11,False,TARGET_1_5R_HIT,False,False
GC_VWAP_V2_FROZEN,reconstructed:frozen_v2_5m_stitch,GC,2025-09-12,1757683800,1757683800,2025-09-12T13:30:00Z,2025-09-12T13:30:00Z,bearish,STOP_HIT,-1.0723760493229832,-1.0723760493229832,-2.0743415578714486,UNAVAILABLE,-20.743415578714487,LOSS,0.0,4.0343415578713575,0.4656584421286425,2.0856407398447,0.24073227410832942,1.9343415578714485,3658.0,3652.1969753263857,1_TICK_ADVERSE_ENTRY + 1_TICK_EXIT + 0.04pt_commission (family_port GC model),2025-09-12,False,AMBIGUOUS,,False
GC_VWAP_V2_FROZEN,reconstructed:frozen_v2_5m_stitch,GC,2025-09-15,1757954100,1757954100,2025-09-15T16:35:00Z,2025-09-15T16:35:00Z,bearish,TARGET_HIT,1.8573134680057577,1.8573134680057577,1.8223435799203433,UNAVAILABLE,18.223435799203433,WIN,0.0,0.28117178996035364,7.118828210039737,0.28656734002897405,7.255435065381067,0.9811717899601717,3695.0,3692.0564846301195,1_TICK_ADVERSE_ENTRY + 1_TICK_EXIT + 0.04pt_commission (family_port GC model),2025-09-15,False,TARGET_3R_HIT,True,False
GC_VWAP_V2_FROZEN,reconstructed:frozen_v2_5m_stitch,GC,2025-09-16,1758030600,1758030600,2025-09-16T13:50:00Z,2025-09-16T13:50:00Z,bearish,TARGET_HIT,1.6824351595665248,1.6824351595665248,0.7417096994043822,UNAVAILABLE,7.417096994043822,WIN,0.0,0.24085484970237303,2.659145150297718,0.5463359422383053,6.031792895312458,0.44085484970219113,3706.1,3704.7774354508933,1_TICK_ADVERSE_ENTRY + 1_TICK_EXIT + 0.04pt_commission (family_port GC model),2025-09-16,False,AMBIGUOUS,True,False
GC_VWAP_V2_FROZEN,reconstructed:frozen_v2_5m_stitch,GC,2025-09-16,1758036300,1758036600,2025-09-16T15:25:00Z,2025-09-16T15:30:00Z,bullish,STOP_HIT,-1.0379084840834314,-1.0379084840834314,-3.8331046805216284,UNAVAILABLE,-38.33104680521628,LOSS,300.0,4.393104680521446,1.2068953194784626,1.1895424204171074,0.3267969429201222,3.6931046805216283,3686.7,3697.7793140415647,1_TICK_ADVERSE_ENTRY + 1_TICK_EXIT + 0.04pt_commission (family_port GC model),2025-09-16,False,STOP_HIT,False,True
GC_VWAP_V2_FROZEN,reconstructed:frozen_v2_5m_stitch,GC,2025-09-16,1758037200,1758037800,2025-09-16T15:40:00Z,2025-09-16T15:50:00Z,bullish,TARGET_HIT,1.9429462700204903,1.9429462700204903,4.767654593320331,UNAVAILABLE,47.67654593320331,WIN,600.0,1.3538272966602563,5.446172703339926,0.551720693018173,2.219460477415243,2.4538272966601653,3685.4,3692.7614818899806,1_TICK_ADVERSE_ENTRY + 1_TICK_EXIT + 0.04pt_commission (family_port GC model),2025-09-16,False,TARGET_3R_HIT,True,False
GC_VWAP_V2_FROZEN,reconstructed:frozen_v2_5m_stitch,GC,2025-09-17,1758114000,1758114000,2025-09-17T13:00:00Z,2025-09-17T13:00:00Z,bearish,STOP_HIT,-1.0452578904421912,-1.0452578904421912,-3.2333832450459705,UNAVAILABLE,-32.3338324504597,LOSS,0.0,3.0933832450459704,0.6066167549538477,1.0,0.19610139025784787,3.0933832450459704,3684.7,3675.419850264862,1_TICK_ADVERSE_ENTRY + 1_TICK_EXIT + 0.04pt_commission (family_port GC model),2025-09-17,False,AMBIGUOUS,,False
GC_VWAP_V2_FROZEN,reconstructed:frozen_v2_5m_stitch,GC,2025-09-17,1758116400,1758118200,2025-09-17T13:40:00Z,2025-09-17T14:10:00Z,bearish,STOP_HIT,-1.0493029811086372,-1.0493029811086372,-2.9795848861860033,UNAVAILABLE,-29.795848861860033,LOSS,1800.0,3.139584886186185,3.660415113813997,1.105649245232858,1.2890669800438663,2.839584886186003,3689.0,3680.481245341442,1_TICK_ADVERSE_ENTRY + 1_TICK_EXIT + 0.04pt_commission (family_port GC model),2025-09-17,False,STOP_HIT,False,True
GC_VWAP_V2_FROZEN,reconstructed:frozen_v2_5m_stitch,GC,2025-09-22,1758554100,1758554400,2025-09-22T15:15:00Z,2025-09-22T15:20:00Z,bearish,STOP_HIT,-1.0783745456877112,-1.0783745456877112,-1.9262942460660635,UNAVAILABLE,-19.262942460660636,LOSS,300.0,3.9862942460658815,0.6137057539340276,2.2316000036639285,0.34356364036081133,1.7862942460660634,3730.4,3725.041117261802,1_TICK_ADVERSE_ENTRY + 1_TICK_EXIT + 0.04pt_commission (family_port GC model),2025-09-22,False,STOP_HIT,False,True
GC_VWAP_V2_FROZEN,reconstructed:frozen_v2_5m_stitch,GC,2025-09-22,1758554100,1758554400,2025-09-22T15:15:00Z,2025-09-22T15:20:00Z,bearish,STOP_HIT,-1.1034436725733217,-1.1034436725733217,-1.4933935572595511,UNAVAILABLE,-14.933935572595512,LOSS,300.0,2.95339355725946,1.646606442740449,2.182213400837894,1.2166501265711775,1.353393557259551,3731.0,3726.9398193282213,1_TICK_ADVERSE_ENTRY + 1_TICK_EXIT + 0.04pt_commission (family_port GC model),2025-09-22,False,STOP_HIT,False,True
GC_VWAP_V2_FROZEN,reconstructed:frozen_v2_5m_stitch,GC,2025-09-23,1758635700,1758636300,2025-09-23T13:55:00Z,2025-09-23T14:05:00Z,bullish,STOP_HIT,-1.0204205471968566,-1.0204205471968566,-6.99583978971681,UNAVAILABLE,-69.9583978971681,LOSS,600.0,7.45583978971672,3.1441602102831894,1.0875166308436581,0.4586105140611903,6.855839789716811,3775.1,3795.6675193691503,1_TICK_ADVERSE_ENTRY + 1_TICK_EXIT + 0.04pt_commission (family_port GC model),2025-09-23,False,STOP_HIT,False,True
GC_VWAP_V2_FROZEN,reconstructed:frozen_v2_5m_stitch,GC,2025-09-23,1758636600,1758636900,2025-09-23T14:10:00Z,2025-09-23T14:15:00Z,bullish,STOP_HIT,-1.0308865737337467,-1.0308865737337467,-4.672713832451918,UNAVAILABLE,-46.72713832451918,LOSS,300.0,7.032713832451918,1.4672861675480817,1.551545959531192,0.32371030287486086,4.532713832451918,3774.5,3788.0981414973558,1_TICK_ADVERSE_ENTRY + 1_TICK_EXIT + 0.04pt_commission (family_port GC model),2025-09-23,False,STOP_HIT,False,True
GC_VWAP_V2_FROZEN,reconstructed:frozen_v2_5m_stitch,GC,2025-09-23,1758637800,1758645300,2025-09-23T14:30:00Z,2025-09-23T16:35:00Z,bullish,STOP_HIT,-1.0174242756824374,-1.0174242756824374,-8.174767272484713,UNAVAILABLE,-81.74767272484713,LOSS,7500.0,10.934767272484805,6.165232727515104,1.3609314248505022,0.7673193906472084,8.034767272484714,3768.0,3792.104301817454,1_TICK_ADVERSE_ENTRY + 1_TICK_EXIT + 0.04pt_commission (family_port GC model),2025-09-23,False,STOP_HIT,False,True
GC_VWAP_V2_FROZEN,reconstructed:frozen_v2_5m_stitch,GC,2025-09-24,1758718500,1758719100,2025-09-24T12:55:00Z,2025-09-24T13:05:00Z,bearish,STOP_HIT,-1.0897974174684515,-1.0897974174684515,-1.6990648812276414,UNAVAILABLE,-16.990648812276415,LOSS,600.0,1.7590648812274594,1.6409351187721768,1.1282820249548138,1.0525123992787708,1.5590648812276413,3771.0,3766.322805356317,1_TICK_ADVERSE_ENTRY + 1_TICK_EXIT + 0.04pt_commission (family_port GC model),2025-09-24,False,STOP_HIT,False,True
GC_VWAP_V2_FROZEN,reconstructed:frozen_v2_5m_stitch,GC,2025-09-24,1758721200,1758721200,2025-09-24T13:40:00Z,2025-09-24T13:40:00Z,bullish,STOP_HIT,-1.0818953851865027,-1.0818953851865027,-1.8494980343663339,UNAVAILABLE,-18.49498034366334,LOSS,0.0,2.409498034366152,2.39050196563403,1.4094769259324067,1.3983648518906469,1.7094980343663337,3762.7,3767.828494103099,1_TICK_ADVERSE_ENTRY + 1_TICK_EXIT + 0.04pt_commission (family_port GC model),2025-09-24,False,AMBIGUOUS,,False
GC_VWAP_V2_FROZEN,reconstructed:frozen_v2_5m_stitch,GC,2025-09-24,1758724200,1758725400,2025-09-24T14:30:00Z,2025-09-24T14:50:00Z,bullish,STOP_HIT,-1.0516647191014574,-1.0516647191014574,-2.8497795639820107,UNAVAILABLE,-28.497795639820108,LOSS,1200.0,6.409779563981829,3.1902204360180804,2.3654247191098756,1.177298876418591,2.7097795639820106,3753.5,3761.629338691946,1_TICK_ADVERSE_ENTRY + 1_TICK_EXIT + 0.04pt_commission (family_port GC model),2025-09-24,False,STOP_HIT,False,True
GC_VWAP_V2_FROZEN,reconstructed:frozen_v2_5m_stitch,GC,2025-09-25,1758808200,1758810000,2025-09-25T13:50:00Z,2025-09-25T14:20:00Z,bullish,TARGET_HIT,1.967158399753608,1.967158399753608,8.38577212740289,UNAVAILABLE,83.85772127402889,WIN,1800.0,3.862886063701353,10.237113936298556,0.9061668564388575,2.4014514540906395,4.262886063701444,3720.0,3732.7886581911043,1_TICK_ADVERSE_ENTRY + 1_TICK_EXIT + 0.04pt_commission (family_port GC model),2025-09-25,False,TARGET_3R_HIT,True,False
GC_VWAP_V2_FROZEN,reconstructed:frozen_v2_5m_stitch,GC,2025-09-26,1758892800,1758895200,2025-09-26T13:20:00Z,2025-09-26T14:00:00Z,bearish,STOP_HIT,-1.016205517298242,-1.016205517298242,-8.779033078887677,UNAVAILABLE,-87.79033078887677,LOSS,2400.0,12.239033078887587,5.560966921112595,1.4167133019547864,0.6437024688217305,8.639033078887678,3763.8,3737.882900763337,1_TICK_ADVERSE_ENTRY + 1_TICK_EXIT + 0.04pt_commission (family_port GC model),2025-09-26,False,STOP_HIT,False,True
GC_VWAP_V2_FROZEN,reconstructed:frozen_v2_5m_stitch,GC,2025-09-29,1759154400,1759155000,2025-09-29T14:00:00Z,2025-09-29T14:10:00Z,bearish,STOP_HIT,-1.0562328415829492,-1.0562328415829492,-2.629648327543364,UNAVAILABLE,-26.29648327543364,LOSS,600.0,4.189648327543182,1.5103516724566362,1.6828273620785938,0.6066526166556868,2.489648327543364,3823.3,3815.83105501737,1_TICK_ADVERSE_ENTRY + 1_TICK_EXIT + 0.04pt_commission (family_port GC model),2025-09-29,False,STOP_HIT,False,True
GC_VWAP_V2_FROZEN,reconstructed:frozen_v2_5m_stitch,GC,2025-09-29,1759155000,1759155000,2025-09-29T14:10:00Z,2025-09-29T14:10:00Z,bearish,STOP_HIT,-1.1464877257106734,-1.1464877257106734,-1.0957114722124426,UNAVAILABLE,-10.957114722124427,LOSS,0.0,2.8557114722125334,1.3442885277872847,2.9880477060735178,1.4065840652464896,0.9557114722124425,3823.1,3820.2328655833626,1_TICK_ADVERSE_ENTRY + 1_TICK_EXIT + 0.04pt_commission (family_port GC model),2025-09-29,False,AMBIGUOUS,,False
GC_VWAP_V2_FROZEN,reconstructed:frozen_v2_5m_stitch,GC,2025-10-02,1759410600,1759410600,2025-10-02T13:10:00Z,2025-10-02T13:10:00Z,bearish,STOP_HIT,-1.0684848794707116,-1.0684848794707116,-2.1842468626943083,UNAVAILABLE,-21.842468626943084,LOSS,0.0,4.444246862694399,0.0,2.174026505212243,0.0,2.044246862694308,3916.0,3909.867259411917,1_TICK_ADVERSE_ENTRY + 1_TICK_EXIT + 0.04pt_commission (family_port GC model),2025-10-02,False,AMBIGUOUS,,False
GC_VWAP_V2_FROZEN,reconstructed:frozen_v2_5m_stitch,GC,2025-10-02,1759413300,1759413600,2025-10-02T13:55:00Z,2025-10-02T14:00:00Z,bullish,STOP_HIT,-1.0316914148982121,-1.0316914148982121,-4.5576001749892745,UNAVAILABLE,-45.57600174989275,LOSS,300.0,7.017600174989184,0.0,1.5885548481096348,0.0,4.417600174989275,3898.1,3911.3528005249677,1_TICK_ADVERSE_ENTRY + 1_TICK_EXIT + 0.04pt_commission (family_port GC model),2025-10-02,False,STOP_HIT,False,True
GC_VWAP_V2_FROZEN,reconstructed:frozen_v2_5m_stitch,GC,2025-10-06,1759761600,1759761600,2025-10-06T14:40:00Z,2025-10-06T14:40:00Z,bearish,STOP_HIT,-1.045843856983251,-1.045843856983251,-3.1938442708070762,UNAVAILABLE,-31.938442708070763,LOSS,0.0,4.65384427080744,0.24615572919265105,1.523929794094416,0.08060520031939825,3.053844270807076,3980.2,3971.0384671875786,1_TICK_ADVERSE_ENTRY + 1_TICK_EXIT + 0.04pt_commission (family_port GC model),2025-10-06,False,AMBIGUOUS,,False
GC_VWAP_V2_FROZEN,reconstructed:frozen_v2_5m_stitch,GC,2025-10-06,1759762200,1759762500,2025-10-06T14:50:00Z,2025-10-06T14:55:00Z,bearish,STOP_HIT,-1.0627019631774026,-1.0627019631774026,-2.372784954498129,UNAVAILABLE,-23.727849544981293,LOSS,300.0,3.232784954498129,2.967215045501689,1.4478711655528749,1.3289300608748684,2.232784954498129,3982.0,3975.3016451365056,1_TICK_ADVERSE_ENTRY + 1_TICK_EXIT + 0.04pt_commission (family_port GC model),2025-10-06,False,AMBIGUOUS,False,False
GC_VWAP_V2_FROZEN,reconstructed:frozen_v2_5m_stitch,GC,2025-10-07,1759852500,1759853100,2025-10-07T15:55:00Z,2025-10-07T16:05:00Z,bullish,TARGET_HIT,1.9707411530845804,1.9707411530845804,9.42975511746623,UNAVAILABLE,94.2975511746623,WIN,600.0,4.684877558733206,10.915122441266703,0.979100823631862,2.281170689800615,4.784877558733115,3983.4,3997.7546326761994,1_TICK_ADVERSE_ENTRY + 1_TICK_EXIT + 0.04pt_commission (family_port GC model),2025-10-07,False,TARGET_3R_HIT,True,False
GC_VWAP_V2_FROZEN,reconstructed:frozen_v2_5m_stitch,GC,2025-10-08,1759929300,1759930200,2025-10-08T13:15:00Z,2025-10-08T13:30:00Z,bearish,TARGET_HIT,1.9684569875459426,1.9684569875459426,8.736767886637937,UNAVAILABLE,87.36767886637936,WIN,900.0,1.638383943318786,15.361616056681214,0.3691397509188047,3.461083189931061,4.438383943318968,4072.0,4058.684848170043,1_TICK_ADVERSE_ENTRY + 1_TICK_EXIT + 0.04pt_commission (family_port GC model),2025-10-08,False,STOP_HIT,True,True
GC_VWAP_V2_FROZEN,reconstructed:frozen_v2_5m_stitch,GC,2025-10-08,1759940400,1759941000,2025-10-08T16:20:00Z,2025-10-08T16:30:00Z,bearish,STOP_HIT,-1.0337062630096046,-1.0337062630096046,-4.293530753620089,UNAVAILABLE,-42.93530753620089,LOSS,600.0,6.353530753619907,0.34646924637991106,1.5296698472937431,0.08341559673729132,4.153530753620089,4078.0,4065.5394077391397,1_TICK_ADVERSE_ENTRY + 1_TICK_EXIT + 0.04pt_commission (family_port GC model),2025-10-08,False,STOP_HIT,False,True
GC_VWAP_V2_FROZEN,reconstructed:frozen_v2_5m_stitch,GC,2025-10-08,1759942200,1759944600,2025-10-08T16:50:00Z,2025-10-08T17:30:00Z,bearish,TIME_EXIT,0.7124652105951849,0.7124652105951849,4.351846715902284,UNAVAILABLE,43.51846715902284,WIN,2400.0,5.108153284097625,11.191846715902557,0.8362843966926196,1.8322799372177119,6.108153284097625,4081.0,4062.675540147707,1_TICK_ADVERSE_ENTRY + 1_TICK_EXIT + 0.04pt_commission (family_port GC model),2025-10-08,False,TARGET_1_5R_HIT,False,False
GC_VWAP_V2_FROZEN,reconstructed:frozen_v2_5m_stitch,GC,2025-10-09,1760015700,1760015700,2025-10-09T13:15:00Z,2025-10-09T13:15:00Z,bearish,STOP_HIT,-1.032943419328381,-1.032943419328381,-4.389710650994529,UNAVAILABLE,-43.897106509945296,LOSS,0.0,5.949710650994348,1.9502893490052884,1.400027234701727,0.4589228559711179,4.24971065099453,4073.5,4060.7508680470164,1_TICK_ADVERSE_ENTRY + 1_TICK_EXIT + 0.04pt_commission (family_port GC model),2025-10-09,False,AMBIGUOUS,,False
GC_VWAP_V2_FROZEN,reconstructed:frozen_v2_5m_stitch,GC,2025-10-10,1760103000,1760103000,2025-10-10T13:30:00Z,2025-10-10T13:30:00Z,bearish,STOP_HIT,-1.043085845717976,-1.043085845717976,-3.389326958008169,UNAVAILABLE,-33.893269580081686,LOSS,0.0,5.549326958007896,4.150673041991922,1.707838893938092,1.2773947022358985,3.2493269580081687,4011.9,4002.1520191259756,1_TICK_ADVERSE_ENTRY + 1_TICK_EXIT + 0.04pt_commission (family_port GC model),2025-10-10,False,AMBIGUOUS,,False
GC_VWAP_V2_FROZEN,reconstructed:frozen_v2_5m_stitch,GC,2025-10-10,1760109600,1760109600,2025-10-10T15:20:00Z,2025-10-10T15:20:00Z,bearish,STOP_HIT,-1.0146945584102363,-1.0146945584102363,-9.667336316719355,UNAVAILABLE,-96.67336316719356,LOSS,0.0,11.027336316719357,1.3726636832807344,1.1574416972525339,0.14407633336842227,9.527336316719357,4029.9,4001.317991049842,1_TICK_ADVERSE_ENTRY + 1_TICK_EXIT + 0.04pt_commission (family_port GC model),2025-10-10,False,AMBIGUOUS,,False
GC_VWAP_V2_FROZEN,reconstructed:frozen_v2_5m_stitch,GC,2025-10-10,1760110500,1760112300,2025-10-10T15:35:00Z,2025-10-10T16:05:00Z,bearish,TARGET_HIT,1.9878368819002004,1.9878368819002004,22.880412833499904,UNAVAILABLE,228.80412833499904,WIN,1800.0,10.310206416750134,31.88979358325014,0.8957447020017342,2.7705666109378613,11.510206416749952,4038.6,4004.06938074975,1_TICK_ADVERSE_ENTRY + 1_TICK_EXIT + 0.04pt_commission (family_port GC model),2025-10-10,False,TARGET_3R_HIT,True,False
GC_VWAP_V2_FROZEN,reconstructed:frozen_v2_5m_stitch,GC,2025-10-13,1760360100,1760360100,2025-10-13T12:55:00Z,2025-10-13T12:55:00Z,bullish,TARGET_HIT,1.9085955857806836,1.9085955857806836,2.9233093860014923,UNAVAILABLE,29.23309386001492,WIN,0.0,0.5316546930007462,4.468345306999254,0.34711132700488334,2.9173320379707,1.5316546930007462,4094.7,4099.294964079002,1_TICK_ADVERSE_ENTRY + 1_TICK_EXIT + 0.04pt_commission (family_port GC model),2025-10-13,False,TARGET_3R_HIT,True,False
GC_VWAP_V2_FROZEN,reconstructed:frozen_v2_5m_stitch,GC,2025-10-13,1760361600,1760361600,2025-10-13T13:20:00Z,2025-10-13T13:20:00Z,bearish,STOP_HIT,-1.0296878825709845,-1.0296878825709845,-4.855728703967215,UNAVAILABLE,-48.557287039672154,LOSS,0.0,5.415728703967034,1.7842712960327844,1.1484394128548843,0.37836597650999837,4.7157287039672156,4109.7,4095.552813888098,1_TICK_ADVERSE_ENTRY + 1_TICK_EXIT + 0.04pt_commission (family_port GC model),2025-10-13,False,AMBIGUOUS,,False
GC_VWAP_V2_FROZEN,reconstructed:frozen_v2_5m_stitch,GC,2025-10-13,1760362200,1760362200,2025-10-13T13:30:00Z,2025-10-13T13:30:00Z,bearish,STOP_HIT,-1.0386691973950601,-1.0386691973950601,-3.7604526970059307,UNAVAILABLE,-37.604526970059304,LOSS,0.0,4.020452697005567,7.179547302994251,1.1104834211286427,1.9830523704761143,3.6204526970059305,4112.3,4101.438641908982,1_TICK_ADVERSE_ENTRY + 1_TICK_EXIT + 0.04pt_commission (family_port GC model),2025-10-13,False,AMBIGUOUS,,False
GC_VWAP_V2_FROZEN,reconstructed:frozen_v2_5m_stitch,GC,2025-10-13,1760364000,1760364000,2025-10-13T14:00:00Z,2025-10-13T14:00:00Z,bearish,STOP_HIT,-1.0764129275124048,-1.0764129275124048,-1.9721507179171023,UNAVAILABLE,-19.721507179171024,LOSS,0.0,2.332150717917102,2.0678492820834435,1.272903312544303,1.128645837845861,1.8321507179171022,4115.8,4110.303547846249,1_TICK_ADVERSE_ENTRY + 1_TICK_EXIT + 0.04pt_commission (family_port GC model),2025-10-13,False,AMBIGUOUS,,False
GC_VWAP_V2_FROZEN,reconstructed:frozen_v2_5m_stitch,GC,2025-10-13,1760373300,1760376600,2025-10-13T16:35:00Z,2025-10-13T17:30:00Z,bearish,TIME_EXIT,-0.5923900751689563,-0.5923900751689563,-6.191168483607398,UNAVAILABLE,-61.91168483607398,LOSS,3300.0,9.151168483606853,5.3488315163931475,0.8756119947698413,0.5117926789509658,10.451168483607034,4137.2,4105.846494549179,1_TICK_ADVERSE_ENTRY + 1_TICK_EXIT + 0.04pt_commission (family_port GC model),2025-10-13,False,EXPIRED,False,False
GC_VWAP_V2_FROZEN,reconstructed:frozen_v2_5m_stitch,GC,2025-10-14,1760449800,1760450100,2025-10-14T13:50:00Z,2025-10-14T13:55:00Z,bearish,TARGET_HIT,1.96971153317524,1.96971153317524,9.104442830995469,UNAVAILABLE,91.04442830995468,WIN,300.0,1.3222214154975518,10.877778584502266,0.2860575677020378,2.3533659698841833,4.622221415497734,4145.0,4131.133335753507,1_TICK_ADVERSE_ENTRY + 1_TICK_EXIT + 0.04pt_commission (family_port GC model),2025-10-14,False,STOP_HIT,True,True
GC_VWAP_V2_FROZEN,reconstructed:frozen_v2_5m_stitch,GC,2025-10-14,1760451600,1760452500,2025-10-14T14:20:00Z,2025-10-14T14:35:00Z,bearish,STOP_HIT,-1.018932537824417,-1.018932537824417,-7.5346768942641935,UNAVAILABLE,-75.34676894264193,LOSS,900.0,8.594676894264012,2.905323105735988,1.1622788956378363,0.3928938542249968,7.394676894264194,4153.5,4131.315969317207,1_TICK_ADVERSE_ENTRY + 1_TICK_EXIT + 0.04pt_commission (family_port GC model),2025-10-14,False,STOP_HIT,False,True
GC_VWAP_V2_FROZEN,reconstructed:frozen_v2_5m_stitch,GC,2025-10-14,1760455200,1760455800,2025-10-14T15:20:00Z,2025-10-14T15:30:00Z,bearish,STOP_HIT,-1.059284322467437,-1.059284322467437,-2.501501222804691,UNAVAILABLE,-25.01501222804691,LOSS,600.0,3.1615012228048727,3.6384987771953092,1.3387675569568598,1.54075667717587,2.3615012228046908,4157.8,4150.715496331586,1_TICK_ADVERSE_ENTRY + 1_TICK_EXIT + 0.04pt_commission (family_port GC model),2025-10-14,False,AMBIGUOUS,False,False
GC_VWAP_V2_FROZEN,reconstructed:frozen_v2_5m_stitch,GC,2025-10-15,1760533500,1760533800,2025-10-15T13:05:00Z,2025-10-15T13:10:00Z,bearish,STOP_HIT,-1.025832316569763,-1.025832316569763,-5.559568145269295,UNAVAILABLE,-55.59568145269295,LOSS,300.0,9.719568145269477,3.180431854730159,1.793421151785613,0.5868423035710579,5.419568145269295,4209.4,4193.141295564192,1_TICK_ADVERSE_ENTRY + 1_TICK_EXIT + 0.04pt_commission (family_port GC model),2025-10-15,False,STOP_HIT,False,True
GC_VWAP_V2_FROZEN,reconstructed:frozen_v2_5m_stitch,GC,2025-10-15,1760534400,1760536800,2025-10-15T13:20:00Z,2025-10-15T14:00:00Z,bearish,STOP_HIT,-1.024180319702921,-1.024180319702921,-5.929832463757193,UNAVAILABLE,-59.29832463757193,LOSS,2400.0,12.489832463757011,9.910167536242625,2.1572010143540474,1.711650138113258,5.789832463757193,4214.5,4197.130502608728,1_TICK_ADVERSE_ENTRY + 1_TICK_EXIT + 0.04pt_commission (family_port GC model),2025-10-15,False,STOP_HIT,False,True
GC_VWAP_V2_FROZEN,reconstructed:frozen_v2_5m_stitch,GC,2025-10-15,1760538900,1760549400,2025-10-15T14:35:00Z,2025-10-15T17:30:00Z,bearish,TIME_EXIT,0.9426123764952081,0.9426123764952081,11.043818081575738,UNAVAILABLE,110.43818081575738,WIN,10500.0,5.716181918423899,19.883818081575555,0.4878877742103939,1.6971243891585455,11.7161819184239,4227.7,4192.551454244728,1_TICK_ADVERSE_ENTRY + 1_TICK_EXIT + 0.04pt_commission (family_port GC model),2025-10-15,False,TARGET_1_5R_HIT,False,False
GC_VWAP_V2_FROZEN,reconstructed:frozen_v2_5m_stitch,GC,2025-10-16,1760621400,1760621700,2025-10-16T13:30:00Z,2025-10-16T13:35:00Z,bearish,STOP_HIT,-1.0157604490728172,-1.0157604490728172,-9.022995614729224,UNAVAILABLE,-90.22995614729224,LOSS,300.0,11.082995614729043,0.21700438527113874,1.247664199715681,0.02442918973317016,8.882995614729225,4269.3,4242.6510131558125,1_TICK_ADVERSE_ENTRY + 1_TICK_EXIT + 0.04pt_commission (family_port GC model),2025-10-16,False,STOP_HIT,False,True
GC_VWAP_V2_FROZEN,reconstructed:frozen_v2_5m_stitch,GC,2025-10-16,1760624700,1760624700,2025-10-16T14:25:00Z,2025-10-16T14:25:00Z,bearish,TARGET_HIT,1.9516377024092226,1.9516377024092226,5.649633949347263,UNAVAILABLE,56.496339493472625,WIN,0.0,0.8948169746736312,7.805183025326187,0.3091100344174661,2.6962613158664936,2.894816974673631,4282.0,4273.315549075979,1_TICK_ADVERSE_ENTRY + 1_TICK_EXIT + 0.04pt_commission (family_port GC model),2025-10-16,False,STOP_HIT,True,True
GC_VWAP_V2_FROZEN,reconstructed:frozen_v2_5m_stitch,GC,2025-10-16,1760634000,1760634900,2025-10-16T17:00:00Z,2025-10-16T17:15:00Z,bearish,STOP_HIT,-1.0155683696625528,-1.0155683696625528,-9.132592226066334,UNAVAILABLE,-91.32592226066335,LOSS,900.0,10.192592226066154,4.807407773933846,1.1334431685361472,0.5345964381659469,8.992592226066336,4308.2,4281.222223321801,1_TICK_ADVERSE_ENTRY + 1_TICK_EXIT + 0.04pt_commission (family_port GC model),2025-10-16,False,STOP_HIT,False,True
GC_VWAP_V2_FROZEN,reconstructed:frozen_v2_5m_stitch,GC,2025-10-17,1760705700,1760705700,2025-10-17T12:55:00Z,2025-10-17T12:55:00Z,bearish,TARGET_HIT,1.9364441961023837,1.9364441961023837,4.265577190889744,UNAVAILABLE,42.65577190889744,WIN,0.0,1.202788595444872,7.797211404555128,0.5460299721598834,3.5397002784011664,2.202788595444872,4332.3,4325.691634213666,1_TICK_ADVERSE_ENTRY + 1_TICK_EXIT + 0.04pt_commission (family_port GC model),2025-10-17,False,TARGET_3R_HIT,True,False
GC_VWAP_V2_FROZEN,reconstructed:frozen_v2_5m_stitch,GC,2025-10-17,1760710200,1760710200,2025-10-17T14:10:00Z,2025-10-17T14:10:00Z,bullish,STOP_HIT,-1.0054305967473436,-1.0054305967473436,-25.919855605828744,UNAVAILABLE,-259.1985560582874,LOSS,0.0,34.77985560582874,4.220144394171257,1.3491097909006569,0.16369930300218966,25.779855605828743,4235.0,4312.339566817486,1_TICK_ADVERSE_ENTRY + 1_TICK_EXIT + 0.04pt_commission (family_port GC model),2025-10-17,False,AMBIGUOUS,,False
GC_VWAP_V2_FROZEN,reconstructed:frozen_v2_5m_stitch,GC,2025-10-17,1760710800,1760710800,2025-10-17T14:20:00Z,2025-10-17T14:20:00Z,bullish,TARGET_HIT,1.9816278269907712,1.9816278269907712,15.100439977314965,UNAVAILABLE,151.00439977314966,WIN,0.0,5.420219988657664,16.37978001134252,0.7112944241407116,2.149515373010679,7.620219988657482,4226.0,4248.860659965972,1_TICK_ADVERSE_ENTRY + 1_TICK_EXIT + 0.04pt_commission (family_port GC model),2025-10-17,False,AMBIGUOUS,True,False
GC_VWAP_V2_FROZEN,reconstructed:frozen_v2_5m_stitch,GC,2025-10-21,1761051600,1761051600,2025-10-21T13:00:00Z,2025-10-21T13:00:00Z,bullish,STOP_HIT,-1.0721055475978634,-1.0721055475978634,-2.081598180223082,UNAVAILABLE,-20.81598180223082,LOSS,0.0,18.541598180222536,1.658401819777282,9.549657786603499,0.8541426525166698,1.9415981802230817,4219.9,4225.724794540669,1_TICK_ADVERSE_ENTRY + 1_TICK_EXIT + 0.04pt_commission (family_port GC model),2025-10-21,False,AMBIGUOUS,,False
GC_VWAP_V2_FROZEN,reconstructed:frozen_v2_5m_stitch,GC,2025-10-21,1761058200,1761067800,2025-10-21T14:50:00Z,2025-10-21T17:30:00Z,bullish,TIME_EXIT,-0.6071575198298421,-0.6071575198298421,-26.985295204422656,UNAVAILABLE,-269.8529520442265,LOSS,9600.0,32.44529520442302,26.7547047955768,0.7300051682679384,0.6019693349435618,44.44529520442302,4093.0,4226.335885613269,1_TICK_ADVERSE_ENTRY + 1_TICK_EXIT + 0.04pt_commission (family_port GC model),2025-10-21,False,EXPIRED,False,False
GC_VWAP_V2_FROZEN,reconstructed:frozen_v2_5m_stitch,GC,2025-10-22,1761138600,1761138600,2025-10-22T13:10:00Z,2025-10-22T13:10:00Z,bearish,STOP_HIT,-1.0211333754264063,-1.0211333754264063,-6.764592483464312,UNAVAILABLE,-67.64592483464311,LOSS,0.0,8.724592483464221,3.975407516535597,1.3170006313960794,0.600098425142171,6.624592483464312,4082.6,4062.726222549607,1_TICK_ADVERSE_ENTRY + 1_TICK_EXIT + 0.04pt_commission (family_port GC model),2025-10-22,False,AMBIGUOUS,,False
GC_VWAP_V2_FROZEN,reconstructed:frozen_v2_5m_stitch,GC,2025-10-22,1761140700,1761142200,2025-10-22T13:45:00Z,2025-10-22T14:10:00Z,bearish,TARGET_HIT,1.9849635748035062,1.9849635748035062,18.481447341439306,UNAVAILABLE,184.81447341439306,WIN,1500.0,4.110723670719835,20.289276329280256,0.4415042069873936,2.179129898687245,9.310723670719653,4101.0,4073.067828987841,1_TICK_ADVERSE_ENTRY + 1_TICK_EXIT + 0.04pt_commission (family_port GC model),2025-10-22,False,TARGET_3R_HIT,True,False
GC_VWAP_V2_FROZEN,reconstructed:frozen_v2_5m_stitch,GC,2025-10-22,1761145200,1761145500,2025-10-22T15:00:00Z,2025-10-22T15:05:00Z,bullish,TARGET_HIT,1.983321907144696,1.983321907144696,16.6484902925789,UNAVAILABLE,166.484902925789,WIN,300.0,2.9942451462893587,22.10575485371055,0.3567021327239793,2.6334416577626483,8.39424514628945,4025.1,4050.2827354388683,1_TICK_ADVERSE_ENTRY + 1_TICK_EXIT + 0.04pt_commission (family_port GC model),2025-10-22,False,TARGET_3R_HIT,True,False
GC_VWAP_V2_FROZEN,reconstructed:frozen_v2_5m_stitch,GC,2025-10-24,1761313200,1761314700,2025-10-24T13:40:00Z,2025-10-24T14:05:00Z,bearish,STOP_HIT,-1.0152614322772493,-1.0152614322772493,-9.313450922342453,UNAVAILABLE,-93.13450922342453,LOSS,1500.0,13.473450922341726,7.42654907765791,1.4687439913725795,0.8095698271596061,9.173450922342454,4130.1,4102.579647232973,1_TICK_ADVERSE_ENTRY + 1_TICK_EXIT + 0.04pt_commission (family_port GC model),2025-10-24,False,STOP_HIT,False,True
GC_VWAP_V2_FROZEN,reconstructed:frozen_v2_5m_stitch,GC,2025-10-27,1761569700,1761570000,2025-10-27T12:55:00Z,2025-10-27T13:00:00Z,bearish,STOP_HIT,-1.029113048450426,-1.029113048450426,-4.948840277870331,UNAVAILABLE,-49.48840277870331,LOSS,300.0,8.408840277870695,2.291159722129578,1.7486212458681782,0.476447457128739,4.808840277870331,4061.2,4046.773479166389,1_TICK_ADVERSE_ENTRY + 1_TICK_EXIT + 0.04pt_commission (family_port GC model),2025-10-27,False,STOP_HIT,False,True
GC_VWAP_V2_FROZEN,reconstructed:frozen_v2_5m_stitch,GC,2025-10-27,1761570300,1761571500,2025-10-27T13:05:00Z,2025-10-27T13:25:00Z,bearish,TARGET_HIT,1.9740324290327376,1.9740324290327376,10.642679687406927,UNAVAILABLE,106.42679687406927,WIN,1200.0,2.291339843703099,14.2086601562969,0.4250037857248326,2.635459935416828,5.391339843703463,4064.8,4048.62598046889,1_TICK_ADVERSE_ENTRY + 1_TICK_EXIT + 0.04pt_commission (family_port GC model),2025-10-27,False,TARGET_3R_HIT,True,False
GC_VWAP_V2_FROZEN,reconstructed:frozen_v2_5m_stitch,GC,2025-10-29,1761754500,1761758700,2025-10-29T16:15:00Z,2025-10-29T17:25:00Z,bullish,STOP_HIT,-1.012130915314311,-1.012130915314311,-11.680761465446848,UNAVAILABLE,-116.80761465446848,LOSS,4200.0,15.740761465447122,1.359238534553242,1.3639274594293551,0.1177771968186688,11.540761465446849,4003.4,4038.0222843963406,1_TICK_ADVERSE_ENTRY + 1_TICK_EXIT + 0.04pt_commission (family_port GC model),2025-10-29,False,STOP_HIT,False,True
GC_VWAP_V2_FROZEN,reconstructed:frozen_v2_5m_stitch,GC,2025-11-03,1762180500,1762186500,2025-11-03T14:35:00Z,2025-11-03T16:15:00Z,bullish,STOP_HIT,-1.01156377692201,-1.01156377692201,-12.24677107870606,UNAVAILABLE,-122.4677107870606,LOSS,6000.0,18.50677107870615,18.593228921293758,1.528629802149039,1.53577108218362,12.10677107870606,4012.4,4048.7203132361183,1_TICK_ADVERSE_ENTRY + 1_TICK_EXIT + 0.04pt_commission (family_port GC model),2025-11-03,False,STOP_HIT,False,True
GC_VWAP_V2_FROZEN,reconstructed:frozen_v2_5m_stitch,GC,2025-11-03,1762182000,1762182000,2025-11-03T15:00:00Z,2025-11-03T15:00:00Z,bearish,STOP_HIT,-1.0506794248966964,-1.0506794248966964,-2.9024622869216183,UNAVAILABLE,-29.024622869216184,LOSS,0.0,7.0624622869218,1.7375377130783818,2.5565823361128803,0.6289815145366662,2.762462286921618,4038.5,4030.212613139235,1_TICK_ADVERSE_ENTRY + 1_TICK_EXIT + 0.04pt_commission (family_port GC model),2025-11-03,False,AMBIGUOUS,,False
GC_VWAP_V2_FROZEN,reconstructed:frozen_v2_5m_stitch,GC,2025-11-03,1762188300,1762194600,2025-11-03T16:45:00Z,2025-11-03T18:30:00Z,bullish,TIME_EXIT,-0.027753374714951443,-0.027753374714951443,-0.21580482501907683,UNAVAILABLE,-2.1580482501907685,LOSS,6300.0,2.175804825018986,10.624195174981196,0.2798173146036621,1.3663145377308747,7.775804825018895,4006.0,4029.3274144750567,1_TICK_ADVERSE_ENTRY + 1_TICK_EXIT + 0.04pt_commission (family_port GC model),2025-11-03,False,TARGET_1R_HIT,False,False
GC_VWAP_V2_FROZEN,reconstructed:frozen_v2_5m_stitch,GC,2025-11-04,1762268100,1762281000,2025-11-04T14:55:00Z,2025-11-04T18:30:00Z,bullish,TIME_EXIT,-0.10860029435332591,-0.10860029435332591,-2.334285760505409,UNAVAILABLE,-23.34285760505409,LOSS,12900.0,13.294285760505318,22.705714239494682,0.6185032574998486,1.056360490061736,21.49428576050559,3942.1,4006.5828572815167,1_TICK_ADVERSE_ENTRY + 1_TICK_EXIT + 0.04pt_commission (family_port GC model),2025-11-04,False,TARGET_1R_HIT,False,False
GC_VWAP_V2_FROZEN,reconstructed:frozen_v2_5m_stitch,GC,2025-11-05,1762351500,1762351800,2025-11-05T14:05:00Z,2025-11-05T14:10:00Z,bearish,STOP_HIT,-1.059207398658572,-1.059207398658572,-2.504569347275847,UNAVAILABLE,-25.04569347275847,LOSS,300.0,3.6645693472760286,3.9354306527243352,1.5497829875439582,1.6643329396358086,2.3645693472758467,3989.5,3982.4062919581725,1_TICK_ADVERSE_ENTRY + 1_TICK_EXIT + 0.04pt_commission (family_port GC model),2025-11-05,False,STOP_HIT,False,True
GC_VWAP_V2_FROZEN,reconstructed:frozen_v2_5m_stitch,GC,2025-11-05,1762353600,1762354800,2025-11-05T14:40:00Z,2025-11-05T15:00:00Z,bearish,TARGET_HIT,1.9796354272105088,1.9796354272105088,13.60936773259924,UNAVAILABLE,136.09367732599242,WIN,1200.0,5.174683866299802,15.825316133700198,0.752715901841918,2.3019700165817754,6.87468386629962,3995.6,3974.975948401101,1_TICK_ADVERSE_ENTRY + 1_TICK_EXIT + 0.04pt_commission (family_port GC model),2025-11-05,False,STOP_HIT,True,True
GC_VWAP_V2_FROZEN,reconstructed:frozen_v2_5m_stitch,GC,2025-11-05,1762361700,1762363200,2025-11-05T16:55:00Z,2025-11-05T17:20:00Z,bearish,TARGET_HIT,1.9651063968707778,1.9651063968707778,7.884393438621701,UNAVAILABLE,78.84393438621701,WIN,1500.0,3.112196719311214,8.587803280689059,0.7756839798836624,2.1404242816299726,4.01219671931085,4000.7,3988.6634098420673,1_TICK_ADVERSE_ENTRY + 1_TICK_EXIT + 0.04pt_commission (family_port GC model),2025-11-05,False,TARGET_2R_HIT,True,False
GC_VWAP_V2_FROZEN,reconstructed:frozen_v2_5m_stitch,GC,2025-11-06,1762439700,1762440000,2025-11-06T14:35:00Z,2025-11-06T14:40:00Z,bullish,STOP_HIT,-1.0162787350875364,-1.0162787350875364,-8.74017681024783,UNAVAILABLE,-87.4017681024783,LOSS,300.0,8.60017681024783,0.39982318975216913,1.0,0.0464901127702103,8.60017681024783,4002.5,4028.3005304307435,1_TICK_ADVERSE_ENTRY + 1_TICK_EXIT + 0.04pt_commission (family_port GC model),2025-11-06,False,STOP_HIT,False,True
GC_VWAP_V2_FROZEN,reconstructed:frozen_v2_5m_stitch,GC,2025-11-07,1762525500,1762525800,2025-11-07T14:25:00Z,2025-11-07T14:30:00Z,bearish,TARGET_HIT,1.9726131440691155,1.9726131440691155,10.083882606554981,UNAVAILABLE,100.83882606554981,WIN,300.0,3.211941303277399,13.188058696722692,0.6283212409379745,2.579853310965689,5.11194130327749,4015.0,3999.6641760901675,1_TICK_ADVERSE_ENTRY + 1_TICK_EXIT + 0.04pt_commission (family_port GC model),2025-11-07,False,STOP_HIT,True,True
GC_VWAP_V2_FROZEN,reconstructed:frozen_v2_5m_stitch,GC,2025-11-07,1762527000,1762527000,2025-11-07T14:50:00Z,2025-11-07T14:50:00Z,bullish,TARGET_HIT,1.9434279415006974,1.9434279415006974,4.809439837043429,UNAVAILABLE,48.094398370434284,WIN,0.0,0.47471991852171413,6.225280081478559,0.19182773572424727,2.5155493495996346,2.474719918521714,3991.2,3998.624159755565,1_TICK_ADVERSE_ENTRY + 1_TICK_EXIT + 0.04pt_commission (family_port GC model),2025-11-07,False,AMBIGUOUS,True,False
GC_VWAP_V2_FROZEN,reconstructed:frozen_v2_5m_stitch,GC,2025-11-07,1762534800,1762540200,2025-11-07T17:00:00Z,2025-11-07T18:30:00Z,bearish,TIME_EXIT,0.05898491399946081,0.05898491399946081,1.4403886739663538,UNAVAILABLE,14.403886739663537,WIN,5400.0,6.619611326033464,11.780388673966627,0.2710776694048494,0.48241507682833606,24.419611326033646,4035.8,3962.5411660218992,1_TICK_ADVERSE_ENTRY + 1_TICK_EXIT + 0.04pt_commission (family_port GC model),2025-11-07,False,EXPIRED,False,False
GC_VWAP_V2_FROZEN,reconstructed:frozen_v2_5m_stitch,GC,2025-11-12,1762956900,1762958100,2025-11-12T14:15:00Z,2025-11-12T14:35:00Z,bearish,STOP_HIT,-1.0228542251286252,-1.0228542251286252,-6.265781959881351,UNAVAILABLE,-62.65781959881351,LOSS,1200.0,6.625781959881351,7.474218040119013,1.0816222326022333,1.2201247267808042,6.125781959881351,4144.3,4125.922654120356,1_TICK_ADVERSE_ENTRY + 1_TICK_EXIT + 0.04pt_commission (family_port GC model),2025-11-12,False,STOP_HIT,False,True
GC_VWAP_V2_FROZEN,reconstructed:frozen_v2_5m_stitch,GC,2025-11-13,1763045400,1763046300,2025-11-13T14:50:00Z,2025-11-13T15:05:00Z,bullish,TARGET_HIT,1.9796896576934393,1.9796896576934393,13.64607980967172,UNAVAILABLE,136.4607980967172,WIN,900.0,5.293039904836405,14.206960095163595,0.7678818022108121,2.061058733345879,6.8930399048358595,4188.6,4209.279119714508,1_TICK_ADVERSE_ENTRY + 1_TICK_EXIT + 0.04pt_commission (family_port GC model),2025-11-13,False,STOP_HIT,True,True
GC_VWAP_V2_FROZEN,reconstructed:frozen_v2_5m_stitch,GC,2025-11-14,1763132700,1763134800,2025-11-14T15:05:00Z,2025-11-14T15:40:00Z,bearish,STOP_HIT,-1.020327751992704,-1.020327751992704,-7.027136366591221,UNAVAILABLE,-70.2713636659122,LOSS,2100.0,7.387136366591221,9.01286363340887,1.0725991142596578,1.3086518334571287,6.887136366591221,4085.0,4064.3385909002263,1_TICK_ADVERSE_ENTRY + 1_TICK_EXIT + 0.04pt_commission (family_port GC model),2025-11-14,False,STOP_HIT,False,True
GC_VWAP_V2_FROZEN,reconstructed:frozen_v2_5m_stitch,GC,2025-11-14,1763136300,1763136900,2025-11-14T16:05:00Z,2025-11-14T16:15:00Z,bearish,STOP_HIT,-1.012534003706249,-1.012534003706249,-11.309615334500121,UNAVAILABLE,-113.09615334500121,LOSS,600.0,11.86961533449994,4.430384665499787,1.0626700185312286,0.3966461272677356,11.169615334500122,4098.2,4064.6911539964995,1_TICK_ADVERSE_ENTRY + 1_TICK_EXIT + 0.04pt_commission (family_port GC model),2025-11-14,False,STOP_HIT,False,True
GC_VWAP_V2_FROZEN,reconstructed:frozen_v2_5m_stitch,GC,2025-11-17,1763395800,1763399700,2025-11-17T16:10:00Z,2025-11-17T17:15:00Z,bullish,TARGET_HIT,1.9828971733196181,1.9828971733196181,16.231562738291686,UNAVAILABLE,162.31562738291686,WIN,3900.0,3.8857813691456613,17.714218630854248,0.4746988948168217,2.164022935870649,8.185781369145843,4053.1,4077.6573441074374,1_TICK_ADVERSE_ENTRY + 1_TICK_EXIT + 0.04pt_commission (family_port GC model),2025-11-17,False,TARGET_2R_HIT,True,False
GC_VWAP_V2_FROZEN,reconstructed:frozen_v2_5m_stitch,GC,2025-11-18,1763482200,1763482500,2025-11-18T16:10:00Z,2025-11-18T16:15:00Z,bullish,TARGET_HIT,1.9745094919528008,1.9745094919528008,10.844480948027341,UNAVAILABLE,108.4448094802734,WIN,300.0,0.19224047401348798,16.10775952598624,0.035002195355987524,2.932821241567899,5.49224047401367,4040.1,4056.576721422041,1_TICK_ADVERSE_ENTRY + 1_TICK_EXIT + 0.04pt_commission (family_port GC model),2025-11-18,False,TARGET_3R_HIT,True,False
GC_VWAP_V2_FROZEN,reconstructed:frozen_v2_5m_stitch,GC,2025-11-19,1763562900,1763562900,2025-11-19T14:35:00Z,2025-11-19T14:35:00Z,bearish,TARGET_HIT,1.9241988997825312,1.9241988997825312,3.55387778273267,UNAVAILABLE,35.538777827326705,WIN,0.0,0.44693889136669895,6.453061108633847,0.24198899782551056,3.4939223700357394,1.8469388913663352,4120.0,4114.459183325901,1_TICK_ADVERSE_ENTRY + 1_TICK_EXIT + 0.04pt_commission (family_port GC model),2025-11-19,False,STOP_HIT,True,True
GC_VWAP_V2_FROZEN,reconstructed:frozen_v2_5m_stitch,GC,2025-11-19,1763564700,1763565000,2025-11-19T15:05:00Z,2025-11-19T15:10:00Z,bearish,STOP_HIT,-1.0250476540852043,-1.0250476540852043,-5.729345793572647,UNAVAILABLE,-57.29345793572647,LOSS,300.0,6.189345793573011,3.9106542064273526,1.1073470889366555,0.6996622414960134,5.589345793572647,4131.2,4114.431962619282,1_TICK_ADVERSE_ENTRY + 1_TICK_EXIT + 0.04pt_commission (family_port GC model),2025-11-19,False,STOP_HIT,False,True
GC_VWAP_V2_FROZEN,reconstructed:frozen_v2_5m_stitch,GC,2025-11-19,1763568000,1763568000,2025-11-19T16:00:00Z,2025-11-19T16:00:00Z,bullish,STOP_HIT,-1.0209249973629684,-1.0209249973629684,-6.830562372436034,UNAVAILABLE,-68.30562372436033,LOSS,0.0,13.190562372436034,2.2094376275636023,1.9715177347092498,0.3302319752172262,6.690562372436034,4090.5,4110.571687117308,1_TICK_ADVERSE_ENTRY + 1_TICK_EXIT + 0.04pt_commission (family_port GC model),2025-11-19,False,AMBIGUOUS,,False
GC_VWAP_V2_FROZEN,reconstructed:frozen_v2_5m_stitch,GC,2025-11-19,1763569500,1763569500,2025-11-19T16:25:00Z,2025-11-19T16:25:00Z,bullish,STOP_HIT,-1.0345808213586034,-1.0345808213586034,-4.188486834601135,UNAVAILABLE,-41.88486834601135,LOSS,0.0,14.848486834601317,0.9515131653988647,3.6676633619494576,0.23502933423583913,4.048486834601135,4082.3,4094.4454605038036,1_TICK_ADVERSE_ENTRY + 1_TICK_EXIT + 0.04pt_commission (family_port GC model),2025-11-19,False,AMBIGUOUS,,False
GC_VWAP_V2_FROZEN,reconstructed:frozen_v2_5m_stitch,GC,2025-11-19,1763570100,1763570100,2025-11-19T16:35:00Z,2025-11-19T16:35:00Z,bullish,STOP_HIT,-1.0190043744007056,-1.0190043744007056,-7.506724999629696,UNAVAILABLE,-75.06724999629695,LOSS,0.0,10.566724999629514,1.3332750003701221,1.4343857005875302,0.18098612347239,7.366724999629696,4071.5,4093.600174998889,1_TICK_ADVERSE_ENTRY + 1_TICK_EXIT + 0.04pt_commission (family_port GC model),2025-11-19,False,AMBIGUOUS,,False
GC_VWAP_V2_FROZEN,reconstructed:frozen_v2_5m_stitch,GC,2025-11-19,1763572500,1763575200,2025-11-19T17:15:00Z,2025-11-19T18:00:00Z,bullish,TARGET_HIT,1.985185860141523,1.985185860141523,18.760861114780127,UNAVAILABLE,187.60861114780127,WIN,2700.0,2.9504305573900638,19.24956944261021,0.31220064942785924,2.0368986709877888,9.450430557390064,4055.6,4083.95129167217,1_TICK_ADVERSE_ENTRY + 1_TICK_EXIT + 0.04pt_commission (family_port GC model),2025-11-19,False,TARGET_2R_HIT,True,False
GC_VWAP_V2_FROZEN,reconstructed:frozen_v2_5m_stitch,GC,2025-11-20,1763650800,1763654100,2025-11-20T15:00:00Z,2025-11-20T15:55:00Z,bearish,TARGET_HIT,1.9881743609724845,1.9881743609724845,23.53736740048531,UNAVAILABLE,235.3736740048531,WIN,3300.0,3.4386837002430184,25.7613162997568,0.29046165834910653,2.176028767389805,11.838683700242655,4106.9,4071.3839488992717,1_TICK_ADVERSE_ENTRY + 1_TICK_EXIT + 0.04pt_commission (family_port GC model),2025-11-20,False,TARGET_3R_HIT,True,False
GC_VWAP_V2_FROZEN,reconstructed:frozen_v2_5m_stitch,GC,2025-11-20,1763655300,1763655600,2025-11-20T16:15:00Z,2025-11-20T16:20:00Z,bullish,STOP_HIT,-1.0373218530970703,-1.0373218530970703,-3.891153503441401,UNAVAILABLE,-38.91153503441401,LOSS,300.0,7.35115350344131,6.14884649655869,1.9597047939246368,1.639188183292842,3.751153503441401,4067.6,4078.853460510324,1_TICK_ADVERSE_ENTRY + 1_TICK_EXIT + 0.04pt_commission (family_port GC model),2025-11-20,False,STOP_HIT,False,True
GC_VWAP_V2_FROZEN,reconstructed:frozen_v2_5m_stitch,GC,2025-11-24,1763992500,1763994600,2025-11-24T13:55:00Z,2025-11-24T14:30:00Z,bullish,STOP_HIT,-1.0402842396200669,-1.0402842396200669,-3.6153045190968807,UNAVAILABLE,-36.153045190968804,LOSS,2100.0,6.4753045190968805,6.6246954809030285,1.86323370614429,1.9062201440190838,3.4753045190968805,4070.6,4081.0259135572906,1_TICK_ADVERSE_ENTRY + 1_TICK_EXIT + 0.04pt_commission (family_port GC model),2025-11-24,False,STOP_HIT,False,True
GC_VWAP_V2_FROZEN,reconstructed:frozen_v2_5m_stitch,GC,2025-11-24,1763995500,1763995800,2025-11-24T14:45:00Z,2025-11-24T14:50:00Z,bullish,TARGET_HIT,1.965204947988395,1.965204947988395,7.90712117994859,UNAVAILABLE,79.07121179948591,WIN,300.0,0.2235605899741131,12.576439410025614,0.05556287397067416,3.1256990242331506,4.023560589974295,4066.0,4078.070681769923,1_TICK_ADVERSE_ENTRY + 1_TICK_EXIT + 0.04pt_commission (family_port GC model),2025-11-24,False,TARGET_3R_HIT,True,False
GC_VWAP_V2_FROZEN,reconstructed:frozen_v2_5m_stitch,GC,2025-11-24,1763997900,1764000000,2025-11-24T15:25:00Z,2025-11-24T16:00:00Z,bearish,STOP_HIT,-1.0224081364858506,-1.0224081364858506,-6.387730599481201,UNAVAILABLE,-63.87730599481201,LOSS,2100.0,6.547730599481383,0.9522694005186167,1.0480174353268519,0.15241844784371644,6.247730599481201,4092.6,4073.8568082015563,1_TICK_ADVERSE_ENTRY + 1_TICK_EXIT + 0.04pt_commission (family_port GC model),2025-11-24,False,STOP_HIT,False,True
GC_VWAP_V2_FROZEN,reconstructed:frozen_v2_5m_stitch,GC,2025-11-25,1764082200,1764082200,2025-11-25T14:50:00Z,2025-11-25T14:50:00Z,bullish,STOP_HIT,-1.0251595086620218,-1.0251595086620218,-5.704496583803702,UNAVAILABLE,-57.04496583803702,LOSS,0.0,11.964496583803339,0.03550341619666142,2.1501489674066456,0.00638034648093763,5.564496583803702,4113.4,4130.093489751411,1_TICK_ADVERSE_ENTRY + 1_TICK_EXIT + 0.04pt_commission (family_port GC model),2025-11-25,False,AMBIGUOUS,,False
GC_VWAP_V2_FROZEN,reconstructed:frozen_v2_5m_stitch,GC,2025-11-26,1764166500,1764167400,2025-11-26T14:15:00Z,2025-11-26T14:30:00Z,bullish,STOP_HIT,-1.023554464195907,-1.023554464195907,-6.083671604482006,UNAVAILABLE,-60.83671604482006,LOSS,900.0,6.143671604481824,5.156328395518358,1.0336492345655508,0.8675325183898236,5.943671604482006,4138.5,4156.331014813446,1_TICK_ADVERSE_ENTRY + 1_TICK_EXIT + 0.04pt_commission (family_port GC model),2025-11-26,False,STOP_HIT,False,True
GC_VWAP_V2_FROZEN,reconstructed:frozen_v2_5m_stitch,GC,2025-12-01,1764598500,1764599400,2025-12-01T14:15:00Z,2025-12-01T14:30:00Z,bullish,STOP_HIT,-1.0181689582124782,-1.0181689582124782,-7.845450051827938,UNAVAILABLE,-78.45450051827937,LOSS,900.0,10.205450051827938,0.0,1.3244456823656827,0.0,7.705450051827938,4276.0,4299.116350155484,1_TICK_ADVERSE_ENTRY + 1_TICK_EXIT + 0.04pt_commission (family_port GC model),2025-12-01,False,STOP_HIT,False,True
GC_VWAP_V2_FROZEN,reconstructed:frozen_v2_5m_stitch,GC,2025-12-02,1764691500,1764700200,2025-12-02T16:05:00Z,2025-12-02T18:30:00Z,bullish,TIME_EXIT,1.2707072493962372,1.2707072493962372,14.527438622084775,UNAVAILABLE,145.27438622084776,WIN,8700.0,4.93256137791559,22.767438622084228,0.43144849302483307,1.991455621315478,11.43256137791559,4194.0,4228.297684133747,1_TICK_ADVERSE_ENTRY + 1_TICK_EXIT + 0.04pt_commission (family_port GC model),2025-12-02,False,TARGET_2R_HIT,True,False
GC_VWAP_V2_FROZEN,reconstructed:frozen_v2_5m_stitch,GC,2025-12-03,1764770700,1764772200,2025-12-03T14:05:00Z,2025-12-03T14:30:00Z,bearish,STOP_HIT,-1.0130101563635612,-1.0130101563635612,-10.900823781650287,UNAVAILABLE,-109.00823781650287,LOSS,1500.0,14.460823781650106,8.239176218349712,1.3438398467512478,0.7656640779118999,10.760823781650288,4267.6,4235.3175286550495,1_TICK_ADVERSE_ENTRY + 1_TICK_EXIT + 0.04pt_commission (family_port GC model),2025-12-03,False,STOP_HIT,False,True
GC_VWAP_V2_FROZEN,reconstructed:frozen_v2_5m_stitch,GC,2025-12-03,1764774000,1764775800,2025-12-03T15:00:00Z,2025-12-03T15:30:00Z,bullish,TARGET_HIT,1.9816675810243614,1.9816675810243614,15.133489023575168,UNAVAILABLE,151.3348902357517,WIN,1800.0,6.936744511787765,16.763255488212963,0.9083379051218299,2.195078735754259,7.636744511787583,4236.7,4259.610233535363,1_TICK_ADVERSE_ENTRY + 1_TICK_EXIT + 0.04pt_commission (family_port GC model),2025-12-03,False,STOP_HIT,True,True
GC_VWAP_V2_FROZEN,reconstructed:frozen_v2_5m_stitch,GC,2025-12-03,1764781500,1764786600,2025-12-03T17:05:00Z,2025-12-03T18:30:00Z,bullish,TIME_EXIT,-0.5431109420952197,-0.5431109420952197,-6.846999227370943,UNAVAILABLE,-68.46999227370942,LOSS,5100.0,9.60699922737058,7.693000772628693,0.762036949007912,0.6102166450464048,12.60699922737058,4226.6,4264.420997682112,1_TICK_ADVERSE_ENTRY + 1_TICK_EXIT + 0.04pt_commission (family_port GC model),2025-12-03,False,EXPIRED,False,False
GC_VWAP_V2_FROZEN,reconstructed:frozen_v2_5m_stitch,GC,2025-12-04,1764859200,1764860100,2025-12-04T14:40:00Z,2025-12-04T14:55:00Z,bearish,STOP_HIT,-1.0132650349802068,-1.0132650349802068,-10.694061878381616,UNAVAILABLE,-106.94061878381616,LOSS,900.0,12.454061878382163,2.645938121618201,1.1800254747314307,0.25070329813377357,10.554061878381617,4236.2,4204.537814364855,1_TICK_ADVERSE_ENTRY + 1_TICK_EXIT + 0.04pt_commission (family_port GC model),2025-12-04,False,STOP_HIT,False,True
GC_VWAP_V2_FROZEN,reconstructed:frozen_v2_5m_stitch,GC,2025-12-04,1764864900,1764864900,2025-12-04T16:15:00Z,2025-12-04T16:15:00Z,bearish,STOP_HIT,-1.063132052865309,-1.063132052865309,-2.357574015828177,UNAVAILABLE,-23.57574015828177,LOSS,0.0,7.317574015828541,3.6824259841714593,3.29981049723642,1.6605650850378573,2.217574015828177,4246.0,4239.3472779525155,1_TICK_ADVERSE_ENTRY + 1_TICK_EXIT + 0.04pt_commission (family_port GC model),2025-12-04,False,AMBIGUOUS,,False
GC_VWAP_V2_FROZEN,reconstructed:frozen_v2_5m_stitch,GC,2025-12-05,1764946800,1764948000,2025-12-05T15:00:00Z,2025-12-05T15:20:00Z,bearish,STOP_HIT,-1.0240454176214908,-1.0240454176214908,-5.9623151788752144,UNAVAILABLE,-59.623151788752146,LOSS,1200.0,8.022315178875033,6.977684821124967,1.3778565626233972,1.1984381825363417,5.822315178875215,4277.0,4259.533054463374,1_TICK_ADVERSE_ENTRY + 1_TICK_EXIT + 0.04pt_commission (family_port GC model),2025-12-05,False,STOP_HIT,False,True
GC_VWAP_V2_FROZEN,reconstructed:frozen_v2_5m_stitch,GC,2025-12-05,1764949800,1764951000,2025-12-05T15:50:00Z,2025-12-05T16:10:00Z,bearish,TARGET_HIT,1.9886376947917066,1.9886376947917066,24.5028867089071,UNAVAILABLE,245.02886708907099,WIN,1200.0,2.4214433544539133,46.17855664554645,0.19652270312785147,3.7478203906083247,12.32144335445355,4290.5,4253.535669936639,1_TICK_ADVERSE_ENTRY + 1_TICK_EXIT + 0.04pt_commission (family_port GC model),2025-12-05,False,TARGET_3R_HIT,True,False
GC_VWAP_V2_FROZEN,reconstructed:frozen_v2_5m_stitch,GC,2025-12-05,1764951600,1764951600,2025-12-05T16:20:00Z,2025-12-05T16:20:00Z,bullish,STOP_HIT,-1.0141342489276932,-1.0141342489276932,-10.045018704297616,UNAVAILABLE,-100.45018704297617,LOSS,0.0,13.2050187042978,0.39498129570165474,1.3331644390099302,0.039876885394499975,9.905018704297618,4231.1,4260.815056112893,1_TICK_ADVERSE_ENTRY + 1_TICK_EXIT + 0.04pt_commission (family_port GC model),2025-12-05,False,AMBIGUOUS,,False
GC_VWAP_V2_FROZEN,reconstructed:frozen_v2_5m_stitch,GC,2025-12-08,1765204200,1765204500,2025-12-08T14:30:00Z,2025-12-08T14:35:00Z,bearish,TARGET_HIT,1.9535834847234619,1.9535834847234619,5.89233565320079,UNAVAILABLE,58.923356532007894,WIN,300.0,2.5161678266003946,6.583832173399969,0.834226731155221,2.1828467618198775,3.0161678266003946,4240.8,4231.751496520199,1_TICK_ADVERSE_ENTRY + 1_TICK_EXIT + 0.04pt_commission (family_port GC model),2025-12-08,False,AMBIGUOUS,True,False
GC_VWAP_V2_FROZEN,reconstructed:frozen_v2_5m_stitch,GC,2025-12-09,1765297200,1765298100,2025-12-09T16:20:00Z,2025-12-09T16:35:00Z,bearish,STOP_HIT,-1.0186436873235616,-1.0186436873235616,-7.649244151669008,UNAVAILABLE,-76.49244151669008,LOSS,900.0,7.809244151669191,0.8907558483306275,1.0399507585505132,0.11862123941364293,7.509244151669009,4247.7,4225.172267544993,1_TICK_ADVERSE_ENTRY + 1_TICK_EXIT + 0.04pt_commission (family_port GC model),2025-12-09,False,STOP_HIT,False,True
GC_VWAP_V2_FROZEN,reconstructed:frozen_v2_5m_stitch,GC,2025-12-09,1765298100,1765298700,2025-12-09T16:35:00Z,2025-12-09T16:45:00Z,bearish,STOP_HIT,-1.0348869410369086,-1.0348869410369086,-4.152962897832949,UNAVAILABLE,-41.52962897832949,LOSS,600.0,5.1129628978324035,2.5870371021674146,1.2741116795755745,0.6446700774543536,4.012962897832949,4250.6,4238.5611113065015,1_TICK_ADVERSE_ENTRY + 1_TICK_EXIT + 0.04pt_commission (family_port GC model),2025-12-09,False,STOP_HIT,False,True
GC_VWAP_V2_FROZEN,reconstructed:frozen_v2_5m_stitch,GC,2025-12-10,1765376100,1765376400,2025-12-10T14:15:00Z,2025-12-10T14:20:00Z,bearish,TARGET_HIT,1.9365320265488064,1.9365320265488064,4.2716738691100185,UNAVAILABLE,42.71673869110018,WIN,300.0,1.4058369345548272,4.994163065444809,0.6373258659930959,2.2640672060613123,2.205836934555009,4235.3,4228.682489196335,1_TICK_ADVERSE_ENTRY + 1_TICK_EXIT + 0.04pt_commission (family_port GC model),2025-12-10,False,TARGET_3R_HIT,True,False
GC_VWAP_V2_FROZEN,reconstructed:frozen_v2_5m_stitch,GC,2025-12-11,1765461300,1765461900,2025-12-11T13:55:00Z,2025-12-11T14:05:00Z,bearish,STOP_HIT,-1.0763138247606572,-1.0763138247606572,-1.9745299877064464,UNAVAILABLE,-19.745299877064465,LOSS,600.0,4.834529987706446,3.5654700122940994,2.635296244871222,1.9435332407684964,1.8345299877064463,4250.8,4245.296410036881,1_TICK_ADVERSE_ENTRY + 1_TICK_EXIT + 0.04pt_commission (family_port GC model),2025-12-11,False,AMBIGUOUS,True,False
GC_VWAP_V2_FROZEN,reconstructed:frozen_v2_5m_stitch,GC,2025-12-11,1765472100,1765472700,2025-12-11T16:55:00Z,2025-12-11T17:05:00Z,bearish,STOP_HIT,-1.0247890945261533,-1.0247890945261533,-5.7876447678351175,UNAVAILABLE,-57.87644767835118,LOSS,600.0,7.747644767835482,1.7523552321645184,1.3718364178923643,0.31028071066804,5.647644767835118,4309.4,4292.457065696494,1_TICK_ADVERSE_ENTRY + 1_TICK_EXIT + 0.04pt_commission (family_port GC model),2025-12-11,False,STOP_HIT,False,True
GC_VWAP_V2_FROZEN,reconstructed:frozen_v2_5m_stitch,GC,2025-12-12,1765551600,1765552500,2025-12-12T15:00:00Z,2025-12-12T15:15:00Z,bearish,TARGET_HIT,1.9805337139221704,1.9805337139221704,14.24384285941902,UNAVAILABLE,142.4384285941902,WIN,900.0,3.8919214297093276,24.608078570290672,0.5411518281654152,3.421627837678508,7.1919214297095095,4387.8,4366.224235710872,1_TICK_ADVERSE_ENTRY + 1_TICK_EXIT + 0.04pt_commission (family_port GC model),2025-12-12,False,TARGET_3R_HIT,True,False
GC_VWAP_V2_FROZEN,reconstructed:frozen_v2_5m_stitch,GC,2025-12-12,1765555800,1765556400,2025-12-12T16:10:00Z,2025-12-12T16:20:00Z,bullish,STOP_HIT,-1.0216641021505082,-1.0216641021505082,-6.60230335452492,UNAVAILABLE,-66.02303354524919,LOSS,600.0,7.762303354525102,10.137696645475444,1.2011666628261761,1.5687435407031773,6.46230335452492,4303.7,4323.086910063575,1_TICK_ADVERSE_ENTRY + 1_TICK_EXIT + 0.04pt_commission (family_port GC model),2025-12-12,False,AMBIGUOUS,False,False
GC_VWAP_V2_FROZEN,reconstructed:frozen_v2_5m_stitch,GC,2025-12-15,1765807500,1765807800,2025-12-15T14:05:00Z,2025-12-15T14:10:00Z,bullish,STOP_HIT,-1.0386021801200442,-1.0386021801200442,-3.7667381677571394,UNAVAILABLE,-37.66738167757139,LOSS,300.0,5.0267381677567755,1.9732618322432245,1.3860218012003411,0.5440872048018665,3.6267381677571393,4363.2,4374.080214503271,1_TICK_ADVERSE_ENTRY + 1_TICK_EXIT + 0.04pt_commission (family_port GC model),2025-12-15,False,STOP_HIT,False,True
GC_VWAP_V2_FROZEN,reconstructed:frozen_v2_5m_stitch,GC,2025-12-15,1765815600,1765815600,2025-12-15T16:20:00Z,2025-12-15T16:20:00Z,bullish,STOP_HIT,-1.0272193111557795,-1.0272193111557795,-5.283407164081509,UNAVAILABLE,-52.83407164081509,LOSS,0.0,14.143407164081509,0.3565928359184909,2.749812860014396,0.06933008111990877,5.143407164081509,4331.0,4346.4302214922445,1_TICK_ADVERSE_ENTRY + 1_TICK_EXIT + 0.04pt_commission (family_port GC model),2025-12-15,False,AMBIGUOUS,,False
GC_VWAP_V2_FROZEN,reconstructed:frozen_v2_5m_stitch,GC,2025-12-15,1765817400,1765823400,2025-12-15T16:50:00Z,2025-12-15T18:30:00Z,bullish,TIME_EXIT,0.4210470391498407,0.4210470391498407,5.7362426811836125,UNAVAILABLE,57.36242681183612,WIN,6000.0,8.323757318816206,9.676242681183794,0.61097369279471,0.7102477279024559,13.623757318816388,4315.9,4356.771271956449,1_TICK_ADVERSE_ENTRY + 1_TICK_EXIT + 0.04pt_commission (family_port GC model),2025-12-15,False,EXPIRED,False,False
GC_VWAP_V2_FROZEN,reconstructed:frozen_v2_5m_stitch,GC,2025-12-16,1765895100,1765895400,2025-12-16T14:25:00Z,2025-12-16T14:30:00Z,bearish,STOP_HIT,-1.0205116587586762,-1.0205116587586762,-6.96538655927965,UNAVAILABLE,-69.65386559279649,LOSS,300.0,7.82538655927965,0.2746134407198042,1.1465118482762593,0.0402341227613615,6.82538655927965,4362.4,4341.923840322161,1_TICK_ADVERSE_ENTRY + 1_TICK_EXIT + 0.04pt_commission (family_port GC model),2025-12-16,False,STOP_HIT,False,True
GC_VWAP_V2_FROZEN,reconstructed:frozen_v2_5m_stitch,GC,2025-12-17,1765989000,1765989600,2025-12-17T16:30:00Z,2025-12-17T16:40:00Z,bullish,TARGET_HIT,1.9631826546013391,1.9631826546013391,7.465111041226337,UNAVAILABLE,74.65111041226338,WIN,600.0,0.5025555206129866,11.197444479386832,0.1321625727458014,2.944715578427958,3.8025555206131685,4351.0,4362.4076665618395,1_TICK_ADVERSE_ENTRY + 1_TICK_EXIT + 0.04pt_commission (family_port GC model),2025-12-17,False,TARGET_3R_HIT,True,False
GC_VWAP_V2_FROZEN,reconstructed:frozen_v2_5m_stitch,GC,2025-12-18,1766069400,1766070000,2025-12-18T14:50:00Z,2025-12-18T15:00:00Z,bullish,TARGET_HIT,1.9845140719779695,1.9845140719779695,17.94093125589039,UNAVAILABLE,179.4093125589039,WIN,600.0,2.7404656279450137,20.159534372054623,0.3031332390086077,2.229922130309197,9.040465627945196,4338.0,4365.121396883836,1_TICK_ADVERSE_ENTRY + 1_TICK_EXIT + 0.04pt_commission (family_port GC model),2025-12-18,False,TARGET_3R_HIT,True,False
GC_VWAP_V2_FROZEN,reconstructed:frozen_v2_5m_stitch,GC,2025-12-18,1766076600,1766077500,2025-12-18T16:50:00Z,2025-12-18T17:05:00Z,bearish,TARGET_HIT,1.9913598937881523,1.9913598937881523,32.26700902681601,UNAVAILABLE,322.67009026816015,WIN,900.0,6.603504513407643,33.096495486592175,0.4075355740447014,2.0425516874578356,16.203504513408006,4409.5,4360.889486459776,1_TICK_ADVERSE_ENTRY + 1_TICK_EXIT + 0.04pt_commission (family_port GC model),2025-12-18,False,TARGET_2R_HIT,True,False
GC_VWAP_V2_FROZEN,reconstructed:frozen_v2_5m_stitch,GC,2025-12-19,1766153100,1766153400,2025-12-19T14:05:00Z,2025-12-19T14:10:00Z,bullish,STOP_HIT,-1.0376440801297258,-1.0376440801297258,-3.859044256561574,UNAVAILABLE,-38.59044256561574,LOSS,300.0,5.219044256561574,4.580955743438608,1.4033294299613466,1.2317561791195006,3.719044256561574,4357.5,4368.657132769685,1_TICK_ADVERSE_ENTRY + 1_TICK_EXIT + 0.04pt_commission (family_port GC model),2025-12-19,False,STOP_HIT,False,True
GC_VWAP_V2_FROZEN,reconstructed:frozen_v2_5m_stitch,GC,2025-12-19,1766154000,1766154000,2025-12-19T14:20:00Z,2025-12-19T14:20:00Z,bullish,STOP_HIT,-1.0506539134019552,-1.0506539134019552,-2.9038535820333347,UNAVAILABLE,-29.038535820333347,LOSS,0.0,3.0638535820335164,1.6361464179663017,1.1085441001471126,0.5919801354898866,2.7638535820333345,4356.0,4364.2915607461,1_TICK_ADVERSE_ENTRY + 1_TICK_EXIT + 0.04pt_commission (family_port GC model),2025-12-19,False,AMBIGUOUS,,False
GC_VWAP_V2_FROZEN,reconstructed:frozen_v2_5m_stitch,GC,2025-12-19,1766154600,1766154600,2025-12-19T14:30:00Z,2025-12-19T14:30:00Z,bullish,TARGET_HIT,1.939718937042592,1.939718937042592,4.504908139689506,UNAVAILABLE,45.049081396895055,WIN,0.0,0.922454069844207,6.777545930155611,0.3971893704256849,2.9182690922316774,2.3224540698447527,4355.7,4362.667362209534,1_TICK_ADVERSE_ENTRY + 1_TICK_EXIT + 0.04pt_commission (family_port GC model),2025-12-19,False,AMBIGUOUS,True,False
GC_VWAP_V2_FROZEN,reconstructed:frozen_v2_5m_stitch,GC,2025-12-19,1766155500,1766155500,2025-12-19T14:45:00Z,2025-12-19T14:45:00Z,bearish,TARGET_HIT,1.956568727086875,1.956568727086875,6.306967385922108,UNAVAILABLE,63.069673859221076,WIN,0.0,0.22348369296105375,15.87651630703931,0.0693298661473185,4.925266518862185,3.2234836929610537,4369.8,4360.129548921117,1_TICK_ADVERSE_ENTRY + 1_TICK_EXIT + 0.04pt_commission (family_port GC model),2025-12-19,False,AMBIGUOUS,True,False
GC_VWAP_V2_FROZEN,reconstructed:frozen_v2_5m_stitch,GC,2025-12-19,1766157900,1766159400,2025-12-19T15:25:00Z,2025-12-19T15:50:00Z,bearish,STOP_HIT,-1.0156856350716965,-1.0156856350716965,-9.065363835131974,UNAVAILABLE,-90.65363835131974,LOSS,1500.0,9.625363835131793,1.3746361648682068,1.0784281753584635,0.15401458027485337,8.925363835131975,4378.0,4351.223908494604,1_TICK_ADVERSE_ENTRY + 1_TICK_EXIT + 0.04pt_commission (family_port GC model),2025-12-19,False,STOP_HIT,False,True
GC_VWAP_V2_FROZEN,reconstructed:frozen_v2_5m_stitch,GC,2025-12-22,1766419500,1766419500,2025-12-22T16:05:00Z,2025-12-22T16:05:00Z,bearish,STOP_HIT,-1.0234133731416977,-1.0234133731416977,-6.119488694461906,UNAVAILABLE,-61.194886944619064,LOSS,0.0,8.179488694461725,0.720511305538821,1.367924435083792,0.1204971432099446,5.979488694461907,4471.1,4453.161533916615,1_TICK_ADVERSE_ENTRY + 1_TICK_EXIT + 0.04pt_commission (family_port GC model),2025-12-22,False,AMBIGUOUS,,False
GC_VWAP_V2_FROZEN,reconstructed:frozen_v2_5m_stitch,GC,2025-12-22,1766421000,1766421000,2025-12-22T16:30:00Z,2025-12-22T16:30:00Z,bearish,STOP_HIT,-1.0208876050715758,-1.0208876050715758,-6.84253959323054,UNAVAILABLE,-68.42539593230539,LOSS,0.0,8.602539593230176,0.8974604067698237,1.2834746402570463,0.13389856102845624,6.70253959323054,4475.8,4455.692381220309,1_TICK_ADVERSE_ENTRY + 1_TICK_EXIT + 0.04pt_commission (family_port GC model),2025-12-22,False,AMBIGUOUS,,False
GC_VWAP_V2_FROZEN,reconstructed:frozen_v2_5m_stitch,GC,2025-12-24,1766585100,1766586600,2025-12-24T14:05:00Z,2025-12-24T14:30:00Z,bearish,TARGET_HIT,1.9563208499374858,1.9563208499374858,6.270381145220527,UNAVAILABLE,62.703811452205265,WIN,1500.0,3.105190572610809,7.894809427389191,0.9688006070983742,2.4631326120991823,3.205190572610263,4517.7,4508.084428282169,1_TICK_ADVERSE_ENTRY + 1_TICK_EXIT + 0.04pt_commission (family_port GC model),2025-12-24,False,AMBIGUOUS,True,False
GC_VWAP_V2_FROZEN,reconstructed:frozen_v2_5m_stitch,GC,2025-12-24,1766587500,1766587800,2025-12-24T14:45:00Z,2025-12-24T14:50:00Z,bullish,STOP_HIT,-1.0285060610518302,-1.0285060610518302,-5.051236236583136,UNAVAILABLE,-50.51236236583136,LOSS,300.0,13.411236236583136,8.288763763416682,2.730725135289695,1.6877143277439597,4.911236236583136,4497.8,4512.53370870975,1_TICK_ADVERSE_ENTRY + 1_TICK_EXIT + 0.04pt_commission (family_port GC model),2025-12-24,False,STOP_HIT,False,True
GC_VWAP_V2_FROZEN,reconstructed:frozen_v2_5m_stitch,GC,2025-12-24,1766588400,1766590500,2025-12-24T15:00:00Z,2025-12-24T15:35:00Z,bullish,STOP_HIT,-1.0210832869076107,-1.0210832869076107,-6.78033082761216,UNAVAILABLE,-67.8033082761216,LOSS,2100.0,10.740330827612524,9.85966917238784,1.617439116580086,1.4848159569684183,6.640330827612161,4487.5,4507.4209924828365,1_TICK_ADVERSE_ENTRY + 1_TICK_EXIT + 0.04pt_commission (family_port GC model),2025-12-24,False,STOP_HIT,False,True
GC_VWAP_V2_FROZEN,reconstructed:frozen_v2_5m_stitch,GC,2025-12-24,1766591400,1766592000,2025-12-24T15:50:00Z,2025-12-24T16:00:00Z,bullish,TARGET_HIT,1.97945394740603,1.97945394740603,13.48792189494212,UNAVAILABLE,134.87921894942122,WIN,600.0,1.1139609474712415,13.886039052528758,0.1634821443883793,2.0378806335370085,6.81396094747106,4474.3,4494.741882842413,1_TICK_ADVERSE_ENTRY + 1_TICK_EXIT + 0.04pt_commission (family_port GC model),2025-12-24,False,TARGET_3R_HIT,True,False
GC_VWAP_V2_FROZEN,reconstructed:frozen_v2_5m_stitch,GC,2025-12-26,1766763900,1766764500,2025-12-26T15:45:00Z,2025-12-26T15:55:00Z,bearish,STOP_HIT,-1.0145785385437613,-1.0145785385437613,-9.743157379578987,UNAVAILABLE,-97.43157379578987,LOSS,600.0,11.103157379578988,0.0,1.1561986272545874,0.0,9.603157379578988,4579.6,4550.790527861263,1_TICK_ADVERSE_ENTRY + 1_TICK_EXIT + 0.04pt_commission (family_port GC model),2025-12-26,False,STOP_HIT,False,True
GC_VWAP_V2_FROZEN,reconstructed:frozen_v2_5m_stitch,GC,2025-12-26,1766764500,1766764500,2025-12-26T15:55:00Z,2025-12-26T15:55:00Z,bearish,STOP_HIT,-1.0543181439383191,-1.0543181439383191,-2.717407655146999,UNAVAILABLE,-27.17407655146999,LOSS,0.0,4.877407655147181,2.1225923448528192,1.8923695075581688,0.8235376893577823,2.577407655146999,4578.8,4571.067777034559,1_TICK_ADVERSE_ENTRY + 1_TICK_EXIT + 0.04pt_commission (family_port GC model),2025-12-26,False,AMBIGUOUS,,False
GC_VWAP_V2_FROZEN,reconstructed:frozen_v2_5m_stitch,GC,2025-12-26,1766765400,1766765400,2025-12-26T16:10:00Z,2025-12-26T16:10:00Z,bearish,TARGET_HIT,1.9713775741686455,1.9713775741686455,9.642539105866819,UNAVAILABLE,96.42539105866818,WIN,0.0,2.091269552933227,12.008730447066227,0.42755148337286863,2.45513568964203,4.891269552933409,4584.0,4569.3261913412,1_TICK_ADVERSE_ENTRY + 1_TICK_EXIT + 0.04pt_commission (family_port GC model),2025-12-26,False,TARGET_3R_HIT,True,False
GC_VWAP_V2_FROZEN,reconstructed:frozen_v2_5m_stitch,GC,2025-12-31,1767199800,1767204900,2025-12-31T16:50:00Z,2025-12-31T18:15:00Z,bullish,TARGET_HIT,1.9678633786727533,1.9678633786727533,8.572801422052509,UNAVAILABLE,85.72801422052508,WIN,5100.0,3.6564007110264356,10.543599288973382,0.8393168933638071,2.4202546983997686,4.356400711026254,4330.8,4343.869202133079,1_TICK_ADVERSE_ENTRY + 1_TICK_EXIT + 0.04pt_commission (family_port GC model),2025-12-31,False,TARGET_2R_HIT,True,False
GC_VWAP_V2_FROZEN,reconstructed:frozen_v2_5m_stitch,GC,2026-01-02,1767365100,1767366000,2026-01-02T14:45:00Z,2026-01-02T15:00:00Z,bullish,STOP_HIT,-1.0150816698517726,-1.0150816698517726,-9.42279171842132,UNAVAILABLE,-94.22791718421321,LOSS,900.0,15.48279171842114,6.717208281578678,1.6679025220070565,0.723619411631164,9.282791718421322,4359.2,4387.048375155264,1_TICK_ADVERSE_ENTRY + 1_TICK_EXIT + 0.04pt_commission (family_port GC model),2026-01-02,False,STOP_HIT,False,True
GC_VWAP_V2_FROZEN,reconstructed:frozen_v2_5m_stitch,GC,2026-01-02,1767366600,1767366600,2026-01-02T15:10:00Z,2026-01-02T15:10:00Z,bullish,STOP_HIT,-1.0315008554529317,-1.0315008554529317,-4.58432374889584,UNAVAILABLE,-45.8432374889584,LOSS,0.0,9.94432374889584,5.55567625110416,2.237533607079465,1.2500611037808456,4.44432374889584,4350.2,4363.532971246687,1_TICK_ADVERSE_ENTRY + 1_TICK_EXIT + 0.04pt_commission (family_port GC model),2026-01-02,False,AMBIGUOUS,,False
GC_VWAP_V2_FROZEN,reconstructed:frozen_v2_5m_stitch,GC,2026-01-02,1767371400,1767372000,2026-01-02T16:30:00Z,2026-01-02T16:40:00Z,bullish,TARGET_HIT,1.960815602551082,1.960815602551082,7.005701305347757,UNAVAILABLE,70.05701305347758,WIN,600.0,3.2728506526736965,9.927149347326122,0.9160334340379815,2.7784954682885394,3.5728506526738784,4325.3,4336.018551958022,1_TICK_ADVERSE_ENTRY + 1_TICK_EXIT + 0.04pt_commission (family_port GC model),2026-01-02,False,STOP_HIT,True,True
GC_VWAP_V2_FROZEN,reconstructed:frozen_v2_5m_stitch,GC,2026-01-05,1767625800,1767627300,2026-01-05T15:10:00Z,2026-01-05T15:35:00Z,bearish,TARGET_HIT,1.974528074032596,1.974528074032596,10.852494260477544,UNAVAILABLE,108.52494260477543,WIN,1500.0,3.5962471302382255,16.50375286976123,0.6543095761565574,3.002731223449238,5.496247130238771,4467.6,4451.111258609284,1_TICK_ADVERSE_ENTRY + 1_TICK_EXIT + 0.04pt_commission (family_port GC model),2026-01-05,False,TARGET_3R_HIT,True,False
GC_VWAP_V2_FROZEN,reconstructed:frozen_v2_5m_stitch,GC,2026-01-06,1767710400,1767710400,2026-01-06T14:40:00Z,2026-01-06T14:40:00Z,bearish,STOP_HIT,-1.021003983297675,-1.021003983297675,-6.805402367535534,UNAVAILABLE,-68.05402367535534,LOSS,0.0,6.665402367535535,0.7345976324641015,1.0,0.11021054573419722,6.665402367535535,4494.0,4474.003792897393,1_TICK_ADVERSE_ENTRY + 1_TICK_EXIT + 0.04pt_commission (family_port GC model),2026-01-06,False,AMBIGUOUS,,False
GC_VWAP_V2_FROZEN,reconstructed:frozen_v2_5m_stitch,GC,2026-01-07,1767794700,1767795000,2026-01-07T14:05:00Z,2026-01-07T14:10:00Z,bearish,TARGET_HIT,1.939493834982104,1.939493834982104,4.487627613106597,UNAVAILABLE,44.87627613106597,WIN,300.0,1.5138138065531166,4.986186193446883,0.6542504856119442,2.1549643187903706,2.3138138065532985,4464.1,4457.1585585803405,1_TICK_ADVERSE_ENTRY + 1_TICK_EXIT + 0.04pt_commission (family_port GC model),2026-01-07,False,AMBIGUOUS,True,False
GC_VWAP_V2_FROZEN,reconstructed:frozen_v2_5m_stitch,GC,2026-01-07,1767799500,1767802800,2026-01-07T15:25:00Z,2026-01-07T16:20:00Z,bullish,TARGET_HIT,1.9872992398978255,1.9872992398978255,21.905924633444883,UNAVAILABLE,219.05924633444883,WIN,3300.0,3.122962316721896,28.077037683277922,0.28331425137725363,2.547140857107305,11.022962316722442,4432.9,4465.968886950167,1_TICK_ADVERSE_ENTRY + 1_TICK_EXIT + 0.04pt_commission (family_port GC model),2026-01-07,False,TARGET_3R_HIT,True,False
GC_VWAP_V2_FROZEN,reconstructed:frozen_v2_5m_stitch,GC,2026-01-08,1767881100,1767881100,2026-01-08T14:05:00Z,2026-01-08T14:05:00Z,bullish,STOP_HIT,-1.0234393050301716,-1.0234393050301716,-6.112873334759242,UNAVAILABLE,-61.12873334759242,LOSS,0.0,7.972873334759242,0.3271266652409395,1.3348472147167367,0.05476872635775148,5.972873334759242,4429.2,4447.118620004278,1_TICK_ADVERSE_ENTRY + 1_TICK_EXIT + 0.04pt_commission (family_port GC model),2026-01-08,False,AMBIGUOUS,,False
GC_VWAP_V2_FROZEN,reconstructed:frozen_v2_5m_stitch,GC,2026-01-08,1767884100,1767884700,2026-01-08T14:55:00Z,2026-01-08T15:05:00Z,bearish,STOP_HIT,-1.0308582938591624,-1.0308582938591624,-4.676867807370072,UNAVAILABLE,-46.76867807370072,LOSS,600.0,10.036867807370072,7.363132192629564,2.2122901158956703,1.6229549780287336,4.536867807370072,4448.2,4434.58939657789,1_TICK_ADVERSE_ENTRY + 1_TICK_EXIT + 0.04pt_commission (family_port GC model),2026-01-08,False,STOP_HIT,False,True
GC_VWAP_V2_FROZEN,reconstructed:frozen_v2_5m_stitch,GC,2026-01-08,1767891300,1767891600,2026-01-08T16:55:00Z,2026-01-08T17:00:00Z,bearish,STOP_HIT,-1.0675669928936133,-1.0675669928936133,-2.212017622871499,UNAVAILABLE,-22.120176228714993,LOSS,300.0,3.372017622871681,2.827982377128137,1.627407791155068,1.3648447512762882,2.072017622871499,4474.5,4468.2839471313855,1_TICK_ADVERSE_ENTRY + 1_TICK_EXIT + 0.04pt_commission (family_port GC model),2026-01-08,False,AMBIGUOUS,False,False
GC_VWAP_V2_FROZEN,reconstructed:frozen_v2_5m_stitch,GC,2026-01-09,1767973800,1767980700,2026-01-09T15:50:00Z,2026-01-09T17:45:00Z,bearish,TARGET_HIT,1.9768726708790967,1.9768726708790967,11.96688871750972,UNAVAILABLE,119.6688871750972,WIN,6900.0,3.153444358755223,14.646555641244959,0.5209338967813457,2.4195408057335523,6.053444358754859,4527.0,4508.839666923735,1_TICK_ADVERSE_ENTRY + 1_TICK_EXIT + 0.04pt_commission (family_port GC model),2026-01-09,False,TARGET_3R_HIT,True,False
GC_VWAP_V2_FROZEN,reconstructed:frozen_v2_5m_stitch,GC,2026-01-12,1768226400,1768227000,2026-01-12T14:00:00Z,2026-01-12T14:10:00Z,bearish,TARGET_HIT,1.9817746506704697,1.9817746506704697,15.223217183788949,UNAVAILABLE,152.2321718378895,WIN,600.0,4.9816085918946555,20.518391408105344,0.6485111200733632,2.6711060792339856,7.681608591894474,4630.8,4607.755174224317,1_TICK_ADVERSE_ENTRY + 1_TICK_EXIT + 0.04pt_commission (family_port GC model),2026-01-12,False,STOP_HIT,True,True
GC_VWAP_V2_FROZEN,reconstructed:frozen_v2_5m_stitch,GC,2026-01-12,1768234200,1768234200,2026-01-12T16:10:00Z,2026-01-12T16:10:00Z,bearish,STOP_HIT,-1.0745550400692905,-1.0745550400692905,-2.0178073202011,UNAVAILABLE,-20.178073202011003,LOSS,0.0,3.777807320201646,3.722192679798354,2.0118184009406614,1.9822016027713287,1.8778073202011,4638.2,4632.5665780393965,1_TICK_ADVERSE_ENTRY + 1_TICK_EXIT + 0.04pt_commission (family_port GC model),2026-01-12,False,AMBIGUOUS,,False
GC_VWAP_V2_FROZEN,reconstructed:frozen_v2_5m_stitch,GC,2026-01-13,1768316100,1768317600,2026-01-13T14:55:00Z,2026-01-13T15:20:00Z,bearish,TARGET_HIT,1.9876576026601183,1.9876576026601183,22.546030297796605,UNAVAILABLE,225.46030297796605,WIN,1500.0,9.643015148898485,23.556984851101333,0.8501280323014528,2.0767833368704722,11.343015148898303,4644.0,4609.970954553305,1_TICK_ADVERSE_ENTRY + 1_TICK_EXIT + 0.04pt_commission (family_port GC model),2026-01-13,False,TARGET_3R_HIT,True,False
GC_VWAP_V2_FROZEN,reconstructed:frozen_v2_5m_stitch,GC,2026-01-14,1768402800,1768402800,2026-01-14T15:00:00Z,2026-01-14T15:00:00Z,bullish,STOP_HIT,-1.0300378933671255,-1.0300378933671255,-4.800779578944129,UNAVAILABLE,-48.007795789441296,LOSS,0.0,9.360779578943948,5.83922042105587,2.008414991610604,1.252842002534415,4.66077957894413,4613.9,4627.882338736832,1_TICK_ADVERSE_ENTRY + 1_TICK_EXIT + 0.04pt_commission (family_port GC model),2026-01-14,False,AMBIGUOUS,,False
GC_VWAP_V2_FROZEN,reconstructed:frozen_v2_5m_stitch,GC,2026-01-16,1768571700,1768572000,2026-01-16T13:55:00Z,2026-01-16T14:00:00Z,bearish,STOP_HIT,-1.0583932731352161,-1.0583932731352161,-2.537536436702467,UNAVAILABLE,-25.37536436702467,LOSS,300.0,2.9975364367028305,2.5024635632971695,1.250256884865364,1.0437645597324134,2.3975364367024667,4607.0,4599.807390689893,1_TICK_ADVERSE_ENTRY + 1_TICK_EXIT + 0.04pt_commission (family_port GC model),2026-01-16,False,AMBIGUOUS,False,False
GC_VWAP_V2_FROZEN,reconstructed:frozen_v2_5m_stitch,GC,2026-01-16,1768578300,1768588200,2026-01-16T15:45:00Z,2026-01-16T18:30:00Z,bullish,TIME_EXIT,0.797838464542668,0.797838464542668,24.8781106892378,UNAVAILABLE,248.781106892378,WIN,9900.0,11.681889310762017,33.618110689237255,0.37463699503064324,1.0781293703596853,31.181889310762017,4539.1,4632.645667932286,1_TICK_ADVERSE_ENTRY + 1_TICK_EXIT + 0.04pt_commission (family_port GC model),2026-01-16,False,TARGET_1R_HIT,False,False
GC_VWAP_V2_FROZEN,reconstructed:frozen_v2_5m_stitch,GC,2026-01-19,1768831200,1768831200,2026-01-19T14:00:00Z,2026-01-19T14:00:00Z,bullish,STOP_HIT,-1.0557391083087104,-1.0557391083087104,-2.6517014650577404,UNAVAILABLE,-26.517014650577405,LOSS,0.0,2.911701465058286,0.18829853494207782,1.1592545951679614,0.07496851738219977,2.5117014650577403,4669.1,4676.635104395174,1_TICK_ADVERSE_ENTRY + 1_TICK_EXIT + 0.04pt_commission (family_port GC model),2026-01-19,False,AMBIGUOUS,,False
GC_VWAP_V2_FROZEN,reconstructed:frozen_v2_5m_stitch,GC,2026-01-19,1768838700,1768844400,2026-01-19T16:05:00Z,2026-01-19T17:40:00Z,bearish,STOP_HIT,-1.0292698366722115,-1.0292698366722115,-4.923081011617469,UNAVAILABLE,-49.23081011617469,LOSS,5700.0,5.483081011617287,2.416918988382349,1.14634918336102,0.5053058859994163,4.783081011617469,4681.2,4666.850756965147,1_TICK_ADVERSE_ENTRY + 1_TICK_EXIT + 0.04pt_commission (family_port GC model),2026-01-19,False,STOP_HIT,False,True
GC_VWAP_V2_FROZEN,reconstructed:frozen_v2_5m_stitch,GC,2026-01-20,1768917900,1768919100,2026-01-20T14:05:00Z,2026-01-20T14:25:00Z,bearish,STOP_HIT,-1.0109008430939819,-1.0109008430939819,-12.98304331261228,UNAVAILABLE,-129.83043312612278,LOSS,1200.0,14.84304331261228,4.0569566873873555,1.1557263299140272,0.315887487773501,12.84304331261228,4754.2,4715.670870062163,1_TICK_ADVERSE_ENTRY + 1_TICK_EXIT + 0.04pt_commission (family_port GC model),2026-01-20,False,STOP_HIT,False,True
GC_VWAP_V2_FROZEN,reconstructed:frozen_v2_5m_stitch,GC,2026-01-20,1768929000,1768930800,2026-01-20T17:10:00Z,2026-01-20T17:40:00Z,bearish,STOP_HIT,-1.0290981393998997,-1.0290981393998997,-4.95130418945213,UNAVAILABLE,-49.5130418945213,LOSS,1800.0,6.011304189451948,5.988695810548052,1.2494126234276748,1.244713610849451,4.81130418945213,4762.0,4747.566087431644,1_TICK_ADVERSE_ENTRY + 1_TICK_EXIT + 0.04pt_commission (family_port GC model),2026-01-20,False,STOP_HIT,False,True
GC_VWAP_V2_FROZEN,reconstructed:frozen_v2_5m_stitch,GC,2026-01-20,1768929900,1768929900,2026-01-20T17:25:00Z,2026-01-20T17:25:00Z,bearish,STOP_HIT,-1.1151617865704968,-1.1151617865704968,-1.355681035951093,UNAVAILABLE,-13.55681035951093,LOSS,0.0,3.215681035951093,2.284318964048907,2.6451683795785232,1.879044664262416,1.2156810359510928,4759.8,4756.152956892147,1_TICK_ADVERSE_ENTRY + 1_TICK_EXIT + 0.04pt_commission (family_port GC model),2026-01-20,False,AMBIGUOUS,,False
GC_VWAP_V2_FROZEN,reconstructed:frozen_v2_5m_stitch,GC,2026-01-21,1769004600,1769004600,2026-01-21T14:10:00Z,2026-01-21T14:10:00Z,bullish,STOP_HIT,-1.0082848371074802,-1.0082848371074802,-17.03834068959499,UNAVAILABLE,-170.3834068959499,LOSS,0.0,19.298340689594625,12.30165931040483,1.1420257789853543,0.7279803109887276,16.89834068959499,4843.2,4893.895022068785,1_TICK_ADVERSE_ENTRY + 1_TICK_EXIT + 0.04pt_commission (family_port GC model),2026-01-21,False,AMBIGUOUS,,False
GC_VWAP_V2_FROZEN,reconstructed:frozen_v2_5m_stitch,GC,2026-01-21,1769009400,1769016600,2026-01-21T15:30:00Z,2026-01-21T17:30:00Z,bullish,STOP_HIT,-1.0050487541225674,-1.0050487541225674,-27.869613405853343,UNAVAILABLE,-278.6961340585334,LOSS,7200.0,36.92961340585316,17.170386594146294,1.33177527091156,0.6192075721662192,27.729613405853343,4813.8,4896.98884021756,1_TICK_ADVERSE_ENTRY + 1_TICK_EXIT + 0.04pt_commission (family_port GC model),2026-01-21,False,STOP_HIT,False,True
GC_VWAP_V2_FROZEN,reconstructed:frozen_v2_5m_stitch,GC,2026-01-21,1769017200,1769019900,2026-01-21T17:40:00Z,2026-01-21T18:25:00Z,bullish,TARGET_HIT,1.9868533244173756,1.9868533244173756,21.158159997959373,UNAVAILABLE,211.58159997959373,WIN,2700.0,6.149079998979687,24.55092000102013,0.577428284844216,2.305449860774115,10.649079998979687,4804.6,4836.547239996939,1_TICK_ADVERSE_ENTRY + 1_TICK_EXIT + 0.04pt_commission (family_port GC model),2026-01-21,False,TARGET_2R_HIT,True,False
GC_VWAP_V2_FROZEN,reconstructed:frozen_v2_5m_stitch,GC,2026-01-22,1769096400,1769096700,2026-01-22T15:40:00Z,2026-01-22T15:45:00Z,bearish,STOP_HIT,-1.0226409539433177,-1.0226409539433177,-6.323485040007326,UNAVAILABLE,-63.23485040007326,LOSS,300.0,6.783485040006781,1.0165149599934011,1.0970326597569877,0.16439191708502893,6.1834850400073265,4868.6,4850.049544879978,1_TICK_ADVERSE_ENTRY + 1_TICK_EXIT + 0.04pt_commission (family_port GC model),2026-01-22,False,STOP_HIT,False,True
GC_VWAP_V2_FROZEN,reconstructed:frozen_v2_5m_stitch,GC,2026-01-23,1769176800,1769176800,2026-01-23T14:00:00Z,2026-01-23T14:00:00Z,bearish,STOP_HIT,-1.027026563230735,-1.027026563230735,-5.3200888927227785,UNAVAILABLE,-53.20088892722779,LOSS,0.0,6.180088892722779,1.5199111072770393,1.1930468802195353,0.293414097470852,5.180088892722779,4942.3,4926.759733321832,1_TICK_ADVERSE_ENTRY + 1_TICK_EXIT + 0.04pt_commission (family_port GC model),2026-01-23,False,AMBIGUOUS,,False
GC_VWAP_V2_FROZEN,reconstructed:frozen_v2_5m_stitch,GC,2026-01-23,1769177700,1769177700,2026-01-23T14:15:00Z,2026-01-23T14:15:00Z,bearish,STOP_HIT,-1.0339985436234989,-1.0339985436234989,-4.257823444155874,UNAVAILABLE,-42.57823444155874,LOSS,0.0,4.417823444156056,0.98217655584358,1.072854022050399,0.23851837485589902,4.117823444155874,4945.7,4933.346529667532,1_TICK_ADVERSE_ENTRY + 1_TICK_EXIT + 0.04pt_commission (family_port GC model),2026-01-23,False,AMBIGUOUS,,False
GC_VWAP_V2_FROZEN,reconstructed:frozen_v2_5m_stitch,GC,2026-01-23,1769180100,1769180400,2026-01-23T14:55:00Z,2026-01-23T15:00:00Z,bearish,TARGET_HIT,1.9727614889508238,1.9727614889508238,10.13956335404997,UNAVAILABLE,101.3956335404997,WIN,300.0,2.8397816770248028,13.260218322975561,0.5525101756206363,2.5799185950347328,5.139781677024985,4957.3,4941.880654968925,1_TICK_ADVERSE_ENTRY + 1_TICK_EXIT + 0.04pt_commission (family_port GC model),2026-01-23,False,STOP_HIT,True,True
GC_VWAP_V2_FROZEN,reconstructed:frozen_v2_5m_stitch,GC,2026-01-26,1769437800,1769437800,2026-01-26T14:30:00Z,2026-01-26T14:30:00Z,bearish,STOP_HIT,-1.0221529200129613,-1.0221529200129613,-6.459708639677628,UNAVAILABLE,-64.59708639677628,LOSS,0.0,9.219708639677265,1.880291360323099,1.458881914554144,0.297528172187858,6.3197086396776285,5080.1,5061.1408740809675,1_TICK_ADVERSE_ENTRY + 1_TICK_EXIT + 0.04pt_commission (family_port GC model),2026-01-26,False,AMBIGUOUS,,False
GC_VWAP_V2_FROZEN,reconstructed:frozen_v2_5m_stitch,GC,2026-01-26,1769438700,1769439000,2026-01-26T14:45:00Z,2026-01-26T14:50:00Z,bearish,STOP_HIT,-1.0171172578859093,-1.0171172578859093,-8.318880106447649,UNAVAILABLE,-83.1888010644765,LOSS,300.0,13.17888010644765,2.5211198935530774,1.6113306387824848,0.30824756699460665,8.17888010644765,5088.1,5063.563359680657,1_TICK_ADVERSE_ENTRY + 1_TICK_EXIT + 0.04pt_commission (family_port GC model),2026-01-26,False,STOP_HIT,False,True
GC_VWAP_V2_FROZEN,reconstructed:frozen_v2_5m_stitch,GC,2026-01-26,1769439900,1769440200,2026-01-26T15:05:00Z,2026-01-26T15:10:00Z,bearish,STOP_HIT,-1.0258570619818728,-1.0258570619818728,-5.554381575839797,UNAVAILABLE,-55.543815758397976,LOSS,300.0,5.814381575839434,2.5856184241602023,1.0738773199481408,0.4775463989641624,5.414381575839798,5094.8,5078.556855272481,1_TICK_ADVERSE_ENTRY + 1_TICK_EXIT + 0.04pt_commission (family_port GC model),2026-01-26,False,STOP_HIT,False,True
GC_VWAP_V2_FROZEN,reconstructed:frozen_v2_5m_stitch,GC,2026-01-27,1769523000,1769523000,2026-01-27T14:10:00Z,2026-01-27T14:10:00Z,bullish,STOP_HIT,-1.0136029025440376,-1.0136029025440376,-10.431921121008271,UNAVAILABLE,-104.31921121008271,LOSS,0.0,13.691921121007908,3.208078878991728,1.3303562046408832,0.31170845960364696,10.291921121008272,5054.4,5085.275763363024,1_TICK_ADVERSE_ENTRY + 1_TICK_EXIT + 0.04pt_commission (family_port GC model),2026-01-27,False,AMBIGUOUS,,False
GC_VWAP_V2_FROZEN,reconstructed:frozen_v2_5m_stitch,GC,2026-01-27,1769529300,1769529300,2026-01-27T15:55:00Z,2026-01-27T15:55:00Z,bearish,STOP_HIT,-1.0471110593890096,-1.0471110593890096,-3.111701375763587,UNAVAILABLE,-31.11701375763587,LOSS,0.0,6.571701375763951,3.2282986242362313,2.211427241431799,1.0863469157989372,2.971701375763587,5084.7,5075.784895872709,1_TICK_ADVERSE_ENTRY + 1_TICK_EXIT + 0.04pt_commission (family_port GC model),2026-01-27,False,AMBIGUOUS,,False
GC_VWAP_V2_FROZEN,reconstructed:frozen_v2_5m_stitch,GC,2026-01-27,1769529900,1769529900,2026-01-27T16:05:00Z,2026-01-27T16:05:00Z,bearish,STOP_HIT,-1.0301731809776102,-1.0301731809776102,-4.779882023174323,UNAVAILABLE,-47.79882023174323,LOSS,0.0,4.939882023174505,3.660117976825859,1.064656816380633,0.7888385865297994,4.639882023174323,5088.8,5074.880353930477,1_TICK_ADVERSE_ENTRY + 1_TICK_EXIT + 0.04pt_commission (family_port GC model),2026-01-27,False,AMBIGUOUS,,False
GC_VWAP_V2_FROZEN,reconstructed:frozen_v2_5m_stitch,GC,2026-01-27,1769531700,1769538600,2026-01-27T16:35:00Z,2026-01-27T18:30:00Z,bearish,TIME_EXIT,0.252455296996368,0.252455296996368,3.47906902274859,UNAVAILABLE,34.790690227485904,WIN,6900.0,8.980930977251774,12.519069022748226,0.6516926172895363,0.9084342011010235,13.780930977251955,5100.3,5058.957207068244,1_TICK_ADVERSE_ENTRY + 1_TICK_EXIT + 0.04pt_commission (family_port GC model),2026-01-27,False,EXPIRED,False,False
GC_VWAP_V2_FROZEN,reconstructed:frozen_v2_5m_stitch,GC,2026-01-27,1769532000,1769532000,2026-01-27T16:40:00Z,2026-01-27T16:40:00Z,bearish,TARGET_HIT,1.9294635764035455,1.9294635764035455,3.8295803348622575,UNAVAILABLE,38.29580334862258,WIN,0.0,0.884790167430765,11.715209832569599,0.44578524317053114,5.902492880510559,1.9847901674311288,5096.6,5090.645629497707,1_TICK_ADVERSE_ENTRY + 1_TICK_EXIT + 0.04pt_commission (family_port GC model),2026-01-27,False,TARGET_3R_HIT,True,False
GC_VWAP_V2_FROZEN,reconstructed:frozen_v2_5m_stitch,GC,2026-01-28,1769620500,1769624100,2026-01-28T17:15:00Z,2026-01-28T18:15:00Z,bearish,STOP_HIT,-1.008723233444003,-1.008723233444003,-16.18909474207034,UNAVAILABLE,-161.89094742070338,LOSS,3600.0,21.249094742070156,8.950905257929662,1.3240058136343842,0.5577202578576711,16.049094742070338,5305.0,5256.852715773789,1_TICK_ADVERSE_ENTRY + 1_TICK_EXIT + 0.04pt_commission (family_port GC model),2026-01-28,False,STOP_HIT,False,True
GC_VWAP_V2_FROZEN,reconstructed:frozen_v2_5m_stitch,GC,2026-01-28,1769622600,1769622600,2026-01-28T17:50:00Z,2026-01-28T17:50:00Z,bearish,TARGET_HIT,1.9662224380635256,1.9662224380635256,8.149526654605653,UNAVAILABLE,81.49526654605653,WIN,0.0,0.7447633273022802,11.655236672697356,0.17968778154262657,2.8120391328307557,4.144763327302826,5301.6,5289.165710018092,1_TICK_ADVERSE_ENTRY + 1_TICK_EXIT + 0.04pt_commission (family_port GC model),2026-01-28,False,AMBIGUOUS,True,False
GC_VWAP_V2_FROZEN,reconstructed:frozen_v2_5m_stitch,GC,2026-01-29,1769696700,1769696700,2026-01-29T14:25:00Z,2026-01-29T14:25:00Z,bearish,STOP_HIT,-1.0223655686302284,-1.0223655686302284,-6.399621756756132,UNAVAILABLE,-63.996217567561324,LOSS,0.0,17.95962175675595,5.340378243243322,2.8691225212404854,0.8531471150759783,6.2596217567561325,5530.7,5511.921134729731,1_TICK_ADVERSE_ENTRY + 1_TICK_EXIT + 0.04pt_commission (family_port GC model),2026-01-29,False,AMBIGUOUS,,False
GC_VWAP_V2_FROZEN,reconstructed:frozen_v2_5m_stitch,GC,2026-01-29,1769701800,1769711400,2026-01-29T15:50:00Z,2026-01-29T18:30:00Z,bullish,TIME_EXIT,1.1033350404596038,1.1033350404596038,115.80287440969856,UNAVAILABLE,1158.0287440969855,WIN,9600.0,39.15712559030089,165.04287440969892,0.373077343439742,1.57247898588555,104.95712559030108,5097.5,5412.371376770903,1_TICK_ADVERSE_ENTRY + 1_TICK_EXIT + 0.04pt_commission (family_port GC model),2026-01-29,False,TARGET_1_5R_HIT,False,False
GC_VWAP_V2_FROZEN,reconstructed:frozen_v2_5m_stitch,GC,2026-01-30,1769781300,1769781600,2026-01-30T13:55:00Z,2026-01-30T14:00:00Z,bullish,TARGET_HIT,1.9857361734948662,1.9857361734948662,19.49007611591638,UNAVAILABLE,194.9007611591638,WIN,300.0,1.0150380579580087,62.38496194204163,0.10341661967729199,6.356059097647502,9.81503805795819,5002.0,5031.445114173875,1_TICK_ADVERSE_ENTRY + 1_TICK_EXIT + 0.04pt_commission (family_port GC model),2026-01-30,False,AMBIGUOUS,True,False
GC_VWAP_V2_FROZEN,reconstructed:frozen_v2_5m_stitch,GC,2026-01-30,1769791500,1769791500,2026-01-30T16:45:00Z,2026-01-30T16:45:00Z,bullish,TARGET_HIT,1.988416508951955,1.988416508951955,24.03233274827413,UNAVAILABLE,240.3233274827413,WIN,0.0,0.28616637413688295,36.81383362586348,0.02367718309332928,3.0459479446386437,12.086166374137065,4968.2,5004.458499122411,1_TICK_ADVERSE_ENTRY + 1_TICK_EXIT + 0.04pt_commission (family_port GC model),2026-01-30,False,STOP_HIT,True,True
GC_VWAP_V2_FROZEN,reconstructed:frozen_v2_5m_stitch,GC,2026-01-30,1769793900,1769794200,2026-01-30T17:25:00Z,2026-01-30T17:30:00Z,bullish,STOP_HIT,-1.0037801928027874,-1.0037801928027874,-37.17514802122572,UNAVAILABLE,-371.7514802122572,LOSS,300.0,45.43514802122536,5.264851978774459,1.2268115681672285,0.14215825398502652,37.03514802122572,4906.2,5017.305444063677,1_TICK_ADVERSE_ENTRY + 1_TICK_EXIT + 0.04pt_commission (family_port GC model),2026-01-30,False,STOP_HIT,False,True
GC_VWAP_V2_FROZEN,reconstructed:frozen_v2_5m_stitch,GC,2026-02-02,1770043500,1770046200,2026-02-02T14:45:00Z,2026-02-02T15:30:00Z,bearish,TARGET_HIT,1.9966704551223022,1.9966704551223022,83.95557770959145,UNAVAILABLE,839.5557770959146,WIN,2700.0,10.14778885479609,107.15221114520409,0.24133941715317314,2.5483435410892703,42.047788854795726,4818.0,4691.856633435613,1_TICK_ADVERSE_ENTRY + 1_TICK_EXIT + 0.04pt_commission (family_port GC model),2026-02-02,False,TARGET_3R_HIT,True,False
GC_VWAP_V2_FROZEN,reconstructed:frozen_v2_5m_stitch,GC,2026-02-02,1770048300,1770057000,2026-02-02T16:05:00Z,2026-02-02T18:30:00Z,bullish,TIME_EXIT,-0.45925589677755957,-0.45925589677755957,-30.96560812540487,UNAVAILABLE,-309.6560812540487,LOSS,8700.0,45.425608125404324,52.67439187459513,0.673714474193805,0.781222347696538,67.42560812540432,4617.6,4819.876824376213,1_TICK_ADVERSE_ENTRY + 1_TICK_EXIT + 0.04pt_commission (family_port GC model),2026-02-02,False,EXPIRED,False,False
GC_VWAP_V2_FROZEN,reconstructed:frozen_v2_5m_stitch,GC,2026-02-03,1770137400,1770143400,2026-02-03T16:50:00Z,2026-02-03T18:30:00Z,bearish,TIME_EXIT,1.1101696667151817,1.1101696667151817,45.750043581961435,UNAVAILABLE,457.5004358196144,WIN,6000.0,22.209956418038928,76.39004358196144,0.538946369967936,1.8536793100932047,41.20995641803893,5018.1,4894.470130745884,1_TICK_ADVERSE_ENTRY + 1_TICK_EXIT + 0.04pt_commission (family_port GC model),2026-02-03,False,TARGET_1_5R_HIT,False,False
GC_VWAP_V2_FROZEN,reconstructed:frozen_v2_5m_stitch,GC,2026-02-04,1770219600,1770223500,2026-02-04T15:40:00Z,2026-02-04T16:45:00Z,bullish,STOP_HIT,-1.0033358510637291,-1.0033358510637291,-42.1083005402203,UNAVAILABLE,-421.08300540220296,LOSS,3900.0,83.26830054022048,23.23169945977952,1.9840760638001138,0.5535534953938731,41.9683005402203,4909.0,5034.904901620661,1_TICK_ADVERSE_ENTRY + 1_TICK_EXIT + 0.04pt_commission (family_port GC model),2026-02-04,False,STOP_HIT,False,True
GC_VWAP_V2_FROZEN,reconstructed:frozen_v2_5m_stitch,GC,2026-02-05,1770301200,1770301200,2026-02-05T14:20:00Z,2026-02-05T14:20:00Z,bullish,TARGET_HIT,1.9789754710198482,1.9789754710198482,13.17777754756513,UNAVAILABLE,131.7777754756513,WIN,0.0,6.158888773782564,13.741111226217981,0.9249123964994573,2.063574222822223,6.658888773782564,4831.2,4851.1766663213475,1_TICK_ADVERSE_ENTRY + 1_TICK_EXIT + 0.04pt_commission (family_port GC model),2026-02-05,False,AMBIGUOUS,True,False
GC_VWAP_V2_FROZEN,reconstructed:frozen_v2_5m_stitch,GC,2026-02-05,1770306600,1770307500,2026-02-05T15:50:00Z,2026-02-05T16:05:00Z,bullish,TARGET_HIT,1.9886884457458773,1.9886884457458773,24.613450649626756,UNAVAILABLE,246.13450649626756,WIN,900.0,4.976725324813742,24.82327467518644,0.40210356085354776,2.0056415589525685,12.376725324813378,4820.8,4857.93017597444,1_TICK_ADVERSE_ENTRY + 1_TICK_EXIT + 0.04pt_commission (family_port GC model),2026-02-05,False,TARGET_3R_HIT,True,False
GC_VWAP_V2_FROZEN,reconstructed:frozen_v2_5m_stitch,GC,2026-02-05,1770311400,1770316200,2026-02-05T17:10:00Z,2026-02-05T18:30:00Z,bearish,TIME_EXIT,-0.06526317718303877,-0.06526317718303877,-2.6782891351137006,UNAVAILABLE,-26.782891351137007,LOSS,4800.0,18.5382891351137,16.161710864886118,0.4517315298909899,0.39382028845490125,41.0382891351137,4930.0,4806.885132594659,1_TICK_ADVERSE_ENTRY + 1_TICK_EXIT + 0.04pt_commission (family_port GC model),2026-02-05,False,EXPIRED,False,False
GC_VWAP_V2_FROZEN,reconstructed:frozen_v2_5m_stitch,GC,2026-02-06,1770388200,1770388500,2026-02-06T14:30:00Z,2026-02-06T14:35:00Z,bullish,TARGET_HIT,1.9907054890424176,1.9907054890424176,29.985307429067106,UNAVAILABLE,299.8530742906711,WIN,300.0,12.762653714533371,39.73734628546663,0.8473044628397071,2.6381371462536594,15.062653714533553,4916.2,4961.3879611436005,1_TICK_ADVERSE_ENTRY + 1_TICK_EXIT + 0.04pt_commission (family_port GC model),2026-02-06,False,TARGET_3R_HIT,True,False
GC_VWAP_V2_FROZEN,reconstructed:frozen_v2_5m_stitch,GC,2026-02-06,1770390300,1770390300,2026-02-06T15:05:00Z,2026-02-06T15:05:00Z,bearish,STOP_HIT,-1.010898563572357,-1.010898563572357,-12.985729537706574,UNAVAILABLE,-129.85729537706573,LOSS,0.0,17.94572953770694,5.2542704622928795,1.3970191015644642,0.4090285761404063,12.845729537706575,4983.7,4945.16281138688,1_TICK_ADVERSE_ENTRY + 1_TICK_EXIT + 0.04pt_commission (family_port GC model),2026-02-06,False,AMBIGUOUS,,False
GC_VWAP_V2_FROZEN,reconstructed:frozen_v2_5m_stitch,GC,2026-02-09,1770648000,1770648000,2026-02-09T14:40:00Z,2026-02-09T14:40:00Z,bearish,STOP_HIT,-1.0359559971018462,-1.0359559971018462,-4.033648105584361,UNAVAILABLE,-40.33648105584361,LOSS,0.0,5.293648105583998,6.506351894416184,1.359559971018368,1.671016927565853,3.8936481055843615,5058.6,5046.919055683247,1_TICK_ADVERSE_ENTRY + 1_TICK_EXIT + 0.04pt_commission (family_port GC model),2026-02-09,False,AMBIGUOUS,,False
GC_VWAP_V2_FROZEN,reconstructed:frozen_v2_5m_stitch,GC,2026-02-10,1770733500,1770733800,2026-02-10T14:25:00Z,2026-02-10T14:30:00Z,bearish,STOP_HIT,-1.0299760889834328,-1.0299760889834328,-4.810389125058136,UNAVAILABLE,-48.10389125058136,LOSS,300.0,9.070389125057773,3.6296108749420455,1.942105653764956,0.7771538468749891,4.670389125058136,5098.3,5084.288832624826,1_TICK_ADVERSE_ENTRY + 1_TICK_EXIT + 0.04pt_commission (family_port GC model),2026-02-10,False,STOP_HIT,False,True
GC_VWAP_V2_FROZEN,reconstructed:frozen_v2_5m_stitch,GC,2026-02-10,1770739500,1770743700,2026-02-10T16:05:00Z,2026-02-10T17:15:00Z,bullish,TARGET_HIT,1.9880912946410987,1.9880912946410987,23.372211576442496,UNAVAILABLE,233.72211576442496,WIN,4200.0,4.856105788221612,24.94389421177857,0.41307095016847095,2.1217820476548037,11.756105788221248,5021.3,5056.568317364664,1_TICK_ADVERSE_ENTRY + 1_TICK_EXIT + 0.04pt_commission (family_port GC model),2026-02-10,False,TARGET_2R_HIT,True,False
GC_VWAP_V2_FROZEN,reconstructed:frozen_v2_5m_stitch,GC,2026-02-11,1770830400,1770831600,2026-02-11T17:20:00Z,2026-02-11T17:40:00Z,bearish,STOP_HIT,-1.0160102066822185,-1.0160102066822185,-8.884421779107141,UNAVAILABLE,-88.84421779107142,LOSS,1200.0,15.344421779106597,3.2555782208928576,1.754766886447391,0.37230342990446097,8.744421779107142,5116.8,5090.566734662679,1_TICK_ADVERSE_ENTRY + 1_TICK_EXIT + 0.04pt_commission (family_port GC model),2026-02-11,False,STOP_HIT,False,True
GC_VWAP_V2_FROZEN,reconstructed:frozen_v2_5m_stitch,GC,2026-02-11,1770831300,1770831600,2026-02-11T17:35:00Z,2026-02-11T17:40:00Z,bearish,STOP_HIT,-1.0326291275760404,-1.0326291275760404,-4.4306449053452885,UNAVAILABLE,-44.30644905345289,LOSS,300.0,13.390644905344743,4.009355094654893,3.120893292442511,0.9344411348653056,4.290644905345289,5114.3,5101.428065283964,1_TICK_ADVERSE_ENTRY + 1_TICK_EXIT + 0.04pt_commission (family_port GC model),2026-02-11,False,STOP_HIT,False,True
GC_VWAP_V2_FROZEN,reconstructed:frozen_v2_5m_stitch,GC,2026-02-12,1770906600,1770906600,2026-02-12T14:30:00Z,2026-02-12T14:30:00Z,bullish,TARGET_HIT,1.9684438422365762,1.9684438422365762,8.733070102486964,UNAVAILABLE,87.33070102486964,WIN,0.0,1.3365350512431178,12.3634649487567,0.3012565066669564,2.7867389316109294,4.436535051243482,5078.0,5091.30960515373,1_TICK_ADVERSE_ENTRY + 1_TICK_EXIT + 0.04pt_commission (family_port GC model),2026-02-12,False,STOP_HIT,True,True
GC_VWAP_V2_FROZEN,reconstructed:frozen_v2_5m_stitch,GC,2026-02-12,1770914400,1770920100,2026-02-12T16:40:00Z,2026-02-12T18:15:00Z,bullish,STOP_HIT,-1.0024954766772813,-1.0024954766772813,-56.24150608681488,UNAVAILABLE,-562.4150608681488,LOSS,5700.0,61.40150608681506,15.298493913184757,1.0944716170685087,0.2726931054134436,56.10150608681488,4933.0,5101.304518260445,1_TICK_ADVERSE_ENTRY + 1_TICK_EXIT + 0.04pt_commission (family_port GC model),2026-02-12,False,STOP_HIT,False,True
GC_VWAP_V2_FROZEN,reconstructed:frozen_v2_5m_stitch,GC,2026-02-17,1771337100,1771353000,2026-02-17T14:05:00Z,2026-02-17T18:30:00Z,bullish,TIME_EXIT,0.4172158982410955,0.4172158982410955,15.061054127677709,UNAVAILABLE,150.6105412767771,WIN,15900.0,23.298945872322292,36.00105412767789,0.6454190090405353,0.9972882381388416,36.098945872322474,4854.2,4962.496837616967,1_TICK_ADVERSE_ENTRY + 1_TICK_EXIT + 0.04pt_commission (family_port GC model),2026-02-17,False,TARGET_1R_HIT,False,False
GC_VWAP_V2_FROZEN,reconstructed:frozen_v2_5m_stitch,GC,2026-02-18,1771426800,1771426800,2026-02-18T15:00:00Z,2026-02-18T15:00:00Z,bearish,STOP_HIT,-1.0376684713322202,-1.0376684713322202,-3.8566360897754204,UNAVAILABLE,-38.5663608977542,LOSS,0.0,17.21663608977542,0.08336391022476164,4.6323168784640805,0.022429936160308594,3.7166360897754203,5015.5,5004.350091730674,1_TICK_ADVERSE_ENTRY + 1_TICK_EXIT + 0.04pt_commission (family_port GC model),2026-02-18,False,AMBIGUOUS,,False
GC_VWAP_V2_FROZEN,reconstructed:frozen_v2_5m_stitch,GC,2026-02-19,1771513200,1771514700,2026-02-19T15:00:00Z,2026-02-19T15:25:00Z,bearish,STOP_HIT,-1.0249319052519887,-1.0249319052519887,-5.755294883604292,UNAVAILABLE,-57.55294883604292,LOSS,1500.0,11.81529488360411,9.284705116396253,2.1041272325880453,1.6534670589617682,5.615294883604292,5029.6,5012.7541153491875,1_TICK_ADVERSE_ENTRY + 1_TICK_EXIT + 0.04pt_commission (family_port GC model),2026-02-19,False,STOP_HIT,False,True
GC_VWAP_V2_FROZEN,reconstructed:frozen_v2_5m_stitch,GC,2026-02-20,1771605600,1771606800,2026-02-20T16:40:00Z,2026-02-20T17:00:00Z,bearish,STOP_HIT,-1.0267610286523479,-1.0267610286523479,-5.371487990194182,UNAVAILABLE,-53.71487990194182,LOSS,1200.0,6.3314879901936365,4.968512009805636,1.2102652251254857,0.9497320875281633,5.231487990194182,5089.8,5074.105536029418,1_TICK_ADVERSE_ENTRY + 1_TICK_EXIT + 0.04pt_commission (family_port GC model),2026-02-20,False,STOP_HIT,False,True
GC_VWAP_V2_FROZEN,reconstructed:frozen_v2_5m_stitch,GC,2026-02-20,1771609200,1771609500,2026-02-20T17:40:00Z,2026-02-20T17:45:00Z,bearish,STOP_HIT,-1.0400113008281697,-1.0400113008281697,-3.639011456819062,UNAVAILABLE,-36.39011456819062,LOSS,300.0,4.19901145681888,5.100988543181302,1.200056504140797,1.4578370508733889,3.499011456819062,5094.3,5083.802965629543,1_TICK_ADVERSE_ENTRY + 1_TICK_EXIT + 0.04pt_commission (family_port GC model),2026-02-20,False,STOP_HIT,False,True
GC_VWAP_V2_FROZEN,reconstructed:frozen_v2_5m_stitch,GC,2026-02-24,1771941300,1771941300,2026-02-24T13:55:00Z,2026-02-24T13:55:00Z,bullish,STOP_HIT,-1.0215213587334537,-1.0215213587334537,-6.6451654839235195,UNAVAILABLE,-66.45165483923519,LOSS,0.0,18.105165483923884,7.394834516076116,2.783198295057661,1.1367634742500052,6.50516548392352,5138.5,5158.015496451771,1_TICK_ADVERSE_ENTRY + 1_TICK_EXIT + 0.04pt_commission (family_port GC model),2026-02-24,False,AMBIGUOUS,,False
GC_VWAP_V2_FROZEN,reconstructed:frozen_v2_5m_stitch,GC,2026-02-25,1772031000,1772033400,2026-02-25T14:50:00Z,2026-02-25T15:30:00Z,bullish,STOP_HIT,-1.0123780321040532,-1.0123780321040532,-11.450360065567692,UNAVAILABLE,-114.50360065567692,LOSS,2400.0,12.010360065567511,19.689639934432307,1.0618901605202506,1.7408499658975303,11.310360065567693,5191.0,5224.931080196703,1_TICK_ADVERSE_ENTRY + 1_TICK_EXIT + 0.04pt_commission (family_port GC model),2026-02-25,False,STOP_HIT,False,True
GC_VWAP_V2_FROZEN,reconstructed:frozen_v2_5m_stitch,GC,2026-02-25,1772039700,1772041500,2026-02-25T17:15:00Z,2026-02-25T17:45:00Z,bearish,TARGET_HIT,1.9640534371962088,1.9640534371962088,7.649340013629044,UNAVAILABLE,76.49340013629045,WIN,1800.0,2.194670006814704,9.305329993185296,0.5635060230968681,2.389247350071692,3.894670006814522,5237.3,5225.615989979557,1_TICK_ADVERSE_ENTRY + 1_TICK_EXIT + 0.04pt_commission (family_port GC model),2026-02-25,False,TARGET_2R_HIT,True,False
GC_VWAP_V2_FROZEN,reconstructed:frozen_v2_5m_stitch,GC,2026-02-26,1772121600,1772130600,2026-02-26T16:00:00Z,2026-02-26T18:30:00Z,bearish,TIME_EXIT,0.42988263557459594,0.42988263557459594,4.738116379693893,UNAVAILABLE,47.38116379693893,WIN,9000.0,8.321883620305925,20.478116379693347,0.7550327972048023,1.8579506992765362,11.021883620306653,5210.1,5177.03434913908,1_TICK_ADVERSE_ENTRY + 1_TICK_EXIT + 0.04pt_commission (family_port GC model),2026-02-26,False,TARGET_1_5R_HIT,False,False
GC_VWAP_V2_FROZEN,reconstructed:frozen_v2_5m_stitch,GC,2026-03-02,1772459700,1772460000,2026-03-02T13:55:00Z,2026-03-02T14:00:00Z,bullish,STOP_HIT,-1.024054513647071,-1.024054513647071,-5.960113516077981,UNAVAILABLE,-59.60113516077981,LOSS,300.0,19.920113516078345,2.2798864839223825,3.4226331601693527,0.39172543243773994,5.820113516077981,5404.5,5421.960340548234,1_TICK_ADVERSE_ENTRY + 1_TICK_EXIT + 0.04pt_commission (family_port GC model),2026-03-02,False,STOP_HIT,False,True
GC_VWAP_V2_FROZEN,reconstructed:frozen_v2_5m_stitch,GC,2026-03-04,1772634600,1772634600,2026-03-04T14:30:00Z,2026-03-04T14:30:00Z,bullish,STOP_HIT,-1.0089313519730656,-1.0089313519730656,-15.815118439201468,UNAVAILABLE,-158.15118439201467,LOSS,0.0,20.575118439202015,2.224881560798167,1.312597319057333,0.141937145127658,15.67511843920147,5177.3,5224.325355317605,1_TICK_ADVERSE_ENTRY + 1_TICK_EXIT + 0.04pt_commission (family_port GC model),2026-03-04,False,AMBIGUOUS,,False
GC_VWAP_V2_FROZEN,reconstructed:frozen_v2_5m_stitch,GC,2026-03-04,1772639100,1772639100,2026-03-04T15:45:00Z,2026-03-04T15:45:00Z,bullish,TARGET_HIT,1.9670399806663668,1.9670399806663668,8.355140647999507,UNAVAILABLE,83.55140647999507,WIN,0.0,1.447570323999571,9.552429676000429,0.3407996133272861,2.2489161914582074,4.247570323999753,5140.2,5152.942710971999,1_TICK_ADVERSE_ENTRY + 1_TICK_EXIT + 0.04pt_commission (family_port GC model),2026-03-04,False,AMBIGUOUS,True,False
GC_VWAP_V2_FROZEN,reconstructed:frozen_v2_5m_stitch,GC,2026-03-05,1772724000,1772728200,2026-03-05T15:20:00Z,2026-03-05T16:30:00Z,bullish,STOP_HIT,-1.0063051617766032,-1.0063051617766032,-22.344029802931473,UNAVAILABLE,-223.44029802931473,LOSS,4200.0,25.304029802931836,25.795970197068527,1.1396142964819427,1.1617697519782122,22.204029802931473,5065.5,5132.112089408794,1_TICK_ADVERSE_ENTRY + 1_TICK_EXIT + 0.04pt_commission (family_port GC model),2026-03-05,False,STOP_HIT,False,True
GC_VWAP_V2_FROZEN,reconstructed:frozen_v2_5m_stitch,GC,2026-03-05,1772728800,1772733600,2026-03-05T16:40:00Z,2026-03-05T18:00:00Z,bullish,STOP_HIT,-1.0096580869821794,-1.0096580869821794,-14.635624263719945,UNAVAILABLE,-146.35624263719944,LOSS,4800.0,17.995624263719947,21.604375736280417,1.2414521745544893,1.4904067146906155,14.495624263719947,5062.4,5105.8868727911595,1_TICK_ADVERSE_ENTRY + 1_TICK_EXIT + 0.04pt_commission (family_port GC model),2026-03-05,False,STOP_HIT,False,True
GC_VWAP_V2_FROZEN,reconstructed:frozen_v2_5m_stitch,GC,2026-03-09,1773061200,1773061200,2026-03-09T13:00:00Z,2026-03-09T13:00:00Z,bullish,STOP_HIT,-1.047016889070803,-1.047016889070803,-3.1176534085267487,UNAVAILABLE,-31.176534085267487,LOSS,0.0,6.9776534085267485,3.2223465914730696,2.343339687737223,1.0821765159926344,2.9776534085267485,5101.0,5109.93296022558,1_TICK_ADVERSE_ENTRY + 1_TICK_EXIT + 0.04pt_commission (family_port GC model),2026-03-09,False,AMBIGUOUS,,False
GC_VWAP_V2_FROZEN,reconstructed:frozen_v2_5m_stitch,GC,2026-03-09,1773064200,1773064500,2026-03-09T13:50:00Z,2026-03-09T13:55:00Z,bullish,STOP_HIT,-1.0111302010464265,-1.0111302010464265,-12.718389142840023,UNAVAILABLE,-127.18389142840023,LOSS,300.0,14.578389142840024,1.4216108571599761,1.1590028720918097,0.1130201046426678,12.578389142840024,5077.0,5114.73516742852,1_TICK_ADVERSE_ENTRY + 1_TICK_EXIT + 0.04pt_commission (family_port GC model),2026-03-09,False,STOP_HIT,False,True
GC_VWAP_V2_FROZEN,reconstructed:frozen_v2_5m_stitch,GC,2026-03-10,1773157200,1773157500,2026-03-10T15:40:00Z,2026-03-10T15:45:00Z,bearish,STOP_HIT,-1.0354505236382952,-1.0354505236382952,-4.089165925683701,UNAVAILABLE,-40.89165925683701,LOSS,300.0,6.049165925683155,4.150834074316663,1.5317578545742898,1.0510660105014573,3.949165925683701,5246.6,5234.752502222949,1_TICK_ADVERSE_ENTRY + 1_TICK_EXIT + 0.04pt_commission (family_port GC model),2026-03-10,False,STOP_HIT,False,True
GC_VWAP_V2_FROZEN,reconstructed:frozen_v2_5m_stitch,GC,2026-03-12,1773320100,1773320100,2026-03-12T12:55:00Z,2026-03-12T12:55:00Z,bearish,STOP_HIT,-1.0246938749414876,-1.0246938749414876,-5.809422086721169,UNAVAILABLE,-58.094220867211696,LOSS,0.0,6.469422086721352,1.6305779132790121,1.1411078568085324,0.28760919337759766,5.66942208672117,5191.5,5174.4917337398365,1_TICK_ADVERSE_ENTRY + 1_TICK_EXIT + 0.04pt_commission (family_port GC model),2026-03-12,False,AMBIGUOUS,,False
GC_VWAP_V2_FROZEN,reconstructed:frozen_v2_5m_stitch,GC,2026-03-12,1773323700,1773323700,2026-03-12T13:55:00Z,2026-03-12T13:55:00Z,bullish,STOP_HIT,-1.0259895906240548,-1.0259895906240548,-5.526772035971262,UNAVAILABLE,-55.26772035971262,LOSS,0.0,7.08677203597108,1.2132279640281922,1.3155878861492047,0.2252235579910597,5.386772035971262,5153.8,5169.960316107914,1_TICK_ADVERSE_ENTRY + 1_TICK_EXIT + 0.04pt_commission (family_port GC model),2026-03-12,False,AMBIGUOUS,,False
GC_VWAP_V2_FROZEN,reconstructed:frozen_v2_5m_stitch,GC,2026-03-13,1773406500,1773406500,2026-03-13T12:55:00Z,2026-03-13T12:55:00Z,bearish,TARGET_HIT,1.9329493854968993,1.9329493854968993,4.035949796657733,UNAVAILABLE,40.35949796657733,WIN,0.0,0.3879748983290483,4.31202510167077,0.1858139667481483,2.065170948713007,2.0879748983288664,5128.5,5122.236075305013,1_TICK_ADVERSE_ENTRY + 1_TICK_EXIT + 0.04pt_commission (family_port GC model),2026-03-13,False,TARGET_3R_HIT,True,False
GC_VWAP_V2_FROZEN,reconstructed:frozen_v2_5m_stitch,GC,2026-03-13,1773409200,1773410400,2026-03-13T13:40:00Z,2026-03-13T14:00:00Z,bullish,STOP_HIT,-1.0107590313490067,-1.0107590313490067,-13.152323829033447,UNAVAILABLE,-131.52323829033446,LOSS,1200.0,16.51232382903345,8.087676170966006,1.2689757837251718,0.6215397247431366,13.012323829033448,5102.1,5141.136971487101,1_TICK_ADVERSE_ENTRY + 1_TICK_EXIT + 0.04pt_commission (family_port GC model),2026-03-13,False,STOP_HIT,False,True
GC_VWAP_V2_FROZEN,reconstructed:frozen_v2_5m_stitch,GC,2026-03-13,1773414600,1773417300,2026-03-13T15:10:00Z,2026-03-13T15:55:00Z,bullish,STOP_HIT,-1.0042502400641649,-1.0042502400641649,-33.07931587074076,UNAVAILABLE,-330.79315870740754,LOSS,2700.0,40.03931587074112,3.9606841292588797,1.215547888968366,0.12024184548341106,32.93931587074076,5039.3,5138.117947612222,1_TICK_ADVERSE_ENTRY + 1_TICK_EXIT + 0.04pt_commission (family_port GC model),2026-03-13,False,STOP_HIT,False,True
GC_VWAP_V2_FROZEN,reconstructed:frozen_v2_5m_stitch,GC,2026-03-16,1773669600,1773669600,2026-03-16T14:00:00Z,2026-03-16T14:00:00Z,bearish,STOP_HIT,-1.0506552320476312,-1.0506552320476312,-2.9037816340147766,UNAVAILABLE,-29.037816340147767,LOSS,0.0,4.063781634014958,4.2362183659852235,1.4703700118709275,1.5327616023815631,2.7637816340147765,5040.0,5031.708655097956,1_TICK_ADVERSE_ENTRY + 1_TICK_EXIT + 0.04pt_commission (family_port GC model),2026-03-16,False,AMBIGUOUS,,False
GC_VWAP_V2_FROZEN,reconstructed:frozen_v2_5m_stitch,GC,2026-03-17,1773752100,1773753300,2026-03-17T12:55:00Z,2026-03-17T13:15:00Z,bullish,TARGET_HIT,1.9521168475053832,1.9521168475053832,5.707568203273113,UNAVAILABLE,57.07568203273113,WIN,1200.0,2.6237841016363745,6.676215898363807,0.8973932446543299,2.2834161710595757,2.9237841016365564,5014.7,5023.4713523049095,1_TICK_ADVERSE_ENTRY + 1_TICK_EXIT + 0.04pt_commission (family_port GC model),2026-03-17,False,AMBIGUOUS,True,False
GC_VWAP_V2_FROZEN,reconstructed:frozen_v2_5m_stitch,GC,2026-03-17,1773755400,1773757800,2026-03-17T13:50:00Z,2026-03-17T14:30:00Z,bearish,TARGET_HIT,1.9846077243129892,1.9846077243129892,18.05094237223726,UNAVAILABLE,180.5094237223726,WIN,2400.0,2.1954711861189935,20.40452881388137,0.24138069828308492,2.2433723769058225,9.09547118611863,5036.7,5009.413586441644,1_TICK_ADVERSE_ENTRY + 1_TICK_EXIT + 0.04pt_commission (family_port GC model),2026-03-17,False,TARGET_3R_HIT,True,False
GC_VWAP_V2_FROZEN,reconstructed:frozen_v2_5m_stitch,GC,2026-03-20,1774014000,1774014600,2026-03-20T13:40:00Z,2026-03-20T13:50:00Z,bullish,STOP_HIT,-1.0137318924318905,-1.0137318924318905,-10.335244442409602,UNAVAILABLE,-103.35244442409602,LOSS,600.0,27.195244442409603,18.504755557590215,2.6674440810152977,1.8150379485375727,10.195244442409603,4637.2,4667.785733327229,1_TICK_ADVERSE_ENTRY + 1_TICK_EXIT + 0.04pt_commission (family_port GC model),2026-03-20,False,STOP_HIT,False,True
GC_VWAP_V2_FROZEN,reconstructed:frozen_v2_5m_stitch,GC,2026-03-23,1774276200,1774276200,2026-03-23T14:30:00Z,2026-03-23T14:30:00Z,bearish,TARGET_HIT,1.9886513722031731,1.9886513722031731,24.53258641421722,UNAVAILABLE,245.3258641421722,WIN,0.0,3.1362932071087926,26.863706792891207,0.2542330304942451,2.1776157831115253,12.33629320710861,4516.5,4479.491120378674,1_TICK_ADVERSE_ENTRY + 1_TICK_EXIT + 0.04pt_commission (family_port GC model),2026-03-23,False,TARGET_3R_HIT,True,False
GC_VWAP_V2_FROZEN,reconstructed:frozen_v2_5m_stitch,GC,2026-03-23,1774282200,1774287000,2026-03-23T16:10:00Z,2026-03-23T17:30:00Z,bullish,TIME_EXIT,0.9093575030476864,0.9093575030476864,26.889843594046724,UNAVAILABLE,268.89843594046727,WIN,4800.0,25.870156405952912,52.829843594046906,0.8748738441148395,1.7865933094426176,29.57015640595273,4350.8,4439.510469217858,1_TICK_ADVERSE_ENTRY + 1_TICK_EXIT + 0.04pt_commission (family_port GC model),2026-03-23,False,TARGET_1_5R_HIT,False,False
GC_VWAP_V2_FROZEN,reconstructed:frozen_v2_5m_stitch,GC,2026-03-24,1774363200,1774363200,2026-03-24T14:40:00Z,2026-03-24T14:40:00Z,bearish,STOP_HIT,-1.0271295847855182,-1.0271295847855182,-5.300418086263234,UNAVAILABLE,-53.004180862632346,LOSS,0.0,8.460418086263417,5.539581913736583,1.6394830699443927,1.0734754086074272,5.160418086263235,4418.0,4402.51874574121,1_TICK_ADVERSE_ENTRY + 1_TICK_EXIT + 0.04pt_commission (family_port GC model),2026-03-24,False,AMBIGUOUS,,False
GC_VWAP_V2_FROZEN,reconstructed:frozen_v2_5m_stitch,GC,2026-03-25,1774445100,1774445400,2026-03-25T13:25:00Z,2026-03-25T13:30:00Z,bearish,STOP_HIT,-1.0274340872635734,-1.0274340872635734,-5.243140434560373,UNAVAILABLE,-52.43140434560373,LOSS,300.0,10.903140434560555,9.296859565439263,2.1365550437766547,1.821791832824638,5.103140434560373,4570.0,4554.690578696319,1_TICK_ADVERSE_ENTRY + 1_TICK_EXIT + 0.04pt_commission (family_port GC model),2026-03-25,False,STOP_HIT,False,True
GC_VWAP_V2_FROZEN,reconstructed:frozen_v2_5m_stitch,GC,2026-03-26,1774530300,1774534800,2026-03-26T13:05:00Z,2026-03-26T14:20:00Z,bullish,TARGET_HIT,1.9911483557398386,1.9911483557398386,31.49254100260201,UNAVAILABLE,314.92541002602013,WIN,4500.0,7.316270501301005,33.48372949869827,0.46257874134734783,2.1170433001853364,15.816270501301005,4417.6,4465.048811503903,1_TICK_ADVERSE_ENTRY + 1_TICK_EXIT + 0.04pt_commission (family_port GC model),2026-03-26,False,STOP_HIT,True,True
GC_VWAP_V2_FROZEN,reconstructed:frozen_v2_5m_stitch,GC,2026-03-26,1774531800,1774531800,2026-03-26T13:30:00Z,2026-03-26T13:30:00Z,bearish,TARGET_HIT,1.9764878032105149,1.9764878032105149,11.768712848355209,UNAVAILABLE,117.68712848355209,WIN,0.0,3.5543564241779677,13.14564357582185,0.5969337693231698,2.2077354191368355,5.954356424177604,4451.2,4433.336930727467,1_TICK_ADVERSE_ENTRY + 1_TICK_EXIT + 0.04pt_commission (family_port GC model),2026-03-26,False,STOP_HIT,True,True
GC_VWAP_V2_FROZEN,reconstructed:frozen_v2_5m_stitch,GC,2026-03-26,1774533000,1774534500,2026-03-26T13:50:00Z,2026-03-26T14:15:00Z,bearish,STOP_HIT,-1.012666920192595,-1.012666920192595,-11.192410362689442,UNAVAILABLE,-111.92410362689442,LOSS,1500.0,11.052410362689443,13.04758963731092,1.0,1.180519833153931,11.052410362689443,4457.8,4424.642768911932,1_TICK_ADVERSE_ENTRY + 1_TICK_EXIT + 0.04pt_commission (family_port GC model),2026-03-26,False,STOP_HIT,False,True
GC_VWAP_V2_FROZEN,reconstructed:frozen_v2_5m_stitch,GC,2026-03-26,1774533600,1774533600,2026-03-26T14:00:00Z,2026-03-26T14:00:00Z,bearish,TARGET_HIT,1.9661123136090684,1.9661123136090684,8.122588267900356,UNAVAILABLE,81.22588267900356,WIN,0.0,0.13129413395017764,10.368705866049822,0.031780388830518695,2.50979609048937,4.131294133950178,4457.7,4445.306117598149,1_TICK_ADVERSE_ENTRY + 1_TICK_EXIT + 0.04pt_commission (family_port GC model),2026-03-26,False,AMBIGUOUS,True,False
GC_VWAP_V2_FROZEN,reconstructed:frozen_v2_5m_stitch,GC,2026-03-26,1774536000,1774536000,2026-03-26T14:40:00Z,2026-03-26T14:40:00Z,bearish,STOP_HIT,-1.0101389410782762,-1.0101389410782762,-13.948148101379628,UNAVAILABLE,-139.48148101379627,LOSS,0.0,14.208148101380175,7.191851898620371,1.0289684030808288,0.520841161741436,13.80814810137963,4476.2,4434.775555695861,1_TICK_ADVERSE_ENTRY + 1_TICK_EXIT + 0.04pt_commission (family_port GC model),2026-03-26,False,AMBIGUOUS,,False
GC_VWAP_V2_FROZEN,reconstructed:frozen_v2_5m_stitch,GC,2026-03-27,1774622400,1774622700,2026-03-27T14:40:00Z,2026-03-27T14:45:00Z,bearish,STOP_HIT,-1.0501335667207519,-1.0501335667207519,-2.9325401912816598,UNAVAILABLE,-29.3254019128166,LOSS,300.0,15.692540191281296,3.607459808718886,5.619450076411997,1.2918201929488478,2.7925401912816596,4459.6,4451.222379426155,1_TICK_ADVERSE_ENTRY + 1_TICK_EXIT + 0.04pt_commission (family_port GC model),2026-03-27,False,STOP_HIT,False,True
GC_VWAP_V2_FROZEN,reconstructed:frozen_v2_5m_stitch,GC,2026-03-30,1774879500,1774879500,2026-03-30T14:05:00Z,2026-03-30T14:05:00Z,bullish,STOP_HIT,-1.026495867523887,-1.026495867523887,-5.423842843559796,UNAVAILABLE,-54.23842843559796,LOSS,0.0,9.483842843559614,3.3161571564405676,1.7948760257165828,0.627603290753142,5.283842843559796,4520.0,4535.851528530679,1_TICK_ADVERSE_ENTRY + 1_TICK_EXIT + 0.04pt_commission (family_port GC model),2026-03-30,False,AMBIGUOUS,,False
GC_VWAP_V2_FROZEN,reconstructed:frozen_v2_5m_stitch,GC,2026-04-02,1775135100,1775136000,2026-04-02T13:05:00Z,2026-04-02T13:20:00Z,bullish,STOP_HIT,-1.0049072983945033,-1.0049072983945033,-28.668935627149622,UNAVAILABLE,-286.6893562714962,LOSS,900.0,29.02893562714962,4.77106437285056,1.0175260656946548,0.16723597526401113,28.52893562714962,4606.0,4691.586806881449,1_TICK_ADVERSE_ENTRY + 1_TICK_EXIT + 0.04pt_commission (family_port GC model),2026-04-02,False,STOP_HIT,False,True
GC_VWAP_V2_FROZEN,reconstructed:frozen_v2_5m_stitch,GC,2026-04-02,1775138100,1775138100,2026-04-02T13:55:00Z,2026-04-02T13:55:00Z,bearish,STOP_HIT,-1.012974602691276,-1.012974602691276,-10.930311143333382,UNAVAILABLE,-109.30311143333383,LOSS,0.0,19.99031114333411,0.6096888566662528,1.8526167482839266,0.05650336200387874,10.790311143333383,4669.9,4637.5290665699995,1_TICK_ADVERSE_ENTRY + 1_TICK_EXIT + 0.04pt_commission (family_port GC model),2026-04-02,False,AMBIGUOUS,,False
GC_VWAP_V2_FROZEN,reconstructed:frozen_v2_5m_stitch,GC,2026-04-02,1775140200,1775140200,2026-04-02T14:30:00Z,2026-04-02T14:30:00Z,bearish,TARGET_HIT,1.9728659688164618,1.9728659688164618,10.179144918277744,UNAVAILABLE,101.79144918277744,WIN,0.0,4.459572459138144,11.240427540861674,0.8643298440821671,2.1785579386431744,5.159572459138872,4702.6,4687.121282622584,1_TICK_ADVERSE_ENTRY + 1_TICK_EXIT + 0.04pt_commission (family_port GC model),2026-04-02,False,STOP_HIT,True,True
GC_VWAP_V2_FROZEN,reconstructed:frozen_v2_5m_stitch,GC,2026-04-06,1775484900,1775485800,2026-04-06T14:15:00Z,2026-04-06T14:30:00Z,bearish,STOP_HIT,-1.0095316050162497,-1.0095316050162497,-14.827977498157123,UNAVAILABLE,-148.27977498157122,LOSS,900.0,15.887977498157852,5.8120225018428755,1.0816994715679058,0.39569930595087716,14.687977498157125,4716.9,4672.836067505528,1_TICK_ADVERSE_ENTRY + 1_TICK_EXIT + 0.04pt_commission (family_port GC model),2026-04-06,False,STOP_HIT,False,True
GC_VWAP_V2_FROZEN,reconstructed:frozen_v2_5m_stitch,GC,2026-04-06,1775486700,1775496600,2026-04-06T14:45:00Z,2026-04-06T17:30:00Z,bearish,TIME_EXIT,1.1275155110272566,1.1275155110272566,21.548505964232717,UNAVAILABLE,215.48505964232717,WIN,9900.0,9.111494035767464,33.4885059642329,0.47675467018513357,1.7522704348262166,19.111494035767464,4724.0,4666.665517892698,1_TICK_ADVERSE_ENTRY + 1_TICK_EXIT + 0.04pt_commission (family_port GC model),2026-04-06,False,TARGET_1_5R_HIT,False,False
GC_VWAP_V2_FROZEN,reconstructed:frozen_v2_5m_stitch,GC,2026-04-07,1775566800,1775566800,2026-04-07T13:00:00Z,2026-04-07T13:00:00Z,bullish,TARGET_HIT,1.9533518182656293,1.9533518182656293,5.8623775759236745,UNAVAILABLE,58.62377575923674,WIN,0.0,1.6011887879622009,8.198811212037981,0.5335181826564126,2.7318545387496087,3.001188787961837,4671.6,4680.603566363886,1_TICK_ADVERSE_ENTRY + 1_TICK_EXIT + 0.04pt_commission (family_port GC model),2026-04-07,False,STOP_HIT,True,True
GC_VWAP_V2_FROZEN,reconstructed:frozen_v2_5m_stitch,GC,2026-04-07,1775570400,1775570400,2026-04-07T14:00:00Z,2026-04-07T14:00:00Z,bullish,STOP_HIT,-1.0251289500843648,-1.0251289500843648,-5.7112634045585216,UNAVAILABLE,-57.11263404558522,LOSS,0.0,18.77126340455834,4.528736595441842,3.3693010079543733,0.8128742560863909,5.571263404558522,4660.0,4676.713790213676,1_TICK_ADVERSE_ENTRY + 1_TICK_EXIT + 0.04pt_commission (family_port GC model),2026-04-07,False,AMBIGUOUS,,False
GC_VWAP_V2_FROZEN,reconstructed:frozen_v2_5m_stitch,GC,2026-04-07,1775571600,1775581500,2026-04-07T14:20:00Z,2026-04-07T17:05:00Z,bullish,TARGET_HIT,1.9936851127538278,1.9936851127538278,44.19966737406445,UNAVAILABLE,441.9966737406445,WIN,9900.0,13.769833687031678,45.030166312968504,0.6211067652296396,2.0311458781627194,22.169833687032224,4631.9,4698.409501061096,1_TICK_ADVERSE_ENTRY + 1_TICK_EXIT + 0.04pt_commission (family_port GC model),2026-04-07,False,TARGET_2R_HIT,True,False
GC_VWAP_V2_FROZEN,reconstructed:frozen_v2_5m_stitch,GC,2026-04-08,1775659200,1775659500,2026-04-08T14:40:00Z,2026-04-08T14:45:00Z,bullish,STOP_HIT,-1.013063913094291,-1.013063913094291,-10.856544039257313,UNAVAILABLE,-108.56544039257314,LOSS,300.0,10.716544039257315,10.583455960742867,1.0,0.9875810636314363,10.716544039257315,4776.0,4808.149632117772,1_TICK_ADVERSE_ENTRY + 1_TICK_EXIT + 0.04pt_commission (family_port GC model),2026-04-08,False,STOP_HIT,False,True
GC_VWAP_V2_FROZEN,reconstructed:frozen_v2_5m_stitch,GC,2026-04-08,1775661000,1775662500,2026-04-08T15:10:00Z,2026-04-08T15:35:00Z,bullish,TARGET_HIT,1.9852854380598401,1.9852854380598401,18.88876899351031,UNAVAILABLE,188.8876899351031,WIN,1500.0,7.2143844967558834,19.685615503244662,0.7582607681260224,2.069037204661885,9.514384496755156,4757.6,4786.143153490266,1_TICK_ADVERSE_ENTRY + 1_TICK_EXIT + 0.04pt_commission (family_port GC model),2026-04-08,False,TARGET_2R_HIT,True,False
GC_VWAP_V2_FROZEN,reconstructed:frozen_v2_5m_stitch,GC,2026-04-09,1775739900,1775739900,2026-04-09T13:05:00Z,2026-04-09T13:05:00Z,bearish,STOP_HIT,-1.0775762449345985,-1.0775762449345985,-1.9446761623745625,UNAVAILABLE,-19.446761623745626,LOSS,0.0,4.304676162374562,2.7953238376258014,2.385290088117827,1.5489337621370038,1.8046761623745624,4772.6,4767.185971512877,1_TICK_ADVERSE_ENTRY + 1_TICK_EXIT + 0.04pt_commission (family_port GC model),2026-04-09,False,AMBIGUOUS,,False
GC_VWAP_V2_FROZEN,reconstructed:frozen_v2_5m_stitch,GC,2026-04-09,1775742600,1775745300,2026-04-09T13:50:00Z,2026-04-09T14:35:00Z,bearish,TARGET_HIT,1.9842762634370563,1.9842762634370563,17.6674720903096,UNAVAILABLE,176.67472090309602,WIN,2700.0,7.903736045154801,21.39626395484538,0.8876875959789738,2.4030658418371145,8.903736045154801,4802.8,4776.088791864536,1_TICK_ADVERSE_ENTRY + 1_TICK_EXIT + 0.04pt_commission (family_port GC model),2026-04-09,False,STOP_HIT,True,True
GC_VWAP_V2_FROZEN,reconstructed:frozen_v2_5m_stitch,GC,2026-04-09,1775749200,1775750400,2026-04-09T15:40:00Z,2026-04-09T16:00:00Z,bearish,STOP_HIT,-1.0172257175122503,-1.0172257175122503,-8.267382786838096,UNAVAILABLE,-82.67382786838097,LOSS,1200.0,9.727382786838461,6.972617213161357,1.196865342997193,0.8579166745355187,8.127382786838098,4823.9,4799.517851639485,1_TICK_ADVERSE_ENTRY + 1_TICK_EXIT + 0.04pt_commission (family_port GC model),2026-04-09,False,STOP_HIT,False,True
GC_VWAP_V2_FROZEN,reconstructed:frozen_v2_5m_stitch,GC,2026-04-10,1775832000,1775837100,2026-04-10T14:40:00Z,2026-04-10T16:05:00Z,bearish,TARGET_HIT,1.9911933079084532,1.9911933079084532,31.654003592876833,UNAVAILABLE,316.54003592876836,WIN,5100.0,9.397001796438417,35.70299820356195,0.5911178671781827,2.245895085170141,15.897001796438417,4820.0,4772.308994610685,1_TICK_ADVERSE_ENTRY + 1_TICK_EXIT + 0.04pt_commission (family_port GC model),2026-04-10,False,TARGET_2R_HIT,True,False
GC_VWAP_V2_FROZEN,reconstructed:frozen_v2_5m_stitch,GC,2026-04-10,1775836500,1775836800,2026-04-10T15:55:00Z,2026-04-10T16:00:00Z,bullish,STOP_HIT,-1.0199104932991516,-1.0199104932991516,-7.1714681759273295,UNAVAILABLE,-71.71468175927329,LOSS,300.0,9.831468175927512,4.268531824072852,1.3982098659830613,0.6070612448601328,7.03146817592733,4779.3,4800.394404527782,1_TICK_ADVERSE_ENTRY + 1_TICK_EXIT + 0.04pt_commission (family_port GC model),2026-04-10,False,STOP_HIT,False,True
GC_VWAP_V2_FROZEN,reconstructed:frozen_v2_5m_stitch,GC,2026-04-10,1775837400,1775842200,2026-04-10T16:10:00Z,2026-04-10T17:30:00Z,bullish,TIME_EXIT,0.2844627368526858,0.2844627368526858,4.088232357108027,UNAVAILABLE,40.88232357108027,WIN,4800.0,4.571767642892155,10.528232357108209,0.3181075394823236,0.7325634966214489,14.371767642892337,4768.4,4811.515302928677,1_TICK_ADVERSE_ENTRY + 1_TICK_EXIT + 0.04pt_commission (family_port GC model),2026-04-10,False,EXPIRED,False,False
GC_VWAP_V2_FROZEN,reconstructed:frozen_v2_5m_stitch,GC,2026-04-13,1776093300,1776096900,2026-04-13T15:15:00Z,2026-04-13T16:15:00Z,bullish,TARGET_HIT,1.9833314507580886,1.9833314507580886,16.658102578475663,UNAVAILABLE,166.58102578475663,WIN,3600.0,6.699051289238014,21.800948710761986,0.7975961877768122,2.5956441936122885,8.399051289237832,4722.5,4747.6971538677135,1_TICK_ADVERSE_ENTRY + 1_TICK_EXIT + 0.04pt_commission (family_port GC model),2026-04-13,False,TARGET_3R_HIT,True,False
GC_VWAP_V2_FROZEN,reconstructed:frozen_v2_5m_stitch,GC,2026-04-14,1776172200,1776172200,2026-04-14T13:10:00Z,2026-04-14T13:10:00Z,bearish,STOP_HIT,-1.1034217852378785,-1.1034217852378785,-1.4936799783332755,UNAVAILABLE,-14.936799783332756,LOSS,0.0,5.653679978333457,0.14632002166672464,4.17652626087783,0.1080905561201266,1.3536799783332754,4800.3,4796.238960065,1_TICK_ADVERSE_ENTRY + 1_TICK_EXIT + 0.04pt_commission (family_port GC model),2026-04-14,False,AMBIGUOUS,,False
GC_VWAP_V2_FROZEN,reconstructed:frozen_v2_5m_stitch,GC,2026-04-15,1776259200,1776259200,2026-04-15T13:20:00Z,2026-04-15T13:20:00Z,bearish,STOP_HIT,-1.0569380940723034,-1.0569380940723034,-2.59881078882303,UNAVAILABLE,-25.9881078882303,LOSS,0.0,6.258810788823212,0.9411892111766065,2.545462553391164,0.3827822846129327,2.4588107888230297,4838.9,4831.523567633531,1_TICK_ADVERSE_ENTRY + 1_TICK_EXIT + 0.04pt_commission (family_port GC model),2026-04-15,False,AMBIGUOUS,,False
GC_VWAP_V2_FROZEN,reconstructed:frozen_v2_5m_stitch,GC,2026-04-15,1776260100,1776260100,2026-04-15T13:35:00Z,2026-04-15T13:35:00Z,bearish,STOP_HIT,-1.0226884254048272,-1.0226884254048272,-6.310547206427727,UNAVAILABLE,-63.10547206427727,LOSS,0.0,9.570547206427364,0.5294527935720907,1.5510046169743146,0.08580321580241232,6.170547206427727,4845.0,4826.488358380717,1_TICK_ADVERSE_ENTRY + 1_TICK_EXIT + 0.04pt_commission (family_port GC model),2026-04-15,False,AMBIGUOUS,,False
GC_VWAP_V2_FROZEN,reconstructed:frozen_v2_5m_stitch,GC,2026-04-15,1776260700,1776260700,2026-04-15T13:45:00Z,2026-04-15T13:45:00Z,bearish,STOP_HIT,-1.0470956095344914,-1.0470956095344914,-3.1126762512218558,UNAVAILABLE,-31.12676251221856,LOSS,0.0,3.3726762512224013,2.9273237487777806,1.1345588843844445,0.984743544667727,2.9726762512218556,4848.4,4839.481971246334,1_TICK_ADVERSE_ENTRY + 1_TICK_EXIT + 0.04pt_commission (family_port GC model),2026-04-15,False,AMBIGUOUS,,False
GC_VWAP_V2_FROZEN,reconstructed:frozen_v2_5m_stitch,GC,2026-04-15,1776261300,1776261300,2026-04-15T13:55:00Z,2026-04-15T13:55:00Z,bearish,STOP_HIT,-1.0454280578797441,-1.0454280578797441,-3.2217958445550177,UNAVAILABLE,-32.217958445550174,LOSS,0.0,6.181795844555381,0.0,2.005906995908736,0.0,3.0817958445550175,4850.4,4841.154612466335,1_TICK_ADVERSE_ENTRY + 1_TICK_EXIT + 0.04pt_commission (family_port GC model),2026-04-15,False,AMBIGUOUS,,False
GC_VWAP_V2_FROZEN,reconstructed:frozen_v2_5m_stitch,GC,2026-04-15,1776262200,1776262200,2026-04-15T14:10:00Z,2026-04-15T14:10:00Z,bearish,TARGET_HIT,1.9190552818530358,1.9190552818530358,3.319150966362358,UNAVAILABLE,33.191509663623584,WIN,0.0,0.22957548318117915,4.770424516818821,0.13273516271109764,2.75814762825191,1.7295754831811792,4853.5,4848.3112735504565,1_TICK_ADVERSE_ENTRY + 1_TICK_EXIT + 0.04pt_commission (family_port GC model),2026-04-15,False,AMBIGUOUS,True,False
GC_VWAP_V2_FROZEN,reconstructed:frozen_v2_5m_stitch,GC,2026-04-15,1776267600,1776274200,2026-04-15T15:40:00Z,2026-04-15T17:30:00Z,bullish,TIME_EXIT,0.011083258889726786,0.011083258889726786,0.1738536212973122,UNAVAILABLE,1.7385362129731219,WIN,6600.0,4.686146378702688,11.413853621297676,0.29874427189237107,0.7276391119742727,15.686146378702688,4807.9,4854.958439136108,1_TICK_ADVERSE_ENTRY + 1_TICK_EXIT + 0.04pt_commission (family_port GC model),2026-04-15,False,EXPIRED,False,False
GC_VWAP_V2_FROZEN,reconstructed:frozen_v2_5m_stitch,GC,2026-04-16,1776344700,1776344700,2026-04-16T13:05:00Z,2026-04-16T13:05:00Z,bullish,TARGET_HIT,1.9134568194704924,1.9134568194704924,3.095379128509521,UNAVAILABLE,30.95379128509521,WIN,0.0,0.21768956425512442,6.982310435744694,0.13456819470515033,4.316223946812263,1.6176895642547606,4835.3,4840.1530686927645,1_TICK_ADVERSE_ENTRY + 1_TICK_EXIT + 0.04pt_commission (family_port GC model),2026-04-16,False,AMBIGUOUS,True,False
GC_VWAP_V2_FROZEN,reconstructed:frozen_v2_5m_stitch,GC,2026-04-16,1776348300,1776350400,2026-04-16T14:05:00Z,2026-04-16T14:40:00Z,bullish,STOP_HIT,-1.009459581114185,-1.009459581114185,-14.939809664939856,UNAVAILABLE,-149.39809664939855,LOSS,2100.0,27.999809664939676,8.300190335059597,1.891903362194588,0.5608308838405137,14.799809664939858,4805.3,4849.69942899482,1_TICK_ADVERSE_ENTRY + 1_TICK_EXIT + 0.04pt_commission (family_port GC model),2026-04-16,False,STOP_HIT,False,True
GC_VWAP_V2_FROZEN,reconstructed:frozen_v2_5m_stitch,GC,2026-04-17,1776431700,1776447000,2026-04-17T13:15:00Z,2026-04-17T17:30:00Z,bearish,TIME_EXIT,0.1428107319770773,0.1428107319770773,4.668672420876974,UNAVAILABLE,46.68672420876974,WIN,15300.0,23.891327579122844,14.308672420876974,0.7308154592773424,0.43769016067780064,32.691327579123026,4917.7,4819.626017262631,1_TICK_ADVERSE_ENTRY + 1_TICK_EXIT + 0.04pt_commission (family_port GC model),2026-04-17,False,EXPIRED,False,False
GC_VWAP_V2_FROZEN,reconstructed:frozen_v2_5m_stitch,GC,2026-04-20,1776692100,1776693600,2026-04-20T13:35:00Z,2026-04-20T14:00:00Z,bearish,TARGET_HIT,1.9630593522625406,1.9630593522625406,7.439726321800991,UNAVAILABLE,74.39726321800991,WIN,1500.0,2.8898631608999494,12.310136839099869,0.7625244074019021,3.2481744898079388,3.789863160900495,4847.3,4835.930410517299,1_TICK_ADVERSE_ENTRY + 1_TICK_EXIT + 0.04pt_commission (family_port GC model),2026-04-20,False,AMBIGUOUS,True,False
GC_VWAP_V2_FROZEN,reconstructed:frozen_v2_5m_stitch,GC,2026-04-20,1776698100,1776701700,2026-04-20T15:15:00Z,2026-04-20T16:15:00Z,bullish,STOP_HIT,-1.0194761201168832,-1.0194761201168832,-7.328290026956565,UNAVAILABLE,-73.28290026956564,LOSS,3600.0,7.288290026956929,10.011709973043253,1.013911514369253,1.392780471502774,7.188290026956565,4812.6,4834.16487008087,1_TICK_ADVERSE_ENTRY + 1_TICK_EXIT + 0.04pt_commission (family_port GC model),2026-04-20,False,STOP_HIT,False,True
GC_VWAP_V2_FROZEN,reconstructed:frozen_v2_5m_stitch,GC,2026-04-21,1776777600,1776782400,2026-04-21T13:20:00Z,2026-04-21T14:40:00Z,bullish,STOP_HIT,-1.0103961029393935,-1.0103961029393935,-13.606584624658025,UNAVAILABLE,-136.06584624658024,LOSS,4800.0,29.56658462465839,23.033415375341974,2.1955518380302914,1.7104125520561893,13.466584624658026,4777.3,4817.699753873974,1_TICK_ADVERSE_ENTRY + 1_TICK_EXIT + 0.04pt_commission (family_port GC model),2026-04-21,False,STOP_HIT,False,True
GC_VWAP_V2_FROZEN,reconstructed:frozen_v2_5m_stitch,GC,2026-04-22,1776865800,1776866700,2026-04-22T13:50:00Z,2026-04-22T14:05:00Z,bearish,TARGET_HIT,1.9760958312943782,1.9760958312943782,11.573438080536436,UNAVAILABLE,115.73438080536435,WIN,900.0,3.456719040268581,12.743280959731237,0.5902142507608279,2.1758395566039717,5.856719040268217,4779.4,4761.829842879195,1_TICK_ADVERSE_ENTRY + 1_TICK_EXIT + 0.04pt_commission (family_port GC model),2026-04-22,False,TARGET_3R_HIT,True,False
GC_VWAP_V2_FROZEN,reconstructed:frozen_v2_5m_stitch,GC,2026-04-22,1776868800,1776872100,2026-04-22T14:40:00Z,2026-04-22T15:35:00Z,bullish,STOP_HIT,-1.0155787818341329,-1.0155787818341329,-9.126581973518695,UNAVAILABLE,-91.26581973518695,LOSS,3300.0,11.286581973517968,3.6134180264816678,1.2559371301321038,0.402090365072009,8.986581973518696,4746.9,4773.859745920556,1_TICK_ADVERSE_ENTRY + 1_TICK_EXIT + 0.04pt_commission (family_port GC model),2026-04-22,False,STOP_HIT,False,True
GC_VWAP_V2_FROZEN,reconstructed:frozen_v2_5m_stitch,GC,2026-04-22,1776869400,1776870300,2026-04-22T14:50:00Z,2026-04-22T15:05:00Z,bullish,TARGET_HIT,1.9387230261834578,1.9387230261834578,4.429416251499206,UNAVAILABLE,44.29416251499206,WIN,900.0,2.1847081257501486,5.115291874250033,0.9562307329884229,2.238925758874223,2.284708125749603,4750.3,4757.154124377249,1_TICK_ADVERSE_ENTRY + 1_TICK_EXIT + 0.04pt_commission (family_port GC model),2026-04-22,False,AMBIGUOUS,True,False
GC_VWAP_V2_FROZEN,reconstructed:frozen_v2_5m_stitch,GC,2026-04-22,1776873300,1776874500,2026-04-22T15:55:00Z,2026-04-22T16:15:00Z,bullish,STOP_HIT,-1.0369699799152992,-1.0369699799152992,-3.926856263399386,UNAVAILABLE,-39.26856263399386,LOSS,1200.0,4.486856263399204,6.313143736600978,1.1848498995764476,1.6671199796038187,3.786856263399386,4744.0,4755.360568790198,1_TICK_ADVERSE_ENTRY + 1_TICK_EXIT + 0.04pt_commission (family_port GC model),2026-04-22,False,STOP_HIT,False,True
GC_VWAP_V2_FROZEN,reconstructed:frozen_v2_5m_stitch,GC,2026-04-22,1776873600,1776873900,2026-04-22T16:00:00Z,2026-04-22T16:05:00Z,bullish,TARGET_HIT,1.949565444988208,1.949565444988208,5.411749191294221,UNAVAILABLE,54.11749191294221,WIN,300.0,1.6758745956467465,8.124125404353435,0.6037284963357891,2.926690354489715,2.7758745956471103,4743.2,4751.527623786941,1_TICK_ADVERSE_ENTRY + 1_TICK_EXIT + 0.04pt_commission (family_port GC model),2026-04-22,False,STOP_HIT,True,True
GC_VWAP_V2_FROZEN,reconstructed:frozen_v2_5m_stitch,GC,2026-04-22,1776875100,1776875700,2026-04-22T16:25:00Z,2026-04-22T16:35:00Z,bullish,TARGET_HIT,1.9371325598272593,1.9371325598272593,4.313815826294886,UNAVAILABLE,43.138158262948856,WIN,600.0,1.9269079131481703,5.6730920868521935,0.8652840567730249,2.5475198383187836,2.2269079131474427,4742.1,4748.780723739443,1_TICK_ADVERSE_ENTRY + 1_TICK_EXIT + 0.04pt_commission (family_port GC model),2026-04-22,False,TARGET_3R_HIT,True,False
GC_VWAP_V2_FROZEN,reconstructed:frozen_v2_5m_stitch,GC,2026-04-23,1776950400,1776952800,2026-04-23T13:20:00Z,2026-04-23T14:00:00Z,bullish,STOP_HIT,-1.0227718814491698,-1.0227718814491698,-6.287932937052246,UNAVAILABLE,-62.87932937052246,LOSS,2400.0,13.047932937052792,12.152067062947935,2.1223284428520284,1.9766102179986522,6.147932937052246,4740.8,4759.243798811157,1_TICK_ADVERSE_ENTRY + 1_TICK_EXIT + 0.04pt_commission (family_port GC model),2026-04-23,False,STOP_HIT,True,True
GC_VWAP_V2_FROZEN,reconstructed:frozen_v2_5m_stitch,GC,2026-04-23,1776960000,1776960300,2026-04-23T16:00:00Z,2026-04-23T16:05:00Z,bullish,STOP_HIT,-1.0360201010610168,-1.0360201010610168,-4.026718689735062,UNAVAILABLE,-40.26718689735062,LOSS,300.0,4.686718689735244,1.5132813102645741,1.2058291489201431,0.389346755210557,3.886718689735062,4733.3,4744.960156069205,1_TICK_ADVERSE_ENTRY + 1_TICK_EXIT + 0.04pt_commission (family_port GC model),2026-04-23,False,STOP_HIT,False,True
GC_VWAP_V2_FROZEN,reconstructed:frozen_v2_5m_stitch,GC,2026-04-23,1776960600,1776961800,2026-04-23T16:10:00Z,2026-04-23T16:30:00Z,bullish,TARGET_HIT,1.9632870149576347,1.9632870149576347,7.486729335053824,UNAVAILABLE,74.86729335053825,WIN,1200.0,1.6133646675270938,9.686635332473088,0.4230816636200209,2.5401807005138006,3.813364667526912,4732.5,4743.940094002581,1_TICK_ADVERSE_ENTRY + 1_TICK_EXIT + 0.04pt_commission (family_port GC model),2026-04-23,False,AMBIGUOUS,True,False
GC_VWAP_V2_FROZEN,reconstructed:frozen_v2_5m_stitch,GC,2026-04-24,1777040400,1777051800,2026-04-24T14:20:00Z,2026-04-24T17:30:00Z,bearish,TIME_EXIT,0.24461682349725294,0.24461682349725294,3.411932070771727,UNAVAILABLE,34.11932070771727,WIN,11400.0,7.548067929227727,12.351932070771909,0.5411550881115726,0.8855658097913582,13.948067929228273,4757.1,4715.2557962123155,1_TICK_ADVERSE_ENTRY + 1_TICK_EXIT + 0.04pt_commission (family_port GC model),2026-04-24,False,EXPIRED,False,False
GC_VWAP_V2_FROZEN,reconstructed:frozen_v2_5m_stitch,GC,2026-04-28,1777380900,1777381500,2026-04-28T12:55:00Z,2026-04-28T13:05:00Z,bearish,TARGET_HIT,1.9781569694815115,1.9781569694815115,12.678734092918022,UNAVAILABLE,126.78734092918022,WIN,600.0,6.1093670464588286,22.990632953541535,0.9531935060317815,3.587036408882714,6.4093670464590105,4613.8,4594.571898860623,1_TICK_ADVERSE_ENTRY + 1_TICK_EXIT + 0.04pt_commission (family_port GC model),2026-04-28,False,TARGET_3R_HIT,True,False
GC_VWAP_V2_FROZEN,reconstructed:frozen_v2_5m_stitch,GC,2026-04-28,1777387500,1777388100,2026-04-28T14:45:00Z,2026-04-28T14:55:00Z,bullish,TARGET_HIT,1.9743952650025396,1.9743952650025396,10.79547736493929,UNAVAILABLE,107.95477364939289,WIN,600.0,4.467738682469644,12.832261317530538,0.8171090357324238,2.3469046460966783,5.467738682469644,4570.0,4586.403216047409,1_TICK_ADVERSE_ENTRY + 1_TICK_EXIT + 0.04pt_commission (family_port GC model),2026-04-28,False,TARGET_3R_HIT,True,False
GC_VWAP_V2_FROZEN,reconstructed:frozen_v2_5m_stitch,GC,2026-04-29,1777468500,1777468800,2026-04-29T13:15:00Z,2026-04-29T13:20:00Z,bullish,STOP_HIT,-1.0285096031217316,-1.0285096031217316,-5.050626058252091,UNAVAILABLE,-50.506260582520916,LOSS,300.0,11.010626058251546,6.589373941747908,2.242204136018191,1.3418602564279465,4.910626058252092,4552.9,4567.631878174756,1_TICK_ADVERSE_ENTRY + 1_TICK_EXIT + 0.04pt_commission (family_port GC model),2026-04-29,False,STOP_HIT,False,True
GC_VWAP_V2_FROZEN,reconstructed:frozen_v2_5m_stitch,GC,2026-04-30,1777554300,1777554900,2026-04-30T13:05:00Z,2026-04-30T13:15:00Z,bearish,STOP_HIT,-1.0193536222251838,-1.0193536222251838,-7.3737879891974805,UNAVAILABLE,-73.7378798919748,LOSS,600.0,8.533787989197663,2.766212010802519,1.1797122063767318,0.38240158751312864,7.233787989197481,4657.3,4635.598636032408,1_TICK_ADVERSE_ENTRY + 1_TICK_EXIT + 0.04pt_commission (family_port GC model),2026-04-30,False,STOP_HIT,False,True
GC_VWAP_V2_FROZEN,reconstructed:frozen_v2_5m_stitch,GC,2026-04-30,1777557900,1777565700,2026-04-30T14:05:00Z,2026-04-30T16:15:00Z,bullish,STOP_HIT,-1.0136163477659201,-1.0136163477659201,-10.421758545444971,UNAVAILABLE,-104.21758545444972,LOSS,7800.0,13.581758545445155,7.1182414545546635,1.3209567687681354,0.6923175080500397,10.281758545444973,4621.3,4652.145275636335,1_TICK_ADVERSE_ENTRY + 1_TICK_EXIT + 0.04pt_commission (family_port GC model),2026-04-30,False,STOP_HIT,False,True
GC_VWAP_V2_FROZEN,reconstructed:frozen_v2_5m_stitch,GC,2026-05-01,1777645200,1777645800,2026-05-01T14:20:00Z,2026-05-01T14:30:00Z,bearish,TARGET_HIT,1.9758692277609287,1.9758692277609287,11.463441333163574,UNAVAILABLE,114.63441333163574,WIN,600.0,2.8017206665817866,16.198279333418213,0.4829120234484648,2.791978494711258,5.801720666581787,4673.0,4655.594838000255,1_TICK_ADVERSE_ENTRY + 1_TICK_EXIT + 0.04pt_commission (family_port GC model),2026-05-01,False,TARGET_3R_HIT,True,False
GC_VWAP_V2_FROZEN,reconstructed:frozen_v2_5m_stitch,GC,2026-05-04,1777902600,1777903500,2026-05-04T13:50:00Z,2026-05-04T14:05:00Z,bullish,STOP_HIT,-1.0264851731835194,-1.0264851731835194,-5.425976384972855,UNAVAILABLE,-54.25976384972855,LOSS,900.0,6.985976384972673,5.914023615026963,1.321605674371273,1.1188138546815194,5.285976384972855,4566.3,4582.157929154919,1_TICK_ADVERSE_ENTRY + 1_TICK_EXIT + 0.04pt_commission (family_port GC model),2026-05-04,False,STOP_HIT,False,True
GC_VWAP_V2_FROZEN,reconstructed:frozen_v2_5m_stitch,GC,2026-05-05,1777986000,1777986000,2026-05-05T13:00:00Z,2026-05-05T13:00:00Z,bullish,TARGET_HIT,1.961865962661753,1.961865962661753,7.202521787462829,UNAVAILABLE,72.0252178746283,WIN,0.0,0.6712608937314144,10.228739106268222,0.18284205703756318,2.786165135725858,3.6712608937314144,4572.0,4583.013782681194,1_TICK_ADVERSE_ENTRY + 1_TICK_EXIT + 0.04pt_commission (family_port GC model),2026-05-05,False,STOP_HIT,True,True
GC_VWAP_V2_FROZEN,reconstructed:frozen_v2_5m_stitch,GC,2026-05-05,1777997700,1777998000,2026-05-05T16:15:00Z,2026-05-05T16:20:00Z,bullish,STOP_HIT,-1.047644993815767,-1.047644993815767,-3.0783989541765915,UNAVAILABLE,-30.783989541765916,LOSS,300.0,3.8383989541762276,0.7616010458232267,1.3062892459583786,0.259189122273781,2.9383989541765914,4573.5,4582.31519686253,1_TICK_ADVERSE_ENTRY + 1_TICK_EXIT + 0.04pt_commission (family_port GC model),2026-05-05,False,STOP_HIT,False,True
GC_VWAP_V2_FROZEN,reconstructed:frozen_v2_5m_stitch,GC,2026-05-07,1778164200,1778164200,2026-05-07T14:30:00Z,2026-05-07T14:30:00Z,bearish,TARGET_HIT,1.9583925013511654,1.9583925013511654,6.589556188012794,UNAVAILABLE,65.89556188012794,WIN,0.0,2.6647780940065786,8.735221905993058,0.7919625067558802,2.5960766689348436,3.3647780940063967,4769.9,4759.80566571798,1_TICK_ADVERSE_ENTRY + 1_TICK_EXIT + 0.04pt_commission (family_port GC model),2026-05-07,False,STOP_HIT,True,True
GC_VWAP_V2_FROZEN,reconstructed:frozen_v2_5m_stitch,GC,2026-05-07,1778166600,1778167200,2026-05-07T15:10:00Z,2026-05-07T15:20:00Z,bearish,TARGET_HIT,1.9702139804556131,1.9702139804556131,9.260383276548383,UNAVAILABLE,92.60383276548383,WIN,600.0,1.1001916382747368,15.09980836172599,0.23407378314444716,3.212594192706218,4.700191638274191,4775.2,4761.099425085177,1_TICK_ADVERSE_ENTRY + 1_TICK_EXIT + 0.04pt_commission (family_port GC model),2026-05-07,False,TARGET_3R_HIT,True,False
GC_VWAP_V2_FROZEN,reconstructed:frozen_v2_5m_stitch,GC,2026-05-12,1778596200,1778596200,2026-05-12T14:30:00Z,2026-05-12T14:30:00Z,bullish,STOP_HIT,-1.0312809338801692,-1.0312809338801692,-4.615569704418376,UNAVAILABLE,-46.15569704418376,LOSS,0.0,8.975569704418376,4.9244302955821695,2.0054585890054413,1.100291274811488,4.475569704418376,4683.4,4696.826709113255,1_TICK_ADVERSE_ENTRY + 1_TICK_EXIT + 0.04pt_commission (family_port GC model),2026-05-12,False,AMBIGUOUS,,False
GC_VWAP_V2_FROZEN,reconstructed:frozen_v2_5m_stitch,GC,2026-05-12,1778600700,1778607000,2026-05-12T15:45:00Z,2026-05-12T17:30:00Z,bullish,TIME_EXIT,0.34521448188593484,0.34521448188593484,10.536986344634316,UNAVAILABLE,105.36986344634316,WIN,6300.0,4.423013655365139,14.07698634463486,0.14490750177244172,0.46119254486394173,30.523013655365503,4645.2,4736.769040966096,1_TICK_ADVERSE_ENTRY + 1_TICK_EXIT + 0.04pt_commission (family_port GC model),2026-05-12,False,EXPIRED,False,False
GC_VWAP_V2_FROZEN,reconstructed:frozen_v2_5m_stitch,GC,2026-05-13,1778679900,1778679900,2026-05-13T13:45:00Z,2026-05-13T13:45:00Z,bullish,STOP_HIT,-1.050950690260813,-1.050950690260813,-2.8877547268417767,UNAVAILABLE,-28.877547268417768,LOSS,0.0,6.647754726841413,2.952245273158951,2.4193406572653706,1.0744209606190769,2.7477547268417766,4679.9,4688.143264180525,1_TICK_ADVERSE_ENTRY + 1_TICK_EXIT + 0.04pt_commission (family_port GC model),2026-05-13,False,AMBIGUOUS,,False
GC_VWAP_V2_FROZEN,reconstructed:frozen_v2_5m_stitch,GC,2026-05-13,1778680800,1778681100,2026-05-13T14:00:00Z,2026-05-13T14:05:00Z,bullish,TARGET_HIT,1.964180325625635,1.964180325625635,7.676933148906174,UNAVAILABLE,76.76933148906174,WIN,300.0,0.10846657445290475,8.191533425547277,0.027751695552899164,2.095843285213082,3.9084665744530867,4676.0,4687.725399723359,1_TICK_ADVERSE_ENTRY + 1_TICK_EXIT + 0.04pt_commission (family_port GC model),2026-05-13,False,TARGET_3R_HIT,True,False
GC_VWAP_V2_FROZEN,reconstructed:frozen_v2_5m_stitch,GC,2026-05-13,1778691000,1778693400,2026-05-13T16:50:00Z,2026-05-13T17:30:00Z,bearish,TIME_EXIT,-0.1796477876183438,-0.1796477876183438,-2.4658117063032843,UNAVAILABLE,-24.658117063032844,LOSS,2400.0,5.025811706303102,5.974188293696898,0.3661577044653206,0.4352520944865897,13.72581170630292,4717.9,4676.722564881091,1_TICK_ADVERSE_ENTRY + 1_TICK_EXIT + 0.04pt_commission (family_port GC model),2026-05-13,False,EXPIRED,False,False
GC_VWAP_V2_FROZEN,reconstructed:frozen_v2_5m_stitch,GC,2026-05-14,1778764500,1778764500,2026-05-14T13:15:00Z,2026-05-14T13:15:00Z,bullish,STOP_HIT,-1.0383638450251995,-1.0383638450251995,-3.7892692509846166,UNAVAILABLE,-37.892692509846164,LOSS,0.0,8.24926925098498,4.950730749015747,2.260526336542372,1.3566361944052172,3.6492692509846165,4702.5,4713.447807752954,1_TICK_ADVERSE_ENTRY + 1_TICK_EXIT + 0.04pt_commission (family_port GC model),2026-05-14,False,AMBIGUOUS,,False
GC_VWAP_V2_FROZEN,reconstructed:frozen_v2_5m_stitch,GC,2026-05-14,1778765100,1778765100,2026-05-14T13:25:00Z,2026-05-14T13:25:00Z,bullish,STOP_HIT,-1.0191539205168445,-1.0191539205168445,-7.449208570479313,UNAVAILABLE,-74.49208570479313,LOSS,0.0,9.20920857047986,0.1907914295206865,1.259946064157251,0.02610288483095989,7.3092085704793135,4696.1,4718.027625711438,1_TICK_ADVERSE_ENTRY + 1_TICK_EXIT + 0.04pt_commission (family_port GC model),2026-05-14,False,AMBIGUOUS,,False
GC_VWAP_V2_FROZEN,reconstructed:frozen_v2_5m_stitch,GC,2026-05-15,1778852100,1778852100,2026-05-15T13:35:00Z,2026-05-15T13:35:00Z,bullish,STOP_HIT,-1.0467444642909929,-1.0467444642909929,-3.1350070478607814,UNAVAILABLE,-31.350070478607815,LOSS,0.0,12.395007047860418,4.1049929521395825,4.1385568881093935,1.3706121176147554,2.9950070478607813,4539.9,4548.885021143582,1_TICK_ADVERSE_ENTRY + 1_TICK_EXIT + 0.04pt_commission (family_port GC model),2026-05-15,False,AMBIGUOUS,,False
GC_VWAP_V2_FROZEN,reconstructed:frozen_v2_5m_stitch,GC,2026-05-15,1778853000,1778866200,2026-05-15T13:50:00Z,2026-05-15T17:30:00Z,bullish,TIME_EXIT,1.1456397389521589,1.1456397389521589,25.500904433787,UNAVAILABLE,255.00904433787,WIN,13200.0,7.059095566212818,34.84090443378682,0.31713308140551355,1.5652434902463992,22.259095566212636,4513.8,4580.577286698638,1_TICK_ADVERSE_ENTRY + 1_TICK_EXIT + 0.04pt_commission (family_port GC model),2026-05-15,False,TARGET_1_5R_HIT,False,False
GC_VWAP_V2_FROZEN,reconstructed:frozen_v2_5m_stitch,GC,2026-05-18,1779116400,1779116400,2026-05-18T15:00:00Z,2026-05-18T15:00:00Z,bullish,STOP_HIT,-1.022958810407253,-1.022958810407253,-6.237876915947381,UNAVAILABLE,-62.37876915947381,LOSS,0.0,11.997876915947927,4.202123084051891,1.9675498671628906,0.6891124799620588,6.097876915947381,4542.1,4560.3936307478425,1_TICK_ADVERSE_ENTRY + 1_TICK_EXIT + 0.04pt_commission (family_port GC model),2026-05-18,False,AMBIGUOUS,,False
GC_VWAP_V2_FROZEN,reconstructed:frozen_v2_5m_stitch,GC,2026-05-18,1779117000,1779123000,2026-05-18T15:10:00Z,2026-05-18T16:50:00Z,bullish,TARGET_HIT,1.978302141592125,1.978302141592125,12.764499362866774,UNAVAILABLE,127.64499362866773,WIN,6000.0,5.052249681432841,15.747750318566432,0.7830214159211626,2.4406604046773377,6.452249681433386,4536.2,4555.5567490443,1_TICK_ADVERSE_ENTRY + 1_TICK_EXIT + 0.04pt_commission (family_port GC model),2026-05-18,False,TARGET_3R_HIT,True,False
GC_VWAP_V2_FROZEN,reconstructed:frozen_v2_5m_stitch,GC,2026-05-20,1779284100,1779284100,2026-05-20T13:35:00Z,2026-05-20T13:35:00Z,bullish,STOP_HIT,-1.0354211687948904,-1.0354211687948904,-4.092438746747248,UNAVAILABLE,-40.92438746747248,LOSS,0.0,6.952438746747248,1.4475612532532978,1.7590250456047978,0.3662450820887742,3.952438746747248,4490.4,4502.257316240241,1_TICK_ADVERSE_ENTRY + 1_TICK_EXIT + 0.04pt_commission (family_port GC model),2026-05-20,False,AMBIGUOUS,,False
GC_VWAP_V2_FROZEN,reconstructed:frozen_v2_5m_stitch,GC,2026-05-20,1779284700,1779285300,2026-05-20T13:45:00Z,2026-05-20T13:55:00Z,bullish,STOP_HIT,-1.0385161612613099,-1.0385161612613099,-3.774837829506978,UNAVAILABLE,-37.74837829506978,LOSS,600.0,4.534837829506614,6.165162170493204,1.2476038938226057,1.696131288291735,3.634837829506978,4485.5,4496.404513488521,1_TICK_ADVERSE_ENTRY + 1_TICK_EXIT + 0.04pt_commission (family_port GC model),2026-05-20,False,STOP_HIT,False,True
GC_VWAP_V2_FROZEN,reconstructed:frozen_v2_5m_stitch,GC,2026-05-20,1779286500,1779286500,2026-05-20T14:15:00Z,2026-05-20T14:15:00Z,bullish,TARGET_HIT,1.9873881354785832,1.9873881354785832,22.061316825479807,UNAVAILABLE,220.61316825479807,WIN,0.0,1.3006584127406313,26.799341587259732,0.11716948350089787,2.414211895440626,11.100658412739904,4469.1,4502.40197523822,1_TICK_ADVERSE_ENTRY + 1_TICK_EXIT + 0.04pt_commission (family_port GC model),2026-05-20,False,TARGET_3R_HIT,True,False
GC_VWAP_V2_FROZEN,reconstructed:frozen_v2_5m_stitch,GC,2026-05-20,1779288000,1779288600,2026-05-20T14:40:00Z,2026-05-20T14:50:00Z,bearish,STOP_HIT,-1.016072360489271,-1.016072360489271,-8.850606017918507,UNAVAILABLE,-88.50606017918507,LOSS,600.0,10.310606017918872,3.6893939820811283,1.183684119877425,0.4235519290496792,8.710606017918508,4531.9,4505.768181946244,1_TICK_ADVERSE_ENTRY + 1_TICK_EXIT + 0.04pt_commission (family_port GC model),2026-05-20,False,STOP_HIT,False,True
GC_VWAP_V2_FROZEN,reconstructed:frozen_v2_5m_stitch,GC,2026-05-21,1779370200,1779370200,2026-05-21T13:30:00Z,2026-05-21T13:30:00Z,bullish,STOP_HIT,-1.0290579708425995,-1.0290579708425995,-4.957955140720187,UNAVAILABLE,-49.57955140720187,LOSS,0.0,10.617955140720369,1.4820448592799949,2.2038302206220206,0.3076086879170193,4.817955140720187,4496.0,4510.453865422161,1_TICK_ADVERSE_ENTRY + 1_TICK_EXIT + 0.04pt_commission (family_port GC model),2026-05-21,False,AMBIGUOUS,,False
GC_VWAP_V2_FROZEN,reconstructed:frozen_v2_5m_stitch,GC,2026-05-21,1779380100,1779382800,2026-05-21T16:15:00Z,2026-05-21T17:00:00Z,bearish,STOP_HIT,-1.0521893840514789,-1.0521893840514789,-2.822537886668797,UNAVAILABLE,-28.225378866687972,LOSS,2700.0,4.082537886669343,3.9174621133306573,1.5218938405149909,1.4603566767123657,2.682537886668797,4522.4,4514.352386339993,1_TICK_ADVERSE_ENTRY + 1_TICK_EXIT + 0.04pt_commission (family_port GC model),2026-05-21,False,AMBIGUOUS,False,False
GC_VWAP_V2_FROZEN,reconstructed:frozen_v2_5m_stitch,GC,2026-05-22,1779458100,1779458400,2026-05-22T13:55:00Z,2026-05-22T14:00:00Z,bullish,STOP_HIT,-1.042751961233773,-1.042751961233773,-3.414703568205041,UNAVAILABLE,-34.14703568205041,LOSS,300.0,10.074703568205223,4.125296431794595,3.0765238313547436,1.2597465223564612,3.274703568205041,4510.0,4519.824110704615,1_TICK_ADVERSE_ENTRY + 1_TICK_EXIT + 0.04pt_commission (family_port GC model),2026-05-22,False,STOP_HIT,False,True
GC_VWAP_V2_FROZEN,reconstructed:frozen_v2_5m_stitch,GC,2026-05-22,1779459600,1779463800,2026-05-22T14:20:00Z,2026-05-22T15:30:00Z,bullish,TARGET_HIT,1.987280829059181,1.987280829059181,21.87401343710313,UNAVAILABLE,218.7401343710313,WIN,4200.0,10.10700671855193,23.89299328144807,0.9182339010947684,2.170707613104119,11.007006718551565,4488.0,4521.021020155655,1_TICK_ADVERSE_ENTRY + 1_TICK_EXIT + 0.04pt_commission (family_port GC model),2026-05-22,False,TARGET_2R_HIT,True,False
GC_VWAP_V2_FROZEN,reconstructed:frozen_v2_5m_stitch,GC,2026-05-26,1779801000,1779801600,2026-05-26T13:10:00Z,2026-05-26T13:20:00Z,bearish,STOP_HIT,-1.0192474907606415,-1.0192474907606415,-7.413675397017541,UNAVAILABLE,-74.1367539701754,LOSS,600.0,10.873675397016996,0.5263246029826405,1.4949354767021332,0.072360199521476,7.273675397017541,4524.3,4502.478973808948,1_TICK_ADVERSE_ENTRY + 1_TICK_EXIT + 0.04pt_commission (family_port GC model),2026-05-26,False,STOP_HIT,False,True
GC_VWAP_V2_FROZEN,reconstructed:frozen_v2_5m_stitch,GC,2026-05-27,1779886500,1779886500,2026-05-27T12:55:00Z,2026-05-27T12:55:00Z,bullish,STOP_HIT,-1.0373918378802358,-1.0373918378802358,-3.8841326218950054,UNAVAILABLE,-38.84132621895005,LOSS,0.0,7.144132621895551,1.0558673781042671,1.9080874913772994,0.2820058701793166,3.7441326218950053,4439.1,4450.332397865685,1_TICK_ADVERSE_ENTRY + 1_TICK_EXIT + 0.04pt_commission (family_port GC model),2026-05-27,False,AMBIGUOUS,,False
GC_VWAP_V2_FROZEN,reconstructed:frozen_v2_5m_stitch,GC,2026-05-28,1779978600,1779979200,2026-05-28T14:30:00Z,2026-05-28T14:40:00Z,bearish,STOP_HIT,-1.0109697821355543,-1.0109697821355543,-12.902331855820774,UNAVAILABLE,-129.02331855820773,LOSS,600.0,12.962331855821503,4.437668144179042,1.0156711173365633,0.3477160909395304,12.762331855820776,4468.9,4430.613004432537,1_TICK_ADVERSE_ENTRY + 1_TICK_EXIT + 0.04pt_commission (family_port GC model),2026-05-28,False,STOP_HIT,False,True
GC_VWAP_V2_FROZEN,reconstructed:frozen_v2_5m_stitch,GC,2026-06-02,1780405500,1780405500,2026-06-02T13:05:00Z,2026-06-02T13:05:00Z,bullish,STOP_HIT,-1.0165118090680274,-1.0165118090680274,-8.61878021258657,UNAVAILABLE,-86.1878021258657,LOSS,0.0,8.678780212586389,3.1212197874128833,1.0235882986685894,0.3681213227793661,8.478780212586571,4542.8,4568.23634063776,1_TICK_ADVERSE_ENTRY + 1_TICK_EXIT + 0.04pt_commission (family_port GC model),2026-06-02,False,AMBIGUOUS,,False
GC_VWAP_V2_FROZEN,reconstructed:frozen_v2_5m_stitch,GC,2026-06-04,1780577700,1780580100,2026-06-04T12:55:00Z,2026-06-04T13:35:00Z,bearish,STOP_HIT,-1.0176303065306271,-1.0176303065306271,-8.080871575703567,UNAVAILABLE,-80.80871575703567,LOSS,2400.0,9.340871575703204,3.059128424296432,1.176303065306228,0.3852383702635804,7.940871575703568,4538.8,4514.9773852728895,1_TICK_ADVERSE_ENTRY + 1_TICK_EXIT + 0.04pt_commission (family_port GC model),2026-06-04,False,STOP_HIT,False,True
GC_VWAP_V2_FROZEN,reconstructed:frozen_v2_5m_stitch,GC,2026-06-08,1780924800,1780924800,2026-06-08T13:20:00Z,2026-06-08T13:20:00Z,bullish,TARGET_HIT,1.9693554674030191,1.9693554674030191,8.997029553767208,UNAVAILABLE,89.97029553767207,WIN,0.0,0.2685147768834213,10.53148522311676,0.05877507023553675,2.305231730103055,4.568514776883603,4345.7,4359.405544330651,1_TICK_ADVERSE_ENTRY + 1_TICK_EXIT + 0.04pt_commission (family_port GC model),2026-06-08,False,STOP_HIT,True,True
GC_VWAP_V2_FROZEN,reconstructed:frozen_v2_5m_stitch,GC,2026-06-08,1780928400,1780928700,2026-06-08T14:20:00Z,2026-06-08T14:25:00Z,bullish,STOP_HIT,-1.0223210975283181,-1.0223210975283181,-6.412093019726526,UNAVAILABLE,-64.12093019726525,LOSS,300.0,7.0720930197257985,1.4279069802742015,1.1275491287331312,0.22766036405762055,6.272093019726526,4341.4,4360.216279059179,1_TICK_ADVERSE_ENTRY + 1_TICK_EXIT + 0.04pt_commission (family_port GC model),2026-06-08,False,STOP_HIT,False,True
GC_VWAP_V2_FROZEN,reconstructed:frozen_v2_5m_stitch,GC,2026-06-08,1780934400,1780936500,2026-06-08T16:00:00Z,2026-06-08T16:35:00Z,bearish,STOP_HIT,-1.0344899013181352,-1.0344899013181352,-4.199159192966035,UNAVAILABLE,-41.99159192966035,LOSS,2100.0,5.059159192966035,3.7408408070341466,1.2463564379866803,0.9215802162961505,4.059159192966035,4370.0,4357.822522421102,1_TICK_ADVERSE_ENTRY + 1_TICK_EXIT + 0.04pt_commission (family_port GC model),2026-06-08,False,STOP_HIT,False,True
GC_VWAP_V2_FROZEN,reconstructed:frozen_v2_5m_stitch,GC,2026-06-09,1781012700,1781012700,2026-06-09T13:45:00Z,2026-06-09T13:45:00Z,bullish,TARGET_HIT,1.9825465965169253,1.9825465965169253,15.902716268579171,UNAVAILABLE,159.02716268579172,WIN,0.0,7.121358134289949,27.978641865710415,0.8877995490374219,3.4880180385049413,8.021358134289585,4352.6,4376.664074402869,1_TICK_ADVERSE_ENTRY + 1_TICK_EXIT + 0.04pt_commission (family_port GC model),2026-06-09,False,STOP_HIT,True,True
GC_VWAP_V2_FROZEN,reconstructed:frozen_v2_5m_stitch,GC,2026-06-09,1781015100,1781015700,2026-06-09T14:25:00Z,2026-06-09T14:35:00Z,bullish,STOP_HIT,-1.0077948037894042,-1.0077948037894042,-18.100683011714537,UNAVAILABLE,-181.00683011714537,LOSS,600.0,19.76068301171472,1.7393169882852817,1.1002189058637784,0.0968402475090086,17.960683011714536,4328.3,4382.182049035144,1_TICK_ADVERSE_ENTRY + 1_TICK_EXIT + 0.04pt_commission (family_port GC model),2026-06-09,False,STOP_HIT,False,True
GC_VWAP_V2_FROZEN,reconstructed:frozen_v2_5m_stitch,GC,2026-06-10,1781100000,1781102700,2026-06-10T14:00:00Z,2026-06-10T14:45:00Z,bearish,TARGET_HIT,1.988952096226729,1.988952096226729,25.20417440143079,UNAVAILABLE,252.0417440143079,WIN,2700.0,7.2720872007157595,36.327912799284604,0.5738665687452985,2.8667663206447735,12.672087200715396,4209.5,4171.483738397854,1_TICK_ADVERSE_ENTRY + 1_TICK_EXIT + 0.04pt_commission (family_port GC model),2026-06-10,False,TARGET_3R_HIT,True,False
GC_VWAP_V2_FROZEN,reconstructed:frozen_v2_5m_stitch,GC,2026-06-10,1781103900,1781104500,2026-06-10T15:05:00Z,2026-06-10T15:15:00Z,bullish,STOP_HIT,-1.0149396637893178,-1.0149396637893178,-9.511027485913145,UNAVAILABLE,-95.11027485913145,LOSS,600.0,13.171027485913328,2.728972514087218,1.4055051599957928,0.2912137989339487,9.371027485913146,4139.7,4167.813082457739,1_TICK_ADVERSE_ENTRY + 1_TICK_EXIT + 0.04pt_commission (family_port GC model),2026-06-10,False,STOP_HIT,False,True
GC_VWAP_V2_FROZEN,reconstructed:frozen_v2_5m_stitch,GC,2026-06-11,1781183400,1781183400,2026-06-11T13:10:00Z,2026-06-11T13:10:00Z,bearish,STOP_HIT,-1.015360921536118,-1.015360921536118,-9.254036529046642,UNAVAILABLE,-92.54036529046643,LOSS,0.0,9.614036529046643,4.48596347095372,1.0548604340575647,0.492203806365802,9.114036529046643,4106.3,4078.9578904128603,1_TICK_ADVERSE_ENTRY + 1_TICK_EXIT + 0.04pt_commission (family_port GC model),2026-06-11,False,AMBIGUOUS,,False
GC_VWAP_V2_FROZEN,reconstructed:frozen_v2_5m_stitch,GC,2026-06-11,1781187300,1781187900,2026-06-11T14:15:00Z,2026-06-11T14:25:00Z,bullish,TARGET_HIT,1.986276954654659,1.986276954654659,20.263634394100663,UNAVAILABLE,202.63634394100663,WIN,600.0,7.201817197050332,22.59818280294985,0.7059347425998385,2.2151134809084505,10.201817197050332,4072.8,4103.405451591151,1_TICK_ADVERSE_ENTRY + 1_TICK_EXIT + 0.04pt_commission (family_port GC model),2026-06-11,False,TARGET_3R_HIT,True,False
GC_VWAP_V2_FROZEN,reconstructed:frozen_v2_5m_stitch,GC,2026-06-12,1781276400,1781276400,2026-06-12T15:00:00Z,2026-06-12T15:00:00Z,bearish,STOP_HIT,-1.0450116824236557,-1.0450116824236557,-3.2503036470021835,UNAVAILABLE,-32.50303647002183,LOSS,0.0,3.6103036470021834,5.389696352997817,1.1607560086559128,1.7328521471505167,3.1103036470021834,4229.5,4220.169089058993,1_TICK_ADVERSE_ENTRY + 1_TICK_EXIT + 0.04pt_commission (family_port GC model),2026-06-12,False,AMBIGUOUS,,False
GC_VWAP_V2_FROZEN,reconstructed:frozen_v2_5m_stitch,GC,2026-06-12,1781279100,1781285400,2026-06-12T15:45:00Z,2026-06-12T17:30:00Z,bearish,TIME_EXIT,-0.37780152521160615,-0.37780152521160615,-10.601785278303977,UNAVAILABLE,-106.01785278303977,LOSS,6300.0,25.361785278304524,1.338214721696204,0.9037837410121126,0.04768815342375347,28.06178527830434,4256.8,4172.614644165087,1_TICK_ADVERSE_ENTRY + 1_TICK_EXIT + 0.04pt_commission (family_port GC model),2026-06-12,False,EXPIRED,False,False
GC_VWAP_V2_FROZEN,reconstructed:frozen_v2_5m_stitch,GC,2026-06-16,1781620500,1781625000,2026-06-16T14:35:00Z,2026-06-16T15:50:00Z,bullish,TARGET_HIT,1.9813569860067959,1.9813569860067959,14.879030726580242,UNAVAILABLE,148.79030726580243,WIN,4500.0,2.9095153632897564,18.090484636710244,0.38744382593752624,2.4090082730431113,7.50951536329012,4333.7,4356.22854608987,1_TICK_ADVERSE_ENTRY + 1_TICK_EXIT + 0.04pt_commission (family_port GC model),2026-06-16,False,TARGET_3R_HIT,True,False
GC_VWAP_V2_FROZEN,reconstructed:frozen_v2_5m_stitch,GC,2026-06-16,1781620800,1781621700,2026-06-16T14:40:00Z,2026-06-16T14:55:00Z,bullish,STOP_HIT,-1.029653987844829,-1.029653987844829,-4.861118816551097,UNAVAILABLE,-48.611188165510974,LOSS,900.0,4.7211188165510976,2.2788811834489024,1.0,0.482699392241453,4.7211188165510976,4342.3,4356.4633564496535,1_TICK_ADVERSE_ENTRY + 1_TICK_EXIT + 0.04pt_commission (family_port GC model),2026-06-16,False,STOP_HIT,False,True
GC_VWAP_V2_FROZEN,reconstructed:frozen_v2_5m_stitch,GC,2026-06-17,1781704200,1781704200,2026-06-17T13:50:00Z,2026-06-17T13:50:00Z,bearish,STOP_HIT,-1.0373240882855446,-1.0373240882855446,-3.8909288620512963,UNAVAILABLE,-38.90928862051296,LOSS,0.0,4.750928862051296,1.3490711379490676,1.2666006306110331,0.3596632161163653,3.750928862051296,4364.5,4353.247213413846,1_TICK_ADVERSE_ENTRY + 1_TICK_EXIT + 0.04pt_commission (family_port GC model),2026-06-17,False,AMBIGUOUS,,False
GC_VWAP_V2_FROZEN,reconstructed:frozen_v2_5m_stitch,GC,2026-06-17,1781706900,1781707500,2026-06-17T14:35:00Z,2026-06-17T14:45:00Z,bearish,TARGET_HIT,1.9868295430880607,1.9868295430880607,21.119702823686893,UNAVAILABLE,211.19702823686893,WIN,600.0,7.329851411843265,23.670148588156735,0.6895535156471307,2.226761943425117,10.629851411843447,4384.2,4352.3104457644695,1_TICK_ADVERSE_ENTRY + 1_TICK_EXIT + 0.04pt_commission (family_port GC model),2026-06-17,False,STOP_HIT,True,True
GC_VWAP_V2_FROZEN,reconstructed:frozen_v2_5m_stitch,GC,2026-06-18,1781797500,1781797800,2026-06-18T15:45:00Z,2026-06-18T15:50:00Z,bullish,STOP_HIT,-1.0210988784813462,-1.0210988784813462,-6.775423779694065,UNAVAILABLE,-67.75423779694064,LOSS,300.0,7.535423779694611,1.3645762203059348,1.135635647380165,0.20565019893406875,6.635423779694065,4242.6,4262.506271339083,1_TICK_ADVERSE_ENTRY + 1_TICK_EXIT + 0.04pt_commission (family_port GC model),2026-06-18,False,STOP_HIT,False,True
GC_VWAP_V2_FROZEN,reconstructed:frozen_v2_5m_stitch,GC,2026-06-18,1781798400,1781799300,2026-06-18T16:00:00Z,2026-06-18T16:15:00Z,bullish,STOP_HIT,-1.023264752450153,-1.023264752450153,-6.157687069740532,UNAVAILABLE,-61.57687069740532,LOSS,900.0,6.417687069740168,4.78231293025965,1.0664707212860909,0.7947094747261179,6.017687069740532,4241.7,4259.753061209221,1_TICK_ADVERSE_ENTRY + 1_TICK_EXIT + 0.04pt_commission (family_port GC model),2026-06-18,False,STOP_HIT,False,True
GC_VWAP_V2_FROZEN,reconstructed:frozen_v2_5m_stitch,GC,2026-06-19,1781874000,1781874000,2026-06-19T13:00:00Z,2026-06-19T13:00:00Z,bearish,STOP_HIT,-1.0188261404691454,-1.0188261404691454,-7.576468469437386,UNAVAILABLE,-75.76468469437386,LOSS,0.0,9.03646846943775,8.46353153056225,1.215155891075998,1.138111667567195,7.436468469437386,4197.9,4175.5905945916875,1_TICK_ADVERSE_ENTRY + 1_TICK_EXIT + 0.04pt_commission (family_port GC model),2026-06-19,False,AMBIGUOUS,,False
GC_VWAP_V2_FROZEN,reconstructed:frozen_v2_5m_stitch,GC,2026-06-22,1782133500,1782133500,2026-06-22T13:05:00Z,2026-06-22T13:05:00Z,bullish,STOP_HIT,-1.04910491569935,-1.04910491569935,-2.991038394142961,UNAVAILABLE,-29.91038394142961,LOSS,0.0,5.051038394142779,0.8489616058568572,1.7716486752754346,0.29777277205418345,2.851038394142961,4209.2,4217.753115182429,1_TICK_ADVERSE_ENTRY + 1_TICK_EXIT + 0.04pt_commission (family_port GC model),2026-06-22,False,AMBIGUOUS,,False
GC_VWAP_V2_FROZEN,reconstructed:frozen_v2_5m_stitch,GC,2026-06-22,1782143700,1782149400,2026-06-22T15:55:00Z,2026-06-22T17:30:00Z,bullish,TIME_EXIT,0.018890354114867062,0.018890354114867062,0.27179822657613845,UNAVAILABLE,2.7179822657613846,WIN,5700.0,9.888201773424043,9.811798226575775,0.687243752147555,0.6819335995620254,14.388201773424043,4187.7,4230.864605320272,1_TICK_ADVERSE_ENTRY + 1_TICK_EXIT + 0.04pt_commission (family_port GC model),2026-06-22,False,EXPIRED,False,False
GC_VWAP_V2_FROZEN,reconstructed:frozen_v2_5m_stitch,GC,2026-06-23,1782219900,1782220500,2026-06-23T13:05:00Z,2026-06-23T13:15:00Z,bullish,STOP_HIT,-1.022792158126703,-1.022792158126703,-6.282463527224208,UNAVAILABLE,-62.824635272242084,LOSS,600.0,7.6424635272242085,5.3575364727757915,1.244201694214675,0.8722129889791748,6.1424635272242085,4125.6,4144.027390581673,1_TICK_ADVERSE_ENTRY + 1_TICK_EXIT + 0.04pt_commission (family_port GC model),2026-06-23,False,STOP_HIT,False,True
GC_VWAP_V2_FROZEN,reconstructed:frozen_v2_5m_stitch,GC,2026-06-23,1782222000,1782222000,2026-06-23T13:40:00Z,2026-06-23T13:40:00Z,bearish,STOP_HIT,-1.0416959387875235,-1.0416959387875235,-3.497641153336772,UNAVAILABLE,-34.97641153336772,LOSS,0.0,7.557641153337499,3.142358846663228,2.250878163625923,0.9358828722778789,3.357641153336772,4142.4,4132.327076539989,1_TICK_ADVERSE_ENTRY + 1_TICK_EXIT + 0.04pt_commission (family_port GC model),2026-06-23,False,AMBIGUOUS,,False
GC_VWAP_V2_FROZEN,reconstructed:frozen_v2_5m_stitch,GC,2026-06-24,1782307800,1782309000,2026-06-24T13:30:00Z,2026-06-24T13:50:00Z,bullish,TARGET_HIT,1.9927951216948887,1.9927951216948887,38.72255785907815,UNAVAILABLE,387.22557859078154,WIN,1200.0,16.731278929539258,44.26872107046074,0.8610487755442938,2.2782196288255756,19.431278929539076,3987.3,4045.5938367886174,1_TICK_ADVERSE_ENTRY + 1_TICK_EXIT + 0.04pt_commission (family_port GC model),2026-06-24,False,TARGET_2R_HIT,True,False
GC_VWAP_V2_FROZEN,reconstructed:frozen_v2_5m_stitch,GC,2026-06-25,1782402300,1782402600,2026-06-25T15:45:00Z,2026-06-25T15:50:00Z,bearish,STOP_HIT,-1.028731866221727,-1.028731866221727,-5.012638586007724,UNAVAILABLE,-50.12638586007724,LOSS,300.0,5.5726385860075425,9.627361413992276,1.1436593311085987,1.9758004301074616,4.872638586007724,4056.9,4042.282084241977,1_TICK_ADVERSE_ENTRY + 1_TICK_EXIT + 0.04pt_commission (family_port GC model),2026-06-25,False,AMBIGUOUS,True,False
GC_VWAP_V2_FROZEN,reconstructed:frozen_v2_5m_stitch,GC,2026-06-25,1782403800,1782403800,2026-06-25T16:10:00Z,2026-06-25T16:10:00Z,bearish,TARGET_HIT,1.942238527129675,1.942238527129675,4.707521818368478,UNAVAILABLE,47.075218183684775,WIN,0.0,0.6237609091845115,6.9762390908153975,0.2573524916673608,2.878270321293109,2.4237609091842387,4058.7,4051.428717272447,1_TICK_ADVERSE_ENTRY + 1_TICK_EXIT + 0.04pt_commission (family_port GC model),2026-06-25,False,AMBIGUOUS,True,False
GC_VWAP_V2_FROZEN,reconstructed:frozen_v2_5m_stitch,GC,2026-06-26,1782480000,1782481800,2026-06-26T13:20:00Z,2026-06-26T13:50:00Z,bearish,STOP_HIT,-1.0152316649506603,-1.0152316649506603,-9.331378647934924,UNAVAILABLE,-93.31378647934925,LOSS,1800.0,12.391378647934744,12.708621352065165,1.3481523417293637,1.382667588710479,9.191378647934926,4081.3,4053.7258640561954,1_TICK_ADVERSE_ENTRY + 1_TICK_EXIT + 0.04pt_commission (family_port GC model),2026-06-26,False,STOP_HIT,False,True
GC_VWAP_V2_FROZEN,reconstructed:frozen_v2_5m_stitch,GC,2026-06-26,1782481800,1782481800,2026-06-26T13:50:00Z,2026-06-26T13:50:00Z,bearish,STOP_HIT,-1.031996839661166,-1.031996839661166,-4.515432120251389,UNAVAILABLE,-45.15432120251389,LOSS,0.0,8.475432120251298,0.4245678797487926,1.9370503043627025,0.09703450266859566,4.375432120251389,4080.4,4067.273703639246,1_TICK_ADVERSE_ENTRY + 1_TICK_EXIT + 0.04pt_commission (family_port GC model),2026-06-26,False,AMBIGUOUS,,False
GC_VWAP_V2_FROZEN,reconstructed:frozen_v2_5m_stitch,GC,2026-06-29,1782738600,1782739200,2026-06-29T13:10:00Z,2026-06-29T13:20:00Z,bearish,TARGET_HIT,1.9433361251787264,1.9433361251787264,4.801419923772628,UNAVAILABLE,48.01419923772628,WIN,600.0,0.3707099618864049,6.329290038113413,0.15004187768093136,2.5617292744799505,2.470709961886314,4066.2,4058.787870114341,1_TICK_ADVERSE_ENTRY + 1_TICK_EXIT + 0.04pt_commission (family_port GC model),2026-06-29,False,TARGET_3R_HIT,True,False
GC_VWAP_V2_FROZEN,reconstructed:frozen_v2_5m_stitch,GC,2026-06-29,1782740700,1782740700,2026-06-29T13:45:00Z,2026-06-29T13:45:00Z,bullish,STOP_HIT,-1.0557543542322458,-1.0557543542322458,-2.6510146450056165,UNAVAILABLE,-26.510146450056165,LOSS,0.0,3.3110146450053435,3.8889853549944746,1.3185963098984386,1.5487704791884145,2.5110146450056163,4048.1,4055.6330439350168,1_TICK_ADVERSE_ENTRY + 1_TICK_EXIT + 0.04pt_commission (family_port GC model),2026-06-29,False,AMBIGUOUS,,False
GC_VWAP_V2_FROZEN,reconstructed:frozen_v2_5m_stitch,GC,2026-06-29,1782741600,1782741600,2026-06-29T14:00:00Z,2026-06-29T14:00:00Z,bullish,STOP_HIT,-1.0263189413082692,-1.0263189413082692,-5.459362901425393,UNAVAILABLE,-54.59362901425393,LOSS,0.0,11.319362901425393,2.080637098574698,2.127954627497256,0.3911440405799657,5.319362901425393,4042.2,4058.158088704276,1_TICK_ADVERSE_ENTRY + 1_TICK_EXIT + 0.04pt_commission (family_port GC model),2026-06-29,False,AMBIGUOUS,,False
GC_VWAP_V2_FROZEN,reconstructed:frozen_v2_5m_stitch,GC,2026-06-29,1782742800,1782754200,2026-06-29T14:20:00Z,2026-06-29T17:30:00Z,bullish,TIME_EXIT,0.4223962900610557,0.4223962900610557,7.827893171411106,UNAVAILABLE,78.27893171411107,WIN,11400.0,1.2321068285887122,16.167893171410924,0.06648498414049611,0.8724260722730794,18.532106828588894,4012.0,4067.5963204857667,1_TICK_ADVERSE_ENTRY + 1_TICK_EXIT + 0.04pt_commission (family_port GC model),2026-06-29,False,EXPIRED,False,False
GC_VWAP_V2_FROZEN,reconstructed:frozen_v2_5m_stitch,GC,2026-06-30,1782825300,1782825300,2026-06-30T13:15:00Z,2026-06-30T13:15:00Z,bearish,STOP_HIT,-1.0439230135026705,-1.0439230135026705,-3.327395145178016,UNAVAILABLE,-33.27395145178016,LOSS,0.0,7.987395145178198,0.7126048548216204,2.5059318915201843,0.22356966185998928,3.187395145178016,4039.7,4030.1378145644658,1_TICK_ADVERSE_ENTRY + 1_TICK_EXIT + 0.04pt_commission (family_port GC model),2026-06-30,False,AMBIGUOUS,,False
GC_VWAP_V2_FROZEN,reconstructed:frozen_v2_5m_stitch,GC,2026-06-30,1782827400,1782828300,2026-06-30T13:50:00Z,2026-06-30T14:05:00Z,bearish,STOP_HIT,-1.0281671462463013,-1.0281671462463013,-5.110329573887284,UNAVAILABLE,-51.10329573887284,LOSS,900.0,17.370329573887375,4.029670426112716,3.4948043818152845,0.8107451158336608,4.970329573887284,4047.5,4032.589011278338,1_TICK_ADVERSE_ENTRY + 1_TICK_EXIT + 0.04pt_commission (family_port GC model),2026-06-30,False,STOP_HIT,False,True
GC_VWAP_V2_FROZEN,reconstructed:frozen_v2_5m_stitch,GC,2026-06-30,1782830100,1782840600,2026-06-30T14:35:00Z,2026-06-30T17:30:00Z,bearish,TIME_EXIT,1.5202408214015504,1.5202408214015504,22.837626075056832,UNAVAILABLE,228.37626075056832,WIN,10500.0,5.422373924943258,28.17762607505665,0.36095319901070644,1.8757106044518361,15.022373924943167,4078.1,4033.0328782251704,1_TICK_ADVERSE_ENTRY + 1_TICK_EXIT + 0.04pt_commission (family_port GC model),2026-06-30,False,TARGET_1_5R_HIT,False,False
GC_VWAP_V2_FROZEN,reconstructed:frozen_v2_5m_stitch,GC,2026-07-01,1782911700,1782912000,2026-07-01T13:15:00Z,2026-07-01T13:20:00Z,bullish,TARGET_HIT,1.9807977361322926,1.9807977361322926,14.44161401848429,UNAVAILABLE,144.4161401848429,WIN,300.0,3.090807009242326,22.909192990757674,0.42393208396879584,3.1422026343197653,7.290807009242144,4030.8,4052.6724210277266,1_TICK_ADVERSE_ENTRY + 1_TICK_EXIT + 0.04pt_commission (family_port GC model),2026-07-01,False,TARGET_3R_HIT,True,False
GC_VWAP_V2_FROZEN,reconstructed:frozen_v2_5m_stitch,GC,2026-07-03,1783084500,1783086300,2026-07-03T13:15:00Z,2026-07-03T13:45:00Z,bullish,STOP_HIT,-1.023279364402476,-1.023279364402476,-6.1539098980343985,UNAVAILABLE,-61.53909898034399,LOSS,1800.0,6.4139098980349445,2.1860901019654193,1.0665124697214508,0.36350562928784924,6.013909898034399,4176.1,4194.141729694104,1_TICK_ADVERSE_ENTRY + 1_TICK_EXIT + 0.04pt_commission (family_port GC model),2026-07-03,False,STOP_HIT,False,True
GC_VWAP_V2_FROZEN,reconstructed:frozen_v2_5m_stitch,GC,2026-07-07,1783429800,1783431300,2026-07-07T13:10:00Z,2026-07-07T13:35:00Z,bearish,STOP_HIT,-1.0143082742114495,-1.0143082742114495,-9.924548292202088,UNAVAILABLE,-99.24548292202088,LOSS,1500.0,10.584548292201362,9.515451707798093,1.0817615669224958,0.972497802007022,9.78454829220209,4190.6,4161.246355123394,1_TICK_ADVERSE_ENTRY + 1_TICK_EXIT + 0.04pt_commission (family_port GC model),2026-07-07,False,STOP_HIT,False,True
GC_VWAP_V2_FROZEN,reconstructed:frozen_v2_5m_stitch,GC,2026-07-07,1783434000,1783434600,2026-07-07T14:20:00Z,2026-07-07T14:30:00Z,bullish,TARGET_HIT,1.9522250688796283,1.9522250688796283,5.7208143106375795,UNAVAILABLE,57.20814310637579,WIN,600.0,2.830407155318426,5.969592844681756,0.9658750491996102,2.0371206212238255,2.9304071553187896,4161.9,4170.691221465956,1_TICK_ADVERSE_ENTRY + 1_TICK_EXIT + 0.04pt_commission (family_port GC model),2026-07-07,False,STOP_HIT,True,True
GC_VWAP_V2_FROZEN,reconstructed:frozen_v2_5m_stitch,GC,2026-07-07,1783434600,1783434600,2026-07-07T14:30:00Z,2026-07-07T14:30:00Z,bullish,TARGET_HIT,1.9064336497409173,1.9064336497409173,2.8525288228587304,UNAVAILABLE,28.525288228587304,WIN,0.0,1.2962644114295472,7.303735588570817,0.8663337853442894,4.8813134448567395,1.4962644114293653,4162.0,4166.488793234288,1_TICK_ADVERSE_ENTRY + 1_TICK_EXIT + 0.04pt_commission (family_port GC model),2026-07-07,False,STOP_HIT,True,True
GC_VWAP_V2_FROZEN,reconstructed:frozen_v2_5m_stitch,GC,2026-07-07,1783435200,1783435200,2026-07-07T14:40:00Z,2026-07-07T14:40:00Z,bullish,STOP_HIT,-1.0325383775467523,-1.0325383775467523,-4.442611579168115,UNAVAILABLE,-44.42611579168115,LOSS,0.0,7.802611579168115,1.497388420832067,1.813459438668806,0.3480184983654923,4.302611579168115,4158.0,4170.907834737504,1_TICK_ADVERSE_ENTRY + 1_TICK_EXIT + 0.04pt_commission (family_port GC model),2026-07-07,False,AMBIGUOUS,,False
GC_VWAP_V2_FROZEN,reconstructed:frozen_v2_5m_stitch,GC,2026-07-07,1783437900,1783439400,2026-07-07T15:25:00Z,2026-07-07T15:50:00Z,bullish,STOP_HIT,-1.0378727377150008,-1.0378727377150008,-3.836590435408325,UNAVAILABLE,-38.36590435408325,LOSS,1500.0,7.996590435408507,3.003409564591493,2.163234086960787,0.812481019217845,3.696590435408325,4152.6,4163.689771306225,1_TICK_ADVERSE_ENTRY + 1_TICK_EXIT + 0.04pt_commission (family_port GC model),2026-07-07,False,STOP_HIT,False,True
GC_VWAP_V2_FROZEN,reconstructed:frozen_v2_5m_stitch,GC,2026-07-07,1783438500,1783439400,2026-07-07T15:35:00Z,2026-07-07T15:50:00Z,bullish,STOP_HIT,-1.0577885232661461,-1.0577885232661461,-2.5626263639793616,UNAVAILABLE,-25.626263639793617,LOSS,900.0,6.822626363978998,4.177373636021002,2.816210731221581,1.724316096832747,2.4226263639793615,4152.7,4159.967879091938,1_TICK_ADVERSE_ENTRY + 1_TICK_EXIT + 0.04pt_commission (family_port GC model),2026-07-07,False,STOP_HIT,False,True
GC_VWAP_V2_FROZEN,reconstructed:frozen_v2_5m_stitch,GC,2026-07-07,1783440600,1783445400,2026-07-07T16:10:00Z,2026-07-07T17:30:00Z,bullish,TIME_EXIT,0.6189160544785687,0.6189160544785687,4.07534728097231,UNAVAILABLE,40.7534728097231,WIN,4800.0,2.8846527190271445,6.315347280972674,0.43808729816399816,0.9591010415360284,6.584652719027872,4146.9,4166.653958157083,1_TICK_ADVERSE_ENTRY + 1_TICK_EXIT + 0.04pt_commission (family_port GC model),2026-07-07,False,EXPIRED,False,False
GC_VWAP_V2_FROZEN,reconstructed:frozen_v2_5m_stitch,GC,2026-07-08,1783520700,1783521300,2026-07-08T14:25:00Z,2026-07-08T14:35:00Z,bullish,STOP_HIT,-1.013601479760797,-1.013601479760797,-10.432997707757876,UNAVAILABLE,-104.32997707757876,LOSS,600.0,19.392997707757786,4.107002292242214,1.8840961844518045,0.39900934682485634,10.292997707757877,4062.0,4092.8789931232736,1_TICK_ADVERSE_ENTRY + 1_TICK_EXIT + 0.04pt_commission (family_port GC model),2026-07-08,False,STOP_HIT,False,True
GC_VWAP_V2_FROZEN,reconstructed:frozen_v2_5m_stitch,GC,2026-07-10,1783690800,1783693800,2026-07-10T13:40:00Z,2026-07-10T14:30:00Z,bullish,STOP_HIT,-1.0110585397084113,-1.0110585397084113,-12.799899380160822,UNAVAILABLE,-127.99899380160822,LOSS,3000.0,24.659899380160823,12.240100619839723,1.9478748321495396,0.9668402767103377,12.659899380160823,4093.7,4131.679698140482,1_TICK_ADVERSE_ENTRY + 1_TICK_EXIT + 0.04pt_commission (family_port GC model),2026-07-10,False,STOP_HIT,False,True
GC_VWAP_V2_FROZEN,reconstructed:frozen_v2_5m_stitch,GC,2026-07-10,1783699800,1783701000,2026-07-10T16:10:00Z,2026-07-10T16:30:00Z,bearish,STOP_HIT,-1.023543558892619,-1.023543558892619,-6.0864246946918135,UNAVAILABLE,-60.864246946918136,LOSS,1200.0,6.746424694691996,1.8535753053083681,1.134534622243567,0.31171256687451143,5.946424694691814,4124.0,4106.160725915925,1_TICK_ADVERSE_ENTRY + 1_TICK_EXIT + 0.04pt_commission (family_port GC model),2026-07-10,False,STOP_HIT,False,True
GC_VWAP_V2_FROZEN,reconstructed:frozen_v2_5m_stitch,GC,2026-07-10,1783701300,1783702200,2026-07-10T16:35:00Z,2026-07-10T16:50:00Z,bearish,TARGET_HIT,1.954749615905656,1.954749615905656,6.047792780194286,UNAVAILABLE,60.47792780194286,WIN,900.0,1.893896390097325,6.706103609903039,0.6121395649056819,2.167526886604137,3.093896390097143,4124.8,4115.518310829709,1_TICK_ADVERSE_ENTRY + 1_TICK_EXIT + 0.04pt_commission (family_port GC model),2026-07-10,False,TARGET_3R_HIT,True,False
GC_VWAP_V2_FROZEN,reconstructed:frozen_v2_5m_stitch,GC,2026-07-13,1783947300,1783947300,2026-07-13T12:55:00Z,2026-07-13T12:55:00Z,bearish,STOP_HIT,-1.0806496492852595,-1.0806496492852595,-1.8759033950019695,UNAVAILABLE,-18.759033950019695,LOSS,0.0,2.1359033950016055,1.6640966049981216,1.2304275693862459,0.9586343397849244,1.7359033950019693,4074.8,4069.5922898149943,1_TICK_ADVERSE_ENTRY + 1_TICK_EXIT + 0.04pt_commission (family_port GC model),2026-07-13,False,AMBIGUOUS,,False
GC_VWAP_V2_FROZEN,reconstructed:frozen_v2_5m_stitch,GC,2026-07-13,1783950300,1783950300,2026-07-13T13:45:00Z,2026-07-13T13:45:00Z,bullish,STOP_HIT,-1.0249626274451142,-1.0249626274451142,-5.748383985532782,UNAVAILABLE,-57.48383985532782,LOSS,0.0,7.208383985532691,1.1916160144673995,1.2852871708012898,0.2124704759055828,5.608383985532782,4059.0,4075.8251519565983,1_TICK_ADVERSE_ENTRY + 1_TICK_EXIT + 0.04pt_commission (family_port GC model),2026-07-13,False,AMBIGUOUS,,False
GC_VWAP_V2_FROZEN,reconstructed:frozen_v2_5m_stitch,GC,2026-07-13,1783950900,1783950900,2026-07-13T13:55:00Z,2026-07-13T13:55:00Z,bullish,STOP_HIT,-1.0131755699805847,-1.0131755699805847,-10.765726265072443,UNAVAILABLE,-107.65726265072443,LOSS,0.0,11.525726265072535,0.17427373492728293,1.0847000927323394,0.01640111278794502,10.625726265072444,4049.9,4081.7771787952174,1_TICK_ADVERSE_ENTRY + 1_TICK_EXIT + 0.04pt_commission (family_port GC model),2026-07-13,False,AMBIGUOUS,,False
GC_VWAP_V2_FROZEN,reconstructed:frozen_v2_5m_stitch,GC,2026-07-15,1784128800,1784128800,2026-07-15T15:20:00Z,2026-07-15T15:20:00Z,bullish,STOP_HIT,-1.0449685422810457,-1.0449685422810457,-3.2532874871732385,UNAVAILABLE,-32.53287487173238,LOSS,0.0,6.713287487173147,0.38671251282676167,2.156333944369715,0.12421355702614016,3.1132874871732383,4049.5,4058.8398624615197,1_TICK_ADVERSE_ENTRY + 1_TICK_EXIT + 0.04pt_commission (family_port GC model),2026-07-15,False,AMBIGUOUS,,False
GC_VWAP_V2_FROZEN,reconstructed:frozen_v2_5m_stitch,GC,2026-07-17,1784296200,1784298000,2026-07-17T13:50:00Z,2026-07-17T14:20:00Z,bearish,STOP_HIT,-1.010908127012659,-1.010908127012659,-12.974467350584417,UNAVAILABLE,-129.74467350584416,LOSS,1800.0,13.834467350584418,3.6655326494155815,1.0779151929475643,0.2856006836348118,12.834467350584418,4007.9,3969.396597948247,1_TICK_ADVERSE_ENTRY + 1_TICK_EXIT + 0.04pt_commission (family_port GC model),2026-07-17,False,STOP_HIT,False,True
GC_VWAP_V2_FROZEN,reconstructed:frozen_v2_5m_stitch,GC,2026-07-17,1784297100,1784297100,2026-07-17T14:05:00Z,2026-07-17T14:05:00Z,bearish,STOP_HIT,-1.0373048145273351,-1.0373048145273351,-3.892866802150038,UNAVAILABLE,-38.92866802150038,LOSS,0.0,4.05286680215022,2.047133197850144,1.0799388882729093,0.5454851732753558,3.752866802150038,4004.5,3993.24139959355,1_TICK_ADVERSE_ENTRY + 1_TICK_EXIT + 0.04pt_commission (family_port GC model),2026-07-17,False,AMBIGUOUS,,False
GC_VWAP_V2_FROZEN,reconstructed:frozen_v2_5m_stitch,GC,2026-07-17,1784301000,1784302200,2026-07-17T15:10:00Z,2026-07-17T15:30:00Z,bearish,STOP_HIT,-1.0321229859211367,-1.0321229859211367,-4.498249894443361,UNAVAILABLE,-44.98249894443361,LOSS,1200.0,6.158249894443088,7.341750105556912,1.4130098189859819,1.6845638234093518,4.358249894443361,4019.4,4006.32525031667,1_TICK_ADVERSE_ENTRY + 1_TICK_EXIT + 0.04pt_commission (family_port GC model),2026-07-17,False,STOP_HIT,False,True
GC_VWAP_V2_FROZEN,reconstructed:frozen_v2_5m_stitch,GC,2026-07-20,1784553000,1784553000,2026-07-20T13:10:00Z,2026-07-20T13:10:00Z,bullish,TARGET_HIT,1.6417801988609428,1.6417801988609428,0.6416429999393222,UNAVAILABLE,6.4164299993932215,WIN,0.0,0.29082149996975204,2.809178500030157,0.7441287134723348,7.187881168892268,0.3908214999696611,4011.8,4012.972464499909,1_TICK_ADVERSE_ENTRY + 1_TICK_EXIT + 0.04pt_commission (family_port GC model),2026-07-20,False,AMBIGUOUS,True,False
GC_VWAP_V2_FROZEN,reconstructed:frozen_v2_5m_stitch,GC,2026-07-20,1784555100,1784556000,2026-07-20T13:45:00Z,2026-07-20T14:00:00Z,bearish,TARGET_HIT,1.9665186224142122,1.9665186224142122,8.222857809018352,UNAVAILABLE,82.22857809018352,WIN,900.0,0.18142890450917548,12.118571095490552,0.0433892118346257,2.898188961773835,4.1814289045091755,4021.6,4009.0557132864724,1_TICK_ADVERSE_ENTRY + 1_TICK_EXIT + 0.04pt_commission (family_port GC model),2026-07-20,False,AMBIGUOUS,True,False
GC_VWAP_V2_FROZEN,reconstructed:frozen_v2_5m_stitch,GC,2026-07-20,1784557800,1784568600,2026-07-20T14:30:00Z,2026-07-20T17:30:00Z,bullish,TIME_EXIT,0.4541881791726615,0.4541881791726615,4.516307562459461,UNAVAILABLE,45.163075624594605,WIN,10800.0,6.34369243754054,12.356307562459733,0.6379614491686388,1.2426276898721176,9.943692437540449,4001.6,4031.4310773126213,1_TICK_ADVERSE_ENTRY + 1_TICK_EXIT + 0.04pt_commission (family_port GC model),2026-07-20,False,TARGET_1R_HIT,False,False
GC_VWAP_V2_FROZEN,reconstructed:frozen_v2_5m_stitch,GC,2026-07-20,1784561400,1784561700,2026-07-20T15:30:00Z,2026-07-20T15:35:00Z,bearish,TARGET_HIT,1.94927387833249,1.94927387833249,5.379838513089781,UNAVAILABLE,53.798385130897806,WIN,300.0,0.15991925654498118,6.540080743455292,0.057943454746274776,2.3696637964846623,2.7599192565448902,4023.9,4015.6202422303654,1_TICK_ADVERSE_ENTRY + 1_TICK_EXIT + 0.04pt_commission (family_port GC model),2026-07-20,False,TARGET_3R_HIT,True,False
GC_VWAP_V2_FROZEN,reconstructed:frozen_v2_5m_stitch,GC,2026-07-21,1784641800,1784642400,2026-07-21T13:50:00Z,2026-07-21T14:00:00Z,bullish,TARGET_HIT,1.9552546439632168,1.9552546439632168,6.117632630519766,UNAVAILABLE,61.176326305197655,WIN,600.0,1.2288163152597917,9.671183684739844,0.39274159664362557,3.091003980505818,3.1288163152598827,4048.4,4057.7864489457797,1_TICK_ADVERSE_ENTRY + 1_TICK_EXIT + 0.04pt_commission (family_port GC model),2026-07-21,False,TARGET_3R_HIT,True,False
GC_VWAP_V2_FROZEN,reconstructed:frozen_v2_5m_stitch,GC,2026-07-21,1784643600,1784643900,2026-07-21T14:20:00Z,2026-07-21T14:25:00Z,bearish,STOP_HIT,-1.0366648854823246,-1.0366648854823246,-3.9583673058924798,UNAVAILABLE,-39.583673058924795,LOSS,300.0,5.018367305892298,3.381632694107793,1.314270446991306,0.8856226819481928,3.8183673058924796,4072.9,4061.4448980823227,1_TICK_ADVERSE_ENTRY + 1_TICK_EXIT + 0.04pt_commission (family_port GC model),2026-07-21,False,STOP_HIT,False,True
GC_VWAP_V2_FROZEN,reconstructed:frozen_v2_5m_stitch,GC,2026-07-21,1784644800,1784646900,2026-07-21T14:40:00Z,2026-07-21T15:15:00Z,bearish,STOP_HIT,-1.0202583640319076,-1.0202583640319076,-7.050725850295421,UNAVAILABLE,-70.5072585029542,LOSS,2100.0,11.110725850295694,4.98927414970467,1.6077509209572727,0.7219609427121737,6.910725850295421,4079.1,4058.3678224491136,1_TICK_ADVERSE_ENTRY + 1_TICK_EXIT + 0.04pt_commission (family_port GC model),2026-07-21,False,STOP_HIT,False,True
GC_VWAP_V2_FROZEN,reconstructed:frozen_v2_5m_stitch,GC,2026-07-21,1784648400,1784648400,2026-07-21T15:40:00Z,2026-07-21T15:40:00Z,bearish,STOP_HIT,-1.0393730897604598,-1.0393730897604598,-3.6957280582179375,UNAVAILABLE,-36.95728058217937,LOSS,0.0,4.7557280582177555,0.5442719417824264,1.337483626518175,0.15306905727070846,3.5557280582179374,4083.8,4073.1328158253464,1_TICK_ADVERSE_ENTRY + 1_TICK_EXIT + 0.04pt_commission (family_port GC model),2026-07-21,False,AMBIGUOUS,,False
GC_VWAP_V2_FROZEN,reconstructed:frozen_v2_5m_stitch,GC,2026-07-21,1784648400,1784651700,2026-07-21T15:40:00Z,2026-07-21T16:35:00Z,bearish,TARGET_HIT,1.9661274944139666,1.9661274944139666,8.126291352106238,UNAVAILABLE,81.26291352106237,WIN,3300.0,1.1331456760531182,8.5668543239467,0.2741605945849936,2.07272014959015,4.133145676053118,4088.0,4075.6005629718406,1_TICK_ADVERSE_ENTRY + 1_TICK_EXIT + 0.04pt_commission (family_port GC model),2026-07-21,False,TARGET_2R_HIT,True,False
GC_VWAP_V2_FROZEN,reconstructed:frozen_v2_5m_stitch,GC,2026-07-22,1784725500,1784727900,2026-07-22T13:05:00Z,2026-07-22T13:45:00Z,bullish,TARGET_HIT,1.9907062577713457,1.9907062577713457,29.98779923427479,UNAVAILABLE,299.8779923427479,WIN,2400.0,3.663899617136849,31.03610038286297,0.24322384709525188,2.0602965481497804,15.063899617137395,4110.4,4155.591698851412,1_TICK_ADVERSE_ENTRY + 1_TICK_EXIT + 0.04pt_commission (family_port GC model),2026-07-22,False,TARGET_3R_HIT,True,False
GC_VWAP_V2_FROZEN,reconstructed:frozen_v2_5m_stitch,GC,2026-07-23,1784813400,1784814300,2026-07-23T13:30:00Z,2026-07-23T13:45:00Z,bullish,STOP_HIT,-1.016473636360357,-1.016473636360357,-8.638427240806449,UNAVAILABLE,-86.38427240806449,LOSS,900.0,12.398427240806086,4.901572759193641,1.458908441467053,0.576762337348494,8.49842724080645,4056.7,4082.195281722419,1_TICK_ADVERSE_ENTRY + 1_TICK_EXIT + 0.04pt_commission (family_port GC model),2026-07-23,False,STOP_HIT,False,True
GC_VWAP_V2_FROZEN,reconstructed:frozen_v2_5m_stitch,GC,2026-07-24,1784900100,1784901300,2026-07-24T13:35:00Z,2026-07-24T13:55:00Z,bullish,TARGET_HIT,1.9825860451667923,1.9825860451667923,15.93905858731465,UNAVAILABLE,159.3905858731465,WIN,1200.0,4.839529293657051,16.360470706342767,0.6019667466695011,2.035003556644807,8.039529293657324,4047.1,4071.218587880972,1_TICK_ADVERSE_ENTRY + 1_TICK_EXIT + 0.04pt_commission (family_port GC model),2026-07-24,False,TARGET_3R_HIT,True,False
GC_VWAP_V2_FROZEN,reconstructed:frozen_v2_5m_stitch,GC,2026-07-24,1784903100,1784905800,2026-07-24T14:25:00Z,2026-07-24T15:10:00Z,bearish,STOP_HIT,-1.0353475032569484,-1.0353475032569484,-4.100675779058874,UNAVAILABLE,-41.00675779058874,LOSS,2700.0,10.960675779058874,7.639324220941035,2.7673751628474172,1.9287931270042686,3.9606757790588745,4073.0,4061.1179726628234,1_TICK_ADVERSE_ENTRY + 1_TICK_EXIT + 0.04pt_commission (family_port GC model),2026-07-24,False,STOP_HIT,True,True
GC_VWAP_V2_FROZEN,reconstructed:frozen_v2_5m_stitch,GC,2026-07-24,1784906400,1784906400,2026-07-24T15:20:00Z,2026-07-24T15:20:00Z,bearish,STOP_HIT,-1.0180163309939967,-1.0180163309939967,-7.910727571926272,UNAVAILABLE,-79.10727571926272,LOSS,0.0,8.47072757192609,0.9292724280735456,1.0900816549699601,0.11958628319834276,7.7707275719262725,4084.5,4061.187817284221,1_TICK_ADVERSE_ENTRY + 1_TICK_EXIT + 0.04pt_commission (family_port GC model),2026-07-24,False,AMBIGUOUS,,False
GC_VWAP_V2_FROZEN,reconstructed:frozen_v2_5m_stitch,GC,2026-07-27,1785160500,1785160500,2026-07-27T13:55:00Z,2026-07-27T13:55:00Z,bullish,STOP_HIT,-1.0365883843368848,-1.0365883843368848,-3.9663509727830752,UNAVAILABLE,-39.66350972783075,LOSS,0.0,9.626350972783257,4.573649027217016,2.5158044939567015,1.195303060213109,3.826350972783075,4077.4,4088.8790529183493,1_TICK_ADVERSE_ENTRY + 1_TICK_EXIT + 0.04pt_commission (family_port GC model),2026-07-27,False,AMBIGUOUS,,False
GC_VWAP_V2_FROZEN,reconstructed:frozen_v2_5m_stitch,GC,2026-07-27,1785161100,1785162300,2026-07-27T14:05:00Z,2026-07-27T14:25:00Z,bullish,STOP_HIT,-1.025069009243861,-1.025069009243861,-5.7245844819050395,UNAVAILABLE,-57.2458448190504,LOSS,1200.0,8.58458448190504,3.41541551809496,1.5371930552255924,0.611579165676777,5.58458448190504,4071.6,4088.353753445715,1_TICK_ADVERSE_ENTRY + 1_TICK_EXIT + 0.04pt_commission (family_port GC model),2026-07-27,False,STOP_HIT,False,True
GC_VWAP_V2_FROZEN,reconstructed:frozen_v2_5m_stitch,GC,2026-07-27,1785163500,1785165300,2026-07-27T14:45:00Z,2026-07-27T15:15:00Z,bullish,TARGET_HIT,1.9649706129190176,1.9649706129190176,7.853288588027099,UNAVAILABLE,78.532885880271,WIN,1800.0,1.3966442940136403,9.203355705986269,0.3494542399246365,2.3027707819211463,3.9966442940135494,4067.9,4079.8899328820407,1_TICK_ADVERSE_ENTRY + 1_TICK_EXIT + 0.04pt_commission (family_port GC model),2026-07-27,False,TARGET_3R_HIT,True,False
GC_VWAP_V2_FROZEN,reconstructed:frozen_v2_5m_stitch,GC,2026-07-27,1785170400,1785170700,2026-07-27T16:40:00Z,2026-07-27T16:45:00Z,bearish,TARGET_HIT,1.9553208671586775,1.9553208671586775,6.126907663459279,UNAVAILABLE,61.269076634592786,WIN,300.0,0.233453831730003,6.96654616827027,0.07450367685843277,2.2232802978382473,3.133453831729639,4095.7,4086.299638504811,1_TICK_ADVERSE_ENTRY + 1_TICK_EXIT + 0.04pt_commission (family_port GC model),2026-07-27,False,TARGET_3R_HIT,True,False
GC_VWAP_V2_FROZEN,reconstructed:frozen_v2_5m_stitch,GC,2026-07-28,1785246300,1785248400,2026-07-28T13:45:00Z,2026-07-28T14:20:00Z,bullish,STOP_HIT,-1.0248415144904532,-1.0248415144904532,-5.7757272441582606,UNAVAILABLE,-57.75727244158261,LOSS,2100.0,13.835727244158534,9.164272755841466,2.455002991583743,1.6261029604193027,5.635727244158261,4019.3,4036.207181732475,1_TICK_ADVERSE_ENTRY + 1_TICK_EXIT + 0.04pt_commission (family_port GC model),2026-07-28,False,STOP_HIT,False,True
GC_VWAP_V2_FROZEN,reconstructed:frozen_v2_5m_stitch,GC,2026-07-28,1785248700,1785252000,2026-07-28T14:25:00Z,2026-07-28T15:20:00Z,bullish,TARGET_HIT,1.9854448689222195,1.9854448689222195,19.097202228116075,UNAVAILABLE,190.97202228116075,WIN,3300.0,4.518601114058129,20.581398885942235,0.4697773678808637,2.139749703921244,9.618601114058038,4011.1,4039.955803342174,1_TICK_ADVERSE_ENTRY + 1_TICK_EXIT + 0.04pt_commission (family_port GC model),2026-07-28,False,TARGET_2R_HIT,True,False
GC_VWAP_V2_FROZEN,reconstructed:frozen_v2_5m_stitch,GC,2026-07-29,1785335100,1785343800,2026-07-29T14:25:00Z,2026-07-29T16:50:00Z,bullish,TARGET_HIT,1.982569261510805,1.982569261510805,15.923576432723495,UNAVAILABLE,159.23576432723496,WIN,8700.0,5.73178821636202,21.16821178363807,0.7136378676775438,2.6355540277463745,8.031788216361747,3993.8,4017.8953646490854,1_TICK_ADVERSE_ENTRY + 1_TICK_EXIT + 0.04pt_commission (family_port GC model),2026-07-29,False,TARGET_3R_HIT,True,False
GC_VWAP_V2_FROZEN,reconstructed:frozen_v2_5m_stitch,GC,2026-07-30,1785416700,1785418500,2026-07-30T13:05:00Z,2026-07-30T13:35:00Z,bullish,TARGET_HIT,1.9794715280219357,1.9794715280219357,13.499592868830733,UNAVAILABLE,134.99592868830734,WIN,1800.0,5.119796434415548,27.680203565584634,0.7507256974092436,4.058802023165893,6.819796434415366,4123.2,4143.659389303246,1_TICK_ADVERSE_ENTRY + 1_TICK_EXIT + 0.04pt_commission (family_port GC model),2026-07-30,False,TARGET_3R_HIT,True,False
GC_VWAP_V2_FROZEN,reconstructed:frozen_v2_5m_stitch,GC,2026-07-30,1785418200,1785418200,2026-07-30T13:30:00Z,2026-07-30T13:30:00Z,bearish,TARGET_HIT,1.9466957453556961,1.9466957453556961,5.112863994974178,UNAVAILABLE,51.128639949741775,WIN,0.0,0.8264319974869068,5.873568002512911,0.3146595831445925,2.2363297462613194,2.6264319974870887,4142.2,4134.320704007539,1_TICK_ADVERSE_ENTRY + 1_TICK_EXIT + 0.04pt_commission (family_port GC model),2026-07-30,False,AMBIGUOUS,True,False
GC_VWAP_V2_FROZEN,reconstructed:frozen_v2_5m_stitch,GC,2026-07-30,1785420300,1785432600,2026-07-30T14:05:00Z,2026-07-30T17:30:00Z,bearish,TIME_EXIT,0.03218033171032794,0.03218033171032794,0.6098229823959264,UNAVAILABLE,6.098229823959263,WIN,12300.0,17.050177017604256,19.34982298239629,0.8997370843430845,1.021089299821376,18.95017701760389,4180.2,4123.349468947188,1_TICK_ADVERSE_ENTRY + 1_TICK_EXIT + 0.04pt_commission (family_port GC model),2026-07-30,False,TARGET_1R_HIT,False,False
GC_VWAP_V2_FROZEN,reconstructed:frozen_v2_5m_stitch,GC,2026-07-31,1785505800,1785505800,2026-07-31T13:50:00Z,2026-07-31T13:50:00Z,bullish,STOP_HIT,-1.0199228988646105,-1.0199228988646105,-7.167089830219665,UNAVAILABLE,-71.67089830219665,LOSS,0.0,7.2270898302199384,0.0,1.0284612840923397,0.0,7.027089830219666,4078.3,4099.381269490659,1_TICK_ADVERSE_ENTRY + 1_TICK_EXIT + 0.04pt_commission (family_port GC model),2026-07-31,False,AMBIGUOUS,,False
GC_VWAP_V2_FROZEN,reconstructed:frozen_v2_5m_stitch,GC,2026-08-03,1785762600,1785762600,2026-08-03T13:10:00Z,2026-08-03T13:10:00Z,bullish,STOP_HIT,-1.1006137475048696,-1.1006137475048696,-1.5314599492800336,UNAVAILABLE,-15.314599492800337,LOSS,0.0,4.191459949279761,2.6085400507199665,3.0122749500971966,1.8746785001391324,1.3914599492800335,4096.4,4100.57437984784,1_TICK_ADVERSE_ENTRY + 1_TICK_EXIT + 0.04pt_commission (family_port GC model),2026-08-03,False,AMBIGUOUS,,False
GC_VWAP_V2_FROZEN,reconstructed:frozen_v2_5m_stitch,GC,2026-08-05,1785935400,1785936600,2026-08-05T13:10:00Z,2026-08-05T13:30:00Z,bullish,TARGET_HIT,1.9734414212466593,1.9734414212466593,10.402732824691485,UNAVAILABLE,104.02732824691485,WIN,1200.0,3.071366412345924,15.828633587653712,0.5826509053046789,3.0027572263962616,5.271366412345742,4243.1,4258.914099237038,1_TICK_ADVERSE_ENTRY + 1_TICK_EXIT + 0.04pt_commission (family_port GC model),2026-08-05,False,TARGET_3R_HIT,True,False
GC_VWAP_V2_FROZEN,reconstructed:frozen_v2_5m_stitch,GC,2026-08-05,1785942900,1785943200,2026-08-05T15:15:00Z,2026-08-05T15:20:00Z,bearish,STOP_HIT,-1.0305252126948188,-1.0305252126948188,-4.726372629068137,UNAVAILABLE,-47.26372629068137,LOSS,300.0,7.186372629068501,5.113627370931681,1.5668968071895706,1.1149611652838318,4.586372629068137,4320.0,4306.240882112796,1_TICK_ADVERSE_ENTRY + 1_TICK_EXIT + 0.04pt_commission (family_port GC model),2026-08-05,False,STOP_HIT,False,True
GC_VWAP_V2_FROZEN,reconstructed:frozen_v2_5m_stitch,GC,2026-08-10,1786368000,1786368600,2026-08-10T13:20:00Z,2026-08-10T13:30:00Z,bearish,STOP_HIT,-1.0328851941361679,-1.0328851941361679,-4.397235016472805,UNAVAILABLE,-43.97235016472805,LOSS,600.0,4.857235016472259,4.442764983527923,1.140936546297734,1.043579921319174,4.257235016472805,4396.6,4383.828294950582,1_TICK_ADVERSE_ENTRY + 1_TICK_EXIT + 0.04pt_commission (family_port GC model),2026-08-10,False,STOP_HIT,False,True
GC_VWAP_V2_FROZEN,reconstructed:frozen_v2_5m_stitch,GC,2026-08-10,1786373400,1786374300,2026-08-10T14:50:00Z,2026-08-10T15:05:00Z,bearish,STOP_HIT,-1.0159959324241692,-1.0159959324241692,-8.89222502118504,UNAVAILABLE,-88.9222502118504,LOSS,900.0,9.25222502118504,0.14777497881550516,1.057128330086319,0.016884275536541978,8.75222502118504,4411.3,4385.043324936445,1_TICK_ADVERSE_ENTRY + 1_TICK_EXIT + 0.04pt_commission (family_port GC model),2026-08-10,False,STOP_HIT,False,True
GC_VWAP_V2_FROZEN,reconstructed:frozen_v2_5m_stitch,GC,2026-08-10,1786378500,1786379400,2026-08-10T16:15:00Z,2026-08-10T16:30:00Z,bearish,TARGET_HIT,1.956229038764061,1.956229038764061,6.256935139046036,UNAVAILABLE,62.56935139046036,WIN,900.0,2.698467569523018,12.701532430476618,0.8436751384430751,3.9711305975100997,3.198467569523018,4424.5,4414.904597291431,1_TICK_ADVERSE_ENTRY + 1_TICK_EXIT + 0.04pt_commission (family_port GC model),2026-08-10,False,TARGET_3R_HIT,True,False
GC_VWAP_V2_FROZEN,reconstructed:frozen_v2_5m_stitch,GC,2026-08-11,1786454400,1786454400,2026-08-11T13:20:00Z,2026-08-11T13:20:00Z,bearish,STOP_HIT,-1.045612633836456,-1.045612633836456,-3.209325058096183,UNAVAILABLE,-32.09325058096183,LOSS,0.0,3.269325058096001,3.430674941903817,1.065160905480592,1.1177294281211678,3.069325058096183,4459.7,4450.492024825711,1_TICK_ADVERSE_ENTRY + 1_TICK_EXIT + 0.04pt_commission (family_port GC model),2026-08-11,False,AMBIGUOUS,,False
GC_VWAP_V2_FROZEN,reconstructed:frozen_v2_5m_stitch,GC,2026-08-11,1786456800,1786456800,2026-08-11T14:00:00Z,2026-08-11T14:00:00Z,bullish,STOP_HIT,-1.0321075824253723,-1.0321075824253723,-4.500340748961789,UNAVAILABLE,-45.00340748961789,LOSS,0.0,7.360340748961789,2.0396592510387563,1.6880196234008338,0.46777519658857064,4.360340748961789,4442.9,4455.981022246885,1_TICK_ADVERSE_ENTRY + 1_TICK_EXIT + 0.04pt_commission (family_port GC model),2026-08-11,False,AMBIGUOUS,,False
GC_VWAP_V2_FROZEN,reconstructed:frozen_v2_5m_stitch,GC,2026-08-11,1786457400,1786459200,2026-08-11T14:10:00Z,2026-08-11T14:40:00Z,bullish,TARGET_HIT,1.9697448131457178,1.9697448131457178,9.11461149351213,UNAVAILABLE,91.1461149351213,WIN,1800.0,3.927305746755337,10.272694253244481,0.8487240657284302,2.2200163152058994,4.627305746756065,4439.9,4453.781917240268,1_TICK_ADVERSE_ENTRY + 1_TICK_EXIT + 0.04pt_commission (family_port GC model),2026-08-11,False,STOP_HIT,True,True
GC_VWAP_V2_FROZEN,reconstructed:frozen_v2_5m_stitch,GC,2026-08-11,1786463700,1786469400,2026-08-11T15:55:00Z,2026-08-11T17:30:00Z,bullish,TIME_EXIT,-0.019261499423964854,-0.019261499423964854,-0.2407838407476811,UNAVAILABLE,-2.4078384074768113,LOSS,5700.0,5.200783840748045,4.999216159251773,0.4160366187434815,0.399912215340934,12.500783840748227,4428.2,4465.7023515222445,1_TICK_ADVERSE_ENTRY + 1_TICK_EXIT + 0.04pt_commission (family_port GC model),2026-08-11,False,EXPIRED,False,False
GC_VWAP_V2_FROZEN,reconstructed:frozen_v2_5m_stitch,GC,2026-08-13,1786626300,1786627200,2026-08-13T13:05:00Z,2026-08-13T13:20:00Z,bearish,TARGET_HIT,1.9672128652178493,1.9672128652178493,8.399935003787833,UNAVAILABLE,83.99935003787833,WIN,900.0,0.16996750189355225,10.230032498106084,0.03980533852263847,2.395810388151343,4.269967501893916,4459.0,4446.190097494318,1_TICK_ADVERSE_ENTRY + 1_TICK_EXIT + 0.04pt_commission (family_port GC model),2026-08-13,False,TARGET_3R_HIT,True,False
GC_VWAP_V2_FROZEN,reconstructed:frozen_v2_5m_stitch,GC,2026-08-14,1786714200,1786714200,2026-08-14T13:30:00Z,2026-08-14T13:30:00Z,bearish,STOP_HIT,-1.0445904915095634,-1.0445904915095634,-3.279682817130961,UNAVAILABLE,-32.796828171309606,LOSS,0.0,8.239682817131325,0.0,2.6243679049913515,0.0,3.1396828171309608,4443.9,4434.480951548607,1_TICK_ADVERSE_ENTRY + 1_TICK_EXIT + 0.04pt_commission (family_port GC model),2026-08-14,False,AMBIGUOUS,,False
GC_VWAP_V2_FROZEN,reconstructed:frozen_v2_5m_stitch,GC,2026-08-14,1786715100,1786728600,2026-08-14T13:45:00Z,2026-08-14T17:30:00Z,bearish,TIME_EXIT,0.9335890886393737,0.9335890886393737,8.575008160551407,UNAVAILABLE,85.75008160551407,WIN,13500.0,8.884991839448958,9.215008160551406,0.9673380221513431,1.0032679747164661,9.18499183944914,4454.6,4427.045024481653,1_TICK_ADVERSE_ENTRY + 1_TICK_EXIT + 0.04pt_commission (family_port GC model),2026-08-14,False,TARGET_1R_HIT,False,False
